sep=;



Timestamp;RMS velocitz spectrum ISO 10816 Y [mm/s];RMS acceleration Y [mg];RMS acceleration envelope Y [mg];RMS raw data with frequencz brands Y [mg];Kurtosis method Y [[1]];Peak to peak Y [mg];Crest factor Y [[1]];Analog raw input Y [mg];
2026 02 03 08:01:17:674;0,315;16;4;15,6555;3,5627;78,6743;5,0253;7,8125;
2026 02 03 08:01:17:676;0,315;16;4;15,6555;3,5627;78,6743;5,0253;7,8125;
2026 02 03 08:01:17:678;0,315;16;4;15,6555;3,5627;78,6743;5,0253;3,9063;
2026 02 03 08:01:17:680;0,315;16;4;15,6555;3,5627;78,6743;5,0253;39,0625;
2026 02 03 08:01:17:682;0,315;16;4;15,6555;3,5627;78,6743;5,0253;35,1563;
2026 02 03 08:01:17:684;0,315;16;4;15,6555;3,5627;78,6743;5,0253;15,625;
2026 02 03 08:01:17:686;0,315;16;4;15,6555;3,5627;78,6743;5,0253;-11,7187;
2026 02 03 08:01:17:688;0,315;16;4;15,6555;3,5627;78,6743;5,0253;-11,7187;
2026 02 03 08:01:17:690;0,315;16;4;15,6555;3,5627;78,6743;5,0253;-46,875;
2026 02 03 08:01:17:692;0,315;16;4;15,6555;3,5627;78,6743;5,0253;3,9063;
2026 02 03 08:01:17:694;0,315;16;4;15,6555;3,5627;78,6743;5,0253;7,8125;
2026 02 03 08:01:17:696;0,315;16;4;15,6555;3,5627;78,6743;5,0253;7,8125;
2026 02 03 08:01:17:698;0,315;16;4;15,6555;3,5627;78,6743;5,0253;3,9063;
2026 02 03 08:01:17:700;0,315;16;4;15,6555;3,5627;78,6743;5,0253;58,5938;
2026 02 03 08:01:17:702;0,315;16;4;15,6555;3,5627;78,6743;5,0253;23,4375;
2026 02 03 08:01:17:704;0,315;16;4;15,6555;3,5627;78,6743;5,0253;11,7188;
2026 02 03 08:01:17:706;0,315;16;4;15,6555;3,5627;78,6743;5,0253;-11,7187;
2026 02 03 08:01:17:708;0,315;16;4;15,6555;3,5627;78,6743;5,0253;-11,7187;
2026 02 03 08:01:17:710;0,315;16;4;15,6555;3,5627;78,6743;5,0253;-58,5937;
2026 02 03 08:01:17:712;0,315;16;4;15,6555;3,5627;78,6743;5,0253;7,8125;
2026 02 03 08:01:17:714;0,315;16;4;15,6555;3,5627;78,6743;5,0253;3,9063;
2026 02 03 08:01:17:716;0,315;16;4;15,6555;3,5627;78,6743;5,0253;3,9063;
2026 02 03 08:01:17:718;0,315;16;4;15,6555;3,5627;78,6743;5,0253;3,9063;
2026 02 03 08:01:17:720;0,315;16;4;15,6555;3,5627;78,6743;5,0253;62,5;
2026 02 03 08:01:17:722;0,315;16;4;15,6555;3,5627;78,6743;5,0253;19,5313;
2026 02 03 08:01:17:724;0,315;16;4;15,6555;3,5627;78,6743;5,0253;15,625;
2026 02 03 08:01:17:726;0,315;16;4;15,6555;3,5627;78,6743;5,0253;-7,8125;
2026 02 03 08:01:17:728;0,315;16;4;15,6555;3,5627;78,6743;5,0253;-3,9062;
2026 02 03 08:01:17:730;0,315;16;4;15,6555;3,5627;78,6743;5,0253;-62,5;
2026 02 03 08:01:17:732;0,315;16;4;15,6555;3,5627;78,6743;5,0253;7,8125;
2026 02 03 08:01:17:734;0,315;16;4;15,6555;3,5627;78,6743;5,0253;7,8125;
2026 02 03 08:01:17:736;0,315;16;4;15,6555;3,5627;78,6743;5,0253;7,8125;
2026 02 03 08:01:17:738;0,315;16;4;15,6555;3,5627;78,6743;5,0253;7,8125;
2026 02 03 08:01:17:740;0,315;16;4;15,6555;3,5627;78,6743;5,0253;62,5;
2026 02 03 08:01:17:742;0,315;16;4;15,6555;3,5627;78,6743;5,0253;15,625;
2026 02 03 08:01:17:744;0,315;16;4;15,6555;3,5627;78,6743;5,0253;11,7188;
2026 02 03 08:01:17:746;0,315;16;4;15,6555;3,5627;78,6743;5,0253;-11,7187;
2026 02 03 08:01:17:748;0,315;16;4;15,6555;3,5627;78,6743;5,0253;-7,8125;
2026 02 03 08:01:17:750;0,315;16;4;15,6555;3,5627;78,6743;5,0253;-50,7812;
2026 02 03 08:01:17:752;0,315;16;4;15,6555;3,5627;78,6743;5,0253;7,8125;
2026 02 03 08:01:17:754;0,315;16;4;15,6555;3,5627;78,6743;5,0253;7,8125;
2026 02 03 08:01:17:756;0,315;16;4;15,6555;3,5627;78,6743;5,0253;7,8125;
2026 02 03 08:01:17:758;0,315;16;4;15,6555;3,5627;78,6743;5,0253;7,8125;
2026 02 03 08:01:17:760;0,315;16;4;15,6555;3,5627;78,6743;5,0253;54,6875;
2026 02 03 08:01:17:762;0,315;16;4;15,6555;3,5627;78,6743;5,0253;11,7188;
2026 02 03 08:01:17:764;0,315;16;4;15,6555;3,5627;78,6743;5,0253;11,7188;
2026 02 03 08:01:17:766;0,315;16;4;15,6555;3,5627;78,6743;5,0253;-11,7187;
2026 02 03 08:01:17:768;0,315;16;4;15,6555;3,5627;78,6743;5,0253;-7,8125;
2026 02 03 08:01:17:770;0,315;16;4;15,6555;3,5627;78,6743;5,0253;-50,7812;
2026 02 03 08:01:17:772;0,315;16;4;15,6555;3,5627;78,6743;5,0253;7,8125;
2026 02 03 08:01:17:774;0,315;16;4;15,6555;3,5627;78,6743;5,0253;3,9063;
2026 02 03 08:01:17:776;0,315;16;4;15,6555;3,5627;78,6743;5,0253;7,8125;
2026 02 03 08:01:17:778;0,315;16;5;16,1743;4,6198;88,3331;5,4613;7,8125;
2026 02 03 08:01:17:780;0,315;16;5;16,1743;4,6198;88,3331;5,4613;50,7813;
2026 02 03 08:01:17:782;0,315;16;5;16,1743;4,6198;88,3331;5,4613;7,8125;
2026 02 03 08:01:17:784;0,315;16;5;16,1743;4,6198;88,3331;5,4613;11,7188;
2026 02 03 08:01:17:786;0,315;16;5;16,1743;4,6198;88,3331;5,4613;-7,8125;
2026 02 03 08:01:17:788;0,315;16;5;16,1743;4,6198;88,3331;5,4613;-7,8125;
2026 02 03 08:01:17:790;0,315;16;5;16,1743;4,6198;88,3331;5,4613;-42,9687;
2026 02 03 08:01:17:792;0,315;16;5;16,1743;4,6198;88,3331;5,4613;7,8125;
2026 02 03 08:01:17:794;0,315;16;5;16,1743;4,6198;88,3331;5,4613;7,8125;
2026 02 03 08:01:17:796;0,315;16;5;16,1743;4,6198;88,3331;5,4613;7,8125;
2026 02 03 08:01:17:798;0,315;16;5;16,1743;4,6198;88,3331;5,4613;7,8125;
2026 02 03 08:01:17:800;0,315;16;5;16,1743;4,6198;88,3331;5,4613;39,0625;
2026 02 03 08:01:17:802;0,315;16;5;16,1743;4,6198;88,3331;5,4613;11,7188;
2026 02 03 08:01:17:804;0,315;16;5;16,1743;4,6198;88,3331;5,4613;11,7188;
2026 02 03 08:01:17:806;0,315;16;5;16,1743;4,6198;88,3331;5,4613;-7,8125;
2026 02 03 08:01:17:808;0,315;16;5;16,1743;4,6198;88,3331;5,4613;-11,7187;
2026 02 03 08:01:17:810;0,315;16;5;16,1743;4,6198;88,3331;5,4613;-39,0625;
2026 02 03 08:01:17:812;0,315;16;5;16,1743;4,6198;88,3331;5,4613;7,8125;
2026 02 03 08:01:17:814;0,315;16;5;16,1743;4,6198;88,3331;5,4613;7,8125;
2026 02 03 08:01:17:816;0,315;16;5;16,1743;4,6198;88,3331;5,4613;7,8125;
2026 02 03 08:01:17:818;0,315;16;5;16,1743;4,6198;88,3331;5,4613;7,8125;
2026 02 03 08:01:17:820;0,315;16;5;16,1743;4,6198;88,3331;5,4613;35,1563;
2026 02 03 08:01:17:822;0,315;16;5;16,1743;4,6198;88,3331;5,4613;7,8125;
2026 02 03 08:01:17:824;0,315;16;5;16,1743;4,6198;88,3331;5,4613;11,7188;
2026 02 03 08:01:17:826;0,315;16;5;16,1743;4,6198;88,3331;5,4613;-3,9062;
2026 02 03 08:01:17:828;0,315;16;5;16,1743;4,6198;88,3331;5,4613;-11,7187;
2026 02 03 08:01:17:830;0,315;16;5;16,1743;4,6198;88,3331;5,4613;-35,1562;
2026 02 03 08:01:17:832;0,315;16;5;16,1743;4,6198;88,3331;5,4613;7,8125;
2026 02 03 08:01:17:834;0,315;16;5;16,1743;4,6198;88,3331;5,4613;7,8125;
2026 02 03 08:01:17:836;0,315;16;5;16,1743;4,6198;88,3331;5,4613;3,9063;
2026 02 03 08:01:17:838;0,315;16;5;16,1743;4,6198;88,3331;5,4613;7,8125;
2026 02 03 08:01:17:840;0,315;16;5;16,1743;4,6198;88,3331;5,4613;27,3438;
2026 02 03 08:01:17:842;0,315;16;5;16,1743;4,6198;88,3331;5,4613;7,8125;
2026 02 03 08:01:17:844;0,315;16;5;16,1743;4,6198;88,3331;5,4613;7,8125;
2026 02 03 08:01:17:846;0,315;16;5;16,1743;4,6198;88,3331;5,4613;-3,9062;
2026 02 03 08:01:17:848;0,315;16;5;16,1743;4,6198;88,3331;5,4613;-15,625;
2026 02 03 08:01:17:850;0,315;16;5;16,1743;4,6198;88,3331;5,4613;-19,5312;
2026 02 03 08:01:17:852;0,315;16;5;16,1743;4,6198;88,3331;5,4613;7,8125;
2026 02 03 08:01:17:854;0,315;16;5;16,1743;4,6198;88,3331;5,4613;3,9063;
2026 02 03 08:01:17:856;0,315;16;5;16,1743;4,6198;88,3331;5,4613;7,8125;
2026 02 03 08:01:17:858;0,315;16;5;16,1743;4,6198;88,3331;5,4613;7,8125;
2026 02 03 08:01:17:860;0,315;16;5;16,1743;4,6198;88,3331;5,4613;19,5313;
2026 02 03 08:01:17:862;0,315;16;5;16,1743;4,6198;88,3331;5,4613;19,5313;
2026 02 03 08:01:17:864;0,315;16;5;16,1743;4,6198;88,3331;5,4613;11,7188;
2026 02 03 08:01:17:866;0,315;16;5;16,1743;4,6198;88,3331;5,4613;-3,9062;
2026 02 03 08:01:17:868;0,315;16;5;16,1743;4,6198;88,3331;5,4613;-11,7187;
2026 02 03 08:01:17:870;0,315;16;5;16,1743;4,6198;88,3331;5,4613;-11,7187;
2026 02 03 08:01:17:872;0,315;16;5;16,1743;4,6198;88,3331;5,4613;3,9063;
2026 02 03 08:01:17:874;0,315;16;5;16,1743;4,6198;88,3331;5,4613;3,9063;
2026 02 03 08:01:17:876;0,315;16;5;16,1743;4,6198;88,3331;5,4613;7,8125;
2026 02 03 08:01:17:878;0,315;16;5;16,1743;4,6198;88,3331;5,4613;7,8125;
2026 02 03 08:01:17:880;0,315;16;5;16,1743;4,6198;88,3331;5,4613;19,5313;
2026 02 03 08:01:17:882;0,315;16;5;16,1743;4,6198;88,3331;5,4613;19,5313;
2026 02 03 08:01:17:884;0,315;16;5;16,1743;4,6198;88,3331;5,4613;11,7188;
2026 02 03 08:01:17:886;0,315;16;5;16,1743;4,6198;88,3331;5,4613;0;
2026 02 03 08:01:17:888;0,315;16;5;16,1743;4,6198;88,3331;5,4613;-15,625;
2026 02 03 08:01:17:890;0,315;16;5;16,1743;4,6198;88,3331;5,4613;-7,8125;
2026 02 03 08:01:17:892;0,315;16;5;16,1743;4,6198;88,3331;5,4613;3,9063;
2026 02 03 08:01:17:894;0,315;16;5;16,1743;4,6198;88,3331;5,4613;7,8125;
2026 02 03 08:01:17:896;0,315;16;5;16,1743;4,6198;88,3331;5,4613;7,8125;
2026 02 03 08:01:17:898;0,315;16;5;16,1743;4,6198;88,3331;5,4613;7,8125;
2026 02 03 08:01:17:900;0,315;16;5;16,1743;4,6198;88,3331;5,4613;15,625;
2026 02 03 08:01:17:902;0,315;16;5;16,1743;4,6198;88,3331;5,4613;23,4375;
2026 02 03 08:01:17:904;0,315;16;5;16,1743;4,6198;88,3331;5,4613;7,8125;
2026 02 03 08:01:17:906;0,315;16;5;16,1743;4,6198;88,3331;5,4613;-3,9062;
2026 02 03 08:01:17:908;0,315;16;5;16,1743;4,6198;88,3331;5,4613;-15,625;
2026 02 03 08:01:17:910;0,315;16;5;16,1743;4,6198;88,3331;5,4613;-15,625;
2026 02 03 08:01:17:912;0,315;16;5;16,1743;4,6198;88,3331;5,4613;7,8125;
2026 02 03 08:01:17:914;0,315;16;5;16,1743;4,6198;88,3331;5,4613;3,9063;
2026 02 03 08:01:17:916;0,315;16;5;16,1743;4,6198;88,3331;5,4613;7,8125;
2026 02 03 08:01:17:918;0,315;16;5;16,1743;4,6198;88,3331;5,4613;7,8125;
2026 02 03 08:01:17:920;0,315;16;5;16,1743;4,6198;88,3331;5,4613;15,625;
2026 02 03 08:01:17:922;0,315;16;5;16,1743;4,6198;88,3331;5,4613;27,3438;
2026 02 03 08:01:17:924;0,315;16;5;16,1743;4,6198;88,3331;5,4613;7,8125;
2026 02 03 08:01:17:926;0,315;16;5;16,1743;4,6198;88,3331;5,4613;-3,9062;
2026 02 03 08:01:17:928;0,315;16;5;16,1743;4,6198;88,3331;5,4613;-11,7187;
2026 02 03 08:01:17:930;0,315;16;5;16,1743;4,6198;88,3331;5,4613;-15,625;
2026 02 03 08:01:17:932;0,315;16;5;16,1743;4,6198;88,3331;5,4613;7,8125;
2026 02 03 08:01:17:934;0,315;16;5;16,1743;4,6198;88,3331;5,4613;7,8125;
2026 02 03 08:01:17:936;0,315;16;5;16,1743;4,6198;88,3331;5,4613;3,9063;
2026 02 03 08:01:17:938;0,315;16;5;16,1743;4,6198;88,3331;5,4613;7,8125;
2026 02 03 08:01:17:940;0,315;16;5;16,1743;4,6198;88,3331;5,4613;19,5313;
2026 02 03 08:01:17:942;0,315;16;5;16,1743;4,6198;88,3331;5,4613;23,4375;
2026 02 03 08:01:17:944;0,315;16;5;16,1743;4,6198;88,3331;5,4613;7,8125;
2026 02 03 08:01:17:946;0,315;16;5;16,1743;4,6198;88,3331;5,4613;-3,9062;
2026 02 03 08:01:17:948;0,315;16;5;16,1743;4,6198;88,3331;5,4613;-11,7187;
2026 02 03 08:01:17:950;0,315;16;5;16,1743;4,6198;88,3331;5,4613;-15,625;
2026 02 03 08:01:17:952;0,315;16;5;16,1743;4,6198;88,3331;5,4613;7,8125;
2026 02 03 08:01:17:954;0,315;16;5;16,1743;4,6198;88,3331;5,4613;7,8125;
2026 02 03 08:01:17:956;0,315;16;5;16,1743;4,6198;88,3331;5,4613;7,8125;
2026 02 03 08:01:17:958;0,315;16;5;16,1743;4,6198;88,3331;5,4613;7,8125;
2026 02 03 08:01:17:960;0,315;16;5;16,1743;4,6198;88,3331;5,4613;23,4375;
2026 02 03 08:01:17:962;0,315;16;5;16,1743;4,6198;88,3331;5,4613;27,3438;
2026 02 03 08:01:17:964;0,315;16;5;16,1743;4,6198;88,3331;5,4613;7,8125;
2026 02 03 08:01:17:966;0,315;16;5;16,1743;4,6198;88,3331;5,4613;-7,8125;
2026 02 03 08:01:17:968;0,315;16;5;16,1743;4,6198;88,3331;5,4613;-15,625;
2026 02 03 08:01:17:970;0,315;16;5;16,1743;4,6198;88,3331;5,4613;-23,4375;
2026 02 03 08:01:17:972;0,315;16;5;16,1743;4,6198;88,3331;5,4613;7,8125;
2026 02 03 08:01:17:974;0,315;16;5;16,1743;4,6198;88,3331;5,4613;3,9063;
2026 02 03 08:01:17:976;0,315;16;5;16,1743;4,6198;88,3331;5,4613;7,8125;
2026 02 03 08:01:17:978;0,315;16;5;16,1743;4,6198;88,3331;5,4613;7,8125;
2026 02 03 08:01:17:980;0,315;16;5;16,1743;4,6198;88,3331;5,4613;31,25;
2026 02 03 08:01:17:982;0,315;16;5;16,1743;4,6198;88,3331;5,4613;23,4375;
2026 02 03 08:01:17:984;0,315;16;5;16,1743;4,6198;88,3331;5,4613;7,8125;
2026 02 03 08:01:17:986;0,315;16;5;16,1743;4,6198;88,3331;5,4613;-3,9062;
2026 02 03 08:01:17:988;0,315;16;5;16,1743;4,6198;88,3331;5,4613;-11,7187;
2026 02 03 08:01:17:990;0,315;16;5;16,1743;4,6198;88,3331;5,4613;-27,3437;
2026 02 03 08:01:17:992;0,315;16;5;16,1743;4,6198;88,3331;5,4613;7,8125;
2026 02 03 08:01:17:994;0,315;16;5;16,1743;4,6198;88,3331;5,4613;7,8125;
2026 02 03 08:01:17:996;0,315;16;5;16,1743;4,6198;88,3331;5,4613;7,8125;
2026 02 03 08:01:17:998;0,315;16;5;16,1743;4,6198;88,3331;5,4613;7,8125;
2026 02 03 08:01:18:000;0,315;16;5;16,1743;4,6198;88,3331;5,4613;35,1563;
2026 02 03 08:01:18:002;0,315;16;5;16,1743;4,6198;88,3331;5,4613;23,4375;
2026 02 03 08:01:18:004;0,315;16;5;16,1743;4,6198;88,3331;5,4613;11,7188;
2026 02 03 08:01:18:006;0,315;16;5;16,1743;4,6198;88,3331;5,4613;-7,8125;
2026 02 03 08:01:18:008;0,315;16;5;16,1743;4,6198;88,3331;5,4613;-11,7187;
2026 02 03 08:01:18:010;0,315;16;5;16,1743;4,6198;88,3331;5,4613;-27,3437;
2026 02 03 08:01:18:012;0,315;16;5;16,1743;4,6198;88,3331;5,4613;7,8125;
2026 02 03 08:01:18:014;0,315;16;5;16,1743;4,6198;88,3331;5,4613;7,8125;
2026 02 03 08:01:18:016;0,315;16;5;16,1743;4,6198;88,3331;5,4613;3,9063;
2026 02 03 08:01:18:018;0,315;16;5;16,1743;4,6198;88,3331;5,4613;7,8125;
2026 02 03 08:01:18:020;0,315;16;5;16,1743;4,6198;88,3331;5,4613;35,1563;
2026 02 03 08:01:18:022;0,315;16;5;16,1743;4,6198;88,3331;5,4613;23,4375;
2026 02 03 08:01:18:024;0,315;16;5;16,1743;4,6198;88,3331;5,4613;11,7188;
2026 02 03 08:01:18:026;0,315;16;5;16,1743;4,6198;88,3331;5,4613;-11,7187;
2026 02 03 08:01:18:028;0,315;16;5;16,1743;4,6198;88,3331;5,4613;-11,7187;
2026 02 03 08:01:18:030;0,315;16;5;16,1743;4,6198;88,3331;5,4613;-35,1562;
2026 02 03 08:01:18:032;0,315;16;5;16,1743;4,6198;88,3331;5,4613;7,8125;
2026 02 03 08:01:18:034;0,315;16;5;16,1743;4,6198;88,3331;5,4613;3,9063;
2026 02 03 08:01:18:036;0,315;16;5;16,1743;4,6198;88,3331;5,4613;7,8125;
2026 02 03 08:01:18:038;0,315;16;5;16,1743;4,6198;88,3331;5,4613;7,8125;
2026 02 03 08:01:18:040;0,315;16;5;16,1743;4,6198;88,3331;5,4613;35,1563;
2026 02 03 08:01:18:042;0,315;16;5;16,1743;4,6198;88,3331;5,4613;15,625;
2026 02 03 08:01:18:044;0,315;16;5;16,1743;4,6198;88,3331;5,4613;7,8125;
2026 02 03 08:01:18:046;0,315;16;5;16,1743;4,6198;88,3331;5,4613;-11,7187;
2026 02 03 08:01:18:048;0,315;16;5;16,1743;4,6198;88,3331;5,4613;-7,8125;
2026 02 03 08:01:18:050;0,315;16;5;16,1743;4,6198;88,3331;5,4613;-31,25;
2026 02 03 08:01:18:052;0,315;16;5;16,1743;4,6198;88,3331;5,4613;7,8125;
2026 02 03 08:01:18:054;0,315;16;5;16,1743;4,6198;88,3331;5,4613;3,9063;
2026 02 03 08:01:18:056;0,315;16;5;16,1743;4,6198;88,3331;5,4613;7,8125;
2026 02 03 08:01:18:058;0,315;16;5;16,1743;4,6198;88,3331;5,4613;7,8125;
2026 02 03 08:01:18:060;0,315;16;5;16,1743;4,6198;88,3331;5,4613;39,0625;
2026 02 03 08:01:18:062;0,315;16;5;16,1743;4,6198;88,3331;5,4613;19,5313;
2026 02 03 08:01:18:064;0,315;16;5;16,1743;4,6198;88,3331;5,4613;11,7188;
2026 02 03 08:01:18:066;0,315;16;5;16,1743;4,6198;88,3331;5,4613;-11,7187;
2026 02 03 08:01:18:068;0,315;16;5;16,1743;4,6198;88,3331;5,4613;-11,7187;
2026 02 03 08:01:18:070;0,315;16;5;16,1743;4,6198;88,3331;5,4613;-31,25;
2026 02 03 08:01:18:072;0,315;16;5;16,1743;4,6198;88,3331;5,4613;7,8125;
2026 02 03 08:01:18:074;0,315;16;5;16,1743;4,6198;88,3331;5,4613;7,8125;
2026 02 03 08:01:18:076;0,315;16;5;16,1743;4,6198;88,3331;5,4613;7,8125;
2026 02 03 08:01:18:078;0,315;16;5;16,1743;4,6198;88,3331;5,4613;7,8125;
2026 02 03 08:01:18:080;0,314;16;6;16,5253;5,4481;88,4705;5,3536;39,0625;
2026 02 03 08:01:18:082;0,314;16;6;16,5253;5,4481;88,4705;5,3536;19,5313;
2026 02 03 08:01:18:084;0,314;16;6;16,5253;5,4481;88,4705;5,3536;11,7188;
2026 02 03 08:01:18:086;0,314;16;6;16,5253;5,4481;88,4705;5,3536;-7,8125;
2026 02 03 08:01:18:088;0,314;16;6;16,5253;5,4481;88,4705;5,3536;-11,7187;
2026 02 03 08:01:18:090;0,314;16;6;16,5253;5,4481;88,4705;5,3536;-31,25;
2026 02 03 08:01:18:092;0,314;16;6;16,5253;5,4481;88,4705;5,3536;7,8125;
2026 02 03 08:01:18:094;0,314;16;6;16,5253;5,4481;88,4705;5,3536;7,8125;
2026 02 03 08:01:18:096;0,314;16;6;16,5253;5,4481;88,4705;5,3536;7,8125;
2026 02 03 08:01:18:098;0,314;16;6;16,5253;5,4481;88,4705;5,3536;7,8125;
2026 02 03 08:01:18:100;0,314;16;6;16,5253;5,4481;88,4705;5,3536;39,0625;
2026 02 03 08:01:18:102;0,314;16;6;16,5253;5,4481;88,4705;5,3536;15,625;
2026 02 03 08:01:18:104;0,314;16;6;16,5253;5,4481;88,4705;5,3536;11,7188;
2026 02 03 08:01:18:106;0,314;16;6;16,5253;5,4481;88,4705;5,3536;-11,7187;
2026 02 03 08:01:18:108;0,314;16;6;16,5253;5,4481;88,4705;5,3536;-11,7187;
2026 02 03 08:01:18:110;0,314;16;6;16,5253;5,4481;88,4705;5,3536;-27,3437;
2026 02 03 08:01:18:112;0,314;16;6;16,5253;5,4481;88,4705;5,3536;7,8125;
2026 02 03 08:01:18:114;0,314;16;6;16,5253;5,4481;88,4705;5,3536;7,8125;
2026 02 03 08:01:18:116;0,314;16;6;16,5253;5,4481;88,4705;5,3536;7,8125;
2026 02 03 08:01:18:118;0,314;16;6;16,5253;5,4481;88,4705;5,3536;7,8125;
2026 02 03 08:01:18:120;0,314;16;6;16,5253;5,4481;88,4705;5,3536;35,1563;
2026 02 03 08:01:18:122;0,314;16;6;16,5253;5,4481;88,4705;5,3536;23,4375;
2026 02 03 08:01:18:124;0,314;16;6;16,5253;5,4481;88,4705;5,3536;11,7188;
2026 02 03 08:01:18:126;0,314;16;6;16,5253;5,4481;88,4705;5,3536;-11,7187;
2026 02 03 08:01:18:128;0,314;16;6;16,5253;5,4481;88,4705;5,3536;-7,8125;
2026 02 03 08:01:18:130;0,314;16;6;16,5253;5,4481;88,4705;5,3536;-27,3437;
2026 02 03 08:01:18:132;0,314;16;6;16,5253;5,4481;88,4705;5,3536;7,8125;
2026 02 03 08:01:18:134;0,314;16;6;16,5253;5,4481;88,4705;5,3536;7,8125;
2026 02 03 08:01:18:136;0,314;16;6;16,5253;5,4481;88,4705;5,3536;7,8125;
2026 02 03 08:01:18:138;0,314;16;6;16,5253;5,4481;88,4705;5,3536;3,9063;
2026 02 03 08:01:18:140;0,314;16;6;16,5253;5,4481;88,4705;5,3536;35,1563;
2026 02 03 08:01:18:142;0,314;16;6;16,5253;5,4481;88,4705;5,3536;19,5313;
2026 02 03 08:01:18:144;0,314;16;6;16,5253;5,4481;88,4705;5,3536;11,7188;
2026 02 03 08:01:18:146;0,314;16;6;16,5253;5,4481;88,4705;5,3536;-7,8125;
2026 02 03 08:01:18:148;0,314;16;6;16,5253;5,4481;88,4705;5,3536;-11,7187;
2026 02 03 08:01:18:150;0,314;16;6;16,5253;5,4481;88,4705;5,3536;-27,3437;
2026 02 03 08:01:18:152;0,314;16;6;16,5253;5,4481;88,4705;5,3536;7,8125;
2026 02 03 08:01:18:154;0,314;16;6;16,5253;5,4481;88,4705;5,3536;3,9063;
2026 02 03 08:01:18:156;0,314;16;6;16,5253;5,4481;88,4705;5,3536;7,8125;
2026 02 03 08:01:18:158;0,314;16;6;16,5253;5,4481;88,4705;5,3536;7,8125;
2026 02 03 08:01:18:160;0,314;16;6;16,5253;5,4481;88,4705;5,3536;35,1563;
2026 02 03 08:01:18:162;0,314;16;6;16,5253;5,4481;88,4705;5,3536;19,5313;
2026 02 03 08:01:18:164;0,314;16;6;16,5253;5,4481;88,4705;5,3536;11,7188;
2026 02 03 08:01:18:166;0,314;16;6;16,5253;5,4481;88,4705;5,3536;-11,7187;
2026 02 03 08:01:18:168;0,314;16;6;16,5253;5,4481;88,4705;5,3536;-11,7187;
2026 02 03 08:01:18:170;0,314;16;6;16,5253;5,4481;88,4705;5,3536;-27,3437;
2026 02 03 08:01:18:172;0,314;16;6;16,5253;5,4481;88,4705;5,3536;7,8125;
2026 02 03 08:01:18:174;0,314;16;6;16,5253;5,4481;88,4705;5,3536;3,9063;
2026 02 03 08:01:18:176;0,314;16;6;16,5253;5,4481;88,4705;5,3536;7,8125;
2026 02 03 08:01:18:178;0,314;16;6;16,5253;5,4481;88,4705;5,3536;7,8125;
2026 02 03 08:01:18:180;0,314;16;6;16,5253;5,4481;88,4705;5,3536;31,25;
2026 02 03 08:01:18:182;0,314;16;6;16,5253;5,4481;88,4705;5,3536;19,5313;
2026 02 03 08:01:18:184;0,314;16;6;16,5253;5,4481;88,4705;5,3536;11,7188;
2026 02 03 08:01:18:186;0,314;16;6;16,5253;5,4481;88,4705;5,3536;-7,8125;
2026 02 03 08:01:18:188;0,314;16;6;16,5253;5,4481;88,4705;5,3536;-7,8125;
2026 02 03 08:01:18:190;0,314;16;6;16,5253;5,4481;88,4705;5,3536;-23,4375;
2026 02 03 08:01:18:192;0,314;16;6;16,5253;5,4481;88,4705;5,3536;7,8125;
2026 02 03 08:01:18:194;0,314;16;6;16,5253;5,4481;88,4705;5,3536;7,8125;
2026 02 03 08:01:18:196;0,314;16;6;16,5253;5,4481;88,4705;5,3536;7,8125;
2026 02 03 08:01:18:198;0,314;16;6;16,5253;5,4481;88,4705;5,3536;7,8125;
2026 02 03 08:01:18:200;0,314;16;6;16,5253;5,4481;88,4705;5,3536;35,1563;
2026 02 03 08:01:18:202;0,314;16;6;16,5253;5,4481;88,4705;5,3536;19,5313;
2026 02 03 08:01:18:204;0,314;16;6;16,5253;5,4481;88,4705;5,3536;11,7188;
2026 02 03 08:01:18:206;0,314;16;6;16,5253;5,4481;88,4705;5,3536;-7,8125;
2026 02 03 08:01:18:208;0,314;16;6;16,5253;5,4481;88,4705;5,3536;-11,7187;
2026 02 03 08:01:18:210;0,314;16;6;16,5253;5,4481;88,4705;5,3536;-23,4375;
2026 02 03 08:01:18:212;0,314;16;6;16,5253;5,4481;88,4705;5,3536;7,8125;
2026 02 03 08:01:18:214;0,314;16;6;16,5253;5,4481;88,4705;5,3536;3,9063;
2026 02 03 08:01:18:216;0,314;16;6;16,5253;5,4481;88,4705;5,3536;7,8125;
2026 02 03 08:01:18:218;0,314;16;6;16,5253;5,4481;88,4705;5,3536;7,8125;
2026 02 03 08:01:18:220;0,314;16;6;16,5253;5,4481;88,4705;5,3536;35,1563;
2026 02 03 08:01:18:222;0,314;16;6;16,5253;5,4481;88,4705;5,3536;19,5313;
2026 02 03 08:01:18:224;0,314;16;6;16,5253;5,4481;88,4705;5,3536;11,7188;
2026 02 03 08:01:18:226;0,314;16;6;16,5253;5,4481;88,4705;5,3536;-11,7187;
2026 02 03 08:01:18:228;0,314;16;6;16,5253;5,4481;88,4705;5,3536;-7,8125;
2026 02 03 08:01:18:230;0,314;16;6;16,5253;5,4481;88,4705;5,3536;-27,3437;
2026 02 03 08:01:18:232;0,314;16;6;16,5253;5,4481;88,4705;5,3536;7,8125;
2026 02 03 08:01:18:234;0,314;16;6;16,5253;5,4481;88,4705;5,3536;3,9063;
2026 02 03 08:01:18:236;0,314;16;6;16,5253;5,4481;88,4705;5,3536;3,9063;
2026 02 03 08:01:18:238;0,314;16;6;16,5253;5,4481;88,4705;5,3536;3,9063;
2026 02 03 08:01:18:240;0,314;16;6;16,5253;5,4481;88,4705;5,3536;31,25;
2026 02 03 08:01:18:242;0,314;16;6;16,5253;5,4481;88,4705;5,3536;19,5313;
2026 02 03 08:01:18:244;0,314;16;6;16,5253;5,4481;88,4705;5,3536;11,7188;
2026 02 03 08:01:18:246;0,314;16;6;16,5253;5,4481;88,4705;5,3536;-7,8125;
2026 02 03 08:01:18:248;0,314;16;6;16,5253;5,4481;88,4705;5,3536;-7,8125;
2026 02 03 08:01:18:250;0,314;16;6;16,5253;5,4481;88,4705;5,3536;-27,3437;
2026 02 03 08:01:18:252;0,314;16;6;16,5253;5,4481;88,4705;5,3536;7,8125;
2026 02 03 08:01:18:254;0,314;16;6;16,5253;5,4481;88,4705;5,3536;7,8125;
2026 02 03 08:01:18:256;0,314;16;6;16,5253;5,4481;88,4705;5,3536;7,8125;
2026 02 03 08:01:18:258;0,314;16;6;16,5253;5,4481;88,4705;5,3536;3,9063;
2026 02 03 08:01:18:260;0,314;16;6;16,5253;5,4481;88,4705;5,3536;35,1563;
2026 02 03 08:01:18:262;0,314;16;6;16,5253;5,4481;88,4705;5,3536;19,5313;
2026 02 03 08:01:18:264;0,314;16;6;16,5253;5,4481;88,4705;5,3536;11,7188;
2026 02 03 08:01:18:266;0,314;16;6;16,5253;5,4481;88,4705;5,3536;-11,7187;
2026 02 03 08:01:18:268;0,314;16;6;16,5253;5,4481;88,4705;5,3536;-7,8125;
2026 02 03 08:01:18:270;0,314;16;6;16,5253;5,4481;88,4705;5,3536;-23,4375;
2026 02 03 08:01:18:272;0,314;16;6;16,5253;5,4481;88,4705;5,3536;3,9063;
2026 02 03 08:01:18:274;0,314;16;6;16,5253;5,4481;88,4705;5,3536;3,9063;
2026 02 03 08:01:18:276;0,314;16;6;16,5253;5,4481;88,4705;5,3536;7,8125;
2026 02 03 08:01:18:278;0,314;16;6;16,5253;5,4481;88,4705;5,3536;3,9063;
2026 02 03 08:01:18:280;0,314;16;6;16,5253;5,4481;88,4705;5,3536;35,1563;
2026 02 03 08:01:18:282;0,314;16;6;16,5253;5,4481;88,4705;5,3536;19,5313;
2026 02 03 08:01:18:284;0,314;16;6;16,5253;5,4481;88,4705;5,3536;11,7188;
2026 02 03 08:01:18:286;0,314;16;6;16,5253;5,4481;88,4705;5,3536;-11,7187;
2026 02 03 08:01:18:288;0,314;16;6;16,5253;5,4481;88,4705;5,3536;-11,7187;
2026 02 03 08:01:18:290;0,314;16;6;16,5253;5,4481;88,4705;5,3536;-23,4375;
2026 02 03 08:01:18:292;0,314;16;6;16,5253;5,4481;88,4705;5,3536;7,8125;
2026 02 03 08:01:18:294;0,314;16;6;16,5253;5,4481;88,4705;5,3536;3,9063;
2026 02 03 08:01:18:296;0,314;16;6;16,5253;5,4481;88,4705;5,3536;3,9063;
2026 02 03 08:01:18:298;0,314;16;6;16,5253;5,4481;88,4705;5,3536;7,8125;
2026 02 03 08:01:18:300;0,314;16;6;16,5253;5,4481;88,4705;5,3536;31,25;
2026 02 03 08:01:18:302;0,314;16;6;16,5253;5,4481;88,4705;5,3536;23,4375;
2026 02 03 08:01:18:304;0,314;16;6;16,5253;5,4481;88,4705;5,3536;11,7188;
2026 02 03 08:01:18:306;0,314;16;6;16,5253;5,4481;88,4705;5,3536;-3,9062;
2026 02 03 08:01:18:308;0,314;16;6;16,5253;5,4481;88,4705;5,3536;-11,7187;
2026 02 03 08:01:18:310;0,314;16;6;16,5253;5,4481;88,4705;5,3536;-23,4375;
2026 02 03 08:01:18:312;0,314;16;6;16,5253;5,4481;88,4705;5,3536;3,9063;
2026 02 03 08:01:18:314;0,314;16;6;16,5253;5,4481;88,4705;5,3536;3,9063;
2026 02 03 08:01:18:316;0,314;16;6;16,5253;5,4481;88,4705;5,3536;7,8125;
2026 02 03 08:01:18:318;0,314;16;6;16,5253;5,4481;88,4705;5,3536;3,9063;
2026 02 03 08:01:18:320;0,314;16;6;16,5253;5,4481;88,4705;5,3536;35,1563;
2026 02 03 08:01:18:322;0,314;16;6;16,5253;5,4481;88,4705;5,3536;19,5313;
2026 02 03 08:01:18:324;0,314;16;6;16,5253;5,4481;88,4705;5,3536;7,8125;
2026 02 03 08:01:18:326;0,314;16;6;16,5253;5,4481;88,4705;5,3536;-7,8125;
2026 02 03 08:01:18:328;0,314;16;6;16,5253;5,4481;88,4705;5,3536;-7,8125;
2026 02 03 08:01:18:330;0,314;16;6;16,5253;5,4481;88,4705;5,3536;-31,25;
2026 02 03 08:01:18:332;0,314;16;6;16,5253;5,4481;88,4705;5,3536;7,8125;
2026 02 03 08:01:18:334;0,314;16;6;16,5253;5,4481;88,4705;5,3536;7,8125;
2026 02 03 08:01:18:336;0,314;16;6;16,5253;5,4481;88,4705;5,3536;3,9063;
2026 02 03 08:01:18:338;0,314;16;6;16,5253;5,4481;88,4705;5,3536;3,9063;
2026 02 03 08:01:18:340;0,314;16;6;16,5253;5,4481;88,4705;5,3536;35,1563;
2026 02 03 08:01:18:342;0,314;16;6;16,5253;5,4481;88,4705;5,3536;19,5313;
2026 02 03 08:01:18:344;0,314;16;6;16,5253;5,4481;88,4705;5,3536;7,8125;
2026 02 03 08:01:18:346;0,314;16;6;16,5253;5,4481;88,4705;5,3536;-15,625;
2026 02 03 08:01:18:348;0,314;16;6;16,5253;5,4481;88,4705;5,3536;-7,8125;
2026 02 03 08:01:18:350;0,314;16;6;16,5253;5,4481;88,4705;5,3536;-23,4375;
2026 02 03 08:01:18:352;0,314;16;6;16,5253;5,4481;88,4705;5,3536;7,8125;
2026 02 03 08:01:18:354;0,314;16;6;16,5253;5,4481;88,4705;5,3536;7,8125;
2026 02 03 08:01:18:356;0,314;16;6;16,5253;5,4481;88,4705;5,3536;3,9063;
2026 02 03 08:01:18:358;0,314;16;6;16,5253;5,4481;88,4705;5,3536;7,8125;
2026 02 03 08:01:18:360;0,314;16;6;16,5253;5,4481;88,4705;5,3536;35,1563;
2026 02 03 08:01:18:362;0,314;16;6;16,5253;5,4481;88,4705;5,3536;27,3438;
2026 02 03 08:01:18:364;0,314;16;6;16,5253;5,4481;88,4705;5,3536;11,7188;
2026 02 03 08:01:18:366;0,314;16;6;16,5253;5,4481;88,4705;5,3536;-11,7187;
2026 02 03 08:01:18:368;0,314;16;6;16,5253;5,4481;88,4705;5,3536;-7,8125;
2026 02 03 08:01:18:370;0,314;16;6;16,5253;5,4481;88,4705;5,3536;-23,4375;
2026 02 03 08:01:18:372;0,314;16;6;16,5253;5,4481;88,4705;5,3536;7,8125;
2026 02 03 08:01:18:374;0,314;16;6;16,5253;5,4481;88,4705;5,3536;7,8125;
2026 02 03 08:01:18:376;0,314;16;6;16,5253;5,4481;88,4705;5,3536;7,8125;
2026 02 03 08:01:18:378;0,314;16;6;16,5253;5,4481;88,4705;5,3536;7,8125;
2026 02 03 08:01:18:380;0,313;16;6;15,686;4,9379;86,1359;5,4912;35,1563;
2026 02 03 08:01:18:382;0,313;16;6;15,686;4,9379;86,1359;5,4912;19,5313;
2026 02 03 08:01:18:384;0,313;16;6;15,686;4,9379;86,1359;5,4912;11,7188;
2026 02 03 08:01:18:386;0,313;16;6;15,686;4,9379;86,1359;5,4912;-11,7187;
2026 02 03 08:01:18:388;0,313;16;6;15,686;4,9379;86,1359;5,4912;-7,8125;
2026 02 03 08:01:18:390;0,313;16;6;15,686;4,9379;86,1359;5,4912;-23,4375;
2026 02 03 08:01:18:392;0,313;16;6;15,686;4,9379;86,1359;5,4912;7,8125;
2026 02 03 08:01:18:394;0,313;16;6;15,686;4,9379;86,1359;5,4912;7,8125;
2026 02 03 08:01:18:396;0,313;16;6;15,686;4,9379;86,1359;5,4912;3,9063;
2026 02 03 08:01:18:398;0,313;16;6;15,686;4,9379;86,1359;5,4912;7,8125;
2026 02 03 08:01:18:400;0,313;16;6;15,686;4,9379;86,1359;5,4912;35,1563;
2026 02 03 08:01:18:402;0,313;16;6;15,686;4,9379;86,1359;5,4912;19,5313;
2026 02 03 08:01:18:404;0,313;16;6;15,686;4,9379;86,1359;5,4912;11,7188;
2026 02 03 08:01:18:406;0,313;16;6;15,686;4,9379;86,1359;5,4912;-3,9062;
2026 02 03 08:01:18:408;0,313;16;6;15,686;4,9379;86,1359;5,4912;-7,8125;
2026 02 03 08:01:18:410;0,313;16;6;15,686;4,9379;86,1359;5,4912;-23,4375;
2026 02 03 08:01:18:412;0,313;16;6;15,686;4,9379;86,1359;5,4912;7,8125;
2026 02 03 08:01:18:414;0,313;16;6;15,686;4,9379;86,1359;5,4912;7,8125;
2026 02 03 08:01:18:416;0,313;16;6;15,686;4,9379;86,1359;5,4912;7,8125;
2026 02 03 08:01:18:418;0,313;16;6;15,686;4,9379;86,1359;5,4912;7,8125;
2026 02 03 08:01:18:420;0,313;16;6;15,686;4,9379;86,1359;5,4912;35,1563;
2026 02 03 08:01:18:422;0,313;16;6;15,686;4,9379;86,1359;5,4912;19,5313;
2026 02 03 08:01:18:424;0,313;16;6;15,686;4,9379;86,1359;5,4912;11,7188;
2026 02 03 08:01:18:426;0,313;16;6;15,686;4,9379;86,1359;5,4912;-7,8125;
2026 02 03 08:01:18:428;0,313;16;6;15,686;4,9379;86,1359;5,4912;-7,8125;
2026 02 03 08:01:18:430;0,313;16;6;15,686;4,9379;86,1359;5,4912;-23,4375;
2026 02 03 08:01:18:432;0,313;16;6;15,686;4,9379;86,1359;5,4912;7,8125;
2026 02 03 08:01:18:434;0,313;16;6;15,686;4,9379;86,1359;5,4912;3,9063;
2026 02 03 08:01:18:436;0,313;16;6;15,686;4,9379;86,1359;5,4912;7,8125;
2026 02 03 08:01:18:438;0,313;16;6;15,686;4,9379;86,1359;5,4912;3,9063;
2026 02 03 08:01:18:440;0,313;16;6;15,686;4,9379;86,1359;5,4912;35,1563;
2026 02 03 08:01:18:442;0,313;16;6;15,686;4,9379;86,1359;5,4912;19,5313;
2026 02 03 08:01:18:444;0,313;16;6;15,686;4,9379;86,1359;5,4912;7,8125;
2026 02 03 08:01:18:446;0,313;16;6;15,686;4,9379;86,1359;5,4912;-11,7187;
2026 02 03 08:01:18:448;0,313;16;6;15,686;4,9379;86,1359;5,4912;-7,8125;
2026 02 03 08:01:18:450;0,313;16;6;15,686;4,9379;86,1359;5,4912;-19,5312;
2026 02 03 08:01:18:452;0,313;16;6;15,686;4,9379;86,1359;5,4912;7,8125;
2026 02 03 08:01:18:454;0,313;16;6;15,686;4,9379;86,1359;5,4912;3,9063;
2026 02 03 08:01:18:456;0,313;16;6;15,686;4,9379;86,1359;5,4912;7,8125;
2026 02 03 08:01:18:458;0,313;16;6;15,686;4,9379;86,1359;5,4912;7,8125;
2026 02 03 08:01:18:460;0,313;16;6;15,686;4,9379;86,1359;5,4912;35,1563;
2026 02 03 08:01:18:462;0,313;16;6;15,686;4,9379;86,1359;5,4912;23,4375;
2026 02 03 08:01:18:464;0,313;16;6;15,686;4,9379;86,1359;5,4912;11,7188;
2026 02 03 08:01:18:466;0,313;16;6;15,686;4,9379;86,1359;5,4912;-11,7187;
2026 02 03 08:01:18:468;0,313;16;6;15,686;4,9379;86,1359;5,4912;-7,8125;
2026 02 03 08:01:18:470;0,313;16;6;15,686;4,9379;86,1359;5,4912;-23,4375;
2026 02 03 08:01:18:472;0,313;16;6;15,686;4,9379;86,1359;5,4912;3,9063;
2026 02 03 08:01:18:474;0,313;16;6;15,686;4,9379;86,1359;5,4912;7,8125;
2026 02 03 08:01:18:476;0,313;16;6;15,686;4,9379;86,1359;5,4912;7,8125;
2026 02 03 08:01:18:478;0,313;16;6;15,686;4,9379;86,1359;5,4912;3,9063;
2026 02 03 08:01:18:480;0,313;16;6;15,686;4,9379;86,1359;5,4912;35,1563;
2026 02 03 08:01:18:482;0,313;16;6;15,686;4,9379;86,1359;5,4912;19,5313;
2026 02 03 08:01:18:484;0,313;16;6;15,686;4,9379;86,1359;5,4912;7,8125;
2026 02 03 08:01:18:486;0,313;16;6;15,686;4,9379;86,1359;5,4912;-11,7187;
2026 02 03 08:01:18:488;0,313;16;6;15,686;4,9379;86,1359;5,4912;-7,8125;
2026 02 03 08:01:18:490;0,313;16;6;15,686;4,9379;86,1359;5,4912;-23,4375;
2026 02 03 08:01:18:492;0,313;16;6;15,686;4,9379;86,1359;5,4912;7,8125;
2026 02 03 08:01:18:494;0,313;16;6;15,686;4,9379;86,1359;5,4912;3,9063;
2026 02 03 08:01:18:496;0,313;16;6;15,686;4,9379;86,1359;5,4912;3,9063;
2026 02 03 08:01:18:498;0,313;16;6;15,686;4,9379;86,1359;5,4912;7,8125;
2026 02 03 08:01:18:500;0,313;16;6;15,686;4,9379;86,1359;5,4912;35,1563;
2026 02 03 08:01:18:502;0,313;16;6;15,686;4,9379;86,1359;5,4912;27,3438;
2026 02 03 08:01:18:504;0,313;16;6;15,686;4,9379;86,1359;5,4912;7,8125;
2026 02 03 08:01:18:506;0,313;16;6;15,686;4,9379;86,1359;5,4912;-7,8125;
2026 02 03 08:01:18:508;0,313;16;6;15,686;4,9379;86,1359;5,4912;-3,9062;
2026 02 03 08:01:18:510;0,313;16;6;15,686;4,9379;86,1359;5,4912;-23,4375;
2026 02 03 08:01:18:512;0,313;16;6;15,686;4,9379;86,1359;5,4912;7,8125;
2026 02 03 08:01:18:514;0,313;16;6;15,686;4,9379;86,1359;5,4912;3,9063;
2026 02 03 08:01:18:516;0,313;16;6;15,686;4,9379;86,1359;5,4912;7,8125;
2026 02 03 08:01:18:518;0,313;16;6;15,686;4,9379;86,1359;5,4912;3,9063;
2026 02 03 08:01:18:520;0,313;16;6;15,686;4,9379;86,1359;5,4912;35,1563;
2026 02 03 08:01:18:522;0,313;16;6;15,686;4,9379;86,1359;5,4912;19,5313;
2026 02 03 08:01:18:524;0,313;16;6;15,686;4,9379;86,1359;5,4912;7,8125;
2026 02 03 08:01:18:526;0,313;16;6;15,686;4,9379;86,1359;5,4912;-11,7187;
2026 02 03 08:01:18:528;0,313;16;6;15,686;4,9379;86,1359;5,4912;-7,8125;
2026 02 03 08:01:18:530;0,313;16;6;15,686;4,9379;86,1359;5,4912;-23,4375;
2026 02 03 08:01:18:532;0,313;16;6;15,686;4,9379;86,1359;5,4912;3,9063;
2026 02 03 08:01:18:534;0,313;16;6;15,686;4,9379;86,1359;5,4912;3,9063;
2026 02 03 08:01:18:536;0,313;16;6;15,686;4,9379;86,1359;5,4912;3,9063;
2026 02 03 08:01:18:538;0,313;16;6;15,686;4,9379;86,1359;5,4912;3,9063;
2026 02 03 08:01:18:540;0,313;16;6;15,686;4,9379;86,1359;5,4912;35,1563;
2026 02 03 08:01:18:542;0,313;16;6;15,686;4,9379;86,1359;5,4912;15,625;
2026 02 03 08:01:18:544;0,313;16;6;15,686;4,9379;86,1359;5,4912;7,8125;
2026 02 03 08:01:18:546;0,313;16;6;15,686;4,9379;86,1359;5,4912;-7,8125;
2026 02 03 08:01:18:548;0,313;16;6;15,686;4,9379;86,1359;5,4912;-7,8125;
2026 02 03 08:01:18:550;0,313;16;6;15,686;4,9379;86,1359;5,4912;-19,5312;
2026 02 03 08:01:18:552;0,313;16;6;15,686;4,9379;86,1359;5,4912;3,9063;
2026 02 03 08:01:18:554;0,313;16;6;15,686;4,9379;86,1359;5,4912;3,9063;
2026 02 03 08:01:18:556;0,313;16;6;15,686;4,9379;86,1359;5,4912;7,8125;
2026 02 03 08:01:18:558;0,313;16;6;15,686;4,9379;86,1359;5,4912;3,9063;
2026 02 03 08:01:18:560;0,313;16;6;15,686;4,9379;86,1359;5,4912;35,1563;
2026 02 03 08:01:18:562;0,313;16;6;15,686;4,9379;86,1359;5,4912;19,5313;
2026 02 03 08:01:18:564;0,313;16;6;15,686;4,9379;86,1359;5,4912;11,7188;
2026 02 03 08:01:18:566;0,313;16;6;15,686;4,9379;86,1359;5,4912;-7,8125;
2026 02 03 08:01:18:568;0,313;16;6;15,686;4,9379;86,1359;5,4912;-7,8125;
2026 02 03 08:01:18:570;0,313;16;6;15,686;4,9379;86,1359;5,4912;-19,5312;
2026 02 03 08:01:18:572;0,313;16;6;15,686;4,9379;86,1359;5,4912;7,8125;
2026 02 03 08:01:18:574;0,313;16;6;15,686;4,9379;86,1359;5,4912;3,9063;
2026 02 03 08:01:18:576;0,313;16;6;15,686;4,9379;86,1359;5,4912;7,8125;
2026 02 03 08:01:18:578;0,313;16;6;15,686;4,9379;86,1359;5,4912;3,9063;
2026 02 03 08:01:18:580;0,313;16;6;15,686;4,9379;86,1359;5,4912;35,1563;
2026 02 03 08:01:18:582;0,313;16;6;15,686;4,9379;86,1359;5,4912;15,625;
2026 02 03 08:01:18:584;0,313;16;6;15,686;4,9379;86,1359;5,4912;7,8125;
2026 02 03 08:01:18:586;0,313;16;6;15,686;4,9379;86,1359;5,4912;-11,7187;
2026 02 03 08:01:18:588;0,313;16;6;15,686;4,9379;86,1359;5,4912;-7,8125;
2026 02 03 08:01:18:590;0,313;16;6;15,686;4,9379;86,1359;5,4912;-19,5312;
2026 02 03 08:01:18:592;0,313;16;6;15,686;4,9379;86,1359;5,4912;7,8125;
2026 02 03 08:01:18:594;0,313;16;6;15,686;4,9379;86,1359;5,4912;3,9063;
2026 02 03 08:01:18:596;0,313;16;6;15,686;4,9379;86,1359;5,4912;7,8125;
2026 02 03 08:01:18:598;0,313;16;6;15,686;4,9379;86,1359;5,4912;3,9063;
2026 02 03 08:01:18:600;0,313;16;6;15,686;4,9379;86,1359;5,4912;35,1563;
2026 02 03 08:01:18:602;0,313;16;6;15,686;4,9379;86,1359;5,4912;27,3438;
2026 02 03 08:01:18:604;0,313;16;6;15,686;4,9379;86,1359;5,4912;11,7188;
2026 02 03 08:01:18:606;0,313;16;6;15,686;4,9379;86,1359;5,4912;-11,7187;
2026 02 03 08:01:18:608;0,313;16;6;15,686;4,9379;86,1359;5,4912;-7,8125;
2026 02 03 08:01:18:610;0,313;16;6;15,686;4,9379;86,1359;5,4912;-19,5312;
2026 02 03 08:01:18:612;0,313;16;6;15,686;4,9379;86,1359;5,4912;7,8125;
2026 02 03 08:01:18:614;0,313;16;6;15,686;4,9379;86,1359;5,4912;7,8125;
2026 02 03 08:01:18:616;0,313;16;6;15,686;4,9379;86,1359;5,4912;7,8125;
2026 02 03 08:01:18:618;0,313;16;6;15,686;4,9379;86,1359;5,4912;3,9063;
2026 02 03 08:01:18:620;0,313;16;6;15,686;4,9379;86,1359;5,4912;31,25;
2026 02 03 08:01:18:622;0,313;16;6;15,686;4,9379;86,1359;5,4912;19,5313;
2026 02 03 08:01:18:624;0,313;16;6;15,686;4,9379;86,1359;5,4912;11,7188;
2026 02 03 08:01:18:626;0,313;16;6;15,686;4,9379;86,1359;5,4912;-11,7187;
2026 02 03 08:01:18:628;0,313;16;6;15,686;4,9379;86,1359;5,4912;-7,8125;
2026 02 03 08:01:18:630;0,313;16;6;15,686;4,9379;86,1359;5,4912;-23,4375;
2026 02 03 08:01:18:632;0,313;16;6;15,686;4,9379;86,1359;5,4912;7,8125;
2026 02 03 08:01:18:634;0,313;16;6;15,686;4,9379;86,1359;5,4912;3,9063;
2026 02 03 08:01:18:636;0,313;16;6;15,686;4,9379;86,1359;5,4912;7,8125;
2026 02 03 08:01:18:638;0,313;16;6;15,686;4,9379;86,1359;5,4912;7,8125;
2026 02 03 08:01:18:640;0,313;16;6;15,686;4,9379;86,1359;5,4912;31,25;
2026 02 03 08:01:18:642;0,313;16;6;15,686;4,9379;86,1359;5,4912;19,5313;
2026 02 03 08:01:18:644;0,313;16;6;15,686;4,9379;86,1359;5,4912;11,7188;
2026 02 03 08:01:18:646;0,313;16;6;15,686;4,9379;86,1359;5,4912;-3,9062;
2026 02 03 08:01:18:648;0,313;16;6;15,686;4,9379;86,1359;5,4912;-7,8125;
2026 02 03 08:01:18:650;0,313;16;6;15,686;4,9379;86,1359;5,4912;-19,5312;
2026 02 03 08:01:18:652;0,313;16;6;15,686;4,9379;86,1359;5,4912;7,8125;
2026 02 03 08:01:18:654;0,313;16;6;15,686;4,9379;86,1359;5,4912;7,8125;
2026 02 03 08:01:18:656;0,313;16;6;15,686;4,9379;86,1359;5,4912;7,8125;
2026 02 03 08:01:18:658;0,313;16;6;15,686;4,9379;86,1359;5,4912;7,8125;
2026 02 03 08:01:18:660;0,313;16;6;15,686;4,9379;86,1359;5,4912;35,1563;
2026 02 03 08:01:18:662;0,313;16;6;15,686;4,9379;86,1359;5,4912;19,5313;
2026 02 03 08:01:18:664;0,313;16;6;15,686;4,9379;86,1359;5,4912;11,7188;
2026 02 03 08:01:18:666;0,313;16;6;15,686;4,9379;86,1359;5,4912;-7,8125;
2026 02 03 08:01:18:668;0,313;16;6;15,686;4,9379;86,1359;5,4912;-7,8125;
2026 02 03 08:01:18:670;0,313;16;6;15,686;4,9379;86,1359;5,4912;-23,4375;
2026 02 03 08:01:18:672;0,313;16;6;15,686;4,9379;86,1359;5,4912;7,8125;
2026 02 03 08:01:18:674;0,313;16;6;15,686;4,9379;86,1359;5,4912;3,9063;
2026 02 03 08:01:18:676;0,313;16;6;15,686;4,9379;86,1359;5,4912;7,8125;
2026 02 03 08:01:18:678;0,313;14;5;14,2212;2,425;75,0122;5,2747;7,8125;
2026 02 03 08:01:18:680;0,313;14;5;14,2212;2,425;75,0122;5,2747;35,1563;
2026 02 03 08:01:18:682;0,313;14;5;14,2212;2,425;75,0122;5,2747;15,625;
2026 02 03 08:01:18:684;0,313;14;5;14,2212;2,425;75,0122;5,2747;7,8125;
2026 02 03 08:01:18:686;0,313;14;5;14,2212;2,425;75,0122;5,2747;-7,8125;
2026 02 03 08:01:18:688;0,313;14;5;14,2212;2,425;75,0122;5,2747;-7,8125;
2026 02 03 08:01:18:690;0,313;14;5;14,2212;2,425;75,0122;5,2747;-15,625;
2026 02 03 08:01:18:692;0,313;14;5;14,2212;2,425;75,0122;5,2747;7,8125;
2026 02 03 08:01:18:694;0,313;14;5;14,2212;2,425;75,0122;5,2747;3,9063;
2026 02 03 08:01:18:696;0,313;14;5;14,2212;2,425;75,0122;5,2747;7,8125;
2026 02 03 08:01:18:698;0,313;14;5;14,2212;2,425;75,0122;5,2747;7,8125;
2026 02 03 08:01:18:700;0,313;14;5;14,2212;2,425;75,0122;5,2747;31,25;
2026 02 03 08:01:18:702;0,313;14;5;14,2212;2,425;75,0122;5,2747;23,4375;
2026 02 03 08:01:18:704;0,313;14;5;14,2212;2,425;75,0122;5,2747;11,7188;
2026 02 03 08:01:18:706;0,313;14;5;14,2212;2,425;75,0122;5,2747;-7,8125;
2026 02 03 08:01:18:708;0,313;14;5;14,2212;2,425;75,0122;5,2747;-3,9062;
2026 02 03 08:01:18:710;0,313;14;5;14,2212;2,425;75,0122;5,2747;-15,625;
2026 02 03 08:01:18:712;0,313;14;5;14,2212;2,425;75,0122;5,2747;7,8125;
2026 02 03 08:01:18:714;0,313;14;5;14,2212;2,425;75,0122;5,2747;7,8125;
2026 02 03 08:01:18:716;0,313;14;5;14,2212;2,425;75,0122;5,2747;7,8125;
2026 02 03 08:01:18:718;0,313;14;5;14,2212;2,425;75,0122;5,2747;3,9063;
2026 02 03 08:01:18:720;0,313;14;5;14,2212;2,425;75,0122;5,2747;35,1563;
2026 02 03 08:01:18:722;0,313;14;5;14,2212;2,425;75,0122;5,2747;19,5313;
2026 02 03 08:01:18:724;0,313;14;5;14,2212;2,425;75,0122;5,2747;7,8125;
2026 02 03 08:01:18:726;0,313;14;5;14,2212;2,425;75,0122;5,2747;-11,7187;
2026 02 03 08:01:18:728;0,313;14;5;14,2212;2,425;75,0122;5,2747;-3,9062;
2026 02 03 08:01:18:730;0,313;14;5;14,2212;2,425;75,0122;5,2747;-19,5312;
2026 02 03 08:01:18:732;0,313;14;5;14,2212;2,425;75,0122;5,2747;7,8125;
2026 02 03 08:01:18:734;0,313;14;5;14,2212;2,425;75,0122;5,2747;7,8125;
2026 02 03 08:01:18:736;0,313;14;5;14,2212;2,425;75,0122;5,2747;3,9063;
2026 02 03 08:01:18:738;0,313;14;5;14,2212;2,425;75,0122;5,2747;3,9063;
2026 02 03 08:01:18:740;0,313;14;5;14,2212;2,425;75,0122;5,2747;31,25;
2026 02 03 08:01:18:742;0,313;14;5;14,2212;2,425;75,0122;5,2747;27,3438;
2026 02 03 08:01:18:744;0,313;14;5;14,2212;2,425;75,0122;5,2747;11,7188;
2026 02 03 08:01:18:746;0,313;14;5;14,2212;2,425;75,0122;5,2747;-7,8125;
2026 02 03 08:01:18:748;0,313;14;5;14,2212;2,425;75,0122;5,2747;-3,9062;
2026 02 03 08:01:18:750;0,313;14;5;14,2212;2,425;75,0122;5,2747;-15,625;
2026 02 03 08:01:18:752;0,313;14;5;14,2212;2,425;75,0122;5,2747;7,8125;
2026 02 03 08:01:18:754;0,313;14;5;14,2212;2,425;75,0122;5,2747;7,8125;
2026 02 03 08:01:18:756;0,313;14;5;14,2212;2,425;75,0122;5,2747;7,8125;
2026 02 03 08:01:18:758;0,313;14;5;14,2212;2,425;75,0122;5,2747;3,9063;
2026 02 03 08:01:18:760;0,313;14;5;14,2212;2,425;75,0122;5,2747;31,25;
2026 02 03 08:01:18:762;0,313;14;5;14,2212;2,425;75,0122;5,2747;19,5313;
2026 02 03 08:01:18:764;0,313;14;5;14,2212;2,425;75,0122;5,2747;11,7188;
2026 02 03 08:01:18:766;0,313;14;5;14,2212;2,425;75,0122;5,2747;-7,8125;
2026 02 03 08:01:18:768;0,313;14;5;14,2212;2,425;75,0122;5,2747;-3,9062;
2026 02 03 08:01:18:770;0,313;14;5;14,2212;2,425;75,0122;5,2747;-19,5312;
2026 02 03 08:01:18:772;0,313;14;5;14,2212;2,425;75,0122;5,2747;7,8125;
2026 02 03 08:01:18:774;0,313;14;5;14,2212;2,425;75,0122;5,2747;3,9063;
2026 02 03 08:01:18:776;0,313;14;5;14,2212;2,425;75,0122;5,2747;7,8125;
2026 02 03 08:01:18:778;0,313;14;5;14,2212;2,425;75,0122;5,2747;7,8125;
2026 02 03 08:01:18:780;0,313;14;5;14,2212;2,425;75,0122;5,2747;31,25;
2026 02 03 08:01:18:782;0,313;14;5;14,2212;2,425;75,0122;5,2747;15,625;
2026 02 03 08:01:18:784;0,313;14;5;14,2212;2,425;75,0122;5,2747;7,8125;
2026 02 03 08:01:18:786;0,313;14;5;14,2212;2,425;75,0122;5,2747;-3,9062;
2026 02 03 08:01:18:788;0,313;14;5;14,2212;2,425;75,0122;5,2747;-7,8125;
2026 02 03 08:01:18:790;0,313;14;5;14,2212;2,425;75,0122;5,2747;-15,625;
2026 02 03 08:01:18:792;0,313;14;5;14,2212;2,425;75,0122;5,2747;7,8125;
2026 02 03 08:01:18:794;0,313;14;5;14,2212;2,425;75,0122;5,2747;7,8125;
2026 02 03 08:01:18:796;0,313;14;5;14,2212;2,425;75,0122;5,2747;7,8125;
2026 02 03 08:01:18:798;0,313;14;5;14,2212;2,425;75,0122;5,2747;7,8125;
2026 02 03 08:01:18:800;0,313;14;5;14,2212;2,425;75,0122;5,2747;31,25;
2026 02 03 08:01:18:802;0,313;14;5;14,2212;2,425;75,0122;5,2747;19,5313;
2026 02 03 08:01:18:804;0,313;14;5;14,2212;2,425;75,0122;5,2747;7,8125;
2026 02 03 08:01:18:806;0,313;14;5;14,2212;2,425;75,0122;5,2747;-7,8125;
2026 02 03 08:01:18:808;0,313;14;5;14,2212;2,425;75,0122;5,2747;-3,9062;
2026 02 03 08:01:18:810;0,313;14;5;14,2212;2,425;75,0122;5,2747;-11,7187;
2026 02 03 08:01:18:812;0,313;14;5;14,2212;2,425;75,0122;5,2747;7,8125;
2026 02 03 08:01:18:814;0,313;14;5;14,2212;2,425;75,0122;5,2747;7,8125;
2026 02 03 08:01:18:816;0,313;14;5;14,2212;2,425;75,0122;5,2747;3,9063;
2026 02 03 08:01:18:818;0,313;14;5;14,2212;2,425;75,0122;5,2747;7,8125;
2026 02 03 08:01:18:820;0,313;14;5;14,2212;2,425;75,0122;5,2747;35,1563;
2026 02 03 08:01:18:822;0,313;14;5;14,2212;2,425;75,0122;5,2747;15,625;
2026 02 03 08:01:18:824;0,313;14;5;14,2212;2,425;75,0122;5,2747;7,8125;
2026 02 03 08:01:18:826;0,313;14;5;14,2212;2,425;75,0122;5,2747;-11,7187;
2026 02 03 08:01:18:828;0,313;14;5;14,2212;2,425;75,0122;5,2747;-3,9062;
2026 02 03 08:01:18:830;0,313;14;5;14,2212;2,425;75,0122;5,2747;-15,625;
2026 02 03 08:01:18:832;0,313;14;5;14,2212;2,425;75,0122;5,2747;3,9063;
2026 02 03 08:01:18:834;0,313;14;5;14,2212;2,425;75,0122;5,2747;3,9063;
2026 02 03 08:01:18:836;0,313;14;5;14,2212;2,425;75,0122;5,2747;3,9063;
2026 02 03 08:01:18:838;0,313;14;5;14,2212;2,425;75,0122;5,2747;3,9063;
2026 02 03 08:01:18:840;0,313;14;5;14,2212;2,425;75,0122;5,2747;35,1563;
2026 02 03 08:01:18:842;0,313;14;5;14,2212;2,425;75,0122;5,2747;23,4375;
2026 02 03 08:01:18:844;0,313;14;5;14,2212;2,425;75,0122;5,2747;7,8125;
2026 02 03 08:01:18:846;0,313;14;5;14,2212;2,425;75,0122;5,2747;-7,8125;
2026 02 03 08:01:18:848;0,313;14;5;14,2212;2,425;75,0122;5,2747;-3,9062;
2026 02 03 08:01:18:850;0,313;14;5;14,2212;2,425;75,0122;5,2747;-11,7187;
2026 02 03 08:01:18:852;0,313;14;5;14,2212;2,425;75,0122;5,2747;7,8125;
2026 02 03 08:01:18:854;0,313;14;5;14,2212;2,425;75,0122;5,2747;3,9063;
2026 02 03 08:01:18:856;0,313;14;5;14,2212;2,425;75,0122;5,2747;3,9063;
2026 02 03 08:01:18:858;0,313;14;5;14,2212;2,425;75,0122;5,2747;7,8125;
2026 02 03 08:01:18:860;0,313;14;5;14,2212;2,425;75,0122;5,2747;35,1563;
2026 02 03 08:01:18:862;0,313;14;5;14,2212;2,425;75,0122;5,2747;15,625;
2026 02 03 08:01:18:864;0,313;14;5;14,2212;2,425;75,0122;5,2747;11,7188;
2026 02 03 08:01:18:866;0,313;14;5;14,2212;2,425;75,0122;5,2747;-7,8125;
2026 02 03 08:01:18:868;0,313;14;5;14,2212;2,425;75,0122;5,2747;-3,9062;
2026 02 03 08:01:18:870;0,313;14;5;14,2212;2,425;75,0122;5,2747;-11,7187;
2026 02 03 08:01:18:872;0,313;14;5;14,2212;2,425;75,0122;5,2747;7,8125;
2026 02 03 08:01:18:874;0,313;14;5;14,2212;2,425;75,0122;5,2747;3,9063;
2026 02 03 08:01:18:876;0,313;14;5;14,2212;2,425;75,0122;5,2747;7,8125;
2026 02 03 08:01:18:878;0,313;14;5;14,2212;2,425;75,0122;5,2747;7,8125;
2026 02 03 08:01:18:880;0,313;14;5;14,2212;2,425;75,0122;5,2747;31,25;
2026 02 03 08:01:18:882;0,313;14;5;14,2212;2,425;75,0122;5,2747;23,4375;
2026 02 03 08:01:18:884;0,313;14;5;14,2212;2,425;75,0122;5,2747;11,7188;
2026 02 03 08:01:18:886;0,313;14;5;14,2212;2,425;75,0122;5,2747;-3,9062;
2026 02 03 08:01:18:888;0,313;14;5;14,2212;2,425;75,0122;5,2747;-3,9062;
2026 02 03 08:01:18:890;0,313;14;5;14,2212;2,425;75,0122;5,2747;-11,7187;
2026 02 03 08:01:18:892;0,313;14;5;14,2212;2,425;75,0122;5,2747;7,8125;
2026 02 03 08:01:18:894;0,313;14;5;14,2212;2,425;75,0122;5,2747;3,9063;
2026 02 03 08:01:18:896;0,313;14;5;14,2212;2,425;75,0122;5,2747;7,8125;
2026 02 03 08:01:18:898;0,313;14;5;14,2212;2,425;75,0122;5,2747;7,8125;
2026 02 03 08:01:18:900;0,313;14;5;14,2212;2,425;75,0122;5,2747;31,25;
2026 02 03 08:01:18:902;0,313;14;5;14,2212;2,425;75,0122;5,2747;15,625;
2026 02 03 08:01:18:904;0,313;14;5;14,2212;2,425;75,0122;5,2747;11,7188;
2026 02 03 08:01:18:906;0,313;14;5;14,2212;2,425;75,0122;5,2747;-7,8125;
2026 02 03 08:01:18:908;0,313;14;5;14,2212;2,425;75,0122;5,2747;-3,9062;
2026 02 03 08:01:18:910;0,313;14;5;14,2212;2,425;75,0122;5,2747;-11,7187;
2026 02 03 08:01:18:912;0,313;14;5;14,2212;2,425;75,0122;5,2747;7,8125;
2026 02 03 08:01:18:914;0,313;14;5;14,2212;2,425;75,0122;5,2747;3,9063;
2026 02 03 08:01:18:916;0,313;14;5;14,2212;2,425;75,0122;5,2747;3,9063;
2026 02 03 08:01:18:918;0,313;14;5;14,2212;2,425;75,0122;5,2747;3,9063;
2026 02 03 08:01:18:920;0,313;14;5;14,2212;2,425;75,0122;5,2747;31,25;
2026 02 03 08:01:18:922;0,313;14;5;14,2212;2,425;75,0122;5,2747;15,625;
2026 02 03 08:01:18:924;0,313;14;5;14,2212;2,425;75,0122;5,2747;7,8125;
2026 02 03 08:01:18:926;0,313;14;5;14,2212;2,425;75,0122;5,2747;-11,7187;
2026 02 03 08:01:18:928;0,313;14;5;14,2212;2,425;75,0122;5,2747;-7,8125;
2026 02 03 08:01:18:930;0,313;14;5;14,2212;2,425;75,0122;5,2747;-19,5312;
2026 02 03 08:01:18:932;0,313;14;5;14,2212;2,425;75,0122;5,2747;7,8125;
2026 02 03 08:01:18:934;0,313;14;5;14,2212;2,425;75,0122;5,2747;3,9063;
2026 02 03 08:01:18:936;0,313;14;5;14,2212;2,425;75,0122;5,2747;7,8125;
2026 02 03 08:01:18:938;0,313;14;5;14,2212;2,425;75,0122;5,2747;3,9063;
2026 02 03 08:01:18:940;0,313;14;5;14,2212;2,425;75,0122;5,2747;35,1563;
2026 02 03 08:01:18:942;0,313;14;5;14,2212;2,425;75,0122;5,2747;19,5313;
2026 02 03 08:01:18:944;0,313;14;5;14,2212;2,425;75,0122;5,2747;11,7188;
2026 02 03 08:01:18:946;0,313;14;5;14,2212;2,425;75,0122;5,2747;-7,8125;
2026 02 03 08:01:18:948;0,313;14;5;14,2212;2,425;75,0122;5,2747;-3,9062;
2026 02 03 08:01:18:950;0,313;14;5;14,2212;2,425;75,0122;5,2747;-7,8125;
2026 02 03 08:01:18:952;0,313;14;5;14,2212;2,425;75,0122;5,2747;3,9063;
2026 02 03 08:01:18:954;0,313;14;5;14,2212;2,425;75,0122;5,2747;7,8125;
2026 02 03 08:01:18:956;0,313;14;5;14,2212;2,425;75,0122;5,2747;7,8125;
2026 02 03 08:01:18:958;0,313;14;5;14,2212;2,425;75,0122;5,2747;7,8125;
2026 02 03 08:01:18:960;0,313;14;5;14,2212;2,425;75,0122;5,2747;35,1563;
2026 02 03 08:01:18:962;0,313;14;5;14,2212;2,425;75,0122;5,2747;15,625;
2026 02 03 08:01:18:964;0,313;14;5;14,2212;2,425;75,0122;5,2747;7,8125;
2026 02 03 08:01:18:966;0,313;14;5;14,2212;2,425;75,0122;5,2747;-7,8125;
2026 02 03 08:01:18:968;0,313;14;5;14,2212;2,425;75,0122;5,2747;-3,9062;
2026 02 03 08:01:18:970;0,313;14;5;14,2212;2,425;75,0122;5,2747;-3,9062;
2026 02 03 08:01:18:972;0,313;14;5;14,2212;2,425;75,0122;5,2747;7,8125;
2026 02 03 08:01:18:974;0,313;14;5;14,2212;2,425;75,0122;5,2747;3,9063;
2026 02 03 08:01:18:976;0,313;14;5;14,2212;2,425;75,0122;5,2747;7,8125;
2026 02 03 08:01:18:978;0,314;13;4;13,5956;1,0256;48,0194;3,532;7,8125;
2026 02 03 08:01:18:980;0,314;13;4;13,5956;1,0256;48,0194;3,532;35,1563;
2026 02 03 08:01:18:982;0,314;13;4;13,5956;1,0256;48,0194;3,532;27,3438;
2026 02 03 08:01:18:984;0,314;13;4;13,5956;1,0256;48,0194;3,532;11,7188;
2026 02 03 08:01:18:986;0,314;13;4;13,5956;1,0256;48,0194;3,532;-7,8125;
2026 02 03 08:01:18:988;0,314;13;4;13,5956;1,0256;48,0194;3,532;0;
2026 02 03 08:01:18:990;0,314;13;4;13,5956;1,0256;48,0194;3,532;-7,8125;
2026 02 03 08:01:18:992;0,314;13;4;13,5956;1,0256;48,0194;3,532;7,8125;
2026 02 03 08:01:18:994;0,314;13;4;13,5956;1,0256;48,0194;3,532;7,8125;
2026 02 03 08:01:18:996;0,314;13;4;13,5956;1,0256;48,0194;3,532;7,8125;
2026 02 03 08:01:18:998;0,314;13;4;13,5956;1,0256;48,0194;3,532;7,8125;
2026 02 03 08:01:19:000;0,314;13;4;13,5956;1,0256;48,0194;3,532;31,25;
2026 02 03 08:01:19:002;0,314;13;4;13,5956;1,0256;48,0194;3,532;19,5313;
2026 02 03 08:01:19:004;0,314;13;4;13,5956;1,0256;48,0194;3,532;11,7188;
2026 02 03 08:01:19:006;0,314;13;4;13,5956;1,0256;48,0194;3,532;-7,8125;
2026 02 03 08:01:19:008;0,314;13;4;13,5956;1,0256;48,0194;3,532;-3,9062;
2026 02 03 08:01:19:010;0,314;13;4;13,5956;1,0256;48,0194;3,532;-3,9062;
2026 02 03 08:01:19:012;0,314;13;4;13,5956;1,0256;48,0194;3,532;7,8125;
2026 02 03 08:01:19:014;0,314;13;4;13,5956;1,0256;48,0194;3,532;3,9063;
2026 02 03 08:01:19:016;0,314;13;4;13,5956;1,0256;48,0194;3,532;7,8125;
2026 02 03 08:01:19:018;0,314;13;4;13,5956;1,0256;48,0194;3,532;3,9063;
2026 02 03 08:01:19:020;0,314;13;4;13,5956;1,0256;48,0194;3,532;31,25;
2026 02 03 08:01:19:022;0,314;13;4;13,5956;1,0256;48,0194;3,532;15,625;
2026 02 03 08:01:19:024;0,314;13;4;13,5956;1,0256;48,0194;3,532;7,8125;
2026 02 03 08:01:19:026;0,314;13;4;13,5956;1,0256;48,0194;3,532;-3,9062;
2026 02 03 08:01:19:028;0,314;13;4;13,5956;1,0256;48,0194;3,532;-3,9062;
2026 02 03 08:01:19:030;0,314;13;4;13,5956;1,0256;48,0194;3,532;-11,7187;
2026 02 03 08:01:19:032;0,314;13;4;13,5956;1,0256;48,0194;3,532;7,8125;
2026 02 03 08:01:19:034;0,314;13;4;13,5956;1,0256;48,0194;3,532;7,8125;
2026 02 03 08:01:19:036;0,314;13;4;13,5956;1,0256;48,0194;3,532;3,9063;
2026 02 03 08:01:19:038;0,314;13;4;13,5956;1,0256;48,0194;3,532;3,9063;
2026 02 03 08:01:19:040;0,314;13;4;13,5956;1,0256;48,0194;3,532;35,1563;
2026 02 03 08:01:19:042;0,314;13;4;13,5956;1,0256;48,0194;3,532;15,625;
2026 02 03 08:01:19:044;0,314;13;4;13,5956;1,0256;48,0194;3,532;7,8125;
2026 02 03 08:01:19:046;0,314;13;4;13,5956;1,0256;48,0194;3,532;-3,9062;
2026 02 03 08:01:19:048;0,314;13;4;13,5956;1,0256;48,0194;3,532;-3,9062;
2026 02 03 08:01:19:050;0,314;13;4;13,5956;1,0256;48,0194;3,532;-3,9062;
2026 02 03 08:01:19:052;0,314;13;4;13,5956;1,0256;48,0194;3,532;7,8125;
2026 02 03 08:01:19:054;0,314;13;4;13,5956;1,0256;48,0194;3,532;3,9063;
2026 02 03 08:01:19:056;0,314;13;4;13,5956;1,0256;48,0194;3,532;7,8125;
2026 02 03 08:01:19:058;0,314;13;4;13,5956;1,0256;48,0194;3,532;7,8125;
2026 02 03 08:01:19:060;0,314;13;4;13,5956;1,0256;48,0194;3,532;31,25;
2026 02 03 08:01:19:062;0,314;13;4;13,5956;1,0256;48,0194;3,532;19,5313;
2026 02 03 08:01:19:064;0,314;13;4;13,5956;1,0256;48,0194;3,532;7,8125;
2026 02 03 08:01:19:066;0,314;13;4;13,5956;1,0256;48,0194;3,532;-11,7187;
2026 02 03 08:01:19:068;0,314;13;4;13,5956;1,0256;48,0194;3,532;-3,9062;
2026 02 03 08:01:19:070;0,314;13;4;13,5956;1,0256;48,0194;3,532;-3,9062;
2026 02 03 08:01:19:072;0,314;13;4;13,5956;1,0256;48,0194;3,532;7,8125;
2026 02 03 08:01:19:074;0,314;13;4;13,5956;1,0256;48,0194;3,532;7,8125;
2026 02 03 08:01:19:076;0,314;13;4;13,5956;1,0256;48,0194;3,532;3,9063;
2026 02 03 08:01:19:078;0,314;13;4;13,5956;1,0256;48,0194;3,532;7,8125;
2026 02 03 08:01:19:080;0,314;13;4;13,5956;1,0256;48,0194;3,532;35,1563;
2026 02 03 08:01:19:082;0,314;13;4;13,5956;1,0256;48,0194;3,532;23,4375;
2026 02 03 08:01:19:084;0,314;13;4;13,5956;1,0256;48,0194;3,532;11,7188;
2026 02 03 08:01:19:086;0,314;13;4;13,5956;1,0256;48,0194;3,532;-3,9062;
2026 02 03 08:01:19:088;0,314;13;4;13,5956;1,0256;48,0194;3,532;-3,9062;
2026 02 03 08:01:19:090;0,314;13;4;13,5956;1,0256;48,0194;3,532;-3,9062;
2026 02 03 08:01:19:092;0,314;13;4;13,5956;1,0256;48,0194;3,532;3,9063;
2026 02 03 08:01:19:094;0,314;13;4;13,5956;1,0256;48,0194;3,532;3,9063;
2026 02 03 08:01:19:096;0,314;13;4;13,5956;1,0256;48,0194;3,532;7,8125;
2026 02 03 08:01:19:098;0,314;13;4;13,5956;1,0256;48,0194;3,532;3,9063;
2026 02 03 08:01:19:100;0,314;13;4;13,5956;1,0256;48,0194;3,532;31,25;
2026 02 03 08:01:19:102;0,314;13;4;13,5956;1,0256;48,0194;3,532;19,5313;
2026 02 03 08:01:19:104;0,314;13;4;13,5956;1,0256;48,0194;3,532;7,8125;
2026 02 03 08:01:19:106;0,314;13;4;13,5956;1,0256;48,0194;3,532;-7,8125;
2026 02 03 08:01:19:108;0,314;13;4;13,5956;1,0256;48,0194;3,532;-3,9062;
2026 02 03 08:01:19:110;0,314;13;4;13,5956;1,0256;48,0194;3,532;-3,9062;
2026 02 03 08:01:19:112;0,314;13;4;13,5956;1,0256;48,0194;3,532;3,9063;
2026 02 03 08:01:19:114;0,314;13;4;13,5956;1,0256;48,0194;3,532;7,8125;
2026 02 03 08:01:19:116;0,314;13;4;13,5956;1,0256;48,0194;3,532;7,8125;
2026 02 03 08:01:19:118;0,314;13;4;13,5956;1,0256;48,0194;3,532;3,9063;
2026 02 03 08:01:19:120;0,314;13;4;13,5956;1,0256;48,0194;3,532;31,25;
2026 02 03 08:01:19:122;0,314;13;4;13,5956;1,0256;48,0194;3,532;19,5313;
2026 02 03 08:01:19:124;0,314;13;4;13,5956;1,0256;48,0194;3,532;11,7188;
2026 02 03 08:01:19:126;0,314;13;4;13,5956;1,0256;48,0194;3,532;-3,9062;
2026 02 03 08:01:19:128;0,314;13;4;13,5956;1,0256;48,0194;3,532;-3,9062;
2026 02 03 08:01:19:130;0,314;13;4;13,5956;1,0256;48,0194;3,532;-7,8125;
2026 02 03 08:01:19:132;0,314;13;4;13,5956;1,0256;48,0194;3,532;3,9063;
2026 02 03 08:01:19:134;0,314;13;4;13,5956;1,0256;48,0194;3,532;3,9063;
2026 02 03 08:01:19:136;0,314;13;4;13,5956;1,0256;48,0194;3,532;7,8125;
2026 02 03 08:01:19:138;0,314;13;4;13,5956;1,0256;48,0194;3,532;3,9063;
2026 02 03 08:01:19:140;0,314;13;4;13,5956;1,0256;48,0194;3,532;31,25;
2026 02 03 08:01:19:142;0,314;13;4;13,5956;1,0256;48,0194;3,532;19,5313;
2026 02 03 08:01:19:144;0,314;13;4;13,5956;1,0256;48,0194;3,532;7,8125;
2026 02 03 08:01:19:146;0,314;13;4;13,5956;1,0256;48,0194;3,532;-3,9062;
2026 02 03 08:01:19:148;0,314;13;4;13,5956;1,0256;48,0194;3,532;-3,9062;
2026 02 03 08:01:19:150;0,314;13;4;13,5956;1,0256;48,0194;3,532;-3,9062;
2026 02 03 08:01:19:152;0,314;13;4;13,5956;1,0256;48,0194;3,532;7,8125;
2026 02 03 08:01:19:154;0,314;13;4;13,5956;1,0256;48,0194;3,532;3,9063;
2026 02 03 08:01:19:156;0,314;13;4;13,5956;1,0256;48,0194;3,532;7,8125;
2026 02 03 08:01:19:158;0,314;13;4;13,5956;1,0256;48,0194;3,532;7,8125;
2026 02 03 08:01:19:160;0,314;13;4;13,5956;1,0256;48,0194;3,532;31,25;
2026 02 03 08:01:19:162;0,314;13;4;13,5956;1,0256;48,0194;3,532;15,625;
2026 02 03 08:01:19:164;0,314;13;4;13,5956;1,0256;48,0194;3,532;7,8125;
2026 02 03 08:01:19:166;0,314;13;4;13,5956;1,0256;48,0194;3,532;-7,8125;
2026 02 03 08:01:19:168;0,314;13;4;13,5956;1,0256;48,0194;3,532;-3,9062;
2026 02 03 08:01:19:170;0,314;13;4;13,5956;1,0256;48,0194;3,532;0;
2026 02 03 08:01:19:172;0,314;13;4;13,5956;1,0256;48,0194;3,532;3,9063;
2026 02 03 08:01:19:174;0,314;13;4;13,5956;1,0256;48,0194;3,532;3,9063;
2026 02 03 08:01:19:176;0,314;13;4;13,5956;1,0256;48,0194;3,532;7,8125;
2026 02 03 08:01:19:178;0,314;13;4;13,5956;1,0256;48,0194;3,532;7,8125;
2026 02 03 08:01:19:180;0,314;13;4;13,5956;1,0256;48,0194;3,532;31,25;
2026 02 03 08:01:19:182;0,314;13;4;13,5956;1,0256;48,0194;3,532;23,4375;
2026 02 03 08:01:19:184;0,314;13;4;13,5956;1,0256;48,0194;3,532;7,8125;
2026 02 03 08:01:19:186;0,314;13;4;13,5956;1,0256;48,0194;3,532;-3,9062;
2026 02 03 08:01:19:188;0,314;13;4;13,5956;1,0256;48,0194;3,532;0;
2026 02 03 08:01:19:190;0,314;13;4;13,5956;1,0256;48,0194;3,532;0;
2026 02 03 08:01:19:192;0,314;13;4;13,5956;1,0256;48,0194;3,532;7,8125;
2026 02 03 08:01:19:194;0,314;13;4;13,5956;1,0256;48,0194;3,532;7,8125;
2026 02 03 08:01:19:196;0,314;13;4;13,5956;1,0256;48,0194;3,532;3,9063;
2026 02 03 08:01:19:198;0,314;13;4;13,5956;1,0256;48,0194;3,532;7,8125;
2026 02 03 08:01:19:200;0,314;13;4;13,5956;1,0256;48,0194;3,532;31,25;
2026 02 03 08:01:19:202;0,314;13;4;13,5956;1,0256;48,0194;3,532;15,625;
2026 02 03 08:01:19:204;0,314;13;4;13,5956;1,0256;48,0194;3,532;7,8125;
2026 02 03 08:01:19:206;0,314;13;4;13,5956;1,0256;48,0194;3,532;-7,8125;
2026 02 03 08:01:19:208;0,314;13;4;13,5956;1,0256;48,0194;3,532;-3,9062;
2026 02 03 08:01:19:210;0,314;13;4;13,5956;1,0256;48,0194;3,532;0;
2026 02 03 08:01:19:212;0,314;13;4;13,5956;1,0256;48,0194;3,532;7,8125;
2026 02 03 08:01:19:214;0,314;13;4;13,5956;1,0256;48,0194;3,532;3,9063;
2026 02 03 08:01:19:216;0,314;13;4;13,5956;1,0256;48,0194;3,532;7,8125;
2026 02 03 08:01:19:218;0,314;13;4;13,5956;1,0256;48,0194;3,532;3,9063;
2026 02 03 08:01:19:220;0,314;13;4;13,5956;1,0256;48,0194;3,532;31,25;
2026 02 03 08:01:19:222;0,314;13;4;13,5956;1,0256;48,0194;3,532;27,3438;
2026 02 03 08:01:19:224;0,314;13;4;13,5956;1,0256;48,0194;3,532;7,8125;
2026 02 03 08:01:19:226;0,314;13;4;13,5956;1,0256;48,0194;3,532;-7,8125;
2026 02 03 08:01:19:228;0,314;13;4;13,5956;1,0256;48,0194;3,532;0;
2026 02 03 08:01:19:230;0,314;13;4;13,5956;1,0256;48,0194;3,532;-3,9062;
2026 02 03 08:01:19:232;0,314;13;4;13,5956;1,0256;48,0194;3,532;3,9063;
2026 02 03 08:01:19:234;0,314;13;4;13,5956;1,0256;48,0194;3,532;3,9063;
2026 02 03 08:01:19:236;0,314;13;4;13,5956;1,0256;48,0194;3,532;7,8125;
2026 02 03 08:01:19:238;0,314;13;4;13,5956;1,0256;48,0194;3,532;3,9063;
2026 02 03 08:01:19:240;0,314;13;4;13,5956;1,0256;48,0194;3,532;31,25;
2026 02 03 08:01:19:242;0,314;13;4;13,5956;1,0256;48,0194;3,532;19,5313;
2026 02 03 08:01:19:244;0,314;13;4;13,5956;1,0256;48,0194;3,532;11,7188;
2026 02 03 08:01:19:246;0,314;13;4;13,5956;1,0256;48,0194;3,532;-3,9062;
2026 02 03 08:01:19:248;0,314;13;4;13,5956;1,0256;48,0194;3,532;-3,9062;
2026 02 03 08:01:19:250;0,314;13;4;13,5956;1,0256;48,0194;3,532;0;
2026 02 03 08:01:19:252;0,314;13;4;13,5956;1,0256;48,0194;3,532;7,8125;
2026 02 03 08:01:19:254;0,314;13;4;13,5956;1,0256;48,0194;3,532;7,8125;
2026 02 03 08:01:19:256;0,314;13;4;13,5956;1,0256;48,0194;3,532;7,8125;
2026 02 03 08:01:19:258;0,314;13;4;13,5956;1,0256;48,0194;3,532;7,8125;
2026 02 03 08:01:19:260;0,314;13;4;13,5956;1,0256;48,0194;3,532;27,3438;
2026 02 03 08:01:19:262;0,314;13;4;13,5956;1,0256;48,0194;3,532;15,625;
2026 02 03 08:01:19:264;0,314;13;4;13,5956;1,0256;48,0194;3,532;11,7188;
2026 02 03 08:01:19:266;0,314;13;4;13,5956;1,0256;48,0194;3,532;0;
2026 02 03 08:01:19:268;0,314;13;4;13,5956;1,0256;48,0194;3,532;0;
2026 02 03 08:01:19:270;0,314;13;4;13,5956;1,0256;48,0194;3,532;3,9063;
2026 02 03 08:01:19:272;0,314;13;4;13,5956;1,0256;48,0194;3,532;7,8125;
2026 02 03 08:01:19:274;0,314;13;4;13,5956;1,0256;48,0194;3,532;7,8125;
2026 02 03 08:01:19:276;0,314;13;4;13,5956;1,0256;48,0194;3,532;7,8125;
2026 02 03 08:01:19:278;0,314;13;4;13,5956;1,0256;48,0194;3,532;7,8125;
2026 02 03 08:01:19:280;0,316;13;2;13,5803;1,0951;50,2777;3,7022;31,25;
2026 02 03 08:01:19:282;0,316;13;2;13,5803;1,0951;50,2777;3,7022;19,5313;
2026 02 03 08:01:19:284;0,316;13;2;13,5803;1,0951;50,2777;3,7022;11,7188;
2026 02 03 08:01:19:286;0,316;13;2;13,5803;1,0951;50,2777;3,7022;-3,9062;
2026 02 03 08:01:19:288;0,316;13;2;13,5803;1,0951;50,2777;3,7022;0;
2026 02 03 08:01:19:290;0,316;13;2;13,5803;1,0951;50,2777;3,7022;0;
2026 02 03 08:01:19:292;0,316;13;2;13,5803;1,0951;50,2777;3,7022;3,9063;
2026 02 03 08:01:19:294;0,316;13;2;13,5803;1,0951;50,2777;3,7022;3,9063;
2026 02 03 08:01:19:296;0,316;13;2;13,5803;1,0951;50,2777;3,7022;7,8125;
2026 02 03 08:01:19:298;0,316;13;2;13,5803;1,0951;50,2777;3,7022;7,8125;
2026 02 03 08:01:19:300;0,316;13;2;13,5803;1,0951;50,2777;3,7022;31,25;
2026 02 03 08:01:19:302;0,316;13;2;13,5803;1,0951;50,2777;3,7022;19,5313;
2026 02 03 08:01:19:304;0,316;13;2;13,5803;1,0951;50,2777;3,7022;7,8125;
2026 02 03 08:01:19:306;0,316;13;2;13,5803;1,0951;50,2777;3,7022;-7,8125;
2026 02 03 08:01:19:308;0,316;13;2;13,5803;1,0951;50,2777;3,7022;-3,9062;
2026 02 03 08:01:19:310;0,316;13;2;13,5803;1,0951;50,2777;3,7022;3,9063;
2026 02 03 08:01:19:312;0,316;13;2;13,5803;1,0951;50,2777;3,7022;7,8125;
2026 02 03 08:01:19:314;0,316;13;2;13,5803;1,0951;50,2777;3,7022;7,8125;
2026 02 03 08:01:19:316;0,316;13;2;13,5803;1,0951;50,2777;3,7022;7,8125;
2026 02 03 08:01:19:318;0,316;13;2;13,5803;1,0951;50,2777;3,7022;7,8125;
2026 02 03 08:01:19:320;0,316;13;2;13,5803;1,0951;50,2777;3,7022;31,25;
2026 02 03 08:01:19:322;0,316;13;2;13,5803;1,0951;50,2777;3,7022;27,3438;
2026 02 03 08:01:19:324;0,316;13;2;13,5803;1,0951;50,2777;3,7022;7,8125;
2026 02 03 08:01:19:326;0,316;13;2;13,5803;1,0951;50,2777;3,7022;-7,8125;
2026 02 03 08:01:19:328;0,316;13;2;13,5803;1,0951;50,2777;3,7022;-3,9062;
2026 02 03 08:01:19:330;0,316;13;2;13,5803;1,0951;50,2777;3,7022;3,9063;
2026 02 03 08:01:19:332;0,316;13;2;13,5803;1,0951;50,2777;3,7022;7,8125;
2026 02 03 08:01:19:334;0,316;13;2;13,5803;1,0951;50,2777;3,7022;3,9063;
2026 02 03 08:01:19:336;0,316;13;2;13,5803;1,0951;50,2777;3,7022;7,8125;
2026 02 03 08:01:19:338;0,316;13;2;13,5803;1,0951;50,2777;3,7022;3,9063;
2026 02 03 08:01:19:340;0,316;13;2;13,5803;1,0951;50,2777;3,7022;31,25;
2026 02 03 08:01:19:342;0,316;13;2;13,5803;1,0951;50,2777;3,7022;19,5313;
2026 02 03 08:01:19:344;0,316;13;2;13,5803;1,0951;50,2777;3,7022;7,8125;
2026 02 03 08:01:19:346;0,316;13;2;13,5803;1,0951;50,2777;3,7022;-3,9062;
2026 02 03 08:01:19:348;0,316;13;2;13,5803;1,0951;50,2777;3,7022;0;
2026 02 03 08:01:19:350;0,316;13;2;13,5803;1,0951;50,2777;3,7022;3,9063;
2026 02 03 08:01:19:352;0,316;13;2;13,5803;1,0951;50,2777;3,7022;7,8125;
2026 02 03 08:01:19:354;0,316;13;2;13,5803;1,0951;50,2777;3,7022;7,8125;
2026 02 03 08:01:19:356;0,316;13;2;13,5803;1,0951;50,2777;3,7022;7,8125;
2026 02 03 08:01:19:358;0,316;13;2;13,5803;1,0951;50,2777;3,7022;7,8125;
2026 02 03 08:01:19:360;0,316;13;2;13,5803;1,0951;50,2777;3,7022;27,3438;
2026 02 03 08:01:19:362;0,316;13;2;13,5803;1,0951;50,2777;3,7022;27,3438;
2026 02 03 08:01:19:364;0,316;13;2;13,5803;1,0951;50,2777;3,7022;7,8125;
2026 02 03 08:01:19:366;0,316;13;2;13,5803;1,0951;50,2777;3,7022;-3,9062;
2026 02 03 08:01:19:368;0,316;13;2;13,5803;1,0951;50,2777;3,7022;0;
2026 02 03 08:01:19:370;0,316;13;2;13,5803;1,0951;50,2777;3,7022;3,9063;
2026 02 03 08:01:19:372;0,316;13;2;13,5803;1,0951;50,2777;3,7022;7,8125;
2026 02 03 08:01:19:374;0,316;13;2;13,5803;1,0951;50,2777;3,7022;3,9063;
2026 02 03 08:01:19:376;0,316;13;2;13,5803;1,0951;50,2777;3,7022;7,8125;
2026 02 03 08:01:19:378;0,316;13;2;13,5803;1,0951;50,2777;3,7022;7,8125;
2026 02 03 08:01:19:380;0,316;13;2;13,5803;1,0951;50,2777;3,7022;27,3438;
2026 02 03 08:01:19:382;0,316;13;2;13,5803;1,0951;50,2777;3,7022;19,5313;
2026 02 03 08:01:19:384;0,316;13;2;13,5803;1,0951;50,2777;3,7022;7,8125;
2026 02 03 08:01:19:386;0,316;13;2;13,5803;1,0951;50,2777;3,7022;-7,8125;
2026 02 03 08:01:19:388;0,316;13;2;13,5803;1,0951;50,2777;3,7022;-3,9062;
2026 02 03 08:01:19:390;0,316;13;2;13,5803;1,0951;50,2777;3,7022;0;
2026 02 03 08:01:19:392;0,316;13;2;13,5803;1,0951;50,2777;3,7022;7,8125;
2026 02 03 08:01:19:394;0,316;13;2;13,5803;1,0951;50,2777;3,7022;7,8125;
2026 02 03 08:01:19:396;0,316;13;2;13,5803;1,0951;50,2777;3,7022;7,8125;
2026 02 03 08:01:19:398;0,316;13;2;13,5803;1,0951;50,2777;3,7022;7,8125;
2026 02 03 08:01:19:400;0,316;13;2;13,5803;1,0951;50,2777;3,7022;31,25;
2026 02 03 08:01:19:402;0,316;13;2;13,5803;1,0951;50,2777;3,7022;15,625;
2026 02 03 08:01:19:404;0,316;13;2;13,5803;1,0951;50,2777;3,7022;7,8125;
2026 02 03 08:01:19:406;0,316;13;2;13,5803;1,0951;50,2777;3,7022;-11,7187;
2026 02 03 08:01:19:408;0,316;13;2;13,5803;1,0951;50,2777;3,7022;0;
2026 02 03 08:01:19:410;0,316;13;2;13,5803;1,0951;50,2777;3,7022;3,9063;
2026 02 03 08:01:19:412;0,316;13;2;13,5803;1,0951;50,2777;3,7022;3,9063;
2026 02 03 08:01:19:414;0,316;13;2;13,5803;1,0951;50,2777;3,7022;7,8125;
2026 02 03 08:01:19:416;0,316;13;2;13,5803;1,0951;50,2777;3,7022;7,8125;
2026 02 03 08:01:19:418;0,316;13;2;13,5803;1,0951;50,2777;3,7022;3,9063;
2026 02 03 08:01:19:420;0,316;13;2;13,5803;1,0951;50,2777;3,7022;31,25;
2026 02 03 08:01:19:422;0,316;13;2;13,5803;1,0951;50,2777;3,7022;19,5313;
2026 02 03 08:01:19:424;0,316;13;2;13,5803;1,0951;50,2777;3,7022;7,8125;
2026 02 03 08:01:19:426;0,316;13;2;13,5803;1,0951;50,2777;3,7022;-7,8125;
2026 02 03 08:01:19:428;0,316;13;2;13,5803;1,0951;50,2777;3,7022;0;
2026 02 03 08:01:19:430;0,316;13;2;13,5803;1,0951;50,2777;3,7022;3,9063;
2026 02 03 08:01:19:432;0,316;13;2;13,5803;1,0951;50,2777;3,7022;7,8125;
2026 02 03 08:01:19:434;0,316;13;2;13,5803;1,0951;50,2777;3,7022;3,9063;
2026 02 03 08:01:19:436;0,316;13;2;13,5803;1,0951;50,2777;3,7022;7,8125;
2026 02 03 08:01:19:438;0,316;13;2;13,5803;1,0951;50,2777;3,7022;3,9063;
2026 02 03 08:01:19:440;0,316;13;2;13,5803;1,0951;50,2777;3,7022;27,3438;
2026 02 03 08:01:19:442;0,316;13;2;13,5803;1,0951;50,2777;3,7022;19,5313;
2026 02 03 08:01:19:444;0,316;13;2;13,5803;1,0951;50,2777;3,7022;7,8125;
2026 02 03 08:01:19:446;0,316;13;2;13,5803;1,0951;50,2777;3,7022;-11,7187;
2026 02 03 08:01:19:448;0,316;13;2;13,5803;1,0951;50,2777;3,7022;0;
2026 02 03 08:01:19:450;0,316;13;2;13,5803;1,0951;50,2777;3,7022;0;
2026 02 03 08:01:19:452;0,316;13;2;13,5803;1,0951;50,2777;3,7022;3,9063;
2026 02 03 08:01:19:454;0,316;13;2;13,5803;1,0951;50,2777;3,7022;7,8125;
2026 02 03 08:01:19:456;0,316;13;2;13,5803;1,0951;50,2777;3,7022;3,9063;
2026 02 03 08:01:19:458;0,316;13;2;13,5803;1,0951;50,2777;3,7022;7,8125;
2026 02 03 08:01:19:460;0,316;13;2;13,5803;1,0951;50,2777;3,7022;31,25;
2026 02 03 08:01:19:462;0,316;13;2;13,5803;1,0951;50,2777;3,7022;27,3438;
2026 02 03 08:01:19:464;0,316;13;2;13,5803;1,0951;50,2777;3,7022;7,8125;
2026 02 03 08:01:19:466;0,316;13;2;13,5803;1,0951;50,2777;3,7022;-11,7187;
2026 02 03 08:01:19:468;0,316;13;2;13,5803;1,0951;50,2777;3,7022;0;
2026 02 03 08:01:19:470;0,316;13;2;13,5803;1,0951;50,2777;3,7022;3,9063;
2026 02 03 08:01:19:472;0,316;13;2;13,5803;1,0951;50,2777;3,7022;7,8125;
2026 02 03 08:01:19:474;0,316;13;2;13,5803;1,0951;50,2777;3,7022;3,9063;
2026 02 03 08:01:19:476;0,316;13;2;13,5803;1,0951;50,2777;3,7022;7,8125;
2026 02 03 08:01:19:478;0,316;13;2;13,5803;1,0951;50,2777;3,7022;7,8125;
2026 02 03 08:01:19:480;0,316;13;2;13,5803;1,0951;50,2777;3,7022;27,3438;
2026 02 03 08:01:19:482;0,316;13;2;13,5803;1,0951;50,2777;3,7022;19,5313;
2026 02 03 08:01:19:484;0,316;13;2;13,5803;1,0951;50,2777;3,7022;7,8125;
2026 02 03 08:01:19:486;0,316;13;2;13,5803;1,0951;50,2777;3,7022;-7,8125;
2026 02 03 08:01:19:488;0,316;13;2;13,5803;1,0951;50,2777;3,7022;-3,9062;
2026 02 03 08:01:19:490;0,316;13;2;13,5803;1,0951;50,2777;3,7022;0;
2026 02 03 08:01:19:492;0,316;13;2;13,5803;1,0951;50,2777;3,7022;7,8125;
2026 02 03 08:01:19:494;0,316;13;2;13,5803;1,0951;50,2777;3,7022;3,9063;
2026 02 03 08:01:19:496;0,316;13;2;13,5803;1,0951;50,2777;3,7022;3,9063;
2026 02 03 08:01:19:498;0,316;13;2;13,5803;1,0951;50,2777;3,7022;7,8125;
2026 02 03 08:01:19:500;0,316;13;2;13,5803;1,0951;50,2777;3,7022;27,3438;
2026 02 03 08:01:19:502;0,316;13;2;13,5803;1,0951;50,2777;3,7022;23,4375;
2026 02 03 08:01:19:504;0,316;13;2;13,5803;1,0951;50,2777;3,7022;7,8125;
2026 02 03 08:01:19:506;0,316;13;2;13,5803;1,0951;50,2777;3,7022;-3,9062;
2026 02 03 08:01:19:508;0,316;13;2;13,5803;1,0951;50,2777;3,7022;0;
2026 02 03 08:01:19:510;0,316;13;2;13,5803;1,0951;50,2777;3,7022;3,9063;
2026 02 03 08:01:19:512;0,316;13;2;13,5803;1,0951;50,2777;3,7022;3,9063;
2026 02 03 08:01:19:514;0,316;13;2;13,5803;1,0951;50,2777;3,7022;3,9063;
2026 02 03 08:01:19:516;0,316;13;2;13,5803;1,0951;50,2777;3,7022;7,8125;
2026 02 03 08:01:19:518;0,316;13;2;13,5803;1,0951;50,2777;3,7022;7,8125;
2026 02 03 08:01:19:520;0,316;13;2;13,5803;1,0951;50,2777;3,7022;31,25;
2026 02 03 08:01:19:522;0,316;13;2;13,5803;1,0951;50,2777;3,7022;19,5313;
2026 02 03 08:01:19:524;0,316;13;2;13,5803;1,0951;50,2777;3,7022;7,8125;
2026 02 03 08:01:19:526;0,316;13;2;13,5803;1,0951;50,2777;3,7022;-7,8125;
2026 02 03 08:01:19:528;0,316;13;2;13,5803;1,0951;50,2777;3,7022;-3,9062;
2026 02 03 08:01:19:530;0,316;13;2;13,5803;1,0951;50,2777;3,7022;3,9063;
2026 02 03 08:01:19:532;0,316;13;2;13,5803;1,0951;50,2777;3,7022;7,8125;
2026 02 03 08:01:19:534;0,316;13;2;13,5803;1,0951;50,2777;3,7022;3,9063;
2026 02 03 08:01:19:536;0,316;13;2;13,5803;1,0951;50,2777;3,7022;7,8125;
2026 02 03 08:01:19:538;0,316;13;2;13,5803;1,0951;50,2777;3,7022;7,8125;
2026 02 03 08:01:19:540;0,316;13;2;13,5803;1,0951;50,2777;3,7022;31,25;
2026 02 03 08:01:19:542;0,316;13;2;13,5803;1,0951;50,2777;3,7022;19,5313;
2026 02 03 08:01:19:544;0,316;13;2;13,5803;1,0951;50,2777;3,7022;7,8125;
2026 02 03 08:01:19:546;0,316;13;2;13,5803;1,0951;50,2777;3,7022;-11,7187;
2026 02 03 08:01:19:548;0,316;13;2;13,5803;1,0951;50,2777;3,7022;-3,9062;
2026 02 03 08:01:19:550;0,316;13;2;13,5803;1,0951;50,2777;3,7022;3,9063;
2026 02 03 08:01:19:552;0,316;13;2;13,5803;1,0951;50,2777;3,7022;7,8125;
2026 02 03 08:01:19:554;0,316;13;2;13,5803;1,0951;50,2777;3,7022;3,9063;
2026 02 03 08:01:19:556;0,316;13;2;13,5803;1,0951;50,2777;3,7022;7,8125;
2026 02 03 08:01:19:558;0,316;13;2;13,5803;1,0951;50,2777;3,7022;7,8125;
2026 02 03 08:01:19:560;0,316;13;2;13,5803;1,0951;50,2777;3,7022;35,1563;
2026 02 03 08:01:19:562;0,316;13;2;13,5803;1,0951;50,2777;3,7022;27,3438;
2026 02 03 08:01:19:564;0,316;13;2;13,5803;1,0951;50,2777;3,7022;11,7188;
2026 02 03 08:01:19:566;0,316;13;2;13,5803;1,0951;50,2777;3,7022;-11,7187;
2026 02 03 08:01:19:568;0,316;13;2;13,5803;1,0951;50,2777;3,7022;0;
2026 02 03 08:01:19:570;0,316;13;2;13,5803;1,0951;50,2777;3,7022;3,9063;
2026 02 03 08:01:19:572;0,316;13;2;13,5803;1,0951;50,2777;3,7022;7,8125;
2026 02 03 08:01:19:574;0,316;13;2;13,5803;1,0951;50,2777;3,7022;7,8125;
2026 02 03 08:01:19:576;0,316;13;2;13,5803;1,0951;50,2777;3,7022;7,8125;
2026 02 03 08:01:19:578;0,316;13;2;13,504;1,0393;50,3082;3,7254;7,8125;
2026 02 03 08:01:19:580;0,316;13;2;13,504;1,0393;50,3082;3,7254;31,25;
2026 02 03 08:01:19:582;0,316;13;2;13,504;1,0393;50,3082;3,7254;19,5313;
2026 02 03 08:01:19:584;0,316;13;2;13,504;1,0393;50,3082;3,7254;7,8125;
2026 02 03 08:01:19:586;0,316;13;2;13,504;1,0393;50,3082;3,7254;-7,8125;
2026 02 03 08:01:19:588;0,316;13;2;13,504;1,0393;50,3082;3,7254;0;
2026 02 03 08:01:19:590;0,316;13;2;13,504;1,0393;50,3082;3,7254;3,9063;
2026 02 03 08:01:19:592;0,316;13;2;13,504;1,0393;50,3082;3,7254;7,8125;
2026 02 03 08:01:19:594;0,316;13;2;13,504;1,0393;50,3082;3,7254;7,8125;
2026 02 03 08:01:19:596;0,316;13;2;13,504;1,0393;50,3082;3,7254;7,8125;
2026 02 03 08:01:19:598;0,316;13;2;13,504;1,0393;50,3082;3,7254;7,8125;
2026 02 03 08:01:19:600;0,316;13;2;13,504;1,0393;50,3082;3,7254;31,25;
2026 02 03 08:01:19:602;0,316;13;2;13,504;1,0393;50,3082;3,7254;31,25;
2026 02 03 08:01:19:604;0,316;13;2;13,504;1,0393;50,3082;3,7254;7,8125;
2026 02 03 08:01:19:606;0,316;13;2;13,504;1,0393;50,3082;3,7254;-7,8125;
2026 02 03 08:01:19:608;0,316;13;2;13,504;1,0393;50,3082;3,7254;0;
2026 02 03 08:01:19:610;0,316;13;2;13,504;1,0393;50,3082;3,7254;7,8125;
2026 02 03 08:01:19:612;0,316;13;2;13,504;1,0393;50,3082;3,7254;7,8125;
2026 02 03 08:01:19:614;0,316;13;2;13,504;1,0393;50,3082;3,7254;7,8125;
2026 02 03 08:01:19:616;0,316;13;2;13,504;1,0393;50,3082;3,7254;7,8125;
2026 02 03 08:01:19:618;0,316;13;2;13,504;1,0393;50,3082;3,7254;7,8125;
2026 02 03 08:01:19:620;0,316;13;2;13,504;1,0393;50,3082;3,7254;27,3438;
2026 02 03 08:01:19:622;0,316;13;2;13,504;1,0393;50,3082;3,7254;23,4375;
2026 02 03 08:01:19:624;0,316;13;2;13,504;1,0393;50,3082;3,7254;7,8125;
2026 02 03 08:01:19:626;0,316;13;2;13,504;1,0393;50,3082;3,7254;-11,7187;
2026 02 03 08:01:19:628;0,316;13;2;13,504;1,0393;50,3082;3,7254;0;
2026 02 03 08:01:19:630;0,316;13;2;13,504;1,0393;50,3082;3,7254;7,8125;
2026 02 03 08:01:19:632;0,316;13;2;13,504;1,0393;50,3082;3,7254;7,8125;
2026 02 03 08:01:19:634;0,316;13;2;13,504;1,0393;50,3082;3,7254;3,9063;
2026 02 03 08:01:19:636;0,316;13;2;13,504;1,0393;50,3082;3,7254;7,8125;
2026 02 03 08:01:19:638;0,316;13;2;13,504;1,0393;50,3082;3,7254;3,9063;
2026 02 03 08:01:19:640;0,316;13;2;13,504;1,0393;50,3082;3,7254;27,3438;
2026 02 03 08:01:19:642;0,316;13;2;13,504;1,0393;50,3082;3,7254;19,5313;
2026 02 03 08:01:19:644;0,316;13;2;13,504;1,0393;50,3082;3,7254;7,8125;
2026 02 03 08:01:19:646;0,316;13;2;13,504;1,0393;50,3082;3,7254;-7,8125;
2026 02 03 08:01:19:648;0,316;13;2;13,504;1,0393;50,3082;3,7254;0;
2026 02 03 08:01:19:650;0,316;13;2;13,504;1,0393;50,3082;3,7254;3,9063;
2026 02 03 08:01:19:652;0,316;13;2;13,504;1,0393;50,3082;3,7254;7,8125;
2026 02 03 08:01:19:654;0,316;13;2;13,504;1,0393;50,3082;3,7254;7,8125;
2026 02 03 08:01:19:656;0,316;13;2;13,504;1,0393;50,3082;3,7254;7,8125;
2026 02 03 08:01:19:658;0,316;13;2;13,504;1,0393;50,3082;3,7254;7,8125;
2026 02 03 08:01:19:660;0,316;13;2;13,504;1,0393;50,3082;3,7254;31,25;
2026 02 03 08:01:19:662;0,316;13;2;13,504;1,0393;50,3082;3,7254;23,4375;
2026 02 03 08:01:19:664;0,316;13;2;13,504;1,0393;50,3082;3,7254;7,8125;
2026 02 03 08:01:19:666;0,316;13;2;13,504;1,0393;50,3082;3,7254;-3,9062;
2026 02 03 08:01:19:668;0,316;13;2;13,504;1,0393;50,3082;3,7254;0;
2026 02 03 08:01:19:670;0,316;13;2;13,504;1,0393;50,3082;3,7254;3,9063;
2026 02 03 08:01:19:672;0,316;13;2;13,504;1,0393;50,3082;3,7254;7,8125;
2026 02 03 08:01:19:674;0,316;13;2;13,504;1,0393;50,3082;3,7254;3,9063;
2026 02 03 08:01:19:676;0,316;13;2;13,504;1,0393;50,3082;3,7254;7,8125;
2026 02 03 08:01:19:678;0,316;13;2;13,504;1,0393;50,3082;3,7254;3,9063;
2026 02 03 08:01:19:680;0,316;13;2;13,504;1,0393;50,3082;3,7254;31,25;
2026 02 03 08:01:19:682;0,316;13;2;13,504;1,0393;50,3082;3,7254;23,4375;
2026 02 03 08:01:19:684;0,316;13;2;13,504;1,0393;50,3082;3,7254;3,9063;
2026 02 03 08:01:19:686;0,316;13;2;13,504;1,0393;50,3082;3,7254;-11,7187;
2026 02 03 08:01:19:688;0,316;13;2;13,504;1,0393;50,3082;3,7254;0;
2026 02 03 08:01:19:690;0,316;13;2;13,504;1,0393;50,3082;3,7254;3,9063;
2026 02 03 08:01:19:692;0,316;13;2;13,504;1,0393;50,3082;3,7254;7,8125;
2026 02 03 08:01:19:694;0,316;13;2;13,504;1,0393;50,3082;3,7254;3,9063;
2026 02 03 08:01:19:696;0,316;13;2;13,504;1,0393;50,3082;3,7254;7,8125;
2026 02 03 08:01:19:698;0,316;13;2;13,504;1,0393;50,3082;3,7254;7,8125;
2026 02 03 08:01:19:700;0,316;13;2;13,504;1,0393;50,3082;3,7254;31,25;
2026 02 03 08:01:19:702;0,316;13;2;13,504;1,0393;50,3082;3,7254;27,3438;
2026 02 03 08:01:19:704;0,316;13;2;13,504;1,0393;50,3082;3,7254;7,8125;
2026 02 03 08:01:19:706;0,316;13;2;13,504;1,0393;50,3082;3,7254;-7,8125;
2026 02 03 08:01:19:708;0,316;13;2;13,504;1,0393;50,3082;3,7254;0;
2026 02 03 08:01:19:710;0,316;13;2;13,504;1,0393;50,3082;3,7254;3,9063;
2026 02 03 08:01:19:712;0,316;13;2;13,504;1,0393;50,3082;3,7254;7,8125;
2026 02 03 08:01:19:714;0,316;13;2;13,504;1,0393;50,3082;3,7254;7,8125;
2026 02 03 08:01:19:716;0,316;13;2;13,504;1,0393;50,3082;3,7254;3,9063;
2026 02 03 08:01:19:718;0,316;13;2;13,504;1,0393;50,3082;3,7254;3,9063;
2026 02 03 08:01:19:720;0,316;13;2;13,504;1,0393;50,3082;3,7254;31,25;
2026 02 03 08:01:19:722;0,316;13;2;13,504;1,0393;50,3082;3,7254;27,3438;
2026 02 03 08:01:19:724;0,316;13;2;13,504;1,0393;50,3082;3,7254;7,8125;
2026 02 03 08:01:19:726;0,316;13;2;13,504;1,0393;50,3082;3,7254;-7,8125;
2026 02 03 08:01:19:728;0,316;13;2;13,504;1,0393;50,3082;3,7254;0;
2026 02 03 08:01:19:730;0,316;13;2;13,504;1,0393;50,3082;3,7254;3,9063;
2026 02 03 08:01:19:732;0,316;13;2;13,504;1,0393;50,3082;3,7254;7,8125;
2026 02 03 08:01:19:734;0,316;13;2;13,504;1,0393;50,3082;3,7254;3,9063;
2026 02 03 08:01:19:736;0,316;13;2;13,504;1,0393;50,3082;3,7254;7,8125;
2026 02 03 08:01:19:738;0,316;13;2;13,504;1,0393;50,3082;3,7254;7,8125;
2026 02 03 08:01:19:740;0,316;13;2;13,504;1,0393;50,3082;3,7254;31,25;
2026 02 03 08:01:19:742;0,316;13;2;13,504;1,0393;50,3082;3,7254;31,25;
2026 02 03 08:01:19:744;0,316;13;2;13,504;1,0393;50,3082;3,7254;11,7188;
2026 02 03 08:01:19:746;0,316;13;2;13,504;1,0393;50,3082;3,7254;-7,8125;
2026 02 03 08:01:19:748;0,316;13;2;13,504;1,0393;50,3082;3,7254;0;
2026 02 03 08:01:19:750;0,316;13;2;13,504;1,0393;50,3082;3,7254;3,9063;
2026 02 03 08:01:19:752;0,316;13;2;13,504;1,0393;50,3082;3,7254;7,8125;
2026 02 03 08:01:19:754;0,316;13;2;13,504;1,0393;50,3082;3,7254;7,8125;
2026 02 03 08:01:19:756;0,316;13;2;13,504;1,0393;50,3082;3,7254;7,8125;
2026 02 03 08:01:19:758;0,316;13;2;13,504;1,0393;50,3082;3,7254;3,9063;
2026 02 03 08:01:19:760;0,316;13;2;13,504;1,0393;50,3082;3,7254;27,3438;
2026 02 03 08:01:19:762;0,316;13;2;13,504;1,0393;50,3082;3,7254;19,5313;
2026 02 03 08:01:19:764;0,316;13;2;13,504;1,0393;50,3082;3,7254;7,8125;
2026 02 03 08:01:19:766;0,316;13;2;13,504;1,0393;50,3082;3,7254;-7,8125;
2026 02 03 08:01:19:768;0,316;13;2;13,504;1,0393;50,3082;3,7254;0;
2026 02 03 08:01:19:770;0,316;13;2;13,504;1,0393;50,3082;3,7254;3,9063;
2026 02 03 08:01:19:772;0,316;13;2;13,504;1,0393;50,3082;3,7254;7,8125;
2026 02 03 08:01:19:774;0,316;13;2;13,504;1,0393;50,3082;3,7254;3,9063;
2026 02 03 08:01:19:776;0,316;13;2;13,504;1,0393;50,3082;3,7254;3,9063;
2026 02 03 08:01:19:778;0,316;13;2;13,504;1,0393;50,3082;3,7254;7,8125;
2026 02 03 08:01:19:780;0,316;13;2;13,504;1,0393;50,3082;3,7254;23,4375;
2026 02 03 08:01:19:782;0,316;13;2;13,504;1,0393;50,3082;3,7254;19,5313;
2026 02 03 08:01:19:784;0,316;13;2;13,504;1,0393;50,3082;3,7254;3,9063;
2026 02 03 08:01:19:786;0,316;13;2;13,504;1,0393;50,3082;3,7254;-7,8125;
2026 02 03 08:01:19:788;0,316;13;2;13,504;1,0393;50,3082;3,7254;0;
2026 02 03 08:01:19:790;0,316;13;2;13,504;1,0393;50,3082;3,7254;7,8125;
2026 02 03 08:01:19:792;0,316;13;2;13,504;1,0393;50,3082;3,7254;7,8125;
2026 02 03 08:01:19:794;0,316;13;2;13,504;1,0393;50,3082;3,7254;7,8125;
2026 02 03 08:01:19:796;0,316;13;2;13,504;1,0393;50,3082;3,7254;7,8125;
2026 02 03 08:01:19:798;0,316;13;2;13,504;1,0393;50,3082;3,7254;7,8125;
2026 02 03 08:01:19:800;0,316;13;2;13,504;1,0393;50,3082;3,7254;31,25;
2026 02 03 08:01:19:802;0,316;13;2;13,504;1,0393;50,3082;3,7254;27,3438;
2026 02 03 08:01:19:804;0,316;13;2;13,504;1,0393;50,3082;3,7254;7,8125;
2026 02 03 08:01:19:806;0,316;13;2;13,504;1,0393;50,3082;3,7254;-7,8125;
2026 02 03 08:01:19:808;0,316;13;2;13,504;1,0393;50,3082;3,7254;0;
2026 02 03 08:01:19:810;0,316;13;2;13,504;1,0393;50,3082;3,7254;3,9063;
2026 02 03 08:01:19:812;0,316;13;2;13,504;1,0393;50,3082;3,7254;3,9063;
2026 02 03 08:01:19:814;0,316;13;2;13,504;1,0393;50,3082;3,7254;7,8125;
2026 02 03 08:01:19:816;0,316;13;2;13,504;1,0393;50,3082;3,7254;7,8125;
2026 02 03 08:01:19:818;0,316;13;2;13,504;1,0393;50,3082;3,7254;3,9063;
2026 02 03 08:01:19:820;0,316;13;2;13,504;1,0393;50,3082;3,7254;27,3438;
2026 02 03 08:01:19:822;0,316;13;2;13,504;1,0393;50,3082;3,7254;27,3438;
2026 02 03 08:01:19:824;0,316;13;2;13,504;1,0393;50,3082;3,7254;7,8125;
2026 02 03 08:01:19:826;0,316;13;2;13,504;1,0393;50,3082;3,7254;-11,7187;
2026 02 03 08:01:19:828;0,316;13;2;13,504;1,0393;50,3082;3,7254;0;
2026 02 03 08:01:19:830;0,316;13;2;13,504;1,0393;50,3082;3,7254;3,9063;
2026 02 03 08:01:19:832;0,316;13;2;13,504;1,0393;50,3082;3,7254;7,8125;
2026 02 03 08:01:19:834;0,316;13;2;13,504;1,0393;50,3082;3,7254;7,8125;
2026 02 03 08:01:19:836;0,316;13;2;13,504;1,0393;50,3082;3,7254;7,8125;
2026 02 03 08:01:19:838;0,316;13;2;13,504;1,0393;50,3082;3,7254;3,9063;
2026 02 03 08:01:19:840;0,316;13;2;13,504;1,0393;50,3082;3,7254;31,25;
2026 02 03 08:01:19:842;0,316;13;2;13,504;1,0393;50,3082;3,7254;31,25;
2026 02 03 08:01:19:844;0,316;13;2;13,504;1,0393;50,3082;3,7254;7,8125;
2026 02 03 08:01:19:846;0,316;13;2;13,504;1,0393;50,3082;3,7254;-7,8125;
2026 02 03 08:01:19:848;0,316;13;2;13,504;1,0393;50,3082;3,7254;0;
2026 02 03 08:01:19:850;0,316;13;2;13,504;1,0393;50,3082;3,7254;7,8125;
2026 02 03 08:01:19:852;0,316;13;2;13,504;1,0393;50,3082;3,7254;7,8125;
2026 02 03 08:01:19:854;0,316;13;2;13,504;1,0393;50,3082;3,7254;3,9063;
2026 02 03 08:01:19:856;0,316;13;2;13,504;1,0393;50,3082;3,7254;7,8125;
2026 02 03 08:01:19:858;0,316;13;2;13,504;1,0393;50,3082;3,7254;7,8125;
2026 02 03 08:01:19:860;0,316;13;2;13,504;1,0393;50,3082;3,7254;31,25;
2026 02 03 08:01:19:862;0,316;13;2;13,504;1,0393;50,3082;3,7254;31,25;
2026 02 03 08:01:19:864;0,316;13;2;13,504;1,0393;50,3082;3,7254;7,8125;
2026 02 03 08:01:19:866;0,316;13;2;13,504;1,0393;50,3082;3,7254;-11,7187;
2026 02 03 08:01:19:868;0,316;13;2;13,504;1,0393;50,3082;3,7254;3,9063;
2026 02 03 08:01:19:870;0,316;13;2;13,504;1,0393;50,3082;3,7254;3,9063;
2026 02 03 08:01:19:872;0,316;13;2;13,504;1,0393;50,3082;3,7254;7,8125;
2026 02 03 08:01:19:874;0,316;13;2;13,504;1,0393;50,3082;3,7254;7,8125;
2026 02 03 08:01:19:876;0,316;13;2;13,504;1,0393;50,3082;3,7254;7,8125;
2026 02 03 08:01:19:878;0,316;13;2;13,504;1,0393;50,3082;3,7254;7,8125;
2026 02 03 08:01:19:880;0,317;13;2;13,4888;1,0264;50,4303;3,7387;27,3438;
2026 02 03 08:01:19:882;0,317;13;2;13,4888;1,0264;50,4303;3,7387;27,3438;
2026 02 03 08:01:19:884;0,317;13;2;13,4888;1,0264;50,4303;3,7387;7,8125;
2026 02 03 08:01:19:886;0,317;13;2;13,4888;1,0264;50,4303;3,7387;-7,8125;
2026 02 03 08:01:19:888;0,317;13;2;13,4888;1,0264;50,4303;3,7387;0;
2026 02 03 08:01:19:890;0,317;13;2;13,4888;1,0264;50,4303;3,7387;7,8125;
2026 02 03 08:01:19:892;0,317;13;2;13,4888;1,0264;50,4303;3,7387;7,8125;
2026 02 03 08:01:19:894;0,317;13;2;13,4888;1,0264;50,4303;3,7387;7,8125;
2026 02 03 08:01:19:896;0,317;13;2;13,4888;1,0264;50,4303;3,7387;7,8125;
2026 02 03 08:01:19:898;0,317;13;2;13,4888;1,0264;50,4303;3,7387;3,9063;
2026 02 03 08:01:19:900;0,317;13;2;13,4888;1,0264;50,4303;3,7387;27,3438;
2026 02 03 08:01:19:902;0,317;13;2;13,4888;1,0264;50,4303;3,7387;23,4375;
2026 02 03 08:01:19:904;0,317;13;2;13,4888;1,0264;50,4303;3,7387;7,8125;
2026 02 03 08:01:19:906;0,317;13;2;13,4888;1,0264;50,4303;3,7387;-7,8125;
2026 02 03 08:01:19:908;0,317;13;2;13,4888;1,0264;50,4303;3,7387;0;
2026 02 03 08:01:19:910;0,317;13;2;13,4888;1,0264;50,4303;3,7387;7,8125;
2026 02 03 08:01:19:912;0,317;13;2;13,4888;1,0264;50,4303;3,7387;7,8125;
2026 02 03 08:01:19:914;0,317;13;2;13,4888;1,0264;50,4303;3,7387;7,8125;
2026 02 03 08:01:19:916;0,317;13;2;13,4888;1,0264;50,4303;3,7387;7,8125;
2026 02 03 08:01:19:918;0,317;13;2;13,4888;1,0264;50,4303;3,7387;7,8125;
2026 02 03 08:01:19:920;0,317;13;2;13,4888;1,0264;50,4303;3,7387;31,25;
2026 02 03 08:01:19:922;0,317;13;2;13,4888;1,0264;50,4303;3,7387;27,3438;
2026 02 03 08:01:19:924;0,317;13;2;13,4888;1,0264;50,4303;3,7387;3,9063;
2026 02 03 08:01:19:926;0,317;13;2;13,4888;1,0264;50,4303;3,7387;-11,7187;
2026 02 03 08:01:19:928;0,317;13;2;13,4888;1,0264;50,4303;3,7387;0;
2026 02 03 08:01:19:930;0,317;13;2;13,4888;1,0264;50,4303;3,7387;3,9063;
2026 02 03 08:01:19:932;0,317;13;2;13,4888;1,0264;50,4303;3,7387;3,9063;
2026 02 03 08:01:19:934;0,317;13;2;13,4888;1,0264;50,4303;3,7387;7,8125;
2026 02 03 08:01:19:936;0,317;13;2;13,4888;1,0264;50,4303;3,7387;3,9063;
2026 02 03 08:01:19:938;0,317;13;2;13,4888;1,0264;50,4303;3,7387;7,8125;
2026 02 03 08:01:19:940;0,317;13;2;13,4888;1,0264;50,4303;3,7387;31,25;
2026 02 03 08:01:19:942;0,317;13;2;13,4888;1,0264;50,4303;3,7387;27,3438;
2026 02 03 08:01:19:944;0,317;13;2;13,4888;1,0264;50,4303;3,7387;7,8125;
2026 02 03 08:01:19:946;0,317;13;2;13,4888;1,0264;50,4303;3,7387;-11,7187;
2026 02 03 08:01:19:948;0,317;13;2;13,4888;1,0264;50,4303;3,7387;0;
2026 02 03 08:01:19:950;0,317;13;2;13,4888;1,0264;50,4303;3,7387;3,9063;
2026 02 03 08:01:19:952;0,317;13;2;13,4888;1,0264;50,4303;3,7387;7,8125;
2026 02 03 08:01:19:954;0,317;13;2;13,4888;1,0264;50,4303;3,7387;7,8125;
2026 02 03 08:01:19:956;0,317;13;2;13,4888;1,0264;50,4303;3,7387;7,8125;
2026 02 03 08:01:19:958;0,317;13;2;13,4888;1,0264;50,4303;3,7387;7,8125;
2026 02 03 08:01:19:960;0,317;13;2;13,4888;1,0264;50,4303;3,7387;27,3438;
2026 02 03 08:01:19:962;0,317;13;2;13,4888;1,0264;50,4303;3,7387;27,3438;
2026 02 03 08:01:19:964;0,317;13;2;13,4888;1,0264;50,4303;3,7387;3,9063;
2026 02 03 08:01:19:966;0,317;13;2;13,4888;1,0264;50,4303;3,7387;-11,7187;
2026 02 03 08:01:19:968;0,317;13;2;13,4888;1,0264;50,4303;3,7387;0;
2026 02 03 08:01:19:970;0,317;13;2;13,4888;1,0264;50,4303;3,7387;7,8125;
2026 02 03 08:01:19:972;0,317;13;2;13,4888;1,0264;50,4303;3,7387;3,9063;
2026 02 03 08:01:19:974;0,317;13;2;13,4888;1,0264;50,4303;3,7387;7,8125;
2026 02 03 08:01:19:976;0,317;13;2;13,4888;1,0264;50,4303;3,7387;3,9063;
2026 02 03 08:01:19:978;0,317;13;2;13,4888;1,0264;50,4303;3,7387;7,8125;
2026 02 03 08:01:19:980;0,317;13;2;13,4888;1,0264;50,4303;3,7387;31,25;
2026 02 03 08:01:19:982;0,317;13;2;13,4888;1,0264;50,4303;3,7387;31,25;
2026 02 03 08:01:19:984;0,317;13;2;13,4888;1,0264;50,4303;3,7387;7,8125;
2026 02 03 08:01:19:986;0,317;13;2;13,4888;1,0264;50,4303;3,7387;-7,8125;
2026 02 03 08:01:19:988;0,317;13;2;13,4888;1,0264;50,4303;3,7387;0;
2026 02 03 08:01:19:990;0,317;13;2;13,4888;1,0264;50,4303;3,7387;3,9063;
2026 02 03 08:01:19:992;0,317;13;2;13,4888;1,0264;50,4303;3,7387;7,8125;
2026 02 03 08:01:19:994;0,317;13;2;13,4888;1,0264;50,4303;3,7387;3,9063;
2026 02 03 08:01:19:996;0,317;13;2;13,4888;1,0264;50,4303;3,7387;7,8125;
2026 02 03 08:01:19:998;0,317;13;2;13,4888;1,0264;50,4303;3,7387;7,8125;
2026 02 03 08:01:20:000;0,317;13;2;13,4888;1,0264;50,4303;3,7387;23,4375;
2026 02 03 08:01:20:002;0,317;13;2;13,4888;1,0264;50,4303;3,7387;23,4375;
2026 02 03 08:01:20:004;0,317;13;2;13,4888;1,0264;50,4303;3,7387;7,8125;
2026 02 03 08:01:20:006;0,317;13;2;13,4888;1,0264;50,4303;3,7387;-15,625;
2026 02 03 08:01:20:008;0,317;13;2;13,4888;1,0264;50,4303;3,7387;0;
2026 02 03 08:01:20:010;0,317;13;2;13,4888;1,0264;50,4303;3,7387;3,9063;
2026 02 03 08:01:20:012;0,317;13;2;13,4888;1,0264;50,4303;3,7387;7,8125;
2026 02 03 08:01:20:014;0,317;13;2;13,4888;1,0264;50,4303;3,7387;3,9063;
2026 02 03 08:01:20:016;0,317;13;2;13,4888;1,0264;50,4303;3,7387;7,8125;
2026 02 03 08:01:20:018;0,317;13;2;13,4888;1,0264;50,4303;3,7387;7,8125;
2026 02 03 08:01:20:020;0,317;13;2;13,4888;1,0264;50,4303;3,7387;27,3438;
2026 02 03 08:01:20:022;0,317;13;2;13,4888;1,0264;50,4303;3,7387;27,3438;
2026 02 03 08:01:20:024;0,317;13;2;13,4888;1,0264;50,4303;3,7387;3,9063;
2026 02 03 08:01:20:026;0,317;13;2;13,4888;1,0264;50,4303;3,7387;-11,7187;
2026 02 03 08:01:20:028;0,317;13;2;13,4888;1,0264;50,4303;3,7387;0;
2026 02 03 08:01:20:030;0,317;13;2;13,4888;1,0264;50,4303;3,7387;7,8125;
2026 02 03 08:01:20:032;0,317;13;2;13,4888;1,0264;50,4303;3,7387;7,8125;
2026 02 03 08:01:20:034;0,317;13;2;13,4888;1,0264;50,4303;3,7387;7,8125;
2026 02 03 08:01:20:036;0,317;13;2;13,4888;1,0264;50,4303;3,7387;7,8125;
2026 02 03 08:01:20:038;0,317;13;2;13,4888;1,0264;50,4303;3,7387;3,9063;
2026 02 03 08:01:20:040;0,317;13;2;13,4888;1,0264;50,4303;3,7387;31,25;
2026 02 03 08:01:20:042;0,317;13;2;13,4888;1,0264;50,4303;3,7387;27,3438;
2026 02 03 08:01:20:044;0,317;13;2;13,4888;1,0264;50,4303;3,7387;7,8125;
2026 02 03 08:01:20:046;0,317;13;2;13,4888;1,0264;50,4303;3,7387;-11,7187;
2026 02 03 08:01:20:048;0,317;13;2;13,4888;1,0264;50,4303;3,7387;0;
2026 02 03 08:01:20:050;0,317;13;2;13,4888;1,0264;50,4303;3,7387;3,9063;
2026 02 03 08:01:20:052;0,317;13;2;13,4888;1,0264;50,4303;3,7387;3,9063;
2026 02 03 08:01:20:054;0,317;13;2;13,4888;1,0264;50,4303;3,7387;3,9063;
2026 02 03 08:01:20:056;0,317;13;2;13,4888;1,0264;50,4303;3,7387;7,8125;
2026 02 03 08:01:20:058;0,317;13;2;13,4888;1,0264;50,4303;3,7387;7,8125;
2026 02 03 08:01:20:060;0,317;13;2;13,4888;1,0264;50,4303;3,7387;27,3438;
2026 02 03 08:01:20:062;0,317;13;2;13,4888;1,0264;50,4303;3,7387;27,3438;
2026 02 03 08:01:20:064;0,317;13;2;13,4888;1,0264;50,4303;3,7387;7,8125;
2026 02 03 08:01:20:066;0,317;13;2;13,4888;1,0264;50,4303;3,7387;-19,5312;
2026 02 03 08:01:20:068;0,317;13;2;13,4888;1,0264;50,4303;3,7387;0;
2026 02 03 08:01:20:070;0,317;13;2;13,4888;1,0264;50,4303;3,7387;7,8125;
2026 02 03 08:01:20:072;0,317;13;2;13,4888;1,0264;50,4303;3,7387;7,8125;
2026 02 03 08:01:20:074;0,317;13;2;13,4888;1,0264;50,4303;3,7387;3,9063;
2026 02 03 08:01:20:076;0,317;13;2;13,4888;1,0264;50,4303;3,7387;7,8125;
2026 02 03 08:01:20:078;0,317;13;2;13,4888;1,0264;50,4303;3,7387;3,9063;
2026 02 03 08:01:20:080;0,317;13;2;13,4888;1,0264;50,4303;3,7387;27,3438;
2026 02 03 08:01:20:082;0,317;13;2;13,4888;1,0264;50,4303;3,7387;31,25;
2026 02 03 08:01:20:084;0,317;13;2;13,4888;1,0264;50,4303;3,7387;7,8125;
2026 02 03 08:01:20:086;0,317;13;2;13,4888;1,0264;50,4303;3,7387;-15,625;
2026 02 03 08:01:20:088;0,317;13;2;13,4888;1,0264;50,4303;3,7387;0;
2026 02 03 08:01:20:090;0,317;13;2;13,4888;1,0264;50,4303;3,7387;3,9063;
2026 02 03 08:01:20:092;0,317;13;2;13,4888;1,0264;50,4303;3,7387;7,8125;
2026 02 03 08:01:20:094;0,317;13;2;13,4888;1,0264;50,4303;3,7387;3,9063;
2026 02 03 08:01:20:096;0,317;13;2;13,4888;1,0264;50,4303;3,7387;7,8125;
2026 02 03 08:01:20:098;0,317;13;2;13,4888;1,0264;50,4303;3,7387;3,9063;
2026 02 03 08:01:20:100;0,317;13;2;13,4888;1,0264;50,4303;3,7387;31,25;
2026 02 03 08:01:20:102;0,317;13;2;13,4888;1,0264;50,4303;3,7387;27,3438;
2026 02 03 08:01:20:104;0,317;13;2;13,4888;1,0264;50,4303;3,7387;7,8125;
2026 02 03 08:01:20:106;0,317;13;2;13,4888;1,0264;50,4303;3,7387;-11,7187;
2026 02 03 08:01:20:108;0,317;13;2;13,4888;1,0264;50,4303;3,7387;0;
2026 02 03 08:01:20:110;0,317;13;2;13,4888;1,0264;50,4303;3,7387;7,8125;
2026 02 03 08:01:20:112;0,317;13;2;13,4888;1,0264;50,4303;3,7387;7,8125;
2026 02 03 08:01:20:114;0,317;13;2;13,4888;1,0264;50,4303;3,7387;3,9063;
2026 02 03 08:01:20:116;0,317;13;2;13,4888;1,0264;50,4303;3,7387;7,8125;
2026 02 03 08:01:20:118;0,317;13;2;13,4888;1,0264;50,4303;3,7387;3,9063;
2026 02 03 08:01:20:120;0,317;13;2;13,4888;1,0264;50,4303;3,7387;27,3438;
2026 02 03 08:01:20:122;0,317;13;2;13,4888;1,0264;50,4303;3,7387;27,3438;
2026 02 03 08:01:20:124;0,317;13;2;13,4888;1,0264;50,4303;3,7387;7,8125;
2026 02 03 08:01:20:126;0,317;13;2;13,4888;1,0264;50,4303;3,7387;-15,625;
2026 02 03 08:01:20:128;0,317;13;2;13,4888;1,0264;50,4303;3,7387;3,9063;
2026 02 03 08:01:20:130;0,317;13;2;13,4888;1,0264;50,4303;3,7387;3,9063;
2026 02 03 08:01:20:132;0,317;13;2;13,4888;1,0264;50,4303;3,7387;7,8125;
2026 02 03 08:01:20:134;0,317;13;2;13,4888;1,0264;50,4303;3,7387;7,8125;
2026 02 03 08:01:20:136;0,317;13;2;13,4888;1,0264;50,4303;3,7387;3,9063;
2026 02 03 08:01:20:138;0,317;13;2;13,4888;1,0264;50,4303;3,7387;3,9063;
2026 02 03 08:01:20:140;0,317;13;2;13,4888;1,0264;50,4303;3,7387;27,3438;
2026 02 03 08:01:20:142;0,317;13;2;13,4888;1,0264;50,4303;3,7387;27,3438;
2026 02 03 08:01:20:144;0,317;13;2;13,4888;1,0264;50,4303;3,7387;7,8125;
2026 02 03 08:01:20:146;0,317;13;2;13,4888;1,0264;50,4303;3,7387;-7,8125;
2026 02 03 08:01:20:148;0,317;13;2;13,4888;1,0264;50,4303;3,7387;0;
2026 02 03 08:01:20:150;0,317;13;2;13,4888;1,0264;50,4303;3,7387;3,9063;
2026 02 03 08:01:20:152;0,317;13;2;13,4888;1,0264;50,4303;3,7387;7,8125;
2026 02 03 08:01:20:154;0,317;13;2;13,4888;1,0264;50,4303;3,7387;3,9063;
2026 02 03 08:01:20:156;0,317;13;2;13,4888;1,0264;50,4303;3,7387;7,8125;
2026 02 03 08:01:20:158;0,317;13;2;13,4888;1,0264;50,4303;3,7387;7,8125;
2026 02 03 08:01:20:160;0,317;13;2;13,4888;1,0264;50,4303;3,7387;31,25;
2026 02 03 08:01:20:162;0,317;13;2;13,4888;1,0264;50,4303;3,7387;27,3438;
2026 02 03 08:01:20:164;0,317;13;2;13,4888;1,0264;50,4303;3,7387;3,9063;
2026 02 03 08:01:20:166;0,317;13;2;13,4888;1,0264;50,4303;3,7387;-15,625;
2026 02 03 08:01:20:168;0,317;13;2;13,4888;1,0264;50,4303;3,7387;0;
2026 02 03 08:01:20:170;0,317;13;2;13,4888;1,0264;50,4303;3,7387;3,9063;
2026 02 03 08:01:20:172;0,317;13;2;13,4888;1,0264;50,4303;3,7387;7,8125;
2026 02 03 08:01:20:174;0,317;13;2;13,4888;1,0264;50,4303;3,7387;7,8125;
2026 02 03 08:01:20:176;0,317;13;2;13,4888;1,0264;50,4303;3,7387;3,9063;
2026 02 03 08:01:20:178;0,317;13;2;13,4888;1,0264;50,4303;3,7387;3,9063;
2026 02 03 08:01:20:180;0,316;13;2;13,504;1,0281;56,4117;4,1774;31,25;
2026 02 03 08:01:20:182;0,316;13;2;13,504;1,0281;56,4117;4,1774;27,3438;
2026 02 03 08:01:20:184;0,316;13;2;13,504;1,0281;56,4117;4,1774;7,8125;
2026 02 03 08:01:20:186;0,316;13;2;13,504;1,0281;56,4117;4,1774;-15,625;
2026 02 03 08:01:20:188;0,316;13;2;13,504;1,0281;56,4117;4,1774;0;
2026 02 03 08:01:20:190;0,316;13;2;13,504;1,0281;56,4117;4,1774;7,8125;
2026 02 03 08:01:20:192;0,316;13;2;13,504;1,0281;56,4117;4,1774;7,8125;
2026 02 03 08:01:20:194;0,316;13;2;13,504;1,0281;56,4117;4,1774;7,8125;
2026 02 03 08:01:20:196;0,316;13;2;13,504;1,0281;56,4117;4,1774;7,8125;
2026 02 03 08:01:20:198;0,316;13;2;13,504;1,0281;56,4117;4,1774;7,8125;
2026 02 03 08:01:20:200;0,316;13;2;13,504;1,0281;56,4117;4,1774;27,3438;
2026 02 03 08:01:20:202;0,316;13;2;13,504;1,0281;56,4117;4,1774;31,25;
2026 02 03 08:01:20:204;0,316;13;2;13,504;1,0281;56,4117;4,1774;7,8125;
2026 02 03 08:01:20:206;0,316;13;2;13,504;1,0281;56,4117;4,1774;-7,8125;
2026 02 03 08:01:20:208;0,316;13;2;13,504;1,0281;56,4117;4,1774;0;
2026 02 03 08:01:20:210;0,316;13;2;13,504;1,0281;56,4117;4,1774;7,8125;
2026 02 03 08:01:20:212;0,316;13;2;13,504;1,0281;56,4117;4,1774;7,8125;
2026 02 03 08:01:20:214;0,316;13;2;13,504;1,0281;56,4117;4,1774;3,9063;
2026 02 03 08:01:20:216;0,316;13;2;13,504;1,0281;56,4117;4,1774;7,8125;
2026 02 03 08:01:20:218;0,316;13;2;13,504;1,0281;56,4117;4,1774;7,8125;
2026 02 03 08:01:20:220;0,316;13;2;13,504;1,0281;56,4117;4,1774;27,3438;
2026 02 03 08:01:20:222;0,316;13;2;13,504;1,0281;56,4117;4,1774;35,1563;
2026 02 03 08:01:20:224;0,316;13;2;13,504;1,0281;56,4117;4,1774;7,8125;
2026 02 03 08:01:20:226;0,316;13;2;13,504;1,0281;56,4117;4,1774;-11,7187;
2026 02 03 08:01:20:228;0,316;13;2;13,504;1,0281;56,4117;4,1774;0;
2026 02 03 08:01:20:230;0,316;13;2;13,504;1,0281;56,4117;4,1774;3,9063;
2026 02 03 08:01:20:232;0,316;13;2;13,504;1,0281;56,4117;4,1774;7,8125;
2026 02 03 08:01:20:234;0,316;13;2;13,504;1,0281;56,4117;4,1774;7,8125;
2026 02 03 08:01:20:236;0,316;13;2;13,504;1,0281;56,4117;4,1774;3,9063;
2026 02 03 08:01:20:238;0,316;13;2;13,504;1,0281;56,4117;4,1774;7,8125;
2026 02 03 08:01:20:240;0,316;13;2;13,504;1,0281;56,4117;4,1774;23,4375;
2026 02 03 08:01:20:242;0,316;13;2;13,504;1,0281;56,4117;4,1774;23,4375;
2026 02 03 08:01:20:244;0,316;13;2;13,504;1,0281;56,4117;4,1774;7,8125;
2026 02 03 08:01:20:246;0,316;13;2;13,504;1,0281;56,4117;4,1774;-19,5312;
2026 02 03 08:01:20:248;0,316;13;2;13,504;1,0281;56,4117;4,1774;3,9063;
2026 02 03 08:01:20:250;0,316;13;2;13,504;1,0281;56,4117;4,1774;7,8125;
2026 02 03 08:01:20:252;0,316;13;2;13,504;1,0281;56,4117;4,1774;7,8125;
2026 02 03 08:01:20:254;0,316;13;2;13,504;1,0281;56,4117;4,1774;3,9063;
2026 02 03 08:01:20:256;0,316;13;2;13,504;1,0281;56,4117;4,1774;7,8125;
2026 02 03 08:01:20:258;0,316;13;2;13,504;1,0281;56,4117;4,1774;7,8125;
2026 02 03 08:01:20:260;0,316;13;2;13,504;1,0281;56,4117;4,1774;23,4375;
2026 02 03 08:01:20:262;0,316;13;2;13,504;1,0281;56,4117;4,1774;27,3438;
2026 02 03 08:01:20:264;0,316;13;2;13,504;1,0281;56,4117;4,1774;7,8125;
2026 02 03 08:01:20:266;0,316;13;2;13,504;1,0281;56,4117;4,1774;-3,9062;
2026 02 03 08:01:20:268;0,316;13;2;13,504;1,0281;56,4117;4,1774;3,9063;
2026 02 03 08:01:20:270;0,316;13;2;13,504;1,0281;56,4117;4,1774;3,9063;
2026 02 03 08:01:20:272;0,316;13;2;13,504;1,0281;56,4117;4,1774;7,8125;
2026 02 03 08:01:20:274;0,316;13;2;13,504;1,0281;56,4117;4,1774;3,9063;
2026 02 03 08:01:20:276;0,316;13;2;13,504;1,0281;56,4117;4,1774;7,8125;
2026 02 03 08:01:20:278;0,316;13;2;13,504;1,0281;56,4117;4,1774;7,8125;
2026 02 03 08:01:20:280;0,316;13;2;13,504;1,0281;56,4117;4,1774;31,25;
2026 02 03 08:01:20:282;0,316;13;2;13,504;1,0281;56,4117;4,1774;23,4375;
2026 02 03 08:01:20:284;0,316;13;2;13,504;1,0281;56,4117;4,1774;7,8125;
2026 02 03 08:01:20:286;0,316;13;2;13,504;1,0281;56,4117;4,1774;-11,7187;
2026 02 03 08:01:20:288;0,316;13;2;13,504;1,0281;56,4117;4,1774;0;
2026 02 03 08:01:20:290;0,316;13;2;13,504;1,0281;56,4117;4,1774;7,8125;
2026 02 03 08:01:20:292;0,316;13;2;13,504;1,0281;56,4117;4,1774;7,8125;
2026 02 03 08:01:20:294;0,316;13;2;13,504;1,0281;56,4117;4,1774;3,9063;
2026 02 03 08:01:20:296;0,316;13;2;13,504;1,0281;56,4117;4,1774;7,8125;
2026 02 03 08:01:20:298;0,316;13;2;13,504;1,0281;56,4117;4,1774;3,9063;
2026 02 03 08:01:20:300;0,316;13;2;13,504;1,0281;56,4117;4,1774;27,3438;
2026 02 03 08:01:20:302;0,316;13;2;13,504;1,0281;56,4117;4,1774;27,3438;
2026 02 03 08:01:20:304;0,316;13;2;13,504;1,0281;56,4117;4,1774;7,8125;
2026 02 03 08:01:20:306;0,316;13;2;13,504;1,0281;56,4117;4,1774;-19,5312;
2026 02 03 08:01:20:308;0,316;13;2;13,504;1,0281;56,4117;4,1774;0;
2026 02 03 08:01:20:310;0,316;13;2;13,504;1,0281;56,4117;4,1774;7,8125;
2026 02 03 08:01:20:312;0,316;13;2;13,504;1,0281;56,4117;4,1774;3,9063;
2026 02 03 08:01:20:314;0,316;13;2;13,504;1,0281;56,4117;4,1774;7,8125;
2026 02 03 08:01:20:316;0,316;13;2;13,504;1,0281;56,4117;4,1774;7,8125;
2026 02 03 08:01:20:318;0,316;13;2;13,504;1,0281;56,4117;4,1774;3,9063;
2026 02 03 08:01:20:320;0,316;13;2;13,504;1,0281;56,4117;4,1774;31,25;
2026 02 03 08:01:20:322;0,316;13;2;13,504;1,0281;56,4117;4,1774;31,25;
2026 02 03 08:01:20:324;0,316;13;2;13,504;1,0281;56,4117;4,1774;7,8125;
2026 02 03 08:01:20:326;0,316;13;2;13,504;1,0281;56,4117;4,1774;-3,9062;
2026 02 03 08:01:20:328;0,316;13;2;13,504;1,0281;56,4117;4,1774;0;
2026 02 03 08:01:20:330;0,316;13;2;13,504;1,0281;56,4117;4,1774;7,8125;
2026 02 03 08:01:20:332;0,316;13;2;13,504;1,0281;56,4117;4,1774;7,8125;
2026 02 03 08:01:20:334;0,316;13;2;13,504;1,0281;56,4117;4,1774;3,9063;
2026 02 03 08:01:20:336;0,316;13;2;13,504;1,0281;56,4117;4,1774;7,8125;
2026 02 03 08:01:20:338;0,316;13;2;13,504;1,0281;56,4117;4,1774;3,9063;
2026 02 03 08:01:20:340;0,316;13;2;13,504;1,0281;56,4117;4,1774;27,3438;
2026 02 03 08:01:20:342;0,316;13;2;13,504;1,0281;56,4117;4,1774;23,4375;
2026 02 03 08:01:20:344;0,316;13;2;13,504;1,0281;56,4117;4,1774;7,8125;
2026 02 03 08:01:20:346;0,316;13;2;13,504;1,0281;56,4117;4,1774;-15,625;
2026 02 03 08:01:20:348;0,316;13;2;13,504;1,0281;56,4117;4,1774;0;
2026 02 03 08:01:20:350;0,316;13;2;13,504;1,0281;56,4117;4,1774;3,9063;
2026 02 03 08:01:20:352;0,316;13;2;13,504;1,0281;56,4117;4,1774;7,8125;
2026 02 03 08:01:20:354;0,316;13;2;13,504;1,0281;56,4117;4,1774;7,8125;
2026 02 03 08:01:20:356;0,316;13;2;13,504;1,0281;56,4117;4,1774;7,8125;
2026 02 03 08:01:20:358;0,316;13;2;13,504;1,0281;56,4117;4,1774;3,9063;
2026 02 03 08:01:20:360;0,316;13;2;13,504;1,0281;56,4117;4,1774;27,3438;
2026 02 03 08:01:20:362;0,316;13;2;13,504;1,0281;56,4117;4,1774;27,3438;
2026 02 03 08:01:20:364;0,316;13;2;13,504;1,0281;56,4117;4,1774;7,8125;
2026 02 03 08:01:20:366;0,316;13;2;13,504;1,0281;56,4117;4,1774;-7,8125;
2026 02 03 08:01:20:368;0,316;13;2;13,504;1,0281;56,4117;4,1774;0;
2026 02 03 08:01:20:370;0,316;13;2;13,504;1,0281;56,4117;4,1774;3,9063;
2026 02 03 08:01:20:372;0,316;13;2;13,504;1,0281;56,4117;4,1774;7,8125;
2026 02 03 08:01:20:374;0,316;13;2;13,504;1,0281;56,4117;4,1774;3,9063;
2026 02 03 08:01:20:376;0,316;13;2;13,504;1,0281;56,4117;4,1774;7,8125;
2026 02 03 08:01:20:378;0,316;13;2;13,504;1,0281;56,4117;4,1774;3,9063;
2026 02 03 08:01:20:380;0,316;13;2;13,504;1,0281;56,4117;4,1774;27,3438;
2026 02 03 08:01:20:382;0,316;13;2;13,504;1,0281;56,4117;4,1774;27,3438;
2026 02 03 08:01:20:384;0,316;13;2;13,504;1,0281;56,4117;4,1774;7,8125;
2026 02 03 08:01:20:386;0,316;13;2;13,504;1,0281;56,4117;4,1774;-3,9062;
2026 02 03 08:01:20:388;0,316;13;2;13,504;1,0281;56,4117;4,1774;0;
2026 02 03 08:01:20:390;0,316;13;2;13,504;1,0281;56,4117;4,1774;7,8125;
2026 02 03 08:01:20:392;0,316;13;2;13,504;1,0281;56,4117;4,1774;7,8125;
2026 02 03 08:01:20:394;0,316;13;2;13,504;1,0281;56,4117;4,1774;3,9063;
2026 02 03 08:01:20:396;0,316;13;2;13,504;1,0281;56,4117;4,1774;7,8125;
2026 02 03 08:01:20:398;0,316;13;2;13,504;1,0281;56,4117;4,1774;7,8125;
2026 02 03 08:01:20:400;0,316;13;2;13,504;1,0281;56,4117;4,1774;27,3438;
2026 02 03 08:01:20:402;0,316;13;2;13,504;1,0281;56,4117;4,1774;19,5313;
2026 02 03 08:01:20:404;0,316;13;2;13,504;1,0281;56,4117;4,1774;3,9063;
2026 02 03 08:01:20:406;0,316;13;2;13,504;1,0281;56,4117;4,1774;-15,625;
2026 02 03 08:01:20:408;0,316;13;2;13,504;1,0281;56,4117;4,1774;0;
2026 02 03 08:01:20:410;0,316;13;2;13,504;1,0281;56,4117;4,1774;3,9063;
2026 02 03 08:01:20:412;0,316;13;2;13,504;1,0281;56,4117;4,1774;7,8125;
2026 02 03 08:01:20:414;0,316;13;2;13,504;1,0281;56,4117;4,1774;3,9063;
2026 02 03 08:01:20:416;0,316;13;2;13,504;1,0281;56,4117;4,1774;3,9063;
2026 02 03 08:01:20:418;0,316;13;2;13,504;1,0281;56,4117;4,1774;7,8125;
2026 02 03 08:01:20:420;0,316;13;2;13,504;1,0281;56,4117;4,1774;31,25;
2026 02 03 08:01:20:422;0,316;13;2;13,504;1,0281;56,4117;4,1774;23,4375;
2026 02 03 08:01:20:424;0,316;13;2;13,504;1,0281;56,4117;4,1774;7,8125;
2026 02 03 08:01:20:426;0,316;13;2;13,504;1,0281;56,4117;4,1774;-11,7187;
2026 02 03 08:01:20:428;0,316;13;2;13,504;1,0281;56,4117;4,1774;0;
2026 02 03 08:01:20:430;0,316;13;2;13,504;1,0281;56,4117;4,1774;3,9063;
2026 02 03 08:01:20:432;0,316;13;2;13,504;1,0281;56,4117;4,1774;7,8125;
2026 02 03 08:01:20:434;0,316;13;2;13,504;1,0281;56,4117;4,1774;7,8125;
2026 02 03 08:01:20:436;0,316;13;2;13,504;1,0281;56,4117;4,1774;7,8125;
2026 02 03 08:01:20:438;0,316;13;2;13,504;1,0281;56,4117;4,1774;7,8125;
2026 02 03 08:01:20:440;0,316;13;2;13,504;1,0281;56,4117;4,1774;27,3438;
2026 02 03 08:01:20:442;0,316;13;2;13,504;1,0281;56,4117;4,1774;31,25;
2026 02 03 08:01:20:444;0,316;13;2;13,504;1,0281;56,4117;4,1774;7,8125;
2026 02 03 08:01:20:446;0,316;13;2;13,504;1,0281;56,4117;4,1774;-7,8125;
2026 02 03 08:01:20:448;0,316;13;2;13,504;1,0281;56,4117;4,1774;3,9063;
2026 02 03 08:01:20:450;0,316;13;2;13,504;1,0281;56,4117;4,1774;7,8125;
2026 02 03 08:01:20:452;0,316;13;2;13,504;1,0281;56,4117;4,1774;7,8125;
2026 02 03 08:01:20:454;0,316;13;2;13,504;1,0281;56,4117;4,1774;7,8125;
2026 02 03 08:01:20:456;0,316;13;2;13,504;1,0281;56,4117;4,1774;7,8125;
2026 02 03 08:01:20:458;0,316;13;2;13,504;1,0281;56,4117;4,1774;3,9063;
2026 02 03 08:01:20:460;0,316;13;2;13,504;1,0281;56,4117;4,1774;31,25;
2026 02 03 08:01:20:462;0,316;13;2;13,504;1,0281;56,4117;4,1774;31,25;
2026 02 03 08:01:20:464;0,316;13;2;13,504;1,0281;56,4117;4,1774;11,7188;
2026 02 03 08:01:20:466;0,316;13;2;13,504;1,0281;56,4117;4,1774;-11,7187;
2026 02 03 08:01:20:468;0,316;13;2;13,504;1,0281;56,4117;4,1774;0;
2026 02 03 08:01:20:470;0,316;13;2;13,504;1,0281;56,4117;4,1774;7,8125;
2026 02 03 08:01:20:472;0,316;13;2;13,504;1,0281;56,4117;4,1774;7,8125;
2026 02 03 08:01:20:474;0,316;13;2;13,504;1,0281;56,4117;4,1774;7,8125;
2026 02 03 08:01:20:476;0,316;13;2;13,504;1,0281;56,4117;4,1774;7,8125;
2026 02 03 08:01:20:478;0,314;13;2;13,504;1,0069;56,427;4,1785;7,8125;
2026 02 03 08:01:20:480;0,314;13;2;13,504;1,0069;56,427;4,1785;31,25;
2026 02 03 08:01:20:482;0,314;13;2;13,504;1,0069;56,427;4,1785;23,4375;
2026 02 03 08:01:20:484;0,314;13;2;13,504;1,0069;56,427;4,1785;7,8125;
2026 02 03 08:01:20:486;0,314;13;2;13,504;1,0069;56,427;4,1785;-11,7187;
2026 02 03 08:01:20:488;0,314;13;2;13,504;1,0069;56,427;4,1785;3,9063;
2026 02 03 08:01:20:490;0,314;13;2;13,504;1,0069;56,427;4,1785;7,8125;
2026 02 03 08:01:20:492;0,314;13;2;13,504;1,0069;56,427;4,1785;7,8125;
2026 02 03 08:01:20:494;0,314;13;2;13,504;1,0069;56,427;4,1785;7,8125;
2026 02 03 08:01:20:496;0,314;13;2;13,504;1,0069;56,427;4,1785;7,8125;
2026 02 03 08:01:20:498;0,314;13;2;13,504;1,0069;56,427;4,1785;7,8125;
2026 02 03 08:01:20:500;0,314;13;2;13,504;1,0069;56,427;4,1785;23,4375;
2026 02 03 08:01:20:502;0,314;13;2;13,504;1,0069;56,427;4,1785;31,25;
2026 02 03 08:01:20:504;0,314;13;2;13,504;1,0069;56,427;4,1785;7,8125;
2026 02 03 08:01:20:506;0,314;13;2;13,504;1,0069;56,427;4,1785;-3,9062;
2026 02 03 08:01:20:508;0,314;13;2;13,504;1,0069;56,427;4,1785;0;
2026 02 03 08:01:20:510;0,314;13;2;13,504;1,0069;56,427;4,1785;7,8125;
2026 02 03 08:01:20:512;0,314;13;2;13,504;1,0069;56,427;4,1785;7,8125;
2026 02 03 08:01:20:514;0,314;13;2;13,504;1,0069;56,427;4,1785;7,8125;
2026 02 03 08:01:20:516;0,314;13;2;13,504;1,0069;56,427;4,1785;7,8125;
2026 02 03 08:01:20:518;0,314;13;2;13,504;1,0069;56,427;4,1785;7,8125;
2026 02 03 08:01:20:520;0,314;13;2;13,504;1,0069;56,427;4,1785;31,25;
2026 02 03 08:01:20:522;0,314;13;2;13,504;1,0069;56,427;4,1785;19,5313;
2026 02 03 08:01:20:524;0,314;13;2;13,504;1,0069;56,427;4,1785;7,8125;
2026 02 03 08:01:20:526;0,314;13;2;13,504;1,0069;56,427;4,1785;-7,8125;
2026 02 03 08:01:20:528;0,314;13;2;13,504;1,0069;56,427;4,1785;3,9063;
2026 02 03 08:01:20:530;0,314;13;2;13,504;1,0069;56,427;4,1785;7,8125;
2026 02 03 08:01:20:532;0,314;13;2;13,504;1,0069;56,427;4,1785;7,8125;
2026 02 03 08:01:20:534;0,314;13;2;13,504;1,0069;56,427;4,1785;3,9063;
2026 02 03 08:01:20:536;0,314;13;2;13,504;1,0069;56,427;4,1785;7,8125;
2026 02 03 08:01:20:538;0,314;13;2;13,504;1,0069;56,427;4,1785;7,8125;
2026 02 03 08:01:20:540;0,314;13;2;13,504;1,0069;56,427;4,1785;31,25;
2026 02 03 08:01:20:542;0,314;13;2;13,504;1,0069;56,427;4,1785;23,4375;
2026 02 03 08:01:20:544;0,314;13;2;13,504;1,0069;56,427;4,1785;3,9063;
2026 02 03 08:01:20:546;0,314;13;2;13,504;1,0069;56,427;4,1785;-15,625;
2026 02 03 08:01:20:548;0,314;13;2;13,504;1,0069;56,427;4,1785;0;
2026 02 03 08:01:20:550;0,314;13;2;13,504;1,0069;56,427;4,1785;7,8125;
2026 02 03 08:01:20:552;0,314;13;2;13,504;1,0069;56,427;4,1785;7,8125;
2026 02 03 08:01:20:554;0,314;13;2;13,504;1,0069;56,427;4,1785;7,8125;
2026 02 03 08:01:20:556;0,314;13;2;13,504;1,0069;56,427;4,1785;7,8125;
2026 02 03 08:01:20:558;0,314;13;2;13,504;1,0069;56,427;4,1785;7,8125;
2026 02 03 08:01:20:560;0,314;13;2;13,504;1,0069;56,427;4,1785;27,3438;
2026 02 03 08:01:20:562;0,314;13;2;13,504;1,0069;56,427;4,1785;27,3438;
2026 02 03 08:01:20:564;0,314;13;2;13,504;1,0069;56,427;4,1785;7,8125;
2026 02 03 08:01:20:566;0,314;13;2;13,504;1,0069;56,427;4,1785;-11,7187;
2026 02 03 08:01:20:568;0,314;13;2;13,504;1,0069;56,427;4,1785;0;
2026 02 03 08:01:20:570;0,314;13;2;13,504;1,0069;56,427;4,1785;7,8125;
2026 02 03 08:01:20:572;0,314;13;2;13,504;1,0069;56,427;4,1785;7,8125;
2026 02 03 08:01:20:574;0,314;13;2;13,504;1,0069;56,427;4,1785;3,9063;
2026 02 03 08:01:20:576;0,314;13;2;13,504;1,0069;56,427;4,1785;7,8125;
2026 02 03 08:01:20:578;0,314;13;2;13,504;1,0069;56,427;4,1785;7,8125;
2026 02 03 08:01:20:580;0,314;13;2;13,504;1,0069;56,427;4,1785;31,25;
2026 02 03 08:01:20:582;0,314;13;2;13,504;1,0069;56,427;4,1785;23,4375;
2026 02 03 08:01:20:584;0,314;13;2;13,504;1,0069;56,427;4,1785;7,8125;
2026 02 03 08:01:20:586;0,314;13;2;13,504;1,0069;56,427;4,1785;-11,7187;
2026 02 03 08:01:20:588;0,314;13;2;13,504;1,0069;56,427;4,1785;3,9063;
2026 02 03 08:01:20:590;0,314;13;2;13,504;1,0069;56,427;4,1785;3,9063;
2026 02 03 08:01:20:592;0,314;13;2;13,504;1,0069;56,427;4,1785;7,8125;
2026 02 03 08:01:20:594;0,314;13;2;13,504;1,0069;56,427;4,1785;7,8125;
2026 02 03 08:01:20:596;0,314;13;2;13,504;1,0069;56,427;4,1785;7,8125;
2026 02 03 08:01:20:598;0,314;13;2;13,504;1,0069;56,427;4,1785;7,8125;
2026 02 03 08:01:20:600;0,314;13;2;13,504;1,0069;56,427;4,1785;35,1563;
2026 02 03 08:01:20:602;0,314;13;2;13,504;1,0069;56,427;4,1785;23,4375;
2026 02 03 08:01:20:604;0,314;13;2;13,504;1,0069;56,427;4,1785;7,8125;
2026 02 03 08:01:20:606;0,314;13;2;13,504;1,0069;56,427;4,1785;-15,625;
2026 02 03 08:01:20:608;0,314;13;2;13,504;1,0069;56,427;4,1785;0;
2026 02 03 08:01:20:610;0,314;13;2;13,504;1,0069;56,427;4,1785;7,8125;
2026 02 03 08:01:20:612;0,314;13;2;13,504;1,0069;56,427;4,1785;7,8125;
2026 02 03 08:01:20:614;0,314;13;2;13,504;1,0069;56,427;4,1785;7,8125;
2026 02 03 08:01:20:616;0,314;13;2;13,504;1,0069;56,427;4,1785;7,8125;
2026 02 03 08:01:20:618;0,314;13;2;13,504;1,0069;56,427;4,1785;7,8125;
2026 02 03 08:01:20:620;0,314;13;2;13,504;1,0069;56,427;4,1785;27,3438;
2026 02 03 08:01:20:622;0,314;13;2;13,504;1,0069;56,427;4,1785;27,3438;
2026 02 03 08:01:20:624;0,314;13;2;13,504;1,0069;56,427;4,1785;7,8125;
2026 02 03 08:01:20:626;0,314;13;2;13,504;1,0069;56,427;4,1785;-11,7187;
2026 02 03 08:01:20:628;0,314;13;2;13,504;1,0069;56,427;4,1785;3,9063;
2026 02 03 08:01:20:630;0,314;13;2;13,504;1,0069;56,427;4,1785;7,8125;
2026 02 03 08:01:20:632;0,314;13;2;13,504;1,0069;56,427;4,1785;7,8125;
2026 02 03 08:01:20:634;0,314;13;2;13,504;1,0069;56,427;4,1785;7,8125;
2026 02 03 08:01:20:636;0,314;13;2;13,504;1,0069;56,427;4,1785;7,8125;
2026 02 03 08:01:20:638;0,314;13;2;13,504;1,0069;56,427;4,1785;7,8125;
2026 02 03 08:01:20:640;0,314;13;2;13,504;1,0069;56,427;4,1785;27,3438;
2026 02 03 08:01:20:642;0,314;13;2;13,504;1,0069;56,427;4,1785;19,5313;
2026 02 03 08:01:20:644;0,314;13;2;13,504;1,0069;56,427;4,1785;3,9063;
2026 02 03 08:01:20:646;0,314;13;2;13,504;1,0069;56,427;4,1785;-11,7187;
2026 02 03 08:01:20:648;0,314;13;2;13,504;1,0069;56,427;4,1785;3,9063;
2026 02 03 08:01:20:650;0,314;13;2;13,504;1,0069;56,427;4,1785;7,8125;
2026 02 03 08:01:20:652;0,314;13;2;13,504;1,0069;56,427;4,1785;7,8125;
2026 02 03 08:01:20:654;0,314;13;2;13,504;1,0069;56,427;4,1785;7,8125;
2026 02 03 08:01:20:656;0,314;13;2;13,504;1,0069;56,427;4,1785;7,8125;
2026 02 03 08:01:20:658;0,314;13;2;13,504;1,0069;56,427;4,1785;7,8125;
2026 02 03 08:01:20:660;0,314;13;2;13,504;1,0069;56,427;4,1785;35,1563;
2026 02 03 08:01:20:662;0,314;13;2;13,504;1,0069;56,427;4,1785;15,625;
2026 02 03 08:01:20:664;0,314;13;2;13,504;1,0069;56,427;4,1785;7,8125;
2026 02 03 08:01:20:666;0,314;13;2;13,504;1,0069;56,427;4,1785;-15,625;
2026 02 03 08:01:20:668;0,314;13;2;13,504;1,0069;56,427;4,1785;0;
2026 02 03 08:01:20:670;0,314;13;2;13,504;1,0069;56,427;4,1785;3,9063;
2026 02 03 08:01:20:672;0,314;13;2;13,504;1,0069;56,427;4,1785;7,8125;
2026 02 03 08:01:20:674;0,314;13;2;13,504;1,0069;56,427;4,1785;3,9063;
2026 02 03 08:01:20:676;0,314;13;2;13,504;1,0069;56,427;4,1785;7,8125;
2026 02 03 08:01:20:678;0,314;13;2;13,504;1,0069;56,427;4,1785;7,8125;
2026 02 03 08:01:20:680;0,314;13;2;13,504;1,0069;56,427;4,1785;27,3438;
2026 02 03 08:01:20:682;0,314;13;2;13,504;1,0069;56,427;4,1785;23,4375;
2026 02 03 08:01:20:684;0,314;13;2;13,504;1,0069;56,427;4,1785;7,8125;
2026 02 03 08:01:20:686;0,314;13;2;13,504;1,0069;56,427;4,1785;-15,625;
2026 02 03 08:01:20:688;0,314;13;2;13,504;1,0069;56,427;4,1785;3,9063;
2026 02 03 08:01:20:690;0,314;13;2;13,504;1,0069;56,427;4,1785;3,9063;
2026 02 03 08:01:20:692;0,314;13;2;13,504;1,0069;56,427;4,1785;7,8125;
2026 02 03 08:01:20:694;0,314;13;2;13,504;1,0069;56,427;4,1785;7,8125;
2026 02 03 08:01:20:696;0,314;13;2;13,504;1,0069;56,427;4,1785;7,8125;
2026 02 03 08:01:20:698;0,314;13;2;13,504;1,0069;56,427;4,1785;7,8125;
2026 02 03 08:01:20:700;0,314;13;2;13,504;1,0069;56,427;4,1785;31,25;
2026 02 03 08:01:20:702;0,314;13;2;13,504;1,0069;56,427;4,1785;23,4375;
2026 02 03 08:01:20:704;0,314;13;2;13,504;1,0069;56,427;4,1785;7,8125;
2026 02 03 08:01:20:706;0,314;13;2;13,504;1,0069;56,427;4,1785;-15,625;
2026 02 03 08:01:20:708;0,314;13;2;13,504;1,0069;56,427;4,1785;0;
2026 02 03 08:01:20:710;0,314;13;2;13,504;1,0069;56,427;4,1785;7,8125;
2026 02 03 08:01:20:712;0,314;13;2;13,504;1,0069;56,427;4,1785;3,9063;
2026 02 03 08:01:20:714;0,314;13;2;13,504;1,0069;56,427;4,1785;3,9063;
2026 02 03 08:01:20:716;0,314;13;2;13,504;1,0069;56,427;4,1785;7,8125;
2026 02 03 08:01:20:718;0,314;13;2;13,504;1,0069;56,427;4,1785;3,9063;
2026 02 03 08:01:20:720;0,314;13;2;13,504;1,0069;56,427;4,1785;31,25;
2026 02 03 08:01:20:722;0,314;13;2;13,504;1,0069;56,427;4,1785;19,5313;
2026 02 03 08:01:20:724;0,314;13;2;13,504;1,0069;56,427;4,1785;7,8125;
2026 02 03 08:01:20:726;0,314;13;2;13,504;1,0069;56,427;4,1785;-19,5312;
2026 02 03 08:01:20:728;0,314;13;2;13,504;1,0069;56,427;4,1785;3,9063;
2026 02 03 08:01:20:730;0,314;13;2;13,504;1,0069;56,427;4,1785;3,9063;
2026 02 03 08:01:20:732;0,314;13;2;13,504;1,0069;56,427;4,1785;3,9063;
2026 02 03 08:01:20:734;0,314;13;2;13,504;1,0069;56,427;4,1785;7,8125;
2026 02 03 08:01:20:736;0,314;13;2;13,504;1,0069;56,427;4,1785;7,8125;
2026 02 03 08:01:20:738;0,314;13;2;13,504;1,0069;56,427;4,1785;7,8125;
2026 02 03 08:01:20:740;0,314;13;2;13,504;1,0069;56,427;4,1785;31,25;
2026 02 03 08:01:20:742;0,314;13;2;13,504;1,0069;56,427;4,1785;19,5313;
2026 02 03 08:01:20:744;0,314;13;2;13,504;1,0069;56,427;4,1785;7,8125;
2026 02 03 08:01:20:746;0,314;13;2;13,504;1,0069;56,427;4,1785;-11,7187;
2026 02 03 08:01:20:748;0,314;13;2;13,504;1,0069;56,427;4,1785;0;
2026 02 03 08:01:20:750;0,314;13;2;13,504;1,0069;56,427;4,1785;3,9063;
2026 02 03 08:01:20:752;0,314;13;2;13,504;1,0069;56,427;4,1785;7,8125;
2026 02 03 08:01:20:754;0,314;13;2;13,504;1,0069;56,427;4,1785;7,8125;
2026 02 03 08:01:20:756;0,314;13;2;13,504;1,0069;56,427;4,1785;7,8125;
2026 02 03 08:01:20:758;0,314;13;2;13,504;1,0069;56,427;4,1785;3,9063;
2026 02 03 08:01:20:760;0,314;13;2;13,504;1,0069;56,427;4,1785;35,1563;
2026 02 03 08:01:20:762;0,314;13;2;13,504;1,0069;56,427;4,1785;15,625;
2026 02 03 08:01:20:764;0,314;13;2;13,504;1,0069;56,427;4,1785;7,8125;
2026 02 03 08:01:20:766;0,314;13;2;13,504;1,0069;56,427;4,1785;-11,7187;
2026 02 03 08:01:20:768;0,314;13;2;13,504;1,0069;56,427;4,1785;3,9063;
2026 02 03 08:01:20:770;0,314;13;2;13,504;1,0069;56,427;4,1785;7,8125;
2026 02 03 08:01:20:772;0,314;13;2;13,504;1,0069;56,427;4,1785;7,8125;
2026 02 03 08:01:20:774;0,314;13;2;13,504;1,0069;56,427;4,1785;7,8125;
2026 02 03 08:01:20:776;0,314;13;2;13,504;1,0069;56,427;4,1785;3,9063;
2026 02 03 08:01:20:778;0,314;13;2;13,5193;1,0728;53,7872;3,9786;7,8125;
2026 02 03 08:01:20:780;0,314;13;2;13,5193;1,0728;53,7872;3,9786;35,1563;
2026 02 03 08:01:20:782;0,314;13;2;13,5193;1,0728;53,7872;3,9786;19,5313;
2026 02 03 08:01:20:784;0,314;13;2;13,5193;1,0728;53,7872;3,9786;3,9063;
2026 02 03 08:01:20:786;0,314;13;2;13,5193;1,0728;53,7872;3,9786;-19,5312;
2026 02 03 08:01:20:788;0,314;13;2;13,5193;1,0728;53,7872;3,9786;3,9063;
2026 02 03 08:01:20:790;0,314;13;2;13,5193;1,0728;53,7872;3,9786;7,8125;
2026 02 03 08:01:20:792;0,314;13;2;13,5193;1,0728;53,7872;3,9786;7,8125;
2026 02 03 08:01:20:794;0,314;13;2;13,5193;1,0728;53,7872;3,9786;7,8125;
2026 02 03 08:01:20:796;0,314;13;2;13,5193;1,0728;53,7872;3,9786;7,8125;
2026 02 03 08:01:20:798;0,314;13;2;13,5193;1,0728;53,7872;3,9786;7,8125;
2026 02 03 08:01:20:800;0,314;13;2;13,5193;1,0728;53,7872;3,9786;35,1563;
2026 02 03 08:01:20:802;0,314;13;2;13,5193;1,0728;53,7872;3,9786;19,5313;
2026 02 03 08:01:20:804;0,314;13;2;13,5193;1,0728;53,7872;3,9786;7,8125;
2026 02 03 08:01:20:806;0,314;13;2;13,5193;1,0728;53,7872;3,9786;-15,625;
2026 02 03 08:01:20:808;0,314;13;2;13,5193;1,0728;53,7872;3,9786;0;
2026 02 03 08:01:20:810;0,314;13;2;13,5193;1,0728;53,7872;3,9786;7,8125;
2026 02 03 08:01:20:812;0,314;13;2;13,5193;1,0728;53,7872;3,9786;7,8125;
2026 02 03 08:01:20:814;0,314;13;2;13,5193;1,0728;53,7872;3,9786;3,9063;
2026 02 03 08:01:20:816;0,314;13;2;13,5193;1,0728;53,7872;3,9786;7,8125;
2026 02 03 08:01:20:818;0,314;13;2;13,5193;1,0728;53,7872;3,9786;7,8125;
2026 02 03 08:01:20:820;0,314;13;2;13,5193;1,0728;53,7872;3,9786;31,25;
2026 02 03 08:01:20:822;0,314;13;2;13,5193;1,0728;53,7872;3,9786;19,5313;
2026 02 03 08:01:20:824;0,314;13;2;13,5193;1,0728;53,7872;3,9786;7,8125;
2026 02 03 08:01:20:826;0,314;13;2;13,5193;1,0728;53,7872;3,9786;-19,5312;
2026 02 03 08:01:20:828;0,314;13;2;13,5193;1,0728;53,7872;3,9786;0;
2026 02 03 08:01:20:830;0,314;13;2;13,5193;1,0728;53,7872;3,9786;7,8125;
2026 02 03 08:01:20:832;0,314;13;2;13,5193;1,0728;53,7872;3,9786;7,8125;
2026 02 03 08:01:20:834;0,314;13;2;13,5193;1,0728;53,7872;3,9786;3,9063;
2026 02 03 08:01:20:836;0,314;13;2;13,5193;1,0728;53,7872;3,9786;7,8125;
2026 02 03 08:01:20:838;0,314;13;2;13,5193;1,0728;53,7872;3,9786;3,9063;
2026 02 03 08:01:20:840;0,314;13;2;13,5193;1,0728;53,7872;3,9786;31,25;
2026 02 03 08:01:20:842;0,314;13;2;13,5193;1,0728;53,7872;3,9786;23,4375;
2026 02 03 08:01:20:844;0,314;13;2;13,5193;1,0728;53,7872;3,9786;7,8125;
2026 02 03 08:01:20:846;0,314;13;2;13,5193;1,0728;53,7872;3,9786;-11,7187;
2026 02 03 08:01:20:848;0,314;13;2;13,5193;1,0728;53,7872;3,9786;0;
2026 02 03 08:01:20:850;0,314;13;2;13,5193;1,0728;53,7872;3,9786;7,8125;
2026 02 03 08:01:20:852;0,314;13;2;13,5193;1,0728;53,7872;3,9786;3,9063;
2026 02 03 08:01:20:854;0,314;13;2;13,5193;1,0728;53,7872;3,9786;7,8125;
2026 02 03 08:01:20:856;0,314;13;2;13,5193;1,0728;53,7872;3,9786;3,9063;
2026 02 03 08:01:20:858;0,314;13;2;13,5193;1,0728;53,7872;3,9786;3,9063;
2026 02 03 08:01:20:860;0,314;13;2;13,5193;1,0728;53,7872;3,9786;31,25;
2026 02 03 08:01:20:862;0,314;13;2;13,5193;1,0728;53,7872;3,9786;15,625;
2026 02 03 08:01:20:864;0,314;13;2;13,5193;1,0728;53,7872;3,9786;3,9063;
2026 02 03 08:01:20:866;0,314;13;2;13,5193;1,0728;53,7872;3,9786;-15,625;
2026 02 03 08:01:20:868;0,314;13;2;13,5193;1,0728;53,7872;3,9786;0;
2026 02 03 08:01:20:870;0,314;13;2;13,5193;1,0728;53,7872;3,9786;7,8125;
2026 02 03 08:01:20:872;0,314;13;2;13,5193;1,0728;53,7872;3,9786;7,8125;
2026 02 03 08:01:20:874;0,314;13;2;13,5193;1,0728;53,7872;3,9786;3,9063;
2026 02 03 08:01:20:876;0,314;13;2;13,5193;1,0728;53,7872;3,9786;3,9063;
2026 02 03 08:01:20:878;0,314;13;2;13,5193;1,0728;53,7872;3,9786;7,8125;
2026 02 03 08:01:20:880;0,314;13;2;13,5193;1,0728;53,7872;3,9786;35,1563;
2026 02 03 08:01:20:882;0,314;13;2;13,5193;1,0728;53,7872;3,9786;15,625;
2026 02 03 08:01:20:884;0,314;13;2;13,5193;1,0728;53,7872;3,9786;3,9063;
2026 02 03 08:01:20:886;0,314;13;2;13,5193;1,0728;53,7872;3,9786;-15,625;
2026 02 03 08:01:20:888;0,314;13;2;13,5193;1,0728;53,7872;3,9786;0;
2026 02 03 08:01:20:890;0,314;13;2;13,5193;1,0728;53,7872;3,9786;7,8125;
2026 02 03 08:01:20:892;0,314;13;2;13,5193;1,0728;53,7872;3,9786;3,9063;
2026 02 03 08:01:20:894;0,314;13;2;13,5193;1,0728;53,7872;3,9786;7,8125;
2026 02 03 08:01:20:896;0,314;13;2;13,5193;1,0728;53,7872;3,9786;7,8125;
2026 02 03 08:01:20:898;0,314;13;2;13,5193;1,0728;53,7872;3,9786;7,8125;
2026 02 03 08:01:20:900;0,314;13;2;13,5193;1,0728;53,7872;3,9786;35,1563;
2026 02 03 08:01:20:902;0,314;13;2;13,5193;1,0728;53,7872;3,9786;15,625;
2026 02 03 08:01:20:904;0,314;13;2;13,5193;1,0728;53,7872;3,9786;7,8125;
2026 02 03 08:01:20:906;0,314;13;2;13,5193;1,0728;53,7872;3,9786;-15,625;
2026 02 03 08:01:20:908;0,314;13;2;13,5193;1,0728;53,7872;3,9786;0;
2026 02 03 08:01:20:910;0,314;13;2;13,5193;1,0728;53,7872;3,9786;3,9063;
2026 02 03 08:01:20:912;0,314;13;2;13,5193;1,0728;53,7872;3,9786;7,8125;
2026 02 03 08:01:20:914;0,314;13;2;13,5193;1,0728;53,7872;3,9786;3,9063;
2026 02 03 08:01:20:916;0,314;13;2;13,5193;1,0728;53,7872;3,9786;3,9063;
2026 02 03 08:01:20:918;0,314;13;2;13,5193;1,0728;53,7872;3,9786;3,9063;
2026 02 03 08:01:20:920;0,314;13;2;13,5193;1,0728;53,7872;3,9786;35,1563;
2026 02 03 08:01:20:922;0,314;13;2;13,5193;1,0728;53,7872;3,9786;15,625;
2026 02 03 08:01:20:924;0,314;13;2;13,5193;1,0728;53,7872;3,9786;7,8125;
2026 02 03 08:01:20:926;0,314;13;2;13,5193;1,0728;53,7872;3,9786;-19,5312;
2026 02 03 08:01:20:928;0,314;13;2;13,5193;1,0728;53,7872;3,9786;0;
2026 02 03 08:01:20:930;0,314;13;2;13,5193;1,0728;53,7872;3,9786;3,9063;
2026 02 03 08:01:20:932;0,314;13;2;13,5193;1,0728;53,7872;3,9786;7,8125;
2026 02 03 08:01:20:934;0,314;13;2;13,5193;1,0728;53,7872;3,9786;3,9063;
2026 02 03 08:01:20:936;0,314;13;2;13,5193;1,0728;53,7872;3,9786;3,9063;
2026 02 03 08:01:20:938;0,314;13;2;13,5193;1,0728;53,7872;3,9786;7,8125;
2026 02 03 08:01:20:940;0,314;13;2;13,5193;1,0728;53,7872;3,9786;35,1563;
2026 02 03 08:01:20:942;0,314;13;2;13,5193;1,0728;53,7872;3,9786;23,4375;
2026 02 03 08:01:20:944;0,314;13;2;13,5193;1,0728;53,7872;3,9786;3,9063;
2026 02 03 08:01:20:946;0,314;13;2;13,5193;1,0728;53,7872;3,9786;-11,7187;
2026 02 03 08:01:20:948;0,314;13;2;13,5193;1,0728;53,7872;3,9786;0;
2026 02 03 08:01:20:950;0,314;13;2;13,5193;1,0728;53,7872;3,9786;3,9063;
2026 02 03 08:01:20:952;0,314;13;2;13,5193;1,0728;53,7872;3,9786;7,8125;
2026 02 03 08:01:20:954;0,314;13;2;13,5193;1,0728;53,7872;3,9786;3,9063;
2026 02 03 08:01:20:956;0,314;13;2;13,5193;1,0728;53,7872;3,9786;3,9063;
2026 02 03 08:01:20:958;0,314;13;2;13,5193;1,0728;53,7872;3,9786;7,8125;
2026 02 03 08:01:20:960;0,314;13;2;13,5193;1,0728;53,7872;3,9786;35,1563;
2026 02 03 08:01:20:962;0,314;13;2;13,5193;1,0728;53,7872;3,9786;15,625;
2026 02 03 08:01:20:964;0,314;13;2;13,5193;1,0728;53,7872;3,9786;7,8125;
2026 02 03 08:01:20:966;0,314;13;2;13,5193;1,0728;53,7872;3,9786;-15,625;
2026 02 03 08:01:20:968;0,314;13;2;13,5193;1,0728;53,7872;3,9786;3,9063;
2026 02 03 08:01:20:970;0,314;13;2;13,5193;1,0728;53,7872;3,9786;3,9063;
2026 02 03 08:01:20:972;0,314;13;2;13,5193;1,0728;53,7872;3,9786;7,8125;
2026 02 03 08:01:20:974;0,314;13;2;13,5193;1,0728;53,7872;3,9786;3,9063;
2026 02 03 08:01:20:976;0,314;13;2;13,5193;1,0728;53,7872;3,9786;3,9063;
2026 02 03 08:01:20:978;0,314;13;2;13,5193;1,0728;53,7872;3,9786;7,8125;
2026 02 03 08:01:20:980;0,314;13;2;13,5193;1,0728;53,7872;3,9786;31,25;
2026 02 03 08:01:20:982;0,314;13;2;13,5193;1,0728;53,7872;3,9786;15,625;
2026 02 03 08:01:20:984;0,314;13;2;13,5193;1,0728;53,7872;3,9786;7,8125;
2026 02 03 08:01:20:986;0,314;13;2;13,5193;1,0728;53,7872;3,9786;-7,8125;
2026 02 03 08:01:20:988;0,314;13;2;13,5193;1,0728;53,7872;3,9786;0;
2026 02 03 08:01:20:990;0,314;13;2;13,5193;1,0728;53,7872;3,9786;3,9063;
2026 02 03 08:01:20:992;0,314;13;2;13,5193;1,0728;53,7872;3,9786;7,8125;
2026 02 03 08:01:20:994;0,314;13;2;13,5193;1,0728;53,7872;3,9786;7,8125;
2026 02 03 08:01:20:996;0,314;13;2;13,5193;1,0728;53,7872;3,9786;3,9063;
2026 02 03 08:01:20:998;0,314;13;2;13,5193;1,0728;53,7872;3,9786;7,8125;
2026 02 03 08:01:21:000;0,314;13;2;13,5193;1,0728;53,7872;3,9786;31,25;
2026 02 03 08:01:21:002;0,314;13;2;13,5193;1,0728;53,7872;3,9786;11,7188;
2026 02 03 08:01:21:004;0,314;13;2;13,5193;1,0728;53,7872;3,9786;7,8125;
2026 02 03 08:01:21:006;0,314;13;2;13,5193;1,0728;53,7872;3,9786;-11,7187;
2026 02 03 08:01:21:008;0,314;13;2;13,5193;1,0728;53,7872;3,9786;0;
2026 02 03 08:01:21:010;0,314;13;2;13,5193;1,0728;53,7872;3,9786;3,9063;
2026 02 03 08:01:21:012;0,314;13;2;13,5193;1,0728;53,7872;3,9786;7,8125;
2026 02 03 08:01:21:014;0,314;13;2;13,5193;1,0728;53,7872;3,9786;3,9063;
2026 02 03 08:01:21:016;0,314;13;2;13,5193;1,0728;53,7872;3,9786;3,9063;
2026 02 03 08:01:21:018;0,314;13;2;13,5193;1,0728;53,7872;3,9786;7,8125;
2026 02 03 08:01:21:020;0,314;13;2;13,5193;1,0728;53,7872;3,9786;35,1563;
2026 02 03 08:01:21:022;0,314;13;2;13,5193;1,0728;53,7872;3,9786;11,7188;
2026 02 03 08:01:21:024;0,314;13;2;13,5193;1,0728;53,7872;3,9786;3,9063;
2026 02 03 08:01:21:026;0,314;13;2;13,5193;1,0728;53,7872;3,9786;-19,5312;
2026 02 03 08:01:21:028;0,314;13;2;13,5193;1,0728;53,7872;3,9786;3,9063;
2026 02 03 08:01:21:030;0,314;13;2;13,5193;1,0728;53,7872;3,9786;7,8125;
2026 02 03 08:01:21:032;0,314;13;2;13,5193;1,0728;53,7872;3,9786;3,9063;
2026 02 03 08:01:21:034;0,314;13;2;13,5193;1,0728;53,7872;3,9786;7,8125;
2026 02 03 08:01:21:036;0,314;13;2;13,5193;1,0728;53,7872;3,9786;7,8125;
2026 02 03 08:01:21:038;0,314;13;2;13,5193;1,0728;53,7872;3,9786;7,8125;
2026 02 03 08:01:21:040;0,314;13;2;13,5193;1,0728;53,7872;3,9786;35,1563;
2026 02 03 08:01:21:042;0,314;13;2;13,5193;1,0728;53,7872;3,9786;19,5313;
2026 02 03 08:01:21:044;0,314;13;2;13,5193;1,0728;53,7872;3,9786;3,9063;
2026 02 03 08:01:21:046;0,314;13;2;13,5193;1,0728;53,7872;3,9786;-11,7187;
2026 02 03 08:01:21:048;0,314;13;2;13,5193;1,0728;53,7872;3,9786;0;
2026 02 03 08:01:21:050;0,314;13;2;13,5193;1,0728;53,7872;3,9786;7,8125;
2026 02 03 08:01:21:052;0,314;13;2;13,5193;1,0728;53,7872;3,9786;7,8125;
2026 02 03 08:01:21:054;0,314;13;2;13,5193;1,0728;53,7872;3,9786;3,9063;
2026 02 03 08:01:21:056;0,314;13;2;13,5193;1,0728;53,7872;3,9786;7,8125;
2026 02 03 08:01:21:058;0,314;13;2;13,5193;1,0728;53,7872;3,9786;7,8125;
2026 02 03 08:01:21:060;0,314;13;2;13,5193;1,0728;53,7872;3,9786;39,0625;
2026 02 03 08:01:21:062;0,314;13;2;13,5193;1,0728;53,7872;3,9786;15,625;
2026 02 03 08:01:21:064;0,314;13;2;13,5193;1,0728;53,7872;3,9786;7,8125;
2026 02 03 08:01:21:066;0,314;13;2;13,5193;1,0728;53,7872;3,9786;-15,625;
2026 02 03 08:01:21:068;0,314;13;2;13,5193;1,0728;53,7872;3,9786;0;
2026 02 03 08:01:21:070;0,314;13;2;13,5193;1,0728;53,7872;3,9786;7,8125;
2026 02 03 08:01:21:072;0,314;13;2;13,5193;1,0728;53,7872;3,9786;7,8125;
2026 02 03 08:01:21:074;0,314;13;2;13,5193;1,0728;53,7872;3,9786;7,8125;
2026 02 03 08:01:21:076;0,314;13;2;13,5193;1,0728;53,7872;3,9786;3,9063;
2026 02 03 08:01:21:078;0,314;13;2;13,5193;1,0728;53,7872;3,9786;7,8125;
2026 02 03 08:01:21:080;0,314;13;2;13,5345;1,0578;53,9246;3,9842;42,9688;
2026 02 03 08:01:21:082;0,314;13;2;13,5345;1,0578;53,9246;3,9842;19,5313;
2026 02 03 08:01:21:084;0,314;13;2;13,5345;1,0578;53,9246;3,9842;7,8125;
2026 02 03 08:01:21:086;0,314;13;2;13,5345;1,0578;53,9246;3,9842;-11,7187;
2026 02 03 08:01:21:088;0,314;13;2;13,5345;1,0578;53,9246;3,9842;0;
2026 02 03 08:01:21:090;0,314;13;2;13,5345;1,0578;53,9246;3,9842;3,9063;
2026 02 03 08:01:21:092;0,314;13;2;13,5345;1,0578;53,9246;3,9842;7,8125;
2026 02 03 08:01:21:094;0,314;13;2;13,5345;1,0578;53,9246;3,9842;7,8125;
2026 02 03 08:01:21:096;0,314;13;2;13,5345;1,0578;53,9246;3,9842;7,8125;
2026 02 03 08:01:21:098;0,314;13;2;13,5345;1,0578;53,9246;3,9842;3,9063;
2026 02 03 08:01:21:100;0,314;13;2;13,5345;1,0578;53,9246;3,9842;35,1563;
2026 02 03 08:01:21:102;0,314;13;2;13,5345;1,0578;53,9246;3,9842;19,5313;
2026 02 03 08:01:21:104;0,314;13;2;13,5345;1,0578;53,9246;3,9842;7,8125;
2026 02 03 08:01:21:106;0,314;13;2;13,5345;1,0578;53,9246;3,9842;-7,8125;
2026 02 03 08:01:21:108;0,314;13;2;13,5345;1,0578;53,9246;3,9842;3,9063;
2026 02 03 08:01:21:110;0,314;13;2;13,5345;1,0578;53,9246;3,9842;7,8125;
2026 02 03 08:01:21:112;0,314;13;2;13,5345;1,0578;53,9246;3,9842;3,9063;
2026 02 03 08:01:21:114;0,314;13;2;13,5345;1,0578;53,9246;3,9842;7,8125;
2026 02 03 08:01:21:116;0,314;13;2;13,5345;1,0578;53,9246;3,9842;3,9063;
2026 02 03 08:01:21:118;0,314;13;2;13,5345;1,0578;53,9246;3,9842;0;
2026 02 03 08:01:21:120;0,314;13;2;13,5345;1,0578;53,9246;3,9842;31,25;
2026 02 03 08:01:21:122;0,314;13;2;13,5345;1,0578;53,9246;3,9842;11,7188;
2026 02 03 08:01:21:124;0,314;13;2;13,5345;1,0578;53,9246;3,9842;-3,9062;
2026 02 03 08:01:21:126;0,314;13;2;13,5345;1,0578;53,9246;3,9842;-27,3437;
2026 02 03 08:01:21:128;0,314;13;2;13,5345;1,0578;53,9246;3,9842;-19,5312;
2026 02 03 08:01:21:130;0,314;13;2;13,5345;1,0578;53,9246;3,9842;-3,9062;
2026 02 03 08:01:21:132;0,314;13;2;13,5345;1,0578;53,9246;3,9842;0;
2026 02 03 08:01:21:134;0,314;13;2;13,5345;1,0578;53,9246;3,9842;-3,9062;
2026 02 03 08:01:21:136;0,314;13;2;13,5345;1,0578;53,9246;3,9842;-11,7187;
2026 02 03 08:01:21:138;0,314;13;2;13,5345;1,0578;53,9246;3,9842;-39,0625;
2026 02 03 08:01:21:140;0,314;13;2;13,5345;1,0578;53,9246;3,9842;-11,7187;
2026 02 03 08:01:21:142;0,314;13;2;13,5345;1,0578;53,9246;3,9842;78,125;
2026 02 03 08:01:21:144;0,314;13;2;13,5345;1,0578;53,9246;3,9842;3,9063;
2026 02 03 08:01:21:146;0,314;13;2;13,5345;1,0578;53,9246;3,9842;-85,9375;
2026 02 03 08:01:21:148;0,314;13;2;13,5345;1,0578;53,9246;3,9842;-23,4375;
2026 02 03 08:01:21:150;0,314;13;2;13,5345;1,0578;53,9246;3,9842;62,5;
2026 02 03 08:01:21:152;0,314;13;2;13,5345;1,0578;53,9246;3,9842;27,3438;
2026 02 03 08:01:21:154;0,314;13;2;13,5345;1,0578;53,9246;3,9842;-39,0625;
2026 02 03 08:01:21:156;0,314;13;2;13,5345;1,0578;53,9246;3,9842;-23,4375;
2026 02 03 08:01:21:158;0,314;13;2;13,5345;1,0578;53,9246;3,9842;15,625;
2026 02 03 08:01:21:160;0,314;13;2;13,5345;1,0578;53,9246;3,9842;62,5;
2026 02 03 08:01:21:162;0,314;13;2;13,5345;1,0578;53,9246;3,9842;50,7813;
2026 02 03 08:01:21:164;0,314;13;2;13,5345;1,0578;53,9246;3,9842;11,7188;
2026 02 03 08:01:21:166;0,314;13;2;13,5345;1,0578;53,9246;3,9842;-39,0625;
2026 02 03 08:01:21:168;0,314;13;2;13,5345;1,0578;53,9246;3,9842;19,5313;
2026 02 03 08:01:21:170;0,314;13;2;13,5345;1,0578;53,9246;3,9842;35,1563;
2026 02 03 08:01:21:172;0,314;13;2;13,5345;1,0578;53,9246;3,9842;27,3438;
2026 02 03 08:01:21:174;0,314;13;2;13,5345;1,0578;53,9246;3,9842;27,3438;
2026 02 03 08:01:21:176;0,314;13;2;13,5345;1,0578;53,9246;3,9842;27,3438;
2026 02 03 08:01:21:178;0,314;13;2;13,5345;1,0578;53,9246;3,9842;3,9063;
2026 02 03 08:01:21:180;0,314;13;2;13,5345;1,0578;53,9246;3,9842;58,5938;
2026 02 03 08:01:21:182;0,314;13;2;13,5345;1,0578;53,9246;3,9842;50,7813;
2026 02 03 08:01:21:184;0,314;13;2;13,5345;1,0578;53,9246;3,9842;27,3438;
2026 02 03 08:01:21:186;0,314;13;2;13,5345;1,0578;53,9246;3,9842;-27,3437;
2026 02 03 08:01:21:188;0,314;13;2;13,5345;1,0578;53,9246;3,9842;11,7188;
2026 02 03 08:01:21:190;0,314;13;2;13,5345;1,0578;53,9246;3,9842;35,1563;
2026 02 03 08:01:21:192;0,314;13;2;13,5345;1,0578;53,9246;3,9842;27,3438;
2026 02 03 08:01:21:194;0,314;13;2;13,5345;1,0578;53,9246;3,9842;7,8125;
2026 02 03 08:01:21:196;0,314;13;2;13,5345;1,0578;53,9246;3,9842;15,625;
2026 02 03 08:01:21:198;0,314;13;2;13,5345;1,0578;53,9246;3,9842;23,4375;
2026 02 03 08:01:21:200;0,314;13;2;13,5345;1,0578;53,9246;3,9842;35,1563;
2026 02 03 08:01:21:202;0,314;13;2;13,5345;1,0578;53,9246;3,9842;3,9063;
2026 02 03 08:01:21:204;0,314;13;2;13,5345;1,0578;53,9246;3,9842;0;
2026 02 03 08:01:21:206;0,314;13;2;13,5345;1,0578;53,9246;3,9842;31,25;
2026 02 03 08:01:21:208;0,314;13;2;13,5345;1,0578;53,9246;3,9842;-7,8125;
2026 02 03 08:01:21:210;0,314;13;2;13,5345;1,0578;53,9246;3,9842;-7,8125;
2026 02 03 08:01:21:212;0,314;13;2;13,5345;1,0578;53,9246;3,9842;-11,7187;
2026 02 03 08:01:21:214;0,314;13;2;13,5345;1,0578;53,9246;3,9842;27,3438;
2026 02 03 08:01:21:216;0,314;13;2;13,5345;1,0578;53,9246;3,9842;-39,0625;
2026 02 03 08:01:21:218;0,314;13;2;13,5345;1,0578;53,9246;3,9842;-19,5312;
2026 02 03 08:01:21:220;0,314;13;2;13,5345;1,0578;53,9246;3,9842;66,4063;
2026 02 03 08:01:21:222;0,314;13;2;13,5345;1,0578;53,9246;3,9842;39,0625;
2026 02 03 08:01:21:224;0,314;13;2;13,5345;1,0578;53,9246;3,9842;-50,7812;
2026 02 03 08:01:21:226;0,314;13;2;13,5345;1,0578;53,9246;3,9842;-31,25;
2026 02 03 08:01:21:228;0,314;13;2;13,5345;1,0578;53,9246;3,9842;3,9063;
2026 02 03 08:01:21:230;0,314;13;2;13,5345;1,0578;53,9246;3,9842;-35,1562;
2026 02 03 08:01:21:232;0,314;13;2;13,5345;1,0578;53,9246;3,9842;-27,3437;
2026 02 03 08:01:21:234;0,314;13;2;13,5345;1,0578;53,9246;3,9842;-50,7812;
2026 02 03 08:01:21:236;0,314;13;2;13,5345;1,0578;53,9246;3,9842;3,9063;
2026 02 03 08:01:21:238;0,314;13;2;13,5345;1,0578;53,9246;3,9842;11,7188;
2026 02 03 08:01:21:240;0,314;13;2;13,5345;1,0578;53,9246;3,9842;15,625;
2026 02 03 08:01:21:242;0,314;13;2;13,5345;1,0578;53,9246;3,9842;-74,2187;
2026 02 03 08:01:21:244;0,314;13;2;13,5345;1,0578;53,9246;3,9842;-70,3125;
2026 02 03 08:01:21:246;0,314;13;2;13,5345;1,0578;53,9246;3,9842;-78,125;
2026 02 03 08:01:21:248;0,314;13;2;13,5345;1,0578;53,9246;3,9842;-15,625;
2026 02 03 08:01:21:250;0,314;13;2;13,5345;1,0578;53,9246;3,9842;27,3438;
2026 02 03 08:01:21:252;0,314;13;2;13,5345;1,0578;53,9246;3,9842;35,1563;
2026 02 03 08:01:21:254;0,314;13;2;13,5345;1,0578;53,9246;3,9842;-132,8125;
2026 02 03 08:01:21:256;0,314;13;2;13,5345;1,0578;53,9246;3,9842;-82,0312;
2026 02 03 08:01:21:258;0,314;13;2;13,5345;1,0578;53,9246;3,9842;-3,9062;
2026 02 03 08:01:21:260;0,314;13;2;13,5345;1,0578;53,9246;3,9842;42,9688;
2026 02 03 08:01:21:262;0,314;13;2;13,5345;1,0578;53,9246;3,9842;-109,375;
2026 02 03 08:01:21:264;0,314;13;2;13,5345;1,0578;53,9246;3,9842;-46,875;
2026 02 03 08:01:21:266;0,314;13;2;13,5345;1,0578;53,9246;3,9842;-11,7187;
2026 02 03 08:01:21:268;0,314;13;2;13,5345;1,0578;53,9246;3,9842;-42,9687;
2026 02 03 08:01:21:270;0,314;13;2;13,5345;1,0578;53,9246;3,9842;-58,5937;
2026 02 03 08:01:21:272;0,314;13;2;13,5345;1,0578;53,9246;3,9842;-78,125;
2026 02 03 08:01:21:274;0,314;13;2;13,5345;1,0578;53,9246;3,9842;-3,9062;
2026 02 03 08:01:21:276;0,314;13;2;13,5345;1,0578;53,9246;3,9842;-15,625;
2026 02 03 08:01:21:278;0,314;13;2;13,5345;1,0578;53,9246;3,9842;-19,5312;
2026 02 03 08:01:21:280;0,314;13;2;13,5345;1,0578;53,9246;3,9842;-58,5937;
2026 02 03 08:01:21:282;0,314;13;2;13,5345;1,0578;53,9246;3,9842;-19,5312;
2026 02 03 08:01:21:284;0,314;13;2;13,5345;1,0578;53,9246;3,9842;-3,9062;
2026 02 03 08:01:21:286;0,314;13;2;13,5345;1,0578;53,9246;3,9842;-62,5;
2026 02 03 08:01:21:288;0,314;13;2;13,5345;1,0578;53,9246;3,9842;-89,8437;
2026 02 03 08:01:21:290;0,314;13;2;13,5345;1,0578;53,9246;3,9842;15,625;
2026 02 03 08:01:21:292;0,314;13;2;13,5345;1,0578;53,9246;3,9842;7,8125;
2026 02 03 08:01:21:294;0,314;13;2;13,5345;1,0578;53,9246;3,9842;-89,8437;
2026 02 03 08:01:21:296;0,314;13;2;13,5345;1,0578;53,9246;3,9842;-54,6875;
2026 02 03 08:01:21:298;0,314;13;2;13,5345;1,0578;53,9246;3,9842;7,8125;
2026 02 03 08:01:21:300;0,314;13;2;13,5345;1,0578;53,9246;3,9842;3,9063;
2026 02 03 08:01:21:302;0,314;13;2;13,5345;1,0578;53,9246;3,9842;-156,25;
2026 02 03 08:01:21:304;0,314;13;2;13,5345;1,0578;53,9246;3,9842;39,0625;
2026 02 03 08:01:21:306;0,314;13;2;13,5345;1,0578;53,9246;3,9842;54,6875;
2026 02 03 08:01:21:308;0,314;13;2;13,5345;1,0578;53,9246;3,9842;-89,8437;
2026 02 03 08:01:21:310;0,314;13;2;13,5345;1,0578;53,9246;3,9842;-171,875;
2026 02 03 08:01:21:312;0,314;13;2;13,5345;1,0578;53,9246;3,9842;-39,0625;
2026 02 03 08:01:21:314;0,314;13;2;13,5345;1,0578;53,9246;3,9842;-11,7187;
2026 02 03 08:01:21:316;0,314;13;2;13,5345;1,0578;53,9246;3,9842;-39,0625;
2026 02 03 08:01:21:318;0,314;13;2;13,5345;1,0578;53,9246;3,9842;-31,25;
2026 02 03 08:01:21:320;0,314;13;2;13,5345;1,0578;53,9246;3,9842;3,9063;
2026 02 03 08:01:21:322;0,314;13;2;13,5345;1,0578;53,9246;3,9842;-78,125;
2026 02 03 08:01:21:324;0,314;13;2;13,5345;1,0578;53,9246;3,9842;-82,0312;
2026 02 03 08:01:21:326;0,314;13;2;13,5345;1,0578;53,9246;3,9842;-19,5312;
2026 02 03 08:01:21:328;0,314;13;2;13,5345;1,0578;53,9246;3,9842;-35,1562;
2026 02 03 08:01:21:330;0,314;13;2;13,5345;1,0578;53,9246;3,9842;-101,5625;
2026 02 03 08:01:21:332;0,314;13;2;13,5345;1,0578;53,9246;3,9842;-42,9687;
2026 02 03 08:01:21:334;0,314;13;2;13,5345;1,0578;53,9246;3,9842;-7,8125;
2026 02 03 08:01:21:336;0,314;13;2;13,5345;1,0578;53,9246;3,9842;-54,6875;
2026 02 03 08:01:21:338;0,314;13;2;13,5345;1,0578;53,9246;3,9842;-101,5625;
2026 02 03 08:01:21:340;0,314;13;2;13,5345;1,0578;53,9246;3,9842;-54,6875;
2026 02 03 08:01:21:342;0,314;13;2;13,5345;1,0578;53,9246;3,9842;27,3438;
2026 02 03 08:01:21:344;0,314;13;2;13,5345;1,0578;53,9246;3,9842;-19,5312;
2026 02 03 08:01:21:346;0,314;13;2;13,5345;1,0578;53,9246;3,9842;-105,4687;
2026 02 03 08:01:21:348;0,314;13;2;13,5345;1,0578;53,9246;3,9842;-39,0625;
2026 02 03 08:01:21:350;0,314;13;2;13,5345;1,0578;53,9246;3,9842;-23,4375;
2026 02 03 08:01:21:352;0,314;13;2;13,5345;1,0578;53,9246;3,9842;-85,9375;
2026 02 03 08:01:21:354;0,314;13;2;13,5345;1,0578;53,9246;3,9842;-89,8437;
2026 02 03 08:01:21:356;0,314;13;2;13,5345;1,0578;53,9246;3,9842;-42,9687;
2026 02 03 08:01:21:358;0,314;13;2;13,5345;1,0578;53,9246;3,9842;-15,625;
2026 02 03 08:01:21:360;0,314;13;2;13,5345;1,0578;53,9246;3,9842;3,9063;
2026 02 03 08:01:21:362;0,314;13;2;13,5345;1,0578;53,9246;3,9842;-35,1562;
2026 02 03 08:01:21:364;0,314;13;2;13,5345;1,0578;53,9246;3,9842;-183,5937;
2026 02 03 08:01:21:366;0,314;13;2;13,5345;1,0578;53,9246;3,9842;-93,75;
2026 02 03 08:01:21:368;0,314;13;2;13,5345;1,0578;53,9246;3,9842;-70,3125;
2026 02 03 08:01:21:370;0,314;13;2;13,5345;1,0578;53,9246;3,9842;-11,7187;
2026 02 03 08:01:21:372;0,314;13;2;13,5345;1,0578;53,9246;3,9842;-93,75;
2026 02 03 08:01:21:374;0,314;13;2;13,5345;1,0578;53,9246;3,9842;-39,0625;
2026 02 03 08:01:21:376;0,314;13;2;13,5345;1,0578;53,9246;3,9842;-97,6562;
2026 02 03 08:01:21:378;0,314;13;2;13,5345;1,0325;50,1556;3,7057;-121,0937;
2026 02 03 08:01:21:380;0,314;13;2;13,5345;1,0325;50,1556;3,7057;23,4375;
2026 02 03 08:01:21:382;0,314;13;2;13,5345;1,0325;50,1556;3,7057;-105,4687;
2026 02 03 08:01:21:384;0,314;13;2;13,5345;1,0325;50,1556;3,7057;-191,4062;
2026 02 03 08:01:21:386;0,314;13;2;13,5345;1,0325;50,1556;3,7057;-82,0312;
2026 02 03 08:01:21:388;0,314;13;2;13,5345;1,0325;50,1556;3,7057;54,6875;
2026 02 03 08:01:21:390;0,314;13;2;13,5345;1,0325;50,1556;3,7057;-175,7812;
2026 02 03 08:01:21:392;0,314;13;2;13,5345;1,0325;50,1556;3,7057;-152,3437;
2026 02 03 08:01:21:394;0,314;13;2;13,5345;1,0325;50,1556;3,7057;-66,4062;
2026 02 03 08:01:21:396;0,314;13;2;13,5345;1,0325;50,1556;3,7057;-62,5;
2026 02 03 08:01:21:398;0,314;13;2;13,5345;1,0325;50,1556;3,7057;-117,1875;
2026 02 03 08:01:21:400;0,314;13;2;13,5345;1,0325;50,1556;3,7057;-11,7187;
2026 02 03 08:01:21:402;0,314;13;2;13,5345;1,0325;50,1556;3,7057;-7,8125;
2026 02 03 08:01:21:404;0,314;13;2;13,5345;1,0325;50,1556;3,7057;-230,4687;
2026 02 03 08:01:21:406;0,314;13;2;13,5345;1,0325;50,1556;3,7057;-58,5937;
2026 02 03 08:01:21:408;0,314;13;2;13,5345;1,0325;50,1556;3,7057;-19,5312;
2026 02 03 08:01:21:410;0,314;13;2;13,5345;1,0325;50,1556;3,7057;-156,25;
2026 02 03 08:01:21:412;0,314;13;2;13,5345;1,0325;50,1556;3,7057;-121,0937;
2026 02 03 08:01:21:414;0,314;13;2;13,5345;1,0325;50,1556;3,7057;58,5938;
2026 02 03 08:01:21:416;0,314;13;2;13,5345;1,0325;50,1556;3,7057;-128,9062;
2026 02 03 08:01:21:418;0,314;13;2;13,5345;1,0325;50,1556;3,7057;-226,5625;
2026 02 03 08:01:21:420;0,314;13;2;13,5345;1,0325;50,1556;3,7057;0;
2026 02 03 08:01:21:422;0,314;13;2;13,5345;1,0325;50,1556;3,7057;39,0625;
2026 02 03 08:01:21:424;0,314;13;2;13,5345;1,0325;50,1556;3,7057;-78,125;
2026 02 03 08:01:21:426;0,314;13;2;13,5345;1,0325;50,1556;3,7057;-66,4062;
2026 02 03 08:01:21:428;0,314;13;2;13,5345;1,0325;50,1556;3,7057;-42,9687;
2026 02 03 08:01:21:430;0,314;13;2;13,5345;1,0325;50,1556;3,7057;-125;
2026 02 03 08:01:21:432;0,314;13;2;13,5345;1,0325;50,1556;3,7057;-156,25;
2026 02 03 08:01:21:434;0,314;13;2;13,5345;1,0325;50,1556;3,7057;42,9688;
2026 02 03 08:01:21:436;0,314;13;2;13,5345;1,0325;50,1556;3,7057;-125;
2026 02 03 08:01:21:438;0,314;13;2;13,5345;1,0325;50,1556;3,7057;-128,9062;
2026 02 03 08:01:21:440;0,314;13;2;13,5345;1,0325;50,1556;3,7057;7,8125;
2026 02 03 08:01:21:442;0,314;13;2;13,5345;1,0325;50,1556;3,7057;3,9063;
2026 02 03 08:01:21:444;0,314;13;2;13,5345;1,0325;50,1556;3,7057;-187,5;
2026 02 03 08:01:21:446;0,314;13;2;13,5345;1,0325;50,1556;3,7057;-140,625;
2026 02 03 08:01:21:448;0,314;13;2;13,5345;1,0325;50,1556;3,7057;-19,5312;
2026 02 03 08:01:21:450;0,314;13;2;13,5345;1,0325;50,1556;3,7057;-113,2812;
2026 02 03 08:01:21:452;0,314;13;2;13,5345;1,0325;50,1556;3,7057;-89,8437;
2026 02 03 08:01:21:454;0,314;13;2;13,5345;1,0325;50,1556;3,7057;-54,6875;
2026 02 03 08:01:21:456;0,314;13;2;13,5345;1,0325;50,1556;3,7057;-82,0312;
2026 02 03 08:01:21:458;0,314;13;2;13,5345;1,0325;50,1556;3,7057;-152,3437;
2026 02 03 08:01:21:460;0,314;13;2;13,5345;1,0325;50,1556;3,7057;-23,4375;
2026 02 03 08:01:21:462;0,314;13;2;13,5345;1,0325;50,1556;3,7057;-85,9375;
2026 02 03 08:01:21:464;0,314;13;2;13,5345;1,0325;50,1556;3,7057;-203,125;
2026 02 03 08:01:21:466;0,314;13;2;13,5345;1,0325;50,1556;3,7057;-101,5625;
2026 02 03 08:01:21:468;0,314;13;2;13,5345;1,0325;50,1556;3,7057;-23,4375;
2026 02 03 08:01:21:470;0,314;13;2;13,5345;1,0325;50,1556;3,7057;-160,1562;
2026 02 03 08:01:21:472;0,314;13;2;13,5345;1,0325;50,1556;3,7057;-171,875;
2026 02 03 08:01:21:474;0,314;13;2;13,5345;1,0325;50,1556;3,7057;-19,5312;
2026 02 03 08:01:21:476;0,314;13;2;13,5345;1,0325;50,1556;3,7057;-42,9687;
2026 02 03 08:01:21:478;0,314;13;2;13,5345;1,0325;50,1556;3,7057;-85,9375;
2026 02 03 08:01:21:480;0,314;13;2;13,5345;1,0325;50,1556;3,7057;-66,4062;
2026 02 03 08:01:21:482;0,314;13;2;13,5345;1,0325;50,1556;3,7057;-113,2812;
2026 02 03 08:01:21:484;0,314;13;2;13,5345;1,0325;50,1556;3,7057;-179,6875;
2026 02 03 08:01:21:486;0,314;13;2;13,5345;1,0325;50,1556;3,7057;-82,0312;
2026 02 03 08:01:21:488;0,314;13;2;13,5345;1,0325;50,1556;3,7057;-35,1562;
2026 02 03 08:01:21:490;0,314;13;2;13,5345;1,0325;50,1556;3,7057;-121,0937;
2026 02 03 08:01:21:492;0,314;13;2;13,5345;1,0325;50,1556;3,7057;-148,4375;
2026 02 03 08:01:21:494;0,314;13;2;13,5345;1,0325;50,1556;3,7057;-58,5937;
2026 02 03 08:01:21:496;0,314;13;2;13,5345;1,0325;50,1556;3,7057;-82,0312;
2026 02 03 08:01:21:498;0,314;13;2;13,5345;1,0325;50,1556;3,7057;-234,375;
2026 02 03 08:01:21:500;0,314;13;2;13,5345;1,0325;50,1556;3,7057;-31,25;
2026 02 03 08:01:21:502;0,314;13;2;13,5345;1,0325;50,1556;3,7057;-78,125;
2026 02 03 08:01:21:504;0,314;13;2;13,5345;1,0325;50,1556;3,7057;-89,8437;
2026 02 03 08:01:21:506;0,314;13;2;13,5345;1,0325;50,1556;3,7057;-121,0937;
2026 02 03 08:01:21:508;0,314;13;2;13,5345;1,0325;50,1556;3,7057;-121,0937;
2026 02 03 08:01:21:510;0,314;13;2;13,5345;1,0325;50,1556;3,7057;-117,1875;
2026 02 03 08:01:21:512;0,314;13;2;13,5345;1,0325;50,1556;3,7057;-117,1875;
2026 02 03 08:01:21:514;0,314;13;2;13,5345;1,0325;50,1556;3,7057;-101,5625;
2026 02 03 08:01:21:516;0,314;13;2;13,5345;1,0325;50,1556;3,7057;-160,1562;
2026 02 03 08:01:21:518;0,314;13;2;13,5345;1,0325;50,1556;3,7057;-160,1562;
2026 02 03 08:01:21:520;0,314;13;2;13,5345;1,0325;50,1556;3,7057;-54,6875;
2026 02 03 08:01:21:522;0,314;13;2;13,5345;1,0325;50,1556;3,7057;-27,3437;
2026 02 03 08:01:21:524;0,314;13;2;13,5345;1,0325;50,1556;3,7057;-214,8437;
2026 02 03 08:01:21:526;0,314;13;2;13,5345;1,0325;50,1556;3,7057;-117,1875;
2026 02 03 08:01:21:528;0,314;13;2;13,5345;1,0325;50,1556;3,7057;-93,75;
2026 02 03 08:01:21:530;0,314;13;2;13,5345;1,0325;50,1556;3,7057;-125;
2026 02 03 08:01:21:532;0,314;13;2;13,5345;1,0325;50,1556;3,7057;-74,2187;
2026 02 03 08:01:21:534;0,314;13;2;13,5345;1,0325;50,1556;3,7057;-132,8125;
2026 02 03 08:01:21:536;0,314;13;2;13,5345;1,0325;50,1556;3,7057;-148,4375;
2026 02 03 08:01:21:538;0,314;13;2;13,5345;1,0325;50,1556;3,7057;-148,4375;
2026 02 03 08:01:21:540;0,314;13;2;13,5345;1,0325;50,1556;3,7057;-42,9687;
2026 02 03 08:01:21:542;0,314;13;2;13,5345;1,0325;50,1556;3,7057;-39,0625;
2026 02 03 08:01:21:544;0,314;13;2;13,5345;1,0325;50,1556;3,7057;-144,5312;
2026 02 03 08:01:21:546;0,314;13;2;13,5345;1,0325;50,1556;3,7057;-203,125;
2026 02 03 08:01:21:548;0,314;13;2;13,5345;1,0325;50,1556;3,7057;-62,5;
2026 02 03 08:01:21:550;0,314;13;2;13,5345;1,0325;50,1556;3,7057;-152,3437;
2026 02 03 08:01:21:552;0,314;13;2;13,5345;1,0325;50,1556;3,7057;-140,625;
2026 02 03 08:01:21:554;0,314;13;2;13,5345;1,0325;50,1556;3,7057;-89,8437;
2026 02 03 08:01:21:556;0,314;13;2;13,5345;1,0325;50,1556;3,7057;-78,125;
2026 02 03 08:01:21:558;0,314;13;2;13,5345;1,0325;50,1556;3,7057;-117,1875;
2026 02 03 08:01:21:560;0,314;13;2;13,5345;1,0325;50,1556;3,7057;-70,3125;
2026 02 03 08:01:21:562;0,314;13;2;13,5345;1,0325;50,1556;3,7057;-136,7187;
2026 02 03 08:01:21:564;0,314;13;2;13,5345;1,0325;50,1556;3,7057;-136,7187;
2026 02 03 08:01:21:566;0,314;13;2;13,5345;1,0325;50,1556;3,7057;-183,5937;
2026 02 03 08:01:21:568;0,314;13;2;13,5345;1,0325;50,1556;3,7057;-39,0625;
2026 02 03 08:01:21:570;0,314;13;2;13,5345;1,0325;50,1556;3,7057;-140,625;
2026 02 03 08:01:21:572;0,314;13;2;13,5345;1,0325;50,1556;3,7057;-167,9687;
2026 02 03 08:01:21:574;0,314;13;2;13,5345;1,0325;50,1556;3,7057;-93,75;
2026 02 03 08:01:21:576;0,314;13;2;13,5345;1,0325;50,1556;3,7057;-50,7812;
2026 02 03 08:01:21:578;0,314;13;2;13,5345;1,0325;50,1556;3,7057;-230,4687;
2026 02 03 08:01:21:580;0,314;13;2;13,5345;1,0325;50,1556;3,7057;-101,5625;
2026 02 03 08:01:21:582;0,314;13;2;13,5345;1,0325;50,1556;3,7057;-58,5937;
2026 02 03 08:01:21:584;0,314;13;2;13,5345;1,0325;50,1556;3,7057;-113,2812;
2026 02 03 08:01:21:586;0,314;13;2;13,5345;1,0325;50,1556;3,7057;-121,0937;
2026 02 03 08:01:21:588;0,314;13;2;13,5345;1,0325;50,1556;3,7057;-117,1875;
2026 02 03 08:01:21:590;0,314;13;2;13,5345;1,0325;50,1556;3,7057;-160,1562;
2026 02 03 08:01:21:592;0,314;13;2;13,5345;1,0325;50,1556;3,7057;-183,5937;
2026 02 03 08:01:21:594;0,314;13;2;13,5345;1,0325;50,1556;3,7057;-70,3125;
2026 02 03 08:01:21:596;0,314;13;2;13,5345;1,0325;50,1556;3,7057;-50,7812;
2026 02 03 08:01:21:598;0,314;13;2;13,5345;1,0325;50,1556;3,7057;-214,8437;
2026 02 03 08:01:21:600;0,314;13;2;13,5345;1,0325;50,1556;3,7057;-113,2812;
2026 02 03 08:01:21:602;0,314;13;2;13,5345;1,0325;50,1556;3,7057;-46,875;
2026 02 03 08:01:21:604;0,314;13;2;13,5345;1,0325;50,1556;3,7057;-136,7187;
2026 02 03 08:01:21:606;0,314;13;2;13,5345;1,0325;50,1556;3,7057;-207,0312;
2026 02 03 08:01:21:608;0,314;13;2;13,5345;1,0325;50,1556;3,7057;-82,0312;
2026 02 03 08:01:21:610;0,314;13;2;13,5345;1,0325;50,1556;3,7057;-105,4687;
2026 02 03 08:01:21:612;0,314;13;2;13,5345;1,0325;50,1556;3,7057;-148,4375;
2026 02 03 08:01:21:614;0,314;13;2;13,5345;1,0325;50,1556;3,7057;-148,4375;
2026 02 03 08:01:21:616;0,314;13;2;13,5345;1,0325;50,1556;3,7057;-113,2812;
2026 02 03 08:01:21:618;0,314;13;2;13,5345;1,0325;50,1556;3,7057;-167,9687;
2026 02 03 08:01:21:620;0,314;13;2;13,5345;1,0325;50,1556;3,7057;-74,2187;
2026 02 03 08:01:21:622;0,314;13;2;13,5345;1,0325;50,1556;3,7057;-85,9375;
2026 02 03 08:01:21:624;0,314;13;2;13,5345;1,0325;50,1556;3,7057;-152,3437;
2026 02 03 08:01:21:626;0,314;13;2;13,5345;1,0325;50,1556;3,7057;-222,6562;
2026 02 03 08:01:21:628;0,314;13;2;13,5345;1,0325;50,1556;3,7057;-136,7187;
2026 02 03 08:01:21:630;0,314;13;2;13,5345;1,0325;50,1556;3,7057;-101,5625;
2026 02 03 08:01:21:632;0,314;13;2;13,5345;1,0325;50,1556;3,7057;-199,2187;
2026 02 03 08:01:21:634;0,314;13;2;13,5345;1,0325;50,1556;3,7057;-140,625;
2026 02 03 08:01:21:636;0,314;13;2;13,5345;1,0325;50,1556;3,7057;-101,5625;
2026 02 03 08:01:21:638;0,314;13;2;13,5345;1,0325;50,1556;3,7057;-93,75;
2026 02 03 08:01:21:640;0,314;13;2;13,5345;1,0325;50,1556;3,7057;-74,2187;
2026 02 03 08:01:21:642;0,314;13;2;13,5345;1,0325;50,1556;3,7057;-144,5312;
2026 02 03 08:01:21:644;0,314;13;2;13,5345;1,0325;50,1556;3,7057;-191,4062;
2026 02 03 08:01:21:646;0,314;13;2;13,5345;1,0325;50,1556;3,7057;-183,5937;
2026 02 03 08:01:21:648;0,314;13;2;13,5345;1,0325;50,1556;3,7057;-82,0312;
2026 02 03 08:01:21:650;0,314;13;2;13,5345;1,0325;50,1556;3,7057;-136,7187;
2026 02 03 08:01:21:652;0,314;13;2;13,5345;1,0325;50,1556;3,7057;-160,1562;
2026 02 03 08:01:21:654;0,314;13;2;13,5345;1,0325;50,1556;3,7057;-167,9687;
2026 02 03 08:01:21:656;0,314;13;2;13,5345;1,0325;50,1556;3,7057;-58,5937;
2026 02 03 08:01:21:658;0,314;13;2;13,5345;1,0325;50,1556;3,7057;-187,5;
2026 02 03 08:01:21:660;0,314;13;2;13,5345;1,0325;50,1556;3,7057;-105,4687;
2026 02 03 08:01:21:662;0,314;13;2;13,5345;1,0325;50,1556;3,7057;-117,1875;
2026 02 03 08:01:21:664;0,314;13;2;13,5345;1,0325;50,1556;3,7057;-101,5625;
2026 02 03 08:01:21:666;0,314;13;2;13,5345;1,0325;50,1556;3,7057;-152,3437;
2026 02 03 08:01:21:668;0,314;13;2;13,5345;1,0325;50,1556;3,7057;-117,1875;
2026 02 03 08:01:21:670;0,314;13;2;13,5345;1,0325;50,1556;3,7057;-179,6875;
2026 02 03 08:01:21:672;0,314;13;2;13,5345;1,0325;50,1556;3,7057;-132,8125;
2026 02 03 08:01:21:674;0,314;13;2;13,5345;1,0325;50,1556;3,7057;-121,0937;
2026 02 03 08:01:21:676;0,314;13;2;13,5345;1,0325;50,1556;3,7057;-101,5625;
2026 02 03 08:01:21:678;0,325;25;2;255999,9844;-3;237,0453;0,0009;-195,3125;
2026 02 03 08:01:21:680;0,325;25;2;255999,9844;-3;237,0453;0,0009;-128,9062;
2026 02 03 08:01:21:682;0,325;25;2;255999,9844;-3;237,0453;0,0009;-113,2812;
2026 02 03 08:01:21:684;0,325;25;2;255999,9844;-3;237,0453;0,0009;-132,8125;
2026 02 03 08:01:21:686;0,325;25;2;255999,9844;-3;237,0453;0,0009;-187,5;
2026 02 03 08:01:21:688;0,325;25;2;255999,9844;-3;237,0453;0,0009;-164,0625;
2026 02 03 08:01:21:690;0,325;25;2;255999,9844;-3;237,0453;0,0009;-82,0312;
2026 02 03 08:01:21:692;0,325;25;2;255999,9844;-3;237,0453;0,0009;-136,7187;
2026 02 03 08:01:21:694;0,325;25;2;255999,9844;-3;237,0453;0,0009;-132,8125;
2026 02 03 08:01:21:696;0,325;25;2;255999,9844;-3;237,0453;0,0009;-195,3125;
2026 02 03 08:01:21:698;0,325;25;2;255999,9844;-3;237,0453;0,0009;-152,3437;
2026 02 03 08:01:21:700;0,325;25;2;255999,9844;-3;237,0453;0,0009;-132,8125;
2026 02 03 08:01:21:702;0,325;25;2;255999,9844;-3;237,0453;0,0009;-74,2187;
2026 02 03 08:01:21:704;0,325;25;2;255999,9844;-3;237,0453;0,0009;-132,8125;
2026 02 03 08:01:21:706;0,325;25;2;255999,9844;-3;237,0453;0,0009;-175,7812;
2026 02 03 08:01:21:708;0,325;25;2;255999,9844;-3;237,0453;0,0009;-187,5;
2026 02 03 08:01:21:710;0,325;25;2;255999,9844;-3;237,0453;0,0009;-140,625;
2026 02 03 08:01:21:712;0,325;25;2;255999,9844;-3;237,0453;0,0009;-175,7812;
2026 02 03 08:01:21:714;0,325;25;2;255999,9844;-3;237,0453;0,0009;-148,4375;
2026 02 03 08:01:21:716;0,325;25;2;255999,9844;-3;237,0453;0,0009;-117,1875;
2026 02 03 08:01:21:718;0,325;25;2;255999,9844;-3;237,0453;0,0009;-101,5625;
2026 02 03 08:01:21:720;0,325;25;2;255999,9844;-3;237,0453;0,0009;-113,2812;
2026 02 03 08:01:21:722;0,325;25;2;255999,9844;-3;237,0453;0,0009;-125;
2026 02 03 08:01:21:724;0,325;25;2;255999,9844;-3;237,0453;0,0009;-148,4375;
2026 02 03 08:01:21:726;0,325;25;2;255999,9844;-3;237,0453;0,0009;-183,5937;
2026 02 03 08:01:21:728;0,325;25;2;255999,9844;-3;237,0453;0,0009;-179,6875;
2026 02 03 08:01:21:730;0,325;25;2;255999,9844;-3;237,0453;0,0009;-109,375;
2026 02 03 08:01:21:732;0,325;25;2;255999,9844;-3;237,0453;0,0009;-175,7812;
2026 02 03 08:01:21:734;0,325;25;2;255999,9844;-3;237,0453;0,0009;-152,3437;
2026 02 03 08:01:21:736;0,325;25;2;255999,9844;-3;237,0453;0,0009;-128,9062;
2026 02 03 08:01:21:738;0,325;25;2;255999,9844;-3;237,0453;0,0009;-152,3437;
2026 02 03 08:01:21:740;0,325;25;2;255999,9844;-3;237,0453;0,0009;-187,5;
2026 02 03 08:01:21:742;0,325;25;2;255999,9844;-3;237,0453;0,0009;-179,6875;
2026 02 03 08:01:21:744;0,325;25;2;255999,9844;-3;237,0453;0,0009;-97,6562;
2026 02 03 08:01:21:746;0,325;25;2;255999,9844;-3;237,0453;0,0009;-140,625;
2026 02 03 08:01:21:748;0,325;25;2;255999,9844;-3;237,0453;0,0009;-171,875;
2026 02 03 08:01:21:750;0,325;25;2;255999,9844;-3;237,0453;0,0009;-140,625;
2026 02 03 08:01:21:752;0,325;25;2;255999,9844;-3;237,0453;0,0009;-191,4062;
2026 02 03 08:01:21:754;0,325;25;2;255999,9844;-3;237,0453;0,0009;-167,9687;
2026 02 03 08:01:21:756;0,325;25;2;255999,9844;-3;237,0453;0,0009;-97,6562;
2026 02 03 08:01:21:758;0,325;25;2;255999,9844;-3;237,0453;0,0009;-136,7187;
2026 02 03 08:01:21:760;0,325;25;2;255999,9844;-3;237,0453;0,0009;-175,7812;
2026 02 03 08:01:21:762;0,325;25;2;255999,9844;-3;237,0453;0,0009;-195,3125;
2026 02 03 08:01:21:764;0,325;25;2;255999,9844;-3;237,0453;0,0009;-152,3437;
2026 02 03 08:01:21:766;0,325;25;2;255999,9844;-3;237,0453;0,0009;-195,3125;
2026 02 03 08:01:21:768;0,325;25;2;255999,9844;-3;237,0453;0,0009;-144,5312;
2026 02 03 08:01:21:770;0,325;25;2;255999,9844;-3;237,0453;0,0009;-97,6562;
2026 02 03 08:01:21:772;0,325;25;2;255999,9844;-3;237,0453;0,0009;-105,4687;
2026 02 03 08:01:21:774;0,325;25;2;255999,9844;-3;237,0453;0,0009;-222,6562;
2026 02 03 08:01:21:776;0,325;25;2;255999,9844;-3;237,0453;0,0009;-156,25;
2026 02 03 08:01:21:778;0,325;25;2;255999,9844;-3;237,0453;0,0009;-144,5312;
2026 02 03 08:01:21:780;0,325;25;2;255999,9844;-3;237,0453;0,0009;-175,7812;
2026 02 03 08:01:21:782;0,325;25;2;255999,9844;-3;237,0453;0,0009;-125;
2026 02 03 08:01:21:784;0,325;25;2;255999,9844;-3;237,0453;0,0009;-105,4687;
2026 02 03 08:01:21:786;0,325;25;2;255999,9844;-3;237,0453;0,0009;-195,3125;
2026 02 03 08:01:21:788;0,325;25;2;255999,9844;-3;237,0453;0,0009;-203,125;
2026 02 03 08:01:21:790;0,325;25;2;255999,9844;-3;237,0453;0,0009;-156,25;
2026 02 03 08:01:21:792;0,325;25;2;255999,9844;-3;237,0453;0,0009;-136,7187;
2026 02 03 08:01:21:794;0,325;25;2;255999,9844;-3;237,0453;0,0009;-230,4687;
2026 02 03 08:01:21:796;0,325;25;2;255999,9844;-3;237,0453;0,0009;-164,0625;
2026 02 03 08:01:21:798;0,325;25;2;255999,9844;-3;237,0453;0,0009;-70,3125;
2026 02 03 08:01:21:800;0,325;25;2;255999,9844;-3;237,0453;0,0009;-148,4375;
2026 02 03 08:01:21:802;0,325;25;2;255999,9844;-3;237,0453;0,0009;-109,375;
2026 02 03 08:01:21:804;0,325;25;2;255999,9844;-3;237,0453;0,0009;-156,25;
2026 02 03 08:01:21:806;0,325;25;2;255999,9844;-3;237,0453;0,0009;-250;
2026 02 03 08:01:21:808;0,325;25;2;255999,9844;-3;237,0453;0,0009;-222,6562;
2026 02 03 08:01:21:810;0,325;25;2;255999,9844;-3;237,0453;0,0009;-62,5;
2026 02 03 08:01:21:812;0,325;25;2;255999,9844;-3;237,0453;0,0009;-183,5937;
2026 02 03 08:01:21:814;0,325;25;2;255999,9844;-3;237,0453;0,0009;-179,6875;
2026 02 03 08:01:21:816;0,325;25;2;255999,9844;-3;237,0453;0,0009;-136,7187;
2026 02 03 08:01:21:818;0,325;25;2;255999,9844;-3;237,0453;0,0009;-121,0937;
2026 02 03 08:01:21:820;0,325;25;2;255999,9844;-3;237,0453;0,0009;-148,4375;
2026 02 03 08:01:21:822;0,325;25;2;255999,9844;-3;237,0453;0,0009;-203,125;
2026 02 03 08:01:21:824;0,325;25;2;255999,9844;-3;237,0453;0,0009;-85,9375;
2026 02 03 08:01:21:826;0,325;25;2;255999,9844;-3;237,0453;0,0009;-156,25;
2026 02 03 08:01:21:828;0,325;25;2;255999,9844;-3;237,0453;0,0009;-210,9375;
2026 02 03 08:01:21:830;0,325;25;2;255999,9844;-3;237,0453;0,0009;-125;
2026 02 03 08:01:21:832;0,325;25;2;255999,9844;-3;237,0453;0,0009;-191,4062;
2026 02 03 08:01:21:834;0,325;25;2;255999,9844;-3;237,0453;0,0009;-199,2187;
2026 02 03 08:01:21:836;0,325;25;2;255999,9844;-3;237,0453;0,0009;-105,4687;
2026 02 03 08:01:21:838;0,325;25;2;255999,9844;-3;237,0453;0,0009;-148,4375;
2026 02 03 08:01:21:840;0,325;25;2;255999,9844;-3;237,0453;0,0009;-199,2187;
2026 02 03 08:01:21:842;0,325;25;2;255999,9844;-3;237,0453;0,0009;-171,875;
2026 02 03 08:01:21:844;0,325;25;2;255999,9844;-3;237,0453;0,0009;-167,9687;
2026 02 03 08:01:21:846;0,325;25;2;255999,9844;-3;237,0453;0,0009;-179,6875;
2026 02 03 08:01:21:848;0,325;25;2;255999,9844;-3;237,0453;0,0009;-179,6875;
2026 02 03 08:01:21:850;0,325;25;2;255999,9844;-3;237,0453;0,0009;-144,5312;
2026 02 03 08:01:21:852;0,325;25;2;255999,9844;-3;237,0453;0,0009;-82,0312;
2026 02 03 08:01:21:854;0,325;25;2;255999,9844;-3;237,0453;0,0009;-218,75;
2026 02 03 08:01:21:856;0,325;25;2;255999,9844;-3;237,0453;0,0009;-179,6875;
2026 02 03 08:01:21:858;0,325;25;2;255999,9844;-3;237,0453;0,0009;-183,5937;
2026 02 03 08:01:21:860;0,325;25;2;255999,9844;-3;237,0453;0,0009;-183,5937;
2026 02 03 08:01:21:862;0,325;25;2;255999,9844;-3;237,0453;0,0009;-152,3437;
2026 02 03 08:01:21:864;0,325;25;2;255999,9844;-3;237,0453;0,0009;-125;
2026 02 03 08:01:21:866;0,325;25;2;255999,9844;-3;237,0453;0,0009;-195,3125;
2026 02 03 08:01:21:868;0,325;25;2;255999,9844;-3;237,0453;0,0009;-164,0625;
2026 02 03 08:01:21:870;0,325;25;2;255999,9844;-3;237,0453;0,0009;-144,5312;
2026 02 03 08:01:21:872;0,325;25;2;255999,9844;-3;237,0453;0,0009;-195,3125;
2026 02 03 08:01:21:874;0,325;25;2;255999,9844;-3;237,0453;0,0009;-230,4687;
2026 02 03 08:01:21:876;0,325;25;2;255999,9844;-3;237,0453;0,0009;-167,9687;
2026 02 03 08:01:21:878;0,325;25;2;255999,9844;-3;237,0453;0,0009;-136,7187;
2026 02 03 08:01:21:880;0,325;25;2;255999,9844;-3;237,0453;0,0009;-89,8437;
2026 02 03 08:01:21:882;0,325;25;2;255999,9844;-3;237,0453;0,0009;-175,7812;
2026 02 03 08:01:21:884;0,325;25;2;255999,9844;-3;237,0453;0,0009;-117,1875;
2026 02 03 08:01:21:886;0,325;25;2;255999,9844;-3;237,0453;0,0009;-214,8437;
2026 02 03 08:01:21:888;0,325;25;2;255999,9844;-3;237,0453;0,0009;-253,9062;
2026 02 03 08:01:21:890;0,325;25;2;255999,9844;-3;237,0453;0,0009;-93,75;
2026 02 03 08:01:21:892;0,325;25;2;255999,9844;-3;237,0453;0,0009;-207,0312;
2026 02 03 08:01:21:894;0,325;25;2;255999,9844;-3;237,0453;0,0009;-242,1875;
2026 02 03 08:01:21:896;0,325;25;2;255999,9844;-3;237,0453;0,0009;-132,8125;
2026 02 03 08:01:21:898;0,325;25;2;255999,9844;-3;237,0453;0,0009;-125;
2026 02 03 08:01:21:900;0,325;25;2;255999,9844;-3;237,0453;0,0009;-117,1875;
2026 02 03 08:01:21:902;0,325;25;2;255999,9844;-3;237,0453;0,0009;-218,75;
2026 02 03 08:01:21:904;0,325;25;2;255999,9844;-3;237,0453;0,0009;-164,0625;
2026 02 03 08:01:21:906;0,325;25;2;255999,9844;-3;237,0453;0,0009;-144,5312;
2026 02 03 08:01:21:908;0,325;25;2;255999,9844;-3;237,0453;0,0009;-214,8437;
2026 02 03 08:01:21:910;0,325;25;2;255999,9844;-3;237,0453;0,0009;-167,9687;
2026 02 03 08:01:21:912;0,325;25;2;255999,9844;-3;237,0453;0,0009;-175,7812;
2026 02 03 08:01:21:914;0,325;25;2;255999,9844;-3;237,0453;0,0009;-234,375;
2026 02 03 08:01:21:916;0,325;25;2;255999,9844;-3;237,0453;0,0009;-132,8125;
2026 02 03 08:01:21:918;0,325;25;2;255999,9844;-3;237,0453;0,0009;-78,125;
2026 02 03 08:01:21:920;0,325;25;2;255999,9844;-3;237,0453;0,0009;-234,375;
2026 02 03 08:01:21:922;0,325;25;2;255999,9844;-3;237,0453;0,0009;-160,1562;
2026 02 03 08:01:21:924;0,325;25;2;255999,9844;-3;237,0453;0,0009;-171,875;
2026 02 03 08:01:21:926;0,325;25;2;255999,9844;-3;237,0453;0,0009;-203,125;
2026 02 03 08:01:21:928;0,325;25;2;255999,9844;-3;237,0453;0,0009;-222,6562;
2026 02 03 08:01:21:930;0,325;25;2;255999,9844;-3;237,0453;0,0009;-156,25;
2026 02 03 08:01:21:932;0,325;25;2;255999,9844;-3;237,0453;0,0009;-78,125;
2026 02 03 08:01:21:934;0,325;25;2;255999,9844;-3;237,0453;0,0009;-152,3437;
2026 02 03 08:01:21:936;0,325;25;2;255999,9844;-3;237,0453;0,0009;-230,4687;
2026 02 03 08:01:21:938;0,325;25;2;255999,9844;-3;237,0453;0,0009;-136,7187;
2026 02 03 08:01:21:940;0,325;25;2;255999,9844;-3;237,0453;0,0009;-203,125;
2026 02 03 08:01:21:942;0,325;25;2;255999,9844;-3;237,0453;0,0009;-195,3125;
2026 02 03 08:01:21:944;0,325;25;2;255999,9844;-3;237,0453;0,0009;-105,4687;
2026 02 03 08:01:21:946;0,325;25;2;255999,9844;-3;237,0453;0,0009;-187,5;
2026 02 03 08:01:21:948;0,325;25;2;255999,9844;-3;237,0453;0,0009;-187,5;
2026 02 03 08:01:21:950;0,325;25;2;255999,9844;-3;237,0453;0,0009;-136,7187;
2026 02 03 08:01:21:952;0,325;25;2;255999,9844;-3;237,0453;0,0009;-199,2187;
2026 02 03 08:01:21:954;0,325;25;2;255999,9844;-3;237,0453;0,0009;-199,2187;
2026 02 03 08:01:21:956;0,325;25;2;255999,9844;-3;237,0453;0,0009;-277,3437;
2026 02 03 08:01:21:958;0,325;25;2;255999,9844;-3;237,0453;0,0009;-152,3437;
2026 02 03 08:01:21:960;0,325;25;2;255999,9844;-3;237,0453;0,0009;-70,3125;
2026 02 03 08:01:21:962;0,325;25;2;255999,9844;-3;237,0453;0,0009;-156,25;
2026 02 03 08:01:21:964;0,325;25;2;255999,9844;-3;237,0453;0,0009;-117,1875;
2026 02 03 08:01:21:966;0,325;25;2;255999,9844;-3;237,0453;0,0009;-183,5937;
2026 02 03 08:01:21:968;0,325;25;2;255999,9844;-3;237,0453;0,0009;-265,625;
2026 02 03 08:01:21:970;0,325;25;2;255999,9844;-3;237,0453;0,0009;-140,625;
2026 02 03 08:01:21:972;0,325;25;2;255999,9844;-3;237,0453;0,0009;-179,6875;
2026 02 03 08:01:21:974;0,325;25;2;255999,9844;-3;237,0453;0,0009;-230,4687;
2026 02 03 08:01:21:976;0,325;25;2;255999,9844;-3;237,0453;0,0009;-164,0625;
2026 02 03 08:01:21:978;0,49;60;4;255999,9844;-3;195,1904;0,0007;-125;
2026 02 03 08:01:21:980;0,49;60;4;255999,9844;-3;195,1904;0,0007;-179,6875;
2026 02 03 08:01:21:982;0,49;60;4;255999,9844;-3;195,1904;0,0007;-167,9687;
2026 02 03 08:01:21:984;0,49;60;4;255999,9844;-3;195,1904;0,0007;-164,0625;
2026 02 03 08:01:21:986;0,49;60;4;255999,9844;-3;195,1904;0,0007;-175,7812;
2026 02 03 08:01:21:988;0,49;60;4;255999,9844;-3;195,1904;0,0007;-199,2187;
2026 02 03 08:01:21:990;0,49;60;4;255999,9844;-3;195,1904;0,0007;-164,0625;
2026 02 03 08:01:21:992;0,49;60;4;255999,9844;-3;195,1904;0,0007;-140,625;
2026 02 03 08:01:21:994;0,49;60;4;255999,9844;-3;195,1904;0,0007;-207,0312;
2026 02 03 08:01:21:996;0,49;60;4;255999,9844;-3;195,1904;0,0007;-187,5;
2026 02 03 08:01:21:998;0,49;60;4;255999,9844;-3;195,1904;0,0007;-97,6562;
2026 02 03 08:01:22:000;0,49;60;4;255999,9844;-3;195,1904;0,0007;-167,9687;
2026 02 03 08:01:22:002;0,49;60;4;255999,9844;-3;195,1904;0,0007;-195,3125;
2026 02 03 08:01:22:004;0,49;60;4;255999,9844;-3;195,1904;0,0007;-167,9687;
2026 02 03 08:01:22:006;0,49;60;4;255999,9844;-3;195,1904;0,0007;-195,3125;
2026 02 03 08:01:22:008;0,49;60;4;255999,9844;-3;195,1904;0,0007;-250;
2026 02 03 08:01:22:010;0,49;60;4;255999,9844;-3;195,1904;0,0007;-156,25;
2026 02 03 08:01:22:012;0,49;60;4;255999,9844;-3;195,1904;0,0007;-140,625;
2026 02 03 08:01:22:014;0,49;60;4;255999,9844;-3;195,1904;0,0007;-113,2812;
2026 02 03 08:01:22:016;0,49;60;4;255999,9844;-3;195,1904;0,0007;-160,1562;
2026 02 03 08:01:22:018;0,49;60;4;255999,9844;-3;195,1904;0,0007;-156,25;
2026 02 03 08:01:22:020;0,49;60;4;255999,9844;-3;195,1904;0,0007;-203,125;
2026 02 03 08:01:22:022;0,49;60;4;255999,9844;-3;195,1904;0,0007;-261,7187;
2026 02 03 08:01:22:024;0,49;60;4;255999,9844;-3;195,1904;0,0007;-175,7812;
2026 02 03 08:01:22:026;0,49;60;4;255999,9844;-3;195,1904;0,0007;-148,4375;
2026 02 03 08:01:22:028;0,49;60;4;255999,9844;-3;195,1904;0,0007;-187,5;
2026 02 03 08:01:22:030;0,49;60;4;255999,9844;-3;195,1904;0,0007;-128,9062;
2026 02 03 08:01:22:032;0,49;60;4;255999,9844;-3;195,1904;0,0007;-160,1562;
2026 02 03 08:01:22:034;0,49;60;4;255999,9844;-3;195,1904;0,0007;-234,375;
2026 02 03 08:01:22:036;0,49;60;4;255999,9844;-3;195,1904;0,0007;-246,0937;
2026 02 03 08:01:22:038;0,49;60;4;255999,9844;-3;195,1904;0,0007;-132,8125;
2026 02 03 08:01:22:040;0,49;60;4;255999,9844;-3;195,1904;0,0007;-125;
2026 02 03 08:01:22:042;0,49;60;4;255999,9844;-3;195,1904;0,0007;-164,0625;
2026 02 03 08:01:22:044;0,49;60;4;255999,9844;-3;195,1904;0,0007;-128,9062;
2026 02 03 08:01:22:046;0,49;60;4;255999,9844;-3;195,1904;0,0007;-140,625;
2026 02 03 08:01:22:048;0,49;60;4;255999,9844;-3;195,1904;0,0007;-261,7187;
2026 02 03 08:01:22:050;0,49;60;4;255999,9844;-3;195,1904;0,0007;-183,5937;
2026 02 03 08:01:22:052;0,49;60;4;255999,9844;-3;195,1904;0,0007;-140,625;
2026 02 03 08:01:22:054;0,49;60;4;255999,9844;-3;195,1904;0,0007;-226,5625;
2026 02 03 08:01:22:056;0,49;60;4;255999,9844;-3;195,1904;0,0007;-203,125;
2026 02 03 08:01:22:058;0,49;60;4;255999,9844;-3;195,1904;0,0007;-125;
2026 02 03 08:01:22:060;0,49;60;4;255999,9844;-3;195,1904;0,0007;-125;
2026 02 03 08:01:22:062;0,49;60;4;255999,9844;-3;195,1904;0,0007;-218,75;
2026 02 03 08:01:22:064;0,49;60;4;255999,9844;-3;195,1904;0,0007;-203,125;
2026 02 03 08:01:22:066;0,49;60;4;255999,9844;-3;195,1904;0,0007;-144,5312;
2026 02 03 08:01:22:068;0,49;60;4;255999,9844;-3;195,1904;0,0007;-187,5;
2026 02 03 08:01:22:070;0,49;60;4;255999,9844;-3;195,1904;0,0007;-167,9687;
2026 02 03 08:01:22:072;0,49;60;4;255999,9844;-3;195,1904;0,0007;-167,9687;
2026 02 03 08:01:22:074;0,49;60;4;255999,9844;-3;195,1904;0,0007;-261,7187;
2026 02 03 08:01:22:076;0,49;60;4;255999,9844;-3;195,1904;0,0007;-214,8437;
2026 02 03 08:01:22:078;0,49;60;4;255999,9844;-3;195,1904;0,0007;-128,9062;
2026 02 03 08:01:22:080;0,49;60;4;255999,9844;-3;195,1904;0,0007;-125;
2026 02 03 08:01:22:082;0,49;60;4;255999,9844;-3;195,1904;0,0007;-191,4062;
2026 02 03 08:01:22:084;0,49;60;4;255999,9844;-3;195,1904;0,0007;-199,2187;
2026 02 03 08:01:22:086;0,49;60;4;255999,9844;-3;195,1904;0,0007;-199,2187;
2026 02 03 08:01:22:088;0,49;60;4;255999,9844;-3;195,1904;0,0007;-289,0625;
2026 02 03 08:01:22:090;0,49;60;4;255999,9844;-3;195,1904;0,0007;-214,8437;
2026 02 03 08:01:22:092;0,49;60;4;255999,9844;-3;195,1904;0,0007;-152,3437;
2026 02 03 08:01:22:094;0,49;60;4;255999,9844;-3;195,1904;0,0007;-93,75;
2026 02 03 08:01:22:096;0,49;60;4;255999,9844;-3;195,1904;0,0007;-140,625;
2026 02 03 08:01:22:098;0,49;60;4;255999,9844;-3;195,1904;0,0007;-144,5312;
2026 02 03 08:01:22:100;0,49;60;4;255999,9844;-3;195,1904;0,0007;-164,0625;
2026 02 03 08:01:22:102;0,49;60;4;255999,9844;-3;195,1904;0,0007;-257,8125;
2026 02 03 08:01:22:104;0,49;60;4;255999,9844;-3;195,1904;0,0007;-191,4062;
2026 02 03 08:01:22:106;0,49;60;4;255999,9844;-3;195,1904;0,0007;-195,3125;
2026 02 03 08:01:22:108;0,49;60;4;255999,9844;-3;195,1904;0,0007;-183,5937;
2026 02 03 08:01:22:110;0,49;60;4;255999,9844;-3;195,1904;0,0007;-164,0625;
2026 02 03 08:01:22:112;0,49;60;4;255999,9844;-3;195,1904;0,0007;-128,9062;
2026 02 03 08:01:22:114;0,49;60;4;255999,9844;-3;195,1904;0,0007;-222,6562;
2026 02 03 08:01:22:116;0,49;60;4;255999,9844;-3;195,1904;0,0007;-273,4375;
2026 02 03 08:01:22:118;0,49;60;4;255999,9844;-3;195,1904;0,0007;-175,7812;
2026 02 03 08:01:22:120;0,49;60;4;255999,9844;-3;195,1904;0,0007;-171,875;
2026 02 03 08:01:22:122;0,49;60;4;255999,9844;-3;195,1904;0,0007;-144,5312;
2026 02 03 08:01:22:124;0,49;60;4;255999,9844;-3;195,1904;0,0007;-132,8125;
2026 02 03 08:01:22:126;0,49;60;4;255999,9844;-3;195,1904;0,0007;-156,25;
2026 02 03 08:01:22:128;0,49;60;4;255999,9844;-3;195,1904;0,0007;-246,0937;
2026 02 03 08:01:22:130;0,49;60;4;255999,9844;-3;195,1904;0,0007;-238,2812;
2026 02 03 08:01:22:132;0,49;60;4;255999,9844;-3;195,1904;0,0007;-128,9062;
2026 02 03 08:01:22:134;0,49;60;4;255999,9844;-3;195,1904;0,0007;-199,2187;
2026 02 03 08:01:22:136;0,49;60;4;255999,9844;-3;195,1904;0,0007;-226,5625;
2026 02 03 08:01:22:138;0,49;60;4;255999,9844;-3;195,1904;0,0007;-148,4375;
2026 02 03 08:01:22:140;0,49;60;4;255999,9844;-3;195,1904;0,0007;-175,7812;
2026 02 03 08:01:22:142;0,49;60;4;255999,9844;-3;195,1904;0,0007;-203,125;
2026 02 03 08:01:22:144;0,49;60;4;255999,9844;-3;195,1904;0,0007;-167,9687;
2026 02 03 08:01:22:146;0,49;60;4;255999,9844;-3;195,1904;0,0007;-167,9687;
2026 02 03 08:01:22:148;0,49;60;4;255999,9844;-3;195,1904;0,0007;-218,75;
2026 02 03 08:01:22:150;0,49;60;4;255999,9844;-3;195,1904;0,0007;-152,3437;
2026 02 03 08:01:22:152;0,49;60;4;255999,9844;-3;195,1904;0,0007;-179,6875;
2026 02 03 08:01:22:154;0,49;60;4;255999,9844;-3;195,1904;0,0007;-218,75;
2026 02 03 08:01:22:156;0,49;60;4;255999,9844;-3;195,1904;0,0007;-246,0937;
2026 02 03 08:01:22:158;0,49;60;4;255999,9844;-3;195,1904;0,0007;-171,875;
2026 02 03 08:01:22:160;0,49;60;4;255999,9844;-3;195,1904;0,0007;-85,9375;
2026 02 03 08:01:22:162;0,49;60;4;255999,9844;-3;195,1904;0,0007;-179,6875;
2026 02 03 08:01:22:164;0,49;60;4;255999,9844;-3;195,1904;0,0007;-167,9687;
2026 02 03 08:01:22:166;0,49;60;4;255999,9844;-3;195,1904;0,0007;-199,2187;
2026 02 03 08:01:22:168;0,49;60;4;255999,9844;-3;195,1904;0,0007;-238,2812;
2026 02 03 08:01:22:170;0,49;60;4;255999,9844;-3;195,1904;0,0007;-246,0937;
2026 02 03 08:01:22:172;0,49;60;4;255999,9844;-3;195,1904;0,0007;-132,8125;
2026 02 03 08:01:22:174;0,49;60;4;255999,9844;-3;195,1904;0,0007;-171,875;
2026 02 03 08:01:22:176;0,49;60;4;255999,9844;-3;195,1904;0,0007;-175,7812;
2026 02 03 08:01:22:178;0,49;60;4;255999,9844;-3;195,1904;0,0007;-125;
2026 02 03 08:01:22:180;0,49;60;4;255999,9844;-3;195,1904;0,0007;-171,875;
2026 02 03 08:01:22:182;0,49;60;4;255999,9844;-3;195,1904;0,0007;-214,8437;
2026 02 03 08:01:22:184;0,49;60;4;255999,9844;-3;195,1904;0,0007;-214,8437;
2026 02 03 08:01:22:186;0,49;60;4;255999,9844;-3;195,1904;0,0007;-242,1875;
2026 02 03 08:01:22:188;0,49;60;4;255999,9844;-3;195,1904;0,0007;-164,0625;
2026 02 03 08:01:22:190;0,49;60;4;255999,9844;-3;195,1904;0,0007;-191,4062;
2026 02 03 08:01:22:192;0,49;60;4;255999,9844;-3;195,1904;0,0007;-125;
2026 02 03 08:01:22:194;0,49;60;4;255999,9844;-3;195,1904;0,0007;-183,5937;
2026 02 03 08:01:22:196;0,49;60;4;255999,9844;-3;195,1904;0,0007;-234,375;
2026 02 03 08:01:22:198;0,49;60;4;255999,9844;-3;195,1904;0,0007;-167,9687;
2026 02 03 08:01:22:200;0,49;60;4;255999,9844;-3;195,1904;0,0007;-156,25;
2026 02 03 08:01:22:202;0,49;60;4;255999,9844;-3;195,1904;0,0007;-214,8437;
2026 02 03 08:01:22:204;0,49;60;4;255999,9844;-3;195,1904;0,0007;-167,9687;
2026 02 03 08:01:22:206;0,49;60;4;255999,9844;-3;195,1904;0,0007;-152,3437;
2026 02 03 08:01:22:208;0,49;60;4;255999,9844;-3;195,1904;0,0007;-203,125;
2026 02 03 08:01:22:210;0,49;60;4;255999,9844;-3;195,1904;0,0007;-199,2187;
2026 02 03 08:01:22:212;0,49;60;4;255999,9844;-3;195,1904;0,0007;-183,5937;
2026 02 03 08:01:22:214;0,49;60;4;255999,9844;-3;195,1904;0,0007;-191,4062;
2026 02 03 08:01:22:216;0,49;60;4;255999,9844;-3;195,1904;0,0007;-191,4062;
2026 02 03 08:01:22:218;0,49;60;4;255999,9844;-3;195,1904;0,0007;-230,4687;
2026 02 03 08:01:22:220;0,49;60;4;255999,9844;-3;195,1904;0,0007;-128,9062;
2026 02 03 08:01:22:222;0,49;60;4;255999,9844;-3;195,1904;0,0007;-175,7812;
2026 02 03 08:01:22:224;0,49;60;4;255999,9844;-3;195,1904;0,0007;-191,4062;
2026 02 03 08:01:22:226;0,49;60;4;255999,9844;-3;195,1904;0,0007;-140,625;
2026 02 03 08:01:22:228;0,49;60;4;255999,9844;-3;195,1904;0,0007;-214,8437;
2026 02 03 08:01:22:230;0,49;60;4;255999,9844;-3;195,1904;0,0007;-148,4375;
2026 02 03 08:01:22:232;0,49;60;4;255999,9844;-3;195,1904;0,0007;-156,25;
2026 02 03 08:01:22:234;0,49;60;4;255999,9844;-3;195,1904;0,0007;-214,8437;
2026 02 03 08:01:22:236;0,49;60;4;255999,9844;-3;195,1904;0,0007;-226,5625;
2026 02 03 08:01:22:238;0,49;60;4;255999,9844;-3;195,1904;0,0007;-203,125;
2026 02 03 08:01:22:240;0,49;60;4;255999,9844;-3;195,1904;0,0007;-125;
2026 02 03 08:01:22:242;0,49;60;4;255999,9844;-3;195,1904;0,0007;-210,9375;
2026 02 03 08:01:22:244;0,49;60;4;255999,9844;-3;195,1904;0,0007;-164,0625;
2026 02 03 08:01:22:246;0,49;60;4;255999,9844;-3;195,1904;0,0007;-156,25;
2026 02 03 08:01:22:248;0,49;60;4;255999,9844;-3;195,1904;0,0007;-230,4687;
2026 02 03 08:01:22:250;0,49;60;4;255999,9844;-3;195,1904;0,0007;-257,8125;
2026 02 03 08:01:22:252;0,49;60;4;255999,9844;-3;195,1904;0,0007;-207,0312;
2026 02 03 08:01:22:254;0,49;60;4;255999,9844;-3;195,1904;0,0007;-175,7812;
2026 02 03 08:01:22:256;0,49;60;4;255999,9844;-3;195,1904;0,0007;-128,9062;
2026 02 03 08:01:22:258;0,49;60;4;255999,9844;-3;195,1904;0,0007;-144,5312;
2026 02 03 08:01:22:260;0,49;60;4;255999,9844;-3;195,1904;0,0007;-164,0625;
2026 02 03 08:01:22:262;0,49;60;4;255999,9844;-3;195,1904;0,0007;-117,1875;
2026 02 03 08:01:22:264;0,49;60;4;255999,9844;-3;195,1904;0,0007;-175,7812;
2026 02 03 08:01:22:266;0,49;60;4;255999,9844;-3;195,1904;0,0007;-269,5312;
2026 02 03 08:01:22:268;0,49;60;4;255999,9844;-3;195,1904;0,0007;-230,4687;
2026 02 03 08:01:22:270;0,49;60;4;255999,9844;-3;195,1904;0,0007;-195,3125;
2026 02 03 08:01:22:272;0,49;60;4;255999,9844;-3;195,1904;0,0007;-121,0937;
2026 02 03 08:01:22:274;0,49;60;4;255999,9844;-3;195,1904;0,0007;-152,3437;
2026 02 03 08:01:22:276;0,49;60;4;255999,9844;-3;195,1904;0,0007;-214,8437;
2026 02 03 08:01:22:278;0,758;44;6;59,7687;0,269;225,0519;3,7654;-207,0312;
2026 02 03 08:01:22:280;0,758;44;6;59,7687;0,269;225,0519;3,7654;-148,4375;
2026 02 03 08:01:22:282;0,758;44;6;59,7687;0,269;225,0519;3,7654;-226,5625;
2026 02 03 08:01:22:284;0,758;44;6;59,7687;0,269;225,0519;3,7654;-195,3125;
2026 02 03 08:01:22:286;0,758;44;6;59,7687;0,269;225,0519;3,7654;-136,7187;
2026 02 03 08:01:22:288;0,758;44;6;59,7687;0,269;225,0519;3,7654;-171,875;
2026 02 03 08:01:22:290;0,758;44;6;59,7687;0,269;225,0519;3,7654;-179,6875;
2026 02 03 08:01:22:292;0,758;44;6;59,7687;0,269;225,0519;3,7654;-210,9375;
2026 02 03 08:01:22:294;0,758;44;6;59,7687;0,269;225,0519;3,7654;-175,7812;
2026 02 03 08:01:22:296;0,758;44;6;59,7687;0,269;225,0519;3,7654;-175,7812;
2026 02 03 08:01:22:298;0,758;44;6;59,7687;0,269;225,0519;3,7654;-234,375;
2026 02 03 08:01:22:300;0,758;44;6;59,7687;0,269;225,0519;3,7654;-132,8125;
2026 02 03 08:01:22:302;0,758;44;6;59,7687;0,269;225,0519;3,7654;-195,3125;
2026 02 03 08:01:22:304;0,758;44;6;59,7687;0,269;225,0519;3,7654;-207,0312;
2026 02 03 08:01:22:306;0,758;44;6;59,7687;0,269;225,0519;3,7654;-179,6875;
2026 02 03 08:01:22:308;0,758;44;6;59,7687;0,269;225,0519;3,7654;-253,9062;
2026 02 03 08:01:22:310;0,758;44;6;59,7687;0,269;225,0519;3,7654;-199,2187;
2026 02 03 08:01:22:312;0,758;44;6;59,7687;0,269;225,0519;3,7654;-125;
2026 02 03 08:01:22:314;0,758;44;6;59,7687;0,269;225,0519;3,7654;-171,875;
2026 02 03 08:01:22:316;0,758;44;6;59,7687;0,269;225,0519;3,7654;-187,5;
2026 02 03 08:01:22:318;0,758;44;6;59,7687;0,269;225,0519;3,7654;-160,1562;
2026 02 03 08:01:22:320;0,758;44;6;59,7687;0,269;225,0519;3,7654;-179,6875;
2026 02 03 08:01:22:322;0,758;44;6;59,7687;0,269;225,0519;3,7654;-179,6875;
2026 02 03 08:01:22:324;0,758;44;6;59,7687;0,269;225,0519;3,7654;-222,6562;
2026 02 03 08:01:22:326;0,758;44;6;59,7687;0,269;225,0519;3,7654;-167,9687;
2026 02 03 08:01:22:328;0,758;44;6;59,7687;0,269;225,0519;3,7654;-132,8125;
2026 02 03 08:01:22:330;0,758;44;6;59,7687;0,269;225,0519;3,7654;-265,625;
2026 02 03 08:01:22:332;0,758;44;6;59,7687;0,269;225,0519;3,7654;-175,7812;
2026 02 03 08:01:22:334;0,758;44;6;59,7687;0,269;225,0519;3,7654;-167,9687;
2026 02 03 08:01:22:336;0,758;44;6;59,7687;0,269;225,0519;3,7654;-210,9375;
2026 02 03 08:01:22:338;0,758;44;6;59,7687;0,269;225,0519;3,7654;-140,625;
2026 02 03 08:01:22:340;0,758;44;6;59,7687;0,269;225,0519;3,7654;-140,625;
2026 02 03 08:01:22:342;0,758;44;6;59,7687;0,269;225,0519;3,7654;-164,0625;
2026 02 03 08:01:22:344;0,758;44;6;59,7687;0,269;225,0519;3,7654;-207,0312;
2026 02 03 08:01:22:346;0,758;44;6;59,7687;0,269;225,0519;3,7654;-226,5625;
2026 02 03 08:01:22:348;0,758;44;6;59,7687;0,269;225,0519;3,7654;-218,75;
2026 02 03 08:01:22:350;0,758;44;6;59,7687;0,269;225,0519;3,7654;-222,6562;
2026 02 03 08:01:22:352;0,758;44;6;59,7687;0,269;225,0519;3,7654;-152,3437;
2026 02 03 08:01:22:354;0,758;44;6;59,7687;0,269;225,0519;3,7654;-152,3437;
2026 02 03 08:01:22:356;0,758;44;6;59,7687;0,269;225,0519;3,7654;-191,4062;
2026 02 03 08:01:22:358;0,758;44;6;59,7687;0,269;225,0519;3,7654;-171,875;
2026 02 03 08:01:22:360;0,758;44;6;59,7687;0,269;225,0519;3,7654;-128,9062;
2026 02 03 08:01:22:362;0,758;44;6;59,7687;0,269;225,0519;3,7654;-246,0937;
2026 02 03 08:01:22:364;0,758;44;6;59,7687;0,269;225,0519;3,7654;-164,0625;
2026 02 03 08:01:22:366;0,758;44;6;59,7687;0,269;225,0519;3,7654;-148,4375;
2026 02 03 08:01:22:368;0,758;44;6;59,7687;0,269;225,0519;3,7654;-191,4062;
2026 02 03 08:01:22:370;0,758;44;6;59,7687;0,269;225,0519;3,7654;-171,875;
2026 02 03 08:01:22:372;0,758;44;6;59,7687;0,269;225,0519;3,7654;-207,0312;
2026 02 03 08:01:22:374;0,758;44;6;59,7687;0,269;225,0519;3,7654;-167,9687;
2026 02 03 08:01:22:376;0,758;44;6;59,7687;0,269;225,0519;3,7654;-210,9375;
2026 02 03 08:01:22:378;0,758;44;6;59,7687;0,269;225,0519;3,7654;-207,0312;
2026 02 03 08:01:22:380;0,758;44;6;59,7687;0,269;225,0519;3,7654;-148,4375;
2026 02 03 08:01:22:382;0,758;44;6;59,7687;0,269;225,0519;3,7654;-171,875;
2026 02 03 08:01:22:384;0,758;44;6;59,7687;0,269;225,0519;3,7654;-152,3437;
2026 02 03 08:01:22:386;0,758;44;6;59,7687;0,269;225,0519;3,7654;-175,7812;
2026 02 03 08:01:22:388;0,758;44;6;59,7687;0,269;225,0519;3,7654;-250;
2026 02 03 08:01:22:390;0,758;44;6;59,7687;0,269;225,0519;3,7654;-183,5937;
2026 02 03 08:01:22:392;0,758;44;6;59,7687;0,269;225,0519;3,7654;-132,8125;
2026 02 03 08:01:22:394;0,758;44;6;59,7687;0,269;225,0519;3,7654;-156,25;
2026 02 03 08:01:22:396;0,758;44;6;59,7687;0,269;225,0519;3,7654;-203,125;
2026 02 03 08:01:22:398;0,758;44;6;59,7687;0,269;225,0519;3,7654;-164,0625;
2026 02 03 08:01:22:400;0,758;44;6;59,7687;0,269;225,0519;3,7654;-175,7812;
2026 02 03 08:01:22:402;0,758;44;6;59,7687;0,269;225,0519;3,7654;-179,6875;
2026 02 03 08:01:22:404;0,758;44;6;59,7687;0,269;225,0519;3,7654;-222,6562;
2026 02 03 08:01:22:406;0,758;44;6;59,7687;0,269;225,0519;3,7654;-195,3125;
2026 02 03 08:01:22:408;0,758;44;6;59,7687;0,269;225,0519;3,7654;-210,9375;
2026 02 03 08:01:22:410;0,758;44;6;59,7687;0,269;225,0519;3,7654;-226,5625;
2026 02 03 08:01:22:412;0,758;44;6;59,7687;0,269;225,0519;3,7654;-175,7812;
2026 02 03 08:01:22:414;0,758;44;6;59,7687;0,269;225,0519;3,7654;-187,5;
2026 02 03 08:01:22:416;0,758;44;6;59,7687;0,269;225,0519;3,7654;-199,2187;
2026 02 03 08:01:22:418;0,758;44;6;59,7687;0,269;225,0519;3,7654;-128,9062;
2026 02 03 08:01:22:420;0,758;44;6;59,7687;0,269;225,0519;3,7654;-121,0937;
2026 02 03 08:01:22:422;0,758;44;6;59,7687;0,269;225,0519;3,7654;-167,9687;
2026 02 03 08:01:22:424;0,758;44;6;59,7687;0,269;225,0519;3,7654;-179,6875;
2026 02 03 08:01:22:426;0,758;44;6;59,7687;0,269;225,0519;3,7654;-222,6562;
2026 02 03 08:01:22:428;0,758;44;6;59,7687;0,269;225,0519;3,7654;-242,1875;
2026 02 03 08:01:22:430;0,758;44;6;59,7687;0,269;225,0519;3,7654;-148,4375;
2026 02 03 08:01:22:432;0,758;44;6;59,7687;0,269;225,0519;3,7654;-191,4062;
2026 02 03 08:01:22:434;0,758;44;6;59,7687;0,269;225,0519;3,7654;-167,9687;
2026 02 03 08:01:22:436;0,758;44;6;59,7687;0,269;225,0519;3,7654;-191,4062;
2026 02 03 08:01:22:438;0,758;44;6;59,7687;0,269;225,0519;3,7654;-214,8437;
2026 02 03 08:01:22:440;0,758;44;6;59,7687;0,269;225,0519;3,7654;-140,625;
2026 02 03 08:01:22:442;0,758;44;6;59,7687;0,269;225,0519;3,7654;-234,375;
2026 02 03 08:01:22:444;0,758;44;6;59,7687;0,269;225,0519;3,7654;-218,75;
2026 02 03 08:01:22:446;0,758;44;6;59,7687;0,269;225,0519;3,7654;-148,4375;
2026 02 03 08:01:22:448;0,758;44;6;59,7687;0,269;225,0519;3,7654;-136,7187;
2026 02 03 08:01:22:450;0,758;44;6;59,7687;0,269;225,0519;3,7654;-136,7187;
2026 02 03 08:01:22:452;0,758;44;6;59,7687;0,269;225,0519;3,7654;-222,6562;
2026 02 03 08:01:22:454;0,758;44;6;59,7687;0,269;225,0519;3,7654;-207,0312;
2026 02 03 08:01:22:456;0,758;44;6;59,7687;0,269;225,0519;3,7654;-175,7812;
2026 02 03 08:01:22:458;0,758;44;6;59,7687;0,269;225,0519;3,7654;-195,3125;
2026 02 03 08:01:22:460;0,758;44;6;59,7687;0,269;225,0519;3,7654;-187,5;
2026 02 03 08:01:22:462;0,758;44;6;59,7687;0,269;225,0519;3,7654;-140,625;
2026 02 03 08:01:22:464;0,758;44;6;59,7687;0,269;225,0519;3,7654;-191,4062;
2026 02 03 08:01:22:466;0,758;44;6;59,7687;0,269;225,0519;3,7654;-183,5937;
2026 02 03 08:01:22:468;0,758;44;6;59,7687;0,269;225,0519;3,7654;-214,8437;
2026 02 03 08:01:22:470;0,758;44;6;59,7687;0,269;225,0519;3,7654;-226,5625;
2026 02 03 08:01:22:472;0,758;44;6;59,7687;0,269;225,0519;3,7654;-171,875;
2026 02 03 08:01:22:474;0,758;44;6;59,7687;0,269;225,0519;3,7654;-164,0625;
2026 02 03 08:01:22:476;0,758;44;6;59,7687;0,269;225,0519;3,7654;-183,5937;
2026 02 03 08:01:22:478;0,758;44;6;59,7687;0,269;225,0519;3,7654;-156,25;
2026 02 03 08:01:22:480;0,758;44;6;59,7687;0,269;225,0519;3,7654;-128,9062;
2026 02 03 08:01:22:482;0,758;44;6;59,7687;0,269;225,0519;3,7654;-152,3437;
2026 02 03 08:01:22:484;0,758;44;6;59,7687;0,269;225,0519;3,7654;-191,4062;
2026 02 03 08:01:22:486;0,758;44;6;59,7687;0,269;225,0519;3,7654;-214,8437;
2026 02 03 08:01:22:488;0,758;44;6;59,7687;0,269;225,0519;3,7654;-175,7812;
2026 02 03 08:01:22:490;0,758;44;6;59,7687;0,269;225,0519;3,7654;-214,8437;
2026 02 03 08:01:22:492;0,758;44;6;59,7687;0,269;225,0519;3,7654;-218,75;
2026 02 03 08:01:22:494;0,758;44;6;59,7687;0,269;225,0519;3,7654;-175,7812;
2026 02 03 08:01:22:496;0,758;44;6;59,7687;0,269;225,0519;3,7654;-156,25;
2026 02 03 08:01:22:498;0,758;44;6;59,7687;0,269;225,0519;3,7654;-160,1562;
2026 02 03 08:01:22:500;0,758;44;6;59,7687;0,269;225,0519;3,7654;-160,1562;
2026 02 03 08:01:22:502;0,758;44;6;59,7687;0,269;225,0519;3,7654;-160,1562;
2026 02 03 08:01:22:504;0,758;44;6;59,7687;0,269;225,0519;3,7654;-183,5937;
2026 02 03 08:01:22:506;0,758;44;6;59,7687;0,269;225,0519;3,7654;-234,375;
2026 02 03 08:01:22:508;0,758;44;6;59,7687;0,269;225,0519;3,7654;-234,375;
2026 02 03 08:01:22:510;0,758;44;6;59,7687;0,269;225,0519;3,7654;-199,2187;
2026 02 03 08:01:22:512;0,758;44;6;59,7687;0,269;225,0519;3,7654;-187,5;
2026 02 03 08:01:22:514;0,758;44;6;59,7687;0,269;225,0519;3,7654;-121,0937;
2026 02 03 08:01:22:516;0,758;44;6;59,7687;0,269;225,0519;3,7654;-132,8125;
2026 02 03 08:01:22:518;0,758;44;6;59,7687;0,269;225,0519;3,7654;-199,2187;
2026 02 03 08:01:22:520;0,758;44;6;59,7687;0,269;225,0519;3,7654;-164,0625;
2026 02 03 08:01:22:522;0,758;44;6;59,7687;0,269;225,0519;3,7654;-179,6875;
2026 02 03 08:01:22:524;0,758;44;6;59,7687;0,269;225,0519;3,7654;-246,0937;
2026 02 03 08:01:22:526;0,758;44;6;59,7687;0,269;225,0519;3,7654;-175,7812;
2026 02 03 08:01:22:528;0,758;44;6;59,7687;0,269;225,0519;3,7654;-144,5312;
2026 02 03 08:01:22:530;0,758;44;6;59,7687;0,269;225,0519;3,7654;-167,9687;
2026 02 03 08:01:22:532;0,758;44;6;59,7687;0,269;225,0519;3,7654;-175,7812;
2026 02 03 08:01:22:534;0,758;44;6;59,7687;0,269;225,0519;3,7654;-140,625;
2026 02 03 08:01:22:536;0,758;44;6;59,7687;0,269;225,0519;3,7654;-152,3437;
2026 02 03 08:01:22:538;0,758;44;6;59,7687;0,269;225,0519;3,7654;-238,2812;
2026 02 03 08:01:22:540;0,758;44;6;59,7687;0,269;225,0519;3,7654;-218,75;
2026 02 03 08:01:22:542;0,758;44;6;59,7687;0,269;225,0519;3,7654;-160,1562;
2026 02 03 08:01:22:544;0,758;44;6;59,7687;0,269;225,0519;3,7654;-199,2187;
2026 02 03 08:01:22:546;0,758;44;6;59,7687;0,269;225,0519;3,7654;-156,25;
2026 02 03 08:01:22:548;0,758;44;6;59,7687;0,269;225,0519;3,7654;-179,6875;
2026 02 03 08:01:22:550;0,758;44;6;59,7687;0,269;225,0519;3,7654;-195,3125;
2026 02 03 08:01:22:552;0,758;44;6;59,7687;0,269;225,0519;3,7654;-125;
2026 02 03 08:01:22:554;0,758;44;6;59,7687;0,269;225,0519;3,7654;-156,25;
2026 02 03 08:01:22:556;0,758;44;6;59,7687;0,269;225,0519;3,7654;-203,125;
2026 02 03 08:01:22:558;0,758;44;6;59,7687;0,269;225,0519;3,7654;-187,5;
2026 02 03 08:01:22:560;0,758;44;6;59,7687;0,269;225,0519;3,7654;-121,0937;
2026 02 03 08:01:22:562;0,758;44;6;59,7687;0,269;225,0519;3,7654;-156,25;
2026 02 03 08:01:22:564;0,758;44;6;59,7687;0,269;225,0519;3,7654;-203,125;
2026 02 03 08:01:22:566;0,758;44;6;59,7687;0,269;225,0519;3,7654;-187,5;
2026 02 03 08:01:22:568;0,758;44;6;59,7687;0,269;225,0519;3,7654;-187,5;
2026 02 03 08:01:22:570;0,758;44;6;59,7687;0,269;225,0519;3,7654;-222,6562;
2026 02 03 08:01:22:572;0,758;44;6;59,7687;0,269;225,0519;3,7654;-222,6562;
2026 02 03 08:01:22:574;0,758;44;6;59,7687;0,269;225,0519;3,7654;-187,5;
2026 02 03 08:01:22:576;0,758;44;6;59,7687;0,269;225,0519;3,7654;-210,9375;
2026 02 03 08:01:22:578;0,758;44;6;59,7687;0,269;225,0519;3,7654;-132,8125;
2026 02 03 08:01:22:580;0,828;49;7;46,875;-0,1911;173,0652;3,6921;-97,6562;
2026 02 03 08:01:22:582;0,828;49;7;46,875;-0,1911;173,0652;3,6921;-140,625;
2026 02 03 08:01:22:584;0,828;49;7;46,875;-0,1911;173,0652;3,6921;-179,6875;
2026 02 03 08:01:22:586;0,828;49;7;46,875;-0,1911;173,0652;3,6921;-191,4062;
2026 02 03 08:01:22:588;0,828;49;7;46,875;-0,1911;173,0652;3,6921;-183,5937;
2026 02 03 08:01:22:590;0,828;49;7;46,875;-0,1911;173,0652;3,6921;-226,5625;
2026 02 03 08:01:22:592;0,828;49;7;46,875;-0,1911;173,0652;3,6921;-167,9687;
2026 02 03 08:01:22:594;0,828;49;7;46,875;-0,1911;173,0652;3,6921;-148,4375;
2026 02 03 08:01:22:596;0,828;49;7;46,875;-0,1911;173,0652;3,6921;-152,3437;
2026 02 03 08:01:22:598;0,828;49;7;46,875;-0,1911;173,0652;3,6921;-167,9687;
2026 02 03 08:01:22:600;0,828;49;7;46,875;-0,1911;173,0652;3,6921;-171,875;
2026 02 03 08:01:22:602;0,828;49;7;46,875;-0,1911;173,0652;3,6921;-199,2187;
2026 02 03 08:01:22:604;0,828;49;7;46,875;-0,1911;173,0652;3,6921;-234,375;
2026 02 03 08:01:22:606;0,828;49;7;46,875;-0,1911;173,0652;3,6921;-199,2187;
2026 02 03 08:01:22:608;0,828;49;7;46,875;-0,1911;173,0652;3,6921;-179,6875;
2026 02 03 08:01:22:610;0,828;49;7;46,875;-0,1911;173,0652;3,6921;-97,6562;
2026 02 03 08:01:22:612;0,828;49;7;46,875;-0,1911;173,0652;3,6921;-128,9062;
2026 02 03 08:01:22:614;0,828;49;7;46,875;-0,1911;173,0652;3,6921;-175,7812;
2026 02 03 08:01:22:616;0,828;49;7;46,875;-0,1911;173,0652;3,6921;-164,0625;
2026 02 03 08:01:22:618;0,828;49;7;46,875;-0,1911;173,0652;3,6921;-152,3437;
2026 02 03 08:01:22:620;0,828;49;7;46,875;-0,1911;173,0652;3,6921;-160,1562;
2026 02 03 08:01:22:622;0,828;49;7;46,875;-0,1911;173,0652;3,6921;-226,5625;
2026 02 03 08:01:22:624;0,828;49;7;46,875;-0,1911;173,0652;3,6921;-179,6875;
2026 02 03 08:01:22:626;0,828;49;7;46,875;-0,1911;173,0652;3,6921;-144,5312;
2026 02 03 08:01:22:628;0,828;49;7;46,875;-0,1911;173,0652;3,6921;-207,0312;
2026 02 03 08:01:22:630;0,828;49;7;46,875;-0,1911;173,0652;3,6921;-164,0625;
2026 02 03 08:01:22:632;0,828;49;7;46,875;-0,1911;173,0652;3,6921;-164,0625;
2026 02 03 08:01:22:634;0,828;49;7;46,875;-0,1911;173,0652;3,6921;-199,2187;
2026 02 03 08:01:22:636;0,828;49;7;46,875;-0,1911;173,0652;3,6921;-199,2187;
2026 02 03 08:01:22:638;0,828;49;7;46,875;-0,1911;173,0652;3,6921;-187,5;
2026 02 03 08:01:22:640;0,828;49;7;46,875;-0,1911;173,0652;3,6921;-136,7187;
2026 02 03 08:01:22:642;0,828;49;7;46,875;-0,1911;173,0652;3,6921;-144,5312;
2026 02 03 08:01:22:644;0,828;49;7;46,875;-0,1911;173,0652;3,6921;-128,9062;
2026 02 03 08:01:22:646;0,828;49;7;46,875;-0,1911;173,0652;3,6921;-156,25;
2026 02 03 08:01:22:648;0,828;49;7;46,875;-0,1911;173,0652;3,6921;-187,5;
2026 02 03 08:01:22:650;0,828;49;7;46,875;-0,1911;173,0652;3,6921;-175,7812;
2026 02 03 08:01:22:652;0,828;49;7;46,875;-0,1911;173,0652;3,6921;-191,4062;
2026 02 03 08:01:22:654;0,828;49;7;46,875;-0,1911;173,0652;3,6921;-226,5625;
2026 02 03 08:01:22:656;0,828;49;7;46,875;-0,1911;173,0652;3,6921;-191,4062;
2026 02 03 08:01:22:658;0,828;49;7;46,875;-0,1911;173,0652;3,6921;-128,9062;
2026 02 03 08:01:22:660;0,828;49;7;46,875;-0,1911;173,0652;3,6921;-125;
2026 02 03 08:01:22:662;0,828;49;7;46,875;-0,1911;173,0652;3,6921;-152,3437;
2026 02 03 08:01:22:664;0,828;49;7;46,875;-0,1911;173,0652;3,6921;-136,7187;
2026 02 03 08:01:22:666;0,828;49;7;46,875;-0,1911;173,0652;3,6921;-171,875;
2026 02 03 08:01:22:668;0,828;49;7;46,875;-0,1911;173,0652;3,6921;-250;
2026 02 03 08:01:22:670;0,828;49;7;46,875;-0,1911;173,0652;3,6921;-218,75;
2026 02 03 08:01:22:672;0,828;49;7;46,875;-0,1911;173,0652;3,6921;-187,5;
2026 02 03 08:01:22:674;0,828;49;7;46,875;-0,1911;173,0652;3,6921;-179,6875;
2026 02 03 08:01:22:676;0,828;49;7;46,875;-0,1911;173,0652;3,6921;-117,1875;
2026 02 03 08:01:22:678;0,828;49;7;46,875;-0,1911;173,0652;3,6921;-121,0937;
2026 02 03 08:01:22:680;0,828;49;7;46,875;-0,1911;173,0652;3,6921;-136,7187;
2026 02 03 08:01:22:682;0,828;49;7;46,875;-0,1911;173,0652;3,6921;-144,5312;
2026 02 03 08:01:22:684;0,828;49;7;46,875;-0,1911;173,0652;3,6921;-191,4062;
2026 02 03 08:01:22:686;0,828;49;7;46,875;-0,1911;173,0652;3,6921;-257,8125;
2026 02 03 08:01:22:688;0,828;49;7;46,875;-0,1911;173,0652;3,6921;-234,375;
2026 02 03 08:01:22:690;0,828;49;7;46,875;-0,1911;173,0652;3,6921;-121,0937;
2026 02 03 08:01:22:692;0,828;49;7;46,875;-0,1911;173,0652;3,6921;-125;
2026 02 03 08:01:22:694;0,828;49;7;46,875;-0,1911;173,0652;3,6921;-164,0625;
2026 02 03 08:01:22:696;0,828;49;7;46,875;-0,1911;173,0652;3,6921;-179,6875;
2026 02 03 08:01:22:698;0,828;49;7;46,875;-0,1911;173,0652;3,6921;-121,0937;
2026 02 03 08:01:22:700;0,828;49;7;46,875;-0,1911;173,0652;3,6921;-175,7812;
2026 02 03 08:01:22:702;0,828;49;7;46,875;-0,1911;173,0652;3,6921;-226,5625;
2026 02 03 08:01:22:704;0,828;49;7;46,875;-0,1911;173,0652;3,6921;-203,125;
2026 02 03 08:01:22:706;0,828;49;7;46,875;-0,1911;173,0652;3,6921;-171,875;
2026 02 03 08:01:22:708;0,828;49;7;46,875;-0,1911;173,0652;3,6921;-187,5;
2026 02 03 08:01:22:710;0,828;49;7;46,875;-0,1911;173,0652;3,6921;-109,375;
2026 02 03 08:01:22:712;0,828;49;7;46,875;-0,1911;173,0652;3,6921;-164,0625;
2026 02 03 08:01:22:714;0,828;49;7;46,875;-0,1911;173,0652;3,6921;-210,9375;
2026 02 03 08:01:22:716;0,828;49;7;46,875;-0,1911;173,0652;3,6921;-144,5312;
2026 02 03 08:01:22:718;0,828;49;7;46,875;-0,1911;173,0652;3,6921;-121,0937;
2026 02 03 08:01:22:720;0,828;49;7;46,875;-0,1911;173,0652;3,6921;-171,875;
2026 02 03 08:01:22:722;0,828;49;7;46,875;-0,1911;173,0652;3,6921;-167,9687;
2026 02 03 08:01:22:724;0,828;49;7;46,875;-0,1911;173,0652;3,6921;-144,5312;
2026 02 03 08:01:22:726;0,828;49;7;46,875;-0,1911;173,0652;3,6921;-160,1562;
2026 02 03 08:01:22:728;0,828;49;7;46,875;-0,1911;173,0652;3,6921;-195,3125;
2026 02 03 08:01:22:730;0,828;49;7;46,875;-0,1911;173,0652;3,6921;-156,25;
2026 02 03 08:01:22:732;0,828;49;7;46,875;-0,1911;173,0652;3,6921;-152,3437;
2026 02 03 08:01:22:734;0,828;49;7;46,875;-0,1911;173,0652;3,6921;-195,3125;
2026 02 03 08:01:22:736;0,828;49;7;46,875;-0,1911;173,0652;3,6921;-171,875;
2026 02 03 08:01:22:738;0,828;49;7;46,875;-0,1911;173,0652;3,6921;-179,6875;
2026 02 03 08:01:22:740;0,828;49;7;46,875;-0,1911;173,0652;3,6921;-132,8125;
2026 02 03 08:01:22:742;0,828;49;7;46,875;-0,1911;173,0652;3,6921;-148,4375;
2026 02 03 08:01:22:744;0,828;49;7;46,875;-0,1911;173,0652;3,6921;-203,125;
2026 02 03 08:01:22:746;0,828;49;7;46,875;-0,1911;173,0652;3,6921;-187,5;
2026 02 03 08:01:22:748;0,828;49;7;46,875;-0,1911;173,0652;3,6921;-152,3437;
2026 02 03 08:01:22:750;0,828;49;7;46,875;-0,1911;173,0652;3,6921;-156,25;
2026 02 03 08:01:22:752;0,828;49;7;46,875;-0,1911;173,0652;3,6921;-175,7812;
2026 02 03 08:01:22:754;0,828;49;7;46,875;-0,1911;173,0652;3,6921;-167,9687;
2026 02 03 08:01:22:756;0,828;49;7;46,875;-0,1911;173,0652;3,6921;-179,6875;
2026 02 03 08:01:22:758;0,828;49;7;46,875;-0,1911;173,0652;3,6921;-128,9062;
2026 02 03 08:01:22:760;0,828;49;7;46,875;-0,1911;173,0652;3,6921;-179,6875;
2026 02 03 08:01:22:762;0,828;49;7;46,875;-0,1911;173,0652;3,6921;-187,5;
2026 02 03 08:01:22:764;0,828;49;7;46,875;-0,1911;173,0652;3,6921;-156,25;
2026 02 03 08:01:22:766;0,828;49;7;46,875;-0,1911;173,0652;3,6921;-195,3125;
2026 02 03 08:01:22:768;0,828;49;7;46,875;-0,1911;173,0652;3,6921;-230,4687;
2026 02 03 08:01:22:770;0,828;49;7;46,875;-0,1911;173,0652;3,6921;-152,3437;
2026 02 03 08:01:22:772;0,828;49;7;46,875;-0,1911;173,0652;3,6921;-183,5937;
2026 02 03 08:01:22:774;0,828;49;7;46,875;-0,1911;173,0652;3,6921;-136,7187;
2026 02 03 08:01:22:776;0,828;49;7;46,875;-0,1911;173,0652;3,6921;-132,8125;
2026 02 03 08:01:22:778;0,828;49;7;46,875;-0,1911;173,0652;3,6921;-191,4062;
2026 02 03 08:01:22:780;0,828;49;7;46,875;-0,1911;173,0652;3,6921;-128,9062;
2026 02 03 08:01:22:782;0,828;49;7;46,875;-0,1911;173,0652;3,6921;-121,0937;
2026 02 03 08:01:22:784;0,828;49;7;46,875;-0,1911;173,0652;3,6921;-203,125;
2026 02 03 08:01:22:786;0,828;49;7;46,875;-0,1911;173,0652;3,6921;-191,4062;
2026 02 03 08:01:22:788;0,828;49;7;46,875;-0,1911;173,0652;3,6921;-218,75;
2026 02 03 08:01:22:790;0,828;49;7;46,875;-0,1911;173,0652;3,6921;-226,5625;
2026 02 03 08:01:22:792;0,828;49;7;46,875;-0,1911;173,0652;3,6921;-175,7812;
2026 02 03 08:01:22:794;0,828;49;7;46,875;-0,1911;173,0652;3,6921;-183,5937;
2026 02 03 08:01:22:796;0,828;49;7;46,875;-0,1911;173,0652;3,6921;-179,6875;
2026 02 03 08:01:22:798;0,828;49;7;46,875;-0,1911;173,0652;3,6921;-132,8125;
2026 02 03 08:01:22:800;0,828;49;7;46,875;-0,1911;173,0652;3,6921;-171,875;
2026 02 03 08:01:22:802;0,828;49;7;46,875;-0,1911;173,0652;3,6921;-152,3437;
2026 02 03 08:01:22:804;0,828;49;7;46,875;-0,1911;173,0652;3,6921;-195,3125;
2026 02 03 08:01:22:806;0,828;49;7;46,875;-0,1911;173,0652;3,6921;-226,5625;
2026 02 03 08:01:22:808;0,828;49;7;46,875;-0,1911;173,0652;3,6921;-214,8437;
2026 02 03 08:01:22:810;0,828;49;7;46,875;-0,1911;173,0652;3,6921;-214,8437;
2026 02 03 08:01:22:812;0,828;49;7;46,875;-0,1911;173,0652;3,6921;-214,8437;
2026 02 03 08:01:22:814;0,828;49;7;46,875;-0,1911;173,0652;3,6921;-210,9375;
2026 02 03 08:01:22:816;0,828;49;7;46,875;-0,1911;173,0652;3,6921;-187,5;
2026 02 03 08:01:22:818;0,828;49;7;46,875;-0,1911;173,0652;3,6921;-203,125;
2026 02 03 08:01:22:820;0,828;49;7;46,875;-0,1911;173,0652;3,6921;-179,6875;
2026 02 03 08:01:22:822;0,828;49;7;46,875;-0,1911;173,0652;3,6921;-152,3437;
2026 02 03 08:01:22:824;0,828;49;7;46,875;-0,1911;173,0652;3,6921;-175,7812;
2026 02 03 08:01:22:826;0,828;49;7;46,875;-0,1911;173,0652;3,6921;-210,9375;
2026 02 03 08:01:22:828;0,828;49;7;46,875;-0,1911;173,0652;3,6921;-191,4062;
2026 02 03 08:01:22:830;0,828;49;7;46,875;-0,1911;173,0652;3,6921;-179,6875;
2026 02 03 08:01:22:832;0,828;49;7;46,875;-0,1911;173,0652;3,6921;-195,3125;
2026 02 03 08:01:22:834;0,828;49;7;46,875;-0,1911;173,0652;3,6921;-242,1875;
2026 02 03 08:01:22:836;0,828;49;7;46,875;-0,1911;173,0652;3,6921;-222,6562;
2026 02 03 08:01:22:838;0,828;49;7;46,875;-0,1911;173,0652;3,6921;-156,25;
2026 02 03 08:01:22:840;0,828;49;7;46,875;-0,1911;173,0652;3,6921;-195,3125;
2026 02 03 08:01:22:842;0,828;49;7;46,875;-0,1911;173,0652;3,6921;-210,9375;
2026 02 03 08:01:22:844;0,828;49;7;46,875;-0,1911;173,0652;3,6921;-203,125;
2026 02 03 08:01:22:846;0,828;49;7;46,875;-0,1911;173,0652;3,6921;-203,125;
2026 02 03 08:01:22:848;0,828;49;7;46,875;-0,1911;173,0652;3,6921;-218,75;
2026 02 03 08:01:22:850;0,828;49;7;46,875;-0,1911;173,0652;3,6921;-183,5937;
2026 02 03 08:01:22:852;0,828;49;7;46,875;-0,1911;173,0652;3,6921;-171,875;
2026 02 03 08:01:22:854;0,828;49;7;46,875;-0,1911;173,0652;3,6921;-136,7187;
2026 02 03 08:01:22:856;0,828;49;7;46,875;-0,1911;173,0652;3,6921;-152,3437;
2026 02 03 08:01:22:858;0,828;49;7;46,875;-0,1911;173,0652;3,6921;-164,0625;
2026 02 03 08:01:22:860;0,828;49;7;46,875;-0,1911;173,0652;3,6921;-148,4375;
2026 02 03 08:01:22:862;0,828;49;7;46,875;-0,1911;173,0652;3,6921;-183,5937;
2026 02 03 08:01:22:864;0,828;49;7;46,875;-0,1911;173,0652;3,6921;-214,8437;
2026 02 03 08:01:22:866;0,828;49;7;46,875;-0,1911;173,0652;3,6921;-238,2812;
2026 02 03 08:01:22:868;0,828;49;7;46,875;-0,1911;173,0652;3,6921;-246,0937;
2026 02 03 08:01:22:870;0,828;49;7;46,875;-0,1911;173,0652;3,6921;-210,9375;
2026 02 03 08:01:22:872;0,828;49;7;46,875;-0,1911;173,0652;3,6921;-210,9375;
2026 02 03 08:01:22:874;0,828;49;7;46,875;-0,1911;173,0652;3,6921;-187,5;
2026 02 03 08:01:22:876;0,828;49;7;46,875;-0,1911;173,0652;3,6921;-156,25;
2026 02 03 08:01:22:878;0,828;49;7;46,875;-0,1911;173,0652;3,6921;-164,0625;
2026 02 03 08:01:22:880;0,774;40;6;40,9393;-0,2009;164,8254;4,0261;-144,5312;
2026 02 03 08:01:22:882;0,774;40;6;40,9393;-0,2009;164,8254;4,0261;-144,5312;
2026 02 03 08:01:22:884;0,774;40;6;40,9393;-0,2009;164,8254;4,0261;-207,0312;
2026 02 03 08:01:22:886;0,774;40;6;40,9393;-0,2009;164,8254;4,0261;-203,125;
2026 02 03 08:01:22:888;0,774;40;6;40,9393;-0,2009;164,8254;4,0261;-234,375;
2026 02 03 08:01:22:890;0,774;40;6;40,9393;-0,2009;164,8254;4,0261;-203,125;
2026 02 03 08:01:22:892;0,774;40;6;40,9393;-0,2009;164,8254;4,0261;-250;
2026 02 03 08:01:22:894;0,774;40;6;40,9393;-0,2009;164,8254;4,0261;-242,1875;
2026 02 03 08:01:22:896;0,774;40;6;40,9393;-0,2009;164,8254;4,0261;-234,375;
2026 02 03 08:01:22:898;0,774;40;6;40,9393;-0,2009;164,8254;4,0261;-214,8437;
2026 02 03 08:01:22:900;0,774;40;6;40,9393;-0,2009;164,8254;4,0261;-191,4062;
2026 02 03 08:01:22:902;0,774;40;6;40,9393;-0,2009;164,8254;4,0261;-167,9687;
2026 02 03 08:01:22:904;0,774;40;6;40,9393;-0,2009;164,8254;4,0261;-191,4062;
2026 02 03 08:01:22:906;0,774;40;6;40,9393;-0,2009;164,8254;4,0261;-207,0312;
2026 02 03 08:01:22:908;0,774;40;6;40,9393;-0,2009;164,8254;4,0261;-187,5;
2026 02 03 08:01:22:910;0,774;40;6;40,9393;-0,2009;164,8254;4,0261;-199,2187;
2026 02 03 08:01:22:912;0,774;40;6;40,9393;-0,2009;164,8254;4,0261;-218,75;
2026 02 03 08:01:22:914;0,774;40;6;40,9393;-0,2009;164,8254;4,0261;-179,6875;
2026 02 03 08:01:22:916;0,774;40;6;40,9393;-0,2009;164,8254;4,0261;-199,2187;
2026 02 03 08:01:22:918;0,774;40;6;40,9393;-0,2009;164,8254;4,0261;-210,9375;
2026 02 03 08:01:22:920;0,774;40;6;40,9393;-0,2009;164,8254;4,0261;-218,75;
2026 02 03 08:01:22:922;0,774;40;6;40,9393;-0,2009;164,8254;4,0261;-195,3125;
2026 02 03 08:01:22:924;0,774;40;6;40,9393;-0,2009;164,8254;4,0261;-230,4687;
2026 02 03 08:01:22:926;0,774;40;6;40,9393;-0,2009;164,8254;4,0261;-261,7187;
2026 02 03 08:01:22:928;0,774;40;6;40,9393;-0,2009;164,8254;4,0261;-230,4687;
2026 02 03 08:01:22:930;0,774;40;6;40,9393;-0,2009;164,8254;4,0261;-199,2187;
2026 02 03 08:01:22:932;0,774;40;6;40,9393;-0,2009;164,8254;4,0261;-191,4062;
2026 02 03 08:01:22:934;0,774;40;6;40,9393;-0,2009;164,8254;4,0261;-167,9687;
2026 02 03 08:01:22:936;0,774;40;6;40,9393;-0,2009;164,8254;4,0261;-171,875;
2026 02 03 08:01:22:938;0,774;40;6;40,9393;-0,2009;164,8254;4,0261;-164,0625;
2026 02 03 08:01:22:940;0,774;40;6;40,9393;-0,2009;164,8254;4,0261;-156,25;
2026 02 03 08:01:22:942;0,774;40;6;40,9393;-0,2009;164,8254;4,0261;-160,1562;
2026 02 03 08:01:22:944;0,774;40;6;40,9393;-0,2009;164,8254;4,0261;-230,4687;
2026 02 03 08:01:22:946;0,774;40;6;40,9393;-0,2009;164,8254;4,0261;-257,8125;
2026 02 03 08:01:22:948;0,774;40;6;40,9393;-0,2009;164,8254;4,0261;-265,625;
2026 02 03 08:01:22:950;0,774;40;6;40,9393;-0,2009;164,8254;4,0261;-230,4687;
2026 02 03 08:01:22:952;0,774;40;6;40,9393;-0,2009;164,8254;4,0261;-234,375;
2026 02 03 08:01:22:954;0,774;40;6;40,9393;-0,2009;164,8254;4,0261;-210,9375;
2026 02 03 08:01:22:956;0,774;40;6;40,9393;-0,2009;164,8254;4,0261;-187,5;
2026 02 03 08:01:22:958;0,774;40;6;40,9393;-0,2009;164,8254;4,0261;-199,2187;
2026 02 03 08:01:22:960;0,774;40;6;40,9393;-0,2009;164,8254;4,0261;-164,0625;
2026 02 03 08:01:22:962;0,774;40;6;40,9393;-0,2009;164,8254;4,0261;-167,9687;
2026 02 03 08:01:22:964;0,774;40;6;40,9393;-0,2009;164,8254;4,0261;-207,0312;
2026 02 03 08:01:22:966;0,774;40;6;40,9393;-0,2009;164,8254;4,0261;-210,9375;
2026 02 03 08:01:22:968;0,774;40;6;40,9393;-0,2009;164,8254;4,0261;-210,9375;
2026 02 03 08:01:22:970;0,774;40;6;40,9393;-0,2009;164,8254;4,0261;-195,3125;
2026 02 03 08:01:22:972;0,774;40;6;40,9393;-0,2009;164,8254;4,0261;-207,0312;
2026 02 03 08:01:22:974;0,774;40;6;40,9393;-0,2009;164,8254;4,0261;-238,2812;
2026 02 03 08:01:22:976;0,774;40;6;40,9393;-0,2009;164,8254;4,0261;-222,6562;
2026 02 03 08:01:22:978;0,774;40;6;40,9393;-0,2009;164,8254;4,0261;-230,4687;
2026 02 03 08:01:22:980;0,774;40;6;40,9393;-0,2009;164,8254;4,0261;-195,3125;
2026 02 03 08:01:22:982;0,774;40;6;40,9393;-0,2009;164,8254;4,0261;-203,125;
2026 02 03 08:01:22:984;0,774;40;6;40,9393;-0,2009;164,8254;4,0261;-242,1875;
2026 02 03 08:01:22:986;0,774;40;6;40,9393;-0,2009;164,8254;4,0261;-207,0312;
2026 02 03 08:01:22:988;0,774;40;6;40,9393;-0,2009;164,8254;4,0261;-191,4062;
2026 02 03 08:01:22:990;0,774;40;6;40,9393;-0,2009;164,8254;4,0261;-175,7812;
2026 02 03 08:01:22:992;0,774;40;6;40,9393;-0,2009;164,8254;4,0261;-187,5;
2026 02 03 08:01:22:994;0,774;40;6;40,9393;-0,2009;164,8254;4,0261;-195,3125;
2026 02 03 08:01:22:996;0,774;40;6;40,9393;-0,2009;164,8254;4,0261;-183,5937;
2026 02 03 08:01:22:998;0,774;40;6;40,9393;-0,2009;164,8254;4,0261;-207,0312;
2026 02 03 08:01:23:000;0,774;40;6;40,9393;-0,2009;164,8254;4,0261;-230,4687;
2026 02 03 08:01:23:002;0,774;40;6;40,9393;-0,2009;164,8254;4,0261;-234,375;
2026 02 03 08:01:23:004;0,774;40;6;40,9393;-0,2009;164,8254;4,0261;-226,5625;
2026 02 03 08:01:23:006;0,774;40;6;40,9393;-0,2009;164,8254;4,0261;-257,8125;
2026 02 03 08:01:23:008;0,774;40;6;40,9393;-0,2009;164,8254;4,0261;-265,625;
2026 02 03 08:01:23:010;0,774;40;6;40,9393;-0,2009;164,8254;4,0261;-218,75;
2026 02 03 08:01:23:012;0,774;40;6;40,9393;-0,2009;164,8254;4,0261;-187,5;
2026 02 03 08:01:23:014;0,774;40;6;40,9393;-0,2009;164,8254;4,0261;-160,1562;
2026 02 03 08:01:23:016;0,774;40;6;40,9393;-0,2009;164,8254;4,0261;-167,9687;
2026 02 03 08:01:23:018;0,774;40;6;40,9393;-0,2009;164,8254;4,0261;-152,3437;
2026 02 03 08:01:23:020;0,774;40;6;40,9393;-0,2009;164,8254;4,0261;-160,1562;
2026 02 03 08:01:23:022;0,774;40;6;40,9393;-0,2009;164,8254;4,0261;-152,3437;
2026 02 03 08:01:23:024;0,774;40;6;40,9393;-0,2009;164,8254;4,0261;-210,9375;
2026 02 03 08:01:23:026;0,774;40;6;40,9393;-0,2009;164,8254;4,0261;-261,7187;
2026 02 03 08:01:23:028;0,774;40;6;40,9393;-0,2009;164,8254;4,0261;-234,375;
2026 02 03 08:01:23:030;0,774;40;6;40,9393;-0,2009;164,8254;4,0261;-230,4687;
2026 02 03 08:01:23:032;0,774;40;6;40,9393;-0,2009;164,8254;4,0261;-234,375;
2026 02 03 08:01:23:034;0,774;40;6;40,9393;-0,2009;164,8254;4,0261;-218,75;
2026 02 03 08:01:23:036;0,774;40;6;40,9393;-0,2009;164,8254;4,0261;-203,125;
2026 02 03 08:01:23:038;0,774;40;6;40,9393;-0,2009;164,8254;4,0261;-183,5937;
2026 02 03 08:01:23:040;0,774;40;6;40,9393;-0,2009;164,8254;4,0261;-187,5;
2026 02 03 08:01:23:042;0,774;40;6;40,9393;-0,2009;164,8254;4,0261;-156,25;
2026 02 03 08:01:23:044;0,774;40;6;40,9393;-0,2009;164,8254;4,0261;-203,125;
2026 02 03 08:01:23:046;0,774;40;6;40,9393;-0,2009;164,8254;4,0261;-199,2187;
2026 02 03 08:01:23:048;0,774;40;6;40,9393;-0,2009;164,8254;4,0261;-199,2187;
2026 02 03 08:01:23:050;0,774;40;6;40,9393;-0,2009;164,8254;4,0261;-195,3125;
2026 02 03 08:01:23:052;0,774;40;6;40,9393;-0,2009;164,8254;4,0261;-222,6562;
2026 02 03 08:01:23:054;0,774;40;6;40,9393;-0,2009;164,8254;4,0261;-242,1875;
2026 02 03 08:01:23:056;0,774;40;6;40,9393;-0,2009;164,8254;4,0261;-207,0312;
2026 02 03 08:01:23:058;0,774;40;6;40,9393;-0,2009;164,8254;4,0261;-261,7187;
2026 02 03 08:01:23:060;0,774;40;6;40,9393;-0,2009;164,8254;4,0261;-218,75;
2026 02 03 08:01:23:062;0,774;40;6;40,9393;-0,2009;164,8254;4,0261;-210,9375;
2026 02 03 08:01:23:064;0,774;40;6;40,9393;-0,2009;164,8254;4,0261;-218,75;
2026 02 03 08:01:23:066;0,774;40;6;40,9393;-0,2009;164,8254;4,0261;-179,6875;
2026 02 03 08:01:23:068;0,774;40;6;40,9393;-0,2009;164,8254;4,0261;-203,125;
2026 02 03 08:01:23:070;0,774;40;6;40,9393;-0,2009;164,8254;4,0261;-152,3437;
2026 02 03 08:01:23:072;0,774;40;6;40,9393;-0,2009;164,8254;4,0261;-156,25;
2026 02 03 08:01:23:074;0,774;40;6;40,9393;-0,2009;164,8254;4,0261;-156,25;
2026 02 03 08:01:23:076;0,774;40;6;40,9393;-0,2009;164,8254;4,0261;-183,5937;
2026 02 03 08:01:23:078;0,774;40;6;40,9393;-0,2009;164,8254;4,0261;-203,125;
2026 02 03 08:01:23:080;0,774;40;6;40,9393;-0,2009;164,8254;4,0261;-210,9375;
2026 02 03 08:01:23:082;0,774;40;6;40,9393;-0,2009;164,8254;4,0261;-226,5625;
2026 02 03 08:01:23:084;0,774;40;6;40,9393;-0,2009;164,8254;4,0261;-234,375;
2026 02 03 08:01:23:086;0,774;40;6;40,9393;-0,2009;164,8254;4,0261;-257,8125;
2026 02 03 08:01:23:088;0,774;40;6;40,9393;-0,2009;164,8254;4,0261;-246,0937;
2026 02 03 08:01:23:090;0,774;40;6;40,9393;-0,2009;164,8254;4,0261;-191,4062;
2026 02 03 08:01:23:092;0,774;40;6;40,9393;-0,2009;164,8254;4,0261;-164,0625;
2026 02 03 08:01:23:094;0,774;40;6;40,9393;-0,2009;164,8254;4,0261;-164,0625;
2026 02 03 08:01:23:096;0,774;40;6;40,9393;-0,2009;164,8254;4,0261;-171,875;
2026 02 03 08:01:23:098;0,774;40;6;40,9393;-0,2009;164,8254;4,0261;-136,7187;
2026 02 03 08:01:23:100;0,774;40;6;40,9393;-0,2009;164,8254;4,0261;-152,3437;
2026 02 03 08:01:23:102;0,774;40;6;40,9393;-0,2009;164,8254;4,0261;-195,3125;
2026 02 03 08:01:23:104;0,774;40;6;40,9393;-0,2009;164,8254;4,0261;-156,25;
2026 02 03 08:01:23:106;0,774;40;6;40,9393;-0,2009;164,8254;4,0261;-242,1875;
2026 02 03 08:01:23:108;0,774;40;6;40,9393;-0,2009;164,8254;4,0261;-269,5312;
2026 02 03 08:01:23:110;0,774;40;6;40,9393;-0,2009;164,8254;4,0261;-253,9062;
2026 02 03 08:01:23:112;0,774;40;6;40,9393;-0,2009;164,8254;4,0261;-226,5625;
2026 02 03 08:01:23:114;0,774;40;6;40,9393;-0,2009;164,8254;4,0261;-253,9062;
2026 02 03 08:01:23:116;0,774;40;6;40,9393;-0,2009;164,8254;4,0261;-199,2187;
2026 02 03 08:01:23:118;0,774;40;6;40,9393;-0,2009;164,8254;4,0261;-175,7812;
2026 02 03 08:01:23:120;0,774;40;6;40,9393;-0,2009;164,8254;4,0261;-160,1562;
2026 02 03 08:01:23:122;0,774;40;6;40,9393;-0,2009;164,8254;4,0261;-128,9062;
2026 02 03 08:01:23:124;0,774;40;6;40,9393;-0,2009;164,8254;4,0261;-140,625;
2026 02 03 08:01:23:126;0,774;40;6;40,9393;-0,2009;164,8254;4,0261;-191,4062;
2026 02 03 08:01:23:128;0,774;40;6;40,9393;-0,2009;164,8254;4,0261;-207,0312;
2026 02 03 08:01:23:130;0,774;40;6;40,9393;-0,2009;164,8254;4,0261;-199,2187;
2026 02 03 08:01:23:132;0,774;40;6;40,9393;-0,2009;164,8254;4,0261;-207,0312;
2026 02 03 08:01:23:134;0,774;40;6;40,9393;-0,2009;164,8254;4,0261;-230,4687;
2026 02 03 08:01:23:136;0,774;40;6;40,9393;-0,2009;164,8254;4,0261;-210,9375;
2026 02 03 08:01:23:138;0,774;40;6;40,9393;-0,2009;164,8254;4,0261;-207,0312;
2026 02 03 08:01:23:140;0,774;40;6;40,9393;-0,2009;164,8254;4,0261;-203,125;
2026 02 03 08:01:23:142;0,774;40;6;40,9393;-0,2009;164,8254;4,0261;-199,2187;
2026 02 03 08:01:23:144;0,774;40;6;40,9393;-0,2009;164,8254;4,0261;-207,0312;
2026 02 03 08:01:23:146;0,774;40;6;40,9393;-0,2009;164,8254;4,0261;-195,3125;
2026 02 03 08:01:23:148;0,774;40;6;40,9393;-0,2009;164,8254;4,0261;-187,5;
2026 02 03 08:01:23:150;0,774;40;6;40,9393;-0,2009;164,8254;4,0261;-175,7812;
2026 02 03 08:01:23:152;0,774;40;6;40,9393;-0,2009;164,8254;4,0261;-152,3437;
2026 02 03 08:01:23:154;0,774;40;6;40,9393;-0,2009;164,8254;4,0261;-160,1562;
2026 02 03 08:01:23:156;0,774;40;6;40,9393;-0,2009;164,8254;4,0261;-179,6875;
2026 02 03 08:01:23:158;0,774;40;6;40,9393;-0,2009;164,8254;4,0261;-160,1562;
2026 02 03 08:01:23:160;0,774;40;6;40,9393;-0,2009;164,8254;4,0261;-199,2187;
2026 02 03 08:01:23:162;0,774;40;6;40,9393;-0,2009;164,8254;4,0261;-230,4687;
2026 02 03 08:01:23:164;0,774;40;6;40,9393;-0,2009;164,8254;4,0261;-234,375;
2026 02 03 08:01:23:166;0,774;40;6;40,9393;-0,2009;164,8254;4,0261;-238,2812;
2026 02 03 08:01:23:168;0,774;40;6;40,9393;-0,2009;164,8254;4,0261;-257,8125;
2026 02 03 08:01:23:170;0,774;40;6;40,9393;-0,2009;164,8254;4,0261;-214,8437;
2026 02 03 08:01:23:172;0,774;40;6;40,9393;-0,2009;164,8254;4,0261;-195,3125;
2026 02 03 08:01:23:174;0,774;40;6;40,9393;-0,2009;164,8254;4,0261;-160,1562;
2026 02 03 08:01:23:176;0,774;40;6;40,9393;-0,2009;164,8254;4,0261;-148,4375;
2026 02 03 08:01:23:178;0,765;36;6;36,8805;-0,2192;153,1067;4,1514;-132,8125;
2026 02 03 08:01:23:180;0,765;36;6;36,8805;-0,2192;153,1067;4,1514;-140,625;
2026 02 03 08:01:23:182;0,765;36;6;36,8805;-0,2192;153,1067;4,1514;-167,9687;
2026 02 03 08:01:23:184;0,765;36;6;36,8805;-0,2192;153,1067;4,1514;-183,5937;
2026 02 03 08:01:23:186;0,765;36;6;36,8805;-0,2192;153,1067;4,1514;-210,9375;
2026 02 03 08:01:23:188;0,765;36;6;36,8805;-0,2192;153,1067;4,1514;-242,1875;
2026 02 03 08:01:23:190;0,765;36;6;36,8805;-0,2192;153,1067;4,1514;-238,2812;
2026 02 03 08:01:23:192;0,765;36;6;36,8805;-0,2192;153,1067;4,1514;-222,6562;
2026 02 03 08:01:23:194;0,765;36;6;36,8805;-0,2192;153,1067;4,1514;-230,4687;
2026 02 03 08:01:23:196;0,765;36;6;36,8805;-0,2192;153,1067;4,1514;-207,0312;
2026 02 03 08:01:23:198;0,765;36;6;36,8805;-0,2192;153,1067;4,1514;-175,7812;
2026 02 03 08:01:23:200;0,765;36;6;36,8805;-0,2192;153,1067;4,1514;-140,625;
2026 02 03 08:01:23:202;0,765;36;6;36,8805;-0,2192;153,1067;4,1514;-105,4687;
2026 02 03 08:01:23:204;0,765;36;6;36,8805;-0,2192;153,1067;4,1514;-171,875;
2026 02 03 08:01:23:206;0,765;36;6;36,8805;-0,2192;153,1067;4,1514;-183,5937;
2026 02 03 08:01:23:208;0,765;36;6;36,8805;-0,2192;153,1067;4,1514;-183,5937;
2026 02 03 08:01:23:210;0,765;36;6;36,8805;-0,2192;153,1067;4,1514;-164,0625;
2026 02 03 08:01:23:212;0,765;36;6;36,8805;-0,2192;153,1067;4,1514;-179,6875;
2026 02 03 08:01:23:214;0,765;36;6;36,8805;-0,2192;153,1067;4,1514;-207,0312;
2026 02 03 08:01:23:216;0,765;36;6;36,8805;-0,2192;153,1067;4,1514;-207,0312;
2026 02 03 08:01:23:218;0,765;36;6;36,8805;-0,2192;153,1067;4,1514;-207,0312;
2026 02 03 08:01:23:220;0,765;36;6;36,8805;-0,2192;153,1067;4,1514;-203,125;
2026 02 03 08:01:23:222;0,765;36;6;36,8805;-0,2192;153,1067;4,1514;-203,125;
2026 02 03 08:01:23:224;0,765;36;6;36,8805;-0,2192;153,1067;4,1514;-199,2187;
2026 02 03 08:01:23:226;0,765;36;6;36,8805;-0,2192;153,1067;4,1514;-199,2187;
2026 02 03 08:01:23:228;0,765;36;6;36,8805;-0,2192;153,1067;4,1514;-179,6875;
2026 02 03 08:01:23:230;0,765;36;6;36,8805;-0,2192;153,1067;4,1514;-152,3437;
2026 02 03 08:01:23:232;0,765;36;6;36,8805;-0,2192;153,1067;4,1514;-144,5312;
2026 02 03 08:01:23:234;0,765;36;6;36,8805;-0,2192;153,1067;4,1514;-156,25;
2026 02 03 08:01:23:236;0,765;36;6;36,8805;-0,2192;153,1067;4,1514;-156,25;
2026 02 03 08:01:23:238;0,765;36;6;36,8805;-0,2192;153,1067;4,1514;-160,1562;
2026 02 03 08:01:23:240;0,765;36;6;36,8805;-0,2192;153,1067;4,1514;-191,4062;
2026 02 03 08:01:23:242;0,765;36;6;36,8805;-0,2192;153,1067;4,1514;-203,125;
2026 02 03 08:01:23:244;0,765;36;6;36,8805;-0,2192;153,1067;4,1514;-230,4687;
2026 02 03 08:01:23:246;0,765;36;6;36,8805;-0,2192;153,1067;4,1514;-226,5625;
2026 02 03 08:01:23:248;0,765;36;6;36,8805;-0,2192;153,1067;4,1514;-277,3437;
2026 02 03 08:01:23:250;0,765;36;6;36,8805;-0,2192;153,1067;4,1514;-199,2187;
2026 02 03 08:01:23:252;0,765;36;6;36,8805;-0,2192;153,1067;4,1514;-179,6875;
2026 02 03 08:01:23:254;0,765;36;6;36,8805;-0,2192;153,1067;4,1514;-136,7187;
2026 02 03 08:01:23:256;0,765;36;6;36,8805;-0,2192;153,1067;4,1514;-117,1875;
2026 02 03 08:01:23:258;0,765;36;6;36,8805;-0,2192;153,1067;4,1514;-93,75;
2026 02 03 08:01:23:260;0,765;36;6;36,8805;-0,2192;153,1067;4,1514;-113,2812;
2026 02 03 08:01:23:262;0,765;36;6;36,8805;-0,2192;153,1067;4,1514;-140,625;
2026 02 03 08:01:23:264;0,765;36;6;36,8805;-0,2192;153,1067;4,1514;-195,3125;
2026 02 03 08:01:23:266;0,765;36;6;36,8805;-0,2192;153,1067;4,1514;-207,0312;
2026 02 03 08:01:23:268;0,765;36;6;36,8805;-0,2192;153,1067;4,1514;-257,8125;
2026 02 03 08:01:23:270;0,765;36;6;36,8805;-0,2192;153,1067;4,1514;-199,2187;
2026 02 03 08:01:23:272;0,765;36;6;36,8805;-0,2192;153,1067;4,1514;-222,6562;
2026 02 03 08:01:23:274;0,765;36;6;36,8805;-0,2192;153,1067;4,1514;-214,8437;
2026 02 03 08:01:23:276;0,765;36;6;36,8805;-0,2192;153,1067;4,1514;-167,9687;
2026 02 03 08:01:23:278;0,765;36;6;36,8805;-0,2192;153,1067;4,1514;-171,875;
2026 02 03 08:01:23:280;0,765;36;6;36,8805;-0,2192;153,1067;4,1514;-128,9062;
2026 02 03 08:01:23:282;0,765;36;6;36,8805;-0,2192;153,1067;4,1514;-160,1562;
2026 02 03 08:01:23:284;0,765;36;6;36,8805;-0,2192;153,1067;4,1514;-136,7187;
2026 02 03 08:01:23:286;0,765;36;6;36,8805;-0,2192;153,1067;4,1514;-164,0625;
2026 02 03 08:01:23:288;0,765;36;6;36,8805;-0,2192;153,1067;4,1514;-156,25;
2026 02 03 08:01:23:290;0,765;36;6;36,8805;-0,2192;153,1067;4,1514;-175,7812;
2026 02 03 08:01:23:292;0,765;36;6;36,8805;-0,2192;153,1067;4,1514;-183,5937;
2026 02 03 08:01:23:294;0,765;36;6;36,8805;-0,2192;153,1067;4,1514;-183,5937;
2026 02 03 08:01:23:296;0,765;36;6;36,8805;-0,2192;153,1067;4,1514;-203,125;
2026 02 03 08:01:23:298;0,765;36;6;36,8805;-0,2192;153,1067;4,1514;-207,0312;
2026 02 03 08:01:23:300;0,765;36;6;36,8805;-0,2192;153,1067;4,1514;-164,0625;
2026 02 03 08:01:23:302;0,765;36;6;36,8805;-0,2192;153,1067;4,1514;-183,5937;
2026 02 03 08:01:23:304;0,765;36;6;36,8805;-0,2192;153,1067;4,1514;-164,0625;
2026 02 03 08:01:23:306;0,765;36;6;36,8805;-0,2192;153,1067;4,1514;-187,5;
2026 02 03 08:01:23:308;0,765;36;6;36,8805;-0,2192;153,1067;4,1514;-164,0625;
2026 02 03 08:01:23:310;0,765;36;6;36,8805;-0,2192;153,1067;4,1514;-132,8125;
2026 02 03 08:01:23:312;0,765;36;6;36,8805;-0,2192;153,1067;4,1514;-117,1875;
2026 02 03 08:01:23:314;0,765;36;6;36,8805;-0,2192;153,1067;4,1514;-128,9062;
2026 02 03 08:01:23:316;0,765;36;6;36,8805;-0,2192;153,1067;4,1514;-164,0625;
2026 02 03 08:01:23:318;0,765;36;6;36,8805;-0,2192;153,1067;4,1514;-152,3437;
2026 02 03 08:01:23:320;0,765;36;6;36,8805;-0,2192;153,1067;4,1514;-175,7812;
2026 02 03 08:01:23:322;0,765;36;6;36,8805;-0,2192;153,1067;4,1514;-179,6875;
2026 02 03 08:01:23:324;0,765;36;6;36,8805;-0,2192;153,1067;4,1514;-218,75;
2026 02 03 08:01:23:326;0,765;36;6;36,8805;-0,2192;153,1067;4,1514;-246,0937;
2026 02 03 08:01:23:328;0,765;36;6;36,8805;-0,2192;153,1067;4,1514;-292,9687;
2026 02 03 08:01:23:330;0,765;36;6;36,8805;-0,2192;153,1067;4,1514;-191,4062;
2026 02 03 08:01:23:332;0,765;36;6;36,8805;-0,2192;153,1067;4,1514;-128,9062;
2026 02 03 08:01:23:334;0,765;36;6;36,8805;-0,2192;153,1067;4,1514;-203,125;
2026 02 03 08:01:23:336;0,765;36;6;36,8805;-0,2192;153,1067;4,1514;-167,9687;
2026 02 03 08:01:23:338;0,765;36;6;36,8805;-0,2192;153,1067;4,1514;-74,2187;
2026 02 03 08:01:23:340;0,765;36;6;36,8805;-0,2192;153,1067;4,1514;-144,5312;
2026 02 03 08:01:23:342;0,765;36;6;36,8805;-0,2192;153,1067;4,1514;-148,4375;
2026 02 03 08:01:23:344;0,765;36;6;36,8805;-0,2192;153,1067;4,1514;-183,5937;
2026 02 03 08:01:23:346;0,765;36;6;36,8805;-0,2192;153,1067;4,1514;-191,4062;
2026 02 03 08:01:23:348;0,765;36;6;36,8805;-0,2192;153,1067;4,1514;-207,0312;
2026 02 03 08:01:23:350;0,765;36;6;36,8805;-0,2192;153,1067;4,1514;-167,9687;
2026 02 03 08:01:23:352;0,765;36;6;36,8805;-0,2192;153,1067;4,1514;-222,6562;
2026 02 03 08:01:23:354;0,765;36;6;36,8805;-0,2192;153,1067;4,1514;-171,875;
2026 02 03 08:01:23:356;0,765;36;6;36,8805;-0,2192;153,1067;4,1514;-171,875;
2026 02 03 08:01:23:358;0,765;36;6;36,8805;-0,2192;153,1067;4,1514;-136,7187;
2026 02 03 08:01:23:360;0,765;36;6;36,8805;-0,2192;153,1067;4,1514;-105,4687;
2026 02 03 08:01:23:362;0,765;36;6;36,8805;-0,2192;153,1067;4,1514;-164,0625;
2026 02 03 08:01:23:364;0,765;36;6;36,8805;-0,2192;153,1067;4,1514;-136,7187;
2026 02 03 08:01:23:366;0,765;36;6;36,8805;-0,2192;153,1067;4,1514;-148,4375;
2026 02 03 08:01:23:368;0,765;36;6;36,8805;-0,2192;153,1067;4,1514;-171,875;
2026 02 03 08:01:23:370;0,765;36;6;36,8805;-0,2192;153,1067;4,1514;-175,7812;
2026 02 03 08:01:23:372;0,765;36;6;36,8805;-0,2192;153,1067;4,1514;-183,5937;
2026 02 03 08:01:23:374;0,765;36;6;36,8805;-0,2192;153,1067;4,1514;-156,25;
2026 02 03 08:01:23:376;0,765;36;6;36,8805;-0,2192;153,1067;4,1514;-167,9687;
2026 02 03 08:01:23:378;0,765;36;6;36,8805;-0,2192;153,1067;4,1514;-187,5;
2026 02 03 08:01:23:380;0,765;36;6;36,8805;-0,2192;153,1067;4,1514;-183,5937;
2026 02 03 08:01:23:382;0,765;36;6;36,8805;-0,2192;153,1067;4,1514;-179,6875;
2026 02 03 08:01:23:384;0,765;36;6;36,8805;-0,2192;153,1067;4,1514;-187,5;
2026 02 03 08:01:23:386;0,765;36;6;36,8805;-0,2192;153,1067;4,1514;-175,7812;
2026 02 03 08:01:23:388;0,765;36;6;36,8805;-0,2192;153,1067;4,1514;-148,4375;
2026 02 03 08:01:23:390;0,765;36;6;36,8805;-0,2192;153,1067;4,1514;-144,5312;
2026 02 03 08:01:23:392;0,765;36;6;36,8805;-0,2192;153,1067;4,1514;-105,4687;
2026 02 03 08:01:23:394;0,765;36;6;36,8805;-0,2192;153,1067;4,1514;-109,375;
2026 02 03 08:01:23:396;0,765;36;6;36,8805;-0,2192;153,1067;4,1514;-152,3437;
2026 02 03 08:01:23:398;0,765;36;6;36,8805;-0,2192;153,1067;4,1514;-144,5312;
2026 02 03 08:01:23:400;0,765;36;6;36,8805;-0,2192;153,1067;4,1514;-125;
2026 02 03 08:01:23:402;0,765;36;6;36,8805;-0,2192;153,1067;4,1514;-167,9687;
2026 02 03 08:01:23:404;0,765;36;6;36,8805;-0,2192;153,1067;4,1514;-199,2187;
2026 02 03 08:01:23:406;0,765;36;6;36,8805;-0,2192;153,1067;4,1514;-222,6562;
2026 02 03 08:01:23:408;0,765;36;6;36,8805;-0,2192;153,1067;4,1514;-183,5937;
2026 02 03 08:01:23:410;0,765;36;6;36,8805;-0,2192;153,1067;4,1514;-160,1562;
2026 02 03 08:01:23:412;0,765;36;6;36,8805;-0,2192;153,1067;4,1514;-156,25;
2026 02 03 08:01:23:414;0,765;36;6;36,8805;-0,2192;153,1067;4,1514;-125;
2026 02 03 08:01:23:416;0,765;36;6;36,8805;-0,2192;153,1067;4,1514;-132,8125;
2026 02 03 08:01:23:418;0,765;36;6;36,8805;-0,2192;153,1067;4,1514;-97,6562;
2026 02 03 08:01:23:420;0,765;36;6;36,8805;-0,2192;153,1067;4,1514;-85,9375;
2026 02 03 08:01:23:422;0,765;36;6;36,8805;-0,2192;153,1067;4,1514;-109,375;
2026 02 03 08:01:23:424;0,765;36;6;36,8805;-0,2192;153,1067;4,1514;-171,875;
2026 02 03 08:01:23:426;0,765;36;6;36,8805;-0,2192;153,1067;4,1514;-191,4062;
2026 02 03 08:01:23:428;0,765;36;6;36,8805;-0,2192;153,1067;4,1514;-175,7812;
2026 02 03 08:01:23:430;0,765;36;6;36,8805;-0,2192;153,1067;4,1514;-171,875;
2026 02 03 08:01:23:432;0,765;36;6;36,8805;-0,2192;153,1067;4,1514;-199,2187;
2026 02 03 08:01:23:434;0,765;36;6;36,8805;-0,2192;153,1067;4,1514;-199,2187;
2026 02 03 08:01:23:436;0,765;36;6;36,8805;-0,2192;153,1067;4,1514;-148,4375;
2026 02 03 08:01:23:438;0,765;36;6;36,8805;-0,2192;153,1067;4,1514;-136,7187;
2026 02 03 08:01:23:440;0,765;36;6;36,8805;-0,2192;153,1067;4,1514;-97,6562;
2026 02 03 08:01:23:442;0,765;36;6;36,8805;-0,2192;153,1067;4,1514;-113,2812;
2026 02 03 08:01:23:444;0,765;36;6;36,8805;-0,2192;153,1067;4,1514;-109,375;
2026 02 03 08:01:23:446;0,765;36;6;36,8805;-0,2192;153,1067;4,1514;-136,7187;
2026 02 03 08:01:23:448;0,765;36;6;36,8805;-0,2192;153,1067;4,1514;-136,7187;
2026 02 03 08:01:23:450;0,765;36;6;36,8805;-0,2192;153,1067;4,1514;-117,1875;
2026 02 03 08:01:23:452;0,765;36;6;36,8805;-0,2192;153,1067;4,1514;-128,9062;
2026 02 03 08:01:23:454;0,765;36;6;36,8805;-0,2192;153,1067;4,1514;-167,9687;
2026 02 03 08:01:23:456;0,765;36;6;36,8805;-0,2192;153,1067;4,1514;-167,9687;
2026 02 03 08:01:23:458;0,765;36;6;36,8805;-0,2192;153,1067;4,1514;-156,25;
2026 02 03 08:01:23:460;0,765;36;6;36,8805;-0,2192;153,1067;4,1514;-156,25;
2026 02 03 08:01:23:462;0,765;36;6;36,8805;-0,2192;153,1067;4,1514;-152,3437;
2026 02 03 08:01:23:464;0,765;36;6;36,8805;-0,2192;153,1067;4,1514;-144,5312;
2026 02 03 08:01:23:466;0,765;36;6;36,8805;-0,2192;153,1067;4,1514;-171,875;
2026 02 03 08:01:23:468;0,765;36;6;36,8805;-0,2192;153,1067;4,1514;-125;
2026 02 03 08:01:23:470;0,765;36;6;36,8805;-0,2192;153,1067;4,1514;-105,4687;
2026 02 03 08:01:23:472;0,765;36;6;36,8805;-0,2192;153,1067;4,1514;-101,5625;
2026 02 03 08:01:23:474;0,765;36;6;36,8805;-0,2192;153,1067;4,1514;-89,8437;
2026 02 03 08:01:23:476;0,765;36;6;36,8805;-0,2192;153,1067;4,1514;-78,125;
2026 02 03 08:01:23:478;0,765;36;6;36,8805;-0,2192;153,1067;4,1514;-101,5625;
2026 02 03 08:01:23:480;0,747;38;7;41,8854;0,0311;184,0668;4,3945;-128,9062;
2026 02 03 08:01:23:482;0,747;38;7;41,8854;0,0311;184,0668;4,3945;-136,7187;
2026 02 03 08:01:23:484;0,747;38;7;41,8854;0,0311;184,0668;4,3945;-171,875;
2026 02 03 08:01:23:486;0,747;38;7;41,8854;0,0311;184,0668;4,3945;-203,125;
2026 02 03 08:01:23:488;0,747;38;7;41,8854;0,0311;184,0668;4,3945;-191,4062;
2026 02 03 08:01:23:490;0,747;38;7;41,8854;0,0311;184,0668;4,3945;-164,0625;
2026 02 03 08:01:23:492;0,747;38;7;41,8854;0,0311;184,0668;4,3945;-117,1875;
2026 02 03 08:01:23:494;0,747;38;7;41,8854;0,0311;184,0668;4,3945;-101,5625;
2026 02 03 08:01:23:496;0,747;38;7;41,8854;0,0311;184,0668;4,3945;-97,6562;
2026 02 03 08:01:23:498;0,747;38;7;41,8854;0,0311;184,0668;4,3945;-66,4062;
2026 02 03 08:01:23:500;0,747;38;7;41,8854;0,0311;184,0668;4,3945;-66,4062;
2026 02 03 08:01:23:502;0,747;38;7;41,8854;0,0311;184,0668;4,3945;-78,125;
2026 02 03 08:01:23:504;0,747;38;7;41,8854;0,0311;184,0668;4,3945;-89,8437;
2026 02 03 08:01:23:506;0,747;38;7;41,8854;0,0311;184,0668;4,3945;-156,25;
2026 02 03 08:01:23:508;0,747;38;7;41,8854;0,0311;184,0668;4,3945;-183,5937;
2026 02 03 08:01:23:510;0,747;38;7;41,8854;0,0311;184,0668;4,3945;-152,3437;
2026 02 03 08:01:23:512;0,747;38;7;41,8854;0,0311;184,0668;4,3945;-144,5312;
2026 02 03 08:01:23:514;0,747;38;7;41,8854;0,0311;184,0668;4,3945;-187,5;
2026 02 03 08:01:23:516;0,747;38;7;41,8854;0,0311;184,0668;4,3945;-128,9062;
2026 02 03 08:01:23:518;0,747;38;7;41,8854;0,0311;184,0668;4,3945;-113,2812;
2026 02 03 08:01:23:520;0,747;38;7;41,8854;0,0311;184,0668;4,3945;-85,9375;
2026 02 03 08:01:23:522;0,747;38;7;41,8854;0,0311;184,0668;4,3945;-89,8437;
2026 02 03 08:01:23:524;0,747;38;7;41,8854;0,0311;184,0668;4,3945;-82,0312;
2026 02 03 08:01:23:526;0,747;38;7;41,8854;0,0311;184,0668;4,3945;-101,5625;
2026 02 03 08:01:23:528;0,747;38;7;41,8854;0,0311;184,0668;4,3945;-113,2812;
2026 02 03 08:01:23:530;0,747;38;7;41,8854;0,0311;184,0668;4,3945;-54,6875;
2026 02 03 08:01:23:532;0,747;38;7;41,8854;0,0311;184,0668;4,3945;-128,9062;
2026 02 03 08:01:23:534;0,747;38;7;41,8854;0,0311;184,0668;4,3945;-160,1562;
2026 02 03 08:01:23:536;0,747;38;7;41,8854;0,0311;184,0668;4,3945;-128,9062;
2026 02 03 08:01:23:538;0,747;38;7;41,8854;0,0311;184,0668;4,3945;-144,5312;
2026 02 03 08:01:23:540;0,747;38;7;41,8854;0,0311;184,0668;4,3945;-125;
2026 02 03 08:01:23:542;0,747;38;7;41,8854;0,0311;184,0668;4,3945;-128,9062;
2026 02 03 08:01:23:544;0,747;38;7;41,8854;0,0311;184,0668;4,3945;-132,8125;
2026 02 03 08:01:23:546;0,747;38;7;41,8854;0,0311;184,0668;4,3945;-113,2812;
2026 02 03 08:01:23:548;0,747;38;7;41,8854;0,0311;184,0668;4,3945;-109,375;
2026 02 03 08:01:23:550;0,747;38;7;41,8854;0,0311;184,0668;4,3945;-62,5;
2026 02 03 08:01:23:552;0,747;38;7;41,8854;0,0311;184,0668;4,3945;-58,5937;
2026 02 03 08:01:23:554;0,747;38;7;41,8854;0,0311;184,0668;4,3945;-74,2187;
2026 02 03 08:01:23:556;0,747;38;7;41,8854;0,0311;184,0668;4,3945;-50,7812;
2026 02 03 08:01:23:558;0,747;38;7;41,8854;0,0311;184,0668;4,3945;-58,5937;
2026 02 03 08:01:23:560;0,747;38;7;41,8854;0,0311;184,0668;4,3945;-82,0312;
2026 02 03 08:01:23:562;0,747;38;7;41,8854;0,0311;184,0668;4,3945;-136,7187;
2026 02 03 08:01:23:564;0,747;38;7;41,8854;0,0311;184,0668;4,3945;-136,7187;
2026 02 03 08:01:23:566;0,747;38;7;41,8854;0,0311;184,0668;4,3945;-140,625;
2026 02 03 08:01:23:568;0,747;38;7;41,8854;0,0311;184,0668;4,3945;-152,3437;
2026 02 03 08:01:23:570;0,747;38;7;41,8854;0,0311;184,0668;4,3945;-128,9062;
2026 02 03 08:01:23:572;0,747;38;7;41,8854;0,0311;184,0668;4,3945;-121,0937;
2026 02 03 08:01:23:574;0,747;38;7;41,8854;0,0311;184,0668;4,3945;-85,9375;
2026 02 03 08:01:23:576;0,747;38;7;41,8854;0,0311;184,0668;4,3945;-82,0312;
2026 02 03 08:01:23:578;0,747;38;7;41,8854;0,0311;184,0668;4,3945;-66,4062;
2026 02 03 08:01:23:580;0,747;38;7;41,8854;0,0311;184,0668;4,3945;-27,3437;
2026 02 03 08:01:23:582;0,747;38;7;41,8854;0,0311;184,0668;4,3945;-58,5937;
2026 02 03 08:01:23:584;0,747;38;7;41,8854;0,0311;184,0668;4,3945;-58,5937;
2026 02 03 08:01:23:586;0,747;38;7;41,8854;0,0311;184,0668;4,3945;-70,3125;
2026 02 03 08:01:23:588;0,747;38;7;41,8854;0,0311;184,0668;4,3945;-113,2812;
2026 02 03 08:01:23:590;0,747;38;7;41,8854;0,0311;184,0668;4,3945;-117,1875;
2026 02 03 08:01:23:592;0,747;38;7;41,8854;0,0311;184,0668;4,3945;-89,8437;
2026 02 03 08:01:23:594;0,747;38;7;41,8854;0,0311;184,0668;4,3945;-117,1875;
2026 02 03 08:01:23:596;0,747;38;7;41,8854;0,0311;184,0668;4,3945;-97,6562;
2026 02 03 08:01:23:598;0,747;38;7;41,8854;0,0311;184,0668;4,3945;-105,4687;
2026 02 03 08:01:23:600;0,747;38;7;41,8854;0,0311;184,0668;4,3945;-97,6562;
2026 02 03 08:01:23:602;0,747;38;7;41,8854;0,0311;184,0668;4,3945;-82,0312;
2026 02 03 08:01:23:604;0,747;38;7;41,8854;0,0311;184,0668;4,3945;-93,75;
2026 02 03 08:01:23:606;0,747;38;7;41,8854;0,0311;184,0668;4,3945;-105,4687;
2026 02 03 08:01:23:608;0,747;38;7;41,8854;0,0311;184,0668;4,3945;-89,8437;
2026 02 03 08:01:23:610;0,747;38;7;41,8854;0,0311;184,0668;4,3945;-66,4062;
2026 02 03 08:01:23:612;0,747;38;7;41,8854;0,0311;184,0668;4,3945;-62,5;
2026 02 03 08:01:23:614;0,747;38;7;41,8854;0,0311;184,0668;4,3945;-58,5937;
2026 02 03 08:01:23:616;0,747;38;7;41,8854;0,0311;184,0668;4,3945;-50,7812;
2026 02 03 08:01:23:618;0,747;38;7;41,8854;0,0311;184,0668;4,3945;-70,3125;
2026 02 03 08:01:23:620;0,747;38;7;41,8854;0,0311;184,0668;4,3945;-85,9375;
2026 02 03 08:01:23:622;0,747;38;7;41,8854;0,0311;184,0668;4,3945;-97,6562;
2026 02 03 08:01:23:624;0,747;38;7;41,8854;0,0311;184,0668;4,3945;-85,9375;
2026 02 03 08:01:23:626;0,747;38;7;41,8854;0,0311;184,0668;4,3945;-117,1875;
2026 02 03 08:01:23:628;0,747;38;7;41,8854;0,0311;184,0668;4,3945;-117,1875;
2026 02 03 08:01:23:630;0,747;38;7;41,8854;0,0311;184,0668;4,3945;-89,8437;
2026 02 03 08:01:23:632;0,747;38;7;41,8854;0,0311;184,0668;4,3945;-82,0312;
2026 02 03 08:01:23:634;0,747;38;7;41,8854;0,0311;184,0668;4,3945;-50,7812;
2026 02 03 08:01:23:636;0,747;38;7;41,8854;0,0311;184,0668;4,3945;-54,6875;
2026 02 03 08:01:23:638;0,747;38;7;41,8854;0,0311;184,0668;4,3945;-58,5937;
2026 02 03 08:01:23:640;0,747;38;7;41,8854;0,0311;184,0668;4,3945;-39,0625;
2026 02 03 08:01:23:642;0,747;38;7;41,8854;0,0311;184,0668;4,3945;-31,25;
2026 02 03 08:01:23:644;0,747;38;7;41,8854;0,0311;184,0668;4,3945;-78,125;
2026 02 03 08:01:23:646;0,747;38;7;41,8854;0,0311;184,0668;4,3945;-89,8437;
2026 02 03 08:01:23:648;0,747;38;7;41,8854;0,0311;184,0668;4,3945;-105,4687;
2026 02 03 08:01:23:650;0,747;38;7;41,8854;0,0311;184,0668;4,3945;-82,0312;
2026 02 03 08:01:23:652;0,747;38;7;41,8854;0,0311;184,0668;4,3945;-70,3125;
2026 02 03 08:01:23:654;0,747;38;7;41,8854;0,0311;184,0668;4,3945;-66,4062;
2026 02 03 08:01:23:656;0,747;38;7;41,8854;0,0311;184,0668;4,3945;-74,2187;
2026 02 03 08:01:23:658;0,747;38;7;41,8854;0,0311;184,0668;4,3945;-62,5;
2026 02 03 08:01:23:660;0,747;38;7;41,8854;0,0311;184,0668;4,3945;-42,9687;
2026 02 03 08:01:23:662;0,747;38;7;41,8854;0,0311;184,0668;4,3945;-46,875;
2026 02 03 08:01:23:664;0,747;38;7;41,8854;0,0311;184,0668;4,3945;-66,4062;
2026 02 03 08:01:23:666;0,747;38;7;41,8854;0,0311;184,0668;4,3945;-78,125;
2026 02 03 08:01:23:668;0,747;38;7;41,8854;0,0311;184,0668;4,3945;-82,0312;
2026 02 03 08:01:23:670;0,747;38;7;41,8854;0,0311;184,0668;4,3945;-39,0625;
2026 02 03 08:01:23:672;0,747;38;7;41,8854;0,0311;184,0668;4,3945;-50,7812;
2026 02 03 08:01:23:674;0,747;38;7;41,8854;0,0311;184,0668;4,3945;-62,5;
2026 02 03 08:01:23:676;0,747;38;7;41,8854;0,0311;184,0668;4,3945;-58,5937;
2026 02 03 08:01:23:678;0,747;38;7;41,8854;0,0311;184,0668;4,3945;-50,7812;
2026 02 03 08:01:23:680;0,747;38;7;41,8854;0,0311;184,0668;4,3945;-46,875;
2026 02 03 08:01:23:682;0,747;38;7;41,8854;0,0311;184,0668;4,3945;-58,5937;
2026 02 03 08:01:23:684;0,747;38;7;41,8854;0,0311;184,0668;4,3945;-74,2187;
2026 02 03 08:01:23:686;0,747;38;7;41,8854;0,0311;184,0668;4,3945;-89,8437;
2026 02 03 08:01:23:688;0,747;38;7;41,8854;0,0311;184,0668;4,3945;-82,0312;
2026 02 03 08:01:23:690;0,747;38;7;41,8854;0,0311;184,0668;4,3945;-50,7812;
2026 02 03 08:01:23:692;0,747;38;7;41,8854;0,0311;184,0668;4,3945;-50,7812;
2026 02 03 08:01:23:694;0,747;38;7;41,8854;0,0311;184,0668;4,3945;-46,875;
2026 02 03 08:01:23:696;0,747;38;7;41,8854;0,0311;184,0668;4,3945;-46,875;
2026 02 03 08:01:23:698;0,747;38;7;41,8854;0,0311;184,0668;4,3945;-27,3437;
2026 02 03 08:01:23:700;0,747;38;7;41,8854;0,0311;184,0668;4,3945;-27,3437;
2026 02 03 08:01:23:702;0,747;38;7;41,8854;0,0311;184,0668;4,3945;-46,875;
2026 02 03 08:01:23:704;0,747;38;7;41,8854;0,0311;184,0668;4,3945;-74,2187;
2026 02 03 08:01:23:706;0,747;38;7;41,8854;0,0311;184,0668;4,3945;-82,0312;
2026 02 03 08:01:23:708;0,747;38;7;41,8854;0,0311;184,0668;4,3945;-66,4062;
2026 02 03 08:01:23:710;0,747;38;7;41,8854;0,0311;184,0668;4,3945;-54,6875;
2026 02 03 08:01:23:712;0,747;38;7;41,8854;0,0311;184,0668;4,3945;-58,5937;
2026 02 03 08:01:23:714;0,747;38;7;41,8854;0,0311;184,0668;4,3945;-50,7812;
2026 02 03 08:01:23:716;0,747;38;7;41,8854;0,0311;184,0668;4,3945;-42,9687;
2026 02 03 08:01:23:718;0,747;38;7;41,8854;0,0311;184,0668;4,3945;-27,3437;
2026 02 03 08:01:23:720;0,747;38;7;41,8854;0,0311;184,0668;4,3945;-31,25;
2026 02 03 08:01:23:722;0,747;38;7;41,8854;0,0311;184,0668;4,3945;-35,1562;
2026 02 03 08:01:23:724;0,747;38;7;41,8854;0,0311;184,0668;4,3945;-42,9687;
2026 02 03 08:01:23:726;0,747;38;7;41,8854;0,0311;184,0668;4,3945;-62,5;
2026 02 03 08:01:23:728;0,747;38;7;41,8854;0,0311;184,0668;4,3945;-62,5;
2026 02 03 08:01:23:730;0,747;38;7;41,8854;0,0311;184,0668;4,3945;-46,875;
2026 02 03 08:01:23:732;0,747;38;7;41,8854;0,0311;184,0668;4,3945;-50,7812;
2026 02 03 08:01:23:734;0,747;38;7;41,8854;0,0311;184,0668;4,3945;-46,875;
2026 02 03 08:01:23:736;0,747;38;7;41,8854;0,0311;184,0668;4,3945;-39,0625;
2026 02 03 08:01:23:738;0,747;38;7;41,8854;0,0311;184,0668;4,3945;-23,4375;
2026 02 03 08:01:23:740;0,747;38;7;41,8854;0,0311;184,0668;4,3945;-35,1562;
2026 02 03 08:01:23:742;0,747;38;7;41,8854;0,0311;184,0668;4,3945;-31,25;
2026 02 03 08:01:23:744;0,747;38;7;41,8854;0,0311;184,0668;4,3945;-42,9687;
2026 02 03 08:01:23:746;0,747;38;7;41,8854;0,0311;184,0668;4,3945;-66,4062;
2026 02 03 08:01:23:748;0,747;38;7;41,8854;0,0311;184,0668;4,3945;-54,6875;
2026 02 03 08:01:23:750;0,747;38;7;41,8854;0,0311;184,0668;4,3945;-27,3437;
2026 02 03 08:01:23:752;0,747;38;7;41,8854;0,0311;184,0668;4,3945;-31,25;
2026 02 03 08:01:23:754;0,747;38;7;41,8854;0,0311;184,0668;4,3945;-31,25;
2026 02 03 08:01:23:756;0,747;38;7;41,8854;0,0311;184,0668;4,3945;-27,3437;
2026 02 03 08:01:23:758;0,747;38;7;41,8854;0,0311;184,0668;4,3945;-19,5312;
2026 02 03 08:01:23:760;0,747;38;7;41,8854;0,0311;184,0668;4,3945;-23,4375;
2026 02 03 08:01:23:762;0,747;38;7;41,8854;0,0311;184,0668;4,3945;-31,25;
2026 02 03 08:01:23:764;0,747;38;7;41,8854;0,0311;184,0668;4,3945;-58,5937;
2026 02 03 08:01:23:766;0,747;38;7;41,8854;0,0311;184,0668;4,3945;-70,3125;
2026 02 03 08:01:23:768;0,747;38;7;41,8854;0,0311;184,0668;4,3945;-58,5937;
2026 02 03 08:01:23:770;0,747;38;7;41,8854;0,0311;184,0668;4,3945;-31,25;
2026 02 03 08:01:23:772;0,747;38;7;41,8854;0,0311;184,0668;4,3945;-39,0625;
2026 02 03 08:01:23:774;0,747;38;7;41,8854;0,0311;184,0668;4,3945;-35,1562;
2026 02 03 08:01:23:776;0,747;38;7;41,8854;0,0311;184,0668;4,3945;-27,3437;
2026 02 03 08:01:23:778;0,747;38;7;41,8854;0,0311;184,0668;4,3945;-7,8125;
2026 02 03 08:01:23:780;0,881;45;12;50,7202;0,0543;244,8883;4,8282;-11,7187;
2026 02 03 08:01:23:782;0,881;45;12;50,7202;0,0543;244,8883;4,8282;-15,625;
2026 02 03 08:01:23:784;0,881;45;12;50,7202;0,0543;244,8883;4,8282;-39,0625;
2026 02 03 08:01:23:786;0,881;45;12;50,7202;0,0543;244,8883;4,8282;-58,5937;
2026 02 03 08:01:23:788;0,881;45;12;50,7202;0,0543;244,8883;4,8282;-54,6875;
2026 02 03 08:01:23:790;0,881;45;12;50,7202;0,0543;244,8883;4,8282;-27,3437;
2026 02 03 08:01:23:792;0,881;45;12;50,7202;0,0543;244,8883;4,8282;-31,25;
2026 02 03 08:01:23:794;0,881;45;12;50,7202;0,0543;244,8883;4,8282;-31,25;
2026 02 03 08:01:23:796;0,881;45;12;50,7202;0,0543;244,8883;4,8282;-27,3437;
2026 02 03 08:01:23:798;0,881;45;12;50,7202;0,0543;244,8883;4,8282;-11,7187;
2026 02 03 08:01:23:800;0,881;45;12;50,7202;0,0543;244,8883;4,8282;-11,7187;
2026 02 03 08:01:23:802;0,881;45;12;50,7202;0,0543;244,8883;4,8282;-19,5312;
2026 02 03 08:01:23:804;0,881;45;12;50,7202;0,0543;244,8883;4,8282;-31,25;
2026 02 03 08:01:23:806;0,881;45;12;50,7202;0,0543;244,8883;4,8282;-50,7812;
2026 02 03 08:01:23:808;0,881;45;12;50,7202;0,0543;244,8883;4,8282;-50,7812;
2026 02 03 08:01:23:810;0,881;45;12;50,7202;0,0543;244,8883;4,8282;-19,5312;
2026 02 03 08:01:23:812;0,881;45;12;50,7202;0,0543;244,8883;4,8282;-23,4375;
2026 02 03 08:01:23:814;0,881;45;12;50,7202;0,0543;244,8883;4,8282;-27,3437;
2026 02 03 08:01:23:816;0,881;45;12;50,7202;0,0543;244,8883;4,8282;-23,4375;
2026 02 03 08:01:23:818;0,881;45;12;50,7202;0,0543;244,8883;4,8282;-7,8125;
2026 02 03 08:01:23:820;0,881;45;12;50,7202;0,0543;244,8883;4,8282;-11,7187;
2026 02 03 08:01:23:822;0,881;45;12;50,7202;0,0543;244,8883;4,8282;-19,5312;
2026 02 03 08:01:23:824;0,881;45;12;50,7202;0,0543;244,8883;4,8282;-31,25;
2026 02 03 08:01:23:826;0,881;45;12;50,7202;0,0543;244,8883;4,8282;-46,875;
2026 02 03 08:01:23:828;0,881;45;12;50,7202;0,0543;244,8883;4,8282;-46,875;
2026 02 03 08:01:23:830;0,881;45;12;50,7202;0,0543;244,8883;4,8282;-23,4375;
2026 02 03 08:01:23:832;0,881;45;12;50,7202;0,0543;244,8883;4,8282;-19,5312;
2026 02 03 08:01:23:834;0,881;45;12;50,7202;0,0543;244,8883;4,8282;-23,4375;
2026 02 03 08:01:23:836;0,881;45;12;50,7202;0,0543;244,8883;4,8282;-15,625;
2026 02 03 08:01:23:838;0,881;45;12;50,7202;0,0543;244,8883;4,8282;-3,9062;
2026 02 03 08:01:23:840;0,881;45;12;50,7202;0,0543;244,8883;4,8282;-3,9062;
2026 02 03 08:01:23:842;0,881;45;12;50,7202;0,0543;244,8883;4,8282;-15,625;
2026 02 03 08:01:23:844;0,881;45;12;50,7202;0,0543;244,8883;4,8282;-27,3437;
2026 02 03 08:01:23:846;0,881;45;12;50,7202;0,0543;244,8883;4,8282;-42,9687;
2026 02 03 08:01:23:848;0,881;45;12;50,7202;0,0543;244,8883;4,8282;-42,9687;
2026 02 03 08:01:23:850;0,881;45;12;50,7202;0,0543;244,8883;4,8282;-19,5312;
2026 02 03 08:01:23:852;0,881;45;12;50,7202;0,0543;244,8883;4,8282;-19,5312;
2026 02 03 08:01:23:854;0,881;45;12;50,7202;0,0543;244,8883;4,8282;-19,5312;
2026 02 03 08:01:23:856;0,881;45;12;50,7202;0,0543;244,8883;4,8282;-15,625;
2026 02 03 08:01:23:858;0,881;45;12;50,7202;0,0543;244,8883;4,8282;0;
2026 02 03 08:01:23:860;0,881;45;12;50,7202;0,0543;244,8883;4,8282;-3,9062;
2026 02 03 08:01:23:862;0,881;45;12;50,7202;0,0543;244,8883;4,8282;-15,625;
2026 02 03 08:01:23:864;0,881;45;12;50,7202;0,0543;244,8883;4,8282;-27,3437;
2026 02 03 08:01:23:866;0,881;45;12;50,7202;0,0543;244,8883;4,8282;-39,0625;
2026 02 03 08:01:23:868;0,881;45;12;50,7202;0,0543;244,8883;4,8282;-35,1562;
2026 02 03 08:01:23:870;0,881;45;12;50,7202;0,0543;244,8883;4,8282;-15,625;
2026 02 03 08:01:23:872;0,881;45;12;50,7202;0,0543;244,8883;4,8282;-11,7187;
2026 02 03 08:01:23:874;0,881;45;12;50,7202;0,0543;244,8883;4,8282;-15,625;
2026 02 03 08:01:23:876;0,881;45;12;50,7202;0,0543;244,8883;4,8282;-11,7187;
2026 02 03 08:01:23:878;0,881;45;12;50,7202;0,0543;244,8883;4,8282;3,9063;
2026 02 03 08:01:23:880;0,881;45;12;50,7202;0,0543;244,8883;4,8282;0;
2026 02 03 08:01:23:882;0,881;45;12;50,7202;0,0543;244,8883;4,8282;-3,9062;
2026 02 03 08:01:23:884;0,881;45;12;50,7202;0,0543;244,8883;4,8282;-23,4375;
2026 02 03 08:01:23:886;0,881;45;12;50,7202;0,0543;244,8883;4,8282;-35,1562;
2026 02 03 08:01:23:888;0,881;45;12;50,7202;0,0543;244,8883;4,8282;-35,1562;
2026 02 03 08:01:23:890;0,881;45;12;50,7202;0,0543;244,8883;4,8282;-7,8125;
2026 02 03 08:01:23:892;0,881;45;12;50,7202;0,0543;244,8883;4,8282;-11,7187;
2026 02 03 08:01:23:894;0,881;45;12;50,7202;0,0543;244,8883;4,8282;-11,7187;
2026 02 03 08:01:23:896;0,881;45;12;50,7202;0,0543;244,8883;4,8282;-11,7187;
2026 02 03 08:01:23:898;0,881;45;12;50,7202;0,0543;244,8883;4,8282;7,8125;
2026 02 03 08:01:23:900;0,881;45;12;50,7202;0,0543;244,8883;4,8282;3,9063;
2026 02 03 08:01:23:902;0,881;45;12;50,7202;0,0543;244,8883;4,8282;-3,9062;
2026 02 03 08:01:23:904;0,881;45;12;50,7202;0,0543;244,8883;4,8282;-27,3437;
2026 02 03 08:01:23:906;0,881;45;12;50,7202;0,0543;244,8883;4,8282;-35,1562;
2026 02 03 08:01:23:908;0,881;45;12;50,7202;0,0543;244,8883;4,8282;-35,1562;
2026 02 03 08:01:23:910;0,881;45;12;50,7202;0,0543;244,8883;4,8282;-7,8125;
2026 02 03 08:01:23:912;0,881;45;12;50,7202;0,0543;244,8883;4,8282;-11,7187;
2026 02 03 08:01:23:914;0,881;45;12;50,7202;0,0543;244,8883;4,8282;-7,8125;
2026 02 03 08:01:23:916;0,881;45;12;50,7202;0,0543;244,8883;4,8282;-3,9062;
2026 02 03 08:01:23:918;0,881;45;12;50,7202;0,0543;244,8883;4,8282;11,7188;
2026 02 03 08:01:23:920;0,881;45;12;50,7202;0,0543;244,8883;4,8282;11,7188;
2026 02 03 08:01:23:922;0,881;45;12;50,7202;0,0543;244,8883;4,8282;0;
2026 02 03 08:01:23:924;0,881;45;12;50,7202;0,0543;244,8883;4,8282;-15,625;
2026 02 03 08:01:23:926;0,881;45;12;50,7202;0,0543;244,8883;4,8282;-31,25;
2026 02 03 08:01:23:928;0,881;45;12;50,7202;0,0543;244,8883;4,8282;-31,25;
2026 02 03 08:01:23:930;0,881;45;12;50,7202;0,0543;244,8883;4,8282;-3,9062;
2026 02 03 08:01:23:932;0,881;45;12;50,7202;0,0543;244,8883;4,8282;-3,9062;
2026 02 03 08:01:23:934;0,881;45;12;50,7202;0,0543;244,8883;4,8282;-7,8125;
2026 02 03 08:01:23:936;0,881;45;12;50,7202;0,0543;244,8883;4,8282;-3,9062;
2026 02 03 08:01:23:938;0,881;45;12;50,7202;0,0543;244,8883;4,8282;7,8125;
2026 02 03 08:01:23:940;0,881;45;12;50,7202;0,0543;244,8883;4,8282;11,7188;
2026 02 03 08:01:23:942;0,881;45;12;50,7202;0,0543;244,8883;4,8282;3,9063;
2026 02 03 08:01:23:944;0,881;45;12;50,7202;0,0543;244,8883;4,8282;-15,625;
2026 02 03 08:01:23:946;0,881;45;12;50,7202;0,0543;244,8883;4,8282;-27,3437;
2026 02 03 08:01:23:948;0,881;45;12;50,7202;0,0543;244,8883;4,8282;-23,4375;
2026 02 03 08:01:23:950;0,881;45;12;50,7202;0,0543;244,8883;4,8282;0;
2026 02 03 08:01:23:952;0,881;45;12;50,7202;0,0543;244,8883;4,8282;-3,9062;
2026 02 03 08:01:23:954;0,881;45;12;50,7202;0,0543;244,8883;4,8282;0;
2026 02 03 08:01:23:956;0,881;45;12;50,7202;0,0543;244,8883;4,8282;0;
2026 02 03 08:01:23:958;0,881;45;12;50,7202;0,0543;244,8883;4,8282;15,625;
2026 02 03 08:01:23:960;0,881;45;12;50,7202;0,0543;244,8883;4,8282;11,7188;
2026 02 03 08:01:23:962;0,881;45;12;50,7202;0,0543;244,8883;4,8282;7,8125;
2026 02 03 08:01:23:964;0,881;45;12;50,7202;0,0543;244,8883;4,8282;-7,8125;
2026 02 03 08:01:23:966;0,881;45;12;50,7202;0,0543;244,8883;4,8282;-23,4375;
2026 02 03 08:01:23:968;0,881;45;12;50,7202;0,0543;244,8883;4,8282;-23,4375;
2026 02 03 08:01:23:970;0,881;45;12;50,7202;0,0543;244,8883;4,8282;0;
2026 02 03 08:01:23:972;0,881;45;12;50,7202;0,0543;244,8883;4,8282;0;
2026 02 03 08:01:23:974;0,881;45;12;50,7202;0,0543;244,8883;4,8282;0;
2026 02 03 08:01:23:976;0,881;45;12;50,7202;0,0543;244,8883;4,8282;3,9063;
2026 02 03 08:01:23:978;0,881;45;12;50,7202;0,0543;244,8883;4,8282;19,5313;
2026 02 03 08:01:23:980;0,881;45;12;50,7202;0,0543;244,8883;4,8282;19,5313;
2026 02 03 08:01:23:982;0,881;45;12;50,7202;0,0543;244,8883;4,8282;7,8125;
2026 02 03 08:01:23:984;0,881;45;12;50,7202;0,0543;244,8883;4,8282;-7,8125;
2026 02 03 08:01:23:986;0,881;45;12;50,7202;0,0543;244,8883;4,8282;-19,5312;
2026 02 03 08:01:23:988;0,881;45;12;50,7202;0,0543;244,8883;4,8282;-23,4375;
2026 02 03 08:01:23:990;0,881;45;12;50,7202;0,0543;244,8883;4,8282;3,9063;
2026 02 03 08:01:23:992;0,881;45;12;50,7202;0,0543;244,8883;4,8282;0;
2026 02 03 08:01:23:994;0,881;45;12;50,7202;0,0543;244,8883;4,8282;3,9063;
2026 02 03 08:01:23:996;0,881;45;12;50,7202;0,0543;244,8883;4,8282;7,8125;
2026 02 03 08:01:23:998;0,881;45;12;50,7202;0,0543;244,8883;4,8282;23,4375;
2026 02 03 08:01:24:000;0,881;45;12;50,7202;0,0543;244,8883;4,8282;19,5313;
2026 02 03 08:01:24:002;0,881;45;12;50,7202;0,0543;244,8883;4,8282;7,8125;
2026 02 03 08:01:24:004;0,881;45;12;50,7202;0,0543;244,8883;4,8282;-11,7187;
2026 02 03 08:01:24:006;0,881;45;12;50,7202;0,0543;244,8883;4,8282;-23,4375;
2026 02 03 08:01:24:008;0,881;45;12;50,7202;0,0543;244,8883;4,8282;-15,625;
2026 02 03 08:01:24:010;0,881;45;12;50,7202;0,0543;244,8883;4,8282;7,8125;
2026 02 03 08:01:24:012;0,881;45;12;50,7202;0,0543;244,8883;4,8282;3,9063;
2026 02 03 08:01:24:014;0,881;45;12;50,7202;0,0543;244,8883;4,8282;7,8125;
2026 02 03 08:01:24:016;0,881;45;12;50,7202;0,0543;244,8883;4,8282;11,7188;
2026 02 03 08:01:24:018;0,881;45;12;50,7202;0,0543;244,8883;4,8282;27,3438;
2026 02 03 08:01:24:020;0,881;45;12;50,7202;0,0543;244,8883;4,8282;27,3438;
2026 02 03 08:01:24:022;0,881;45;12;50,7202;0,0543;244,8883;4,8282;15,625;
2026 02 03 08:01:24:024;0,881;45;12;50,7202;0,0543;244,8883;4,8282;0;
2026 02 03 08:01:24:026;0,881;45;12;50,7202;0,0543;244,8883;4,8282;-15,625;
2026 02 03 08:01:24:028;0,881;45;12;50,7202;0,0543;244,8883;4,8282;-23,4375;
2026 02 03 08:01:24:030;0,881;45;12;50,7202;0,0543;244,8883;4,8282;11,7188;
2026 02 03 08:01:24:032;0,881;45;12;50,7202;0,0543;244,8883;4,8282;11,7188;
2026 02 03 08:01:24:034;0,881;45;12;50,7202;0,0543;244,8883;4,8282;7,8125;
2026 02 03 08:01:24:036;0,881;45;12;50,7202;0,0543;244,8883;4,8282;11,7188;
2026 02 03 08:01:24:038;0,881;45;12;50,7202;0,0543;244,8883;4,8282;23,4375;
2026 02 03 08:01:24:040;0,881;45;12;50,7202;0,0543;244,8883;4,8282;27,3438;
2026 02 03 08:01:24:042;0,881;45;12;50,7202;0,0543;244,8883;4,8282;19,5313;
2026 02 03 08:01:24:044;0,881;45;12;50,7202;0,0543;244,8883;4,8282;0;
2026 02 03 08:01:24:046;0,881;45;12;50,7202;0,0543;244,8883;4,8282;-11,7187;
2026 02 03 08:01:24:048;0,881;45;12;50,7202;0,0543;244,8883;4,8282;-15,625;
2026 02 03 08:01:24:050;0,881;45;12;50,7202;0,0543;244,8883;4,8282;11,7188;
2026 02 03 08:01:24:052;0,881;45;12;50,7202;0,0543;244,8883;4,8282;11,7188;
2026 02 03 08:01:24:054;0,881;45;12;50,7202;0,0543;244,8883;4,8282;11,7188;
2026 02 03 08:01:24:056;0,881;45;12;50,7202;0,0543;244,8883;4,8282;11,7188;
2026 02 03 08:01:24:058;0,881;45;12;50,7202;0,0543;244,8883;4,8282;31,25;
2026 02 03 08:01:24:060;0,881;45;12;50,7202;0,0543;244,8883;4,8282;31,25;
2026 02 03 08:01:24:062;0,881;45;12;50,7202;0,0543;244,8883;4,8282;23,4375;
2026 02 03 08:01:24:064;0,881;45;12;50,7202;0,0543;244,8883;4,8282;7,8125;
2026 02 03 08:01:24:066;0,881;45;12;50,7202;0,0543;244,8883;4,8282;-11,7187;
2026 02 03 08:01:24:068;0,881;45;12;50,7202;0,0543;244,8883;4,8282;-11,7187;
2026 02 03 08:01:24:070;0,881;45;12;50,7202;0,0543;244,8883;4,8282;11,7188;
2026 02 03 08:01:24:072;0,881;45;12;50,7202;0,0543;244,8883;4,8282;15,625;
2026 02 03 08:01:24:074;0,881;45;12;50,7202;0,0543;244,8883;4,8282;15,625;
2026 02 03 08:01:24:076;0,881;45;12;50,7202;0,0543;244,8883;4,8282;19,5313;
2026 02 03 08:01:24:078;1,108;41;17;64,1937;-0,6094;292,7856;4,561;31,25;
2026 02 03 08:01:24:080;1,108;41;17;64,1937;-0,6094;292,7856;4,561;31,25;
2026 02 03 08:01:24:082;1,108;41;17;64,1937;-0,6094;292,7856;4,561;23,4375;
2026 02 03 08:01:24:084;1,108;41;17;64,1937;-0,6094;292,7856;4,561;3,9063;
2026 02 03 08:01:24:086;1,108;41;17;64,1937;-0,6094;292,7856;4,561;-7,8125;
2026 02 03 08:01:24:088;1,108;41;17;64,1937;-0,6094;292,7856;4,561;-7,8125;
2026 02 03 08:01:24:090;1,108;41;17;64,1937;-0,6094;292,7856;4,561;15,625;
2026 02 03 08:01:24:092;1,108;41;17;64,1937;-0,6094;292,7856;4,561;15,625;
2026 02 03 08:01:24:094;1,108;41;17;64,1937;-0,6094;292,7856;4,561;15,625;
2026 02 03 08:01:24:096;1,108;41;17;64,1937;-0,6094;292,7856;4,561;19,5313;
2026 02 03 08:01:24:098;1,108;41;17;64,1937;-0,6094;292,7856;4,561;35,1563;
2026 02 03 08:01:24:100;1,108;41;17;64,1937;-0,6094;292,7856;4,561;27,3438;
2026 02 03 08:01:24:102;1,108;41;17;64,1937;-0,6094;292,7856;4,561;19,5313;
2026 02 03 08:01:24:104;1,108;41;17;64,1937;-0,6094;292,7856;4,561;7,8125;
2026 02 03 08:01:24:106;1,108;41;17;64,1937;-0,6094;292,7856;4,561;-3,9062;
2026 02 03 08:01:24:108;1,108;41;17;64,1937;-0,6094;292,7856;4,561;-3,9062;
2026 02 03 08:01:24:110;1,108;41;17;64,1937;-0,6094;292,7856;4,561;19,5313;
2026 02 03 08:01:24:112;1,108;41;17;64,1937;-0,6094;292,7856;4,561;19,5313;
2026 02 03 08:01:24:114;1,108;41;17;64,1937;-0,6094;292,7856;4,561;19,5313;
2026 02 03 08:01:24:116;1,108;41;17;64,1937;-0,6094;292,7856;4,561;23,4375;
2026 02 03 08:01:24:118;1,108;41;17;64,1937;-0,6094;292,7856;4,561;39,0625;
2026 02 03 08:01:24:120;1,108;41;17;64,1937;-0,6094;292,7856;4,561;39,0625;
2026 02 03 08:01:24:122;1,108;41;17;64,1937;-0,6094;292,7856;4,561;27,3438;
2026 02 03 08:01:24:124;1,108;41;17;64,1937;-0,6094;292,7856;4,561;11,7188;
2026 02 03 08:01:24:126;1,108;41;17;64,1937;-0,6094;292,7856;4,561;-7,8125;
2026 02 03 08:01:24:128;1,108;41;17;64,1937;-0,6094;292,7856;4,561;-3,9062;
2026 02 03 08:01:24:130;1,108;41;17;64,1937;-0,6094;292,7856;4,561;19,5313;
2026 02 03 08:01:24:132;1,108;41;17;64,1937;-0,6094;292,7856;4,561;19,5313;
2026 02 03 08:01:24:134;1,108;41;17;64,1937;-0,6094;292,7856;4,561;23,4375;
2026 02 03 08:01:24:136;1,108;41;17;64,1937;-0,6094;292,7856;4,561;23,4375;
2026 02 03 08:01:24:138;1,108;41;17;64,1937;-0,6094;292,7856;4,561;39,0625;
2026 02 03 08:01:24:140;1,108;41;17;64,1937;-0,6094;292,7856;4,561;39,0625;
2026 02 03 08:01:24:142;1,108;41;17;64,1937;-0,6094;292,7856;4,561;27,3438;
2026 02 03 08:01:24:144;1,108;41;17;64,1937;-0,6094;292,7856;4,561;7,8125;
2026 02 03 08:01:24:146;1,108;41;17;64,1937;-0,6094;292,7856;4,561;0;
2026 02 03 08:01:24:148;1,108;41;17;64,1937;-0,6094;292,7856;4,561;-3,9062;
2026 02 03 08:01:24:150;1,108;41;17;64,1937;-0,6094;292,7856;4,561;23,4375;
2026 02 03 08:01:24:152;1,108;41;17;64,1937;-0,6094;292,7856;4,561;23,4375;
2026 02 03 08:01:24:154;1,108;41;17;64,1937;-0,6094;292,7856;4,561;19,5313;
2026 02 03 08:01:24:156;1,108;41;17;64,1937;-0,6094;292,7856;4,561;23,4375;
2026 02 03 08:01:24:158;1,108;41;17;64,1937;-0,6094;292,7856;4,561;42,9688;
2026 02 03 08:01:24:160;1,108;41;17;64,1937;-0,6094;292,7856;4,561;46,875;
2026 02 03 08:01:24:162;1,108;41;17;64,1937;-0,6094;292,7856;4,561;31,25;
2026 02 03 08:01:24:164;1,108;41;17;64,1937;-0,6094;292,7856;4,561;11,7188;
2026 02 03 08:01:24:166;1,108;41;17;64,1937;-0,6094;292,7856;4,561;0;
2026 02 03 08:01:24:168;1,108;41;17;64,1937;-0,6094;292,7856;4,561;0;
2026 02 03 08:01:24:170;1,108;41;17;64,1937;-0,6094;292,7856;4,561;23,4375;
2026 02 03 08:01:24:172;1,108;41;17;64,1937;-0,6094;292,7856;4,561;23,4375;
2026 02 03 08:01:24:174;1,108;41;17;64,1937;-0,6094;292,7856;4,561;23,4375;
2026 02 03 08:01:24:176;1,108;41;17;64,1937;-0,6094;292,7856;4,561;27,3438;
2026 02 03 08:01:24:178;1,108;41;17;64,1937;-0,6094;292,7856;4,561;42,9688;
2026 02 03 08:01:24:180;1,108;41;17;64,1937;-0,6094;292,7856;4,561;39,0625;
2026 02 03 08:01:24:182;1,108;41;17;64,1937;-0,6094;292,7856;4,561;31,25;
2026 02 03 08:01:24:184;1,108;41;17;64,1937;-0,6094;292,7856;4,561;15,625;
2026 02 03 08:01:24:186;1,108;41;17;64,1937;-0,6094;292,7856;4,561;0;
2026 02 03 08:01:24:188;1,108;41;17;64,1937;-0,6094;292,7856;4,561;0;
2026 02 03 08:01:24:190;1,108;41;17;64,1937;-0,6094;292,7856;4,561;27,3438;
2026 02 03 08:01:24:192;1,108;41;17;64,1937;-0,6094;292,7856;4,561;27,3438;
2026 02 03 08:01:24:194;1,108;41;17;64,1937;-0,6094;292,7856;4,561;27,3438;
2026 02 03 08:01:24:196;1,108;41;17;64,1937;-0,6094;292,7856;4,561;27,3438;
2026 02 03 08:01:24:198;1,108;41;17;64,1937;-0,6094;292,7856;4,561;46,875;
2026 02 03 08:01:24:200;1,108;41;17;64,1937;-0,6094;292,7856;4,561;39,0625;
2026 02 03 08:01:24:202;1,108;41;17;64,1937;-0,6094;292,7856;4,561;35,1563;
2026 02 03 08:01:24:204;1,108;41;17;64,1937;-0,6094;292,7856;4,561;19,5313;
2026 02 03 08:01:24:206;1,108;41;17;64,1937;-0,6094;292,7856;4,561;3,9063;
2026 02 03 08:01:24:208;1,108;41;17;64,1937;-0,6094;292,7856;4,561;3,9063;
2026 02 03 08:01:24:210;1,108;41;17;64,1937;-0,6094;292,7856;4,561;27,3438;
2026 02 03 08:01:24:212;1,108;41;17;64,1937;-0,6094;292,7856;4,561;27,3438;
2026 02 03 08:01:24:214;1,108;41;17;64,1937;-0,6094;292,7856;4,561;27,3438;
2026 02 03 08:01:24:216;1,108;41;17;64,1937;-0,6094;292,7856;4,561;31,25;
2026 02 03 08:01:24:218;1,108;41;17;64,1937;-0,6094;292,7856;4,561;50,7813;
2026 02 03 08:01:24:220;1,108;41;17;64,1937;-0,6094;292,7856;4,561;46,875;
2026 02 03 08:01:24:222;1,108;41;17;64,1937;-0,6094;292,7856;4,561;35,1563;
2026 02 03 08:01:24:224;1,108;41;17;64,1937;-0,6094;292,7856;4,561;19,5313;
2026 02 03 08:01:24:226;1,108;41;17;64,1937;-0,6094;292,7856;4,561;3,9063;
2026 02 03 08:01:24:228;1,108;41;17;64,1937;-0,6094;292,7856;4,561;3,9063;
2026 02 03 08:01:24:230;1,108;41;17;64,1937;-0,6094;292,7856;4,561;31,25;
2026 02 03 08:01:24:232;1,108;41;17;64,1937;-0,6094;292,7856;4,561;31,25;
2026 02 03 08:01:24:234;1,108;41;17;64,1937;-0,6094;292,7856;4,561;31,25;
2026 02 03 08:01:24:236;1,108;41;17;64,1937;-0,6094;292,7856;4,561;35,1563;
2026 02 03 08:01:24:238;1,108;41;17;64,1937;-0,6094;292,7856;4,561;50,7813;
2026 02 03 08:01:24:240;1,108;41;17;64,1937;-0,6094;292,7856;4,561;46,875;
2026 02 03 08:01:24:242;1,108;41;17;64,1937;-0,6094;292,7856;4,561;35,1563;
2026 02 03 08:01:24:244;1,108;41;17;64,1937;-0,6094;292,7856;4,561;15,625;
2026 02 03 08:01:24:246;1,108;41;17;64,1937;-0,6094;292,7856;4,561;7,8125;
2026 02 03 08:01:24:248;1,108;41;17;64,1937;-0,6094;292,7856;4,561;3,9063;
2026 02 03 08:01:24:250;1,108;41;17;64,1937;-0,6094;292,7856;4,561;31,25;
2026 02 03 08:01:24:252;1,108;41;17;64,1937;-0,6094;292,7856;4,561;35,1563;
2026 02 03 08:01:24:254;1,108;41;17;64,1937;-0,6094;292,7856;4,561;31,25;
2026 02 03 08:01:24:256;1,108;41;17;64,1937;-0,6094;292,7856;4,561;35,1563;
2026 02 03 08:01:24:258;1,108;41;17;64,1937;-0,6094;292,7856;4,561;54,6875;
2026 02 03 08:01:24:260;1,108;41;17;64,1937;-0,6094;292,7856;4,561;50,7813;
2026 02 03 08:01:24:262;1,108;41;17;64,1937;-0,6094;292,7856;4,561;39,0625;
2026 02 03 08:01:24:264;1,108;41;17;64,1937;-0,6094;292,7856;4,561;23,4375;
2026 02 03 08:01:24:266;1,108;41;17;64,1937;-0,6094;292,7856;4,561;11,7188;
2026 02 03 08:01:24:268;1,108;41;17;64,1937;-0,6094;292,7856;4,561;7,8125;
2026 02 03 08:01:24:270;1,108;41;17;64,1937;-0,6094;292,7856;4,561;31,25;
2026 02 03 08:01:24:272;1,108;41;17;64,1937;-0,6094;292,7856;4,561;35,1563;
2026 02 03 08:01:24:274;1,108;41;17;64,1937;-0,6094;292,7856;4,561;35,1563;
2026 02 03 08:01:24:276;1,108;41;17;64,1937;-0,6094;292,7856;4,561;35,1563;
2026 02 03 08:01:24:278;1,108;41;17;64,1937;-0,6094;292,7856;4,561;54,6875;
2026 02 03 08:01:24:280;1,108;41;17;64,1937;-0,6094;292,7856;4,561;50,7813;
2026 02 03 08:01:24:282;1,108;41;17;64,1937;-0,6094;292,7856;4,561;39,0625;
2026 02 03 08:01:24:284;1,108;41;17;64,1937;-0,6094;292,7856;4,561;23,4375;
2026 02 03 08:01:24:286;1,108;41;17;64,1937;-0,6094;292,7856;4,561;11,7188;
2026 02 03 08:01:24:288;1,108;41;17;64,1937;-0,6094;292,7856;4,561;7,8125;
2026 02 03 08:01:24:290;1,108;41;17;64,1937;-0,6094;292,7856;4,561;35,1563;
2026 02 03 08:01:24:292;1,108;41;17;64,1937;-0,6094;292,7856;4,561;35,1563;
2026 02 03 08:01:24:294;1,108;41;17;64,1937;-0,6094;292,7856;4,561;35,1563;
2026 02 03 08:01:24:296;1,108;41;17;64,1937;-0,6094;292,7856;4,561;35,1563;
2026 02 03 08:01:24:298;1,108;41;17;64,1937;-0,6094;292,7856;4,561;54,6875;
2026 02 03 08:01:24:300;1,108;41;17;64,1937;-0,6094;292,7856;4,561;54,6875;
2026 02 03 08:01:24:302;1,108;41;17;64,1937;-0,6094;292,7856;4,561;42,9688;
2026 02 03 08:01:24:304;1,108;41;17;64,1937;-0,6094;292,7856;4,561;27,3438;
2026 02 03 08:01:24:306;1,108;41;17;64,1937;-0,6094;292,7856;4,561;15,625;
2026 02 03 08:01:24:308;1,108;41;17;64,1937;-0,6094;292,7856;4,561;7,8125;
2026 02 03 08:01:24:310;1,108;41;17;64,1937;-0,6094;292,7856;4,561;39,0625;
2026 02 03 08:01:24:312;1,108;41;17;64,1937;-0,6094;292,7856;4,561;39,0625;
2026 02 03 08:01:24:314;1,108;41;17;64,1937;-0,6094;292,7856;4,561;39,0625;
2026 02 03 08:01:24:316;1,108;41;17;64,1937;-0,6094;292,7856;4,561;39,0625;
2026 02 03 08:01:24:318;1,108;41;17;64,1937;-0,6094;292,7856;4,561;58,5938;
2026 02 03 08:01:24:320;1,108;41;17;64,1937;-0,6094;292,7856;4,561;54,6875;
2026 02 03 08:01:24:322;1,108;41;17;64,1937;-0,6094;292,7856;4,561;42,9688;
2026 02 03 08:01:24:324;1,108;41;17;64,1937;-0,6094;292,7856;4,561;27,3438;
2026 02 03 08:01:24:326;1,108;41;17;64,1937;-0,6094;292,7856;4,561;15,625;
2026 02 03 08:01:24:328;1,108;41;17;64,1937;-0,6094;292,7856;4,561;7,8125;
2026 02 03 08:01:24:330;1,108;41;17;64,1937;-0,6094;292,7856;4,561;39,0625;
2026 02 03 08:01:24:332;1,108;41;17;64,1937;-0,6094;292,7856;4,561;39,0625;
2026 02 03 08:01:24:334;1,108;41;17;64,1937;-0,6094;292,7856;4,561;39,0625;
2026 02 03 08:01:24:336;1,108;41;17;64,1937;-0,6094;292,7856;4,561;42,9688;
2026 02 03 08:01:24:338;1,108;41;17;64,1937;-0,6094;292,7856;4,561;62,5;
2026 02 03 08:01:24:340;1,108;41;17;64,1937;-0,6094;292,7856;4,561;54,6875;
2026 02 03 08:01:24:342;1,108;41;17;64,1937;-0,6094;292,7856;4,561;42,9688;
2026 02 03 08:01:24:344;1,108;41;17;64,1937;-0,6094;292,7856;4,561;23,4375;
2026 02 03 08:01:24:346;1,108;41;17;64,1937;-0,6094;292,7856;4,561;19,5313;
2026 02 03 08:01:24:348;1,108;41;17;64,1937;-0,6094;292,7856;4,561;19,5313;
2026 02 03 08:01:24:350;1,108;41;17;64,1937;-0,6094;292,7856;4,561;39,0625;
2026 02 03 08:01:24:352;1,108;41;17;64,1937;-0,6094;292,7856;4,561;42,9688;
2026 02 03 08:01:24:354;1,108;41;17;64,1937;-0,6094;292,7856;4,561;42,9688;
2026 02 03 08:01:24:356;1,108;41;17;64,1937;-0,6094;292,7856;4,561;42,9688;
2026 02 03 08:01:24:358;1,108;41;17;64,1937;-0,6094;292,7856;4,561;62,5;
2026 02 03 08:01:24:360;1,108;41;17;64,1937;-0,6094;292,7856;4,561;58,5938;
2026 02 03 08:01:24:362;1,108;41;17;64,1937;-0,6094;292,7856;4,561;46,875;
2026 02 03 08:01:24:364;1,108;41;17;64,1937;-0,6094;292,7856;4,561;31,25;
2026 02 03 08:01:24:366;1,108;41;17;64,1937;-0,6094;292,7856;4,561;19,5313;
2026 02 03 08:01:24:368;1,108;41;17;64,1937;-0,6094;292,7856;4,561;19,5313;
2026 02 03 08:01:24:370;1,108;41;17;64,1937;-0,6094;292,7856;4,561;42,9688;
2026 02 03 08:01:24:372;1,108;41;17;64,1937;-0,6094;292,7856;4,561;42,9688;
2026 02 03 08:01:24:374;1,108;41;17;64,1937;-0,6094;292,7856;4,561;42,9688;
2026 02 03 08:01:24:376;1,108;41;17;64,1937;-0,6094;292,7856;4,561;42,9688;
2026 02 03 08:01:24:378;1,108;41;17;64,1937;-0,6094;292,7856;4,561;66,4063;
2026 02 03 08:01:24:380;1,18;15;18;49,3011;0,8165;217,8497;4,4188;58,5938;
2026 02 03 08:01:24:382;1,18;15;18;49,3011;0,8165;217,8497;4,4188;46,875;
2026 02 03 08:01:24:384;1,18;15;18;49,3011;0,8165;217,8497;4,4188;27,3438;
2026 02 03 08:01:24:386;1,18;15;18;49,3011;0,8165;217,8497;4,4188;19,5313;
2026 02 03 08:01:24:388;1,18;15;18;49,3011;0,8165;217,8497;4,4188;19,5313;
2026 02 03 08:01:24:390;1,18;15;18;49,3011;0,8165;217,8497;4,4188;42,9688;
2026 02 03 08:01:24:392;1,18;15;18;49,3011;0,8165;217,8497;4,4188;42,9688;
2026 02 03 08:01:24:394;1,18;15;18;49,3011;0,8165;217,8497;4,4188;42,9688;
2026 02 03 08:01:24:396;1,18;15;18;49,3011;0,8165;217,8497;4,4188;46,875;
2026 02 03 08:01:24:398;1,18;15;18;49,3011;0,8165;217,8497;4,4188;62,5;
2026 02 03 08:01:24:400;1,18;15;18;49,3011;0,8165;217,8497;4,4188;66,4063;
2026 02 03 08:01:24:402;1,18;15;18;49,3011;0,8165;217,8497;4,4188;50,7813;
2026 02 03 08:01:24:404;1,18;15;18;49,3011;0,8165;217,8497;4,4188;31,25;
2026 02 03 08:01:24:406;1,18;15;18;49,3011;0,8165;217,8497;4,4188;23,4375;
2026 02 03 08:01:24:408;1,18;15;18;49,3011;0,8165;217,8497;4,4188;19,5313;
2026 02 03 08:01:24:410;1,18;15;18;49,3011;0,8165;217,8497;4,4188;42,9688;
2026 02 03 08:01:24:412;1,18;15;18;49,3011;0,8165;217,8497;4,4188;42,9688;
2026 02 03 08:01:24:414;1,18;15;18;49,3011;0,8165;217,8497;4,4188;42,9688;
2026 02 03 08:01:24:416;1,18;15;18;49,3011;0,8165;217,8497;4,4188;46,875;
2026 02 03 08:01:24:418;1,18;15;18;49,3011;0,8165;217,8497;4,4188;66,4063;
2026 02 03 08:01:24:420;1,18;15;18;49,3011;0,8165;217,8497;4,4188;62,5;
2026 02 03 08:01:24:422;1,18;15;18;49,3011;0,8165;217,8497;4,4188;50,7813;
2026 02 03 08:01:24:424;1,18;15;18;49,3011;0,8165;217,8497;4,4188;31,25;
2026 02 03 08:01:24:426;1,18;15;18;49,3011;0,8165;217,8497;4,4188;23,4375;
2026 02 03 08:01:24:428;1,18;15;18;49,3011;0,8165;217,8497;4,4188;19,5313;
2026 02 03 08:01:24:430;1,18;15;18;49,3011;0,8165;217,8497;4,4188;46,875;
2026 02 03 08:01:24:432;1,18;15;18;49,3011;0,8165;217,8497;4,4188;46,875;
2026 02 03 08:01:24:434;1,18;15;18;49,3011;0,8165;217,8497;4,4188;46,875;
2026 02 03 08:01:24:436;1,18;15;18;49,3011;0,8165;217,8497;4,4188;46,875;
2026 02 03 08:01:24:438;1,18;15;18;49,3011;0,8165;217,8497;4,4188;66,4063;
2026 02 03 08:01:24:440;1,18;15;18;49,3011;0,8165;217,8497;4,4188;58,5938;
2026 02 03 08:01:24:442;1,18;15;18;49,3011;0,8165;217,8497;4,4188;50,7813;
2026 02 03 08:01:24:444;1,18;15;18;49,3011;0,8165;217,8497;4,4188;35,1563;
2026 02 03 08:01:24:446;1,18;15;18;49,3011;0,8165;217,8497;4,4188;27,3438;
2026 02 03 08:01:24:448;1,18;15;18;49,3011;0,8165;217,8497;4,4188;19,5313;
2026 02 03 08:01:24:450;1,18;15;18;49,3011;0,8165;217,8497;4,4188;46,875;
2026 02 03 08:01:24:452;1,18;15;18;49,3011;0,8165;217,8497;4,4188;46,875;
2026 02 03 08:01:24:454;1,18;15;18;49,3011;0,8165;217,8497;4,4188;46,875;
2026 02 03 08:01:24:456;1,18;15;18;49,3011;0,8165;217,8497;4,4188;46,875;
2026 02 03 08:01:24:458;1,18;15;18;49,3011;0,8165;217,8497;4,4188;70,3125;
2026 02 03 08:01:24:460;1,18;15;18;49,3011;0,8165;217,8497;4,4188;62,5;
2026 02 03 08:01:24:462;1,18;15;18;49,3011;0,8165;217,8497;4,4188;54,6875;
2026 02 03 08:01:24:464;1,18;15;18;49,3011;0,8165;217,8497;4,4188;39,0625;
2026 02 03 08:01:24:466;1,18;15;18;49,3011;0,8165;217,8497;4,4188;27,3438;
2026 02 03 08:01:24:468;1,18;15;18;49,3011;0,8165;217,8497;4,4188;23,4375;
2026 02 03 08:01:24:470;1,18;15;18;49,3011;0,8165;217,8497;4,4188;46,875;
2026 02 03 08:01:24:472;1,18;15;18;49,3011;0,8165;217,8497;4,4188;46,875;
2026 02 03 08:01:24:474;1,18;15;18;49,3011;0,8165;217,8497;4,4188;46,875;
2026 02 03 08:01:24:476;1,18;15;18;49,3011;0,8165;217,8497;4,4188;46,875;
2026 02 03 08:01:24:478;1,18;15;18;49,3011;0,8165;217,8497;4,4188;70,3125;
2026 02 03 08:01:24:480;1,18;15;18;49,3011;0,8165;217,8497;4,4188;62,5;
2026 02 03 08:01:24:482;1,18;15;18;49,3011;0,8165;217,8497;4,4188;54,6875;
2026 02 03 08:01:24:484;1,18;15;18;49,3011;0,8165;217,8497;4,4188;31,25;
2026 02 03 08:01:24:486;1,18;15;18;49,3011;0,8165;217,8497;4,4188;27,3438;
2026 02 03 08:01:24:488;1,18;15;18;49,3011;0,8165;217,8497;4,4188;23,4375;
2026 02 03 08:01:24:490;1,18;15;18;49,3011;0,8165;217,8497;4,4188;46,875;
2026 02 03 08:01:24:492;1,18;15;18;49,3011;0,8165;217,8497;4,4188;50,7813;
2026 02 03 08:01:24:494;1,18;15;18;49,3011;0,8165;217,8497;4,4188;46,875;
2026 02 03 08:01:24:496;1,18;15;18;49,3011;0,8165;217,8497;4,4188;50,7813;
2026 02 03 08:01:24:498;1,18;15;18;49,3011;0,8165;217,8497;4,4188;70,3125;
2026 02 03 08:01:24:500;1,18;15;18;49,3011;0,8165;217,8497;4,4188;70,3125;
2026 02 03 08:01:24:502;1,18;15;18;49,3011;0,8165;217,8497;4,4188;54,6875;
2026 02 03 08:01:24:504;1,18;15;18;49,3011;0,8165;217,8497;4,4188;35,1563;
2026 02 03 08:01:24:506;1,18;15;18;49,3011;0,8165;217,8497;4,4188;31,25;
2026 02 03 08:01:24:508;1,18;15;18;49,3011;0,8165;217,8497;4,4188;23,4375;
2026 02 03 08:01:24:510;1,18;15;18;49,3011;0,8165;217,8497;4,4188;50,7813;
2026 02 03 08:01:24:512;1,18;15;18;49,3011;0,8165;217,8497;4,4188;50,7813;
2026 02 03 08:01:24:514;1,18;15;18;49,3011;0,8165;217,8497;4,4188;50,7813;
2026 02 03 08:01:24:516;1,18;15;18;49,3011;0,8165;217,8497;4,4188;50,7813;
2026 02 03 08:01:24:518;1,18;15;18;49,3011;0,8165;217,8497;4,4188;70,3125;
2026 02 03 08:01:24:520;1,18;15;18;49,3011;0,8165;217,8497;4,4188;70,3125;
2026 02 03 08:01:24:522;1,18;15;18;49,3011;0,8165;217,8497;4,4188;54,6875;
2026 02 03 08:01:24:524;1,18;15;18;49,3011;0,8165;217,8497;4,4188;39,0625;
2026 02 03 08:01:24:526;1,18;15;18;49,3011;0,8165;217,8497;4,4188;27,3438;
2026 02 03 08:01:24:528;1,18;15;18;49,3011;0,8165;217,8497;4,4188;23,4375;
2026 02 03 08:01:24:530;1,18;15;18;49,3011;0,8165;217,8497;4,4188;50,7813;
2026 02 03 08:01:24:532;1,18;15;18;49,3011;0,8165;217,8497;4,4188;50,7813;
2026 02 03 08:01:24:534;1,18;15;18;49,3011;0,8165;217,8497;4,4188;50,7813;
2026 02 03 08:01:24:536;1,18;15;18;49,3011;0,8165;217,8497;4,4188;50,7813;
2026 02 03 08:01:24:538;1,18;15;18;49,3011;0,8165;217,8497;4,4188;74,2188;
2026 02 03 08:01:24:540;1,18;15;18;49,3011;0,8165;217,8497;4,4188;70,3125;
2026 02 03 08:01:24:542;1,18;15;18;49,3011;0,8165;217,8497;4,4188;54,6875;
2026 02 03 08:01:24:544;1,18;15;18;49,3011;0,8165;217,8497;4,4188;42,9688;
2026 02 03 08:01:24:546;1,18;15;18;49,3011;0,8165;217,8497;4,4188;31,25;
2026 02 03 08:01:24:548;1,18;15;18;49,3011;0,8165;217,8497;4,4188;23,4375;
2026 02 03 08:01:24:550;1,18;15;18;49,3011;0,8165;217,8497;4,4188;50,7813;
2026 02 03 08:01:24:552;1,18;15;18;49,3011;0,8165;217,8497;4,4188;50,7813;
2026 02 03 08:01:24:554;1,18;15;18;49,3011;0,8165;217,8497;4,4188;54,6875;
2026 02 03 08:01:24:556;1,18;15;18;49,3011;0,8165;217,8497;4,4188;50,7813;
2026 02 03 08:01:24:558;1,18;15;18;49,3011;0,8165;217,8497;4,4188;74,2188;
2026 02 03 08:01:24:560;1,18;15;18;49,3011;0,8165;217,8497;4,4188;70,3125;
2026 02 03 08:01:24:562;1,18;15;18;49,3011;0,8165;217,8497;4,4188;54,6875;
2026 02 03 08:01:24:564;1,18;15;18;49,3011;0,8165;217,8497;4,4188;39,0625;
2026 02 03 08:01:24:566;1,18;15;18;49,3011;0,8165;217,8497;4,4188;35,1563;
2026 02 03 08:01:24:568;1,18;15;18;49,3011;0,8165;217,8497;4,4188;27,3438;
2026 02 03 08:01:24:570;1,18;15;18;49,3011;0,8165;217,8497;4,4188;54,6875;
2026 02 03 08:01:24:572;1,18;15;18;49,3011;0,8165;217,8497;4,4188;54,6875;
2026 02 03 08:01:24:574;1,18;15;18;49,3011;0,8165;217,8497;4,4188;54,6875;
2026 02 03 08:01:24:576;1,18;15;18;49,3011;0,8165;217,8497;4,4188;54,6875;
2026 02 03 08:01:24:578;1,18;15;18;49,3011;0,8165;217,8497;4,4188;74,2188;
2026 02 03 08:01:24:580;1,18;15;18;49,3011;0,8165;217,8497;4,4188;66,4063;
2026 02 03 08:01:24:582;1,18;15;18;49,3011;0,8165;217,8497;4,4188;54,6875;
2026 02 03 08:01:24:584;1,18;15;18;49,3011;0,8165;217,8497;4,4188;35,1563;
2026 02 03 08:01:24:586;1,18;15;18;49,3011;0,8165;217,8497;4,4188;31,25;
2026 02 03 08:01:24:588;1,18;15;18;49,3011;0,8165;217,8497;4,4188;23,4375;
2026 02 03 08:01:24:590;1,18;15;18;49,3011;0,8165;217,8497;4,4188;54,6875;
2026 02 03 08:01:24:592;1,18;15;18;49,3011;0,8165;217,8497;4,4188;54,6875;
2026 02 03 08:01:24:594;1,18;15;18;49,3011;0,8165;217,8497;4,4188;54,6875;
2026 02 03 08:01:24:596;1,18;15;18;49,3011;0,8165;217,8497;4,4188;54,6875;
2026 02 03 08:01:24:598;1,18;15;18;49,3011;0,8165;217,8497;4,4188;78,125;
2026 02 03 08:01:24:600;1,18;15;18;49,3011;0,8165;217,8497;4,4188;74,2188;
2026 02 03 08:01:24:602;1,18;15;18;49,3011;0,8165;217,8497;4,4188;58,5938;
2026 02 03 08:01:24:604;1,18;15;18;49,3011;0,8165;217,8497;4,4188;42,9688;
2026 02 03 08:01:24:606;1,18;15;18;49,3011;0,8165;217,8497;4,4188;35,1563;
2026 02 03 08:01:24:608;1,18;15;18;49,3011;0,8165;217,8497;4,4188;27,3438;
2026 02 03 08:01:24:610;1,18;15;18;49,3011;0,8165;217,8497;4,4188;54,6875;
2026 02 03 08:01:24:612;1,18;15;18;49,3011;0,8165;217,8497;4,4188;54,6875;
2026 02 03 08:01:24:614;1,18;15;18;49,3011;0,8165;217,8497;4,4188;54,6875;
2026 02 03 08:01:24:616;1,18;15;18;49,3011;0,8165;217,8497;4,4188;54,6875;
2026 02 03 08:01:24:618;1,18;15;18;49,3011;0,8165;217,8497;4,4188;78,125;
2026 02 03 08:01:24:620;1,18;15;18;49,3011;0,8165;217,8497;4,4188;74,2188;
2026 02 03 08:01:24:622;1,18;15;18;49,3011;0,8165;217,8497;4,4188;58,5938;
2026 02 03 08:01:24:624;1,18;15;18;49,3011;0,8165;217,8497;4,4188;39,0625;
2026 02 03 08:01:24:626;1,18;15;18;49,3011;0,8165;217,8497;4,4188;35,1563;
2026 02 03 08:01:24:628;1,18;15;18;49,3011;0,8165;217,8497;4,4188;27,3438;
2026 02 03 08:01:24:630;1,18;15;18;49,3011;0,8165;217,8497;4,4188;54,6875;
2026 02 03 08:01:24:632;1,18;15;18;49,3011;0,8165;217,8497;4,4188;54,6875;
2026 02 03 08:01:24:634;1,18;15;18;49,3011;0,8165;217,8497;4,4188;54,6875;
2026 02 03 08:01:24:636;1,18;15;18;49,3011;0,8165;217,8497;4,4188;54,6875;
2026 02 03 08:01:24:638;1,18;15;18;49,3011;0,8165;217,8497;4,4188;82,0313;
2026 02 03 08:01:24:640;1,18;15;18;49,3011;0,8165;217,8497;4,4188;78,125;
2026 02 03 08:01:24:642;1,18;15;18;49,3011;0,8165;217,8497;4,4188;62,5;
2026 02 03 08:01:24:644;1,18;15;18;49,3011;0,8165;217,8497;4,4188;42,9688;
2026 02 03 08:01:24:646;1,18;15;18;49,3011;0,8165;217,8497;4,4188;39,0625;
2026 02 03 08:01:24:648;1,18;15;18;49,3011;0,8165;217,8497;4,4188;27,3438;
2026 02 03 08:01:24:650;1,18;15;18;49,3011;0,8165;217,8497;4,4188;58,5938;
2026 02 03 08:01:24:652;1,18;15;18;49,3011;0,8165;217,8497;4,4188;58,5938;
2026 02 03 08:01:24:654;1,18;15;18;49,3011;0,8165;217,8497;4,4188;58,5938;
2026 02 03 08:01:24:656;1,18;15;18;49,3011;0,8165;217,8497;4,4188;58,5938;
2026 02 03 08:01:24:658;1,18;15;18;49,3011;0,8165;217,8497;4,4188;78,125;
2026 02 03 08:01:24:660;1,18;15;18;49,3011;0,8165;217,8497;4,4188;74,2188;
2026 02 03 08:01:24:662;1,18;15;18;49,3011;0,8165;217,8497;4,4188;62,5;
2026 02 03 08:01:24:664;1,18;15;18;49,3011;0,8165;217,8497;4,4188;42,9688;
2026 02 03 08:01:24:666;1,18;15;18;49,3011;0,8165;217,8497;4,4188;39,0625;
2026 02 03 08:01:24:668;1,18;15;18;49,3011;0,8165;217,8497;4,4188;27,3438;
2026 02 03 08:01:24:670;1,18;15;18;49,3011;0,8165;217,8497;4,4188;58,5938;
2026 02 03 08:01:24:672;1,18;15;18;49,3011;0,8165;217,8497;4,4188;58,5938;
2026 02 03 08:01:24:674;1,18;15;18;49,3011;0,8165;217,8497;4,4188;58,5938;
2026 02 03 08:01:24:676;1,18;15;18;49,3011;0,8165;217,8497;4,4188;58,5938;
2026 02 03 08:01:24:678;1,18;15;18;49,3011;0,8165;217,8497;4,4188;82,0313;
2026 02 03 08:01:24:680;0,93;13;13;25,5127;-0,4544;93,1244;3,6501;70,3125;
2026 02 03 08:01:24:682;0,93;13;13;25,5127;-0,4544;93,1244;3,6501;62,5;
2026 02 03 08:01:24:684;0,93;13;13;25,5127;-0,4544;93,1244;3,6501;50,7813;
2026 02 03 08:01:24:686;0,93;13;13;25,5127;-0,4544;93,1244;3,6501;39,0625;
2026 02 03 08:01:24:688;0,93;13;13;25,5127;-0,4544;93,1244;3,6501;31,25;
2026 02 03 08:01:24:690;0,93;13;13;25,5127;-0,4544;93,1244;3,6501;58,5938;
2026 02 03 08:01:24:692;0,93;13;13;25,5127;-0,4544;93,1244;3,6501;58,5938;
2026 02 03 08:01:24:694;0,93;13;13;25,5127;-0,4544;93,1244;3,6501;58,5938;
2026 02 03 08:01:24:696;0,93;13;13;25,5127;-0,4544;93,1244;3,6501;58,5938;
2026 02 03 08:01:24:698;0,93;13;13;25,5127;-0,4544;93,1244;3,6501;82,0313;
2026 02 03 08:01:24:700;0,93;13;13;25,5127;-0,4544;93,1244;3,6501;74,2188;
2026 02 03 08:01:24:702;0,93;13;13;25,5127;-0,4544;93,1244;3,6501;62,5;
2026 02 03 08:01:24:704;0,93;13;13;25,5127;-0,4544;93,1244;3,6501;46,875;
2026 02 03 08:01:24:706;0,93;13;13;25,5127;-0,4544;93,1244;3,6501;39,0625;
2026 02 03 08:01:24:708;0,93;13;13;25,5127;-0,4544;93,1244;3,6501;31,25;
2026 02 03 08:01:24:710;0,93;13;13;25,5127;-0,4544;93,1244;3,6501;58,5938;
2026 02 03 08:01:24:712;0,93;13;13;25,5127;-0,4544;93,1244;3,6501;58,5938;
2026 02 03 08:01:24:714;0,93;13;13;25,5127;-0,4544;93,1244;3,6501;58,5938;
2026 02 03 08:01:24:716;0,93;13;13;25,5127;-0,4544;93,1244;3,6501;62,5;
2026 02 03 08:01:24:718;0,93;13;13;25,5127;-0,4544;93,1244;3,6501;82,0313;
2026 02 03 08:01:24:720;0,93;13;13;25,5127;-0,4544;93,1244;3,6501;74,2188;
2026 02 03 08:01:24:722;0,93;13;13;25,5127;-0,4544;93,1244;3,6501;62,5;
2026 02 03 08:01:24:724;0,93;13;13;25,5127;-0,4544;93,1244;3,6501;39,0625;
2026 02 03 08:01:24:726;0,93;13;13;25,5127;-0,4544;93,1244;3,6501;39,0625;
2026 02 03 08:01:24:728;0,93;13;13;25,5127;-0,4544;93,1244;3,6501;31,25;
2026 02 03 08:01:24:730;0,93;13;13;25,5127;-0,4544;93,1244;3,6501;58,5938;
2026 02 03 08:01:24:732;0,93;13;13;25,5127;-0,4544;93,1244;3,6501;62,5;
2026 02 03 08:01:24:734;0,93;13;13;25,5127;-0,4544;93,1244;3,6501;58,5938;
2026 02 03 08:01:24:736;0,93;13;13;25,5127;-0,4544;93,1244;3,6501;62,5;
2026 02 03 08:01:24:738;0,93;13;13;25,5127;-0,4544;93,1244;3,6501;85,9375;
2026 02 03 08:01:24:740;0,93;13;13;25,5127;-0,4544;93,1244;3,6501;82,0313;
2026 02 03 08:01:24:742;0,93;13;13;25,5127;-0,4544;93,1244;3,6501;66,4063;
2026 02 03 08:01:24:744;0,93;13;13;25,5127;-0,4544;93,1244;3,6501;46,875;
2026 02 03 08:01:24:746;0,93;13;13;25,5127;-0,4544;93,1244;3,6501;39,0625;
2026 02 03 08:01:24:748;0,93;13;13;25,5127;-0,4544;93,1244;3,6501;31,25;
2026 02 03 08:01:24:750;0,93;13;13;25,5127;-0,4544;93,1244;3,6501;58,5938;
2026 02 03 08:01:24:752;0,93;13;13;25,5127;-0,4544;93,1244;3,6501;62,5;
2026 02 03 08:01:24:754;0,93;13;13;25,5127;-0,4544;93,1244;3,6501;58,5938;
2026 02 03 08:01:24:756;0,93;13;13;25,5127;-0,4544;93,1244;3,6501;62,5;
2026 02 03 08:01:24:758;0,93;13;13;25,5127;-0,4544;93,1244;3,6501;82,0313;
2026 02 03 08:01:24:760;0,93;13;13;25,5127;-0,4544;93,1244;3,6501;78,125;
2026 02 03 08:01:24:762;0,93;13;13;25,5127;-0,4544;93,1244;3,6501;62,5;
2026 02 03 08:01:24:764;0,93;13;13;25,5127;-0,4544;93,1244;3,6501;42,9688;
2026 02 03 08:01:24:766;0,93;13;13;25,5127;-0,4544;93,1244;3,6501;42,9688;
2026 02 03 08:01:24:768;0,93;13;13;25,5127;-0,4544;93,1244;3,6501;27,3438;
2026 02 03 08:01:24:770;0,93;13;13;25,5127;-0,4544;93,1244;3,6501;62,5;
2026 02 03 08:01:24:772;0,93;13;13;25,5127;-0,4544;93,1244;3,6501;62,5;
2026 02 03 08:01:24:774;0,93;13;13;25,5127;-0,4544;93,1244;3,6501;58,5938;
2026 02 03 08:01:24:776;0,93;13;13;25,5127;-0,4544;93,1244;3,6501;62,5;
2026 02 03 08:01:24:778;0,93;13;13;25,5127;-0,4544;93,1244;3,6501;82,0313;
2026 02 03 08:01:24:780;0,93;13;13;25,5127;-0,4544;93,1244;3,6501;78,125;
2026 02 03 08:01:24:782;0,93;13;13;25,5127;-0,4544;93,1244;3,6501;66,4063;
2026 02 03 08:01:24:784;0,93;13;13;25,5127;-0,4544;93,1244;3,6501;50,7813;
2026 02 03 08:01:24:786;0,93;13;13;25,5127;-0,4544;93,1244;3,6501;42,9688;
2026 02 03 08:01:24:788;0,93;13;13;25,5127;-0,4544;93,1244;3,6501;31,25;
2026 02 03 08:01:24:790;0,93;13;13;25,5127;-0,4544;93,1244;3,6501;62,5;
2026 02 03 08:01:24:792;0,93;13;13;25,5127;-0,4544;93,1244;3,6501;58,5938;
2026 02 03 08:01:24:794;0,93;13;13;25,5127;-0,4544;93,1244;3,6501;58,5938;
2026 02 03 08:01:24:796;0,93;13;13;25,5127;-0,4544;93,1244;3,6501;62,5;
2026 02 03 08:01:24:798;0,93;13;13;25,5127;-0,4544;93,1244;3,6501;82,0313;
2026 02 03 08:01:24:800;0,93;13;13;25,5127;-0,4544;93,1244;3,6501;82,0313;
2026 02 03 08:01:24:802;0,93;13;13;25,5127;-0,4544;93,1244;3,6501;62,5;
2026 02 03 08:01:24:804;0,93;13;13;25,5127;-0,4544;93,1244;3,6501;50,7813;
2026 02 03 08:01:24:806;0,93;13;13;25,5127;-0,4544;93,1244;3,6501;42,9688;
2026 02 03 08:01:24:808;0,93;13;13;25,5127;-0,4544;93,1244;3,6501;35,1563;
2026 02 03 08:01:24:810;0,93;13;13;25,5127;-0,4544;93,1244;3,6501;62,5;
2026 02 03 08:01:24:812;0,93;13;13;25,5127;-0,4544;93,1244;3,6501;62,5;
2026 02 03 08:01:24:814;0,93;13;13;25,5127;-0,4544;93,1244;3,6501;62,5;
2026 02 03 08:01:24:816;0,93;13;13;25,5127;-0,4544;93,1244;3,6501;62,5;
2026 02 03 08:01:24:818;0,93;13;13;25,5127;-0,4544;93,1244;3,6501;85,9375;
2026 02 03 08:01:24:820;0,93;13;13;25,5127;-0,4544;93,1244;3,6501;74,2188;
2026 02 03 08:01:24:822;0,93;13;13;25,5127;-0,4544;93,1244;3,6501;62,5;
2026 02 03 08:01:24:824;0,93;13;13;25,5127;-0,4544;93,1244;3,6501;46,875;
2026 02 03 08:01:24:826;0,93;13;13;25,5127;-0,4544;93,1244;3,6501;42,9688;
2026 02 03 08:01:24:828;0,93;13;13;25,5127;-0,4544;93,1244;3,6501;35,1563;
2026 02 03 08:01:24:830;0,93;13;13;25,5127;-0,4544;93,1244;3,6501;62,5;
2026 02 03 08:01:24:832;0,93;13;13;25,5127;-0,4544;93,1244;3,6501;62,5;
2026 02 03 08:01:24:834;0,93;13;13;25,5127;-0,4544;93,1244;3,6501;62,5;
2026 02 03 08:01:24:836;0,93;13;13;25,5127;-0,4544;93,1244;3,6501;62,5;
2026 02 03 08:01:24:838;0,93;13;13;25,5127;-0,4544;93,1244;3,6501;85,9375;
2026 02 03 08:01:24:840;0,93;13;13;25,5127;-0,4544;93,1244;3,6501;82,0313;
2026 02 03 08:01:24:842;0,93;13;13;25,5127;-0,4544;93,1244;3,6501;66,4063;
2026 02 03 08:01:24:844;0,93;13;13;25,5127;-0,4544;93,1244;3,6501;50,7813;
2026 02 03 08:01:24:846;0,93;13;13;25,5127;-0,4544;93,1244;3,6501;42,9688;
2026 02 03 08:01:24:848;0,93;13;13;25,5127;-0,4544;93,1244;3,6501;31,25;
2026 02 03 08:01:24:850;0,93;13;13;25,5127;-0,4544;93,1244;3,6501;62,5;
2026 02 03 08:01:24:852;0,93;13;13;25,5127;-0,4544;93,1244;3,6501;62,5;
2026 02 03 08:01:24:854;0,93;13;13;25,5127;-0,4544;93,1244;3,6501;62,5;
2026 02 03 08:01:24:856;0,93;13;13;25,5127;-0,4544;93,1244;3,6501;62,5;
2026 02 03 08:01:24:858;0,93;13;13;25,5127;-0,4544;93,1244;3,6501;89,8438;
2026 02 03 08:01:24:860;0,93;13;13;25,5127;-0,4544;93,1244;3,6501;78,125;
2026 02 03 08:01:24:862;0,93;13;13;25,5127;-0,4544;93,1244;3,6501;66,4063;
2026 02 03 08:01:24:864;0,93;13;13;25,5127;-0,4544;93,1244;3,6501;46,875;
2026 02 03 08:01:24:866;0,93;13;13;25,5127;-0,4544;93,1244;3,6501;42,9688;
2026 02 03 08:01:24:868;0,93;13;13;25,5127;-0,4544;93,1244;3,6501;35,1563;
2026 02 03 08:01:24:870;0,93;13;13;25,5127;-0,4544;93,1244;3,6501;62,5;
2026 02 03 08:01:24:872;0,93;13;13;25,5127;-0,4544;93,1244;3,6501;62,5;
2026 02 03 08:01:24:874;0,93;13;13;25,5127;-0,4544;93,1244;3,6501;62,5;
2026 02 03 08:01:24:876;0,93;13;13;25,5127;-0,4544;93,1244;3,6501;66,4063;
2026 02 03 08:01:24:878;0,93;13;13;25,5127;-0,4544;93,1244;3,6501;85,9375;
2026 02 03 08:01:24:880;0,93;13;13;25,5127;-0,4544;93,1244;3,6501;85,9375;
2026 02 03 08:01:24:882;0,93;13;13;25,5127;-0,4544;93,1244;3,6501;70,3125;
2026 02 03 08:01:24:884;0,93;13;13;25,5127;-0,4544;93,1244;3,6501;46,875;
2026 02 03 08:01:24:886;0,93;13;13;25,5127;-0,4544;93,1244;3,6501;46,875;
2026 02 03 08:01:24:888;0,93;13;13;25,5127;-0,4544;93,1244;3,6501;35,1563;
2026 02 03 08:01:24:890;0,93;13;13;25,5127;-0,4544;93,1244;3,6501;62,5;
2026 02 03 08:01:24:892;0,93;13;13;25,5127;-0,4544;93,1244;3,6501;66,4063;
2026 02 03 08:01:24:894;0,93;13;13;25,5127;-0,4544;93,1244;3,6501;62,5;
2026 02 03 08:01:24:896;0,93;13;13;25,5127;-0,4544;93,1244;3,6501;66,4063;
2026 02 03 08:01:24:898;0,93;13;13;25,5127;-0,4544;93,1244;3,6501;89,8438;
2026 02 03 08:01:24:900;0,93;13;13;25,5127;-0,4544;93,1244;3,6501;82,0313;
2026 02 03 08:01:24:902;0,93;13;13;25,5127;-0,4544;93,1244;3,6501;70,3125;
2026 02 03 08:01:24:904;0,93;13;13;25,5127;-0,4544;93,1244;3,6501;50,7813;
2026 02 03 08:01:24:906;0,93;13;13;25,5127;-0,4544;93,1244;3,6501;46,875;
2026 02 03 08:01:24:908;0,93;13;13;25,5127;-0,4544;93,1244;3,6501;35,1563;
2026 02 03 08:01:24:910;0,93;13;13;25,5127;-0,4544;93,1244;3,6501;62,5;
2026 02 03 08:01:24:912;0,93;13;13;25,5127;-0,4544;93,1244;3,6501;66,4063;
2026 02 03 08:01:24:914;0,93;13;13;25,5127;-0,4544;93,1244;3,6501;62,5;
2026 02 03 08:01:24:916;0,93;13;13;25,5127;-0,4544;93,1244;3,6501;62,5;
2026 02 03 08:01:24:918;0,93;13;13;25,5127;-0,4544;93,1244;3,6501;85,9375;
2026 02 03 08:01:24:920;0,93;13;13;25,5127;-0,4544;93,1244;3,6501;78,125;
2026 02 03 08:01:24:922;0,93;13;13;25,5127;-0,4544;93,1244;3,6501;66,4063;
2026 02 03 08:01:24:924;0,93;13;13;25,5127;-0,4544;93,1244;3,6501;54,6875;
2026 02 03 08:01:24:926;0,93;13;13;25,5127;-0,4544;93,1244;3,6501;46,875;
2026 02 03 08:01:24:928;0,93;13;13;25,5127;-0,4544;93,1244;3,6501;35,1563;
2026 02 03 08:01:24:930;0,93;13;13;25,5127;-0,4544;93,1244;3,6501;62,5;
2026 02 03 08:01:24:932;0,93;13;13;25,5127;-0,4544;93,1244;3,6501;66,4063;
2026 02 03 08:01:24:934;0,93;13;13;25,5127;-0,4544;93,1244;3,6501;66,4063;
2026 02 03 08:01:24:936;0,93;13;13;25,5127;-0,4544;93,1244;3,6501;66,4063;
2026 02 03 08:01:24:938;0,93;13;13;25,5127;-0,4544;93,1244;3,6501;89,8438;
2026 02 03 08:01:24:940;0,93;13;13;25,5127;-0,4544;93,1244;3,6501;82,0313;
2026 02 03 08:01:24:942;0,93;13;13;25,5127;-0,4544;93,1244;3,6501;70,3125;
2026 02 03 08:01:24:944;0,93;13;13;25,5127;-0,4544;93,1244;3,6501;54,6875;
2026 02 03 08:01:24:946;0,93;13;13;25,5127;-0,4544;93,1244;3,6501;46,875;
2026 02 03 08:01:24:948;0,93;13;13;25,5127;-0,4544;93,1244;3,6501;39,0625;
2026 02 03 08:01:24:950;0,93;13;13;25,5127;-0,4544;93,1244;3,6501;66,4063;
2026 02 03 08:01:24:952;0,93;13;13;25,5127;-0,4544;93,1244;3,6501;66,4063;
2026 02 03 08:01:24:954;0,93;13;13;25,5127;-0,4544;93,1244;3,6501;66,4063;
2026 02 03 08:01:24:956;0,93;13;13;25,5127;-0,4544;93,1244;3,6501;66,4063;
2026 02 03 08:01:24:958;0,93;13;13;25,5127;-0,4544;93,1244;3,6501;93,75;
2026 02 03 08:01:24:960;0,93;13;13;25,5127;-0,4544;93,1244;3,6501;78,125;
2026 02 03 08:01:24:962;0,93;13;13;25,5127;-0,4544;93,1244;3,6501;70,3125;
2026 02 03 08:01:24:964;0,93;13;13;25,5127;-0,4544;93,1244;3,6501;46,875;
2026 02 03 08:01:24:966;0,93;13;13;25,5127;-0,4544;93,1244;3,6501;46,875;
2026 02 03 08:01:24:968;0,93;13;13;25,5127;-0,4544;93,1244;3,6501;39,0625;
2026 02 03 08:01:24:970;0,93;13;13;25,5127;-0,4544;93,1244;3,6501;66,4063;
2026 02 03 08:01:24:972;0,93;13;13;25,5127;-0,4544;93,1244;3,6501;66,4063;
2026 02 03 08:01:24:974;0,93;13;13;25,5127;-0,4544;93,1244;3,6501;62,5;
2026 02 03 08:01:24:976;0,93;13;13;25,5127;-0,4544;93,1244;3,6501;66,4063;
2026 02 03 08:01:24:978;0,502;13;5;18,4631;0,0799;69,8853;3,7851;93,75;
2026 02 03 08:01:24:980;0,502;13;5;18,4631;0,0799;69,8853;3,7851;89,8438;
2026 02 03 08:01:24:982;0,502;13;5;18,4631;0,0799;69,8853;3,7851;74,2188;
2026 02 03 08:01:24:984;0,502;13;5;18,4631;0,0799;69,8853;3,7851;50,7813;
2026 02 03 08:01:24:986;0,502;13;5;18,4631;0,0799;69,8853;3,7851;46,875;
2026 02 03 08:01:24:988;0,502;13;5;18,4631;0,0799;69,8853;3,7851;35,1563;
2026 02 03 08:01:24:990;0,502;13;5;18,4631;0,0799;69,8853;3,7851;66,4063;
2026 02 03 08:01:24:992;0,502;13;5;18,4631;0,0799;69,8853;3,7851;66,4063;
2026 02 03 08:01:24:994;0,502;13;5;18,4631;0,0799;69,8853;3,7851;66,4063;
2026 02 03 08:01:24:996;0,502;13;5;18,4631;0,0799;69,8853;3,7851;66,4063;
2026 02 03 08:01:24:998;0,502;13;5;18,4631;0,0799;69,8853;3,7851;93,75;
2026 02 03 08:01:25:000;0,502;13;5;18,4631;0,0799;69,8853;3,7851;85,9375;
2026 02 03 08:01:25:002;0,502;13;5;18,4631;0,0799;69,8853;3,7851;70,3125;
2026 02 03 08:01:25:004;0,502;13;5;18,4631;0,0799;69,8853;3,7851;50,7813;
2026 02 03 08:01:25:006;0,502;13;5;18,4631;0,0799;69,8853;3,7851;50,7813;
2026 02 03 08:01:25:008;0,502;13;5;18,4631;0,0799;69,8853;3,7851;39,0625;
2026 02 03 08:01:25:010;0,502;13;5;18,4631;0,0799;69,8853;3,7851;70,3125;
2026 02 03 08:01:25:012;0,502;13;5;18,4631;0,0799;69,8853;3,7851;66,4063;
2026 02 03 08:01:25:014;0,502;13;5;18,4631;0,0799;69,8853;3,7851;66,4063;
2026 02 03 08:01:25:016;0,502;13;5;18,4631;0,0799;69,8853;3,7851;66,4063;
2026 02 03 08:01:25:018;0,502;13;5;18,4631;0,0799;69,8853;3,7851;89,8438;
2026 02 03 08:01:25:020;0,502;13;5;18,4631;0,0799;69,8853;3,7851;85,9375;
2026 02 03 08:01:25:022;0,502;13;5;18,4631;0,0799;69,8853;3,7851;74,2188;
2026 02 03 08:01:25:024;0,502;13;5;18,4631;0,0799;69,8853;3,7851;54,6875;
2026 02 03 08:01:25:026;0,502;13;5;18,4631;0,0799;69,8853;3,7851;50,7813;
2026 02 03 08:01:25:028;0,502;13;5;18,4631;0,0799;69,8853;3,7851;39,0625;
2026 02 03 08:01:25:030;0,502;13;5;18,4631;0,0799;69,8853;3,7851;66,4063;
2026 02 03 08:01:25:032;0,502;13;5;18,4631;0,0799;69,8853;3,7851;66,4063;
2026 02 03 08:01:25:034;0,502;13;5;18,4631;0,0799;69,8853;3,7851;66,4063;
2026 02 03 08:01:25:036;0,502;13;5;18,4631;0,0799;69,8853;3,7851;66,4063;
2026 02 03 08:01:25:038;0,502;13;5;18,4631;0,0799;69,8853;3,7851;89,8438;
2026 02 03 08:01:25:040;0,502;13;5;18,4631;0,0799;69,8853;3,7851;82,0313;
2026 02 03 08:01:25:042;0,502;13;5;18,4631;0,0799;69,8853;3,7851;70,3125;
2026 02 03 08:01:25:044;0,502;13;5;18,4631;0,0799;69,8853;3,7851;50,7813;
2026 02 03 08:01:25:046;0,502;13;5;18,4631;0,0799;69,8853;3,7851;46,875;
2026 02 03 08:01:25:048;0,502;13;5;18,4631;0,0799;69,8853;3,7851;31,25;
2026 02 03 08:01:25:050;0,502;13;5;18,4631;0,0799;69,8853;3,7851;66,4063;
2026 02 03 08:01:25:052;0,502;13;5;18,4631;0,0799;69,8853;3,7851;66,4063;
2026 02 03 08:01:25:054;0,502;13;5;18,4631;0,0799;69,8853;3,7851;66,4063;
2026 02 03 08:01:25:056;0,502;13;5;18,4631;0,0799;69,8853;3,7851;66,4063;
2026 02 03 08:01:25:058;0,502;13;5;18,4631;0,0799;69,8853;3,7851;93,75;
2026 02 03 08:01:25:060;0,502;13;5;18,4631;0,0799;69,8853;3,7851;78,125;
2026 02 03 08:01:25:062;0,502;13;5;18,4631;0,0799;69,8853;3,7851;70,3125;
2026 02 03 08:01:25:064;0,502;13;5;18,4631;0,0799;69,8853;3,7851;50,7813;
2026 02 03 08:01:25:066;0,502;13;5;18,4631;0,0799;69,8853;3,7851;50,7813;
2026 02 03 08:01:25:068;0,502;13;5;18,4631;0,0799;69,8853;3,7851;39,0625;
2026 02 03 08:01:25:070;0,502;13;5;18,4631;0,0799;69,8853;3,7851;66,4063;
2026 02 03 08:01:25:072;0,502;13;5;18,4631;0,0799;69,8853;3,7851;66,4063;
2026 02 03 08:01:25:074;0,502;13;5;18,4631;0,0799;69,8853;3,7851;66,4063;
2026 02 03 08:01:25:076;0,502;13;5;18,4631;0,0799;69,8853;3,7851;70,3125;
2026 02 03 08:01:25:078;0,502;13;5;18,4631;0,0799;69,8853;3,7851;93,75;
2026 02 03 08:01:25:080;0,502;13;5;18,4631;0,0799;69,8853;3,7851;85,9375;
2026 02 03 08:01:25:082;0,502;13;5;18,4631;0,0799;69,8853;3,7851;70,3125;
2026 02 03 08:01:25:084;0,502;13;5;18,4631;0,0799;69,8853;3,7851;50,7813;
2026 02 03 08:01:25:086;0,502;13;5;18,4631;0,0799;69,8853;3,7851;50,7813;
2026 02 03 08:01:25:088;0,502;13;5;18,4631;0,0799;69,8853;3,7851;39,0625;
2026 02 03 08:01:25:090;0,502;13;5;18,4631;0,0799;69,8853;3,7851;66,4063;
2026 02 03 08:01:25:092;0,502;13;5;18,4631;0,0799;69,8853;3,7851;66,4063;
2026 02 03 08:01:25:094;0,502;13;5;18,4631;0,0799;69,8853;3,7851;66,4063;
2026 02 03 08:01:25:096;0,502;13;5;18,4631;0,0799;69,8853;3,7851;66,4063;
2026 02 03 08:01:25:098;0,502;13;5;18,4631;0,0799;69,8853;3,7851;93,75;
2026 02 03 08:01:25:100;0,502;13;5;18,4631;0,0799;69,8853;3,7851;85,9375;
2026 02 03 08:01:25:102;0,502;13;5;18,4631;0,0799;69,8853;3,7851;70,3125;
2026 02 03 08:01:25:104;0,502;13;5;18,4631;0,0799;69,8853;3,7851;50,7813;
2026 02 03 08:01:25:106;0,502;13;5;18,4631;0,0799;69,8853;3,7851;50,7813;
2026 02 03 08:01:25:108;0,502;13;5;18,4631;0,0799;69,8853;3,7851;39,0625;
2026 02 03 08:01:25:110;0,502;13;5;18,4631;0,0799;69,8853;3,7851;66,4063;
2026 02 03 08:01:25:112;0,502;13;5;18,4631;0,0799;69,8853;3,7851;66,4063;
2026 02 03 08:01:25:114;0,502;13;5;18,4631;0,0799;69,8853;3,7851;66,4063;
2026 02 03 08:01:25:116;0,502;13;5;18,4631;0,0799;69,8853;3,7851;66,4063;
2026 02 03 08:01:25:118;0,502;13;5;18,4631;0,0799;69,8853;3,7851;93,75;
2026 02 03 08:01:25:120;0,502;13;5;18,4631;0,0799;69,8853;3,7851;89,8438;
2026 02 03 08:01:25:122;0,502;13;5;18,4631;0,0799;69,8853;3,7851;70,3125;
2026 02 03 08:01:25:124;0,502;13;5;18,4631;0,0799;69,8853;3,7851;54,6875;
2026 02 03 08:01:25:126;0,502;13;5;18,4631;0,0799;69,8853;3,7851;54,6875;
2026 02 03 08:01:25:128;0,502;13;5;18,4631;0,0799;69,8853;3,7851;39,0625;
2026 02 03 08:01:25:130;0,502;13;5;18,4631;0,0799;69,8853;3,7851;66,4063;
2026 02 03 08:01:25:132;0,502;13;5;18,4631;0,0799;69,8853;3,7851;66,4063;
2026 02 03 08:01:25:134;0,502;13;5;18,4631;0,0799;69,8853;3,7851;66,4063;
2026 02 03 08:01:25:136;0,502;13;5;18,4631;0,0799;69,8853;3,7851;66,4063;
2026 02 03 08:01:25:138;0,502;13;5;18,4631;0,0799;69,8853;3,7851;93,75;
2026 02 03 08:01:25:140;0,502;13;5;18,4631;0,0799;69,8853;3,7851;85,9375;
2026 02 03 08:01:25:142;0,502;13;5;18,4631;0,0799;69,8853;3,7851;70,3125;
2026 02 03 08:01:25:144;0,502;13;5;18,4631;0,0799;69,8853;3,7851;50,7813;
2026 02 03 08:01:25:146;0,502;13;5;18,4631;0,0799;69,8853;3,7851;50,7813;
2026 02 03 08:01:25:148;0,502;13;5;18,4631;0,0799;69,8853;3,7851;39,0625;
2026 02 03 08:01:25:150;0,502;13;5;18,4631;0,0799;69,8853;3,7851;70,3125;
2026 02 03 08:01:25:152;0,502;13;5;18,4631;0,0799;69,8853;3,7851;70,3125;
2026 02 03 08:01:25:154;0,502;13;5;18,4631;0,0799;69,8853;3,7851;66,4063;
2026 02 03 08:01:25:156;0,502;13;5;18,4631;0,0799;69,8853;3,7851;70,3125;
2026 02 03 08:01:25:158;0,502;13;5;18,4631;0,0799;69,8853;3,7851;93,75;
2026 02 03 08:01:25:160;0,502;13;5;18,4631;0,0799;69,8853;3,7851;82,0313;
2026 02 03 08:01:25:162;0,502;13;5;18,4631;0,0799;69,8853;3,7851;70,3125;
2026 02 03 08:01:25:164;0,502;13;5;18,4631;0,0799;69,8853;3,7851;58,5938;
2026 02 03 08:01:25:166;0,502;13;5;18,4631;0,0799;69,8853;3,7851;50,7813;
2026 02 03 08:01:25:168;0,502;13;5;18,4631;0,0799;69,8853;3,7851;39,0625;
2026 02 03 08:01:25:170;0,502;13;5;18,4631;0,0799;69,8853;3,7851;70,3125;
2026 02 03 08:01:25:172;0,502;13;5;18,4631;0,0799;69,8853;3,7851;70,3125;
2026 02 03 08:01:25:174;0,502;13;5;18,4631;0,0799;69,8853;3,7851;66,4063;
2026 02 03 08:01:25:176;0,502;13;5;18,4631;0,0799;69,8853;3,7851;66,4063;
2026 02 03 08:01:25:178;0,502;13;5;18,4631;0,0799;69,8853;3,7851;93,75;
2026 02 03 08:01:25:180;0,502;13;5;18,4631;0,0799;69,8853;3,7851;82,0313;
2026 02 03 08:01:25:182;0,502;13;5;18,4631;0,0799;69,8853;3,7851;70,3125;
2026 02 03 08:01:25:184;0,502;13;5;18,4631;0,0799;69,8853;3,7851;54,6875;
2026 02 03 08:01:25:186;0,502;13;5;18,4631;0,0799;69,8853;3,7851;50,7813;
2026 02 03 08:01:25:188;0,502;13;5;18,4631;0,0799;69,8853;3,7851;39,0625;
2026 02 03 08:01:25:190;0,502;13;5;18,4631;0,0799;69,8853;3,7851;70,3125;
2026 02 03 08:01:25:192;0,502;13;5;18,4631;0,0799;69,8853;3,7851;66,4063;
2026 02 03 08:01:25:194;0,502;13;5;18,4631;0,0799;69,8853;3,7851;70,3125;
2026 02 03 08:01:25:196;0,502;13;5;18,4631;0,0799;69,8853;3,7851;70,3125;
2026 02 03 08:01:25:198;0,502;13;5;18,4631;0,0799;69,8853;3,7851;97,6563;
2026 02 03 08:01:25:200;0,502;13;5;18,4631;0,0799;69,8853;3,7851;82,0313;
2026 02 03 08:01:25:202;0,502;13;5;18,4631;0,0799;69,8853;3,7851;70,3125;
2026 02 03 08:01:25:204;0,502;13;5;18,4631;0,0799;69,8853;3,7851;50,7813;
2026 02 03 08:01:25:206;0,502;13;5;18,4631;0,0799;69,8853;3,7851;50,7813;
2026 02 03 08:01:25:208;0,502;13;5;18,4631;0,0799;69,8853;3,7851;42,9688;
2026 02 03 08:01:25:210;0,502;13;5;18,4631;0,0799;69,8853;3,7851;66,4063;
2026 02 03 08:01:25:212;0,502;13;5;18,4631;0,0799;69,8853;3,7851;70,3125;
2026 02 03 08:01:25:214;0,502;13;5;18,4631;0,0799;69,8853;3,7851;66,4063;
2026 02 03 08:01:25:216;0,502;13;5;18,4631;0,0799;69,8853;3,7851;70,3125;
2026 02 03 08:01:25:218;0,502;13;5;18,4631;0,0799;69,8853;3,7851;97,6563;
2026 02 03 08:01:25:220;0,502;13;5;18,4631;0,0799;69,8853;3,7851;89,8438;
2026 02 03 08:01:25:222;0,502;13;5;18,4631;0,0799;69,8853;3,7851;74,2188;
2026 02 03 08:01:25:224;0,502;13;5;18,4631;0,0799;69,8853;3,7851;50,7813;
2026 02 03 08:01:25:226;0,502;13;5;18,4631;0,0799;69,8853;3,7851;50,7813;
2026 02 03 08:01:25:228;0,502;13;5;18,4631;0,0799;69,8853;3,7851;39,0625;
2026 02 03 08:01:25:230;0,502;13;5;18,4631;0,0799;69,8853;3,7851;70,3125;
2026 02 03 08:01:25:232;0,502;13;5;18,4631;0,0799;69,8853;3,7851;70,3125;
2026 02 03 08:01:25:234;0,502;13;5;18,4631;0,0799;69,8853;3,7851;70,3125;
2026 02 03 08:01:25:236;0,502;13;5;18,4631;0,0799;69,8853;3,7851;70,3125;
2026 02 03 08:01:25:238;0,502;13;5;18,4631;0,0799;69,8853;3,7851;97,6563;
2026 02 03 08:01:25:240;0,502;13;5;18,4631;0,0799;69,8853;3,7851;85,9375;
2026 02 03 08:01:25:242;0,502;13;5;18,4631;0,0799;69,8853;3,7851;74,2188;
2026 02 03 08:01:25:244;0,502;13;5;18,4631;0,0799;69,8853;3,7851;54,6875;
2026 02 03 08:01:25:246;0,502;13;5;18,4631;0,0799;69,8853;3,7851;54,6875;
2026 02 03 08:01:25:248;0,502;13;5;18,4631;0,0799;69,8853;3,7851;42,9688;
2026 02 03 08:01:25:250;0,502;13;5;18,4631;0,0799;69,8853;3,7851;66,4063;
2026 02 03 08:01:25:252;0,502;13;5;18,4631;0,0799;69,8853;3,7851;70,3125;
2026 02 03 08:01:25:254;0,502;13;5;18,4631;0,0799;69,8853;3,7851;70,3125;
2026 02 03 08:01:25:256;0,502;13;5;18,4631;0,0799;69,8853;3,7851;70,3125;
2026 02 03 08:01:25:258;0,502;13;5;18,4631;0,0799;69,8853;3,7851;93,75;
2026 02 03 08:01:25:260;0,502;13;5;18,4631;0,0799;69,8853;3,7851;85,9375;
2026 02 03 08:01:25:262;0,502;13;5;18,4631;0,0799;69,8853;3,7851;74,2188;
2026 02 03 08:01:25:264;0,502;13;5;18,4631;0,0799;69,8853;3,7851;58,5938;
2026 02 03 08:01:25:266;0,502;13;5;18,4631;0,0799;69,8853;3,7851;54,6875;
2026 02 03 08:01:25:268;0,502;13;5;18,4631;0,0799;69,8853;3,7851;39,0625;
2026 02 03 08:01:25:270;0,502;13;5;18,4631;0,0799;69,8853;3,7851;70,3125;
2026 02 03 08:01:25:272;0,502;13;5;18,4631;0,0799;69,8853;3,7851;70,3125;
2026 02 03 08:01:25:274;0,502;13;5;18,4631;0,0799;69,8853;3,7851;70,3125;
2026 02 03 08:01:25:276;0,502;13;5;18,4631;0,0799;69,8853;3,7851;70,3125;
2026 02 03 08:01:25:278;0,502;13;5;18,4631;0,0799;69,8853;3,7851;93,75;
2026 02 03 08:01:25:280;0,318;13;2;15,152;0,6008;58,2275;3,8429;85,9375;
2026 02 03 08:01:25:282;0,318;13;2;15,152;0,6008;58,2275;3,8429;74,2188;
2026 02 03 08:01:25:284;0,318;13;2;15,152;0,6008;58,2275;3,8429;54,6875;
2026 02 03 08:01:25:286;0,318;13;2;15,152;0,6008;58,2275;3,8429;54,6875;
2026 02 03 08:01:25:288;0,318;13;2;15,152;0,6008;58,2275;3,8429;39,0625;
2026 02 03 08:01:25:290;0,318;13;2;15,152;0,6008;58,2275;3,8429;70,3125;
2026 02 03 08:01:25:292;0,318;13;2;15,152;0,6008;58,2275;3,8429;70,3125;
2026 02 03 08:01:25:294;0,318;13;2;15,152;0,6008;58,2275;3,8429;70,3125;
2026 02 03 08:01:25:296;0,318;13;2;15,152;0,6008;58,2275;3,8429;70,3125;
2026 02 03 08:01:25:298;0,318;13;2;15,152;0,6008;58,2275;3,8429;97,6563;
2026 02 03 08:01:25:300;0,318;13;2;15,152;0,6008;58,2275;3,8429;82,0313;
2026 02 03 08:01:25:302;0,318;13;2;15,152;0,6008;58,2275;3,8429;70,3125;
2026 02 03 08:01:25:304;0,318;13;2;15,152;0,6008;58,2275;3,8429;54,6875;
2026 02 03 08:01:25:306;0,318;13;2;15,152;0,6008;58,2275;3,8429;54,6875;
2026 02 03 08:01:25:308;0,318;13;2;15,152;0,6008;58,2275;3,8429;42,9688;
2026 02 03 08:01:25:310;0,318;13;2;15,152;0,6008;58,2275;3,8429;70,3125;
2026 02 03 08:01:25:312;0,318;13;2;15,152;0,6008;58,2275;3,8429;70,3125;
2026 02 03 08:01:25:314;0,318;13;2;15,152;0,6008;58,2275;3,8429;70,3125;
2026 02 03 08:01:25:316;0,318;13;2;15,152;0,6008;58,2275;3,8429;70,3125;
2026 02 03 08:01:25:318;0,318;13;2;15,152;0,6008;58,2275;3,8429;97,6563;
2026 02 03 08:01:25:320;0,318;13;2;15,152;0,6008;58,2275;3,8429;89,8438;
2026 02 03 08:01:25:322;0,318;13;2;15,152;0,6008;58,2275;3,8429;74,2188;
2026 02 03 08:01:25:324;0,318;13;2;15,152;0,6008;58,2275;3,8429;54,6875;
2026 02 03 08:01:25:326;0,318;13;2;15,152;0,6008;58,2275;3,8429;54,6875;
2026 02 03 08:01:25:328;0,318;13;2;15,152;0,6008;58,2275;3,8429;39,0625;
2026 02 03 08:01:25:330;0,318;13;2;15,152;0,6008;58,2275;3,8429;70,3125;
2026 02 03 08:01:25:332;0,318;13;2;15,152;0,6008;58,2275;3,8429;70,3125;
2026 02 03 08:01:25:334;0,318;13;2;15,152;0,6008;58,2275;3,8429;70,3125;
2026 02 03 08:01:25:336;0,318;13;2;15,152;0,6008;58,2275;3,8429;70,3125;
2026 02 03 08:01:25:338;0,318;13;2;15,152;0,6008;58,2275;3,8429;97,6563;
2026 02 03 08:01:25:340;0,318;13;2;15,152;0,6008;58,2275;3,8429;82,0313;
2026 02 03 08:01:25:342;0,318;13;2;15,152;0,6008;58,2275;3,8429;74,2188;
2026 02 03 08:01:25:344;0,318;13;2;15,152;0,6008;58,2275;3,8429;54,6875;
2026 02 03 08:01:25:346;0,318;13;2;15,152;0,6008;58,2275;3,8429;54,6875;
2026 02 03 08:01:25:348;0,318;13;2;15,152;0,6008;58,2275;3,8429;39,0625;
2026 02 03 08:01:25:350;0,318;13;2;15,152;0,6008;58,2275;3,8429;70,3125;
2026 02 03 08:01:25:352;0,318;13;2;15,152;0,6008;58,2275;3,8429;70,3125;
2026 02 03 08:01:25:354;0,318;13;2;15,152;0,6008;58,2275;3,8429;70,3125;
2026 02 03 08:01:25:356;0,318;13;2;15,152;0,6008;58,2275;3,8429;70,3125;
2026 02 03 08:01:25:358;0,318;13;2;15,152;0,6008;58,2275;3,8429;93,75;
2026 02 03 08:01:25:360;0,318;13;2;15,152;0,6008;58,2275;3,8429;93,75;
2026 02 03 08:01:25:362;0,318;13;2;15,152;0,6008;58,2275;3,8429;74,2188;
2026 02 03 08:01:25:364;0,318;13;2;15,152;0,6008;58,2275;3,8429;54,6875;
2026 02 03 08:01:25:366;0,318;13;2;15,152;0,6008;58,2275;3,8429;54,6875;
2026 02 03 08:01:25:368;0,318;13;2;15,152;0,6008;58,2275;3,8429;42,9688;
2026 02 03 08:01:25:370;0,318;13;2;15,152;0,6008;58,2275;3,8429;70,3125;
2026 02 03 08:01:25:372;0,318;13;2;15,152;0,6008;58,2275;3,8429;70,3125;
2026 02 03 08:01:25:374;0,318;13;2;15,152;0,6008;58,2275;3,8429;70,3125;
2026 02 03 08:01:25:376;0,318;13;2;15,152;0,6008;58,2275;3,8429;70,3125;
2026 02 03 08:01:25:378;0,318;13;2;15,152;0,6008;58,2275;3,8429;93,75;
2026 02 03 08:01:25:380;0,318;13;2;15,152;0,6008;58,2275;3,8429;82,0313;
2026 02 03 08:01:25:382;0,318;13;2;15,152;0,6008;58,2275;3,8429;74,2188;
2026 02 03 08:01:25:384;0,318;13;2;15,152;0,6008;58,2275;3,8429;54,6875;
2026 02 03 08:01:25:386;0,318;13;2;15,152;0,6008;58,2275;3,8429;54,6875;
2026 02 03 08:01:25:388;0,318;13;2;15,152;0,6008;58,2275;3,8429;35,1563;
2026 02 03 08:01:25:390;0,318;13;2;15,152;0,6008;58,2275;3,8429;70,3125;
2026 02 03 08:01:25:392;0,318;13;2;15,152;0,6008;58,2275;3,8429;70,3125;
2026 02 03 08:01:25:394;0,318;13;2;15,152;0,6008;58,2275;3,8429;70,3125;
2026 02 03 08:01:25:396;0,318;13;2;15,152;0,6008;58,2275;3,8429;70,3125;
2026 02 03 08:01:25:398;0,318;13;2;15,152;0,6008;58,2275;3,8429;93,75;
2026 02 03 08:01:25:400;0,318;13;2;15,152;0,6008;58,2275;3,8429;82,0313;
2026 02 03 08:01:25:402;0,318;13;2;15,152;0,6008;58,2275;3,8429;74,2188;
2026 02 03 08:01:25:404;0,318;13;2;15,152;0,6008;58,2275;3,8429;58,5938;
2026 02 03 08:01:25:406;0,318;13;2;15,152;0,6008;58,2275;3,8429;54,6875;
2026 02 03 08:01:25:408;0,318;13;2;15,152;0,6008;58,2275;3,8429;39,0625;
2026 02 03 08:01:25:410;0,318;13;2;15,152;0,6008;58,2275;3,8429;66,4063;
2026 02 03 08:01:25:412;0,318;13;2;15,152;0,6008;58,2275;3,8429;70,3125;
2026 02 03 08:01:25:414;0,318;13;2;15,152;0,6008;58,2275;3,8429;70,3125;
2026 02 03 08:01:25:416;0,318;13;2;15,152;0,6008;58,2275;3,8429;70,3125;
2026 02 03 08:01:25:418;0,318;13;2;15,152;0,6008;58,2275;3,8429;97,6563;
2026 02 03 08:01:25:420;0,318;13;2;15,152;0,6008;58,2275;3,8429;85,9375;
2026 02 03 08:01:25:422;0,318;13;2;15,152;0,6008;58,2275;3,8429;74,2188;
2026 02 03 08:01:25:424;0,318;13;2;15,152;0,6008;58,2275;3,8429;58,5938;
2026 02 03 08:01:25:426;0,318;13;2;15,152;0,6008;58,2275;3,8429;54,6875;
2026 02 03 08:01:25:428;0,318;13;2;15,152;0,6008;58,2275;3,8429;42,9688;
2026 02 03 08:01:25:430;0,318;13;2;15,152;0,6008;58,2275;3,8429;70,3125;
2026 02 03 08:01:25:432;0,318;13;2;15,152;0,6008;58,2275;3,8429;70,3125;
2026 02 03 08:01:25:434;0,318;13;2;15,152;0,6008;58,2275;3,8429;70,3125;
2026 02 03 08:01:25:436;0,318;13;2;15,152;0,6008;58,2275;3,8429;70,3125;
2026 02 03 08:01:25:438;0,318;13;2;15,152;0,6008;58,2275;3,8429;97,6563;
2026 02 03 08:01:25:440;0,318;13;2;15,152;0,6008;58,2275;3,8429;82,0313;
2026 02 03 08:01:25:442;0,318;13;2;15,152;0,6008;58,2275;3,8429;70,3125;
2026 02 03 08:01:25:444;0,318;13;2;15,152;0,6008;58,2275;3,8429;50,7813;
2026 02 03 08:01:25:446;0,318;13;2;15,152;0,6008;58,2275;3,8429;58,5938;
2026 02 03 08:01:25:448;0,318;13;2;15,152;0,6008;58,2275;3,8429;42,9688;
2026 02 03 08:01:25:450;0,318;13;2;15,152;0,6008;58,2275;3,8429;70,3125;
2026 02 03 08:01:25:452;0,318;13;2;15,152;0,6008;58,2275;3,8429;70,3125;
2026 02 03 08:01:25:454;0,318;13;2;15,152;0,6008;58,2275;3,8429;70,3125;
2026 02 03 08:01:25:456;0,318;13;2;15,152;0,6008;58,2275;3,8429;70,3125;
2026 02 03 08:01:25:458;0,318;13;2;15,152;0,6008;58,2275;3,8429;97,6563;
2026 02 03 08:01:25:460;0,318;13;2;15,152;0,6008;58,2275;3,8429;89,8438;
2026 02 03 08:01:25:462;0,318;13;2;15,152;0,6008;58,2275;3,8429;74,2188;
2026 02 03 08:01:25:464;0,318;13;2;15,152;0,6008;58,2275;3,8429;54,6875;
2026 02 03 08:01:25:466;0,318;13;2;15,152;0,6008;58,2275;3,8429;54,6875;
2026 02 03 08:01:25:468;0,318;13;2;15,152;0,6008;58,2275;3,8429;42,9688;
2026 02 03 08:01:25:470;0,318;13;2;15,152;0,6008;58,2275;3,8429;70,3125;
2026 02 03 08:01:25:472;0,318;13;2;15,152;0,6008;58,2275;3,8429;70,3125;
2026 02 03 08:01:25:474;0,318;13;2;15,152;0,6008;58,2275;3,8429;70,3125;
2026 02 03 08:01:25:476;0,318;13;2;15,152;0,6008;58,2275;3,8429;70,3125;
2026 02 03 08:01:25:478;0,318;13;2;15,152;0,6008;58,2275;3,8429;97,6563;
2026 02 03 08:01:25:480;0,318;13;2;15,152;0,6008;58,2275;3,8429;85,9375;
2026 02 03 08:01:25:482;0,318;13;2;15,152;0,6008;58,2275;3,8429;74,2188;
2026 02 03 08:01:25:484;0,318;13;2;15,152;0,6008;58,2275;3,8429;54,6875;
2026 02 03 08:01:25:486;0,318;13;2;15,152;0,6008;58,2275;3,8429;54,6875;
2026 02 03 08:01:25:488;0,318;13;2;15,152;0,6008;58,2275;3,8429;42,9688;
2026 02 03 08:01:25:490;0,318;13;2;15,152;0,6008;58,2275;3,8429;70,3125;
2026 02 03 08:01:25:492;0,318;13;2;15,152;0,6008;58,2275;3,8429;70,3125;
2026 02 03 08:01:25:494;0,318;13;2;15,152;0,6008;58,2275;3,8429;70,3125;
2026 02 03 08:01:25:496;0,318;13;2;15,152;0,6008;58,2275;3,8429;70,3125;
2026 02 03 08:01:25:498;0,318;13;2;15,152;0,6008;58,2275;3,8429;93,75;
2026 02 03 08:01:25:500;0,318;13;2;15,152;0,6008;58,2275;3,8429;85,9375;
2026 02 03 08:01:25:502;0,318;13;2;15,152;0,6008;58,2275;3,8429;74,2188;
2026 02 03 08:01:25:504;0,318;13;2;15,152;0,6008;58,2275;3,8429;58,5938;
2026 02 03 08:01:25:506;0,318;13;2;15,152;0,6008;58,2275;3,8429;58,5938;
2026 02 03 08:01:25:508;0,318;13;2;15,152;0,6008;58,2275;3,8429;42,9688;
2026 02 03 08:01:25:510;0,318;13;2;15,152;0,6008;58,2275;3,8429;70,3125;
2026 02 03 08:01:25:512;0,318;13;2;15,152;0,6008;58,2275;3,8429;70,3125;
2026 02 03 08:01:25:514;0,318;13;2;15,152;0,6008;58,2275;3,8429;70,3125;
2026 02 03 08:01:25:516;0,318;13;2;15,152;0,6008;58,2275;3,8429;70,3125;
2026 02 03 08:01:25:518;0,318;13;2;15,152;0,6008;58,2275;3,8429;93,75;
2026 02 03 08:01:25:520;0,318;13;2;15,152;0,6008;58,2275;3,8429;82,0313;
2026 02 03 08:01:25:522;0,318;13;2;15,152;0,6008;58,2275;3,8429;74,2188;
2026 02 03 08:01:25:524;0,318;13;2;15,152;0,6008;58,2275;3,8429;54,6875;
2026 02 03 08:01:25:526;0,318;13;2;15,152;0,6008;58,2275;3,8429;54,6875;
2026 02 03 08:01:25:528;0,318;13;2;15,152;0,6008;58,2275;3,8429;42,9688;
2026 02 03 08:01:25:530;0,318;13;2;15,152;0,6008;58,2275;3,8429;70,3125;
2026 02 03 08:01:25:532;0,318;13;2;15,152;0,6008;58,2275;3,8429;70,3125;
2026 02 03 08:01:25:534;0,318;13;2;15,152;0,6008;58,2275;3,8429;70,3125;
2026 02 03 08:01:25:536;0,318;13;2;15,152;0,6008;58,2275;3,8429;70,3125;
2026 02 03 08:01:25:538;0,318;13;2;15,152;0,6008;58,2275;3,8429;97,6563;
2026 02 03 08:01:25:540;0,318;13;2;15,152;0,6008;58,2275;3,8429;82,0313;
2026 02 03 08:01:25:542;0,318;13;2;15,152;0,6008;58,2275;3,8429;70,3125;
2026 02 03 08:01:25:544;0,318;13;2;15,152;0,6008;58,2275;3,8429;50,7813;
2026 02 03 08:01:25:546;0,318;13;2;15,152;0,6008;58,2275;3,8429;54,6875;
2026 02 03 08:01:25:548;0,318;13;2;15,152;0,6008;58,2275;3,8429;46,875;
2026 02 03 08:01:25:550;0,318;13;2;15,152;0,6008;58,2275;3,8429;70,3125;
2026 02 03 08:01:25:552;0,318;13;2;15,152;0,6008;58,2275;3,8429;70,3125;
2026 02 03 08:01:25:554;0,318;13;2;15,152;0,6008;58,2275;3,8429;70,3125;
2026 02 03 08:01:25:556;0,318;13;2;15,152;0,6008;58,2275;3,8429;70,3125;
2026 02 03 08:01:25:558;0,318;13;2;15,152;0,6008;58,2275;3,8429;97,6563;
2026 02 03 08:01:25:560;0,318;13;2;15,152;0,6008;58,2275;3,8429;85,9375;
2026 02 03 08:01:25:562;0,318;13;2;15,152;0,6008;58,2275;3,8429;74,2188;
2026 02 03 08:01:25:564;0,318;13;2;15,152;0,6008;58,2275;3,8429;54,6875;
2026 02 03 08:01:25:566;0,318;13;2;15,152;0,6008;58,2275;3,8429;58,5938;
2026 02 03 08:01:25:568;0,318;13;2;15,152;0,6008;58,2275;3,8429;39,0625;
2026 02 03 08:01:25:570;0,318;13;2;15,152;0,6008;58,2275;3,8429;70,3125;
2026 02 03 08:01:25:572;0,318;13;2;15,152;0,6008;58,2275;3,8429;74,2188;
2026 02 03 08:01:25:574;0,318;13;2;15,152;0,6008;58,2275;3,8429;70,3125;
2026 02 03 08:01:25:576;0,318;13;2;15,152;0,6008;58,2275;3,8429;70,3125;
2026 02 03 08:01:25:578;0,318;13;2;15,152;0,6008;58,2275;3,8429;97,6563;
2026 02 03 08:01:25:580;0,313;13;2;13,8855;0,9135;53,1311;3,8264;85,9375;
2026 02 03 08:01:25:582;0,313;13;2;13,8855;0,9135;53,1311;3,8264;70,3125;
2026 02 03 08:01:25:584;0,313;13;2;13,8855;0,9135;53,1311;3,8264;50,7813;
2026 02 03 08:01:25:586;0,313;13;2;13,8855;0,9135;53,1311;3,8264;58,5938;
2026 02 03 08:01:25:588;0,313;13;2;13,8855;0,9135;53,1311;3,8264;46,875;
2026 02 03 08:01:25:590;0,313;13;2;13,8855;0,9135;53,1311;3,8264;70,3125;
2026 02 03 08:01:25:592;0,313;13;2;13,8855;0,9135;53,1311;3,8264;74,2188;
2026 02 03 08:01:25:594;0,313;13;2;13,8855;0,9135;53,1311;3,8264;70,3125;
2026 02 03 08:01:25:596;0,313;13;2;13,8855;0,9135;53,1311;3,8264;70,3125;
2026 02 03 08:01:25:598;0,313;13;2;13,8855;0,9135;53,1311;3,8264;97,6563;
2026 02 03 08:01:25:600;0,313;13;2;13,8855;0,9135;53,1311;3,8264;93,75;
2026 02 03 08:01:25:602;0,313;13;2;13,8855;0,9135;53,1311;3,8264;74,2188;
2026 02 03 08:01:25:604;0,313;13;2;13,8855;0,9135;53,1311;3,8264;58,5938;
2026 02 03 08:01:25:606;0,313;13;2;13,8855;0,9135;53,1311;3,8264;58,5938;
2026 02 03 08:01:25:608;0,313;13;2;13,8855;0,9135;53,1311;3,8264;46,875;
2026 02 03 08:01:25:610;0,313;13;2;13,8855;0,9135;53,1311;3,8264;70,3125;
2026 02 03 08:01:25:612;0,313;13;2;13,8855;0,9135;53,1311;3,8264;70,3125;
2026 02 03 08:01:25:614;0,313;13;2;13,8855;0,9135;53,1311;3,8264;70,3125;
2026 02 03 08:01:25:616;0,313;13;2;13,8855;0,9135;53,1311;3,8264;70,3125;
2026 02 03 08:01:25:618;0,313;13;2;13,8855;0,9135;53,1311;3,8264;97,6563;
2026 02 03 08:01:25:620;0,313;13;2;13,8855;0,9135;53,1311;3,8264;85,9375;
2026 02 03 08:01:25:622;0,313;13;2;13,8855;0,9135;53,1311;3,8264;74,2188;
2026 02 03 08:01:25:624;0,313;13;2;13,8855;0,9135;53,1311;3,8264;54,6875;
2026 02 03 08:01:25:626;0,313;13;2;13,8855;0,9135;53,1311;3,8264;58,5938;
2026 02 03 08:01:25:628;0,313;13;2;13,8855;0,9135;53,1311;3,8264;46,875;
2026 02 03 08:01:25:630;0,313;13;2;13,8855;0,9135;53,1311;3,8264;70,3125;
2026 02 03 08:01:25:632;0,313;13;2;13,8855;0,9135;53,1311;3,8264;70,3125;
2026 02 03 08:01:25:634;0,313;13;2;13,8855;0,9135;53,1311;3,8264;70,3125;
2026 02 03 08:01:25:636;0,313;13;2;13,8855;0,9135;53,1311;3,8264;70,3125;
2026 02 03 08:01:25:638;0,313;13;2;13,8855;0,9135;53,1311;3,8264;97,6563;
2026 02 03 08:01:25:640;0,313;13;2;13,8855;0,9135;53,1311;3,8264;82,0313;
2026 02 03 08:01:25:642;0,313;13;2;13,8855;0,9135;53,1311;3,8264;74,2188;
2026 02 03 08:01:25:644;0,313;13;2;13,8855;0,9135;53,1311;3,8264;58,5938;
2026 02 03 08:01:25:646;0,313;13;2;13,8855;0,9135;53,1311;3,8264;58,5938;
2026 02 03 08:01:25:648;0,313;13;2;13,8855;0,9135;53,1311;3,8264;42,9688;
2026 02 03 08:01:25:650;0,313;13;2;13,8855;0,9135;53,1311;3,8264;70,3125;
2026 02 03 08:01:25:652;0,313;13;2;13,8855;0,9135;53,1311;3,8264;70,3125;
2026 02 03 08:01:25:654;0,313;13;2;13,8855;0,9135;53,1311;3,8264;66,4063;
2026 02 03 08:01:25:656;0,313;13;2;13,8855;0,9135;53,1311;3,8264;70,3125;
2026 02 03 08:01:25:658;0,313;13;2;13,8855;0,9135;53,1311;3,8264;97,6563;
2026 02 03 08:01:25:660;0,313;13;2;13,8855;0,9135;53,1311;3,8264;82,0313;
2026 02 03 08:01:25:662;0,313;13;2;13,8855;0,9135;53,1311;3,8264;74,2188;
2026 02 03 08:01:25:664;0,313;13;2;13,8855;0,9135;53,1311;3,8264;58,5938;
2026 02 03 08:01:25:666;0,313;13;2;13,8855;0,9135;53,1311;3,8264;58,5938;
2026 02 03 08:01:25:668;0,313;13;2;13,8855;0,9135;53,1311;3,8264;50,7813;
2026 02 03 08:01:25:670;0,313;13;2;13,8855;0,9135;53,1311;3,8264;70,3125;
2026 02 03 08:01:25:672;0,313;13;2;13,8855;0,9135;53,1311;3,8264;70,3125;
2026 02 03 08:01:25:674;0,313;13;2;13,8855;0,9135;53,1311;3,8264;70,3125;
2026 02 03 08:01:25:676;0,313;13;2;13,8855;0,9135;53,1311;3,8264;70,3125;
2026 02 03 08:01:25:678;0,313;13;2;13,8855;0,9135;53,1311;3,8264;97,6563;
2026 02 03 08:01:25:680;0,313;13;2;13,8855;0,9135;53,1311;3,8264;82,0313;
2026 02 03 08:01:25:682;0,313;13;2;13,8855;0,9135;53,1311;3,8264;70,3125;
2026 02 03 08:01:25:684;0,313;13;2;13,8855;0,9135;53,1311;3,8264;54,6875;
2026 02 03 08:01:25:686;0,313;13;2;13,8855;0,9135;53,1311;3,8264;54,6875;
2026 02 03 08:01:25:688;0,313;13;2;13,8855;0,9135;53,1311;3,8264;50,7813;
2026 02 03 08:01:25:690;0,313;13;2;13,8855;0,9135;53,1311;3,8264;70,3125;
2026 02 03 08:01:25:692;0,313;13;2;13,8855;0,9135;53,1311;3,8264;70,3125;
2026 02 03 08:01:25:694;0,313;13;2;13,8855;0,9135;53,1311;3,8264;70,3125;
2026 02 03 08:01:25:696;0,313;13;2;13,8855;0,9135;53,1311;3,8264;70,3125;
2026 02 03 08:01:25:698;0,313;13;2;13,8855;0,9135;53,1311;3,8264;97,6563;
2026 02 03 08:01:25:700;0,313;13;2;13,8855;0,9135;53,1311;3,8264;93,75;
2026 02 03 08:01:25:702;0,313;13;2;13,8855;0,9135;53,1311;3,8264;74,2188;
2026 02 03 08:01:25:704;0,313;13;2;13,8855;0,9135;53,1311;3,8264;54,6875;
2026 02 03 08:01:25:706;0,313;13;2;13,8855;0,9135;53,1311;3,8264;58,5938;
2026 02 03 08:01:25:708;0,313;13;2;13,8855;0,9135;53,1311;3,8264;50,7813;
2026 02 03 08:01:25:710;0,313;13;2;13,8855;0,9135;53,1311;3,8264;70,3125;
2026 02 03 08:01:25:712;0,313;13;2;13,8855;0,9135;53,1311;3,8264;70,3125;
2026 02 03 08:01:25:714;0,313;13;2;13,8855;0,9135;53,1311;3,8264;70,3125;
2026 02 03 08:01:25:716;0,313;13;2;13,8855;0,9135;53,1311;3,8264;70,3125;
2026 02 03 08:01:25:718;0,313;13;2;13,8855;0,9135;53,1311;3,8264;97,6563;
2026 02 03 08:01:25:720;0,313;13;2;13,8855;0,9135;53,1311;3,8264;82,0313;
2026 02 03 08:01:25:722;0,313;13;2;13,8855;0,9135;53,1311;3,8264;74,2188;
2026 02 03 08:01:25:724;0,313;13;2;13,8855;0,9135;53,1311;3,8264;58,5938;
2026 02 03 08:01:25:726;0,313;13;2;13,8855;0,9135;53,1311;3,8264;54,6875;
2026 02 03 08:01:25:728;0,313;13;2;13,8855;0,9135;53,1311;3,8264;50,7813;
2026 02 03 08:01:25:730;0,313;13;2;13,8855;0,9135;53,1311;3,8264;70,3125;
2026 02 03 08:01:25:732;0,313;13;2;13,8855;0,9135;53,1311;3,8264;70,3125;
2026 02 03 08:01:25:734;0,313;13;2;13,8855;0,9135;53,1311;3,8264;70,3125;
2026 02 03 08:01:25:736;0,313;13;2;13,8855;0,9135;53,1311;3,8264;70,3125;
2026 02 03 08:01:25:738;0,313;13;2;13,8855;0,9135;53,1311;3,8264;97,6563;
2026 02 03 08:01:25:740;0,313;13;2;13,8855;0,9135;53,1311;3,8264;82,0313;
2026 02 03 08:01:25:742;0,313;13;2;13,8855;0,9135;53,1311;3,8264;70,3125;
2026 02 03 08:01:25:744;0,313;13;2;13,8855;0,9135;53,1311;3,8264;58,5938;
2026 02 03 08:01:25:746;0,313;13;2;13,8855;0,9135;53,1311;3,8264;58,5938;
2026 02 03 08:01:25:748;0,313;13;2;13,8855;0,9135;53,1311;3,8264;46,875;
2026 02 03 08:01:25:750;0,313;13;2;13,8855;0,9135;53,1311;3,8264;70,3125;
2026 02 03 08:01:25:752;0,313;13;2;13,8855;0,9135;53,1311;3,8264;70,3125;
2026 02 03 08:01:25:754;0,313;13;2;13,8855;0,9135;53,1311;3,8264;70,3125;
2026 02 03 08:01:25:756;0,313;13;2;13,8855;0,9135;53,1311;3,8264;70,3125;
2026 02 03 08:01:25:758;0,313;13;2;13,8855;0,9135;53,1311;3,8264;101,5625;
2026 02 03 08:01:25:760;0,313;13;2;13,8855;0,9135;53,1311;3,8264;82,0313;
2026 02 03 08:01:25:762;0,313;13;2;13,8855;0,9135;53,1311;3,8264;74,2188;
2026 02 03 08:01:25:764;0,313;13;2;13,8855;0,9135;53,1311;3,8264;58,5938;
2026 02 03 08:01:25:766;0,313;13;2;13,8855;0,9135;53,1311;3,8264;58,5938;
2026 02 03 08:01:25:768;0,313;13;2;13,8855;0,9135;53,1311;3,8264;50,7813;
2026 02 03 08:01:25:770;0,313;13;2;13,8855;0,9135;53,1311;3,8264;70,3125;
2026 02 03 08:01:25:772;0,313;13;2;13,8855;0,9135;53,1311;3,8264;66,4063;
2026 02 03 08:01:25:774;0,313;13;2;13,8855;0,9135;53,1311;3,8264;66,4063;
2026 02 03 08:01:25:776;0,313;13;2;13,8855;0,9135;53,1311;3,8264;70,3125;
2026 02 03 08:01:25:778;0,313;13;2;13,8855;0,9135;53,1311;3,8264;97,6563;
2026 02 03 08:01:25:780;0,313;13;2;13,8855;0,9135;53,1311;3,8264;78,125;
2026 02 03 08:01:25:782;0,313;13;2;13,8855;0,9135;53,1311;3,8264;70,3125;
2026 02 03 08:01:25:784;0,313;13;2;13,8855;0,9135;53,1311;3,8264;50,7813;
2026 02 03 08:01:25:786;0,313;13;2;13,8855;0,9135;53,1311;3,8264;54,6875;
2026 02 03 08:01:25:788;0,313;13;2;13,8855;0,9135;53,1311;3,8264;46,875;
2026 02 03 08:01:25:790;0,313;13;2;13,8855;0,9135;53,1311;3,8264;70,3125;
2026 02 03 08:01:25:792;0,313;13;2;13,8855;0,9135;53,1311;3,8264;70,3125;
2026 02 03 08:01:25:794;0,313;13;2;13,8855;0,9135;53,1311;3,8264;70,3125;
2026 02 03 08:01:25:796;0,313;13;2;13,8855;0,9135;53,1311;3,8264;70,3125;
2026 02 03 08:01:25:798;0,313;13;2;13,8855;0,9135;53,1311;3,8264;97,6563;
2026 02 03 08:01:25:800;0,313;13;2;13,8855;0,9135;53,1311;3,8264;85,9375;
2026 02 03 08:01:25:802;0,313;13;2;13,8855;0,9135;53,1311;3,8264;74,2188;
2026 02 03 08:01:25:804;0,313;13;2;13,8855;0,9135;53,1311;3,8264;54,6875;
2026 02 03 08:01:25:806;0,313;13;2;13,8855;0,9135;53,1311;3,8264;58,5938;
2026 02 03 08:01:25:808;0,313;13;2;13,8855;0,9135;53,1311;3,8264;50,7813;
2026 02 03 08:01:25:810;0,313;13;2;13,8855;0,9135;53,1311;3,8264;70,3125;
2026 02 03 08:01:25:812;0,313;13;2;13,8855;0,9135;53,1311;3,8264;70,3125;
2026 02 03 08:01:25:814;0,313;13;2;13,8855;0,9135;53,1311;3,8264;66,4063;
2026 02 03 08:01:25:816;0,313;13;2;13,8855;0,9135;53,1311;3,8264;70,3125;
2026 02 03 08:01:25:818;0,313;13;2;13,8855;0,9135;53,1311;3,8264;97,6563;
2026 02 03 08:01:25:820;0,313;13;2;13,8855;0,9135;53,1311;3,8264;82,0313;
2026 02 03 08:01:25:822;0,313;13;2;13,8855;0,9135;53,1311;3,8264;70,3125;
2026 02 03 08:01:25:824;0,313;13;2;13,8855;0,9135;53,1311;3,8264;54,6875;
2026 02 03 08:01:25:826;0,313;13;2;13,8855;0,9135;53,1311;3,8264;54,6875;
2026 02 03 08:01:25:828;0,313;13;2;13,8855;0,9135;53,1311;3,8264;46,875;
2026 02 03 08:01:25:830;0,313;13;2;13,8855;0,9135;53,1311;3,8264;70,3125;
2026 02 03 08:01:25:832;0,313;13;2;13,8855;0,9135;53,1311;3,8264;70,3125;
2026 02 03 08:01:25:834;0,313;13;2;13,8855;0,9135;53,1311;3,8264;70,3125;
2026 02 03 08:01:25:836;0,313;13;2;13,8855;0,9135;53,1311;3,8264;70,3125;
2026 02 03 08:01:25:838;0,313;13;2;13,8855;0,9135;53,1311;3,8264;97,6563;
2026 02 03 08:01:25:840;0,313;13;2;13,8855;0,9135;53,1311;3,8264;89,8438;
2026 02 03 08:01:25:842;0,313;13;2;13,8855;0,9135;53,1311;3,8264;70,3125;
2026 02 03 08:01:25:844;0,313;13;2;13,8855;0,9135;53,1311;3,8264;58,5938;
2026 02 03 08:01:25:846;0,313;13;2;13,8855;0,9135;53,1311;3,8264;58,5938;
2026 02 03 08:01:25:848;0,313;13;2;13,8855;0,9135;53,1311;3,8264;50,7813;
2026 02 03 08:01:25:850;0,313;13;2;13,8855;0,9135;53,1311;3,8264;66,4063;
2026 02 03 08:01:25:852;0,313;13;2;13,8855;0,9135;53,1311;3,8264;70,3125;
2026 02 03 08:01:25:854;0,313;13;2;13,8855;0,9135;53,1311;3,8264;70,3125;
2026 02 03 08:01:25:856;0,313;13;2;13,8855;0,9135;53,1311;3,8264;70,3125;
2026 02 03 08:01:25:858;0,313;13;2;13,8855;0,9135;53,1311;3,8264;97,6563;
2026 02 03 08:01:25:860;0,313;13;2;13,8855;0,9135;53,1311;3,8264;82,0313;
2026 02 03 08:01:25:862;0,313;13;2;13,8855;0,9135;53,1311;3,8264;74,2188;
2026 02 03 08:01:25:864;0,313;13;2;13,8855;0,9135;53,1311;3,8264;54,6875;
2026 02 03 08:01:25:866;0,313;13;2;13,8855;0,9135;53,1311;3,8264;58,5938;
2026 02 03 08:01:25:868;0,313;13;2;13,8855;0,9135;53,1311;3,8264;50,7813;
2026 02 03 08:01:25:870;0,313;13;2;13,8855;0,9135;53,1311;3,8264;70,3125;
2026 02 03 08:01:25:872;0,313;13;2;13,8855;0,9135;53,1311;3,8264;70,3125;
2026 02 03 08:01:25:874;0,313;13;2;13,8855;0,9135;53,1311;3,8264;70,3125;
2026 02 03 08:01:25:876;0,313;13;2;13,8855;0,9135;53,1311;3,8264;70,3125;
2026 02 03 08:01:25:878;0,313;13;2;13,8855;0,9135;53,1311;3,8264;97,6563;
2026 02 03 08:01:25:880;0,314;13;2;13,5193;0,9992;50,0031;3,6986;78,125;
2026 02 03 08:01:25:882;0,314;13;2;13,5193;0,9992;50,0031;3,6986;70,3125;
2026 02 03 08:01:25:884;0,314;13;2;13,5193;0,9992;50,0031;3,6986;58,5938;
2026 02 03 08:01:25:886;0,314;13;2;13,5193;0,9992;50,0031;3,6986;58,5938;
2026 02 03 08:01:25:888;0,314;13;2;13,5193;0,9992;50,0031;3,6986;54,6875;
2026 02 03 08:01:25:890;0,314;13;2;13,5193;0,9992;50,0031;3,6986;70,3125;
2026 02 03 08:01:25:892;0,314;13;2;13,5193;0,9992;50,0031;3,6986;70,3125;
2026 02 03 08:01:25:894;0,314;13;2;13,5193;0,9992;50,0031;3,6986;70,3125;
2026 02 03 08:01:25:896;0,314;13;2;13,5193;0,9992;50,0031;3,6986;70,3125;
2026 02 03 08:01:25:898;0,314;13;2;13,5193;0,9992;50,0031;3,6986;93,75;
2026 02 03 08:01:25:900;0,314;13;2;13,5193;0,9992;50,0031;3,6986;82,0313;
2026 02 03 08:01:25:902;0,314;13;2;13,5193;0,9992;50,0031;3,6986;74,2188;
2026 02 03 08:01:25:904;0,314;13;2;13,5193;0,9992;50,0031;3,6986;58,5938;
2026 02 03 08:01:25:906;0,314;13;2;13,5193;0,9992;50,0031;3,6986;58,5938;
2026 02 03 08:01:25:908;0,314;13;2;13,5193;0,9992;50,0031;3,6986;54,6875;
2026 02 03 08:01:25:910;0,314;13;2;13,5193;0,9992;50,0031;3,6986;70,3125;
2026 02 03 08:01:25:912;0,314;13;2;13,5193;0,9992;50,0031;3,6986;70,3125;
2026 02 03 08:01:25:914;0,314;13;2;13,5193;0,9992;50,0031;3,6986;66,4063;
2026 02 03 08:01:25:916;0,314;13;2;13,5193;0,9992;50,0031;3,6986;70,3125;
2026 02 03 08:01:25:918;0,314;13;2;13,5193;0,9992;50,0031;3,6986;93,75;
2026 02 03 08:01:25:920;0,314;13;2;13,5193;0,9992;50,0031;3,6986;82,0313;
2026 02 03 08:01:25:922;0,314;13;2;13,5193;0,9992;50,0031;3,6986;70,3125;
2026 02 03 08:01:25:924;0,314;13;2;13,5193;0,9992;50,0031;3,6986;54,6875;
2026 02 03 08:01:25:926;0,314;13;2;13,5193;0,9992;50,0031;3,6986;58,5938;
2026 02 03 08:01:25:928;0,314;13;2;13,5193;0,9992;50,0031;3,6986;54,6875;
2026 02 03 08:01:25:930;0,314;13;2;13,5193;0,9992;50,0031;3,6986;66,4063;
2026 02 03 08:01:25:932;0,314;13;2;13,5193;0,9992;50,0031;3,6986;70,3125;
2026 02 03 08:01:25:934;0,314;13;2;13,5193;0,9992;50,0031;3,6986;66,4063;
2026 02 03 08:01:25:936;0,314;13;2;13,5193;0,9992;50,0031;3,6986;70,3125;
2026 02 03 08:01:25:938;0,314;13;2;13,5193;0,9992;50,0031;3,6986;93,75;
2026 02 03 08:01:25:940;0,314;13;2;13,5193;0,9992;50,0031;3,6986;89,8438;
2026 02 03 08:01:25:942;0,314;13;2;13,5193;0,9992;50,0031;3,6986;70,3125;
2026 02 03 08:01:25:944;0,314;13;2;13,5193;0,9992;50,0031;3,6986;54,6875;
2026 02 03 08:01:25:946;0,314;13;2;13,5193;0,9992;50,0031;3,6986;58,5938;
2026 02 03 08:01:25:948;0,314;13;2;13,5193;0,9992;50,0031;3,6986;54,6875;
2026 02 03 08:01:25:950;0,314;13;2;13,5193;0,9992;50,0031;3,6986;70,3125;
2026 02 03 08:01:25:952;0,314;13;2;13,5193;0,9992;50,0031;3,6986;70,3125;
2026 02 03 08:01:25:954;0,314;13;2;13,5193;0,9992;50,0031;3,6986;70,3125;
2026 02 03 08:01:25:956;0,314;13;2;13,5193;0,9992;50,0031;3,6986;70,3125;
2026 02 03 08:01:25:958;0,314;13;2;13,5193;0,9992;50,0031;3,6986;93,75;
2026 02 03 08:01:25:960;0,314;13;2;13,5193;0,9992;50,0031;3,6986;78,125;
2026 02 03 08:01:25:962;0,314;13;2;13,5193;0,9992;50,0031;3,6986;74,2188;
2026 02 03 08:01:25:964;0,314;13;2;13,5193;0,9992;50,0031;3,6986;54,6875;
2026 02 03 08:01:25:966;0,314;13;2;13,5193;0,9992;50,0031;3,6986;58,5938;
2026 02 03 08:01:25:968;0,314;13;2;13,5193;0,9992;50,0031;3,6986;50,7813;
2026 02 03 08:01:25:970;0,314;13;2;13,5193;0,9992;50,0031;3,6986;70,3125;
2026 02 03 08:01:25:972;0,314;13;2;13,5193;0,9992;50,0031;3,6986;66,4063;
2026 02 03 08:01:25:974;0,314;13;2;13,5193;0,9992;50,0031;3,6986;70,3125;
2026 02 03 08:01:25:976;0,314;13;2;13,5193;0,9992;50,0031;3,6986;70,3125;
2026 02 03 08:01:25:978;0,314;13;2;13,5193;0,9992;50,0031;3,6986;89,8438;
2026 02 03 08:01:25:980;0,314;13;2;13,5193;0,9992;50,0031;3,6986;78,125;
2026 02 03 08:01:25:982;0,314;13;2;13,5193;0,9992;50,0031;3,6986;70,3125;
2026 02 03 08:01:25:984;0,314;13;2;13,5193;0,9992;50,0031;3,6986;58,5938;
2026 02 03 08:01:25:986;0,314;13;2;13,5193;0,9992;50,0031;3,6986;58,5938;
2026 02 03 08:01:25:988;0,314;13;2;13,5193;0,9992;50,0031;3,6986;54,6875;
2026 02 03 08:01:25:990;0,314;13;2;13,5193;0,9992;50,0031;3,6986;66,4063;
2026 02 03 08:01:25:992;0,314;13;2;13,5193;0,9992;50,0031;3,6986;66,4063;
2026 02 03 08:01:25:994;0,314;13;2;13,5193;0,9992;50,0031;3,6986;66,4063;
2026 02 03 08:01:25:996;0,314;13;2;13,5193;0,9992;50,0031;3,6986;70,3125;
2026 02 03 08:01:25:998;0,314;13;2;13,5193;0,9992;50,0031;3,6986;93,75;
2026 02 03 08:01:26:000;0,314;13;2;13,5193;0,9992;50,0031;3,6986;82,0313;
2026 02 03 08:01:26:002;0,314;13;2;13,5193;0,9992;50,0031;3,6986;70,3125;
2026 02 03 08:01:26:004;0,314;13;2;13,5193;0,9992;50,0031;3,6986;58,5938;
2026 02 03 08:01:26:006;0,314;13;2;13,5193;0,9992;50,0031;3,6986;54,6875;
2026 02 03 08:01:26:008;0,314;13;2;13,5193;0,9992;50,0031;3,6986;50,7813;
2026 02 03 08:01:26:010;0,314;13;2;13,5193;0,9992;50,0031;3,6986;66,4063;
2026 02 03 08:01:26:012;0,314;13;2;13,5193;0,9992;50,0031;3,6986;70,3125;
2026 02 03 08:01:26:014;0,314;13;2;13,5193;0,9992;50,0031;3,6986;66,4063;
2026 02 03 08:01:26:016;0,314;13;2;13,5193;0,9992;50,0031;3,6986;70,3125;
2026 02 03 08:01:26:018;0,314;13;2;13,5193;0,9992;50,0031;3,6986;93,75;
2026 02 03 08:01:26:020;0,314;13;2;13,5193;0,9992;50,0031;3,6986;78,125;
2026 02 03 08:01:26:022;0,314;13;2;13,5193;0,9992;50,0031;3,6986;70,3125;
2026 02 03 08:01:26:024;0,314;13;2;13,5193;0,9992;50,0031;3,6986;54,6875;
2026 02 03 08:01:26:026;0,314;13;2;13,5193;0,9992;50,0031;3,6986;54,6875;
2026 02 03 08:01:26:028;0,314;13;2;13,5193;0,9992;50,0031;3,6986;54,6875;
2026 02 03 08:01:26:030;0,314;13;2;13,5193;0,9992;50,0031;3,6986;66,4063;
2026 02 03 08:01:26:032;0,314;13;2;13,5193;0,9992;50,0031;3,6986;66,4063;
2026 02 03 08:01:26:034;0,314;13;2;13,5193;0,9992;50,0031;3,6986;66,4063;
2026 02 03 08:01:26:036;0,314;13;2;13,5193;0,9992;50,0031;3,6986;70,3125;
2026 02 03 08:01:26:038;0,314;13;2;13,5193;0,9992;50,0031;3,6986;93,75;
2026 02 03 08:01:26:040;0,314;13;2;13,5193;0,9992;50,0031;3,6986;85,9375;
2026 02 03 08:01:26:042;0,314;13;2;13,5193;0,9992;50,0031;3,6986;70,3125;
2026 02 03 08:01:26:044;0,314;13;2;13,5193;0,9992;50,0031;3,6986;54,6875;
2026 02 03 08:01:26:046;0,314;13;2;13,5193;0,9992;50,0031;3,6986;58,5938;
2026 02 03 08:01:26:048;0,314;13;2;13,5193;0,9992;50,0031;3,6986;54,6875;
2026 02 03 08:01:26:050;0,314;13;2;13,5193;0,9992;50,0031;3,6986;66,4063;
2026 02 03 08:01:26:052;0,314;13;2;13,5193;0,9992;50,0031;3,6986;70,3125;
2026 02 03 08:01:26:054;0,314;13;2;13,5193;0,9992;50,0031;3,6986;66,4063;
2026 02 03 08:01:26:056;0,314;13;2;13,5193;0,9992;50,0031;3,6986;66,4063;
2026 02 03 08:01:26:058;0,314;13;2;13,5193;0,9992;50,0031;3,6986;93,75;
2026 02 03 08:01:26:060;0,314;13;2;13,5193;0,9992;50,0031;3,6986;78,125;
2026 02 03 08:01:26:062;0,314;13;2;13,5193;0,9992;50,0031;3,6986;70,3125;
2026 02 03 08:01:26:064;0,314;13;2;13,5193;0,9992;50,0031;3,6986;54,6875;
2026 02 03 08:01:26:066;0,314;13;2;13,5193;0,9992;50,0031;3,6986;58,5938;
2026 02 03 08:01:26:068;0,314;13;2;13,5193;0,9992;50,0031;3,6986;54,6875;
2026 02 03 08:01:26:070;0,314;13;2;13,5193;0,9992;50,0031;3,6986;66,4063;
2026 02 03 08:01:26:072;0,314;13;2;13,5193;0,9992;50,0031;3,6986;70,3125;
2026 02 03 08:01:26:074;0,314;13;2;13,5193;0,9992;50,0031;3,6986;66,4063;
2026 02 03 08:01:26:076;0,314;13;2;13,5193;0,9992;50,0031;3,6986;66,4063;
2026 02 03 08:01:26:078;0,314;13;2;13,5193;0,9992;50,0031;3,6986;93,75;
2026 02 03 08:01:26:080;0,314;13;2;13,5193;0,9992;50,0031;3,6986;85,9375;
2026 02 03 08:01:26:082;0,314;13;2;13,5193;0,9992;50,0031;3,6986;70,3125;
2026 02 03 08:01:26:084;0,314;13;2;13,5193;0,9992;50,0031;3,6986;58,5938;
2026 02 03 08:01:26:086;0,314;13;2;13,5193;0,9992;50,0031;3,6986;58,5938;
2026 02 03 08:01:26:088;0,314;13;2;13,5193;0,9992;50,0031;3,6986;54,6875;
2026 02 03 08:01:26:090;0,314;13;2;13,5193;0,9992;50,0031;3,6986;66,4063;
2026 02 03 08:01:26:092;0,314;13;2;13,5193;0,9992;50,0031;3,6986;66,4063;
2026 02 03 08:01:26:094;0,314;13;2;13,5193;0,9992;50,0031;3,6986;66,4063;
2026 02 03 08:01:26:096;0,314;13;2;13,5193;0,9992;50,0031;3,6986;70,3125;
2026 02 03 08:01:26:098;0,314;13;2;13,5193;0,9992;50,0031;3,6986;93,75;
2026 02 03 08:01:26:100;0,314;13;2;13,5193;0,9992;50,0031;3,6986;78,125;
2026 02 03 08:01:26:102;0,314;13;2;13,5193;0,9992;50,0031;3,6986;70,3125;
2026 02 03 08:01:26:104;0,314;13;2;13,5193;0,9992;50,0031;3,6986;58,5938;
2026 02 03 08:01:26:106;0,314;13;2;13,5193;0,9992;50,0031;3,6986;54,6875;
2026 02 03 08:01:26:108;0,314;13;2;13,5193;0,9992;50,0031;3,6986;50,7813;
2026 02 03 08:01:26:110;0,314;13;2;13,5193;0,9992;50,0031;3,6986;66,4063;
2026 02 03 08:01:26:112;0,314;13;2;13,5193;0,9992;50,0031;3,6986;66,4063;
2026 02 03 08:01:26:114;0,314;13;2;13,5193;0,9992;50,0031;3,6986;66,4063;
2026 02 03 08:01:26:116;0,314;13;2;13,5193;0,9992;50,0031;3,6986;66,4063;
2026 02 03 08:01:26:118;0,314;13;2;13,5193;0,9992;50,0031;3,6986;93,75;
2026 02 03 08:01:26:120;0,314;13;2;13,5193;0,9992;50,0031;3,6986;78,125;
2026 02 03 08:01:26:122;0,314;13;2;13,5193;0,9992;50,0031;3,6986;66,4063;
2026 02 03 08:01:26:124;0,314;13;2;13,5193;0,9992;50,0031;3,6986;54,6875;
2026 02 03 08:01:26:126;0,314;13;2;13,5193;0,9992;50,0031;3,6986;54,6875;
2026 02 03 08:01:26:128;0,314;13;2;13,5193;0,9992;50,0031;3,6986;50,7813;
2026 02 03 08:01:26:130;0,314;13;2;13,5193;0,9992;50,0031;3,6986;66,4063;
2026 02 03 08:01:26:132;0,314;13;2;13,5193;0,9992;50,0031;3,6986;66,4063;
2026 02 03 08:01:26:134;0,314;13;2;13,5193;0,9992;50,0031;3,6986;66,4063;
2026 02 03 08:01:26:136;0,314;13;2;13,5193;0,9992;50,0031;3,6986;66,4063;
2026 02 03 08:01:26:138;0,314;13;2;13,5193;0,9992;50,0031;3,6986;93,75;
2026 02 03 08:01:26:140;0,314;13;2;13,5193;0,9992;50,0031;3,6986;82,0313;
2026 02 03 08:01:26:142;0,314;13;2;13,5193;0,9992;50,0031;3,6986;70,3125;
2026 02 03 08:01:26:144;0,314;13;2;13,5193;0,9992;50,0031;3,6986;58,5938;
2026 02 03 08:01:26:146;0,314;13;2;13,5193;0,9992;50,0031;3,6986;58,5938;
2026 02 03 08:01:26:148;0,314;13;2;13,5193;0,9992;50,0031;3,6986;58,5938;
2026 02 03 08:01:26:150;0,314;13;2;13,5193;0,9992;50,0031;3,6986;66,4063;
2026 02 03 08:01:26:152;0,314;13;2;13,5193;0,9992;50,0031;3,6986;66,4063;
2026 02 03 08:01:26:154;0,314;13;2;13,5193;0,9992;50,0031;3,6986;66,4063;
2026 02 03 08:01:26:156;0,314;13;2;13,5193;0,9992;50,0031;3,6986;70,3125;
2026 02 03 08:01:26:158;0,314;13;2;13,5193;0,9992;50,0031;3,6986;93,75;
2026 02 03 08:01:26:160;0,314;13;2;13,5193;0,9992;50,0031;3,6986;78,125;
2026 02 03 08:01:26:162;0,314;13;2;13,5193;0,9992;50,0031;3,6986;70,3125;
2026 02 03 08:01:26:164;0,314;13;2;13,5193;0,9992;50,0031;3,6986;54,6875;
2026 02 03 08:01:26:166;0,314;13;2;13,5193;0,9992;50,0031;3,6986;58,5938;
2026 02 03 08:01:26:168;0,314;13;2;13,5193;0,9992;50,0031;3,6986;54,6875;
2026 02 03 08:01:26:170;0,314;13;2;13,5193;0,9992;50,0031;3,6986;66,4063;
2026 02 03 08:01:26:172;0,314;13;2;13,5193;0,9992;50,0031;3,6986;66,4063;
2026 02 03 08:01:26:174;0,314;13;2;13,5193;0,9992;50,0031;3,6986;66,4063;
2026 02 03 08:01:26:176;0,314;13;2;13,5193;0,9992;50,0031;3,6986;66,4063;
2026 02 03 08:01:26:178;0,314;13;2;13,4888;1,0213;49,2859;3,6538;93,75;
2026 02 03 08:01:26:180;0,314;13;2;13,4888;1,0213;49,2859;3,6538;89,8438;
2026 02 03 08:01:26:182;0,314;13;2;13,4888;1,0213;49,2859;3,6538;70,3125;
2026 02 03 08:01:26:184;0,314;13;2;13,4888;1,0213;49,2859;3,6538;54,6875;
2026 02 03 08:01:26:186;0,314;13;2;13,4888;1,0213;49,2859;3,6538;54,6875;
2026 02 03 08:01:26:188;0,314;13;2;13,4888;1,0213;49,2859;3,6538;58,5938;
2026 02 03 08:01:26:190;0,314;13;2;13,4888;1,0213;49,2859;3,6538;66,4063;
2026 02 03 08:01:26:192;0,314;13;2;13,4888;1,0213;49,2859;3,6538;66,4063;
2026 02 03 08:01:26:194;0,314;13;2;13,4888;1,0213;49,2859;3,6538;66,4063;
2026 02 03 08:01:26:196;0,314;13;2;13,4888;1,0213;49,2859;3,6538;66,4063;
2026 02 03 08:01:26:198;0,314;13;2;13,4888;1,0213;49,2859;3,6538;89,8438;
2026 02 03 08:01:26:200;0,314;13;2;13,4888;1,0213;49,2859;3,6538;82,0313;
2026 02 03 08:01:26:202;0,314;13;2;13,4888;1,0213;49,2859;3,6538;70,3125;
2026 02 03 08:01:26:204;0,314;13;2;13,4888;1,0213;49,2859;3,6538;58,5938;
2026 02 03 08:01:26:206;0,314;13;2;13,4888;1,0213;49,2859;3,6538;54,6875;
2026 02 03 08:01:26:208;0,314;13;2;13,4888;1,0213;49,2859;3,6538;58,5938;
2026 02 03 08:01:26:210;0,314;13;2;13,4888;1,0213;49,2859;3,6538;66,4063;
2026 02 03 08:01:26:212;0,314;13;2;13,4888;1,0213;49,2859;3,6538;66,4063;
2026 02 03 08:01:26:214;0,314;13;2;13,4888;1,0213;49,2859;3,6538;66,4063;
2026 02 03 08:01:26:216;0,314;13;2;13,4888;1,0213;49,2859;3,6538;70,3125;
2026 02 03 08:01:26:218;0,314;13;2;13,4888;1,0213;49,2859;3,6538;89,8438;
2026 02 03 08:01:26:220;0,314;13;2;13,4888;1,0213;49,2859;3,6538;78,125;
2026 02 03 08:01:26:222;0,314;13;2;13,4888;1,0213;49,2859;3,6538;70,3125;
2026 02 03 08:01:26:224;0,314;13;2;13,4888;1,0213;49,2859;3,6538;58,5938;
2026 02 03 08:01:26:226;0,314;13;2;13,4888;1,0213;49,2859;3,6538;54,6875;
2026 02 03 08:01:26:228;0,314;13;2;13,4888;1,0213;49,2859;3,6538;58,5938;
2026 02 03 08:01:26:230;0,314;13;2;13,4888;1,0213;49,2859;3,6538;66,4063;
2026 02 03 08:01:26:232;0,314;13;2;13,4888;1,0213;49,2859;3,6538;66,4063;
2026 02 03 08:01:26:234;0,314;13;2;13,4888;1,0213;49,2859;3,6538;66,4063;
2026 02 03 08:01:26:236;0,314;13;2;13,4888;1,0213;49,2859;3,6538;66,4063;
2026 02 03 08:01:26:238;0,314;13;2;13,4888;1,0213;49,2859;3,6538;89,8438;
2026 02 03 08:01:26:240;0,314;13;2;13,4888;1,0213;49,2859;3,6538;78,125;
2026 02 03 08:01:26:242;0,314;13;2;13,4888;1,0213;49,2859;3,6538;70,3125;
2026 02 03 08:01:26:244;0,314;13;2;13,4888;1,0213;49,2859;3,6538;54,6875;
2026 02 03 08:01:26:246;0,314;13;2;13,4888;1,0213;49,2859;3,6538;54,6875;
2026 02 03 08:01:26:248;0,314;13;2;13,4888;1,0213;49,2859;3,6538;58,5938;
2026 02 03 08:01:26:250;0,314;13;2;13,4888;1,0213;49,2859;3,6538;66,4063;
2026 02 03 08:01:26:252;0,314;13;2;13,4888;1,0213;49,2859;3,6538;66,4063;
2026 02 03 08:01:26:254;0,314;13;2;13,4888;1,0213;49,2859;3,6538;66,4063;
2026 02 03 08:01:26:256;0,314;13;2;13,4888;1,0213;49,2859;3,6538;66,4063;
2026 02 03 08:01:26:258;0,314;13;2;13,4888;1,0213;49,2859;3,6538;89,8438;
2026 02 03 08:01:26:260;0,314;13;2;13,4888;1,0213;49,2859;3,6538;78,125;
2026 02 03 08:01:26:262;0,314;13;2;13,4888;1,0213;49,2859;3,6538;66,4063;
2026 02 03 08:01:26:264;0,314;13;2;13,4888;1,0213;49,2859;3,6538;50,7813;
2026 02 03 08:01:26:266;0,314;13;2;13,4888;1,0213;49,2859;3,6538;58,5938;
2026 02 03 08:01:26:268;0,314;13;2;13,4888;1,0213;49,2859;3,6538;58,5938;
2026 02 03 08:01:26:270;0,314;13;2;13,4888;1,0213;49,2859;3,6538;66,4063;
2026 02 03 08:01:26:272;0,314;13;2;13,4888;1,0213;49,2859;3,6538;66,4063;
2026 02 03 08:01:26:274;0,314;13;2;13,4888;1,0213;49,2859;3,6538;66,4063;
2026 02 03 08:01:26:276;0,314;13;2;13,4888;1,0213;49,2859;3,6538;66,4063;
2026 02 03 08:01:26:278;0,314;13;2;13,4888;1,0213;49,2859;3,6538;93,75;
2026 02 03 08:01:26:280;0,314;13;2;13,4888;1,0213;49,2859;3,6538;85,9375;
2026 02 03 08:01:26:282;0,314;13;2;13,4888;1,0213;49,2859;3,6538;70,3125;
2026 02 03 08:01:26:284;0,314;13;2;13,4888;1,0213;49,2859;3,6538;54,6875;
2026 02 03 08:01:26:286;0,314;13;2;13,4888;1,0213;49,2859;3,6538;58,5938;
2026 02 03 08:01:26:288;0,314;13;2;13,4888;1,0213;49,2859;3,6538;62,5;
2026 02 03 08:01:26:290;0,314;13;2;13,4888;1,0213;49,2859;3,6538;66,4063;
2026 02 03 08:01:26:292;0,314;13;2;13,4888;1,0213;49,2859;3,6538;66,4063;
2026 02 03 08:01:26:294;0,314;13;2;13,4888;1,0213;49,2859;3,6538;66,4063;
2026 02 03 08:01:26:296;0,314;13;2;13,4888;1,0213;49,2859;3,6538;66,4063;
2026 02 03 08:01:26:298;0,314;13;2;13,4888;1,0213;49,2859;3,6538;89,8438;
2026 02 03 08:01:26:300;0,314;13;2;13,4888;1,0213;49,2859;3,6538;78,125;
2026 02 03 08:01:26:302;0,314;13;2;13,4888;1,0213;49,2859;3,6538;66,4063;
2026 02 03 08:01:26:304;0,314;13;2;13,4888;1,0213;49,2859;3,6538;54,6875;
2026 02 03 08:01:26:306;0,314;13;2;13,4888;1,0213;49,2859;3,6538;58,5938;
2026 02 03 08:01:26:308;0,314;13;2;13,4888;1,0213;49,2859;3,6538;62,5;
2026 02 03 08:01:26:310;0,314;13;2;13,4888;1,0213;49,2859;3,6538;66,4063;
2026 02 03 08:01:26:312;0,314;13;2;13,4888;1,0213;49,2859;3,6538;66,4063;
2026 02 03 08:01:26:314;0,314;13;2;13,4888;1,0213;49,2859;3,6538;66,4063;
2026 02 03 08:01:26:316;0,314;13;2;13,4888;1,0213;49,2859;3,6538;66,4063;
2026 02 03 08:01:26:318;0,314;13;2;13,4888;1,0213;49,2859;3,6538;89,8438;
2026 02 03 08:01:26:320;0,314;13;2;13,4888;1,0213;49,2859;3,6538;82,0313;
2026 02 03 08:01:26:322;0,314;13;2;13,4888;1,0213;49,2859;3,6538;70,3125;
2026 02 03 08:01:26:324;0,314;13;2;13,4888;1,0213;49,2859;3,6538;54,6875;
2026 02 03 08:01:26:326;0,314;13;2;13,4888;1,0213;49,2859;3,6538;54,6875;
2026 02 03 08:01:26:328;0,314;13;2;13,4888;1,0213;49,2859;3,6538;58,5938;
2026 02 03 08:01:26:330;0,314;13;2;13,4888;1,0213;49,2859;3,6538;66,4063;
2026 02 03 08:01:26:332;0,314;13;2;13,4888;1,0213;49,2859;3,6538;66,4063;
2026 02 03 08:01:26:334;0,314;13;2;13,4888;1,0213;49,2859;3,6538;66,4063;
2026 02 03 08:01:26:336;0,314;13;2;13,4888;1,0213;49,2859;3,6538;66,4063;
2026 02 03 08:01:26:338;0,314;13;2;13,4888;1,0213;49,2859;3,6538;89,8438;
2026 02 03 08:01:26:340;0,314;13;2;13,4888;1,0213;49,2859;3,6538;78,125;
2026 02 03 08:01:26:342;0,314;13;2;13,4888;1,0213;49,2859;3,6538;66,4063;
2026 02 03 08:01:26:344;0,314;13;2;13,4888;1,0213;49,2859;3,6538;54,6875;
2026 02 03 08:01:26:346;0,314;13;2;13,4888;1,0213;49,2859;3,6538;54,6875;
2026 02 03 08:01:26:348;0,314;13;2;13,4888;1,0213;49,2859;3,6538;58,5938;
2026 02 03 08:01:26:350;0,314;13;2;13,4888;1,0213;49,2859;3,6538;66,4063;
2026 02 03 08:01:26:352;0,314;13;2;13,4888;1,0213;49,2859;3,6538;66,4063;
2026 02 03 08:01:26:354;0,314;13;2;13,4888;1,0213;49,2859;3,6538;66,4063;
2026 02 03 08:01:26:356;0,314;13;2;13,4888;1,0213;49,2859;3,6538;66,4063;
2026 02 03 08:01:26:358;0,314;13;2;13,4888;1,0213;49,2859;3,6538;89,8438;
2026 02 03 08:01:26:360;0,314;13;2;13,4888;1,0213;49,2859;3,6538;78,125;
2026 02 03 08:01:26:362;0,314;13;2;13,4888;1,0213;49,2859;3,6538;66,4063;
2026 02 03 08:01:26:364;0,314;13;2;13,4888;1,0213;49,2859;3,6538;50,7813;
2026 02 03 08:01:26:366;0,314;13;2;13,4888;1,0213;49,2859;3,6538;54,6875;
2026 02 03 08:01:26:368;0,314;13;2;13,4888;1,0213;49,2859;3,6538;58,5938;
2026 02 03 08:01:26:370;0,314;13;2;13,4888;1,0213;49,2859;3,6538;66,4063;
2026 02 03 08:01:26:372;0,314;13;2;13,4888;1,0213;49,2859;3,6538;66,4063;
2026 02 03 08:01:26:374;0,314;13;2;13,4888;1,0213;49,2859;3,6538;66,4063;
2026 02 03 08:01:26:376;0,314;13;2;13,4888;1,0213;49,2859;3,6538;66,4063;
2026 02 03 08:01:26:378;0,314;13;2;13,4888;1,0213;49,2859;3,6538;89,8438;
2026 02 03 08:01:26:380;0,314;13;2;13,4888;1,0213;49,2859;3,6538;82,0313;
2026 02 03 08:01:26:382;0,314;13;2;13,4888;1,0213;49,2859;3,6538;66,4063;
2026 02 03 08:01:26:384;0,314;13;2;13,4888;1,0213;49,2859;3,6538;54,6875;
2026 02 03 08:01:26:386;0,314;13;2;13,4888;1,0213;49,2859;3,6538;58,5938;
2026 02 03 08:01:26:388;0,314;13;2;13,4888;1,0213;49,2859;3,6538;62,5;
2026 02 03 08:01:26:390;0,314;13;2;13,4888;1,0213;49,2859;3,6538;66,4063;
2026 02 03 08:01:26:392;0,314;13;2;13,4888;1,0213;49,2859;3,6538;66,4063;
2026 02 03 08:01:26:394;0,314;13;2;13,4888;1,0213;49,2859;3,6538;62,5;
2026 02 03 08:01:26:396;0,314;13;2;13,4888;1,0213;49,2859;3,6538;66,4063;
2026 02 03 08:01:26:398;0,314;13;2;13,4888;1,0213;49,2859;3,6538;89,8438;
2026 02 03 08:01:26:400;0,314;13;2;13,4888;1,0213;49,2859;3,6538;78,125;
2026 02 03 08:01:26:402;0,314;13;2;13,4888;1,0213;49,2859;3,6538;66,4063;
2026 02 03 08:01:26:404;0,314;13;2;13,4888;1,0213;49,2859;3,6538;50,7813;
2026 02 03 08:01:26:406;0,314;13;2;13,4888;1,0213;49,2859;3,6538;54,6875;
2026 02 03 08:01:26:408;0,314;13;2;13,4888;1,0213;49,2859;3,6538;62,5;
2026 02 03 08:01:26:410;0,314;13;2;13,4888;1,0213;49,2859;3,6538;66,4063;
2026 02 03 08:01:26:412;0,314;13;2;13,4888;1,0213;49,2859;3,6538;66,4063;
2026 02 03 08:01:26:414;0,314;13;2;13,4888;1,0213;49,2859;3,6538;62,5;
2026 02 03 08:01:26:416;0,314;13;2;13,4888;1,0213;49,2859;3,6538;66,4063;
2026 02 03 08:01:26:418;0,314;13;2;13,4888;1,0213;49,2859;3,6538;89,8438;
2026 02 03 08:01:26:420;0,314;13;2;13,4888;1,0213;49,2859;3,6538;82,0313;
2026 02 03 08:01:26:422;0,314;13;2;13,4888;1,0213;49,2859;3,6538;66,4063;
2026 02 03 08:01:26:424;0,314;13;2;13,4888;1,0213;49,2859;3,6538;54,6875;
2026 02 03 08:01:26:426;0,314;13;2;13,4888;1,0213;49,2859;3,6538;54,6875;
2026 02 03 08:01:26:428;0,314;13;2;13,4888;1,0213;49,2859;3,6538;58,5938;
2026 02 03 08:01:26:430;0,314;13;2;13,4888;1,0213;49,2859;3,6538;66,4063;
2026 02 03 08:01:26:432;0,314;13;2;13,4888;1,0213;49,2859;3,6538;66,4063;
2026 02 03 08:01:26:434;0,314;13;2;13,4888;1,0213;49,2859;3,6538;62,5;
2026 02 03 08:01:26:436;0,314;13;2;13,4888;1,0213;49,2859;3,6538;66,4063;
2026 02 03 08:01:26:438;0,314;13;2;13,4888;1,0213;49,2859;3,6538;89,8438;
2026 02 03 08:01:26:440;0,314;13;2;13,4888;1,0213;49,2859;3,6538;78,125;
2026 02 03 08:01:26:442;0,314;13;2;13,4888;1,0213;49,2859;3,6538;70,3125;
2026 02 03 08:01:26:444;0,314;13;2;13,4888;1,0213;49,2859;3,6538;54,6875;
2026 02 03 08:01:26:446;0,314;13;2;13,4888;1,0213;49,2859;3,6538;54,6875;
2026 02 03 08:01:26:448;0,314;13;2;13,4888;1,0213;49,2859;3,6538;62,5;
2026 02 03 08:01:26:450;0,314;13;2;13,4888;1,0213;49,2859;3,6538;66,4063;
2026 02 03 08:01:26:452;0,314;13;2;13,4888;1,0213;49,2859;3,6538;66,4063;
2026 02 03 08:01:26:454;0,314;13;2;13,4888;1,0213;49,2859;3,6538;66,4063;
2026 02 03 08:01:26:456;0,314;13;2;13,4888;1,0213;49,2859;3,6538;66,4063;
2026 02 03 08:01:26:458;0,314;13;2;13,4888;1,0213;49,2859;3,6538;89,8438;
2026 02 03 08:01:26:460;0,314;13;2;13,4888;1,0213;49,2859;3,6538;74,2188;
2026 02 03 08:01:26:462;0,314;13;2;13,4888;1,0213;49,2859;3,6538;66,4063;
2026 02 03 08:01:26:464;0,314;13;2;13,4888;1,0213;49,2859;3,6538;54,6875;
2026 02 03 08:01:26:466;0,314;13;2;13,4888;1,0213;49,2859;3,6538;58,5938;
2026 02 03 08:01:26:468;0,314;13;2;13,4888;1,0213;49,2859;3,6538;62,5;
2026 02 03 08:01:26:470;0,314;13;2;13,4888;1,0213;49,2859;3,6538;62,5;
2026 02 03 08:01:26:472;0,314;13;2;13,4888;1,0213;49,2859;3,6538;66,4063;
2026 02 03 08:01:26:474;0,314;13;2;13,4888;1,0213;49,2859;3,6538;66,4063;
2026 02 03 08:01:26:476;0,314;13;2;13,4888;1,0213;49,2859;3,6538;66,4063;
2026 02 03 08:01:26:478;0,314;13;2;13,4888;1,0213;49,2859;3,6538;93,75;
2026 02 03 08:01:26:480;0,314;13;2;13,4888;1,0064;50,293;3,7285;78,125;
2026 02 03 08:01:26:482;0,314;13;2;13,4888;1,0064;50,293;3,7285;66,4063;
2026 02 03 08:01:26:484;0,314;13;2;13,4888;1,0064;50,293;3,7285;54,6875;
2026 02 03 08:01:26:486;0,314;13;2;13,4888;1,0064;50,293;3,7285;58,5938;
2026 02 03 08:01:26:488;0,314;13;2;13,4888;1,0064;50,293;3,7285;62,5;
2026 02 03 08:01:26:490;0,314;13;2;13,4888;1,0064;50,293;3,7285;66,4063;
2026 02 03 08:01:26:492;0,314;13;2;13,4888;1,0064;50,293;3,7285;66,4063;
2026 02 03 08:01:26:494;0,314;13;2;13,4888;1,0064;50,293;3,7285;66,4063;
2026 02 03 08:01:26:496;0,314;13;2;13,4888;1,0064;50,293;3,7285;66,4063;
2026 02 03 08:01:26:498;0,314;13;2;13,4888;1,0064;50,293;3,7285;89,8438;
2026 02 03 08:01:26:500;0,314;13;2;13,4888;1,0064;50,293;3,7285;78,125;
2026 02 03 08:01:26:502;0,314;13;2;13,4888;1,0064;50,293;3,7285;66,4063;
2026 02 03 08:01:26:504;0,314;13;2;13,4888;1,0064;50,293;3,7285;50,7813;
2026 02 03 08:01:26:506;0,314;13;2;13,4888;1,0064;50,293;3,7285;54,6875;
2026 02 03 08:01:26:508;0,314;13;2;13,4888;1,0064;50,293;3,7285;62,5;
2026 02 03 08:01:26:510;0,314;13;2;13,4888;1,0064;50,293;3,7285;62,5;
2026 02 03 08:01:26:512;0,314;13;2;13,4888;1,0064;50,293;3,7285;66,4063;
2026 02 03 08:01:26:514;0,314;13;2;13,4888;1,0064;50,293;3,7285;66,4063;
2026 02 03 08:01:26:516;0,314;13;2;13,4888;1,0064;50,293;3,7285;66,4063;
2026 02 03 08:01:26:518;0,314;13;2;13,4888;1,0064;50,293;3,7285;89,8438;
2026 02 03 08:01:26:520;0,314;13;2;13,4888;1,0064;50,293;3,7285;85,9375;
2026 02 03 08:01:26:522;0,314;13;2;13,4888;1,0064;50,293;3,7285;66,4063;
2026 02 03 08:01:26:524;0,314;13;2;13,4888;1,0064;50,293;3,7285;50,7813;
2026 02 03 08:01:26:526;0,314;13;2;13,4888;1,0064;50,293;3,7285;58,5938;
2026 02 03 08:01:26:528;0,314;13;2;13,4888;1,0064;50,293;3,7285;62,5;
2026 02 03 08:01:26:530;0,314;13;2;13,4888;1,0064;50,293;3,7285;62,5;
2026 02 03 08:01:26:532;0,314;13;2;13,4888;1,0064;50,293;3,7285;62,5;
2026 02 03 08:01:26:534;0,314;13;2;13,4888;1,0064;50,293;3,7285;62,5;
2026 02 03 08:01:26:536;0,314;13;2;13,4888;1,0064;50,293;3,7285;66,4063;
2026 02 03 08:01:26:538;0,314;13;2;13,4888;1,0064;50,293;3,7285;85,9375;
2026 02 03 08:01:26:540;0,314;13;2;13,4888;1,0064;50,293;3,7285;78,125;
2026 02 03 08:01:26:542;0,314;13;2;13,4888;1,0064;50,293;3,7285;66,4063;
2026 02 03 08:01:26:544;0,314;13;2;13,4888;1,0064;50,293;3,7285;54,6875;
2026 02 03 08:01:26:546;0,314;13;2;13,4888;1,0064;50,293;3,7285;54,6875;
2026 02 03 08:01:26:548;0,314;13;2;13,4888;1,0064;50,293;3,7285;62,5;
2026 02 03 08:01:26:550;0,314;13;2;13,4888;1,0064;50,293;3,7285;62,5;
2026 02 03 08:01:26:552;0,314;13;2;13,4888;1,0064;50,293;3,7285;66,4063;
2026 02 03 08:01:26:554;0,314;13;2;13,4888;1,0064;50,293;3,7285;62,5;
2026 02 03 08:01:26:556;0,314;13;2;13,4888;1,0064;50,293;3,7285;66,4063;
2026 02 03 08:01:26:558;0,314;13;2;13,4888;1,0064;50,293;3,7285;85,9375;
2026 02 03 08:01:26:560;0,314;13;2;13,4888;1,0064;50,293;3,7285;82,0313;
2026 02 03 08:01:26:562;0,314;13;2;13,4888;1,0064;50,293;3,7285;66,4063;
2026 02 03 08:01:26:564;0,314;13;2;13,4888;1,0064;50,293;3,7285;58,5938;
2026 02 03 08:01:26:566;0,314;13;2;13,4888;1,0064;50,293;3,7285;54,6875;
2026 02 03 08:01:26:568;0,314;13;2;13,4888;1,0064;50,293;3,7285;62,5;
2026 02 03 08:01:26:570;0,314;13;2;13,4888;1,0064;50,293;3,7285;62,5;
2026 02 03 08:01:26:572;0,314;13;2;13,4888;1,0064;50,293;3,7285;62,5;
2026 02 03 08:01:26:574;0,314;13;2;13,4888;1,0064;50,293;3,7285;62,5;
2026 02 03 08:01:26:576;0,314;13;2;13,4888;1,0064;50,293;3,7285;62,5;
2026 02 03 08:01:26:578;0,314;13;2;13,4888;1,0064;50,293;3,7285;85,9375;
2026 02 03 08:01:26:580;0,314;13;2;13,4888;1,0064;50,293;3,7285;74,2188;
2026 02 03 08:01:26:582;0,314;13;2;13,4888;1,0064;50,293;3,7285;66,4063;
2026 02 03 08:01:26:584;0,314;13;2;13,4888;1,0064;50,293;3,7285;54,6875;
2026 02 03 08:01:26:586;0,314;13;2;13,4888;1,0064;50,293;3,7285;54,6875;
2026 02 03 08:01:26:588;0,314;13;2;13,4888;1,0064;50,293;3,7285;62,5;
2026 02 03 08:01:26:590;0,314;13;2;13,4888;1,0064;50,293;3,7285;62,5;
2026 02 03 08:01:26:592;0,314;13;2;13,4888;1,0064;50,293;3,7285;62,5;
2026 02 03 08:01:26:594;0,314;13;2;13,4888;1,0064;50,293;3,7285;62,5;
2026 02 03 08:01:26:596;0,314;13;2;13,4888;1,0064;50,293;3,7285;62,5;
2026 02 03 08:01:26:598;0,314;13;2;13,4888;1,0064;50,293;3,7285;85,9375;
2026 02 03 08:01:26:600;0,314;13;2;13,4888;1,0064;50,293;3,7285;78,125;
2026 02 03 08:01:26:602;0,314;13;2;13,4888;1,0064;50,293;3,7285;62,5;
2026 02 03 08:01:26:604;0,314;13;2;13,4888;1,0064;50,293;3,7285;50,7813;
2026 02 03 08:01:26:606;0,314;13;2;13,4888;1,0064;50,293;3,7285;54,6875;
2026 02 03 08:01:26:608;0,314;13;2;13,4888;1,0064;50,293;3,7285;62,5;
2026 02 03 08:01:26:610;0,314;13;2;13,4888;1,0064;50,293;3,7285;62,5;
2026 02 03 08:01:26:612;0,314;13;2;13,4888;1,0064;50,293;3,7285;62,5;
2026 02 03 08:01:26:614;0,314;13;2;13,4888;1,0064;50,293;3,7285;62,5;
2026 02 03 08:01:26:616;0,314;13;2;13,4888;1,0064;50,293;3,7285;62,5;
2026 02 03 08:01:26:618;0,314;13;2;13,4888;1,0064;50,293;3,7285;85,9375;
2026 02 03 08:01:26:620;0,314;13;2;13,4888;1,0064;50,293;3,7285;82,0313;
2026 02 03 08:01:26:622;0,314;13;2;13,4888;1,0064;50,293;3,7285;62,5;
2026 02 03 08:01:26:624;0,314;13;2;13,4888;1,0064;50,293;3,7285;50,7813;
2026 02 03 08:01:26:626;0,314;13;2;13,4888;1,0064;50,293;3,7285;54,6875;
2026 02 03 08:01:26:628;0,314;13;2;13,4888;1,0064;50,293;3,7285;62,5;
2026 02 03 08:01:26:630;0,314;13;2;13,4888;1,0064;50,293;3,7285;62,5;
2026 02 03 08:01:26:632;0,314;13;2;13,4888;1,0064;50,293;3,7285;62,5;
2026 02 03 08:01:26:634;0,314;13;2;13,4888;1,0064;50,293;3,7285;62,5;
2026 02 03 08:01:26:636;0,314;13;2;13,4888;1,0064;50,293;3,7285;62,5;
2026 02 03 08:01:26:638;0,314;13;2;13,4888;1,0064;50,293;3,7285;85,9375;
2026 02 03 08:01:26:640;0,314;13;2;13,4888;1,0064;50,293;3,7285;78,125;
2026 02 03 08:01:26:642;0,314;13;2;13,4888;1,0064;50,293;3,7285;66,4063;
2026 02 03 08:01:26:644;0,314;13;2;13,4888;1,0064;50,293;3,7285;50,7813;
2026 02 03 08:01:26:646;0,314;13;2;13,4888;1,0064;50,293;3,7285;54,6875;
2026 02 03 08:01:26:648;0,314;13;2;13,4888;1,0064;50,293;3,7285;62,5;
2026 02 03 08:01:26:650;0,314;13;2;13,4888;1,0064;50,293;3,7285;62,5;
2026 02 03 08:01:26:652;0,314;13;2;13,4888;1,0064;50,293;3,7285;62,5;
2026 02 03 08:01:26:654;0,314;13;2;13,4888;1,0064;50,293;3,7285;62,5;
2026 02 03 08:01:26:656;0,314;13;2;13,4888;1,0064;50,293;3,7285;62,5;
2026 02 03 08:01:26:658;0,314;13;2;13,4888;1,0064;50,293;3,7285;85,9375;
2026 02 03 08:01:26:660;0,314;13;2;13,4888;1,0064;50,293;3,7285;82,0313;
2026 02 03 08:01:26:662;0,314;13;2;13,4888;1,0064;50,293;3,7285;66,4063;
2026 02 03 08:01:26:664;0,314;13;2;13,4888;1,0064;50,293;3,7285;54,6875;
2026 02 03 08:01:26:666;0,314;13;2;13,4888;1,0064;50,293;3,7285;54,6875;
2026 02 03 08:01:26:668;0,314;13;2;13,4888;1,0064;50,293;3,7285;62,5;
2026 02 03 08:01:26:670;0,314;13;2;13,4888;1,0064;50,293;3,7285;62,5;
2026 02 03 08:01:26:672;0,314;13;2;13,4888;1,0064;50,293;3,7285;62,5;
2026 02 03 08:01:26:674;0,314;13;2;13,4888;1,0064;50,293;3,7285;62,5;
2026 02 03 08:01:26:676;0,314;13;2;13,4888;1,0064;50,293;3,7285;62,5;
2026 02 03 08:01:26:678;0,314;13;2;13,4888;1,0064;50,293;3,7285;85,9375;
2026 02 03 08:01:26:680;0,314;13;2;13,4888;1,0064;50,293;3,7285;78,125;
2026 02 03 08:01:26:682;0,314;13;2;13,4888;1,0064;50,293;3,7285;62,5;
2026 02 03 08:01:26:684;0,314;13;2;13,4888;1,0064;50,293;3,7285;54,6875;
2026 02 03 08:01:26:686;0,314;13;2;13,4888;1,0064;50,293;3,7285;54,6875;
2026 02 03 08:01:26:688;0,314;13;2;13,4888;1,0064;50,293;3,7285;62,5;
2026 02 03 08:01:26:690;0,314;13;2;13,4888;1,0064;50,293;3,7285;62,5;
2026 02 03 08:01:26:692;0,314;13;2;13,4888;1,0064;50,293;3,7285;62,5;
2026 02 03 08:01:26:694;0,314;13;2;13,4888;1,0064;50,293;3,7285;62,5;
2026 02 03 08:01:26:696;0,314;13;2;13,4888;1,0064;50,293;3,7285;62,5;
2026 02 03 08:01:26:698;0,314;13;2;13,4888;1,0064;50,293;3,7285;85,9375;
2026 02 03 08:01:26:700;0,314;13;2;13,4888;1,0064;50,293;3,7285;78,125;
2026 02 03 08:01:26:702;0,314;13;2;13,4888;1,0064;50,293;3,7285;58,5938;
2026 02 03 08:01:26:704;0,314;13;2;13,4888;1,0064;50,293;3,7285;50,7813;
2026 02 03 08:01:26:706;0,314;13;2;13,4888;1,0064;50,293;3,7285;54,6875;
2026 02 03 08:01:26:708;0,314;13;2;13,4888;1,0064;50,293;3,7285;62,5;
2026 02 03 08:01:26:710;0,314;13;2;13,4888;1,0064;50,293;3,7285;62,5;
2026 02 03 08:01:26:712;0,314;13;2;13,4888;1,0064;50,293;3,7285;62,5;
2026 02 03 08:01:26:714;0,314;13;2;13,4888;1,0064;50,293;3,7285;62,5;
2026 02 03 08:01:26:716;0,314;13;2;13,4888;1,0064;50,293;3,7285;62,5;
2026 02 03 08:01:26:718;0,314;13;2;13,4888;1,0064;50,293;3,7285;85,9375;
2026 02 03 08:01:26:720;0,314;13;2;13,4888;1,0064;50,293;3,7285;82,0313;
2026 02 03 08:01:26:722;0,314;13;2;13,4888;1,0064;50,293;3,7285;62,5;
2026 02 03 08:01:26:724;0,314;13;2;13,4888;1,0064;50,293;3,7285;50,7813;
2026 02 03 08:01:26:726;0,314;13;2;13,4888;1,0064;50,293;3,7285;54,6875;
2026 02 03 08:01:26:728;0,314;13;2;13,4888;1,0064;50,293;3,7285;58,5938;
2026 02 03 08:01:26:730;0,314;13;2;13,4888;1,0064;50,293;3,7285;62,5;
2026 02 03 08:01:26:732;0,314;13;2;13,4888;1,0064;50,293;3,7285;62,5;
2026 02 03 08:01:26:734;0,314;13;2;13,4888;1,0064;50,293;3,7285;62,5;
2026 02 03 08:01:26:736;0,314;13;2;13,4888;1,0064;50,293;3,7285;62,5;
2026 02 03 08:01:26:738;0,314;13;2;13,4888;1,0064;50,293;3,7285;85,9375;
2026 02 03 08:01:26:740;0,314;13;2;13,4888;1,0064;50,293;3,7285;78,125;
2026 02 03 08:01:26:742;0,314;13;2;13,4888;1,0064;50,293;3,7285;62,5;
2026 02 03 08:01:26:744;0,314;13;2;13,4888;1,0064;50,293;3,7285;50,7813;
2026 02 03 08:01:26:746;0,314;13;2;13,4888;1,0064;50,293;3,7285;54,6875;
2026 02 03 08:01:26:748;0,314;13;2;13,4888;1,0064;50,293;3,7285;62,5;
2026 02 03 08:01:26:750;0,314;13;2;13,4888;1,0064;50,293;3,7285;62,5;
2026 02 03 08:01:26:752;0,314;13;2;13,4888;1,0064;50,293;3,7285;62,5;
2026 02 03 08:01:26:754;0,314;13;2;13,4888;1,0064;50,293;3,7285;62,5;
2026 02 03 08:01:26:756;0,314;13;2;13,4888;1,0064;50,293;3,7285;62,5;
2026 02 03 08:01:26:758;0,314;13;2;13,4888;1,0064;50,293;3,7285;85,9375;
2026 02 03 08:01:26:760;0,314;13;2;13,4888;1,0064;50,293;3,7285;85,9375;
2026 02 03 08:01:26:762;0,314;13;2;13,4888;1,0064;50,293;3,7285;62,5;
2026 02 03 08:01:26:764;0,314;13;2;13,4888;1,0064;50,293;3,7285;46,875;
2026 02 03 08:01:26:766;0,314;13;2;13,4888;1,0064;50,293;3,7285;54,6875;
2026 02 03 08:01:26:768;0,314;13;2;13,4888;1,0064;50,293;3,7285;62,5;
2026 02 03 08:01:26:770;0,314;13;2;13,4888;1,0064;50,293;3,7285;62,5;
2026 02 03 08:01:26:772;0,314;13;2;13,4888;1,0064;50,293;3,7285;62,5;
2026 02 03 08:01:26:774;0,314;13;2;13,4888;1,0064;50,293;3,7285;62,5;
2026 02 03 08:01:26:776;0,314;13;2;13,4888;1,0064;50,293;3,7285;62,5;
2026 02 03 08:01:26:778;0,313;13;2;13,5193;0,9945;50,1862;3,7122;82,0313;
2026 02 03 08:01:26:780;0,313;13;2;13,5193;0,9945;50,1862;3,7122;78,125;
2026 02 03 08:01:26:782;0,313;13;2;13,5193;0,9945;50,1862;3,7122;62,5;
2026 02 03 08:01:26:784;0,313;13;2;13,5193;0,9945;50,1862;3,7122;46,875;
2026 02 03 08:01:26:786;0,313;13;2;13,5193;0,9945;50,1862;3,7122;54,6875;
2026 02 03 08:01:26:788;0,313;13;2;13,5193;0,9945;50,1862;3,7122;62,5;
2026 02 03 08:01:26:790;0,313;13;2;13,5193;0,9945;50,1862;3,7122;62,5;
2026 02 03 08:01:26:792;0,313;13;2;13,5193;0,9945;50,1862;3,7122;62,5;
2026 02 03 08:01:26:794;0,313;13;2;13,5193;0,9945;50,1862;3,7122;62,5;
2026 02 03 08:01:26:796;0,313;13;2;13,5193;0,9945;50,1862;3,7122;62,5;
2026 02 03 08:01:26:798;0,313;13;2;13,5193;0,9945;50,1862;3,7122;85,9375;
2026 02 03 08:01:26:800;0,313;13;2;13,5193;0,9945;50,1862;3,7122;82,0313;
2026 02 03 08:01:26:802;0,313;13;2;13,5193;0,9945;50,1862;3,7122;62,5;
2026 02 03 08:01:26:804;0,313;13;2;13,5193;0,9945;50,1862;3,7122;50,7813;
2026 02 03 08:01:26:806;0,313;13;2;13,5193;0,9945;50,1862;3,7122;54,6875;
2026 02 03 08:01:26:808;0,313;13;2;13,5193;0,9945;50,1862;3,7122;62,5;
2026 02 03 08:01:26:810;0,313;13;2;13,5193;0,9945;50,1862;3,7122;62,5;
2026 02 03 08:01:26:812;0,313;13;2;13,5193;0,9945;50,1862;3,7122;62,5;
2026 02 03 08:01:26:814;0,313;13;2;13,5193;0,9945;50,1862;3,7122;62,5;
2026 02 03 08:01:26:816;0,313;13;2;13,5193;0,9945;50,1862;3,7122;62,5;
2026 02 03 08:01:26:818;0,313;13;2;13,5193;0,9945;50,1862;3,7122;85,9375;
2026 02 03 08:01:26:820;0,313;13;2;13,5193;0,9945;50,1862;3,7122;78,125;
2026 02 03 08:01:26:822;0,313;13;2;13,5193;0,9945;50,1862;3,7122;62,5;
2026 02 03 08:01:26:824;0,313;13;2;13,5193;0,9945;50,1862;3,7122;46,875;
2026 02 03 08:01:26:826;0,313;13;2;13,5193;0,9945;50,1862;3,7122;54,6875;
2026 02 03 08:01:26:828;0,313;13;2;13,5193;0,9945;50,1862;3,7122;62,5;
2026 02 03 08:01:26:830;0,313;13;2;13,5193;0,9945;50,1862;3,7122;62,5;
2026 02 03 08:01:26:832;0,313;13;2;13,5193;0,9945;50,1862;3,7122;62,5;
2026 02 03 08:01:26:834;0,313;13;2;13,5193;0,9945;50,1862;3,7122;62,5;
2026 02 03 08:01:26:836;0,313;13;2;13,5193;0,9945;50,1862;3,7122;62,5;
2026 02 03 08:01:26:838;0,313;13;2;13,5193;0,9945;50,1862;3,7122;82,0313;
2026 02 03 08:01:26:840;0,313;13;2;13,5193;0,9945;50,1862;3,7122;82,0313;
2026 02 03 08:01:26:842;0,313;13;2;13,5193;0,9945;50,1862;3,7122;58,5938;
2026 02 03 08:01:26:844;0,313;13;2;13,5193;0,9945;50,1862;3,7122;42,9688;
2026 02 03 08:01:26:846;0,313;13;2;13,5193;0,9945;50,1862;3,7122;54,6875;
2026 02 03 08:01:26:848;0,313;13;2;13,5193;0,9945;50,1862;3,7122;62,5;
2026 02 03 08:01:26:850;0,313;13;2;13,5193;0,9945;50,1862;3,7122;62,5;
2026 02 03 08:01:26:852;0,313;13;2;13,5193;0,9945;50,1862;3,7122;62,5;
2026 02 03 08:01:26:854;0,313;13;2;13,5193;0,9945;50,1862;3,7122;62,5;
2026 02 03 08:01:26:856;0,313;13;2;13,5193;0,9945;50,1862;3,7122;62,5;
2026 02 03 08:01:26:858;0,313;13;2;13,5193;0,9945;50,1862;3,7122;85,9375;
2026 02 03 08:01:26:860;0,313;13;2;13,5193;0,9945;50,1862;3,7122;85,9375;
2026 02 03 08:01:26:862;0,313;13;2;13,5193;0,9945;50,1862;3,7122;62,5;
2026 02 03 08:01:26:864;0,313;13;2;13,5193;0,9945;50,1862;3,7122;42,9688;
2026 02 03 08:01:26:866;0,313;13;2;13,5193;0,9945;50,1862;3,7122;54,6875;
2026 02 03 08:01:26:868;0,313;13;2;13,5193;0,9945;50,1862;3,7122;58,5938;
2026 02 03 08:01:26:870;0,313;13;2;13,5193;0,9945;50,1862;3,7122;58,5938;
2026 02 03 08:01:26:872;0,313;13;2;13,5193;0,9945;50,1862;3,7122;62,5;
2026 02 03 08:01:26:874;0,313;13;2;13,5193;0,9945;50,1862;3,7122;62,5;
2026 02 03 08:01:26:876;0,313;13;2;13,5193;0,9945;50,1862;3,7122;62,5;
2026 02 03 08:01:26:878;0,313;13;2;13,5193;0,9945;50,1862;3,7122;82,0313;
2026 02 03 08:01:26:880;0,313;13;2;13,5193;0,9945;50,1862;3,7122;82,0313;
2026 02 03 08:01:26:882;0,313;13;2;13,5193;0,9945;50,1862;3,7122;62,5;
2026 02 03 08:01:26:884;0,313;13;2;13,5193;0,9945;50,1862;3,7122;42,9688;
2026 02 03 08:01:26:886;0,313;13;2;13,5193;0,9945;50,1862;3,7122;50,7813;
2026 02 03 08:01:26:888;0,313;13;2;13,5193;0,9945;50,1862;3,7122;62,5;
2026 02 03 08:01:26:890;0,313;13;2;13,5193;0,9945;50,1862;3,7122;58,5938;
2026 02 03 08:01:26:892;0,313;13;2;13,5193;0,9945;50,1862;3,7122;58,5938;
2026 02 03 08:01:26:894;0,313;13;2;13,5193;0,9945;50,1862;3,7122;58,5938;
2026 02 03 08:01:26:896;0,313;13;2;13,5193;0,9945;50,1862;3,7122;62,5;
2026 02 03 08:01:26:898;0,313;13;2;13,5193;0,9945;50,1862;3,7122;82,0313;
2026 02 03 08:01:26:900;0,313;13;2;13,5193;0,9945;50,1862;3,7122;82,0313;
2026 02 03 08:01:26:902;0,313;13;2;13,5193;0,9945;50,1862;3,7122;62,5;
2026 02 03 08:01:26:904;0,313;13;2;13,5193;0,9945;50,1862;3,7122;46,875;
2026 02 03 08:01:26:906;0,313;13;2;13,5193;0,9945;50,1862;3,7122;54,6875;
2026 02 03 08:01:26:908;0,313;13;2;13,5193;0,9945;50,1862;3,7122;58,5938;
2026 02 03 08:01:26:910;0,313;13;2;13,5193;0,9945;50,1862;3,7122;58,5938;
2026 02 03 08:01:26:912;0,313;13;2;13,5193;0,9945;50,1862;3,7122;58,5938;
2026 02 03 08:01:26:914;0,313;13;2;13,5193;0,9945;50,1862;3,7122;58,5938;
2026 02 03 08:01:26:916;0,313;13;2;13,5193;0,9945;50,1862;3,7122;62,5;
2026 02 03 08:01:26:918;0,313;13;2;13,5193;0,9945;50,1862;3,7122;82,0313;
2026 02 03 08:01:26:920;0,313;13;2;13,5193;0,9945;50,1862;3,7122;78,125;
2026 02 03 08:01:26:922;0,313;13;2;13,5193;0,9945;50,1862;3,7122;58,5938;
2026 02 03 08:01:26:924;0,313;13;2;13,5193;0,9945;50,1862;3,7122;42,9688;
2026 02 03 08:01:26:926;0,313;13;2;13,5193;0,9945;50,1862;3,7122;50,7813;
2026 02 03 08:01:26:928;0,313;13;2;13,5193;0,9945;50,1862;3,7122;62,5;
2026 02 03 08:01:26:930;0,313;13;2;13,5193;0,9945;50,1862;3,7122;62,5;
2026 02 03 08:01:26:932;0,313;13;2;13,5193;0,9945;50,1862;3,7122;58,5938;
2026 02 03 08:01:26:934;0,313;13;2;13,5193;0,9945;50,1862;3,7122;58,5938;
2026 02 03 08:01:26:936;0,313;13;2;13,5193;0,9945;50,1862;3,7122;62,5;
2026 02 03 08:01:26:938;0,313;13;2;13,5193;0,9945;50,1862;3,7122;82,0313;
2026 02 03 08:01:26:940;0,313;13;2;13,5193;0,9945;50,1862;3,7122;78,125;
2026 02 03 08:01:26:942;0,313;13;2;13,5193;0,9945;50,1862;3,7122;58,5938;
2026 02 03 08:01:26:944;0,313;13;2;13,5193;0,9945;50,1862;3,7122;39,0625;
2026 02 03 08:01:26:946;0,313;13;2;13,5193;0,9945;50,1862;3,7122;50,7813;
2026 02 03 08:01:26:948;0,313;13;2;13,5193;0,9945;50,1862;3,7122;58,5938;
2026 02 03 08:01:26:950;0,313;13;2;13,5193;0,9945;50,1862;3,7122;58,5938;
2026 02 03 08:01:26:952;0,313;13;2;13,5193;0,9945;50,1862;3,7122;62,5;
2026 02 03 08:01:26:954;0,313;13;2;13,5193;0,9945;50,1862;3,7122;58,5938;
2026 02 03 08:01:26:956;0,313;13;2;13,5193;0,9945;50,1862;3,7122;62,5;
2026 02 03 08:01:26:958;0,313;13;2;13,5193;0,9945;50,1862;3,7122;85,9375;
2026 02 03 08:01:26:960;0,313;13;2;13,5193;0,9945;50,1862;3,7122;82,0313;
2026 02 03 08:01:26:962;0,313;13;2;13,5193;0,9945;50,1862;3,7122;58,5938;
2026 02 03 08:01:26:964;0,313;13;2;13,5193;0,9945;50,1862;3,7122;42,9688;
2026 02 03 08:01:26:966;0,313;13;2;13,5193;0,9945;50,1862;3,7122;50,7813;
2026 02 03 08:01:26:968;0,313;13;2;13,5193;0,9945;50,1862;3,7122;58,5938;
2026 02 03 08:01:26:970;0,313;13;2;13,5193;0,9945;50,1862;3,7122;58,5938;
2026 02 03 08:01:26:972;0,313;13;2;13,5193;0,9945;50,1862;3,7122;62,5;
2026 02 03 08:01:26:974;0,313;13;2;13,5193;0,9945;50,1862;3,7122;58,5938;
2026 02 03 08:01:26:976;0,313;13;2;13,5193;0,9945;50,1862;3,7122;62,5;
2026 02 03 08:01:26:978;0,313;13;2;13,5193;0,9945;50,1862;3,7122;82,0313;
2026 02 03 08:01:26:980;0,313;13;2;13,5193;0,9945;50,1862;3,7122;78,125;
2026 02 03 08:01:26:982;0,313;13;2;13,5193;0,9945;50,1862;3,7122;58,5938;
2026 02 03 08:01:26:984;0,313;13;2;13,5193;0,9945;50,1862;3,7122;42,9688;
2026 02 03 08:01:26:986;0,313;13;2;13,5193;0,9945;50,1862;3,7122;54,6875;
2026 02 03 08:01:26:988;0,313;13;2;13,5193;0,9945;50,1862;3,7122;58,5938;
2026 02 03 08:01:26:990;0,313;13;2;13,5193;0,9945;50,1862;3,7122;58,5938;
2026 02 03 08:01:26:992;0,313;13;2;13,5193;0,9945;50,1862;3,7122;58,5938;
2026 02 03 08:01:26:994;0,313;13;2;13,5193;0,9945;50,1862;3,7122;58,5938;
2026 02 03 08:01:26:996;0,313;13;2;13,5193;0,9945;50,1862;3,7122;62,5;
2026 02 03 08:01:26:998;0,313;13;2;13,5193;0,9945;50,1862;3,7122;82,0313;
2026 02 03 08:01:27:000;0,313;13;2;13,5193;0,9945;50,1862;3,7122;85,9375;
2026 02 03 08:01:27:002;0,313;13;2;13,5193;0,9945;50,1862;3,7122;62,5;
2026 02 03 08:01:27:004;0,313;13;2;13,5193;0,9945;50,1862;3,7122;42,9688;
2026 02 03 08:01:27:006;0,313;13;2;13,5193;0,9945;50,1862;3,7122;50,7813;
2026 02 03 08:01:27:008;0,313;13;2;13,5193;0,9945;50,1862;3,7122;58,5938;
2026 02 03 08:01:27:010;0,313;13;2;13,5193;0,9945;50,1862;3,7122;58,5938;
2026 02 03 08:01:27:012;0,313;13;2;13,5193;0,9945;50,1862;3,7122;58,5938;
2026 02 03 08:01:27:014;0,313;13;2;13,5193;0,9945;50,1862;3,7122;58,5938;
2026 02 03 08:01:27:016;0,313;13;2;13,5193;0,9945;50,1862;3,7122;58,5938;
2026 02 03 08:01:27:018;0,313;13;2;13,5193;0,9945;50,1862;3,7122;78,125;
2026 02 03 08:01:27:020;0,313;13;2;13,5193;0,9945;50,1862;3,7122;78,125;
2026 02 03 08:01:27:022;0,313;13;2;13,5193;0,9945;50,1862;3,7122;58,5938;
2026 02 03 08:01:27:024;0,313;13;2;13,5193;0,9945;50,1862;3,7122;42,9688;
2026 02 03 08:01:27:026;0,313;13;2;13,5193;0,9945;50,1862;3,7122;50,7813;
2026 02 03 08:01:27:028;0,313;13;2;13,5193;0,9945;50,1862;3,7122;58,5938;
2026 02 03 08:01:27:030;0,313;13;2;13,5193;0,9945;50,1862;3,7122;58,5938;
2026 02 03 08:01:27:032;0,313;13;2;13,5193;0,9945;50,1862;3,7122;58,5938;
2026 02 03 08:01:27:034;0,313;13;2;13,5193;0,9945;50,1862;3,7122;58,5938;
2026 02 03 08:01:27:036;0,313;13;2;13,5193;0,9945;50,1862;3,7122;58,5938;
2026 02 03 08:01:27:038;0,313;13;2;13,5193;0,9945;50,1862;3,7122;78,125;
2026 02 03 08:01:27:040;0,313;13;2;13,5193;0,9945;50,1862;3,7122;78,125;
2026 02 03 08:01:27:042;0,313;13;2;13,5193;0,9945;50,1862;3,7122;58,5938;
2026 02 03 08:01:27:044;0,313;13;2;13,5193;0,9945;50,1862;3,7122;46,875;
2026 02 03 08:01:27:046;0,313;13;2;13,5193;0,9945;50,1862;3,7122;54,6875;
2026 02 03 08:01:27:048;0,313;13;2;13,5193;0,9945;50,1862;3,7122;58,5938;
2026 02 03 08:01:27:050;0,313;13;2;13,5193;0,9945;50,1862;3,7122;58,5938;
2026 02 03 08:01:27:052;0,313;13;2;13,5193;0,9945;50,1862;3,7122;62,5;
2026 02 03 08:01:27:054;0,313;13;2;13,5193;0,9945;50,1862;3,7122;58,5938;
2026 02 03 08:01:27:056;0,313;13;2;13,5193;0,9945;50,1862;3,7122;62,5;
2026 02 03 08:01:27:058;0,313;13;2;13,5193;0,9945;50,1862;3,7122;82,0313;
2026 02 03 08:01:27:060;0,313;13;2;13,5193;0,9945;50,1862;3,7122;78,125;
2026 02 03 08:01:27:062;0,313;13;2;13,5193;0,9945;50,1862;3,7122;58,5938;
2026 02 03 08:01:27:064;0,313;13;2;13,5193;0,9945;50,1862;3,7122;42,9688;
2026 02 03 08:01:27:066;0,313;13;2;13,5193;0,9945;50,1862;3,7122;54,6875;
2026 02 03 08:01:27:068;0,313;13;2;13,5193;0,9945;50,1862;3,7122;58,5938;
2026 02 03 08:01:27:070;0,313;13;2;13,5193;0,9945;50,1862;3,7122;58,5938;
2026 02 03 08:01:27:072;0,313;13;2;13,5193;0,9945;50,1862;3,7122;62,5;
2026 02 03 08:01:27:074;0,313;13;2;13,5193;0,9945;50,1862;3,7122;58,5938;
2026 02 03 08:01:27:076;0,313;13;2;13,5193;0,9945;50,1862;3,7122;58,5938;
2026 02 03 08:01:27:078;0,313;13;2;13,5498;1,0475;51,0254;3,7658;82,0313;
2026 02 03 08:01:27:080;0,313;13;2;13,5498;1,0475;51,0254;3,7658;82,0313;
2026 02 03 08:01:27:082;0,313;13;2;13,5498;1,0475;51,0254;3,7658;58,5938;
2026 02 03 08:01:27:084;0,313;13;2;13,5498;1,0475;51,0254;3,7658;42,9688;
2026 02 03 08:01:27:086;0,313;13;2;13,5498;1,0475;51,0254;3,7658;54,6875;
2026 02 03 08:01:27:088;0,313;13;2;13,5498;1,0475;51,0254;3,7658;58,5938;
2026 02 03 08:01:27:090;0,313;13;2;13,5498;1,0475;51,0254;3,7658;58,5938;
2026 02 03 08:01:27:092;0,313;13;2;13,5498;1,0475;51,0254;3,7658;58,5938;
2026 02 03 08:01:27:094;0,313;13;2;13,5498;1,0475;51,0254;3,7658;58,5938;
2026 02 03 08:01:27:096;0,313;13;2;13,5498;1,0475;51,0254;3,7658;62,5;
2026 02 03 08:01:27:098;0,313;13;2;13,5498;1,0475;51,0254;3,7658;82,0313;
2026 02 03 08:01:27:100;0,313;13;2;13,5498;1,0475;51,0254;3,7658;85,9375;
2026 02 03 08:01:27:102;0,313;13;2;13,5498;1,0475;51,0254;3,7658;58,5938;
2026 02 03 08:01:27:104;0,313;13;2;13,5498;1,0475;51,0254;3,7658;46,875;
2026 02 03 08:01:27:106;0,313;13;2;13,5498;1,0475;51,0254;3,7658;50,7813;
2026 02 03 08:01:27:108;0,313;13;2;13,5498;1,0475;51,0254;3,7658;58,5938;
2026 02 03 08:01:27:110;0,313;13;2;13,5498;1,0475;51,0254;3,7658;58,5938;
2026 02 03 08:01:27:112;0,313;13;2;13,5498;1,0475;51,0254;3,7658;58,5938;
2026 02 03 08:01:27:114;0,313;13;2;13,5498;1,0475;51,0254;3,7658;58,5938;
2026 02 03 08:01:27:116;0,313;13;2;13,5498;1,0475;51,0254;3,7658;58,5938;
2026 02 03 08:01:27:118;0,313;13;2;13,5498;1,0475;51,0254;3,7658;82,0313;
2026 02 03 08:01:27:120;0,313;13;2;13,5498;1,0475;51,0254;3,7658;82,0313;
2026 02 03 08:01:27:122;0,313;13;2;13,5498;1,0475;51,0254;3,7658;58,5938;
2026 02 03 08:01:27:124;0,313;13;2;13,5498;1,0475;51,0254;3,7658;39,0625;
2026 02 03 08:01:27:126;0,313;13;2;13,5498;1,0475;51,0254;3,7658;50,7813;
2026 02 03 08:01:27:128;0,313;13;2;13,5498;1,0475;51,0254;3,7658;58,5938;
2026 02 03 08:01:27:130;0,313;13;2;13,5498;1,0475;51,0254;3,7658;58,5938;
2026 02 03 08:01:27:132;0,313;13;2;13,5498;1,0475;51,0254;3,7658;58,5938;
2026 02 03 08:01:27:134;0,313;13;2;13,5498;1,0475;51,0254;3,7658;58,5938;
2026 02 03 08:01:27:136;0,313;13;2;13,5498;1,0475;51,0254;3,7658;58,5938;
2026 02 03 08:01:27:138;0,313;13;2;13,5498;1,0475;51,0254;3,7658;78,125;
2026 02 03 08:01:27:140;0,313;13;2;13,5498;1,0475;51,0254;3,7658;82,0313;
2026 02 03 08:01:27:142;0,313;13;2;13,5498;1,0475;51,0254;3,7658;58,5938;
2026 02 03 08:01:27:144;0,313;13;2;13,5498;1,0475;51,0254;3,7658;46,875;
2026 02 03 08:01:27:146;0,313;13;2;13,5498;1,0475;51,0254;3,7658;50,7813;
2026 02 03 08:01:27:148;0,313;13;2;13,5498;1,0475;51,0254;3,7658;58,5938;
2026 02 03 08:01:27:150;0,313;13;2;13,5498;1,0475;51,0254;3,7658;58,5938;
2026 02 03 08:01:27:152;0,313;13;2;13,5498;1,0475;51,0254;3,7658;58,5938;
2026 02 03 08:01:27:154;0,313;13;2;13,5498;1,0475;51,0254;3,7658;58,5938;
2026 02 03 08:01:27:156;0,313;13;2;13,5498;1,0475;51,0254;3,7658;58,5938;
2026 02 03 08:01:27:158;0,313;13;2;13,5498;1,0475;51,0254;3,7658;78,125;
2026 02 03 08:01:27:160;0,313;13;2;13,5498;1,0475;51,0254;3,7658;78,125;
2026 02 03 08:01:27:162;0,313;13;2;13,5498;1,0475;51,0254;3,7658;58,5938;
2026 02 03 08:01:27:164;0,313;13;2;13,5498;1,0475;51,0254;3,7658;42,9688;
2026 02 03 08:01:27:166;0,313;13;2;13,5498;1,0475;51,0254;3,7658;50,7813;
2026 02 03 08:01:27:168;0,313;13;2;13,5498;1,0475;51,0254;3,7658;58,5938;
2026 02 03 08:01:27:170;0,313;13;2;13,5498;1,0475;51,0254;3,7658;58,5938;
2026 02 03 08:01:27:172;0,313;13;2;13,5498;1,0475;51,0254;3,7658;58,5938;
2026 02 03 08:01:27:174;0,313;13;2;13,5498;1,0475;51,0254;3,7658;54,6875;
2026 02 03 08:01:27:176;0,313;13;2;13,5498;1,0475;51,0254;3,7658;58,5938;
2026 02 03 08:01:27:178;0,313;13;2;13,5498;1,0475;51,0254;3,7658;78,125;
2026 02 03 08:01:27:180;0,313;13;2;13,5498;1,0475;51,0254;3,7658;82,0313;
2026 02 03 08:01:27:182;0,313;13;2;13,5498;1,0475;51,0254;3,7658;54,6875;
2026 02 03 08:01:27:184;0,313;13;2;13,5498;1,0475;51,0254;3,7658;35,1563;
2026 02 03 08:01:27:186;0,313;13;2;13,5498;1,0475;51,0254;3,7658;50,7813;
2026 02 03 08:01:27:188;0,313;13;2;13,5498;1,0475;51,0254;3,7658;58,5938;
2026 02 03 08:01:27:190;0,313;13;2;13,5498;1,0475;51,0254;3,7658;58,5938;
2026 02 03 08:01:27:192;0,313;13;2;13,5498;1,0475;51,0254;3,7658;58,5938;
2026 02 03 08:01:27:194;0,313;13;2;13,5498;1,0475;51,0254;3,7658;58,5938;
2026 02 03 08:01:27:196;0,313;13;2;13,5498;1,0475;51,0254;3,7658;58,5938;
2026 02 03 08:01:27:198;0,313;13;2;13,5498;1,0475;51,0254;3,7658;82,0313;
2026 02 03 08:01:27:200;0,313;13;2;13,5498;1,0475;51,0254;3,7658;82,0313;
2026 02 03 08:01:27:202;0,313;13;2;13,5498;1,0475;51,0254;3,7658;58,5938;
2026 02 03 08:01:27:204;0,313;13;2;13,5498;1,0475;51,0254;3,7658;42,9688;
2026 02 03 08:01:27:206;0,313;13;2;13,5498;1,0475;51,0254;3,7658;50,7813;
2026 02 03 08:01:27:208;0,313;13;2;13,5498;1,0475;51,0254;3,7658;58,5938;
2026 02 03 08:01:27:210;0,313;13;2;13,5498;1,0475;51,0254;3,7658;54,6875;
2026 02 03 08:01:27:212;0,313;13;2;13,5498;1,0475;51,0254;3,7658;58,5938;
2026 02 03 08:01:27:214;0,313;13;2;13,5498;1,0475;51,0254;3,7658;58,5938;
2026 02 03 08:01:27:216;0,313;13;2;13,5498;1,0475;51,0254;3,7658;58,5938;
2026 02 03 08:01:27:218;0,313;13;2;13,5498;1,0475;51,0254;3,7658;78,125;
2026 02 03 08:01:27:220;0,313;13;2;13,5498;1,0475;51,0254;3,7658;82,0313;
2026 02 03 08:01:27:222;0,313;13;2;13,5498;1,0475;51,0254;3,7658;58,5938;
2026 02 03 08:01:27:224;0,313;13;2;13,5498;1,0475;51,0254;3,7658;39,0625;
2026 02 03 08:01:27:226;0,313;13;2;13,5498;1,0475;51,0254;3,7658;50,7813;
2026 02 03 08:01:27:228;0,313;13;2;13,5498;1,0475;51,0254;3,7658;58,5938;
2026 02 03 08:01:27:230;0,313;13;2;13,5498;1,0475;51,0254;3,7658;54,6875;
2026 02 03 08:01:27:232;0,313;13;2;13,5498;1,0475;51,0254;3,7658;58,5938;
2026 02 03 08:01:27:234;0,313;13;2;13,5498;1,0475;51,0254;3,7658;54,6875;
2026 02 03 08:01:27:236;0,313;13;2;13,5498;1,0475;51,0254;3,7658;58,5938;
2026 02 03 08:01:27:238;0,313;13;2;13,5498;1,0475;51,0254;3,7658;78,125;
2026 02 03 08:01:27:240;0,313;13;2;13,5498;1,0475;51,0254;3,7658;85,9375;
2026 02 03 08:01:27:242;0,313;13;2;13,5498;1,0475;51,0254;3,7658;58,5938;
2026 02 03 08:01:27:244;0,313;13;2;13,5498;1,0475;51,0254;3,7658;46,875;
2026 02 03 08:01:27:246;0,313;13;2;13,5498;1,0475;51,0254;3,7658;50,7813;
2026 02 03 08:01:27:248;0,313;13;2;13,5498;1,0475;51,0254;3,7658;58,5938;
2026 02 03 08:01:27:250;0,313;13;2;13,5498;1,0475;51,0254;3,7658;54,6875;
2026 02 03 08:01:27:252;0,313;13;2;13,5498;1,0475;51,0254;3,7658;58,5938;
2026 02 03 08:01:27:254;0,313;13;2;13,5498;1,0475;51,0254;3,7658;58,5938;
2026 02 03 08:01:27:256;0,313;13;2;13,5498;1,0475;51,0254;3,7658;58,5938;
2026 02 03 08:01:27:258;0,313;13;2;13,5498;1,0475;51,0254;3,7658;78,125;
2026 02 03 08:01:27:260;0,313;13;2;13,5498;1,0475;51,0254;3,7658;78,125;
2026 02 03 08:01:27:262;0,313;13;2;13,5498;1,0475;51,0254;3,7658;58,5938;
2026 02 03 08:01:27:264;0,313;13;2;13,5498;1,0475;51,0254;3,7658;39,0625;
2026 02 03 08:01:27:266;0,313;13;2;13,5498;1,0475;51,0254;3,7658;50,7813;
2026 02 03 08:01:27:268;0,313;13;2;13,5498;1,0475;51,0254;3,7658;58,5938;
2026 02 03 08:01:27:270;0,313;13;2;13,5498;1,0475;51,0254;3,7658;54,6875;
2026 02 03 08:01:27:272;0,313;13;2;13,5498;1,0475;51,0254;3,7658;58,5938;
2026 02 03 08:01:27:274;0,313;13;2;13,5498;1,0475;51,0254;3,7658;54,6875;
2026 02 03 08:01:27:276;0,313;13;2;13,5498;1,0475;51,0254;3,7658;54,6875;
2026 02 03 08:01:27:278;0,313;13;2;13,5498;1,0475;51,0254;3,7658;78,125;
2026 02 03 08:01:27:280;0,313;13;2;13,5498;1,0475;51,0254;3,7658;78,125;
2026 02 03 08:01:27:282;0,313;13;2;13,5498;1,0475;51,0254;3,7658;54,6875;
2026 02 03 08:01:27:284;0,313;13;2;13,5498;1,0475;51,0254;3,7658;42,9688;
2026 02 03 08:01:27:286;0,313;13;2;13,5498;1,0475;51,0254;3,7658;50,7813;
2026 02 03 08:01:27:288;0,313;13;2;13,5498;1,0475;51,0254;3,7658;58,5938;
2026 02 03 08:01:27:290;0,313;13;2;13,5498;1,0475;51,0254;3,7658;58,5938;
2026 02 03 08:01:27:292;0,313;13;2;13,5498;1,0475;51,0254;3,7658;54,6875;
2026 02 03 08:01:27:294;0,313;13;2;13,5498;1,0475;51,0254;3,7658;54,6875;
2026 02 03 08:01:27:296;0,313;13;2;13,5498;1,0475;51,0254;3,7658;58,5938;
2026 02 03 08:01:27:298;0,313;13;2;13,5498;1,0475;51,0254;3,7658;78,125;
2026 02 03 08:01:27:300;0,313;13;2;13,5498;1,0475;51,0254;3,7658;78,125;
2026 02 03 08:01:27:302;0,313;13;2;13,5498;1,0475;51,0254;3,7658;58,5938;
2026 02 03 08:01:27:304;0,313;13;2;13,5498;1,0475;51,0254;3,7658;42,9688;
2026 02 03 08:01:27:306;0,313;13;2;13,5498;1,0475;51,0254;3,7658;50,7813;
2026 02 03 08:01:27:308;0,313;13;2;13,5498;1,0475;51,0254;3,7658;58,5938;
2026 02 03 08:01:27:310;0,313;13;2;13,5498;1,0475;51,0254;3,7658;54,6875;
2026 02 03 08:01:27:312;0,313;13;2;13,5498;1,0475;51,0254;3,7658;58,5938;
2026 02 03 08:01:27:314;0,313;13;2;13,5498;1,0475;51,0254;3,7658;54,6875;
2026 02 03 08:01:27:316;0,313;13;2;13,5498;1,0475;51,0254;3,7658;58,5938;
2026 02 03 08:01:27:318;0,313;13;2;13,5498;1,0475;51,0254;3,7658;78,125;
2026 02 03 08:01:27:320;0,313;13;2;13,5498;1,0475;51,0254;3,7658;82,0313;
2026 02 03 08:01:27:322;0,313;13;2;13,5498;1,0475;51,0254;3,7658;54,6875;
2026 02 03 08:01:27:324;0,313;13;2;13,5498;1,0475;51,0254;3,7658;39,0625;
2026 02 03 08:01:27:326;0,313;13;2;13,5498;1,0475;51,0254;3,7658;50,7813;
2026 02 03 08:01:27:328;0,313;13;2;13,5498;1,0475;51,0254;3,7658;54,6875;
2026 02 03 08:01:27:330;0,313;13;2;13,5498;1,0475;51,0254;3,7658;54,6875;
2026 02 03 08:01:27:332;0,313;13;2;13,5498;1,0475;51,0254;3,7658;58,5938;
2026 02 03 08:01:27:334;0,313;13;2;13,5498;1,0475;51,0254;3,7658;54,6875;
2026 02 03 08:01:27:336;0,313;13;2;13,5498;1,0475;51,0254;3,7658;54,6875;
2026 02 03 08:01:27:338;0,313;13;2;13,5498;1,0475;51,0254;3,7658;78,125;
2026 02 03 08:01:27:340;0,313;13;2;13,5498;1,0475;51,0254;3,7658;85,9375;
2026 02 03 08:01:27:342;0,313;13;2;13,5498;1,0475;51,0254;3,7658;58,5938;
2026 02 03 08:01:27:344;0,313;13;2;13,5498;1,0475;51,0254;3,7658;42,9688;
2026 02 03 08:01:27:346;0,313;13;2;13,5498;1,0475;51,0254;3,7658;50,7813;
2026 02 03 08:01:27:348;0,313;13;2;13,5498;1,0475;51,0254;3,7658;58,5938;
2026 02 03 08:01:27:350;0,313;13;2;13,5498;1,0475;51,0254;3,7658;54,6875;
2026 02 03 08:01:27:352;0,313;13;2;13,5498;1,0475;51,0254;3,7658;58,5938;
2026 02 03 08:01:27:354;0,313;13;2;13,5498;1,0475;51,0254;3,7658;54,6875;
2026 02 03 08:01:27:356;0,313;13;2;13,5498;1,0475;51,0254;3,7658;58,5938;
2026 02 03 08:01:27:358;0,313;13;2;13,5498;1,0475;51,0254;3,7658;78,125;
2026 02 03 08:01:27:360;0,313;13;2;13,5498;1,0475;51,0254;3,7658;78,125;
2026 02 03 08:01:27:362;0,313;13;2;13,5498;1,0475;51,0254;3,7658;54,6875;
2026 02 03 08:01:27:364;0,313;13;2;13,5498;1,0475;51,0254;3,7658;39,0625;
2026 02 03 08:01:27:366;0,313;13;2;13,5498;1,0475;51,0254;3,7658;50,7813;
2026 02 03 08:01:27:368;0,313;13;2;13,5498;1,0475;51,0254;3,7658;58,5938;
2026 02 03 08:01:27:370;0,313;13;2;13,5498;1,0475;51,0254;3,7658;54,6875;
2026 02 03 08:01:27:372;0,313;13;2;13,5498;1,0475;51,0254;3,7658;58,5938;
2026 02 03 08:01:27:374;0,313;13;2;13,5498;1,0475;51,0254;3,7658;54,6875;
2026 02 03 08:01:27:376;0,313;13;2;13,5498;1,0475;51,0254;3,7658;58,5938;
2026 02 03 08:01:27:378;0,313;13;2;13,5651;1,0056;52,6276;3,8796;78,125;
2026 02 03 08:01:27:380;0,313;13;2;13,5651;1,0056;52,6276;3,8796;82,0313;
2026 02 03 08:01:27:382;0,313;13;2;13,5651;1,0056;52,6276;3,8796;54,6875;
2026 02 03 08:01:27:384;0,313;13;2;13,5651;1,0056;52,6276;3,8796;42,9688;
2026 02 03 08:01:27:386;0,313;13;2;13,5651;1,0056;52,6276;3,8796;50,7813;
2026 02 03 08:01:27:388;0,313;13;2;13,5651;1,0056;52,6276;3,8796;58,5938;
2026 02 03 08:01:27:390;0,313;13;2;13,5651;1,0056;52,6276;3,8796;54,6875;
2026 02 03 08:01:27:392;0,313;13;2;13,5651;1,0056;52,6276;3,8796;58,5938;
2026 02 03 08:01:27:394;0,313;13;2;13,5651;1,0056;52,6276;3,8796;54,6875;
2026 02 03 08:01:27:396;0,313;13;2;13,5651;1,0056;52,6276;3,8796;58,5938;
2026 02 03 08:01:27:398;0,313;13;2;13,5651;1,0056;52,6276;3,8796;78,125;
2026 02 03 08:01:27:400;0,313;13;2;13,5651;1,0056;52,6276;3,8796;78,125;
2026 02 03 08:01:27:402;0,313;13;2;13,5651;1,0056;52,6276;3,8796;58,5938;
2026 02 03 08:01:27:404;0,313;13;2;13,5651;1,0056;52,6276;3,8796;42,9688;
2026 02 03 08:01:27:406;0,313;13;2;13,5651;1,0056;52,6276;3,8796;50,7813;
2026 02 03 08:01:27:408;0,313;13;2;13,5651;1,0056;52,6276;3,8796;54,6875;
2026 02 03 08:01:27:410;0,313;13;2;13,5651;1,0056;52,6276;3,8796;54,6875;
2026 02 03 08:01:27:412;0,313;13;2;13,5651;1,0056;52,6276;3,8796;54,6875;
2026 02 03 08:01:27:414;0,313;13;2;13,5651;1,0056;52,6276;3,8796;54,6875;
2026 02 03 08:01:27:416;0,313;13;2;13,5651;1,0056;52,6276;3,8796;58,5938;
2026 02 03 08:01:27:418;0,313;13;2;13,5651;1,0056;52,6276;3,8796;78,125;
2026 02 03 08:01:27:420;0,313;13;2;13,5651;1,0056;52,6276;3,8796;78,125;
2026 02 03 08:01:27:422;0,313;13;2;13,5651;1,0056;52,6276;3,8796;54,6875;
2026 02 03 08:01:27:424;0,313;13;2;13,5651;1,0056;52,6276;3,8796;35,1563;
2026 02 03 08:01:27:426;0,313;13;2;13,5651;1,0056;52,6276;3,8796;50,7813;
2026 02 03 08:01:27:428;0,313;13;2;13,5651;1,0056;52,6276;3,8796;58,5938;
2026 02 03 08:01:27:430;0,313;13;2;13,5651;1,0056;52,6276;3,8796;54,6875;
2026 02 03 08:01:27:432;0,313;13;2;13,5651;1,0056;52,6276;3,8796;54,6875;
2026 02 03 08:01:27:434;0,313;13;2;13,5651;1,0056;52,6276;3,8796;54,6875;
2026 02 03 08:01:27:436;0,313;13;2;13,5651;1,0056;52,6276;3,8796;58,5938;
2026 02 03 08:01:27:438;0,313;13;2;13,5651;1,0056;52,6276;3,8796;78,125;
2026 02 03 08:01:27:440;0,313;13;2;13,5651;1,0056;52,6276;3,8796;82,0313;
2026 02 03 08:01:27:442;0,313;13;2;13,5651;1,0056;52,6276;3,8796;54,6875;
2026 02 03 08:01:27:444;0,313;13;2;13,5651;1,0056;52,6276;3,8796;39,0625;
2026 02 03 08:01:27:446;0,313;13;2;13,5651;1,0056;52,6276;3,8796;50,7813;
2026 02 03 08:01:27:448;0,313;13;2;13,5651;1,0056;52,6276;3,8796;54,6875;
2026 02 03 08:01:27:450;0,313;13;2;13,5651;1,0056;52,6276;3,8796;54,6875;
2026 02 03 08:01:27:452;0,313;13;2;13,5651;1,0056;52,6276;3,8796;54,6875;
2026 02 03 08:01:27:454;0,313;13;2;13,5651;1,0056;52,6276;3,8796;54,6875;
2026 02 03 08:01:27:456;0,313;13;2;13,5651;1,0056;52,6276;3,8796;58,5938;
2026 02 03 08:01:27:458;0,313;13;2;13,5651;1,0056;52,6276;3,8796;74,2188;
2026 02 03 08:01:27:460;0,313;13;2;13,5651;1,0056;52,6276;3,8796;78,125;
2026 02 03 08:01:27:462;0,313;13;2;13,5651;1,0056;52,6276;3,8796;54,6875;
2026 02 03 08:01:27:464;0,313;13;2;13,5651;1,0056;52,6276;3,8796;35,1563;
2026 02 03 08:01:27:466;0,313;13;2;13,5651;1,0056;52,6276;3,8796;50,7813;
2026 02 03 08:01:27:468;0,313;13;2;13,5651;1,0056;52,6276;3,8796;54,6875;
2026 02 03 08:01:27:470;0,313;13;2;13,5651;1,0056;52,6276;3,8796;54,6875;
2026 02 03 08:01:27:472;0,313;13;2;13,5651;1,0056;52,6276;3,8796;54,6875;
2026 02 03 08:01:27:474;0,313;13;2;13,5651;1,0056;52,6276;3,8796;58,5938;
2026 02 03 08:01:27:476;0,313;13;2;13,5651;1,0056;52,6276;3,8796;54,6875;
2026 02 03 08:01:27:478;0,313;13;2;13,5651;1,0056;52,6276;3,8796;74,2188;
2026 02 03 08:01:27:480;0,313;13;2;13,5651;1,0056;52,6276;3,8796;82,0313;
2026 02 03 08:01:27:482;0,313;13;2;13,5651;1,0056;52,6276;3,8796;58,5938;
2026 02 03 08:01:27:484;0,313;13;2;13,5651;1,0056;52,6276;3,8796;42,9688;
2026 02 03 08:01:27:486;0,313;13;2;13,5651;1,0056;52,6276;3,8796;46,875;
2026 02 03 08:01:27:488;0,313;13;2;13,5651;1,0056;52,6276;3,8796;54,6875;
2026 02 03 08:01:27:490;0,313;13;2;13,5651;1,0056;52,6276;3,8796;54,6875;
2026 02 03 08:01:27:492;0,313;13;2;13,5651;1,0056;52,6276;3,8796;54,6875;
2026 02 03 08:01:27:494;0,313;13;2;13,5651;1,0056;52,6276;3,8796;54,6875;
2026 02 03 08:01:27:496;0,313;13;2;13,5651;1,0056;52,6276;3,8796;54,6875;
2026 02 03 08:01:27:498;0,313;13;2;13,5651;1,0056;52,6276;3,8796;74,2188;
2026 02 03 08:01:27:500;0,313;13;2;13,5651;1,0056;52,6276;3,8796;74,2188;
2026 02 03 08:01:27:502;0,313;13;2;13,5651;1,0056;52,6276;3,8796;54,6875;
2026 02 03 08:01:27:504;0,313;13;2;13,5651;1,0056;52,6276;3,8796;39,0625;
2026 02 03 08:01:27:506;0,313;13;2;13,5651;1,0056;52,6276;3,8796;50,7813;
2026 02 03 08:01:27:508;0,313;13;2;13,5651;1,0056;52,6276;3,8796;54,6875;
2026 02 03 08:01:27:510;0,313;13;2;13,5651;1,0056;52,6276;3,8796;54,6875;
2026 02 03 08:01:27:512;0,313;13;2;13,5651;1,0056;52,6276;3,8796;54,6875;
2026 02 03 08:01:27:514;0,313;13;2;13,5651;1,0056;52,6276;3,8796;54,6875;
2026 02 03 08:01:27:516;0,313;13;2;13,5651;1,0056;52,6276;3,8796;54,6875;
2026 02 03 08:01:27:518;0,313;13;2;13,5651;1,0056;52,6276;3,8796;74,2188;
2026 02 03 08:01:27:520;0,313;13;2;13,5651;1,0056;52,6276;3,8796;74,2188;
2026 02 03 08:01:27:522;0,313;13;2;13,5651;1,0056;52,6276;3,8796;54,6875;
2026 02 03 08:01:27:524;0,313;13;2;13,5651;1,0056;52,6276;3,8796;27,3438;
2026 02 03 08:01:27:526;0,313;13;2;13,5651;1,0056;52,6276;3,8796;46,875;
2026 02 03 08:01:27:528;0,313;13;2;13,5651;1,0056;52,6276;3,8796;54,6875;
2026 02 03 08:01:27:530;0,313;13;2;13,5651;1,0056;52,6276;3,8796;54,6875;
2026 02 03 08:01:27:532;0,313;13;2;13,5651;1,0056;52,6276;3,8796;54,6875;
2026 02 03 08:01:27:534;0,313;13;2;13,5651;1,0056;52,6276;3,8796;54,6875;
2026 02 03 08:01:27:536;0,313;13;2;13,5651;1,0056;52,6276;3,8796;54,6875;
2026 02 03 08:01:27:538;0,313;13;2;13,5651;1,0056;52,6276;3,8796;74,2188;
2026 02 03 08:01:27:540;0,313;13;2;13,5651;1,0056;52,6276;3,8796;74,2188;
2026 02 03 08:01:27:542;0,313;13;2;13,5651;1,0056;52,6276;3,8796;54,6875;
2026 02 03 08:01:27:544;0,313;13;2;13,5651;1,0056;52,6276;3,8796;35,1563;
2026 02 03 08:01:27:546;0,313;13;2;13,5651;1,0056;52,6276;3,8796;50,7813;
2026 02 03 08:01:27:548;0,313;13;2;13,5651;1,0056;52,6276;3,8796;54,6875;
2026 02 03 08:01:27:550;0,313;13;2;13,5651;1,0056;52,6276;3,8796;54,6875;
2026 02 03 08:01:27:552;0,313;13;2;13,5651;1,0056;52,6276;3,8796;54,6875;
2026 02 03 08:01:27:554;0,313;13;2;13,5651;1,0056;52,6276;3,8796;54,6875;
2026 02 03 08:01:27:556;0,313;13;2;13,5651;1,0056;52,6276;3,8796;54,6875;
2026 02 03 08:01:27:558;0,313;13;2;13,5651;1,0056;52,6276;3,8796;74,2188;
2026 02 03 08:01:27:560;0,313;13;2;13,5651;1,0056;52,6276;3,8796;74,2188;
2026 02 03 08:01:27:562;0,313;13;2;13,5651;1,0056;52,6276;3,8796;54,6875;
2026 02 03 08:01:27:564;0,313;13;2;13,5651;1,0056;52,6276;3,8796;31,25;
2026 02 03 08:01:27:566;0,313;13;2;13,5651;1,0056;52,6276;3,8796;46,875;
2026 02 03 08:01:27:568;0,313;13;2;13,5651;1,0056;52,6276;3,8796;54,6875;
2026 02 03 08:01:27:570;0,313;13;2;13,5651;1,0056;52,6276;3,8796;54,6875;
2026 02 03 08:01:27:572;0,313;13;2;13,5651;1,0056;52,6276;3,8796;54,6875;
2026 02 03 08:01:27:574;0,313;13;2;13,5651;1,0056;52,6276;3,8796;54,6875;
2026 02 03 08:01:27:576;0,313;13;2;13,5651;1,0056;52,6276;3,8796;54,6875;
2026 02 03 08:01:27:578;0,313;13;2;13,5651;1,0056;52,6276;3,8796;74,2188;
2026 02 03 08:01:27:580;0,313;13;2;13,5651;1,0056;52,6276;3,8796;78,125;
2026 02 03 08:01:27:582;0,313;13;2;13,5651;1,0056;52,6276;3,8796;54,6875;
2026 02 03 08:01:27:584;0,313;13;2;13,5651;1,0056;52,6276;3,8796;31,25;
2026 02 03 08:01:27:586;0,313;13;2;13,5651;1,0056;52,6276;3,8796;46,875;
2026 02 03 08:01:27:588;0,313;13;2;13,5651;1,0056;52,6276;3,8796;54,6875;
2026 02 03 08:01:27:590;0,313;13;2;13,5651;1,0056;52,6276;3,8796;54,6875;
2026 02 03 08:01:27:592;0,313;13;2;13,5651;1,0056;52,6276;3,8796;54,6875;
2026 02 03 08:01:27:594;0,313;13;2;13,5651;1,0056;52,6276;3,8796;54,6875;
2026 02 03 08:01:27:596;0,313;13;2;13,5651;1,0056;52,6276;3,8796;54,6875;
2026 02 03 08:01:27:598;0,313;13;2;13,5651;1,0056;52,6276;3,8796;74,2188;
2026 02 03 08:01:27:600;0,313;13;2;13,5651;1,0056;52,6276;3,8796;74,2188;
2026 02 03 08:01:27:602;0,313;13;2;13,5651;1,0056;52,6276;3,8796;54,6875;
2026 02 03 08:01:27:604;0,313;13;2;13,5651;1,0056;52,6276;3,8796;31,25;
2026 02 03 08:01:27:606;0,313;13;2;13,5651;1,0056;52,6276;3,8796;46,875;
2026 02 03 08:01:27:608;0,313;13;2;13,5651;1,0056;52,6276;3,8796;54,6875;
2026 02 03 08:01:27:610;0,313;13;2;13,5651;1,0056;52,6276;3,8796;50,7813;
2026 02 03 08:01:27:612;0,313;13;2;13,5651;1,0056;52,6276;3,8796;54,6875;
2026 02 03 08:01:27:614;0,313;13;2;13,5651;1,0056;52,6276;3,8796;50,7813;
2026 02 03 08:01:27:616;0,313;13;2;13,5651;1,0056;52,6276;3,8796;54,6875;
2026 02 03 08:01:27:618;0,313;13;2;13,5651;1,0056;52,6276;3,8796;70,3125;
2026 02 03 08:01:27:620;0,313;13;2;13,5651;1,0056;52,6276;3,8796;74,2188;
2026 02 03 08:01:27:622;0,313;13;2;13,5651;1,0056;52,6276;3,8796;50,7813;
2026 02 03 08:01:27:624;0,313;13;2;13,5651;1,0056;52,6276;3,8796;31,25;
2026 02 03 08:01:27:626;0,313;13;2;13,5651;1,0056;52,6276;3,8796;46,875;
2026 02 03 08:01:27:628;0,313;13;2;13,5651;1,0056;52,6276;3,8796;54,6875;
2026 02 03 08:01:27:630;0,313;13;2;13,5651;1,0056;52,6276;3,8796;54,6875;
2026 02 03 08:01:27:632;0,313;13;2;13,5651;1,0056;52,6276;3,8796;54,6875;
2026 02 03 08:01:27:634;0,313;13;2;13,5651;1,0056;52,6276;3,8796;54,6875;
2026 02 03 08:01:27:636;0,313;13;2;13,5651;1,0056;52,6276;3,8796;54,6875;
2026 02 03 08:01:27:638;0,313;13;2;13,5651;1,0056;52,6276;3,8796;74,2188;
2026 02 03 08:01:27:640;0,313;13;2;13,5651;1,0056;52,6276;3,8796;70,3125;
2026 02 03 08:01:27:642;0,313;13;2;13,5651;1,0056;52,6276;3,8796;54,6875;
2026 02 03 08:01:27:644;0,313;13;2;13,5651;1,0056;52,6276;3,8796;31,25;
2026 02 03 08:01:27:646;0,313;13;2;13,5651;1,0056;52,6276;3,8796;46,875;
2026 02 03 08:01:27:648;0,313;13;2;13,5651;1,0056;52,6276;3,8796;54,6875;
2026 02 03 08:01:27:650;0,313;13;2;13,5651;1,0056;52,6276;3,8796;54,6875;
2026 02 03 08:01:27:652;0,313;13;2;13,5651;1,0056;52,6276;3,8796;54,6875;
2026 02 03 08:01:27:654;0,313;13;2;13,5651;1,0056;52,6276;3,8796;54,6875;
2026 02 03 08:01:27:656;0,313;13;2;13,5651;1,0056;52,6276;3,8796;54,6875;
2026 02 03 08:01:27:658;0,313;13;2;13,5651;1,0056;52,6276;3,8796;74,2188;
2026 02 03 08:01:27:660;0,313;13;2;13,5651;1,0056;52,6276;3,8796;74,2188;
2026 02 03 08:01:27:662;0,313;13;2;13,5651;1,0056;52,6276;3,8796;54,6875;
2026 02 03 08:01:27:664;0,313;13;2;13,5651;1,0056;52,6276;3,8796;27,3438;
