Timestamp,Distance of optic sensor 0 [mm],Distance of optic sensor 1 [mm],RMS velocity spectrum ISO 10816 X [mm/s],RMS acceleration X [mg],RMS acceleration envelope X [mg],RMS raw data with frequency brands X [mg],Kurtosis method X [[1]],Peak to peak X [mg],Crest factor X [[1]],Analog raw input X [mg]
2026 03 12 12:13:14:896,-3.9675,-6.78875,"0,26",11,1,"11,28","0,58","37,06","3,29","15,63"
2026 03 12 12:13:14:898,-3.9675,-6.78875,"0,26",11,1,"11,28","0,58","37,06","3,29","19,53"
2026 03 12 12:13:14:900,-3.9985,-6.78875,"0,26",11,1,"11,28","0,58","37,06","3,29","11,72"
2026 03 12 12:13:14:902,-3.9985,-6.78875,"0,26",11,1,"11,28","0,58","37,06","3,29",0
2026 03 12 12:13:14:904,-3.9675,-6.70125,"0,26",11,1,"11,28","0,58","37,06","3,29","-11,72"
2026 03 12 12:13:14:906,-3.9334,-6.87625,"0,26",11,1,"11,28","0,58","37,06","3,29","-19,53"
2026 03 12 12:13:14:908,-3.9334,-6.78875,"0,26",11,1,"11,28","0,58","37,06","3,29","7,81"
2026 03 12 12:13:14:910,-3.9334,-6.78875,"0,26",11,1,"11,28","0,58","37,06","3,29","7,81"
2026 03 12 12:13:14:912,-3.9675,-6.78875,"0,26",11,1,"11,28","0,58","37,06","3,29","7,81"
2026 03 12 12:13:14:914,-3.9675,-6.78875,"0,26",11,1,"11,28","0,58","37,06","3,29","7,81"
2026 03 12 12:13:14:916,-3.9675,-6.78875,"0,26",11,1,"11,28","0,58","37,06","3,29","15,63"
2026 03 12 12:13:14:918,-3.9675,-6.78875,"0,26",11,1,"11,28","0,58","37,06","3,29","23,44"
2026 03 12 12:13:14:920,-3.9334,-6.78875,"0,26",11,1,"11,28","0,58","37,06","3,29","11,72"
2026 03 12 12:13:14:922,-3.9675,-6.78875,"0,26",11,1,"11,28","0,58","37,06","3,29",0
2026 03 12 12:13:14:924,-3.9675,-6.78875,"0,26",11,1,"11,28","0,58","37,06","3,29","-11,72"
2026 03 12 12:13:14:926,-3.9985,-6.78875,"0,26",11,1,"11,28","0,58","37,06","3,29","-19,53"
2026 03 12 12:13:14:928,-3.9675,-6.78875,"0,26",11,1,"11,28","0,58","37,06","3,29","7,81"
2026 03 12 12:13:14:930,-3.9675,-6.70125,"0,26",11,1,"11,28","0,58","37,06","3,29","3,91"
2026 03 12 12:13:14:932,-3.9675,-6.78875,"0,26",11,1,"11,28","0,58","37,06","3,29","7,81"
2026 03 12 12:13:14:934,-3.9334,-6.78875,"0,26",11,1,"11,28","0,58","37,06","3,29","7,81"
2026 03 12 12:13:14:936,-3.9985,-6.78875,"0,26",11,1,"11,31","0,59","37,35","3,3","15,63"
2026 03 12 12:13:14:938,-3.9675,-6.70125,"0,26",11,1,"11,31","0,59","37,35","3,3","23,44"
2026 03 12 12:13:14:940,-3.9675,-6.78875,"0,26",11,1,"11,31","0,59","37,35","3,3","15,63"
2026 03 12 12:13:14:942,-3.9675,-6.87625,"0,26",11,1,"11,31","0,59","37,35","3,3",0
2026 03 12 12:13:14:944,-3.9675,-6.70125,"0,26",11,1,"11,31","0,59","37,35","3,3","-11,72"
2026 03 12 12:13:14:946,-3.9675,-6.78875,"0,26",11,1,"11,31","0,59","37,35","3,3","-19,53"
2026 03 12 12:13:14:948,-3.9675,-6.70125,"0,26",11,1,"11,31","0,59","37,35","3,3","7,81"
2026 03 12 12:13:14:950,-3.9334,-6.78875,"0,26",11,1,"11,31","0,59","37,35","3,3","7,81"
2026 03 12 12:13:14:952,-3.9675,-6.78875,"0,26",11,1,"11,31","0,59","37,35","3,3","7,81"
2026 03 12 12:13:14:954,-3.9675,-6.78875,"0,26",11,1,"11,31","0,59","37,35","3,3","3,91"
2026 03 12 12:13:14:956,-3.9675,-6.78875,"0,26",11,1,"11,31","0,59","37,35","3,3","15,63"
2026 03 12 12:13:14:958,-3.9675,-6.78875,"0,26",11,1,"11,31","0,59","37,35","3,3","23,44"
2026 03 12 12:13:14:960,-3.9985,-6.87625,"0,26",11,1,"11,31","0,59","37,35","3,3","11,72"
2026 03 12 12:13:14:962,-3.9334,-6.78875,"0,26",11,1,"11,31","0,59","37,35","3,3",0
2026 03 12 12:13:14:964,-3.9985,-6.78875,"0,26",11,1,"11,31","0,59","37,35","3,3","-11,72"
2026 03 12 12:13:14:966,-3.9675,-6.78875,"0,26",11,1,"11,31","0,59","37,35","3,3","-19,53"
2026 03 12 12:13:14:968,-3.9675,-6.78875,"0,26",11,1,"11,31","0,59","37,35","3,3","7,81"
2026 03 12 12:13:14:970,-3.9675,-6.78875,"0,26",11,1,"11,31","0,59","37,35","3,3","3,91"
2026 03 12 12:13:14:972,-3.9334,-6.78875,"0,26",11,1,"11,31","0,59","37,35","3,3","7,81"
2026 03 12 12:13:14:974,-3.9675,-6.78875,"0,26",11,1,"11,31","0,59","37,35","3,3","7,81"
2026 03 12 12:13:14:976,-3.9675,-6.78875,"0,26",11,1,"11,31","0,59","37,35","3,3","15,63"
2026 03 12 12:13:14:978,-3.9675,-6.70125,"0,26",11,1,"11,31","0,59","37,35","3,3","23,44"
2026 03 12 12:13:14:980,-3.9675,-6.78875,"0,26",11,1,"11,31","0,59","37,35","3,3","15,63"
2026 03 12 12:13:14:982,-3.9675,-6.70125,"0,26",11,1,"11,31","0,59","37,35","3,3",0
2026 03 12 12:13:14:984,-3.9985,-6.70125,"0,26",11,1,"11,31","0,59","37,35","3,3","-15,62"
2026 03 12 12:13:14:986,-3.9675,-6.78875,"0,26",11,1,"11,31","0,59","37,35","3,3","-15,62"
2026 03 12 12:13:14:988,-3.9675,-6.78875,"0,26",11,1,"11,31","0,59","37,35","3,3","3,91"
2026 03 12 12:13:14:990,-3.9985,-6.78875,"0,26",11,1,"11,31","0,59","37,35","3,3","7,81"
2026 03 12 12:13:14:992,-3.9675,-6.78875,"0,26",11,1,"11,31","0,59","37,35","3,3","7,81"
2026 03 12 12:13:14:994,-3.9675,-6.78875,"0,26",11,1,"11,31","0,59","37,35","3,3","3,91"
2026 03 12 12:13:14:996,-3.9675,-6.78875,"0,26",11,1,"11,31","0,59","37,35","3,3","15,63"
2026 03 12 12:13:14:998,-3.9675,-6.70125,"0,26",11,1,"11,31","0,59","37,35","3,3","23,44"
2026 03 12 12:13:15:000,-3.9675,-6.78875,"0,26",11,1,"11,31","0,59","37,35","3,3","15,63"
2026 03 12 12:13:15:002,-3.9675,-6.78875,"0,26",11,1,"11,31","0,59","37,35","3,3",0
2026 03 12 12:13:15:004,-3.9675,-6.78875,"0,26",11,1,"11,31","0,59","37,35","3,3","-11,72"
2026 03 12 12:13:15:006,-3.9675,-6.78875,"0,26",11,1,"11,31","0,59","37,35","3,3","-19,53"
2026 03 12 12:13:15:008,-3.9675,-6.87625,"0,26",11,1,"11,31","0,59","37,35","3,3","7,81"
2026 03 12 12:13:15:010,-3.9985,-6.78875,"0,26",11,1,"11,31","0,59","37,35","3,3","7,81"
2026 03 12 12:13:15:012,-3.9334,-6.78875,"0,26",11,1,"11,31","0,59","37,35","3,3","7,81"
2026 03 12 12:13:15:014,-3.9675,-6.78875,"0,26",11,1,"11,31","0,59","37,35","3,3","7,81"
2026 03 12 12:13:15:016,-3.9985,-6.78875,"0,26",11,1,"11,31","0,59","37,35","3,3","15,63"
2026 03 12 12:13:15:018,-3.9675,-6.70125,"0,26",11,1,"11,31","0,59","37,35","3,3","23,44"
2026 03 12 12:13:15:020,-3.9675,-6.78875,"0,26",11,1,"11,31","0,59","37,35","3,3","15,63"
2026 03 12 12:13:15:022,-3.9675,-6.78875,"0,26",11,1,"11,31","0,59","37,35","3,3","-3,91"
2026 03 12 12:13:15:024,-3.9675,-6.78875,"0,26",11,1,"11,31","0,59","37,35","3,3","-15,62"
2026 03 12 12:13:15:026,-3.9675,-6.70125,"0,26",11,1,"11,31","0,59","37,35","3,3","-19,53"
2026 03 12 12:13:15:028,-3.9675,-6.78875,"0,26",11,1,"11,31","0,59","37,35","3,3","7,81"
2026 03 12 12:13:15:030,-3.9675,-6.70125,"0,26",11,1,"11,31","0,59","37,35","3,3","3,91"
2026 03 12 12:13:15:032,-3.9675,-6.78875,"0,26",11,1,"11,31","0,59","37,35","3,3","7,81"
2026 03 12 12:13:15:034,-3.9334,-6.70125,"0,26",11,1,"11,31","0,59","37,35","3,3","7,81"
2026 03 12 12:13:15:036,-3.9675,-6.70125,"0,26",11,1,"11,31","0,59","37,35","3,3","15,63"
2026 03 12 12:13:15:038,-3.9675,-6.78875,"0,26",11,1,"11,31","0,59","37,35","3,3","19,53"
2026 03 12 12:13:15:040,-3.9675,-6.78875,"0,26",11,1,"11,31","0,59","37,35","3,3","15,63"
2026 03 12 12:13:15:042,-3.9985,-6.78875,"0,26",11,1,"11,31","0,59","37,35","3,3","-3,91"
2026 03 12 12:13:15:044,-3.9675,-6.78875,"0,26",11,1,"11,31","0,59","37,35","3,3","-11,72"
2026 03 12 12:13:15:046,-3.9985,-6.78875,"0,26",11,1,"11,31","0,59","37,35","3,3","-19,53"
2026 03 12 12:13:15:048,-3.9334,-6.78875,"0,26",11,1,"11,31","0,59","37,35","3,3","7,81"
2026 03 12 12:13:15:050,-3.9675,-6.87625,"0,26",11,1,"11,31","0,59","37,35","3,3","7,81"
2026 03 12 12:13:15:052,-3.9985,-6.78875,"0,26",11,1,"11,31","0,59","37,35","3,3","7,81"
2026 03 12 12:13:15:054,-3.9675,-6.87625,"0,26",11,1,"11,31","0,59","37,35","3,3","7,81"
2026 03 12 12:13:15:056,-3.9334,-6.87625,"0,26",11,1,"11,31","0,59","37,35","3,3","19,53"
2026 03 12 12:13:15:058,-3.9675,-6.78875,"0,26",11,1,"11,31","0,59","37,35","3,3","19,53"
2026 03 12 12:13:15:060,-3.9985,-6.78875,"0,26",11,1,"11,31","0,59","37,35","3,3","11,72"
2026 03 12 12:13:15:062,-3.9675,-6.78875,"0,26",11,1,"11,31","0,59","37,35","3,3","-3,91"
2026 03 12 12:13:15:064,-3.9675,-6.87625,"0,26",11,1,"11,31","0,59","37,35","3,3","-15,62"
2026 03 12 12:13:15:066,-3.9675,-6.78875,"0,26",11,1,"11,31","0,59","37,35","3,3","-19,53"
2026 03 12 12:13:15:068,-3.9675,-6.87625,"0,26",11,1,"11,31","0,59","37,35","3,3","7,81"
2026 03 12 12:13:15:070,-3.9675,-6.78875,"0,26",11,1,"11,31","0,59","37,35","3,3","3,91"
2026 03 12 12:13:15:072,-3.9675,-6.78875,"0,26",11,1,"11,31","0,59","37,35","3,3","7,81"
2026 03 12 12:13:15:074,-3.9675,-6.70125,"0,26",11,1,"11,31","0,59","37,35","3,3","7,81"
2026 03 12 12:13:15:076,-3.9675,-6.78875,"0,26",11,1,"11,31","0,59","37,35","3,3","15,63"
2026 03 12 12:13:15:078,-3.9675,-6.78875,"0,26",11,1,"11,31","0,59","37,35","3,3","23,44"
2026 03 12 12:13:15:080,-3.9675,-6.70125,"0,26",11,1,"11,31","0,59","37,35","3,3","15,63"
2026 03 12 12:13:15:082,-3.9985,-6.78875,"0,26",11,1,"11,31","0,59","37,35","3,3",0
2026 03 12 12:13:15:084,-3.9985,-6.70125,"0,26",11,1,"11,31","0,59","37,35","3,3","-15,62"
2026 03 12 12:13:15:086,-3.9675,-6.87625,"0,26",11,1,"11,31","0,59","37,35","3,3","-23,44"
2026 03 12 12:13:15:088,-3.9985,-6.78875,"0,26",11,1,"11,31","0,59","37,35","3,3","7,81"
2026 03 12 12:13:15:090,-3.9334,-6.78875,"0,26",11,1,"11,31","0,59","37,35","3,3","3,91"
2026 03 12 12:13:15:092,-3.9675,-6.78875,"0,26",11,1,"11,31","0,59","37,35","3,3","7,81"
2026 03 12 12:13:15:094,-3.9675,-6.87625,"0,26",11,1,"11,31","0,59","37,35","3,3","7,81"
2026 03 12 12:13:15:096,-3.9334,-6.78875,"0,26",11,1,"11,31","0,59","37,35","3,3","19,53"
2026 03 12 12:13:15:098,-3.9985,-6.87625,"0,26",11,1,"11,31","0,59","37,35","3,3","19,53"
2026 03 12 12:13:15:100,-3.9675,-6.78875,"0,26",11,1,"11,31","0,59","37,35","3,3","15,63"
2026 03 12 12:13:15:102,-3.9675,-6.78875,"0,26",11,1,"11,31","0,59","37,35","3,3","-3,91"
2026 03 12 12:13:15:104,-3.9334,-6.78875,"0,26",11,1,"11,31","0,59","37,35","3,3","-15,62"
2026 03 12 12:13:15:106,-3.9675,-6.78875,"0,26",11,1,"11,31","0,59","37,35","3,3","-19,53"
2026 03 12 12:13:15:108,-3.9675,-6.78875,"0,26",11,1,"11,31","0,59","37,35","3,3","7,81"
2026 03 12 12:13:15:110,-3.9985,-6.87625,"0,26",11,1,"11,31","0,59","37,35","3,3","7,81"
2026 03 12 12:13:15:112,-3.9675,-6.78875,"0,26",11,1,"11,31","0,59","37,35","3,3","7,81"
2026 03 12 12:13:15:114,-3.9675,-6.78875,"0,26",11,1,"11,31","0,59","37,35","3,3","7,81"
2026 03 12 12:13:15:116,-3.9675,-6.78875,"0,26",11,1,"11,31","0,59","37,35","3,3","15,63"
2026 03 12 12:13:15:118,-3.9675,-6.70125,"0,26",11,1,"11,31","0,59","37,35","3,3","23,44"
2026 03 12 12:13:15:120,-3.9675,-6.78875,"0,26",11,1,"11,31","0,59","37,35","3,3","11,72"
2026 03 12 12:13:15:122,-3.9985,-6.78875,"0,26",11,1,"11,31","0,59","37,35","3,3","-3,91"
2026 03 12 12:13:15:124,-3.9675,-6.70125,"0,26",11,1,"11,31","0,59","37,35","3,3","-15,62"
2026 03 12 12:13:15:126,-3.9675,-6.78875,"0,26",11,1,"11,31","0,59","37,35","3,3","-23,44"
2026 03 12 12:13:15:128,-3.9675,-6.70125,"0,26",11,1,"11,31","0,59","37,35","3,3","7,81"
2026 03 12 12:13:15:130,-3.9675,-6.70125,"0,26",11,1,"11,31","0,59","37,35","3,3","3,91"
2026 03 12 12:13:15:132,-3.9675,-6.78875,"0,26",11,1,"11,31","0,59","37,35","3,3","7,81"
2026 03 12 12:13:15:134,-3.9985,-6.78875,"0,26",11,1,"11,31","0,59","37,35","3,3","7,81"
2026 03 12 12:13:15:136,-3.9985,-6.70125,"0,26",11,1,"11,31","0,59","37,35","3,3","19,53"
2026 03 12 12:13:15:138,-3.9675,-6.70125,"0,26",11,1,"11,31","0,59","37,35","3,3","19,53"
2026 03 12 12:13:15:140,-3.9675,-6.78875,"0,26",11,1,"11,31","0,59","37,35","3,3","11,72"
2026 03 12 12:13:15:142,-3.9675,-6.78875,"0,26",11,1,"11,31","0,59","37,35","3,3","-3,91"
2026 03 12 12:13:15:144,-3.9675,-6.78875,"0,26",11,1,"11,31","0,59","37,35","3,3","-11,72"
2026 03 12 12:13:15:146,-3.9334,-6.87625,"0,26",11,1,"11,31","0,59","37,35","3,3","-19,53"
2026 03 12 12:13:15:148,-3.9334,-6.78875,"0,26",11,1,"11,31","0,59","37,35","3,3","7,81"
2026 03 12 12:13:15:150,-3.9675,-6.78875,"0,26",11,1,"11,31","0,59","37,35","3,3","3,91"
2026 03 12 12:13:15:152,-3.9675,-6.78875,"0,26",11,1,"11,31","0,59","37,35","3,3","7,81"
2026 03 12 12:13:15:154,-3.9675,-6.78875,"0,26",11,1,"11,31","0,59","37,35","3,3","7,81"
2026 03 12 12:13:15:156,-3.9675,-6.87625,"0,26",11,1,"11,31","0,59","37,35","3,3","19,53"
2026 03 12 12:13:15:158,-3.9675,-6.78875,"0,26",11,1,"11,31","0,59","37,35","3,3","19,53"
2026 03 12 12:13:15:160,-3.9334,-6.78875,"0,26",11,1,"11,31","0,59","37,35","3,3","11,72"
2026 03 12 12:13:15:162,-3.9675,-6.78875,"0,26",11,1,"11,31","0,59","37,35","3,3","-3,91"
2026 03 12 12:13:15:164,-3.9675,-6.78875,"0,26",11,1,"11,31","0,59","37,35","3,3","-15,62"
2026 03 12 12:13:15:166,-3.9675,-6.78875,"0,26",11,1,"11,31","0,59","37,35","3,3","-19,53"
2026 03 12 12:13:15:168,-3.9334,-6.61375,"0,26",11,1,"11,31","0,59","37,35","3,3","7,81"
2026 03 12 12:13:15:170,-3.9675,-6.70125,"0,26",11,1,"11,31","0,59","37,35","3,3","7,81"
2026 03 12 12:13:15:172,-3.9675,-6.78875,"0,26",11,1,"11,31","0,59","37,35","3,3","7,81"
2026 03 12 12:13:15:174,-3.9675,-6.70125,"0,26",11,1,"11,31","0,59","37,35","3,3","7,81"
2026 03 12 12:13:15:176,-3.9675,-6.78875,"0,26",11,1,"11,31","0,59","37,35","3,3","19,53"
2026 03 12 12:13:15:178,-3.9985,-6.78875,"0,26",11,1,"11,31","0,59","37,35","3,3","19,53"
2026 03 12 12:13:15:180,-3.9675,-6.70125,"0,26",11,1,"11,31","0,59","37,35","3,3","11,72"
2026 03 12 12:13:15:182,-3.9675,-6.78875,"0,26",11,1,"11,31","0,59","37,35","3,3","-3,91"
2026 03 12 12:13:15:184,-3.9985,-6.78875,"0,26",11,1,"11,31","0,59","37,35","3,3","-15,62"
2026 03 12 12:13:15:186,-3.9985,-6.78875,"0,26",11,1,"11,31","0,59","37,35","3,3","-19,53"
2026 03 12 12:13:15:188,-3.9985,-6.70125,"0,26",11,1,"11,31","0,59","37,35","3,3","7,81"
2026 03 12 12:13:15:190,-3.9675,-6.78875,"0,26",11,1,"11,31","0,59","37,35","3,3","3,91"
2026 03 12 12:13:15:192,-3.9675,-6.78875,"0,26",11,1,"11,31","0,59","37,35","3,3","7,81"
2026 03 12 12:13:15:194,-3.9675,-6.78875,"0,26",11,1,"11,31","0,59","37,35","3,3","7,81"
2026 03 12 12:13:15:196,-3.9675,-6.78875,"0,26",11,1,"11,31","0,59","37,35","3,3","19,53"
2026 03 12 12:13:15:198,-3.9675,-6.78875,"0,26",11,1,"11,31","0,59","37,35","3,3","19,53"
2026 03 12 12:13:15:200,-3.9985,-6.78875,"0,26",11,1,"11,31","0,59","37,35","3,3","11,72"
2026 03 12 12:13:15:202,-3.9675,-6.78875,"0,26",11,1,"11,31","0,59","37,35","3,3","-3,91"
2026 03 12 12:13:15:204,-3.9675,-6.70125,"0,26",11,1,"11,31","0,59","37,35","3,3","-15,62"
2026 03 12 12:13:15:206,-3.9675,-6.87625,"0,26",11,1,"11,31","0,59","37,35","3,3","-23,44"
2026 03 12 12:13:15:208,-3.9675,-6.87625,"0,26",11,1,"11,31","0,59","37,35","3,3","7,81"
2026 03 12 12:13:15:210,-3.9675,-6.87625,"0,26",11,1,"11,31","0,59","37,35","3,3","3,91"
2026 03 12 12:13:15:212,-3.9675,-6.78875,"0,26",11,1,"11,31","0,59","37,35","3,3","7,81"
2026 03 12 12:13:15:214,-3.9675,-6.78875,"0,26",11,1,"11,31","0,59","37,35","3,3","7,81"
2026 03 12 12:13:15:216,-3.9985,-6.78875,"0,26",11,1,"11,31","0,59","37,35","3,3","19,53"
2026 03 12 12:13:15:218,-3.9675,-6.78875,"0,26",11,1,"11,31","0,59","37,35","3,3","19,53"
2026 03 12 12:13:15:220,-3.9334,-6.78875,"0,26",11,1,"11,31","0,59","37,35","3,3","7,81"
2026 03 12 12:13:15:222,-3.9675,-6.78875,"0,26",11,1,"11,31","0,59","37,35","3,3","-3,91"
2026 03 12 12:13:15:224,-3.9675,-6.70125,"0,26",11,1,"11,31","0,59","37,35","3,3","-15,62"
2026 03 12 12:13:15:226,-3.9675,-6.78875,"0,26",11,1,"11,31","0,59","37,35","3,3","-15,62"
2026 03 12 12:13:15:228,-3.9675,-6.78875,"0,26",11,1,"11,31","0,59","37,35","3,3","7,81"
2026 03 12 12:13:15:230,-3.9675,-6.78875,"0,26",11,1,"11,31","0,59","37,35","3,3","7,81"
2026 03 12 12:13:15:232,-3.9675,-6.78875,"0,26",11,1,"11,31","0,59","37,35","3,3","7,81"
2026 03 12 12:13:15:234,-3.9675,-6.78875,"0,26",11,1,"11,31","0,59","37,35","3,3","7,81"
2026 03 12 12:13:15:236,-3.9675,-6.78875,"0,26",11,1,"11,34","0,62","37,48","3,31","19,53"
2026 03 12 12:13:15:238,-3.9675,-6.70125,"0,26",11,1,"11,34","0,62","37,48","3,31","19,53"
2026 03 12 12:13:15:240,-3.9675,-6.70125,"0,26",11,1,"11,34","0,62","37,48","3,31","11,72"
2026 03 12 12:13:15:242,-3.9334,-6.78875,"0,26",11,1,"11,34","0,62","37,48","3,31",0
2026 03 12 12:13:15:244,-3.9675,-6.87625,"0,26",11,1,"11,34","0,62","37,48","3,31","-15,62"
2026 03 12 12:13:15:246,-3.9675,-6.87625,"0,26",11,1,"11,34","0,62","37,48","3,31","-15,62"
2026 03 12 12:13:15:248,-3.9985,-6.78875,"0,26",11,1,"11,34","0,62","37,48","3,31","7,81"
2026 03 12 12:13:15:250,-3.9675,-6.78875,"0,26",11,1,"11,34","0,62","37,48","3,31","3,91"
2026 03 12 12:13:15:252,-3.9985,-6.78875,"0,26",11,1,"11,34","0,62","37,48","3,31","7,81"
2026 03 12 12:13:15:254,-3.9985,-6.87625,"0,26",11,1,"11,34","0,62","37,48","3,31","7,81"
2026 03 12 12:13:15:256,-3.9675,-6.70125,"0,26",11,1,"11,34","0,62","37,48","3,31","19,53"
2026 03 12 12:13:15:258,-3.9675,-6.78875,"0,26",11,1,"11,34","0,62","37,48","3,31","19,53"
2026 03 12 12:13:15:260,-3.9985,-6.87625,"0,26",11,1,"11,34","0,62","37,48","3,31","11,72"
2026 03 12 12:13:15:262,-3.9675,-6.78875,"0,26",11,1,"11,34","0,62","37,48","3,31","-3,91"
2026 03 12 12:13:15:264,-3.9985,-6.78875,"0,26",11,1,"11,34","0,62","37,48","3,31","-15,62"
2026 03 12 12:13:15:266,-3.9675,-6.78875,"0,26",11,1,"11,34","0,62","37,48","3,31","-19,53"
2026 03 12 12:13:15:268,-3.9675,-6.70125,"0,26",11,1,"11,34","0,62","37,48","3,31","7,81"
2026 03 12 12:13:15:270,-3.9675,-6.70125,"0,26",11,1,"11,34","0,62","37,48","3,31","7,81"
2026 03 12 12:13:15:272,-3.9675,-6.78875,"0,26",11,1,"11,34","0,62","37,48","3,31","7,81"
2026 03 12 12:13:15:274,-3.9675,-6.78875,"0,26",11,1,"11,34","0,62","37,48","3,31","7,81"
2026 03 12 12:13:15:276,-3.9334,-6.78875,"0,26",11,1,"11,34","0,62","37,48","3,31","19,53"
2026 03 12 12:13:15:278,-3.9334,-6.78875,"0,26",11,1,"11,34","0,62","37,48","3,31","19,53"
2026 03 12 12:13:15:280,-3.9675,-6.70125,"0,26",11,1,"11,34","0,62","37,48","3,31","11,72"
2026 03 12 12:13:15:282,-3.9675,-6.70125,"0,26",11,1,"11,34","0,62","37,48","3,31","-7,81"
2026 03 12 12:13:15:284,-3.9675,-6.70125,"0,26",11,1,"11,34","0,62","37,48","3,31","-15,62"
2026 03 12 12:13:15:286,-3.9675,-6.78875,"0,26",11,1,"11,34","0,62","37,48","3,31","-15,62"
2026 03 12 12:13:15:288,-3.9675,-6.78875,"0,26",11,1,"11,34","0,62","37,48","3,31","7,81"
2026 03 12 12:13:15:290,-3.9985,-6.78875,"0,26",11,1,"11,34","0,62","37,48","3,31","3,91"
2026 03 12 12:13:15:292,-3.9675,-6.78875,"0,26",11,1,"11,34","0,62","37,48","3,31","7,81"
2026 03 12 12:13:15:294,-3.9675,-6.87625,"0,26",11,1,"11,34","0,62","37,48","3,31","7,81"
2026 03 12 12:13:15:296,-3.9675,-6.78875,"0,26",11,1,"11,34","0,62","37,48","3,31","19,53"
2026 03 12 12:13:15:298,-3.9675,-6.78875,"0,26",11,1,"11,34","0,62","37,48","3,31","19,53"
2026 03 12 12:13:15:300,-3.9675,-6.78875,"0,26",11,1,"11,34","0,62","37,48","3,31","11,72"
2026 03 12 12:13:15:302,-3.9675,-6.70125,"0,26",11,1,"11,34","0,62","37,48","3,31","-3,91"
2026 03 12 12:13:15:304,-3.9675,-6.78875,"0,26",11,1,"11,34","0,62","37,48","3,31","-11,72"
2026 03 12 12:13:15:306,-3.9675,-6.78875,"0,26",11,1,"11,34","0,62","37,48","3,31","-19,53"
2026 03 12 12:13:15:308,-3.9675,-6.87625,"0,26",11,1,"11,34","0,62","37,48","3,31","7,81"
2026 03 12 12:13:15:310,-3.9675,-6.78875,"0,26",11,1,"11,34","0,62","37,48","3,31","7,81"
2026 03 12 12:13:15:312,-3.9675,-6.78875,"0,26",11,1,"11,34","0,62","37,48","3,31","7,81"
2026 03 12 12:13:15:314,-3.9985,-6.78875,"0,26",11,1,"11,34","0,62","37,48","3,31","7,81"
2026 03 12 12:13:15:316,-3.9985,-6.87625,"0,26",11,1,"11,34","0,62","37,48","3,31","23,44"
2026 03 12 12:13:15:318,-3.9675,-6.78875,"0,26",11,1,"11,34","0,62","37,48","3,31","15,63"
2026 03 12 12:13:15:320,-3.9675,-6.78875,"0,26",11,1,"11,34","0,62","37,48","3,31","11,72"
2026 03 12 12:13:15:322,-3.9675,-6.78875,"0,26",11,1,"11,34","0,62","37,48","3,31","-3,91"
2026 03 12 12:13:15:324,-3.9675,-6.78875,"0,26",11,1,"11,34","0,62","37,48","3,31","-15,62"
2026 03 12 12:13:15:326,-3.9675,-6.70125,"0,26",11,1,"11,34","0,62","37,48","3,31","-15,62"
2026 03 12 12:13:15:328,-3.9985,-6.78875,"0,26",11,1,"11,34","0,62","37,48","3,31","3,91"
2026 03 12 12:13:15:330,-3.9334,-6.87625,"0,26",11,1,"11,34","0,62","37,48","3,31","3,91"
2026 03 12 12:13:15:332,-3.9334,-6.70125,"0,26",11,1,"11,34","0,62","37,48","3,31","7,81"
2026 03 12 12:13:15:334,-3.9675,-6.78875,"0,26",11,1,"11,34","0,62","37,48","3,31","7,81"
2026 03 12 12:13:15:336,-3.9675,-6.87625,"0,26",11,1,"11,34","0,62","37,48","3,31","19,53"
2026 03 12 12:13:15:338,-3.9675,-6.78875,"0,26",11,1,"11,34","0,62","37,48","3,31","19,53"
2026 03 12 12:13:15:340,-3.9675,-6.78875,"0,26",11,1,"11,34","0,62","37,48","3,31","11,72"
2026 03 12 12:13:15:342,-3.9675,-6.78875,"0,26",11,1,"11,34","0,62","37,48","3,31","-3,91"
2026 03 12 12:13:15:344,-3.9675,-6.78875,"0,26",11,1,"11,34","0,62","37,48","3,31","-15,62"
2026 03 12 12:13:15:346,-3.9675,-6.78875,"0,26",11,1,"11,34","0,62","37,48","3,31","-15,62"
2026 03 12 12:13:15:348,-3.9675,-6.78875,"0,26",11,1,"11,34","0,62","37,48","3,31","3,91"
2026 03 12 12:13:15:350,-3.9985,-6.78875,"0,26",11,1,"11,34","0,62","37,48","3,31","3,91"
2026 03 12 12:13:15:352,-3.9675,-6.87625,"0,26",11,1,"11,34","0,62","37,48","3,31","7,81"
2026 03 12 12:13:15:354,-3.9675,-6.78875,"0,26",11,1,"11,34","0,62","37,48","3,31","7,81"
2026 03 12 12:13:15:356,-3.9675,-6.70125,"0,26",11,1,"11,34","0,62","37,48","3,31","23,44"
2026 03 12 12:13:15:358,-3.9675,-6.78875,"0,26",11,1,"11,34","0,62","37,48","3,31","19,53"
2026 03 12 12:13:15:360,-3.9985,-6.78875,"0,26",11,1,"11,34","0,62","37,48","3,31","11,72"
2026 03 12 12:13:15:362,-3.9985,-6.78875,"0,26",11,1,"11,34","0,62","37,48","3,31","-3,91"
2026 03 12 12:13:15:364,-3.9675,-6.87625,"0,26",11,1,"11,34","0,62","37,48","3,31","-15,62"
2026 03 12 12:13:15:366,-3.9675,-6.78875,"0,26",11,1,"11,34","0,62","37,48","3,31","-23,44"
2026 03 12 12:13:15:368,-3.9675,-6.78875,"0,26",11,1,"11,34","0,62","37,48","3,31","7,81"
2026 03 12 12:13:15:370,-3.9334,-6.78875,"0,26",11,1,"11,34","0,62","37,48","3,31","7,81"
2026 03 12 12:13:15:372,-3.9675,-6.78875,"0,26",11,1,"11,34","0,62","37,48","3,31","7,81"
2026 03 12 12:13:15:374,-3.9985,-6.78875,"0,26",11,1,"11,34","0,62","37,48","3,31","7,81"
2026 03 12 12:13:15:376,-3.9675,-6.70125,"0,26",11,1,"11,34","0,62","37,48","3,31","23,44"
2026 03 12 12:13:15:378,-3.9985,-6.78875,"0,26",11,1,"11,34","0,62","37,48","3,31","23,44"
2026 03 12 12:13:15:380,-3.9675,-6.78875,"0,26",11,1,"11,34","0,62","37,48","3,31","7,81"
2026 03 12 12:13:15:382,-3.9675,-6.78875,"0,26",11,1,"11,34","0,62","37,48","3,31","-7,81"
2026 03 12 12:13:15:384,-3.9985,-6.78875,"0,26",11,1,"11,34","0,62","37,48","3,31","-15,62"
2026 03 12 12:13:15:386,-3.9675,-6.70125,"0,26",11,1,"11,34","0,62","37,48","3,31","-15,62"
2026 03 12 12:13:15:388,-3.9675,-6.78875,"0,26",11,1,"11,34","0,62","37,48","3,31","7,81"
2026 03 12 12:13:15:390,-3.9334,-6.70125,"0,26",11,1,"11,34","0,62","37,48","3,31","3,91"
2026 03 12 12:13:15:392,-3.9675,-6.87625,"0,26",11,1,"11,34","0,62","37,48","3,31","7,81"
2026 03 12 12:13:15:394,-3.9675,-6.78875,"0,26",11,1,"11,34","0,62","37,48","3,31","7,81"
2026 03 12 12:13:15:396,-3.9675,-6.78875,"0,26",11,1,"11,34","0,62","37,48","3,31","19,53"
2026 03 12 12:13:15:398,-3.9334,-6.87625,"0,26",11,1,"11,34","0,62","37,48","3,31","19,53"
2026 03 12 12:13:15:400,-3.9675,-6.70125,"0,26",11,1,"11,34","0,62","37,48","3,31","15,63"
2026 03 12 12:13:15:402,-3.9334,-6.78875,"0,26",11,1,"11,34","0,62","37,48","3,31","-3,91"
2026 03 12 12:13:15:404,-3.9675,-6.78875,"0,26",11,1,"11,34","0,62","37,48","3,31","-15,62"
2026 03 12 12:13:15:406,-3.9985,-6.78875,"0,26",11,1,"11,34","0,62","37,48","3,31","-19,53"
2026 03 12 12:13:15:408,-3.9675,-6.78875,"0,26",11,1,"11,34","0,62","37,48","3,31","7,81"
2026 03 12 12:13:15:410,-3.9675,-6.78875,"0,26",11,1,"11,34","0,62","37,48","3,31","7,81"
2026 03 12 12:13:15:412,-3.9675,-6.87625,"0,26",11,1,"11,34","0,62","37,48","3,31","3,91"
2026 03 12 12:13:15:414,-3.9675,-6.70125,"0,26",11,1,"11,34","0,62","37,48","3,31","7,81"
2026 03 12 12:13:15:416,-3.9675,-6.70125,"0,26",11,1,"11,34","0,62","37,48","3,31","23,44"
2026 03 12 12:13:15:418,-3.9675,-6.70125,"0,26",11,1,"11,34","0,62","37,48","3,31","15,63"
2026 03 12 12:13:15:420,-3.9675,-6.78875,"0,26",11,1,"11,34","0,62","37,48","3,31","11,72"
2026 03 12 12:13:15:422,-3.9675,-6.78875,"0,26",11,1,"11,34","0,62","37,48","3,31","-3,91"
2026 03 12 12:13:15:424,-3.9675,-6.78875,"0,26",11,1,"11,34","0,62","37,48","3,31","-15,62"
2026 03 12 12:13:15:426,-3.9675,-6.78875,"0,26",11,1,"11,34","0,62","37,48","3,31","-19,53"
2026 03 12 12:13:15:428,-3.9675,-6.78875,"0,26",11,1,"11,34","0,62","37,48","3,31","3,91"
2026 03 12 12:13:15:430,-3.9675,-6.70125,"0,26",11,1,"11,34","0,62","37,48","3,31","7,81"
2026 03 12 12:13:15:432,-3.9675,-6.87625,"0,26",11,1,"11,34","0,62","37,48","3,31","7,81"
2026 03 12 12:13:15:434,-3.9334,-6.70125,"0,26",11,1,"11,34","0,62","37,48","3,31","7,81"
2026 03 12 12:13:15:436,-3.9985,-6.78875,"0,26",11,1,"11,34","0,62","37,48","3,31","23,44"
2026 03 12 12:13:15:438,-3.9675,-6.70125,"0,26",11,1,"11,34","0,62","37,48","3,31","19,53"
2026 03 12 12:13:15:440,-3.9675,-6.78875,"0,26",11,1,"11,34","0,62","37,48","3,31","11,72"
2026 03 12 12:13:15:442,-3.9985,-6.78875,"0,26",11,1,"11,34","0,62","37,48","3,31","-7,81"
2026 03 12 12:13:15:444,-3.9675,-6.78875,"0,26",11,1,"11,34","0,62","37,48","3,31","-15,62"
2026 03 12 12:13:15:446,-3.9675,-6.78875,"0,26",11,1,"11,34","0,62","37,48","3,31","-15,62"
2026 03 12 12:13:15:448,-3.9675,-6.78875,"0,26",11,1,"11,34","0,62","37,48","3,31","7,81"
2026 03 12 12:13:15:450,-3.9675,-6.78875,"0,26",11,1,"11,34","0,62","37,48","3,31","7,81"
2026 03 12 12:13:15:452,-3.9334,-6.78875,"0,26",11,1,"11,34","0,62","37,48","3,31","7,81"
2026 03 12 12:13:15:454,-3.9334,-6.78875,"0,26",11,1,"11,34","0,62","37,48","3,31","7,81"
2026 03 12 12:13:15:456,-3.9675,-6.78875,"0,26",11,1,"11,34","0,62","37,48","3,31","23,44"
2026 03 12 12:13:15:458,-3.9985,-6.78875,"0,26",11,1,"11,34","0,62","37,48","3,31","19,53"
2026 03 12 12:13:15:460,-3.9675,-6.78875,"0,26",11,1,"11,34","0,62","37,48","3,31","15,63"
2026 03 12 12:13:15:462,-3.9334,-6.78875,"0,26",11,1,"11,34","0,62","37,48","3,31","-3,91"
2026 03 12 12:13:15:464,-3.9675,-6.78875,"0,26",11,1,"11,34","0,62","37,48","3,31","-15,62"
2026 03 12 12:13:15:466,-3.9675,-6.70125,"0,26",11,1,"11,34","0,62","37,48","3,31","-19,53"
2026 03 12 12:13:15:468,-3.9675,-6.70125,"0,26",11,1,"11,34","0,62","37,48","3,31","7,81"
2026 03 12 12:13:15:470,-3.9675,-6.78875,"0,26",11,1,"11,34","0,62","37,48","3,31","3,91"
2026 03 12 12:13:15:472,-3.9675,-6.78875,"0,26",11,1,"11,34","0,62","37,48","3,31","7,81"
2026 03 12 12:13:15:474,-3.9334,-6.78875,"0,26",11,1,"11,34","0,62","37,48","3,31","7,81"
2026 03 12 12:13:15:476,-3.9675,-6.78875,"0,26",11,1,"11,34","0,62","37,48","3,31","23,44"
2026 03 12 12:13:15:478,-3.9334,-6.78875,"0,26",11,1,"11,34","0,62","37,48","3,31","19,53"
2026 03 12 12:13:15:480,-3.9675,-6.78875,"0,26",11,1,"11,34","0,62","37,48","3,31","7,81"
2026 03 12 12:13:15:482,-3.9985,-6.78875,"0,26",11,1,"11,34","0,62","37,48","3,31","-3,91"
2026 03 12 12:13:15:484,-3.9675,-6.78875,"0,26",11,1,"11,34","0,62","37,48","3,31","-15,62"
2026 03 12 12:13:15:486,-3.9985,-6.78875,"0,26",11,1,"11,34","0,62","37,48","3,31","-23,44"
2026 03 12 12:13:15:488,-3.9675,-6.78875,"0,26",11,1,"11,34","0,62","37,48","3,31","7,81"
2026 03 12 12:13:15:490,-3.9675,-6.78875,"0,26",11,1,"11,34","0,62","37,48","3,31","3,91"
2026 03 12 12:13:15:492,-3.9985,-6.78875,"0,26",11,1,"11,34","0,62","37,48","3,31","7,81"
2026 03 12 12:13:15:494,-3.9675,-6.78875,"0,26",11,1,"11,34","0,62","37,48","3,31","7,81"
2026 03 12 12:13:15:496,-3.9675,-6.78875,"0,26",11,1,"11,34","0,62","37,48","3,31","23,44"
2026 03 12 12:13:15:498,-3.9675,-6.78875,"0,26",11,1,"11,34","0,62","37,48","3,31","19,53"
2026 03 12 12:13:15:500,-3.9985,-6.78875,"0,26",11,1,"11,34","0,62","37,48","3,31","15,63"
2026 03 12 12:13:15:502,-3.9985,-6.70125,"0,26",11,1,"11,34","0,62","37,48","3,31","-3,91"
2026 03 12 12:13:15:504,-3.9675,-6.78875,"0,26",11,1,"11,34","0,62","37,48","3,31","-15,62"
2026 03 12 12:13:15:506,-3.9334,-6.78875,"0,26",11,1,"11,34","0,62","37,48","3,31","-15,62"
2026 03 12 12:13:15:508,-3.9675,-6.78875,"0,26",11,1,"11,34","0,62","37,48","3,31","7,81"
2026 03 12 12:13:15:510,-3.9675,-6.78875,"0,26",11,1,"11,34","0,62","37,48","3,31","7,81"
2026 03 12 12:13:15:512,-3.9334,-6.78875,"0,26",11,1,"11,34","0,62","37,48","3,31","7,81"
2026 03 12 12:13:15:514,-3.9675,-6.78875,"0,26",11,1,"11,34","0,62","37,48","3,31","7,81"
2026 03 12 12:13:15:516,-3.9334,-6.70125,"0,26",11,1,"11,34","0,62","37,48","3,31","23,44"
2026 03 12 12:13:15:518,-3.9675,-6.78875,"0,26",11,1,"11,34","0,62","37,48","3,31","19,53"
2026 03 12 12:13:15:520,-3.9334,-6.87625,"0,26",11,1,"11,34","0,62","37,48","3,31","11,72"
2026 03 12 12:13:15:522,-3.9334,-6.70125,"0,26",11,1,"11,34","0,62","37,48","3,31","-3,91"
2026 03 12 12:13:15:524,-3.9334,-6.78875,"0,26",11,1,"11,34","0,62","37,48","3,31","-15,62"
2026 03 12 12:13:15:526,-3.9675,-6.78875,"0,26",11,1,"11,34","0,62","37,48","3,31","-15,62"
2026 03 12 12:13:15:528,-3.9675,-6.78875,"0,26",11,1,"11,34","0,62","37,48","3,31","7,81"
2026 03 12 12:13:15:530,-3.9334,-6.78875,"0,26",11,1,"11,34","0,62","37,48","3,31","3,91"
2026 03 12 12:13:15:532,-3.9675,-6.78875,"0,26",11,1,"11,34","0,62","37,48","3,31","7,81"
2026 03 12 12:13:15:534,-3.9675,-6.78875,"0,26",11,1,"11,34","0,62","37,48","3,31","7,81"
2026 03 12 12:13:15:536,-3.9675,-6.78875,"0,26",11,1,"11,35","0,65","37,34","3,29","23,44"
2026 03 12 12:13:15:538,-3.9675,-6.70125,"0,26",11,1,"11,35","0,65","37,34","3,29","23,44"
2026 03 12 12:13:15:540,-3.9675,-6.87625,"0,26",11,1,"11,35","0,65","37,34","3,29","15,63"
2026 03 12 12:13:15:542,-3.9675,-6.70125,"0,26",11,1,"11,35","0,65","37,34","3,29","-7,81"
2026 03 12 12:13:15:544,-3.9675,-6.78875,"0,26",11,1,"11,35","0,65","37,34","3,29","-15,62"
2026 03 12 12:13:15:546,-3.9675,-6.78875,"0,26",11,1,"11,35","0,65","37,34","3,29","-15,62"
2026 03 12 12:13:15:548,-3.9675,-6.78875,"0,26",11,1,"11,35","0,65","37,34","3,29","7,81"
2026 03 12 12:13:15:550,-3.9675,-6.87625,"0,26",11,1,"11,35","0,65","37,34","3,29","7,81"
2026 03 12 12:13:15:552,-3.9675,-6.87625,"0,26",11,1,"11,35","0,65","37,34","3,29","7,81"
2026 03 12 12:13:15:554,-3.9334,-6.87625,"0,26",11,1,"11,35","0,65","37,34","3,29","7,81"
2026 03 12 12:13:15:556,-3.9675,-6.78875,"0,26",11,1,"11,35","0,65","37,34","3,29","23,44"
2026 03 12 12:13:15:558,-3.9675,-6.78875,"0,26",11,1,"11,35","0,65","37,34","3,29","23,44"
2026 03 12 12:13:15:560,-3.9985,-6.78875,"0,26",11,1,"11,35","0,65","37,34","3,29","15,63"
2026 03 12 12:13:15:562,-3.9675,-6.70125,"0,26",11,1,"11,35","0,65","37,34","3,29","-3,91"
2026 03 12 12:13:15:564,-3.9675,-6.78875,"0,26",11,1,"11,35","0,65","37,34","3,29","-11,72"
2026 03 12 12:13:15:566,-3.9675,-6.78875,"0,26",11,1,"11,35","0,65","37,34","3,29","-19,53"
2026 03 12 12:13:15:568,-3.9985,-6.78875,"0,26",11,1,"11,35","0,65","37,34","3,29","7,81"
2026 03 12 12:13:15:570,-3.9675,-6.70125,"0,26",11,1,"11,35","0,65","37,34","3,29","7,81"
2026 03 12 12:13:15:572,-3.9334,-6.78875,"0,26",11,1,"11,35","0,65","37,34","3,29","3,91"
2026 03 12 12:13:15:574,-3.9675,-6.78875,"0,26",11,1,"11,35","0,65","37,34","3,29","7,81"
2026 03 12 12:13:15:576,-3.9985,-6.78875,"0,26",11,1,"11,35","0,65","37,34","3,29","27,34"
2026 03 12 12:13:15:578,-3.9675,-6.70125,"0,26",11,1,"11,35","0,65","37,34","3,29","15,63"
2026 03 12 12:13:15:580,-3.9675,-6.78875,"0,26",11,1,"11,35","0,65","37,34","3,29","11,72"
2026 03 12 12:13:15:582,-3.9334,-6.70125,"0,26",11,1,"11,35","0,65","37,34","3,29","-3,91"
2026 03 12 12:13:15:584,-3.9675,-6.78875,"0,26",11,1,"11,35","0,65","37,34","3,29","-11,72"
2026 03 12 12:13:15:586,-3.9334,-6.78875,"0,26",11,1,"11,35","0,65","37,34","3,29","-15,62"
2026 03 12 12:13:15:588,-3.9675,-6.78875,"0,26",11,1,"11,35","0,65","37,34","3,29","7,81"
2026 03 12 12:13:15:590,-3.9334,-6.70125,"0,26",11,1,"11,35","0,65","37,34","3,29","7,81"
2026 03 12 12:13:15:592,-3.9675,-6.78875,"0,26",11,1,"11,35","0,65","37,34","3,29","7,81"
2026 03 12 12:13:15:594,-3.9675,-6.78875,"0,26",11,1,"11,35","0,65","37,34","3,29","7,81"
2026 03 12 12:13:15:596,-3.9675,-6.78875,"0,26",11,1,"11,35","0,65","37,34","3,29","23,44"
2026 03 12 12:13:15:598,-3.9675,-6.87625,"0,26",11,1,"11,35","0,65","37,34","3,29","19,53"
2026 03 12 12:13:15:600,-3.9675,-6.78875,"0,26",11,1,"11,35","0,65","37,34","3,29","11,72"
2026 03 12 12:13:15:602,-3.9675,-6.78875,"0,26",11,1,"11,35","0,65","37,34","3,29","-3,91"
2026 03 12 12:13:15:604,-3.9675,-6.78875,"0,26",11,1,"11,35","0,65","37,34","3,29","-15,62"
2026 03 12 12:13:15:606,-3.9675,-6.78875,"0,26",11,1,"11,35","0,65","37,34","3,29","-19,53"
2026 03 12 12:13:15:608,-3.9675,-6.78875,"0,26",11,1,"11,35","0,65","37,34","3,29","7,81"
2026 03 12 12:13:15:610,-3.9675,-6.78875,"0,26",11,1,"11,35","0,65","37,34","3,29","7,81"
2026 03 12 12:13:15:612,-3.9985,-6.78875,"0,26",11,1,"11,35","0,65","37,34","3,29","7,81"
2026 03 12 12:13:15:614,-3.9675,-6.78875,"0,26",11,1,"11,35","0,65","37,34","3,29","7,81"
2026 03 12 12:13:15:616,-3.9675,-6.78875,"0,26",11,1,"11,35","0,65","37,34","3,29","27,34"
2026 03 12 12:13:15:618,-3.9334,-6.78875,"0,26",11,1,"11,35","0,65","37,34","3,29","19,53"
2026 03 12 12:13:15:620,-3.9334,-6.78875,"0,26",11,1,"11,35","0,65","37,34","3,29","11,72"
2026 03 12 12:13:15:622,-3.9675,-6.78875,"0,26",11,1,"11,35","0,65","37,34","3,29",0
2026 03 12 12:13:15:624,-3.9675,-6.78875,"0,26",11,1,"11,35","0,65","37,34","3,29","-15,62"
2026 03 12 12:13:15:626,-3.9675,-6.78875,"0,26",11,1,"11,35","0,65","37,34","3,29","-19,53"
2026 03 12 12:13:15:628,-3.9985,-6.70125,"0,26",11,1,"11,35","0,65","37,34","3,29","3,91"
2026 03 12 12:13:15:630,-3.9675,-6.70125,"0,26",11,1,"11,35","0,65","37,34","3,29","3,91"
2026 03 12 12:13:15:632,-3.9985,-6.70125,"0,26",11,1,"11,35","0,65","37,34","3,29","7,81"
2026 03 12 12:13:15:634,-3.9675,-6.78875,"0,26",11,1,"11,35","0,65","37,34","3,29","3,91"
2026 03 12 12:13:15:636,-3.9334,-6.78875,"0,26",11,1,"11,35","0,65","37,34","3,29","27,34"
2026 03 12 12:13:15:638,-3.9985,-6.78875,"0,26",11,1,"11,35","0,65","37,34","3,29","23,44"
2026 03 12 12:13:15:640,-3.9675,-6.78875,"0,26",11,1,"11,35","0,65","37,34","3,29","7,81"
2026 03 12 12:13:15:642,-3.9675,-6.78875,"0,26",11,1,"11,35","0,65","37,34","3,29","-7,81"
2026 03 12 12:13:15:644,-3.9334,-6.78875,"0,26",11,1,"11,35","0,65","37,34","3,29","-11,72"
2026 03 12 12:13:15:646,-3.9675,-6.78875,"0,26",11,1,"11,35","0,65","37,34","3,29","-19,53"
2026 03 12 12:13:15:648,-3.9334,-6.78875,"0,26",11,1,"11,35","0,65","37,34","3,29","7,81"
2026 03 12 12:13:15:650,-3.9675,-6.87625,"0,26",11,1,"11,35","0,65","37,34","3,29","3,91"
2026 03 12 12:13:15:652,-3.9675,-6.87625,"0,26",11,1,"11,35","0,65","37,34","3,29","7,81"
2026 03 12 12:13:15:654,-3.9985,-6.78875,"0,26",11,1,"11,35","0,65","37,34","3,29","7,81"
2026 03 12 12:13:15:656,-3.9675,-6.70125,"0,26",11,1,"11,35","0,65","37,34","3,29","27,34"
2026 03 12 12:13:15:658,-3.9675,-6.78875,"0,26",11,1,"11,35","0,65","37,34","3,29","23,44"
2026 03 12 12:13:15:660,-3.9334,-6.78875,"0,26",11,1,"11,35","0,65","37,34","3,29","15,63"
2026 03 12 12:13:15:662,-3.9675,-6.78875,"0,26",11,1,"11,35","0,65","37,34","3,29","-3,91"
2026 03 12 12:13:15:664,-3.9675,-6.70125,"0,26",11,1,"11,35","0,65","37,34","3,29","-11,72"
2026 03 12 12:13:15:666,-3.9675,-6.78875,"0,26",11,1,"11,35","0,65","37,34","3,29","-19,53"
2026 03 12 12:13:15:668,-3.9675,-6.78875,"0,26",11,1,"11,35","0,65","37,34","3,29","7,81"
2026 03 12 12:13:15:670,-3.9675,-6.70125,"0,26",11,1,"11,35","0,65","37,34","3,29","3,91"
2026 03 12 12:13:15:672,-3.9985,-6.70125,"0,26",11,1,"11,35","0,65","37,34","3,29","11,72"
2026 03 12 12:13:15:674,-3.9675,-6.78875,"0,26",11,1,"11,35","0,65","37,34","3,29","11,72"
2026 03 12 12:13:15:676,-3.9675,-6.78875,"0,26",11,1,"11,35","0,65","37,34","3,29","23,44"
2026 03 12 12:13:15:678,-3.9675,-6.70125,"0,26",11,1,"11,35","0,65","37,34","3,29","19,53"
2026 03 12 12:13:15:680,-3.9675,-6.70125,"0,26",11,1,"11,35","0,65","37,34","3,29","7,81"
2026 03 12 12:13:15:682,-3.9675,-6.78875,"0,26",11,1,"11,35","0,65","37,34","3,29","-3,91"
2026 03 12 12:13:15:684,-3.9334,-6.78875,"0,26",11,1,"11,35","0,65","37,34","3,29","-15,62"
2026 03 12 12:13:15:686,-3.9985,-6.78875,"0,26",11,1,"11,35","0,65","37,34","3,29","-23,44"
2026 03 12 12:13:15:688,-3.9985,-6.70125,"0,26",11,1,"11,35","0,65","37,34","3,29","7,81"
2026 03 12 12:13:15:690,-3.9675,-6.78875,"0,26",11,1,"11,35","0,65","37,34","3,29","7,81"
2026 03 12 12:13:15:692,-3.9675,-6.78875,"0,26",11,1,"11,35","0,65","37,34","3,29","7,81"
2026 03 12 12:13:15:694,-3.9675,-6.78875,"0,26",11,1,"11,35","0,65","37,34","3,29","3,91"
2026 03 12 12:13:15:696,-3.9675,-6.78875,"0,26",11,1,"11,35","0,65","37,34","3,29","27,34"
2026 03 12 12:13:15:698,-3.9675,-6.78875,"0,26",11,1,"11,35","0,65","37,34","3,29","19,53"
2026 03 12 12:13:15:700,-3.9985,-6.78875,"0,26",11,1,"11,35","0,65","37,34","3,29","11,72"
2026 03 12 12:13:15:702,-3.9675,-6.78875,"0,26",11,1,"11,35","0,65","37,34","3,29","-7,81"
2026 03 12 12:13:15:704,-3.9675,-6.78875,"0,26",11,1,"11,35","0,65","37,34","3,29","-11,72"
2026 03 12 12:13:15:706,-3.9675,-6.78875,"0,26",11,1,"11,35","0,65","37,34","3,29","-19,53"
2026 03 12 12:13:15:708,-3.9675,-6.78875,"0,26",11,1,"11,35","0,65","37,34","3,29","7,81"
2026 03 12 12:13:15:710,-3.9675,-6.70125,"0,26",11,1,"11,35","0,65","37,34","3,29","3,91"
2026 03 12 12:13:15:712,-3.9675,-6.78875,"0,26",11,1,"11,35","0,65","37,34","3,29","7,81"
2026 03 12 12:13:15:714,-3.9675,-6.78875,"0,26",11,1,"11,35","0,65","37,34","3,29","3,91"
2026 03 12 12:13:15:716,-3.9675,-6.78875,"0,26",11,1,"11,35","0,65","37,34","3,29","23,44"
2026 03 12 12:13:15:718,-3.9675,-6.78875,"0,26",11,1,"11,35","0,65","37,34","3,29","19,53"
2026 03 12 12:13:15:720,-3.9675,-6.87625,"0,26",11,1,"11,35","0,65","37,34","3,29","11,72"
2026 03 12 12:13:15:722,-3.9675,-6.70125,"0,26",11,1,"11,35","0,65","37,34","3,29","-3,91"
2026 03 12 12:13:15:724,-3.9675,-6.70125,"0,26",11,1,"11,35","0,65","37,34","3,29","-11,72"
2026 03 12 12:13:15:726,-3.9675,-6.87625,"0,26",11,1,"11,35","0,65","37,34","3,29","-23,44"
2026 03 12 12:13:15:728,-3.9985,-6.78875,"0,26",11,1,"11,35","0,65","37,34","3,29","7,81"
2026 03 12 12:13:15:730,-3.9675,-6.78875,"0,26",11,1,"11,35","0,65","37,34","3,29","7,81"
2026 03 12 12:13:15:732,-3.9675,-6.70125,"0,26",11,1,"11,35","0,65","37,34","3,29","7,81"
2026 03 12 12:13:15:734,-3.9334,-6.78875,"0,26",11,1,"11,35","0,65","37,34","3,29","7,81"
2026 03 12 12:13:15:736,-3.9675,-6.78875,"0,26",11,1,"11,35","0,65","37,34","3,29","27,34"
2026 03 12 12:13:15:738,-3.9675,-6.78875,"0,26",11,1,"11,35","0,65","37,34","3,29","15,63"
2026 03 12 12:13:15:740,-3.9675,-6.78875,"0,26",11,1,"11,35","0,65","37,34","3,29","7,81"
2026 03 12 12:13:15:742,-3.9675,-6.78875,"0,26",11,1,"11,35","0,65","37,34","3,29","-7,81"
2026 03 12 12:13:15:744,-3.9985,-6.78875,"0,26",11,1,"11,35","0,65","37,34","3,29","-11,72"
2026 03 12 12:13:15:746,-3.9675,-6.78875,"0,26",11,1,"11,35","0,65","37,34","3,29","-19,53"
2026 03 12 12:13:15:748,-3.9985,-6.78875,"0,26",11,1,"11,35","0,65","37,34","3,29","7,81"
2026 03 12 12:13:15:750,-3.9675,-6.78875,"0,26",11,1,"11,35","0,65","37,34","3,29","7,81"
2026 03 12 12:13:15:752,-3.9675,-6.87625,"0,26",11,1,"11,35","0,65","37,34","3,29","7,81"
2026 03 12 12:13:15:754,-3.9675,-6.78875,"0,26",11,1,"11,35","0,65","37,34","3,29","7,81"
2026 03 12 12:13:15:756,-3.9675,-6.70125,"0,26",11,1,"11,35","0,65","37,34","3,29","27,34"
2026 03 12 12:13:15:758,-3.9675,-6.78875,"0,26",11,1,"11,35","0,65","37,34","3,29","19,53"
2026 03 12 12:13:15:760,-3.9675,-6.87625,"0,26",11,1,"11,35","0,65","37,34","3,29","11,72"
2026 03 12 12:13:15:762,-3.9675,-6.70125,"0,26",11,1,"11,35","0,65","37,34","3,29","-3,91"
2026 03 12 12:13:15:764,-3.9675,-6.78875,"0,26",11,1,"11,35","0,65","37,34","3,29","-11,72"
2026 03 12 12:13:15:766,-3.9675,-6.78875,"0,26",11,1,"11,35","0,65","37,34","3,29","-19,53"
2026 03 12 12:13:15:768,-3.9675,-6.78875,"0,26",11,1,"11,35","0,65","37,34","3,29","7,81"
2026 03 12 12:13:15:770,-3.9675,-6.78875,"0,26",11,1,"11,35","0,65","37,34","3,29","3,91"
2026 03 12 12:13:15:772,-3.9334,-6.78875,"0,26",11,1,"11,35","0,65","37,34","3,29","7,81"
2026 03 12 12:13:15:774,-3.9985,-6.70125,"0,26",11,1,"11,35","0,65","37,34","3,29","3,91"
2026 03 12 12:13:15:776,-3.9675,-6.78875,"0,26",11,1,"11,35","0,65","37,34","3,29","27,34"
2026 03 12 12:13:15:778,-3.9675,-6.70125,"0,26",11,1,"11,35","0,65","37,34","3,29","19,53"
2026 03 12 12:13:15:780,-3.9675,-6.70125,"0,26",11,1,"11,35","0,65","37,34","3,29","11,72"
2026 03 12 12:13:15:782,-3.9675,-6.70125,"0,26",11,1,"11,35","0,65","37,34","3,29","-3,91"
2026 03 12 12:13:15:784,-3.9675,-6.78875,"0,26",11,1,"11,35","0,65","37,34","3,29","-11,72"
2026 03 12 12:13:15:786,-3.9985,-6.78875,"0,26",11,1,"11,35","0,65","37,34","3,29","-19,53"
2026 03 12 12:13:15:788,-3.9675,-6.78875,"0,26",11,1,"11,35","0,65","37,34","3,29","3,91"
2026 03 12 12:13:15:790,-3.9675,-6.78875,"0,26",11,1,"11,35","0,65","37,34","3,29","3,91"
2026 03 12 12:13:15:792,-3.9675,-6.78875,"0,26",11,1,"11,35","0,65","37,34","3,29","7,81"
2026 03 12 12:13:15:794,-3.9675,-6.78875,"0,26",11,1,"11,35","0,65","37,34","3,29","7,81"
2026 03 12 12:13:15:796,-3.9675,-6.78875,"0,26",11,1,"11,35","0,65","37,34","3,29","27,34"
2026 03 12 12:13:15:798,-3.9675,-6.87625,"0,26",11,1,"11,35","0,65","37,34","3,29","23,44"
2026 03 12 12:13:15:800,-3.9675,-6.70125,"0,26",11,1,"11,35","0,65","37,34","3,29","7,81"
2026 03 12 12:13:15:802,-3.9985,-6.78875,"0,26",11,1,"11,35","0,65","37,34","3,29","-7,81"
2026 03 12 12:13:15:804,-3.9675,-6.78875,"0,26",11,1,"11,35","0,65","37,34","3,29","-11,72"
2026 03 12 12:13:15:806,-3.9675,-6.78875,"0,26",11,1,"11,35","0,65","37,34","3,29","-19,53"
2026 03 12 12:13:15:808,-3.9675,-6.87625,"0,26",11,1,"11,35","0,65","37,34","3,29","7,81"
2026 03 12 12:13:15:810,-3.9675,-6.78875,"0,26",11,1,"11,35","0,65","37,34","3,29","3,91"
2026 03 12 12:13:15:812,-3.9985,-6.70125,"0,26",11,1,"11,35","0,65","37,34","3,29","7,81"
2026 03 12 12:13:15:814,-3.9675,-6.78875,"0,26",11,1,"11,35","0,65","37,34","3,29","7,81"
2026 03 12 12:13:15:816,-3.9675,-6.78875,"0,26",11,1,"11,35","0,65","37,34","3,29","31,25"
2026 03 12 12:13:15:818,-3.9675,-6.70125,"0,26",11,1,"11,35","0,65","37,34","3,29","23,44"
2026 03 12 12:13:15:820,-3.9334,-6.78875,"0,26",11,1,"11,35","0,65","37,34","3,29","11,72"
2026 03 12 12:13:15:822,-3.9985,-6.70125,"0,26",11,1,"11,35","0,65","37,34","3,29","-7,81"
2026 03 12 12:13:15:824,-3.9675,-6.78875,"0,26",11,1,"11,35","0,65","37,34","3,29","-11,72"
2026 03 12 12:13:15:826,-3.9334,-6.78875,"0,26",11,1,"11,35","0,65","37,34","3,29","-19,53"
2026 03 12 12:13:15:828,-3.9334,-6.78875,"0,26",11,1,"11,35","0,65","37,34","3,29","7,81"
2026 03 12 12:13:15:830,-3.9675,-6.70125,"0,26",11,1,"11,35","0,65","37,34","3,29","3,91"
2026 03 12 12:13:15:832,-3.9675,-6.78875,"0,26",11,1,"11,35","0,65","37,34","3,29","7,81"
2026 03 12 12:13:15:834,-3.9334,-6.78875,"0,26",11,1,"11,35","0,65","37,34","3,29","7,81"
2026 03 12 12:13:15:836,-3.9675,-6.78875,"0,26",11,1,"11,37","0,65","37,26","3,28","27,34"
2026 03 12 12:13:15:838,-3.9675,-6.78875,"0,26",11,1,"11,37","0,65","37,26","3,28","19,53"
2026 03 12 12:13:15:840,-3.9675,-6.70125,"0,26",11,1,"11,37","0,65","37,26","3,28","11,72"
2026 03 12 12:13:15:842,-3.9675,-6.78875,"0,26",11,1,"11,37","0,65","37,26","3,28","-3,91"
2026 03 12 12:13:15:844,-3.9985,-6.87625,"0,26",11,1,"11,37","0,65","37,26","3,28","-11,72"
2026 03 12 12:13:15:846,-3.9675,-6.78875,"0,26",11,1,"11,37","0,65","37,26","3,28","-19,53"
2026 03 12 12:13:15:848,-3.9675,-6.78875,"0,26",11,1,"11,37","0,65","37,26","3,28","7,81"
2026 03 12 12:13:15:850,-3.9675,-6.87625,"0,26",11,1,"11,37","0,65","37,26","3,28","7,81"
2026 03 12 12:13:15:852,-3.9334,-6.87625,"0,26",11,1,"11,37","0,65","37,26","3,28","7,81"
2026 03 12 12:13:15:854,-3.9675,-6.87625,"0,26",11,1,"11,37","0,65","37,26","3,28","7,81"
2026 03 12 12:13:15:856,-3.9675,-6.78875,"0,26",11,1,"11,37","0,65","37,26","3,28","27,34"
2026 03 12 12:13:15:858,-3.9985,-6.78875,"0,26",11,1,"11,37","0,65","37,26","3,28","19,53"
2026 03 12 12:13:15:860,-3.9675,-6.78875,"0,26",11,1,"11,37","0,65","37,26","3,28","11,72"
2026 03 12 12:13:15:862,-3.9985,-6.78875,"0,26",11,1,"11,37","0,65","37,26","3,28","-7,81"
2026 03 12 12:13:15:864,-3.9334,-6.87625,"0,26",11,1,"11,37","0,65","37,26","3,28","-11,72"
2026 03 12 12:13:15:866,-3.9675,-6.78875,"0,26",11,1,"11,37","0,65","37,26","3,28","-19,53"
2026 03 12 12:13:15:868,-3.9675,-6.78875,"0,26",11,1,"11,37","0,65","37,26","3,28","7,81"
2026 03 12 12:13:15:870,-3.9675,-6.78875,"0,26",11,1,"11,37","0,65","37,26","3,28","7,81"
2026 03 12 12:13:15:872,-3.9675,-6.78875,"0,26",11,1,"11,37","0,65","37,26","3,28","7,81"
2026 03 12 12:13:15:874,-3.9675,-6.78875,"0,26",11,1,"11,37","0,65","37,26","3,28","7,81"
2026 03 12 12:13:15:876,-3.9675,-6.78875,"0,26",11,1,"11,37","0,65","37,26","3,28","27,34"
2026 03 12 12:13:15:878,-3.9675,-6.78875,"0,26",11,1,"11,37","0,65","37,26","3,28","19,53"
2026 03 12 12:13:15:880,-3.9675,-6.78875,"0,26",11,1,"11,37","0,65","37,26","3,28","11,72"
2026 03 12 12:13:15:882,-3.9675,-6.78875,"0,26",11,1,"11,37","0,65","37,26","3,28","-3,91"
2026 03 12 12:13:15:884,-3.9675,-6.78875,"0,26",11,1,"11,37","0,65","37,26","3,28","-7,81"
2026 03 12 12:13:15:886,-3.9675,-6.70125,"0,26",11,1,"11,37","0,65","37,26","3,28","-15,62"
2026 03 12 12:13:15:888,-3.9334,-6.78875,"0,26",11,1,"11,37","0,65","37,26","3,28","7,81"
2026 03 12 12:13:15:890,-3.9675,-6.70125,"0,26",11,1,"11,37","0,65","37,26","3,28","3,91"
2026 03 12 12:13:15:892,-3.9675,-6.87625,"0,26",11,1,"11,37","0,65","37,26","3,28","7,81"
2026 03 12 12:13:15:894,-3.9675,-6.78875,"0,26",11,1,"11,37","0,65","37,26","3,28","7,81"
2026 03 12 12:13:15:896,-3.9675,-6.78875,"0,26",11,1,"11,37","0,65","37,26","3,28","31,25"
2026 03 12 12:13:15:898,-3.9334,-6.87625,"0,26",11,1,"11,37","0,65","37,26","3,28","19,53"
2026 03 12 12:13:15:900,-3.9675,-6.78875,"0,26",11,1,"11,37","0,65","37,26","3,28","7,81"
2026 03 12 12:13:15:902,-3.9675,-6.78875,"0,26",11,1,"11,37","0,65","37,26","3,28","-7,81"
2026 03 12 12:13:15:904,-3.9675,-6.78875,"0,26",11,1,"11,37","0,65","37,26","3,28","-7,81"
2026 03 12 12:13:15:906,-3.9985,-6.70125,"0,26",11,1,"11,37","0,65","37,26","3,28","-19,53"
2026 03 12 12:13:15:908,-3.9675,-6.78875,"0,26",11,1,"11,37","0,65","37,26","3,28","7,81"
2026 03 12 12:13:15:910,-3.9675,-6.70125,"0,26",11,1,"11,37","0,65","37,26","3,28","7,81"
2026 03 12 12:13:15:912,-3.9675,-6.78875,"0,26",11,1,"11,37","0,65","37,26","3,28","7,81"
2026 03 12 12:13:15:914,-3.9675,-6.78875,"0,26",11,1,"11,37","0,65","37,26","3,28","7,81"
2026 03 12 12:13:15:916,-3.9985,-6.78875,"0,26",11,1,"11,37","0,65","37,26","3,28","27,34"
2026 03 12 12:13:15:918,-3.9334,-6.78875,"0,26",11,1,"11,37","0,65","37,26","3,28","19,53"
2026 03 12 12:13:15:920,-3.9675,-6.87625,"0,26",11,1,"11,37","0,65","37,26","3,28","11,72"
2026 03 12 12:13:15:922,-3.9675,-6.78875,"0,26",11,1,"11,37","0,65","37,26","3,28","-3,91"
2026 03 12 12:13:15:924,-3.9985,-6.78875,"0,26",11,1,"11,37","0,65","37,26","3,28","-11,72"
2026 03 12 12:13:15:926,-3.9675,-6.70125,"0,26",11,1,"11,37","0,65","37,26","3,28","-19,53"
2026 03 12 12:13:15:928,-3.9985,-6.78875,"0,26",11,1,"11,37","0,65","37,26","3,28","7,81"
2026 03 12 12:13:15:930,-3.9985,-6.78875,"0,26",11,1,"11,37","0,65","37,26","3,28","3,91"
2026 03 12 12:13:15:932,-3.9985,-6.78875,"0,26",11,1,"11,37","0,65","37,26","3,28","7,81"
2026 03 12 12:13:15:934,-3.9334,-6.70125,"0,26",11,1,"11,37","0,65","37,26","3,28","7,81"
2026 03 12 12:13:15:936,-3.9334,-6.78875,"0,26",11,1,"11,37","0,65","37,26","3,28","27,34"
2026 03 12 12:13:15:938,-3.9675,-6.78875,"0,26",11,1,"11,37","0,65","37,26","3,28","19,53"
2026 03 12 12:13:15:940,-3.9334,-6.78875,"0,26",11,1,"11,37","0,65","37,26","3,28","7,81"
2026 03 12 12:13:15:942,-3.9675,-6.87625,"0,26",11,1,"11,37","0,65","37,26","3,28","-3,91"
2026 03 12 12:13:15:944,-3.9675,-6.78875,"0,26",11,1,"11,37","0,65","37,26","3,28","-7,81"
2026 03 12 12:13:15:946,-3.9334,-6.70125,"0,26",11,1,"11,37","0,65","37,26","3,28","-19,53"
2026 03 12 12:13:15:948,-3.9675,-6.87625,"0,26",11,1,"11,37","0,65","37,26","3,28","7,81"
2026 03 12 12:13:15:950,-3.9675,-6.78875,"0,26",11,1,"11,37","0,65","37,26","3,28","7,81"
2026 03 12 12:13:15:952,-3.9675,-6.78875,"0,26",11,1,"11,37","0,65","37,26","3,28","7,81"
2026 03 12 12:13:15:954,-3.9675,-6.78875,"0,26",11,1,"11,37","0,65","37,26","3,28","3,91"
2026 03 12 12:13:15:956,-3.9675,-6.87625,"0,26",11,1,"11,37","0,65","37,26","3,28","27,34"
2026 03 12 12:13:15:958,-3.9675,-6.78875,"0,26",11,1,"11,37","0,65","37,26","3,28","23,44"
2026 03 12 12:13:15:960,-3.9985,-6.87625,"0,26",11,1,"11,37","0,65","37,26","3,28","11,72"
2026 03 12 12:13:15:962,-3.9334,-6.78875,"0,26",11,1,"11,37","0,65","37,26","3,28","-7,81"
2026 03 12 12:13:15:964,-3.9675,-6.78875,"0,26",11,1,"11,37","0,65","37,26","3,28","-11,72"
2026 03 12 12:13:15:966,-3.9985,-6.70125,"0,26",11,1,"11,37","0,65","37,26","3,28","-19,53"
2026 03 12 12:13:15:968,-3.9675,-6.78875,"0,26",11,1,"11,37","0,65","37,26","3,28","7,81"
2026 03 12 12:13:15:970,-3.9675,-6.78875,"0,26",11,1,"11,37","0,65","37,26","3,28","3,91"
2026 03 12 12:13:15:972,-3.9675,-6.78875,"0,26",11,1,"11,37","0,65","37,26","3,28","7,81"
2026 03 12 12:13:15:974,-3.9675,-6.78875,"0,26",11,1,"11,37","0,65","37,26","3,28","3,91"
2026 03 12 12:13:15:976,-3.9675,-6.78875,"0,26",11,1,"11,37","0,65","37,26","3,28","27,34"
2026 03 12 12:13:15:978,-3.9675,-6.78875,"0,26",11,1,"11,37","0,65","37,26","3,28","19,53"
2026 03 12 12:13:15:980,-3.9675,-6.78875,"0,26",11,1,"11,37","0,65","37,26","3,28","11,72"
2026 03 12 12:13:15:982,-3.9675,-6.78875,"0,26",11,1,"11,37","0,65","37,26","3,28","-7,81"
2026 03 12 12:13:15:984,-3.9334,-6.78875,"0,26",11,1,"11,37","0,65","37,26","3,28","-7,81"
2026 03 12 12:13:15:986,-3.9675,-6.78875,"0,26",11,1,"11,37","0,65","37,26","3,28","-19,53"
2026 03 12 12:13:15:988,-3.9675,-6.78875,"0,26",11,1,"11,37","0,65","37,26","3,28","7,81"
2026 03 12 12:13:15:990,-3.9675,-6.78875,"0,26",11,1,"11,37","0,65","37,26","3,28","7,81"
2026 03 12 12:13:15:992,-3.9334,-6.78875,"0,26",11,1,"11,37","0,65","37,26","3,28","7,81"
2026 03 12 12:13:15:994,-3.9675,-6.70125,"0,26",11,1,"11,37","0,65","37,26","3,28","7,81"
2026 03 12 12:13:15:996,-3.9985,-6.78875,"0,26",11,1,"11,37","0,65","37,26","3,28","27,34"
2026 03 12 12:13:15:998,-3.9675,-6.78875,"0,26",11,1,"11,37","0,65","37,26","3,28","15,63"
2026 03 12 12:13:16:000,-3.9675,-6.78875,"0,26",11,1,"11,37","0,65","37,26","3,28","7,81"
2026 03 12 12:13:16:002,-3.9334,-6.87625,"0,26",11,1,"11,37","0,65","37,26","3,28","-7,81"
2026 03 12 12:13:16:004,-3.9675,-6.70125,"0,26",11,1,"11,37","0,65","37,26","3,28","-7,81"
2026 03 12 12:13:16:006,-3.9675,-6.78875,"0,26",11,1,"11,37","0,65","37,26","3,28","-19,53"
2026 03 12 12:13:16:008,-3.9675,-6.78875,"0,26",11,1,"11,37","0,65","37,26","3,28","7,81"
2026 03 12 12:13:16:010,-3.9334,-6.70125,"0,26",11,1,"11,37","0,65","37,26","3,28","3,91"
2026 03 12 12:13:16:012,-3.9675,-6.78875,"0,26",11,1,"11,37","0,65","37,26","3,28","7,81"
2026 03 12 12:13:16:014,-3.9334,-6.78875,"0,26",11,1,"11,37","0,65","37,26","3,28","3,91"
2026 03 12 12:13:16:016,-3.9675,-6.78875,"0,26",11,1,"11,37","0,65","37,26","3,28","31,25"
2026 03 12 12:13:16:018,-3.9985,-6.78875,"0,26",11,1,"11,37","0,65","37,26","3,28","19,53"
2026 03 12 12:13:16:020,-3.9675,-6.78875,"0,26",11,1,"11,37","0,65","37,26","3,28","11,72"
2026 03 12 12:13:16:022,-3.9675,-6.78875,"0,26",11,1,"11,37","0,65","37,26","3,28","-3,91"
2026 03 12 12:13:16:024,-3.9675,-6.78875,"0,26",11,1,"11,37","0,65","37,26","3,28","-7,81"
2026 03 12 12:13:16:026,-3.9985,-6.78875,"0,26",11,1,"11,37","0,65","37,26","3,28","-19,53"
2026 03 12 12:13:16:028,-3.9675,-6.78875,"0,26",11,1,"11,37","0,65","37,26","3,28","3,91"
2026 03 12 12:13:16:030,-3.9675,-6.70125,"0,26",11,1,"11,37","0,65","37,26","3,28","7,81"
2026 03 12 12:13:16:032,-3.9985,-6.78875,"0,26",11,1,"11,37","0,65","37,26","3,28","7,81"
2026 03 12 12:13:16:034,-3.9675,-6.78875,"0,26",11,1,"11,37","0,65","37,26","3,28","3,91"
2026 03 12 12:13:16:036,-3.9675,-6.78875,"0,26",11,1,"11,37","0,65","37,26","3,28","27,34"
2026 03 12 12:13:16:038,-3.9675,-6.78875,"0,26",11,1,"11,37","0,65","37,26","3,28","19,53"
2026 03 12 12:13:16:040,-3.9675,-6.78875,"0,26",11,1,"11,37","0,65","37,26","3,28","11,72"
2026 03 12 12:13:16:042,-3.9675,-6.70125,"0,26",11,1,"11,37","0,65","37,26","3,28","-3,91"
2026 03 12 12:13:16:044,-3.9675,-6.78875,"0,26",11,1,"11,37","0,65","37,26","3,28","-7,81"
2026 03 12 12:13:16:046,-3.9675,-6.78875,"0,26",11,1,"11,37","0,65","37,26","3,28","-19,53"
2026 03 12 12:13:16:048,-3.9675,-6.87625,"0,26",11,1,"11,37","0,65","37,26","3,28","7,81"
2026 03 12 12:13:16:050,-3.9675,-6.78875,"0,26",11,1,"11,37","0,65","37,26","3,28","7,81"
2026 03 12 12:13:16:052,-3.9334,-6.78875,"0,26",11,1,"11,37","0,65","37,26","3,28","7,81"
2026 03 12 12:13:16:054,-3.9985,-6.78875,"0,26",11,1,"11,37","0,65","37,26","3,28","7,81"
2026 03 12 12:13:16:056,-3.9675,-6.87625,"0,26",11,1,"11,37","0,65","37,26","3,28","27,34"
2026 03 12 12:13:16:058,-3.9675,-6.70125,"0,26",11,1,"11,37","0,65","37,26","3,28","23,44"
2026 03 12 12:13:16:060,-3.9675,-6.78875,"0,26",11,1,"11,37","0,65","37,26","3,28","7,81"
2026 03 12 12:13:16:062,-3.9334,-6.87625,"0,26",11,1,"11,37","0,65","37,26","3,28","-7,81"
2026 03 12 12:13:16:064,-3.9334,-6.70125,"0,26",11,1,"11,37","0,65","37,26","3,28","-7,81"
2026 03 12 12:13:16:066,-3.9675,-6.78875,"0,26",11,1,"11,37","0,65","37,26","3,28","-19,53"
2026 03 12 12:13:16:068,-3.9675,-6.61375,"0,26",11,1,"11,37","0,65","37,26","3,28","7,81"
2026 03 12 12:13:16:070,-3.9675,-6.78875,"0,26",11,1,"11,37","0,65","37,26","3,28","3,91"
2026 03 12 12:13:16:072,-3.9675,-6.78875,"0,26",11,1,"11,37","0,65","37,26","3,28","7,81"
2026 03 12 12:13:16:074,-3.9985,-6.78875,"0,26",11,1,"11,37","0,65","37,26","3,28","3,91"
2026 03 12 12:13:16:076,-3.9675,-6.78875,"0,26",11,1,"11,37","0,65","37,26","3,28","27,34"
2026 03 12 12:13:16:078,-3.9334,-6.78875,"0,26",11,1,"11,37","0,65","37,26","3,28","19,53"
2026 03 12 12:13:16:080,-3.9985,-6.87625,"0,26",11,1,"11,37","0,65","37,26","3,28","7,81"
2026 03 12 12:13:16:082,-3.9675,-6.78875,"0,26",11,1,"11,37","0,65","37,26","3,28","-7,81"
2026 03 12 12:13:16:084,-3.9985,-6.78875,"0,26",11,1,"11,37","0,65","37,26","3,28","-7,81"
2026 03 12 12:13:16:086,-3.9675,-6.78875,"0,26",11,1,"11,37","0,65","37,26","3,28","-19,53"
2026 03 12 12:13:16:088,-3.9334,-6.78875,"0,26",11,1,"11,37","0,65","37,26","3,28","7,81"
2026 03 12 12:13:16:090,-3.9675,-6.78875,"0,26",11,1,"11,37","0,65","37,26","3,28","7,81"
2026 03 12 12:13:16:092,-3.9675,-6.78875,"0,26",11,1,"11,37","0,65","37,26","3,28","7,81"
2026 03 12 12:13:16:094,-3.9675,-6.78875,"0,26",11,1,"11,37","0,65","37,26","3,28","7,81"
2026 03 12 12:13:16:096,-3.9675,-6.87625,"0,26",11,1,"11,37","0,65","37,26","3,28","27,34"
2026 03 12 12:13:16:098,-3.9985,-6.87625,"0,26",11,1,"11,37","0,65","37,26","3,28","19,53"
2026 03 12 12:13:16:100,-3.9675,-6.87625,"0,26",11,1,"11,37","0,65","37,26","3,28","11,72"
2026 03 12 12:13:16:102,-3.9675,-6.78875,"0,26",11,1,"11,37","0,65","37,26","3,28","-7,81"
2026 03 12 12:13:16:104,-3.9675,-6.78875,"0,26",11,1,"11,37","0,65","37,26","3,28","-7,81"
2026 03 12 12:13:16:106,-3.9675,-6.78875,"0,26",11,1,"11,37","0,65","37,26","3,28","-19,53"
2026 03 12 12:13:16:108,-3.9985,-6.78875,"0,26",11,1,"11,37","0,65","37,26","3,28","7,81"
2026 03 12 12:13:16:110,-3.9675,-6.78875,"0,26",11,1,"11,37","0,65","37,26","3,28","3,91"
2026 03 12 12:13:16:112,-3.9675,-6.9725,"0,26",11,1,"11,37","0,65","37,26","3,28","7,81"
2026 03 12 12:13:16:114,-3.9675,-6.87625,"0,26",11,1,"11,37","0,65","37,26","3,28","7,81"
2026 03 12 12:13:16:116,-3.9675,-6.78875,"0,26",11,1,"11,37","0,65","37,26","3,28","31,25"
2026 03 12 12:13:16:118,-3.9675,-6.87625,"0,26",11,1,"11,37","0,65","37,26","3,28","19,53"
2026 03 12 12:13:16:120,-3.9985,-6.78875,"0,26",11,1,"11,37","0,65","37,26","3,28","11,72"
2026 03 12 12:13:16:122,-3.9675,-6.78875,"0,26",11,1,"11,37","0,65","37,26","3,28","-7,81"
2026 03 12 12:13:16:124,-3.9334,-6.78875,"0,26",11,1,"11,37","0,65","37,26","3,28","-7,81"
2026 03 12 12:13:16:126,-3.9675,-6.78875,"0,26",11,1,"11,37","0,65","37,26","3,28","-19,53"
2026 03 12 12:13:16:128,-3.9334,-6.78875,"0,26",11,1,"11,37","0,65","37,26","3,28","7,81"
2026 03 12 12:13:16:130,-3.9675,-6.70125,"0,26",11,1,"11,37","0,65","37,26","3,28","7,81"
2026 03 12 12:13:16:132,-3.9675,-6.78875,"0,26",11,1,"11,37","0,65","37,26","3,28","7,81"
2026 03 12 12:13:16:134,-3.9334,-6.78875,"0,26",11,1,"11,37","0,65","37,26","3,28","7,81"
2026 03 12 12:13:16:136,-3.9675,-6.78875,"0,26",11,1,"11,37","0,65","37,26","3,28","31,25"
2026 03 12 12:13:16:138,-3.9675,-6.78875,"0,26",11,1,"11,43","0,67","44,72","3,91","19,53"
2026 03 12 12:13:16:140,-3.9675,-6.78875,"0,26",11,1,"11,43","0,67","44,72","3,91","11,72"
2026 03 12 12:13:16:142,-3.9675,-6.78875,"0,26",11,1,"11,43","0,67","44,72","3,91","-3,91"
2026 03 12 12:13:16:144,-3.9675,-6.78875,"0,26",11,1,"11,43","0,67","44,72","3,91","-3,91"
2026 03 12 12:13:16:146,-3.9675,-6.78875,"0,26",11,1,"11,43","0,67","44,72","3,91","-15,62"
2026 03 12 12:13:16:148,-3.9675,-6.78875,"0,26",11,1,"11,43","0,67","44,72","3,91","7,81"
2026 03 12 12:13:16:150,-3.9675,-6.78875,"0,26",11,1,"11,43","0,67","44,72","3,91","7,81"
2026 03 12 12:13:16:152,-3.9675,-6.78875,"0,26",11,1,"11,43","0,67","44,72","3,91","7,81"
2026 03 12 12:13:16:154,-3.9675,-6.87625,"0,26",11,1,"11,43","0,67","44,72","3,91","7,81"
2026 03 12 12:13:16:156,-3.9675,-6.78875,"0,26",11,1,"11,43","0,67","44,72","3,91","27,34"
2026 03 12 12:13:16:158,-3.9675,-6.70125,"0,26",11,1,"11,43","0,67","44,72","3,91","23,44"
2026 03 12 12:13:16:160,-3.9334,-6.78875,"0,26",11,1,"11,43","0,67","44,72","3,91","7,81"
2026 03 12 12:13:16:162,-3.9675,-6.78875,"0,26",11,1,"11,43","0,67","44,72","3,91","-3,91"
2026 03 12 12:13:16:164,-3.9675,-6.78875,"0,26",11,1,"11,43","0,67","44,72","3,91","-3,91"
2026 03 12 12:13:16:166,-3.9985,-6.78875,"0,26",11,1,"11,43","0,67","44,72","3,91","-19,53"
2026 03 12 12:13:16:168,-3.9675,-6.70125,"0,26",11,1,"11,43","0,67","44,72","3,91","7,81"
2026 03 12 12:13:16:170,-3.9675,-6.87625,"0,26",11,1,"11,43","0,67","44,72","3,91","7,81"
2026 03 12 12:13:16:172,-3.9675,-6.78875,"0,26",11,1,"11,43","0,67","44,72","3,91","7,81"
2026 03 12 12:13:16:174,-3.9675,-6.70125,"0,26",11,1,"11,43","0,67","44,72","3,91","7,81"
2026 03 12 12:13:16:176,-3.9675,-6.70125,"0,26",11,1,"11,43","0,67","44,72","3,91","27,34"
2026 03 12 12:13:16:178,-3.9675,-6.78875,"0,26",11,1,"11,43","0,67","44,72","3,91","19,53"
2026 03 12 12:13:16:180,-3.9675,-6.78875,"0,26",11,1,"11,43","0,67","44,72","3,91","7,81"
2026 03 12 12:13:16:182,-3.9675,-6.70125,"0,26",11,1,"11,43","0,67","44,72","3,91","-3,91"
2026 03 12 12:13:16:184,-3.9675,-6.78875,"0,26",11,1,"11,43","0,67","44,72","3,91","-7,81"
2026 03 12 12:13:16:186,-3.9675,-6.78875,"0,26",11,1,"11,43","0,67","44,72","3,91","-19,53"
2026 03 12 12:13:16:188,-3.9675,-6.78875,"0,26",11,1,"11,43","0,67","44,72","3,91","7,81"
2026 03 12 12:13:16:190,-3.9675,-6.70125,"0,26",11,1,"11,43","0,67","44,72","3,91","7,81"
2026 03 12 12:13:16:192,-3.9675,-6.78875,"0,26",11,1,"11,43","0,67","44,72","3,91","7,81"
2026 03 12 12:13:16:194,-3.9985,-6.87625,"0,26",11,1,"11,43","0,67","44,72","3,91","7,81"
2026 03 12 12:13:16:196,-3.9675,-6.70125,"0,26",11,1,"11,43","0,67","44,72","3,91","27,34"
2026 03 12 12:13:16:198,-3.9334,-6.78875,"0,26",11,1,"11,43","0,67","44,72","3,91","19,53"
2026 03 12 12:13:16:200,-3.9675,-6.78875,"0,26",11,1,"11,43","0,67","44,72","3,91","7,81"
2026 03 12 12:13:16:202,-3.9675,-6.78875,"0,26",11,1,"11,43","0,67","44,72","3,91","-3,91"
2026 03 12 12:13:16:204,-3.9334,-6.78875,"0,26",11,1,"11,43","0,67","44,72","3,91","-3,91"
2026 03 12 12:13:16:206,-3.9675,-6.78875,"0,26",11,1,"11,43","0,67","44,72","3,91","-19,53"
2026 03 12 12:13:16:208,-3.9985,-6.87625,"0,26",11,1,"11,43","0,67","44,72","3,91","7,81"
2026 03 12 12:13:16:210,-3.9675,-6.70125,"0,26",11,1,"11,43","0,67","44,72","3,91","3,91"
2026 03 12 12:13:16:212,-3.9675,-6.70125,"0,26",11,1,"11,43","0,67","44,72","3,91","7,81"
2026 03 12 12:13:16:214,-3.9985,-6.78875,"0,26",11,1,"11,43","0,67","44,72","3,91","7,81"
2026 03 12 12:13:16:216,-3.9675,-6.78875,"0,26",11,1,"11,43","0,67","44,72","3,91","27,34"
2026 03 12 12:13:16:218,-3.9675,-6.78875,"0,26",11,1,"11,43","0,67","44,72","3,91","23,44"
2026 03 12 12:13:16:220,-3.9675,-6.70125,"0,26",11,1,"11,43","0,67","44,72","3,91","7,81"
2026 03 12 12:13:16:222,-3.9675,-6.78875,"0,26",11,1,"11,43","0,67","44,72","3,91","-7,81"
2026 03 12 12:13:16:224,-3.9985,-6.78875,"0,26",11,1,"11,43","0,67","44,72","3,91","-7,81"
2026 03 12 12:13:16:226,-3.9675,-6.78875,"0,26",11,1,"11,43","0,67","44,72","3,91","-15,62"
2026 03 12 12:13:16:228,-3.9675,-6.78875,"0,26",11,1,"11,43","0,67","44,72","3,91","7,81"
2026 03 12 12:13:16:230,-3.9675,-6.78875,"0,26",11,1,"11,43","0,67","44,72","3,91","7,81"
2026 03 12 12:13:16:232,-3.9675,-6.70125,"0,26",11,1,"11,43","0,67","44,72","3,91","7,81"
2026 03 12 12:13:16:234,-3.9675,-6.78875,"0,26",11,1,"11,43","0,67","44,72","3,91","7,81"
2026 03 12 12:13:16:236,-3.9675,-6.87625,"0,26",11,1,"11,43","0,67","44,72","3,91","27,34"
2026 03 12 12:13:16:238,-3.9985,-6.78875,"0,26",11,1,"11,43","0,67","44,72","3,91","19,53"
2026 03 12 12:13:16:240,-3.9985,-6.78875,"0,26",11,1,"11,43","0,67","44,72","3,91","7,81"
2026 03 12 12:13:16:242,-3.9985,-6.70125,"0,26",11,1,"11,43","0,67","44,72","3,91","-3,91"
2026 03 12 12:13:16:244,-3.9675,-6.78875,"0,26",11,1,"11,43","0,67","44,72","3,91","-7,81"
2026 03 12 12:13:16:246,-3.9675,-6.87625,"0,26",11,1,"11,43","0,67","44,72","3,91","-15,62"
2026 03 12 12:13:16:248,-3.9334,-6.87625,"0,26",11,1,"11,43","0,67","44,72","3,91","7,81"
2026 03 12 12:13:16:250,-3.9675,-6.87625,"0,26",11,1,"11,43","0,67","44,72","3,91","3,91"
2026 03 12 12:13:16:252,-3.9334,-6.70125,"0,26",11,1,"11,43","0,67","44,72","3,91","7,81"
2026 03 12 12:13:16:254,-3.9675,-6.87625,"0,26",11,1,"11,43","0,67","44,72","3,91","7,81"
2026 03 12 12:13:16:256,-3.9675,-6.78875,"0,26",11,1,"11,43","0,67","44,72","3,91","27,34"
2026 03 12 12:13:16:258,-3.9675,-6.78875,"0,26",11,1,"11,43","0,67","44,72","3,91","15,63"
2026 03 12 12:13:16:260,-3.9675,-6.78875,"0,26",11,1,"11,43","0,67","44,72","3,91","7,81"
2026 03 12 12:13:16:262,-3.9985,-6.70125,"0,26",11,1,"11,43","0,67","44,72","3,91","-7,81"
2026 03 12 12:13:16:264,-3.9985,-6.70125,"0,26",11,1,"11,43","0,67","44,72","3,91","-7,81"
2026 03 12 12:13:16:266,-3.9675,-6.78875,"0,26",11,1,"11,43","0,67","44,72","3,91","-19,53"
2026 03 12 12:13:16:268,-3.9675,-6.78875,"0,26",11,1,"11,43","0,67","44,72","3,91","3,91"
2026 03 12 12:13:16:270,-3.9675,-6.78875,"0,26",11,1,"11,43","0,67","44,72","3,91","3,91"
2026 03 12 12:13:16:272,-3.9675,-6.78875,"0,26",11,1,"11,43","0,67","44,72","3,91","7,81"
2026 03 12 12:13:16:274,-3.9675,-6.78875,"0,26",11,1,"11,43","0,67","44,72","3,91","7,81"
2026 03 12 12:13:16:276,-3.9675,-6.70125,"0,26",11,1,"11,43","0,67","44,72","3,91","27,34"
2026 03 12 12:13:16:278,-3.9675,-6.78875,"0,26",11,1,"11,43","0,67","44,72","3,91","19,53"
2026 03 12 12:13:16:280,-3.9334,-6.78875,"0,26",11,1,"11,43","0,67","44,72","3,91","7,81"
2026 03 12 12:13:16:282,-3.9985,-6.70125,"0,26",11,1,"11,43","0,67","44,72","3,91","-3,91"
2026 03 12 12:13:16:284,-3.9675,-6.78875,"0,26",11,1,"11,43","0,67","44,72","3,91","-3,91"
2026 03 12 12:13:16:286,-3.9675,-6.78875,"0,26",11,1,"11,43","0,67","44,72","3,91","-15,62"
2026 03 12 12:13:16:288,-3.9985,-6.70125,"0,26",11,1,"11,43","0,67","44,72","3,91","7,81"
2026 03 12 12:13:16:290,-3.9675,-6.78875,"0,26",11,1,"11,43","0,67","44,72","3,91","3,91"
2026 03 12 12:13:16:292,-3.9985,-6.78875,"0,26",11,1,"11,43","0,67","44,72","3,91","7,81"
2026 03 12 12:13:16:294,-3.9985,-6.78875,"0,26",11,1,"11,43","0,67","44,72","3,91","7,81"
2026 03 12 12:13:16:296,-3.9675,-6.78875,"0,26",11,1,"11,43","0,67","44,72","3,91","27,34"
2026 03 12 12:13:16:298,-3.9675,-6.87625,"0,26",11,1,"11,43","0,67","44,72","3,91","15,63"
2026 03 12 12:13:16:300,-3.9985,-6.87625,"0,26",11,1,"11,43","0,67","44,72","3,91","7,81"
2026 03 12 12:13:16:302,-3.9675,-6.78875,"0,26",11,1,"11,43","0,67","44,72","3,91","-3,91"
2026 03 12 12:13:16:304,-3.9675,-6.78875,"0,26",11,1,"11,43","0,67","44,72","3,91","-3,91"
2026 03 12 12:13:16:306,-3.9675,-6.78875,"0,26",11,1,"11,43","0,67","44,72","3,91","-15,62"
2026 03 12 12:13:16:308,-3.9675,-6.87625,"0,26",11,1,"11,43","0,67","44,72","3,91","7,81"
2026 03 12 12:13:16:310,-3.9985,-6.78875,"0,26",11,1,"11,43","0,67","44,72","3,91","3,91"
2026 03 12 12:13:16:312,-3.9675,-6.78875,"0,26",11,1,"11,43","0,67","44,72","3,91","7,81"
2026 03 12 12:13:16:314,-3.9675,-6.78875,"0,26",11,1,"11,43","0,67","44,72","3,91","3,91"
2026 03 12 12:13:16:316,-3.9985,-6.78875,"0,26",11,1,"11,43","0,67","44,72","3,91","23,44"
2026 03 12 12:13:16:318,-3.9675,-6.70125,"0,26",11,1,"11,43","0,67","44,72","3,91","23,44"
2026 03 12 12:13:16:320,-3.9675,-6.78875,"0,26",11,1,"11,43","0,67","44,72","3,91","7,81"
2026 03 12 12:13:16:322,-3.9675,-6.78875,"0,26",11,1,"11,43","0,67","44,72","3,91","-3,91"
2026 03 12 12:13:16:324,-3.9675,-6.78875,"0,26",11,1,"11,43","0,67","44,72","3,91","-3,91"
2026 03 12 12:13:16:326,-3.9675,-6.78875,"0,26",11,1,"11,43","0,67","44,72","3,91","-19,53"
2026 03 12 12:13:16:328,-3.9985,-6.78875,"0,26",11,1,"11,43","0,67","44,72","3,91","7,81"
2026 03 12 12:13:16:330,-3.9985,-6.78875,"0,26",11,1,"11,43","0,67","44,72","3,91","7,81"
2026 03 12 12:13:16:332,-3.9675,-6.78875,"0,26",11,1,"11,43","0,67","44,72","3,91","7,81"
2026 03 12 12:13:16:334,-3.9985,-6.78875,"0,26",11,1,"11,43","0,67","44,72","3,91","3,91"
2026 03 12 12:13:16:336,-3.9675,-6.78875,"0,26",11,1,"11,43","0,67","44,72","3,91","27,34"
2026 03 12 12:13:16:338,-3.9675,-6.78875,"0,26",11,1,"11,43","0,67","44,72","3,91","19,53"
2026 03 12 12:13:16:340,-3.9334,-6.87625,"0,26",11,1,"11,43","0,67","44,72","3,91","7,81"
2026 03 12 12:13:16:342,-3.9334,-6.78875,"0,26",11,1,"11,43","0,67","44,72","3,91","-3,91"
2026 03 12 12:13:16:344,-3.9675,-6.78875,"0,26",11,1,"11,43","0,67","44,72","3,91","-3,91"
2026 03 12 12:13:16:346,-3.9675,-6.78875,"0,26",11,1,"11,43","0,67","44,72","3,91","-15,62"
2026 03 12 12:13:16:348,-3.9675,-6.70125,"0,26",11,1,"11,43","0,67","44,72","3,91","7,81"
2026 03 12 12:13:16:350,-3.9675,-6.78875,"0,26",11,1,"11,43","0,67","44,72","3,91","7,81"
2026 03 12 12:13:16:352,-3.9675,-6.78875,"0,26",11,1,"11,43","0,67","44,72","3,91","7,81"
2026 03 12 12:13:16:354,-3.9675,-6.78875,"0,26",11,1,"11,43","0,67","44,72","3,91","7,81"
2026 03 12 12:13:16:356,-3.9675,-6.87625,"0,26",11,1,"11,43","0,67","44,72","3,91","23,44"
2026 03 12 12:13:16:358,-3.9675,-6.70125,"0,26",11,1,"11,43","0,67","44,72","3,91","15,63"
2026 03 12 12:13:16:360,-3.9675,-6.78875,"0,26",11,1,"11,43","0,67","44,72","3,91","7,81"
2026 03 12 12:13:16:362,-3.9985,-6.87625,"0,26",11,1,"11,43","0,67","44,72","3,91","-3,91"
2026 03 12 12:13:16:364,-3.9675,-6.78875,"0,26",11,1,"11,43","0,67","44,72","3,91","-3,91"
2026 03 12 12:13:16:366,-3.9675,-6.78875,"0,26",11,1,"11,43","0,67","44,72","3,91","-11,72"
2026 03 12 12:13:16:368,-3.9334,-6.78875,"0,26",11,1,"11,43","0,67","44,72","3,91","7,81"
2026 03 12 12:13:16:370,-3.9675,-6.78875,"0,26",11,1,"11,43","0,67","44,72","3,91","3,91"
2026 03 12 12:13:16:372,-3.9675,-6.78875,"0,26",11,1,"11,43","0,67","44,72","3,91","3,91"
2026 03 12 12:13:16:374,-3.9334,-6.78875,"0,26",11,1,"11,43","0,67","44,72","3,91","7,81"
2026 03 12 12:13:16:376,-3.9675,-6.78875,"0,26",11,1,"11,43","0,67","44,72","3,91","27,34"
2026 03 12 12:13:16:378,-3.9985,-6.70125,"0,26",11,1,"11,43","0,67","44,72","3,91","19,53"
2026 03 12 12:13:16:380,-3.9334,-6.78875,"0,26",11,1,"11,43","0,67","44,72","3,91","7,81"
2026 03 12 12:13:16:382,-3.9675,-6.78875,"0,26",11,1,"11,43","0,67","44,72","3,91","-7,81"
2026 03 12 12:13:16:384,-3.9334,-6.78875,"0,26",11,1,"11,43","0,67","44,72","3,91","-3,91"
2026 03 12 12:13:16:386,-3.9675,-6.70125,"0,26",11,1,"11,43","0,67","44,72","3,91","-11,72"
2026 03 12 12:13:16:388,-3.9334,-6.78875,"0,26",11,1,"11,43","0,67","44,72","3,91","7,81"
2026 03 12 12:13:16:390,-3.9985,-6.78875,"0,26",11,1,"11,43","0,67","44,72","3,91","3,91"
2026 03 12 12:13:16:392,-3.9334,-6.78875,"0,26",11,1,"11,43","0,67","44,72","3,91","7,81"
2026 03 12 12:13:16:394,-3.9675,-6.78875,"0,26",11,1,"11,43","0,67","44,72","3,91","3,91"
2026 03 12 12:13:16:396,-3.9985,-6.78875,"0,26",11,1,"11,43","0,67","44,72","3,91","27,34"
2026 03 12 12:13:16:398,-3.9334,-6.70125,"0,26",11,1,"11,43","0,67","44,72","3,91","19,53"
2026 03 12 12:13:16:400,-3.9675,-6.78875,"0,26",11,1,"11,43","0,67","44,72","3,91","7,81"
2026 03 12 12:13:16:402,-3.9675,-6.78875,"0,26",11,1,"11,43","0,67","44,72","3,91","-3,91"
2026 03 12 12:13:16:404,-3.9675,-6.78875,"0,26",11,1,"11,43","0,67","44,72","3,91","-3,91"
2026 03 12 12:13:16:406,-3.9675,-6.78875,"0,26",11,1,"11,43","0,67","44,72","3,91","-7,81"
2026 03 12 12:13:16:408,-3.9675,-6.78875,"0,26",11,1,"11,43","0,67","44,72","3,91","7,81"
2026 03 12 12:13:16:410,-3.9675,-6.87625,"0,26",11,1,"11,43","0,67","44,72","3,91","7,81"
2026 03 12 12:13:16:412,-3.9675,-6.78875,"0,26",11,1,"11,43","0,67","44,72","3,91","7,81"
2026 03 12 12:13:16:414,-3.9675,-6.78875,"0,26",11,1,"11,43","0,67","44,72","3,91","7,81"
2026 03 12 12:13:16:416,-3.9985,-6.70125,"0,26",11,1,"11,43","0,67","44,72","3,91","27,34"
2026 03 12 12:13:16:418,-3.9675,-6.78875,"0,26",11,1,"11,43","0,67","44,72","3,91","15,63"
2026 03 12 12:13:16:420,-3.9985,-6.78875,"0,26",11,1,"11,43","0,67","44,72","3,91","7,81"
2026 03 12 12:13:16:422,-3.9675,-6.70125,"0,26",11,1,"11,43","0,67","44,72","3,91","-3,91"
2026 03 12 12:13:16:424,-3.9675,-6.78875,"0,26",11,1,"11,43","0,67","44,72","3,91","-3,91"
2026 03 12 12:13:16:426,-3.9675,-6.78875,"0,26",11,1,"11,43","0,67","44,72","3,91","-7,81"
2026 03 12 12:13:16:428,-3.9675,-6.78875,"0,26",11,1,"11,43","0,67","44,72","3,91","7,81"
2026 03 12 12:13:16:430,-3.9675,-6.78875,"0,26",11,1,"11,43","0,67","44,72","3,91","7,81"
2026 03 12 12:13:16:432,-3.9675,-6.78875,"0,26",11,1,"11,43","0,67","44,72","3,91","7,81"
2026 03 12 12:13:16:434,-3.9675,-6.78875,"0,26",11,1,"11,43","0,67","44,72","3,91","3,91"
2026 03 12 12:13:16:436,-3.9675,-6.78875,"0,26",11,1,"11,43","0,69","44,82","3,92","27,34"
2026 03 12 12:13:16:438,-3.9985,-6.78875,"0,26",11,1,"11,43","0,69","44,82","3,92","19,53"
2026 03 12 12:13:16:440,-3.9675,-6.78875,"0,26",11,1,"11,43","0,69","44,82","3,92","7,81"
2026 03 12 12:13:16:442,-3.9985,-6.78875,"0,26",11,1,"11,43","0,69","44,82","3,92",0
2026 03 12 12:13:16:444,-3.9675,-6.78875,"0,26",11,1,"11,43","0,69","44,82","3,92","-3,91"
2026 03 12 12:13:16:446,-3.9985,-6.87625,"0,26",11,1,"11,43","0,69","44,82","3,92","-7,81"
2026 03 12 12:13:16:448,-3.9334,-6.87625,"0,26",11,1,"11,43","0,69","44,82","3,92","7,81"
2026 03 12 12:13:16:450,-3.9985,-6.87625,"0,26",11,1,"11,43","0,69","44,82","3,92","7,81"
2026 03 12 12:13:16:452,-3.9334,-6.78875,"0,26",11,1,"11,43","0,69","44,82","3,92","7,81"
2026 03 12 12:13:16:454,-3.9334,-6.87625,"0,26",11,1,"11,43","0,69","44,82","3,92","7,81"
2026 03 12 12:13:16:456,-3.9675,-6.87625,"0,26",11,1,"11,43","0,69","44,82","3,92","27,34"
2026 03 12 12:13:16:458,-3.9675,-6.78875,"0,26",11,1,"11,43","0,69","44,82","3,92","19,53"
2026 03 12 12:13:16:460,-3.9334,-6.78875,"0,26",11,1,"11,43","0,69","44,82","3,92","7,81"
2026 03 12 12:13:16:462,-3.9675,-6.78875,"0,26",11,1,"11,43","0,69","44,82","3,92","-3,91"
2026 03 12 12:13:16:464,-3.9675,-6.78875,"0,26",11,1,"11,43","0,69","44,82","3,92",0
2026 03 12 12:13:16:466,-3.9675,-6.78875,"0,26",11,1,"11,43","0,69","44,82","3,92","-11,72"
2026 03 12 12:13:16:468,-3.9985,-6.70125,"0,26",11,1,"11,43","0,69","44,82","3,92","7,81"
2026 03 12 12:13:16:470,-3.9675,-6.78875,"0,26",11,1,"11,43","0,69","44,82","3,92","7,81"
2026 03 12 12:13:16:472,-3.9334,-6.78875,"0,26",11,1,"11,43","0,69","44,82","3,92","7,81"
2026 03 12 12:13:16:474,-3.9334,-6.78875,"0,26",11,1,"11,43","0,69","44,82","3,92","7,81"
2026 03 12 12:13:16:476,-3.9334,-6.78875,"0,26",11,1,"11,43","0,69","44,82","3,92","27,34"
2026 03 12 12:13:16:478,-3.9675,-6.87625,"0,26",11,1,"11,43","0,69","44,82","3,92","23,44"
2026 03 12 12:13:16:480,-3.9985,-6.78875,"0,26",11,1,"11,43","0,69","44,82","3,92","7,81"
2026 03 12 12:13:16:482,-3.9675,-6.78875,"0,26",11,1,"11,43","0,69","44,82","3,92","-3,91"
2026 03 12 12:13:16:484,-3.9334,-6.87625,"0,26",11,1,"11,43","0,69","44,82","3,92","-3,91"
2026 03 12 12:13:16:486,-3.9985,-6.78875,"0,26",11,1,"11,43","0,69","44,82","3,92","-7,81"
2026 03 12 12:13:16:488,-3.9985,-6.78875,"0,26",11,1,"11,43","0,69","44,82","3,92","7,81"
2026 03 12 12:13:16:490,-3.9675,-6.78875,"0,26",11,1,"11,43","0,69","44,82","3,92","3,91"
2026 03 12 12:13:16:492,-3.9334,-6.78875,"0,26",11,1,"11,43","0,69","44,82","3,92","7,81"
2026 03 12 12:13:16:494,-3.9675,-6.78875,"0,26",11,1,"11,43","0,69","44,82","3,92","7,81"
2026 03 12 12:13:16:496,-3.9675,-6.87625,"0,26",11,1,"11,43","0,69","44,82","3,92","27,34"
2026 03 12 12:13:16:498,-3.9675,-6.78875,"0,26",11,1,"11,43","0,69","44,82","3,92","19,53"
2026 03 12 12:13:16:500,-3.9334,-6.78875,"0,26",11,1,"11,43","0,69","44,82","3,92","7,81"
2026 03 12 12:13:16:502,-3.9334,-6.78875,"0,26",11,1,"11,43","0,69","44,82","3,92","-3,91"
2026 03 12 12:13:16:504,-3.9675,-6.87625,"0,26",11,1,"11,43","0,69","44,82","3,92","-3,91"
2026 03 12 12:13:16:506,-3.9675,-6.78875,"0,26",11,1,"11,43","0,69","44,82","3,92","-7,81"
2026 03 12 12:13:16:508,-3.9675,-6.87625,"0,26",11,1,"11,43","0,69","44,82","3,92","7,81"
2026 03 12 12:13:16:510,-3.9675,-6.78875,"0,26",11,1,"11,43","0,69","44,82","3,92","7,81"
2026 03 12 12:13:16:512,-3.9675,-6.78875,"0,26",11,1,"11,43","0,69","44,82","3,92","7,81"
2026 03 12 12:13:16:514,-3.9675,-6.78875,"0,26",11,1,"11,43","0,69","44,82","3,92","3,91"
2026 03 12 12:13:16:516,-3.9675,-6.78875,"0,26",11,1,"11,43","0,69","44,82","3,92","27,34"
2026 03 12 12:13:16:518,-3.9675,-6.78875,"0,26",11,1,"11,43","0,69","44,82","3,92","15,63"
2026 03 12 12:13:16:520,-3.9334,-6.78875,"0,26",11,1,"11,43","0,69","44,82","3,92","7,81"
2026 03 12 12:13:16:522,-3.9985,-6.78875,"0,26",11,1,"11,43","0,69","44,82","3,92","-3,91"
2026 03 12 12:13:16:524,-3.9675,-6.87625,"0,26",11,1,"11,43","0,69","44,82","3,92","-3,91"
2026 03 12 12:13:16:526,-3.9985,-6.78875,"0,26",11,1,"11,43","0,69","44,82","3,92","-7,81"
2026 03 12 12:13:16:528,-3.9675,-6.78875,"0,26",11,1,"11,43","0,69","44,82","3,92","3,91"
2026 03 12 12:13:16:530,-3.9675,-6.78875,"0,26",11,1,"11,43","0,69","44,82","3,92","3,91"
2026 03 12 12:13:16:532,-3.9675,-6.78875,"0,26",11,1,"11,43","0,69","44,82","3,92","7,81"
2026 03 12 12:13:16:534,-3.9675,-6.78875,"0,26",11,1,"11,43","0,69","44,82","3,92","3,91"
2026 03 12 12:13:16:536,-3.9985,-6.78875,"0,26",11,1,"11,43","0,69","44,82","3,92","27,34"
2026 03 12 12:13:16:538,-3.9675,-6.87625,"0,26",11,1,"11,43","0,69","44,82","3,92","15,63"
2026 03 12 12:13:16:540,-3.9675,-6.78875,"0,26",11,1,"11,43","0,69","44,82","3,92","7,81"
2026 03 12 12:13:16:542,-3.9334,-6.78875,"0,26",11,1,"11,43","0,69","44,82","3,92","-3,91"
2026 03 12 12:13:16:544,-3.9675,-6.78875,"0,26",11,1,"11,43","0,69","44,82","3,92","-3,91"
2026 03 12 12:13:16:546,-3.9334,-6.78875,"0,26",11,1,"11,43","0,69","44,82","3,92","-3,91"
2026 03 12 12:13:16:548,-3.9675,-6.70125,"0,26",11,1,"11,43","0,69","44,82","3,92","7,81"
2026 03 12 12:13:16:550,-3.9985,-6.78875,"0,26",11,1,"11,43","0,69","44,82","3,92","3,91"
2026 03 12 12:13:16:552,-3.9675,-6.78875,"0,26",11,1,"11,43","0,69","44,82","3,92","7,81"
2026 03 12 12:13:16:554,-3.9675,-6.78875,"0,26",11,1,"11,43","0,69","44,82","3,92","7,81"
2026 03 12 12:13:16:556,-3.9334,-6.78875,"0,26",11,1,"11,43","0,69","44,82","3,92","27,34"
2026 03 12 12:13:16:558,-3.9985,-6.87625,"0,26",11,1,"11,43","0,69","44,82","3,92","15,63"
2026 03 12 12:13:16:560,-3.9675,-6.87625,"0,26",11,1,"11,43","0,69","44,82","3,92","7,81"
2026 03 12 12:13:16:562,-3.9675,-6.78875,"0,26",11,1,"11,43","0,69","44,82","3,92","-3,91"
2026 03 12 12:13:16:564,-3.9334,-6.87625,"0,26",11,1,"11,43","0,69","44,82","3,92","-3,91"
2026 03 12 12:13:16:566,-3.9985,-6.78875,"0,26",11,1,"11,43","0,69","44,82","3,92","-7,81"
2026 03 12 12:13:16:568,-3.9675,-6.78875,"0,26",11,1,"11,43","0,69","44,82","3,92","3,91"
2026 03 12 12:13:16:570,-3.9675,-6.70125,"0,26",11,1,"11,43","0,69","44,82","3,92","3,91"
2026 03 12 12:13:16:572,-3.9675,-6.70125,"0,26",11,1,"11,43","0,69","44,82","3,92","7,81"
2026 03 12 12:13:16:574,-3.9675,-6.78875,"0,26",11,1,"11,43","0,69","44,82","3,92","3,91"
2026 03 12 12:13:16:576,-3.9985,-6.78875,"0,26",11,1,"11,43","0,69","44,82","3,92","27,34"
2026 03 12 12:13:16:578,-3.9675,-6.78875,"0,26",11,1,"11,43","0,69","44,82","3,92","19,53"
2026 03 12 12:13:16:580,-3.9675,-6.78875,"0,26",11,1,"11,43","0,69","44,82","3,92","7,81"
2026 03 12 12:13:16:582,-3.9985,-6.70125,"0,26",11,1,"11,43","0,69","44,82","3,92",0
2026 03 12 12:13:16:584,-3.9675,-6.87625,"0,26",11,1,"11,43","0,69","44,82","3,92",0
2026 03 12 12:13:16:586,-3.9985,-6.78875,"0,26",11,1,"11,43","0,69","44,82","3,92","-3,91"
2026 03 12 12:13:16:588,-3.9675,-6.78875,"0,26",11,1,"11,43","0,69","44,82","3,92","7,81"
2026 03 12 12:13:16:590,-3.9675,-6.78875,"0,26",11,1,"11,43","0,69","44,82","3,92","3,91"
2026 03 12 12:13:16:592,-3.9675,-6.87625,"0,26",11,1,"11,43","0,69","44,82","3,92","7,81"
2026 03 12 12:13:16:594,-3.9675,-6.78875,"0,26",11,1,"11,43","0,69","44,82","3,92","7,81"
2026 03 12 12:13:16:596,-3.9334,-6.78875,"0,26",11,1,"11,43","0,69","44,82","3,92","27,34"
2026 03 12 12:13:16:598,-3.9675,-6.78875,"0,26",11,1,"11,43","0,69","44,82","3,92","19,53"
2026 03 12 12:13:16:600,-3.9675,-6.78875,"0,26",11,1,"11,43","0,69","44,82","3,92","7,81"
2026 03 12 12:13:16:602,-3.9985,-6.78875,"0,26",11,1,"11,43","0,69","44,82","3,92",0
2026 03 12 12:13:16:604,-3.9675,-6.70125,"0,26",11,1,"11,43","0,69","44,82","3,92","-3,91"
2026 03 12 12:13:16:606,-3.9675,-6.78875,"0,26",11,1,"11,43","0,69","44,82","3,92","-3,91"
2026 03 12 12:13:16:608,-3.9675,-6.78875,"0,26",11,1,"11,43","0,69","44,82","3,92","7,81"
2026 03 12 12:13:16:610,-3.9334,-6.78875,"0,26",11,1,"11,43","0,69","44,82","3,92","3,91"
2026 03 12 12:13:16:612,-3.9675,-6.78875,"0,26",11,1,"11,43","0,69","44,82","3,92","7,81"
2026 03 12 12:13:16:614,-3.9675,-6.78875,"0,26",11,1,"11,43","0,69","44,82","3,92","7,81"
2026 03 12 12:13:16:616,-3.9675,-6.78875,"0,26",11,1,"11,43","0,69","44,82","3,92","27,34"
2026 03 12 12:13:16:618,-3.9675,-6.78875,"0,26",11,1,"11,43","0,69","44,82","3,92","15,63"
2026 03 12 12:13:16:620,-3.9675,-6.78875,"0,26",11,1,"11,43","0,69","44,82","3,92","7,81"
2026 03 12 12:13:16:622,-3.9675,-6.78875,"0,26",11,1,"11,43","0,69","44,82","3,92","-3,91"
2026 03 12 12:13:16:624,-3.9675,-6.70125,"0,26",11,1,"11,43","0,69","44,82","3,92","-3,91"
2026 03 12 12:13:16:626,-3.9675,-6.78875,"0,26",11,1,"11,43","0,69","44,82","3,92","-3,91"
2026 03 12 12:13:16:628,-3.9675,-6.78875,"0,26",11,1,"11,43","0,69","44,82","3,92","7,81"
2026 03 12 12:13:16:630,-3.9675,-6.78875,"0,26",11,1,"11,43","0,69","44,82","3,92","3,91"
2026 03 12 12:13:16:632,-3.9334,-6.70125,"0,26",11,1,"11,43","0,69","44,82","3,92","7,81"
2026 03 12 12:13:16:634,-3.9675,-6.78875,"0,26",11,1,"11,43","0,69","44,82","3,92","3,91"
2026 03 12 12:13:16:636,-3.9675,-6.78875,"0,26",11,1,"11,43","0,69","44,82","3,92","23,44"
2026 03 12 12:13:16:638,-3.9985,-6.87625,"0,26",11,1,"11,43","0,69","44,82","3,92","23,44"
2026 03 12 12:13:16:640,-3.9675,-6.78875,"0,26",11,1,"11,43","0,69","44,82","3,92","7,81"
2026 03 12 12:13:16:642,-3.9675,-6.78875,"0,26",11,1,"11,43","0,69","44,82","3,92","-3,91"
2026 03 12 12:13:16:644,-3.9334,-6.78875,"0,26",11,1,"11,43","0,69","44,82","3,92","-3,91"
2026 03 12 12:13:16:646,-3.9675,-6.87625,"0,26",11,1,"11,43","0,69","44,82","3,92","-3,91"
2026 03 12 12:13:16:648,-3.9675,-6.78875,"0,26",11,1,"11,43","0,69","44,82","3,92","7,81"
2026 03 12 12:13:16:650,-3.9985,-6.87625,"0,26",11,1,"11,43","0,69","44,82","3,92","3,91"
2026 03 12 12:13:16:652,-3.9675,-6.78875,"0,26",11,1,"11,43","0,69","44,82","3,92","7,81"
2026 03 12 12:13:16:654,-3.9675,-6.78875,"0,26",11,1,"11,43","0,69","44,82","3,92","3,91"
2026 03 12 12:13:16:656,-3.9675,-6.87625,"0,26",11,1,"11,43","0,69","44,82","3,92","27,34"
2026 03 12 12:13:16:658,-3.9675,-6.78875,"0,26",11,1,"11,43","0,69","44,82","3,92","15,63"
2026 03 12 12:13:16:660,-3.9334,-6.78875,"0,26",11,1,"11,43","0,69","44,82","3,92","7,81"
2026 03 12 12:13:16:662,-3.9675,-6.70125,"0,26",11,1,"11,43","0,69","44,82","3,92","-3,91"
2026 03 12 12:13:16:664,-3.9675,-6.78875,"0,26",11,1,"11,43","0,69","44,82","3,92",0
2026 03 12 12:13:16:666,-3.9334,-6.87625,"0,26",11,1,"11,43","0,69","44,82","3,92",0
2026 03 12 12:13:16:668,-3.9675,-6.78875,"0,26",11,1,"11,43","0,69","44,82","3,92","7,81"
2026 03 12 12:13:16:670,-3.9675,-6.78875,"0,26",11,1,"11,43","0,69","44,82","3,92","3,91"
2026 03 12 12:13:16:672,-3.9675,-6.87625,"0,26",11,1,"11,43","0,69","44,82","3,92","7,81"
2026 03 12 12:13:16:674,-3.9675,-6.78875,"0,26",11,1,"11,43","0,69","44,82","3,92","3,91"
2026 03 12 12:13:16:676,-4.0295,-6.78875,"0,26",11,1,"11,43","0,69","44,82","3,92","27,34"
2026 03 12 12:13:16:678,-3.9675,-6.78875,"0,26",11,1,"11,43","0,69","44,82","3,92","15,63"
2026 03 12 12:13:16:680,-3.9985,-6.70125,"0,26",11,1,"11,43","0,69","44,82","3,92","7,81"
2026 03 12 12:13:16:682,-3.9675,-6.70125,"0,26",11,1,"11,43","0,69","44,82","3,92","-3,91"
2026 03 12 12:13:16:684,-3.9675,-6.78875,"0,26",11,1,"11,43","0,69","44,82","3,92","-3,91"
2026 03 12 12:13:16:686,-3.9985,-6.78875,"0,26",11,1,"11,43","0,69","44,82","3,92","-3,91"
2026 03 12 12:13:16:688,-3.9675,-6.70125,"0,26",11,1,"11,43","0,69","44,82","3,92","7,81"
2026 03 12 12:13:16:690,-3.9985,-6.78875,"0,26",11,1,"11,43","0,69","44,82","3,92","3,91"
2026 03 12 12:13:16:692,-3.9675,-6.78875,"0,26",11,1,"11,43","0,69","44,82","3,92","7,81"
2026 03 12 12:13:16:694,-3.9985,-6.78875,"0,26",11,1,"11,43","0,69","44,82","3,92","7,81"
2026 03 12 12:13:16:696,-3.9675,-6.87625,"0,26",11,1,"11,43","0,69","44,82","3,92","27,34"
2026 03 12 12:13:16:698,-3.9675,-6.87625,"0,26",11,1,"11,43","0,69","44,82","3,92","19,53"
2026 03 12 12:13:16:700,-3.9675,-6.78875,"0,26",11,1,"11,43","0,69","44,82","3,92","7,81"
2026 03 12 12:13:16:702,-3.9675,-6.78875,"0,26",11,1,"11,43","0,69","44,82","3,92",0
2026 03 12 12:13:16:704,-3.9675,-6.78875,"0,26",11,1,"11,43","0,69","44,82","3,92",0
2026 03 12 12:13:16:706,-3.9985,-6.78875,"0,26",11,1,"11,43","0,69","44,82","3,92",0
2026 03 12 12:13:16:708,-3.9675,-6.78875,"0,26",11,1,"11,43","0,69","44,82","3,92","7,81"
2026 03 12 12:13:16:710,-3.9675,-6.78875,"0,26",11,1,"11,43","0,69","44,82","3,92","7,81"
2026 03 12 12:13:16:712,-3.9675,-6.78875,"0,26",11,1,"11,43","0,69","44,82","3,92","7,81"
2026 03 12 12:13:16:714,-3.9675,-6.78875,"0,26",11,1,"11,43","0,69","44,82","3,92","7,81"
2026 03 12 12:13:16:716,-3.9675,-6.78875,"0,26",11,1,"11,43","0,69","44,82","3,92","27,34"
2026 03 12 12:13:16:718,-3.9675,-6.70125,"0,26",11,1,"11,43","0,69","44,82","3,92","15,63"
2026 03 12 12:13:16:720,-3.9985,-6.78875,"0,26",11,1,"11,43","0,69","44,82","3,92","7,81"
2026 03 12 12:13:16:722,-3.9675,-6.78875,"0,26",11,1,"11,43","0,69","44,82","3,92",0
2026 03 12 12:13:16:724,-3.9675,-6.87625,"0,26",11,1,"11,43","0,69","44,82","3,92",0
2026 03 12 12:13:16:726,-3.9675,-6.87625,"0,26",11,1,"11,43","0,69","44,82","3,92","-3,91"
2026 03 12 12:13:16:728,-3.9675,-6.78875,"0,26",11,1,"11,43","0,69","44,82","3,92","7,81"
2026 03 12 12:13:16:730,-3.9675,-6.78875,"0,26",11,1,"11,43","0,69","44,82","3,92","7,81"
2026 03 12 12:13:16:732,-3.9334,-6.70125,"0,26",11,1,"11,43","0,69","44,82","3,92","7,81"
2026 03 12 12:13:16:734,-3.9675,-6.78875,"0,26",11,1,"11,43","0,69","44,82","3,92","7,81"
2026 03 12 12:13:16:736,-3.9334,-6.78875,"0,26",11,1,"11,43","0,69","44,82","3,92","27,34"
2026 03 12 12:13:16:738,-3.9675,-6.78875,"0,26",11,1,"11,35","0,71","38,64","3,4","23,44"
2026 03 12 12:13:16:740,-3.9675,-6.78875,"0,26",11,1,"11,35","0,71","38,64","3,4","7,81"
2026 03 12 12:13:16:742,-3.9675,-6.78875,"0,26",11,1,"11,35","0,71","38,64","3,4","-3,91"
2026 03 12 12:13:16:744,-3.9675,-6.87625,"0,26",11,1,"11,35","0,71","38,64","3,4",0
2026 03 12 12:13:16:746,-3.9675,-6.70125,"0,26",11,1,"11,35","0,71","38,64","3,4",0
2026 03 12 12:13:16:748,-3.9334,-6.78875,"0,26",11,1,"11,35","0,71","38,64","3,4","7,81"
2026 03 12 12:13:16:750,-3.9675,-6.87625,"0,26",11,1,"11,35","0,71","38,64","3,4","7,81"
2026 03 12 12:13:16:752,-3.9675,-6.78875,"0,26",11,1,"11,35","0,71","38,64","3,4","7,81"
2026 03 12 12:13:16:754,-3.9675,-6.9725,"0,26",11,1,"11,35","0,71","38,64","3,4","3,91"
2026 03 12 12:13:16:756,-3.9675,-6.78875,"0,26",11,1,"11,35","0,71","38,64","3,4","27,34"
2026 03 12 12:13:16:758,-3.9675,-6.78875,"0,26",11,1,"11,35","0,71","38,64","3,4","19,53"
2026 03 12 12:13:16:760,-3.9675,-6.78875,"0,26",11,1,"11,35","0,71","38,64","3,4","7,81"
2026 03 12 12:13:16:762,-3.9675,-6.70125,"0,26",11,1,"11,35","0,71","38,64","3,4",0
2026 03 12 12:13:16:764,-3.9675,-6.78875,"0,26",11,1,"11,35","0,71","38,64","3,4",0
2026 03 12 12:13:16:766,-3.9675,-6.78875,"0,26",11,1,"11,35","0,71","38,64","3,4","3,91"
2026 03 12 12:13:16:768,-3.9985,-6.78875,"0,26",11,1,"11,35","0,71","38,64","3,4","7,81"
2026 03 12 12:13:16:770,-3.9675,-6.78875,"0,26",11,1,"11,35","0,71","38,64","3,4","3,91"
2026 03 12 12:13:16:772,-3.9334,-6.78875,"0,26",11,1,"11,35","0,71","38,64","3,4","7,81"
2026 03 12 12:13:16:774,-3.9675,-6.78875,"0,26",11,1,"11,35","0,71","38,64","3,4","7,81"
2026 03 12 12:13:16:776,-3.9675,-6.78875,"0,26",11,1,"11,35","0,71","38,64","3,4","27,34"
2026 03 12 12:13:16:778,-3.9675,-6.70125,"0,26",11,1,"11,35","0,71","38,64","3,4","15,63"
2026 03 12 12:13:16:780,-3.9675,-6.78875,"0,26",11,1,"11,35","0,71","38,64","3,4","7,81"
2026 03 12 12:13:16:782,-3.9675,-6.78875,"0,26",11,1,"11,35","0,71","38,64","3,4","-3,91"
2026 03 12 12:13:16:784,-3.9334,-6.87625,"0,26",11,1,"11,35","0,71","38,64","3,4",0
2026 03 12 12:13:16:786,-3.9985,-6.78875,"0,26",11,1,"11,35","0,71","38,64","3,4",0
2026 03 12 12:13:16:788,-3.9334,-6.78875,"0,26",11,1,"11,35","0,71","38,64","3,4","7,81"
2026 03 12 12:13:16:790,-3.9675,-6.78875,"0,26",11,1,"11,35","0,71","38,64","3,4","7,81"
2026 03 12 12:13:16:792,-3.9675,-6.78875,"0,26",11,1,"11,35","0,71","38,64","3,4","7,81"
2026 03 12 12:13:16:794,-3.9675,-6.78875,"0,26",11,1,"11,35","0,71","38,64","3,4","3,91"
2026 03 12 12:13:16:796,-3.9985,-6.87625,"0,26",11,1,"11,35","0,71","38,64","3,4","27,34"
2026 03 12 12:13:16:798,-3.9675,-6.78875,"0,26",11,1,"11,35","0,71","38,64","3,4","19,53"
2026 03 12 12:13:16:800,-3.9334,-6.78875,"0,26",11,1,"11,35","0,71","38,64","3,4","7,81"
2026 03 12 12:13:16:802,-3.9985,-6.78875,"0,26",11,1,"11,35","0,71","38,64","3,4","-7,81"
2026 03 12 12:13:16:804,-3.9675,-6.87625,"0,26",11,1,"11,35","0,71","38,64","3,4",0
2026 03 12 12:13:16:806,-3.9675,-6.78875,"0,26",11,1,"11,35","0,71","38,64","3,4","3,91"
2026 03 12 12:13:16:808,-3.9675,-6.70125,"0,26",11,1,"11,35","0,71","38,64","3,4","3,91"
2026 03 12 12:13:16:810,-3.9334,-6.78875,"0,26",11,1,"11,35","0,71","38,64","3,4","7,81"
2026 03 12 12:13:16:812,-3.9985,-6.78875,"0,26",11,1,"11,35","0,71","38,64","3,4","7,81"
2026 03 12 12:13:16:814,-3.9985,-6.78875,"0,26",11,1,"11,35","0,71","38,64","3,4","7,81"
2026 03 12 12:13:16:816,-3.9675,-6.70125,"0,26",11,1,"11,35","0,71","38,64","3,4","27,34"
2026 03 12 12:13:16:818,-3.9675,-6.78875,"0,26",11,1,"11,35","0,71","38,64","3,4","15,63"
2026 03 12 12:13:16:820,-3.9675,-6.78875,"0,26",11,1,"11,35","0,71","38,64","3,4","7,81"
2026 03 12 12:13:16:822,-3.9675,-6.78875,"0,26",11,1,"11,35","0,71","38,64","3,4","-3,91"
2026 03 12 12:13:16:824,-3.9675,-6.78875,"0,26",11,1,"11,35","0,71","38,64","3,4",0
2026 03 12 12:13:16:826,-3.9675,-6.87625,"0,26",11,1,"11,35","0,71","38,64","3,4",0
2026 03 12 12:13:16:828,-3.9675,-6.78875,"0,26",11,1,"11,35","0,71","38,64","3,4","7,81"
2026 03 12 12:13:16:830,-3.9675,-6.78875,"0,26",11,1,"11,35","0,71","38,64","3,4","7,81"
2026 03 12 12:13:16:832,-3.9675,-6.70125,"0,26",11,1,"11,35","0,71","38,64","3,4","7,81"
2026 03 12 12:13:16:834,-3.9675,-6.87625,"0,26",11,1,"11,35","0,71","38,64","3,4","7,81"
2026 03 12 12:13:16:836,-3.9675,-6.78875,"0,26",11,1,"11,35","0,71","38,64","3,4","27,34"
2026 03 12 12:13:16:838,-3.9675,-6.78875,"0,26",11,1,"11,35","0,71","38,64","3,4","19,53"
2026 03 12 12:13:16:840,-3.9334,-6.87625,"0,26",11,1,"11,35","0,71","38,64","3,4","7,81"
2026 03 12 12:13:16:842,-3.9675,-6.78875,"0,26",11,1,"11,35","0,71","38,64","3,4","-3,91"
2026 03 12 12:13:16:844,-3.9675,-6.78875,"0,26",11,1,"11,35","0,71","38,64","3,4",0
2026 03 12 12:13:16:846,-3.9675,-6.78875,"0,26",11,1,"11,35","0,71","38,64","3,4","3,91"
2026 03 12 12:13:16:848,-3.9675,-6.87625,"0,26",11,1,"11,35","0,71","38,64","3,4","7,81"
2026 03 12 12:13:16:850,-3.9675,-6.78875,"0,26",11,1,"11,35","0,71","38,64","3,4","7,81"
2026 03 12 12:13:16:852,-3.9675,-6.70125,"0,26",11,1,"11,35","0,71","38,64","3,4","7,81"
2026 03 12 12:13:16:854,-3.9675,-6.87625,"0,26",11,1,"11,35","0,71","38,64","3,4","3,91"
2026 03 12 12:13:16:856,-3.9675,-6.87625,"0,26",11,1,"11,35","0,71","38,64","3,4","27,34"
2026 03 12 12:13:16:858,-3.9985,-6.78875,"0,26",11,1,"11,35","0,71","38,64","3,4","19,53"
2026 03 12 12:13:16:860,-3.9675,-6.78875,"0,26",11,1,"11,35","0,71","38,64","3,4","7,81"
2026 03 12 12:13:16:862,-3.9675,-6.78875,"0,26",11,1,"11,35","0,71","38,64","3,4",0
2026 03 12 12:13:16:864,-3.9675,-6.78875,"0,26",11,1,"11,35","0,71","38,64","3,4",0
2026 03 12 12:13:16:866,-3.9675,-6.70125,"0,26",11,1,"11,35","0,71","38,64","3,4","3,91"
2026 03 12 12:13:16:868,-3.9675,-6.78875,"0,26",11,1,"11,35","0,71","38,64","3,4","3,91"
2026 03 12 12:13:16:870,-3.9675,-6.70125,"0,26",11,1,"11,35","0,71","38,64","3,4","3,91"
2026 03 12 12:13:16:872,-3.9675,-6.70125,"0,26",11,1,"11,35","0,71","38,64","3,4","7,81"
2026 03 12 12:13:16:874,-3.9334,-6.78875,"0,26",11,1,"11,35","0,71","38,64","3,4","3,91"
2026 03 12 12:13:16:876,-3.9334,-6.78875,"0,26",11,1,"11,35","0,71","38,64","3,4","27,34"
2026 03 12 12:13:16:878,-3.9675,-6.87625,"0,26",11,1,"11,35","0,71","38,64","3,4","19,53"
2026 03 12 12:13:16:880,-3.9675,-6.78875,"0,26",11,1,"11,35","0,71","38,64","3,4","7,81"
2026 03 12 12:13:16:882,-3.9985,-6.78875,"0,26",11,1,"11,35","0,71","38,64","3,4","-3,91"
2026 03 12 12:13:16:884,-3.9675,-6.70125,"0,26",11,1,"11,35","0,71","38,64","3,4",0
2026 03 12 12:13:16:886,-3.9985,-6.70125,"0,26",11,1,"11,35","0,71","38,64","3,4","3,91"
2026 03 12 12:13:16:888,-3.9675,-6.70125,"0,26",11,1,"11,35","0,71","38,64","3,4","3,91"
2026 03 12 12:13:16:890,-3.9675,-6.70125,"0,26",11,1,"11,35","0,71","38,64","3,4","3,91"
2026 03 12 12:13:16:892,-3.9985,-6.78875,"0,26",11,1,"11,35","0,71","38,64","3,4","7,81"
2026 03 12 12:13:16:894,-3.9675,-6.87625,"0,26",11,1,"11,35","0,71","38,64","3,4","7,81"
2026 03 12 12:13:16:896,-3.9675,-6.78875,"0,26",11,1,"11,35","0,71","38,64","3,4","27,34"
2026 03 12 12:13:16:898,-3.9334,-6.78875,"0,26",11,1,"11,35","0,71","38,64","3,4","27,34"
2026 03 12 12:13:16:900,-3.9675,-6.78875,"0,26",11,1,"11,35","0,71","38,64","3,4","7,81"
2026 03 12 12:13:16:902,-3.9675,-6.78875,"0,26",11,1,"11,35","0,71","38,64","3,4","-3,91"
2026 03 12 12:13:16:904,-3.9675,-6.78875,"0,26",11,1,"11,35","0,71","38,64","3,4",0
2026 03 12 12:13:16:906,-3.9675,-6.78875,"0,26",11,1,"11,35","0,71","38,64","3,4","3,91"
2026 03 12 12:13:16:908,-3.9675,-6.78875,"0,26",11,1,"11,35","0,71","38,64","3,4","7,81"
2026 03 12 12:13:16:910,-3.9675,-6.78875,"0,26",11,1,"11,35","0,71","38,64","3,4","7,81"
2026 03 12 12:13:16:912,-3.9675,-6.78875,"0,26",11,1,"11,35","0,71","38,64","3,4","3,91"
2026 03 12 12:13:16:914,-3.9675,-6.78875,"0,26",11,1,"11,35","0,71","38,64","3,4","7,81"
2026 03 12 12:13:16:916,-3.9334,-6.78875,"0,26",11,1,"11,35","0,71","38,64","3,4","27,34"
2026 03 12 12:13:16:918,-3.9675,-6.70125,"0,26",11,1,"11,35","0,71","38,64","3,4","23,44"
2026 03 12 12:13:16:920,-3.9985,-6.78875,"0,26",11,1,"11,35","0,71","38,64","3,4","7,81"
2026 03 12 12:13:16:922,-3.9675,-6.78875,"0,26",11,1,"11,35","0,71","38,64","3,4","-3,91"
2026 03 12 12:13:16:924,-3.9675,-6.78875,"0,26",11,1,"11,35","0,71","38,64","3,4",0
2026 03 12 12:13:16:926,-3.9675,-6.78875,"0,26",11,1,"11,35","0,71","38,64","3,4","3,91"
2026 03 12 12:13:16:928,-3.9675,-6.78875,"0,26",11,1,"11,35","0,71","38,64","3,4","7,81"
2026 03 12 12:13:16:930,-3.9675,-6.78875,"0,26",11,1,"11,35","0,71","38,64","3,4","7,81"
2026 03 12 12:13:16:932,-3.9675,-6.78875,"0,26",11,1,"11,35","0,71","38,64","3,4","7,81"
2026 03 12 12:13:16:934,-3.9675,-6.87625,"0,26",11,1,"11,35","0,71","38,64","3,4","3,91"
2026 03 12 12:13:16:936,-3.9675,-6.78875,"0,26",11,1,"11,35","0,71","38,64","3,4","27,34"
2026 03 12 12:13:16:938,-3.9675,-6.78875,"0,26",11,1,"11,35","0,71","38,64","3,4","19,53"
2026 03 12 12:13:16:940,-3.9675,-6.87625,"0,26",11,1,"11,35","0,71","38,64","3,4","7,81"
2026 03 12 12:13:16:942,-3.9334,-6.78875,"0,26",11,1,"11,35","0,71","38,64","3,4","-3,91"
2026 03 12 12:13:16:944,-3.9675,-6.87625,"0,26",11,1,"11,35","0,71","38,64","3,4",0
2026 03 12 12:13:16:946,-3.9675,-6.78875,"0,26",11,1,"11,35","0,71","38,64","3,4","3,91"
2026 03 12 12:13:16:948,-3.9675,-6.78875,"0,26",11,1,"11,35","0,71","38,64","3,4","7,81"
2026 03 12 12:13:16:950,-3.9675,-6.78875,"0,26",11,1,"11,35","0,71","38,64","3,4","7,81"
2026 03 12 12:13:16:952,-3.9675,-6.78875,"0,26",11,1,"11,35","0,71","38,64","3,4","7,81"
2026 03 12 12:13:16:954,-3.9334,-6.78875,"0,26",11,1,"11,35","0,71","38,64","3,4","3,91"
2026 03 12 12:13:16:956,-3.9334,-6.78875,"0,26",11,1,"11,35","0,71","38,64","3,4","27,34"
2026 03 12 12:13:16:958,-3.9675,-6.78875,"0,26",11,1,"11,35","0,71","38,64","3,4","23,44"
2026 03 12 12:13:16:960,-3.9985,-6.78875,"0,26",11,1,"11,35","0,71","38,64","3,4","7,81"
2026 03 12 12:13:16:962,-3.9675,-6.70125,"0,26",11,1,"11,35","0,71","38,64","3,4","-7,81"
2026 03 12 12:13:16:964,-3.9334,-6.78875,"0,26",11,1,"11,35","0,71","38,64","3,4",0
2026 03 12 12:13:16:966,-3.9675,-6.78875,"0,26",11,1,"11,35","0,71","38,64","3,4","3,91"
2026 03 12 12:13:16:968,-3.9675,-6.78875,"0,26",11,1,"11,35","0,71","38,64","3,4","7,81"
2026 03 12 12:13:16:970,-3.9334,-6.78875,"0,26",11,1,"11,35","0,71","38,64","3,4","7,81"
2026 03 12 12:13:16:972,-3.9675,-6.78875,"0,26",11,1,"11,35","0,71","38,64","3,4","7,81"
2026 03 12 12:13:16:974,-3.9985,-6.78875,"0,26",11,1,"11,35","0,71","38,64","3,4","3,91"
2026 03 12 12:13:16:976,-3.9675,-6.87625,"0,26",11,1,"11,35","0,71","38,64","3,4","27,34"
2026 03 12 12:13:16:978,-3.9675,-6.78875,"0,26",11,1,"11,35","0,71","38,64","3,4","19,53"
2026 03 12 12:13:16:980,-3.9675,-6.70125,"0,26",11,1,"11,35","0,71","38,64","3,4","7,81"
2026 03 12 12:13:16:982,-3.9675,-6.78875,"0,26",11,1,"11,35","0,71","38,64","3,4","-3,91"
2026 03 12 12:13:16:984,-3.9675,-6.78875,"0,26",11,1,"11,35","0,71","38,64","3,4",0
2026 03 12 12:13:16:986,-3.9675,-6.78875,"0,26",11,1,"11,35","0,71","38,64","3,4","3,91"
2026 03 12 12:13:16:988,-3.9985,-6.78875,"0,26",11,1,"11,35","0,71","38,64","3,4","7,81"
2026 03 12 12:13:16:990,-3.9675,-6.87625,"0,26",11,1,"11,35","0,71","38,64","3,4","7,81"
2026 03 12 12:13:16:992,-3.9675,-6.78875,"0,26",11,1,"11,35","0,71","38,64","3,4","7,81"
2026 03 12 12:13:16:994,-3.9675,-6.78875,"0,26",11,1,"11,35","0,71","38,64","3,4","7,81"
2026 03 12 12:13:16:996,-3.9675,-6.87625,"0,26",11,1,"11,35","0,71","38,64","3,4","27,34"
2026 03 12 12:13:16:998,-3.9334,-6.87625,"0,26",11,1,"11,35","0,71","38,64","3,4","27,34"
2026 03 12 12:13:17:000,-3.9675,-6.87625,"0,26",11,1,"11,35","0,71","38,64","3,4","3,91"
2026 03 12 12:13:17:002,-3.9675,-6.87625,"0,26",11,1,"11,35","0,71","38,64","3,4","-3,91"
2026 03 12 12:13:17:004,-3.9675,-6.78875,"0,26",11,1,"11,35","0,71","38,64","3,4",0
2026 03 12 12:13:17:006,-3.9675,-6.78875,"0,26",11,1,"11,35","0,71","38,64","3,4","3,91"
2026 03 12 12:13:17:008,-3.9675,-6.78875,"0,26",11,1,"11,35","0,71","38,64","3,4","7,81"
2026 03 12 12:13:17:010,-3.9334,-6.70125,"0,26",11,1,"11,35","0,71","38,64","3,4","7,81"
2026 03 12 12:13:17:012,-3.9334,-6.70125,"0,26",11,1,"11,35","0,71","38,64","3,4","7,81"
2026 03 12 12:13:17:014,-3.9675,-6.70125,"0,26",11,1,"11,35","0,71","38,64","3,4","7,81"
2026 03 12 12:13:17:016,-3.9675,-6.78875,"0,26",11,1,"11,35","0,71","38,64","3,4","27,34"
2026 03 12 12:13:17:018,-3.9675,-6.70125,"0,26",11,1,"11,35","0,71","38,64","3,4","23,44"
2026 03 12 12:13:17:020,-3.9985,-6.78875,"0,26",11,1,"11,35","0,71","38,64","3,4","7,81"
2026 03 12 12:13:17:022,-3.9675,-6.70125,"0,26",11,1,"11,35","0,71","38,64","3,4","-3,91"
2026 03 12 12:13:17:024,-3.9675,-6.78875,"0,26",11,1,"11,35","0,71","38,64","3,4",0
2026 03 12 12:13:17:026,-3.9675,-6.70125,"0,26",11,1,"11,35","0,71","38,64","3,4","7,81"
2026 03 12 12:13:17:028,-3.9985,-6.78875,"0,26",11,1,"11,35","0,71","38,64","3,4","7,81"
2026 03 12 12:13:17:030,-3.9675,-6.78875,"0,26",11,1,"11,35","0,71","38,64","3,4","7,81"
2026 03 12 12:13:17:032,-3.9675,-6.78875,"0,26",11,1,"11,35","0,71","38,64","3,4","7,81"
2026 03 12 12:13:17:034,-3.9675,-6.78875,"0,26",11,1,"11,35","0,71","38,64","3,4","7,81"
2026 03 12 12:13:17:036,-3.9675,-6.78875,"0,26",11,1,"11,35","0,71","38,64","3,4","27,34"
2026 03 12 12:13:17:038,-3.9985,-6.78875,"0,26",11,1,"11,32","0,68","38,65","3,41","23,44"
2026 03 12 12:13:17:040,-3.9985,-6.78875,"0,26",11,1,"11,32","0,68","38,65","3,41","7,81"
2026 03 12 12:13:17:042,-3.9334,-6.70125,"0,26",11,1,"11,32","0,68","38,65","3,41","-3,91"
2026 03 12 12:13:17:044,-3.9334,-6.78875,"0,26",11,1,"11,32","0,68","38,65","3,41",0
2026 03 12 12:13:17:046,-3.9675,-6.78875,"0,26",11,1,"11,32","0,68","38,65","3,41","7,81"
2026 03 12 12:13:17:048,-3.9675,-6.78875,"0,26",11,1,"11,32","0,68","38,65","3,41","7,81"
2026 03 12 12:13:17:050,-3.9675,-6.78875,"0,26",11,1,"11,32","0,68","38,65","3,41","7,81"
2026 03 12 12:13:17:052,-3.9334,-6.70125,"0,26",11,1,"11,32","0,68","38,65","3,41","7,81"
2026 03 12 12:13:17:054,-3.9675,-6.78875,"0,26",11,1,"11,32","0,68","38,65","3,41","7,81"
2026 03 12 12:13:17:056,-3.9675,-6.87625,"0,26",11,1,"11,32","0,68","38,65","3,41","27,34"
2026 03 12 12:13:17:058,-3.9675,-6.78875,"0,26",11,1,"11,32","0,68","38,65","3,41","23,44"
2026 03 12 12:13:17:060,-3.9675,-6.78875,"0,26",11,1,"11,32","0,68","38,65","3,41","7,81"
2026 03 12 12:13:17:062,-3.9334,-6.78875,"0,26",11,1,"11,32","0,68","38,65","3,41","-11,72"
2026 03 12 12:13:17:064,-3.9675,-6.78875,"0,26",11,1,"11,32","0,68","38,65","3,41",0
2026 03 12 12:13:17:066,-3.9334,-6.70125,"0,26",11,1,"11,32","0,68","38,65","3,41","7,81"
2026 03 12 12:13:17:068,-3.9675,-6.78875,"0,26",11,1,"11,32","0,68","38,65","3,41","7,81"
2026 03 12 12:13:17:070,-3.9334,-6.78875,"0,26",11,1,"11,32","0,68","38,65","3,41","7,81"
2026 03 12 12:13:17:072,-3.9985,-6.87625,"0,26",11,1,"11,32","0,68","38,65","3,41","7,81"
2026 03 12 12:13:17:074,-3.9675,-6.70125,"0,26",11,1,"11,32","0,68","38,65","3,41","7,81"
2026 03 12 12:13:17:076,-3.9985,-6.78875,"0,26",11,1,"11,32","0,68","38,65","3,41","27,34"
2026 03 12 12:13:17:078,-3.9675,-6.70125,"0,26",11,1,"11,32","0,68","38,65","3,41","23,44"
2026 03 12 12:13:17:080,-3.9675,-6.78875,"0,26",11,1,"11,32","0,68","38,65","3,41","7,81"
2026 03 12 12:13:17:082,-3.9675,-6.78875,"0,26",11,1,"11,32","0,68","38,65","3,41","-3,91"
2026 03 12 12:13:17:084,-3.9334,-6.78875,"0,26",11,1,"11,32","0,68","38,65","3,41",0
2026 03 12 12:13:17:086,-3.9675,-6.78875,"0,26",11,1,"11,32","0,68","38,65","3,41","7,81"
2026 03 12 12:13:17:088,-3.9675,-6.78875,"0,26",11,1,"11,32","0,68","38,65","3,41","7,81"
2026 03 12 12:13:17:090,-3.9675,-6.78875,"0,26",11,1,"11,32","0,68","38,65","3,41","7,81"
2026 03 12 12:13:17:092,-3.9675,-6.78875,"0,26",11,1,"11,32","0,68","38,65","3,41","7,81"
2026 03 12 12:13:17:094,-3.9675,-6.78875,"0,26",11,1,"11,32","0,68","38,65","3,41","7,81"
2026 03 12 12:13:17:096,-3.9985,-6.70125,"0,26",11,1,"11,32","0,68","38,65","3,41","27,34"
2026 03 12 12:13:17:098,-3.9334,-6.78875,"0,26",11,1,"11,32","0,68","38,65","3,41","23,44"
2026 03 12 12:13:17:100,-3.9675,-6.70125,"0,26",11,1,"11,32","0,68","38,65","3,41","7,81"
2026 03 12 12:13:17:102,-3.9675,-6.78875,"0,26",11,1,"11,32","0,68","38,65","3,41","-3,91"
2026 03 12 12:13:17:104,-3.9985,-6.87625,"0,26",11,1,"11,32","0,68","38,65","3,41",0
2026 03 12 12:13:17:106,-3.9675,-6.78875,"0,26",11,1,"11,32","0,68","38,65","3,41","3,91"
2026 03 12 12:13:17:108,-3.9675,-6.78875,"0,26",11,1,"11,32","0,68","38,65","3,41","7,81"
2026 03 12 12:13:17:110,-3.9334,-6.78875,"0,26",11,1,"11,32","0,68","38,65","3,41","7,81"
2026 03 12 12:13:17:112,-3.9675,-6.78875,"0,26",11,1,"11,32","0,68","38,65","3,41","7,81"
2026 03 12 12:13:17:114,-3.9985,-6.78875,"0,26",11,1,"11,32","0,68","38,65","3,41","3,91"
2026 03 12 12:13:17:116,-3.9675,-6.78875,"0,26",11,1,"11,32","0,68","38,65","3,41","23,44"
2026 03 12 12:13:17:118,-3.9675,-6.70125,"0,26",11,1,"11,32","0,68","38,65","3,41","23,44"
2026 03 12 12:13:17:120,-3.9675,-6.78875,"0,26",11,1,"11,32","0,68","38,65","3,41","7,81"
2026 03 12 12:13:17:122,-3.9675,-6.70125,"0,26",11,1,"11,32","0,68","38,65","3,41","-3,91"
2026 03 12 12:13:17:124,-3.9675,-6.78875,"0,26",11,1,"11,32","0,68","38,65","3,41",0
2026 03 12 12:13:17:126,-3.9675,-6.70125,"0,26",11,1,"11,32","0,68","38,65","3,41","3,91"
2026 03 12 12:13:17:128,-3.9675,-6.78875,"0,26",11,1,"11,32","0,68","38,65","3,41","7,81"
2026 03 12 12:13:17:130,-3.9675,-6.70125,"0,26",11,1,"11,32","0,68","38,65","3,41","3,91"
2026 03 12 12:13:17:132,-3.9334,-6.70125,"0,26",11,1,"11,32","0,68","38,65","3,41","3,91"
2026 03 12 12:13:17:134,-3.9985,-6.70125,"0,26",11,1,"11,32","0,68","38,65","3,41","3,91"
2026 03 12 12:13:17:136,-3.9675,-6.70125,"0,26",11,1,"11,32","0,68","38,65","3,41","23,44"
2026 03 12 12:13:17:138,-3.9675,-6.70125,"0,26",11,1,"11,32","0,68","38,65","3,41","23,44"
2026 03 12 12:13:17:140,-3.9675,-6.78875,"0,26",11,1,"11,32","0,68","38,65","3,41","7,81"
2026 03 12 12:13:17:142,-3.9985,-6.70125,"0,26",11,1,"11,32","0,68","38,65","3,41","-3,91"
2026 03 12 12:13:17:144,-3.9675,-6.87625,"0,26",11,1,"11,32","0,68","38,65","3,41",0
2026 03 12 12:13:17:146,-3.9675,-6.70125,"0,26",11,1,"11,32","0,68","38,65","3,41","3,91"
2026 03 12 12:13:17:148,-3.9675,-6.87625,"0,26",11,1,"11,32","0,68","38,65","3,41","7,81"
2026 03 12 12:13:17:150,-3.9675,-6.78875,"0,26",11,1,"11,32","0,68","38,65","3,41","7,81"
2026 03 12 12:13:17:152,-3.9675,-6.78875,"0,26",11,1,"11,32","0,68","38,65","3,41","7,81"
2026 03 12 12:13:17:154,-3.9675,-6.78875,"0,26",11,1,"11,32","0,68","38,65","3,41","7,81"
2026 03 12 12:13:17:156,-3.9675,-6.78875,"0,26",11,1,"11,32","0,68","38,65","3,41","23,44"
2026 03 12 12:13:17:158,-3.9985,-6.78875,"0,26",11,1,"11,32","0,68","38,65","3,41","27,34"
2026 03 12 12:13:17:160,-3.9675,-6.78875,"0,26",11,1,"11,32","0,68","38,65","3,41","7,81"
2026 03 12 12:13:17:162,-3.9675,-6.78875,"0,26",11,1,"11,32","0,68","38,65","3,41","-7,81"
2026 03 12 12:13:17:164,-3.9675,-6.78875,"0,26",11,1,"11,32","0,68","38,65","3,41",0
2026 03 12 12:13:17:166,-3.9675,-6.70125,"0,26",11,1,"11,32","0,68","38,65","3,41","3,91"
2026 03 12 12:13:17:168,-3.9675,-6.78875,"0,26",11,1,"11,32","0,68","38,65","3,41","7,81"
2026 03 12 12:13:17:170,-3.9675,-6.87625,"0,26",11,1,"11,32","0,68","38,65","3,41","3,91"
2026 03 12 12:13:17:172,-3.9675,-6.78875,"0,26",11,1,"11,32","0,68","38,65","3,41","7,81"
2026 03 12 12:13:17:174,-3.9675,-6.78875,"0,26",11,1,"11,32","0,68","38,65","3,41","7,81"
2026 03 12 12:13:17:176,-3.9985,-6.78875,"0,26",11,1,"11,32","0,68","38,65","3,41","23,44"
2026 03 12 12:13:17:178,-3.9675,-6.87625,"0,26",11,1,"11,32","0,68","38,65","3,41","27,34"
2026 03 12 12:13:17:180,-3.9675,-6.87625,"0,26",11,1,"11,32","0,68","38,65","3,41","7,81"
2026 03 12 12:13:17:182,-3.9675,-6.78875,"0,26",11,1,"11,32","0,68","38,65","3,41","-7,81"
2026 03 12 12:13:17:184,-3.9985,-6.78875,"0,26",11,1,"11,32","0,68","38,65","3,41",0
2026 03 12 12:13:17:186,-3.9675,-6.87625,"0,26",11,1,"11,32","0,68","38,65","3,41","3,91"
2026 03 12 12:13:17:188,-3.9675,-6.87625,"0,26",11,1,"11,32","0,68","38,65","3,41","3,91"
2026 03 12 12:13:17:190,-3.9675,-6.87625,"0,26",11,1,"11,32","0,68","38,65","3,41","3,91"
2026 03 12 12:13:17:192,-3.9675,-6.78875,"0,26",11,1,"11,32","0,68","38,65","3,41","7,81"
2026 03 12 12:13:17:194,-3.9675,-6.78875,"0,26",11,1,"11,32","0,68","38,65","3,41","3,91"
2026 03 12 12:13:17:196,-3.9675,-6.78875,"0,26",11,1,"11,32","0,68","38,65","3,41","27,34"
2026 03 12 12:13:17:198,-3.9675,-6.87625,"0,26",11,1,"11,32","0,68","38,65","3,41","23,44"
2026 03 12 12:13:17:200,-3.9334,-6.78875,"0,26",11,1,"11,32","0,68","38,65","3,41","7,81"
2026 03 12 12:13:17:202,-3.9675,-6.78875,"0,26",11,1,"11,32","0,68","38,65","3,41","-7,81"
2026 03 12 12:13:17:204,-3.9334,-6.87625,"0,26",11,1,"11,32","0,68","38,65","3,41",0
2026 03 12 12:13:17:206,-3.9985,-6.78875,"0,26",11,1,"11,32","0,68","38,65","3,41","3,91"
2026 03 12 12:13:17:208,-3.9675,-6.78875,"0,26",11,1,"11,32","0,68","38,65","3,41","3,91"
2026 03 12 12:13:17:210,-3.9675,-6.78875,"0,26",11,1,"11,32","0,68","38,65","3,41","3,91"
2026 03 12 12:13:17:212,-3.9985,-6.78875,"0,26",11,1,"11,32","0,68","38,65","3,41","7,81"
2026 03 12 12:13:17:214,-3.9675,-6.78875,"0,26",11,1,"11,32","0,68","38,65","3,41","3,91"
2026 03 12 12:13:17:216,-3.9675,-6.78875,"0,26",11,1,"11,32","0,68","38,65","3,41","27,34"
2026 03 12 12:13:17:218,-3.9985,-6.78875,"0,26",11,1,"11,32","0,68","38,65","3,41","23,44"
2026 03 12 12:13:17:220,-3.9675,-6.78875,"0,26",11,1,"11,32","0,68","38,65","3,41","7,81"
2026 03 12 12:13:17:222,-3.9675,-6.70125,"0,26",11,1,"11,32","0,68","38,65","3,41","-7,81"
2026 03 12 12:13:17:224,-3.9675,-6.70125,"0,26",11,1,"11,32","0,68","38,65","3,41",0
2026 03 12 12:13:17:226,-3.9675,-6.78875,"0,26",11,1,"11,32","0,68","38,65","3,41","7,81"
2026 03 12 12:13:17:228,-3.9675,-6.78875,"0,26",11,1,"11,32","0,68","38,65","3,41","3,91"
2026 03 12 12:13:17:230,-3.9675,-6.78875,"0,26",11,1,"11,32","0,68","38,65","3,41","7,81"
2026 03 12 12:13:17:232,-3.9675,-6.78875,"0,26",11,1,"11,32","0,68","38,65","3,41","7,81"
2026 03 12 12:13:17:234,-3.9675,-6.78875,"0,26",11,1,"11,32","0,68","38,65","3,41","3,91"
2026 03 12 12:13:17:236,-3.9675,-6.78875,"0,26",11,1,"11,32","0,68","38,65","3,41","23,44"
2026 03 12 12:13:17:238,-3.9675,-6.78875,"0,26",11,1,"11,32","0,68","38,65","3,41","23,44"
2026 03 12 12:13:17:240,-3.9985,-6.78875,"0,26",11,1,"11,32","0,68","38,65","3,41","7,81"
2026 03 12 12:13:17:242,-3.9675,-6.78875,"0,26",11,1,"11,32","0,68","38,65","3,41","-3,91"
2026 03 12 12:13:17:244,-3.9675,-6.78875,"0,26",11,1,"11,32","0,68","38,65","3,41",0
2026 03 12 12:13:17:246,-3.9675,-6.78875,"0,26",11,1,"11,32","0,68","38,65","3,41","3,91"
2026 03 12 12:13:17:248,-3.9334,-6.78875,"0,26",11,1,"11,32","0,68","38,65","3,41","3,91"
2026 03 12 12:13:17:250,-3.9675,-6.78875,"0,26",11,1,"11,32","0,68","38,65","3,41","7,81"
2026 03 12 12:13:17:252,-3.9675,-6.78875,"0,26",11,1,"11,32","0,68","38,65","3,41","7,81"
2026 03 12 12:13:17:254,-3.9675,-6.78875,"0,26",11,1,"11,32","0,68","38,65","3,41","7,81"
2026 03 12 12:13:17:256,-3.9675,-6.78875,"0,26",11,1,"11,32","0,68","38,65","3,41","23,44"
2026 03 12 12:13:17:258,-3.9675,-6.78875,"0,26",11,1,"11,32","0,68","38,65","3,41","27,34"
2026 03 12 12:13:17:260,-3.9675,-6.78875,"0,26",11,1,"11,32","0,68","38,65","3,41","7,81"
2026 03 12 12:13:17:262,-3.9675,-6.78875,"0,26",11,1,"11,32","0,68","38,65","3,41","-7,81"
2026 03 12 12:13:17:264,-3.9675,-6.78875,"0,26",11,1,"11,32","0,68","38,65","3,41",0
2026 03 12 12:13:17:266,-3.9675,-6.78875,"0,26",11,1,"11,32","0,68","38,65","3,41","3,91"
2026 03 12 12:13:17:268,-3.9675,-6.70125,"0,26",11,1,"11,32","0,68","38,65","3,41","7,81"
2026 03 12 12:13:17:270,-3.9675,-6.78875,"0,26",11,1,"11,32","0,68","38,65","3,41","3,91"
2026 03 12 12:13:17:272,-3.9675,-6.78875,"0,26",11,1,"11,32","0,68","38,65","3,41","7,81"
2026 03 12 12:13:17:274,-3.9675,-6.78875,"0,26",11,1,"11,32","0,68","38,65","3,41","3,91"
2026 03 12 12:13:17:276,-3.9675,-6.78875,"0,26",11,1,"11,32","0,68","38,65","3,41","27,34"
2026 03 12 12:13:17:278,-3.9675,-6.87625,"0,26",11,1,"11,32","0,68","38,65","3,41","23,44"
2026 03 12 12:13:17:280,-3.9675,-6.78875,"0,26",11,1,"11,32","0,68","38,65","3,41","7,81"
2026 03 12 12:13:17:282,-3.9675,-6.78875,"0,26",11,1,"11,32","0,68","38,65","3,41","-7,81"
2026 03 12 12:13:17:284,-3.9675,-6.78875,"0,26",11,1,"11,32","0,68","38,65","3,41",0
2026 03 12 12:13:17:286,-3.9675,-6.78875,"0,26",11,1,"11,32","0,68","38,65","3,41","3,91"
2026 03 12 12:13:17:288,-3.9334,-6.78875,"0,26",11,1,"11,32","0,68","38,65","3,41","7,81"
2026 03 12 12:13:17:290,-3.9675,-6.78875,"0,26",11,1,"11,32","0,68","38,65","3,41","7,81"
2026 03 12 12:13:17:292,-3.9675,-6.78875,"0,26",11,1,"11,32","0,68","38,65","3,41","7,81"
2026 03 12 12:13:17:294,-3.9675,-6.78875,"0,26",11,1,"11,32","0,68","38,65","3,41","3,91"
2026 03 12 12:13:17:296,-3.9675,-6.70125,"0,26",11,1,"11,32","0,68","38,65","3,41","27,34"
2026 03 12 12:13:17:298,-3.9675,-6.78875,"0,26",11,1,"11,32","0,68","38,65","3,41","27,34"
2026 03 12 12:13:17:300,-3.9675,-6.78875,"0,26",11,1,"11,32","0,68","38,65","3,41","7,81"
2026 03 12 12:13:17:302,-3.9334,-6.87625,"0,26",11,1,"11,32","0,68","38,65","3,41","-7,81"
2026 03 12 12:13:17:304,-3.9675,-6.78875,"0,26",11,1,"11,32","0,68","38,65","3,41","3,91"
2026 03 12 12:13:17:306,-3.9675,-6.78875,"0,26",11,1,"11,32","0,68","38,65","3,41","7,81"
2026 03 12 12:13:17:308,-3.9985,-6.78875,"0,26",11,1,"11,32","0,68","38,65","3,41","7,81"
2026 03 12 12:13:17:310,-3.9675,-6.78875,"0,26",11,1,"11,32","0,68","38,65","3,41","7,81"
2026 03 12 12:13:17:312,-3.9675,-6.70125,"0,26",11,1,"11,32","0,68","38,65","3,41","7,81"
2026 03 12 12:13:17:314,-3.9985,-6.78875,"0,26",11,1,"11,32","0,68","38,65","3,41","7,81"
2026 03 12 12:13:17:316,-3.9675,-6.70125,"0,26",11,1,"11,32","0,68","38,65","3,41","27,34"
2026 03 12 12:13:17:318,-3.9985,-6.78875,"0,26",11,1,"11,32","0,68","38,65","3,41","27,34"
2026 03 12 12:13:17:320,-3.9334,-6.78875,"0,26",11,1,"11,32","0,68","38,65","3,41","7,81"
2026 03 12 12:13:17:322,-3.9675,-6.78875,"0,26",11,1,"11,32","0,68","38,65","3,41","-11,72"
2026 03 12 12:13:17:324,-3.9675,-6.78875,"0,26",11,1,"11,32","0,68","38,65","3,41",0
2026 03 12 12:13:17:326,-3.9985,-6.70125,"0,26",11,1,"11,32","0,68","38,65","3,41","7,81"
2026 03 12 12:13:17:328,-3.9675,-6.87625,"0,26",11,1,"11,32","0,68","38,65","3,41","7,81"
2026 03 12 12:13:17:330,-3.9675,-6.78875,"0,26",11,1,"11,32","0,68","38,65","3,41","7,81"
2026 03 12 12:13:17:332,-3.9985,-6.78875,"0,26",11,1,"11,32","0,68","38,65","3,41","7,81"
2026 03 12 12:13:17:334,-3.9675,-6.78875,"0,26",11,1,"11,32","0,68","38,65","3,41","7,81"
2026 03 12 12:13:17:336,-3.9334,-6.78875,"0,26",11,1,"11,26","0,63","37,64","3,34","27,34"
2026 03 12 12:13:17:338,-3.9675,-6.78875,"0,26",11,1,"11,26","0,63","37,64","3,34","27,34"
2026 03 12 12:13:17:340,-3.9675,-6.78875,"0,26",11,1,"11,26","0,63","37,64","3,34","7,81"
2026 03 12 12:13:17:342,-3.9675,-6.78875,"0,26",11,1,"11,26","0,63","37,64","3,34","-7,81"
2026 03 12 12:13:17:344,-3.9675,-6.87625,"0,26",11,1,"11,26","0,63","37,64","3,34","3,91"
2026 03 12 12:13:17:346,-3.9675,-6.78875,"0,26",11,1,"11,26","0,63","37,64","3,34","7,81"
2026 03 12 12:13:17:348,-3.9675,-6.78875,"0,26",11,1,"11,26","0,63","37,64","3,34","7,81"
2026 03 12 12:13:17:350,-3.9675,-6.78875,"0,26",11,1,"11,26","0,63","37,64","3,34","7,81"
2026 03 12 12:13:17:352,-3.9675,-6.78875,"0,26",11,1,"11,26","0,63","37,64","3,34","7,81"
2026 03 12 12:13:17:354,-3.9675,-6.78875,"0,26",11,1,"11,26","0,63","37,64","3,34","7,81"
2026 03 12 12:13:17:356,-3.9334,-6.78875,"0,26",11,1,"11,26","0,63","37,64","3,34","27,34"
2026 03 12 12:13:17:358,-3.9675,-6.78875,"0,26",11,1,"11,26","0,63","37,64","3,34","27,34"
2026 03 12 12:13:17:360,-3.9334,-6.78875,"0,26",11,1,"11,26","0,63","37,64","3,34","7,81"
2026 03 12 12:13:17:362,-3.9675,-6.70125,"0,26",11,1,"11,26","0,63","37,64","3,34","-7,81"
2026 03 12 12:13:17:364,-3.9675,-6.78875,"0,26",11,1,"11,26","0,63","37,64","3,34","3,91"
2026 03 12 12:13:17:366,-3.9334,-6.78875,"0,26",11,1,"11,26","0,63","37,64","3,34","7,81"
2026 03 12 12:13:17:368,-3.9675,-6.78875,"0,26",11,1,"11,26","0,63","37,64","3,34","7,81"
2026 03 12 12:13:17:370,-3.9675,-6.78875,"0,26",11,1,"11,26","0,63","37,64","3,34","7,81"
2026 03 12 12:13:17:372,-3.9675,-6.78875,"0,26",11,1,"11,26","0,63","37,64","3,34","7,81"
2026 03 12 12:13:17:374,-3.9675,-6.78875,"0,26",11,1,"11,26","0,63","37,64","3,34","7,81"
2026 03 12 12:13:17:376,-3.9334,-6.78875,"0,26",11,1,"11,26","0,63","37,64","3,34","27,34"
2026 03 12 12:13:17:378,-3.9675,-6.78875,"0,26",11,1,"11,26","0,63","37,64","3,34","23,44"
2026 03 12 12:13:17:380,-3.9675,-6.78875,"0,26",11,1,"11,26","0,63","37,64","3,34","7,81"
2026 03 12 12:13:17:382,-3.9675,-6.78875,"0,26",11,1,"11,26","0,63","37,64","3,34","-7,81"
2026 03 12 12:13:17:384,-3.9675,-6.78875,"0,26",11,1,"11,26","0,63","37,64","3,34",0
2026 03 12 12:13:17:386,-3.9985,-6.70125,"0,26",11,1,"11,26","0,63","37,64","3,34","7,81"
2026 03 12 12:13:17:388,-3.9334,-6.87625,"0,26",11,1,"11,26","0,63","37,64","3,34","7,81"
2026 03 12 12:13:17:390,-3.9985,-6.78875,"0,26",11,1,"11,26","0,63","37,64","3,34","3,91"
2026 03 12 12:13:17:392,-3.9985,-6.78875,"0,26",11,1,"11,26","0,63","37,64","3,34","7,81"
2026 03 12 12:13:17:394,-3.9675,-6.78875,"0,26",11,1,"11,26","0,63","37,64","3,34","3,91"
2026 03 12 12:13:17:396,-3.9675,-6.78875,"0,26",11,1,"11,26","0,63","37,64","3,34","23,44"
2026 03 12 12:13:17:398,-3.9675,-6.78875,"0,26",11,1,"11,26","0,63","37,64","3,34","27,34"
2026 03 12 12:13:17:400,-3.9675,-6.78875,"0,26",11,1,"11,26","0,63","37,64","3,34","7,81"
2026 03 12 12:13:17:402,-3.9675,-6.78875,"0,26",11,1,"11,26","0,63","37,64","3,34","-7,81"
2026 03 12 12:13:17:404,-3.9675,-6.78875,"0,26",11,1,"11,26","0,63","37,64","3,34",0
2026 03 12 12:13:17:406,-3.9675,-6.78875,"0,26",11,1,"11,26","0,63","37,64","3,34","7,81"
2026 03 12 12:13:17:408,-3.9985,-6.70125,"0,26",11,1,"11,26","0,63","37,64","3,34","7,81"
2026 03 12 12:13:17:410,-3.9675,-6.70125,"0,26",11,1,"11,26","0,63","37,64","3,34","3,91"
2026 03 12 12:13:17:412,-3.9675,-6.78875,"0,26",11,1,"11,26","0,63","37,64","3,34","7,81"
2026 03 12 12:13:17:414,-3.9675,-6.78875,"0,26",11,1,"11,26","0,63","37,64","3,34","7,81"
2026 03 12 12:13:17:416,-3.9334,-6.78875,"0,26",11,1,"11,26","0,63","37,64","3,34","27,34"
2026 03 12 12:13:17:418,-3.9334,-6.78875,"0,26",11,1,"11,26","0,63","37,64","3,34","27,34"
2026 03 12 12:13:17:420,-3.9675,-6.78875,"0,26",11,1,"11,26","0,63","37,64","3,34","7,81"
2026 03 12 12:13:17:422,-3.9985,-6.78875,"0,26",11,1,"11,26","0,63","37,64","3,34","-11,72"
2026 03 12 12:13:17:424,-3.9675,-6.87625,"0,26",11,1,"11,26","0,63","37,64","3,34","3,91"
2026 03 12 12:13:17:426,-3.9675,-6.70125,"0,26",11,1,"11,26","0,63","37,64","3,34","3,91"
2026 03 12 12:13:17:428,-3.9675,-6.78875,"0,26",11,1,"11,26","0,63","37,64","3,34","7,81"
2026 03 12 12:13:17:430,-3.9675,-6.78875,"0,26",11,1,"11,26","0,63","37,64","3,34","3,91"
2026 03 12 12:13:17:432,-3.9675,-6.78875,"0,26",11,1,"11,26","0,63","37,64","3,34","3,91"
2026 03 12 12:13:17:434,-3.9675,-6.78875,"0,26",11,1,"11,26","0,63","37,64","3,34","3,91"
2026 03 12 12:13:17:436,-3.9334,-6.78875,"0,26",11,1,"11,26","0,63","37,64","3,34","27,34"
2026 03 12 12:13:17:438,-3.9675,-6.78875,"0,26",11,1,"11,26","0,63","37,64","3,34","23,44"
2026 03 12 12:13:17:440,-3.9675,-6.87625,"0,26",11,1,"11,26","0,63","37,64","3,34","7,81"
2026 03 12 12:13:17:442,-3.9675,-6.78875,"0,26",11,1,"11,26","0,63","37,64","3,34","-7,81"
2026 03 12 12:13:17:444,-3.9675,-6.78875,"0,26",11,1,"11,26","0,63","37,64","3,34",0
2026 03 12 12:13:17:446,-3.9985,-6.78875,"0,26",11,1,"11,26","0,63","37,64","3,34","7,81"
2026 03 12 12:13:17:448,-3.9675,-6.78875,"0,26",11,1,"11,26","0,63","37,64","3,34","7,81"
2026 03 12 12:13:17:450,-3.9675,-6.78875,"0,26",11,1,"11,26","0,63","37,64","3,34","3,91"
2026 03 12 12:13:17:452,-3.9675,-6.78875,"0,26",11,1,"11,26","0,63","37,64","3,34","7,81"
2026 03 12 12:13:17:454,-3.9675,-6.78875,"0,26",11,1,"11,26","0,63","37,64","3,34","7,81"
2026 03 12 12:13:17:456,-3.9675,-6.78875,"0,26",11,1,"11,26","0,63","37,64","3,34","27,34"
2026 03 12 12:13:17:458,-3.9334,-6.87625,"0,26",11,1,"11,26","0,63","37,64","3,34","23,44"
2026 03 12 12:13:17:460,-3.9675,-6.78875,"0,26",11,1,"11,26","0,63","37,64","3,34","7,81"
2026 03 12 12:13:17:462,-3.9985,-6.78875,"0,26",11,1,"11,26","0,63","37,64","3,34","-11,72"
2026 03 12 12:13:17:464,-3.9985,-6.78875,"0,26",11,1,"11,26","0,63","37,64","3,34",0
2026 03 12 12:13:17:466,-3.9675,-6.78875,"0,26",11,1,"11,26","0,63","37,64","3,34","3,91"
2026 03 12 12:13:17:468,-3.9675,-6.87625,"0,26",11,1,"11,26","0,63","37,64","3,34","7,81"
2026 03 12 12:13:17:470,-3.9985,-6.87625,"0,26",11,1,"11,26","0,63","37,64","3,34","3,91"
2026 03 12 12:13:17:472,-3.9675,-6.78875,"0,26",11,1,"11,26","0,63","37,64","3,34","3,91"
2026 03 12 12:13:17:474,-3.9675,-6.78875,"0,26",11,1,"11,26","0,63","37,64","3,34","3,91"
2026 03 12 12:13:17:476,-3.9675,-6.87625,"0,26",11,1,"11,26","0,63","37,64","3,34","23,44"
2026 03 12 12:13:17:478,-3.9675,-6.87625,"0,26",11,1,"11,26","0,63","37,64","3,34","19,53"
2026 03 12 12:13:17:480,-3.9675,-6.78875,"0,26",11,1,"11,26","0,63","37,64","3,34","7,81"
2026 03 12 12:13:17:482,-3.9675,-6.70125,"0,26",11,1,"11,26","0,63","37,64","3,34","-11,72"
2026 03 12 12:13:17:484,-3.9334,-6.87625,"0,26",11,1,"11,26","0,63","37,64","3,34","3,91"
2026 03 12 12:13:17:486,-3.9334,-6.78875,"0,26",11,1,"11,26","0,63","37,64","3,34","7,81"
2026 03 12 12:13:17:488,-3.9675,-6.87625,"0,26",11,1,"11,26","0,63","37,64","3,34","7,81"
2026 03 12 12:13:17:490,-3.9985,-6.78875,"0,26",11,1,"11,26","0,63","37,64","3,34","3,91"
2026 03 12 12:13:17:492,-3.9675,-6.78875,"0,26",11,1,"11,26","0,63","37,64","3,34","3,91"
2026 03 12 12:13:17:494,-3.9985,-6.78875,"0,26",11,1,"11,26","0,63","37,64","3,34","3,91"
2026 03 12 12:13:17:496,-3.9675,-6.78875,"0,26",11,1,"11,26","0,63","37,64","3,34","27,34"
2026 03 12 12:13:17:498,-3.9675,-6.87625,"0,26",11,1,"11,26","0,63","37,64","3,34","23,44"
2026 03 12 12:13:17:500,-3.9334,-6.78875,"0,26",11,1,"11,26","0,63","37,64","3,34","7,81"
2026 03 12 12:13:17:502,-3.9675,-6.78875,"0,26",11,1,"11,26","0,63","37,64","3,34","-7,81"
2026 03 12 12:13:17:504,-3.9334,-6.87625,"0,26",11,1,"11,26","0,63","37,64","3,34",0
2026 03 12 12:13:17:506,-3.9675,-6.78875,"0,26",11,1,"11,26","0,63","37,64","3,34","3,91"
2026 03 12 12:13:17:508,-3.9675,-6.87625,"0,26",11,1,"11,26","0,63","37,64","3,34","7,81"
2026 03 12 12:13:17:510,-3.9334,-6.78875,"0,26",11,1,"11,26","0,63","37,64","3,34","7,81"
2026 03 12 12:13:17:512,-3.9985,-6.70125,"0,26",11,1,"11,26","0,63","37,64","3,34","7,81"
2026 03 12 12:13:17:514,-3.9675,-6.78875,"0,26",11,1,"11,26","0,63","37,64","3,34","7,81"
2026 03 12 12:13:17:516,-3.9675,-6.78875,"0,26",11,1,"11,26","0,63","37,64","3,34","27,34"
2026 03 12 12:13:17:518,-3.9675,-6.78875,"0,26",11,1,"11,26","0,63","37,64","3,34","27,34"
2026 03 12 12:13:17:520,-3.9675,-6.78875,"0,26",11,1,"11,26","0,63","37,64","3,34","7,81"
2026 03 12 12:13:17:522,-3.9334,-6.78875,"0,26",11,1,"11,26","0,63","37,64","3,34","-7,81"
2026 03 12 12:13:17:524,-3.9985,-6.78875,"0,26",11,1,"11,26","0,63","37,64","3,34",0
2026 03 12 12:13:17:526,-3.9675,-6.78875,"0,26",11,1,"11,26","0,63","37,64","3,34","7,81"
2026 03 12 12:13:17:528,-3.9985,-6.87625,"0,26",11,1,"11,26","0,63","37,64","3,34","7,81"
2026 03 12 12:13:17:530,-3.9675,-6.70125,"0,26",11,1,"11,26","0,63","37,64","3,34","3,91"
2026 03 12 12:13:17:532,-3.9675,-6.78875,"0,26",11,1,"11,26","0,63","37,64","3,34","7,81"
2026 03 12 12:13:17:534,-3.9675,-6.87625,"0,26",11,1,"11,26","0,63","37,64","3,34","7,81"
2026 03 12 12:13:17:536,-3.9675,-6.78875,"0,26",11,1,"11,26","0,63","37,64","3,34","27,34"
2026 03 12 12:13:17:538,-3.9675,-6.78875,"0,26",11,1,"11,26","0,63","37,64","3,34","19,53"
2026 03 12 12:13:17:540,-3.9334,-6.78875,"0,26",11,1,"11,26","0,63","37,64","3,34","7,81"
2026 03 12 12:13:17:542,-3.9675,-6.78875,"0,26",11,1,"11,26","0,63","37,64","3,34","-7,81"
2026 03 12 12:13:17:544,-3.9334,-6.78875,"0,26",11,1,"11,26","0,63","37,64","3,34",0
2026 03 12 12:13:17:546,-3.9675,-6.78875,"0,26",11,1,"11,26","0,63","37,64","3,34","3,91"
2026 03 12 12:13:17:548,-3.9675,-6.78875,"0,26",11,1,"11,26","0,63","37,64","3,34","7,81"
2026 03 12 12:13:17:550,-3.9675,-6.78875,"0,26",11,1,"11,26","0,63","37,64","3,34","7,81"
2026 03 12 12:13:17:552,-3.9675,-6.78875,"0,26",11,1,"11,26","0,63","37,64","3,34","7,81"
2026 03 12 12:13:17:554,-3.9985,-6.78875,"0,26",11,1,"11,26","0,63","37,64","3,34","7,81"
2026 03 12 12:13:17:556,-3.9675,-6.78875,"0,26",11,1,"11,26","0,63","37,64","3,34","23,44"
2026 03 12 12:13:17:558,-3.9675,-6.78875,"0,26",11,1,"11,26","0,63","37,64","3,34","23,44"
2026 03 12 12:13:17:560,-3.9675,-6.78875,"0,26",11,1,"11,26","0,63","37,64","3,34","7,81"
2026 03 12 12:13:17:562,-3.9675,-6.70125,"0,26",11,1,"11,26","0,63","37,64","3,34","-3,91"
2026 03 12 12:13:17:564,-3.9675,-6.78875,"0,26",11,1,"11,26","0,63","37,64","3,34",0
2026 03 12 12:13:17:566,-3.9675,-6.78875,"0,26",11,1,"11,26","0,63","37,64","3,34","7,81"
2026 03 12 12:13:17:568,-3.9675,-6.70125,"0,26",11,1,"11,26","0,63","37,64","3,34","7,81"
2026 03 12 12:13:17:570,-3.9985,-6.78875,"0,26",11,1,"11,26","0,63","37,64","3,34","7,81"
2026 03 12 12:13:17:572,-3.9675,-6.78875,"0,26",11,1,"11,26","0,63","37,64","3,34","7,81"
2026 03 12 12:13:17:574,-3.9334,-6.78875,"0,26",11,1,"11,26","0,63","37,64","3,34","7,81"
2026 03 12 12:13:17:576,-3.9334,-6.78875,"0,26",11,1,"11,26","0,63","37,64","3,34","27,34"
2026 03 12 12:13:17:578,-3.9675,-6.78875,"0,26",11,1,"11,26","0,63","37,64","3,34","19,53"
2026 03 12 12:13:17:580,-3.9675,-6.78875,"0,26",11,1,"11,26","0,63","37,64","3,34","7,81"
2026 03 12 12:13:17:582,-3.9675,-6.87625,"0,26",11,1,"11,26","0,63","37,64","3,34","-11,72"
2026 03 12 12:13:17:584,-3.9985,-6.78875,"0,26",11,1,"11,26","0,63","37,64","3,34",0
2026 03 12 12:13:17:586,-3.9675,-6.87625,"0,26",11,1,"11,26","0,63","37,64","3,34","3,91"
2026 03 12 12:13:17:588,-3.9675,-6.78875,"0,26",11,1,"11,26","0,63","37,64","3,34","7,81"
2026 03 12 12:13:17:590,-3.9675,-6.78875,"0,26",11,1,"11,26","0,63","37,64","3,34","7,81"
2026 03 12 12:13:17:592,-3.9675,-6.87625,"0,26",11,1,"11,26","0,63","37,64","3,34","7,81"
2026 03 12 12:13:17:594,-3.9675,-6.78875,"0,26",11,1,"11,26","0,63","37,64","3,34","7,81"
2026 03 12 12:13:17:596,-3.9675,-6.87625,"0,26",11,1,"11,26","0,63","37,64","3,34","27,34"
2026 03 12 12:13:17:598,-3.9675,-6.78875,"0,26",11,1,"11,26","0,63","37,64","3,34","19,53"
2026 03 12 12:13:17:600,-3.9334,-6.70125,"0,26",11,1,"11,26","0,63","37,64","3,34","7,81"
2026 03 12 12:13:17:602,-3.9024,-6.78875,"0,26",11,1,"11,26","0,63","37,64","3,34","-7,81"
2026 03 12 12:13:17:604,-3.9675,-6.78875,"0,26",11,1,"11,26","0,63","37,64","3,34","3,91"
2026 03 12 12:13:17:606,-3.9675,-6.78875,"0,26",11,1,"11,26","0,63","37,64","3,34","3,91"
2026 03 12 12:13:17:608,-3.9675,-6.78875,"0,26",11,1,"11,26","0,63","37,64","3,34","7,81"
2026 03 12 12:13:17:610,-3.9985,-6.70125,"0,26",11,1,"11,26","0,63","37,64","3,34","7,81"
2026 03 12 12:13:17:612,-3.9675,-6.87625,"0,26",11,1,"11,26","0,63","37,64","3,34","7,81"
2026 03 12 12:13:17:614,-3.9675,-6.78875,"0,26",11,1,"11,26","0,63","37,64","3,34","7,81"
2026 03 12 12:13:17:616,-3.9675,-6.78875,"0,26",11,1,"11,26","0,63","37,64","3,34","27,34"
2026 03 12 12:13:17:618,-3.9675,-6.78875,"0,26",11,1,"11,26","0,63","37,64","3,34","19,53"
2026 03 12 12:13:17:620,-3.9675,-6.78875,"0,26",11,1,"11,26","0,63","37,64","3,34","7,81"
2026 03 12 12:13:17:622,-3.9675,-6.78875,"0,26",11,1,"11,26","0,63","37,64","3,34","-3,91"
2026 03 12 12:13:17:624,-3.9675,-6.78875,"0,26",11,1,"11,26","0,63","37,64","3,34","3,91"
2026 03 12 12:13:17:626,-3.9675,-6.87625,"0,26",11,1,"11,26","0,63","37,64","3,34","7,81"
2026 03 12 12:13:17:628,-3.9334,-6.78875,"0,26",11,1,"11,26","0,63","37,64","3,34","7,81"
2026 03 12 12:13:17:630,-3.9675,-6.78875,"0,26",11,1,"11,26","0,63","37,64","3,34","3,91"
2026 03 12 12:13:17:632,-3.9675,-6.78875,"0,26",11,1,"11,26","0,63","37,64","3,34","7,81"
2026 03 12 12:13:17:634,-3.9675,-6.87625,"0,26",11,1,"11,26","0,63","37,64","3,34","7,81"
2026 03 12 12:13:17:636,-3.9675,-6.78875,"0,26",11,1,"11,25","0,59","36,85","3,28","27,34"
2026 03 12 12:13:17:638,-3.9985,-6.78875,"0,26",11,1,"11,25","0,59","36,85","3,28","19,53"
2026 03 12 12:13:17:640,-3.9675,-6.78875,"0,26",11,1,"11,25","0,59","36,85","3,28","7,81"
2026 03 12 12:13:17:642,-3.9675,-6.70125,"0,26",11,1,"11,25","0,59","36,85","3,28","-3,91"
2026 03 12 12:13:17:644,-3.9675,-6.78875,"0,26",11,1,"11,25","0,59","36,85","3,28","3,91"
2026 03 12 12:13:17:646,-3.9675,-6.78875,"0,26",11,1,"11,25","0,59","36,85","3,28","7,81"
2026 03 12 12:13:17:648,-3.9675,-6.87625,"0,26",11,1,"11,25","0,59","36,85","3,28","7,81"
2026 03 12 12:13:17:650,-3.9675,-6.78875,"0,26",11,1,"11,25","0,59","36,85","3,28","7,81"
2026 03 12 12:13:17:652,-3.9675,-6.78875,"0,26",11,1,"11,25","0,59","36,85","3,28","7,81"
2026 03 12 12:13:17:654,-3.9675,-6.78875,"0,26",11,1,"11,25","0,59","36,85","3,28","7,81"
2026 03 12 12:13:17:656,-3.9985,-6.78875,"0,26",11,1,"11,25","0,59","36,85","3,28","27,34"
2026 03 12 12:13:17:658,-3.9675,-6.87625,"0,26",11,1,"11,25","0,59","36,85","3,28","19,53"
2026 03 12 12:13:17:660,-3.9675,-6.70125,"0,26",11,1,"11,25","0,59","36,85","3,28","7,81"
2026 03 12 12:13:17:662,-3.9675,-6.78875,"0,26",11,1,"11,25","0,59","36,85","3,28","-3,91"
2026 03 12 12:13:17:664,-3.9675,-6.78875,"0,26",11,1,"11,25","0,59","36,85","3,28","3,91"
2026 03 12 12:13:17:666,-3.9985,-6.78875,"0,26",11,1,"11,25","0,59","36,85","3,28","7,81"
2026 03 12 12:13:17:668,-3.9675,-6.78875,"0,26",11,1,"11,25","0,59","36,85","3,28","7,81"
2026 03 12 12:13:17:670,-3.9675,-6.78875,"0,26",11,1,"11,25","0,59","36,85","3,28","7,81"
2026 03 12 12:13:17:672,-3.9675,-6.78875,"0,26",11,1,"11,25","0,59","36,85","3,28","7,81"
2026 03 12 12:13:17:674,-3.9675,-6.78875,"0,26",11,1,"11,25","0,59","36,85","3,28","7,81"
2026 03 12 12:13:17:676,-3.9334,-6.78875,"0,26",11,1,"11,25","0,59","36,85","3,28","27,34"
2026 03 12 12:13:17:678,-3.9675,-6.78875,"0,26",11,1,"11,25","0,59","36,85","3,28","23,44"
2026 03 12 12:13:17:680,-3.9675,-6.70125,"0,26",11,1,"11,25","0,59","36,85","3,28","7,81"
2026 03 12 12:13:17:682,-3.9675,-6.78875,"0,26",11,1,"11,25","0,59","36,85","3,28","-7,81"
2026 03 12 12:13:17:684,-3.9675,-6.70125,"0,26",11,1,"11,25","0,59","36,85","3,28","3,91"
2026 03 12 12:13:17:686,-3.9675,-6.78875,"0,26",11,1,"11,25","0,59","36,85","3,28","7,81"
2026 03 12 12:13:17:688,-3.9334,-6.78875,"0,26",11,1,"11,25","0,59","36,85","3,28","7,81"
2026 03 12 12:13:17:690,-3.9675,-6.87625,"0,26",11,1,"11,25","0,59","36,85","3,28","7,81"
2026 03 12 12:13:17:692,-3.9985,-6.87625,"0,26",11,1,"11,25","0,59","36,85","3,28","7,81"
2026 03 12 12:13:17:694,-3.9675,-6.78875,"0,26",11,1,"11,25","0,59","36,85","3,28","3,91"
2026 03 12 12:13:17:696,-3.9675,-6.87625,"0,26",11,1,"11,25","0,59","36,85","3,28","31,25"
2026 03 12 12:13:17:698,-3.9675,-6.87625,"0,26",11,1,"11,25","0,59","36,85","3,28","19,53"
2026 03 12 12:13:17:700,-3.9675,-6.87625,"0,26",11,1,"11,25","0,59","36,85","3,28","7,81"
2026 03 12 12:13:17:702,-3.9675,-6.78875,"0,26",11,1,"11,25","0,59","36,85","3,28","-7,81"
2026 03 12 12:13:17:704,-3.9985,-6.78875,"0,26",11,1,"11,25","0,59","36,85","3,28",0
2026 03 12 12:13:17:706,-3.9985,-6.78875,"0,26",11,1,"11,25","0,59","36,85","3,28","3,91"
2026 03 12 12:13:17:708,-3.9675,-6.70125,"0,26",11,1,"11,25","0,59","36,85","3,28","7,81"
2026 03 12 12:13:17:710,-3.9675,-6.78875,"0,26",11,1,"11,25","0,59","36,85","3,28","7,81"
2026 03 12 12:13:17:712,-3.9675,-6.78875,"0,26",11,1,"11,25","0,59","36,85","3,28","7,81"
2026 03 12 12:13:17:714,-3.9675,-6.78875,"0,26",11,1,"11,25","0,59","36,85","3,28","7,81"
2026 03 12 12:13:17:716,-3.9675,-6.78875,"0,26",11,1,"11,25","0,59","36,85","3,28","31,25"
2026 03 12 12:13:17:718,-3.9675,-6.78875,"0,26",11,1,"11,25","0,59","36,85","3,28","19,53"
2026 03 12 12:13:17:720,-3.9675,-6.78875,"0,26",11,1,"11,25","0,59","36,85","3,28","7,81"
2026 03 12 12:13:17:722,-3.9675,-6.87625,"0,26",11,1,"11,25","0,59","36,85","3,28","-11,72"
2026 03 12 12:13:17:724,-3.9675,-6.78875,"0,26",11,1,"11,25","0,59","36,85","3,28","3,91"
2026 03 12 12:13:17:726,-3.9675,-6.78875,"0,26",11,1,"11,25","0,59","36,85","3,28","7,81"
2026 03 12 12:13:17:728,-3.9675,-6.70125,"0,26",11,1,"11,25","0,59","36,85","3,28","7,81"
2026 03 12 12:13:17:730,-3.9334,-6.78875,"0,26",11,1,"11,25","0,59","36,85","3,28","3,91"
2026 03 12 12:13:17:732,-3.9675,-6.78875,"0,26",11,1,"11,25","0,59","36,85","3,28","7,81"
2026 03 12 12:13:17:734,-3.9675,-6.78875,"0,26",11,1,"11,25","0,59","36,85","3,28","3,91"
2026 03 12 12:13:17:736,-3.9675,-6.87625,"0,26",11,1,"11,25","0,59","36,85","3,28","31,25"
2026 03 12 12:13:17:738,-3.9334,-6.87625,"0,26",11,1,"11,25","0,59","36,85","3,28","15,63"
2026 03 12 12:13:17:740,-3.9675,-6.78875,"0,26",11,1,"11,25","0,59","36,85","3,28","7,81"
2026 03 12 12:13:17:742,-3.9675,-6.78875,"0,26",11,1,"11,25","0,59","36,85","3,28","-15,62"
2026 03 12 12:13:17:744,-3.9675,-6.78875,"0,26",11,1,"11,25","0,59","36,85","3,28","3,91"
2026 03 12 12:13:17:746,-3.9334,-6.70125,"0,26",11,1,"11,25","0,59","36,85","3,28","7,81"
2026 03 12 12:13:17:748,-3.9675,-6.78875,"0,26",11,1,"11,25","0,59","36,85","3,28","7,81"
2026 03 12 12:13:17:750,-3.9985,-6.78875,"0,26",11,1,"11,25","0,59","36,85","3,28","7,81"
2026 03 12 12:13:17:752,-3.9675,-6.78875,"0,26",11,1,"11,25","0,59","36,85","3,28","7,81"
2026 03 12 12:13:17:754,-3.9675,-6.78875,"0,26",11,1,"11,25","0,59","36,85","3,28","7,81"
2026 03 12 12:13:17:756,-3.9675,-6.87625,"0,26",11,1,"11,25","0,59","36,85","3,28","31,25"
2026 03 12 12:13:17:758,-3.9675,-6.78875,"0,26",11,1,"11,25","0,59","36,85","3,28","15,63"
2026 03 12 12:13:17:760,-3.9675,-6.78875,"0,26",11,1,"11,25","0,59","36,85","3,28","7,81"
2026 03 12 12:13:17:762,-3.9675,-6.78875,"0,26",11,1,"11,25","0,59","36,85","3,28","-11,72"
2026 03 12 12:13:17:764,-3.9675,-6.78875,"0,26",11,1,"11,25","0,59","36,85","3,28",0
2026 03 12 12:13:17:766,-3.9675,-6.78875,"0,26",11,1,"11,25","0,59","36,85","3,28","3,91"
2026 03 12 12:13:17:768,-3.9675,-6.78875,"0,26",11,1,"11,25","0,59","36,85","3,28","7,81"
2026 03 12 12:13:17:770,-3.9675,-6.78875,"0,26",11,1,"11,25","0,59","36,85","3,28","3,91"
2026 03 12 12:13:17:772,-3.9675,-6.78875,"0,26",11,1,"11,25","0,59","36,85","3,28","3,91"
2026 03 12 12:13:17:774,-3.9675,-6.70125,"0,26",11,1,"11,25","0,59","36,85","3,28","7,81"
2026 03 12 12:13:17:776,-3.9675,-6.78875,"0,26",11,1,"11,25","0,59","36,85","3,28","31,25"
2026 03 12 12:13:17:778,-3.9334,-6.78875,"0,26",11,1,"11,25","0,59","36,85","3,28","19,53"
2026 03 12 12:13:17:780,-3.9334,-6.78875,"0,26",11,1,"11,25","0,59","36,85","3,28","3,91"
2026 03 12 12:13:17:782,-3.9675,-6.78875,"0,26",11,1,"11,25","0,59","36,85","3,28","-11,72"
2026 03 12 12:13:17:784,-3.9334,-6.78875,"0,26",11,1,"11,25","0,59","36,85","3,28",0
2026 03 12 12:13:17:786,-3.9675,-6.78875,"0,26",11,1,"11,25","0,59","36,85","3,28","7,81"
2026 03 12 12:13:17:788,-3.9334,-6.78875,"0,26",11,1,"11,25","0,59","36,85","3,28","7,81"
2026 03 12 12:13:17:790,-3.9675,-6.87625,"0,26",11,1,"11,25","0,59","36,85","3,28","3,91"
2026 03 12 12:13:17:792,-3.9985,-6.87625,"0,26",11,1,"11,25","0,59","36,85","3,28","7,81"
2026 03 12 12:13:17:794,-3.9675,-6.78875,"0,26",11,1,"11,25","0,59","36,85","3,28","7,81"
2026 03 12 12:13:17:796,-3.9675,-6.78875,"0,26",11,1,"11,25","0,59","36,85","3,28","35,16"
2026 03 12 12:13:17:798,-3.9675,-6.78875,"0,26",11,1,"11,25","0,59","36,85","3,28","15,63"
2026 03 12 12:13:17:800,-3.9675,-6.78875,"0,26",11,1,"11,25","0,59","36,85","3,28","3,91"
2026 03 12 12:13:17:802,-3.9675,-6.78875,"0,26",11,1,"11,25","0,59","36,85","3,28","-11,72"
2026 03 12 12:13:17:804,-3.9675,-6.78875,"0,26",11,1,"11,25","0,59","36,85","3,28",0
2026 03 12 12:13:17:806,-3.9675,-6.70125,"0,26",11,1,"11,25","0,59","36,85","3,28","3,91"
2026 03 12 12:13:17:808,-3.9675,-6.78875,"0,26",11,1,"11,25","0,59","36,85","3,28","7,81"
2026 03 12 12:13:17:810,-3.9675,-6.78875,"0,26",11,1,"11,25","0,59","36,85","3,28","3,91"
2026 03 12 12:13:17:812,-3.9334,-6.78875,"0,26",11,1,"11,25","0,59","36,85","3,28","7,81"
2026 03 12 12:13:17:814,-3.9675,-6.70125,"0,26",11,1,"11,25","0,59","36,85","3,28","7,81"
2026 03 12 12:13:17:816,-3.9985,-6.78875,"0,26",11,1,"11,25","0,59","36,85","3,28","31,25"
2026 03 12 12:13:17:818,-3.9675,-6.70125,"0,26",11,1,"11,25","0,59","36,85","3,28","15,63"
2026 03 12 12:13:17:820,-3.9675,-6.78875,"0,26",11,1,"11,25","0,59","36,85","3,28","7,81"
2026 03 12 12:13:17:822,-3.9675,-6.78875,"0,26",11,1,"11,25","0,59","36,85","3,28","-11,72"
2026 03 12 12:13:17:824,-3.9675,-6.78875,"0,26",11,1,"11,25","0,59","36,85","3,28",0
2026 03 12 12:13:17:826,-3.9675,-6.70125,"0,26",11,1,"11,25","0,59","36,85","3,28","3,91"
2026 03 12 12:13:17:828,-3.9675,-6.70125,"0,26",11,1,"11,25","0,59","36,85","3,28","7,81"
2026 03 12 12:13:17:830,-3.9675,-6.78875,"0,26",11,1,"11,25","0,59","36,85","3,28","3,91"
2026 03 12 12:13:17:832,-3.9675,-6.70125,"0,26",11,1,"11,25","0,59","36,85","3,28","7,81"
2026 03 12 12:13:17:834,-3.9675,-6.70125,"0,26",11,1,"11,25","0,59","36,85","3,28","3,91"
2026 03 12 12:13:17:836,-3.9675,-6.70125,"0,26",11,1,"11,25","0,59","36,85","3,28","31,25"
2026 03 12 12:13:17:838,-3.9675,-6.78875,"0,26",11,1,"11,25","0,59","36,85","3,28","15,63"
2026 03 12 12:13:17:840,-3.9675,-6.78875,"0,26",11,1,"11,25","0,59","36,85","3,28","3,91"
2026 03 12 12:13:17:842,-3.9675,-6.78875,"0,26",11,1,"11,25","0,59","36,85","3,28","-15,62"
2026 03 12 12:13:17:844,-3.9675,-6.87625,"0,26",11,1,"11,25","0,59","36,85","3,28",0
2026 03 12 12:13:17:846,-3.9334,-6.87625,"0,26",11,1,"11,25","0,59","36,85","3,28","7,81"
2026 03 12 12:13:17:848,-3.9334,-6.78875,"0,26",11,1,"11,25","0,59","36,85","3,28","7,81"
2026 03 12 12:13:17:850,-3.9675,-6.78875,"0,26",11,1,"11,25","0,59","36,85","3,28","7,81"
2026 03 12 12:13:17:852,-3.9675,-6.78875,"0,26",11,1,"11,25","0,59","36,85","3,28","3,91"
2026 03 12 12:13:17:854,-3.9675,-6.78875,"0,26",11,1,"11,25","0,59","36,85","3,28","7,81"
2026 03 12 12:13:17:856,-3.9675,-6.78875,"0,26",11,1,"11,25","0,59","36,85","3,28","35,16"
2026 03 12 12:13:17:858,-3.9985,-6.78875,"0,26",11,1,"11,25","0,59","36,85","3,28","15,63"
2026 03 12 12:13:17:860,-3.9675,-6.78875,"0,26",11,1,"11,25","0,59","36,85","3,28","7,81"
2026 03 12 12:13:17:862,-3.9675,-6.78875,"0,26",11,1,"11,25","0,59","36,85","3,28","-15,62"
2026 03 12 12:13:17:864,-3.9675,-6.78875,"0,26",11,1,"11,25","0,59","36,85","3,28","3,91"
2026 03 12 12:13:17:866,-3.9675,-6.70125,"0,26",11,1,"11,25","0,59","36,85","3,28","3,91"
2026 03 12 12:13:17:868,-3.9675,-6.78875,"0,26",11,1,"11,25","0,59","36,85","3,28","7,81"
2026 03 12 12:13:17:870,-3.9675,-6.78875,"0,26",11,1,"11,25","0,59","36,85","3,28","3,91"
2026 03 12 12:13:17:872,-3.9985,-6.70125,"0,26",11,1,"11,25","0,59","36,85","3,28","7,81"
2026 03 12 12:13:17:874,-3.9675,-6.78875,"0,26",11,1,"11,25","0,59","36,85","3,28","3,91"
2026 03 12 12:13:17:876,-3.9675,-6.78875,"0,26",11,1,"11,25","0,59","36,85","3,28","35,16"
2026 03 12 12:13:17:878,-3.9675,-6.87625,"0,26",11,1,"11,25","0,59","36,85","3,28","15,63"
2026 03 12 12:13:17:880,-3.9334,-6.70125,"0,26",11,1,"11,25","0,59","36,85","3,28","3,91"
2026 03 12 12:13:17:882,-3.9985,-6.78875,"0,26",11,1,"11,25","0,59","36,85","3,28","-11,72"
2026 03 12 12:13:17:884,-3.9675,-6.78875,"0,26",11,1,"11,25","0,59","36,85","3,28",0
2026 03 12 12:13:17:886,-3.9675,-6.78875,"0,26",11,1,"11,25","0,59","36,85","3,28","3,91"
2026 03 12 12:13:17:888,-3.9985,-6.78875,"0,26",11,1,"11,25","0,59","36,85","3,28","7,81"
2026 03 12 12:13:17:890,-3.9675,-6.70125,"0,26",11,1,"11,25","0,59","36,85","3,28","3,91"
2026 03 12 12:13:17:892,-3.9675,-6.87625,"0,26",11,1,"11,25","0,59","36,85","3,28","7,81"
2026 03 12 12:13:17:894,-3.9334,-6.78875,"0,26",11,1,"11,25","0,59","36,85","3,28","7,81"
2026 03 12 12:13:17:896,-3.9334,-6.87625,"0,26",11,1,"11,25","0,59","36,85","3,28","35,16"
2026 03 12 12:13:17:898,-3.9334,-6.87625,"0,26",11,1,"11,25","0,59","36,85","3,28","11,72"
2026 03 12 12:13:17:900,-3.9675,-6.70125,"0,26",11,1,"11,25","0,59","36,85","3,28","7,81"
2026 03 12 12:13:17:902,-3.9675,-6.78875,"0,26",11,1,"11,25","0,59","36,85","3,28","-11,72"
2026 03 12 12:13:17:904,-3.9675,-6.78875,"0,26",11,1,"11,25","0,59","36,85","3,28","3,91"
2026 03 12 12:13:17:906,-3.9334,-6.78875,"0,26",11,1,"11,25","0,59","36,85","3,28","7,81"
2026 03 12 12:13:17:908,-3.9675,-6.78875,"0,26",11,1,"11,25","0,59","36,85","3,28","7,81"
2026 03 12 12:13:17:910,-3.9334,-6.70125,"0,26",11,1,"11,25","0,59","36,85","3,28","7,81"
2026 03 12 12:13:17:912,-3.9675,-6.78875,"0,26",11,1,"11,25","0,59","36,85","3,28","7,81"
2026 03 12 12:13:17:914,-3.9675,-6.78875,"0,26",11,1,"11,25","0,59","36,85","3,28","7,81"
2026 03 12 12:13:17:916,-3.9675,-6.70125,"0,26",11,1,"11,25","0,59","36,85","3,28","35,16"
2026 03 12 12:13:17:918,-3.9675,-6.78875,"0,26",11,1,"11,25","0,59","36,85","3,28","15,63"
2026 03 12 12:13:17:920,-3.9675,-6.78875,"0,26",11,1,"11,25","0,59","36,85","3,28","7,81"
2026 03 12 12:13:17:922,-3.9985,-6.78875,"0,26",11,1,"11,25","0,59","36,85","3,28","-11,72"
2026 03 12 12:13:17:924,-3.9675,-6.70125,"0,26",11,1,"11,25","0,59","36,85","3,28","3,91"
2026 03 12 12:13:17:926,-3.9675,-6.78875,"0,26",11,1,"11,25","0,59","36,85","3,28","7,81"
2026 03 12 12:13:17:928,-3.9334,-6.78875,"0,26",11,1,"11,25","0,59","36,85","3,28","7,81"
2026 03 12 12:13:17:930,-3.9675,-6.78875,"0,26",11,1,"11,25","0,59","36,85","3,28","7,81"
2026 03 12 12:13:17:932,-3.9675,-6.78875,"0,26",11,1,"11,25","0,59","36,85","3,28","7,81"
2026 03 12 12:13:17:934,-3.9675,-6.87625,"0,26",11,1,"11,25","0,59","36,85","3,28","7,81"
2026 03 12 12:13:17:936,-3.9675,-6.78875,"0,26",11,1,"11,25","0,59","36,85","3,28","35,16"
2026 03 12 12:13:17:938,-3.9675,-6.78875,"0,26",11,1,"11,22","0,55","37,19","3,32","15,63"
2026 03 12 12:13:17:940,-3.9985,-6.78875,"0,26",11,1,"11,22","0,55","37,19","3,32","3,91"
2026 03 12 12:13:17:942,-3.9675,-6.78875,"0,26",11,1,"11,22","0,55","37,19","3,32","-11,72"
2026 03 12 12:13:17:944,-3.9675,-6.70125,"0,26",11,1,"11,22","0,55","37,19","3,32","3,91"
2026 03 12 12:13:17:946,-3.9675,-6.78875,"0,26",11,1,"11,22","0,55","37,19","3,32","7,81"
2026 03 12 12:13:17:948,-3.9675,-6.78875,"0,26",11,1,"11,22","0,55","37,19","3,32","7,81"
2026 03 12 12:13:17:950,-3.9675,-6.87625,"0,26",11,1,"11,22","0,55","37,19","3,32","7,81"
2026 03 12 12:13:17:952,-3.9334,-6.87625,"0,26",11,1,"11,22","0,55","37,19","3,32","7,81"
2026 03 12 12:13:17:954,-3.9675,-6.70125,"0,26",11,1,"11,22","0,55","37,19","3,32","7,81"
2026 03 12 12:13:17:956,-3.9675,-6.70125,"0,26",11,1,"11,22","0,55","37,19","3,32","35,16"
2026 03 12 12:13:17:958,-3.9675,-6.78875,"0,26",11,1,"11,22","0,55","37,19","3,32","15,63"
2026 03 12 12:13:17:960,-3.9334,-6.87625,"0,26",11,1,"11,22","0,55","37,19","3,32","7,81"
2026 03 12 12:13:17:962,-3.9675,-6.70125,"0,26",11,1,"11,22","0,55","37,19","3,32","-7,81"
2026 03 12 12:13:17:964,-3.9334,-6.78875,"0,26",11,1,"11,22","0,55","37,19","3,32","3,91"
2026 03 12 12:13:17:966,-3.9675,-6.70125,"0,26",11,1,"11,22","0,55","37,19","3,32","3,91"
2026 03 12 12:13:17:968,-3.9675,-6.70125,"0,26",11,1,"11,22","0,55","37,19","3,32","7,81"
2026 03 12 12:13:17:970,-3.9675,-6.78875,"0,26",11,1,"11,22","0,55","37,19","3,32","7,81"
2026 03 12 12:13:17:972,-3.9675,-6.70125,"0,26",11,1,"11,22","0,55","37,19","3,32","7,81"
2026 03 12 12:13:17:974,-3.9675,-6.78875,"0,26",11,1,"11,22","0,55","37,19","3,32","7,81"
2026 03 12 12:13:17:976,-3.9675,-6.78875,"0,26",11,1,"11,22","0,55","37,19","3,32","35,16"
2026 03 12 12:13:17:978,-3.9985,-6.78875,"0,26",11,1,"11,22","0,55","37,19","3,32","15,63"
2026 03 12 12:13:17:980,-3.9675,-6.78875,"0,26",11,1,"11,22","0,55","37,19","3,32","7,81"
2026 03 12 12:13:17:982,-3.9985,-6.70125,"0,26",11,1,"11,22","0,55","37,19","3,32","-11,72"
2026 03 12 12:13:17:984,-3.9675,-6.78875,"0,26",11,1,"11,22","0,55","37,19","3,32",0
2026 03 12 12:13:17:986,-3.9675,-6.78875,"0,26",11,1,"11,22","0,55","37,19","3,32","3,91"
2026 03 12 12:13:17:988,-3.9675,-6.78875,"0,26",11,1,"11,22","0,55","37,19","3,32","7,81"
2026 03 12 12:13:17:990,-3.9334,-6.70125,"0,26",11,1,"11,22","0,55","37,19","3,32","7,81"
2026 03 12 12:13:17:992,-3.9334,-6.70125,"0,26",11,1,"11,22","0,55","37,19","3,32","7,81"
2026 03 12 12:13:17:994,-3.9675,-6.87625,"0,26",11,1,"11,22","0,55","37,19","3,32","7,81"
2026 03 12 12:13:17:996,-3.9675,-6.78875,"0,26",11,1,"11,22","0,55","37,19","3,32","35,16"
2026 03 12 12:13:17:998,-3.9675,-6.78875,"0,26",11,1,"11,22","0,55","37,19","3,32","11,72"
2026 03 12 12:13:18:000,-3.9985,-6.87625,"0,26",11,1,"11,22","0,55","37,19","3,32","7,81"
2026 03 12 12:13:18:002,-3.9675,-6.78875,"0,26",11,1,"11,22","0,55","37,19","3,32","-15,62"
2026 03 12 12:13:18:004,-3.9985,-6.87625,"0,26",11,1,"11,22","0,55","37,19","3,32",0
2026 03 12 12:13:18:006,-3.9675,-6.70125,"0,26",11,1,"11,22","0,55","37,19","3,32","7,81"
2026 03 12 12:13:18:008,-3.9675,-6.78875,"0,26",11,1,"11,22","0,55","37,19","3,32","7,81"
2026 03 12 12:13:18:010,-3.9675,-6.87625,"0,26",11,1,"11,22","0,55","37,19","3,32","7,81"
2026 03 12 12:13:18:012,-3.9675,-6.78875,"0,26",11,1,"11,22","0,55","37,19","3,32","7,81"
2026 03 12 12:13:18:014,-3.9675,-6.78875,"0,26",11,1,"11,22","0,55","37,19","3,32","3,91"
2026 03 12 12:13:18:016,-3.9334,-6.78875,"0,26",11,1,"11,22","0,55","37,19","3,32","35,16"
2026 03 12 12:13:18:018,-3.9675,-6.70125,"0,26",11,1,"11,22","0,55","37,19","3,32","15,63"
2026 03 12 12:13:18:020,-3.9334,-6.78875,"0,26",11,1,"11,22","0,55","37,19","3,32","7,81"
2026 03 12 12:13:18:022,-3.9675,-6.78875,"0,26",11,1,"11,22","0,55","37,19","3,32","-11,72"
2026 03 12 12:13:18:024,-3.9334,-6.70125,"0,26",11,1,"11,22","0,55","37,19","3,32","3,91"
2026 03 12 12:13:18:026,-3.9675,-6.78875,"0,26",11,1,"11,22","0,55","37,19","3,32","3,91"
2026 03 12 12:13:18:028,-3.9675,-6.78875,"0,26",11,1,"11,22","0,55","37,19","3,32","3,91"
2026 03 12 12:13:18:030,-3.9675,-6.78875,"0,26",11,1,"11,22","0,55","37,19","3,32","3,91"
2026 03 12 12:13:18:032,-3.9985,-6.78875,"0,26",11,1,"11,22","0,55","37,19","3,32","7,81"
2026 03 12 12:13:18:034,-3.9675,-6.70125,"0,26",11,1,"11,22","0,55","37,19","3,32","7,81"
2026 03 12 12:13:18:036,-3.9675,-6.70125,"0,26",11,1,"11,22","0,55","37,19","3,32","35,16"
2026 03 12 12:13:18:038,-3.9675,-6.78875,"0,26",11,1,"11,22","0,55","37,19","3,32","15,63"
2026 03 12 12:13:18:040,-3.9675,-6.78875,"0,26",11,1,"11,22","0,55","37,19","3,32","3,91"
2026 03 12 12:13:18:042,-3.9334,-6.78875,"0,26",11,1,"11,22","0,55","37,19","3,32","-11,72"
2026 03 12 12:13:18:044,-3.9675,-6.87625,"0,26",11,1,"11,22","0,55","37,19","3,32","3,91"
2026 03 12 12:13:18:046,-3.9334,-6.87625,"0,26",11,1,"11,22","0,55","37,19","3,32","7,81"
2026 03 12 12:13:18:048,-3.9985,-6.87625,"0,26",11,1,"11,22","0,55","37,19","3,32","7,81"
2026 03 12 12:13:18:050,-3.9675,-6.70125,"0,26",11,1,"11,22","0,55","37,19","3,32","3,91"
2026 03 12 12:13:18:052,-3.9675,-6.78875,"0,26",11,1,"11,22","0,55","37,19","3,32","7,81"
2026 03 12 12:13:18:054,-3.9675,-6.78875,"0,26",11,1,"11,22","0,55","37,19","3,32","3,91"
2026 03 12 12:13:18:056,-3.9675,-6.87625,"0,26",11,1,"11,22","0,55","37,19","3,32","35,16"
2026 03 12 12:13:18:058,-3.9675,-6.78875,"0,26",11,1,"11,22","0,55","37,19","3,32","11,72"
2026 03 12 12:13:18:060,-3.9675,-6.78875,"0,26",11,1,"11,22","0,55","37,19","3,32","3,91"
2026 03 12 12:13:18:062,-3.9985,-6.78875,"0,26",11,1,"11,22","0,55","37,19","3,32","-7,81"
2026 03 12 12:13:18:064,-3.9985,-6.70125,"0,26",11,1,"11,22","0,55","37,19","3,32",0
2026 03 12 12:13:18:066,-3.9334,-6.70125,"0,26",11,1,"11,22","0,55","37,19","3,32","3,91"
2026 03 12 12:13:18:068,-3.9675,-6.70125,"0,26",11,1,"11,22","0,55","37,19","3,32","7,81"
2026 03 12 12:13:18:070,-3.9675,-6.78875,"0,26",11,1,"11,22","0,55","37,19","3,32","3,91"
2026 03 12 12:13:18:072,-3.9675,-6.78875,"0,26",11,1,"11,22","0,55","37,19","3,32","7,81"
2026 03 12 12:13:18:074,-3.9675,-6.70125,"0,26",11,1,"11,22","0,55","37,19","3,32","3,91"
2026 03 12 12:13:18:076,-3.9334,-6.70125,"0,26",11,1,"11,22","0,55","37,19","3,32","31,25"
2026 03 12 12:13:18:078,-3.9675,-6.78875,"0,26",11,1,"11,22","0,55","37,19","3,32","15,63"
2026 03 12 12:13:18:080,-3.9675,-6.78875,"0,26",11,1,"11,22","0,55","37,19","3,32","7,81"
2026 03 12 12:13:18:082,-3.9675,-6.78875,"0,26",11,1,"11,22","0,55","37,19","3,32","-7,81"
2026 03 12 12:13:18:084,-3.9334,-6.78875,"0,26",11,1,"11,22","0,55","37,19","3,32",0
2026 03 12 12:13:18:086,-3.9675,-6.87625,"0,26",11,1,"11,22","0,55","37,19","3,32","3,91"
2026 03 12 12:13:18:088,-3.9985,-6.78875,"0,26",11,1,"11,22","0,55","37,19","3,32","7,81"
2026 03 12 12:13:18:090,-3.9985,-6.70125,"0,26",11,1,"11,22","0,55","37,19","3,32","7,81"
2026 03 12 12:13:18:092,-3.9675,-6.78875,"0,26",11,1,"11,22","0,55","37,19","3,32","7,81"
2026 03 12 12:13:18:094,-3.9675,-6.78875,"0,26",11,1,"11,22","0,55","37,19","3,32","3,91"
2026 03 12 12:13:18:096,-3.9334,-6.70125,"0,26",11,1,"11,22","0,55","37,19","3,32","31,25"
2026 03 12 12:13:18:098,-3.9024,-6.70125,"0,26",11,1,"11,22","0,55","37,19","3,32","11,72"
2026 03 12 12:13:18:100,-3.9675,-6.78875,"0,26",11,1,"11,22","0,55","37,19","3,32","3,91"
2026 03 12 12:13:18:102,-3.9985,-6.78875,"0,26",11,1,"11,22","0,55","37,19","3,32","-11,72"
2026 03 12 12:13:18:104,-3.9675,-6.70125,"0,26",11,1,"11,22","0,55","37,19","3,32",0
2026 03 12 12:13:18:106,-3.9334,-6.78875,"0,26",11,1,"11,22","0,55","37,19","3,32","3,91"
2026 03 12 12:13:18:108,-3.9675,-6.78875,"0,26",11,1,"11,22","0,55","37,19","3,32","3,91"
2026 03 12 12:13:18:110,-3.9675,-6.78875,"0,26",11,1,"11,22","0,55","37,19","3,32","3,91"
2026 03 12 12:13:18:112,-3.9675,-6.70125,"0,26",11,1,"11,22","0,55","37,19","3,32","3,91"
2026 03 12 12:13:18:114,-3.9675,-6.78875,"0,26",11,1,"11,22","0,55","37,19","3,32","7,81"
2026 03 12 12:13:18:116,-3.9675,-6.70125,"0,26",11,1,"11,22","0,55","37,19","3,32","35,16"
2026 03 12 12:13:18:118,-3.9675,-6.78875,"0,26",11,1,"11,22","0,55","37,19","3,32","15,63"
2026 03 12 12:13:18:120,-3.9675,-6.87625,"0,26",11,1,"11,22","0,55","37,19","3,32","7,81"
2026 03 12 12:13:18:122,-3.9675,-6.78875,"0,26",11,1,"11,22","0,55","37,19","3,32","-7,81"
2026 03 12 12:13:18:124,-3.9985,-6.70125,"0,26",11,1,"11,22","0,55","37,19","3,32",0
2026 03 12 12:13:18:126,-3.9334,-6.78875,"0,26",11,1,"11,22","0,55","37,19","3,32","7,81"
2026 03 12 12:13:18:128,-3.9985,-6.87625,"0,26",11,1,"11,22","0,55","37,19","3,32","7,81"
2026 03 12 12:13:18:130,-3.9675,-6.78875,"0,26",11,1,"11,22","0,55","37,19","3,32","3,91"
2026 03 12 12:13:18:132,-3.9675,-6.78875,"0,26",11,1,"11,22","0,55","37,19","3,32","3,91"
2026 03 12 12:13:18:134,-3.9985,-6.78875,"0,26",11,1,"11,22","0,55","37,19","3,32","3,91"
2026 03 12 12:13:18:136,-3.9675,-6.78875,"0,26",11,1,"11,22","0,55","37,19","3,32","35,16"
2026 03 12 12:13:18:138,-3.9985,-6.78875,"0,26",11,1,"11,22","0,55","37,19","3,32","11,72"
2026 03 12 12:13:18:140,-3.9675,-6.78875,"0,26",11,1,"11,22","0,55","37,19","3,32","3,91"
2026 03 12 12:13:18:142,-3.9334,-6.70125,"0,26",11,1,"11,22","0,55","37,19","3,32","-11,72"
2026 03 12 12:13:18:144,-3.9675,-6.78875,"0,26",11,1,"11,22","0,55","37,19","3,32",0
2026 03 12 12:13:18:146,-3.9334,-6.78875,"0,26",11,1,"11,22","0,55","37,19","3,32","3,91"
2026 03 12 12:13:18:148,-3.9334,-6.78875,"0,26",11,1,"11,22","0,55","37,19","3,32","3,91"
2026 03 12 12:13:18:150,-3.9675,-6.78875,"0,26",11,1,"11,22","0,55","37,19","3,32","3,91"
2026 03 12 12:13:18:152,-3.9675,-6.87625,"0,26",11,1,"11,22","0,55","37,19","3,32","35,16"
2026 03 12 12:13:18:154,-3.9675,-6.70125,"0,26",11,1,"11,22","0,55","37,19","3,32","11,72"
2026 03 12 12:13:18:156,-3.9985,-6.78875,"0,26",11,1,"11,22","0,55","37,19","3,32","54,69"
2026 03 12 12:13:18:158,-3.9985,-6.70125,"0,26",11,1,"11,22","0,55","37,19","3,32","3,91"
2026 03 12 12:13:18:160,-3.9675,-6.78875,"0,26",11,1,"11,22","0,55","37,19","3,32","-15,62"
2026 03 12 12:13:18:162,-3.9334,-6.78875,"0,26",11,1,"11,22","0,55","37,19","3,32",0
2026 03 12 12:13:18:164,-3.9675,-6.78875,"0,26",11,1,"11,22","0,55","37,19","3,32","15,63"
2026 03 12 12:13:18:166,-3.9675,-6.78875,"0,26",11,1,"11,22","0,55","37,19","3,32","-3,91"
2026 03 12 12:13:18:168,-3.9675,-6.78875,"0,26",11,1,"11,22","0,55","37,19","3,32","-7,81"
2026 03 12 12:13:18:170,-3.9675,-6.70125,"0,26",11,1,"11,22","0,55","37,19","3,32","7,81"
2026 03 12 12:13:18:172,-3.9334,-6.70125,"0,26",11,1,"11,22","0,55","37,19","3,32","7,81"
2026 03 12 12:13:18:174,-3.9675,-6.70125,"0,26",11,1,"11,22","0,55","37,19","3,32","7,81"
2026 03 12 12:13:18:176,-3.9675,-6.78875,"0,26",11,1,"11,22","0,55","37,19","3,32","23,44"
2026 03 12 12:13:18:178,-3.9675,-6.78875,"0,26",11,1,"11,22","0,55","37,19","3,32","15,63"
2026 03 12 12:13:18:180,-3.9675,-6.70125,"0,26",11,1,"11,22","0,55","37,19","3,32","-3,91"
2026 03 12 12:13:18:182,-3.9985,-6.78875,"0,26",11,1,"11,22","0,55","37,19","3,32","-19,53"
2026 03 12 12:13:18:184,-3.9675,-6.70125,"0,26",11,1,"11,22","0,55","37,19","3,32","-3,91"
2026 03 12 12:13:18:186,-3.9675,-6.78875,"0,26",11,1,"11,22","0,55","37,19","3,32","3,91"
2026 03 12 12:13:18:188,-3.9675,-6.78875,"0,26",11,1,"11,22","0,55","37,19","3,32","-7,81"
2026 03 12 12:13:18:190,-3.9675,-6.87625,"0,26",11,1,"11,22","0,55","37,19","3,32",0
2026 03 12 12:13:18:192,-3.9675,-6.78875,"0,26",11,1,"11,22","0,55","37,19","3,32","3,91"
2026 03 12 12:13:18:194,-3.9675,-6.78875,"0,26",11,1,"11,22","0,55","37,19","3,32","3,91"
2026 03 12 12:13:18:196,-3.9985,-6.78875,"0,26",11,1,"11,22","0,55","37,19","3,32","27,34"
2026 03 12 12:13:18:198,-3.9985,-6.78875,"0,26",11,1,"11,22","0,55","37,19","3,32","3,91"
2026 03 12 12:13:18:200,-3.9675,-6.78875,"0,26",11,1,"11,22","0,55","37,19","3,32",0
2026 03 12 12:13:18:202,-3.9675,-6.78875,"0,26",11,1,"11,22","0,55","37,19","3,32","-15,62"
2026 03 12 12:13:18:204,-3.9675,-6.78875,"0,26",11,1,"11,22","0,55","37,19","3,32","-3,91"
2026 03 12 12:13:18:206,-3.9675,-6.78875,"0,26",11,1,"11,22","0,55","37,19","3,32","3,91"
2026 03 12 12:13:18:208,-3.9675,-6.78875,"0,26",11,1,"11,22","0,55","37,19","3,32","3,91"
2026 03 12 12:13:18:210,-3.9985,-6.78875,"0,26",11,1,"11,22","0,55","37,19","3,32",0
2026 03 12 12:13:18:212,-3.9675,-6.78875,"0,26",11,1,"11,22","0,55","37,19","3,32",0
2026 03 12 12:13:18:214,-3.9675,-6.78875,"0,26",11,1,"11,22","0,55","37,19","3,32","3,91"
2026 03 12 12:13:18:216,-3.9985,-6.70125,"0,26",11,1,"11,22","0,55","37,19","3,32","27,34"
2026 03 12 12:13:18:218,-3.9675,-6.78875,"0,26",11,1,"11,22","0,55","37,19","3,32","19,53"
2026 03 12 12:13:18:220,-3.9675,-6.78875,"0,26",11,1,"11,22","0,55","37,19","3,32","7,81"
2026 03 12 12:13:18:222,-3.9985,-6.70125,"0,26",11,1,"11,22","0,55","37,19","3,32","-15,62"
2026 03 12 12:13:18:224,-3.9675,-6.70125,"0,26",11,1,"11,22","0,55","37,19","3,32","3,91"
2026 03 12 12:13:18:226,-3.9985,-6.70125,"0,26",11,1,"11,22","0,55","37,19","3,32","3,91"
2026 03 12 12:13:18:228,-3.9675,-6.78875,"0,26",11,1,"11,22","0,55","37,19","3,32","3,91"
2026 03 12 12:13:18:230,-3.9675,-6.78875,"0,26",11,1,"11,22","0,55","37,19","3,32","3,91"
2026 03 12 12:13:18:232,-3.9675,-6.78875,"0,26",11,1,"11,22","0,55","37,19","3,32","-3,91"
2026 03 12 12:13:18:234,-3.9334,-6.70125,"0,26",11,1,"11,22","0,55","37,19","3,32",0
2026 03 12 12:13:18:236,-3.9985,-6.87625,"0,26",11,1,"11,23","0,57","37,49","3,34","23,44"
2026 03 12 12:13:18:238,-3.9985,-6.78875,"0,26",11,1,"11,23","0,57","37,49","3,34","11,72"
2026 03 12 12:13:18:240,-3.9334,-6.78875,"0,26",11,1,"11,23","0,57","37,49","3,34","19,53"
2026 03 12 12:13:18:242,-3.9334,-6.78875,"0,26",11,1,"11,23","0,57","37,49","3,34","-23,44"
2026 03 12 12:13:18:244,-3.9675,-6.78875,"0,26",11,1,"11,23","0,57","37,49","3,34",0
2026 03 12 12:13:18:246,-3.9675,-6.87625,"0,26",11,1,"11,23","0,57","37,49","3,34",0
2026 03 12 12:13:18:248,-3.9675,-6.78875,"0,26",11,1,"11,23","0,57","37,49","3,34","-15,62"
2026 03 12 12:13:18:250,-3.9675,-6.78875,"0,26",11,1,"11,23","0,57","37,49","3,34","-11,72"
2026 03 12 12:13:18:252,-3.9675,-6.78875,"0,26",11,1,"11,23","0,57","37,49","3,34","-3,91"
2026 03 12 12:13:18:254,-3.9675,-6.70125,"0,26",11,1,"11,23","0,57","37,49","3,34",0
2026 03 12 12:13:18:256,-3.9985,-6.78875,"0,26",11,1,"11,23","0,57","37,49","3,34","19,53"
2026 03 12 12:13:18:258,-3.9985,-6.78875,"0,26",11,1,"11,23","0,57","37,49","3,34","-7,81"
2026 03 12 12:13:18:260,-3.9334,-6.78875,"0,26",11,1,"11,23","0,57","37,49","3,34","-7,81"
2026 03 12 12:13:18:262,-3.9675,-6.70125,"0,26",11,1,"11,23","0,57","37,49","3,34","-31,25"
2026 03 12 12:13:18:264,-3.9675,-6.70125,"0,26",11,1,"11,23","0,57","37,49","3,34","-3,91"
2026 03 12 12:13:18:266,-3.9675,-6.70125,"0,26",11,1,"11,23","0,57","37,49","3,34",0
2026 03 12 12:13:18:268,-3.9675,-6.78875,"0,26",11,1,"11,23","0,57","37,49","3,34","-15,62"
2026 03 12 12:13:18:270,-3.9675,-6.78875,"0,26",11,1,"11,23","0,57","37,49","3,34",0
2026 03 12 12:13:18:272,-3.9675,-6.70125,"0,26",11,1,"11,23","0,57","37,49","3,34","3,91"
2026 03 12 12:13:18:274,-3.9675,-6.78875,"0,26",11,1,"11,23","0,57","37,49","3,34","-3,91"
2026 03 12 12:13:18:276,-3.9675,-6.70125,"0,26",11,1,"11,23","0,57","37,49","3,34","11,72"
2026 03 12 12:13:18:278,-3.9334,-6.70125,"0,26",11,1,"11,23","0,57","37,49","3,34","3,91"
2026 03 12 12:13:18:280,-3.9985,-6.78875,"0,26",11,1,"11,23","0,57","37,49","3,34","7,81"
2026 03 12 12:13:18:282,-3.9675,-6.78875,"0,26",11,1,"11,23","0,57","37,49","3,34",0
2026 03 12 12:13:18:284,-3.9675,-6.78875,"0,26",11,1,"11,23","0,57","37,49","3,34","-11,72"
2026 03 12 12:13:18:286,-3.9334,-6.78875,"0,26",11,1,"11,23","0,57","37,49","3,34","7,81"
2026 03 12 12:13:18:288,-3.9675,-6.78875,"0,26",11,1,"11,23","0,57","37,49","3,34","11,72"
2026 03 12 12:13:18:290,-3.9675,-6.78875,"0,26",11,1,"11,23","0,57","37,49","3,34","7,81"
2026 03 12 12:13:18:292,-3.9675,-6.78875,"0,26",11,1,"11,23","0,57","37,49","3,34","-11,72"
2026 03 12 12:13:18:294,-3.9675,-6.78875,"0,26",11,1,"11,23","0,57","37,49","3,34","7,81"
2026 03 12 12:13:18:296,-3.9675,-6.87625,"0,26",11,1,"11,23","0,57","37,49","3,34","27,34"
2026 03 12 12:13:18:298,-3.9675,-6.78875,"0,26",11,1,"11,23","0,57","37,49","3,34","27,34"
2026 03 12 12:13:18:300,-3.9675,-6.78875,"0,26",11,1,"11,23","0,57","37,49","3,34",0
2026 03 12 12:13:18:302,-3.9675,-6.78875,"0,26",11,1,"11,23","0,57","37,49","3,34","-23,44"
2026 03 12 12:13:18:304,-3.9675,-6.78875,"0,26",11,1,"11,23","0,57","37,49","3,34","-11,72"
2026 03 12 12:13:18:306,-3.9675,-6.78875,"0,26",11,1,"11,23","0,57","37,49","3,34","7,81"
2026 03 12 12:13:18:308,-3.9675,-6.78875,"0,26",11,1,"11,23","0,57","37,49","3,34","-3,91"
2026 03 12 12:13:18:310,-3.9675,-6.87625,"0,26",11,1,"11,23","0,57","37,49","3,34",0
2026 03 12 12:13:18:312,-3.9334,-6.78875,"0,26",11,1,"11,23","0,57","37,49","3,34","7,81"
2026 03 12 12:13:18:314,-3.9985,-6.78875,"0,26",11,1,"11,23","0,57","37,49","3,34","-15,62"
2026 03 12 12:13:18:316,-3.9675,-6.78875,"0,26",11,1,"11,23","0,57","37,49","3,34","7,81"
2026 03 12 12:13:18:318,-3.9675,-6.78875,"0,26",11,1,"11,23","0,57","37,49","3,34","31,25"
2026 03 12 12:13:18:320,-3.9675,-6.78875,"0,26",11,1,"11,23","0,57","37,49","3,34","7,81"
2026 03 12 12:13:18:322,-3.9675,-6.70125,"0,26",11,1,"11,23","0,57","37,49","3,34","-42,97"
2026 03 12 12:13:18:324,-3.9675,-6.78875,"0,26",11,1,"11,23","0,57","37,49","3,34","-11,72"
2026 03 12 12:13:18:326,-3.9675,-6.70125,"0,26",11,1,"11,23","0,57","37,49","3,34","3,91"
2026 03 12 12:13:18:328,-3.9675,-6.78875,"0,26",11,1,"11,23","0,57","37,49","3,34","-23,44"
2026 03 12 12:13:18:330,-3.9675,-6.87625,"0,26",11,1,"11,23","0,57","37,49","3,34","-3,91"
2026 03 12 12:13:18:332,-3.9675,-6.87625,"0,26",11,1,"11,23","0,57","37,49","3,34","3,91"
2026 03 12 12:13:18:334,-3.9675,-6.78875,"0,26",11,1,"11,23","0,57","37,49","3,34","-27,34"
2026 03 12 12:13:18:336,-3.9675,-6.78875,"0,26",11,1,"11,23","0,57","37,49","3,34","15,63"
2026 03 12 12:13:18:338,-3.9675,-6.78875,"0,26",11,1,"11,23","0,57","37,49","3,34","15,63"
2026 03 12 12:13:18:340,-3.9985,-6.70125,"0,26",11,1,"11,23","0,57","37,49","3,34","23,44"
2026 03 12 12:13:18:342,-3.9675,-6.78875,"0,26",11,1,"11,23","0,57","37,49","3,34","-7,81"
2026 03 12 12:13:18:344,-3.9675,-6.78875,"0,26",11,1,"11,23","0,57","37,49","3,34","-19,53"
2026 03 12 12:13:18:346,-3.9334,-6.78875,"0,26",11,1,"11,23","0,57","37,49","3,34","-27,34"
2026 03 12 12:13:18:348,-3.9985,-6.78875,"0,26",11,1,"11,23","0,57","37,49","3,34","-27,34"
2026 03 12 12:13:18:350,-3.9675,-6.78875,"0,26",11,1,"11,23","0,57","37,49","3,34","-11,72"
2026 03 12 12:13:18:352,-3.9334,-6.70125,"0,26",11,1,"11,23","0,57","37,49","3,34","11,72"
2026 03 12 12:13:18:354,-3.9675,-6.70125,"0,26",11,1,"11,23","0,57","37,49","3,34","11,72"
2026 03 12 12:13:18:356,-3.9675,-6.78875,"0,26",11,1,"11,23","0,57","37,49","3,34","15,63"
2026 03 12 12:13:18:358,-3.9985,-6.78875,"0,26",11,1,"11,23","0,57","37,49","3,34","-7,81"
2026 03 12 12:13:18:360,-3.9985,-6.78875,"0,26",11,1,"11,23","0,57","37,49","3,34","-31,25"
2026 03 12 12:13:18:362,-3.9675,-6.78875,"0,26",11,1,"11,23","0,57","37,49","3,34","-39,06"
2026 03 12 12:13:18:364,-3.9675,-6.78875,"0,26",11,1,"11,23","0,57","37,49","3,34","11,72"
2026 03 12 12:13:18:366,-3.9675,-6.78875,"0,26",11,1,"11,23","0,57","37,49","3,34","-7,81"
2026 03 12 12:13:18:368,-3.9675,-6.78875,"0,26",11,1,"11,23","0,57","37,49","3,34","11,72"
2026 03 12 12:13:18:370,-3.9675,-6.78875,"0,26",11,1,"11,23","0,57","37,49","3,34","-3,91"
2026 03 12 12:13:18:372,-3.9334,-6.78875,"0,26",11,1,"11,23","0,57","37,49","3,34","11,72"
2026 03 12 12:13:18:374,-3.9675,-6.78875,"0,26",11,1,"11,23","0,57","37,49","3,34","3,91"
2026 03 12 12:13:18:376,-3.9675,-6.78875,"0,26",11,1,"11,23","0,57","37,49","3,34","3,91"
2026 03 12 12:13:18:378,-3.9675,-6.78875,"0,26",11,1,"11,23","0,57","37,49","3,34","15,63"
2026 03 12 12:13:18:380,-3.9334,-6.87625,"0,26",11,1,"11,23","0,57","37,49","3,34",0
2026 03 12 12:13:18:382,-3.9675,-6.78875,"0,26",11,1,"11,23","0,57","37,49","3,34","-27,34"
2026 03 12 12:13:18:384,-3.9334,-6.78875,"0,26",11,1,"11,23","0,57","37,49","3,34","-31,25"
2026 03 12 12:13:18:386,-3.9675,-6.78875,"0,26",11,1,"11,23","0,57","37,49","3,34","-7,81"
2026 03 12 12:13:18:388,-3.9675,-6.78875,"0,26",11,1,"11,23","0,57","37,49","3,34","-3,91"
2026 03 12 12:13:18:390,-3.9675,-6.87625,"0,26",11,1,"11,23","0,57","37,49","3,34","11,72"
2026 03 12 12:13:18:392,-3.9675,-6.78875,"0,26",11,1,"11,23","0,57","37,49","3,34",0
2026 03 12 12:13:18:394,-3.9675,-6.78875,"0,26",11,1,"11,23","0,57","37,49","3,34","15,63"
2026 03 12 12:13:18:396,-3.9334,-6.78875,"0,26",11,1,"11,23","0,57","37,49","3,34","15,63"
2026 03 12 12:13:18:398,-3.9675,-6.87625,"0,26",11,1,"11,23","0,57","37,49","3,34","-19,53"
2026 03 12 12:13:18:400,-3.9675,-6.78875,"0,26",11,1,"11,23","0,57","37,49","3,34","-15,62"
2026 03 12 12:13:18:402,-3.9675,-6.78875,"0,26",11,1,"11,23","0,57","37,49","3,34",0
2026 03 12 12:13:18:404,-3.9675,-6.87625,"0,26",11,1,"11,23","0,57","37,49","3,34","15,63"
2026 03 12 12:13:18:406,-3.9675,-6.78875,"0,26",11,1,"11,23","0,57","37,49","3,34","19,53"
2026 03 12 12:13:18:408,-3.9675,-6.87625,"0,26",11,1,"11,23","0,57","37,49","3,34","-23,44"
2026 03 12 12:13:18:410,-3.9675,-6.78875,"0,26",11,1,"11,23","0,57","37,49","3,34","-31,25"
2026 03 12 12:13:18:412,-3.9675,-6.78875,"0,26",11,1,"11,23","0,57","37,49","3,34","-39,06"
2026 03 12 12:13:18:414,-3.9675,-6.78875,"0,26",11,1,"11,23","0,57","37,49","3,34","-46,87"
2026 03 12 12:13:18:416,-3.9675,-6.87625,"0,26",11,1,"11,23","0,57","37,49","3,34","27,34"
2026 03 12 12:13:18:418,-3.9985,-6.78875,"0,26",11,1,"11,23","0,57","37,49","3,34","31,25"
2026 03 12 12:13:18:420,-3.9675,-6.78875,"0,26",11,1,"11,23","0,57","37,49","3,34","23,44"
2026 03 12 12:13:18:422,-3.9675,-6.78875,"0,26",11,1,"11,23","0,57","37,49","3,34",0
2026 03 12 12:13:18:424,-3.9675,-6.78875,"0,26",11,1,"11,23","0,57","37,49","3,34","-39,06"
2026 03 12 12:13:18:426,-3.9675,-6.70125,"0,26",11,1,"11,23","0,57","37,49","3,34","-11,72"
2026 03 12 12:13:18:428,-3.9675,-6.78875,"0,26",11,1,"11,23","0,57","37,49","3,34","-7,81"
2026 03 12 12:13:18:430,-3.9675,-6.78875,"0,26",11,1,"11,23","0,57","37,49","3,34","-11,72"
2026 03 12 12:13:18:432,-3.9675,-6.87625,"0,26",11,1,"11,23","0,57","37,49","3,34","7,81"
2026 03 12 12:13:18:434,-3.9675,-6.78875,"0,26",11,1,"11,23","0,57","37,49","3,34","11,72"
2026 03 12 12:13:18:436,-3.9334,-6.87625,"0,26",11,1,"11,23","0,57","37,49","3,34","3,91"
2026 03 12 12:13:18:438,-3.9675,-6.78875,"0,26",11,1,"11,23","0,57","37,49","3,34","-3,91"
2026 03 12 12:13:18:440,-3.9985,-6.78875,"0,26",11,1,"11,23","0,57","37,49","3,34","-23,44"
2026 03 12 12:13:18:442,-3.9334,-6.78875,"0,26",11,1,"11,23","0,57","37,49","3,34","-31,25"
2026 03 12 12:13:18:444,-3.9675,-6.78875,"0,26",11,1,"11,23","0,57","37,49","3,34","-15,62"
2026 03 12 12:13:18:446,-3.9334,-6.78875,"0,26",11,1,"11,23","0,57","37,49","3,34","-3,91"
2026 03 12 12:13:18:448,-3.9675,-6.78875,"0,26",11,1,"11,23","0,57","37,49","3,34","11,72"
2026 03 12 12:13:18:450,-3.9675,-6.78875,"0,26",11,1,"11,23","0,57","37,49","3,34","-7,81"
2026 03 12 12:13:18:452,-3.9334,-6.78875,"0,26",11,1,"11,23","0,57","37,49","3,34","-11,72"
2026 03 12 12:13:18:454,-3.9675,-6.78875,"0,26",11,1,"11,23","0,57","37,49","3,34","7,81"
2026 03 12 12:13:18:456,-3.9675,-6.78875,"0,26",11,1,"11,23","0,57","37,49","3,34","27,34"
2026 03 12 12:13:18:458,-3.9675,-6.78875,"0,26",11,1,"11,23","0,57","37,49","3,34","46,88"
2026 03 12 12:13:18:460,-3.9675,-6.87625,"0,26",11,1,"11,23","0,57","37,49","3,34","7,81"
2026 03 12 12:13:18:462,-3.9675,-6.78875,"0,26",11,1,"11,23","0,57","37,49","3,34","-42,97"
2026 03 12 12:13:18:464,-3.9675,-6.78875,"0,26",11,1,"11,23","0,57","37,49","3,34","-50,78"
2026 03 12 12:13:18:466,-3.9675,-6.78875,"0,26",11,1,"11,23","0,57","37,49","3,34","-27,34"
2026 03 12 12:13:18:468,-3.9675,-6.78875,"0,26",11,1,"11,23","0,57","37,49","3,34","-11,72"
2026 03 12 12:13:18:470,-3.9675,-6.78875,"0,26",11,1,"11,23","0,57","37,49","3,34","39,06"
2026 03 12 12:13:18:472,-3.9675,-6.78875,"0,26",11,1,"11,23","0,57","37,49","3,34","23,44"
2026 03 12 12:13:18:474,-3.9675,-6.78875,"0,26",11,1,"11,23","0,57","37,49","3,34","19,53"
2026 03 12 12:13:18:476,-3.9675,-6.78875,"0,26",11,1,"11,23","0,57","37,49","3,34","-3,91"
2026 03 12 12:13:18:478,-3.9675,-6.87625,"0,26",11,1,"11,23","0,57","37,49","3,34","-50,78"
2026 03 12 12:13:18:480,-3.9334,-6.70125,"0,26",11,1,"11,23","0,57","37,49","3,34","-54,69"
2026 03 12 12:13:18:482,-3.9675,-6.78875,"0,26",11,1,"11,23","0,57","37,49","3,34","-15,62"
2026 03 12 12:13:18:484,-3.9675,-6.87625,"0,26",11,1,"11,23","0,57","37,49","3,34","23,44"
2026 03 12 12:13:18:486,-3.9675,-6.78875,"0,26",11,1,"11,23","0,57","37,49","3,34","39,06"
2026 03 12 12:13:18:488,-3.9675,-6.70125,"0,26",11,1,"11,23","0,57","37,49","3,34","27,34"
2026 03 12 12:13:18:490,-3.9675,-6.78875,"0,26",11,1,"11,23","0,57","37,49","3,34","-11,72"
2026 03 12 12:13:18:492,-3.9675,-6.78875,"0,26",11,1,"11,23","0,57","37,49","3,34","-42,97"
2026 03 12 12:13:18:494,-3.9675,-6.87625,"0,26",11,1,"11,23","0,57","37,49","3,34","-62,5"
2026 03 12 12:13:18:496,-3.9675,-6.78875,"0,26",11,1,"11,23","0,57","37,49","3,34","-23,44"
2026 03 12 12:13:18:498,-3.9675,-6.78875,"0,26",11,1,"11,23","0,57","37,49","3,34","27,34"
2026 03 12 12:13:18:500,-3.9675,-6.78875,"0,26",11,1,"11,23","0,57","37,49","3,34","46,88"
2026 03 12 12:13:18:502,-3.9675,-6.78875,"0,26",11,1,"11,23","0,57","37,49","3,34","27,34"
2026 03 12 12:13:18:504,-3.9675,-6.78875,"0,26",11,1,"11,23","0,57","37,49","3,34","-15,62"
2026 03 12 12:13:18:506,-3.9985,-6.78875,"0,26",11,1,"11,23","0,57","37,49","3,34","-23,44"
2026 03 12 12:13:18:508,-3.9985,-6.87625,"0,26",11,1,"11,23","0,57","37,49","3,34","-54,69"
2026 03 12 12:13:18:510,-3.9675,-6.70125,"0,26",11,1,"11,23","0,57","37,49","3,34","-7,81"
2026 03 12 12:13:18:512,-3.9675,-6.78875,"0,26",11,1,"11,23","0,57","37,49","3,34","31,25"
2026 03 12 12:13:18:514,-3.9985,-6.70125,"0,26",11,1,"11,23","0,57","37,49","3,34","31,25"
2026 03 12 12:13:18:516,-3.9675,-6.70125,"0,26",11,1,"11,23","0,57","37,49","3,34","27,34"
2026 03 12 12:13:18:518,-3.9675,-6.78875,"0,26",11,1,"11,23","0,57","37,49","3,34","-35,16"
2026 03 12 12:13:18:520,-3.9675,-6.70125,"0,26",11,1,"11,23","0,57","37,49","3,34","-39,06"
2026 03 12 12:13:18:522,-3.9985,-6.78875,"0,26",11,1,"11,23","0,57","37,49","3,34","-11,72"
2026 03 12 12:13:18:524,-3.9675,-6.78875,"0,26",11,1,"11,23","0,57","37,49","3,34","19,53"
2026 03 12 12:13:18:526,-3.9675,-6.78875,"0,26",11,1,"11,23","0,57","37,49","3,34","19,53"
2026 03 12 12:13:18:528,-3.9675,-6.78875,"0,26",11,1,"11,23","0,57","37,49","3,34","3,91"
2026 03 12 12:13:18:530,-3.9675,-6.78875,"0,26",11,1,"11,23","0,57","37,49","3,34","-3,91"
2026 03 12 12:13:18:532,-3.9675,-6.78875,"0,26",11,1,"11,23","0,57","37,49","3,34","-31,25"
2026 03 12 12:13:18:534,-3.9675,-6.87625,"0,26",11,1,"11,23","0,57","37,49","3,34","-23,44"
2026 03 12 12:13:18:536,-3.9675,-6.78875,"0,26",11,1,"12,92","2,99","106,61","8,25","39,06"
2026 03 12 12:13:18:538,-3.9675,-6.78875,"0,26",11,1,"12,92","2,99","106,61","8,25","39,06"
2026 03 12 12:13:18:540,-3.9675,-6.78875,"0,26",11,1,"12,92","2,99","106,61","8,25","23,44"
2026 03 12 12:13:18:542,-3.9675,-6.78875,"0,26",11,1,"12,92","2,99","106,61","8,25","-19,53"
2026 03 12 12:13:18:544,-3.9334,-6.78875,"0,26",11,1,"12,92","2,99","106,61","8,25","-42,97"
2026 03 12 12:13:18:546,-3.9675,-6.87625,"0,26",11,1,"12,92","2,99","106,61","8,25","-42,97"
2026 03 12 12:13:18:548,-3.9675,-6.78875,"0,26",11,1,"12,92","2,99","106,61","8,25","-39,06"
2026 03 12 12:13:18:550,-3.9675,-6.70125,"0,26",11,1,"12,92","2,99","106,61","8,25","-3,91"
2026 03 12 12:13:18:552,-3.9675,-6.78875,"0,26",11,1,"12,92","2,99","106,61","8,25","31,25"
2026 03 12 12:13:18:554,-3.9985,-6.78875,"0,26",11,1,"12,92","2,99","106,61","8,25","74,22"
2026 03 12 12:13:18:556,-3.9675,-6.78875,"0,26",11,1,"12,92","2,99","106,61","8,25","39,06"
2026 03 12 12:13:18:558,-3.9334,-6.70125,"0,26",11,1,"12,92","2,99","106,61","8,25","-15,62"
2026 03 12 12:13:18:560,-3.9985,-6.87625,"0,26",11,1,"12,92","2,99","106,61","8,25","-58,59"
2026 03 12 12:13:18:562,-3.9334,-6.78875,"0,26",11,1,"12,92","2,99","106,61","8,25","-58,59"
2026 03 12 12:13:18:564,-3.9675,-6.78875,"0,26",11,1,"12,92","2,99","106,61","8,25","3,91"
2026 03 12 12:13:18:566,-3.9675,-6.70125,"0,26",11,1,"12,92","2,99","106,61","8,25","58,59"
2026 03 12 12:13:18:568,-3.9334,-6.78875,"0,26",11,1,"12,92","2,99","106,61","8,25","27,34"
2026 03 12 12:13:18:570,-3.9334,-6.78875,"0,26",11,1,"12,92","2,99","106,61","8,25","31,25"
2026 03 12 12:13:18:572,-3.9334,-6.78875,"0,26",11,1,"12,92","2,99","106,61","8,25","-50,78"
2026 03 12 12:13:18:574,-3.9675,-6.70125,"0,26",11,1,"12,92","2,99","106,61","8,25","-54,69"
2026 03 12 12:13:18:576,-3.9334,-6.78875,"0,26",11,1,"12,92","2,99","106,61","8,25","-3,91"
2026 03 12 12:13:18:578,-3.9675,-6.78875,"0,26",11,1,"12,92","2,99","106,61","8,25","23,44"
2026 03 12 12:13:18:580,-3.9985,-6.78875,"0,26",11,1,"12,92","2,99","106,61","8,25","-11,72"
2026 03 12 12:13:18:582,-3.9675,-6.78875,"0,26",11,1,"12,92","2,99","106,61","8,25","3,91"
2026 03 12 12:13:18:584,-3.9675,-6.87625,"0,26",11,1,"12,92","2,99","106,61","8,25","7,81"
2026 03 12 12:13:18:586,-3.9675,-6.78875,"0,26",11,1,"12,92","2,99","106,61","8,25","-15,62"
2026 03 12 12:13:18:588,-3.9334,-6.78875,"0,26",11,1,"12,92","2,99","106,61","8,25","-23,44"
2026 03 12 12:13:18:590,-3.9675,-6.78875,"0,26",11,1,"12,92","2,99","106,61","8,25","35,16"
2026 03 12 12:13:18:592,-3.9675,-6.87625,"0,26",11,1,"12,92","2,99","106,61","8,25","31,25"
2026 03 12 12:13:18:594,-3.9675,-6.78875,"0,26",11,1,"12,92","2,99","106,61","8,25","-7,81"
2026 03 12 12:13:18:596,-3.9675,-6.78875,"0,26",11,1,"12,92","2,99","106,61","8,25","11,72"
2026 03 12 12:13:18:598,-3.9675,-6.70125,"0,26",11,1,"12,92","2,99","106,61","8,25","7,81"
2026 03 12 12:13:18:600,-3.9675,-6.78875,"0,26",11,1,"12,92","2,99","106,61","8,25","-50,78"
2026 03 12 12:13:18:602,-3.9675,-6.78875,"0,26",11,1,"12,92","2,99","106,61","8,25","-39,06"
2026 03 12 12:13:18:604,-3.9334,-6.78875,"0,26",11,1,"12,92","2,99","106,61","8,25","3,91"
2026 03 12 12:13:18:606,-3.9675,-6.78875,"0,26",11,1,"12,92","2,99","106,61","8,25",0
2026 03 12 12:13:18:608,-3.9675,-6.78875,"0,26",11,1,"12,92","2,99","106,61","8,25","27,34"
2026 03 12 12:13:18:610,-3.9985,-6.78875,"0,26",11,1,"12,92","2,99","106,61","8,25",0
2026 03 12 12:13:18:612,-3.9675,-6.78875,"0,26",11,1,"12,92","2,99","106,61","8,25","-19,53"
2026 03 12 12:13:18:614,-3.9675,-6.78875,"0,26",11,1,"12,92","2,99","106,61","8,25","-31,25"
2026 03 12 12:13:18:616,-3.9675,-6.78875,"0,26",11,1,"12,92","2,99","106,61","8,25","35,16"
2026 03 12 12:13:18:618,-3.9985,-6.78875,"0,26",11,1,"12,92","2,99","106,61","8,25","35,16"
2026 03 12 12:13:18:620,-3.9675,-6.78875,"0,26",11,1,"12,92","2,99","106,61","8,25","39,06"
2026 03 12 12:13:18:622,-3.9985,-6.78875,"0,26",11,1,"12,92","2,99","106,61","8,25",0
2026 03 12 12:13:18:624,-3.9675,-6.70125,"0,26",11,1,"12,92","2,99","106,61","8,25","-23,44"
2026 03 12 12:13:18:626,-3.9675,-6.78875,"0,26",11,1,"12,92","2,99","106,61","8,25","-50,78"
2026 03 12 12:13:18:628,-3.9675,-6.78875,"0,26",11,1,"12,92","2,99","106,61","8,25","-42,97"
2026 03 12 12:13:18:630,-3.9334,-6.78875,"0,26",11,1,"12,92","2,99","106,61","8,25","-7,81"
2026 03 12 12:13:18:632,-3.9675,-6.87625,"0,26",11,1,"12,92","2,99","106,61","8,25","27,34"
2026 03 12 12:13:18:634,-3.9675,-6.78875,"0,26",11,1,"12,92","2,99","106,61","8,25","35,16"
2026 03 12 12:13:18:636,-3.9334,-6.78875,"0,26",11,1,"12,92","2,99","106,61","8,25","31,25"
2026 03 12 12:13:18:638,-3.9334,-6.78875,"0,26",11,1,"12,92","2,99","106,61","8,25","-7,81"
2026 03 12 12:13:18:640,-3.9675,-6.78875,"0,26",11,1,"12,92","2,99","106,61","8,25","-50,78"
2026 03 12 12:13:18:642,-3.9675,-6.78875,"0,26",11,1,"12,92","2,99","106,61","8,25","-66,41"
2026 03 12 12:13:18:644,-3.9675,-6.87625,"0,26",11,1,"12,92","2,99","106,61","8,25",0
2026 03 12 12:13:18:646,-3.9675,-6.78875,"0,26",11,1,"12,92","2,99","106,61","8,25","42,97"
2026 03 12 12:13:18:648,-3.9675,-6.78875,"0,26",11,1,"12,92","2,99","106,61","8,25","27,34"
2026 03 12 12:13:18:650,-3.9985,-6.78875,"0,26",11,1,"12,92","2,99","106,61","8,25","35,16"
2026 03 12 12:13:18:652,-3.9675,-6.78875,"0,26",11,1,"12,92","2,99","106,61","8,25","15,63"
2026 03 12 12:13:18:654,-3.9675,-6.78875,"0,26",11,1,"12,92","2,99","106,61","8,25","-39,06"
2026 03 12 12:13:18:656,-3.9675,-6.78875,"0,26",11,1,"12,92","2,99","106,61","8,25",0
2026 03 12 12:13:18:658,-3.9675,-6.78875,"0,26",11,1,"12,92","2,99","106,61","8,25","-7,81"
2026 03 12 12:13:18:660,-3.9675,-6.78875,"0,26",11,1,"12,92","2,99","106,61","8,25",0
2026 03 12 12:13:18:662,-3.9675,-6.70125,"0,26",11,1,"12,92","2,99","106,61","8,25","27,34"
2026 03 12 12:13:18:664,-3.9675,-6.78875,"0,26",11,1,"12,92","2,99","106,61","8,25","15,63"
2026 03 12 12:13:18:666,-3.9675,-6.70125,"0,26",11,1,"12,92","2,99","106,61","8,25","-3,91"
2026 03 12 12:13:18:668,-3.9675,-6.78875,"0,26",11,1,"12,92","2,99","106,61","8,25","-15,62"
2026 03 12 12:13:18:670,-3.9675,-6.70125,"0,26",11,1,"12,92","2,99","106,61","8,25","-3,91"
2026 03 12 12:13:18:672,-3.9675,-6.78875,"0,26",11,1,"12,92","2,99","106,61","8,25","19,53"
2026 03 12 12:13:18:674,-3.9675,-6.78875,"0,26",11,1,"12,92","2,99","106,61","8,25","-3,91"
2026 03 12 12:13:18:676,-3.9675,-6.78875,"0,26",11,1,"12,92","2,99","106,61","8,25","66,41"
2026 03 12 12:13:18:678,-3.9675,-6.78875,"0,26",11,1,"12,92","2,99","106,61","8,25","15,63"
2026 03 12 12:13:18:680,-3.9675,-6.78875,"0,26",11,1,"12,92","2,99","106,61","8,25","-46,87"
2026 03 12 12:13:18:682,-3.9334,-6.78875,"0,26",11,1,"12,92","2,99","106,61","8,25","-23,44"
2026 03 12 12:13:18:684,-3.9675,-6.78875,"0,26",11,1,"12,92","2,99","106,61","8,25","19,53"
2026 03 12 12:13:18:686,-3.9675,-6.78875,"0,26",11,1,"12,92","2,99","106,61","8,25","-19,53"
2026 03 12 12:13:18:688,-3.9675,-6.78875,"0,26",11,1,"12,92","2,99","106,61","8,25","23,44"
2026 03 12 12:13:18:690,-3.9675,-6.87625,"0,26",11,1,"12,92","2,99","106,61","8,25","19,53"
2026 03 12 12:13:18:692,-3.9675,-6.70125,"0,26",11,1,"12,92","2,99","106,61","8,25","7,81"
2026 03 12 12:13:18:694,-3.9675,-6.70125,"0,26",11,1,"12,92","2,99","106,61","8,25","-42,97"
2026 03 12 12:13:18:696,-3.9985,-6.70125,"0,26",11,1,"12,92","2,99","106,61","8,25","11,72"
2026 03 12 12:13:18:698,-3.9675,-6.78875,"0,26",11,1,"12,92","2,99","106,61","8,25","31,25"
2026 03 12 12:13:18:700,-3.9675,-6.78875,"0,26",11,1,"12,92","2,99","106,61","8,25","42,97"
2026 03 12 12:13:18:702,-3.9675,-6.87625,"0,26",11,1,"12,92","2,99","106,61","8,25","-23,44"
2026 03 12 12:13:18:704,-3.9985,-6.78875,"0,26",11,1,"12,92","2,99","106,61","8,25","7,81"
2026 03 12 12:13:18:706,-3.9675,-6.78875,"0,26",11,1,"12,92","2,99","106,61","8,25","-42,97"
2026 03 12 12:13:18:708,-3.9985,-6.78875,"0,26",11,1,"12,92","2,99","106,61","8,25","-54,69"
2026 03 12 12:13:18:710,-3.9675,-6.78875,"0,26",11,1,"12,92","2,99","106,61","8,25","-23,44"
2026 03 12 12:13:18:712,-3.9675,-6.87625,"0,26",11,1,"12,92","2,99","106,61","8,25","23,44"
2026 03 12 12:13:18:714,-3.9985,-6.78875,"0,26",11,1,"12,92","2,99","106,61","8,25","23,44"
2026 03 12 12:13:18:716,-3.9334,-6.78875,"0,26",11,1,"12,92","2,99","106,61","8,25","54,69"
2026 03 12 12:13:18:718,-3.9675,-6.87625,"0,26",11,1,"12,92","2,99","106,61","8,25","46,88"
2026 03 12 12:13:18:720,-3.9675,-6.78875,"0,26",11,1,"12,92","2,99","106,61","8,25","-7,81"
2026 03 12 12:13:18:722,-3.9985,-6.78875,"0,26",11,1,"12,92","2,99","106,61","8,25","-70,31"
2026 03 12 12:13:18:724,-3.9675,-6.70125,"0,26",11,1,"12,92","2,99","106,61","8,25","-19,53"
2026 03 12 12:13:18:726,-3.9675,-6.78875,"0,26",11,1,"12,92","2,99","106,61","8,25","19,53"
2026 03 12 12:13:18:728,-3.9675,-6.78875,"0,26",11,1,"12,92","2,99","106,61","8,25","-7,81"
2026 03 12 12:13:18:730,-3.9675,-6.70125,"0,26",11,1,"12,92","2,99","106,61","8,25","42,97"
2026 03 12 12:13:18:732,-3.9675,-6.70125,"0,26",11,1,"12,92","2,99","106,61","8,25","15,63"
2026 03 12 12:13:18:734,-3.9985,-6.78875,"0,26",11,1,"12,92","2,99","106,61","8,25","-46,87"
2026 03 12 12:13:18:736,-3.9675,-6.78875,"0,26",11,1,"12,92","2,99","106,61","8,25","11,72"
2026 03 12 12:13:18:738,-3.9675,-6.78875,"0,26",11,1,"12,92","2,99","106,61","8,25",0
2026 03 12 12:13:18:740,-3.9675,-6.78875,"0,26",11,1,"12,92","2,99","106,61","8,25","-15,62"
2026 03 12 12:13:18:742,-3.9675,-6.78875,"0,26",11,1,"12,92","2,99","106,61","8,25","-31,25"
2026 03 12 12:13:18:744,-3.9675,-6.78875,"0,26",11,1,"12,92","2,99","106,61","8,25","27,34"
2026 03 12 12:13:18:746,-3.9675,-6.78875,"0,26",11,1,"12,92","2,99","106,61","8,25","35,16"
2026 03 12 12:13:18:748,-3.9675,-6.87625,"0,26",11,1,"12,92","2,99","106,61","8,25","7,81"
2026 03 12 12:13:18:750,-3.9985,-6.78875,"0,26",11,1,"12,92","2,99","106,61","8,25","35,16"
2026 03 12 12:13:18:752,-3.9675,-6.78875,"0,26",11,1,"12,92","2,99","106,61","8,25","42,97"
2026 03 12 12:13:18:754,-3.9675,-6.78875,"0,26",11,1,"12,92","2,99","106,61","8,25","7,81"
2026 03 12 12:13:18:756,-3.9675,-6.70125,"0,26",11,1,"12,92","2,99","106,61","8,25","15,63"
2026 03 12 12:13:18:758,-3.9675,-6.78875,"0,26",11,1,"12,92","2,99","106,61","8,25","3,91"
2026 03 12 12:13:18:760,-3.9675,-6.78875,"0,26",11,1,"12,92","2,99","106,61","8,25","-31,25"
2026 03 12 12:13:18:762,-3.9675,-6.78875,"0,26",11,1,"12,92","2,99","106,61","8,25","-27,34"
2026 03 12 12:13:18:764,-3.9675,-6.70125,"0,26",11,1,"12,92","2,99","106,61","8,25","-27,34"
2026 03 12 12:13:18:766,-3.9675,-6.70125,"0,26",11,1,"12,92","2,99","106,61","8,25","19,53"
2026 03 12 12:13:18:768,-3.9675,-6.78875,"0,26",11,1,"12,92","2,99","106,61","8,25","7,81"
2026 03 12 12:13:18:770,-3.9985,-6.87625,"0,26",11,1,"12,92","2,99","106,61","8,25","19,53"
2026 03 12 12:13:18:772,-3.9675,-6.78875,"0,26",11,1,"12,92","2,99","106,61","8,25","-7,81"
2026 03 12 12:13:18:774,-3.9675,-6.70125,"0,26",11,1,"12,92","2,99","106,61","8,25","-27,34"
2026 03 12 12:13:18:776,-3.9675,-6.78875,"0,26",11,1,"12,92","2,99","106,61","8,25","-3,91"
2026 03 12 12:13:18:778,-3.9675,-6.78875,"0,26",11,1,"12,92","2,99","106,61","8,25","27,34"
2026 03 12 12:13:18:780,-3.9675,-6.78875,"0,26",11,1,"12,92","2,99","106,61","8,25","35,16"
2026 03 12 12:13:18:782,-3.9675,-6.70125,"0,26",11,1,"12,92","2,99","106,61","8,25","42,97"
2026 03 12 12:13:18:784,-3.9334,-6.78875,"0,26",11,1,"12,92","2,99","106,61","8,25","39,06"
2026 03 12 12:13:18:786,-3.9675,-6.78875,"0,26",11,1,"12,92","2,99","106,61","8,25","-23,44"
2026 03 12 12:13:18:788,-3.9985,-6.87625,"0,26",11,1,"12,92","2,99","106,61","8,25","-27,34"
2026 03 12 12:13:18:790,-3.9675,-6.78875,"0,26",11,1,"12,92","2,99","106,61","8,25","-31,25"
2026 03 12 12:13:18:792,-3.9985,-6.78875,"0,26",11,1,"12,92","2,99","106,61","8,25","-27,34"
2026 03 12 12:13:18:794,-3.9675,-6.78875,"0,26",11,1,"12,92","2,99","106,61","8,25",0
2026 03 12 12:13:18:796,-3.9675,-6.78875,"0,26",11,1,"12,92","2,99","106,61","8,25","58,59"
2026 03 12 12:13:18:798,-3.9675,-6.78875,"0,26",11,1,"12,92","2,99","106,61","8,25","35,16"
2026 03 12 12:13:18:800,-3.9985,-6.78875,"0,26",11,1,"12,92","2,99","106,61","8,25","27,34"
2026 03 12 12:13:18:802,-3.9334,-6.70125,"0,26",11,1,"12,92","2,99","106,61","8,25","-23,44"
2026 03 12 12:13:18:804,-3.9334,-6.78875,"0,26",11,1,"12,92","2,99","106,61","8,25","-46,87"
2026 03 12 12:13:18:806,-3.9334,-6.78875,"0,26",11,1,"12,92","2,99","106,61","8,25","-11,72"
2026 03 12 12:13:18:808,-3.9675,-6.70125,"0,26",11,1,"12,92","2,99","106,61","8,25","15,63"
2026 03 12 12:13:18:810,-3.9675,-6.78875,"0,26",11,1,"12,92","2,99","106,61","8,25","50,78"
2026 03 12 12:13:18:812,-3.9675,-6.78875,"0,26",11,1,"12,92","2,99","106,61","8,25","62,5"
2026 03 12 12:13:18:814,-3.9334,-6.78875,"0,26",11,1,"12,92","2,99","106,61","8,25","11,72"
2026 03 12 12:13:18:816,-3.9675,-6.78875,"0,26",11,1,"12,92","2,99","106,61","8,25","19,53"
2026 03 12 12:13:18:818,-3.9675,-6.78875,"0,26",11,1,"12,92","2,99","106,61","8,25","-3,91"
2026 03 12 12:13:18:820,-3.9675,-6.70125,"0,26",11,1,"12,92","2,99","106,61","8,25","-31,25"
2026 03 12 12:13:18:822,-3.9675,-6.78875,"0,26",11,1,"12,92","2,99","106,61","8,25","-27,34"
2026 03 12 12:13:18:824,-3.9675,-6.70125,"0,26",11,1,"12,92","2,99","106,61","8,25","-7,81"
2026 03 12 12:13:18:826,-3.9675,-6.87625,"0,26",11,1,"12,92","2,99","106,61","8,25","39,06"
2026 03 12 12:13:18:828,-3.9675,-6.78875,"0,26",11,1,"12,92","2,99","106,61","8,25","31,25"
2026 03 12 12:13:18:830,-3.9675,-6.70125,"0,26",11,1,"12,92","2,99","106,61","8,25",0
2026 03 12 12:13:18:832,-3.9334,-6.78875,"0,26",11,1,"12,92","2,99","106,61","8,25","27,34"
2026 03 12 12:13:18:834,-3.9675,-6.78875,"0,26",11,1,"12,92","2,99","106,61","8,25","15,63"
2026 03 12 12:13:18:836,-3.9675,-6.78875,"0,27",18,2,"22,71","1,68","110,24","4,86","-27,34"
2026 03 12 12:13:18:838,-3.9675,-6.78875,"0,27",18,2,"22,71","1,68","110,24","4,86","27,34"
2026 03 12 12:13:18:840,-3.9675,-6.87625,"0,27",18,2,"22,71","1,68","110,24","4,86","-11,72"
2026 03 12 12:13:18:842,-3.9675,-6.78875,"0,27",18,2,"22,71","1,68","110,24","4,86","-11,72"
2026 03 12 12:13:18:844,-3.9675,-6.78875,"0,27",18,2,"22,71","1,68","110,24","4,86","-15,62"
2026 03 12 12:13:18:846,-3.9675,-6.87625,"0,27",18,2,"22,71","1,68","110,24","4,86","50,78"
2026 03 12 12:13:18:848,-3.9334,-6.87625,"0,27",18,2,"22,71","1,68","110,24","4,86","-7,81"
2026 03 12 12:13:18:850,-3.9675,-6.78875,"0,27",18,2,"22,71","1,68","110,24","4,86","3,91"
2026 03 12 12:13:18:852,-3.9675,-6.78875,"0,27",18,2,"22,71","1,68","110,24","4,86","19,53"
2026 03 12 12:13:18:854,-3.9985,-6.87625,"0,27",18,2,"22,71","1,68","110,24","4,86","15,63"
2026 03 12 12:13:18:856,-3.9985,-6.70125,"0,27",18,2,"22,71","1,68","110,24","4,86","-11,72"
2026 03 12 12:13:18:858,-3.9675,-6.70125,"0,27",18,2,"22,71","1,68","110,24","4,86","19,53"
2026 03 12 12:13:18:860,-3.9675,-6.78875,"0,27",18,2,"22,71","1,68","110,24","4,86","42,97"
2026 03 12 12:13:18:862,-3.9675,-6.78875,"0,27",18,2,"22,71","1,68","110,24","4,86","-7,81"
2026 03 12 12:13:18:864,-3.9985,-6.78875,"0,27",18,2,"22,71","1,68","110,24","4,86","-3,91"
2026 03 12 12:13:18:866,-3.9334,-6.78875,"0,27",18,2,"22,71","1,68","110,24","4,86","50,78"
2026 03 12 12:13:18:868,-3.9985,-6.78875,"0,27",18,2,"22,71","1,68","110,24","4,86","-35,16"
2026 03 12 12:13:18:870,-3.9675,-6.78875,"0,27",18,2,"22,71","1,68","110,24","4,86","-35,16"
2026 03 12 12:13:18:872,-3.9334,-6.70125,"0,27",18,2,"22,71","1,68","110,24","4,86",0
2026 03 12 12:13:18:874,-3.9675,-6.78875,"0,27",18,2,"22,71","1,68","110,24","4,86","35,16"
2026 03 12 12:13:18:876,-3.9675,-6.70125,"0,27",18,2,"22,71","1,68","110,24","4,86","35,16"
2026 03 12 12:13:18:878,-3.9675,-6.78875,"0,27",18,2,"22,71","1,68","110,24","4,86","85,94"
2026 03 12 12:13:18:880,-3.9675,-6.70125,"0,27",18,2,"22,71","1,68","110,24","4,86","82,03"
2026 03 12 12:13:18:882,-3.9334,-6.87625,"0,27",18,2,"22,71","1,68","110,24","4,86","-15,62"
2026 03 12 12:13:18:884,-3.9675,-6.78875,"0,27",18,2,"22,71","1,68","110,24","4,86","-27,34"
2026 03 12 12:13:18:886,-3.9675,-6.78875,"0,27",18,2,"22,71","1,68","110,24","4,86","19,53"
2026 03 12 12:13:18:888,-3.9985,-6.78875,"0,27",18,2,"22,71","1,68","110,24","4,86","3,91"
2026 03 12 12:13:18:890,-3.9675,-6.78875,"0,27",18,2,"22,71","1,68","110,24","4,86",0
2026 03 12 12:13:18:892,-3.9675,-6.78875,"0,27",18,2,"22,71","1,68","110,24","4,86","46,88"
2026 03 12 12:13:18:894,-3.9675,-6.87625,"0,27",18,2,"22,71","1,68","110,24","4,86","50,78"
2026 03 12 12:13:18:896,-3.9675,-6.78875,"0,27",18,2,"22,71","1,68","110,24","4,86","7,81"
2026 03 12 12:13:18:898,-3.9675,-6.78875,"0,27",18,2,"22,71","1,68","110,24","4,86","3,91"
2026 03 12 12:13:18:900,-3.9675,-6.78875,"0,27",18,2,"22,71","1,68","110,24","4,86","27,34"
2026 03 12 12:13:18:902,-3.9675,-6.87625,"0,27",18,2,"22,71","1,68","110,24","4,86","-74,22"
2026 03 12 12:13:18:904,-3.9334,-6.87625,"0,27",18,2,"22,71","1,68","110,24","4,86","-27,34"
2026 03 12 12:13:18:906,-3.9675,-6.78875,"0,27",18,2,"22,71","1,68","110,24","4,86","31,25"
2026 03 12 12:13:18:908,-3.9675,-6.78875,"0,27",18,2,"22,71","1,68","110,24","4,86","7,81"
2026 03 12 12:13:18:910,-3.9675,-6.78875,"0,27",18,2,"22,71","1,68","110,24","4,86","19,53"
2026 03 12 12:13:18:912,-3.9675,-6.78875,"0,27",18,2,"22,71","1,68","110,24","4,86","62,5"
2026 03 12 12:13:18:914,-3.9334,-6.78875,"0,27",18,2,"22,71","1,68","110,24","4,86","66,41"
2026 03 12 12:13:18:916,-3.9985,-6.78875,"0,27",18,2,"22,71","1,68","110,24","4,86","19,53"
2026 03 12 12:13:18:918,-3.9675,-6.78875,"0,27",18,2,"22,71","1,68","110,24","4,86","19,53"
2026 03 12 12:13:18:920,-3.9675,-6.78875,"0,27",18,2,"22,71","1,68","110,24","4,86","-3,91"
2026 03 12 12:13:18:922,-3.9334,-6.70125,"0,27",18,2,"22,71","1,68","110,24","4,86","-74,22"
2026 03 12 12:13:18:924,-3.9334,-6.78875,"0,27",18,2,"22,71","1,68","110,24","4,86","-15,62"
2026 03 12 12:13:18:926,-3.9675,-6.78875,"0,27",18,2,"22,71","1,68","110,24","4,86","27,34"
2026 03 12 12:13:18:928,-3.9334,-6.78875,"0,27",18,2,"22,71","1,68","110,24","4,86","7,81"
2026 03 12 12:13:18:930,-3.9985,-6.87625,"0,27",18,2,"22,71","1,68","110,24","4,86","27,34"
2026 03 12 12:13:18:932,-3.9985,-6.78875,"0,27",18,2,"22,71","1,68","110,24","4,86","70,31"
2026 03 12 12:13:18:934,-3.9334,-6.87625,"0,27",18,2,"22,71","1,68","110,24","4,86",0
2026 03 12 12:13:18:936,-3.9334,-6.78875,"0,27",18,2,"22,71","1,68","110,24","4,86","-35,16"
2026 03 12 12:13:18:938,-3.9675,-6.78875,"0,27",18,2,"22,71","1,68","110,24","4,86","3,91"
2026 03 12 12:13:18:940,-3.9675,-6.78875,"0,27",18,2,"22,71","1,68","110,24","4,86","46,88"
2026 03 12 12:13:18:942,-3.9985,-6.78875,"0,27",18,2,"22,71","1,68","110,24","4,86","15,63"
2026 03 12 12:13:18:944,-3.9675,-6.78875,"0,27",18,2,"22,71","1,68","110,24","4,86","74,22"
2026 03 12 12:13:18:946,-3.9675,-6.78875,"0,27",18,2,"22,71","1,68","110,24","4,86","74,22"
2026 03 12 12:13:18:948,-3.9675,-6.87625,"0,27",18,2,"22,71","1,68","110,24","4,86","7,81"
2026 03 12 12:13:18:950,-3.9675,-6.78875,"0,27",18,2,"22,71","1,68","110,24","4,86","-50,78"
2026 03 12 12:13:18:952,-3.9675,-6.78875,"0,27",18,2,"22,71","1,68","110,24","4,86","-3,91"
2026 03 12 12:13:18:954,-3.9675,-6.78875,"0,27",18,2,"22,71","1,68","110,24","4,86","-11,72"
2026 03 12 12:13:18:956,-3.9675,-6.78875,"0,27",18,2,"22,71","1,68","110,24","4,86","7,81"
2026 03 12 12:13:18:958,-3.9675,-6.78875,"0,27",18,2,"22,71","1,68","110,24","4,86","78,13"
2026 03 12 12:13:18:960,-3.9985,-6.78875,"0,27",18,2,"22,71","1,68","110,24","4,86","58,59"
2026 03 12 12:13:18:962,-3.9675,-6.78875,"0,27",18,2,"22,71","1,68","110,24","4,86","-3,91"
2026 03 12 12:13:18:964,-3.9675,-6.70125,"0,27",18,2,"22,71","1,68","110,24","4,86","-7,81"
2026 03 12 12:13:18:966,-3.9675,-6.70125,"0,27",18,2,"22,71","1,68","110,24","4,86","7,81"
2026 03 12 12:13:18:968,-3.9675,-6.87625,"0,27",18,2,"22,71","1,68","110,24","4,86","-3,91"
2026 03 12 12:13:18:970,-3.9334,-6.78875,"0,27",18,2,"22,71","1,68","110,24","4,86","-31,25"
2026 03 12 12:13:18:972,-3.9675,-6.78875,"0,27",18,2,"22,71","1,68","110,24","4,86","62,5"
2026 03 12 12:13:18:974,-3.9675,-6.70125,"0,27",18,2,"22,71","1,68","110,24","4,86","70,31"
2026 03 12 12:13:18:976,-3.9675,-6.78875,"0,27",18,2,"22,71","1,68","110,24","4,86","39,06"
2026 03 12 12:13:18:978,-3.9675,-6.78875,"0,27",18,2,"22,71","1,68","110,24","4,86","50,78"
2026 03 12 12:13:18:980,-3.9675,-6.70125,"0,27",18,2,"22,71","1,68","110,24","4,86","54,69"
2026 03 12 12:13:18:982,-3.9985,-6.78875,"0,27",18,2,"22,71","1,68","110,24","4,86","-39,06"
2026 03 12 12:13:18:984,-3.9675,-6.70125,"0,27",18,2,"22,71","1,68","110,24","4,86","-15,62"
2026 03 12 12:13:18:986,-3.9675,-6.78875,"0,27",18,2,"22,71","1,68","110,24","4,86","31,25"
2026 03 12 12:13:18:988,-3.9675,-6.78875,"0,27",18,2,"22,71","1,68","110,24","4,86",0
2026 03 12 12:13:18:990,-3.9675,-6.87625,"0,27",18,2,"22,71","1,68","110,24","4,86",0
2026 03 12 12:13:18:992,-3.9675,-6.78875,"0,27",18,2,"22,71","1,68","110,24","4,86","62,5"
2026 03 12 12:13:18:994,-3.9675,-6.87625,"0,27",18,2,"22,71","1,68","110,24","4,86","46,88"
2026 03 12 12:13:18:996,-3.9675,-6.87625,"0,27",18,2,"22,71","1,68","110,24","4,86","31,25"
2026 03 12 12:13:18:998,-3.9334,-6.78875,"0,27",18,2,"22,71","1,68","110,24","4,86","39,06"
2026 03 12 12:13:19:000,-3.9675,-6.78875,"0,27",18,2,"22,71","1,68","110,24","4,86","19,53"
2026 03 12 12:13:19:002,-3.9675,-6.87625,"0,27",18,2,"22,71","1,68","110,24","4,86","-54,69"
2026 03 12 12:13:19:004,-3.9675,-6.78875,"0,27",18,2,"22,71","1,68","110,24","4,86","-39,06"
2026 03 12 12:13:19:006,-3.9675,-6.78875,"0,27",18,2,"22,71","1,68","110,24","4,86","46,88"
2026 03 12 12:13:19:008,-3.9675,-6.70125,"0,27",18,2,"22,71","1,68","110,24","4,86","66,41"
2026 03 12 12:13:19:010,-3.9675,-6.70125,"0,27",18,2,"22,71","1,68","110,24","4,86","15,63"
2026 03 12 12:13:19:012,-3.9985,-6.78875,"0,27",18,2,"22,71","1,68","110,24","4,86","74,22"
2026 03 12 12:13:19:014,-3.9675,-6.78875,"0,27",18,2,"22,71","1,68","110,24","4,86","42,97"
2026 03 12 12:13:19:016,-3.9334,-6.78875,"0,27",18,2,"22,71","1,68","110,24","4,86","-7,81"
2026 03 12 12:13:19:018,-3.9985,-6.78875,"0,27",18,2,"22,71","1,68","110,24","4,86","-23,44"
2026 03 12 12:13:19:020,-3.9675,-6.78875,"0,27",18,2,"22,71","1,68","110,24","4,86","27,34"
2026 03 12 12:13:19:022,-3.9675,-6.78875,"0,27",18,2,"22,71","1,68","110,24","4,86","19,53"
2026 03 12 12:13:19:024,-3.9334,-6.78875,"0,27",18,2,"22,71","1,68","110,24","4,86","-7,81"
2026 03 12 12:13:19:026,-3.9675,-6.87625,"0,27",18,2,"22,71","1,68","110,24","4,86","66,41"
2026 03 12 12:13:19:028,-3.9675,-6.78875,"0,27",18,2,"22,71","1,68","110,24","4,86","31,25"
2026 03 12 12:13:19:030,-3.9675,-6.78875,"0,27",18,2,"22,71","1,68","110,24","4,86","-27,34"
2026 03 12 12:13:19:032,-3.9675,-6.87625,"0,27",18,2,"22,71","1,68","110,24","4,86","-19,53"
2026 03 12 12:13:19:034,-3.9675,-6.78875,"0,27",18,2,"22,71","1,68","110,24","4,86","19,53"
2026 03 12 12:13:19:036,-3.9675,-6.70125,"0,27",18,2,"22,71","1,68","110,24","4,86",0
2026 03 12 12:13:19:038,-3.9985,-6.78875,"0,27",18,2,"22,71","1,68","110,24","4,86","50,78"
2026 03 12 12:13:19:040,-3.9334,-6.87625,"0,27",18,2,"22,71","1,68","110,24","4,86","101,56"
2026 03 12 12:13:19:042,-3.9675,-6.78875,"0,27",18,2,"22,71","1,68","110,24","4,86","70,31"
2026 03 12 12:13:19:044,-3.9675,-6.78875,"0,27",18,2,"22,71","1,68","110,24","4,86","11,72"
2026 03 12 12:13:19:046,-3.9675,-6.78875,"0,27",18,2,"22,71","1,68","110,24","4,86","54,69"
2026 03 12 12:13:19:048,-3.9334,-6.87625,"0,27",18,2,"22,71","1,68","110,24","4,86","27,34"
2026 03 12 12:13:19:050,-3.9675,-6.78875,"0,27",18,2,"22,71","1,68","110,24","4,86","-31,25"
2026 03 12 12:13:19:052,-3.9675,-6.78875,"0,27",18,2,"22,71","1,68","110,24","4,86","7,81"
2026 03 12 12:13:19:054,-3.9675,-6.78875,"0,27",18,2,"22,71","1,68","110,24","4,86","50,78"
2026 03 12 12:13:19:056,-3.9675,-6.78875,"0,27",18,2,"22,71","1,68","110,24","4,86","27,34"
2026 03 12 12:13:19:058,-3.9675,-6.78875,"0,27",18,2,"22,71","1,68","110,24","4,86","-3,91"
2026 03 12 12:13:19:060,-3.9675,-6.78875,"0,27",18,2,"22,71","1,68","110,24","4,86","39,06"
2026 03 12 12:13:19:062,-3.9675,-6.78875,"0,27",18,2,"22,71","1,68","110,24","4,86",0
2026 03 12 12:13:19:064,-3.9675,-6.78875,"0,27",18,2,"22,71","1,68","110,24","4,86","-50,78"
2026 03 12 12:13:19:066,-3.9675,-6.78875,"0,27",18,2,"22,71","1,68","110,24","4,86","27,34"
2026 03 12 12:13:19:068,-3.9675,-6.78875,"0,27",18,2,"22,71","1,68","110,24","4,86","23,44"
2026 03 12 12:13:19:070,-3.9675,-6.78875,"0,27",18,2,"22,71","1,68","110,24","4,86","-7,81"
2026 03 12 12:13:19:072,-3.9675,-6.78875,"0,27",18,2,"22,71","1,68","110,24","4,86","70,31"
2026 03 12 12:13:19:074,-3.9675,-6.78875,"0,27",18,2,"22,71","1,68","110,24","4,86","93,75"
2026 03 12 12:13:19:076,-3.9985,-6.78875,"0,27",18,2,"22,71","1,68","110,24","4,86","70,31"
2026 03 12 12:13:19:078,-3.9675,-6.78875,"0,27",18,2,"22,71","1,68","110,24","4,86","35,16"
2026 03 12 12:13:19:080,-3.9675,-6.87625,"0,27",18,2,"22,71","1,68","110,24","4,86","35,16"
2026 03 12 12:13:19:082,-3.9675,-6.78875,"0,27",18,2,"22,71","1,68","110,24","4,86","-27,34"
2026 03 12 12:13:19:084,-3.9675,-6.78875,"0,27",18,2,"22,71","1,68","110,24","4,86","-97,66"
2026 03 12 12:13:19:086,-3.9675,-6.78875,"0,27",18,2,"22,71","1,68","110,24","4,86","23,44"
2026 03 12 12:13:19:088,-3.9985,-6.87625,"0,27",18,2,"22,71","1,68","110,24","4,86","27,34"
2026 03 12 12:13:19:090,-3.9334,-6.78875,"0,27",18,2,"22,71","1,68","110,24","4,86","11,72"
2026 03 12 12:13:19:092,-3.9675,-6.78875,"0,27",18,2,"22,71","1,68","110,24","4,86","78,13"
2026 03 12 12:13:19:094,-3.9985,-6.87625,"0,27",18,2,"22,71","1,68","110,24","4,86","109,38"
2026 03 12 12:13:19:096,-3.9675,-6.78875,"0,27",18,2,"22,71","1,68","110,24","4,86","19,53"
2026 03 12 12:13:19:098,-3.9675,-6.70125,"0,27",18,2,"22,71","1,68","110,24","4,86",0
2026 03 12 12:13:19:100,-3.9985,-6.78875,"0,27",18,2,"22,71","1,68","110,24","4,86","11,72"
2026 03 12 12:13:19:102,-3.9675,-6.87625,"0,27",18,2,"22,71","1,68","110,24","4,86","-11,72"
2026 03 12 12:13:19:104,-3.9675,-6.78875,"0,27",18,2,"22,71","1,68","110,24","4,86","23,44"
2026 03 12 12:13:19:106,-3.9675,-6.78875,"0,27",18,2,"22,71","1,68","110,24","4,86","78,13"
2026 03 12 12:13:19:108,-3.9675,-6.78875,"0,27",18,2,"22,71","1,68","110,24","4,86","109,38"
2026 03 12 12:13:19:110,-3.9675,-6.70125,"0,27",18,2,"22,71","1,68","110,24","4,86","3,91"
2026 03 12 12:13:19:112,-3.9334,-6.78875,"0,27",18,2,"22,71","1,68","110,24","4,86","11,72"
2026 03 12 12:13:19:114,-3.9675,-6.78875,"0,27",18,2,"22,71","1,68","110,24","4,86","35,16"
2026 03 12 12:13:19:116,-3.9334,-6.78875,"0,27",18,2,"22,71","1,68","110,24","4,86","-23,44"
2026 03 12 12:13:19:118,-3.9985,-6.78875,"0,27",18,2,"22,71","1,68","110,24","4,86","-19,53"
2026 03 12 12:13:19:120,-3.9675,-6.87625,"0,27",18,2,"22,71","1,68","110,24","4,86","74,22"
2026 03 12 12:13:19:122,-3.9675,-6.78875,"0,27",18,2,"22,71","1,68","110,24","4,86","39,06"
2026 03 12 12:13:19:124,-3.9334,-6.78875,"0,27",18,2,"22,71","1,68","110,24","4,86","3,91"
2026 03 12 12:13:19:126,-3.9675,-6.78875,"0,27",18,2,"22,71","1,68","110,24","4,86","74,22"
2026 03 12 12:13:19:128,-3.9675,-6.78875,"0,27",18,2,"22,71","1,68","110,24","4,86","66,41"
2026 03 12 12:13:19:130,-3.9675,-6.78875,"0,27",18,2,"22,71","1,68","110,24","4,86","-19,53"
2026 03 12 12:13:19:132,-3.9675,-6.70125,"0,27",18,2,"22,71","1,68","110,24","4,86","-3,91"
2026 03 12 12:13:19:134,-3.9985,-6.70125,"0,27",18,2,"22,71","1,68","110,24","4,86","54,69"
2026 03 12 12:13:19:136,-3.9334,-6.87625,"0,37",33,4,"29,85","-0,08","108,57","3,64","54,69"
2026 03 12 12:13:19:138,-3.9675,-6.78875,"0,37",33,4,"29,85","-0,08","108,57","3,64","19,53"
2026 03 12 12:13:19:140,-3.9675,-6.78875,"0,37",33,4,"29,85","-0,08","108,57","3,64","62,5"
2026 03 12 12:13:19:142,-3.9675,-6.78875,"0,37",33,4,"29,85","-0,08","108,57","3,64","39,06"
2026 03 12 12:13:19:144,-3.9675,-6.87625,"0,37",33,4,"29,85","-0,08","108,57","3,64","-19,53"
2026 03 12 12:13:19:146,-3.9675,-6.70125,"0,37",33,4,"29,85","-0,08","108,57","3,64","50,78"
2026 03 12 12:13:19:148,-3.9675,-6.78875,"0,37",33,4,"29,85","-0,08","108,57","3,64","46,88"
2026 03 12 12:13:19:150,-3.9985,-6.78875,"0,37",33,4,"29,85","-0,08","108,57","3,64","-11,72"
2026 03 12 12:13:19:152,-3.9675,-6.78875,"0,37",33,4,"29,85","-0,08","108,57","3,64","31,25"
2026 03 12 12:13:19:154,-3.9675,-6.78875,"0,37",33,4,"29,85","-0,08","108,57","3,64","70,31"
2026 03 12 12:13:19:156,-3.9675,-6.78875,"0,37",33,4,"29,85","-0,08","108,57","3,64","66,41"
2026 03 12 12:13:19:158,-3.9985,-6.78875,"0,37",33,4,"29,85","-0,08","108,57","3,64","50,78"
2026 03 12 12:13:19:160,-3.9675,-6.78875,"0,37",33,4,"29,85","-0,08","108,57","3,64","74,22"
2026 03 12 12:13:19:162,-3.9675,-6.78875,"0,37",33,4,"29,85","-0,08","108,57","3,64","15,63"
2026 03 12 12:13:19:164,-3.9675,-6.70125,"0,37",33,4,"29,85","-0,08","108,57","3,64","-78,12"
2026 03 12 12:13:19:166,-3.9334,-6.78875,"0,37",33,4,"29,85","-0,08","108,57","3,64","-3,91"
2026 03 12 12:13:19:168,-3.9985,-6.78875,"0,37",33,4,"29,85","-0,08","108,57","3,64","54,69"
2026 03 12 12:13:19:170,-3.9675,-6.78875,"0,37",33,4,"29,85","-0,08","108,57","3,64","15,63"
2026 03 12 12:13:19:172,-3.9675,-6.87625,"0,37",33,4,"29,85","-0,08","108,57","3,64","46,88"
2026 03 12 12:13:19:174,-3.9675,-6.78875,"0,37",33,4,"29,85","-0,08","108,57","3,64","140,63"
2026 03 12 12:13:19:176,-3.9334,-6.78875,"0,37",33,4,"29,85","-0,08","108,57","3,64","105,47"
2026 03 12 12:13:19:178,-3.9985,-6.78875,"0,37",33,4,"29,85","-0,08","108,57","3,64","11,72"
2026 03 12 12:13:19:180,-3.9675,-6.78875,"0,37",33,4,"29,85","-0,08","108,57","3,64","11,72"
2026 03 12 12:13:19:182,-3.9675,-6.78875,"0,37",33,4,"29,85","-0,08","108,57","3,64","-7,81"
2026 03 12 12:13:19:184,-3.9675,-6.78875,"0,37",33,4,"29,85","-0,08","108,57","3,64","-27,34"
2026 03 12 12:13:19:186,-3.9675,-6.70125,"0,37",33,4,"29,85","-0,08","108,57","3,64","23,44"
2026 03 12 12:13:19:188,-3.9675,-6.78875,"0,37",33,4,"29,85","-0,08","108,57","3,64","78,13"
2026 03 12 12:13:19:190,-3.9675,-6.78875,"0,37",33,4,"29,85","-0,08","108,57","3,64","31,25"
2026 03 12 12:13:19:192,-3.9675,-6.87625,"0,37",33,4,"29,85","-0,08","108,57","3,64","27,34"
2026 03 12 12:13:19:194,-3.9675,-6.78875,"0,37",33,4,"29,85","-0,08","108,57","3,64","70,31"
2026 03 12 12:13:19:196,-3.9985,-6.87625,"0,37",33,4,"29,85","-0,08","108,57","3,64","11,72"
2026 03 12 12:13:19:198,-3.9675,-6.87625,"0,37",33,4,"29,85","-0,08","108,57","3,64","-19,53"
2026 03 12 12:13:19:200,-3.9675,-6.78875,"0,37",33,4,"29,85","-0,08","108,57","3,64","42,97"
2026 03 12 12:13:19:202,-3.9985,-6.78875,"0,37",33,4,"29,85","-0,08","108,57","3,64","89,84"
2026 03 12 12:13:19:204,-3.9985,-6.78875,"0,37",33,4,"29,85","-0,08","108,57","3,64","35,16"
2026 03 12 12:13:19:206,-3.9675,-6.70125,"0,37",33,4,"29,85","-0,08","108,57","3,64","93,75"
2026 03 12 12:13:19:208,-3.9675,-6.70125,"0,37",33,4,"29,85","-0,08","108,57","3,64","128,91"
2026 03 12 12:13:19:210,-3.9985,-6.78875,"0,37",33,4,"29,85","-0,08","108,57","3,64","39,06"
2026 03 12 12:13:19:212,-3.9985,-6.70125,"0,37",33,4,"29,85","-0,08","108,57","3,64","-3,91"
2026 03 12 12:13:19:214,-3.9675,-6.70125,"0,37",33,4,"29,85","-0,08","108,57","3,64","70,31"
2026 03 12 12:13:19:216,-3.9675,-6.78875,"0,37",33,4,"29,85","-0,08","108,57","3,64","39,06"
2026 03 12 12:13:19:218,-3.9675,-6.78875,"0,37",33,4,"29,85","-0,08","108,57","3,64","-23,44"
2026 03 12 12:13:19:220,-3.9675,-6.78875,"0,37",33,4,"29,85","-0,08","108,57","3,64","39,06"
2026 03 12 12:13:19:222,-3.9675,-6.70125,"0,37",33,4,"29,85","-0,08","108,57","3,64","46,88"
2026 03 12 12:13:19:224,-3.9675,-6.78875,"0,37",33,4,"29,85","-0,08","108,57","3,64","-7,81"
2026 03 12 12:13:19:226,-3.9675,-6.78875,"0,37",33,4,"29,85","-0,08","108,57","3,64","35,16"
2026 03 12 12:13:19:228,-3.9675,-6.78875,"0,37",33,4,"29,85","-0,08","108,57","3,64","89,84"
2026 03 12 12:13:19:230,-3.9675,-6.78875,"0,37",33,4,"29,85","-0,08","108,57","3,64","19,53"
2026 03 12 12:13:19:232,-3.9675,-6.70125,"0,37",33,4,"29,85","-0,08","108,57","3,64","-23,44"
2026 03 12 12:13:19:234,-3.9675,-6.78875,"0,37",33,4,"29,85","-0,08","108,57","3,64","117,19"
2026 03 12 12:13:19:236,-3.9334,-6.78875,"0,37",33,4,"29,85","-0,08","108,57","3,64","105,47"
2026 03 12 12:13:19:238,-3.9675,-6.78875,"0,37",33,4,"29,85","-0,08","108,57","3,64","35,16"
2026 03 12 12:13:19:240,-3.9675,-6.78875,"0,37",33,4,"29,85","-0,08","108,57","3,64","121,09"
2026 03 12 12:13:19:242,-3.9675,-6.78875,"0,37",33,4,"29,85","-0,08","108,57","3,64","58,59"
2026 03 12 12:13:19:244,-3.9675,-6.78875,"0,37",33,4,"29,85","-0,08","108,57","3,64","-54,69"
2026 03 12 12:13:19:246,-3.9675,-6.78875,"0,37",33,4,"29,85","-0,08","108,57","3,64","-31,25"
2026 03 12 12:13:19:248,-3.9675,-6.87625,"0,37",33,4,"29,85","-0,08","108,57","3,64","39,06"
2026 03 12 12:13:19:250,-3.9675,-6.78875,"0,37",33,4,"29,85","-0,08","108,57","3,64","-15,62"
2026 03 12 12:13:19:252,-3.9675,-6.87625,"0,37",33,4,"29,85","-0,08","108,57","3,64","-23,44"
2026 03 12 12:13:19:254,-3.9675,-6.78875,"0,37",33,4,"29,85","-0,08","108,57","3,64","140,63"
2026 03 12 12:13:19:256,-3.9675,-6.78875,"0,37",33,4,"29,85","-0,08","108,57","3,64","117,19"
2026 03 12 12:13:19:258,-3.9675,-6.78875,"0,37",33,4,"29,85","-0,08","108,57","3,64","39,06"
2026 03 12 12:13:19:260,-3.9675,-6.78875,"0,37",33,4,"29,85","-0,08","108,57","3,64","66,41"
2026 03 12 12:13:19:262,-3.9985,-6.78875,"0,37",33,4,"29,85","-0,08","108,57","3,64","62,5"
2026 03 12 12:13:19:264,-3.9675,-6.78875,"0,37",33,4,"29,85","-0,08","108,57","3,64","-42,97"
2026 03 12 12:13:19:266,-3.9985,-6.70125,"0,37",33,4,"29,85","-0,08","108,57","3,64","54,69"
2026 03 12 12:13:19:268,-3.9985,-6.78875,"0,37",33,4,"29,85","-0,08","108,57","3,64","128,91"
2026 03 12 12:13:19:270,-3.9675,-6.70125,"0,37",33,4,"29,85","-0,08","108,57","3,64","74,22"
2026 03 12 12:13:19:272,-3.9675,-6.78875,"0,37",33,4,"29,85","-0,08","108,57","3,64","31,25"
2026 03 12 12:13:19:274,-3.9675,-6.78875,"0,37",33,4,"29,85","-0,08","108,57","3,64","109,38"
2026 03 12 12:13:19:276,-3.9675,-6.70125,"0,37",33,4,"29,85","-0,08","108,57","3,64","58,59"
2026 03 12 12:13:19:278,-3.9985,-6.78875,"0,37",33,4,"29,85","-0,08","108,57","3,64","-58,59"
2026 03 12 12:13:19:280,-3.9675,-6.70125,"0,37",33,4,"29,85","-0,08","108,57","3,64","19,53"
2026 03 12 12:13:19:282,-3.9334,-6.87625,"0,37",33,4,"29,85","-0,08","108,57","3,64","66,41"
2026 03 12 12:13:19:284,-3.9675,-6.78875,"0,37",33,4,"29,85","-0,08","108,57","3,64","-39,06"
2026 03 12 12:13:19:286,-3.9675,-6.87625,"0,37",33,4,"29,85","-0,08","108,57","3,64","46,88"
2026 03 12 12:13:19:288,-3.9334,-6.78875,"0,37",33,4,"29,85","-0,08","108,57","3,64","132,81"
2026 03 12 12:13:19:290,-3.9675,-6.78875,"0,37",33,4,"29,85","-0,08","108,57","3,64","62,5"
2026 03 12 12:13:19:292,-3.9985,-6.78875,"0,37",33,4,"29,85","-0,08","108,57","3,64","7,81"
2026 03 12 12:13:19:294,-3.9985,-6.78875,"0,37",33,4,"29,85","-0,08","108,57","3,64","105,47"
2026 03 12 12:13:19:296,-3.9675,-6.70125,"0,37",33,4,"29,85","-0,08","108,57","3,64","62,5"
2026 03 12 12:13:19:298,-3.9675,-6.78875,"0,37",33,4,"29,85","-0,08","108,57","3,64","-7,81"
2026 03 12 12:13:19:300,-3.9675,-6.87625,"0,37",33,4,"29,85","-0,08","108,57","3,64","35,16"
2026 03 12 12:13:19:302,-3.9675,-6.78875,"0,37",33,4,"29,85","-0,08","108,57","3,64","62,5"
2026 03 12 12:13:19:304,-3.9675,-6.78875,"0,37",33,4,"29,85","-0,08","108,57","3,64","7,81"
2026 03 12 12:13:19:306,-3.9675,-6.78875,"0,37",33,4,"29,85","-0,08","108,57","3,64","62,5"
2026 03 12 12:13:19:308,-3.9675,-6.78875,"0,37",33,4,"29,85","-0,08","108,57","3,64","78,13"
2026 03 12 12:13:19:310,-3.9675,-6.78875,"0,37",33,4,"29,85","-0,08","108,57","3,64","39,06"
2026 03 12 12:13:19:312,-3.9675,-6.70125,"0,37",33,4,"29,85","-0,08","108,57","3,64","11,72"
2026 03 12 12:13:19:314,-3.9675,-6.78875,"0,37",33,4,"29,85","-0,08","108,57","3,64","109,38"
2026 03 12 12:13:19:316,-3.9985,-6.70125,"0,37",33,4,"29,85","-0,08","108,57","3,64","66,41"
2026 03 12 12:13:19:318,-3.9675,-6.78875,"0,37",33,4,"29,85","-0,08","108,57","3,64","11,72"
2026 03 12 12:13:19:320,-3.9985,-6.70125,"0,37",33,4,"29,85","-0,08","108,57","3,64","70,31"
2026 03 12 12:13:19:322,-3.9985,-6.87625,"0,37",33,4,"29,85","-0,08","108,57","3,64","85,94"
2026 03 12 12:13:19:324,-3.9675,-6.78875,"0,37",33,4,"29,85","-0,08","108,57","3,64","-19,53"
2026 03 12 12:13:19:326,-3.9985,-6.70125,"0,37",33,4,"29,85","-0,08","108,57","3,64","50,78"
2026 03 12 12:13:19:328,-3.9985,-6.78875,"0,37",33,4,"29,85","-0,08","108,57","3,64","78,13"
2026 03 12 12:13:19:330,-3.9675,-6.78875,"0,37",33,4,"29,85","-0,08","108,57","3,64","19,53"
2026 03 12 12:13:19:332,-3.9985,-6.78875,"0,37",33,4,"29,85","-0,08","108,57","3,64","35,16"
2026 03 12 12:13:19:334,-3.9675,-6.70125,"0,37",33,4,"29,85","-0,08","108,57","3,64","105,47"
2026 03 12 12:13:19:336,-3.9985,-6.78875,"0,37",33,4,"29,85","-0,08","108,57","3,64","85,94"
2026 03 12 12:13:19:338,-3.9675,-6.87625,"0,37",33,4,"29,85","-0,08","108,57","3,64","62,5"
2026 03 12 12:13:19:340,-3.9985,-6.78875,"0,37",33,4,"29,85","-0,08","108,57","3,64","42,97"
2026 03 12 12:13:19:342,-3.9675,-6.78875,"0,37",33,4,"29,85","-0,08","108,57","3,64","58,59"
2026 03 12 12:13:19:344,-3.9675,-6.78875,"0,37",33,4,"29,85","-0,08","108,57","3,64","-15,62"
2026 03 12 12:13:19:346,-3.9334,-6.78875,"0,37",33,4,"29,85","-0,08","108,57","3,64","39,06"
2026 03 12 12:13:19:348,-3.9675,-6.70125,"0,37",33,4,"29,85","-0,08","108,57","3,64","78,13"
2026 03 12 12:13:19:350,-3.9675,-6.78875,"0,37",33,4,"29,85","-0,08","108,57","3,64","11,72"
2026 03 12 12:13:19:352,-3.9985,-6.70125,"0,37",33,4,"29,85","-0,08","108,57","3,64","27,34"
2026 03 12 12:13:19:354,-3.9675,-6.78875,"0,37",33,4,"29,85","-0,08","108,57","3,64","97,66"
2026 03 12 12:13:19:356,-3.9675,-6.87625,"0,37",33,4,"29,85","-0,08","108,57","3,64","42,97"
2026 03 12 12:13:19:358,-3.9675,-6.87625,"0,37",33,4,"29,85","-0,08","108,57","3,64","11,72"
2026 03 12 12:13:19:360,-3.9675,-6.78875,"0,37",33,4,"29,85","-0,08","108,57","3,64","50,78"
2026 03 12 12:13:19:362,-3.9985,-6.78875,"0,37",33,4,"29,85","-0,08","108,57","3,64","46,88"
2026 03 12 12:13:19:364,-3.9334,-6.78875,"0,37",33,4,"29,85","-0,08","108,57","3,64","19,53"
2026 03 12 12:13:19:366,-3.9675,-6.87625,"0,37",33,4,"29,85","-0,08","108,57","3,64","101,56"
2026 03 12 12:13:19:368,-3.9985,-6.78875,"0,37",33,4,"29,85","-0,08","108,57","3,64","113,28"
2026 03 12 12:13:19:370,-3.9675,-6.78875,"0,37",33,4,"29,85","-0,08","108,57","3,64","93,75"
2026 03 12 12:13:19:372,-3.9675,-6.78875,"0,37",33,4,"29,85","-0,08","108,57","3,64","39,06"
2026 03 12 12:13:19:374,-3.9675,-6.78875,"0,37",33,4,"29,85","-0,08","108,57","3,64","117,19"
2026 03 12 12:13:19:376,-3.9334,-6.78875,"0,37",33,4,"29,85","-0,08","108,57","3,64","39,06"
2026 03 12 12:13:19:378,-3.9675,-6.78875,"0,37",33,4,"29,85","-0,08","108,57","3,64",0
2026 03 12 12:13:19:380,-3.9985,-6.78875,"0,37",33,4,"29,85","-0,08","108,57","3,64","35,16"
2026 03 12 12:13:19:382,-3.9985,-6.87625,"0,37",33,4,"29,85","-0,08","108,57","3,64",0
2026 03 12 12:13:19:384,-3.9985,-6.78875,"0,37",33,4,"29,85","-0,08","108,57","3,64","-7,81"
2026 03 12 12:13:19:386,-3.9675,-6.78875,"0,37",33,4,"29,85","-0,08","108,57","3,64","46,88"
2026 03 12 12:13:19:388,-3.9675,-6.78875,"0,37",33,4,"29,85","-0,08","108,57","3,64","54,69"
2026 03 12 12:13:19:390,-3.9985,-6.78875,"0,37",33,4,"29,85","-0,08","108,57","3,64","46,88"
2026 03 12 12:13:19:392,-3.9985,-6.78875,"0,37",33,4,"29,85","-0,08","108,57","3,64","58,59"
2026 03 12 12:13:19:394,-3.9334,-6.78875,"0,37",33,4,"29,85","-0,08","108,57","3,64","93,75"
2026 03 12 12:13:19:396,-3.9675,-6.78875,"0,37",33,4,"29,85","-0,08","108,57","3,64",125
2026 03 12 12:13:19:398,-3.9675,-6.78875,"0,37",33,4,"29,85","-0,08","108,57","3,64","66,41"
2026 03 12 12:13:19:400,-3.9334,-6.78875,"0,37",33,4,"29,85","-0,08","108,57","3,64","82,03"
2026 03 12 12:13:19:402,-3.9675,-6.78875,"0,37",33,4,"29,85","-0,08","108,57","3,64","74,22"
2026 03 12 12:13:19:404,-3.9675,-6.78875,"0,37",33,4,"29,85","-0,08","108,57","3,64","23,44"
2026 03 12 12:13:19:406,-3.9334,-6.78875,"0,37",33,4,"29,85","-0,08","108,57","3,64","23,44"
2026 03 12 12:13:19:408,-3.9334,-6.78875,"0,37",33,4,"29,85","-0,08","108,57","3,64","54,69"
2026 03 12 12:13:19:410,-3.9334,-6.70125,"0,37",33,4,"29,85","-0,08","108,57","3,64","27,34"
2026 03 12 12:13:19:412,-3.9334,-6.78875,"0,37",33,4,"29,85","-0,08","108,57","3,64","15,63"
2026 03 12 12:13:19:414,-3.9334,-6.78875,"0,37",33,4,"29,85","-0,08","108,57","3,64","46,88"
2026 03 12 12:13:19:416,-3.9675,-6.70125,"0,37",33,4,"29,85","-0,08","108,57","3,64","66,41"
2026 03 12 12:13:19:418,-3.9675,-6.70125,"0,37",33,4,"29,85","-0,08","108,57","3,64","105,47"
2026 03 12 12:13:19:420,-3.9675,-6.78875,"0,37",33,4,"29,85","-0,08","108,57","3,64","58,59"
2026 03 12 12:13:19:422,-3.9675,-6.70125,"0,37",33,4,"29,85","-0,08","108,57","3,64","70,31"
2026 03 12 12:13:19:424,-3.9675,-6.70125,"0,37",33,4,"29,85","-0,08","108,57","3,64","54,69"
2026 03 12 12:13:19:426,-3.9675,-6.78875,"0,37",33,4,"29,85","-0,08","108,57","3,64","58,59"
2026 03 12 12:13:19:428,-3.9675,-6.78875,"0,37",33,4,"29,85","-0,08","108,57","3,64","85,94"
2026 03 12 12:13:19:430,-3.9675,-6.70125,"0,37",33,4,"29,85","-0,08","108,57","3,64","82,03"
2026 03 12 12:13:19:432,-3.9675,-6.87625,"0,37",33,4,"29,85","-0,08","108,57","3,64","66,41"
2026 03 12 12:13:19:434,-3.9334,-6.78875,"0,37",33,4,"29,85","-0,08","108,57","3,64","82,03"
2026 03 12 12:13:19:436,-3.9675,-6.78875,"0,37",33,4,"29,85","-0,08","108,57","3,64","74,22"
2026 03 12 12:13:19:438,-3.9675,-6.87625,"0,56",34,5,"37,58","-0,05","140,27","3,73","62,5"
2026 03 12 12:13:19:440,-3.9675,-6.87625,"0,56",34,5,"37,58","-0,05","140,27","3,73","11,72"
2026 03 12 12:13:19:442,-3.9675,-6.87625,"0,56",34,5,"37,58","-0,05","140,27","3,73","7,81"
2026 03 12 12:13:19:444,-3.9675,-6.78875,"0,56",34,5,"37,58","-0,05","140,27","3,73","54,69"
2026 03 12 12:13:19:446,-3.9675,-6.87625,"0,56",34,5,"37,58","-0,05","140,27","3,73","46,88"
2026 03 12 12:13:19:448,-3.9334,-6.78875,"0,56",34,5,"37,58","-0,05","140,27","3,73","46,88"
2026 03 12 12:13:19:450,-3.9334,-6.78875,"0,56",34,5,"37,58","-0,05","140,27","3,73","101,56"
2026 03 12 12:13:19:452,-3.9675,-6.78875,"0,56",34,5,"37,58","-0,05","140,27","3,73","50,78"
2026 03 12 12:13:19:454,-3.9985,-6.87625,"0,56",34,5,"37,58","-0,05","140,27","3,73","85,94"
2026 03 12 12:13:19:456,-3.9675,-6.78875,"0,56",34,5,"37,58","-0,05","140,27","3,73","82,03"
2026 03 12 12:13:19:458,-3.9985,-6.78875,"0,56",34,5,"37,58","-0,05","140,27","3,73","89,84"
2026 03 12 12:13:19:460,-3.9334,-6.78875,"0,56",34,5,"37,58","-0,05","140,27","3,73","50,78"
2026 03 12 12:13:19:462,-3.9675,-6.78875,"0,56",34,5,"37,58","-0,05","140,27","3,73","35,16"
2026 03 12 12:13:19:464,-3.9675,-6.78875,"0,56",34,5,"37,58","-0,05","140,27","3,73","78,13"
2026 03 12 12:13:19:466,-3.9675,-6.78875,"0,56",34,5,"37,58","-0,05","140,27","3,73","31,25"
2026 03 12 12:13:19:468,-3.9675,-6.70125,"0,56",34,5,"37,58","-0,05","140,27","3,73","54,69"
2026 03 12 12:13:19:470,-3.9334,-6.78875,"0,56",34,5,"37,58","-0,05","140,27","3,73","54,69"
2026 03 12 12:13:19:472,-3.9675,-6.70125,"0,56",34,5,"37,58","-0,05","140,27","3,73","93,75"
2026 03 12 12:13:19:474,-3.9675,-6.78875,"0,56",34,5,"37,58","-0,05","140,27","3,73","89,84"
2026 03 12 12:13:19:476,-3.9675,-6.78875,"0,56",34,5,"37,58","-0,05","140,27","3,73","74,22"
2026 03 12 12:13:19:478,-3.9985,-6.70125,"0,56",34,5,"37,58","-0,05","140,27","3,73","93,75"
2026 03 12 12:13:19:480,-3.9675,-6.78875,"0,56",34,5,"37,58","-0,05","140,27","3,73","42,97"
2026 03 12 12:13:19:482,-3.9334,-6.78875,"0,56",34,5,"37,58","-0,05","140,27","3,73","35,16"
2026 03 12 12:13:19:484,-3.9985,-6.87625,"0,56",34,5,"37,58","-0,05","140,27","3,73","50,78"
2026 03 12 12:13:19:486,-3.9675,-6.70125,"0,56",34,5,"37,58","-0,05","140,27","3,73","54,69"
2026 03 12 12:13:19:488,-3.9675,-6.78875,"0,56",34,5,"37,58","-0,05","140,27","3,73","31,25"
2026 03 12 12:13:19:490,-3.9675,-6.78875,"0,56",34,5,"37,58","-0,05","140,27","3,73","89,84"
2026 03 12 12:13:19:492,-3.9675,-6.78875,"0,56",34,5,"37,58","-0,05","140,27","3,73","78,13"
2026 03 12 12:13:19:494,-3.9675,-6.78875,"0,56",34,5,"37,58","-0,05","140,27","3,73","78,13"
2026 03 12 12:13:19:496,-3.9334,-6.78875,"0,56",34,5,"37,58","-0,05","140,27","3,73","128,91"
2026 03 12 12:13:19:498,-3.9334,-6.78875,"0,56",34,5,"37,58","-0,05","140,27","3,73","113,28"
2026 03 12 12:13:19:500,-3.9675,-6.78875,"0,56",34,5,"37,58","-0,05","140,27","3,73","89,84"
2026 03 12 12:13:19:502,-3.9675,-6.78875,"0,56",34,5,"37,58","-0,05","140,27","3,73","19,53"
2026 03 12 12:13:19:504,-3.9985,-6.78875,"0,56",34,5,"37,58","-0,05","140,27","3,73","78,13"
2026 03 12 12:13:19:506,-3.9675,-6.78875,"0,56",34,5,"37,58","-0,05","140,27","3,73","50,78"
2026 03 12 12:13:19:508,-3.9675,-6.70125,"0,56",34,5,"37,58","-0,05","140,27","3,73","54,69"
2026 03 12 12:13:19:510,-3.9675,-6.78875,"0,56",34,5,"37,58","-0,05","140,27","3,73","70,31"
2026 03 12 12:13:19:512,-3.9675,-6.78875,"0,56",34,5,"37,58","-0,05","140,27","3,73","42,97"
2026 03 12 12:13:19:514,-3.9675,-6.87625,"0,56",34,5,"37,58","-0,05","140,27","3,73","62,5"
2026 03 12 12:13:19:516,-3.9675,-6.78875,"0,56",34,5,"37,58","-0,05","140,27","3,73","58,59"
2026 03 12 12:13:19:518,-3.9675,-6.78875,"0,56",34,5,"37,58","-0,05","140,27","3,73","54,69"
2026 03 12 12:13:19:520,-3.9675,-6.78875,"0,56",34,5,"37,58","-0,05","140,27","3,73","42,97"
2026 03 12 12:13:19:522,-3.9985,-6.78875,"0,56",34,5,"37,58","-0,05","140,27","3,73","31,25"
2026 03 12 12:13:19:524,-3.9675,-6.78875,"0,56",34,5,"37,58","-0,05","140,27","3,73","85,94"
2026 03 12 12:13:19:526,-3.9675,-6.78875,"0,56",34,5,"37,58","-0,05","140,27","3,73","97,66"
2026 03 12 12:13:19:528,-3.9675,-6.78875,"0,56",34,5,"37,58","-0,05","140,27","3,73","89,84"
2026 03 12 12:13:19:530,-3.9675,-6.70125,"0,56",34,5,"37,58","-0,05","140,27","3,73","144,53"
2026 03 12 12:13:19:532,-3.9985,-6.78875,"0,56",34,5,"37,58","-0,05","140,27","3,73","97,66"
2026 03 12 12:13:19:534,-3.9675,-6.78875,"0,56",34,5,"37,58","-0,05","140,27","3,73","97,66"
2026 03 12 12:13:19:536,-3.9675,-6.78875,"0,56",34,5,"37,58","-0,05","140,27","3,73","117,19"
2026 03 12 12:13:19:538,-3.9675,-6.78875,"0,56",34,5,"37,58","-0,05","140,27","3,73","62,5"
2026 03 12 12:13:19:540,-3.9334,-6.87625,"0,56",34,5,"37,58","-0,05","140,27","3,73","66,41"
2026 03 12 12:13:19:542,-3.9675,-6.70125,"0,56",34,5,"37,58","-0,05","140,27","3,73","7,81"
2026 03 12 12:13:19:544,-3.9675,-6.78875,"0,56",34,5,"37,58","-0,05","140,27","3,73","50,78"
2026 03 12 12:13:19:546,-3.9675,-6.78875,"0,56",34,5,"37,58","-0,05","140,27","3,73","66,41"
2026 03 12 12:13:19:548,-3.9675,-6.78875,"0,56",34,5,"37,58","-0,05","140,27","3,73","42,97"
2026 03 12 12:13:19:550,-3.9675,-6.70125,"0,56",34,5,"37,58","-0,05","140,27","3,73","74,22"
2026 03 12 12:13:19:552,-3.9675,-6.78875,"0,56",34,5,"37,58","-0,05","140,27","3,73","89,84"
2026 03 12 12:13:19:554,-3.9985,-6.78875,"0,56",34,5,"37,58","-0,05","140,27","3,73","70,31"
2026 03 12 12:13:19:556,-3.9675,-6.78875,"0,56",34,5,"37,58","-0,05","140,27","3,73","97,66"
2026 03 12 12:13:19:558,-3.9985,-6.78875,"0,56",34,5,"37,58","-0,05","140,27","3,73","101,56"
2026 03 12 12:13:19:560,-3.9675,-6.70125,"0,56",34,5,"37,58","-0,05","140,27","3,73","113,28"
2026 03 12 12:13:19:562,-3.9675,-6.78875,"0,56",34,5,"37,58","-0,05","140,27","3,73","101,56"
2026 03 12 12:13:19:564,-3.9675,-6.70125,"0,56",34,5,"37,58","-0,05","140,27","3,73","74,22"
2026 03 12 12:13:19:566,-3.9675,-6.78875,"0,56",34,5,"37,58","-0,05","140,27","3,73","82,03"
2026 03 12 12:13:19:568,-3.9675,-6.78875,"0,56",34,5,"37,58","-0,05","140,27","3,73","58,59"
2026 03 12 12:13:19:570,-3.9675,-6.70125,"0,56",34,5,"37,58","-0,05","140,27","3,73","23,44"
2026 03 12 12:13:19:572,-3.9985,-6.78875,"0,56",34,5,"37,58","-0,05","140,27","3,73","42,97"
2026 03 12 12:13:19:574,-3.9675,-6.78875,"0,56",34,5,"37,58","-0,05","140,27","3,73","62,5"
2026 03 12 12:13:19:576,-3.9675,-6.78875,"0,56",34,5,"37,58","-0,05","140,27","3,73","89,84"
2026 03 12 12:13:19:578,-3.9675,-6.78875,"0,56",34,5,"37,58","-0,05","140,27","3,73","66,41"
2026 03 12 12:13:19:580,-3.9675,-6.78875,"0,56",34,5,"37,58","-0,05","140,27","3,73","82,03"
2026 03 12 12:13:19:582,-3.9985,-6.78875,"0,56",34,5,"37,58","-0,05","140,27","3,73","46,88"
2026 03 12 12:13:19:584,-3.9675,-6.87625,"0,56",34,5,"37,58","-0,05","140,27","3,73","70,31"
2026 03 12 12:13:19:586,-3.9334,-6.78875,"0,56",34,5,"37,58","-0,05","140,27","3,73","74,22"
2026 03 12 12:13:19:588,-3.9675,-6.70125,"0,56",34,5,"37,58","-0,05","140,27","3,73","113,28"
2026 03 12 12:13:19:590,-3.9675,-6.78875,"0,56",34,5,"37,58","-0,05","140,27","3,73","101,56"
2026 03 12 12:13:19:592,-3.9675,-6.87625,"0,56",34,5,"37,58","-0,05","140,27","3,73","121,09"
2026 03 12 12:13:19:594,-3.9675,-6.78875,"0,56",34,5,"37,58","-0,05","140,27","3,73","117,19"
2026 03 12 12:13:19:596,-3.9675,-6.87625,"0,56",34,5,"37,58","-0,05","140,27","3,73","93,75"
2026 03 12 12:13:19:598,-3.9675,-6.78875,"0,56",34,5,"37,58","-0,05","140,27","3,73","70,31"
2026 03 12 12:13:19:600,-3.9334,-6.87625,"0,56",34,5,"37,58","-0,05","140,27","3,73","35,16"
2026 03 12 12:13:19:602,-3.9675,-6.78875,"0,56",34,5,"37,58","-0,05","140,27","3,73","54,69"
2026 03 12 12:13:19:604,-3.9675,-6.87625,"0,56",34,5,"37,58","-0,05","140,27","3,73","66,41"
2026 03 12 12:13:19:606,-3.9675,-6.78875,"0,56",34,5,"37,58","-0,05","140,27","3,73","89,84"
2026 03 12 12:13:19:608,-3.9675,-6.70125,"0,56",34,5,"37,58","-0,05","140,27","3,73","105,47"
2026 03 12 12:13:19:610,-3.9675,-6.78875,"0,56",34,5,"37,58","-0,05","140,27","3,73","74,22"
2026 03 12 12:13:19:612,-3.9675,-6.78875,"0,56",34,5,"37,58","-0,05","140,27","3,73","50,78"
2026 03 12 12:13:19:614,-3.9675,-6.78875,"0,56",34,5,"37,58","-0,05","140,27","3,73","97,66"
2026 03 12 12:13:19:616,-3.9675,-6.78875,"0,56",34,5,"37,58","-0,05","140,27","3,73","78,13"
2026 03 12 12:13:19:618,-3.9334,-6.78875,"0,56",34,5,"37,58","-0,05","140,27","3,73","46,88"
2026 03 12 12:13:19:620,-3.9675,-6.70125,"0,56",34,5,"37,58","-0,05","140,27","3,73","82,03"
2026 03 12 12:13:19:622,-3.9675,-6.78875,"0,56",34,5,"37,58","-0,05","140,27","3,73","66,41"
2026 03 12 12:13:19:624,-3.9675,-6.78875,"0,56",34,5,"37,58","-0,05","140,27","3,73","58,59"
2026 03 12 12:13:19:626,-3.9985,-6.78875,"0,56",34,5,"37,58","-0,05","140,27","3,73","105,47"
2026 03 12 12:13:19:628,-3.9334,-6.78875,"0,56",34,5,"37,58","-0,05","140,27","3,73","82,03"
2026 03 12 12:13:19:630,-3.9675,-6.87625,"0,56",34,5,"37,58","-0,05","140,27","3,73","82,03"
2026 03 12 12:13:19:632,-3.9675,-6.78875,"0,56",34,5,"37,58","-0,05","140,27","3,73","82,03"
2026 03 12 12:13:19:634,-3.9675,-6.78875,"0,56",34,5,"37,58","-0,05","140,27","3,73","93,75"
2026 03 12 12:13:19:636,-3.9675,-6.78875,"0,56",34,5,"37,58","-0,05","140,27","3,73","117,19"
2026 03 12 12:13:19:638,-3.9675,-6.78875,"0,56",34,5,"37,58","-0,05","140,27","3,73","82,03"
2026 03 12 12:13:19:640,-3.9675,-6.70125,"0,56",34,5,"37,58","-0,05","140,27","3,73","66,41"
2026 03 12 12:13:19:642,-3.9675,-6.70125,"0,56",34,5,"37,58","-0,05","140,27","3,73","70,31"
2026 03 12 12:13:19:644,-3.9675,-6.78875,"0,56",34,5,"37,58","-0,05","140,27","3,73","35,16"
2026 03 12 12:13:19:646,-3.9675,-6.78875,"0,56",34,5,"37,58","-0,05","140,27","3,73","39,06"
2026 03 12 12:13:19:648,-3.9675,-6.78875,"0,56",34,5,"37,58","-0,05","140,27","3,73","82,03"
2026 03 12 12:13:19:650,-3.9675,-6.78875,"0,56",34,5,"37,58","-0,05","140,27","3,73","31,25"
2026 03 12 12:13:19:652,-3.9985,-6.78875,"0,56",34,5,"37,58","-0,05","140,27","3,73","85,94"
2026 03 12 12:13:19:654,-3.9675,-6.78875,"0,56",34,5,"37,58","-0,05","140,27","3,73","117,19"
2026 03 12 12:13:19:656,-3.9334,-6.78875,"0,56",34,5,"37,58","-0,05","140,27","3,73","117,19"
2026 03 12 12:13:19:658,-3.9675,-6.70125,"0,56",34,5,"37,58","-0,05","140,27","3,73","148,44"
2026 03 12 12:13:19:660,-3.9334,-6.70125,"0,56",34,5,"37,58","-0,05","140,27","3,73","101,56"
2026 03 12 12:13:19:662,-3.9675,-6.78875,"0,56",34,5,"37,58","-0,05","140,27","3,73","93,75"
2026 03 12 12:13:19:664,-3.9675,-6.78875,"0,56",34,5,"37,58","-0,05","140,27","3,73","50,78"
2026 03 12 12:13:19:666,-3.9675,-6.70125,"0,56",34,5,"37,58","-0,05","140,27","3,73","78,13"
2026 03 12 12:13:19:668,-3.9675,-6.78875,"0,56",34,5,"37,58","-0,05","140,27","3,73","82,03"
2026 03 12 12:13:19:670,-3.9985,-6.78875,"0,56",34,5,"37,58","-0,05","140,27","3,73","39,06"
2026 03 12 12:13:19:672,-3.9675,-6.78875,"0,56",34,5,"37,58","-0,05","140,27","3,73","54,69"
2026 03 12 12:13:19:674,-3.9675,-6.70125,"0,56",34,5,"37,58","-0,05","140,27","3,73","62,5"
2026 03 12 12:13:19:676,-3.9334,-6.78875,"0,56",34,5,"37,58","-0,05","140,27","3,73","46,88"
2026 03 12 12:13:19:678,-3.9675,-6.87625,"0,56",34,5,"37,58","-0,05","140,27","3,73","70,31"
2026 03 12 12:13:19:680,-3.9675,-6.70125,"0,56",34,5,"37,58","-0,05","140,27","3,73","39,06"
2026 03 12 12:13:19:682,-3.9985,-6.78875,"0,56",34,5,"37,58","-0,05","140,27","3,73","50,78"
2026 03 12 12:13:19:684,-3.9675,-6.78875,"0,56",34,5,"37,58","-0,05","140,27","3,73","27,34"
2026 03 12 12:13:19:686,-3.9675,-6.78875,"0,56",34,5,"37,58","-0,05","140,27","3,73","113,28"
2026 03 12 12:13:19:688,-3.9675,-6.78875,"0,56",34,5,"37,58","-0,05","140,27","3,73","152,34"
2026 03 12 12:13:19:690,-3.9675,-6.78875,"0,56",34,5,"37,58","-0,05","140,27","3,73","105,47"
2026 03 12 12:13:19:692,-3.9985,-6.78875,"0,56",34,5,"37,58","-0,05","140,27","3,73","160,16"
2026 03 12 12:13:19:694,-3.9334,-6.87625,"0,56",34,5,"37,58","-0,05","140,27","3,73","121,09"
2026 03 12 12:13:19:696,-3.9675,-6.78875,"0,56",34,5,"37,58","-0,05","140,27","3,73","85,94"
2026 03 12 12:13:19:698,-3.9985,-6.78875,"0,56",34,5,"37,58","-0,05","140,27","3,73","82,03"
2026 03 12 12:13:19:700,-3.9985,-6.78875,"0,56",34,5,"37,58","-0,05","140,27","3,73","46,88"
2026 03 12 12:13:19:702,-3.9675,-6.87625,"0,56",34,5,"37,58","-0,05","140,27","3,73","3,91"
2026 03 12 12:13:19:704,-3.9675,-6.78875,"0,56",34,5,"37,58","-0,05","140,27","3,73","39,06"
2026 03 12 12:13:19:706,-3.9675,-6.78875,"0,56",34,5,"37,58","-0,05","140,27","3,73","82,03"
2026 03 12 12:13:19:708,-3.9334,-6.78875,"0,56",34,5,"37,58","-0,05","140,27","3,73","85,94"
2026 03 12 12:13:19:710,-3.9675,-6.78875,"0,56",34,5,"37,58","-0,05","140,27","3,73","74,22"
2026 03 12 12:13:19:712,-3.9675,-6.78875,"0,56",34,5,"37,58","-0,05","140,27","3,73","97,66"
2026 03 12 12:13:19:714,-3.9675,-6.78875,"0,56",34,5,"37,58","-0,05","140,27","3,73","132,81"
2026 03 12 12:13:19:716,-3.9334,-6.78875,"0,56",34,5,"37,58","-0,05","140,27","3,73","105,47"
2026 03 12 12:13:19:718,-3.9675,-6.78875,"0,56",34,5,"37,58","-0,05","140,27","3,73","109,38"
2026 03 12 12:13:19:720,-3.9675,-6.70125,"0,56",34,5,"37,58","-0,05","140,27","3,73","113,28"
2026 03 12 12:13:19:722,-3.9675,-6.87625,"0,56",34,5,"37,58","-0,05","140,27","3,73","113,28"
2026 03 12 12:13:19:724,-3.9675,-6.78875,"0,56",34,5,"37,58","-0,05","140,27","3,73","101,56"
2026 03 12 12:13:19:726,-3.9334,-6.78875,"0,56",34,5,"37,58","-0,05","140,27","3,73","85,94"
2026 03 12 12:13:19:728,-3.9675,-6.78875,"0,56",34,5,"37,58","-0,05","140,27","3,73","82,03"
2026 03 12 12:13:19:730,-3.9675,-6.87625,"0,56",34,5,"37,58","-0,05","140,27","3,73","50,78"
2026 03 12 12:13:19:732,-3.9675,-6.78875,"0,56",34,5,"37,58","-0,05","140,27","3,73","46,88"
2026 03 12 12:13:19:734,-3.9675,-6.78875,"0,56",34,5,"37,58","-0,05","140,27","3,73","74,22"
2026 03 12 12:13:19:736,-3.9675,-6.70125,"0,56",34,5,"37,58","-0,05","140,27","3,73","82,03"
2026 03 12 12:13:19:738,-3.9675,-6.78875,"0,71",44,5,"43,24","-0,12","155,58","3,6","66,41"
2026 03 12 12:13:19:740,-3.9675,-6.78875,"0,71",44,5,"43,24","-0,12","155,58","3,6","109,38"
2026 03 12 12:13:19:742,-3.9985,-6.78875,"0,71",44,5,"43,24","-0,12","155,58","3,6","85,94"
2026 03 12 12:13:19:744,-3.9675,-6.78875,"0,71",44,5,"43,24","-0,12","155,58","3,6","70,31"
2026 03 12 12:13:19:746,-3.9675,-6.78875,"0,71",44,5,"43,24","-0,12","155,58","3,6","144,53"
2026 03 12 12:13:19:748,-3.9334,-6.78875,"0,71",44,5,"43,24","-0,12","155,58","3,6","62,5"
2026 03 12 12:13:19:750,-3.9675,-6.78875,"0,71",44,5,"43,24","-0,12","155,58","3,6","74,22"
2026 03 12 12:13:19:752,-3.9675,-6.78875,"0,71",44,5,"43,24","-0,12","155,58","3,6","113,28"
2026 03 12 12:13:19:754,-3.9675,-6.78875,"0,71",44,5,"43,24","-0,12","155,58","3,6","70,31"
2026 03 12 12:13:19:756,-3.9334,-6.78875,"0,71",44,5,"43,24","-0,12","155,58","3,6","132,81"
2026 03 12 12:13:19:758,-3.9985,-6.78875,"0,71",44,5,"43,24","-0,12","155,58","3,6","78,13"
2026 03 12 12:13:19:760,-3.9675,-6.78875,"0,71",44,5,"43,24","-0,12","155,58","3,6","58,59"
2026 03 12 12:13:19:762,-3.9675,-6.78875,"0,71",44,5,"43,24","-0,12","155,58","3,6","140,63"
2026 03 12 12:13:19:764,-3.9675,-6.78875,"0,71",44,5,"43,24","-0,12","155,58","3,6","-7,81"
2026 03 12 12:13:19:766,-3.9985,-6.78875,"0,71",44,5,"43,24","-0,12","155,58","3,6","136,72"
2026 03 12 12:13:19:768,-3.9985,-6.78875,"0,71",44,5,"43,24","-0,12","155,58","3,6","93,75"
2026 03 12 12:13:19:770,-3.9675,-6.78875,"0,71",44,5,"43,24","-0,12","155,58","3,6","58,59"
2026 03 12 12:13:19:772,-3.9675,-6.70125,"0,71",44,5,"43,24","-0,12","155,58","3,6","152,34"
2026 03 12 12:13:19:774,-3.9985,-6.78875,"0,71",44,5,"43,24","-0,12","155,58","3,6","74,22"
2026 03 12 12:13:19:776,-3.9334,-6.78875,"0,71",44,5,"43,24","-0,12","155,58","3,6","109,38"
2026 03 12 12:13:19:778,-3.9675,-6.78875,"0,71",44,5,"43,24","-0,12","155,58","3,6","113,28"
2026 03 12 12:13:19:780,-3.9675,-6.78875,"0,71",44,5,"43,24","-0,12","155,58","3,6","50,78"
2026 03 12 12:13:19:782,-3.9675,-6.78875,"0,71",44,5,"43,24","-0,12","155,58","3,6","105,47"
2026 03 12 12:13:19:784,-3.9675,-6.87625,"0,71",44,5,"43,24","-0,12","155,58","3,6","42,97"
2026 03 12 12:13:19:786,-3.9675,-6.78875,"0,71",44,5,"43,24","-0,12","155,58","3,6","82,03"
2026 03 12 12:13:19:788,-3.9675,-6.78875,"0,71",44,5,"43,24","-0,12","155,58","3,6","105,47"
2026 03 12 12:13:19:790,-3.9675,-6.78875,"0,71",44,5,"43,24","-0,12","155,58","3,6","66,41"
2026 03 12 12:13:19:792,-3.9334,-6.78875,"0,71",44,5,"43,24","-0,12","155,58","3,6","105,47"
2026 03 12 12:13:19:794,-3.9334,-6.78875,"0,71",44,5,"43,24","-0,12","155,58","3,6","105,47"
2026 03 12 12:13:19:796,-3.9675,-6.78875,"0,71",44,5,"43,24","-0,12","155,58","3,6","105,47"
2026 03 12 12:13:19:798,-3.9675,-6.78875,"0,71",44,5,"43,24","-0,12","155,58","3,6","128,91"
2026 03 12 12:13:19:800,-3.9675,-6.78875,"0,71",44,5,"43,24","-0,12","155,58","3,6","62,5"
2026 03 12 12:13:19:802,-3.9334,-6.87625,"0,71",44,5,"43,24","-0,12","155,58","3,6","89,84"
2026 03 12 12:13:19:804,-3.9334,-6.78875,"0,71",44,5,"43,24","-0,12","155,58","3,6","93,75"
2026 03 12 12:13:19:806,-3.9675,-6.78875,"0,71",44,5,"43,24","-0,12","155,58","3,6","78,13"
2026 03 12 12:13:19:808,-3.9675,-6.78875,"0,71",44,5,"43,24","-0,12","155,58","3,6","148,44"
2026 03 12 12:13:19:810,-3.9675,-6.70125,"0,71",44,5,"43,24","-0,12","155,58","3,6","97,66"
2026 03 12 12:13:19:812,-3.9675,-6.70125,"0,71",44,5,"43,24","-0,12","155,58","3,6","78,13"
2026 03 12 12:13:19:814,-3.9985,-6.70125,"0,71",44,5,"43,24","-0,12","155,58","3,6",125
2026 03 12 12:13:19:816,-3.9985,-6.78875,"0,71",44,5,"43,24","-0,12","155,58","3,6","89,84"
2026 03 12 12:13:19:818,-3.9675,-6.78875,"0,71",44,5,"43,24","-0,12","155,58","3,6",125
2026 03 12 12:13:19:820,-3.9985,-6.78875,"0,71",44,5,"43,24","-0,12","155,58","3,6","78,13"
2026 03 12 12:13:19:822,-3.9985,-6.78875,"0,71",44,5,"43,24","-0,12","155,58","3,6","82,03"
2026 03 12 12:13:19:824,-3.9675,-6.78875,"0,71",44,5,"43,24","-0,12","155,58","3,6","132,81"
2026 03 12 12:13:19:826,-3.9675,-6.78875,"0,71",44,5,"43,24","-0,12","155,58","3,6","105,47"
2026 03 12 12:13:19:828,-3.9675,-6.78875,"0,71",44,5,"43,24","-0,12","155,58","3,6","109,38"
2026 03 12 12:13:19:830,-3.9675,-6.78875,"0,71",44,5,"43,24","-0,12","155,58","3,6","148,44"
2026 03 12 12:13:19:832,-3.9675,-6.78875,"0,71",44,5,"43,24","-0,12","155,58","3,6","128,91"
2026 03 12 12:13:19:834,-3.9675,-6.78875,"0,71",44,5,"43,24","-0,12","155,58","3,6","132,81"
2026 03 12 12:13:19:836,-3.9334,-6.87625,"0,71",44,5,"43,24","-0,12","155,58","3,6","144,53"
2026 03 12 12:13:19:838,-3.9985,-6.78875,"0,71",44,5,"43,24","-0,12","155,58","3,6","128,91"
2026 03 12 12:13:19:840,-3.9675,-6.78875,"0,71",44,5,"43,24","-0,12","155,58","3,6","85,94"
2026 03 12 12:13:19:842,-3.9334,-6.78875,"0,71",44,5,"43,24","-0,12","155,58","3,6","78,13"
2026 03 12 12:13:19:844,-3.9675,-6.78875,"0,71",44,5,"43,24","-0,12","155,58","3,6","66,41"
2026 03 12 12:13:19:846,-3.9675,-6.78875,"0,71",44,5,"43,24","-0,12","155,58","3,6","113,28"
2026 03 12 12:13:19:848,-3.9675,-6.70125,"0,71",44,5,"43,24","-0,12","155,58","3,6","97,66"
2026 03 12 12:13:19:850,-3.9675,-6.70125,"0,71",44,5,"43,24","-0,12","155,58","3,6","144,53"
2026 03 12 12:13:19:852,-3.9675,-6.78875,"0,71",44,5,"43,24","-0,12","155,58","3,6","171,88"
2026 03 12 12:13:19:854,-3.9334,-6.78875,"0,71",44,5,"43,24","-0,12","155,58","3,6","128,91"
2026 03 12 12:13:19:856,-3.9675,-6.78875,"0,71",44,5,"43,24","-0,12","155,58","3,6","171,88"
2026 03 12 12:13:19:858,-3.9675,-6.70125,"0,71",44,5,"43,24","-0,12","155,58","3,6","171,88"
2026 03 12 12:13:19:860,-3.9675,-6.70125,"0,71",44,5,"43,24","-0,12","155,58","3,6","128,91"
2026 03 12 12:13:19:862,-3.9675,-6.78875,"0,71",44,5,"43,24","-0,12","155,58","3,6","93,75"
2026 03 12 12:13:19:864,-3.9675,-6.78875,"0,71",44,5,"43,24","-0,12","155,58","3,6","101,56"
2026 03 12 12:13:19:866,-3.9675,-6.70125,"0,71",44,5,"43,24","-0,12","155,58","3,6","101,56"
2026 03 12 12:13:19:868,-3.9675,-6.78875,"0,71",44,5,"43,24","-0,12","155,58","3,6","70,31"
2026 03 12 12:13:19:870,-3.9675,-6.70125,"0,71",44,5,"43,24","-0,12","155,58","3,6","109,38"
2026 03 12 12:13:19:872,-3.9675,-6.78875,"0,71",44,5,"43,24","-0,12","155,58","3,6","117,19"
2026 03 12 12:13:19:874,-3.9334,-6.87625,"0,71",44,5,"43,24","-0,12","155,58","3,6","136,72"
2026 03 12 12:13:19:876,-3.9675,-6.78875,"0,71",44,5,"43,24","-0,12","155,58","3,6",125
2026 03 12 12:13:19:878,-3.9675,-6.78875,"0,71",44,5,"43,24","-0,12","155,58","3,6","195,31"
2026 03 12 12:13:19:880,-3.9675,-6.78875,"0,71",44,5,"43,24","-0,12","155,58","3,6","144,53"
2026 03 12 12:13:19:882,-3.9675,-6.78875,"0,71",44,5,"43,24","-0,12","155,58","3,6","97,66"
2026 03 12 12:13:19:884,-3.9675,-6.78875,"0,71",44,5,"43,24","-0,12","155,58","3,6","191,41"
2026 03 12 12:13:19:886,-3.9675,-6.78875,"0,71",44,5,"43,24","-0,12","155,58","3,6","152,34"
2026 03 12 12:13:19:888,-3.9675,-6.87625,"0,71",44,5,"43,24","-0,12","155,58","3,6","128,91"
2026 03 12 12:13:19:890,-3.9675,-6.87625,"0,71",44,5,"43,24","-0,12","155,58","3,6","128,91"
2026 03 12 12:13:19:892,-3.9675,-6.78875,"0,71",44,5,"43,24","-0,12","155,58","3,6","113,28"
2026 03 12 12:13:19:894,-3.9675,-6.78875,"0,71",44,5,"43,24","-0,12","155,58","3,6","121,09"
2026 03 12 12:13:19:896,-3.9334,-6.70125,"0,71",44,5,"43,24","-0,12","155,58","3,6","97,66"
2026 03 12 12:13:19:898,-3.9334,-6.78875,"0,71",44,5,"43,24","-0,12","155,58","3,6","132,81"
2026 03 12 12:13:19:900,-3.9675,-6.78875,"0,71",44,5,"43,24","-0,12","155,58","3,6",125
2026 03 12 12:13:19:902,-3.9334,-6.78875,"0,71",44,5,"43,24","-0,12","155,58","3,6","101,56"
2026 03 12 12:13:19:904,-3.9985,-6.78875,"0,71",44,5,"43,24","-0,12","155,58","3,6","152,34"
2026 03 12 12:13:19:906,-3.9675,-6.78875,"0,71",44,5,"43,24","-0,12","155,58","3,6","199,22"
2026 03 12 12:13:19:908,-3.9675,-6.70125,"0,71",44,5,"43,24","-0,12","155,58","3,6","113,28"
2026 03 12 12:13:19:910,-3.9675,-6.78875,"0,71",44,5,"43,24","-0,12","155,58","3,6","171,88"
2026 03 12 12:13:19:912,-3.9675,-6.70125,"0,71",44,5,"43,24","-0,12","155,58","3,6","199,22"
2026 03 12 12:13:19:914,-3.9675,-6.78875,"0,71",44,5,"43,24","-0,12","155,58","3,6","128,91"
2026 03 12 12:13:19:916,-3.9675,-6.70125,"0,71",44,5,"43,24","-0,12","155,58","3,6","160,16"
2026 03 12 12:13:19:918,-3.9675,-6.78875,"0,71",44,5,"43,24","-0,12","155,58","3,6","152,34"
2026 03 12 12:13:19:920,-3.9675,-6.78875,"0,71",44,5,"43,24","-0,12","155,58","3,6","121,09"
2026 03 12 12:13:19:922,-3.9675,-6.78875,"0,71",44,5,"43,24","-0,12","155,58","3,6","101,56"
2026 03 12 12:13:19:924,-3.9985,-6.78875,"0,71",44,5,"43,24","-0,12","155,58","3,6","66,41"
2026 03 12 12:13:19:926,-3.9675,-6.78875,"0,71",44,5,"43,24","-0,12","155,58","3,6","179,69"
2026 03 12 12:13:19:928,-3.9675,-6.78875,"0,71",44,5,"43,24","-0,12","155,58","3,6",125
2026 03 12 12:13:19:930,-3.9675,-6.78875,"0,71",44,5,"43,24","-0,12","155,58","3,6","156,25"
2026 03 12 12:13:19:932,-3.9675,-6.78875,"0,71",44,5,"43,24","-0,12","155,58","3,6","234,38"
2026 03 12 12:13:19:934,-3.9675,-6.70125,"0,71",44,5,"43,24","-0,12","155,58","3,6","195,31"
2026 03 12 12:13:19:936,-3.9675,-6.78875,"0,71",44,5,"43,24","-0,12","155,58","3,6","156,25"
2026 03 12 12:13:19:938,-3.9675,-6.70125,"0,71",44,5,"43,24","-0,12","155,58","3,6","222,66"
2026 03 12 12:13:19:940,-3.9675,-6.70125,"0,71",44,5,"43,24","-0,12","155,58","3,6","171,88"
2026 03 12 12:13:19:942,-3.9675,-6.78875,"0,71",44,5,"43,24","-0,12","155,58","3,6","101,56"
2026 03 12 12:13:19:944,-3.9675,-6.70125,"0,71",44,5,"43,24","-0,12","155,58","3,6","117,19"
2026 03 12 12:13:19:946,-3.9985,-6.70125,"0,71",44,5,"43,24","-0,12","155,58","3,6","140,63"
2026 03 12 12:13:19:948,-3.9675,-6.78875,"0,71",44,5,"43,24","-0,12","155,58","3,6","101,56"
2026 03 12 12:13:19:950,-3.9675,-6.70125,"0,71",44,5,"43,24","-0,12","155,58","3,6","97,66"
2026 03 12 12:13:19:952,-3.9675,-6.87625,"0,71",44,5,"43,24","-0,12","155,58","3,6","128,91"
2026 03 12 12:13:19:954,-3.9334,-6.78875,"0,71",44,5,"43,24","-0,12","155,58","3,6","207,03"
2026 03 12 12:13:19:956,-3.9675,-6.78875,"0,71",44,5,"43,24","-0,12","155,58","3,6","144,53"
2026 03 12 12:13:19:958,-3.9334,-6.78875,"0,71",44,5,"43,24","-0,12","155,58","3,6","214,84"
2026 03 12 12:13:19:960,-3.9675,-6.70125,"0,71",44,5,"43,24","-0,12","155,58","3,6","218,75"
2026 03 12 12:13:19:962,-3.9334,-6.78875,"0,71",44,5,"43,24","-0,12","155,58","3,6","109,38"
2026 03 12 12:13:19:964,-3.9985,-6.78875,"0,71",44,5,"43,24","-0,12","155,58","3,6","156,25"
2026 03 12 12:13:19:966,-3.9675,-6.70125,"0,71",44,5,"43,24","-0,12","155,58","3,6","179,69"
2026 03 12 12:13:19:968,-3.9675,-6.70125,"0,71",44,5,"43,24","-0,12","155,58","3,6","140,63"
2026 03 12 12:13:19:970,-3.9334,-6.70125,"0,71",44,5,"43,24","-0,12","155,58","3,6",125
2026 03 12 12:13:19:972,-3.9675,-6.78875,"0,71",44,5,"43,24","-0,12","155,58","3,6","148,44"
2026 03 12 12:13:19:974,-3.9675,-6.78875,"0,71",44,5,"43,24","-0,12","155,58","3,6","144,53"
2026 03 12 12:13:19:976,-3.9334,-6.87625,"0,71",44,5,"43,24","-0,12","155,58","3,6","128,91"
2026 03 12 12:13:19:978,-3.9675,-6.78875,"0,71",44,5,"43,24","-0,12","155,58","3,6","164,06"
2026 03 12 12:13:19:980,-3.9334,-6.70125,"0,71",44,5,"43,24","-0,12","155,58","3,6","167,97"
2026 03 12 12:13:19:982,-3.9675,-6.87625,"0,71",44,5,"43,24","-0,12","155,58","3,6","121,09"
2026 03 12 12:13:19:984,-3.9675,-6.78875,"0,71",44,5,"43,24","-0,12","155,58","3,6","156,25"
2026 03 12 12:13:19:986,-3.9675,-6.87625,"0,71",44,5,"43,24","-0,12","155,58","3,6","253,91"
2026 03 12 12:13:19:988,-3.9675,-6.78875,"0,71",44,5,"43,24","-0,12","155,58","3,6","199,22"
2026 03 12 12:13:19:990,-3.9675,-6.78875,"0,71",44,5,"43,24","-0,12","155,58","3,6","167,97"
2026 03 12 12:13:19:992,-3.9675,-6.87625,"0,71",44,5,"43,24","-0,12","155,58","3,6","214,84"
2026 03 12 12:13:19:994,-3.9985,-6.78875,"0,71",44,5,"43,24","-0,12","155,58","3,6","218,75"
2026 03 12 12:13:19:996,-3.9675,-6.78875,"0,71",44,5,"43,24","-0,12","155,58","3,6","167,97"
2026 03 12 12:13:19:998,-3.9675,-6.78875,"0,71",44,5,"43,24","-0,12","155,58","3,6","171,88"
2026 03 12 12:13:20:000,-3.9985,-6.78875,"0,71",44,5,"43,24","-0,12","155,58","3,6","167,97"
2026 03 12 12:13:20:002,-3.9675,-6.78875,"0,71",44,5,"43,24","-0,12","155,58","3,6",125
2026 03 12 12:13:20:004,-3.9675,-6.78875,"0,71",44,5,"43,24","-0,12","155,58","3,6","105,47"
2026 03 12 12:13:20:006,-3.9675,-6.78875,"0,71",44,5,"43,24","-0,12","155,58","3,6","203,13"
2026 03 12 12:13:20:008,-3.9675,-6.87625,"0,71",44,5,"43,24","-0,12","155,58","3,6","179,69"
2026 03 12 12:13:20:010,-3.9675,-6.78875,"0,71",44,5,"43,24","-0,12","155,58","3,6","160,16"
2026 03 12 12:13:20:012,-3.9334,-6.78875,"0,71",44,5,"43,24","-0,12","155,58","3,6","242,19"
2026 03 12 12:13:20:014,-3.9675,-6.78875,"0,71",44,5,"43,24","-0,12","155,58","3,6","257,81"
2026 03 12 12:13:20:016,-3.9675,-6.78875,"0,71",44,5,"43,24","-0,12","155,58","3,6","183,59"
2026 03 12 12:13:20:018,-3.9675,-6.78875,"0,71",44,5,"43,24","-0,12","155,58","3,6","222,66"
2026 03 12 12:13:20:020,-3.9675,-6.78875,"0,71",44,5,"43,24","-0,12","155,58","3,6","222,66"
2026 03 12 12:13:20:022,-3.9675,-6.70125,"0,71",44,5,"43,24","-0,12","155,58","3,6","128,91"
2026 03 12 12:13:20:024,-3.9675,-6.78875,"0,71",44,5,"43,24","-0,12","155,58","3,6","132,81"
2026 03 12 12:13:20:026,-3.9675,-6.78875,"0,71",44,5,"43,24","-0,12","155,58","3,6","175,78"
2026 03 12 12:13:20:028,-3.9985,-6.87625,"0,71",44,5,"43,24","-0,12","155,58","3,6","175,78"
2026 03 12 12:13:20:030,-3.9675,-6.78875,"0,71",44,5,"43,24","-0,12","155,58","3,6","128,91"
2026 03 12 12:13:20:032,-3.9675,-6.87625,"0,71",44,5,"43,24","-0,12","155,58","3,6","140,63"
2026 03 12 12:13:20:034,-3.9675,-6.78875,"0,71",44,5,"43,24","-0,12","155,58","3,6","242,19"
2026 03 12 12:13:20:036,-3.9675,-6.78875,"0,84",32,5,"40,45","0,36","154,43","3,82","175,78"
2026 03 12 12:13:20:038,-3.9985,-6.78875,"0,84",32,5,"40,45","0,36","154,43","3,82","214,84"
2026 03 12 12:13:20:040,-3.9675,-6.78875,"0,84",32,5,"40,45","0,36","154,43","3,82","238,28"
2026 03 12 12:13:20:042,-3.9675,-6.78875,"0,84",32,5,"40,45","0,36","154,43","3,82","195,31"
2026 03 12 12:13:20:044,-3.9675,-6.70125,"0,84",32,5,"40,45","0,36","154,43","3,82","171,88"
2026 03 12 12:13:20:046,-3.9985,-6.70125,"0,84",32,5,"40,45","0,36","154,43","3,82","238,28"
2026 03 12 12:13:20:048,-3.9334,-6.78875,"0,84",32,5,"40,45","0,36","154,43","3,82","230,47"
2026 03 12 12:13:20:050,-3.9985,-6.78875,"0,84",32,5,"40,45","0,36","154,43","3,82","148,44"
2026 03 12 12:13:20:052,-3.9985,-6.70125,"0,84",32,5,"40,45","0,36","154,43","3,82","222,66"
2026 03 12 12:13:20:054,-3.9675,-6.87625,"0,84",32,5,"40,45","0,36","154,43","3,82","210,94"
2026 03 12 12:13:20:056,-3.9675,-6.78875,"0,84",32,5,"40,45","0,36","154,43","3,82","156,25"
2026 03 12 12:13:20:058,-3.9334,-6.78875,"0,84",32,5,"40,45","0,36","154,43","3,82","152,34"
2026 03 12 12:13:20:060,-3.9675,-6.70125,"0,84",32,5,"40,45","0,36","154,43","3,82","179,69"
2026 03 12 12:13:20:062,-3.9675,-6.78875,"0,84",32,5,"40,45","0,36","154,43","3,82","187,5"
2026 03 12 12:13:20:064,-3.9675,-6.70125,"0,84",32,5,"40,45","0,36","154,43","3,82","160,16"
2026 03 12 12:13:20:066,-3.9675,-6.70125,"0,84",32,5,"40,45","0,36","154,43","3,82","285,16"
2026 03 12 12:13:20:068,-3.9675,-6.78875,"0,84",32,5,"40,45","0,36","154,43","3,82","257,81"
2026 03 12 12:13:20:070,-3.9675,-6.78875,"0,84",32,5,"40,45","0,36","154,43","3,82","191,41"
2026 03 12 12:13:20:072,-3.9334,-6.78875,"0,84",32,5,"40,45","0,36","154,43","3,82","253,91"
2026 03 12 12:13:20:074,-3.9675,-6.87625,"0,84",32,5,"40,45","0,36","154,43","3,82","285,16"
2026 03 12 12:13:20:076,-3.9334,-6.78875,"0,84",32,5,"40,45","0,36","154,43","3,82","203,13"
2026 03 12 12:13:20:078,-3.9675,-6.78875,"0,84",32,5,"40,45","0,36","154,43","3,82","175,78"
2026 03 12 12:13:20:080,-3.9675,-6.78875,"0,84",32,5,"40,45","0,36","154,43","3,82","214,84"
2026 03 12 12:13:20:082,-3.9675,-6.78875,"0,84",32,5,"40,45","0,36","154,43","3,82","179,69"
2026 03 12 12:13:20:084,-3.9675,-6.78875,"0,84",32,5,"40,45","0,36","154,43","3,82","132,81"
2026 03 12 12:13:20:086,-3.9675,-6.78875,"0,84",32,5,"40,45","0,36","154,43","3,82","171,88"
2026 03 12 12:13:20:088,-3.9675,-6.78875,"0,84",32,5,"40,45","0,36","154,43","3,82","210,94"
2026 03 12 12:13:20:090,-3.9675,-6.78875,"0,84",32,5,"40,45","0,36","154,43","3,82","187,5"
2026 03 12 12:13:20:092,-3.9334,-6.78875,"0,84",32,5,"40,45","0,36","154,43","3,82","246,09"
2026 03 12 12:13:20:094,-3.9675,-6.78875,"0,84",32,5,"40,45","0,36","154,43","3,82","312,5"
2026 03 12 12:13:20:096,-3.9675,-6.78875,"0,84",32,5,"40,45","0,36","154,43","3,82","234,38"
2026 03 12 12:13:20:098,-3.9675,-6.70125,"0,84",32,5,"40,45","0,36","154,43","3,82","226,56"
2026 03 12 12:13:20:100,-3.9985,-6.70125,"0,84",32,5,"40,45","0,36","154,43","3,82",250
2026 03 12 12:13:20:102,-3.9675,-6.78875,"0,84",32,5,"40,45","0,36","154,43","3,82","234,38"
2026 03 12 12:13:20:104,-3.9675,-6.78875,"0,84",32,5,"40,45","0,36","154,43","3,82","148,44"
2026 03 12 12:13:20:106,-3.9675,-6.70125,"0,84",32,5,"40,45","0,36","154,43","3,82","207,03"
2026 03 12 12:13:20:108,-3.9675,-6.70125,"0,84",32,5,"40,45","0,36","154,43","3,82","218,75"
2026 03 12 12:13:20:110,-3.9675,-6.70125,"0,84",32,5,"40,45","0,36","154,43","3,82","144,53"
2026 03 12 12:13:20:112,-3.9675,-6.70125,"0,84",32,5,"40,45","0,36","154,43","3,82","171,88"
2026 03 12 12:13:20:114,-3.9985,-6.78875,"0,84",32,5,"40,45","0,36","154,43","3,82","253,91"
2026 03 12 12:13:20:116,-3.9675,-6.78875,"0,84",32,5,"40,45","0,36","154,43","3,82","214,84"
2026 03 12 12:13:20:118,-3.9675,-6.78875,"0,84",32,5,"40,45","0,36","154,43","3,82","214,84"
2026 03 12 12:13:20:120,-3.9675,-6.78875,"0,84",32,5,"40,45","0,36","154,43","3,82","281,25"
2026 03 12 12:13:20:122,-3.9675,-6.78875,"0,84",32,5,"40,45","0,36","154,43","3,82","257,81"
2026 03 12 12:13:20:124,-3.9675,-6.78875,"0,84",32,5,"40,45","0,36","154,43","3,82","195,31"
2026 03 12 12:13:20:126,-3.9334,-6.78875,"0,84",32,5,"40,45","0,36","154,43","3,82","281,25"
2026 03 12 12:13:20:128,-3.9985,-6.87625,"0,84",32,5,"40,45","0,36","154,43","3,82","308,59"
2026 03 12 12:13:20:130,-3.9985,-6.78875,"0,84",32,5,"40,45","0,36","154,43","3,82","199,22"
2026 03 12 12:13:20:132,-3.9675,-6.78875,"0,84",32,5,"40,45","0,36","154,43","3,82","222,66"
2026 03 12 12:13:20:134,-3.9675,-6.70125,"0,84",32,5,"40,45","0,36","154,43","3,82","242,19"
2026 03 12 12:13:20:136,-3.9675,-6.87625,"0,84",32,5,"40,45","0,36","154,43","3,82","199,22"
2026 03 12 12:13:20:138,-3.9675,-6.78875,"0,84",32,5,"40,45","0,36","154,43","3,82","140,63"
2026 03 12 12:13:20:140,-3.9675,-6.78875,"0,84",32,5,"40,45","0,36","154,43","3,82","214,84"
2026 03 12 12:13:20:142,-3.9334,-6.78875,"0,84",32,5,"40,45","0,36","154,43","3,82","218,75"
2026 03 12 12:13:20:144,-3.9675,-6.78875,"0,84",32,5,"40,45","0,36","154,43","3,82","175,78"
2026 03 12 12:13:20:146,-3.9675,-6.78875,"0,84",32,5,"40,45","0,36","154,43","3,82","289,06"
2026 03 12 12:13:20:148,-3.9675,-6.78875,"0,84",32,5,"40,45","0,36","154,43","3,82","308,59"
2026 03 12 12:13:20:150,-3.9334,-6.87625,"0,84",32,5,"40,45","0,36","154,43","3,82","265,63"
2026 03 12 12:13:20:152,-3.9675,-6.70125,"0,84",32,5,"40,45","0,36","154,43","3,82","238,28"
2026 03 12 12:13:20:154,-3.9675,-6.70125,"0,84",32,5,"40,45","0,36","154,43","3,82","328,13"
2026 03 12 12:13:20:156,-3.9675,-6.70125,"0,84",32,5,"40,45","0,36","154,43","3,82","273,44"
2026 03 12 12:13:20:158,-3.9985,-6.78875,"0,84",32,5,"40,45","0,36","154,43","3,82","171,88"
2026 03 12 12:13:20:160,-3.9675,-6.78875,"0,84",32,5,"40,45","0,36","154,43","3,82","238,28"
2026 03 12 12:13:20:162,-3.9985,-6.78875,"0,84",32,5,"40,45","0,36","154,43","3,82","199,22"
2026 03 12 12:13:20:164,-3.9985,-6.78875,"0,84",32,5,"40,45","0,36","154,43","3,82","140,63"
2026 03 12 12:13:20:166,-3.9334,-6.70125,"0,84",32,5,"40,45","0,36","154,43","3,82","187,5"
2026 03 12 12:13:20:168,-3.9675,-6.70125,"0,84",32,5,"40,45","0,36","154,43","3,82","261,72"
2026 03 12 12:13:20:170,-3.9675,-6.78875,"0,84",32,5,"40,45","0,36","154,43","3,82","238,28"
2026 03 12 12:13:20:172,-3.9675,-6.78875,"0,84",32,5,"40,45","0,36","154,43","3,82","242,19"
2026 03 12 12:13:20:174,-3.9985,-6.78875,"0,84",32,5,"40,45","0,36","154,43","3,82","320,31"
2026 03 12 12:13:20:176,-3.9675,-6.78875,"0,84",32,5,"40,45","0,36","154,43","3,82","304,69"
2026 03 12 12:13:20:178,-3.9985,-6.78875,"0,84",32,5,"40,45","0,36","154,43","3,82","222,66"
2026 03 12 12:13:20:180,-3.9675,-6.78875,"0,84",32,5,"40,45","0,36","154,43","3,82","269,53"
2026 03 12 12:13:20:182,-3.9675,-6.78875,"0,84",32,5,"40,45","0,36","154,43","3,82","285,16"
2026 03 12 12:13:20:184,-3.9675,-6.70125,"0,84",32,5,"40,45","0,36","154,43","3,82","167,97"
2026 03 12 12:13:20:186,-3.9985,-6.78875,"0,84",32,5,"40,45","0,36","154,43","3,82","226,56"
2026 03 12 12:13:20:188,-3.9675,-6.87625,"0,84",32,5,"40,45","0,36","154,43","3,82","269,53"
2026 03 12 12:13:20:190,-3.9675,-6.78875,"0,84",32,5,"40,45","0,36","154,43","3,82","171,88"
2026 03 12 12:13:20:192,-3.9675,-6.70125,"0,84",32,5,"40,45","0,36","154,43","3,82","160,16"
2026 03 12 12:13:20:194,-3.9675,-6.78875,"0,84",32,5,"40,45","0,36","154,43","3,82","261,72"
2026 03 12 12:13:20:196,-3.9675,-6.87625,"0,84",32,5,"40,45","0,36","154,43","3,82","277,34"
2026 03 12 12:13:20:198,-3.9675,-6.78875,"0,84",32,5,"40,45","0,36","154,43","3,82","234,38"
2026 03 12 12:13:20:200,-3.9675,-6.78875,"0,84",32,5,"40,45","0,36","154,43","3,82","292,97"
2026 03 12 12:13:20:202,-3.9675,-6.70125,"0,84",32,5,"40,45","0,36","154,43","3,82","335,94"
2026 03 12 12:13:20:204,-3.9334,-6.78875,"0,84",32,5,"40,45","0,36","154,43","3,82",250
2026 03 12 12:13:20:206,-3.9675,-6.78875,"0,84",32,5,"40,45","0,36","154,43","3,82","257,81"
2026 03 12 12:13:20:208,-3.9985,-6.78875,"0,84",32,5,"40,45","0,36","154,43","3,82","312,5"
2026 03 12 12:13:20:210,-3.9675,-6.78875,"0,84",32,5,"40,45","0,36","154,43","3,82","257,81"
2026 03 12 12:13:20:212,-3.9334,-6.70125,"0,84",32,5,"40,45","0,36","154,43","3,82","218,75"
2026 03 12 12:13:20:214,-3.9334,-6.78875,"0,84",32,5,"40,45","0,36","154,43","3,82","257,81"
2026 03 12 12:13:20:216,-3.9985,-6.78875,"0,84",32,5,"40,45","0,36","154,43","3,82","261,72"
2026 03 12 12:13:20:218,-3.9675,-6.70125,"0,84",32,5,"40,45","0,36","154,43","3,82","191,41"
2026 03 12 12:13:20:220,-3.9675,-6.78875,"0,84",32,5,"40,45","0,36","154,43","3,82","222,66"
2026 03 12 12:13:20:222,-3.9675,-6.78875,"0,84",32,5,"40,45","0,36","154,43","3,82","265,63"
2026 03 12 12:13:20:224,-3.9675,-6.70125,"0,84",32,5,"40,45","0,36","154,43","3,82","230,47"
2026 03 12 12:13:20:226,-3.9334,-6.78875,"0,84",32,5,"40,45","0,36","154,43","3,82","281,25"
2026 03 12 12:13:20:228,-3.9675,-6.78875,"0,84",32,5,"40,45","0,36","154,43","3,82","347,66"
2026 03 12 12:13:20:230,-3.9675,-6.78875,"0,84",32,5,"40,45","0,36","154,43","3,82","312,5"
2026 03 12 12:13:20:232,-3.9675,-6.78875,"0,84",32,5,"40,45","0,36","154,43","3,82","234,38"
2026 03 12 12:13:20:234,-3.9675,-6.70125,"0,84",32,5,"40,45","0,36","154,43","3,82","343,75"
2026 03 12 12:13:20:236,-3.9675,-6.78875,"0,84",32,5,"40,45","0,36","154,43","3,82","312,5"
2026 03 12 12:13:20:238,-3.9985,-6.87625,"0,84",32,5,"40,45","0,36","154,43","3,82","210,94"
2026 03 12 12:13:20:240,-3.9675,-6.78875,"0,84",32,5,"40,45","0,36","154,43","3,82","242,19"
2026 03 12 12:13:20:242,-3.9675,-6.87625,"0,84",32,5,"40,45","0,36","154,43","3,82","253,91"
2026 03 12 12:13:20:244,-3.9675,-6.78875,"0,84",32,5,"40,45","0,36","154,43","3,82","203,13"
2026 03 12 12:13:20:246,-3.9675,-6.78875,"0,84",32,5,"40,45","0,36","154,43","3,82","195,31"
2026 03 12 12:13:20:248,-3.9675,-6.78875,"0,84",32,5,"40,45","0,36","154,43","3,82","285,16"
2026 03 12 12:13:20:250,-3.9675,-6.78875,"0,84",32,5,"40,45","0,36","154,43","3,82","296,88"
2026 03 12 12:13:20:252,-3.9675,-6.70125,"0,84",32,5,"40,45","0,36","154,43","3,82","277,34"
2026 03 12 12:13:20:254,-3.9675,-6.78875,"0,84",32,5,"40,45","0,36","154,43","3,82","335,94"
2026 03 12 12:13:20:256,-3.9985,-6.78875,"0,84",32,5,"40,45","0,36","154,43","3,82","371,09"
2026 03 12 12:13:20:258,-3.9675,-6.70125,"0,84",32,5,"40,45","0,36","154,43","3,82","289,06"
2026 03 12 12:13:20:260,-3.9675,-6.78875,"0,84",32,5,"40,45","0,36","154,43","3,82",250
2026 03 12 12:13:20:262,-3.9334,-6.78875,"0,84",32,5,"40,45","0,36","154,43","3,82","335,94"
2026 03 12 12:13:20:264,-3.9675,-6.87625,"0,84",32,5,"40,45","0,36","154,43","3,82","207,03"
2026 03 12 12:13:20:266,-3.9675,-6.87625,"0,84",32,5,"40,45","0,36","154,43","3,82","222,66"
2026 03 12 12:13:20:268,-3.9675,-6.78875,"0,84",32,5,"40,45","0,36","154,43","3,82","285,16"
2026 03 12 12:13:20:270,-3.9675,-6.78875,"0,84",32,5,"40,45","0,36","154,43","3,82","253,91"
2026 03 12 12:13:20:272,-3.9675,-6.78875,"0,84",32,5,"40,45","0,36","154,43","3,82","226,56"
2026 03 12 12:13:20:274,-3.9675,-6.78875,"0,84",32,5,"40,45","0,36","154,43","3,82","261,72"
2026 03 12 12:13:20:276,-3.9334,-6.70125,"0,84",32,5,"40,45","0,36","154,43","3,82","312,5"
2026 03 12 12:13:20:278,-3.9675,-6.78875,"0,84",32,5,"40,45","0,36","154,43","3,82","292,97"
2026 03 12 12:13:20:280,-3.9675,-6.78875,"0,84",32,5,"40,45","0,36","154,43","3,82","300,78"
2026 03 12 12:13:20:282,-3.9334,-6.70125,"0,84",32,5,"40,45","0,36","154,43","3,82","343,75"
2026 03 12 12:13:20:284,-3.9675,-6.78875,"0,84",32,5,"40,45","0,36","154,43","3,82","281,25"
2026 03 12 12:13:20:286,-3.9675,-6.78875,"0,84",32,5,"40,45","0,36","154,43","3,82","261,72"
2026 03 12 12:13:20:288,-3.9675,-6.78875,"0,84",32,5,"40,45","0,36","154,43","3,82","304,69"
2026 03 12 12:13:20:290,-3.9675,-6.78875,"0,84",32,5,"40,45","0,36","154,43","3,82","324,22"
2026 03 12 12:13:20:292,-3.9334,-6.78875,"0,84",32,5,"40,45","0,36","154,43","3,82","222,66"
2026 03 12 12:13:20:294,-3.9675,-6.78875,"0,84",32,5,"40,45","0,36","154,43","3,82","320,31"
2026 03 12 12:13:20:296,-3.9675,-6.70125,"0,84",32,5,"40,45","0,36","154,43","3,82","308,59"
2026 03 12 12:13:20:298,-3.9675,-6.87625,"0,84",32,5,"40,45","0,36","154,43","3,82","226,56"
2026 03 12 12:13:20:300,-3.9675,-6.70125,"0,84",32,5,"40,45","0,36","154,43","3,82","238,28"
2026 03 12 12:13:20:302,-3.9985,-6.70125,"0,84",32,5,"40,45","0,36","154,43","3,82","281,25"
2026 03 12 12:13:20:304,-3.9675,-6.78875,"0,84",32,5,"40,45","0,36","154,43","3,82","281,25"
2026 03 12 12:13:20:306,-3.9675,-6.78875,"0,84",32,5,"40,45","0,36","154,43","3,82","281,25"
2026 03 12 12:13:20:308,-3.9675,-6.78875,"0,84",32,5,"40,45","0,36","154,43","3,82","339,84"
2026 03 12 12:13:20:310,-3.9675,-6.70125,"0,84",32,5,"40,45","0,36","154,43","3,82",375
2026 03 12 12:13:20:312,-3.9675,-6.78875,"0,84",32,5,"40,45","0,36","154,43","3,82","253,91"
2026 03 12 12:13:20:314,-3.9334,-6.78875,"0,84",32,5,"40,45","0,36","154,43","3,82","335,94"
2026 03 12 12:13:20:316,-3.9334,-6.78875,"0,84",32,5,"40,45","0,36","154,43","3,82","347,66"
2026 03 12 12:13:20:318,-3.9675,-6.78875,"0,84",32,5,"40,45","0,36","154,43","3,82","265,63"
2026 03 12 12:13:20:320,-3.9675,-6.78875,"0,84",32,5,"40,45","0,36","154,43","3,82","246,09"
2026 03 12 12:13:20:322,-3.9675,-6.78875,"0,84",32,5,"40,45","0,36","154,43","3,82","296,88"
2026 03 12 12:13:20:324,-3.9675,-6.78875,"0,84",32,5,"40,45","0,36","154,43","3,82","257,81"
2026 03 12 12:13:20:326,-3.9675,-6.78875,"0,84",32,5,"40,45","0,36","154,43","3,82","230,47"
2026 03 12 12:13:20:328,-3.9675,-6.78875,"0,84",32,5,"40,45","0,36","154,43","3,82","281,25"
2026 03 12 12:13:20:330,-3.9675,-6.78875,"0,84",32,5,"40,45","0,36","154,43","3,82","324,22"
2026 03 12 12:13:20:332,-3.9675,-6.78875,"0,84",32,5,"40,45","0,36","154,43","3,82","304,69"
2026 03 12 12:13:20:334,-3.9675,-6.78875,"0,84",32,5,"40,45","0,36","154,43","3,82","335,94"
2026 03 12 12:13:20:336,-3.9675,-6.70125,"0,84",32,5,"40,45","0,36","154,43","3,82","394,53"
2026 03 12 12:13:20:338,-3.9675,-6.78875,"0,92",33,5,"55,68","0,13","214,48","3,85","335,94"
2026 03 12 12:13:20:340,-3.9675,-6.78875,"0,92",33,5,"55,68","0,13","214,48","3,85",250
2026 03 12 12:13:20:342,-3.9675,-6.70125,"0,92",33,5,"55,68","0,13","214,48","3,85","351,56"
2026 03 12 12:13:20:344,-3.9675,-6.70125,"0,92",33,5,"55,68","0,13","214,48","3,85","285,16"
2026 03 12 12:13:20:346,-3.9675,-6.78875,"0,92",33,5,"55,68","0,13","214,48","3,85","257,81"
2026 03 12 12:13:20:348,-3.9675,-6.78875,"0,92",33,5,"55,68","0,13","214,48","3,85","316,41"
2026 03 12 12:13:20:350,-3.9675,-6.78875,"0,92",33,5,"55,68","0,13","214,48","3,85","312,5"
2026 03 12 12:13:20:352,-3.9675,-6.78875,"0,92",33,5,"55,68","0,13","214,48","3,85","261,72"
2026 03 12 12:13:20:354,-3.9675,-6.78875,"0,92",33,5,"55,68","0,13","214,48","3,85","289,06"
2026 03 12 12:13:20:356,-3.9675,-6.78875,"0,92",33,5,"55,68","0,13","214,48","3,85","332,03"
2026 03 12 12:13:20:358,-3.9675,-6.78875,"0,92",33,5,"55,68","0,13","214,48","3,85","328,13"
2026 03 12 12:13:20:360,-3.9675,-6.78875,"0,92",33,5,"55,68","0,13","214,48","3,85","304,69"
2026 03 12 12:13:20:362,-3.9675,-6.78875,"0,92",33,5,"55,68","0,13","214,48","3,85","359,38"
2026 03 12 12:13:20:364,-3.9675,-6.78875,"0,92",33,5,"55,68","0,13","214,48","3,85","359,38"
2026 03 12 12:13:20:366,-3.9675,-6.78875,"0,92",33,5,"55,68","0,13","214,48","3,85","269,53"
2026 03 12 12:13:20:368,-3.9675,-6.78875,"0,92",33,5,"55,68","0,13","214,48","3,85","367,19"
2026 03 12 12:13:20:370,-3.9985,-6.78875,"0,92",33,5,"55,68","0,13","214,48","3,85","414,06"
2026 03 12 12:13:20:372,-3.9675,-6.78875,"0,92",33,5,"55,68","0,13","214,48","3,85","257,81"
2026 03 12 12:13:20:374,-3.9675,-6.70125,"0,92",33,5,"55,68","0,13","214,48","3,85","335,94"
2026 03 12 12:13:20:376,-3.9675,-6.78875,"0,92",33,5,"55,68","0,13","214,48","3,85","351,56"
2026 03 12 12:13:20:378,-3.9334,-6.78875,"0,92",33,5,"55,68","0,13","214,48","3,85","281,25"
2026 03 12 12:13:20:380,-3.9985,-6.78875,"0,92",33,5,"55,68","0,13","214,48","3,85","230,47"
2026 03 12 12:13:20:382,-3.9334,-6.87625,"0,92",33,5,"55,68","0,13","214,48","3,85","277,34"
2026 03 12 12:13:20:384,-3.9675,-6.78875,"0,92",33,5,"55,68","0,13","214,48","3,85","316,41"
2026 03 12 12:13:20:386,-3.9675,-6.78875,"0,92",33,5,"55,68","0,13","214,48","3,85","300,78"
2026 03 12 12:13:20:388,-3.9675,-6.78875,"0,92",33,5,"55,68","0,13","214,48","3,85","351,56"
2026 03 12 12:13:20:390,-3.9675,-6.78875,"0,92",33,5,"55,68","0,13","214,48","3,85","394,53"
2026 03 12 12:13:20:392,-3.9675,-6.78875,"0,92",33,5,"55,68","0,13","214,48","3,85","281,25"
2026 03 12 12:13:20:394,-3.9675,-6.78875,"0,92",33,5,"55,68","0,13","214,48","3,85","320,31"
2026 03 12 12:13:20:396,-3.9985,-6.70125,"0,92",33,5,"55,68","0,13","214,48","3,85","421,88"
2026 03 12 12:13:20:398,-3.9675,-6.70125,"0,92",33,5,"55,68","0,13","214,48","3,85","328,13"
2026 03 12 12:13:20:400,-3.9675,-6.70125,"0,92",33,5,"55,68","0,13","214,48","3,85","257,81"
2026 03 12 12:13:20:402,-3.9675,-6.78875,"0,92",33,5,"55,68","0,13","214,48","3,85","351,56"
2026 03 12 12:13:20:404,-3.9675,-6.70125,"0,92",33,5,"55,68","0,13","214,48","3,85","300,78"
2026 03 12 12:13:20:406,-3.9334,-6.78875,"0,92",33,5,"55,68","0,13","214,48","3,85","257,81"
2026 03 12 12:13:20:408,-3.9985,-6.78875,"0,92",33,5,"55,68","0,13","214,48","3,85","285,16"
2026 03 12 12:13:20:410,-3.9334,-6.78875,"0,92",33,5,"55,68","0,13","214,48","3,85","339,84"
2026 03 12 12:13:20:412,-3.9675,-6.78875,"0,92",33,5,"55,68","0,13","214,48","3,85","332,03"
2026 03 12 12:13:20:414,-3.9675,-6.78875,"0,92",33,5,"55,68","0,13","214,48","3,85","324,22"
2026 03 12 12:13:20:416,-3.9675,-6.78875,"0,92",33,5,"55,68","0,13","214,48","3,85","421,88"
2026 03 12 12:13:20:418,-3.9675,-6.87625,"0,92",33,5,"55,68","0,13","214,48","3,85","359,38"
2026 03 12 12:13:20:420,-3.9985,-6.78875,"0,92",33,5,"55,68","0,13","214,48","3,85","242,19"
2026 03 12 12:13:20:422,-3.9334,-6.78875,"0,92",33,5,"55,68","0,13","214,48","3,85","382,81"
2026 03 12 12:13:20:424,-3.9675,-6.78875,"0,92",33,5,"55,68","0,13","214,48","3,85","367,19"
2026 03 12 12:13:20:426,-3.9675,-6.78875,"0,92",33,5,"55,68","0,13","214,48","3,85","265,63"
2026 03 12 12:13:20:428,-3.9334,-6.78875,"0,92",33,5,"55,68","0,13","214,48","3,85","312,5"
2026 03 12 12:13:20:430,-3.9675,-6.78875,"0,92",33,5,"55,68","0,13","214,48","3,85","363,28"
2026 03 12 12:13:20:432,-3.9675,-6.78875,"0,92",33,5,"55,68","0,13","214,48","3,85","273,44"
2026 03 12 12:13:20:434,-3.9334,-6.78875,"0,92",33,5,"55,68","0,13","214,48","3,85","281,25"
2026 03 12 12:13:20:436,-3.9675,-6.70125,"0,92",33,5,"55,68","0,13","214,48","3,85","332,03"
2026 03 12 12:13:20:438,-3.9675,-6.78875,"0,92",33,5,"55,68","0,13","214,48","3,85","347,66"
2026 03 12 12:13:20:440,-3.9675,-6.78875,"0,92",33,5,"55,68","0,13","214,48","3,85","285,16"
2026 03 12 12:13:20:442,-3.9675,-6.78875,"0,92",33,5,"55,68","0,13","214,48","3,85","363,28"
2026 03 12 12:13:20:444,-3.9675,-6.78875,"0,92",33,5,"55,68","0,13","214,48","3,85","414,06"
2026 03 12 12:13:20:446,-3.9675,-6.78875,"0,92",33,5,"55,68","0,13","214,48","3,85","281,25"
2026 03 12 12:13:20:448,-3.9985,-6.78875,"0,92",33,5,"55,68","0,13","214,48","3,85","335,94"
2026 03 12 12:13:20:450,-3.9985,-6.78875,"0,92",33,5,"55,68","0,13","214,48","3,85","429,69"
2026 03 12 12:13:20:452,-3.9675,-6.70125,"0,92",33,5,"55,68","0,13","214,48","3,85","328,13"
2026 03 12 12:13:20:454,-3.9334,-6.78875,"0,92",33,5,"55,68","0,13","214,48","3,85","312,5"
2026 03 12 12:13:20:456,-3.9675,-6.78875,"0,92",33,5,"55,68","0,13","214,48","3,85","398,44"
2026 03 12 12:13:20:458,-3.9675,-6.78875,"0,92",33,5,"55,68","0,13","214,48","3,85","339,84"
2026 03 12 12:13:20:460,-3.9675,-6.70125,"0,92",33,5,"55,68","0,13","214,48","3,85","242,19"
2026 03 12 12:13:20:462,-3.9675,-6.78875,"0,92",33,5,"55,68","0,13","214,48","3,85","300,78"
2026 03 12 12:13:20:464,-3.9675,-6.78875,"0,92",33,5,"55,68","0,13","214,48","3,85","351,56"
2026 03 12 12:13:20:466,-3.9675,-6.70125,"0,92",33,5,"55,68","0,13","214,48","3,85","320,31"
2026 03 12 12:13:20:468,-3.9985,-6.78875,"0,92",33,5,"55,68","0,13","214,48","3,85","320,31"
2026 03 12 12:13:20:470,-3.9985,-6.70125,"0,92",33,5,"55,68","0,13","214,48","3,85","437,5"
2026 03 12 12:13:20:472,-3.9675,-6.78875,"0,92",33,5,"55,68","0,13","214,48","3,85","378,91"
2026 03 12 12:13:20:474,-3.9675,-6.78875,"0,92",33,5,"55,68","0,13","214,48","3,85","285,16"
2026 03 12 12:13:20:476,-3.9675,-6.78875,"0,92",33,5,"55,68","0,13","214,48","3,85","429,69"
2026 03 12 12:13:20:478,-3.9334,-6.78875,"0,92",33,5,"55,68","0,13","214,48","3,85","406,25"
2026 03 12 12:13:20:480,-3.9675,-6.70125,"0,92",33,5,"55,68","0,13","214,48","3,85","269,53"
2026 03 12 12:13:20:482,-3.9675,-6.87625,"0,92",33,5,"55,68","0,13","214,48","3,85","332,03"
2026 03 12 12:13:20:484,-3.9675,-6.78875,"0,92",33,5,"55,68","0,13","214,48","3,85","339,84"
2026 03 12 12:13:20:486,-3.9675,-6.78875,"0,92",33,5,"55,68","0,13","214,48","3,85","296,88"
2026 03 12 12:13:20:488,-3.9675,-6.78875,"0,92",33,5,"55,68","0,13","214,48","3,85","261,72"
2026 03 12 12:13:20:490,-3.9675,-6.78875,"0,92",33,5,"55,68","0,13","214,48","3,85","363,28"
2026 03 12 12:13:20:492,-3.9675,-6.87625,"0,92",33,5,"55,68","0,13","214,48","3,85","359,38"
2026 03 12 12:13:20:494,-3.9334,-6.78875,"0,92",33,5,"55,68","0,13","214,48","3,85","308,59"
2026 03 12 12:13:20:496,-3.9675,-6.87625,"0,92",33,5,"55,68","0,13","214,48","3,85","417,97"
2026 03 12 12:13:20:498,-3.9675,-6.78875,"0,92",33,5,"55,68","0,13","214,48","3,85","441,41"
2026 03 12 12:13:20:500,-3.9675,-6.78875,"0,92",33,5,"55,68","0,13","214,48","3,85","292,97"
2026 03 12 12:13:20:502,-3.9675,-6.87625,"0,92",33,5,"55,68","0,13","214,48","3,85","343,75"
2026 03 12 12:13:20:504,-3.9675,-6.70125,"0,92",33,5,"55,68","0,13","214,48","3,85","414,06"
2026 03 12 12:13:20:506,-3.9334,-6.70125,"0,92",33,5,"55,68","0,13","214,48","3,85","320,31"
2026 03 12 12:13:20:508,-3.9985,-6.70125,"0,92",33,5,"55,68","0,13","214,48","3,85","308,59"
2026 03 12 12:13:20:510,-3.9675,-6.78875,"0,92",33,5,"55,68","0,13","214,48","3,85","355,47"
2026 03 12 12:13:20:512,-3.9334,-6.70125,"0,92",33,5,"55,68","0,13","214,48","3,85","320,31"
2026 03 12 12:13:20:514,-3.9675,-6.70125,"0,92",33,5,"55,68","0,13","214,48","3,85","292,97"
2026 03 12 12:13:20:516,-3.9675,-6.70125,"0,92",33,5,"55,68","0,13","214,48","3,85","308,59"
2026 03 12 12:13:20:518,-3.9675,-6.78875,"0,92",33,5,"55,68","0,13","214,48","3,85","386,72"
2026 03 12 12:13:20:520,-3.9675,-6.70125,"0,92",33,5,"55,68","0,13","214,48","3,85","324,22"
2026 03 12 12:13:20:522,-3.9985,-6.78875,"0,92",33,5,"55,68","0,13","214,48","3,85","335,94"
2026 03 12 12:13:20:524,-3.9675,-6.78875,"0,92",33,5,"55,68","0,13","214,48","3,85","445,31"
2026 03 12 12:13:20:526,-3.9675,-6.87625,"0,92",33,5,"55,68","0,13","214,48","3,85","363,28"
2026 03 12 12:13:20:528,-3.9675,-6.78875,"0,92",33,5,"55,68","0,13","214,48","3,85","300,78"
2026 03 12 12:13:20:530,-3.9675,-6.78875,"0,92",33,5,"55,68","0,13","214,48","3,85","441,41"
2026 03 12 12:13:20:532,-3.9675,-6.87625,"0,92",33,5,"55,68","0,13","214,48","3,85","406,25"
2026 03 12 12:13:20:534,-3.9985,-6.78875,"0,92",33,5,"55,68","0,13","214,48","3,85","320,31"
2026 03 12 12:13:20:536,-3.9985,-6.78875,"0,92",33,5,"55,68","0,13","214,48","3,85","359,38"
2026 03 12 12:13:20:538,-3.9985,-6.78875,"0,92",33,5,"55,68","0,13","214,48","3,85",375
2026 03 12 12:13:20:540,-3.9675,-6.78875,"0,92",33,5,"55,68","0,13","214,48","3,85","277,34"
2026 03 12 12:13:20:542,-3.9985,-6.87625,"0,92",33,5,"55,68","0,13","214,48","3,85","312,5"
2026 03 12 12:13:20:544,-3.9334,-6.78875,"0,92",33,5,"55,68","0,13","214,48","3,85","363,28"
2026 03 12 12:13:20:546,-3.9675,-6.70125,"0,92",33,5,"55,68","0,13","214,48","3,85","367,19"
2026 03 12 12:13:20:548,-3.9675,-6.78875,"0,92",33,5,"55,68","0,13","214,48","3,85","355,47"
2026 03 12 12:13:20:550,-3.9675,-6.70125,"0,92",33,5,"55,68","0,13","214,48","3,85","429,69"
2026 03 12 12:13:20:552,-3.9675,-6.78875,"0,92",33,5,"55,68","0,13","214,48","3,85","464,84"
2026 03 12 12:13:20:554,-3.9985,-6.78875,"0,92",33,5,"55,68","0,13","214,48","3,85","343,75"
2026 03 12 12:13:20:556,-3.9675,-6.70125,"0,92",33,5,"55,68","0,13","214,48","3,85","343,75"
2026 03 12 12:13:20:558,-3.9675,-6.70125,"0,92",33,5,"55,68","0,13","214,48","3,85","468,75"
2026 03 12 12:13:20:560,-3.9675,-6.70125,"0,92",33,5,"55,68","0,13","214,48","3,85","371,09"
2026 03 12 12:13:20:562,-3.9675,-6.78875,"0,92",33,5,"55,68","0,13","214,48","3,85","269,53"
2026 03 12 12:13:20:564,-3.9334,-6.78875,"0,92",33,5,"55,68","0,13","214,48","3,85","378,91"
2026 03 12 12:13:20:566,-3.9675,-6.78875,"0,92",33,5,"55,68","0,13","214,48","3,85","382,81"
2026 03 12 12:13:20:568,-3.9675,-6.70125,"0,92",33,5,"55,68","0,13","214,48","3,85","296,88"
2026 03 12 12:13:20:570,-3.9675,-6.78875,"0,92",33,5,"55,68","0,13","214,48","3,85",375
2026 03 12 12:13:20:572,-3.9675,-6.78875,"0,92",33,5,"55,68","0,13","214,48","3,85","386,72"
2026 03 12 12:13:20:574,-3.9675,-6.78875,"0,92",33,5,"55,68","0,13","214,48","3,85","378,91"
2026 03 12 12:13:20:576,-3.9675,-6.78875,"0,92",33,5,"55,68","0,13","214,48","3,85","382,81"
2026 03 12 12:13:20:578,-3.9675,-6.78875,"0,92",33,5,"55,68","0,13","214,48","3,85","425,78"
2026 03 12 12:13:20:580,-3.9985,-6.78875,"0,92",33,5,"55,68","0,13","214,48","3,85","425,78"
2026 03 12 12:13:20:582,-3.9675,-6.70125,"0,92",33,5,"55,68","0,13","214,48","3,85","355,47"
2026 03 12 12:13:20:584,-3.9675,-6.78875,"0,92",33,5,"55,68","0,13","214,48","3,85","359,38"
2026 03 12 12:13:20:586,-3.9675,-6.78875,"0,92",33,5,"55,68","0,13","214,48","3,85","398,44"
2026 03 12 12:13:20:588,-3.9675,-6.78875,"0,92",33,5,"55,68","0,13","214,48","3,85","332,03"
2026 03 12 12:13:20:590,-3.9675,-6.87625,"0,92",33,5,"55,68","0,13","214,48","3,85","378,91"
2026 03 12 12:13:20:592,-3.9675,-6.70125,"0,92",33,5,"55,68","0,13","214,48","3,85","398,44"
2026 03 12 12:13:20:594,-3.9675,-6.70125,"0,92",33,5,"55,68","0,13","214,48","3,85","378,91"
2026 03 12 12:13:20:596,-3.9675,-6.78875,"0,92",33,5,"55,68","0,13","214,48","3,85","390,63"
2026 03 12 12:13:20:598,-3.9675,-6.70125,"0,92",33,5,"55,68","0,13","214,48","3,85","406,25"
2026 03 12 12:13:20:600,-3.9675,-6.70125,"0,92",33,5,"55,68","0,13","214,48","3,85","371,09"
2026 03 12 12:13:20:602,-3.9675,-6.78875,"0,92",33,5,"55,68","0,13","214,48","3,85","363,28"
2026 03 12 12:13:20:604,-3.9985,-6.78875,"0,92",33,5,"55,68","0,13","214,48","3,85","410,16"
2026 03 12 12:13:20:606,-3.9675,-6.78875,"0,92",33,5,"55,68","0,13","214,48","3,85","398,44"
2026 03 12 12:13:20:608,-3.9985,-6.78875,"0,92",33,5,"55,68","0,13","214,48","3,85","363,28"
2026 03 12 12:13:20:610,-3.9985,-6.78875,"0,92",33,5,"55,68","0,13","214,48","3,85","367,19"
2026 03 12 12:13:20:612,-3.9675,-6.78875,"0,92",33,5,"55,68","0,13","214,48","3,85","406,25"
2026 03 12 12:13:20:614,-3.9675,-6.78875,"0,92",33,5,"55,68","0,13","214,48","3,85","367,19"
2026 03 12 12:13:20:616,-3.9675,-6.78875,"0,92",33,5,"55,68","0,13","214,48","3,85","355,47"
2026 03 12 12:13:20:618,-3.9985,-6.78875,"0,92",33,5,"55,68","0,13","214,48","3,85","410,16"
2026 03 12 12:13:20:620,-3.9675,-6.78875,"0,92",33,5,"55,68","0,13","214,48","3,85","378,91"
2026 03 12 12:13:20:622,-3.9675,-6.70125,"0,92",33,5,"55,68","0,13","214,48","3,85","328,13"
2026 03 12 12:13:20:624,-3.9675,-6.78875,"0,92",33,5,"55,68","0,13","214,48","3,85","363,28"
2026 03 12 12:13:20:626,-3.9985,-6.78875,"0,92",33,5,"55,68","0,13","214,48","3,85","390,63"
2026 03 12 12:13:20:628,-3.9334,-6.78875,"0,92",33,5,"55,68","0,13","214,48","3,85","335,94"
2026 03 12 12:13:20:630,-3.9675,-6.78875,"0,92",33,5,"55,68","0,13","214,48","3,85","363,28"
2026 03 12 12:13:20:632,-3.9675,-6.78875,"0,92",33,5,"55,68","0,13","214,48","3,85","414,06"
2026 03 12 12:13:20:634,-3.9675,-6.87625,"0,92",33,5,"55,68","0,13","214,48","3,85","382,81"
2026 03 12 12:13:20:636,-3.9985,-6.78875,"0,93",45,6,"81,8","-0,73","238,78","2,92","378,91"
2026 03 12 12:13:20:638,-3.9675,-6.78875,"0,93",45,6,"81,8","-0,73","238,78","2,92","410,16"
2026 03 12 12:13:20:640,-3.9985,-6.78875,"0,93",45,6,"81,8","-0,73","238,78","2,92","382,81"
2026 03 12 12:13:20:642,-3.9675,-6.78875,"0,93",45,6,"81,8","-0,73","238,78","2,92","347,66"
2026 03 12 12:13:20:644,-3.9675,-6.78875,"0,93",45,6,"81,8","-0,73","238,78","2,92","363,28"
2026 03 12 12:13:20:646,-3.9334,-6.78875,"0,93",45,6,"81,8","-0,73","238,78","2,92","402,34"
2026 03 12 12:13:20:648,-3.9675,-6.78875,"0,93",45,6,"81,8","-0,73","238,78","2,92","371,09"
2026 03 12 12:13:20:650,-3.9675,-6.78875,"0,93",45,6,"81,8","-0,73","238,78","2,92","355,47"
2026 03 12 12:13:20:652,-3.9675,-6.78875,"0,93",45,6,"81,8","-0,73","238,78","2,92","382,81"
2026 03 12 12:13:20:654,-3.9985,-6.70125,"0,93",45,6,"81,8","-0,73","238,78","2,92","394,53"
2026 03 12 12:13:20:656,-3.9675,-6.78875,"0,93",45,6,"81,8","-0,73","238,78","2,92","367,19"
2026 03 12 12:13:20:658,-3.9675,-6.78875,"0,93",45,6,"81,8","-0,73","238,78","2,92","378,91"
2026 03 12 12:13:20:660,-3.9675,-6.70125,"0,93",45,6,"81,8","-0,73","238,78","2,92","367,19"
2026 03 12 12:13:20:662,-3.9675,-6.70125,"0,93",45,6,"81,8","-0,73","238,78","2,92","347,66"
2026 03 12 12:13:20:664,-3.9675,-6.87625,"0,93",45,6,"81,8","-0,73","238,78","2,92","359,38"
2026 03 12 12:13:20:666,-3.9985,-6.78875,"0,93",45,6,"81,8","-0,73","238,78","2,92","382,81"
2026 03 12 12:13:20:668,-3.9675,-6.78875,"0,93",45,6,"81,8","-0,73","238,78","2,92","359,38"
2026 03 12 12:13:20:670,-3.9675,-6.78875,"0,93",45,6,"81,8","-0,73","238,78","2,92","351,56"
2026 03 12 12:13:20:672,-3.9675,-6.70125,"0,93",45,6,"81,8","-0,73","238,78","2,92","371,09"
2026 03 12 12:13:20:674,-3.9675,-6.78875,"0,93",45,6,"81,8","-0,73","238,78","2,92","378,91"
2026 03 12 12:13:20:676,-3.9334,-6.78875,"0,93",45,6,"81,8","-0,73","238,78","2,92","355,47"
2026 03 12 12:13:20:678,-3.9675,-6.78875,"0,93",45,6,"81,8","-0,73","238,78","2,92","355,47"
2026 03 12 12:13:20:680,-3.9675,-6.78875,"0,93",45,6,"81,8","-0,73","238,78","2,92","351,56"
2026 03 12 12:13:20:682,-3.9675,-6.78875,"0,93",45,6,"81,8","-0,73","238,78","2,92","343,75"
2026 03 12 12:13:20:684,-3.9675,-6.87625,"0,93",45,6,"81,8","-0,73","238,78","2,92","339,84"
2026 03 12 12:13:20:686,-3.9675,-6.78875,"0,93",45,6,"81,8","-0,73","238,78","2,92","363,28"
2026 03 12 12:13:20:688,-3.9675,-6.78875,"0,93",45,6,"81,8","-0,73","238,78","2,92","355,47"
2026 03 12 12:13:20:690,-3.9675,-6.78875,"0,93",45,6,"81,8","-0,73","238,78","2,92","343,75"
2026 03 12 12:13:20:692,-3.9675,-6.87625,"0,93",45,6,"81,8","-0,73","238,78","2,92","363,28"
2026 03 12 12:13:20:694,-3.9675,-6.87625,"0,93",45,6,"81,8","-0,73","238,78","2,92","378,91"
2026 03 12 12:13:20:696,-3.9675,-6.78875,"0,93",45,6,"81,8","-0,73","238,78","2,92","347,66"
2026 03 12 12:13:20:698,-3.9675,-6.70125,"0,93",45,6,"81,8","-0,73","238,78","2,92","343,75"
2026 03 12 12:13:20:700,-3.9675,-6.78875,"0,93",45,6,"81,8","-0,73","238,78","2,92","339,84"
2026 03 12 12:13:20:702,-3.9675,-6.70125,"0,93",45,6,"81,8","-0,73","238,78","2,92","335,94"
2026 03 12 12:13:20:704,-3.9985,-6.78875,"0,93",45,6,"81,8","-0,73","238,78","2,92","320,31"
2026 03 12 12:13:20:706,-3.9675,-6.78875,"0,93",45,6,"81,8","-0,73","238,78","2,92","343,75"
2026 03 12 12:13:20:708,-3.9675,-6.78875,"0,93",45,6,"81,8","-0,73","238,78","2,92","343,75"
2026 03 12 12:13:20:710,-3.9675,-6.78875,"0,93",45,6,"81,8","-0,73","238,78","2,92","335,94"
2026 03 12 12:13:20:712,-3.9985,-6.78875,"0,93",45,6,"81,8","-0,73","238,78","2,92","347,66"
2026 03 12 12:13:20:714,-3.9985,-6.78875,"0,93",45,6,"81,8","-0,73","238,78","2,92","367,19"
2026 03 12 12:13:20:716,-3.9675,-6.87625,"0,93",45,6,"81,8","-0,73","238,78","2,92","351,56"
2026 03 12 12:13:20:718,-3.9675,-6.78875,"0,93",45,6,"81,8","-0,73","238,78","2,92","343,75"
2026 03 12 12:13:20:720,-3.9675,-6.78875,"0,93",45,6,"81,8","-0,73","238,78","2,92","339,84"
2026 03 12 12:13:20:722,-3.9675,-6.78875,"0,93",45,6,"81,8","-0,73","238,78","2,92","324,22"
2026 03 12 12:13:20:724,-3.9334,-6.87625,"0,93",45,6,"81,8","-0,73","238,78","2,92","312,5"
2026 03 12 12:13:20:726,-3.9675,-6.78875,"0,93",45,6,"81,8","-0,73","238,78","2,92","328,13"
2026 03 12 12:13:20:728,-3.9675,-6.78875,"0,93",45,6,"81,8","-0,73","238,78","2,92","328,13"
2026 03 12 12:13:20:730,-3.9675,-6.78875,"0,93",45,6,"81,8","-0,73","238,78","2,92","320,31"
2026 03 12 12:13:20:732,-3.9985,-6.78875,"0,93",45,6,"81,8","-0,73","238,78","2,92","324,22"
2026 03 12 12:13:20:734,-3.9675,-6.78875,"0,93",45,6,"81,8","-0,73","238,78","2,92","351,56"
2026 03 12 12:13:20:736,-3.9334,-6.78875,"0,93",45,6,"81,8","-0,73","238,78","2,92","328,13"
2026 03 12 12:13:20:738,-3.9334,-6.78875,"0,93",45,6,"81,8","-0,73","238,78","2,92","316,41"
2026 03 12 12:13:20:740,-3.9675,-6.78875,"0,93",45,6,"81,8","-0,73","238,78","2,92","324,22"
2026 03 12 12:13:20:742,-3.9985,-6.78875,"0,93",45,6,"81,8","-0,73","238,78","2,92","312,5"
2026 03 12 12:13:20:744,-3.9675,-6.78875,"0,93",45,6,"81,8","-0,73","238,78","2,92","296,88"
2026 03 12 12:13:20:746,-3.9675,-6.78875,"0,93",45,6,"81,8","-0,73","238,78","2,92","320,31"
2026 03 12 12:13:20:748,-3.9675,-6.70125,"0,93",45,6,"81,8","-0,73","238,78","2,92","316,41"
2026 03 12 12:13:20:750,-3.9675,-6.78875,"0,93",45,6,"81,8","-0,73","238,78","2,92","292,97"
2026 03 12 12:13:20:752,-3.9675,-6.78875,"0,93",45,6,"81,8","-0,73","238,78","2,92","304,69"
2026 03 12 12:13:20:754,-3.9675,-6.78875,"0,93",45,6,"81,8","-0,73","238,78","2,92","335,94"
2026 03 12 12:13:20:756,-3.9675,-6.70125,"0,93",45,6,"81,8","-0,73","238,78","2,92","308,59"
2026 03 12 12:13:20:758,-3.9675,-6.78875,"0,93",45,6,"81,8","-0,73","238,78","2,92","296,88"
2026 03 12 12:13:20:760,-3.9675,-6.78875,"0,93",45,6,"81,8","-0,73","238,78","2,92","300,78"
2026 03 12 12:13:20:762,-3.9675,-6.70125,"0,93",45,6,"81,8","-0,73","238,78","2,92","296,88"
2026 03 12 12:13:20:764,-3.9985,-6.87625,"0,93",45,6,"81,8","-0,73","238,78","2,92","285,16"
2026 03 12 12:13:20:766,-3.9985,-6.78875,"0,93",45,6,"81,8","-0,73","238,78","2,92","300,78"
2026 03 12 12:13:20:768,-3.9675,-6.78875,"0,93",45,6,"81,8","-0,73","238,78","2,92","304,69"
2026 03 12 12:13:20:770,-3.9675,-6.78875,"0,93",45,6,"81,8","-0,73","238,78","2,92","289,06"
2026 03 12 12:13:20:772,-3.9675,-6.78875,"0,93",45,6,"81,8","-0,73","238,78","2,92","296,88"
2026 03 12 12:13:20:774,-3.9675,-6.78875,"0,93",45,6,"81,8","-0,73","238,78","2,92","324,22"
2026 03 12 12:13:20:776,-3.9675,-6.78875,"0,93",45,6,"81,8","-0,73","238,78","2,92","308,59"
2026 03 12 12:13:20:778,-3.9334,-6.87625,"0,93",45,6,"81,8","-0,73","238,78","2,92","292,97"
2026 03 12 12:13:20:780,-3.9334,-6.78875,"0,93",45,6,"81,8","-0,73","238,78","2,92","289,06"
2026 03 12 12:13:20:782,-3.9675,-6.78875,"0,93",45,6,"81,8","-0,73","238,78","2,92","285,16"
2026 03 12 12:13:20:784,-3.9675,-6.87625,"0,93",45,6,"81,8","-0,73","238,78","2,92","285,16"
2026 03 12 12:13:20:786,-3.9985,-6.78875,"0,93",45,6,"81,8","-0,73","238,78","2,92","292,97"
2026 03 12 12:13:20:788,-3.9675,-6.78875,"0,93",45,6,"81,8","-0,73","238,78","2,92","296,88"
2026 03 12 12:13:20:790,-3.9675,-6.78875,"0,93",45,6,"81,8","-0,73","238,78","2,92","292,97"
2026 03 12 12:13:20:792,-3.9675,-6.70125,"0,93",45,6,"81,8","-0,73","238,78","2,92","285,16"
2026 03 12 12:13:20:794,-3.9334,-6.78875,"0,93",45,6,"81,8","-0,73","238,78","2,92","320,31"
2026 03 12 12:13:20:796,-3.9675,-6.78875,"0,93",45,6,"81,8","-0,73","238,78","2,92","296,88"
2026 03 12 12:13:20:798,-3.9675,-6.78875,"0,93",45,6,"81,8","-0,73","238,78","2,92","285,16"
2026 03 12 12:13:20:800,-3.9675,-6.78875,"0,93",45,6,"81,8","-0,73","238,78","2,92","285,16"
2026 03 12 12:13:20:802,-3.9675,-6.78875,"0,93",45,6,"81,8","-0,73","238,78","2,92","269,53"
2026 03 12 12:13:20:804,-3.9675,-6.78875,"0,93",45,6,"81,8","-0,73","238,78","2,92","273,44"
2026 03 12 12:13:20:806,-3.9675,-6.78875,"0,93",45,6,"81,8","-0,73","238,78","2,92","285,16"
2026 03 12 12:13:20:808,-3.9985,-6.78875,"0,93",45,6,"81,8","-0,73","238,78","2,92","277,34"
2026 03 12 12:13:20:810,-3.9985,-6.78875,"0,93",45,6,"81,8","-0,73","238,78","2,92","273,44"
2026 03 12 12:13:20:812,-3.9675,-6.78875,"0,93",45,6,"81,8","-0,73","238,78","2,92","277,34"
2026 03 12 12:13:20:814,-3.9334,-6.70125,"0,93",45,6,"81,8","-0,73","238,78","2,92","300,78"
2026 03 12 12:13:20:816,-3.9675,-6.78875,"0,93",45,6,"81,8","-0,73","238,78","2,92","285,16"
2026 03 12 12:13:20:818,-3.9675,-6.78875,"0,93",45,6,"81,8","-0,73","238,78","2,92","265,63"
2026 03 12 12:13:20:820,-3.9334,-6.78875,"0,93",45,6,"81,8","-0,73","238,78","2,92","265,63"
2026 03 12 12:13:20:822,-3.9675,-6.78875,"0,93",45,6,"81,8","-0,73","238,78","2,92","253,91"
2026 03 12 12:13:20:824,-3.9675,-6.78875,"0,93",45,6,"81,8","-0,73","238,78","2,92","253,91"
2026 03 12 12:13:20:826,-3.9675,-6.78875,"0,93",45,6,"81,8","-0,73","238,78","2,92","265,63"
2026 03 12 12:13:20:828,-3.9675,-6.78875,"0,93",45,6,"81,8","-0,73","238,78","2,92","261,72"
2026 03 12 12:13:20:830,-3.9334,-6.78875,"0,93",45,6,"81,8","-0,73","238,78","2,92","257,81"
2026 03 12 12:13:20:832,-3.9675,-6.78875,"0,93",45,6,"81,8","-0,73","238,78","2,92","265,63"
2026 03 12 12:13:20:834,-3.9675,-6.78875,"0,93",45,6,"81,8","-0,73","238,78","2,92","281,25"
2026 03 12 12:13:20:836,-3.9675,-6.70125,"0,93",45,6,"81,8","-0,73","238,78","2,92","273,44"
2026 03 12 12:13:20:838,-3.9675,-6.78875,"0,93",45,6,"81,8","-0,73","238,78","2,92","257,81"
2026 03 12 12:13:20:840,-3.9334,-6.70125,"0,93",45,6,"81,8","-0,73","238,78","2,92","253,91"
2026 03 12 12:13:20:842,-3.9675,-6.78875,"0,93",45,6,"81,8","-0,73","238,78","2,92",250
2026 03 12 12:13:20:844,-3.9675,-6.78875,"0,93",45,6,"81,8","-0,73","238,78","2,92",250
2026 03 12 12:13:20:846,-3.9675,-6.78875,"0,93",45,6,"81,8","-0,73","238,78","2,92","261,72"
2026 03 12 12:13:20:848,-3.9675,-6.78875,"0,93",45,6,"81,8","-0,73","238,78","2,92","253,91"
2026 03 12 12:13:20:850,-3.9675,-6.78875,"0,93",45,6,"81,8","-0,73","238,78","2,92","253,91"
2026 03 12 12:13:20:852,-3.9334,-6.78875,"0,93",45,6,"81,8","-0,73","238,78","2,92","257,81"
2026 03 12 12:13:20:854,-3.9675,-6.70125,"0,93",45,6,"81,8","-0,73","238,78","2,92","273,44"
2026 03 12 12:13:20:856,-3.9334,-6.78875,"0,93",45,6,"81,8","-0,73","238,78","2,92","265,63"
2026 03 12 12:13:20:858,-3.9024,-6.78875,"0,93",45,6,"81,8","-0,73","238,78","2,92","257,81"
2026 03 12 12:13:20:860,-3.9675,-6.78875,"0,93",45,6,"81,8","-0,73","238,78","2,92","242,19"
2026 03 12 12:13:20:862,-3.9675,-6.70125,"0,93",45,6,"81,8","-0,73","238,78","2,92","242,19"
2026 03 12 12:13:20:864,-3.9675,-6.78875,"0,93",45,6,"81,8","-0,73","238,78","2,92","242,19"
2026 03 12 12:13:20:866,-3.9675,-6.78875,"0,93",45,6,"81,8","-0,73","238,78","2,92",250
2026 03 12 12:13:20:868,-3.9334,-6.70125,"0,93",45,6,"81,8","-0,73","238,78","2,92","242,19"
2026 03 12 12:13:20:870,-3.9675,-6.78875,"0,93",45,6,"81,8","-0,73","238,78","2,92","246,09"
2026 03 12 12:13:20:872,-3.9675,-6.78875,"0,93",45,6,"81,8","-0,73","238,78","2,92",250
2026 03 12 12:13:20:874,-3.9985,-6.78875,"0,93",45,6,"81,8","-0,73","238,78","2,92","261,72"
2026 03 12 12:13:20:876,-3.9675,-6.87625,"0,93",45,6,"81,8","-0,73","238,78","2,92","253,91"
2026 03 12 12:13:20:878,-3.9675,-6.78875,"0,93",45,6,"81,8","-0,73","238,78","2,92","246,09"
2026 03 12 12:13:20:880,-3.9985,-6.78875,"0,93",45,6,"81,8","-0,73","238,78","2,92","226,56"
2026 03 12 12:13:20:882,-3.9334,-6.78875,"0,93",45,6,"81,8","-0,73","238,78","2,92","226,56"
2026 03 12 12:13:20:884,-3.9675,-6.87625,"0,93",45,6,"81,8","-0,73","238,78","2,92","234,38"
2026 03 12 12:13:20:886,-3.9675,-6.78875,"0,93",45,6,"81,8","-0,73","238,78","2,92","238,28"
2026 03 12 12:13:20:888,-3.9675,-6.78875,"0,93",45,6,"81,8","-0,73","238,78","2,92","230,47"
2026 03 12 12:13:20:890,-3.9675,-6.78875,"0,93",45,6,"81,8","-0,73","238,78","2,92","234,38"
2026 03 12 12:13:20:892,-3.9675,-6.70125,"0,93",45,6,"81,8","-0,73","238,78","2,92","234,38"
2026 03 12 12:13:20:894,-3.9675,-6.78875,"0,93",45,6,"81,8","-0,73","238,78","2,92",250
2026 03 12 12:13:20:896,-3.9675,-6.78875,"0,93",45,6,"81,8","-0,73","238,78","2,92","242,19"
2026 03 12 12:13:20:898,-3.9675,-6.78875,"0,93",45,6,"81,8","-0,73","238,78","2,92","230,47"
2026 03 12 12:13:20:900,-3.9675,-6.78875,"0,93",45,6,"81,8","-0,73","238,78","2,92","218,75"
2026 03 12 12:13:20:902,-3.9985,-6.70125,"0,93",45,6,"81,8","-0,73","238,78","2,92","214,84"
2026 03 12 12:13:20:904,-3.9675,-6.87625,"0,93",45,6,"81,8","-0,73","238,78","2,92","218,75"
2026 03 12 12:13:20:906,-3.9675,-6.70125,"0,93",45,6,"81,8","-0,73","238,78","2,92","226,56"
2026 03 12 12:13:20:908,-3.9675,-6.78875,"0,93",45,6,"81,8","-0,73","238,78","2,92","222,66"
2026 03 12 12:13:20:910,-3.9675,-6.78875,"0,93",45,6,"81,8","-0,73","238,78","2,92","226,56"
2026 03 12 12:13:20:912,-3.9675,-6.78875,"0,93",45,6,"81,8","-0,73","238,78","2,92","226,56"
2026 03 12 12:13:20:914,-3.9675,-6.78875,"0,93",45,6,"81,8","-0,73","238,78","2,92","242,19"
2026 03 12 12:13:20:916,-3.9675,-6.78875,"0,93",45,6,"81,8","-0,73","238,78","2,92","238,28"
2026 03 12 12:13:20:918,-3.9675,-6.78875,"0,93",45,6,"81,8","-0,73","238,78","2,92","222,66"
2026 03 12 12:13:20:920,-3.9675,-6.78875,"0,93",45,6,"81,8","-0,73","238,78","2,92","210,94"
2026 03 12 12:13:20:922,-3.9675,-6.78875,"0,93",45,6,"81,8","-0,73","238,78","2,92","210,94"
2026 03 12 12:13:20:924,-3.9675,-6.70125,"0,93",45,6,"81,8","-0,73","238,78","2,92","214,84"
2026 03 12 12:13:20:926,-3.9675,-6.78875,"0,93",45,6,"81,8","-0,73","238,78","2,92","218,75"
2026 03 12 12:13:20:928,-3.9675,-6.78875,"0,93",45,6,"81,8","-0,73","238,78","2,92","214,84"
2026 03 12 12:13:20:930,-3.9675,-6.87625,"0,93",45,6,"81,8","-0,73","238,78","2,92","214,84"
2026 03 12 12:13:20:932,-3.9675,-6.70125,"0,93",45,6,"81,8","-0,73","238,78","2,92","218,75"
2026 03 12 12:13:20:934,-3.9985,-6.78875,"0,93",45,6,"81,8","-0,73","238,78","2,92","234,38"
2026 03 12 12:13:20:936,-3.9675,-6.70125,"1,07",50,8,"74,46","-0,59","222,17","2,98","226,56"
2026 03 12 12:13:20:938,-3.9675,-6.78875,"1,07",50,8,"74,46","-0,59","222,17","2,98","214,84"
2026 03 12 12:13:20:940,-3.9675,-6.78875,"1,07",50,8,"74,46","-0,59","222,17","2,98","203,13"
2026 03 12 12:13:20:942,-3.9675,-6.70125,"1,07",50,8,"74,46","-0,59","222,17","2,98","203,13"
2026 03 12 12:13:20:944,-3.9334,-6.78875,"1,07",50,8,"74,46","-0,59","222,17","2,98","210,94"
2026 03 12 12:13:20:946,-3.9675,-6.70125,"1,07",50,8,"74,46","-0,59","222,17","2,98","207,03"
2026 03 12 12:13:20:948,-3.9675,-6.78875,"1,07",50,8,"74,46","-0,59","222,17","2,98","207,03"
2026 03 12 12:13:20:950,-3.9334,-6.78875,"1,07",50,8,"74,46","-0,59","222,17","2,98","207,03"
2026 03 12 12:13:20:952,-3.9675,-6.78875,"1,07",50,8,"74,46","-0,59","222,17","2,98","207,03"
2026 03 12 12:13:20:954,-3.9675,-6.87625,"1,07",50,8,"74,46","-0,59","222,17","2,98","226,56"
2026 03 12 12:13:20:956,-3.9675,-6.78875,"1,07",50,8,"74,46","-0,59","222,17","2,98","218,75"
2026 03 12 12:13:20:958,-3.9675,-6.78875,"1,07",50,8,"74,46","-0,59","222,17","2,98","207,03"
2026 03 12 12:13:20:960,-3.9675,-6.78875,"1,07",50,8,"74,46","-0,59","222,17","2,98","195,31"
2026 03 12 12:13:20:962,-3.9334,-6.87625,"1,07",50,8,"74,46","-0,59","222,17","2,98","195,31"
2026 03 12 12:13:20:964,-3.9675,-6.78875,"1,07",50,8,"74,46","-0,59","222,17","2,98","199,22"
2026 03 12 12:13:20:966,-3.9675,-6.78875,"1,07",50,8,"74,46","-0,59","222,17","2,98","199,22"
2026 03 12 12:13:20:968,-3.9985,-6.78875,"1,07",50,8,"74,46","-0,59","222,17","2,98","195,31"
2026 03 12 12:13:20:970,-3.9985,-6.78875,"1,07",50,8,"74,46","-0,59","222,17","2,98","195,31"
2026 03 12 12:13:20:972,-3.9675,-6.78875,"1,07",50,8,"74,46","-0,59","222,17","2,98","199,22"
2026 03 12 12:13:20:974,-3.9675,-6.87625,"1,07",50,8,"74,46","-0,59","222,17","2,98","210,94"
2026 03 12 12:13:20:976,-3.9675,-6.87625,"1,07",50,8,"74,46","-0,59","222,17","2,98","210,94"
2026 03 12 12:13:20:978,-3.9675,-6.78875,"1,07",50,8,"74,46","-0,59","222,17","2,98","191,41"
2026 03 12 12:13:20:980,-3.9675,-6.78875,"1,07",50,8,"74,46","-0,59","222,17","2,98","175,78"
2026 03 12 12:13:20:982,-3.9334,-6.78875,"1,07",50,8,"74,46","-0,59","222,17","2,98","183,59"
2026 03 12 12:13:20:984,-3.9675,-6.78875,"1,07",50,8,"74,46","-0,59","222,17","2,98","187,5"
2026 03 12 12:13:20:986,-3.9675,-6.87625,"1,07",50,8,"74,46","-0,59","222,17","2,98","183,59"
2026 03 12 12:13:20:988,-3.9334,-6.78875,"1,07",50,8,"74,46","-0,59","222,17","2,98","187,5"
2026 03 12 12:13:20:990,-3.9334,-6.78875,"1,07",50,8,"74,46","-0,59","222,17","2,98","187,5"
2026 03 12 12:13:20:992,-3.9985,-6.78875,"1,07",50,8,"74,46","-0,59","222,17","2,98","187,5"
2026 03 12 12:13:20:994,-3.9985,-6.78875,"1,07",50,8,"74,46","-0,59","222,17","2,98","207,03"
2026 03 12 12:13:20:996,-3.9675,-6.78875,"1,07",50,8,"74,46","-0,59","222,17","2,98","203,13"
2026 03 12 12:13:20:998,-3.9675,-6.78875,"1,07",50,8,"74,46","-0,59","222,17","2,98","187,5"
2026 03 12 12:13:21:000,-3.9675,-6.78875,"1,07",50,8,"74,46","-0,59","222,17","2,98","175,78"
2026 03 12 12:13:21:002,-3.9675,-6.87625,"1,07",50,8,"74,46","-0,59","222,17","2,98","179,69"
2026 03 12 12:13:21:004,-3.9985,-6.78875,"1,07",50,8,"74,46","-0,59","222,17","2,98","183,59"
2026 03 12 12:13:21:006,-3.9675,-6.78875,"1,07",50,8,"74,46","-0,59","222,17","2,98","179,69"
2026 03 12 12:13:21:008,-3.9675,-6.78875,"1,07",50,8,"74,46","-0,59","222,17","2,98","183,59"
2026 03 12 12:13:21:010,-3.9675,-6.78875,"1,07",50,8,"74,46","-0,59","222,17","2,98","183,59"
2026 03 12 12:13:21:012,-3.9675,-6.78875,"1,07",50,8,"74,46","-0,59","222,17","2,98","183,59"
2026 03 12 12:13:21:014,-3.9675,-6.78875,"1,07",50,8,"74,46","-0,59","222,17","2,98","203,13"
2026 03 12 12:13:21:016,-3.9985,-6.78875,"1,07",50,8,"74,46","-0,59","222,17","2,98","199,22"
2026 03 12 12:13:21:018,-3.9675,-6.78875,"1,07",50,8,"74,46","-0,59","222,17","2,98","179,69"
2026 03 12 12:13:21:020,-3.9675,-6.78875,"1,07",50,8,"74,46","-0,59","222,17","2,98","167,97"
2026 03 12 12:13:21:022,-3.9675,-6.87625,"1,07",50,8,"74,46","-0,59","222,17","2,98","171,88"
2026 03 12 12:13:21:024,-3.9985,-6.87625,"1,07",50,8,"74,46","-0,59","222,17","2,98","175,78"
2026 03 12 12:13:21:026,-3.9985,-6.78875,"1,07",50,8,"74,46","-0,59","222,17","2,98","171,88"
2026 03 12 12:13:21:028,-3.9985,-6.87625,"1,07",50,8,"74,46","-0,59","222,17","2,98","171,88"
2026 03 12 12:13:21:030,-3.9675,-6.78875,"1,07",50,8,"74,46","-0,59","222,17","2,98","171,88"
2026 03 12 12:13:21:032,-3.9985,-6.78875,"1,07",50,8,"74,46","-0,59","222,17","2,98","167,97"
2026 03 12 12:13:21:034,-3.9334,-6.78875,"1,07",50,8,"74,46","-0,59","222,17","2,98","187,5"
2026 03 12 12:13:21:036,-3.9675,-6.87625,"1,07",50,8,"74,46","-0,59","222,17","2,98","183,59"
2026 03 12 12:13:21:038,-3.9675,-6.78875,"1,07",50,8,"74,46","-0,59","222,17","2,98","164,06"
2026 03 12 12:13:21:040,-3.9334,-6.70125,"1,07",50,8,"74,46","-0,59","222,17","2,98","160,16"
2026 03 12 12:13:21:042,-3.9675,-6.78875,"1,07",50,8,"74,46","-0,59","222,17","2,98","160,16"
2026 03 12 12:13:21:044,-3.9675,-6.78875,"1,07",50,8,"74,46","-0,59","222,17","2,98","164,06"
2026 03 12 12:13:21:046,-3.9675,-6.78875,"1,07",50,8,"74,46","-0,59","222,17","2,98","164,06"
2026 03 12 12:13:21:048,-3.9675,-6.70125,"1,07",50,8,"74,46","-0,59","222,17","2,98","164,06"
2026 03 12 12:13:21:050,-3.9675,-6.70125,"1,07",50,8,"74,46","-0,59","222,17","2,98","160,16"
2026 03 12 12:13:21:052,-3.9675,-6.78875,"1,07",50,8,"74,46","-0,59","222,17","2,98","160,16"
2026 03 12 12:13:21:054,-3.9675,-6.78875,"1,07",50,8,"74,46","-0,59","222,17","2,98","179,69"
2026 03 12 12:13:21:056,-3.9675,-6.78875,"1,07",50,8,"74,46","-0,59","222,17","2,98","171,88"
2026 03 12 12:13:21:058,-3.9675,-6.78875,"1,07",50,8,"74,46","-0,59","222,17","2,98","160,16"
2026 03 12 12:13:21:060,-3.9675,-6.78875,"1,07",50,8,"74,46","-0,59","222,17","2,98","152,34"
2026 03 12 12:13:21:062,-3.9675,-6.70125,"1,07",50,8,"74,46","-0,59","222,17","2,98","152,34"
2026 03 12 12:13:21:064,-3.9675,-6.87625,"1,07",50,8,"74,46","-0,59","222,17","2,98","156,25"
2026 03 12 12:13:21:066,-3.9675,-6.78875,"1,07",50,8,"74,46","-0,59","222,17","2,98","160,16"
2026 03 12 12:13:21:068,-3.9675,-6.87625,"1,07",50,8,"74,46","-0,59","222,17","2,98","156,25"
2026 03 12 12:13:21:070,-3.9985,-6.78875,"1,07",50,8,"74,46","-0,59","222,17","2,98","156,25"
2026 03 12 12:13:21:072,-3.9675,-6.78875,"1,07",50,8,"74,46","-0,59","222,17","2,98","156,25"
2026 03 12 12:13:21:074,-3.9985,-6.78875,"1,07",50,8,"74,46","-0,59","222,17","2,98","175,78"
2026 03 12 12:13:21:076,-3.9334,-6.87625,"1,07",50,8,"74,46","-0,59","222,17","2,98","175,78"
2026 03 12 12:13:21:078,-3.9675,-6.87625,"1,07",50,8,"74,46","-0,59","222,17","2,98","156,25"
2026 03 12 12:13:21:080,-3.9675,-6.70125,"1,07",50,8,"74,46","-0,59","222,17","2,98","144,53"
2026 03 12 12:13:21:082,-3.9675,-6.70125,"1,07",50,8,"74,46","-0,59","222,17","2,98","144,53"
2026 03 12 12:13:21:084,-3.9675,-6.78875,"1,07",50,8,"74,46","-0,59","222,17","2,98","152,34"
2026 03 12 12:13:21:086,-3.9675,-6.70125,"1,07",50,8,"74,46","-0,59","222,17","2,98","152,34"
2026 03 12 12:13:21:088,-3.9675,-6.78875,"1,07",50,8,"74,46","-0,59","222,17","2,98","148,44"
2026 03 12 12:13:21:090,-3.9985,-6.78875,"1,07",50,8,"74,46","-0,59","222,17","2,98","148,44"
2026 03 12 12:13:21:092,-3.9675,-6.70125,"1,07",50,8,"74,46","-0,59","222,17","2,98","148,44"
2026 03 12 12:13:21:094,-3.9675,-6.78875,"1,07",50,8,"74,46","-0,59","222,17","2,98","164,06"
2026 03 12 12:13:21:096,-3.9675,-6.78875,"1,07",50,8,"74,46","-0,59","222,17","2,98","164,06"
2026 03 12 12:13:21:098,-3.9675,-6.70125,"1,07",50,8,"74,46","-0,59","222,17","2,98","148,44"
2026 03 12 12:13:21:100,-3.9675,-6.78875,"1,07",50,8,"74,46","-0,59","222,17","2,98","136,72"
2026 03 12 12:13:21:102,-3.9675,-6.78875,"1,07",50,8,"74,46","-0,59","222,17","2,98","136,72"
2026 03 12 12:13:21:104,-3.9675,-6.70125,"1,07",50,8,"74,46","-0,59","222,17","2,98","144,53"
2026 03 12 12:13:21:106,-3.9675,-6.78875,"1,07",50,8,"74,46","-0,59","222,17","2,98","144,53"
2026 03 12 12:13:21:108,-3.9675,-6.78875,"1,07",50,8,"74,46","-0,59","222,17","2,98","140,63"
2026 03 12 12:13:21:110,-3.9334,-6.78875,"1,07",50,8,"74,46","-0,59","222,17","2,98","140,63"
2026 03 12 12:13:21:112,-3.9675,-6.78875,"1,07",50,8,"74,46","-0,59","222,17","2,98","140,63"
2026 03 12 12:13:21:114,-3.9334,-6.78875,"1,07",50,8,"74,46","-0,59","222,17","2,98","160,16"
2026 03 12 12:13:21:116,-3.9675,-6.78875,"1,07",50,8,"74,46","-0,59","222,17","2,98","156,25"
2026 03 12 12:13:21:118,-3.9985,-6.87625,"1,07",50,8,"74,46","-0,59","222,17","2,98","140,63"
2026 03 12 12:13:21:120,-3.9675,-6.87625,"1,07",50,8,"74,46","-0,59","222,17","2,98",125
2026 03 12 12:13:21:122,-3.9675,-6.78875,"1,07",50,8,"74,46","-0,59","222,17","2,98","128,91"
2026 03 12 12:13:21:124,-3.9675,-6.78875,"1,07",50,8,"74,46","-0,59","222,17","2,98","136,72"
2026 03 12 12:13:21:126,-3.9675,-6.78875,"1,07",50,8,"74,46","-0,59","222,17","2,98","132,81"
2026 03 12 12:13:21:128,-3.9675,-6.78875,"1,07",50,8,"74,46","-0,59","222,17","2,98","136,72"
2026 03 12 12:13:21:130,-3.9675,-6.78875,"1,07",50,8,"74,46","-0,59","222,17","2,98","136,72"
2026 03 12 12:13:21:132,-3.9675,-6.87625,"1,07",50,8,"74,46","-0,59","222,17","2,98","132,81"
2026 03 12 12:13:21:134,-3.9675,-6.78875,"1,07",50,8,"74,46","-0,59","222,17","2,98","152,34"
2026 03 12 12:13:21:136,-3.9675,-6.78875,"1,07",50,8,"74,46","-0,59","222,17","2,98","148,44"
2026 03 12 12:13:21:138,-3.9675,-6.87625,"1,07",50,8,"74,46","-0,59","222,17","2,98","132,81"
2026 03 12 12:13:21:140,-3.9675,-6.78875,"1,07",50,8,"74,46","-0,59","222,17","2,98","117,19"
2026 03 12 12:13:21:142,-3.9675,-6.78875,"1,07",50,8,"74,46","-0,59","222,17","2,98","121,09"
2026 03 12 12:13:21:144,-3.9675,-6.70125,"1,07",50,8,"74,46","-0,59","222,17","2,98","128,91"
2026 03 12 12:13:21:146,-3.9675,-6.78875,"1,07",50,8,"74,46","-0,59","222,17","2,98","128,91"
2026 03 12 12:13:21:148,-3.9675,-6.78875,"1,07",50,8,"74,46","-0,59","222,17","2,98","128,91"
2026 03 12 12:13:21:150,-3.9334,-6.78875,"1,07",50,8,"74,46","-0,59","222,17","2,98","128,91"
2026 03 12 12:13:21:152,-3.9675,-6.78875,"1,07",50,8,"74,46","-0,59","222,17","2,98","128,91"
2026 03 12 12:13:21:154,-3.9675,-6.78875,"1,07",50,8,"74,46","-0,59","222,17","2,98","144,53"
2026 03 12 12:13:21:156,-3.9675,-6.78875,"1,07",50,8,"74,46","-0,59","222,17","2,98","144,53"
2026 03 12 12:13:21:158,-3.9334,-6.70125,"1,07",50,8,"74,46","-0,59","222,17","2,98",125
2026 03 12 12:13:21:160,-3.9334,-6.78875,"1,07",50,8,"74,46","-0,59","222,17","2,98","113,28"
2026 03 12 12:13:21:162,-3.9334,-6.78875,"1,07",50,8,"74,46","-0,59","222,17","2,98","121,09"
2026 03 12 12:13:21:164,-3.9334,-6.70125,"1,07",50,8,"74,46","-0,59","222,17","2,98",125
2026 03 12 12:13:21:166,-3.9675,-6.78875,"1,07",50,8,"74,46","-0,59","222,17","2,98",125
2026 03 12 12:13:21:168,-3.9334,-6.78875,"1,07",50,8,"74,46","-0,59","222,17","2,98","121,09"
2026 03 12 12:13:21:170,-3.9675,-6.78875,"1,07",50,8,"74,46","-0,59","222,17","2,98","121,09"
2026 03 12 12:13:21:172,-3.9985,-6.78875,"1,07",50,8,"74,46","-0,59","222,17","2,98","121,09"
2026 03 12 12:13:21:174,-3.9675,-6.78875,"1,07",50,8,"74,46","-0,59","222,17","2,98","140,63"
2026 03 12 12:13:21:176,-3.9675,-6.78875,"1,07",50,8,"74,46","-0,59","222,17","2,98","144,53"
2026 03 12 12:13:21:178,-3.9675,-6.78875,"1,07",50,8,"74,46","-0,59","222,17","2,98","117,19"
2026 03 12 12:13:21:180,-3.9334,-6.87625,"1,07",50,8,"74,46","-0,59","222,17","2,98","105,47"
2026 03 12 12:13:21:182,-3.9675,-6.78875,"1,07",50,8,"74,46","-0,59","222,17","2,98","109,38"
2026 03 12 12:13:21:184,-3.9675,-6.78875,"1,07",50,8,"74,46","-0,59","222,17","2,98","117,19"
2026 03 12 12:13:21:186,-3.9675,-6.78875,"1,07",50,8,"74,46","-0,59","222,17","2,98","117,19"
2026 03 12 12:13:21:188,-3.9675,-6.70125,"1,07",50,8,"74,46","-0,59","222,17","2,98","117,19"
2026 03 12 12:13:21:190,-3.9675,-6.78875,"1,07",50,8,"74,46","-0,59","222,17","2,98","113,28"
2026 03 12 12:13:21:192,-3.9675,-6.78875,"1,07",50,8,"74,46","-0,59","222,17","2,98","113,28"
2026 03 12 12:13:21:194,-3.9675,-6.70125,"1,07",50,8,"74,46","-0,59","222,17","2,98","132,81"
2026 03 12 12:13:21:196,-3.9675,-6.78875,"1,07",50,8,"74,46","-0,59","222,17","2,98","128,91"
2026 03 12 12:13:21:198,-3.9675,-6.78875,"1,07",50,8,"74,46","-0,59","222,17","2,98","113,28"
2026 03 12 12:13:21:200,-3.9675,-6.78875,"1,07",50,8,"74,46","-0,59","222,17","2,98","101,56"
2026 03 12 12:13:21:202,-3.9675,-6.78875,"1,07",50,8,"74,46","-0,59","222,17","2,98","105,47"
2026 03 12 12:13:21:204,-3.9675,-6.70125,"1,07",50,8,"74,46","-0,59","222,17","2,98","113,28"
2026 03 12 12:13:21:206,-3.9675,-6.78875,"1,07",50,8,"74,46","-0,59","222,17","2,98","109,38"
2026 03 12 12:13:21:208,-3.9675,-6.78875,"1,07",50,8,"74,46","-0,59","222,17","2,98","109,38"
2026 03 12 12:13:21:210,-3.9675,-6.78875,"1,07",50,8,"74,46","-0,59","222,17","2,98","105,47"
2026 03 12 12:13:21:212,-3.9675,-6.70125,"1,07",50,8,"74,46","-0,59","222,17","2,98","109,38"
2026 03 12 12:13:21:214,-3.9675,-6.78875,"1,07",50,8,"74,46","-0,59","222,17","2,98","132,81"
2026 03 12 12:13:21:216,-3.9675,-6.78875,"1,07",50,8,"74,46","-0,59","222,17","2,98","121,09"
2026 03 12 12:13:21:218,-3.9675,-6.78875,"1,07",50,8,"74,46","-0,59","222,17","2,98","109,38"
2026 03 12 12:13:21:220,-3.9675,-6.70125,"1,07",50,8,"74,46","-0,59","222,17","2,98","93,75"
2026 03 12 12:13:21:222,-3.9675,-6.78875,"1,07",50,8,"74,46","-0,59","222,17","2,98","101,56"
2026 03 12 12:13:21:224,-3.9675,-6.78875,"1,07",50,8,"74,46","-0,59","222,17","2,98","105,47"
2026 03 12 12:13:21:226,-3.9334,-6.78875,"1,07",50,8,"74,46","-0,59","222,17","2,98","105,47"
2026 03 12 12:13:21:228,-3.9334,-6.78875,"1,07",50,8,"74,46","-0,59","222,17","2,98","105,47"
2026 03 12 12:13:21:230,-3.9675,-6.78875,"1,07",50,8,"74,46","-0,59","222,17","2,98","101,56"
2026 03 12 12:13:21:232,-3.9675,-6.78875,"1,07",50,8,"74,46","-0,59","222,17","2,98","105,47"
2026 03 12 12:13:21:234,-3.9334,-6.87625,"1,07",50,8,"74,46","-0,59","222,17","2,98",125
2026 03 12 12:13:21:236,-3.9675,-6.87625,"1,17",31,9,"64,7","-0,66","187,87","2,9","121,09"
2026 03 12 12:13:21:238,-3.9675,-6.78875,"1,17",31,9,"64,7","-0,66","187,87","2,9","101,56"
2026 03 12 12:13:21:240,-3.9675,-6.70125,"1,17",31,9,"64,7","-0,66","187,87","2,9","89,84"
2026 03 12 12:13:21:242,-3.9334,-6.78875,"1,17",31,9,"64,7","-0,66","187,87","2,9","93,75"
2026 03 12 12:13:21:244,-3.9985,-6.61375,"1,17",31,9,"64,7","-0,66","187,87","2,9","101,56"
2026 03 12 12:13:21:246,-3.9675,-6.70125,"1,17",31,9,"64,7","-0,66","187,87","2,9","101,56"
2026 03 12 12:13:21:248,-3.9675,-6.78875,"1,17",31,9,"64,7","-0,66","187,87","2,9","101,56"
2026 03 12 12:13:21:250,-3.9675,-6.78875,"1,17",31,9,"64,7","-0,66","187,87","2,9","97,66"
2026 03 12 12:13:21:252,-3.9985,-6.78875,"1,17",31,9,"64,7","-0,66","187,87","2,9","97,66"
2026 03 12 12:13:21:254,-3.9675,-6.78875,"1,17",31,9,"64,7","-0,66","187,87","2,9","117,19"
2026 03 12 12:13:21:256,-3.9985,-6.70125,"1,17",31,9,"64,7","-0,66","187,87","2,9","117,19"
2026 03 12 12:13:21:258,-3.9675,-6.78875,"1,17",31,9,"64,7","-0,66","187,87","2,9","97,66"
2026 03 12 12:13:21:260,-3.9985,-6.78875,"1,17",31,9,"64,7","-0,66","187,87","2,9","82,03"
2026 03 12 12:13:21:262,-3.9675,-6.78875,"1,17",31,9,"64,7","-0,66","187,87","2,9","89,84"
2026 03 12 12:13:21:264,-3.9675,-6.78875,"1,17",31,9,"64,7","-0,66","187,87","2,9","93,75"
2026 03 12 12:13:21:266,-3.9985,-6.78875,"1,17",31,9,"64,7","-0,66","187,87","2,9","93,75"
2026 03 12 12:13:21:268,-3.9675,-6.78875,"1,17",31,9,"64,7","-0,66","187,87","2,9","93,75"
2026 03 12 12:13:21:270,-3.9334,-6.78875,"1,17",31,9,"64,7","-0,66","187,87","2,9","93,75"
2026 03 12 12:13:21:272,-3.9334,-6.78875,"1,17",31,9,"64,7","-0,66","187,87","2,9","93,75"
2026 03 12 12:13:21:274,-3.9675,-6.87625,"1,17",31,9,"64,7","-0,66","187,87","2,9","109,38"
2026 03 12 12:13:21:276,-3.9334,-6.87625,"1,17",31,9,"64,7","-0,66","187,87","2,9","117,19"
2026 03 12 12:13:21:278,-3.9675,-6.78875,"1,17",31,9,"64,7","-0,66","187,87","2,9","89,84"
2026 03 12 12:13:21:280,-3.9675,-6.78875,"1,17",31,9,"64,7","-0,66","187,87","2,9","78,13"
2026 03 12 12:13:21:282,-3.9675,-6.78875,"1,17",31,9,"64,7","-0,66","187,87","2,9","82,03"
2026 03 12 12:13:21:284,-3.9675,-6.78875,"1,17",31,9,"64,7","-0,66","187,87","2,9","85,94"
2026 03 12 12:13:21:286,-3.9334,-6.78875,"1,17",31,9,"64,7","-0,66","187,87","2,9","89,84"
2026 03 12 12:13:21:288,-3.9985,-6.78875,"1,17",31,9,"64,7","-0,66","187,87","2,9","85,94"
2026 03 12 12:13:21:290,-3.9675,-6.78875,"1,17",31,9,"64,7","-0,66","187,87","2,9","85,94"
2026 03 12 12:13:21:292,-3.9985,-6.78875,"1,17",31,9,"64,7","-0,66","187,87","2,9","85,94"
2026 03 12 12:13:21:294,-3.9985,-6.78875,"1,17",31,9,"64,7","-0,66","187,87","2,9","105,47"
2026 03 12 12:13:21:296,-3.9675,-6.78875,"1,17",31,9,"64,7","-0,66","187,87","2,9","105,47"
2026 03 12 12:13:21:298,-3.9675,-6.70125,"1,17",31,9,"64,7","-0,66","187,87","2,9","85,94"
2026 03 12 12:13:21:300,-3.9675,-6.70125,"1,17",31,9,"64,7","-0,66","187,87","2,9","70,31"
2026 03 12 12:13:21:302,-3.9675,-6.78875,"1,17",31,9,"64,7","-0,66","187,87","2,9","78,13"
2026 03 12 12:13:21:304,-3.9334,-6.87625,"1,17",31,9,"64,7","-0,66","187,87","2,9","82,03"
2026 03 12 12:13:21:306,-3.9985,-6.78875,"1,17",31,9,"64,7","-0,66","187,87","2,9","82,03"
2026 03 12 12:13:21:308,-3.9675,-6.78875,"1,17",31,9,"64,7","-0,66","187,87","2,9","82,03"
2026 03 12 12:13:21:310,-3.9334,-6.70125,"1,17",31,9,"64,7","-0,66","187,87","2,9","82,03"
2026 03 12 12:13:21:312,-3.9675,-6.78875,"1,17",31,9,"64,7","-0,66","187,87","2,9","82,03"
2026 03 12 12:13:21:314,-3.9675,-6.70125,"1,17",31,9,"64,7","-0,66","187,87","2,9","101,56"
2026 03 12 12:13:21:316,-3.9334,-6.70125,"1,17",31,9,"64,7","-0,66","187,87","2,9","97,66"
2026 03 12 12:13:21:318,-3.9675,-6.70125,"1,17",31,9,"64,7","-0,66","187,87","2,9","82,03"
2026 03 12 12:13:21:320,-3.9675,-6.78875,"1,17",31,9,"64,7","-0,66","187,87","2,9","66,41"
2026 03 12 12:13:21:322,-3.9334,-6.78875,"1,17",31,9,"64,7","-0,66","187,87","2,9","74,22"
2026 03 12 12:13:21:324,-3.9985,-6.78875,"1,17",31,9,"64,7","-0,66","187,87","2,9","78,13"
2026 03 12 12:13:21:326,-3.9985,-6.78875,"1,17",31,9,"64,7","-0,66","187,87","2,9","78,13"
2026 03 12 12:13:21:328,-3.9675,-6.70125,"1,17",31,9,"64,7","-0,66","187,87","2,9","78,13"
2026 03 12 12:13:21:330,-3.9675,-6.78875,"1,17",31,9,"64,7","-0,66","187,87","2,9","74,22"
2026 03 12 12:13:21:332,-3.9675,-6.78875,"1,17",31,9,"64,7","-0,66","187,87","2,9","78,13"
2026 03 12 12:13:21:334,-3.9675,-6.78875,"1,17",31,9,"64,7","-0,66","187,87","2,9","97,66"
2026 03 12 12:13:21:336,-3.9675,-6.78875,"1,17",31,9,"64,7","-0,66","187,87","2,9","93,75"
2026 03 12 12:13:21:338,-3.9675,-6.78875,"1,17",31,9,"64,7","-0,66","187,87","2,9","74,22"
2026 03 12 12:13:21:340,-3.9675,-6.78875,"1,17",31,9,"64,7","-0,66","187,87","2,9","58,59"
2026 03 12 12:13:21:342,-3.9985,-6.70125,"1,17",31,9,"64,7","-0,66","187,87","2,9","66,41"
2026 03 12 12:13:21:344,-3.9675,-6.70125,"1,17",31,9,"64,7","-0,66","187,87","2,9","74,22"
2026 03 12 12:13:21:346,-3.9675,-6.78875,"1,17",31,9,"64,7","-0,66","187,87","2,9","74,22"
2026 03 12 12:13:21:348,-3.9334,-6.78875,"1,17",31,9,"64,7","-0,66","187,87","2,9","74,22"
2026 03 12 12:13:21:350,-3.9675,-6.78875,"1,17",31,9,"64,7","-0,66","187,87","2,9","70,31"
2026 03 12 12:13:21:352,-3.9675,-6.70125,"1,17",31,9,"64,7","-0,66","187,87","2,9","74,22"
2026 03 12 12:13:21:354,-3.9675,-6.78875,"1,17",31,9,"64,7","-0,66","187,87","2,9","89,84"
2026 03 12 12:13:21:356,-3.9675,-6.70125,"1,17",31,9,"64,7","-0,66","187,87","2,9","89,84"
2026 03 12 12:13:21:358,-3.9334,-6.78875,"1,17",31,9,"64,7","-0,66","187,87","2,9","70,31"
2026 03 12 12:13:21:360,-3.9334,-6.78875,"1,17",31,9,"64,7","-0,66","187,87","2,9","58,59"
2026 03 12 12:13:21:362,-3.9675,-6.70125,"1,17",31,9,"64,7","-0,66","187,87","2,9","62,5"
2026 03 12 12:13:21:364,-3.9675,-6.78875,"1,17",31,9,"64,7","-0,66","187,87","2,9","66,41"
2026 03 12 12:13:21:366,-3.9675,-6.78875,"1,17",31,9,"64,7","-0,66","187,87","2,9","66,41"
2026 03 12 12:13:21:368,-3.9334,-6.78875,"1,17",31,9,"64,7","-0,66","187,87","2,9","66,41"
2026 03 12 12:13:21:370,-3.9675,-6.87625,"1,17",31,9,"64,7","-0,66","187,87","2,9","66,41"
2026 03 12 12:13:21:372,-3.9675,-6.78875,"1,17",31,9,"64,7","-0,66","187,87","2,9","66,41"
2026 03 12 12:13:21:374,-3.9675,-6.78875,"1,17",31,9,"64,7","-0,66","187,87","2,9","85,94"
2026 03 12 12:13:21:376,-3.9675,-6.87625,"1,17",31,9,"64,7","-0,66","187,87","2,9","89,84"
2026 03 12 12:13:21:378,-3.9675,-6.78875,"1,17",31,9,"64,7","-0,66","187,87","2,9","66,41"
2026 03 12 12:13:21:380,-3.9675,-6.87625,"1,17",31,9,"64,7","-0,66","187,87","2,9","54,69"
2026 03 12 12:13:21:382,-3.9985,-6.87625,"1,17",31,9,"64,7","-0,66","187,87","2,9","58,59"
2026 03 12 12:13:21:384,-3.9985,-6.78875,"1,17",31,9,"64,7","-0,66","187,87","2,9","66,41"
2026 03 12 12:13:21:386,-3.9675,-6.78875,"1,17",31,9,"64,7","-0,66","187,87","2,9","62,5"
2026 03 12 12:13:21:388,-3.9675,-6.78875,"1,17",31,9,"64,7","-0,66","187,87","2,9","62,5"
2026 03 12 12:13:21:390,-3.9675,-6.78875,"1,17",31,9,"64,7","-0,66","187,87","2,9","62,5"
2026 03 12 12:13:21:392,-3.9675,-6.78875,"1,17",31,9,"64,7","-0,66","187,87","2,9","62,5"
2026 03 12 12:13:21:394,-3.9334,-6.78875,"1,17",31,9,"64,7","-0,66","187,87","2,9","82,03"
2026 03 12 12:13:21:396,-3.9675,-6.70125,"1,17",31,9,"64,7","-0,66","187,87","2,9","82,03"
2026 03 12 12:13:21:398,-3.9675,-6.70125,"1,17",31,9,"64,7","-0,66","187,87","2,9","62,5"
2026 03 12 12:13:21:400,-3.9675,-6.78875,"1,17",31,9,"64,7","-0,66","187,87","2,9","46,88"
2026 03 12 12:13:21:402,-3.9334,-6.78875,"1,17",31,9,"64,7","-0,66","187,87","2,9","54,69"
2026 03 12 12:13:21:404,-3.9675,-6.78875,"1,17",31,9,"64,7","-0,66","187,87","2,9","58,59"
2026 03 12 12:13:21:406,-3.9985,-6.78875,"1,17",31,9,"64,7","-0,66","187,87","2,9","54,69"
2026 03 12 12:13:21:408,-3.9675,-6.78875,"1,17",31,9,"64,7","-0,66","187,87","2,9","58,59"
2026 03 12 12:13:21:410,-3.9675,-6.78875,"1,17",31,9,"64,7","-0,66","187,87","2,9","58,59"
2026 03 12 12:13:21:412,-3.9985,-6.78875,"1,17",31,9,"64,7","-0,66","187,87","2,9","58,59"
2026 03 12 12:13:21:414,-3.9675,-6.78875,"1,17",31,9,"64,7","-0,66","187,87","2,9","74,22"
2026 03 12 12:13:21:416,-3.9675,-6.78875,"1,17",31,9,"64,7","-0,66","187,87","2,9","78,13"
2026 03 12 12:13:21:418,-3.9675,-6.70125,"1,17",31,9,"64,7","-0,66","187,87","2,9","54,69"
2026 03 12 12:13:21:420,-3.9675,-6.87625,"1,17",31,9,"64,7","-0,66","187,87","2,9","42,97"
2026 03 12 12:13:21:422,-3.9675,-6.78875,"1,17",31,9,"64,7","-0,66","187,87","2,9","50,78"
2026 03 12 12:13:21:424,-3.9675,-6.87625,"1,17",31,9,"64,7","-0,66","187,87","2,9","54,69"
2026 03 12 12:13:21:426,-3.9675,-6.78875,"1,17",31,9,"64,7","-0,66","187,87","2,9","54,69"
2026 03 12 12:13:21:428,-3.9675,-6.78875,"1,17",31,9,"64,7","-0,66","187,87","2,9","54,69"
2026 03 12 12:13:21:430,-3.9675,-6.78875,"1,17",31,9,"64,7","-0,66","187,87","2,9","50,78"
2026 03 12 12:13:21:432,-3.9675,-6.78875,"1,17",31,9,"64,7","-0,66","187,87","2,9","54,69"
2026 03 12 12:13:21:434,-3.9675,-6.78875,"1,17",31,9,"64,7","-0,66","187,87","2,9","70,31"
2026 03 12 12:13:21:436,-3.9985,-6.70125,"1,17",31,9,"64,7","-0,66","187,87","2,9","70,31"
2026 03 12 12:13:21:438,-3.9675,-6.78875,"1,17",31,9,"64,7","-0,66","187,87","2,9","50,78"
2026 03 12 12:13:21:440,-3.9985,-6.87625,"1,17",31,9,"64,7","-0,66","187,87","2,9","35,16"
2026 03 12 12:13:21:442,-3.9985,-6.70125,"1,17",31,9,"64,7","-0,66","187,87","2,9","46,88"
2026 03 12 12:13:21:444,-3.9985,-6.78875,"1,17",31,9,"64,7","-0,66","187,87","2,9","50,78"
2026 03 12 12:13:21:446,-3.9334,-6.78875,"1,17",31,9,"64,7","-0,66","187,87","2,9","50,78"
2026 03 12 12:13:21:448,-3.9675,-6.78875,"1,17",31,9,"64,7","-0,66","187,87","2,9","50,78"
2026 03 12 12:13:21:450,-3.9675,-6.78875,"1,17",31,9,"64,7","-0,66","187,87","2,9","50,78"
2026 03 12 12:13:21:452,-3.9985,-6.70125,"1,17",31,9,"64,7","-0,66","187,87","2,9","50,78"
2026 03 12 12:13:21:454,-3.9675,-6.70125,"1,17",31,9,"64,7","-0,66","187,87","2,9","70,31"
2026 03 12 12:13:21:456,-3.9675,-6.78875,"1,17",31,9,"64,7","-0,66","187,87","2,9","70,31"
2026 03 12 12:13:21:458,-3.9675,-6.78875,"1,17",31,9,"64,7","-0,66","187,87","2,9","50,78"
2026 03 12 12:13:21:460,-3.9675,-6.70125,"1,17",31,9,"64,7","-0,66","187,87","2,9","35,16"
2026 03 12 12:13:21:462,-3.9985,-6.78875,"1,17",31,9,"64,7","-0,66","187,87","2,9","42,97"
2026 03 12 12:13:21:464,-3.9675,-6.78875,"1,17",31,9,"64,7","-0,66","187,87","2,9","46,88"
2026 03 12 12:13:21:466,-3.9675,-6.78875,"1,17",31,9,"64,7","-0,66","187,87","2,9","46,88"
2026 03 12 12:13:21:468,-3.9675,-6.78875,"1,17",31,9,"64,7","-0,66","187,87","2,9","46,88"
2026 03 12 12:13:21:470,-3.9675,-6.78875,"1,17",31,9,"64,7","-0,66","187,87","2,9","46,88"
2026 03 12 12:13:21:472,-3.9675,-6.87625,"1,17",31,9,"64,7","-0,66","187,87","2,9","46,88"
2026 03 12 12:13:21:474,-3.9334,-6.78875,"1,17",31,9,"64,7","-0,66","187,87","2,9","62,5"
2026 03 12 12:13:21:476,-3.9675,-6.78875,"1,17",31,9,"64,7","-0,66","187,87","2,9","66,41"
2026 03 12 12:13:21:478,-3.9675,-6.78875,"1,17",31,9,"64,7","-0,66","187,87","2,9","42,97"
2026 03 12 12:13:21:480,-3.9675,-6.78875,"1,17",31,9,"64,7","-0,66","187,87","2,9","31,25"
2026 03 12 12:13:21:482,-3.9675,-6.78875,"1,17",31,9,"64,7","-0,66","187,87","2,9","39,06"
2026 03 12 12:13:21:484,-3.9675,-6.78875,"1,17",31,9,"64,7","-0,66","187,87","2,9","42,97"
2026 03 12 12:13:21:486,-3.9334,-6.78875,"1,17",31,9,"64,7","-0,66","187,87","2,9","42,97"
2026 03 12 12:13:21:488,-3.9675,-6.78875,"1,17",31,9,"64,7","-0,66","187,87","2,9","42,97"
2026 03 12 12:13:21:490,-3.9675,-6.78875,"1,17",31,9,"64,7","-0,66","187,87","2,9","42,97"
2026 03 12 12:13:21:492,-3.9675,-6.78875,"1,17",31,9,"64,7","-0,66","187,87","2,9","42,97"
2026 03 12 12:13:21:494,-3.9675,-6.78875,"1,17",31,9,"64,7","-0,66","187,87","2,9","58,59"
2026 03 12 12:13:21:496,-3.9675,-6.78875,"1,17",31,9,"64,7","-0,66","187,87","2,9","58,59"
2026 03 12 12:13:21:498,-3.9675,-6.78875,"1,17",31,9,"64,7","-0,66","187,87","2,9","42,97"
2026 03 12 12:13:21:500,-3.9985,-6.78875,"1,17",31,9,"64,7","-0,66","187,87","2,9","27,34"
2026 03 12 12:13:21:502,-3.9675,-6.70125,"1,17",31,9,"64,7","-0,66","187,87","2,9","35,16"
2026 03 12 12:13:21:504,-3.9675,-6.78875,"1,17",31,9,"64,7","-0,66","187,87","2,9","39,06"
2026 03 12 12:13:21:506,-3.9334,-6.70125,"1,17",31,9,"64,7","-0,66","187,87","2,9","35,16"
2026 03 12 12:13:21:508,-3.9334,-6.87625,"1,17",31,9,"64,7","-0,66","187,87","2,9","39,06"
2026 03 12 12:13:21:510,-3.9675,-6.78875,"1,17",31,9,"64,7","-0,66","187,87","2,9","39,06"
2026 03 12 12:13:21:512,-3.9985,-6.78875,"1,17",31,9,"64,7","-0,66","187,87","2,9","39,06"
2026 03 12 12:13:21:514,-3.9675,-6.87625,"1,17",31,9,"64,7","-0,66","187,87","2,9","54,69"
2026 03 12 12:13:21:516,-3.9675,-6.78875,"1,17",31,9,"64,7","-0,66","187,87","2,9","58,59"
2026 03 12 12:13:21:518,-3.9334,-6.87625,"1,17",31,9,"64,7","-0,66","187,87","2,9","39,06"
2026 03 12 12:13:21:520,-3.9675,-6.78875,"1,17",31,9,"64,7","-0,66","187,87","2,9","23,44"
2026 03 12 12:13:21:522,-3.9675,-6.78875,"1,17",31,9,"64,7","-0,66","187,87","2,9","31,25"
2026 03 12 12:13:21:524,-3.9675,-6.78875,"1,17",31,9,"64,7","-0,66","187,87","2,9","35,16"
2026 03 12 12:13:21:526,-3.9675,-6.70125,"1,17",31,9,"64,7","-0,66","187,87","2,9","35,16"
2026 03 12 12:13:21:528,-3.9675,-6.78875,"1,17",31,9,"64,7","-0,66","187,87","2,9","35,16"
2026 03 12 12:13:21:530,-3.9675,-6.78875,"1,17",31,9,"64,7","-0,66","187,87","2,9","35,16"
2026 03 12 12:13:21:532,-3.9334,-6.78875,"1,17",31,9,"64,7","-0,66","187,87","2,9","35,16"
2026 03 12 12:13:21:534,-3.9675,-6.87625,"1,17",31,9,"64,7","-0,66","187,87","2,9","54,69"
2026 03 12 12:13:21:536,-3.9985,-6.70125,"0,99",12,8,"86,06",-1,"226,35","2,63","50,78"
2026 03 12 12:13:21:538,-3.9675,-6.87625,"0,99",12,8,"86,06",-1,"226,35","2,63","35,16"
2026 03 12 12:13:21:540,-3.9985,-6.78875,"0,99",12,8,"86,06",-1,"226,35","2,63","15,63"
2026 03 12 12:13:21:542,-3.9334,-6.87625,"0,99",12,8,"86,06",-1,"226,35","2,63","27,34"
2026 03 12 12:13:21:544,-3.9985,-6.78875,"0,99",12,8,"86,06",-1,"226,35","2,63","35,16"
2026 03 12 12:13:21:546,-3.9985,-6.78875,"0,99",12,8,"86,06",-1,"226,35","2,63","31,25"
2026 03 12 12:13:21:548,-3.9675,-6.78875,"0,99",12,8,"86,06",-1,"226,35","2,63","31,25"
2026 03 12 12:13:21:550,-3.9675,-6.70125,"0,99",12,8,"86,06",-1,"226,35","2,63","27,34"
2026 03 12 12:13:21:552,-3.9675,-6.78875,"0,99",12,8,"86,06",-1,"226,35","2,63","31,25"
2026 03 12 12:13:21:554,-3.9675,-6.78875,"0,99",12,8,"86,06",-1,"226,35","2,63","50,78"
2026 03 12 12:13:21:556,-3.9675,-6.78875,"0,99",12,8,"86,06",-1,"226,35","2,63","50,78"
2026 03 12 12:13:21:558,-3.9675,-6.78875,"0,99",12,8,"86,06",-1,"226,35","2,63","31,25"
2026 03 12 12:13:21:560,-3.9675,-6.78875,"0,99",12,8,"86,06",-1,"226,35","2,63","15,63"
2026 03 12 12:13:21:562,-3.9675,-6.78875,"0,99",12,8,"86,06",-1,"226,35","2,63","23,44"
2026 03 12 12:13:21:564,-3.9675,-6.78875,"0,99",12,8,"86,06",-1,"226,35","2,63","31,25"
2026 03 12 12:13:21:566,-3.9675,-6.70125,"0,99",12,8,"86,06",-1,"226,35","2,63","31,25"
2026 03 12 12:13:21:568,-3.9675,-6.70125,"0,99",12,8,"86,06",-1,"226,35","2,63","31,25"
2026 03 12 12:13:21:570,-3.9675,-6.78875,"0,99",12,8,"86,06",-1,"226,35","2,63","27,34"
2026 03 12 12:13:21:572,-3.9675,-6.87625,"0,99",12,8,"86,06",-1,"226,35","2,63","31,25"
2026 03 12 12:13:21:574,-3.9985,-6.78875,"0,99",12,8,"86,06",-1,"226,35","2,63","50,78"
2026 03 12 12:13:21:576,-3.9675,-6.78875,"0,99",12,8,"86,06",-1,"226,35","2,63","46,88"
2026 03 12 12:13:21:578,-3.9675,-6.78875,"0,99",12,8,"86,06",-1,"226,35","2,63","27,34"
2026 03 12 12:13:21:580,-3.9334,-6.78875,"0,99",12,8,"86,06",-1,"226,35","2,63","11,72"
2026 03 12 12:13:21:582,-3.9675,-6.78875,"0,99",12,8,"86,06",-1,"226,35","2,63","19,53"
2026 03 12 12:13:21:584,-3.9675,-6.78875,"0,99",12,8,"86,06",-1,"226,35","2,63","27,34"
2026 03 12 12:13:21:586,-3.9675,-6.78875,"0,99",12,8,"86,06",-1,"226,35","2,63","23,44"
2026 03 12 12:13:21:588,-3.9334,-6.78875,"0,99",12,8,"86,06",-1,"226,35","2,63","23,44"
2026 03 12 12:13:21:590,-3.9675,-6.78875,"0,99",12,8,"86,06",-1,"226,35","2,63","23,44"
2026 03 12 12:13:21:592,-3.9675,-6.78875,"0,99",12,8,"86,06",-1,"226,35","2,63","23,44"
2026 03 12 12:13:21:594,-3.9675,-6.78875,"0,99",12,8,"86,06",-1,"226,35","2,63","42,97"
2026 03 12 12:13:21:596,-3.9675,-6.78875,"0,99",12,8,"86,06",-1,"226,35","2,63","39,06"
2026 03 12 12:13:21:598,-3.9675,-6.87625,"0,99",12,8,"86,06",-1,"226,35","2,63","27,34"
2026 03 12 12:13:21:600,-3.9675,-6.78875,"0,99",12,8,"86,06",-1,"226,35","2,63","11,72"
2026 03 12 12:13:21:602,-3.9675,-6.78875,"0,99",12,8,"86,06",-1,"226,35","2,63","15,63"
2026 03 12 12:13:21:604,-3.9985,-6.78875,"0,99",12,8,"86,06",-1,"226,35","2,63","23,44"
2026 03 12 12:13:21:606,-3.9675,-6.78875,"0,99",12,8,"86,06",-1,"226,35","2,63","23,44"
2026 03 12 12:13:21:608,-3.9675,-6.78875,"0,99",12,8,"86,06",-1,"226,35","2,63","23,44"
2026 03 12 12:13:21:610,-3.9985,-6.78875,"0,99",12,8,"86,06",-1,"226,35","2,63","23,44"
2026 03 12 12:13:21:612,-3.9675,-6.87625,"0,99",12,8,"86,06",-1,"226,35","2,63","23,44"
2026 03 12 12:13:21:614,-3.9675,-6.78875,"0,99",12,8,"86,06",-1,"226,35","2,63","39,06"
2026 03 12 12:13:21:616,-3.9675,-6.87625,"0,99",12,8,"86,06",-1,"226,35","2,63","42,97"
2026 03 12 12:13:21:618,-3.9675,-6.78875,"0,99",12,8,"86,06",-1,"226,35","2,63","19,53"
2026 03 12 12:13:21:620,-3.9675,-6.87625,"0,99",12,8,"86,06",-1,"226,35","2,63","3,91"
2026 03 12 12:13:21:622,-3.9675,-6.78875,"0,99",12,8,"86,06",-1,"226,35","2,63","15,63"
2026 03 12 12:13:21:624,-3.9675,-6.78875,"0,99",12,8,"86,06",-1,"226,35","2,63","19,53"
2026 03 12 12:13:21:626,-3.9675,-6.78875,"0,99",12,8,"86,06",-1,"226,35","2,63","15,63"
2026 03 12 12:13:21:628,-3.9675,-6.78875,"0,99",12,8,"86,06",-1,"226,35","2,63","19,53"
2026 03 12 12:13:21:630,-3.9334,-6.87625,"0,99",12,8,"86,06",-1,"226,35","2,63","15,63"
2026 03 12 12:13:21:632,-3.9675,-6.87625,"0,99",12,8,"86,06",-1,"226,35","2,63","15,63"
2026 03 12 12:13:21:634,-3.9675,-6.78875,"0,99",12,8,"86,06",-1,"226,35","2,63","35,16"
2026 03 12 12:13:21:636,-3.9675,-6.78875,"0,99",12,8,"86,06",-1,"226,35","2,63","31,25"
2026 03 12 12:13:21:638,-3.9675,-6.70125,"0,99",12,8,"86,06",-1,"226,35","2,63","15,63"
2026 03 12 12:13:21:640,-3.9334,-6.78875,"0,99",12,8,"86,06",-1,"226,35","2,63","-3,91"
2026 03 12 12:13:21:642,-3.9675,-6.78875,"0,99",12,8,"86,06",-1,"226,35","2,63","7,81"
2026 03 12 12:13:21:644,-3.9675,-6.78875,"0,99",12,8,"86,06",-1,"226,35","2,63","15,63"
2026 03 12 12:13:21:646,-3.9675,-6.78875,"0,99",12,8,"86,06",-1,"226,35","2,63","15,63"
2026 03 12 12:13:21:648,-3.9675,-6.78875,"0,99",12,8,"86,06",-1,"226,35","2,63","15,63"
2026 03 12 12:13:21:650,-3.9675,-6.78875,"0,99",12,8,"86,06",-1,"226,35","2,63","15,63"
2026 03 12 12:13:21:652,-3.9675,-6.78875,"0,99",12,8,"86,06",-1,"226,35","2,63","11,72"
2026 03 12 12:13:21:654,-3.9675,-6.70125,"0,99",12,8,"86,06",-1,"226,35","2,63","39,06"
2026 03 12 12:13:21:656,-3.9675,-6.78875,"0,99",12,8,"86,06",-1,"226,35","2,63","31,25"
2026 03 12 12:13:21:658,-3.9675,-6.78875,"0,99",12,8,"86,06",-1,"226,35","2,63","15,63"
2026 03 12 12:13:21:660,-3.9675,-6.70125,"0,99",12,8,"86,06",-1,"226,35","2,63","-3,91"
2026 03 12 12:13:21:662,-3.9675,-6.78875,"0,99",12,8,"86,06",-1,"226,35","2,63","7,81"
2026 03 12 12:13:21:664,-3.9675,-6.87625,"0,99",12,8,"86,06",-1,"226,35","2,63","15,63"
2026 03 12 12:13:21:666,-3.9675,-6.78875,"0,99",12,8,"86,06",-1,"226,35","2,63","11,72"
2026 03 12 12:13:21:668,-3.9675,-6.78875,"0,99",12,8,"86,06",-1,"226,35","2,63","15,63"
2026 03 12 12:13:21:670,-3.9675,-6.78875,"0,99",12,8,"86,06",-1,"226,35","2,63","11,72"
2026 03 12 12:13:21:672,-3.9675,-6.78875,"0,99",12,8,"86,06",-1,"226,35","2,63","11,72"
2026 03 12 12:13:21:674,-3.9675,-6.78875,"0,99",12,8,"86,06",-1,"226,35","2,63","35,16"
2026 03 12 12:13:21:676,-3.9675,-6.78875,"0,99",12,8,"86,06",-1,"226,35","2,63","31,25"
2026 03 12 12:13:21:678,-3.9675,-6.78875,"0,99",12,8,"86,06",-1,"226,35","2,63","11,72"
2026 03 12 12:13:21:680,-3.9675,-6.78875,"0,99",12,8,"86,06",-1,"226,35","2,63","-3,91"
2026 03 12 12:13:21:682,-3.9675,-6.87625,"0,99",12,8,"86,06",-1,"226,35","2,63","7,81"
2026 03 12 12:13:21:684,-3.9334,-6.70125,"0,99",12,8,"86,06",-1,"226,35","2,63","11,72"
2026 03 12 12:13:21:686,-3.9675,-6.70125,"0,99",12,8,"86,06",-1,"226,35","2,63","11,72"
2026 03 12 12:13:21:688,-3.9675,-6.78875,"0,99",12,8,"86,06",-1,"226,35","2,63","11,72"
2026 03 12 12:13:21:690,-3.9334,-6.78875,"0,99",12,8,"86,06",-1,"226,35","2,63","3,91"
2026 03 12 12:13:21:692,-3.9675,-6.78875,"0,99",12,8,"86,06",-1,"226,35","2,63","11,72"
2026 03 12 12:13:21:694,-3.9675,-6.78875,"0,99",12,8,"86,06",-1,"226,35","2,63","31,25"
2026 03 12 12:13:21:696,-3.9675,-6.87625,"0,99",12,8,"86,06",-1,"226,35","2,63","19,53"
2026 03 12 12:13:21:698,-3.9334,-6.78875,"0,99",12,8,"86,06",-1,"226,35","2,63","7,81"
2026 03 12 12:13:21:700,-3.9334,-6.70125,"0,99",12,8,"86,06",-1,"226,35","2,63","-7,81"
2026 03 12 12:13:21:702,-3.9334,-6.78875,"0,99",12,8,"86,06",-1,"226,35","2,63","3,91"
2026 03 12 12:13:21:704,-3.9985,-6.78875,"0,99",12,8,"86,06",-1,"226,35","2,63","3,91"
2026 03 12 12:13:21:706,-3.9985,-6.78875,"0,99",12,8,"86,06",-1,"226,35","2,63","7,81"
2026 03 12 12:13:21:708,-3.9675,-6.78875,"0,99",12,8,"86,06",-1,"226,35","2,63","3,91"
2026 03 12 12:13:21:710,-3.9675,-6.70125,"0,99",12,8,"86,06",-1,"226,35","2,63","3,91"
2026 03 12 12:13:21:712,-3.9675,-6.87625,"0,99",12,8,"86,06",-1,"226,35","2,63","3,91"
2026 03 12 12:13:21:714,-3.9334,-6.78875,"0,99",12,8,"86,06",-1,"226,35","2,63","27,34"
2026 03 12 12:13:21:716,-3.9675,-6.78875,"0,99",12,8,"86,06",-1,"226,35","2,63","19,53"
2026 03 12 12:13:21:718,-3.9675,-6.78875,"0,99",12,8,"86,06",-1,"226,35","2,63","7,81"
2026 03 12 12:13:21:720,-3.9675,-6.70125,"0,99",12,8,"86,06",-1,"226,35","2,63","-7,81"
2026 03 12 12:13:21:722,-3.9675,-6.78875,"0,99",12,8,"86,06",-1,"226,35","2,63",0
2026 03 12 12:13:21:724,-3.9675,-6.78875,"0,99",12,8,"86,06",-1,"226,35","2,63","3,91"
2026 03 12 12:13:21:726,-3.9675,-6.78875,"0,99",12,8,"86,06",-1,"226,35","2,63","3,91"
2026 03 12 12:13:21:728,-3.9985,-6.70125,"0,99",12,8,"86,06",-1,"226,35","2,63","3,91"
2026 03 12 12:13:21:730,-3.9675,-6.70125,"0,99",12,8,"86,06",-1,"226,35","2,63","3,91"
2026 03 12 12:13:21:732,-3.9985,-6.78875,"0,99",12,8,"86,06",-1,"226,35","2,63","7,81"
2026 03 12 12:13:21:734,-3.9675,-6.70125,"0,99",12,8,"86,06",-1,"226,35","2,63","27,34"
2026 03 12 12:13:21:736,-3.9675,-6.78875,"0,99",12,8,"86,06",-1,"226,35","2,63","23,44"
2026 03 12 12:13:21:738,-3.9675,-6.78875,"0,99",12,8,"86,06",-1,"226,35","2,63","3,91"
2026 03 12 12:13:21:740,-3.9675,-6.70125,"0,99",12,8,"86,06",-1,"226,35","2,63","-11,72"
2026 03 12 12:13:21:742,-3.9675,-6.78875,"0,99",12,8,"86,06",-1,"226,35","2,63",0
2026 03 12 12:13:21:744,-3.9675,-6.70125,"0,99",12,8,"86,06",-1,"226,35","2,63","3,91"
2026 03 12 12:13:21:746,-3.9675,-6.78875,"0,99",12,8,"86,06",-1,"226,35","2,63","3,91"
2026 03 12 12:13:21:748,-3.9985,-6.78875,"0,99",12,8,"86,06",-1,"226,35","2,63","3,91"
2026 03 12 12:13:21:750,-3.9675,-6.78875,"0,99",12,8,"86,06",-1,"226,35","2,63",0
2026 03 12 12:13:21:752,-3.9675,-6.70125,"0,99",12,8,"86,06",-1,"226,35","2,63","3,91"
2026 03 12 12:13:21:754,-3.9675,-6.70125,"0,99",12,8,"86,06",-1,"226,35","2,63","23,44"
2026 03 12 12:13:21:756,-3.9675,-6.78875,"0,99",12,8,"86,06",-1,"226,35","2,63","15,63"
2026 03 12 12:13:21:758,-3.9334,-6.78875,"0,99",12,8,"86,06",-1,"226,35","2,63",0
2026 03 12 12:13:21:760,-3.9675,-6.78875,"0,99",12,8,"86,06",-1,"226,35","2,63","-19,53"
2026 03 12 12:13:21:762,-3.9675,-6.78875,"0,99",12,8,"86,06",-1,"226,35","2,63","-7,81"
2026 03 12 12:13:21:764,-3.9675,-6.78875,"0,99",12,8,"86,06",-1,"226,35","2,63",0
2026 03 12 12:13:21:766,-3.9675,-6.78875,"0,99",12,8,"86,06",-1,"226,35","2,63",0
2026 03 12 12:13:21:768,-3.9675,-6.78875,"0,99",12,8,"86,06",-1,"226,35","2,63",0
2026 03 12 12:13:21:770,-3.9675,-6.78875,"0,99",12,8,"86,06",-1,"226,35","2,63","-3,91"
2026 03 12 12:13:21:772,-3.9675,-6.78875,"0,99",12,8,"86,06",-1,"226,35","2,63",0
2026 03 12 12:13:21:774,-3.9985,-6.87625,"0,99",12,8,"86,06",-1,"226,35","2,63","19,53"
2026 03 12 12:13:21:776,-3.9675,-6.70125,"0,99",12,8,"86,06",-1,"226,35","2,63","11,72"
2026 03 12 12:13:21:778,-3.9675,-6.78875,"0,99",12,8,"86,06",-1,"226,35","2,63","-3,91"
2026 03 12 12:13:21:780,-3.9675,-6.78875,"0,99",12,8,"86,06",-1,"226,35","2,63","-19,53"
2026 03 12 12:13:21:782,-3.9675,-6.78875,"0,99",12,8,"86,06",-1,"226,35","2,63","-7,81"
2026 03 12 12:13:21:784,-3.9675,-6.78875,"0,99",12,8,"86,06",-1,"226,35","2,63","-3,91"
2026 03 12 12:13:21:786,-3.9675,-6.78875,"0,99",12,8,"86,06",-1,"226,35","2,63","-3,91"
2026 03 12 12:13:21:788,-3.9675,-6.78875,"0,99",12,8,"86,06",-1,"226,35","2,63","-3,91"
2026 03 12 12:13:21:790,-3.9675,-6.78875,"0,99",12,8,"86,06",-1,"226,35","2,63","-3,91"
2026 03 12 12:13:21:792,-3.9675,-6.70125,"0,99",12,8,"86,06",-1,"226,35","2,63","-3,91"
2026 03 12 12:13:21:794,-3.9985,-6.70125,"0,99",12,8,"86,06",-1,"226,35","2,63","15,63"
2026 03 12 12:13:21:796,-3.9985,-6.78875,"0,99",12,8,"86,06",-1,"226,35","2,63","7,81"
2026 03 12 12:13:21:798,-3.9675,-6.78875,"0,99",12,8,"86,06",-1,"226,35","2,63","-3,91"
2026 03 12 12:13:21:800,-3.9675,-6.78875,"0,99",12,8,"86,06",-1,"226,35","2,63","-23,44"
2026 03 12 12:13:21:802,-3.9675,-6.78875,"0,99",12,8,"86,06",-1,"226,35","2,63","-11,72"
2026 03 12 12:13:21:804,-3.9675,-6.78875,"0,99",12,8,"86,06",-1,"226,35","2,63","-3,91"
2026 03 12 12:13:21:806,-3.9675,-6.70125,"0,99",12,8,"86,06",-1,"226,35","2,63","-7,81"
2026 03 12 12:13:21:808,-3.9675,-6.70125,"0,99",12,8,"86,06",-1,"226,35","2,63","-7,81"
2026 03 12 12:13:21:810,-3.9675,-6.78875,"0,99",12,8,"86,06",-1,"226,35","2,63","-3,91"
2026 03 12 12:13:21:812,-3.9675,-6.78875,"0,99",12,8,"86,06",-1,"226,35","2,63","-3,91"
2026 03 12 12:13:21:814,-3.9334,-6.78875,"0,99",12,8,"86,06",-1,"226,35","2,63","19,53"
2026 03 12 12:13:21:816,-3.9675,-6.78875,"0,99",12,8,"86,06",-1,"226,35","2,63","7,81"
2026 03 12 12:13:21:818,-3.9675,-6.78875,"0,99",12,8,"86,06",-1,"226,35","2,63",0
2026 03 12 12:13:21:820,-3.9675,-6.70125,"0,99",12,8,"86,06",-1,"226,35","2,63","-15,62"
2026 03 12 12:13:21:822,-3.9675,-6.78875,"0,99",12,8,"86,06",-1,"226,35","2,63","-7,81"
2026 03 12 12:13:21:824,-3.9675,-6.78875,"0,99",12,8,"86,06",-1,"226,35","2,63","-3,91"
2026 03 12 12:13:21:826,-3.9675,-6.78875,"0,99",12,8,"86,06",-1,"226,35","2,63","-7,81"
2026 03 12 12:13:21:828,-3.9334,-6.78875,"0,99",12,8,"86,06",-1,"226,35","2,63","-3,91"
2026 03 12 12:13:21:830,-3.9675,-6.78875,"0,99",12,8,"86,06",-1,"226,35","2,63",0
2026 03 12 12:13:21:832,-3.9675,-6.70125,"0,99",12,8,"86,06",-1,"226,35","2,63","-3,91"
2026 03 12 12:13:21:834,-3.9334,-6.78875,"0,99",12,8,"86,06",-1,"226,35","2,63","15,63"
2026 03 12 12:13:21:836,-3.9985,-6.78875,"0,99",12,8,"86,06",-1,"226,35","2,63","15,63"
2026 03 12 12:13:21:838,-3.9675,-6.78875,"0,62",11,5,"54,11","-0,97","136,38","2,52","-3,91"
2026 03 12 12:13:21:840,-3.9675,-6.78875,"0,62",11,5,"54,11","-0,97","136,38","2,52","-19,53"
2026 03 12 12:13:21:842,-3.9675,-6.78875,"0,62",11,5,"54,11","-0,97","136,38","2,52","-11,72"
2026 03 12 12:13:21:844,-3.9985,-6.78875,"0,62",11,5,"54,11","-0,97","136,38","2,52","-3,91"
2026 03 12 12:13:21:846,-3.9675,-6.78875,"0,62",11,5,"54,11","-0,97","136,38","2,52","-7,81"
2026 03 12 12:13:21:848,-3.9675,-6.78875,"0,62",11,5,"54,11","-0,97","136,38","2,52","-7,81"
2026 03 12 12:13:21:850,-3.9675,-6.78875,"0,62",11,5,"54,11","-0,97","136,38","2,52","-7,81"
2026 03 12 12:13:21:852,-3.9675,-6.70125,"0,62",11,5,"54,11","-0,97","136,38","2,52","-11,72"
2026 03 12 12:13:21:854,-3.9675,-6.78875,"0,62",11,5,"54,11","-0,97","136,38","2,52","11,72"
2026 03 12 12:13:21:856,-3.9675,-6.78875,"0,62",11,5,"54,11","-0,97","136,38","2,52","7,81"
2026 03 12 12:13:21:858,-3.9985,-6.78875,"0,62",11,5,"54,11","-0,97","136,38","2,52","-7,81"
2026 03 12 12:13:21:860,-3.9675,-6.78875,"0,62",11,5,"54,11","-0,97","136,38","2,52","-23,44"
2026 03 12 12:13:21:862,-3.9675,-6.87625,"0,62",11,5,"54,11","-0,97","136,38","2,52","-19,53"
2026 03 12 12:13:21:864,-3.9675,-6.78875,"0,62",11,5,"54,11","-0,97","136,38","2,52","-11,72"
2026 03 12 12:13:21:866,-3.9675,-6.78875,"0,62",11,5,"54,11","-0,97","136,38","2,52","-15,62"
2026 03 12 12:13:21:868,-3.9675,-6.78875,"0,62",11,5,"54,11","-0,97","136,38","2,52","-15,62"
2026 03 12 12:13:21:870,-3.9675,-6.78875,"0,62",11,5,"54,11","-0,97","136,38","2,52","-15,62"
2026 03 12 12:13:21:872,-3.9675,-6.78875,"0,62",11,5,"54,11","-0,97","136,38","2,52","-15,62"
2026 03 12 12:13:21:874,-3.9334,-6.78875,"0,62",11,5,"54,11","-0,97","136,38","2,52","11,72"
2026 03 12 12:13:21:876,-3.9675,-6.78875,"0,62",11,5,"54,11","-0,97","136,38","2,52","3,91"
2026 03 12 12:13:21:878,-3.9675,-6.78875,"0,62",11,5,"54,11","-0,97","136,38","2,52","-11,72"
2026 03 12 12:13:21:880,-3.9334,-6.78875,"0,62",11,5,"54,11","-0,97","136,38","2,52","-19,53"
2026 03 12 12:13:21:882,-3.9334,-6.70125,"0,62",11,5,"54,11","-0,97","136,38","2,52","-11,72"
2026 03 12 12:13:21:884,-3.9675,-6.78875,"0,62",11,5,"54,11","-0,97","136,38","2,52","-11,72"
2026 03 12 12:13:21:886,-3.9675,-6.78875,"0,62",11,5,"54,11","-0,97","136,38","2,52","-11,72"
2026 03 12 12:13:21:888,-3.9675,-6.70125,"0,62",11,5,"54,11","-0,97","136,38","2,52","-11,72"
2026 03 12 12:13:21:890,-3.9334,-6.78875,"0,62",11,5,"54,11","-0,97","136,38","2,52","-11,72"
2026 03 12 12:13:21:892,-3.9985,-6.78875,"0,62",11,5,"54,11","-0,97","136,38","2,52","-11,72"
2026 03 12 12:13:21:894,-3.9675,-6.70125,"0,62",11,5,"54,11","-0,97","136,38","2,52","7,81"
2026 03 12 12:13:21:896,-3.9675,-6.78875,"0,62",11,5,"54,11","-0,97","136,38","2,52","-3,91"
2026 03 12 12:13:21:898,-3.9675,-6.78875,"0,62",11,5,"54,11","-0,97","136,38","2,52","-19,53"
2026 03 12 12:13:21:900,-3.9334,-6.87625,"0,62",11,5,"54,11","-0,97","136,38","2,52","-27,34"
2026 03 12 12:13:21:902,-3.9334,-6.78875,"0,62",11,5,"54,11","-0,97","136,38","2,52","-15,62"
2026 03 12 12:13:21:904,-3.9675,-6.70125,"0,62",11,5,"54,11","-0,97","136,38","2,52","-15,62"
2026 03 12 12:13:21:906,-3.9675,-6.78875,"0,62",11,5,"54,11","-0,97","136,38","2,52","-11,72"
2026 03 12 12:13:21:908,-3.9675,-6.78875,"0,62",11,5,"54,11","-0,97","136,38","2,52","-11,72"
2026 03 12 12:13:21:910,-3.9985,-6.78875,"0,62",11,5,"54,11","-0,97","136,38","2,52","-15,62"
2026 03 12 12:13:21:912,-3.9675,-6.78875,"0,62",11,5,"54,11","-0,97","136,38","2,52","-19,53"
2026 03 12 12:13:21:914,-3.9985,-6.78875,"0,62",11,5,"54,11","-0,97","136,38","2,52","7,81"
2026 03 12 12:13:21:916,-3.9334,-6.78875,"0,62",11,5,"54,11","-0,97","136,38","2,52","-7,81"
2026 03 12 12:13:21:918,-3.9985,-6.78875,"0,62",11,5,"54,11","-0,97","136,38","2,52","-19,53"
2026 03 12 12:13:21:920,-3.9675,-6.78875,"0,62",11,5,"54,11","-0,97","136,38","2,52","-31,25"
2026 03 12 12:13:21:922,-3.9675,-6.87625,"0,62",11,5,"54,11","-0,97","136,38","2,52","-23,44"
2026 03 12 12:13:21:924,-3.9675,-6.78875,"0,62",11,5,"54,11","-0,97","136,38","2,52","-19,53"
2026 03 12 12:13:21:926,-3.9675,-6.70125,"0,62",11,5,"54,11","-0,97","136,38","2,52","-19,53"
2026 03 12 12:13:21:928,-3.9675,-6.70125,"0,62",11,5,"54,11","-0,97","136,38","2,52","-19,53"
2026 03 12 12:13:21:930,-3.9675,-6.70125,"0,62",11,5,"54,11","-0,97","136,38","2,52","-19,53"
2026 03 12 12:13:21:932,-3.9675,-6.78875,"0,62",11,5,"54,11","-0,97","136,38","2,52","-19,53"
2026 03 12 12:13:21:934,-3.9675,-6.61375,"0,62",11,5,"54,11","-0,97","136,38","2,52","7,81"
2026 03 12 12:13:21:936,-3.9675,-6.78875,"0,62",11,5,"54,11","-0,97","136,38","2,52","-7,81"
2026 03 12 12:13:21:938,-3.9334,-6.78875,"0,62",11,5,"54,11","-0,97","136,38","2,52","-23,44"
2026 03 12 12:13:21:940,-3.9675,-6.70125,"0,62",11,5,"54,11","-0,97","136,38","2,52","-31,25"
2026 03 12 12:13:21:942,-3.9985,-6.70125,"0,62",11,5,"54,11","-0,97","136,38","2,52","-23,44"
2026 03 12 12:13:21:944,-3.9334,-6.78875,"0,62",11,5,"54,11","-0,97","136,38","2,52","-19,53"
2026 03 12 12:13:21:946,-3.9334,-6.78875,"0,62",11,5,"54,11","-0,97","136,38","2,52","-19,53"
2026 03 12 12:13:21:948,-3.9675,-6.78875,"0,62",11,5,"54,11","-0,97","136,38","2,52","-19,53"
2026 03 12 12:13:21:950,-3.9675,-6.70125,"0,62",11,5,"54,11","-0,97","136,38","2,52","-19,53"
2026 03 12 12:13:21:952,-3.9675,-6.70125,"0,62",11,5,"54,11","-0,97","136,38","2,52","-19,53"
2026 03 12 12:13:21:954,-3.9675,-6.70125,"0,62",11,5,"54,11","-0,97","136,38","2,52","7,81"
2026 03 12 12:13:21:956,-3.9675,-6.70125,"0,62",11,5,"54,11","-0,97","136,38","2,52","-11,72"
2026 03 12 12:13:21:958,-3.9675,-6.70125,"0,62",11,5,"54,11","-0,97","136,38","2,52","-19,53"
2026 03 12 12:13:21:960,-3.9675,-6.87625,"0,62",11,5,"54,11","-0,97","136,38","2,52","-27,34"
2026 03 12 12:13:21:962,-3.9675,-6.78875,"0,62",11,5,"54,11","-0,97","136,38","2,52","-23,44"
2026 03 12 12:13:21:964,-3.9675,-6.78875,"0,62",11,5,"54,11","-0,97","136,38","2,52","-19,53"
2026 03 12 12:13:21:966,-3.9675,-6.78875,"0,62",11,5,"54,11","-0,97","136,38","2,52","-19,53"
2026 03 12 12:13:21:968,-3.9675,-6.78875,"0,62",11,5,"54,11","-0,97","136,38","2,52","-19,53"
2026 03 12 12:13:21:970,-3.9675,-6.70125,"0,62",11,5,"54,11","-0,97","136,38","2,52","-19,53"
2026 03 12 12:13:21:972,-3.9675,-6.70125,"0,62",11,5,"54,11","-0,97","136,38","2,52","-19,53"
2026 03 12 12:13:21:974,-3.9675,-6.78875,"0,62",11,5,"54,11","-0,97","136,38","2,52","3,91"
2026 03 12 12:13:21:976,-3.9985,-6.78875,"0,62",11,5,"54,11","-0,97","136,38","2,52","-7,81"
2026 03 12 12:13:21:978,-3.9675,-6.78875,"0,62",11,5,"54,11","-0,97","136,38","2,52","-19,53"
2026 03 12 12:13:21:980,-3.9985,-6.78875,"0,62",11,5,"54,11","-0,97","136,38","2,52","-35,16"
2026 03 12 12:13:21:982,-3.9675,-6.70125,"0,62",11,5,"54,11","-0,97","136,38","2,52","-27,34"
2026 03 12 12:13:21:984,-3.9985,-6.78875,"0,62",11,5,"54,11","-0,97","136,38","2,52","-19,53"
2026 03 12 12:13:21:986,-3.9675,-6.78875,"0,62",11,5,"54,11","-0,97","136,38","2,52","-19,53"
2026 03 12 12:13:21:988,-3.9675,-6.78875,"0,62",11,5,"54,11","-0,97","136,38","2,52","-23,44"
2026 03 12 12:13:21:990,-3.9675,-6.70125,"0,62",11,5,"54,11","-0,97","136,38","2,52","-23,44"
2026 03 12 12:13:21:992,-3.9675,-6.87625,"0,62",11,5,"54,11","-0,97","136,38","2,52","-23,44"
2026 03 12 12:13:21:994,-3.9675,-6.87625,"0,62",11,5,"54,11","-0,97","136,38","2,52",0
2026 03 12 12:13:21:996,-3.9334,-6.78875,"0,62",11,5,"54,11","-0,97","136,38","2,52","-11,72"
2026 03 12 12:13:21:998,-3.9675,-6.70125,"0,62",11,5,"54,11","-0,97","136,38","2,52","-23,44"
2026 03 12 12:13:22:000,-3.9675,-6.78875,"0,62",11,5,"54,11","-0,97","136,38","2,52","-42,97"
2026 03 12 12:13:22:002,-3.9675,-6.70125,"0,62",11,5,"54,11","-0,97","136,38","2,52","-27,34"
2026 03 12 12:13:22:004,-3.9675,-6.70125,"0,62",11,5,"54,11","-0,97","136,38","2,52","-23,44"
2026 03 12 12:13:22:006,-3.9675,-6.78875,"0,62",11,5,"54,11","-0,97","136,38","2,52","-23,44"
2026 03 12 12:13:22:008,-3.9675,-6.78875,"0,62",11,5,"54,11","-0,97","136,38","2,52","-23,44"
2026 03 12 12:13:22:010,-3.9675,-6.78875,"0,62",11,5,"54,11","-0,97","136,38","2,52","-27,34"
2026 03 12 12:13:22:012,-3.9675,-6.78875,"0,62",11,5,"54,11","-0,97","136,38","2,52","-23,44"
2026 03 12 12:13:22:014,-3.9334,-6.78875,"0,62",11,5,"54,11","-0,97","136,38","2,52",0
2026 03 12 12:13:22:016,-3.9675,-6.78875,"0,62",11,5,"54,11","-0,97","136,38","2,52","-15,62"
2026 03 12 12:13:22:018,-3.9675,-6.78875,"0,62",11,5,"54,11","-0,97","136,38","2,52","-23,44"
2026 03 12 12:13:22:020,-3.9675,-6.78875,"0,62",11,5,"54,11","-0,97","136,38","2,52","-39,06"
2026 03 12 12:13:22:022,-3.9675,-6.78875,"0,62",11,5,"54,11","-0,97","136,38","2,52","-27,34"
2026 03 12 12:13:22:024,-3.9675,-6.78875,"0,62",11,5,"54,11","-0,97","136,38","2,52","-23,44"
2026 03 12 12:13:22:026,-3.9675,-6.87625,"0,62",11,5,"54,11","-0,97","136,38","2,52","-23,44"
2026 03 12 12:13:22:028,-3.9675,-6.78875,"0,62",11,5,"54,11","-0,97","136,38","2,52","-23,44"
2026 03 12 12:13:22:030,-3.9334,-6.70125,"0,62",11,5,"54,11","-0,97","136,38","2,52","-23,44"
2026 03 12 12:13:22:032,-3.9675,-6.70125,"0,62",11,5,"54,11","-0,97","136,38","2,52","-23,44"
2026 03 12 12:13:22:034,-3.9985,-6.78875,"0,62",11,5,"54,11","-0,97","136,38","2,52",0
2026 03 12 12:13:22:036,-3.9985,-6.78875,"0,62",11,5,"54,11","-0,97","136,38","2,52","-15,62"
2026 03 12 12:13:22:038,-3.9675,-6.70125,"0,62",11,5,"54,11","-0,97","136,38","2,52","-27,34"
2026 03 12 12:13:22:040,-3.9985,-6.70125,"0,62",11,5,"54,11","-0,97","136,38","2,52","-42,97"
2026 03 12 12:13:22:042,-3.9334,-6.78875,"0,62",11,5,"54,11","-0,97","136,38","2,52","-31,25"
2026 03 12 12:13:22:044,-3.9334,-6.78875,"0,62",11,5,"54,11","-0,97","136,38","2,52","-27,34"
2026 03 12 12:13:22:046,-3.9675,-6.70125,"0,62",11,5,"54,11","-0,97","136,38","2,52","-27,34"
2026 03 12 12:13:22:048,-3.9985,-6.78875,"0,62",11,5,"54,11","-0,97","136,38","2,52","-27,34"
2026 03 12 12:13:22:050,-3.9334,-6.78875,"0,62",11,5,"54,11","-0,97","136,38","2,52","-27,34"
2026 03 12 12:13:22:052,-3.9985,-6.78875,"0,62",11,5,"54,11","-0,97","136,38","2,52","-27,34"
2026 03 12 12:13:22:054,-3.9675,-6.78875,"0,62",11,5,"54,11","-0,97","136,38","2,52",0
2026 03 12 12:13:22:056,-3.9675,-6.70125,"0,62",11,5,"54,11","-0,97","136,38","2,52","-19,53"
2026 03 12 12:13:22:058,-3.9985,-6.78875,"0,62",11,5,"54,11","-0,97","136,38","2,52","-31,25"
2026 03 12 12:13:22:060,-3.9675,-6.78875,"0,62",11,5,"54,11","-0,97","136,38","2,52","-42,97"
2026 03 12 12:13:22:062,-3.9334,-6.78875,"0,62",11,5,"54,11","-0,97","136,38","2,52","-35,16"
2026 03 12 12:13:22:064,-3.9334,-6.78875,"0,62",11,5,"54,11","-0,97","136,38","2,52","-27,34"
2026 03 12 12:13:22:066,-3.9675,-6.78875,"0,62",11,5,"54,11","-0,97","136,38","2,52","-31,25"
2026 03 12 12:13:22:068,-3.9675,-6.78875,"0,62",11,5,"54,11","-0,97","136,38","2,52","-27,34"
2026 03 12 12:13:22:070,-3.9675,-6.87625,"0,62",11,5,"54,11","-0,97","136,38","2,52","-27,34"
2026 03 12 12:13:22:072,-3.9675,-6.78875,"0,62",11,5,"54,11","-0,97","136,38","2,52","-27,34"
2026 03 12 12:13:22:074,-3.9675,-6.78875,"0,62",11,5,"54,11","-0,97","136,38","2,52","-3,91"
2026 03 12 12:13:22:076,-3.9675,-6.78875,"0,62",11,5,"54,11","-0,97","136,38","2,52","-19,53"
2026 03 12 12:13:22:078,-3.9675,-6.78875,"0,62",11,5,"54,11","-0,97","136,38","2,52","-31,25"
2026 03 12 12:13:22:080,-3.9675,-6.70125,"0,62",11,5,"54,11","-0,97","136,38","2,52","-42,97"
2026 03 12 12:13:22:082,-3.9334,-6.78875,"0,62",11,5,"54,11","-0,97","136,38","2,52","-35,16"
2026 03 12 12:13:22:084,-3.9675,-6.78875,"0,62",11,5,"54,11","-0,97","136,38","2,52","-31,25"
2026 03 12 12:13:22:086,-3.9675,-6.78875,"0,62",11,5,"54,11","-0,97","136,38","2,52","-31,25"
2026 03 12 12:13:22:088,-3.9675,-6.78875,"0,62",11,5,"54,11","-0,97","136,38","2,52","-27,34"
2026 03 12 12:13:22:090,-3.9334,-6.78875,"0,62",11,5,"54,11","-0,97","136,38","2,52","-31,25"
2026 03 12 12:13:22:092,-3.9985,-6.78875,"0,62",11,5,"54,11","-0,97","136,38","2,52","-27,34"
2026 03 12 12:13:22:094,-3.9675,-6.78875,"0,62",11,5,"54,11","-0,97","136,38","2,52",0
2026 03 12 12:13:22:096,-3.9985,-6.70125,"0,62",11,5,"54,11","-0,97","136,38","2,52","-19,53"
2026 03 12 12:13:22:098,-3.9675,-6.78875,"0,62",11,5,"54,11","-0,97","136,38","2,52","-31,25"
2026 03 12 12:13:22:100,-3.9675,-6.78875,"0,62",11,5,"54,11","-0,97","136,38","2,52","-42,97"
2026 03 12 12:13:22:102,-3.9675,-6.78875,"0,62",11,5,"54,11","-0,97","136,38","2,52","-31,25"
2026 03 12 12:13:22:104,-3.9675,-6.78875,"0,62",11,5,"54,11","-0,97","136,38","2,52","-27,34"
2026 03 12 12:13:22:106,-3.9675,-6.70125,"0,62",11,5,"54,11","-0,97","136,38","2,52","-31,25"
2026 03 12 12:13:22:108,-3.9675,-6.78875,"0,62",11,5,"54,11","-0,97","136,38","2,52","-31,25"
2026 03 12 12:13:22:110,-3.9675,-6.78875,"0,62",11,5,"54,11","-0,97","136,38","2,52","-31,25"
2026 03 12 12:13:22:112,-3.9334,-6.70125,"0,62",11,5,"54,11","-0,97","136,38","2,52","-31,25"
2026 03 12 12:13:22:114,-3.9985,-6.87625,"0,62",11,5,"54,11","-0,97","136,38","2,52","-3,91"
2026 03 12 12:13:22:116,-3.9334,-6.78875,"0,62",11,5,"54,11","-0,97","136,38","2,52","-19,53"
2026 03 12 12:13:22:118,-3.9675,-6.78875,"0,62",11,5,"54,11","-0,97","136,38","2,52","-31,25"
2026 03 12 12:13:22:120,-3.9334,-6.87625,"0,62",11,5,"54,11","-0,97","136,38","2,52","-42,97"
2026 03 12 12:13:22:122,-3.9675,-6.87625,"0,62",11,5,"54,11","-0,97","136,38","2,52","-35,16"
2026 03 12 12:13:22:124,-3.9675,-6.70125,"0,62",11,5,"54,11","-0,97","136,38","2,52","-31,25"
2026 03 12 12:13:22:126,-3.9675,-6.70125,"0,62",11,5,"54,11","-0,97","136,38","2,52","-31,25"
2026 03 12 12:13:22:128,-3.9675,-6.78875,"0,62",11,5,"54,11","-0,97","136,38","2,52","-31,25"
2026 03 12 12:13:22:130,-3.9985,-6.87625,"0,62",11,5,"54,11","-0,97","136,38","2,52","-35,16"
2026 03 12 12:13:22:132,-3.9675,-6.78875,"0,62",11,5,"54,11","-0,97","136,38","2,52","-35,16"
2026 03 12 12:13:22:134,-3.9675,-6.78875,"0,62",11,5,"54,11","-0,97","136,38","2,52",0
2026 03 12 12:13:22:136,-3.9985,-6.78875,"0,62",11,5,"54,11","-0,97","136,38","2,52","-23,44"
2026 03 12 12:13:22:138,-3.9675,-6.78875,"0,33",11,2,"34,42","-0,82","99,14","2,88","-31,25"
2026 03 12 12:13:22:140,-3.9675,-6.70125,"0,33",11,2,"34,42","-0,82","99,14","2,88","-42,97"
2026 03 12 12:13:22:142,-3.9675,-6.70125,"0,33",11,2,"34,42","-0,82","99,14","2,88","-39,06"
2026 03 12 12:13:22:144,-3.9675,-6.70125,"0,33",11,2,"34,42","-0,82","99,14","2,88","-35,16"
2026 03 12 12:13:22:146,-3.9334,-6.70125,"0,33",11,2,"34,42","-0,82","99,14","2,88","-39,06"
2026 03 12 12:13:22:148,-3.9675,-6.78875,"0,33",11,2,"34,42","-0,82","99,14","2,88","-31,25"
2026 03 12 12:13:22:150,-3.9985,-6.78875,"0,33",11,2,"34,42","-0,82","99,14","2,88","-31,25"
2026 03 12 12:13:22:152,-3.9675,-6.78875,"0,33",11,2,"34,42","-0,82","99,14","2,88","-27,34"
2026 03 12 12:13:22:154,-3.9985,-6.78875,"0,33",11,2,"34,42","-0,82","99,14","2,88","3,91"
2026 03 12 12:13:22:156,-3.9675,-6.78875,"0,33",11,2,"34,42","-0,82","99,14","2,88","-23,44"
2026 03 12 12:13:22:158,-3.9334,-6.78875,"0,33",11,2,"34,42","-0,82","99,14","2,88","-39,06"
2026 03 12 12:13:22:160,-3.9675,-6.78875,"0,33",11,2,"34,42","-0,82","99,14","2,88","-54,69"
2026 03 12 12:13:22:162,-3.9675,-6.78875,"0,33",11,2,"34,42","-0,82","99,14","2,88","-39,06"
2026 03 12 12:13:22:164,-3.9675,-6.78875,"0,33",11,2,"34,42","-0,82","99,14","2,88","-27,34"
2026 03 12 12:13:22:166,-3.9675,-6.78875,"0,33",11,2,"34,42","-0,82","99,14","2,88","-35,16"
2026 03 12 12:13:22:168,-3.9675,-6.78875,"0,33",11,2,"34,42","-0,82","99,14","2,88","-35,16"
2026 03 12 12:13:22:170,-3.9675,-6.87625,"0,33",11,2,"34,42","-0,82","99,14","2,88","-39,06"
2026 03 12 12:13:22:172,-3.9675,-6.78875,"0,33",11,2,"34,42","-0,82","99,14","2,88","-27,34"
2026 03 12 12:13:22:174,-3.9675,-6.78875,"0,33",11,2,"34,42","-0,82","99,14","2,88","-3,91"
2026 03 12 12:13:22:176,-3.9675,-6.87625,"0,33",11,2,"34,42","-0,82","99,14","2,88","-23,44"
2026 03 12 12:13:22:178,-3.9675,-6.87625,"0,33",11,2,"34,42","-0,82","99,14","2,88","-35,16"
2026 03 12 12:13:22:180,-3.9675,-6.78875,"0,33",11,2,"34,42","-0,82","99,14","2,88","-50,78"
2026 03 12 12:13:22:182,-3.9675,-6.78875,"0,33",11,2,"34,42","-0,82","99,14","2,88","-35,16"
2026 03 12 12:13:22:184,-3.9675,-6.78875,"0,33",11,2,"34,42","-0,82","99,14","2,88","-39,06"
2026 03 12 12:13:22:186,-3.9985,-6.78875,"0,33",11,2,"34,42","-0,82","99,14","2,88","-31,25"
2026 03 12 12:13:22:188,-3.9675,-6.70125,"0,33",11,2,"34,42","-0,82","99,14","2,88","-39,06"
2026 03 12 12:13:22:190,-3.9675,-6.78875,"0,33",11,2,"34,42","-0,82","99,14","2,88","-31,25"
2026 03 12 12:13:22:192,-3.9675,-6.61375,"0,33",11,2,"34,42","-0,82","99,14","2,88","-35,16"
2026 03 12 12:13:22:194,-3.9675,-6.78875,"0,33",11,2,"34,42","-0,82","99,14","2,88","-11,72"
2026 03 12 12:13:22:196,-3.9675,-6.70125,"0,33",11,2,"34,42","-0,82","99,14","2,88","-23,44"
2026 03 12 12:13:22:198,-3.9675,-6.78875,"0,33",11,2,"34,42","-0,82","99,14","2,88","-39,06"
2026 03 12 12:13:22:200,-3.9675,-6.78875,"0,33",11,2,"34,42","-0,82","99,14","2,88","-50,78"
2026 03 12 12:13:22:202,-3.9675,-6.78875,"0,33",11,2,"34,42","-0,82","99,14","2,88","-42,97"
2026 03 12 12:13:22:204,-3.9985,-6.78875,"0,33",11,2,"34,42","-0,82","99,14","2,88","-39,06"
2026 03 12 12:13:22:206,-3.9675,-6.78875,"0,33",11,2,"34,42","-0,82","99,14","2,88","-31,25"
2026 03 12 12:13:22:208,-3.9675,-6.78875,"0,33",11,2,"34,42","-0,82","99,14","2,88","-39,06"
2026 03 12 12:13:22:210,-3.9985,-6.70125,"0,33",11,2,"34,42","-0,82","99,14","2,88","-39,06"
2026 03 12 12:13:22:212,-3.9334,-6.87625,"0,33",11,2,"34,42","-0,82","99,14","2,88","-39,06"
2026 03 12 12:13:22:214,-3.9675,-6.87625,"0,33",11,2,"34,42","-0,82","99,14","2,88","-11,72"
2026 03 12 12:13:22:216,-3.9675,-6.78875,"0,33",11,2,"34,42","-0,82","99,14","2,88","-27,34"
2026 03 12 12:13:22:218,-3.9334,-6.78875,"0,33",11,2,"34,42","-0,82","99,14","2,88","-42,97"
2026 03 12 12:13:22:220,-3.9675,-6.78875,"0,33",11,2,"34,42","-0,82","99,14","2,88","-50,78"
2026 03 12 12:13:22:222,-3.9675,-6.78875,"0,33",11,2,"34,42","-0,82","99,14","2,88","-42,97"
2026 03 12 12:13:22:224,-3.9675,-6.78875,"0,33",11,2,"34,42","-0,82","99,14","2,88","-39,06"
2026 03 12 12:13:22:226,-3.9675,-6.70125,"0,33",11,2,"34,42","-0,82","99,14","2,88","-35,16"
2026 03 12 12:13:22:228,-3.9675,-6.78875,"0,33",11,2,"34,42","-0,82","99,14","2,88","-42,97"
2026 03 12 12:13:22:230,-3.9675,-6.78875,"0,33",11,2,"34,42","-0,82","99,14","2,88","-39,06"
2026 03 12 12:13:22:232,-3.9675,-6.78875,"0,33",11,2,"34,42","-0,82","99,14","2,88","-39,06"
2026 03 12 12:13:22:234,-3.9675,-6.78875,"0,33",11,2,"34,42","-0,82","99,14","2,88","-15,62"
2026 03 12 12:13:22:236,-3.9985,-6.78875,"0,33",11,2,"34,42","-0,82","99,14","2,88","-27,34"
2026 03 12 12:13:22:238,-3.9675,-6.70125,"0,33",11,2,"34,42","-0,82","99,14","2,88","-42,97"
2026 03 12 12:13:22:240,-3.9675,-6.70125,"0,33",11,2,"34,42","-0,82","99,14","2,88","-58,59"
2026 03 12 12:13:22:242,-3.9675,-6.70125,"0,33",11,2,"34,42","-0,82","99,14","2,88","-46,87"
2026 03 12 12:13:22:244,-3.9675,-6.78875,"0,33",11,2,"34,42","-0,82","99,14","2,88","-39,06"
2026 03 12 12:13:22:246,-3.9985,-6.78875,"0,33",11,2,"34,42","-0,82","99,14","2,88","-35,16"
2026 03 12 12:13:22:248,-3.9675,-6.78875,"0,33",11,2,"34,42","-0,82","99,14","2,88","-42,97"
2026 03 12 12:13:22:250,-3.9675,-6.78875,"0,33",11,2,"34,42","-0,82","99,14","2,88","-39,06"
2026 03 12 12:13:22:252,-3.9675,-6.78875,"0,33",11,2,"34,42","-0,82","99,14","2,88","-39,06"
2026 03 12 12:13:22:254,-3.9675,-6.78875,"0,33",11,2,"34,42","-0,82","99,14","2,88","-15,62"
2026 03 12 12:13:22:256,-3.9675,-6.78875,"0,33",11,2,"34,42","-0,82","99,14","2,88","-27,34"
2026 03 12 12:13:22:258,-3.9675,-6.70125,"0,33",11,2,"34,42","-0,82","99,14","2,88","-42,97"
2026 03 12 12:13:22:260,-3.9675,-6.70125,"0,33",11,2,"34,42","-0,82","99,14","2,88","-58,59"
2026 03 12 12:13:22:262,-3.9334,-6.78875,"0,33",11,2,"34,42","-0,82","99,14","2,88","-42,97"
2026 03 12 12:13:22:264,-3.9334,-6.78875,"0,33",11,2,"34,42","-0,82","99,14","2,88","-39,06"
2026 03 12 12:13:22:266,-3.9675,-6.78875,"0,33",11,2,"34,42","-0,82","99,14","2,88","-35,16"
2026 03 12 12:13:22:268,-3.9675,-6.78875,"0,33",11,2,"34,42","-0,82","99,14","2,88","-42,97"
2026 03 12 12:13:22:270,-3.9675,-6.78875,"0,33",11,2,"34,42","-0,82","99,14","2,88","-39,06"
2026 03 12 12:13:22:272,-3.9334,-6.78875,"0,33",11,2,"34,42","-0,82","99,14","2,88","-39,06"
2026 03 12 12:13:22:274,-3.9334,-6.78875,"0,33",11,2,"34,42","-0,82","99,14","2,88","-15,62"
2026 03 12 12:13:22:276,-3.9675,-6.78875,"0,33",11,2,"34,42","-0,82","99,14","2,88","-31,25"
2026 03 12 12:13:22:278,-3.9985,-6.70125,"0,33",11,2,"34,42","-0,82","99,14","2,88","-42,97"
2026 03 12 12:13:22:280,-3.9985,-6.78875,"0,33",11,2,"34,42","-0,82","99,14","2,88","-54,69"
2026 03 12 12:13:22:282,-3.9334,-6.78875,"0,33",11,2,"34,42","-0,82","99,14","2,88","-46,87"
2026 03 12 12:13:22:284,-3.9985,-6.87625,"0,33",11,2,"34,42","-0,82","99,14","2,88","-42,97"
2026 03 12 12:13:22:286,-3.9675,-6.70125,"0,33",11,2,"34,42","-0,82","99,14","2,88","-39,06"
2026 03 12 12:13:22:288,-3.9985,-6.78875,"0,33",11,2,"34,42","-0,82","99,14","2,88","-42,97"
2026 03 12 12:13:22:290,-3.9675,-6.78875,"0,33",11,2,"34,42","-0,82","99,14","2,88","-42,97"
2026 03 12 12:13:22:292,-3.9675,-6.78875,"0,33",11,2,"34,42","-0,82","99,14","2,88","-39,06"
2026 03 12 12:13:22:294,-3.9334,-6.78875,"0,33",11,2,"34,42","-0,82","99,14","2,88","-15,62"
2026 03 12 12:13:22:296,-3.9334,-6.70125,"0,33",11,2,"34,42","-0,82","99,14","2,88","-31,25"
2026 03 12 12:13:22:298,-3.9334,-6.78875,"0,33",11,2,"34,42","-0,82","99,14","2,88","-46,87"
2026 03 12 12:13:22:300,-3.9675,-6.78875,"0,33",11,2,"34,42","-0,82","99,14","2,88","-62,5"
2026 03 12 12:13:22:302,-3.9985,-6.70125,"0,33",11,2,"34,42","-0,82","99,14","2,88","-46,87"
2026 03 12 12:13:22:304,-3.9675,-6.78875,"0,33",11,2,"34,42","-0,82","99,14","2,88","-42,97"
2026 03 12 12:13:22:306,-3.9675,-6.78875,"0,33",11,2,"34,42","-0,82","99,14","2,88","-42,97"
2026 03 12 12:13:22:308,-3.9675,-6.78875,"0,33",11,2,"34,42","-0,82","99,14","2,88","-42,97"
2026 03 12 12:13:22:310,-3.9985,-6.78875,"0,33",11,2,"34,42","-0,82","99,14","2,88","-42,97"
2026 03 12 12:13:22:312,-3.9675,-6.78875,"0,33",11,2,"34,42","-0,82","99,14","2,88","-42,97"
2026 03 12 12:13:22:314,-3.9675,-6.78875,"0,33",11,2,"34,42","-0,82","99,14","2,88","-15,62"
2026 03 12 12:13:22:316,-3.9675,-6.78875,"0,33",11,2,"34,42","-0,82","99,14","2,88","-31,25"
2026 03 12 12:13:22:318,-3.9675,-6.78875,"0,33",11,2,"34,42","-0,82","99,14","2,88","-42,97"
2026 03 12 12:13:22:320,-3.9675,-6.78875,"0,33",11,2,"34,42","-0,82","99,14","2,88","-58,59"
2026 03 12 12:13:22:322,-3.9334,-6.78875,"0,33",11,2,"34,42","-0,82","99,14","2,88","-42,97"
2026 03 12 12:13:22:324,-3.9675,-6.78875,"0,33",11,2,"34,42","-0,82","99,14","2,88","-42,97"
2026 03 12 12:13:22:326,-3.9675,-6.78875,"0,33",11,2,"34,42","-0,82","99,14","2,88","-39,06"
2026 03 12 12:13:22:328,-3.9675,-6.78875,"0,33",11,2,"34,42","-0,82","99,14","2,88","-42,97"
2026 03 12 12:13:22:330,-3.9675,-6.70125,"0,33",11,2,"34,42","-0,82","99,14","2,88","-46,87"
2026 03 12 12:13:22:332,-3.9985,-6.70125,"0,33",11,2,"34,42","-0,82","99,14","2,88","-42,97"
2026 03 12 12:13:22:334,-3.9675,-6.78875,"0,33",11,2,"34,42","-0,82","99,14","2,88","-19,53"
2026 03 12 12:13:22:336,-3.9675,-6.70125,"0,33",11,2,"34,42","-0,82","99,14","2,88","-35,16"
2026 03 12 12:13:22:338,-3.9985,-6.78875,"0,33",11,2,"34,42","-0,82","99,14","2,88","-42,97"
2026 03 12 12:13:22:340,-3.9985,-6.78875,"0,33",11,2,"34,42","-0,82","99,14","2,88","-54,69"
2026 03 12 12:13:22:342,-3.9985,-6.78875,"0,33",11,2,"34,42","-0,82","99,14","2,88","-50,78"
2026 03 12 12:13:22:344,-3.9675,-6.78875,"0,33",11,2,"34,42","-0,82","99,14","2,88","-42,97"
2026 03 12 12:13:22:346,-3.9675,-6.70125,"0,33",11,2,"34,42","-0,82","99,14","2,88","-42,97"
2026 03 12 12:13:22:348,-3.9334,-6.70125,"0,33",11,2,"34,42","-0,82","99,14","2,88","-42,97"
2026 03 12 12:13:22:350,-3.9675,-6.70125,"0,33",11,2,"34,42","-0,82","99,14","2,88","-46,87"
2026 03 12 12:13:22:352,-3.9334,-6.78875,"0,33",11,2,"34,42","-0,82","99,14","2,88","-42,97"
2026 03 12 12:13:22:354,-3.9675,-6.78875,"0,33",11,2,"34,42","-0,82","99,14","2,88","-19,53"
2026 03 12 12:13:22:356,-3.9334,-6.70125,"0,33",11,2,"34,42","-0,82","99,14","2,88","-35,16"
2026 03 12 12:13:22:358,-3.9985,-6.78875,"0,33",11,2,"34,42","-0,82","99,14","2,88","-42,97"
2026 03 12 12:13:22:360,-3.9675,-6.78875,"0,33",11,2,"34,42","-0,82","99,14","2,88","-62,5"
2026 03 12 12:13:22:362,-3.9675,-6.78875,"0,33",11,2,"34,42","-0,82","99,14","2,88","-46,87"
2026 03 12 12:13:22:364,-3.9675,-6.78875,"0,33",11,2,"34,42","-0,82","99,14","2,88","-42,97"
2026 03 12 12:13:22:366,-3.9334,-6.87625,"0,33",11,2,"34,42","-0,82","99,14","2,88","-42,97"
2026 03 12 12:13:22:368,-3.9675,-6.78875,"0,33",11,2,"34,42","-0,82","99,14","2,88","-46,87"
2026 03 12 12:13:22:370,-3.9675,-6.78875,"0,33",11,2,"34,42","-0,82","99,14","2,88","-46,87"
2026 03 12 12:13:22:372,-3.9675,-6.78875,"0,33",11,2,"34,42","-0,82","99,14","2,88","-42,97"
2026 03 12 12:13:22:374,-3.9675,-6.78875,"0,33",11,2,"34,42","-0,82","99,14","2,88","-23,44"
2026 03 12 12:13:22:376,-3.9675,-6.78875,"0,33",11,2,"34,42","-0,82","99,14","2,88","-31,25"
2026 03 12 12:13:22:378,-3.9675,-6.78875,"0,33",11,2,"34,42","-0,82","99,14","2,88","-42,97"
2026 03 12 12:13:22:380,-3.9985,-6.78875,"0,33",11,2,"34,42","-0,82","99,14","2,88","-58,59"
2026 03 12 12:13:22:382,-3.9985,-6.78875,"0,33",11,2,"34,42","-0,82","99,14","2,88","-50,78"
2026 03 12 12:13:22:384,-3.9675,-6.78875,"0,33",11,2,"34,42","-0,82","99,14","2,88","-42,97"
2026 03 12 12:13:22:386,-3.9675,-6.78875,"0,33",11,2,"34,42","-0,82","99,14","2,88","-46,87"
2026 03 12 12:13:22:388,-3.9334,-6.78875,"0,33",11,2,"34,42","-0,82","99,14","2,88","-42,97"
2026 03 12 12:13:22:390,-3.9675,-6.78875,"0,33",11,2,"34,42","-0,82","99,14","2,88","-42,97"
2026 03 12 12:13:22:392,-3.9675,-6.78875,"0,33",11,2,"34,42","-0,82","99,14","2,88","-46,87"
2026 03 12 12:13:22:394,-3.9675,-6.78875,"0,33",11,2,"34,42","-0,82","99,14","2,88","-19,53"
2026 03 12 12:13:22:396,-3.9334,-6.78875,"0,33",11,2,"34,42","-0,82","99,14","2,88","-39,06"
2026 03 12 12:13:22:398,-3.9675,-6.78875,"0,33",11,2,"34,42","-0,82","99,14","2,88","-46,87"
2026 03 12 12:13:22:400,-3.9675,-6.78875,"0,33",11,2,"34,42","-0,82","99,14","2,88","-58,59"
2026 03 12 12:13:22:402,-3.9675,-6.78875,"0,33",11,2,"34,42","-0,82","99,14","2,88","-58,59"
2026 03 12 12:13:22:404,-3.9675,-6.87625,"0,33",11,2,"34,42","-0,82","99,14","2,88","-42,97"
2026 03 12 12:13:22:406,-3.9985,-6.78875,"0,33",11,2,"34,42","-0,82","99,14","2,88","-46,87"
2026 03 12 12:13:22:408,-3.9675,-6.78875,"0,33",11,2,"34,42","-0,82","99,14","2,88","-42,97"
2026 03 12 12:13:22:410,-3.9675,-6.78875,"0,33",11,2,"34,42","-0,82","99,14","2,88","-46,87"
2026 03 12 12:13:22:412,-3.9675,-6.70125,"0,33",11,2,"34,42","-0,82","99,14","2,88","-46,87"
2026 03 12 12:13:22:414,-3.9675,-6.70125,"0,33",11,2,"34,42","-0,82","99,14","2,88","-15,62"
2026 03 12 12:13:22:416,-3.9334,-6.78875,"0,33",11,2,"34,42","-0,82","99,14","2,88","-39,06"
2026 03 12 12:13:22:418,-3.9675,-6.87625,"0,33",11,2,"34,42","-0,82","99,14","2,88","-42,97"
2026 03 12 12:13:22:420,-3.9675,-6.87625,"0,33",11,2,"34,42","-0,82","99,14","2,88","-58,59"
2026 03 12 12:13:22:422,-3.9334,-6.87625,"0,33",11,2,"34,42","-0,82","99,14","2,88","-54,69"
2026 03 12 12:13:22:424,-3.9675,-6.78875,"0,33",11,2,"34,42","-0,82","99,14","2,88","-42,97"
2026 03 12 12:13:22:426,-3.9675,-6.78875,"0,33",11,2,"34,42","-0,82","99,14","2,88","-42,97"
2026 03 12 12:13:22:428,-3.9675,-6.78875,"0,33",11,2,"34,42","-0,82","99,14","2,88","-42,97"
2026 03 12 12:13:22:430,-3.9985,-6.87625,"0,33",11,2,"34,42","-0,82","99,14","2,88","-46,87"
2026 03 12 12:13:22:432,-3.9675,-6.78875,"0,33",11,2,"34,42","-0,82","99,14","2,88","-46,87"
2026 03 12 12:13:22:434,-3.9675,-6.78875,"0,33",11,2,"34,42","-0,82","99,14","2,88","-23,44"
2026 03 12 12:13:22:436,-3.9675,-6.78875,"0,27",11,2,"22,64","-0,49","85,13","3,76","-39,06"
2026 03 12 12:13:22:438,-3.9675,-6.70125,"0,27",11,2,"22,64","-0,49","85,13","3,76","-46,87"
2026 03 12 12:13:22:440,-3.9675,-6.78875,"0,27",11,2,"22,64","-0,49","85,13","3,76","-58,59"
2026 03 12 12:13:22:442,-3.9675,-6.70125,"0,27",11,2,"22,64","-0,49","85,13","3,76","-50,78"
2026 03 12 12:13:22:444,-3.9675,-6.70125,"0,27",11,2,"22,64","-0,49","85,13","3,76","-46,87"
2026 03 12 12:13:22:446,-3.9334,-6.70125,"0,27",11,2,"22,64","-0,49","85,13","3,76","-50,78"
2026 03 12 12:13:22:448,-3.9675,-6.78875,"0,27",11,2,"22,64","-0,49","85,13","3,76","-46,87"
2026 03 12 12:13:22:450,-3.9985,-6.78875,"0,27",11,2,"22,64","-0,49","85,13","3,76","-46,87"
2026 03 12 12:13:22:452,-3.9675,-6.87625,"0,27",11,2,"22,64","-0,49","85,13","3,76","-46,87"
2026 03 12 12:13:22:454,-3.9675,-6.87625,"0,27",11,2,"22,64","-0,49","85,13","3,76","-23,44"
2026 03 12 12:13:22:456,-3.9675,-6.78875,"0,27",11,2,"22,64","-0,49","85,13","3,76","-39,06"
2026 03 12 12:13:22:458,-3.9675,-6.70125,"0,27",11,2,"22,64","-0,49","85,13","3,76","-46,87"
2026 03 12 12:13:22:460,-3.9985,-6.70125,"0,27",11,2,"22,64","-0,49","85,13","3,76","-62,5"
2026 03 12 12:13:22:462,-3.9675,-6.78875,"0,27",11,2,"22,64","-0,49","85,13","3,76","-58,59"
2026 03 12 12:13:22:464,-3.9675,-6.87625,"0,27",11,2,"22,64","-0,49","85,13","3,76","-46,87"
2026 03 12 12:13:22:466,-3.9675,-6.78875,"0,27",11,2,"22,64","-0,49","85,13","3,76","-46,87"
2026 03 12 12:13:22:468,-3.9675,-6.78875,"0,27",11,2,"22,64","-0,49","85,13","3,76","-46,87"
2026 03 12 12:13:22:470,-3.9675,-6.78875,"0,27",11,2,"22,64","-0,49","85,13","3,76","-46,87"
2026 03 12 12:13:22:472,-3.9334,-6.78875,"0,27",11,2,"22,64","-0,49","85,13","3,76","-46,87"
2026 03 12 12:13:22:474,-3.9985,-6.78875,"0,27",11,2,"22,64","-0,49","85,13","3,76","-23,44"
2026 03 12 12:13:22:476,-3.9675,-6.78875,"0,27",11,2,"22,64","-0,49","85,13","3,76","-35,16"
2026 03 12 12:13:22:478,-3.9985,-6.78875,"0,27",11,2,"22,64","-0,49","85,13","3,76","-46,87"
2026 03 12 12:13:22:480,-3.9675,-6.78875,"0,27",11,2,"22,64","-0,49","85,13","3,76","-58,59"
2026 03 12 12:13:22:482,-3.9334,-6.87625,"0,27",11,2,"22,64","-0,49","85,13","3,76","-54,69"
2026 03 12 12:13:22:484,-3.9675,-6.87625,"0,27",11,2,"22,64","-0,49","85,13","3,76","-42,97"
2026 03 12 12:13:22:486,-3.9675,-6.78875,"0,27",11,2,"22,64","-0,49","85,13","3,76","-46,87"
2026 03 12 12:13:22:488,-3.9675,-6.70125,"0,27",11,2,"22,64","-0,49","85,13","3,76","-46,87"
2026 03 12 12:13:22:490,-3.9675,-6.78875,"0,27",11,2,"22,64","-0,49","85,13","3,76","-46,87"
2026 03 12 12:13:22:492,-3.9675,-6.70125,"0,27",11,2,"22,64","-0,49","85,13","3,76","-46,87"
2026 03 12 12:13:22:494,-3.9675,-6.78875,"0,27",11,2,"22,64","-0,49","85,13","3,76","-27,34"
2026 03 12 12:13:22:496,-3.9334,-6.78875,"0,27",11,2,"22,64","-0,49","85,13","3,76","-42,97"
2026 03 12 12:13:22:498,-3.9675,-6.78875,"0,27",11,2,"22,64","-0,49","85,13","3,76","-50,78"
2026 03 12 12:13:22:500,-3.9675,-6.70125,"0,27",11,2,"22,64","-0,49","85,13","3,76","-66,41"
2026 03 12 12:13:22:502,-3.9675,-6.78875,"0,27",11,2,"22,64","-0,49","85,13","3,76","-58,59"
2026 03 12 12:13:22:504,-3.9985,-6.78875,"0,27",11,2,"22,64","-0,49","85,13","3,76","-50,78"
2026 03 12 12:13:22:506,-3.9675,-6.78875,"0,27",11,2,"22,64","-0,49","85,13","3,76","-46,87"
2026 03 12 12:13:22:508,-3.9985,-6.78875,"0,27",11,2,"22,64","-0,49","85,13","3,76","-42,97"
2026 03 12 12:13:22:510,-3.9675,-6.78875,"0,27",11,2,"22,64","-0,49","85,13","3,76","-54,69"
2026 03 12 12:13:22:512,-3.9985,-6.78875,"0,27",11,2,"22,64","-0,49","85,13","3,76","-46,87"
2026 03 12 12:13:22:514,-3.9675,-6.87625,"0,27",11,2,"22,64","-0,49","85,13","3,76","-27,34"
2026 03 12 12:13:22:516,-3.9675,-6.70125,"0,27",11,2,"22,64","-0,49","85,13","3,76","-39,06"
2026 03 12 12:13:22:518,-3.9675,-6.78875,"0,27",11,2,"22,64","-0,49","85,13","3,76","-54,69"
2026 03 12 12:13:22:520,-3.9675,-6.87625,"0,27",11,2,"22,64","-0,49","85,13","3,76","-58,59"
2026 03 12 12:13:22:522,-3.9334,-6.78875,"0,27",11,2,"22,64","-0,49","85,13","3,76","-46,87"
2026 03 12 12:13:22:524,-3.9675,-6.78875,"0,27",11,2,"22,64","-0,49","85,13","3,76","-46,87"
2026 03 12 12:13:22:526,-3.9675,-6.78875,"0,27",11,2,"22,64","-0,49","85,13","3,76","-39,06"
2026 03 12 12:13:22:528,-3.9334,-6.70125,"0,27",11,2,"22,64","-0,49","85,13","3,76","-42,97"
2026 03 12 12:13:22:530,-3.9334,-6.78875,"0,27",11,2,"22,64","-0,49","85,13","3,76","-42,97"
2026 03 12 12:13:22:532,-3.9675,-6.70125,"0,27",11,2,"22,64","-0,49","85,13","3,76","-46,87"
2026 03 12 12:13:22:534,-3.9985,-6.78875,"0,27",11,2,"22,64","-0,49","85,13","3,76","-27,34"
2026 03 12 12:13:22:536,-3.9675,-6.78875,"0,27",11,2,"22,64","-0,49","85,13","3,76","-39,06"
2026 03 12 12:13:22:538,-3.9675,-6.70125,"0,27",11,2,"22,64","-0,49","85,13","3,76","-54,69"
2026 03 12 12:13:22:540,-3.9985,-6.78875,"0,27",11,2,"22,64","-0,49","85,13","3,76","-62,5"
2026 03 12 12:13:22:542,-3.9675,-6.70125,"0,27",11,2,"22,64","-0,49","85,13","3,76","-58,59"
2026 03 12 12:13:22:544,-3.9675,-6.70125,"0,27",11,2,"22,64","-0,49","85,13","3,76","-42,97"
2026 03 12 12:13:22:546,-3.9675,-6.78875,"0,27",11,2,"22,64","-0,49","85,13","3,76","-46,87"
2026 03 12 12:13:22:548,-3.9985,-6.70125,"0,27",11,2,"22,64","-0,49","85,13","3,76","-42,97"
2026 03 12 12:13:22:550,-3.9675,-6.78875,"0,27",11,2,"22,64","-0,49","85,13","3,76","-42,97"
2026 03 12 12:13:22:552,-3.9985,-6.78875,"0,27",11,2,"22,64","-0,49","85,13","3,76","-50,78"
2026 03 12 12:13:22:554,-3.9675,-6.78875,"0,27",11,2,"22,64","-0,49","85,13","3,76","-27,34"
2026 03 12 12:13:22:556,-3.9675,-6.78875,"0,27",11,2,"22,64","-0,49","85,13","3,76","-42,97"
2026 03 12 12:13:22:558,-3.9675,-6.70125,"0,27",11,2,"22,64","-0,49","85,13","3,76","-54,69"
2026 03 12 12:13:22:560,-3.9675,-6.70125,"0,27",11,2,"22,64","-0,49","85,13","3,76","-66,41"
2026 03 12 12:13:22:562,-3.9675,-6.70125,"0,27",11,2,"22,64","-0,49","85,13","3,76","-70,31"
2026 03 12 12:13:22:564,-3.9675,-6.78875,"0,27",11,2,"22,64","-0,49","85,13","3,76","-50,78"
2026 03 12 12:13:22:566,-3.9675,-6.78875,"0,27",11,2,"22,64","-0,49","85,13","3,76","-50,78"
2026 03 12 12:13:22:568,-3.9675,-6.78875,"0,27",11,2,"22,64","-0,49","85,13","3,76","-50,78"
2026 03 12 12:13:22:570,-3.9675,-6.78875,"0,27",11,2,"22,64","-0,49","85,13","3,76","-50,78"
2026 03 12 12:13:22:572,-3.9985,-6.78875,"0,27",11,2,"22,64","-0,49","85,13","3,76","-54,69"
2026 03 12 12:13:22:574,-3.9675,-6.78875,"0,27",11,2,"22,64","-0,49","85,13","3,76","-31,25"
2026 03 12 12:13:22:576,-3.9675,-6.78875,"0,27",11,2,"22,64","-0,49","85,13","3,76","-42,97"
2026 03 12 12:13:22:578,-3.9675,-6.78875,"0,27",11,2,"22,64","-0,49","85,13","3,76","-50,78"
2026 03 12 12:13:22:580,-3.9334,-6.70125,"0,27",11,2,"22,64","-0,49","85,13","3,76","-66,41"
2026 03 12 12:13:22:582,-3.9334,-6.78875,"0,27",11,2,"22,64","-0,49","85,13","3,76","-58,59"
2026 03 12 12:13:22:584,-3.9334,-6.78875,"0,27",11,2,"22,64","-0,49","85,13","3,76","-50,78"
2026 03 12 12:13:22:586,-3.9334,-6.78875,"0,27",11,2,"22,64","-0,49","85,13","3,76","-50,78"
2026 03 12 12:13:22:588,-3.9985,-6.78875,"0,27",11,2,"22,64","-0,49","85,13","3,76","-50,78"
2026 03 12 12:13:22:590,-3.9675,-6.78875,"0,27",11,2,"22,64","-0,49","85,13","3,76","-50,78"
2026 03 12 12:13:22:592,-3.9985,-6.78875,"0,27",11,2,"22,64","-0,49","85,13","3,76","-50,78"
2026 03 12 12:13:22:594,-3.9675,-6.70125,"0,27",11,2,"22,64","-0,49","85,13","3,76","-35,16"
2026 03 12 12:13:22:596,-3.9675,-6.78875,"0,27",11,2,"22,64","-0,49","85,13","3,76","-46,87"
2026 03 12 12:13:22:598,-3.9675,-6.78875,"0,27",11,2,"22,64","-0,49","85,13","3,76","-54,69"
2026 03 12 12:13:22:600,-3.9675,-6.78875,"0,27",11,2,"22,64","-0,49","85,13","3,76","-70,31"
2026 03 12 12:13:22:602,-3.9334,-6.78875,"0,27",11,2,"22,64","-0,49","85,13","3,76","-58,59"
2026 03 12 12:13:22:604,-3.9675,-6.78875,"0,27",11,2,"22,64","-0,49","85,13","3,76","-54,69"
2026 03 12 12:13:22:606,-3.9675,-6.78875,"0,27",11,2,"22,64","-0,49","85,13","3,76","-54,69"
2026 03 12 12:13:22:608,-3.9985,-6.78875,"0,27",11,2,"22,64","-0,49","85,13","3,76","-50,78"
2026 03 12 12:13:22:610,-3.9675,-6.78875,"0,27",11,2,"22,64","-0,49","85,13","3,76","-50,78"
2026 03 12 12:13:22:612,-3.9985,-6.78875,"0,27",11,2,"22,64","-0,49","85,13","3,76","-46,87"
2026 03 12 12:13:22:614,-3.9675,-6.78875,"0,27",11,2,"22,64","-0,49","85,13","3,76","-31,25"
2026 03 12 12:13:22:616,-3.9985,-6.70125,"0,27",11,2,"22,64","-0,49","85,13","3,76","-46,87"
2026 03 12 12:13:22:618,-3.9985,-6.78875,"0,27",11,2,"22,64","-0,49","85,13","3,76","-54,69"
2026 03 12 12:13:22:620,-3.9675,-6.87625,"0,27",11,2,"22,64","-0,49","85,13","3,76","-70,31"
2026 03 12 12:13:22:622,-3.9675,-6.78875,"0,27",11,2,"22,64","-0,49","85,13","3,76","-54,69"
2026 03 12 12:13:22:624,-3.9675,-6.87625,"0,27",11,2,"22,64","-0,49","85,13","3,76","-50,78"
2026 03 12 12:13:22:626,-3.9675,-6.87625,"0,27",11,2,"22,64","-0,49","85,13","3,76","-50,78"
2026 03 12 12:13:22:628,-3.9675,-6.78875,"0,27",11,2,"22,64","-0,49","85,13","3,76","-50,78"
2026 03 12 12:13:22:630,-3.9985,-6.78875,"0,27",11,2,"22,64","-0,49","85,13","3,76","-50,78"
2026 03 12 12:13:22:632,-3.9675,-6.87625,"0,27",11,2,"22,64","-0,49","85,13","3,76","-50,78"
2026 03 12 12:13:22:634,-3.9675,-6.78875,"0,27",11,2,"22,64","-0,49","85,13","3,76","-35,16"
2026 03 12 12:13:22:636,-3.9675,-6.78875,"0,27",11,2,"22,64","-0,49","85,13","3,76","-42,97"
2026 03 12 12:13:22:638,-3.9675,-6.70125,"0,27",11,2,"22,64","-0,49","85,13","3,76","-54,69"
2026 03 12 12:13:22:640,-3.9675,-6.78875,"0,27",11,2,"22,64","-0,49","85,13","3,76","-66,41"
2026 03 12 12:13:22:642,-3.9675,-6.78875,"0,27",11,2,"22,64","-0,49","85,13","3,76","-66,41"
2026 03 12 12:13:22:644,-3.9985,-6.78875,"0,27",11,2,"22,64","-0,49","85,13","3,76","-54,69"
2026 03 12 12:13:22:646,-3.9675,-6.78875,"0,27",11,2,"22,64","-0,49","85,13","3,76","-54,69"
2026 03 12 12:13:22:648,-3.9334,-6.70125,"0,27",11,2,"22,64","-0,49","85,13","3,76","-50,78"
2026 03 12 12:13:22:650,-3.9675,-6.78875,"0,27",11,2,"22,64","-0,49","85,13","3,76","-54,69"
2026 03 12 12:13:22:652,-3.9675,-6.78875,"0,27",11,2,"22,64","-0,49","85,13","3,76","-54,69"
2026 03 12 12:13:22:654,-3.9675,-6.78875,"0,27",11,2,"22,64","-0,49","85,13","3,76","-35,16"
2026 03 12 12:13:22:656,-3.9675,-6.70125,"0,27",11,2,"22,64","-0,49","85,13","3,76","-46,87"
2026 03 12 12:13:22:658,-3.9675,-6.78875,"0,27",11,2,"22,64","-0,49","85,13","3,76","-62,5"
2026 03 12 12:13:22:660,-3.9675,-6.78875,"0,27",11,2,"22,64","-0,49","85,13","3,76","-74,22"
2026 03 12 12:13:22:662,-3.9675,-6.70125,"0,27",11,2,"22,64","-0,49","85,13","3,76","-58,59"
2026 03 12 12:13:22:664,-3.9675,-6.78875,"0,27",11,2,"22,64","-0,49","85,13","3,76","-50,78"
2026 03 12 12:13:22:666,-3.9675,-6.87625,"0,27",11,2,"22,64","-0,49","85,13","3,76","-54,69"
2026 03 12 12:13:22:668,-3.9985,-6.70125,"0,27",11,2,"22,64","-0,49","85,13","3,76","-54,69"
2026 03 12 12:13:22:670,-3.9334,-6.87625,"0,27",11,2,"22,64","-0,49","85,13","3,76","-54,69"
2026 03 12 12:13:22:672,-3.9334,-6.78875,"0,27",11,2,"22,64","-0,49","85,13","3,76","-50,78"
2026 03 12 12:13:22:674,-3.9675,-6.78875,"0,27",11,2,"22,64","-0,49","85,13","3,76","-31,25"
2026 03 12 12:13:22:676,-3.9675,-6.78875,"0,27",11,2,"22,64","-0,49","85,13","3,76","-46,87"
2026 03 12 12:13:22:678,-3.9334,-6.78875,"0,27",11,2,"22,64","-0,49","85,13","3,76","-58,59"
2026 03 12 12:13:22:680,-3.9675,-6.78875,"0,27",11,2,"22,64","-0,49","85,13","3,76","-70,31"
2026 03 12 12:13:22:682,-3.9675,-6.78875,"0,27",11,2,"22,64","-0,49","85,13","3,76","-66,41"
2026 03 12 12:13:22:684,-3.9675,-6.78875,"0,27",11,2,"22,64","-0,49","85,13","3,76","-50,78"
2026 03 12 12:13:22:686,-3.9675,-6.78875,"0,27",11,2,"22,64","-0,49","85,13","3,76","-54,69"
2026 03 12 12:13:22:688,-3.9675,-6.78875,"0,27",11,2,"22,64","-0,49","85,13","3,76","-54,69"
2026 03 12 12:13:22:690,-3.9675,-6.87625,"0,27",11,2,"22,64","-0,49","85,13","3,76","-50,78"
2026 03 12 12:13:22:692,-3.9675,-6.78875,"0,27",11,2,"22,64","-0,49","85,13","3,76","-50,78"
2026 03 12 12:13:22:694,-3.9675,-6.78875,"0,27",11,2,"22,64","-0,49","85,13","3,76","-35,16"
2026 03 12 12:13:22:696,-3.9675,-6.78875,"0,27",11,2,"22,64","-0,49","85,13","3,76","-42,97"
2026 03 12 12:13:22:698,-3.9334,-6.78875,"0,27",11,2,"22,64","-0,49","85,13","3,76","-54,69"
2026 03 12 12:13:22:700,-3.9675,-6.78875,"0,27",11,2,"22,64","-0,49","85,13","3,76","-70,31"
2026 03 12 12:13:22:702,-3.9675,-6.70125,"0,27",11,2,"22,64","-0,49","85,13","3,76","-66,41"
2026 03 12 12:13:22:704,-3.9334,-6.78875,"0,27",11,2,"22,64","-0,49","85,13","3,76","-50,78"
2026 03 12 12:13:22:706,-3.9675,-6.70125,"0,27",11,2,"22,64","-0,49","85,13","3,76","-54,69"
2026 03 12 12:13:22:708,-3.9985,-6.78875,"0,27",11,2,"22,64","-0,49","85,13","3,76","-50,78"
2026 03 12 12:13:22:710,-3.9675,-6.70125,"0,27",11,2,"22,64","-0,49","85,13","3,76","-50,78"
2026 03 12 12:13:22:712,-3.9675,-6.78875,"0,27",11,2,"22,64","-0,49","85,13","3,76","-50,78"
2026 03 12 12:13:22:714,-3.9675,-6.78875,"0,27",11,2,"22,64","-0,49","85,13","3,76","-31,25"
2026 03 12 12:13:22:716,-3.9675,-6.70125,"0,27",11,2,"22,64","-0,49","85,13","3,76","-46,87"
2026 03 12 12:13:22:718,-3.9985,-6.78875,"0,27",11,2,"22,64","-0,49","85,13","3,76","-58,59"
2026 03 12 12:13:22:720,-3.9675,-6.78875,"0,27",11,2,"22,64","-0,49","85,13","3,76","-74,22"
2026 03 12 12:13:22:722,-3.9675,-6.70125,"0,27",11,2,"22,64","-0,49","85,13","3,76","-70,31"
2026 03 12 12:13:22:724,-3.9675,-6.78875,"0,27",11,2,"22,64","-0,49","85,13","3,76","-54,69"
2026 03 12 12:13:22:726,-3.9675,-6.78875,"0,27",11,2,"22,64","-0,49","85,13","3,76","-54,69"
2026 03 12 12:13:22:728,-3.9675,-6.78875,"0,27",11,2,"22,64","-0,49","85,13","3,76","-50,78"
2026 03 12 12:13:22:730,-3.9675,-6.78875,"0,27",11,2,"22,64","-0,49","85,13","3,76","-54,69"
2026 03 12 12:13:22:732,-3.9334,-6.78875,"0,27",11,2,"22,64","-0,49","85,13","3,76","-54,69"
2026 03 12 12:13:22:734,-3.9675,-6.78875,"0,27",11,2,"22,64","-0,49","85,13","3,76","-35,16"
2026 03 12 12:13:22:736,-3.9675,-6.78875,"0,27",11,2,"22,64","-0,49","85,13","3,76","-46,87"
2026 03 12 12:13:22:738,-3.9675,-6.78875,"0,27",12,2,"16,04","-0,08","60,27","3,76","-58,59"
2026 03 12 12:13:22:740,-3.9675,-6.78875,"0,27",12,2,"16,04","-0,08","60,27","3,76","-66,41"
2026 03 12 12:13:22:742,-3.9675,-6.78875,"0,27",12,2,"16,04","-0,08","60,27","3,76","-66,41"
2026 03 12 12:13:22:744,-3.9675,-6.78875,"0,27",12,2,"16,04","-0,08","60,27","3,76","-50,78"
2026 03 12 12:13:22:746,-3.9675,-6.78875,"0,27",12,2,"16,04","-0,08","60,27","3,76","-50,78"
2026 03 12 12:13:22:748,-3.9675,-6.70125,"0,27",12,2,"16,04","-0,08","60,27","3,76","-50,78"
2026 03 12 12:13:22:750,-3.9675,-6.87625,"0,27",12,2,"16,04","-0,08","60,27","3,76","-54,69"
2026 03 12 12:13:22:752,-3.9675,-6.78875,"0,27",12,2,"16,04","-0,08","60,27","3,76","-50,78"
2026 03 12 12:13:22:754,-3.9675,-6.78875,"0,27",12,2,"16,04","-0,08","60,27","3,76","-35,16"
2026 03 12 12:13:22:756,-3.9675,-6.78875,"0,27",12,2,"16,04","-0,08","60,27","3,76","-46,87"
2026 03 12 12:13:22:758,-3.9675,-6.78875,"0,27",12,2,"16,04","-0,08","60,27","3,76","-58,59"
2026 03 12 12:13:22:760,-3.9675,-6.78875,"0,27",12,2,"16,04","-0,08","60,27","3,76","-70,31"
2026 03 12 12:13:22:762,-3.9334,-6.87625,"0,27",12,2,"16,04","-0,08","60,27","3,76","-66,41"
2026 03 12 12:13:22:764,-3.9675,-6.78875,"0,27",12,2,"16,04","-0,08","60,27","3,76","-54,69"
2026 03 12 12:13:22:766,-3.9675,-6.78875,"0,27",12,2,"16,04","-0,08","60,27","3,76","-54,69"
2026 03 12 12:13:22:768,-3.9675,-6.78875,"0,27",12,2,"16,04","-0,08","60,27","3,76","-50,78"
2026 03 12 12:13:22:770,-3.9334,-6.87625,"0,27",12,2,"16,04","-0,08","60,27","3,76","-50,78"
2026 03 12 12:13:22:772,-3.9675,-6.70125,"0,27",12,2,"16,04","-0,08","60,27","3,76","-50,78"
2026 03 12 12:13:22:774,-3.9675,-6.78875,"0,27",12,2,"16,04","-0,08","60,27","3,76","-31,25"
2026 03 12 12:13:22:776,-3.9675,-6.78875,"0,27",12,2,"16,04","-0,08","60,27","3,76","-42,97"
2026 03 12 12:13:22:778,-3.9675,-6.78875,"0,27",12,2,"16,04","-0,08","60,27","3,76","-58,59"
2026 03 12 12:13:22:780,-3.9675,-6.70125,"0,27",12,2,"16,04","-0,08","60,27","3,76","-66,41"
2026 03 12 12:13:22:782,-3.9675,-6.78875,"0,27",12,2,"16,04","-0,08","60,27","3,76","-70,31"
2026 03 12 12:13:22:784,-3.9675,-6.78875,"0,27",12,2,"16,04","-0,08","60,27","3,76","-50,78"
2026 03 12 12:13:22:786,-3.9675,-6.78875,"0,27",12,2,"16,04","-0,08","60,27","3,76","-54,69"
2026 03 12 12:13:22:788,-3.9675,-6.78875,"0,27",12,2,"16,04","-0,08","60,27","3,76","-54,69"
2026 03 12 12:13:22:790,-3.9675,-6.78875,"0,27",12,2,"16,04","-0,08","60,27","3,76","-54,69"
2026 03 12 12:13:22:792,-3.9985,-6.70125,"0,27",12,2,"16,04","-0,08","60,27","3,76","-54,69"
2026 03 12 12:13:22:794,-3.9675,-6.70125,"0,27",12,2,"16,04","-0,08","60,27","3,76","-42,97"
2026 03 12 12:13:22:796,-3.9985,-6.70125,"0,27",12,2,"16,04","-0,08","60,27","3,76","-46,87"
2026 03 12 12:13:22:798,-3.9985,-6.70125,"0,27",12,2,"16,04","-0,08","60,27","3,76","-58,59"
2026 03 12 12:13:22:800,-3.9675,-6.78875,"0,27",12,2,"16,04","-0,08","60,27","3,76","-74,22"
2026 03 12 12:13:22:802,-3.9675,-6.70125,"0,27",12,2,"16,04","-0,08","60,27","3,76","-74,22"
2026 03 12 12:13:22:804,-3.9675,-6.78875,"0,27",12,2,"16,04","-0,08","60,27","3,76","-58,59"
2026 03 12 12:13:22:806,-3.9675,-6.78875,"0,27",12,2,"16,04","-0,08","60,27","3,76","-58,59"
2026 03 12 12:13:22:808,-3.9334,-6.78875,"0,27",12,2,"16,04","-0,08","60,27","3,76","-54,69"
2026 03 12 12:13:22:810,-3.9985,-6.78875,"0,27",12,2,"16,04","-0,08","60,27","3,76","-54,69"
2026 03 12 12:13:22:812,-3.9675,-6.78875,"0,27",12,2,"16,04","-0,08","60,27","3,76","-54,69"
2026 03 12 12:13:22:814,-3.9675,-6.78875,"0,27",12,2,"16,04","-0,08","60,27","3,76","-35,16"
2026 03 12 12:13:22:816,-3.9334,-6.78875,"0,27",12,2,"16,04","-0,08","60,27","3,76","-39,06"
2026 03 12 12:13:22:818,-3.9675,-6.87625,"0,27",12,2,"16,04","-0,08","60,27","3,76","-58,59"
2026 03 12 12:13:22:820,-3.9675,-6.78875,"0,27",12,2,"16,04","-0,08","60,27","3,76","-70,31"
2026 03 12 12:13:22:822,-3.9675,-6.78875,"0,27",12,2,"16,04","-0,08","60,27","3,76","-70,31"
2026 03 12 12:13:22:824,-3.9675,-6.87625,"0,27",12,2,"16,04","-0,08","60,27","3,76","-54,69"
2026 03 12 12:13:22:826,-3.9675,-6.78875,"0,27",12,2,"16,04","-0,08","60,27","3,76","-50,78"
2026 03 12 12:13:22:828,-3.9675,-6.78875,"0,27",12,2,"16,04","-0,08","60,27","3,76","-54,69"
2026 03 12 12:13:22:830,-3.9675,-6.78875,"0,27",12,2,"16,04","-0,08","60,27","3,76","-54,69"
2026 03 12 12:13:22:832,-3.9675,-6.78875,"0,27",12,2,"16,04","-0,08","60,27","3,76","-58,59"
2026 03 12 12:13:22:834,-3.9675,-6.78875,"0,27",12,2,"16,04","-0,08","60,27","3,76","-35,16"
2026 03 12 12:13:22:836,-3.9675,-6.78875,"0,27",12,2,"16,04","-0,08","60,27","3,76","-46,87"
2026 03 12 12:13:22:838,-3.9985,-6.78875,"0,27",12,2,"16,04","-0,08","60,27","3,76","-54,69"
2026 03 12 12:13:22:840,-3.9675,-6.78875,"0,27",12,2,"16,04","-0,08","60,27","3,76","-70,31"
2026 03 12 12:13:22:842,-3.9985,-6.78875,"0,27",12,2,"16,04","-0,08","60,27","3,76","-70,31"
2026 03 12 12:13:22:844,-3.9675,-6.78875,"0,27",12,2,"16,04","-0,08","60,27","3,76","-50,78"
2026 03 12 12:13:22:846,-3.9675,-6.78875,"0,27",12,2,"16,04","-0,08","60,27","3,76","-50,78"
2026 03 12 12:13:22:848,-3.9675,-6.78875,"0,27",12,2,"16,04","-0,08","60,27","3,76","-54,69"
2026 03 12 12:13:22:850,-3.9675,-6.78875,"0,27",12,2,"16,04","-0,08","60,27","3,76","-50,78"
2026 03 12 12:13:22:852,-3.9985,-6.78875,"0,27",12,2,"16,04","-0,08","60,27","3,76","-50,78"
2026 03 12 12:13:22:854,-3.9675,-6.78875,"0,27",12,2,"16,04","-0,08","60,27","3,76","-35,16"
2026 03 12 12:13:22:856,-3.9675,-6.70125,"0,27",12,2,"16,04","-0,08","60,27","3,76","-42,97"
2026 03 12 12:13:22:858,-3.9675,-6.87625,"0,27",12,2,"16,04","-0,08","60,27","3,76","-62,5"
2026 03 12 12:13:22:860,-3.9675,-6.78875,"0,27",12,2,"16,04","-0,08","60,27","3,76","-70,31"
2026 03 12 12:13:22:862,-3.9675,-6.78875,"0,27",12,2,"16,04","-0,08","60,27","3,76","-74,22"
2026 03 12 12:13:22:864,-3.9675,-6.78875,"0,27",12,2,"16,04","-0,08","60,27","3,76","-54,69"
2026 03 12 12:13:22:866,-3.9334,-6.78875,"0,27",12,2,"16,04","-0,08","60,27","3,76","-50,78"
2026 03 12 12:13:22:868,-3.9985,-6.78875,"0,27",12,2,"16,04","-0,08","60,27","3,76","-50,78"
2026 03 12 12:13:22:870,-3.9675,-6.78875,"0,27",12,2,"16,04","-0,08","60,27","3,76","-50,78"
2026 03 12 12:13:22:872,-3.9675,-6.78875,"0,27",12,2,"16,04","-0,08","60,27","3,76","-46,87"
2026 03 12 12:13:22:874,-3.9675,-6.78875,"0,27",12,2,"16,04","-0,08","60,27","3,76","-35,16"
2026 03 12 12:13:22:876,-3.9675,-6.87625,"0,27",12,2,"16,04","-0,08","60,27","3,76","-50,78"
2026 03 12 12:13:22:878,-3.9334,-6.87625,"0,27",12,2,"16,04","-0,08","60,27","3,76","-62,5"
2026 03 12 12:13:22:880,-3.9334,-6.87625,"0,27",12,2,"16,04","-0,08","60,27","3,76","-66,41"
2026 03 12 12:13:22:882,-3.9675,-6.78875,"0,27",12,2,"16,04","-0,08","60,27","3,76","-62,5"
2026 03 12 12:13:22:884,-3.9675,-6.87625,"0,27",12,2,"16,04","-0,08","60,27","3,76","-54,69"
2026 03 12 12:13:22:886,-3.9675,-6.78875,"0,27",12,2,"16,04","-0,08","60,27","3,76","-54,69"
2026 03 12 12:13:22:888,-3.9675,-6.78875,"0,27",12,2,"16,04","-0,08","60,27","3,76","-50,78"
2026 03 12 12:13:22:890,-3.9985,-6.78875,"0,27",12,2,"16,04","-0,08","60,27","3,76","-54,69"
2026 03 12 12:13:22:892,-3.9675,-6.78875,"0,27",12,2,"16,04","-0,08","60,27","3,76","-58,59"
2026 03 12 12:13:22:894,-3.9675,-6.78875,"0,27",12,2,"16,04","-0,08","60,27","3,76","-42,97"
2026 03 12 12:13:22:896,-3.9675,-6.78875,"0,27",12,2,"16,04","-0,08","60,27","3,76","-50,78"
2026 03 12 12:13:22:898,-3.9985,-6.78875,"0,27",12,2,"16,04","-0,08","60,27","3,76","-62,5"
2026 03 12 12:13:22:900,-3.9675,-6.78875,"0,27",12,2,"16,04","-0,08","60,27","3,76","-74,22"
2026 03 12 12:13:22:902,-3.9675,-6.70125,"0,27",12,2,"16,04","-0,08","60,27","3,76","-74,22"
2026 03 12 12:13:22:904,-3.9675,-6.78875,"0,27",12,2,"16,04","-0,08","60,27","3,76","-54,69"
2026 03 12 12:13:22:906,-3.9985,-6.78875,"0,27",12,2,"16,04","-0,08","60,27","3,76","-58,59"
2026 03 12 12:13:22:908,-3.9675,-6.78875,"0,27",12,2,"16,04","-0,08","60,27","3,76","-54,69"
2026 03 12 12:13:22:910,-3.9675,-6.78875,"0,27",12,2,"16,04","-0,08","60,27","3,76","-54,69"
2026 03 12 12:13:22:912,-3.9675,-6.78875,"0,27",12,2,"16,04","-0,08","60,27","3,76","-54,69"
2026 03 12 12:13:22:914,-3.9675,-6.78875,"0,27",12,2,"16,04","-0,08","60,27","3,76","-39,06"
2026 03 12 12:13:22:916,-3.9675,-6.78875,"0,27",12,2,"16,04","-0,08","60,27","3,76","-50,78"
2026 03 12 12:13:22:918,-3.9675,-6.78875,"0,27",12,2,"16,04","-0,08","60,27","3,76","-62,5"
2026 03 12 12:13:22:920,-3.9675,-6.78875,"0,27",12,2,"16,04","-0,08","60,27","3,76","-74,22"
2026 03 12 12:13:22:922,-3.9675,-6.70125,"0,27",12,2,"16,04","-0,08","60,27","3,76","-70,31"
2026 03 12 12:13:22:924,-3.9675,-6.78875,"0,27",12,2,"16,04","-0,08","60,27","3,76","-58,59"
2026 03 12 12:13:22:926,-3.9675,-6.78875,"0,27",12,2,"16,04","-0,08","60,27","3,76","-54,69"
2026 03 12 12:13:22:928,-3.9334,-6.78875,"0,27",12,2,"16,04","-0,08","60,27","3,76","-54,69"
2026 03 12 12:13:22:930,-3.9985,-6.78875,"0,27",12,2,"16,04","-0,08","60,27","3,76","-58,59"
2026 03 12 12:13:22:932,-3.9675,-6.78875,"0,27",12,2,"16,04","-0,08","60,27","3,76","-54,69"
2026 03 12 12:13:22:934,-3.9675,-6.78875,"0,27",12,2,"16,04","-0,08","60,27","3,76","-39,06"
2026 03 12 12:13:22:936,-3.9985,-6.78875,"0,27",12,2,"16,04","-0,08","60,27","3,76","-46,87"
2026 03 12 12:13:22:938,-3.9675,-6.70125,"0,27",12,2,"16,04","-0,08","60,27","3,76","-62,5"
2026 03 12 12:13:22:940,-3.9675,-6.70125,"0,27",12,2,"16,04","-0,08","60,27","3,76","-66,41"
2026 03 12 12:13:22:942,-3.9675,-6.78875,"0,27",12,2,"16,04","-0,08","60,27","3,76","-74,22"
2026 03 12 12:13:22:944,-3.9334,-6.78875,"0,27",12,2,"16,04","-0,08","60,27","3,76","-54,69"
2026 03 12 12:13:22:946,-3.9334,-6.78875,"0,27",12,2,"16,04","-0,08","60,27","3,76","-54,69"
2026 03 12 12:13:22:948,-3.9675,-6.87625,"0,27",12,2,"16,04","-0,08","60,27","3,76","-54,69"
2026 03 12 12:13:22:950,-3.9985,-6.78875,"0,27",12,2,"16,04","-0,08","60,27","3,76","-54,69"
2026 03 12 12:13:22:952,-3.9675,-6.78875,"0,27",12,2,"16,04","-0,08","60,27","3,76","-54,69"
2026 03 12 12:13:22:954,-3.9334,-6.70125,"0,27",12,2,"16,04","-0,08","60,27","3,76","-42,97"
2026 03 12 12:13:22:956,-3.9675,-6.78875,"0,27",12,2,"16,04","-0,08","60,27","3,76","-50,78"
2026 03 12 12:13:22:958,-3.9675,-6.78875,"0,27",12,2,"16,04","-0,08","60,27","3,76","-58,59"
2026 03 12 12:13:22:960,-3.9675,-6.78875,"0,27",12,2,"16,04","-0,08","60,27","3,76","-70,31"
2026 03 12 12:13:22:962,-3.9675,-6.78875,"0,27",12,2,"16,04","-0,08","60,27","3,76","-74,22"
2026 03 12 12:13:22:964,-3.9675,-6.78875,"0,27",12,2,"16,04","-0,08","60,27","3,76","-54,69"
2026 03 12 12:13:22:966,-3.9985,-6.78875,"0,27",12,2,"16,04","-0,08","60,27","3,76","-54,69"
2026 03 12 12:13:22:968,-3.9675,-6.78875,"0,27",12,2,"16,04","-0,08","60,27","3,76","-58,59"
2026 03 12 12:13:22:970,-3.9675,-6.78875,"0,27",12,2,"16,04","-0,08","60,27","3,76","-54,69"
2026 03 12 12:13:22:972,-3.9985,-6.78875,"0,27",12,2,"16,04","-0,08","60,27","3,76","-54,69"
2026 03 12 12:13:22:974,-3.9675,-6.78875,"0,27",12,2,"16,04","-0,08","60,27","3,76","-42,97"
2026 03 12 12:13:22:976,-3.9675,-6.78875,"0,27",12,2,"16,04","-0,08","60,27","3,76","-54,69"
2026 03 12 12:13:22:978,-3.9675,-6.78875,"0,27",12,2,"16,04","-0,08","60,27","3,76","-66,41"
2026 03 12 12:13:22:980,-3.9675,-6.70125,"0,27",12,2,"16,04","-0,08","60,27","3,76","-78,12"
2026 03 12 12:13:22:982,-3.9675,-6.78875,"0,27",12,2,"16,04","-0,08","60,27","3,76","-78,12"
2026 03 12 12:13:22:984,-3.9675,-6.70125,"0,27",12,2,"16,04","-0,08","60,27","3,76","-58,59"
2026 03 12 12:13:22:986,-3.9675,-6.87625,"0,27",12,2,"16,04","-0,08","60,27","3,76","-58,59"
2026 03 12 12:13:22:988,-3.9675,-6.78875,"0,27",12,2,"16,04","-0,08","60,27","3,76","-54,69"
2026 03 12 12:13:22:990,-3.9675,-6.78875,"0,27",12,2,"16,04","-0,08","60,27","3,76","-58,59"
2026 03 12 12:13:22:992,-3.9675,-6.78875,"0,27",12,2,"16,04","-0,08","60,27","3,76","-54,69"
2026 03 12 12:13:22:994,-3.9675,-6.70125,"0,27",12,2,"16,04","-0,08","60,27","3,76","-39,06"
2026 03 12 12:13:22:996,-3.9675,-6.78875,"0,27",12,2,"16,04","-0,08","60,27","3,76","-50,78"
2026 03 12 12:13:22:998,-3.9334,-6.78875,"0,27",12,2,"16,04","-0,08","60,27","3,76","-58,59"
2026 03 12 12:13:23:000,-3.9334,-6.78875,"0,27",12,2,"16,04","-0,08","60,27","3,76","-70,31"
2026 03 12 12:13:23:002,-3.9675,-6.78875,"0,27",12,2,"16,04","-0,08","60,27","3,76","-78,12"
2026 03 12 12:13:23:004,-3.9675,-6.78875,"0,27",12,2,"16,04","-0,08","60,27","3,76","-54,69"
2026 03 12 12:13:23:006,-3.9334,-6.78875,"0,27",12,2,"16,04","-0,08","60,27","3,76","-54,69"
2026 03 12 12:13:23:008,-3.9675,-6.78875,"0,27",12,2,"16,04","-0,08","60,27","3,76","-54,69"
2026 03 12 12:13:23:010,-3.9675,-6.78875,"0,27",12,2,"16,04","-0,08","60,27","3,76","-54,69"
2026 03 12 12:13:23:012,-3.9675,-6.78875,"0,27",12,2,"16,04","-0,08","60,27","3,76","-50,78"
2026 03 12 12:13:23:014,-3.9675,-6.70125,"0,27",12,2,"16,04","-0,08","60,27","3,76","-35,16"
2026 03 12 12:13:23:016,-3.9985,-6.78875,"0,27",12,2,"16,04","-0,08","60,27","3,76","-50,78"
2026 03 12 12:13:23:018,-3.9675,-6.87625,"0,27",12,2,"16,04","-0,08","60,27","3,76","-62,5"
2026 03 12 12:13:23:020,-3.9675,-6.87625,"0,27",12,2,"16,04","-0,08","60,27","3,76","-70,31"
2026 03 12 12:13:23:022,-3.9675,-6.78875,"0,27",12,2,"16,04","-0,08","60,27","3,76","-78,12"
2026 03 12 12:13:23:024,-3.9675,-6.78875,"0,27",12,2,"16,04","-0,08","60,27","3,76","-54,69"
2026 03 12 12:13:23:026,-3.9985,-6.87625,"0,27",12,2,"16,04","-0,08","60,27","3,76","-54,69"
2026 03 12 12:13:23:028,-3.9675,-6.78875,"0,27",12,2,"16,04","-0,08","60,27","3,76","-54,69"
2026 03 12 12:13:23:030,-3.9675,-6.78875,"0,27",12,2,"16,04","-0,08","60,27","3,76","-54,69"
2026 03 12 12:13:23:032,-3.9985,-6.78875,"0,27",12,2,"16,04","-0,08","60,27","3,76","-50,78"
2026 03 12 12:13:23:034,-3.9985,-6.87625,"0,27",12,2,"16,04","-0,08","60,27","3,76","-39,06"
2026 03 12 12:13:23:036,-3.9675,-6.70125,"0,26",12,2,"13,28","0,36","55,07","4,15","-50,78"
2026 03 12 12:13:23:038,-3.9985,-6.78875,"0,26",12,2,"13,28","0,36","55,07","4,15","-62,5"
2026 03 12 12:13:23:040,-3.9675,-6.78875,"0,26",12,2,"13,28","0,36","55,07","4,15","-66,41"
2026 03 12 12:13:23:042,-3.9985,-6.78875,"0,26",12,2,"13,28","0,36","55,07","4,15","-78,12"
2026 03 12 12:13:23:044,-3.9985,-6.87625,"0,26",12,2,"13,28","0,36","55,07","4,15","-58,59"
2026 03 12 12:13:23:046,-3.9985,-6.78875,"0,26",12,2,"13,28","0,36","55,07","4,15","-58,59"
2026 03 12 12:13:23:048,-3.9675,-6.78875,"0,26",12,2,"13,28","0,36","55,07","4,15","-54,69"
2026 03 12 12:13:23:050,-3.9675,-6.78875,"0,26",12,2,"13,28","0,36","55,07","4,15","-54,69"
2026 03 12 12:13:23:052,-3.9675,-6.78875,"0,26",12,2,"13,28","0,36","55,07","4,15","-54,69"
2026 03 12 12:13:23:054,-3.9334,-6.70125,"0,26",12,2,"13,28","0,36","55,07","4,15","-42,97"
2026 03 12 12:13:23:056,-3.9675,-6.70125,"0,26",12,2,"13,28","0,36","55,07","4,15","-46,87"
2026 03 12 12:13:23:058,-3.9675,-6.78875,"0,26",12,2,"13,28","0,36","55,07","4,15","-58,59"
2026 03 12 12:13:23:060,-3.9334,-6.87625,"0,26",12,2,"13,28","0,36","55,07","4,15","-70,31"
2026 03 12 12:13:23:062,-3.9675,-6.78875,"0,26",12,2,"13,28","0,36","55,07","4,15","-78,12"
2026 03 12 12:13:23:064,-3.9334,-6.78875,"0,26",12,2,"13,28","0,36","55,07","4,15","-54,69"
2026 03 12 12:13:23:066,-3.9675,-6.78875,"0,26",12,2,"13,28","0,36","55,07","4,15","-54,69"
2026 03 12 12:13:23:068,-3.9675,-6.78875,"0,26",12,2,"13,28","0,36","55,07","4,15","-54,69"
2026 03 12 12:13:23:070,-3.9675,-6.78875,"0,26",12,2,"13,28","0,36","55,07","4,15","-54,69"
2026 03 12 12:13:23:072,-3.9675,-6.78875,"0,26",12,2,"13,28","0,36","55,07","4,15","-50,78"
2026 03 12 12:13:23:074,-3.9675,-6.70125,"0,26",12,2,"13,28","0,36","55,07","4,15","-39,06"
2026 03 12 12:13:23:076,-3.9675,-6.78875,"0,26",12,2,"13,28","0,36","55,07","4,15","-50,78"
2026 03 12 12:13:23:078,-3.9675,-6.78875,"0,26",12,2,"13,28","0,36","55,07","4,15","-62,5"
2026 03 12 12:13:23:080,-3.9675,-6.78875,"0,26",12,2,"13,28","0,36","55,07","4,15","-74,22"
2026 03 12 12:13:23:082,-3.9675,-6.70125,"0,26",12,2,"13,28","0,36","55,07","4,15","-78,12"
2026 03 12 12:13:23:084,-3.9675,-6.70125,"0,26",12,2,"13,28","0,36","55,07","4,15","-54,69"
2026 03 12 12:13:23:086,-3.9985,-6.78875,"0,26",12,2,"13,28","0,36","55,07","4,15","-58,59"
2026 03 12 12:13:23:088,-3.9675,-6.70125,"0,26",12,2,"13,28","0,36","55,07","4,15","-54,69"
2026 03 12 12:13:23:090,-3.9675,-6.78875,"0,26",12,2,"13,28","0,36","55,07","4,15","-54,69"
2026 03 12 12:13:23:092,-3.9675,-6.87625,"0,26",12,2,"13,28","0,36","55,07","4,15","-50,78"
2026 03 12 12:13:23:094,-3.9334,-6.78875,"0,26",12,2,"13,28","0,36","55,07","4,15","-39,06"
2026 03 12 12:13:23:096,-3.9675,-6.70125,"0,26",12,2,"13,28","0,36","55,07","4,15","-46,87"
2026 03 12 12:13:23:098,-3.9985,-6.78875,"0,26",12,2,"13,28","0,36","55,07","4,15","-62,5"
2026 03 12 12:13:23:100,-3.9985,-6.70125,"0,26",12,2,"13,28","0,36","55,07","4,15","-74,22"
2026 03 12 12:13:23:102,-3.9675,-6.78875,"0,26",12,2,"13,28","0,36","55,07","4,15","-78,12"
2026 03 12 12:13:23:104,-3.9985,-6.87625,"0,26",12,2,"13,28","0,36","55,07","4,15","-58,59"
2026 03 12 12:13:23:106,-3.9675,-6.78875,"0,26",12,2,"13,28","0,36","55,07","4,15","-58,59"
2026 03 12 12:13:23:108,-3.9675,-6.70125,"0,26",12,2,"13,28","0,36","55,07","4,15","-54,69"
2026 03 12 12:13:23:110,-3.9675,-6.78875,"0,26",12,2,"13,28","0,36","55,07","4,15","-58,59"
2026 03 12 12:13:23:112,-3.9675,-6.87625,"0,26",12,2,"13,28","0,36","55,07","4,15","-54,69"
2026 03 12 12:13:23:114,-3.9334,-6.78875,"0,26",12,2,"13,28","0,36","55,07","4,15","-39,06"
2026 03 12 12:13:23:116,-3.9675,-6.78875,"0,26",12,2,"13,28","0,36","55,07","4,15","-54,69"
2026 03 12 12:13:23:118,-3.9675,-6.78875,"0,26",12,2,"13,28","0,36","55,07","4,15","-62,5"
2026 03 12 12:13:23:120,-3.9334,-6.78875,"0,26",12,2,"13,28","0,36","55,07","4,15","-74,22"
2026 03 12 12:13:23:122,-3.9675,-6.78875,"0,26",12,2,"13,28","0,36","55,07","4,15","-82,03"
2026 03 12 12:13:23:124,-3.9675,-6.70125,"0,26",12,2,"13,28","0,36","55,07","4,15","-58,59"
2026 03 12 12:13:23:126,-3.9675,-6.70125,"0,26",12,2,"13,28","0,36","55,07","4,15","-54,69"
2026 03 12 12:13:23:128,-3.9675,-6.87625,"0,26",12,2,"13,28","0,36","55,07","4,15","-54,69"
2026 03 12 12:13:23:130,-3.9675,-6.78875,"0,26",12,2,"13,28","0,36","55,07","4,15","-58,59"
2026 03 12 12:13:23:132,-3.9334,-6.78875,"0,26",12,2,"13,28","0,36","55,07","4,15","-50,78"
2026 03 12 12:13:23:134,-3.9985,-6.78875,"0,26",12,2,"13,28","0,36","55,07","4,15","-39,06"
2026 03 12 12:13:23:136,-3.9675,-6.78875,"0,26",12,2,"13,28","0,36","55,07","4,15","-50,78"
2026 03 12 12:13:23:138,-3.9675,-6.78875,"0,26",12,2,"13,28","0,36","55,07","4,15","-62,5"
2026 03 12 12:13:23:140,-3.9675,-6.70125,"0,26",12,2,"13,28","0,36","55,07","4,15","-70,31"
2026 03 12 12:13:23:142,-3.9334,-6.70125,"0,26",12,2,"13,28","0,36","55,07","4,15","-78,12"
2026 03 12 12:13:23:144,-3.9675,-6.78875,"0,26",12,2,"13,28","0,36","55,07","4,15","-54,69"
2026 03 12 12:13:23:146,-3.9675,-6.70125,"0,26",12,2,"13,28","0,36","55,07","4,15","-54,69"
2026 03 12 12:13:23:148,-3.9675,-6.70125,"0,26",12,2,"13,28","0,36","55,07","4,15","-54,69"
2026 03 12 12:13:23:150,-3.9675,-6.70125,"0,26",12,2,"13,28","0,36","55,07","4,15","-58,59"
2026 03 12 12:13:23:152,-3.9675,-6.78875,"0,26",12,2,"13,28","0,36","55,07","4,15","-50,78"
2026 03 12 12:13:23:154,-3.9675,-6.78875,"0,26",12,2,"13,28","0,36","55,07","4,15","-39,06"
2026 03 12 12:13:23:156,-3.9675,-6.78875,"0,26",12,2,"13,28","0,36","55,07","4,15","-50,78"
2026 03 12 12:13:23:158,-3.9675,-6.78875,"0,26",12,2,"13,28","0,36","55,07","4,15","-58,59"
2026 03 12 12:13:23:160,-3.9675,-6.78875,"0,26",12,2,"13,28","0,36","55,07","4,15","-74,22"
2026 03 12 12:13:23:162,-3.9675,-6.78875,"0,26",12,2,"13,28","0,36","55,07","4,15","-74,22"
2026 03 12 12:13:23:164,-3.9675,-6.87625,"0,26",12,2,"13,28","0,36","55,07","4,15","-54,69"
2026 03 12 12:13:23:166,-3.9334,-6.87625,"0,26",12,2,"13,28","0,36","55,07","4,15","-58,59"
2026 03 12 12:13:23:168,-3.9675,-6.78875,"0,26",12,2,"13,28","0,36","55,07","4,15","-54,69"
2026 03 12 12:13:23:170,-3.9675,-6.78875,"0,26",12,2,"13,28","0,36","55,07","4,15","-54,69"
2026 03 12 12:13:23:172,-3.9675,-6.78875,"0,26",12,2,"13,28","0,36","55,07","4,15","-50,78"
2026 03 12 12:13:23:174,-3.9675,-6.78875,"0,26",12,2,"13,28","0,36","55,07","4,15","-39,06"
2026 03 12 12:13:23:176,-3.9334,-6.78875,"0,26",12,2,"13,28","0,36","55,07","4,15","-50,78"
2026 03 12 12:13:23:178,-3.9675,-6.87625,"0,26",12,2,"13,28","0,36","55,07","4,15","-66,41"
2026 03 12 12:13:23:180,-3.9675,-6.78875,"0,26",12,2,"13,28","0,36","55,07","4,15","-74,22"
2026 03 12 12:13:23:182,-3.9334,-6.78875,"0,26",12,2,"13,28","0,36","55,07","4,15","-74,22"
2026 03 12 12:13:23:184,-3.9675,-6.70125,"0,26",12,2,"13,28","0,36","55,07","4,15","-54,69"
2026 03 12 12:13:23:186,-3.9675,-6.70125,"0,26",12,2,"13,28","0,36","55,07","4,15","-58,59"
2026 03 12 12:13:23:188,-3.9675,-6.78875,"0,26",12,2,"13,28","0,36","55,07","4,15","-54,69"
2026 03 12 12:13:23:190,-3.9675,-6.78875,"0,26",12,2,"13,28","0,36","55,07","4,15","-58,59"
2026 03 12 12:13:23:192,-3.9675,-6.78875,"0,26",12,2,"13,28","0,36","55,07","4,15","-50,78"
2026 03 12 12:13:23:194,-3.9334,-6.78875,"0,26",12,2,"13,28","0,36","55,07","4,15","-39,06"
2026 03 12 12:13:23:196,-3.9675,-6.70125,"0,26",12,2,"13,28","0,36","55,07","4,15","-50,78"
2026 03 12 12:13:23:198,-3.9675,-6.78875,"0,26",12,2,"13,28","0,36","55,07","4,15","-66,41"
2026 03 12 12:13:23:200,-3.9675,-6.78875,"0,26",12,2,"13,28","0,36","55,07","4,15","-78,12"
2026 03 12 12:13:23:202,-3.9675,-6.78875,"0,26",12,2,"13,28","0,36","55,07","4,15","-74,22"
2026 03 12 12:13:23:204,-3.9675,-6.78875,"0,26",12,2,"13,28","0,36","55,07","4,15","-58,59"
2026 03 12 12:13:23:206,-3.9985,-6.78875,"0,26",12,2,"13,28","0,36","55,07","4,15","-58,59"
2026 03 12 12:13:23:208,-3.9675,-6.70125,"0,26",12,2,"13,28","0,36","55,07","4,15","-54,69"
2026 03 12 12:13:23:210,-3.9334,-6.78875,"0,26",12,2,"13,28","0,36","55,07","4,15","-58,59"
2026 03 12 12:13:23:212,-3.9675,-6.78875,"0,26",12,2,"13,28","0,36","55,07","4,15","-50,78"
2026 03 12 12:13:23:214,-3.9675,-6.78875,"0,26",12,2,"13,28","0,36","55,07","4,15","-39,06"
2026 03 12 12:13:23:216,-3.9675,-6.78875,"0,26",12,2,"13,28","0,36","55,07","4,15","-50,78"
2026 03 12 12:13:23:218,-3.9675,-6.78875,"0,26",12,2,"13,28","0,36","55,07","4,15","-62,5"
2026 03 12 12:13:23:220,-3.9985,-6.70125,"0,26",12,2,"13,28","0,36","55,07","4,15","-74,22"
2026 03 12 12:13:23:222,-3.9675,-6.78875,"0,26",12,2,"13,28","0,36","55,07","4,15","-82,03"
2026 03 12 12:13:23:224,-3.9675,-6.78875,"0,26",12,2,"13,28","0,36","55,07","4,15","-58,59"
2026 03 12 12:13:23:226,-3.9675,-6.70125,"0,26",12,2,"13,28","0,36","55,07","4,15","-54,69"
2026 03 12 12:13:23:228,-3.9675,-6.70125,"0,26",12,2,"13,28","0,36","55,07","4,15","-54,69"
2026 03 12 12:13:23:230,-3.9675,-6.78875,"0,26",12,2,"13,28","0,36","55,07","4,15","-58,59"
2026 03 12 12:13:23:232,-3.9675,-6.70125,"0,26",12,2,"13,28","0,36","55,07","4,15","-50,78"
2026 03 12 12:13:23:234,-3.9675,-6.78875,"0,26",12,2,"13,28","0,36","55,07","4,15","-39,06"
2026 03 12 12:13:23:236,-3.9675,-6.78875,"0,26",12,2,"13,28","0,36","55,07","4,15","-50,78"
2026 03 12 12:13:23:238,-3.9334,-6.70125,"0,26",12,2,"13,28","0,36","55,07","4,15","-62,5"
2026 03 12 12:13:23:240,-3.9985,-6.78875,"0,26",12,2,"13,28","0,36","55,07","4,15","-78,12"
2026 03 12 12:13:23:242,-3.9675,-6.78875,"0,26",12,2,"13,28","0,36","55,07","4,15","-78,12"
2026 03 12 12:13:23:244,-3.9334,-6.78875,"0,26",12,2,"13,28","0,36","55,07","4,15","-58,59"
2026 03 12 12:13:23:246,-3.9985,-6.70125,"0,26",12,2,"13,28","0,36","55,07","4,15","-54,69"
2026 03 12 12:13:23:248,-3.9675,-6.78875,"0,26",12,2,"13,28","0,36","55,07","4,15","-58,59"
2026 03 12 12:13:23:250,-3.9675,-6.78875,"0,26",12,2,"13,28","0,36","55,07","4,15","-58,59"
2026 03 12 12:13:23:252,-3.9334,-6.78875,"0,26",12,2,"13,28","0,36","55,07","4,15","-50,78"
2026 03 12 12:13:23:254,-3.9334,-6.70125,"0,26",12,2,"13,28","0,36","55,07","4,15","-42,97"
2026 03 12 12:13:23:256,-3.9985,-6.78875,"0,26",12,2,"13,28","0,36","55,07","4,15","-46,87"
2026 03 12 12:13:23:258,-3.9675,-6.78875,"0,26",12,2,"13,28","0,36","55,07","4,15","-62,5"
2026 03 12 12:13:23:260,-3.9675,-6.78875,"0,26",12,2,"13,28","0,36","55,07","4,15","-74,22"
2026 03 12 12:13:23:262,-3.9675,-6.78875,"0,26",12,2,"13,28","0,36","55,07","4,15","-85,94"
2026 03 12 12:13:23:264,-3.9675,-6.78875,"0,26",12,2,"13,28","0,36","55,07","4,15","-54,69"
2026 03 12 12:13:23:266,-3.9675,-6.78875,"0,26",12,2,"13,28","0,36","55,07","4,15","-58,59"
2026 03 12 12:13:23:268,-3.9675,-6.78875,"0,26",12,2,"13,28","0,36","55,07","4,15","-58,59"
2026 03 12 12:13:23:270,-3.9675,-6.70125,"0,26",12,2,"13,28","0,36","55,07","4,15","-58,59"
2026 03 12 12:13:23:272,-3.9675,-6.78875,"0,26",12,2,"13,28","0,36","55,07","4,15","-50,78"
2026 03 12 12:13:23:274,-3.9675,-6.78875,"0,26",12,2,"13,28","0,36","55,07","4,15","-39,06"
2026 03 12 12:13:23:276,-3.9675,-6.78875,"0,26",12,2,"13,28","0,36","55,07","4,15","-50,78"
2026 03 12 12:13:23:278,-3.9985,-6.78875,"0,26",12,2,"13,28","0,36","55,07","4,15","-62,5"
2026 03 12 12:13:23:280,-3.9675,-6.78875,"0,26",12,2,"13,28","0,36","55,07","4,15","-74,22"
2026 03 12 12:13:23:282,-3.9985,-6.78875,"0,26",12,2,"13,28","0,36","55,07","4,15","-82,03"
2026 03 12 12:13:23:284,-3.9675,-6.78875,"0,26",12,2,"13,28","0,36","55,07","4,15","-54,69"
2026 03 12 12:13:23:286,-3.9675,-6.78875,"0,26",12,2,"13,28","0,36","55,07","4,15","-58,59"
2026 03 12 12:13:23:288,-3.9334,-6.70125,"0,26",12,2,"13,28","0,36","55,07","4,15","-58,59"
2026 03 12 12:13:23:290,-3.9675,-6.78875,"0,26",12,2,"13,28","0,36","55,07","4,15","-58,59"
2026 03 12 12:13:23:292,-3.9675,-6.78875,"0,26",12,2,"13,28","0,36","55,07","4,15","-50,78"
2026 03 12 12:13:23:294,-3.9675,-6.78875,"0,26",12,2,"13,28","0,36","55,07","4,15","-39,06"
2026 03 12 12:13:23:296,-3.9675,-6.78875,"0,26",12,2,"13,28","0,36","55,07","4,15","-46,87"
2026 03 12 12:13:23:298,-3.9334,-6.78875,"0,26",12,2,"13,28","0,36","55,07","4,15","-66,41"
2026 03 12 12:13:23:300,-3.9675,-6.70125,"0,26",12,2,"13,28","0,36","55,07","4,15","-74,22"
2026 03 12 12:13:23:302,-3.9675,-6.78875,"0,26",12,2,"13,28","0,36","55,07","4,15","-78,12"
2026 03 12 12:13:23:304,-3.9985,-6.70125,"0,26",12,2,"13,28","0,36","55,07","4,15","-54,69"
2026 03 12 12:13:23:306,-3.9334,-6.78875,"0,26",12,2,"13,28","0,36","55,07","4,15","-54,69"
2026 03 12 12:13:23:308,-3.9675,-6.78875,"0,26",12,2,"13,28","0,36","55,07","4,15","-54,69"
2026 03 12 12:13:23:310,-3.9985,-6.70125,"0,26",12,2,"13,28","0,36","55,07","4,15","-54,69"
2026 03 12 12:13:23:312,-3.9675,-6.87625,"0,26",12,2,"13,28","0,36","55,07","4,15","-50,78"
2026 03 12 12:13:23:314,-3.9675,-6.70125,"0,26",12,2,"13,28","0,36","55,07","4,15","-39,06"
2026 03 12 12:13:23:316,-3.9675,-6.78875,"0,26",12,2,"13,28","0,36","55,07","4,15","-46,87"
2026 03 12 12:13:23:318,-3.9675,-6.78875,"0,26",12,2,"13,28","0,36","55,07","4,15","-62,5"
2026 03 12 12:13:23:320,-3.9675,-6.78875,"0,26",12,2,"13,28","0,36","55,07","4,15","-74,22"
2026 03 12 12:13:23:322,-3.9675,-6.87625,"0,26",12,2,"13,28","0,36","55,07","4,15","-82,03"
2026 03 12 12:13:23:324,-3.9675,-6.78875,"0,26",12,2,"13,28","0,36","55,07","4,15","-54,69"
2026 03 12 12:13:23:326,-3.9675,-6.70125,"0,26",12,2,"13,28","0,36","55,07","4,15","-58,59"
2026 03 12 12:13:23:328,-3.9675,-6.78875,"0,26",12,2,"13,28","0,36","55,07","4,15","-54,69"
2026 03 12 12:13:23:330,-3.9675,-6.78875,"0,26",12,2,"13,28","0,36","55,07","4,15","-58,59"
2026 03 12 12:13:23:332,-3.9985,-6.78875,"0,26",12,2,"13,28","0,36","55,07","4,15","-46,87"
2026 03 12 12:13:23:334,-3.9675,-6.78875,"0,26",12,2,"13,28","0,36","55,07","4,15","-42,97"
2026 03 12 12:13:23:336,-3.9334,-6.78875,"0,27",12,2,"12,04","0,56","45,39","3,77","-50,78"
2026 03 12 12:13:23:338,-3.9675,-6.78875,"0,27",12,2,"12,04","0,56","45,39","3,77","-66,41"
2026 03 12 12:13:23:340,-3.9675,-6.78875,"0,27",12,2,"12,04","0,56","45,39","3,77","-74,22"
2026 03 12 12:13:23:342,-3.9985,-6.70125,"0,27",12,2,"12,04","0,56","45,39","3,77","-82,03"
2026 03 12 12:13:23:344,-3.9675,-6.78875,"0,27",12,2,"12,04","0,56","45,39","3,77","-54,69"
2026 03 12 12:13:23:346,-3.9675,-6.78875,"0,27",12,2,"12,04","0,56","45,39","3,77","-58,59"
2026 03 12 12:13:23:348,-3.9985,-6.78875,"0,27",12,2,"12,04","0,56","45,39","3,77","-58,59"
2026 03 12 12:13:23:350,-3.9675,-6.78875,"0,27",12,2,"12,04","0,56","45,39","3,77","-58,59"
2026 03 12 12:13:23:352,-3.9675,-6.70125,"0,27",12,2,"12,04","0,56","45,39","3,77","-46,87"
2026 03 12 12:13:23:354,-3.9675,-6.78875,"0,27",12,2,"12,04","0,56","45,39","3,77","-39,06"
2026 03 12 12:13:23:356,-3.9675,-6.78875,"0,27",12,2,"12,04","0,56","45,39","3,77","-46,87"
2026 03 12 12:13:23:358,-3.9675,-6.87625,"0,27",12,2,"12,04","0,56","45,39","3,77","-62,5"
2026 03 12 12:13:23:360,-3.9675,-6.70125,"0,27",12,2,"12,04","0,56","45,39","3,77","-74,22"
2026 03 12 12:13:23:362,-3.9675,-6.78875,"0,27",12,2,"12,04","0,56","45,39","3,77","-78,12"
2026 03 12 12:13:23:364,-3.9675,-6.78875,"0,27",12,2,"12,04","0,56","45,39","3,77","-54,69"
2026 03 12 12:13:23:366,-3.9334,-6.87625,"0,27",12,2,"12,04","0,56","45,39","3,77","-54,69"
2026 03 12 12:13:23:368,-3.9675,-6.87625,"0,27",12,2,"12,04","0,56","45,39","3,77","-54,69"
2026 03 12 12:13:23:370,-3.9985,-6.70125,"0,27",12,2,"12,04","0,56","45,39","3,77","-54,69"
2026 03 12 12:13:23:372,-3.9985,-6.78875,"0,27",12,2,"12,04","0,56","45,39","3,77","-46,87"
2026 03 12 12:13:23:374,-3.9675,-6.87625,"0,27",12,2,"12,04","0,56","45,39","3,77","-39,06"
2026 03 12 12:13:23:376,-3.9334,-6.78875,"0,27",12,2,"12,04","0,56","45,39","3,77","-46,87"
2026 03 12 12:13:23:378,-3.9675,-6.78875,"0,27",12,2,"12,04","0,56","45,39","3,77","-62,5"
2026 03 12 12:13:23:380,-3.9675,-6.78875,"0,27",12,2,"12,04","0,56","45,39","3,77","-74,22"
2026 03 12 12:13:23:382,-3.9675,-6.78875,"0,27",12,2,"12,04","0,56","45,39","3,77","-82,03"
2026 03 12 12:13:23:384,-3.9675,-6.78875,"0,27",12,2,"12,04","0,56","45,39","3,77","-58,59"
2026 03 12 12:13:23:386,-3.9675,-6.78875,"0,27",12,2,"12,04","0,56","45,39","3,77","-58,59"
2026 03 12 12:13:23:388,-3.9675,-6.70125,"0,27",12,2,"12,04","0,56","45,39","3,77","-54,69"
2026 03 12 12:13:23:390,-3.9675,-6.78875,"0,27",12,2,"12,04","0,56","45,39","3,77","-54,69"
2026 03 12 12:13:23:392,-3.9675,-6.87625,"0,27",12,2,"12,04","0,56","45,39","3,77","-46,87"
2026 03 12 12:13:23:394,-3.9675,-6.70125,"0,27",12,2,"12,04","0,56","45,39","3,77","-39,06"
2026 03 12 12:13:23:396,-3.9675,-6.78875,"0,27",12,2,"12,04","0,56","45,39","3,77","-50,78"
2026 03 12 12:13:23:398,-3.9675,-6.78875,"0,27",12,2,"12,04","0,56","45,39","3,77","-62,5"
2026 03 12 12:13:23:400,-3.9675,-6.78875,"0,27",12,2,"12,04","0,56","45,39","3,77","-78,12"
2026 03 12 12:13:23:402,-3.9334,-6.78875,"0,27",12,2,"12,04","0,56","45,39","3,77","-78,12"
2026 03 12 12:13:23:404,-3.9985,-6.78875,"0,27",12,2,"12,04","0,56","45,39","3,77","-54,69"
2026 03 12 12:13:23:406,-3.9334,-6.78875,"0,27",12,2,"12,04","0,56","45,39","3,77","-58,59"
2026 03 12 12:13:23:408,-3.9675,-6.78875,"0,27",12,2,"12,04","0,56","45,39","3,77","-58,59"
2026 03 12 12:13:23:410,-3.9675,-6.78875,"0,27",12,2,"12,04","0,56","45,39","3,77","-54,69"
2026 03 12 12:13:23:412,-3.9675,-6.70125,"0,27",12,2,"12,04","0,56","45,39","3,77","-46,87"
2026 03 12 12:13:23:414,-3.9675,-6.78875,"0,27",12,2,"12,04","0,56","45,39","3,77","-39,06"
2026 03 12 12:13:23:416,-3.9675,-6.78875,"0,27",12,2,"12,04","0,56","45,39","3,77","-46,87"
2026 03 12 12:13:23:418,-3.9675,-6.78875,"0,27",12,2,"12,04","0,56","45,39","3,77","-62,5"
2026 03 12 12:13:23:420,-3.9675,-6.78875,"0,27",12,2,"12,04","0,56","45,39","3,77","-74,22"
2026 03 12 12:13:23:422,-3.9675,-6.78875,"0,27",12,2,"12,04","0,56","45,39","3,77","-82,03"
2026 03 12 12:13:23:424,-3.9334,-6.78875,"0,27",12,2,"12,04","0,56","45,39","3,77","-54,69"
2026 03 12 12:13:23:426,-3.9675,-6.78875,"0,27",12,2,"12,04","0,56","45,39","3,77","-58,59"
2026 03 12 12:13:23:428,-3.9675,-6.70125,"0,27",12,2,"12,04","0,56","45,39","3,77","-54,69"
2026 03 12 12:13:23:430,-3.9675,-6.78875,"0,27",12,2,"12,04","0,56","45,39","3,77","-54,69"
2026 03 12 12:13:23:432,-3.9675,-6.87625,"0,27",12,2,"12,04","0,56","45,39","3,77","-46,87"
2026 03 12 12:13:23:434,-3.9675,-6.61375,"0,27",12,2,"12,04","0,56","45,39","3,77","-39,06"
2026 03 12 12:13:23:436,-3.9675,-6.78875,"0,27",12,2,"12,04","0,56","45,39","3,77","-50,78"
2026 03 12 12:13:23:438,-3.9675,-6.70125,"0,27",12,2,"12,04","0,56","45,39","3,77","-66,41"
2026 03 12 12:13:23:440,-3.9675,-6.78875,"0,27",12,2,"12,04","0,56","45,39","3,77","-74,22"
2026 03 12 12:13:23:442,-3.9675,-6.70125,"0,27",12,2,"12,04","0,56","45,39","3,77","-78,12"
2026 03 12 12:13:23:444,-3.9675,-6.78875,"0,27",12,2,"12,04","0,56","45,39","3,77","-54,69"
2026 03 12 12:13:23:446,-3.9675,-6.78875,"0,27",12,2,"12,04","0,56","45,39","3,77","-54,69"
2026 03 12 12:13:23:448,-3.9675,-6.78875,"0,27",12,2,"12,04","0,56","45,39","3,77","-54,69"
2026 03 12 12:13:23:450,-3.9334,-6.78875,"0,27",12,2,"12,04","0,56","45,39","3,77","-54,69"
2026 03 12 12:13:23:452,-3.9675,-6.78875,"0,27",12,2,"12,04","0,56","45,39","3,77","-46,87"
2026 03 12 12:13:23:454,-3.9675,-6.78875,"0,27",12,2,"12,04","0,56","45,39","3,77","-39,06"
2026 03 12 12:13:23:456,-3.9675,-6.70125,"0,27",12,2,"12,04","0,56","45,39","3,77","-46,87"
2026 03 12 12:13:23:458,-3.9675,-6.70125,"0,27",12,2,"12,04","0,56","45,39","3,77","-62,5"
2026 03 12 12:13:23:460,-3.9675,-6.70125,"0,27",12,2,"12,04","0,56","45,39","3,77","-70,31"
2026 03 12 12:13:23:462,-3.9675,-6.78875,"0,27",12,2,"12,04","0,56","45,39","3,77","-82,03"
2026 03 12 12:13:23:464,-3.9675,-6.78875,"0,27",12,2,"12,04","0,56","45,39","3,77","-54,69"
2026 03 12 12:13:23:466,-3.9675,-6.78875,"0,27",12,2,"12,04","0,56","45,39","3,77","-58,59"
2026 03 12 12:13:23:468,-3.9985,-6.78875,"0,27",12,2,"12,04","0,56","45,39","3,77","-54,69"
2026 03 12 12:13:23:470,-3.9675,-6.78875,"0,27",12,2,"12,04","0,56","45,39","3,77","-54,69"
2026 03 12 12:13:23:472,-3.9675,-6.78875,"0,27",12,2,"12,04","0,56","45,39","3,77","-46,87"
2026 03 12 12:13:23:474,-3.9675,-6.70125,"0,27",12,2,"12,04","0,56","45,39","3,77","-46,87"
2026 03 12 12:13:23:476,-3.9334,-6.78875,"0,27",12,2,"12,04","0,56","45,39","3,77","-54,69"
2026 03 12 12:13:23:478,-3.9675,-6.70125,"0,27",12,2,"12,04","0,56","45,39","3,77","-66,41"
2026 03 12 12:13:23:480,-3.9675,-6.78875,"0,27",12,2,"12,04","0,56","45,39","3,77","-78,12"
2026 03 12 12:13:23:482,-3.9985,-6.78875,"0,27",12,2,"12,04","0,56","45,39","3,77","-82,03"
2026 03 12 12:13:23:484,-3.9675,-6.78875,"0,27",12,2,"12,04","0,56","45,39","3,77","-58,59"
2026 03 12 12:13:23:486,-3.9985,-6.70125,"0,27",12,2,"12,04","0,56","45,39","3,77","-58,59"
2026 03 12 12:13:23:488,-3.9985,-6.70125,"0,27",12,2,"12,04","0,56","45,39","3,77","-58,59"
2026 03 12 12:13:23:490,-3.9675,-6.78875,"0,27",12,2,"12,04","0,56","45,39","3,77","-54,69"
2026 03 12 12:13:23:492,-3.9985,-6.70125,"0,27",12,2,"12,04","0,56","45,39","3,77","-42,97"
2026 03 12 12:13:23:494,-3.9675,-6.78875,"0,27",12,2,"12,04","0,56","45,39","3,77","-42,97"
2026 03 12 12:13:23:496,-3.9985,-6.70125,"0,27",12,2,"12,04","0,56","45,39","3,77","-50,78"
2026 03 12 12:13:23:498,-3.9675,-6.87625,"0,27",12,2,"12,04","0,56","45,39","3,77","-62,5"
2026 03 12 12:13:23:500,-3.9675,-6.78875,"0,27",12,2,"12,04","0,56","45,39","3,77","-78,12"
2026 03 12 12:13:23:502,-3.9985,-6.78875,"0,27",12,2,"12,04","0,56","45,39","3,77","-82,03"
2026 03 12 12:13:23:504,-3.9675,-6.78875,"0,27",12,2,"12,04","0,56","45,39","3,77","-54,69"
2026 03 12 12:13:23:506,-3.9675,-6.78875,"0,27",12,2,"12,04","0,56","45,39","3,77","-58,59"
2026 03 12 12:13:23:508,-3.9675,-6.78875,"0,27",12,2,"12,04","0,56","45,39","3,77","-58,59"
2026 03 12 12:13:23:510,-3.9675,-6.78875,"0,27",12,2,"12,04","0,56","45,39","3,77","-54,69"
2026 03 12 12:13:23:512,-3.9675,-6.78875,"0,27",12,2,"12,04","0,56","45,39","3,77","-42,97"
2026 03 12 12:13:23:514,-3.9675,-6.87625,"0,27",12,2,"12,04","0,56","45,39","3,77","-39,06"
2026 03 12 12:13:23:516,-3.9985,-6.78875,"0,27",12,2,"12,04","0,56","45,39","3,77","-46,87"
2026 03 12 12:13:23:518,-3.9675,-6.78875,"0,27",12,2,"12,04","0,56","45,39","3,77","-62,5"
2026 03 12 12:13:23:520,-3.9675,-6.78875,"0,27",12,2,"12,04","0,56","45,39","3,77","-74,22"
2026 03 12 12:13:23:522,-3.9985,-6.78875,"0,27",12,2,"12,04","0,56","45,39","3,77","-85,94"
2026 03 12 12:13:23:524,-3.9985,-6.78875,"0,27",12,2,"12,04","0,56","45,39","3,77","-54,69"
2026 03 12 12:13:23:526,-3.9334,-6.70125,"0,27",12,2,"12,04","0,56","45,39","3,77","-54,69"
2026 03 12 12:13:23:528,-3.9985,-6.78875,"0,27",12,2,"12,04","0,56","45,39","3,77","-54,69"
2026 03 12 12:13:23:530,-3.9675,-6.78875,"0,27",12,2,"12,04","0,56","45,39","3,77","-54,69"
2026 03 12 12:13:23:532,-3.9675,-6.78875,"0,27",12,2,"12,04","0,56","45,39","3,77","-46,87"
2026 03 12 12:13:23:534,-3.9334,-6.78875,"0,27",12,2,"12,04","0,56","45,39","3,77","-39,06"
2026 03 12 12:13:23:536,-3.9675,-6.78875,"0,27",12,2,"12,04","0,56","45,39","3,77","-54,69"
2026 03 12 12:13:23:538,-3.9675,-6.70125,"0,27",12,2,"12,04","0,56","45,39","3,77","-66,41"
2026 03 12 12:13:23:540,-3.9675,-6.78875,"0,27",12,2,"12,04","0,56","45,39","3,77","-74,22"
2026 03 12 12:13:23:542,-3.9675,-6.78875,"0,27",12,2,"12,04","0,56","45,39","3,77","-85,94"
2026 03 12 12:13:23:544,-3.9675,-6.70125,"0,27",12,2,"12,04","0,56","45,39","3,77","-58,59"
2026 03 12 12:13:23:546,-3.9675,-6.70125,"0,27",12,2,"12,04","0,56","45,39","3,77","-58,59"
2026 03 12 12:13:23:548,-3.9334,-6.78875,"0,27",12,2,"12,04","0,56","45,39","3,77","-54,69"
2026 03 12 12:13:23:550,-3.9675,-6.78875,"0,27",12,2,"12,04","0,56","45,39","3,77","-54,69"
2026 03 12 12:13:23:552,-3.9675,-6.78875,"0,27",12,2,"12,04","0,56","45,39","3,77","-42,97"
2026 03 12 12:13:23:554,-3.9675,-6.70125,"0,27",12,2,"12,04","0,56","45,39","3,77","-39,06"
2026 03 12 12:13:23:556,-3.9675,-6.70125,"0,27",12,2,"12,04","0,56","45,39","3,77","-50,78"
2026 03 12 12:13:23:558,-3.9675,-6.78875,"0,27",12,2,"12,04","0,56","45,39","3,77","-66,41"
2026 03 12 12:13:23:560,-3.9675,-6.78875,"0,27",12,2,"12,04","0,56","45,39","3,77","-78,12"
2026 03 12 12:13:23:562,-3.9675,-6.87625,"0,27",12,2,"12,04","0,56","45,39","3,77","-78,12"
2026 03 12 12:13:23:564,-3.9985,-6.87625,"0,27",12,2,"12,04","0,56","45,39","3,77","-54,69"
2026 03 12 12:13:23:566,-3.9985,-6.78875,"0,27",12,2,"12,04","0,56","45,39","3,77","-54,69"
2026 03 12 12:13:23:568,-3.9985,-6.78875,"0,27",12,2,"12,04","0,56","45,39","3,77","-54,69"
2026 03 12 12:13:23:570,-3.9675,-6.87625,"0,27",12,2,"12,04","0,56","45,39","3,77","-58,59"
2026 03 12 12:13:23:572,-3.9675,-6.70125,"0,27",12,2,"12,04","0,56","45,39","3,77","-46,87"
2026 03 12 12:13:23:574,-3.9675,-6.78875,"0,27",12,2,"12,04","0,56","45,39","3,77","-42,97"
2026 03 12 12:13:23:576,-3.9675,-6.78875,"0,27",12,2,"12,04","0,56","45,39","3,77","-50,78"
2026 03 12 12:13:23:578,-3.9334,-6.78875,"0,27",12,2,"12,04","0,56","45,39","3,77","-66,41"
2026 03 12 12:13:23:580,-3.9675,-6.78875,"0,27",12,2,"12,04","0,56","45,39","3,77","-78,12"
2026 03 12 12:13:23:582,-3.9675,-6.78875,"0,27",12,2,"12,04","0,56","45,39","3,77","-82,03"
2026 03 12 12:13:23:584,-3.9334,-6.78875,"0,27",12,2,"12,04","0,56","45,39","3,77","-54,69"
2026 03 12 12:13:23:586,-3.9675,-6.78875,"0,27",12,2,"12,04","0,56","45,39","3,77","-54,69"
2026 03 12 12:13:23:588,-3.9675,-6.78875,"0,27",12,2,"12,04","0,56","45,39","3,77","-54,69"
2026 03 12 12:13:23:590,-3.9675,-6.78875,"0,27",12,2,"12,04","0,56","45,39","3,77","-54,69"
2026 03 12 12:13:23:592,-3.9334,-6.87625,"0,27",12,2,"12,04","0,56","45,39","3,77","-42,97"
2026 03 12 12:13:23:594,-3.9675,-6.78875,"0,27",12,2,"12,04","0,56","45,39","3,77","-39,06"
2026 03 12 12:13:23:596,-3.9334,-6.78875,"0,27",12,2,"12,04","0,56","45,39","3,77","-46,87"
2026 03 12 12:13:23:598,-3.9675,-6.78875,"0,27",12,2,"12,04","0,56","45,39","3,77","-66,41"
2026 03 12 12:13:23:600,-3.9334,-6.78875,"0,27",12,2,"12,04","0,56","45,39","3,77","-70,31"
2026 03 12 12:13:23:602,-3.9675,-6.78875,"0,27",12,2,"12,04","0,56","45,39","3,77","-78,12"
2026 03 12 12:13:23:604,-3.9675,-6.78875,"0,27",12,2,"12,04","0,56","45,39","3,77","-54,69"
2026 03 12 12:13:23:606,-3.9675,-6.70125,"0,27",12,2,"12,04","0,56","45,39","3,77","-54,69"
2026 03 12 12:13:23:608,-3.9675,-6.78875,"0,27",12,2,"12,04","0,56","45,39","3,77","-54,69"
2026 03 12 12:13:23:610,-3.9675,-6.87625,"0,27",12,2,"12,04","0,56","45,39","3,77","-54,69"
2026 03 12 12:13:23:612,-3.9985,-6.78875,"0,27",12,2,"12,04","0,56","45,39","3,77","-39,06"
2026 03 12 12:13:23:614,-3.9675,-6.78875,"0,27",12,2,"12,04","0,56","45,39","3,77","-39,06"
2026 03 12 12:13:23:616,-3.9675,-6.78875,"0,27",12,2,"12,04","0,56","45,39","3,77","-46,87"
2026 03 12 12:13:23:618,-3.9675,-6.78875,"0,27",12,2,"12,04","0,56","45,39","3,77","-62,5"
2026 03 12 12:13:23:620,-3.9334,-6.87625,"0,27",12,2,"12,04","0,56","45,39","3,77","-70,31"
2026 03 12 12:13:23:622,-3.9675,-6.78875,"0,27",12,2,"12,04","0,56","45,39","3,77","-78,12"
2026 03 12 12:13:23:624,-3.9675,-6.78875,"0,27",12,2,"12,04","0,56","45,39","3,77","-54,69"
2026 03 12 12:13:23:626,-3.9334,-6.78875,"0,27",12,2,"12,04","0,56","45,39","3,77","-54,69"
2026 03 12 12:13:23:628,-3.9675,-6.70125,"0,27",12,2,"12,04","0,56","45,39","3,77","-54,69"
2026 03 12 12:13:23:630,-3.9985,-6.78875,"0,27",12,2,"12,04","0,56","45,39","3,77","-54,69"
2026 03 12 12:13:23:632,-3.9675,-6.78875,"0,27",12,2,"12,04","0,56","45,39","3,77","-42,97"
2026 03 12 12:13:23:634,-3.9675,-6.78875,"0,27",12,2,"12,04","0,56","45,39","3,77","-42,97"
2026 03 12 12:13:23:636,-3.9675,-6.78875,"0,27",12,2,"12,04","0,56","45,39","3,77","-46,87"
2026 03 12 12:13:23:638,-3.9675,-6.70125,"0,27",11,2,"11,52","0,63","41,09","3,57","-66,41"
2026 03 12 12:13:23:640,-3.9675,-6.78875,"0,27",11,2,"11,52","0,63","41,09","3,57","-74,22"
2026 03 12 12:13:23:642,-3.9675,-6.78875,"0,27",11,2,"11,52","0,63","41,09","3,57","-82,03"
2026 03 12 12:13:23:644,-3.9334,-6.78875,"0,27",11,2,"11,52","0,63","41,09","3,57","-54,69"
2026 03 12 12:13:23:646,-3.9675,-6.70125,"0,27",11,2,"11,52","0,63","41,09","3,57","-54,69"
2026 03 12 12:13:23:648,-3.9675,-6.78875,"0,27",11,2,"11,52","0,63","41,09","3,57","-54,69"
2026 03 12 12:13:23:650,-3.9985,-6.78875,"0,27",11,2,"11,52","0,63","41,09","3,57","-54,69"
2026 03 12 12:13:23:652,-3.9675,-6.70125,"0,27",11,2,"11,52","0,63","41,09","3,57","-42,97"
2026 03 12 12:13:23:654,-3.9675,-6.78875,"0,27",11,2,"11,52","0,63","41,09","3,57","-42,97"
2026 03 12 12:13:23:656,-3.9675,-6.78875,"0,27",11,2,"11,52","0,63","41,09","3,57","-46,87"
2026 03 12 12:13:23:658,-3.9675,-6.78875,"0,27",11,2,"11,52","0,63","41,09","3,57","-62,5"
2026 03 12 12:13:23:660,-3.9675,-6.78875,"0,27",11,2,"11,52","0,63","41,09","3,57","-74,22"
2026 03 12 12:13:23:662,-3.9675,-6.70125,"0,27",11,2,"11,52","0,63","41,09","3,57","-82,03"
2026 03 12 12:13:23:664,-3.9675,-6.87625,"0,27",11,2,"11,52","0,63","41,09","3,57","-54,69"
2026 03 12 12:13:23:666,-3.9675,-6.78875,"0,27",11,2,"11,52","0,63","41,09","3,57","-54,69"
2026 03 12 12:13:23:668,-3.9675,-6.78875,"0,27",11,2,"11,52","0,63","41,09","3,57","-54,69"
2026 03 12 12:13:23:670,-3.9675,-6.78875,"0,27",11,2,"11,52","0,63","41,09","3,57","-54,69"
2026 03 12 12:13:23:672,-3.9985,-6.78875,"0,27",11,2,"11,52","0,63","41,09","3,57","-39,06"
2026 03 12 12:13:23:674,-3.9675,-6.87625,"0,27",11,2,"11,52","0,63","41,09","3,57","-39,06"
2026 03 12 12:13:23:676,-3.9675,-6.78875,"0,27",11,2,"11,52","0,63","41,09","3,57","-46,87"
2026 03 12 12:13:23:678,-3.9985,-6.70125,"0,27",11,2,"11,52","0,63","41,09","3,57","-62,5"
2026 03 12 12:13:23:680,-3.9675,-6.78875,"0,27",11,2,"11,52","0,63","41,09","3,57","-74,22"
2026 03 12 12:13:23:682,-3.9675,-6.87625,"0,27",11,2,"11,52","0,63","41,09","3,57","-78,12"
2026 03 12 12:13:23:684,-3.9675,-6.78875,"0,27",11,2,"11,52","0,63","41,09","3,57","-54,69"
2026 03 12 12:13:23:686,-3.9985,-6.78875,"0,27",11,2,"11,52","0,63","41,09","3,57","-54,69"
2026 03 12 12:13:23:688,-3.9675,-6.78875,"0,27",11,2,"11,52","0,63","41,09","3,57","-54,69"
2026 03 12 12:13:23:690,-3.9675,-6.70125,"0,27",11,2,"11,52","0,63","41,09","3,57","-54,69"
2026 03 12 12:13:23:692,-3.9675,-6.78875,"0,27",11,2,"11,52","0,63","41,09","3,57","-39,06"
2026 03 12 12:13:23:694,-3.9675,-6.78875,"0,27",11,2,"11,52","0,63","41,09","3,57","-35,16"
2026 03 12 12:13:23:696,-3.9675,-6.78875,"0,27",11,2,"11,52","0,63","41,09","3,57","-46,87"
2026 03 12 12:13:23:698,-3.9675,-6.78875,"0,27",11,2,"11,52","0,63","41,09","3,57","-62,5"
2026 03 12 12:13:23:700,-3.9675,-6.78875,"0,27",11,2,"11,52","0,63","41,09","3,57","-74,22"
2026 03 12 12:13:23:702,-3.9985,-6.78875,"0,27",11,2,"11,52","0,63","41,09","3,57","-78,12"
2026 03 12 12:13:23:704,-3.9985,-6.78875,"0,27",11,2,"11,52","0,63","41,09","3,57","-54,69"
2026 03 12 12:13:23:706,-3.9675,-6.78875,"0,27",11,2,"11,52","0,63","41,09","3,57","-54,69"
2026 03 12 12:13:23:708,-4.0295,-6.78875,"0,27",11,2,"11,52","0,63","41,09","3,57","-54,69"
2026 03 12 12:13:23:710,-3.9675,-6.78875,"0,27",11,2,"11,52","0,63","41,09","3,57","-54,69"
2026 03 12 12:13:23:712,-3.9675,-6.78875,"0,27",11,2,"11,52","0,63","41,09","3,57","-42,97"
2026 03 12 12:13:23:714,-3.9675,-6.70125,"0,27",11,2,"11,52","0,63","41,09","3,57","-39,06"
2026 03 12 12:13:23:716,-3.9675,-6.78875,"0,27",11,2,"11,52","0,63","41,09","3,57","-46,87"
2026 03 12 12:13:23:718,-3.9675,-6.78875,"0,27",11,2,"11,52","0,63","41,09","3,57","-62,5"
2026 03 12 12:13:23:720,-3.9675,-6.78875,"0,27",11,2,"11,52","0,63","41,09","3,57","-74,22"
2026 03 12 12:13:23:722,-3.9675,-6.78875,"0,27",11,2,"11,52","0,63","41,09","3,57","-78,12"
2026 03 12 12:13:23:724,-3.9675,-6.70125,"0,27",11,2,"11,52","0,63","41,09","3,57","-54,69"
2026 03 12 12:13:23:726,-3.9334,-6.70125,"0,27",11,2,"11,52","0,63","41,09","3,57","-54,69"
2026 03 12 12:13:23:728,-3.9675,-6.78875,"0,27",11,2,"11,52","0,63","41,09","3,57","-54,69"
2026 03 12 12:13:23:730,-3.9334,-6.78875,"0,27",11,2,"11,52","0,63","41,09","3,57","-54,69"
2026 03 12 12:13:23:732,-3.9675,-6.70125,"0,27",11,2,"11,52","0,63","41,09","3,57","-39,06"
2026 03 12 12:13:23:734,-3.9675,-6.78875,"0,27",11,2,"11,52","0,63","41,09","3,57","-42,97"
2026 03 12 12:13:23:736,-3.9985,-6.78875,"0,27",11,2,"11,52","0,63","41,09","3,57","-50,78"
2026 03 12 12:13:23:738,-3.9675,-6.78875,"0,27",11,2,"11,52","0,63","41,09","3,57","-66,41"
2026 03 12 12:13:23:740,-3.9675,-6.78875,"0,27",11,2,"11,52","0,63","41,09","3,57","-78,12"
2026 03 12 12:13:23:742,-3.9675,-6.87625,"0,27",11,2,"11,52","0,63","41,09","3,57","-78,12"
2026 03 12 12:13:23:744,-3.9675,-6.78875,"0,27",11,2,"11,52","0,63","41,09","3,57","-54,69"
2026 03 12 12:13:23:746,-3.9675,-6.78875,"0,27",11,2,"11,52","0,63","41,09","3,57","-54,69"
2026 03 12 12:13:23:748,-3.9985,-6.78875,"0,27",11,2,"11,52","0,63","41,09","3,57","-50,78"
2026 03 12 12:13:23:750,-3.9985,-6.78875,"0,27",11,2,"11,52","0,63","41,09","3,57","-50,78"
2026 03 12 12:13:23:752,-3.9675,-6.78875,"0,27",11,2,"11,52","0,63","41,09","3,57","-39,06"
2026 03 12 12:13:23:754,-3.9675,-6.78875,"0,27",11,2,"11,52","0,63","41,09","3,57","-39,06"
2026 03 12 12:13:23:756,-3.9985,-6.70125,"0,27",11,2,"11,52","0,63","41,09","3,57","-46,87"
2026 03 12 12:13:23:758,-3.9675,-6.78875,"0,27",11,2,"11,52","0,63","41,09","3,57","-66,41"
2026 03 12 12:13:23:760,-3.9985,-6.78875,"0,27",11,2,"11,52","0,63","41,09","3,57","-78,12"
2026 03 12 12:13:23:762,-3.9985,-6.78875,"0,27",11,2,"11,52","0,63","41,09","3,57","-74,22"
2026 03 12 12:13:23:764,-3.9675,-6.70125,"0,27",11,2,"11,52","0,63","41,09","3,57","-54,69"
2026 03 12 12:13:23:766,-3.9675,-6.78875,"0,27",11,2,"11,52","0,63","41,09","3,57","-54,69"
2026 03 12 12:13:23:768,-3.9675,-6.78875,"0,27",11,2,"11,52","0,63","41,09","3,57","-50,78"
2026 03 12 12:13:23:770,-3.9675,-6.78875,"0,27",11,2,"11,52","0,63","41,09","3,57","-50,78"
2026 03 12 12:13:23:772,-3.9675,-6.78875,"0,27",11,2,"11,52","0,63","41,09","3,57","-39,06"
2026 03 12 12:13:23:774,-3.9675,-6.70125,"0,27",11,2,"11,52","0,63","41,09","3,57","-42,97"
2026 03 12 12:13:23:776,-3.9675,-6.78875,"0,27",11,2,"11,52","0,63","41,09","3,57","-46,87"
2026 03 12 12:13:23:778,-3.9675,-6.78875,"0,27",11,2,"11,52","0,63","41,09","3,57","-66,41"
2026 03 12 12:13:23:780,-3.9334,-6.78875,"0,27",11,2,"11,52","0,63","41,09","3,57","-78,12"
2026 03 12 12:13:23:782,-3.9675,-6.70125,"0,27",11,2,"11,52","0,63","41,09","3,57","-78,12"
2026 03 12 12:13:23:784,-3.9675,-6.78875,"0,27",11,2,"11,52","0,63","41,09","3,57","-54,69"
2026 03 12 12:13:23:786,-3.9985,-6.78875,"0,27",11,2,"11,52","0,63","41,09","3,57","-54,69"
2026 03 12 12:13:23:788,-3.9985,-6.70125,"0,27",11,2,"11,52","0,63","41,09","3,57","-54,69"
2026 03 12 12:13:23:790,-3.9675,-6.78875,"0,27",11,2,"11,52","0,63","41,09","3,57","-54,69"
2026 03 12 12:13:23:792,-3.9334,-6.70125,"0,27",11,2,"11,52","0,63","41,09","3,57","-39,06"
2026 03 12 12:13:23:794,-3.9334,-6.78875,"0,27",11,2,"11,52","0,63","41,09","3,57","-42,97"
2026 03 12 12:13:23:796,-3.9675,-6.70125,"0,27",11,2,"11,52","0,63","41,09","3,57","-50,78"
2026 03 12 12:13:23:798,-3.9985,-6.78875,"0,27",11,2,"11,52","0,63","41,09","3,57","-66,41"
2026 03 12 12:13:23:800,-3.9675,-6.78875,"0,27",11,2,"11,52","0,63","41,09","3,57","-78,12"
2026 03 12 12:13:23:802,-3.9334,-6.78875,"0,27",11,2,"11,52","0,63","41,09","3,57","-78,12"
2026 03 12 12:13:23:804,-3.9675,-6.78875,"0,27",11,2,"11,52","0,63","41,09","3,57","-54,69"
2026 03 12 12:13:23:806,-3.9675,-6.70125,"0,27",11,2,"11,52","0,63","41,09","3,57","-54,69"
2026 03 12 12:13:23:808,-3.9675,-6.78875,"0,27",11,2,"11,52","0,63","41,09","3,57","-54,69"
2026 03 12 12:13:23:810,-3.9985,-6.78875,"0,27",11,2,"11,52","0,63","41,09","3,57","-50,78"
2026 03 12 12:13:23:812,-3.9985,-6.87625,"0,27",11,2,"11,52","0,63","41,09","3,57","-39,06"
2026 03 12 12:13:23:814,-3.9675,-6.78875,"0,27",11,2,"11,52","0,63","41,09","3,57","-39,06"
2026 03 12 12:13:23:816,-3.9334,-6.78875,"0,27",11,2,"11,52","0,63","41,09","3,57","-42,97"
2026 03 12 12:13:23:818,-3.9675,-6.70125,"0,27",11,2,"11,52","0,63","41,09","3,57","-62,5"
2026 03 12 12:13:23:820,-3.9675,-6.78875,"0,27",11,2,"11,52","0,63","41,09","3,57","-78,12"
2026 03 12 12:13:23:822,-3.9675,-6.78875,"0,27",11,2,"11,52","0,63","41,09","3,57","-78,12"
2026 03 12 12:13:23:824,-3.9675,-6.78875,"0,27",11,2,"11,52","0,63","41,09","3,57","-54,69"
2026 03 12 12:13:23:826,-3.9985,-6.70125,"0,27",11,2,"11,52","0,63","41,09","3,57","-54,69"
2026 03 12 12:13:23:828,-3.9675,-6.78875,"0,27",11,2,"11,52","0,63","41,09","3,57","-54,69"
2026 03 12 12:13:23:830,-3.9675,-6.78875,"0,27",11,2,"11,52","0,63","41,09","3,57","-54,69"
2026 03 12 12:13:23:832,-3.9675,-6.78875,"0,27",11,2,"11,52","0,63","41,09","3,57","-39,06"
2026 03 12 12:13:23:834,-3.9334,-6.78875,"0,27",11,2,"11,52","0,63","41,09","3,57","-39,06"
2026 03 12 12:13:23:836,-3.9334,-6.78875,"0,27",11,2,"11,52","0,63","41,09","3,57","-46,87"
2026 03 12 12:13:23:838,-3.9675,-6.78875,"0,27",11,2,"11,52","0,63","41,09","3,57","-62,5"
2026 03 12 12:13:23:840,-3.9675,-6.78875,"0,27",11,2,"11,52","0,63","41,09","3,57","-78,12"
2026 03 12 12:13:23:842,-3.9675,-6.78875,"0,27",11,2,"11,52","0,63","41,09","3,57","-78,12"
2026 03 12 12:13:23:844,-3.9334,-6.78875,"0,27",11,2,"11,52","0,63","41,09","3,57","-54,69"
2026 03 12 12:13:23:846,-3.9675,-6.78875,"0,27",11,2,"11,52","0,63","41,09","3,57","-54,69"
2026 03 12 12:13:23:848,-3.9675,-6.78875,"0,27",11,2,"11,52","0,63","41,09","3,57","-50,78"
2026 03 12 12:13:23:850,-3.9675,-6.78875,"0,27",11,2,"11,52","0,63","41,09","3,57","-54,69"
2026 03 12 12:13:23:852,-3.9675,-6.78875,"0,27",11,2,"11,52","0,63","41,09","3,57","-39,06"
2026 03 12 12:13:23:854,-3.9985,-6.78875,"0,27",11,2,"11,52","0,63","41,09","3,57","-39,06"
2026 03 12 12:13:23:856,-3.9675,-6.78875,"0,27",11,2,"11,52","0,63","41,09","3,57","-46,87"
2026 03 12 12:13:23:858,-3.9985,-6.78875,"0,27",11,2,"11,52","0,63","41,09","3,57","-70,31"
2026 03 12 12:13:23:860,-3.9675,-6.87625,"0,27",11,2,"11,52","0,63","41,09","3,57","-78,12"
2026 03 12 12:13:23:862,-3.9334,-6.78875,"0,27",11,2,"11,52","0,63","41,09","3,57","-78,12"
2026 03 12 12:13:23:864,-3.9985,-6.78875,"0,27",11,2,"11,52","0,63","41,09","3,57","-54,69"
2026 03 12 12:13:23:866,-3.9675,-6.78875,"0,27",11,2,"11,52","0,63","41,09","3,57","-54,69"
2026 03 12 12:13:23:868,-3.9675,-6.78875,"0,27",11,2,"11,52","0,63","41,09","3,57","-54,69"
2026 03 12 12:13:23:870,-3.9675,-6.70125,"0,27",11,2,"11,52","0,63","41,09","3,57","-54,69"
2026 03 12 12:13:23:872,-3.9985,-6.78875,"0,27",11,2,"11,52","0,63","41,09","3,57","-39,06"
2026 03 12 12:13:23:874,-3.9675,-6.87625,"0,27",11,2,"11,52","0,63","41,09","3,57","-42,97"
2026 03 12 12:13:23:876,-3.9334,-6.78875,"0,27",11,2,"11,52","0,63","41,09","3,57","-46,87"
2026 03 12 12:13:23:878,-3.9334,-6.78875,"0,27",11,2,"11,52","0,63","41,09","3,57","-62,5"
2026 03 12 12:13:23:880,-3.9675,-6.78875,"0,27",11,2,"11,52","0,63","41,09","3,57","-78,12"
2026 03 12 12:13:23:882,-3.9675,-6.78875,"0,27",11,2,"11,52","0,63","41,09","3,57","-78,12"
2026 03 12 12:13:23:884,-3.9675,-6.78875,"0,27",11,2,"11,52","0,63","41,09","3,57","-54,69"
2026 03 12 12:13:23:886,-3.9675,-6.78875,"0,27",11,2,"11,52","0,63","41,09","3,57","-54,69"
2026 03 12 12:13:23:888,-3.9334,-6.78875,"0,27",11,2,"11,52","0,63","41,09","3,57","-54,69"
2026 03 12 12:13:23:890,-3.9675,-6.78875,"0,27",11,2,"11,52","0,63","41,09","3,57","-50,78"
2026 03 12 12:13:23:892,-3.9675,-6.78875,"0,27",11,2,"11,52","0,63","41,09","3,57","-39,06"
2026 03 12 12:13:23:894,-3.9334,-6.87625,"0,27",11,2,"11,52","0,63","41,09","3,57","-46,87"
2026 03 12 12:13:23:896,-3.9334,-6.78875,"0,27",11,2,"11,52","0,63","41,09","3,57","-50,78"
2026 03 12 12:13:23:898,-3.9675,-6.78875,"0,27",11,2,"11,52","0,63","41,09","3,57","-66,41"
2026 03 12 12:13:23:900,-3.9675,-6.78875,"0,27",11,2,"11,52","0,63","41,09","3,57","-74,22"
2026 03 12 12:13:23:902,-3.9675,-6.78875,"0,27",11,2,"11,52","0,63","41,09","3,57","-78,12"
2026 03 12 12:13:23:904,-3.9675,-6.78875,"0,27",11,2,"11,52","0,63","41,09","3,57","-50,78"
2026 03 12 12:13:23:906,-3.9675,-6.87625,"0,27",11,2,"11,52","0,63","41,09","3,57","-54,69"
2026 03 12 12:13:23:908,-3.9675,-6.78875,"0,27",11,2,"11,52","0,63","41,09","3,57","-54,69"
2026 03 12 12:13:23:910,-3.9985,-6.78875,"0,27",11,2,"11,52","0,63","41,09","3,57","-50,78"
2026 03 12 12:13:23:912,-3.9675,-6.78875,"0,27",11,2,"11,52","0,63","41,09","3,57","-35,16"
2026 03 12 12:13:23:914,-3.9675,-6.78875,"0,27",11,2,"11,52","0,63","41,09","3,57","-39,06"
2026 03 12 12:13:23:916,-3.9985,-6.78875,"0,27",11,2,"11,52","0,63","41,09","3,57","-42,97"
2026 03 12 12:13:23:918,-3.9675,-6.78875,"0,27",11,2,"11,52","0,63","41,09","3,57","-62,5"
2026 03 12 12:13:23:920,-3.9675,-6.78875,"0,27",11,2,"11,52","0,63","41,09","3,57","-74,22"
2026 03 12 12:13:23:922,-3.9675,-6.70125,"0,27",11,2,"11,52","0,63","41,09","3,57","-74,22"
2026 03 12 12:13:23:924,-3.9675,-6.78875,"0,27",11,2,"11,52","0,63","41,09","3,57","-50,78"
2026 03 12 12:13:23:926,-3.9985,-6.70125,"0,27",11,2,"11,52","0,63","41,09","3,57","-54,69"
2026 03 12 12:13:23:928,-3.9675,-6.70125,"0,27",11,2,"11,52","0,63","41,09","3,57","-54,69"
2026 03 12 12:13:23:930,-3.9675,-6.78875,"0,27",11,2,"11,52","0,63","41,09","3,57","-50,78"
2026 03 12 12:13:23:932,-3.9675,-6.78875,"0,27",11,2,"11,52","0,63","41,09","3,57","-35,16"
2026 03 12 12:13:23:934,-3.9675,-6.78875,"0,27",11,2,"11,52","0,63","41,09","3,57","-39,06"
2026 03 12 12:13:23:936,-3.9675,-6.78875,"0,27",11,2,"11,29","0,69","38,74","3,43","-50,78"
2026 03 12 12:13:23:938,-3.9985,-6.70125,"0,27",11,2,"11,29","0,69","38,74","3,43","-62,5"
2026 03 12 12:13:23:940,-3.9675,-6.87625,"0,27",11,2,"11,29","0,69","38,74","3,43","-74,22"
2026 03 12 12:13:23:942,-3.9675,-6.87625,"0,27",11,2,"11,29","0,69","38,74","3,43","-74,22"
2026 03 12 12:13:23:944,-3.9675,-6.87625,"0,27",11,2,"11,29","0,69","38,74","3,43","-50,78"
2026 03 12 12:13:23:946,-3.9985,-6.78875,"0,27",11,2,"11,29","0,69","38,74","3,43","-50,78"
2026 03 12 12:13:23:948,-3.9334,-6.78875,"0,27",11,2,"11,29","0,69","38,74","3,43","-54,69"
2026 03 12 12:13:23:950,-3.9985,-6.78875,"0,27",11,2,"11,29","0,69","38,74","3,43","-50,78"
2026 03 12 12:13:23:952,-3.9334,-6.70125,"0,27",11,2,"11,29","0,69","38,74","3,43","-35,16"
2026 03 12 12:13:23:954,-3.9675,-6.78875,"0,27",11,2,"11,29","0,69","38,74","3,43","-39,06"
2026 03 12 12:13:23:956,-3.9675,-6.87625,"0,27",11,2,"11,29","0,69","38,74","3,43","-54,69"
2026 03 12 12:13:23:958,-3.9675,-6.78875,"0,27",11,2,"11,29","0,69","38,74","3,43","-66,41"
2026 03 12 12:13:23:960,-3.9675,-6.78875,"0,27",11,2,"11,29","0,69","38,74","3,43","-74,22"
2026 03 12 12:13:23:962,-3.9675,-6.78875,"0,27",11,2,"11,29","0,69","38,74","3,43","-78,12"
2026 03 12 12:13:23:964,-3.9985,-6.78875,"0,27",11,2,"11,29","0,69","38,74","3,43","-54,69"
2026 03 12 12:13:23:966,-3.9334,-6.78875,"0,27",11,2,"11,29","0,69","38,74","3,43","-54,69"
2026 03 12 12:13:23:968,-3.9675,-6.70125,"0,27",11,2,"11,29","0,69","38,74","3,43","-54,69"
2026 03 12 12:13:23:970,-3.9675,-6.70125,"0,27",11,2,"11,29","0,69","38,74","3,43","-54,69"
2026 03 12 12:13:23:972,-3.9675,-6.78875,"0,27",11,2,"11,29","0,69","38,74","3,43","-35,16"
2026 03 12 12:13:23:974,-3.9985,-6.70125,"0,27",11,2,"11,29","0,69","38,74","3,43","-39,06"
2026 03 12 12:13:23:976,-3.9675,-6.70125,"0,27",11,2,"11,29","0,69","38,74","3,43","-46,87"
2026 03 12 12:13:23:978,-3.9334,-6.70125,"0,27",11,2,"11,29","0,69","38,74","3,43","-62,5"
2026 03 12 12:13:23:980,-3.9675,-6.78875,"0,27",11,2,"11,29","0,69","38,74","3,43","-74,22"
2026 03 12 12:13:23:982,-3.9675,-6.78875,"0,27",11,2,"11,29","0,69","38,74","3,43","-78,12"
2026 03 12 12:13:23:984,-3.9675,-6.78875,"0,27",11,2,"11,29","0,69","38,74","3,43","-54,69"
2026 03 12 12:13:23:986,-3.9675,-6.78875,"0,27",11,2,"11,29","0,69","38,74","3,43","-50,78"
2026 03 12 12:13:23:988,-3.9334,-6.70125,"0,27",11,2,"11,29","0,69","38,74","3,43","-54,69"
2026 03 12 12:13:23:990,-3.9675,-6.70125,"0,27",11,2,"11,29","0,69","38,74","3,43","-50,78"
2026 03 12 12:13:23:992,-3.9675,-6.78875,"0,27",11,2,"11,29","0,69","38,74","3,43","-35,16"
2026 03 12 12:13:23:994,-3.9675,-6.78875,"0,27",11,2,"11,29","0,69","38,74","3,43","-39,06"
2026 03 12 12:13:23:996,-3.9675,-6.78875,"0,27",11,2,"11,29","0,69","38,74","3,43","-46,87"
2026 03 12 12:13:23:998,-3.9985,-6.78875,"0,27",11,2,"11,29","0,69","38,74","3,43","-62,5"
2026 03 12 12:13:24:000,-3.9675,-6.78875,"0,27",11,2,"11,29","0,69","38,74","3,43","-74,22"
2026 03 12 12:13:24:002,-3.9334,-6.87625,"0,27",11,2,"11,29","0,69","38,74","3,43","-78,12"
2026 03 12 12:13:24:004,-3.9334,-6.87625,"0,27",11,2,"11,29","0,69","38,74","3,43","-50,78"
2026 03 12 12:13:24:006,-3.9675,-6.78875,"0,27",11,2,"11,29","0,69","38,74","3,43","-50,78"
2026 03 12 12:13:24:008,-3.9675,-6.78875,"0,27",11,2,"11,29","0,69","38,74","3,43","-50,78"
2026 03 12 12:13:24:010,-3.9675,-6.78875,"0,27",11,2,"11,29","0,69","38,74","3,43","-50,78"
2026 03 12 12:13:24:012,-3.9675,-6.78875,"0,27",11,2,"11,29","0,69","38,74","3,43","-35,16"
2026 03 12 12:13:24:014,-3.9675,-6.78875,"0,27",11,2,"11,29","0,69","38,74","3,43","-35,16"
2026 03 12 12:13:24:016,-3.9675,-6.78875,"0,27",11,2,"11,29","0,69","38,74","3,43","-46,87"
2026 03 12 12:13:24:018,-3.9675,-6.78875,"0,27",11,2,"11,29","0,69","38,74","3,43","-62,5"
2026 03 12 12:13:24:020,-3.9675,-6.70125,"0,27",11,2,"11,29","0,69","38,74","3,43","-70,31"
2026 03 12 12:13:24:022,-3.9675,-6.78875,"0,27",11,2,"11,29","0,69","38,74","3,43","-78,12"
2026 03 12 12:13:24:024,-3.9675,-6.78875,"0,27",11,2,"11,29","0,69","38,74","3,43","-54,69"
2026 03 12 12:13:24:026,-3.9675,-6.70125,"0,27",11,2,"11,29","0,69","38,74","3,43","-54,69"
2026 03 12 12:13:24:028,-3.9675,-6.78875,"0,27",11,2,"11,29","0,69","38,74","3,43","-54,69"
2026 03 12 12:13:24:030,-3.9985,-6.78875,"0,27",11,2,"11,29","0,69","38,74","3,43","-50,78"
2026 03 12 12:13:24:032,-3.9985,-6.70125,"0,27",11,2,"11,29","0,69","38,74","3,43","-35,16"
2026 03 12 12:13:24:034,-3.9675,-6.78875,"0,27",11,2,"11,29","0,69","38,74","3,43","-39,06"
2026 03 12 12:13:24:036,-3.9334,-6.78875,"0,27",11,2,"11,29","0,69","38,74","3,43","-50,78"
2026 03 12 12:13:24:038,-3.9675,-6.78875,"0,27",11,2,"11,29","0,69","38,74","3,43","-62,5"
2026 03 12 12:13:24:040,-3.9675,-6.78875,"0,27",11,2,"11,29","0,69","38,74","3,43","-70,31"
2026 03 12 12:13:24:042,-3.9675,-6.78875,"0,27",11,2,"11,29","0,69","38,74","3,43","-78,12"
2026 03 12 12:13:24:044,-3.9675,-6.78875,"0,27",11,2,"11,29","0,69","38,74","3,43","-50,78"
2026 03 12 12:13:24:046,-3.9675,-6.87625,"0,27",11,2,"11,29","0,69","38,74","3,43","-50,78"
2026 03 12 12:13:24:048,-3.9675,-6.78875,"0,27",11,2,"11,29","0,69","38,74","3,43","-50,78"
2026 03 12 12:13:24:050,-3.9675,-6.78875,"0,27",11,2,"11,29","0,69","38,74","3,43","-50,78"
2026 03 12 12:13:24:052,-3.9985,-6.78875,"0,27",11,2,"11,29","0,69","38,74","3,43","-31,25"
2026 03 12 12:13:24:054,-3.9675,-6.78875,"0,27",11,2,"11,29","0,69","38,74","3,43","-42,97"
2026 03 12 12:13:24:056,-3.9675,-6.78875,"0,27",11,2,"11,29","0,69","38,74","3,43","-46,87"
2026 03 12 12:13:24:058,-3.9675,-6.78875,"0,27",11,2,"11,29","0,69","38,74","3,43","-62,5"
2026 03 12 12:13:24:060,-3.9675,-6.70125,"0,27",11,2,"11,29","0,69","38,74","3,43","-74,22"
2026 03 12 12:13:24:062,-3.9985,-6.87625,"0,27",11,2,"11,29","0,69","38,74","3,43","-82,03"
2026 03 12 12:13:24:064,-3.9675,-6.70125,"0,27",11,2,"11,29","0,69","38,74","3,43","-54,69"
2026 03 12 12:13:24:066,-3.9675,-6.78875,"0,27",11,2,"11,29","0,69","38,74","3,43","-54,69"
2026 03 12 12:13:24:068,-3.9675,-6.70125,"0,27",11,2,"11,29","0,69","38,74","3,43","-54,69"
2026 03 12 12:13:24:070,-3.9334,-6.78875,"0,27",11,2,"11,29","0,69","38,74","3,43","-50,78"
2026 03 12 12:13:24:072,-3.9675,-6.78875,"0,27",11,2,"11,29","0,69","38,74","3,43","-35,16"
2026 03 12 12:13:24:074,-3.9675,-6.78875,"0,27",11,2,"11,29","0,69","38,74","3,43","-39,06"
2026 03 12 12:13:24:076,-3.9675,-6.70125,"0,27",11,2,"11,29","0,69","38,74","3,43","-46,87"
2026 03 12 12:13:24:078,-3.9675,-6.78875,"0,27",11,2,"11,29","0,69","38,74","3,43","-62,5"
2026 03 12 12:13:24:080,-3.9985,-6.70125,"0,27",11,2,"11,29","0,69","38,74","3,43","-74,22"
2026 03 12 12:13:24:082,-3.9985,-6.78875,"0,27",11,2,"11,29","0,69","38,74","3,43","-78,12"
2026 03 12 12:13:24:084,-3.9675,-6.78875,"0,27",11,2,"11,29","0,69","38,74","3,43","-50,78"
2026 03 12 12:13:24:086,-3.9675,-6.78875,"0,27",11,2,"11,29","0,69","38,74","3,43","-50,78"
2026 03 12 12:13:24:088,-3.9675,-6.78875,"0,27",11,2,"11,29","0,69","38,74","3,43","-50,78"
2026 03 12 12:13:24:090,-3.9675,-6.87625,"0,27",11,2,"11,29","0,69","38,74","3,43","-50,78"
2026 03 12 12:13:24:092,-3.9675,-6.78875,"0,27",11,2,"11,29","0,69","38,74","3,43","-31,25"
2026 03 12 12:13:24:094,-3.9675,-6.70125,"0,27",11,2,"11,29","0,69","38,74","3,43","-39,06"
2026 03 12 12:13:24:096,-3.9675,-6.78875,"0,27",11,2,"11,29","0,69","38,74","3,43","-46,87"
2026 03 12 12:13:24:098,-3.9334,-6.78875,"0,27",11,2,"11,29","0,69","38,74","3,43","-58,59"
2026 03 12 12:13:24:100,-3.9675,-6.78875,"0,27",11,2,"11,29","0,69","38,74","3,43","-70,31"
2026 03 12 12:13:24:102,-3.9675,-6.78875,"0,27",11,2,"11,29","0,69","38,74","3,43","-78,12"
2026 03 12 12:13:24:104,-3.9675,-6.87625,"0,27",11,2,"11,29","0,69","38,74","3,43","-50,78"
2026 03 12 12:13:24:106,-3.9985,-6.78875,"0,27",11,2,"11,29","0,69","38,74","3,43","-50,78"
2026 03 12 12:13:24:108,-3.9675,-6.78875,"0,27",11,2,"11,29","0,69","38,74","3,43","-50,78"
2026 03 12 12:13:24:110,-3.9675,-6.87625,"0,27",11,2,"11,29","0,69","38,74","3,43","-50,78"
2026 03 12 12:13:24:112,-3.9675,-6.70125,"0,27",11,2,"11,29","0,69","38,74","3,43","-31,25"
2026 03 12 12:13:24:114,-3.9985,-6.78875,"0,27",11,2,"11,29","0,69","38,74","3,43","-35,16"
2026 03 12 12:13:24:116,-3.9675,-6.78875,"0,27",11,2,"11,29","0,69","38,74","3,43","-50,78"
2026 03 12 12:13:24:118,-3.9334,-6.78875,"0,27",11,2,"11,29","0,69","38,74","3,43","-66,41"
2026 03 12 12:13:24:120,-3.9675,-6.78875,"0,27",11,2,"11,29","0,69","38,74","3,43","-74,22"
2026 03 12 12:13:24:122,-3.9675,-6.70125,"0,27",11,2,"11,29","0,69","38,74","3,43","-78,12"
2026 03 12 12:13:24:124,-3.9334,-6.78875,"0,27",11,2,"11,29","0,69","38,74","3,43","-50,78"
2026 03 12 12:13:24:126,-3.9675,-6.70125,"0,27",11,2,"11,29","0,69","38,74","3,43","-50,78"
2026 03 12 12:13:24:128,-3.9334,-6.78875,"0,27",11,2,"11,29","0,69","38,74","3,43","-50,78"
2026 03 12 12:13:24:130,-3.9675,-6.78875,"0,27",11,2,"11,29","0,69","38,74","3,43","-50,78"
2026 03 12 12:13:24:132,-3.9675,-6.78875,"0,27",11,2,"11,29","0,69","38,74","3,43","-35,16"
2026 03 12 12:13:24:134,-3.9985,-6.78875,"0,27",11,2,"11,29","0,69","38,74","3,43","-35,16"
2026 03 12 12:13:24:136,-3.9985,-6.78875,"0,27",11,2,"11,29","0,69","38,74","3,43","-46,87"
2026 03 12 12:13:24:138,-3.9675,-6.78875,"0,27",11,2,"11,29","0,69","38,74","3,43","-62,5"
2026 03 12 12:13:24:140,-3.9985,-6.78875,"0,27",11,2,"11,29","0,69","38,74","3,43","-70,31"
2026 03 12 12:13:24:142,-3.9675,-6.87625,"0,27",11,2,"11,29","0,69","38,74","3,43","-74,22"
2026 03 12 12:13:24:144,-3.9675,-6.70125,"0,27",11,2,"11,29","0,69","38,74","3,43","-50,78"
2026 03 12 12:13:24:146,-3.9334,-6.78875,"0,27",11,2,"11,29","0,69","38,74","3,43","-50,78"
2026 03 12 12:13:24:148,-3.9334,-6.78875,"0,27",11,2,"11,29","0,69","38,74","3,43","-50,78"
2026 03 12 12:13:24:150,-3.9675,-6.78875,"0,27",11,2,"11,29","0,69","38,74","3,43","-50,78"
2026 03 12 12:13:24:152,-3.9334,-6.87625,"0,27",11,2,"11,29","0,69","38,74","3,43","-31,25"
2026 03 12 12:13:24:154,-3.9334,-6.87625,"0,27",11,2,"11,29","0,69","38,74","3,43","-39,06"
2026 03 12 12:13:24:156,-3.9675,-6.78875,"0,27",11,2,"11,29","0,69","38,74","3,43","-46,87"
2026 03 12 12:13:24:158,-3.9675,-6.70125,"0,27",11,2,"11,29","0,69","38,74","3,43","-58,59"
2026 03 12 12:13:24:160,-3.9675,-6.87625,"0,27",11,2,"11,29","0,69","38,74","3,43","-70,31"
2026 03 12 12:13:24:162,-3.9675,-6.78875,"0,27",11,2,"11,29","0,69","38,74","3,43","-82,03"
2026 03 12 12:13:24:164,-3.9675,-6.78875,"0,27",11,2,"11,29","0,69","38,74","3,43","-50,78"
2026 03 12 12:13:24:166,-3.9675,-6.78875,"0,27",11,2,"11,29","0,69","38,74","3,43","-54,69"
2026 03 12 12:13:24:168,-3.9675,-6.78875,"0,27",11,2,"11,29","0,69","38,74","3,43","-50,78"
2026 03 12 12:13:24:170,-3.9675,-6.70125,"0,27",11,2,"11,29","0,69","38,74","3,43","-50,78"
2026 03 12 12:13:24:172,-3.9675,-6.70125,"0,27",11,2,"11,29","0,69","38,74","3,43","-31,25"
2026 03 12 12:13:24:174,-3.9675,-6.70125,"0,27",11,2,"11,29","0,69","38,74","3,43","-35,16"
2026 03 12 12:13:24:176,-3.9985,-6.70125,"0,27",11,2,"11,29","0,69","38,74","3,43","-46,87"
2026 03 12 12:13:24:178,-3.9675,-6.70125,"0,27",11,2,"11,29","0,69","38,74","3,43","-66,41"
2026 03 12 12:13:24:180,-3.9675,-6.78875,"0,27",11,2,"11,29","0,69","38,74","3,43","-70,31"
2026 03 12 12:13:24:182,-3.9675,-6.78875,"0,27",11,2,"11,29","0,69","38,74","3,43","-74,22"
2026 03 12 12:13:24:184,-3.9675,-6.78875,"0,27",11,2,"11,29","0,69","38,74","3,43","-50,78"
2026 03 12 12:13:24:186,-3.9675,-6.78875,"0,27",11,2,"11,29","0,69","38,74","3,43","-50,78"
2026 03 12 12:13:24:188,-3.9334,-6.78875,"0,27",11,2,"11,29","0,69","38,74","3,43","-54,69"
2026 03 12 12:13:24:190,-3.9334,-6.78875,"0,27",11,2,"11,29","0,69","38,74","3,43","-50,78"
2026 03 12 12:13:24:192,-3.9675,-6.78875,"0,27",11,2,"11,29","0,69","38,74","3,43","-31,25"
2026 03 12 12:13:24:194,-3.9675,-6.78875,"0,27",11,2,"11,29","0,69","38,74","3,43","-35,16"
2026 03 12 12:13:24:196,-3.9675,-6.78875,"0,27",11,2,"11,29","0,69","38,74","3,43","-46,87"
2026 03 12 12:13:24:198,-3.9675,-6.87625,"0,27",11,2,"11,29","0,69","38,74","3,43","-58,59"
2026 03 12 12:13:24:200,-3.9675,-6.78875,"0,27",11,2,"11,29","0,69","38,74","3,43","-70,31"
2026 03 12 12:13:24:202,-3.9985,-6.78875,"0,27",11,2,"11,29","0,69","38,74","3,43","-78,12"
2026 03 12 12:13:24:204,-3.9675,-6.78875,"0,27",11,2,"11,29","0,69","38,74","3,43","-46,87"
2026 03 12 12:13:24:206,-3.9675,-6.78875,"0,27",11,2,"11,29","0,69","38,74","3,43","-50,78"
2026 03 12 12:13:24:208,-3.9675,-6.78875,"0,27",11,2,"11,29","0,69","38,74","3,43","-50,78"
2026 03 12 12:13:24:210,-3.9675,-6.78875,"0,27",11,2,"11,29","0,69","38,74","3,43","-50,78"
2026 03 12 12:13:24:212,-3.9985,-6.70125,"0,27",11,2,"11,29","0,69","38,74","3,43","-27,34"
2026 03 12 12:13:24:214,-3.9675,-6.78875,"0,27",11,2,"11,29","0,69","38,74","3,43","-39,06"
2026 03 12 12:13:24:216,-3.9985,-6.78875,"0,27",11,2,"11,29","0,69","38,74","3,43","-46,87"
2026 03 12 12:13:24:218,-3.9675,-6.78875,"0,27",11,2,"11,29","0,69","38,74","3,43","-62,5"
2026 03 12 12:13:24:220,-3.9675,-6.70125,"0,27",11,2,"11,29","0,69","38,74","3,43","-70,31"
2026 03 12 12:13:24:222,-3.9675,-6.70125,"0,27",11,2,"11,29","0,69","38,74","3,43","-74,22"
2026 03 12 12:13:24:224,-3.9334,-6.78875,"0,27",11,2,"11,29","0,69","38,74","3,43","-50,78"
2026 03 12 12:13:24:226,-3.9334,-6.78875,"0,27",11,2,"11,29","0,69","38,74","3,43","-50,78"
2026 03 12 12:13:24:228,-3.9675,-6.70125,"0,27",11,2,"11,29","0,69","38,74","3,43","-50,78"
2026 03 12 12:13:24:230,-3.9675,-6.78875,"0,27",11,2,"11,29","0,69","38,74","3,43","-50,78"
2026 03 12 12:13:24:232,-3.9675,-6.78875,"0,27",11,2,"11,29","0,69","38,74","3,43","-31,25"
2026 03 12 12:13:24:234,-3.9675,-6.78875,"0,27",11,2,"11,29","0,69","38,74","3,43","-35,16"
2026 03 12 12:13:24:236,-3.9675,-6.87625,"0,27",11,2,"11,34","0,69","40,73","3,59","-42,97"
2026 03 12 12:13:24:238,-3.9675,-6.78875,"0,27",11,2,"11,34","0,69","40,73","3,59","-62,5"
2026 03 12 12:13:24:240,-3.9675,-6.78875,"0,27",11,2,"11,34","0,69","40,73","3,59","-70,31"
2026 03 12 12:13:24:242,-3.9675,-6.78875,"0,27",11,2,"11,34","0,69","40,73","3,59","-74,22"
2026 03 12 12:13:24:244,-3.9675,-6.78875,"0,27",11,2,"11,34","0,69","40,73","3,59","-50,78"
2026 03 12 12:13:24:246,-3.9675,-6.78875,"0,27",11,2,"11,34","0,69","40,73","3,59","-50,78"
2026 03 12 12:13:24:248,-3.9334,-6.78875,"0,27",11,2,"11,34","0,69","40,73","3,59","-50,78"
2026 03 12 12:13:24:250,-3.9675,-6.78875,"0,27",11,2,"11,34","0,69","40,73","3,59","-50,78"
2026 03 12 12:13:24:252,-3.9675,-6.78875,"0,27",11,2,"11,34","0,69","40,73","3,59","-27,34"
2026 03 12 12:13:24:254,-3.9985,-6.78875,"0,27",11,2,"11,34","0,69","40,73","3,59","-35,16"
2026 03 12 12:13:24:256,-3.9675,-6.78875,"0,27",11,2,"11,34","0,69","40,73","3,59","-46,87"
2026 03 12 12:13:24:258,-3.9675,-6.78875,"0,27",11,2,"11,34","0,69","40,73","3,59","-58,59"
2026 03 12 12:13:24:260,-3.9675,-6.78875,"0,27",11,2,"11,34","0,69","40,73","3,59","-66,41"
2026 03 12 12:13:24:262,-3.9985,-6.78875,"0,27",11,2,"11,34","0,69","40,73","3,59","-74,22"
2026 03 12 12:13:24:264,-3.9675,-6.78875,"0,27",11,2,"11,34","0,69","40,73","3,59","-50,78"
2026 03 12 12:13:24:266,-3.9675,-6.70125,"0,27",11,2,"11,34","0,69","40,73","3,59","-50,78"
2026 03 12 12:13:24:268,-3.9675,-6.78875,"0,27",11,2,"11,34","0,69","40,73","3,59","-50,78"
2026 03 12 12:13:24:270,-3.9675,-6.70125,"0,27",11,2,"11,34","0,69","40,73","3,59","-50,78"
2026 03 12 12:13:24:272,-3.9675,-6.70125,"0,27",11,2,"11,34","0,69","40,73","3,59","-27,34"
2026 03 12 12:13:24:274,-3.9675,-6.78875,"0,27",11,2,"11,34","0,69","40,73","3,59","-31,25"
2026 03 12 12:13:24:276,-3.9675,-6.70125,"0,27",11,2,"11,34","0,69","40,73","3,59","-46,87"
2026 03 12 12:13:24:278,-3.9675,-6.78875,"0,27",11,2,"11,34","0,69","40,73","3,59","-62,5"
2026 03 12 12:13:24:280,-3.9675,-6.78875,"0,27",11,2,"11,34","0,69","40,73","3,59","-66,41"
2026 03 12 12:13:24:282,-3.9675,-6.70125,"0,27",11,2,"11,34","0,69","40,73","3,59","-74,22"
2026 03 12 12:13:24:284,-3.9675,-6.78875,"0,27",11,2,"11,34","0,69","40,73","3,59","-50,78"
2026 03 12 12:13:24:286,-3.9675,-6.70125,"0,27",11,2,"11,34","0,69","40,73","3,59","-50,78"
2026 03 12 12:13:24:288,-3.9675,-6.87625,"0,27",11,2,"11,34","0,69","40,73","3,59","-50,78"
2026 03 12 12:13:24:290,-3.9675,-6.78875,"0,27",11,2,"11,34","0,69","40,73","3,59","-50,78"
2026 03 12 12:13:24:292,-3.9675,-6.70125,"0,27",11,2,"11,34","0,69","40,73","3,59","-27,34"
2026 03 12 12:13:24:294,-3.9985,-6.70125,"0,27",11,2,"11,34","0,69","40,73","3,59","-35,16"
2026 03 12 12:13:24:296,-3.9675,-6.87625,"0,27",11,2,"11,34","0,69","40,73","3,59","-42,97"
2026 03 12 12:13:24:298,-3.9334,-6.78875,"0,27",11,2,"11,34","0,69","40,73","3,59","-58,59"
2026 03 12 12:13:24:300,-3.9675,-6.78875,"0,27",11,2,"11,34","0,69","40,73","3,59","-66,41"
2026 03 12 12:13:24:302,-3.9675,-6.87625,"0,27",11,2,"11,34","0,69","40,73","3,59","-78,12"
2026 03 12 12:13:24:304,-3.9675,-6.70125,"0,27",11,2,"11,34","0,69","40,73","3,59","-50,78"
2026 03 12 12:13:24:306,-3.9675,-6.78875,"0,27",11,2,"11,34","0,69","40,73","3,59","-50,78"
2026 03 12 12:13:24:308,-3.9675,-6.87625,"0,27",11,2,"11,34","0,69","40,73","3,59","-50,78"
2026 03 12 12:13:24:310,-3.9334,-6.78875,"0,27",11,2,"11,34","0,69","40,73","3,59","-50,78"
2026 03 12 12:13:24:312,-3.9675,-6.78875,"0,27",11,2,"11,34","0,69","40,73","3,59","-31,25"
2026 03 12 12:13:24:314,-3.9985,-6.70125,"0,27",11,2,"11,34","0,69","40,73","3,59","-39,06"
2026 03 12 12:13:24:316,-3.9985,-6.78875,"0,27",11,2,"11,34","0,69","40,73","3,59","-46,87"
2026 03 12 12:13:24:318,-3.9675,-6.78875,"0,27",11,2,"11,34","0,69","40,73","3,59","-58,59"
2026 03 12 12:13:24:320,-3.9675,-6.70125,"0,27",11,2,"11,34","0,69","40,73","3,59","-66,41"
2026 03 12 12:13:24:322,-3.9675,-6.78875,"0,27",11,2,"11,34","0,69","40,73","3,59","-74,22"
2026 03 12 12:13:24:324,-3.9675,-6.78875,"0,27",11,2,"11,34","0,69","40,73","3,59","-46,87"
2026 03 12 12:13:24:326,-3.9675,-6.78875,"0,27",11,2,"11,34","0,69","40,73","3,59","-50,78"
2026 03 12 12:13:24:328,-3.9675,-6.78875,"0,27",11,2,"11,34","0,69","40,73","3,59","-50,78"
2026 03 12 12:13:24:330,-3.9675,-6.87625,"0,27",11,2,"11,34","0,69","40,73","3,59","-50,78"
2026 03 12 12:13:24:332,-3.9675,-6.78875,"0,27",11,2,"11,34","0,69","40,73","3,59","-27,34"
2026 03 12 12:13:24:334,-3.9985,-6.87625,"0,27",11,2,"11,34","0,69","40,73","3,59","-35,16"
2026 03 12 12:13:24:336,-3.9675,-6.78875,"0,27",11,2,"11,34","0,69","40,73","3,59","-42,97"
2026 03 12 12:13:24:338,-3.9675,-6.78875,"0,27",11,2,"11,34","0,69","40,73","3,59","-62,5"
2026 03 12 12:13:24:340,-3.9334,-6.70125,"0,27",11,2,"11,34","0,69","40,73","3,59","-70,31"
2026 03 12 12:13:24:342,-3.9675,-6.78875,"0,27",11,2,"11,34","0,69","40,73","3,59","-70,31"
2026 03 12 12:13:24:344,-3.9675,-6.78875,"0,27",11,2,"11,34","0,69","40,73","3,59","-46,87"
2026 03 12 12:13:24:346,-3.9675,-6.78875,"0,27",11,2,"11,34","0,69","40,73","3,59","-50,78"
2026 03 12 12:13:24:348,-3.9675,-6.87625,"0,27",11,2,"11,34","0,69","40,73","3,59","-46,87"
2026 03 12 12:13:24:350,-3.9334,-6.87625,"0,27",11,2,"11,34","0,69","40,73","3,59","-46,87"
2026 03 12 12:13:24:352,-3.9675,-6.78875,"0,27",11,2,"11,34","0,69","40,73","3,59","-27,34"
2026 03 12 12:13:24:354,-3.9675,-6.78875,"0,27",11,2,"11,34","0,69","40,73","3,59","-35,16"
2026 03 12 12:13:24:356,-3.9985,-6.78875,"0,27",11,2,"11,34","0,69","40,73","3,59","-42,97"
2026 03 12 12:13:24:358,-3.9675,-6.78875,"0,27",11,2,"11,34","0,69","40,73","3,59","-58,59"
2026 03 12 12:13:24:360,-3.9675,-6.78875,"0,27",11,2,"11,34","0,69","40,73","3,59","-66,41"
2026 03 12 12:13:24:362,-3.9675,-6.78875,"0,27",11,2,"11,34","0,69","40,73","3,59","-74,22"
2026 03 12 12:13:24:364,-3.9675,-6.78875,"0,27",11,2,"11,34","0,69","40,73","3,59","-46,87"
2026 03 12 12:13:24:366,-3.9675,-6.78875,"0,27",11,2,"11,34","0,69","40,73","3,59","-50,78"
2026 03 12 12:13:24:368,-3.9675,-6.78875,"0,27",11,2,"11,34","0,69","40,73","3,59","-50,78"
2026 03 12 12:13:24:370,-3.9334,-6.78875,"0,27",11,2,"11,34","0,69","40,73","3,59","-50,78"
2026 03 12 12:13:24:372,-3.9334,-6.70125,"0,27",11,2,"11,34","0,69","40,73","3,59","-27,34"
2026 03 12 12:13:24:374,-3.9675,-6.78875,"0,27",11,2,"11,34","0,69","40,73","3,59","-35,16"
2026 03 12 12:13:24:376,-3.9675,-6.70125,"0,27",11,2,"11,34","0,69","40,73","3,59","-46,87"
2026 03 12 12:13:24:378,-3.9334,-6.78875,"0,27",11,2,"11,34","0,69","40,73","3,59","-62,5"
2026 03 12 12:13:24:380,-3.9985,-6.78875,"0,27",11,2,"11,34","0,69","40,73","3,59","-66,41"
2026 03 12 12:13:24:382,-3.9675,-6.78875,"0,27",11,2,"11,34","0,69","40,73","3,59","-78,12"
2026 03 12 12:13:24:384,-3.9675,-6.78875,"0,27",11,2,"11,34","0,69","40,73","3,59","-50,78"
2026 03 12 12:13:24:386,-3.9675,-6.78875,"0,27",11,2,"11,34","0,69","40,73","3,59","-50,78"
2026 03 12 12:13:24:388,-3.9675,-6.78875,"0,27",11,2,"11,34","0,69","40,73","3,59","-46,87"
2026 03 12 12:13:24:390,-3.9985,-6.78875,"0,27",11,2,"11,34","0,69","40,73","3,59","-50,78"
2026 03 12 12:13:24:392,-3.9985,-6.87625,"0,27",11,2,"11,34","0,69","40,73","3,59","-27,34"
2026 03 12 12:13:24:394,-3.9675,-6.78875,"0,27",11,2,"11,34","0,69","40,73","3,59","-35,16"
2026 03 12 12:13:24:396,-3.9675,-6.78875,"0,27",11,2,"11,34","0,69","40,73","3,59","-46,87"
2026 03 12 12:13:24:398,-3.9675,-6.78875,"0,27",11,2,"11,34","0,69","40,73","3,59","-62,5"
2026 03 12 12:13:24:400,-3.9675,-6.78875,"0,27",11,2,"11,34","0,69","40,73","3,59","-66,41"
2026 03 12 12:13:24:402,-3.9675,-6.78875,"0,27",11,2,"11,34","0,69","40,73","3,59","-74,22"
2026 03 12 12:13:24:404,-3.9675,-6.78875,"0,27",11,2,"11,34","0,69","40,73","3,59","-46,87"
2026 03 12 12:13:24:406,-3.9985,-6.78875,"0,27",11,2,"11,34","0,69","40,73","3,59","-50,78"
2026 03 12 12:13:24:408,-3.9675,-6.78875,"0,27",11,2,"11,34","0,69","40,73","3,59","-50,78"
2026 03 12 12:13:24:410,-3.9675,-6.78875,"0,27",11,2,"11,34","0,69","40,73","3,59","-50,78"
2026 03 12 12:13:24:412,-3.9675,-6.78875,"0,27",11,2,"11,34","0,69","40,73","3,59","-27,34"
2026 03 12 12:13:24:414,-3.9985,-6.70125,"0,27",11,2,"11,34","0,69","40,73","3,59","-35,16"
2026 03 12 12:13:24:416,-3.9675,-6.78875,"0,27",11,2,"11,34","0,69","40,73","3,59","-46,87"
2026 03 12 12:13:24:418,-3.9675,-6.78875,"0,27",11,2,"11,34","0,69","40,73","3,59","-58,59"
2026 03 12 12:13:24:420,-3.9985,-6.78875,"0,27",11,2,"11,34","0,69","40,73","3,59","-66,41"
2026 03 12 12:13:24:422,-3.9334,-6.78875,"0,27",11,2,"11,34","0,69","40,73","3,59","-78,12"
2026 03 12 12:13:24:424,-3.9675,-6.78875,"0,27",11,2,"11,34","0,69","40,73","3,59","-46,87"
2026 03 12 12:13:24:426,-3.9675,-6.78875,"0,27",11,2,"11,34","0,69","40,73","3,59","-50,78"
2026 03 12 12:13:24:428,-3.9334,-6.78875,"0,27",11,2,"11,34","0,69","40,73","3,59","-46,87"
2026 03 12 12:13:24:430,-3.9675,-6.78875,"0,27",11,2,"11,34","0,69","40,73","3,59","-46,87"
2026 03 12 12:13:24:432,-3.9675,-6.78875,"0,27",11,2,"11,34","0,69","40,73","3,59","-27,34"
2026 03 12 12:13:24:434,-3.9675,-6.78875,"0,27",11,2,"11,34","0,69","40,73","3,59","-31,25"
2026 03 12 12:13:24:436,-3.9675,-6.78875,"0,27",11,2,"11,34","0,69","40,73","3,59","-46,87"
2026 03 12 12:13:24:438,-3.9675,-6.87625,"0,27",11,2,"11,34","0,69","40,73","3,59","-62,5"
2026 03 12 12:13:24:440,-3.9334,-6.78875,"0,27",11,2,"11,34","0,69","40,73","3,59","-66,41"
2026 03 12 12:13:24:442,-3.9675,-6.70125,"0,27",11,2,"11,34","0,69","40,73","3,59","-74,22"
2026 03 12 12:13:24:444,-3.9675,-6.78875,"0,27",11,2,"11,34","0,69","40,73","3,59","-46,87"
2026 03 12 12:13:24:446,-3.9334,-6.87625,"0,27",11,2,"11,34","0,69","40,73","3,59","-50,78"
2026 03 12 12:13:24:448,-3.9985,-6.78875,"0,27",11,2,"11,34","0,69","40,73","3,59","-50,78"
2026 03 12 12:13:24:450,-3.9675,-6.70125,"0,27",11,2,"11,34","0,69","40,73","3,59","-50,78"
2026 03 12 12:13:24:452,-3.9675,-6.78875,"0,27",11,2,"11,34","0,69","40,73","3,59","-27,34"
2026 03 12 12:13:24:454,-3.9675,-6.78875,"0,27",11,2,"11,34","0,69","40,73","3,59","-35,16"
2026 03 12 12:13:24:456,-3.9675,-6.78875,"0,27",11,2,"11,34","0,69","40,73","3,59","-42,97"
2026 03 12 12:13:24:458,-3.9675,-6.78875,"0,27",11,2,"11,34","0,69","40,73","3,59","-62,5"
2026 03 12 12:13:24:460,-3.9675,-6.78875,"0,27",11,2,"11,34","0,69","40,73","3,59","-66,41"
2026 03 12 12:13:24:462,-3.9675,-6.78875,"0,27",11,2,"11,34","0,69","40,73","3,59","-74,22"
2026 03 12 12:13:24:464,-3.9675,-6.78875,"0,27",11,2,"11,34","0,69","40,73","3,59","-46,87"
2026 03 12 12:13:24:466,-3.9334,-6.70125,"0,27",11,2,"11,34","0,69","40,73","3,59","-46,87"
2026 03 12 12:13:24:468,-3.9985,-6.70125,"0,27",11,2,"11,34","0,69","40,73","3,59","-50,78"
2026 03 12 12:13:24:470,-3.9985,-6.78875,"0,27",11,2,"11,34","0,69","40,73","3,59","-50,78"
2026 03 12 12:13:24:472,-3.9675,-6.78875,"0,27",11,2,"11,34","0,69","40,73","3,59","-27,34"
2026 03 12 12:13:24:474,-3.9675,-6.70125,"0,27",11,2,"11,34","0,69","40,73","3,59","-39,06"
2026 03 12 12:13:24:476,-3.9334,-6.70125,"0,27",11,2,"11,34","0,69","40,73","3,59","-42,97"
2026 03 12 12:13:24:478,-3.9675,-6.78875,"0,27",11,2,"11,34","0,69","40,73","3,59","-62,5"
2026 03 12 12:13:24:480,-3.9675,-6.78875,"0,27",11,2,"11,34","0,69","40,73","3,59","-66,41"
2026 03 12 12:13:24:482,-3.9675,-6.78875,"0,27",11,2,"11,34","0,69","40,73","3,59","-74,22"
2026 03 12 12:13:24:484,-3.9334,-6.78875,"0,27",11,2,"11,34","0,69","40,73","3,59","-50,78"
2026 03 12 12:13:24:486,-3.9985,-6.70125,"0,27",11,2,"11,34","0,69","40,73","3,59","-42,97"
2026 03 12 12:13:24:488,-3.9675,-6.87625,"0,27",11,2,"11,34","0,69","40,73","3,59","-50,78"
2026 03 12 12:13:24:490,-3.9675,-6.87625,"0,27",11,2,"11,34","0,69","40,73","3,59","-46,87"
2026 03 12 12:13:24:492,-3.9675,-6.78875,"0,27",11,2,"11,34","0,69","40,73","3,59","-27,34"
2026 03 12 12:13:24:494,-3.9985,-6.87625,"0,27",11,2,"11,34","0,69","40,73","3,59","-31,25"
2026 03 12 12:13:24:496,-3.9675,-6.78875,"0,27",11,2,"11,34","0,69","40,73","3,59","-42,97"
2026 03 12 12:13:24:498,-3.9675,-6.78875,"0,27",11,2,"11,34","0,69","40,73","3,59","-66,41"
2026 03 12 12:13:24:500,-3.9675,-6.78875,"0,27",11,2,"11,34","0,69","40,73","3,59","-66,41"
2026 03 12 12:13:24:502,-3.9675,-6.78875,"0,27",11,2,"11,34","0,69","40,73","3,59","-74,22"
2026 03 12 12:13:24:504,-3.9334,-6.70125,"0,27",11,2,"11,34","0,69","40,73","3,59","-46,87"
2026 03 12 12:13:24:506,-3.9675,-6.87625,"0,27",11,2,"11,34","0,69","40,73","3,59","-46,87"
2026 03 12 12:13:24:508,-3.9675,-6.78875,"0,27",11,2,"11,34","0,69","40,73","3,59","-46,87"
2026 03 12 12:13:24:510,-3.9675,-6.70125,"0,27",11,2,"11,34","0,69","40,73","3,59","-46,87"
2026 03 12 12:13:24:512,-3.9675,-6.78875,"0,27",11,2,"11,34","0,69","40,73","3,59","-27,34"
2026 03 12 12:13:24:514,-3.9675,-6.78875,"0,27",11,2,"11,34","0,69","40,73","3,59","-35,16"
2026 03 12 12:13:24:516,-3.9985,-6.78875,"0,27",11,2,"11,34","0,69","40,73","3,59","-42,97"
2026 03 12 12:13:24:518,-3.9334,-6.87625,"0,27",11,2,"11,34","0,69","40,73","3,59","-58,59"
2026 03 12 12:13:24:520,-3.9334,-6.78875,"0,27",11,2,"11,34","0,69","40,73","3,59","-62,5"
2026 03 12 12:13:24:522,-3.9675,-6.78875,"0,27",11,2,"11,34","0,69","40,73","3,59","-70,31"
2026 03 12 12:13:24:524,-3.9675,-6.78875,"0,27",11,2,"11,34","0,69","40,73","3,59","-46,87"
2026 03 12 12:13:24:526,-3.9985,-6.78875,"0,27",11,2,"11,34","0,69","40,73","3,59","-46,87"
2026 03 12 12:13:24:528,-3.9675,-6.78875,"0,27",11,2,"11,34","0,69","40,73","3,59","-46,87"
2026 03 12 12:13:24:530,-3.9675,-6.78875,"0,27",11,2,"11,34","0,69","40,73","3,59","-46,87"
2026 03 12 12:13:24:532,-3.9675,-6.78875,"0,27",11,2,"11,34","0,69","40,73","3,59","-23,44"
2026 03 12 12:13:24:534,-3.9675,-6.78875,"0,27",11,2,"11,34","0,69","40,73","3,59","-31,25"
2026 03 12 12:13:24:536,-3.9675,-6.70125,"0,27",11,2,"11,34","0,69","40,73","3,59","-42,97"
2026 03 12 12:13:24:538,-3.9675,-6.78875,"0,27",11,1,"11,47","0,69","39,63","3,45","-62,5"
2026 03 12 12:13:24:540,-3.9675,-6.78875,"0,27",11,1,"11,47","0,69","39,63","3,45","-62,5"
2026 03 12 12:13:24:542,-3.9675,-6.78875,"0,27",11,1,"11,47","0,69","39,63","3,45","-74,22"
2026 03 12 12:13:24:544,-3.9985,-6.87625,"0,27",11,1,"11,47","0,69","39,63","3,45","-46,87"
2026 03 12 12:13:24:546,-3.9334,-6.70125,"0,27",11,1,"11,47","0,69","39,63","3,45","-46,87"
2026 03 12 12:13:24:548,-3.9675,-6.78875,"0,27",11,1,"11,47","0,69","39,63","3,45","-46,87"
2026 03 12 12:13:24:550,-3.9985,-6.78875,"0,27",11,1,"11,47","0,69","39,63","3,45","-46,87"
2026 03 12 12:13:24:552,-3.9985,-6.78875,"0,27",11,1,"11,47","0,69","39,63","3,45","-27,34"
2026 03 12 12:13:24:554,-3.9675,-6.78875,"0,27",11,1,"11,47","0,69","39,63","3,45","-31,25"
2026 03 12 12:13:24:556,-3.9985,-6.78875,"0,27",11,1,"11,47","0,69","39,63","3,45","-42,97"
2026 03 12 12:13:24:558,-3.9985,-6.78875,"0,27",11,1,"11,47","0,69","39,63","3,45","-58,59"
2026 03 12 12:13:24:560,-3.9334,-6.78875,"0,27",11,1,"11,47","0,69","39,63","3,45","-62,5"
2026 03 12 12:13:24:562,-3.9675,-6.78875,"0,27",11,1,"11,47","0,69","39,63","3,45","-70,31"
2026 03 12 12:13:24:564,-3.9985,-6.78875,"0,27",11,1,"11,47","0,69","39,63","3,45","-46,87"
2026 03 12 12:13:24:566,-3.9675,-6.70125,"0,27",11,1,"11,47","0,69","39,63","3,45","-46,87"
2026 03 12 12:13:24:568,-3.9675,-6.78875,"0,27",11,1,"11,47","0,69","39,63","3,45","-46,87"
2026 03 12 12:13:24:570,-3.9675,-6.70125,"0,27",11,1,"11,47","0,69","39,63","3,45","-46,87"
2026 03 12 12:13:24:572,-3.9675,-6.78875,"0,27",11,1,"11,47","0,69","39,63","3,45","-23,44"
2026 03 12 12:13:24:574,-3.9985,-6.70125,"0,27",11,1,"11,47","0,69","39,63","3,45","-31,25"
2026 03 12 12:13:24:576,-3.9675,-6.78875,"0,27",11,1,"11,47","0,69","39,63","3,45","-42,97"
2026 03 12 12:13:24:578,-3.9675,-6.78875,"0,27",11,1,"11,47","0,69","39,63","3,45","-58,59"
2026 03 12 12:13:24:580,-3.9675,-6.78875,"0,27",11,1,"11,47","0,69","39,63","3,45","-62,5"
2026 03 12 12:13:24:582,-3.9675,-6.78875,"0,27",11,1,"11,47","0,69","39,63","3,45","-74,22"
2026 03 12 12:13:24:584,-3.9675,-6.78875,"0,27",11,1,"11,47","0,69","39,63","3,45","-46,87"
2026 03 12 12:13:24:586,-3.9675,-6.78875,"0,27",11,1,"11,47","0,69","39,63","3,45","-46,87"
2026 03 12 12:13:24:588,-3.9675,-6.78875,"0,27",11,1,"11,47","0,69","39,63","3,45","-46,87"
2026 03 12 12:13:24:590,-3.9675,-6.78875,"0,27",11,1,"11,47","0,69","39,63","3,45","-46,87"
2026 03 12 12:13:24:592,-3.9675,-6.87625,"0,27",11,1,"11,47","0,69","39,63","3,45","-27,34"
2026 03 12 12:13:24:594,-3.9675,-6.78875,"0,27",11,1,"11,47","0,69","39,63","3,45","-31,25"
2026 03 12 12:13:24:596,-3.9985,-6.87625,"0,27",11,1,"11,47","0,69","39,63","3,45","-46,87"
2026 03 12 12:13:24:598,-3.9675,-6.78875,"0,27",11,1,"11,47","0,69","39,63","3,45","-62,5"
2026 03 12 12:13:24:600,-3.9675,-6.78875,"0,27",11,1,"11,47","0,69","39,63","3,45","-62,5"
2026 03 12 12:13:24:602,-3.9675,-6.78875,"0,27",11,1,"11,47","0,69","39,63","3,45","-74,22"
2026 03 12 12:13:24:604,-3.9675,-6.78875,"0,27",11,1,"11,47","0,69","39,63","3,45","-46,87"
2026 03 12 12:13:24:606,-3.9985,-6.78875,"0,27",11,1,"11,47","0,69","39,63","3,45","-46,87"
2026 03 12 12:13:24:608,-3.9675,-6.78875,"0,27",11,1,"11,47","0,69","39,63","3,45","-46,87"
2026 03 12 12:13:24:610,-3.9675,-6.78875,"0,27",11,1,"11,47","0,69","39,63","3,45","-46,87"
2026 03 12 12:13:24:612,-3.9334,-6.78875,"0,27",11,1,"11,47","0,69","39,63","3,45","-27,34"
2026 03 12 12:13:24:614,-3.9985,-6.78875,"0,27",11,1,"11,47","0,69","39,63","3,45","-35,16"
2026 03 12 12:13:24:616,-3.9675,-6.70125,"0,27",11,1,"11,47","0,69","39,63","3,45","-42,97"
2026 03 12 12:13:24:618,-3.9675,-6.78875,"0,27",11,1,"11,47","0,69","39,63","3,45","-58,59"
2026 03 12 12:13:24:620,-3.9675,-6.70125,"0,27",11,1,"11,47","0,69","39,63","3,45","-62,5"
2026 03 12 12:13:24:622,-3.9675,-6.78875,"0,27",11,1,"11,47","0,69","39,63","3,45","-70,31"
2026 03 12 12:13:24:624,-3.9675,-6.78875,"0,27",11,1,"11,47","0,69","39,63","3,45","-46,87"
2026 03 12 12:13:24:626,-3.9675,-6.78875,"0,27",11,1,"11,47","0,69","39,63","3,45","-46,87"
2026 03 12 12:13:24:628,-3.9675,-6.78875,"0,27",11,1,"11,47","0,69","39,63","3,45","-46,87"
2026 03 12 12:13:24:630,-3.9675,-6.78875,"0,27",11,1,"11,47","0,69","39,63","3,45","-46,87"
2026 03 12 12:13:24:632,-3.9675,-6.78875,"0,27",11,1,"11,47","0,69","39,63","3,45","-27,34"
2026 03 12 12:13:24:634,-3.9675,-6.78875,"0,27",11,1,"11,47","0,69","39,63","3,45","-35,16"
2026 03 12 12:13:24:636,-3.9675,-6.78875,"0,27",11,1,"11,47","0,69","39,63","3,45","-42,97"
2026 03 12 12:13:24:638,-3.9985,-6.78875,"0,27",11,1,"11,47","0,69","39,63","3,45","-58,59"
2026 03 12 12:13:24:640,-3.9985,-6.78875,"0,27",11,1,"11,47","0,69","39,63","3,45","-62,5"
2026 03 12 12:13:24:642,-3.9675,-6.78875,"0,27",11,1,"11,47","0,69","39,63","3,45","-70,31"
2026 03 12 12:13:24:644,-3.9675,-6.70125,"0,27",11,1,"11,47","0,69","39,63","3,45","-46,87"
2026 03 12 12:13:24:646,-3.9675,-6.78875,"0,27",11,1,"11,47","0,69","39,63","3,45","-46,87"
2026 03 12 12:13:24:648,-3.9675,-6.78875,"0,27",11,1,"11,47","0,69","39,63","3,45","-46,87"
2026 03 12 12:13:24:650,-3.9675,-6.78875,"0,27",11,1,"11,47","0,69","39,63","3,45","-46,87"
2026 03 12 12:13:24:652,-3.9334,-6.78875,"0,27",11,1,"11,47","0,69","39,63","3,45","-23,44"
2026 03 12 12:13:24:654,-3.9675,-6.78875,"0,27",11,1,"11,47","0,69","39,63","3,45","-31,25"
2026 03 12 12:13:24:656,-3.9675,-6.78875,"0,27",11,1,"11,47","0,69","39,63","3,45","-42,97"
2026 03 12 12:13:24:658,-3.9675,-6.78875,"0,27",11,1,"11,47","0,69","39,63","3,45","-62,5"
2026 03 12 12:13:24:660,-3.9675,-6.78875,"0,27",11,1,"11,47","0,69","39,63","3,45","-58,59"
2026 03 12 12:13:24:662,-3.9675,-6.78875,"0,27",11,1,"11,47","0,69","39,63","3,45","-74,22"
2026 03 12 12:13:24:664,-3.9675,-6.70125,"0,27",11,1,"11,47","0,69","39,63","3,45","-46,87"
2026 03 12 12:13:24:666,-3.9675,-6.78875,"0,27",11,1,"11,47","0,69","39,63","3,45","-46,87"
2026 03 12 12:13:24:668,-3.9985,-6.70125,"0,27",11,1,"11,47","0,69","39,63","3,45","-46,87"
2026 03 12 12:13:24:670,-3.9675,-6.78875,"0,27",11,1,"11,47","0,69","39,63","3,45","-46,87"
2026 03 12 12:13:24:672,-3.9985,-6.70125,"0,27",11,1,"11,47","0,69","39,63","3,45","-23,44"
2026 03 12 12:13:24:674,-3.9675,-6.78875,"0,27",11,1,"11,47","0,69","39,63","3,45","-35,16"
2026 03 12 12:13:24:676,-3.9985,-6.70125,"0,27",11,1,"11,47","0,69","39,63","3,45","-42,97"
2026 03 12 12:13:24:678,-3.9334,-6.70125,"0,27",11,1,"11,47","0,69","39,63","3,45","-54,69"
2026 03 12 12:13:24:680,-3.9334,-6.78875,"0,27",11,1,"11,47","0,69","39,63","3,45","-58,59"
2026 03 12 12:13:24:682,-3.9675,-6.78875,"0,27",11,1,"11,47","0,69","39,63","3,45","-74,22"
2026 03 12 12:13:24:684,-3.9675,-6.78875,"0,27",11,1,"11,47","0,69","39,63","3,45","-46,87"
2026 03 12 12:13:24:686,-3.9675,-6.78875,"0,27",11,1,"11,47","0,69","39,63","3,45","-46,87"
2026 03 12 12:13:24:688,-3.9675,-6.78875,"0,27",11,1,"11,47","0,69","39,63","3,45","-46,87"
2026 03 12 12:13:24:690,-3.9985,-6.70125,"0,27",11,1,"11,47","0,69","39,63","3,45","-46,87"
2026 03 12 12:13:24:692,-3.9675,-6.78875,"0,27",11,1,"11,47","0,69","39,63","3,45","-23,44"
2026 03 12 12:13:24:694,-3.9675,-6.78875,"0,27",11,1,"11,47","0,69","39,63","3,45","-31,25"
2026 03 12 12:13:24:696,-3.9675,-6.78875,"0,27",11,1,"11,47","0,69","39,63","3,45","-42,97"
2026 03 12 12:13:24:698,-3.9675,-6.78875,"0,27",11,1,"11,47","0,69","39,63","3,45","-54,69"
2026 03 12 12:13:24:700,-3.9334,-6.87625,"0,27",11,1,"11,47","0,69","39,63","3,45","-58,59"
2026 03 12 12:13:24:702,-3.9675,-6.87625,"0,27",11,1,"11,47","0,69","39,63","3,45","-74,22"
2026 03 12 12:13:24:704,-3.9675,-6.78875,"0,27",11,1,"11,47","0,69","39,63","3,45","-46,87"
2026 03 12 12:13:24:706,-3.9985,-6.78875,"0,27",11,1,"11,47","0,69","39,63","3,45","-46,87"
2026 03 12 12:13:24:708,-3.9985,-6.70125,"0,27",11,1,"11,47","0,69","39,63","3,45","-46,87"
2026 03 12 12:13:24:710,-3.9985,-6.78875,"0,27",11,1,"11,47","0,69","39,63","3,45","-46,87"
2026 03 12 12:13:24:712,-3.9675,-6.78875,"0,27",11,1,"11,47","0,69","39,63","3,45","-27,34"
2026 03 12 12:13:24:714,-3.9675,-6.78875,"0,27",11,1,"11,47","0,69","39,63","3,45","-35,16"
2026 03 12 12:13:24:716,-3.9675,-6.70125,"0,27",11,1,"11,47","0,69","39,63","3,45","-42,97"
2026 03 12 12:13:24:718,-3.9675,-6.78875,"0,27",11,1,"11,47","0,69","39,63","3,45","-58,59"
2026 03 12 12:13:24:720,-3.9675,-6.70125,"0,27",11,1,"11,47","0,69","39,63","3,45","-58,59"
2026 03 12 12:13:24:722,-3.9675,-6.78875,"0,27",11,1,"11,47","0,69","39,63","3,45","-74,22"
2026 03 12 12:13:24:724,-3.9675,-6.70125,"0,27",11,1,"11,47","0,69","39,63","3,45","-46,87"
2026 03 12 12:13:24:726,-3.9675,-6.78875,"0,27",11,1,"11,47","0,69","39,63","3,45","-46,87"
2026 03 12 12:13:24:728,-3.9675,-6.78875,"0,27",11,1,"11,47","0,69","39,63","3,45","-42,97"
2026 03 12 12:13:24:730,-3.9675,-6.70125,"0,27",11,1,"11,47","0,69","39,63","3,45","-42,97"
2026 03 12 12:13:24:732,-3.9675,-6.78875,"0,27",11,1,"11,47","0,69","39,63","3,45","-27,34"
2026 03 12 12:13:24:734,-3.9675,-6.78875,"0,27",11,1,"11,47","0,69","39,63","3,45","-35,16"
2026 03 12 12:13:24:736,-3.9675,-6.78875,"0,27",11,1,"11,47","0,69","39,63","3,45","-42,97"
2026 03 12 12:13:24:738,-3.9675,-6.78875,"0,27",11,1,"11,47","0,69","39,63","3,45","-58,59"
2026 03 12 12:13:24:740,-3.9675,-6.78875,"0,27",11,1,"11,47","0,69","39,63","3,45","-58,59"
2026 03 12 12:13:24:742,-3.9985,-6.78875,"0,27",11,1,"11,47","0,69","39,63","3,45","-70,31"
2026 03 12 12:13:24:744,-3.9675,-6.78875,"0,27",11,1,"11,47","0,69","39,63","3,45","-46,87"
2026 03 12 12:13:24:746,-3.9985,-6.78875,"0,27",11,1,"11,47","0,69","39,63","3,45","-46,87"
2026 03 12 12:13:24:748,-3.9675,-6.78875,"0,27",11,1,"11,47","0,69","39,63","3,45","-46,87"
2026 03 12 12:13:24:750,-3.9334,-6.70125,"0,27",11,1,"11,47","0,69","39,63","3,45","-46,87"
2026 03 12 12:13:24:752,-3.9675,-6.78875,"0,27",11,1,"11,47","0,69","39,63","3,45","-27,34"
2026 03 12 12:13:24:754,-3.9675,-6.78875,"0,27",11,1,"11,47","0,69","39,63","3,45","-31,25"
2026 03 12 12:13:24:756,-3.9985,-6.70125,"0,27",11,1,"11,47","0,69","39,63","3,45","-42,97"
2026 03 12 12:13:24:758,-3.9675,-6.78875,"0,27",11,1,"11,47","0,69","39,63","3,45","-58,59"
2026 03 12 12:13:24:760,-3.9334,-6.78875,"0,27",11,1,"11,47","0,69","39,63","3,45","-58,59"
2026 03 12 12:13:24:762,-3.9675,-6.70125,"0,27",11,1,"11,47","0,69","39,63","3,45","-70,31"
2026 03 12 12:13:24:764,-3.9985,-6.78875,"0,27",11,1,"11,47","0,69","39,63","3,45","-46,87"
2026 03 12 12:13:24:766,-3.9675,-6.78875,"0,27",11,1,"11,47","0,69","39,63","3,45","-46,87"
2026 03 12 12:13:24:768,-3.9985,-6.70125,"0,27",11,1,"11,47","0,69","39,63","3,45","-42,97"
2026 03 12 12:13:24:770,-3.9985,-6.78875,"0,27",11,1,"11,47","0,69","39,63","3,45","-42,97"
2026 03 12 12:13:24:772,-3.9675,-6.78875,"0,27",11,1,"11,47","0,69","39,63","3,45","-23,44"
2026 03 12 12:13:24:774,-3.9675,-6.78875,"0,27",11,1,"11,47","0,69","39,63","3,45","-31,25"
2026 03 12 12:13:24:776,-3.9675,-6.78875,"0,27",11,1,"11,47","0,69","39,63","3,45","-42,97"
2026 03 12 12:13:24:778,-3.9675,-6.70125,"0,27",11,1,"11,47","0,69","39,63","3,45","-54,69"
2026 03 12 12:13:24:780,-3.9675,-6.78875,"0,27",11,1,"11,47","0,69","39,63","3,45","-58,59"
2026 03 12 12:13:24:782,-3.9675,-6.78875,"0,27",11,1,"11,47","0,69","39,63","3,45","-70,31"
2026 03 12 12:13:24:784,-3.9675,-6.78875,"0,27",11,1,"11,47","0,69","39,63","3,45","-42,97"
2026 03 12 12:13:24:786,-3.9675,-6.78875,"0,27",11,1,"11,47","0,69","39,63","3,45","-46,87"
2026 03 12 12:13:24:788,-3.9675,-6.87625,"0,27",11,1,"11,47","0,69","39,63","3,45","-42,97"
2026 03 12 12:13:24:790,-3.9334,-6.87625,"0,27",11,1,"11,47","0,69","39,63","3,45","-42,97"
2026 03 12 12:13:24:792,-3.9675,-6.78875,"0,27",11,1,"11,47","0,69","39,63","3,45","-23,44"
2026 03 12 12:13:24:794,-3.9334,-6.78875,"0,27",11,1,"11,47","0,69","39,63","3,45","-35,16"
2026 03 12 12:13:24:796,-3.9675,-6.87625,"0,27",11,1,"11,47","0,69","39,63","3,45","-42,97"
2026 03 12 12:13:24:798,-3.9675,-6.87625,"0,27",11,1,"11,47","0,69","39,63","3,45","-58,59"
2026 03 12 12:13:24:800,-3.9334,-6.78875,"0,27",11,1,"11,47","0,69","39,63","3,45","-58,59"
2026 03 12 12:13:24:802,-3.9675,-6.70125,"0,27",11,1,"11,47","0,69","39,63","3,45","-66,41"
2026 03 12 12:13:24:804,-3.9675,-6.78875,"0,27",11,1,"11,47","0,69","39,63","3,45","-42,97"
2026 03 12 12:13:24:806,-4.0295,-6.78875,"0,27",11,1,"11,47","0,69","39,63","3,45","-46,87"
2026 03 12 12:13:24:808,-3.9675,-6.78875,"0,27",11,1,"11,47","0,69","39,63","3,45","-42,97"
2026 03 12 12:13:24:810,-3.9675,-6.78875,"0,27",11,1,"11,47","0,69","39,63","3,45","-42,97"
2026 03 12 12:13:24:812,-3.9675,-6.78875,"0,27",11,1,"11,47","0,69","39,63","3,45","-23,44"
2026 03 12 12:13:24:814,-3.9675,-6.70125,"0,27",11,1,"11,47","0,69","39,63","3,45","-31,25"
2026 03 12 12:13:24:816,-3.9334,-6.78875,"0,27",11,1,"11,47","0,69","39,63","3,45","-39,06"
2026 03 12 12:13:24:818,-3.9675,-6.78875,"0,27",11,1,"11,47","0,69","39,63","3,45","-58,59"
2026 03 12 12:13:24:820,-3.9334,-6.78875,"0,27",11,1,"11,47","0,69","39,63","3,45","-58,59"
2026 03 12 12:13:24:822,-3.9675,-6.78875,"0,27",11,1,"11,47","0,69","39,63","3,45","-66,41"
2026 03 12 12:13:24:824,-3.9675,-6.87625,"0,27",11,1,"11,47","0,69","39,63","3,45","-46,87"
2026 03 12 12:13:24:826,-3.9675,-6.70125,"0,27",11,1,"11,47","0,69","39,63","3,45","-46,87"
2026 03 12 12:13:24:828,-3.9675,-6.87625,"0,27",11,1,"11,47","0,69","39,63","3,45","-42,97"
2026 03 12 12:13:24:830,-3.9675,-6.78875,"0,27",11,1,"11,47","0,69","39,63","3,45","-46,87"
2026 03 12 12:13:24:832,-3.9985,-6.78875,"0,27",11,1,"11,47","0,69","39,63","3,45","-19,53"
2026 03 12 12:13:24:834,-3.9675,-6.78875,"0,27",11,1,"11,47","0,69","39,63","3,45","-31,25"
2026 03 12 12:13:24:836,-3.9675,-6.78875,"0,27",11,1,"11,47","0,69","39,63","3,45","-42,97"
2026 03 12 12:13:24:838,-3.9675,-6.78875,"0,27",11,2,"11,49","0,74","39,37","3,43","-58,59"
2026 03 12 12:13:24:840,-3.9675,-6.87625,"0,27",11,2,"11,49","0,74","39,37","3,43","-54,69"
2026 03 12 12:13:24:842,-3.9334,-6.78875,"0,27",11,2,"11,49","0,74","39,37","3,43","-66,41"
2026 03 12 12:13:24:844,-3.9334,-6.78875,"0,27",11,2,"11,49","0,74","39,37","3,43","-42,97"
2026 03 12 12:13:24:846,-3.9675,-6.78875,"0,27",11,2,"11,49","0,74","39,37","3,43","-42,97"
2026 03 12 12:13:24:848,-3.9675,-6.87625,"0,27",11,2,"11,49","0,74","39,37","3,43","-42,97"
2026 03 12 12:13:24:850,-3.9334,-6.78875,"0,27",11,2,"11,49","0,74","39,37","3,43","-42,97"
2026 03 12 12:13:24:852,-3.9675,-6.78875,"0,27",11,2,"11,49","0,74","39,37","3,43","-23,44"
2026 03 12 12:13:24:854,-3.9675,-6.78875,"0,27",11,2,"11,49","0,74","39,37","3,43","-27,34"
2026 03 12 12:13:24:856,-3.9675,-6.87625,"0,27",11,2,"11,49","0,74","39,37","3,43","-42,97"
2026 03 12 12:13:24:858,-3.9675,-6.78875,"0,27",11,2,"11,49","0,74","39,37","3,43","-58,59"
2026 03 12 12:13:24:860,-3.9985,-6.78875,"0,27",11,2,"11,49","0,74","39,37","3,43","-54,69"
2026 03 12 12:13:24:862,-3.9675,-6.78875,"0,27",11,2,"11,49","0,74","39,37","3,43","-66,41"
2026 03 12 12:13:24:864,-3.9985,-6.70125,"0,27",11,2,"11,49","0,74","39,37","3,43","-42,97"
2026 03 12 12:13:24:866,-3.9675,-6.78875,"0,27",11,2,"11,49","0,74","39,37","3,43","-39,06"
2026 03 12 12:13:24:868,-3.9675,-6.78875,"0,27",11,2,"11,49","0,74","39,37","3,43","-42,97"
2026 03 12 12:13:24:870,-3.9675,-6.78875,"0,27",11,2,"11,49","0,74","39,37","3,43","-42,97"
2026 03 12 12:13:24:872,-3.9675,-6.70125,"0,27",11,2,"11,49","0,74","39,37","3,43","-23,44"
2026 03 12 12:13:24:874,-3.9985,-6.78875,"0,27",11,2,"11,49","0,74","39,37","3,43","-31,25"
2026 03 12 12:13:24:876,-3.9675,-6.78875,"0,27",11,2,"11,49","0,74","39,37","3,43","-42,97"
2026 03 12 12:13:24:878,-3.9675,-6.70125,"0,27",11,2,"11,49","0,74","39,37","3,43","-58,59"
2026 03 12 12:13:24:880,-3.9675,-6.78875,"0,27",11,2,"11,49","0,74","39,37","3,43","-58,59"
2026 03 12 12:13:24:882,-3.9985,-6.78875,"0,27",11,2,"11,49","0,74","39,37","3,43","-66,41"
2026 03 12 12:13:24:884,-3.9675,-6.78875,"0,27",11,2,"11,49","0,74","39,37","3,43","-42,97"
2026 03 12 12:13:24:886,-3.9675,-6.78875,"0,27",11,2,"11,49","0,74","39,37","3,43","-42,97"
2026 03 12 12:13:24:888,-3.9675,-6.78875,"0,27",11,2,"11,49","0,74","39,37","3,43","-42,97"
2026 03 12 12:13:24:890,-3.9675,-6.87625,"0,27",11,2,"11,49","0,74","39,37","3,43","-46,87"
2026 03 12 12:13:24:892,-3.9675,-6.78875,"0,27",11,2,"11,49","0,74","39,37","3,43","-23,44"
2026 03 12 12:13:24:894,-3.9675,-6.78875,"0,27",11,2,"11,49","0,74","39,37","3,43","-35,16"
