sep=;



Timestamp;RMS velocitz spectrum ISO 10816 Y [mm/s];RMS acceleration Y [mg];RMS acceleration envelope Y [mg];RMS raw data with frequencz brands Y [mg];Kurtosis method Y [[1]];Peak to peak Y [mg];Crest factor Y [[1]];Analog raw input Y [mg];
2026 02 03 09:23:18:292;0,295;13;2;12,8632;1,4799;57,9376;4,5042;0;
2026 02 03 09:23:18:294;0,295;13;2;12,8632;1,4799;57,9376;4,5042;0;
2026 02 03 09:23:18:296;0,295;13;2;12,8632;1,4799;57,9376;4,5042;0;
2026 02 03 09:23:18:298;0,295;13;2;12,8632;1,4799;57,9376;4,5042;23,4375;
2026 02 03 09:23:18:300;0,295;13;2;12,8632;1,4799;57,9376;4,5042;11,7188;
2026 02 03 09:23:18:302;0,295;13;2;12,8632;1,4799;57,9376;4,5042;0;
2026 02 03 09:23:18:304;0,295;13;2;12,8632;1,4799;57,9376;4,5042;-11,7187;
2026 02 03 09:23:18:306;0,295;13;2;12,8632;1,4799;57,9376;4,5042;-7,8125;
2026 02 03 09:23:18:308;0,295;13;2;12,8632;1,4799;57,9376;4,5042;-7,8125;
2026 02 03 09:23:18:310;0,295;13;2;12,8632;1,4799;57,9376;4,5042;0;
2026 02 03 09:23:18:312;0,295;13;2;12,8632;1,4799;57,9376;4,5042;0;
2026 02 03 09:23:18:314;0,295;13;2;12,8632;1,4799;57,9376;4,5042;0;
2026 02 03 09:23:18:316;0,295;13;2;12,8632;1,4799;57,9376;4,5042;0;
2026 02 03 09:23:18:318;0,295;13;2;12,8632;1,4799;57,9376;4,5042;23,4375;
2026 02 03 09:23:18:320;0,2939;13;2;12,8174;1,4481;57,8766;4,5155;7,8125;
2026 02 03 09:23:18:322;0,2939;13;2;12,8174;1,4481;57,8766;4,5155;3,9063;
2026 02 03 09:23:18:324;0,2939;13;2;12,8174;1,4481;57,8766;4,5155;-11,7187;
2026 02 03 09:23:18:326;0,2939;13;2;12,8174;1,4481;57,8766;4,5155;-7,8125;
2026 02 03 09:23:18:328;0,2939;13;2;12,8174;1,4481;57,8766;4,5155;-7,8125;
2026 02 03 09:23:18:330;0,2939;13;2;12,8174;1,4481;57,8766;4,5155;0;
2026 02 03 09:23:18:332;0,2939;13;2;12,8174;1,4481;57,8766;4,5155;0;
2026 02 03 09:23:18:334;0,2939;13;2;12,8174;1,4481;57,8766;4,5155;0;
2026 02 03 09:23:18:336;0,2939;13;2;12,8174;1,4481;57,8766;4,5155;0;
2026 02 03 09:23:18:338;0,2939;13;2;12,8174;1,4481;57,8766;4,5155;27,3438;
2026 02 03 09:23:18:340;0,2939;13;2;12,8174;1,4481;57,8766;4,5155;19,5313;
2026 02 03 09:23:18:342;0,2939;13;2;12,8174;1,4481;57,8766;4,5155;3,9063;
2026 02 03 09:23:18:344;0,2939;13;2;12,8174;1,4481;57,8766;4,5155;-7,8125;
2026 02 03 09:23:18:346;0,2939;13;2;12,8174;1,4481;57,8766;4,5155;-7,8125;
2026 02 03 09:23:18:348;0,2939;13;2;12,8174;1,4481;57,8766;4,5155;-3,9062;
2026 02 03 09:23:18:350;0,2939;13;2;12,8174;1,4481;57,8766;4,5155;0;
2026 02 03 09:23:18:352;0,2939;13;2;12,8174;1,4481;57,8766;4,5155;0;
2026 02 03 09:23:18:354;0,2939;13;2;12,8174;1,4481;57,8766;4,5155;0;
2026 02 03 09:23:18:356;0,2939;13;2;12,8174;1,4481;57,8766;4,5155;0;
2026 02 03 09:23:18:358;0,2939;13;2;12,8174;1,4481;57,8766;4,5155;27,3438;
2026 02 03 09:23:18:360;0,2939;13;2;12,8174;1,4481;57,8766;4,5155;11,7188;
2026 02 03 09:23:18:362;0,2939;13;2;12,8174;1,4481;57,8766;4,5155;3,9063;
2026 02 03 09:23:18:364;0,2939;13;2;12,8174;1,4481;57,8766;4,5155;-11,7187;
2026 02 03 09:23:18:366;0,2939;13;2;12,8174;1,4481;57,8766;4,5155;-7,8125;
2026 02 03 09:23:18:368;0,2939;13;2;12,8174;1,4481;57,8766;4,5155;-3,9062;
2026 02 03 09:23:18:370;0,2939;13;2;12,8174;1,4481;57,8766;4,5155;0;
2026 02 03 09:23:18:372;0,2939;13;2;12,8174;1,4481;57,8766;4,5155;0;
2026 02 03 09:23:18:374;0,2939;13;2;12,8174;1,4481;57,8766;4,5155;0;
2026 02 03 09:23:18:376;0,2939;13;2;12,8174;1,4481;57,8766;4,5155;0;
2026 02 03 09:23:18:378;0,2939;13;2;12,8174;1,4481;57,8766;4,5155;23,4375;
2026 02 03 09:23:18:380;0,2939;13;2;12,8174;1,4481;57,8766;4,5155;11,7188;
2026 02 03 09:23:18:382;0,2939;13;2;12,8174;1,4481;57,8766;4,5155;0;
2026 02 03 09:23:18:384;0,2939;13;2;12,8174;1,4481;57,8766;4,5155;-15,625;
2026 02 03 09:23:18:386;0,2939;13;2;12,8174;1,4481;57,8766;4,5155;-7,8125;
2026 02 03 09:23:18:388;0,2939;13;2;12,8174;1,4481;57,8766;4,5155;-3,9062;
2026 02 03 09:23:18:390;0,2939;13;2;12,8174;1,4481;57,8766;4,5155;0;
2026 02 03 09:23:18:392;0,2939;13;2;12,8174;1,4481;57,8766;4,5155;0;
2026 02 03 09:23:18:394;0,2939;13;2;12,8174;1,4481;57,8766;4,5155;0;
2026 02 03 09:23:18:396;0,2939;13;2;12,8174;1,4481;57,8766;4,5155;0;
2026 02 03 09:23:18:398;0,2939;13;2;12,8174;1,4481;57,8766;4,5155;27,3438;
2026 02 03 09:23:18:400;0,2939;13;2;12,8174;1,4481;57,8766;4,5155;15,625;
2026 02 03 09:23:18:402;0,2939;13;2;12,8174;1,4481;57,8766;4,5155;3,9063;
2026 02 03 09:23:18:404;0,2939;13;2;12,8174;1,4481;57,8766;4,5155;-11,7187;
2026 02 03 09:23:18:406;0,2939;13;2;12,8174;1,4481;57,8766;4,5155;-7,8125;
2026 02 03 09:23:18:408;0,2939;13;2;12,8174;1,4481;57,8766;4,5155;-3,9062;
2026 02 03 09:23:18:410;0,2939;13;2;12,8174;1,4481;57,8766;4,5155;0;
2026 02 03 09:23:18:412;0,2939;13;2;12,8174;1,4481;57,8766;4,5155;0;
2026 02 03 09:23:18:414;0,2939;13;2;12,8174;1,4481;57,8766;4,5155;0;
2026 02 03 09:23:18:416;0,2939;13;2;12,8174;1,4481;57,8766;4,5155;0;
2026 02 03 09:23:18:418;0,2939;13;2;12,8174;1,4481;57,8766;4,5155;27,3438;
2026 02 03 09:23:18:420;0,2939;13;2;12,8174;1,4481;57,8766;4,5155;11,7188;
2026 02 03 09:23:18:422;0,2939;13;2;12,8174;1,4481;57,8766;4,5155;3,9063;
2026 02 03 09:23:18:424;0,2939;13;2;12,8174;1,4481;57,8766;4,5155;-11,7187;
2026 02 03 09:23:18:426;0,2939;13;2;12,8174;1,4481;57,8766;4,5155;-7,8125;
2026 02 03 09:23:18:428;0,2939;13;2;12,8174;1,4481;57,8766;4,5155;0;
2026 02 03 09:23:18:430;0,2939;13;2;12,8174;1,4481;57,8766;4,5155;0;
2026 02 03 09:23:18:432;0,2939;13;2;12,8174;1,4481;57,8766;4,5155;0;
2026 02 03 09:23:18:434;0,2939;13;2;12,8174;1,4481;57,8766;4,5155;0;
2026 02 03 09:23:18:436;0,2939;13;2;12,8174;1,4481;57,8766;4,5155;0;
2026 02 03 09:23:18:438;0,2939;13;2;12,8174;1,4481;57,8766;4,5155;27,3438;
2026 02 03 09:23:18:440;0,2939;13;2;12,8174;1,4481;57,8766;4,5155;11,7188;
2026 02 03 09:23:18:442;0,2939;13;2;12,8174;1,4481;57,8766;4,5155;0;
2026 02 03 09:23:18:444;0,2939;13;2;12,8174;1,4481;57,8766;4,5155;-15,625;
2026 02 03 09:23:18:446;0,2939;13;2;12,8174;1,4481;57,8766;4,5155;-7,8125;
2026 02 03 09:23:18:448;0,2939;13;2;12,8174;1,4481;57,8766;4,5155;-3,9062;
2026 02 03 09:23:18:450;0,2939;13;2;12,8174;1,4481;57,8766;4,5155;0;
2026 02 03 09:23:18:452;0,2939;13;2;12,8174;1,4481;57,8766;4,5155;0;
2026 02 03 09:23:18:454;0,2939;13;2;12,8174;1,4481;57,8766;4,5155;0;
2026 02 03 09:23:18:456;0,2939;13;2;12,8174;1,4481;57,8766;4,5155;0;
2026 02 03 09:23:18:458;0,2939;13;2;12,8174;1,4481;57,8766;4,5155;23,4375;
2026 02 03 09:23:18:460;0,2939;13;2;12,8174;1,4481;57,8766;4,5155;11,7188;
2026 02 03 09:23:18:462;0,2939;13;2;12,8174;1,4481;57,8766;4,5155;3,9063;
2026 02 03 09:23:18:464;0,2939;13;2;12,8174;1,4481;57,8766;4,5155;-7,8125;
2026 02 03 09:23:18:466;0,2939;13;2;12,8174;1,4481;57,8766;4,5155;-7,8125;
2026 02 03 09:23:18:468;0,2939;13;2;12,8174;1,4481;57,8766;4,5155;-3,9062;
2026 02 03 09:23:18:470;0,2939;13;2;12,8174;1,4481;57,8766;4,5155;0;
2026 02 03 09:23:18:472;0,2939;13;2;12,8174;1,4481;57,8766;4,5155;0;
2026 02 03 09:23:18:474;0,2939;13;2;12,8174;1,4481;57,8766;4,5155;0;
2026 02 03 09:23:18:476;0,2939;13;2;12,8174;1,4481;57,8766;4,5155;0;
2026 02 03 09:23:18:478;0,2939;13;2;12,8174;1,4481;57,8766;4,5155;23,4375;
2026 02 03 09:23:18:480;0,2939;13;2;12,8174;1,4481;57,8766;4,5155;11,7188;
2026 02 03 09:23:18:482;0,2939;13;2;12,8174;1,4481;57,8766;4,5155;0;
2026 02 03 09:23:18:484;0,2939;13;2;12,8174;1,4481;57,8766;4,5155;-11,7187;
2026 02 03 09:23:18:486;0,2939;13;2;12,8174;1,4481;57,8766;4,5155;-7,8125;
2026 02 03 09:23:18:488;0,2939;13;2;12,8174;1,4481;57,8766;4,5155;0;
2026 02 03 09:23:18:490;0,2939;13;2;12,8174;1,4481;57,8766;4,5155;0;
2026 02 03 09:23:18:492;0,2939;13;2;12,8174;1,4481;57,8766;4,5155;0;
2026 02 03 09:23:18:494;0,2939;13;2;12,8174;1,4481;57,8766;4,5155;0;
2026 02 03 09:23:18:496;0,2939;13;2;12,8174;1,4481;57,8766;4,5155;0;
2026 02 03 09:23:18:498;0,2939;13;2;12,8174;1,4481;57,8766;4,5155;27,3438;
2026 02 03 09:23:18:500;0,2939;13;2;12,8174;1,4481;57,8766;4,5155;11,7188;
2026 02 03 09:23:18:502;0,2939;13;2;12,8174;1,4481;57,8766;4,5155;0;
2026 02 03 09:23:18:504;0,2939;13;2;12,8174;1,4481;57,8766;4,5155;-11,7187;
2026 02 03 09:23:18:506;0,2939;13;2;12,8174;1,4481;57,8766;4,5155;-7,8125;
2026 02 03 09:23:18:508;0,2939;13;2;12,8174;1,4481;57,8766;4,5155;-3,9062;
2026 02 03 09:23:18:510;0,2939;13;2;12,8174;1,4481;57,8766;4,5155;0;
2026 02 03 09:23:18:512;0,2939;13;2;12,8174;1,4481;57,8766;4,5155;0;
2026 02 03 09:23:18:514;0,2939;13;2;12,8174;1,4481;57,8766;4,5155;0;
2026 02 03 09:23:18:516;0,2939;13;2;12,8174;1,4481;57,8766;4,5155;0;
2026 02 03 09:23:18:518;0,2939;13;2;12,8174;1,4481;57,8766;4,5155;23,4375;
2026 02 03 09:23:18:520;0,2939;13;2;12,8174;1,4481;57,8766;4,5155;11,7188;
2026 02 03 09:23:18:522;0,2939;13;2;12,8174;1,4481;57,8766;4,5155;0;
2026 02 03 09:23:18:524;0,2939;13;2;12,8174;1,4481;57,8766;4,5155;-15,625;
2026 02 03 09:23:18:526;0,2939;13;2;12,8174;1,4481;57,8766;4,5155;-7,8125;
2026 02 03 09:23:18:528;0,2939;13;2;12,8174;1,4481;57,8766;4,5155;-3,9062;
2026 02 03 09:23:18:530;0,2939;13;2;12,8174;1,4481;57,8766;4,5155;0;
2026 02 03 09:23:18:532;0,2939;13;2;12,8174;1,4481;57,8766;4,5155;0;
2026 02 03 09:23:18:534;0,2939;13;2;12,8174;1,4481;57,8766;4,5155;0;
2026 02 03 09:23:18:536;0,2939;13;2;12,8174;1,4481;57,8766;4,5155;0;
2026 02 03 09:23:18:538;0,2939;13;2;12,8174;1,4481;57,8766;4,5155;23,4375;
2026 02 03 09:23:18:540;0,2939;13;2;12,8174;1,4481;57,8766;4,5155;15,625;
2026 02 03 09:23:18:542;0,2939;13;2;12,8174;1,4481;57,8766;4,5155;0;
2026 02 03 09:23:18:544;0,2939;13;2;12,8174;1,4481;57,8766;4,5155;-11,7187;
2026 02 03 09:23:18:546;0,2939;13;2;12,8174;1,4481;57,8766;4,5155;-7,8125;
2026 02 03 09:23:18:548;0,2939;13;2;12,8174;1,4481;57,8766;4,5155;-3,9062;
2026 02 03 09:23:18:550;0,2939;13;2;12,8174;1,4481;57,8766;4,5155;0;
2026 02 03 09:23:18:552;0,2939;13;2;12,8174;1,4481;57,8766;4,5155;-3,9062;
2026 02 03 09:23:18:554;0,2939;13;2;12,8174;1,4481;57,8766;4,5155;0;
2026 02 03 09:23:18:556;0,2939;13;2;12,8174;1,4481;57,8766;4,5155;0;
2026 02 03 09:23:18:558;0,2939;13;2;12,8174;1,4481;57,8766;4,5155;19,5313;
2026 02 03 09:23:18:560;0,2939;13;2;12,8174;1,4481;57,8766;4,5155;11,7188;
2026 02 03 09:23:18:562;0,2939;13;2;12,8174;1,4481;57,8766;4,5155;0;
2026 02 03 09:23:18:564;0,2939;13;2;12,8174;1,4481;57,8766;4,5155;-11,7187;
2026 02 03 09:23:18:566;0,2939;13;2;12,8174;1,4481;57,8766;4,5155;-7,8125;
2026 02 03 09:23:18:568;0,2939;13;2;12,8174;1,4481;57,8766;4,5155;0;
2026 02 03 09:23:18:570;0,2939;13;2;12,8174;1,4481;57,8766;4,5155;0;
2026 02 03 09:23:18:572;0,2939;13;2;12,8174;1,4481;57,8766;4,5155;0;
2026 02 03 09:23:18:574;0,2939;13;2;12,8174;1,4481;57,8766;4,5155;0;
2026 02 03 09:23:18:576;0,2939;13;2;12,8174;1,4481;57,8766;4,5155;0;
2026 02 03 09:23:18:578;0,2939;13;2;12,8174;1,4481;57,8766;4,5155;27,3438;
2026 02 03 09:23:18:580;0,2939;13;2;12,8174;1,4481;57,8766;4,5155;11,7188;
2026 02 03 09:23:18:582;0,2939;13;2;12,8174;1,4481;57,8766;4,5155;0;
2026 02 03 09:23:18:584;0,2939;13;2;12,8174;1,4481;57,8766;4,5155;-15,625;
2026 02 03 09:23:18:586;0,2939;13;2;12,8174;1,4481;57,8766;4,5155;-3,9062;
2026 02 03 09:23:18:588;0,2939;13;2;12,8174;1,4481;57,8766;4,5155;0;
2026 02 03 09:23:18:590;0,2939;13;2;12,8174;1,4481;57,8766;4,5155;0;
2026 02 03 09:23:18:592;0,2939;13;2;12,8174;1,4481;57,8766;4,5155;0;
2026 02 03 09:23:18:594;0,2939;13;2;12,8174;1,4481;57,8766;4,5155;0;
2026 02 03 09:23:18:596;0,2939;13;2;12,8174;1,4481;57,8766;4,5155;0;
2026 02 03 09:23:18:598;0,2939;13;2;12,8174;1,4481;57,8766;4,5155;27,3438;
2026 02 03 09:23:18:600;0,2939;13;2;12,8174;1,4481;57,8766;4,5155;19,5313;
2026 02 03 09:23:18:602;0,2939;13;2;12,8174;1,4481;57,8766;4,5155;3,9063;
2026 02 03 09:23:18:604;0,2939;13;2;12,8174;1,4481;57,8766;4,5155;-11,7187;
2026 02 03 09:23:18:606;0,2939;13;2;12,8174;1,4481;57,8766;4,5155;-7,8125;
2026 02 03 09:23:18:608;0,2939;13;2;12,8174;1,4481;57,8766;4,5155;0;
2026 02 03 09:23:18:610;0,2939;13;2;12,8174;1,4481;57,8766;4,5155;0;
2026 02 03 09:23:18:612;0,2939;13;2;12,8174;1,4481;57,8766;4,5155;0;
2026 02 03 09:23:18:614;0,2939;13;2;12,8174;1,4481;57,8766;4,5155;0;
2026 02 03 09:23:18:616;0,2939;13;2;12,8174;1,4481;57,8766;4,5155;0;
2026 02 03 09:23:18:618;0,293;13;2;12,8021;1,4086;51,6815;4,0369;23,4375;
2026 02 03 09:23:18:620;0,293;13;2;12,8021;1,4086;51,6815;4,0369;11,7188;
2026 02 03 09:23:18:622;0,293;13;2;12,8021;1,4086;51,6815;4,0369;3,9063;
2026 02 03 09:23:18:624;0,293;13;2;12,8021;1,4086;51,6815;4,0369;-11,7187;
2026 02 03 09:23:18:626;0,293;13;2;12,8021;1,4086;51,6815;4,0369;-7,8125;
2026 02 03 09:23:18:628;0,293;13;2;12,8021;1,4086;51,6815;4,0369;-3,9062;
2026 02 03 09:23:18:630;0,293;13;2;12,8021;1,4086;51,6815;4,0369;0;
2026 02 03 09:23:18:632;0,293;13;2;12,8021;1,4086;51,6815;4,0369;0;
2026 02 03 09:23:18:634;0,293;13;2;12,8021;1,4086;51,6815;4,0369;0;
2026 02 03 09:23:18:636;0,293;13;2;12,8021;1,4086;51,6815;4,0369;0;
2026 02 03 09:23:18:638;0,293;13;2;12,8021;1,4086;51,6815;4,0369;27,3438;
2026 02 03 09:23:18:640;0,293;13;2;12,8021;1,4086;51,6815;4,0369;11,7188;
2026 02 03 09:23:18:642;0,293;13;2;12,8021;1,4086;51,6815;4,0369;0;
2026 02 03 09:23:18:644;0,293;13;2;12,8021;1,4086;51,6815;4,0369;-11,7187;
2026 02 03 09:23:18:646;0,293;13;2;12,8021;1,4086;51,6815;4,0369;-7,8125;
2026 02 03 09:23:18:648;0,293;13;2;12,8021;1,4086;51,6815;4,0369;0;
2026 02 03 09:23:18:650;0,293;13;2;12,8021;1,4086;51,6815;4,0369;0;
2026 02 03 09:23:18:652;0,293;13;2;12,8021;1,4086;51,6815;4,0369;0;
2026 02 03 09:23:18:654;0,293;13;2;12,8021;1,4086;51,6815;4,0369;0;
2026 02 03 09:23:18:656;0,293;13;2;12,8021;1,4086;51,6815;4,0369;0;
2026 02 03 09:23:18:658;0,293;13;2;12,8021;1,4086;51,6815;4,0369;27,3438;
2026 02 03 09:23:18:660;0,293;13;2;12,8021;1,4086;51,6815;4,0369;15,625;
2026 02 03 09:23:18:662;0,293;13;2;12,8021;1,4086;51,6815;4,0369;3,9063;
2026 02 03 09:23:18:664;0,293;13;2;12,8021;1,4086;51,6815;4,0369;-7,8125;
2026 02 03 09:23:18:666;0,293;13;2;12,8021;1,4086;51,6815;4,0369;-7,8125;
2026 02 03 09:23:18:668;0,293;13;2;12,8021;1,4086;51,6815;4,0369;0;
2026 02 03 09:23:18:670;0,293;13;2;12,8021;1,4086;51,6815;4,0369;0;
2026 02 03 09:23:18:672;0,293;13;2;12,8021;1,4086;51,6815;4,0369;0;
2026 02 03 09:23:18:674;0,293;13;2;12,8021;1,4086;51,6815;4,0369;0;
2026 02 03 09:23:18:676;0,293;13;2;12,8021;1,4086;51,6815;4,0369;0;
2026 02 03 09:23:18:678;0,293;13;2;12,8021;1,4086;51,6815;4,0369;27,3438;
2026 02 03 09:23:18:680;0,293;13;2;12,8021;1,4086;51,6815;4,0369;11,7188;
2026 02 03 09:23:18:682;0,293;13;2;12,8021;1,4086;51,6815;4,0369;3,9063;
2026 02 03 09:23:18:684;0,293;13;2;12,8021;1,4086;51,6815;4,0369;-11,7187;
2026 02 03 09:23:18:686;0,293;13;2;12,8021;1,4086;51,6815;4,0369;-7,8125;
2026 02 03 09:23:18:688;0,293;13;2;12,8021;1,4086;51,6815;4,0369;0;
2026 02 03 09:23:18:690;0,293;13;2;12,8021;1,4086;51,6815;4,0369;0;
2026 02 03 09:23:18:692;0,293;13;2;12,8021;1,4086;51,6815;4,0369;0;
2026 02 03 09:23:18:694;0,293;13;2;12,8021;1,4086;51,6815;4,0369;0;
2026 02 03 09:23:18:696;0,293;13;2;12,8021;1,4086;51,6815;4,0369;0;
2026 02 03 09:23:18:698;0,293;13;2;12,8021;1,4086;51,6815;4,0369;27,3438;
2026 02 03 09:23:18:700;0,293;13;2;12,8021;1,4086;51,6815;4,0369;11,7188;
2026 02 03 09:23:18:702;0,293;13;2;12,8021;1,4086;51,6815;4,0369;0;
2026 02 03 09:23:18:704;0,293;13;2;12,8021;1,4086;51,6815;4,0369;-15,625;
2026 02 03 09:23:18:706;0,293;13;2;12,8021;1,4086;51,6815;4,0369;-7,8125;
2026 02 03 09:23:18:708;0,293;13;2;12,8021;1,4086;51,6815;4,0369;0;
2026 02 03 09:23:18:710;0,293;13;2;12,8021;1,4086;51,6815;4,0369;-3,9062;
2026 02 03 09:23:18:712;0,293;13;2;12,8021;1,4086;51,6815;4,0369;-3,9062;
2026 02 03 09:23:18:714;0,293;13;2;12,8021;1,4086;51,6815;4,0369;0;
2026 02 03 09:23:18:716;0,293;13;2;12,8021;1,4086;51,6815;4,0369;0;
2026 02 03 09:23:18:718;0,293;13;2;12,8021;1,4086;51,6815;4,0369;23,4375;
2026 02 03 09:23:18:720;0,293;13;2;12,8021;1,4086;51,6815;4,0369;11,7188;
2026 02 03 09:23:18:722;0,293;13;2;12,8021;1,4086;51,6815;4,0369;0;
2026 02 03 09:23:18:724;0,293;13;2;12,8021;1,4086;51,6815;4,0369;-7,8125;
2026 02 03 09:23:18:726;0,293;13;2;12,8021;1,4086;51,6815;4,0369;-7,8125;
2026 02 03 09:23:18:728;0,293;13;2;12,8021;1,4086;51,6815;4,0369;-3,9062;
2026 02 03 09:23:18:730;0,293;13;2;12,8021;1,4086;51,6815;4,0369;0;
2026 02 03 09:23:18:732;0,293;13;2;12,8021;1,4086;51,6815;4,0369;0;
2026 02 03 09:23:18:734;0,293;13;2;12,8021;1,4086;51,6815;4,0369;0;
2026 02 03 09:23:18:736;0,293;13;2;12,8021;1,4086;51,6815;4,0369;0;
2026 02 03 09:23:18:738;0,293;13;2;12,8021;1,4086;51,6815;4,0369;27,3438;
2026 02 03 09:23:18:740;0,293;13;2;12,8021;1,4086;51,6815;4,0369;11,7188;
2026 02 03 09:23:18:742;0,293;13;2;12,8021;1,4086;51,6815;4,0369;0;
2026 02 03 09:23:18:744;0,293;13;2;12,8021;1,4086;51,6815;4,0369;-7,8125;
2026 02 03 09:23:18:746;0,293;13;2;12,8021;1,4086;51,6815;4,0369;-7,8125;
2026 02 03 09:23:18:748;0,293;13;2;12,8021;1,4086;51,6815;4,0369;0;
2026 02 03 09:23:18:750;0,293;13;2;12,8021;1,4086;51,6815;4,0369;0;
2026 02 03 09:23:18:752;0,293;13;2;12,8021;1,4086;51,6815;4,0369;0;
2026 02 03 09:23:18:754;0,293;13;2;12,8021;1,4086;51,6815;4,0369;0;
2026 02 03 09:23:18:756;0,293;13;2;12,8021;1,4086;51,6815;4,0369;0;
2026 02 03 09:23:18:758;0,293;13;2;12,8021;1,4086;51,6815;4,0369;23,4375;
2026 02 03 09:23:18:760;0,293;13;2;12,8021;1,4086;51,6815;4,0369;15,625;
2026 02 03 09:23:18:762;0,293;13;2;12,8021;1,4086;51,6815;4,0369;3,9063;
2026 02 03 09:23:18:764;0,293;13;2;12,8021;1,4086;51,6815;4,0369;-11,7187;
2026 02 03 09:23:18:766;0,293;13;2;12,8021;1,4086;51,6815;4,0369;-7,8125;
2026 02 03 09:23:18:768;0,293;13;2;12,8021;1,4086;51,6815;4,0369;0;
2026 02 03 09:23:18:770;0,293;13;2;12,8021;1,4086;51,6815;4,0369;0;
2026 02 03 09:23:18:772;0,293;13;2;12,8021;1,4086;51,6815;4,0369;0;
2026 02 03 09:23:18:774;0,293;13;2;12,8021;1,4086;51,6815;4,0369;0;
2026 02 03 09:23:18:776;0,293;13;2;12,8021;1,4086;51,6815;4,0369;0;
2026 02 03 09:23:18:778;0,293;13;2;12,8021;1,4086;51,6815;4,0369;23,4375;
2026 02 03 09:23:18:780;0,293;13;2;12,8021;1,4086;51,6815;4,0369;11,7188;
2026 02 03 09:23:18:782;0,293;13;2;12,8021;1,4086;51,6815;4,0369;0;
2026 02 03 09:23:18:784;0,293;13;2;12,8021;1,4086;51,6815;4,0369;-11,7187;
2026 02 03 09:23:18:786;0,293;13;2;12,8021;1,4086;51,6815;4,0369;-7,8125;
2026 02 03 09:23:18:788;0,293;13;2;12,8021;1,4086;51,6815;4,0369;0;
2026 02 03 09:23:18:790;0,293;13;2;12,8021;1,4086;51,6815;4,0369;0;
2026 02 03 09:23:18:792;0,293;13;2;12,8021;1,4086;51,6815;4,0369;0;
2026 02 03 09:23:18:794;0,293;13;2;12,8021;1,4086;51,6815;4,0369;0;
2026 02 03 09:23:18:796;0,293;13;2;12,8021;1,4086;51,6815;4,0369;0;
2026 02 03 09:23:18:798;0,293;13;2;12,8021;1,4086;51,6815;4,0369;27,3438;
2026 02 03 09:23:18:800;0,293;13;2;12,8021;1,4086;51,6815;4,0369;19,5313;
2026 02 03 09:23:18:802;0,293;13;2;12,8021;1,4086;51,6815;4,0369;0;
2026 02 03 09:23:18:804;0,293;13;2;12,8021;1,4086;51,6815;4,0369;-7,8125;
2026 02 03 09:23:18:806;0,293;13;2;12,8021;1,4086;51,6815;4,0369;-7,8125;
2026 02 03 09:23:18:808;0,293;13;2;12,8021;1,4086;51,6815;4,0369;0;
2026 02 03 09:23:18:810;0,293;13;2;12,8021;1,4086;51,6815;4,0369;0;
2026 02 03 09:23:18:812;0,293;13;2;12,8021;1,4086;51,6815;4,0369;0;
2026 02 03 09:23:18:814;0,293;13;2;12,8021;1,4086;51,6815;4,0369;0;
2026 02 03 09:23:18:816;0,293;13;2;12,8021;1,4086;51,6815;4,0369;0;
2026 02 03 09:23:18:818;0,293;13;2;12,8021;1,4086;51,6815;4,0369;23,4375;
2026 02 03 09:23:18:820;0,293;13;2;12,8021;1,4086;51,6815;4,0369;11,7188;
2026 02 03 09:23:18:822;0,293;13;2;12,8021;1,4086;51,6815;4,0369;0;
2026 02 03 09:23:18:824;0,293;13;2;12,8021;1,4086;51,6815;4,0369;-7,8125;
2026 02 03 09:23:18:826;0,293;13;2;12,8021;1,4086;51,6815;4,0369;-7,8125;
2026 02 03 09:23:18:828;0,293;13;2;12,8021;1,4086;51,6815;4,0369;-3,9062;
2026 02 03 09:23:18:830;0,293;13;2;12,8021;1,4086;51,6815;4,0369;0;
2026 02 03 09:23:18:832;0,293;13;2;12,8021;1,4086;51,6815;4,0369;0;
2026 02 03 09:23:18:834;0,293;13;2;12,8021;1,4086;51,6815;4,0369;0;
2026 02 03 09:23:18:836;0,293;13;2;12,8021;1,4086;51,6815;4,0369;0;
2026 02 03 09:23:18:838;0,293;13;2;12,8021;1,4086;51,6815;4,0369;23,4375;
2026 02 03 09:23:18:840;0,293;13;2;12,8021;1,4086;51,6815;4,0369;15,625;
2026 02 03 09:23:18:842;0,293;13;2;12,8021;1,4086;51,6815;4,0369;0;
2026 02 03 09:23:18:844;0,293;13;2;12,8021;1,4086;51,6815;4,0369;-11,7187;
2026 02 03 09:23:18:846;0,293;13;2;12,8021;1,4086;51,6815;4,0369;-7,8125;
2026 02 03 09:23:18:848;0,293;13;2;12,8021;1,4086;51,6815;4,0369;0;
2026 02 03 09:23:18:850;0,293;13;2;12,8021;1,4086;51,6815;4,0369;0;
2026 02 03 09:23:18:852;0,293;13;2;12,8021;1,4086;51,6815;4,0369;0;
2026 02 03 09:23:18:854;0,293;13;2;12,8021;1,4086;51,6815;4,0369;3,9063;
2026 02 03 09:23:18:856;0,293;13;2;12,8021;1,4086;51,6815;4,0369;-3,9062;
2026 02 03 09:23:18:858;0,293;13;2;12,8021;1,4086;51,6815;4,0369;23,4375;
2026 02 03 09:23:18:860;0,293;13;2;12,8021;1,4086;51,6815;4,0369;19,5313;
2026 02 03 09:23:18:862;0,293;13;2;12,8021;1,4086;51,6815;4,0369;0;
2026 02 03 09:23:18:864;0,293;13;2;12,8021;1,4086;51,6815;4,0369;-3,9062;
2026 02 03 09:23:18:866;0,293;13;2;12,8021;1,4086;51,6815;4,0369;-7,8125;
2026 02 03 09:23:18:868;0,293;13;2;12,8021;1,4086;51,6815;4,0369;-3,9062;
2026 02 03 09:23:18:870;0,293;13;2;12,8021;1,4086;51,6815;4,0369;0;
2026 02 03 09:23:18:872;0,293;13;2;12,8021;1,4086;51,6815;4,0369;-3,9062;
2026 02 03 09:23:18:874;0,293;13;2;12,8021;1,4086;51,6815;4,0369;0;
2026 02 03 09:23:18:876;0,293;13;2;12,8021;1,4086;51,6815;4,0369;0;
2026 02 03 09:23:18:878;0,293;13;2;12,8021;1,4086;51,6815;4,0369;23,4375;
2026 02 03 09:23:18:880;0,293;13;2;12,8021;1,4086;51,6815;4,0369;11,7188;
2026 02 03 09:23:18:882;0,293;13;2;12,8021;1,4086;51,6815;4,0369;0;
2026 02 03 09:23:18:884;0,293;13;2;12,8021;1,4086;51,6815;4,0369;-7,8125;
2026 02 03 09:23:18:886;0,293;13;2;12,8021;1,4086;51,6815;4,0369;-3,9062;
2026 02 03 09:23:18:888;0,293;13;2;12,8021;1,4086;51,6815;4,0369;0;
2026 02 03 09:23:18:890;0,293;13;2;12,8021;1,4086;51,6815;4,0369;0;
2026 02 03 09:23:18:892;0,293;13;2;12,8021;1,4086;51,6815;4,0369;0;
2026 02 03 09:23:18:894;0,293;13;2;12,8021;1,4086;51,6815;4,0369;0;
2026 02 03 09:23:18:896;0,293;13;2;12,8021;1,4086;51,6815;4,0369;0;
2026 02 03 09:23:18:898;0,293;13;2;12,8021;1,4086;51,6815;4,0369;27,3438;
2026 02 03 09:23:18:900;0,293;13;2;12,8021;1,4086;51,6815;4,0369;15,625;
2026 02 03 09:23:18:902;0,293;13;2;12,8021;1,4086;51,6815;4,0369;3,9063;
2026 02 03 09:23:18:904;0,293;13;2;12,8021;1,4086;51,6815;4,0369;-11,7187;
2026 02 03 09:23:18:906;0,293;13;2;12,8021;1,4086;51,6815;4,0369;-7,8125;
2026 02 03 09:23:18:908;0,293;13;2;12,8021;1,4086;51,6815;4,0369;0;
2026 02 03 09:23:18:910;0,293;13;2;12,8021;1,4086;51,6815;4,0369;0;
2026 02 03 09:23:18:912;0,293;13;2;12,8021;1,4086;51,6815;4,0369;0;
2026 02 03 09:23:18:914;0,293;13;2;12,8021;1,4086;51,6815;4,0369;0;
2026 02 03 09:23:18:916;0,293;13;2;12,8021;1,4086;51,6815;4,0369;0;
2026 02 03 09:23:18:918;0,2939;13;2;12,7563;1,423;51,4832;4,0359;23,4375;
2026 02 03 09:23:18:920;0,2939;13;2;12,7563;1,423;51,4832;4,0359;15,625;
2026 02 03 09:23:18:922;0,2939;13;2;12,7563;1,423;51,4832;4,0359;3,9063;
2026 02 03 09:23:18:924;0,2939;13;2;12,7563;1,423;51,4832;4,0359;-3,9062;
2026 02 03 09:23:18:926;0,2939;13;2;12,7563;1,423;51,4832;4,0359;-7,8125;
2026 02 03 09:23:18:928;0,2939;13;2;12,7563;1,423;51,4832;4,0359;0;
2026 02 03 09:23:18:930;0,2939;13;2;12,7563;1,423;51,4832;4,0359;0;
2026 02 03 09:23:18:932;0,2939;13;2;12,7563;1,423;51,4832;4,0359;0;
2026 02 03 09:23:18:934;0,2939;13;2;12,7563;1,423;51,4832;4,0359;0;
2026 02 03 09:23:18:936;0,2939;13;2;12,7563;1,423;51,4832;4,0359;0;
2026 02 03 09:23:18:938;0,2939;13;2;12,7563;1,423;51,4832;4,0359;27,3438;
2026 02 03 09:23:18:940;0,2939;13;2;12,7563;1,423;51,4832;4,0359;11,7188;
2026 02 03 09:23:18:942;0,2939;13;2;12,7563;1,423;51,4832;4,0359;0;
2026 02 03 09:23:18:944;0,2939;13;2;12,7563;1,423;51,4832;4,0359;-7,8125;
2026 02 03 09:23:18:946;0,2939;13;2;12,7563;1,423;51,4832;4,0359;-3,9062;
2026 02 03 09:23:18:948;0,2939;13;2;12,7563;1,423;51,4832;4,0359;0;
2026 02 03 09:23:18:950;0,2939;13;2;12,7563;1,423;51,4832;4,0359;0;
2026 02 03 09:23:18:952;0,2939;13;2;12,7563;1,423;51,4832;4,0359;0;
2026 02 03 09:23:18:954;0,2939;13;2;12,7563;1,423;51,4832;4,0359;0;
2026 02 03 09:23:18:956;0,2939;13;2;12,7563;1,423;51,4832;4,0359;3,9063;
2026 02 03 09:23:18:958;0,2939;13;2;12,7563;1,423;51,4832;4,0359;23,4375;
2026 02 03 09:23:18:960;0,2939;13;2;12,7563;1,423;51,4832;4,0359;15,625;
2026 02 03 09:23:18:962;0,2939;13;2;12,7563;1,423;51,4832;4,0359;3,9063;
2026 02 03 09:23:18:964;0,2939;13;2;12,7563;1,423;51,4832;4,0359;-11,7187;
2026 02 03 09:23:18:966;0,2939;13;2;12,7563;1,423;51,4832;4,0359;-3,9062;
2026 02 03 09:23:18:968;0,2939;13;2;12,7563;1,423;51,4832;4,0359;0;
2026 02 03 09:23:18:970;0,2939;13;2;12,7563;1,423;51,4832;4,0359;0;
2026 02 03 09:23:18:972;0,2939;13;2;12,7563;1,423;51,4832;4,0359;0;
2026 02 03 09:23:18:974;0,2939;13;2;12,7563;1,423;51,4832;4,0359;0;
2026 02 03 09:23:18:976;0,2939;13;2;12,7563;1,423;51,4832;4,0359;0;
2026 02 03 09:23:18:978;0,2939;13;2;12,7563;1,423;51,4832;4,0359;19,5313;
2026 02 03 09:23:18:980;0,2939;13;2;12,7563;1,423;51,4832;4,0359;15,625;
2026 02 03 09:23:18:982;0,2939;13;2;12,7563;1,423;51,4832;4,0359;0;
2026 02 03 09:23:18:984;0,2939;13;2;12,7563;1,423;51,4832;4,0359;-7,8125;
2026 02 03 09:23:18:986;0,2939;13;2;12,7563;1,423;51,4832;4,0359;-7,8125;
2026 02 03 09:23:18:988;0,2939;13;2;12,7563;1,423;51,4832;4,0359;-3,9062;
2026 02 03 09:23:18:990;0,2939;13;2;12,7563;1,423;51,4832;4,0359;0;
2026 02 03 09:23:18:992;0,2939;13;2;12,7563;1,423;51,4832;4,0359;0;
2026 02 03 09:23:18:994;0,2939;13;2;12,7563;1,423;51,4832;4,0359;0;
2026 02 03 09:23:18:996;0,2939;13;2;12,7563;1,423;51,4832;4,0359;0;
2026 02 03 09:23:18:998;0,2939;13;2;12,7563;1,423;51,4832;4,0359;23,4375;
2026 02 03 09:23:19:000;0,2939;13;2;12,7563;1,423;51,4832;4,0359;19,5313;
2026 02 03 09:23:19:002;0,2939;13;2;12,7563;1,423;51,4832;4,0359;0;
2026 02 03 09:23:19:004;0,2939;13;2;12,7563;1,423;51,4832;4,0359;-7,8125;
2026 02 03 09:23:19:006;0,2939;13;2;12,7563;1,423;51,4832;4,0359;-3,9062;
2026 02 03 09:23:19:008;0,2939;13;2;12,7563;1,423;51,4832;4,0359;0;
2026 02 03 09:23:19:010;0,2939;13;2;12,7563;1,423;51,4832;4,0359;0;
2026 02 03 09:23:19:012;0,2939;13;2;12,7563;1,423;51,4832;4,0359;0;
2026 02 03 09:23:19:014;0,2939;13;2;12,7563;1,423;51,4832;4,0359;0;
2026 02 03 09:23:19:016;0,2939;13;2;12,7563;1,423;51,4832;4,0359;0;
2026 02 03 09:23:19:018;0,2939;13;2;12,7563;1,423;51,4832;4,0359;19,5313;
2026 02 03 09:23:19:020;0,2939;13;2;12,7563;1,423;51,4832;4,0359;15,625;
2026 02 03 09:23:19:022;0,2939;13;2;12,7563;1,423;51,4832;4,0359;0;
2026 02 03 09:23:19:024;0,2939;13;2;12,7563;1,423;51,4832;4,0359;-11,7187;
2026 02 03 09:23:19:026;0,2939;13;2;12,7563;1,423;51,4832;4,0359;-3,9062;
2026 02 03 09:23:19:028;0,2939;13;2;12,7563;1,423;51,4832;4,0359;-3,9062;
2026 02 03 09:23:19:030;0,2939;13;2;12,7563;1,423;51,4832;4,0359;0;
2026 02 03 09:23:19:032;0,2939;13;2;12,7563;1,423;51,4832;4,0359;0;
2026 02 03 09:23:19:034;0,2939;13;2;12,7563;1,423;51,4832;4,0359;0;
2026 02 03 09:23:19:036;0,2939;13;2;12,7563;1,423;51,4832;4,0359;0;
2026 02 03 09:23:19:038;0,2939;13;2;12,7563;1,423;51,4832;4,0359;23,4375;
2026 02 03 09:23:19:040;0,2939;13;2;12,7563;1,423;51,4832;4,0359;15,625;
2026 02 03 09:23:19:042;0,2939;13;2;12,7563;1,423;51,4832;4,0359;-3,9062;
2026 02 03 09:23:19:044;0,2939;13;2;12,7563;1,423;51,4832;4,0359;-15,625;
2026 02 03 09:23:19:046;0,2939;13;2;12,7563;1,423;51,4832;4,0359;-7,8125;
2026 02 03 09:23:19:048;0,2939;13;2;12,7563;1,423;51,4832;4,0359;0;
2026 02 03 09:23:19:050;0,2939;13;2;12,7563;1,423;51,4832;4,0359;0;
2026 02 03 09:23:19:052;0,2939;13;2;12,7563;1,423;51,4832;4,0359;-3,9062;
2026 02 03 09:23:19:054;0,2939;13;2;12,7563;1,423;51,4832;4,0359;0;
2026 02 03 09:23:19:056;0,2939;13;2;12,7563;1,423;51,4832;4,0359;0;
2026 02 03 09:23:19:058;0,2939;13;2;12,7563;1,423;51,4832;4,0359;19,5313;
2026 02 03 09:23:19:060;0,2939;13;2;12,7563;1,423;51,4832;4,0359;19,5313;
2026 02 03 09:23:19:062;0,2939;13;2;12,7563;1,423;51,4832;4,0359;0;
2026 02 03 09:23:19:064;0,2939;13;2;12,7563;1,423;51,4832;4,0359;-11,7187;
2026 02 03 09:23:19:066;0,2939;13;2;12,7563;1,423;51,4832;4,0359;-7,8125;
2026 02 03 09:23:19:068;0,2939;13;2;12,7563;1,423;51,4832;4,0359;0;
2026 02 03 09:23:19:070;0,2939;13;2;12,7563;1,423;51,4832;4,0359;0;
2026 02 03 09:23:19:072;0,2939;13;2;12,7563;1,423;51,4832;4,0359;0;
2026 02 03 09:23:19:074;0,2939;13;2;12,7563;1,423;51,4832;4,0359;0;
2026 02 03 09:23:19:076;0,2939;13;2;12,7563;1,423;51,4832;4,0359;0;
2026 02 03 09:23:19:078;0,2939;13;2;12,7563;1,423;51,4832;4,0359;19,5313;
2026 02 03 09:23:19:080;0,2939;13;2;12,7563;1,423;51,4832;4,0359;15,625;
2026 02 03 09:23:19:082;0,2939;13;2;12,7563;1,423;51,4832;4,0359;0;
2026 02 03 09:23:19:084;0,2939;13;2;12,7563;1,423;51,4832;4,0359;-11,7187;
2026 02 03 09:23:19:086;0,2939;13;2;12,7563;1,423;51,4832;4,0359;-7,8125;
2026 02 03 09:23:19:088;0,2939;13;2;12,7563;1,423;51,4832;4,0359;0;
2026 02 03 09:23:19:090;0,2939;13;2;12,7563;1,423;51,4832;4,0359;0;
2026 02 03 09:23:19:092;0,2939;13;2;12,7563;1,423;51,4832;4,0359;0;
2026 02 03 09:23:19:094;0,2939;13;2;12,7563;1,423;51,4832;4,0359;0;
2026 02 03 09:23:19:096;0,2939;13;2;12,7563;1,423;51,4832;4,0359;0;
2026 02 03 09:23:19:098;0,2939;13;2;12,7563;1,423;51,4832;4,0359;27,3438;
2026 02 03 09:23:19:100;0,2939;13;2;12,7563;1,423;51,4832;4,0359;15,625;
2026 02 03 09:23:19:102;0,2939;13;2;12,7563;1,423;51,4832;4,0359;0;
2026 02 03 09:23:19:104;0,2939;13;2;12,7563;1,423;51,4832;4,0359;-11,7187;
2026 02 03 09:23:19:106;0,2939;13;2;12,7563;1,423;51,4832;4,0359;-7,8125;
2026 02 03 09:23:19:108;0,2939;13;2;12,7563;1,423;51,4832;4,0359;0;
2026 02 03 09:23:19:110;0,2939;13;2;12,7563;1,423;51,4832;4,0359;-3,9062;
2026 02 03 09:23:19:112;0,2939;13;2;12,7563;1,423;51,4832;4,0359;0;
2026 02 03 09:23:19:114;0,2939;13;2;12,7563;1,423;51,4832;4,0359;0;
2026 02 03 09:23:19:116;0,2939;13;2;12,7563;1,423;51,4832;4,0359;0;
2026 02 03 09:23:19:118;0,2939;13;2;12,7563;1,423;51,4832;4,0359;23,4375;
2026 02 03 09:23:19:120;0,2939;13;2;12,7563;1,423;51,4832;4,0359;15,625;
2026 02 03 09:23:19:122;0,2939;13;2;12,7563;1,423;51,4832;4,0359;3,9063;
2026 02 03 09:23:19:124;0,2939;13;2;12,7563;1,423;51,4832;4,0359;-11,7187;
2026 02 03 09:23:19:126;0,2939;13;2;12,7563;1,423;51,4832;4,0359;-7,8125;
2026 02 03 09:23:19:128;0,2939;13;2;12,7563;1,423;51,4832;4,0359;0;
2026 02 03 09:23:19:130;0,2939;13;2;12,7563;1,423;51,4832;4,0359;0;
2026 02 03 09:23:19:132;0,2939;13;2;12,7563;1,423;51,4832;4,0359;0;
2026 02 03 09:23:19:134;0,2939;13;2;12,7563;1,423;51,4832;4,0359;0;
2026 02 03 09:23:19:136;0,2939;13;2;12,7563;1,423;51,4832;4,0359;0;
2026 02 03 09:23:19:138;0,2939;13;2;12,7563;1,423;51,4832;4,0359;23,4375;
2026 02 03 09:23:19:140;0,2939;13;2;12,7563;1,423;51,4832;4,0359;11,7188;
2026 02 03 09:23:19:142;0,2939;13;2;12,7563;1,423;51,4832;4,0359;0;
2026 02 03 09:23:19:144;0,2939;13;2;12,7563;1,423;51,4832;4,0359;-11,7187;
2026 02 03 09:23:19:146;0,2939;13;2;12,7563;1,423;51,4832;4,0359;-7,8125;
2026 02 03 09:23:19:148;0,2939;13;2;12,7563;1,423;51,4832;4,0359;0;
2026 02 03 09:23:19:150;0,2939;13;2;12,7563;1,423;51,4832;4,0359;0;
2026 02 03 09:23:19:152;0,2939;13;2;12,7563;1,423;51,4832;4,0359;0;
2026 02 03 09:23:19:154;0,2939;13;2;12,7563;1,423;51,4832;4,0359;0;
2026 02 03 09:23:19:156;0,2939;13;2;12,7563;1,423;51,4832;4,0359;0;
2026 02 03 09:23:19:158;0,2939;13;2;12,7563;1,423;51,4832;4,0359;23,4375;
2026 02 03 09:23:19:160;0,2939;13;2;12,7563;1,423;51,4832;4,0359;19,5313;
2026 02 03 09:23:19:162;0,2939;13;2;12,7563;1,423;51,4832;4,0359;0;
2026 02 03 09:23:19:164;0,2939;13;2;12,7563;1,423;51,4832;4,0359;-15,625;
2026 02 03 09:23:19:166;0,2939;13;2;12,7563;1,423;51,4832;4,0359;-7,8125;
2026 02 03 09:23:19:168;0,2939;13;2;12,7563;1,423;51,4832;4,0359;0;
2026 02 03 09:23:19:170;0,2939;13;2;12,7563;1,423;51,4832;4,0359;0;
2026 02 03 09:23:19:172;0,2939;13;2;12,7563;1,423;51,4832;4,0359;0;
2026 02 03 09:23:19:174;0,2939;13;2;12,7563;1,423;51,4832;4,0359;0;
2026 02 03 09:23:19:176;0,2939;13;2;12,7563;1,423;51,4832;4,0359;0;
2026 02 03 09:23:19:178;0,2939;13;2;12,7563;1,423;51,4832;4,0359;19,5313;
2026 02 03 09:23:19:180;0,2939;13;2;12,7563;1,423;51,4832;4,0359;15,625;
2026 02 03 09:23:19:182;0,2939;13;2;12,7563;1,423;51,4832;4,0359;0;
2026 02 03 09:23:19:184;0,2939;13;2;12,7563;1,423;51,4832;4,0359;-7,8125;
2026 02 03 09:23:19:186;0,2939;13;2;12,7563;1,423;51,4832;4,0359;-3,9062;
2026 02 03 09:23:19:188;0,2939;13;2;12,7563;1,423;51,4832;4,0359;0;
2026 02 03 09:23:19:190;0,2939;13;2;12,7563;1,423;51,4832;4,0359;0;
2026 02 03 09:23:19:192;0,2939;13;2;12,7563;1,423;51,4832;4,0359;0;
2026 02 03 09:23:19:194;0,2939;13;2;12,7563;1,423;51,4832;4,0359;0;
2026 02 03 09:23:19:196;0,2939;13;2;12,7563;1,423;51,4832;4,0359;0;
2026 02 03 09:23:19:198;0,2939;13;2;12,7563;1,423;51,4832;4,0359;23,4375;
2026 02 03 09:23:19:200;0,2939;13;2;12,7563;1,423;51,4832;4,0359;19,5313;
2026 02 03 09:23:19:202;0,2939;13;2;12,7563;1,423;51,4832;4,0359;0;
2026 02 03 09:23:19:204;0,2939;13;2;12,7563;1,423;51,4832;4,0359;-15,625;
2026 02 03 09:23:19:206;0,2939;13;2;12,7563;1,423;51,4832;4,0359;-3,9062;
2026 02 03 09:23:19:208;0,2939;13;2;12,7563;1,423;51,4832;4,0359;0;
2026 02 03 09:23:19:210;0,2939;13;2;12,7563;1,423;51,4832;4,0359;0;
2026 02 03 09:23:19:212;0,2939;13;2;12,7563;1,423;51,4832;4,0359;0;
2026 02 03 09:23:19:214;0,2939;13;2;12,7563;1,423;51,4832;4,0359;3,9063;
2026 02 03 09:23:19:216;0,2939;13;2;12,7563;1,423;51,4832;4,0359;0;
2026 02 03 09:23:19:218;0,293;13;2;12,7563;1,379;52,7191;4,1328;19,5313;
2026 02 03 09:23:19:220;0,293;13;2;12,7563;1,379;52,7191;4,1328;19,5313;
2026 02 03 09:23:19:222;0,293;13;2;12,7563;1,379;52,7191;4,1328;3,9063;
2026 02 03 09:23:19:224;0,293;13;2;12,7563;1,379;52,7191;4,1328;-15,625;
2026 02 03 09:23:19:226;0,293;13;2;12,7563;1,379;52,7191;4,1328;-3,9062;
2026 02 03 09:23:19:228;0,293;13;2;12,7563;1,379;52,7191;4,1328;0;
2026 02 03 09:23:19:230;0,293;13;2;12,7563;1,379;52,7191;4,1328;0;
2026 02 03 09:23:19:232;0,293;13;2;12,7563;1,379;52,7191;4,1328;0;
2026 02 03 09:23:19:234;0,293;13;2;12,7563;1,379;52,7191;4,1328;0;
2026 02 03 09:23:19:236;0,293;13;2;12,7563;1,379;52,7191;4,1328;0;
2026 02 03 09:23:19:238;0,293;13;2;12,7563;1,379;52,7191;4,1328;23,4375;
2026 02 03 09:23:19:240;0,293;13;2;12,7563;1,379;52,7191;4,1328;15,625;
2026 02 03 09:23:19:242;0,293;13;2;12,7563;1,379;52,7191;4,1328;0;
2026 02 03 09:23:19:244;0,293;13;2;12,7563;1,379;52,7191;4,1328;-15,625;
2026 02 03 09:23:19:246;0,293;13;2;12,7563;1,379;52,7191;4,1328;-3,9062;
2026 02 03 09:23:19:248;0,293;13;2;12,7563;1,379;52,7191;4,1328;0;
2026 02 03 09:23:19:250;0,293;13;2;12,7563;1,379;52,7191;4,1328;0;
2026 02 03 09:23:19:252;0,293;13;2;12,7563;1,379;52,7191;4,1328;0;
2026 02 03 09:23:19:254;0,293;13;2;12,7563;1,379;52,7191;4,1328;3,9063;
2026 02 03 09:23:19:256;0,293;13;2;12,7563;1,379;52,7191;4,1328;0;
2026 02 03 09:23:19:258;0,293;13;2;12,7563;1,379;52,7191;4,1328;23,4375;
2026 02 03 09:23:19:260;0,293;13;2;12,7563;1,379;52,7191;4,1328;23,4375;
2026 02 03 09:23:19:262;0,293;13;2;12,7563;1,379;52,7191;4,1328;0;
2026 02 03 09:23:19:264;0,293;13;2;12,7563;1,379;52,7191;4,1328;-11,7187;
2026 02 03 09:23:19:266;0,293;13;2;12,7563;1,379;52,7191;4,1328;-3,9062;
2026 02 03 09:23:19:268;0,293;13;2;12,7563;1,379;52,7191;4,1328;0;
2026 02 03 09:23:19:270;0,293;13;2;12,7563;1,379;52,7191;4,1328;0;
2026 02 03 09:23:19:272;0,293;13;2;12,7563;1,379;52,7191;4,1328;0;
2026 02 03 09:23:19:274;0,293;13;2;12,7563;1,379;52,7191;4,1328;0;
2026 02 03 09:23:19:276;0,293;13;2;12,7563;1,379;52,7191;4,1328;0;
2026 02 03 09:23:19:278;0,293;13;2;12,7563;1,379;52,7191;4,1328;19,5313;
2026 02 03 09:23:19:280;0,293;13;2;12,7563;1,379;52,7191;4,1328;15,625;
2026 02 03 09:23:19:282;0,293;13;2;12,7563;1,379;52,7191;4,1328;0;
2026 02 03 09:23:19:284;0,293;13;2;12,7563;1,379;52,7191;4,1328;-15,625;
2026 02 03 09:23:19:286;0,293;13;2;12,7563;1,379;52,7191;4,1328;-3,9062;
2026 02 03 09:23:19:288;0,293;13;2;12,7563;1,379;52,7191;4,1328;0;
2026 02 03 09:23:19:290;0,293;13;2;12,7563;1,379;52,7191;4,1328;0;
2026 02 03 09:23:19:292;0,293;13;2;12,7563;1,379;52,7191;4,1328;0;
2026 02 03 09:23:19:294;0,293;13;2;12,7563;1,379;52,7191;4,1328;0;
2026 02 03 09:23:19:296;0,293;13;2;12,7563;1,379;52,7191;4,1328;0;
2026 02 03 09:23:19:298;0,293;13;2;12,7563;1,379;52,7191;4,1328;23,4375;
2026 02 03 09:23:19:300;0,293;13;2;12,7563;1,379;52,7191;4,1328;19,5313;
2026 02 03 09:23:19:302;0,293;13;2;12,7563;1,379;52,7191;4,1328;0;
2026 02 03 09:23:19:304;0,293;13;2;12,7563;1,379;52,7191;4,1328;-19,5312;
2026 02 03 09:23:19:306;0,293;13;2;12,7563;1,379;52,7191;4,1328;-3,9062;
2026 02 03 09:23:19:308;0,293;13;2;12,7563;1,379;52,7191;4,1328;0;
2026 02 03 09:23:19:310;0,293;13;2;12,7563;1,379;52,7191;4,1328;0;
2026 02 03 09:23:19:312;0,293;13;2;12,7563;1,379;52,7191;4,1328;0;
2026 02 03 09:23:19:314;0,293;13;2;12,7563;1,379;52,7191;4,1328;0;
2026 02 03 09:23:19:316;0,293;13;2;12,7563;1,379;52,7191;4,1328;0;
2026 02 03 09:23:19:318;0,293;13;2;12,7563;1,379;52,7191;4,1328;23,4375;
2026 02 03 09:23:19:320;0,293;13;2;12,7563;1,379;52,7191;4,1328;23,4375;
2026 02 03 09:23:19:322;0,293;13;2;12,7563;1,379;52,7191;4,1328;0;
2026 02 03 09:23:19:324;0,293;13;2;12,7563;1,379;52,7191;4,1328;-11,7187;
2026 02 03 09:23:19:326;0,293;13;2;12,7563;1,379;52,7191;4,1328;-7,8125;
2026 02 03 09:23:19:328;0,293;13;2;12,7563;1,379;52,7191;4,1328;3,9063;
2026 02 03 09:23:19:330;0,293;13;2;12,7563;1,379;52,7191;4,1328;0;
2026 02 03 09:23:19:332;0,293;13;2;12,7563;1,379;52,7191;4,1328;0;
2026 02 03 09:23:19:334;0,293;13;2;12,7563;1,379;52,7191;4,1328;0;
2026 02 03 09:23:19:336;0,293;13;2;12,7563;1,379;52,7191;4,1328;0;
2026 02 03 09:23:19:338;0,293;13;2;12,7563;1,379;52,7191;4,1328;19,5313;
2026 02 03 09:23:19:340;0,293;13;2;12,7563;1,379;52,7191;4,1328;15,625;
2026 02 03 09:23:19:342;0,293;13;2;12,7563;1,379;52,7191;4,1328;0;
2026 02 03 09:23:19:344;0,293;13;2;12,7563;1,379;52,7191;4,1328;-11,7187;
2026 02 03 09:23:19:346;0,293;13;2;12,7563;1,379;52,7191;4,1328;-3,9062;
2026 02 03 09:23:19:348;0,293;13;2;12,7563;1,379;52,7191;4,1328;0;
2026 02 03 09:23:19:350;0,293;13;2;12,7563;1,379;52,7191;4,1328;0;
2026 02 03 09:23:19:352;0,293;13;2;12,7563;1,379;52,7191;4,1328;0;
2026 02 03 09:23:19:354;0,293;13;2;12,7563;1,379;52,7191;4,1328;0;
2026 02 03 09:23:19:356;0,293;13;2;12,7563;1,379;52,7191;4,1328;0;
2026 02 03 09:23:19:358;0,293;13;2;12,7563;1,379;52,7191;4,1328;23,4375;
2026 02 03 09:23:19:360;0,293;13;2;12,7563;1,379;52,7191;4,1328;19,5313;
2026 02 03 09:23:19:362;0,293;13;2;12,7563;1,379;52,7191;4,1328;0;
2026 02 03 09:23:19:364;0,293;13;2;12,7563;1,379;52,7191;4,1328;-15,625;
2026 02 03 09:23:19:366;0,293;13;2;12,7563;1,379;52,7191;4,1328;-7,8125;
2026 02 03 09:23:19:368;0,293;13;2;12,7563;1,379;52,7191;4,1328;0;
2026 02 03 09:23:19:370;0,293;13;2;12,7563;1,379;52,7191;4,1328;0;
2026 02 03 09:23:19:372;0,293;13;2;12,7563;1,379;52,7191;4,1328;0;
2026 02 03 09:23:19:374;0,293;13;2;12,7563;1,379;52,7191;4,1328;0;
2026 02 03 09:23:19:376;0,293;13;2;12,7563;1,379;52,7191;4,1328;0;
2026 02 03 09:23:19:378;0,293;13;2;12,7563;1,379;52,7191;4,1328;15,625;
2026 02 03 09:23:19:380;0,293;13;2;12,7563;1,379;52,7191;4,1328;19,5313;
2026 02 03 09:23:19:382;0,293;13;2;12,7563;1,379;52,7191;4,1328;0;
2026 02 03 09:23:19:384;0,293;13;2;12,7563;1,379;52,7191;4,1328;-7,8125;
2026 02 03 09:23:19:386;0,293;13;2;12,7563;1,379;52,7191;4,1328;-7,8125;
2026 02 03 09:23:19:388;0,293;13;2;12,7563;1,379;52,7191;4,1328;0;
2026 02 03 09:23:19:390;0,293;13;2;12,7563;1,379;52,7191;4,1328;0;
2026 02 03 09:23:19:392;0,293;13;2;12,7563;1,379;52,7191;4,1328;0;
2026 02 03 09:23:19:394;0,293;13;2;12,7563;1,379;52,7191;4,1328;0;
2026 02 03 09:23:19:396;0,293;13;2;12,7563;1,379;52,7191;4,1328;0;
2026 02 03 09:23:19:398;0,293;13;2;12,7563;1,379;52,7191;4,1328;23,4375;
2026 02 03 09:23:19:400;0,293;13;2;12,7563;1,379;52,7191;4,1328;11,7188;
2026 02 03 09:23:19:402;0,293;13;2;12,7563;1,379;52,7191;4,1328;3,9063;
2026 02 03 09:23:19:404;0,293;13;2;12,7563;1,379;52,7191;4,1328;-11,7187;
2026 02 03 09:23:19:406;0,293;13;2;12,7563;1,379;52,7191;4,1328;-7,8125;
2026 02 03 09:23:19:408;0,293;13;2;12,7563;1,379;52,7191;4,1328;0;
2026 02 03 09:23:19:410;0,293;13;2;12,7563;1,379;52,7191;4,1328;0;
2026 02 03 09:23:19:412;0,293;13;2;12,7563;1,379;52,7191;4,1328;0;
2026 02 03 09:23:19:414;0,293;13;2;12,7563;1,379;52,7191;4,1328;0;
2026 02 03 09:23:19:416;0,293;13;2;12,7563;1,379;52,7191;4,1328;0;
2026 02 03 09:23:19:418;0,293;13;2;12,7563;1,379;52,7191;4,1328;19,5313;
2026 02 03 09:23:19:420;0,293;13;2;12,7563;1,379;52,7191;4,1328;19,5313;
2026 02 03 09:23:19:422;0,293;13;2;12,7563;1,379;52,7191;4,1328;0;
2026 02 03 09:23:19:424;0,293;13;2;12,7563;1,379;52,7191;4,1328;-15,625;
2026 02 03 09:23:19:426;0,293;13;2;12,7563;1,379;52,7191;4,1328;-7,8125;
2026 02 03 09:23:19:428;0,293;13;2;12,7563;1,379;52,7191;4,1328;0;
2026 02 03 09:23:19:430;0,293;13;2;12,7563;1,379;52,7191;4,1328;0;
2026 02 03 09:23:19:432;0,293;13;2;12,7563;1,379;52,7191;4,1328;0;
2026 02 03 09:23:19:434;0,293;13;2;12,7563;1,379;52,7191;4,1328;0;
2026 02 03 09:23:19:436;0,293;13;2;12,7563;1,379;52,7191;4,1328;0;
2026 02 03 09:23:19:438;0,293;13;2;12,7563;1,379;52,7191;4,1328;19,5313;
2026 02 03 09:23:19:440;0,293;13;2;12,7563;1,379;52,7191;4,1328;19,5313;
2026 02 03 09:23:19:442;0,293;13;2;12,7563;1,379;52,7191;4,1328;0;
2026 02 03 09:23:19:444;0,293;13;2;12,7563;1,379;52,7191;4,1328;-15,625;
2026 02 03 09:23:19:446;0,293;13;2;12,7563;1,379;52,7191;4,1328;-3,9062;
2026 02 03 09:23:19:448;0,293;13;2;12,7563;1,379;52,7191;4,1328;0;
2026 02 03 09:23:19:450;0,293;13;2;12,7563;1,379;52,7191;4,1328;0;
2026 02 03 09:23:19:452;0,293;13;2;12,7563;1,379;52,7191;4,1328;0;
2026 02 03 09:23:19:454;0,293;13;2;12,7563;1,379;52,7191;4,1328;3,9063;
2026 02 03 09:23:19:456;0,293;13;2;12,7563;1,379;52,7191;4,1328;0;
2026 02 03 09:23:19:458;0,293;13;2;12,7563;1,379;52,7191;4,1328;23,4375;
2026 02 03 09:23:19:460;0,293;13;2;12,7563;1,379;52,7191;4,1328;19,5313;
2026 02 03 09:23:19:462;0,293;13;2;12,7563;1,379;52,7191;4,1328;0;
2026 02 03 09:23:19:464;0,293;13;2;12,7563;1,379;52,7191;4,1328;-11,7187;
2026 02 03 09:23:19:466;0,293;13;2;12,7563;1,379;52,7191;4,1328;-3,9062;
2026 02 03 09:23:19:468;0,293;13;2;12,7563;1,379;52,7191;4,1328;0;
2026 02 03 09:23:19:470;0,293;13;2;12,7563;1,379;52,7191;4,1328;0;
2026 02 03 09:23:19:472;0,293;13;2;12,7563;1,379;52,7191;4,1328;0;
2026 02 03 09:23:19:474;0,293;13;2;12,7563;1,379;52,7191;4,1328;0;
2026 02 03 09:23:19:476;0,293;13;2;12,7563;1,379;52,7191;4,1328;0;
2026 02 03 09:23:19:478;0,293;13;2;12,7563;1,379;52,7191;4,1328;19,5313;
2026 02 03 09:23:19:480;0,293;13;2;12,7563;1,379;52,7191;4,1328;19,5313;
2026 02 03 09:23:19:482;0,293;13;2;12,7563;1,379;52,7191;4,1328;0;
2026 02 03 09:23:19:484;0,293;13;2;12,7563;1,379;52,7191;4,1328;-11,7187;
2026 02 03 09:23:19:486;0,293;13;2;12,7563;1,379;52,7191;4,1328;-3,9062;
2026 02 03 09:23:19:488;0,293;13;2;12,7563;1,379;52,7191;4,1328;0;
2026 02 03 09:23:19:490;0,293;13;2;12,7563;1,379;52,7191;4,1328;0;
2026 02 03 09:23:19:492;0,293;13;2;12,7563;1,379;52,7191;4,1328;3,9063;
2026 02 03 09:23:19:494;0,293;13;2;12,7563;1,379;52,7191;4,1328;0;
2026 02 03 09:23:19:496;0,293;13;2;12,7563;1,379;52,7191;4,1328;0;
2026 02 03 09:23:19:498;0,293;13;2;12,7563;1,379;52,7191;4,1328;19,5313;
2026 02 03 09:23:19:500;0,293;13;2;12,7563;1,379;52,7191;4,1328;19,5313;
2026 02 03 09:23:19:502;0,293;13;2;12,7563;1,379;52,7191;4,1328;-3,9062;
2026 02 03 09:23:19:504;0,293;13;2;12,7563;1,379;52,7191;4,1328;-15,625;
2026 02 03 09:23:19:506;0,293;13;2;12,7563;1,379;52,7191;4,1328;-3,9062;
2026 02 03 09:23:19:508;0,293;13;2;12,7563;1,379;52,7191;4,1328;0;
2026 02 03 09:23:19:510;0,293;13;2;12,7563;1,379;52,7191;4,1328;3,9063;
2026 02 03 09:23:19:512;0,293;13;2;12,7563;1,379;52,7191;4,1328;-3,9062;
2026 02 03 09:23:19:514;0,293;13;2;12,7563;1,379;52,7191;4,1328;0;
2026 02 03 09:23:19:516;0,293;13;2;12,7563;1,379;52,7191;4,1328;0;
2026 02 03 09:23:19:518;0,293;13;2;12,7563;1,379;52,7191;4,1328;23,4375;
2026 02 03 09:23:19:520;0,295;13;2;12,7258;1,3557;52,8259;4,1511;23,4375;
2026 02 03 09:23:19:522;0,295;13;2;12,7258;1,3557;52,8259;4,1511;0;
2026 02 03 09:23:19:524;0,295;13;2;12,7258;1,3557;52,8259;4,1511;-15,625;
2026 02 03 09:23:19:526;0,295;13;2;12,7258;1,3557;52,8259;4,1511;-3,9062;
2026 02 03 09:23:19:528;0,295;13;2;12,7258;1,3557;52,8259;4,1511;0;
2026 02 03 09:23:19:530;0,295;13;2;12,7258;1,3557;52,8259;4,1511;0;
2026 02 03 09:23:19:532;0,295;13;2;12,7258;1,3557;52,8259;4,1511;0;
2026 02 03 09:23:19:534;0,295;13;2;12,7258;1,3557;52,8259;4,1511;0;
2026 02 03 09:23:19:536;0,295;13;2;12,7258;1,3557;52,8259;4,1511;0;
2026 02 03 09:23:19:538;0,295;13;2;12,7258;1,3557;52,8259;4,1511;19,5313;
2026 02 03 09:23:19:540;0,295;13;2;12,7258;1,3557;52,8259;4,1511;15,625;
2026 02 03 09:23:19:542;0,295;13;2;12,7258;1,3557;52,8259;4,1511;3,9063;
2026 02 03 09:23:19:544;0,295;13;2;12,7258;1,3557;52,8259;4,1511;-7,8125;
2026 02 03 09:23:19:546;0,295;13;2;12,7258;1,3557;52,8259;4,1511;-3,9062;
2026 02 03 09:23:19:548;0,295;13;2;12,7258;1,3557;52,8259;4,1511;0;
2026 02 03 09:23:19:550;0,295;13;2;12,7258;1,3557;52,8259;4,1511;0;
2026 02 03 09:23:19:552;0,295;13;2;12,7258;1,3557;52,8259;4,1511;3,9063;
2026 02 03 09:23:19:554;0,295;13;2;12,7258;1,3557;52,8259;4,1511;3,9063;
2026 02 03 09:23:19:556;0,295;13;2;12,7258;1,3557;52,8259;4,1511;0;
2026 02 03 09:23:19:558;0,295;13;2;12,7258;1,3557;52,8259;4,1511;19,5313;
2026 02 03 09:23:19:560;0,295;13;2;12,7258;1,3557;52,8259;4,1511;23,4375;
2026 02 03 09:23:19:562;0,295;13;2;12,7258;1,3557;52,8259;4,1511;0;
2026 02 03 09:23:19:564;0,295;13;2;12,7258;1,3557;52,8259;4,1511;-15,625;
2026 02 03 09:23:19:566;0,295;13;2;12,7258;1,3557;52,8259;4,1511;-3,9062;
2026 02 03 09:23:19:568;0,295;13;2;12,7258;1,3557;52,8259;4,1511;0;
2026 02 03 09:23:19:570;0,295;13;2;12,7258;1,3557;52,8259;4,1511;0;
2026 02 03 09:23:19:572;0,295;13;2;12,7258;1,3557;52,8259;4,1511;0;
2026 02 03 09:23:19:574;0,295;13;2;12,7258;1,3557;52,8259;4,1511;0;
2026 02 03 09:23:19:576;0,295;13;2;12,7258;1,3557;52,8259;4,1511;0;
2026 02 03 09:23:19:578;0,295;13;2;12,7258;1,3557;52,8259;4,1511;23,4375;
2026 02 03 09:23:19:580;0,295;13;2;12,7258;1,3557;52,8259;4,1511;23,4375;
2026 02 03 09:23:19:582;0,295;13;2;12,7258;1,3557;52,8259;4,1511;3,9063;
2026 02 03 09:23:19:584;0,295;13;2;12,7258;1,3557;52,8259;4,1511;-11,7187;
2026 02 03 09:23:19:586;0,295;13;2;12,7258;1,3557;52,8259;4,1511;-7,8125;
2026 02 03 09:23:19:588;0,295;13;2;12,7258;1,3557;52,8259;4,1511;0;
2026 02 03 09:23:19:590;0,295;13;2;12,7258;1,3557;52,8259;4,1511;0;
2026 02 03 09:23:19:592;0,295;13;2;12,7258;1,3557;52,8259;4,1511;0;
2026 02 03 09:23:19:594;0,295;13;2;12,7258;1,3557;52,8259;4,1511;0;
2026 02 03 09:23:19:596;0,295;13;2;12,7258;1,3557;52,8259;4,1511;0;
2026 02 03 09:23:19:598;0,295;13;2;12,7258;1,3557;52,8259;4,1511;23,4375;
2026 02 03 09:23:19:600;0,295;13;2;12,7258;1,3557;52,8259;4,1511;15,625;
2026 02 03 09:23:19:602;0,295;13;2;12,7258;1,3557;52,8259;4,1511;0;
2026 02 03 09:23:19:604;0,295;13;2;12,7258;1,3557;52,8259;4,1511;-11,7187;
2026 02 03 09:23:19:606;0,295;13;2;12,7258;1,3557;52,8259;4,1511;-7,8125;
2026 02 03 09:23:19:608;0,295;13;2;12,7258;1,3557;52,8259;4,1511;0;
2026 02 03 09:23:19:610;0,295;13;2;12,7258;1,3557;52,8259;4,1511;0;
2026 02 03 09:23:19:612;0,295;13;2;12,7258;1,3557;52,8259;4,1511;0;
2026 02 03 09:23:19:614;0,295;13;2;12,7258;1,3557;52,8259;4,1511;0;
2026 02 03 09:23:19:616;0,295;13;2;12,7258;1,3557;52,8259;4,1511;0;
2026 02 03 09:23:19:618;0,295;13;2;12,7258;1,3557;52,8259;4,1511;19,5313;
2026 02 03 09:23:19:620;0,295;13;2;12,7258;1,3557;52,8259;4,1511;23,4375;
2026 02 03 09:23:19:622;0,295;13;2;12,7258;1,3557;52,8259;4,1511;0;
2026 02 03 09:23:19:624;0,295;13;2;12,7258;1,3557;52,8259;4,1511;-15,625;
2026 02 03 09:23:19:626;0,295;13;2;12,7258;1,3557;52,8259;4,1511;-7,8125;
2026 02 03 09:23:19:628;0,295;13;2;12,7258;1,3557;52,8259;4,1511;0;
2026 02 03 09:23:19:630;0,295;13;2;12,7258;1,3557;52,8259;4,1511;0;
2026 02 03 09:23:19:632;0,295;13;2;12,7258;1,3557;52,8259;4,1511;0;
2026 02 03 09:23:19:634;0,295;13;2;12,7258;1,3557;52,8259;4,1511;0;
2026 02 03 09:23:19:636;0,295;13;2;12,7258;1,3557;52,8259;4,1511;0;
2026 02 03 09:23:19:638;0,295;13;2;12,7258;1,3557;52,8259;4,1511;15,625;
2026 02 03 09:23:19:640;0,295;13;2;12,7258;1,3557;52,8259;4,1511;19,5313;
2026 02 03 09:23:19:642;0,295;13;2;12,7258;1,3557;52,8259;4,1511;0;
2026 02 03 09:23:19:644;0,295;13;2;12,7258;1,3557;52,8259;4,1511;-7,8125;
2026 02 03 09:23:19:646;0,295;13;2;12,7258;1,3557;52,8259;4,1511;-3,9062;
2026 02 03 09:23:19:648;0,295;13;2;12,7258;1,3557;52,8259;4,1511;0;
2026 02 03 09:23:19:650;0,295;13;2;12,7258;1,3557;52,8259;4,1511;0;
2026 02 03 09:23:19:652;0,295;13;2;12,7258;1,3557;52,8259;4,1511;0;
2026 02 03 09:23:19:654;0,295;13;2;12,7258;1,3557;52,8259;4,1511;0;
2026 02 03 09:23:19:656;0,295;13;2;12,7258;1,3557;52,8259;4,1511;3,9063;
2026 02 03 09:23:19:658;0,295;13;2;12,7258;1,3557;52,8259;4,1511;23,4375;
2026 02 03 09:23:19:660;0,295;13;2;12,7258;1,3557;52,8259;4,1511;19,5313;
2026 02 03 09:23:19:662;0,295;13;2;12,7258;1,3557;52,8259;4,1511;0;
2026 02 03 09:23:19:664;0,295;13;2;12,7258;1,3557;52,8259;4,1511;-11,7187;
2026 02 03 09:23:19:666;0,295;13;2;12,7258;1,3557;52,8259;4,1511;-7,8125;
2026 02 03 09:23:19:668;0,295;13;2;12,7258;1,3557;52,8259;4,1511;0;
2026 02 03 09:23:19:670;0,295;13;2;12,7258;1,3557;52,8259;4,1511;0;
2026 02 03 09:23:19:672;0,295;13;2;12,7258;1,3557;52,8259;4,1511;0;
2026 02 03 09:23:19:674;0,295;13;2;12,7258;1,3557;52,8259;4,1511;0;
2026 02 03 09:23:19:676;0,295;13;2;12,7258;1,3557;52,8259;4,1511;-3,9062;
2026 02 03 09:23:19:678;0,295;13;2;12,7258;1,3557;52,8259;4,1511;15,625;
2026 02 03 09:23:19:680;0,295;13;2;12,7258;1,3557;52,8259;4,1511;23,4375;
2026 02 03 09:23:19:682;0,295;13;2;12,7258;1,3557;52,8259;4,1511;-3,9062;
2026 02 03 09:23:19:684;0,295;13;2;12,7258;1,3557;52,8259;4,1511;-15,625;
2026 02 03 09:23:19:686;0,295;13;2;12,7258;1,3557;52,8259;4,1511;-3,9062;
2026 02 03 09:23:19:688;0,295;13;2;12,7258;1,3557;52,8259;4,1511;0;
2026 02 03 09:23:19:690;0,295;13;2;12,7258;1,3557;52,8259;4,1511;0;
2026 02 03 09:23:19:692;0,295;13;2;12,7258;1,3557;52,8259;4,1511;0;
2026 02 03 09:23:19:694;0,295;13;2;12,7258;1,3557;52,8259;4,1511;0;
2026 02 03 09:23:19:696;0,295;13;2;12,7258;1,3557;52,8259;4,1511;0;
2026 02 03 09:23:19:698;0,295;13;2;12,7258;1,3557;52,8259;4,1511;19,5313;
2026 02 03 09:23:19:700;0,295;13;2;12,7258;1,3557;52,8259;4,1511;19,5313;
2026 02 03 09:23:19:702;0,295;13;2;12,7258;1,3557;52,8259;4,1511;0;
2026 02 03 09:23:19:704;0,295;13;2;12,7258;1,3557;52,8259;4,1511;-15,625;
2026 02 03 09:23:19:706;0,295;13;2;12,7258;1,3557;52,8259;4,1511;-3,9062;
2026 02 03 09:23:19:708;0,295;13;2;12,7258;1,3557;52,8259;4,1511;0;
2026 02 03 09:23:19:710;0,295;13;2;12,7258;1,3557;52,8259;4,1511;0;
2026 02 03 09:23:19:712;0,295;13;2;12,7258;1,3557;52,8259;4,1511;-3,9062;
2026 02 03 09:23:19:714;0,295;13;2;12,7258;1,3557;52,8259;4,1511;0;
2026 02 03 09:23:19:716;0,295;13;2;12,7258;1,3557;52,8259;4,1511;0;
2026 02 03 09:23:19:718;0,295;13;2;12,7258;1,3557;52,8259;4,1511;19,5313;
2026 02 03 09:23:19:720;0,295;13;2;12,7258;1,3557;52,8259;4,1511;19,5313;
2026 02 03 09:23:19:722;0,295;13;2;12,7258;1,3557;52,8259;4,1511;0;
2026 02 03 09:23:19:724;0,295;13;2;12,7258;1,3557;52,8259;4,1511;-15,625;
2026 02 03 09:23:19:726;0,295;13;2;12,7258;1,3557;52,8259;4,1511;-3,9062;
2026 02 03 09:23:19:728;0,295;13;2;12,7258;1,3557;52,8259;4,1511;0;
2026 02 03 09:23:19:730;0,295;13;2;12,7258;1,3557;52,8259;4,1511;0;
2026 02 03 09:23:19:732;0,295;13;2;12,7258;1,3557;52,8259;4,1511;0;
2026 02 03 09:23:19:734;0,295;13;2;12,7258;1,3557;52,8259;4,1511;0;
2026 02 03 09:23:19:736;0,295;13;2;12,7258;1,3557;52,8259;4,1511;0;
2026 02 03 09:23:19:738;0,295;13;2;12,7258;1,3557;52,8259;4,1511;23,4375;
2026 02 03 09:23:19:740;0,295;13;2;12,7258;1,3557;52,8259;4,1511;19,5313;
2026 02 03 09:23:19:742;0,295;13;2;12,7258;1,3557;52,8259;4,1511;3,9063;
2026 02 03 09:23:19:744;0,295;13;2;12,7258;1,3557;52,8259;4,1511;-11,7187;
2026 02 03 09:23:19:746;0,295;13;2;12,7258;1,3557;52,8259;4,1511;-3,9062;
2026 02 03 09:23:19:748;0,295;13;2;12,7258;1,3557;52,8259;4,1511;0;
2026 02 03 09:23:19:750;0,295;13;2;12,7258;1,3557;52,8259;4,1511;0;
2026 02 03 09:23:19:752;0,295;13;2;12,7258;1,3557;52,8259;4,1511;0;
2026 02 03 09:23:19:754;0,295;13;2;12,7258;1,3557;52,8259;4,1511;0;
2026 02 03 09:23:19:756;0,295;13;2;12,7258;1,3557;52,8259;4,1511;0;
2026 02 03 09:23:19:758;0,295;13;2;12,7258;1,3557;52,8259;4,1511;19,5313;
2026 02 03 09:23:19:760;0,295;13;2;12,7258;1,3557;52,8259;4,1511;23,4375;
2026 02 03 09:23:19:762;0,295;13;2;12,7258;1,3557;52,8259;4,1511;0;
2026 02 03 09:23:19:764;0,295;13;2;12,7258;1,3557;52,8259;4,1511;-15,625;
2026 02 03 09:23:19:766;0,295;13;2;12,7258;1,3557;52,8259;4,1511;-3,9062;
2026 02 03 09:23:19:768;0,295;13;2;12,7258;1,3557;52,8259;4,1511;0;
2026 02 03 09:23:19:770;0,295;13;2;12,7258;1,3557;52,8259;4,1511;0;
2026 02 03 09:23:19:772;0,295;13;2;12,7258;1,3557;52,8259;4,1511;0;
2026 02 03 09:23:19:774;0,295;13;2;12,7258;1,3557;52,8259;4,1511;0;
2026 02 03 09:23:19:776;0,295;13;2;12,7258;1,3557;52,8259;4,1511;0;
2026 02 03 09:23:19:778;0,295;13;2;12,7258;1,3557;52,8259;4,1511;23,4375;
2026 02 03 09:23:19:780;0,295;13;2;12,7258;1,3557;52,8259;4,1511;23,4375;
2026 02 03 09:23:19:782;0,295;13;2;12,7258;1,3557;52,8259;4,1511;0;
2026 02 03 09:23:19:784;0,295;13;2;12,7258;1,3557;52,8259;4,1511;-11,7187;
2026 02 03 09:23:19:786;0,295;13;2;12,7258;1,3557;52,8259;4,1511;-7,8125;
2026 02 03 09:23:19:788;0,295;13;2;12,7258;1,3557;52,8259;4,1511;0;
2026 02 03 09:23:19:790;0,295;13;2;12,7258;1,3557;52,8259;4,1511;0;
2026 02 03 09:23:19:792;0,295;13;2;12,7258;1,3557;52,8259;4,1511;0;
2026 02 03 09:23:19:794;0,295;13;2;12,7258;1,3557;52,8259;4,1511;0;
2026 02 03 09:23:19:796;0,295;13;2;12,7258;1,3557;52,8259;4,1511;0;
2026 02 03 09:23:19:798;0,295;13;2;12,7258;1,3557;52,8259;4,1511;19,5313;
2026 02 03 09:23:19:800;0,295;13;2;12,7258;1,3557;52,8259;4,1511;19,5313;
2026 02 03 09:23:19:802;0,295;13;2;12,7258;1,3557;52,8259;4,1511;0;
2026 02 03 09:23:19:804;0,295;13;2;12,7258;1,3557;52,8259;4,1511;-11,7187;
2026 02 03 09:23:19:806;0,295;13;2;12,7258;1,3557;52,8259;4,1511;-3,9062;
2026 02 03 09:23:19:808;0,295;13;2;12,7258;1,3557;52,8259;4,1511;0;
2026 02 03 09:23:19:810;0,295;13;2;12,7258;1,3557;52,8259;4,1511;0;
2026 02 03 09:23:19:812;0,295;13;2;12,7258;1,3557;52,8259;4,1511;0;
2026 02 03 09:23:19:814;0,295;13;2;12,7258;1,3557;52,8259;4,1511;0;
2026 02 03 09:23:19:816;0,295;13;2;12,7258;1,3557;52,8259;4,1511;0;
2026 02 03 09:23:19:818;0,2939;13;2;12,7411;1,3889;52,6276;4,1305;23,4375;
2026 02 03 09:23:19:820;0,2939;13;2;12,7411;1,3889;52,6276;4,1305;23,4375;
2026 02 03 09:23:19:822;0,2939;13;2;12,7411;1,3889;52,6276;4,1305;3,9063;
2026 02 03 09:23:19:824;0,2939;13;2;12,7411;1,3889;52,6276;4,1305;-11,7187;
2026 02 03 09:23:19:826;0,2939;13;2;12,7411;1,3889;52,6276;4,1305;-7,8125;
2026 02 03 09:23:19:828;0,2939;13;2;12,7411;1,3889;52,6276;4,1305;0;
2026 02 03 09:23:19:830;0,2939;13;2;12,7411;1,3889;52,6276;4,1305;0;
2026 02 03 09:23:19:832;0,2939;13;2;12,7411;1,3889;52,6276;4,1305;0;
2026 02 03 09:23:19:834;0,2939;13;2;12,7411;1,3889;52,6276;4,1305;0;
2026 02 03 09:23:19:836;0,2939;13;2;12,7411;1,3889;52,6276;4,1305;0;
2026 02 03 09:23:19:838;0,2939;13;2;12,7411;1,3889;52,6276;4,1305;19,5313;
2026 02 03 09:23:19:840;0,2939;13;2;12,7411;1,3889;52,6276;4,1305;23,4375;
2026 02 03 09:23:19:842;0,2939;13;2;12,7411;1,3889;52,6276;4,1305;0;
2026 02 03 09:23:19:844;0,2939;13;2;12,7411;1,3889;52,6276;4,1305;-7,8125;
2026 02 03 09:23:19:846;0,2939;13;2;12,7411;1,3889;52,6276;4,1305;-3,9062;
2026 02 03 09:23:19:848;0,2939;13;2;12,7411;1,3889;52,6276;4,1305;0;
2026 02 03 09:23:19:850;0,2939;13;2;12,7411;1,3889;52,6276;4,1305;3,9063;
2026 02 03 09:23:19:852;0,2939;13;2;12,7411;1,3889;52,6276;4,1305;0;
2026 02 03 09:23:19:854;0,2939;13;2;12,7411;1,3889;52,6276;4,1305;0;
2026 02 03 09:23:19:856;0,2939;13;2;12,7411;1,3889;52,6276;4,1305;0;
2026 02 03 09:23:19:858;0,2939;13;2;12,7411;1,3889;52,6276;4,1305;23,4375;
2026 02 03 09:23:19:860;0,2939;13;2;12,7411;1,3889;52,6276;4,1305;19,5313;
2026 02 03 09:23:19:862;0,2939;13;2;12,7411;1,3889;52,6276;4,1305;3,9063;
2026 02 03 09:23:19:864;0,2939;13;2;12,7411;1,3889;52,6276;4,1305;-11,7187;
2026 02 03 09:23:19:866;0,2939;13;2;12,7411;1,3889;52,6276;4,1305;-7,8125;
2026 02 03 09:23:19:868;0,2939;13;2;12,7411;1,3889;52,6276;4,1305;0;
2026 02 03 09:23:19:870;0,2939;13;2;12,7411;1,3889;52,6276;4,1305;0;
2026 02 03 09:23:19:872;0,2939;13;2;12,7411;1,3889;52,6276;4,1305;0;
2026 02 03 09:23:19:874;0,2939;13;2;12,7411;1,3889;52,6276;4,1305;0;
2026 02 03 09:23:19:876;0,2939;13;2;12,7411;1,3889;52,6276;4,1305;0;
2026 02 03 09:23:19:878;0,2939;13;2;12,7411;1,3889;52,6276;4,1305;15,625;
2026 02 03 09:23:19:880;0,2939;13;2;12,7411;1,3889;52,6276;4,1305;23,4375;
2026 02 03 09:23:19:882;0,2939;13;2;12,7411;1,3889;52,6276;4,1305;0;
2026 02 03 09:23:19:884;0,2939;13;2;12,7411;1,3889;52,6276;4,1305;-15,625;
2026 02 03 09:23:19:886;0,2939;13;2;12,7411;1,3889;52,6276;4,1305;-7,8125;
2026 02 03 09:23:19:888;0,2939;13;2;12,7411;1,3889;52,6276;4,1305;0;
2026 02 03 09:23:19:890;0,2939;13;2;12,7411;1,3889;52,6276;4,1305;0;
2026 02 03 09:23:19:892;0,2939;13;2;12,7411;1,3889;52,6276;4,1305;0;
2026 02 03 09:23:19:894;0,2939;13;2;12,7411;1,3889;52,6276;4,1305;0;
2026 02 03 09:23:19:896;0,2939;13;2;12,7411;1,3889;52,6276;4,1305;0;
2026 02 03 09:23:19:898;0,2939;13;2;12,7411;1,3889;52,6276;4,1305;19,5313;
2026 02 03 09:23:19:900;0,2939;13;2;12,7411;1,3889;52,6276;4,1305;19,5313;
2026 02 03 09:23:19:902;0,2939;13;2;12,7411;1,3889;52,6276;4,1305;0;
2026 02 03 09:23:19:904;0,2939;13;2;12,7411;1,3889;52,6276;4,1305;-11,7187;
2026 02 03 09:23:19:906;0,2939;13;2;12,7411;1,3889;52,6276;4,1305;-7,8125;
2026 02 03 09:23:19:908;0,2939;13;2;12,7411;1,3889;52,6276;4,1305;0;
2026 02 03 09:23:19:910;0,2939;13;2;12,7411;1,3889;52,6276;4,1305;0;
2026 02 03 09:23:19:912;0,2939;13;2;12,7411;1,3889;52,6276;4,1305;0;
2026 02 03 09:23:19:914;0,2939;13;2;12,7411;1,3889;52,6276;4,1305;0;
2026 02 03 09:23:19:916;0,2939;13;2;12,7411;1,3889;52,6276;4,1305;0;
2026 02 03 09:23:19:918;0,2939;13;2;12,7411;1,3889;52,6276;4,1305;23,4375;
2026 02 03 09:23:19:920;0,2939;13;2;12,7411;1,3889;52,6276;4,1305;23,4375;
2026 02 03 09:23:19:922;0,2939;13;2;12,7411;1,3889;52,6276;4,1305;0;
2026 02 03 09:23:19:924;0,2939;13;2;12,7411;1,3889;52,6276;4,1305;-11,7187;
2026 02 03 09:23:19:926;0,2939;13;2;12,7411;1,3889;52,6276;4,1305;-3,9062;
2026 02 03 09:23:19:928;0,2939;13;2;12,7411;1,3889;52,6276;4,1305;0;
2026 02 03 09:23:19:930;0,2939;13;2;12,7411;1,3889;52,6276;4,1305;0;
2026 02 03 09:23:19:932;0,2939;13;2;12,7411;1,3889;52,6276;4,1305;0;
2026 02 03 09:23:19:934;0,2939;13;2;12,7411;1,3889;52,6276;4,1305;0;
2026 02 03 09:23:19:936;0,2939;13;2;12,7411;1,3889;52,6276;4,1305;0;
2026 02 03 09:23:19:938;0,2939;13;2;12,7411;1,3889;52,6276;4,1305;19,5313;
2026 02 03 09:23:19:940;0,2939;13;2;12,7411;1,3889;52,6276;4,1305;23,4375;
2026 02 03 09:23:19:942;0,2939;13;2;12,7411;1,3889;52,6276;4,1305;0;
2026 02 03 09:23:19:944;0,2939;13;2;12,7411;1,3889;52,6276;4,1305;-15,625;
2026 02 03 09:23:19:946;0,2939;13;2;12,7411;1,3889;52,6276;4,1305;-3,9062;
2026 02 03 09:23:19:948;0,2939;13;2;12,7411;1,3889;52,6276;4,1305;0;
2026 02 03 09:23:19:950;0,2939;13;2;12,7411;1,3889;52,6276;4,1305;0;
2026 02 03 09:23:19:952;0,2939;13;2;12,7411;1,3889;52,6276;4,1305;0;
2026 02 03 09:23:19:954;0,2939;13;2;12,7411;1,3889;52,6276;4,1305;0;
2026 02 03 09:23:19:956;0,2939;13;2;12,7411;1,3889;52,6276;4,1305;0;
2026 02 03 09:23:19:958;0,2939;13;2;12,7411;1,3889;52,6276;4,1305;19,5313;
2026 02 03 09:23:19:960;0,2939;13;2;12,7411;1,3889;52,6276;4,1305;19,5313;
2026 02 03 09:23:19:962;0,2939;13;2;12,7411;1,3889;52,6276;4,1305;0;
2026 02 03 09:23:19:964;0,2939;13;2;12,7411;1,3889;52,6276;4,1305;-15,625;
2026 02 03 09:23:19:966;0,2939;13;2;12,7411;1,3889;52,6276;4,1305;-3,9062;
2026 02 03 09:23:19:968;0,2939;13;2;12,7411;1,3889;52,6276;4,1305;0;
2026 02 03 09:23:19:970;0,2939;13;2;12,7411;1,3889;52,6276;4,1305;0;
2026 02 03 09:23:19:972;0,2939;13;2;12,7411;1,3889;52,6276;4,1305;0;
2026 02 03 09:23:19:974;0,2939;13;2;12,7411;1,3889;52,6276;4,1305;0;
2026 02 03 09:23:19:976;0,2939;13;2;12,7411;1,3889;52,6276;4,1305;0;
2026 02 03 09:23:19:978;0,2939;13;2;12,7411;1,3889;52,6276;4,1305;19,5313;
2026 02 03 09:23:19:980;0,2939;13;2;12,7411;1,3889;52,6276;4,1305;23,4375;
2026 02 03 09:23:19:982;0,2939;13;2;12,7411;1,3889;52,6276;4,1305;0;
2026 02 03 09:23:19:984;0,2939;13;2;12,7411;1,3889;52,6276;4,1305;-11,7187;
2026 02 03 09:23:19:986;0,2939;13;2;12,7411;1,3889;52,6276;4,1305;-3,9062;
2026 02 03 09:23:19:988;0,2939;13;2;12,7411;1,3889;52,6276;4,1305;0;
2026 02 03 09:23:19:990;0,2939;13;2;12,7411;1,3889;52,6276;4,1305;0;
2026 02 03 09:23:19:992;0,2939;13;2;12,7411;1,3889;52,6276;4,1305;0;
2026 02 03 09:23:19:994;0,2939;13;2;12,7411;1,3889;52,6276;4,1305;0;
2026 02 03 09:23:19:996;0,2939;13;2;12,7411;1,3889;52,6276;4,1305;0;
2026 02 03 09:23:19:998;0,2939;13;2;12,7411;1,3889;52,6276;4,1305;23,4375;
2026 02 03 09:23:20:000;0,2939;13;2;12,7411;1,3889;52,6276;4,1305;19,5313;
2026 02 03 09:23:20:002;0,2939;13;2;12,7411;1,3889;52,6276;4,1305;3,9063;
2026 02 03 09:23:20:004;0,2939;13;2;12,7411;1,3889;52,6276;4,1305;-7,8125;
2026 02 03 09:23:20:006;0,2939;13;2;12,7411;1,3889;52,6276;4,1305;-7,8125;
2026 02 03 09:23:20:008;0,2939;13;2;12,7411;1,3889;52,6276;4,1305;0;
2026 02 03 09:23:20:010;0,2939;13;2;12,7411;1,3889;52,6276;4,1305;0;
2026 02 03 09:23:20:012;0,2939;13;2;12,7411;1,3889;52,6276;4,1305;0;
2026 02 03 09:23:20:014;0,2939;13;2;12,7411;1,3889;52,6276;4,1305;0;
2026 02 03 09:23:20:016;0,2939;13;2;12,7411;1,3889;52,6276;4,1305;0;
2026 02 03 09:23:20:018;0,2939;13;2;12,7411;1,3889;52,6276;4,1305;19,5313;
2026 02 03 09:23:20:020;0,2939;13;2;12,7411;1,3889;52,6276;4,1305;23,4375;
2026 02 03 09:23:20:022;0,2939;13;2;12,7411;1,3889;52,6276;4,1305;0;
2026 02 03 09:23:20:024;0,2939;13;2;12,7411;1,3889;52,6276;4,1305;-15,625;
2026 02 03 09:23:20:026;0,2939;13;2;12,7411;1,3889;52,6276;4,1305;-3,9062;
2026 02 03 09:23:20:028;0,2939;13;2;12,7411;1,3889;52,6276;4,1305;0;
2026 02 03 09:23:20:030;0,2939;13;2;12,7411;1,3889;52,6276;4,1305;0;
2026 02 03 09:23:20:032;0,2939;13;2;12,7411;1,3889;52,6276;4,1305;0;
2026 02 03 09:23:20:034;0,2939;13;2;12,7411;1,3889;52,6276;4,1305;0;
2026 02 03 09:23:20:036;0,2939;13;2;12,7411;1,3889;52,6276;4,1305;0;
2026 02 03 09:23:20:038;0,2939;13;2;12,7411;1,3889;52,6276;4,1305;19,5313;
2026 02 03 09:23:20:040;0,2939;13;2;12,7411;1,3889;52,6276;4,1305;27,3438;
2026 02 03 09:23:20:042;0,2939;13;2;12,7411;1,3889;52,6276;4,1305;3,9063;
2026 02 03 09:23:20:044;0,2939;13;2;12,7411;1,3889;52,6276;4,1305;-11,7187;
2026 02 03 09:23:20:046;0,2939;13;2;12,7411;1,3889;52,6276;4,1305;-3,9062;
2026 02 03 09:23:20:048;0,2939;13;2;12,7411;1,3889;52,6276;4,1305;0;
2026 02 03 09:23:20:050;0,2939;13;2;12,7411;1,3889;52,6276;4,1305;0;
2026 02 03 09:23:20:052;0,2939;13;2;12,7411;1,3889;52,6276;4,1305;0;
2026 02 03 09:23:20:054;0,2939;13;2;12,7411;1,3889;52,6276;4,1305;0;
2026 02 03 09:23:20:056;0,2939;13;2;12,7411;1,3889;52,6276;4,1305;0;
2026 02 03 09:23:20:058;0,2939;13;2;12,7411;1,3889;52,6276;4,1305;19,5313;
2026 02 03 09:23:20:060;0,2939;13;2;12,7411;1,3889;52,6276;4,1305;19,5313;
2026 02 03 09:23:20:062;0,2939;13;2;12,7411;1,3889;52,6276;4,1305;0;
2026 02 03 09:23:20:064;0,2939;13;2;12,7411;1,3889;52,6276;4,1305;-11,7187;
2026 02 03 09:23:20:066;0,2939;13;2;12,7411;1,3889;52,6276;4,1305;-3,9062;
2026 02 03 09:23:20:068;0,2939;13;2;12,7411;1,3889;52,6276;4,1305;0;
2026 02 03 09:23:20:070;0,2939;13;2;12,7411;1,3889;52,6276;4,1305;0;
2026 02 03 09:23:20:072;0,2939;13;2;12,7411;1,3889;52,6276;4,1305;0;
2026 02 03 09:23:20:074;0,2939;13;2;12,7411;1,3889;52,6276;4,1305;0;
2026 02 03 09:23:20:076;0,2939;13;2;12,7411;1,3889;52,6276;4,1305;0;
2026 02 03 09:23:20:078;0,2939;13;2;12,7411;1,3889;52,6276;4,1305;19,5313;
2026 02 03 09:23:20:080;0,2939;13;2;12,7411;1,3889;52,6276;4,1305;23,4375;
2026 02 03 09:23:20:082;0,2939;13;2;12,7411;1,3889;52,6276;4,1305;0;
2026 02 03 09:23:20:084;0,2939;13;2;12,7411;1,3889;52,6276;4,1305;-15,625;
2026 02 03 09:23:20:086;0,2939;13;2;12,7411;1,3889;52,6276;4,1305;-3,9062;
2026 02 03 09:23:20:088;0,2939;13;2;12,7411;1,3889;52,6276;4,1305;0;
2026 02 03 09:23:20:090;0,2939;13;2;12,7411;1,3889;52,6276;4,1305;0;
2026 02 03 09:23:20:092;0,2939;13;2;12,7411;1,3889;52,6276;4,1305;0;
2026 02 03 09:23:20:094;0,2939;13;2;12,7411;1,3889;52,6276;4,1305;3,9063;
2026 02 03 09:23:20:096;0,2939;13;2;12,7411;1,3889;52,6276;4,1305;0;
2026 02 03 09:23:20:098;0,2939;13;2;12,7411;1,3889;52,6276;4,1305;15,625;
2026 02 03 09:23:20:100;0,2939;13;2;12,7411;1,3889;52,6276;4,1305;23,4375;
2026 02 03 09:23:20:102;0,2939;13;2;12,7411;1,3889;52,6276;4,1305;3,9063;
2026 02 03 09:23:20:104;0,2939;13;2;12,7411;1,3889;52,6276;4,1305;-7,8125;
2026 02 03 09:23:20:106;0,2939;13;2;12,7411;1,3889;52,6276;4,1305;-3,9062;
2026 02 03 09:23:20:108;0,2939;13;2;12,7411;1,3889;52,6276;4,1305;0;
2026 02 03 09:23:20:110;0,2939;13;2;12,7411;1,3889;52,6276;4,1305;3,9063;
2026 02 03 09:23:20:112;0,2939;13;2;12,7411;1,3889;52,6276;4,1305;0;
2026 02 03 09:23:20:114;0,2939;13;2;12,7411;1,3889;52,6276;4,1305;3,9063;
2026 02 03 09:23:20:116;0,2939;13;2;12,7411;1,3889;52,6276;4,1305;0;
2026 02 03 09:23:20:118;0,293;13;2;12,7411;1,3694;52,7039;4,1365;23,4375;
2026 02 03 09:23:20:120;0,293;13;2;12,7411;1,3694;52,7039;4,1365;19,5313;
2026 02 03 09:23:20:122;0,293;13;2;12,7411;1,3694;52,7039;4,1365;0;
2026 02 03 09:23:20:124;0,293;13;2;12,7411;1,3694;52,7039;4,1365;-11,7187;
2026 02 03 09:23:20:126;0,293;13;2;12,7411;1,3694;52,7039;4,1365;-3,9062;
2026 02 03 09:23:20:128;0,293;13;2;12,7411;1,3694;52,7039;4,1365;0;
2026 02 03 09:23:20:130;0,293;13;2;12,7411;1,3694;52,7039;4,1365;0;
2026 02 03 09:23:20:132;0,293;13;2;12,7411;1,3694;52,7039;4,1365;3,9063;
2026 02 03 09:23:20:134;0,293;13;2;12,7411;1,3694;52,7039;4,1365;0;
2026 02 03 09:23:20:136;0,293;13;2;12,7411;1,3694;52,7039;4,1365;0;
2026 02 03 09:23:20:138;0,293;13;2;12,7411;1,3694;52,7039;4,1365;19,5313;
2026 02 03 09:23:20:140;0,293;13;2;12,7411;1,3694;52,7039;4,1365;23,4375;
2026 02 03 09:23:20:142;0,293;13;2;12,7411;1,3694;52,7039;4,1365;0;
2026 02 03 09:23:20:144;0,293;13;2;12,7411;1,3694;52,7039;4,1365;-11,7187;
2026 02 03 09:23:20:146;0,293;13;2;12,7411;1,3694;52,7039;4,1365;-3,9062;
2026 02 03 09:23:20:148;0,293;13;2;12,7411;1,3694;52,7039;4,1365;0;
2026 02 03 09:23:20:150;0,293;13;2;12,7411;1,3694;52,7039;4,1365;0;
2026 02 03 09:23:20:152;0,293;13;2;12,7411;1,3694;52,7039;4,1365;0;
2026 02 03 09:23:20:154;0,293;13;2;12,7411;1,3694;52,7039;4,1365;0;
2026 02 03 09:23:20:156;0,293;13;2;12,7411;1,3694;52,7039;4,1365;0;
2026 02 03 09:23:20:158;0,293;13;2;12,7411;1,3694;52,7039;4,1365;19,5313;
2026 02 03 09:23:20:160;0,293;13;2;12,7411;1,3694;52,7039;4,1365;23,4375;
2026 02 03 09:23:20:162;0,293;13;2;12,7411;1,3694;52,7039;4,1365;0;
2026 02 03 09:23:20:164;0,293;13;2;12,7411;1,3694;52,7039;4,1365;-19,5312;
2026 02 03 09:23:20:166;0,293;13;2;12,7411;1,3694;52,7039;4,1365;-3,9062;
2026 02 03 09:23:20:168;0,293;13;2;12,7411;1,3694;52,7039;4,1365;0;
2026 02 03 09:23:20:170;0,293;13;2;12,7411;1,3694;52,7039;4,1365;0;
2026 02 03 09:23:20:172;0,293;13;2;12,7411;1,3694;52,7039;4,1365;0;
2026 02 03 09:23:20:174;0,293;13;2;12,7411;1,3694;52,7039;4,1365;0;
2026 02 03 09:23:20:176;0,293;13;2;12,7411;1,3694;52,7039;4,1365;0;
2026 02 03 09:23:20:178;0,293;13;2;12,7411;1,3694;52,7039;4,1365;19,5313;
2026 02 03 09:23:20:180;0,293;13;2;12,7411;1,3694;52,7039;4,1365;23,4375;
2026 02 03 09:23:20:182;0,293;13;2;12,7411;1,3694;52,7039;4,1365;0;
2026 02 03 09:23:20:184;0,293;13;2;12,7411;1,3694;52,7039;4,1365;-15,625;
2026 02 03 09:23:20:186;0,293;13;2;12,7411;1,3694;52,7039;4,1365;-3,9062;
2026 02 03 09:23:20:188;0,293;13;2;12,7411;1,3694;52,7039;4,1365;0;
2026 02 03 09:23:20:190;0,293;13;2;12,7411;1,3694;52,7039;4,1365;0;
2026 02 03 09:23:20:192;0,293;13;2;12,7411;1,3694;52,7039;4,1365;0;
2026 02 03 09:23:20:194;0,293;13;2;12,7411;1,3694;52,7039;4,1365;0;
2026 02 03 09:23:20:196;0,293;13;2;12,7411;1,3694;52,7039;4,1365;0;
2026 02 03 09:23:20:198;0,293;13;2;12,7411;1,3694;52,7039;4,1365;19,5313;
2026 02 03 09:23:20:200;0,293;13;2;12,7411;1,3694;52,7039;4,1365;19,5313;
2026 02 03 09:23:20:202;0,293;13;2;12,7411;1,3694;52,7039;4,1365;3,9063;
2026 02 03 09:23:20:204;0,293;13;2;12,7411;1,3694;52,7039;4,1365;-19,5312;
2026 02 03 09:23:20:206;0,293;13;2;12,7411;1,3694;52,7039;4,1365;-3,9062;
2026 02 03 09:23:20:208;0,293;13;2;12,7411;1,3694;52,7039;4,1365;0;
2026 02 03 09:23:20:210;0,293;13;2;12,7411;1,3694;52,7039;4,1365;0;
2026 02 03 09:23:20:212;0,293;13;2;12,7411;1,3694;52,7039;4,1365;0;
2026 02 03 09:23:20:214;0,293;13;2;12,7411;1,3694;52,7039;4,1365;0;
2026 02 03 09:23:20:216;0,293;13;2;12,7411;1,3694;52,7039;4,1365;0;
2026 02 03 09:23:20:218;0,293;13;2;12,7411;1,3694;52,7039;4,1365;15,625;
2026 02 03 09:23:20:220;0,293;13;2;12,7411;1,3694;52,7039;4,1365;23,4375;
2026 02 03 09:23:20:222;0,293;13;2;12,7411;1,3694;52,7039;4,1365;0;
2026 02 03 09:23:20:224;0,293;13;2;12,7411;1,3694;52,7039;4,1365;-19,5312;
2026 02 03 09:23:20:226;0,293;13;2;12,7411;1,3694;52,7039;4,1365;-3,9062;
2026 02 03 09:23:20:228;0,293;13;2;12,7411;1,3694;52,7039;4,1365;0;
2026 02 03 09:23:20:230;0,293;13;2;12,7411;1,3694;52,7039;4,1365;3,9063;
2026 02 03 09:23:20:232;0,293;13;2;12,7411;1,3694;52,7039;4,1365;0;
2026 02 03 09:23:20:234;0,293;13;2;12,7411;1,3694;52,7039;4,1365;0;
2026 02 03 09:23:20:236;0,293;13;2;12,7411;1,3694;52,7039;4,1365;0;
2026 02 03 09:23:20:238;0,293;13;2;12,7411;1,3694;52,7039;4,1365;19,5313;
2026 02 03 09:23:20:240;0,293;13;2;12,7411;1,3694;52,7039;4,1365;27,3438;
2026 02 03 09:23:20:242;0,293;13;2;12,7411;1,3694;52,7039;4,1365;0;
2026 02 03 09:23:20:244;0,293;13;2;12,7411;1,3694;52,7039;4,1365;-19,5312;
2026 02 03 09:23:20:246;0,293;13;2;12,7411;1,3694;52,7039;4,1365;-3,9062;
2026 02 03 09:23:20:248;0,293;13;2;12,7411;1,3694;52,7039;4,1365;0;
2026 02 03 09:23:20:250;0,293;13;2;12,7411;1,3694;52,7039;4,1365;0;
2026 02 03 09:23:20:252;0,293;13;2;12,7411;1,3694;52,7039;4,1365;0;
2026 02 03 09:23:20:254;0,293;13;2;12,7411;1,3694;52,7039;4,1365;0;
2026 02 03 09:23:20:256;0,293;13;2;12,7411;1,3694;52,7039;4,1365;0;
2026 02 03 09:23:20:258;0,293;13;2;12,7411;1,3694;52,7039;4,1365;19,5313;
2026 02 03 09:23:20:260;0,293;13;2;12,7411;1,3694;52,7039;4,1365;19,5313;
2026 02 03 09:23:20:262;0,293;13;2;12,7411;1,3694;52,7039;4,1365;3,9063;
2026 02 03 09:23:20:264;0,293;13;2;12,7411;1,3694;52,7039;4,1365;-15,625;
2026 02 03 09:23:20:266;0,293;13;2;12,7411;1,3694;52,7039;4,1365;-3,9062;
2026 02 03 09:23:20:268;0,293;13;2;12,7411;1,3694;52,7039;4,1365;0;
2026 02 03 09:23:20:270;0,293;13;2;12,7411;1,3694;52,7039;4,1365;0;
2026 02 03 09:23:20:272;0,293;13;2;12,7411;1,3694;52,7039;4,1365;0;
2026 02 03 09:23:20:274;0,293;13;2;12,7411;1,3694;52,7039;4,1365;0;
2026 02 03 09:23:20:276;0,293;13;2;12,7411;1,3694;52,7039;4,1365;0;
2026 02 03 09:23:20:278;0,293;13;2;12,7411;1,3694;52,7039;4,1365;19,5313;
2026 02 03 09:23:20:280;0,293;13;2;12,7411;1,3694;52,7039;4,1365;19,5313;
2026 02 03 09:23:20:282;0,293;13;2;12,7411;1,3694;52,7039;4,1365;3,9063;
2026 02 03 09:23:20:284;0,293;13;2;12,7411;1,3694;52,7039;4,1365;-19,5312;
2026 02 03 09:23:20:286;0,293;13;2;12,7411;1,3694;52,7039;4,1365;-3,9062;
2026 02 03 09:23:20:288;0,293;13;2;12,7411;1,3694;52,7039;4,1365;0;
2026 02 03 09:23:20:290;0,293;13;2;12,7411;1,3694;52,7039;4,1365;0;
2026 02 03 09:23:20:292;0,293;13;2;12,7411;1,3694;52,7039;4,1365;0;
2026 02 03 09:23:20:294;0,293;13;2;12,7411;1,3694;52,7039;4,1365;0;
2026 02 03 09:23:20:296;0,293;13;2;12,7411;1,3694;52,7039;4,1365;0;
2026 02 03 09:23:20:298;0,293;13;2;12,7411;1,3694;52,7039;4,1365;15,625;
2026 02 03 09:23:20:300;0,293;13;2;12,7411;1,3694;52,7039;4,1365;27,3438;
2026 02 03 09:23:20:302;0,293;13;2;12,7411;1,3694;52,7039;4,1365;0;
2026 02 03 09:23:20:304;0,293;13;2;12,7411;1,3694;52,7039;4,1365;-11,7187;
2026 02 03 09:23:20:306;0,293;13;2;12,7411;1,3694;52,7039;4,1365;-3,9062;
2026 02 03 09:23:20:308;0,293;13;2;12,7411;1,3694;52,7039;4,1365;0;
2026 02 03 09:23:20:310;0,293;13;2;12,7411;1,3694;52,7039;4,1365;0;
2026 02 03 09:23:20:312;0,293;13;2;12,7411;1,3694;52,7039;4,1365;3,9063;
2026 02 03 09:23:20:314;0,293;13;2;12,7411;1,3694;52,7039;4,1365;0;
2026 02 03 09:23:20:316;0,293;13;2;12,7411;1,3694;52,7039;4,1365;3,9063;
2026 02 03 09:23:20:318;0,293;13;2;12,7411;1,3694;52,7039;4,1365;23,4375;
2026 02 03 09:23:20:320;0,293;13;2;12,7411;1,3694;52,7039;4,1365;19,5313;
2026 02 03 09:23:20:322;0,293;13;2;12,7411;1,3694;52,7039;4,1365;3,9063;
2026 02 03 09:23:20:324;0,293;13;2;12,7411;1,3694;52,7039;4,1365;-15,625;
2026 02 03 09:23:20:326;0,293;13;2;12,7411;1,3694;52,7039;4,1365;-7,8125;
2026 02 03 09:23:20:328;0,293;13;2;12,7411;1,3694;52,7039;4,1365;0;
2026 02 03 09:23:20:330;0,293;13;2;12,7411;1,3694;52,7039;4,1365;0;
2026 02 03 09:23:20:332;0,293;13;2;12,7411;1,3694;52,7039;4,1365;0;
2026 02 03 09:23:20:334;0,293;13;2;12,7411;1,3694;52,7039;4,1365;0;
2026 02 03 09:23:20:336;0,293;13;2;12,7411;1,3694;52,7039;4,1365;0;
2026 02 03 09:23:20:338;0,293;13;2;12,7411;1,3694;52,7039;4,1365;19,5313;
2026 02 03 09:23:20:340;0,293;13;2;12,7411;1,3694;52,7039;4,1365;23,4375;
2026 02 03 09:23:20:342;0,293;13;2;12,7411;1,3694;52,7039;4,1365;3,9063;
2026 02 03 09:23:20:344;0,293;13;2;12,7411;1,3694;52,7039;4,1365;-19,5312;
2026 02 03 09:23:20:346;0,293;13;2;12,7411;1,3694;52,7039;4,1365;-3,9062;
2026 02 03 09:23:20:348;0,293;13;2;12,7411;1,3694;52,7039;4,1365;0;
2026 02 03 09:23:20:350;0,293;13;2;12,7411;1,3694;52,7039;4,1365;0;
2026 02 03 09:23:20:352;0,293;13;2;12,7411;1,3694;52,7039;4,1365;0;
2026 02 03 09:23:20:354;0,293;13;2;12,7411;1,3694;52,7039;4,1365;0;
2026 02 03 09:23:20:356;0,293;13;2;12,7411;1,3694;52,7039;4,1365;0;
2026 02 03 09:23:20:358;0,293;13;2;12,7411;1,3694;52,7039;4,1365;19,5313;
2026 02 03 09:23:20:360;0,293;13;2;12,7411;1,3694;52,7039;4,1365;19,5313;
2026 02 03 09:23:20:362;0,293;13;2;12,7411;1,3694;52,7039;4,1365;0;
2026 02 03 09:23:20:364;0,293;13;2;12,7411;1,3694;52,7039;4,1365;-23,4375;
2026 02 03 09:23:20:366;0,293;13;2;12,7411;1,3694;52,7039;4,1365;-3,9062;
2026 02 03 09:23:20:368;0,293;13;2;12,7411;1,3694;52,7039;4,1365;0;
2026 02 03 09:23:20:370;0,293;13;2;12,7411;1,3694;52,7039;4,1365;0;
2026 02 03 09:23:20:372;0,293;13;2;12,7411;1,3694;52,7039;4,1365;0;
2026 02 03 09:23:20:374;0,293;13;2;12,7411;1,3694;52,7039;4,1365;3,9063;
2026 02 03 09:23:20:376;0,293;13;2;12,7411;1,3694;52,7039;4,1365;0;
2026 02 03 09:23:20:378;0,293;13;2;12,7411;1,3694;52,7039;4,1365;23,4375;
2026 02 03 09:23:20:380;0,293;13;2;12,7411;1,3694;52,7039;4,1365;23,4375;
2026 02 03 09:23:20:382;0,293;13;2;12,7411;1,3694;52,7039;4,1365;3,9063;
2026 02 03 09:23:20:384;0,293;13;2;12,7411;1,3694;52,7039;4,1365;-19,5312;
2026 02 03 09:23:20:386;0,293;13;2;12,7411;1,3694;52,7039;4,1365;-3,9062;
2026 02 03 09:23:20:388;0,293;13;2;12,7411;1,3694;52,7039;4,1365;0;
2026 02 03 09:23:20:390;0,293;13;2;12,7411;1,3694;52,7039;4,1365;3,9063;
2026 02 03 09:23:20:392;0,293;13;2;12,7411;1,3694;52,7039;4,1365;0;
2026 02 03 09:23:20:394;0,293;13;2;12,7411;1,3694;52,7039;4,1365;3,9063;
2026 02 03 09:23:20:396;0,293;13;2;12,7411;1,3694;52,7039;4,1365;0;
2026 02 03 09:23:20:398;0,293;13;2;12,7411;1,3694;52,7039;4,1365;19,5313;
2026 02 03 09:23:20:400;0,293;13;2;12,7411;1,3694;52,7039;4,1365;19,5313;
2026 02 03 09:23:20:402;0,293;13;2;12,7411;1,3694;52,7039;4,1365;3,9063;
2026 02 03 09:23:20:404;0,293;13;2;12,7411;1,3694;52,7039;4,1365;-15,625;
2026 02 03 09:23:20:406;0,293;13;2;12,7411;1,3694;52,7039;4,1365;-3,9062;
2026 02 03 09:23:20:408;0,293;13;2;12,7411;1,3694;52,7039;4,1365;3,9063;
2026 02 03 09:23:20:410;0,293;13;2;12,7411;1,3694;52,7039;4,1365;0;
2026 02 03 09:23:20:412;0,293;13;2;12,7411;1,3694;52,7039;4,1365;0;
2026 02 03 09:23:20:414;0,293;13;2;12,7411;1,3694;52,7039;4,1365;3,9063;
2026 02 03 09:23:20:416;0,293;13;2;12,7411;1,3694;52,7039;4,1365;3,9063;
2026 02 03 09:23:20:418;0,293;13;2;12,7411;1,3694;52,7039;4,1365;19,5313;
2026 02 03 09:23:20:420;0,293;13;2;12,7411;1,3959;51,6968;4,0575;23,4375;
2026 02 03 09:23:20:422;0,293;13;2;12,7411;1,3959;51,6968;4,0575;0;
2026 02 03 09:23:20:424;0,293;13;2;12,7411;1,3959;51,6968;4,0575;-19,5312;
2026 02 03 09:23:20:426;0,293;13;2;12,7411;1,3959;51,6968;4,0575;-3,9062;
2026 02 03 09:23:20:428;0,293;13;2;12,7411;1,3959;51,6968;4,0575;3,9063;
2026 02 03 09:23:20:430;0,293;13;2;12,7411;1,3959;51,6968;4,0575;0;
2026 02 03 09:23:20:432;0,293;13;2;12,7411;1,3959;51,6968;4,0575;3,9063;
2026 02 03 09:23:20:434;0,293;13;2;12,7411;1,3959;51,6968;4,0575;0;
2026 02 03 09:23:20:436;0,293;13;2;12,7411;1,3959;51,6968;4,0575;3,9063;
2026 02 03 09:23:20:438;0,293;13;2;12,7411;1,3959;51,6968;4,0575;23,4375;
2026 02 03 09:23:20:440;0,293;13;2;12,7411;1,3959;51,6968;4,0575;27,3438;
2026 02 03 09:23:20:442;0,293;13;2;12,7411;1,3959;51,6968;4,0575;3,9063;
2026 02 03 09:23:20:444;0,293;13;2;12,7411;1,3959;51,6968;4,0575;-15,625;
2026 02 03 09:23:20:446;0,293;13;2;12,7411;1,3959;51,6968;4,0575;0;
2026 02 03 09:23:20:448;0,293;13;2;12,7411;1,3959;51,6968;4,0575;3,9063;
2026 02 03 09:23:20:450;0,293;13;2;12,7411;1,3959;51,6968;4,0575;0;
2026 02 03 09:23:20:452;0,293;13;2;12,7411;1,3959;51,6968;4,0575;3,9063;
2026 02 03 09:23:20:454;0,293;13;2;12,7411;1,3959;51,6968;4,0575;3,9063;
2026 02 03 09:23:20:456;0,293;13;2;12,7411;1,3959;51,6968;4,0575;0;
2026 02 03 09:23:20:458;0,293;13;2;12,7411;1,3959;51,6968;4,0575;19,5313;
2026 02 03 09:23:20:460;0,293;13;2;12,7411;1,3959;51,6968;4,0575;19,5313;
2026 02 03 09:23:20:462;0,293;13;2;12,7411;1,3959;51,6968;4,0575;3,9063;
2026 02 03 09:23:20:464;0,293;13;2;12,7411;1,3959;51,6968;4,0575;-15,625;
2026 02 03 09:23:20:466;0,293;13;2;12,7411;1,3959;51,6968;4,0575;-3,9062;
2026 02 03 09:23:20:468;0,293;13;2;12,7411;1,3959;51,6968;4,0575;0;
2026 02 03 09:23:20:470;0,293;13;2;12,7411;1,3959;51,6968;4,0575;3,9063;
2026 02 03 09:23:20:472;0,293;13;2;12,7411;1,3959;51,6968;4,0575;0;
2026 02 03 09:23:20:474;0,293;13;2;12,7411;1,3959;51,6968;4,0575;0;
2026 02 03 09:23:20:476;0,293;13;2;12,7411;1,3959;51,6968;4,0575;3,9063;
2026 02 03 09:23:20:478;0,293;13;2;12,7411;1,3959;51,6968;4,0575;19,5313;
2026 02 03 09:23:20:480;0,293;13;2;12,7411;1,3959;51,6968;4,0575;23,4375;
2026 02 03 09:23:20:482;0,293;13;2;12,7411;1,3959;51,6968;4,0575;3,9063;
2026 02 03 09:23:20:484;0,293;13;2;12,7411;1,3959;51,6968;4,0575;-15,625;
2026 02 03 09:23:20:486;0,293;13;2;12,7411;1,3959;51,6968;4,0575;0;
2026 02 03 09:23:20:488;0,293;13;2;12,7411;1,3959;51,6968;4,0575;0;
2026 02 03 09:23:20:490;0,293;13;2;12,7411;1,3959;51,6968;4,0575;0;
2026 02 03 09:23:20:492;0,293;13;2;12,7411;1,3959;51,6968;4,0575;0;
2026 02 03 09:23:20:494;0,293;13;2;12,7411;1,3959;51,6968;4,0575;0;
2026 02 03 09:23:20:496;0,293;13;2;12,7411;1,3959;51,6968;4,0575;3,9063;
2026 02 03 09:23:20:498;0,293;13;2;12,7411;1,3959;51,6968;4,0575;19,5313;
2026 02 03 09:23:20:500;0,293;13;2;12,7411;1,3959;51,6968;4,0575;23,4375;
2026 02 03 09:23:20:502;0,293;13;2;12,7411;1,3959;51,6968;4,0575;3,9063;
2026 02 03 09:23:20:504;0,293;13;2;12,7411;1,3959;51,6968;4,0575;-7,8125;
2026 02 03 09:23:20:506;0,293;13;2;12,7411;1,3959;51,6968;4,0575;-3,9062;
2026 02 03 09:23:20:508;0,293;13;2;12,7411;1,3959;51,6968;4,0575;0;
2026 02 03 09:23:20:510;0,293;13;2;12,7411;1,3959;51,6968;4,0575;0;
2026 02 03 09:23:20:512;0,293;13;2;12,7411;1,3959;51,6968;4,0575;0;
2026 02 03 09:23:20:514;0,293;13;2;12,7411;1,3959;51,6968;4,0575;0;
2026 02 03 09:23:20:516;0,293;13;2;12,7411;1,3959;51,6968;4,0575;0;
2026 02 03 09:23:20:518;0,293;13;2;12,7411;1,3959;51,6968;4,0575;23,4375;
2026 02 03 09:23:20:520;0,293;13;2;12,7411;1,3959;51,6968;4,0575;19,5313;
2026 02 03 09:23:20:522;0,293;13;2;12,7411;1,3959;51,6968;4,0575;3,9063;
2026 02 03 09:23:20:524;0,293;13;2;12,7411;1,3959;51,6968;4,0575;-11,7187;
2026 02 03 09:23:20:526;0,293;13;2;12,7411;1,3959;51,6968;4,0575;-3,9062;
2026 02 03 09:23:20:528;0,293;13;2;12,7411;1,3959;51,6968;4,0575;0;
2026 02 03 09:23:20:530;0,293;13;2;12,7411;1,3959;51,6968;4,0575;3,9063;
2026 02 03 09:23:20:532;0,293;13;2;12,7411;1,3959;51,6968;4,0575;0;
2026 02 03 09:23:20:534;0,293;13;2;12,7411;1,3959;51,6968;4,0575;0;
2026 02 03 09:23:20:536;0,293;13;2;12,7411;1,3959;51,6968;4,0575;0;
2026 02 03 09:23:20:538;0,293;13;2;12,7411;1,3959;51,6968;4,0575;19,5313;
2026 02 03 09:23:20:540;0,293;13;2;12,7411;1,3959;51,6968;4,0575;23,4375;
2026 02 03 09:23:20:542;0,293;13;2;12,7411;1,3959;51,6968;4,0575;0;
2026 02 03 09:23:20:544;0,293;13;2;12,7411;1,3959;51,6968;4,0575;-11,7187;
2026 02 03 09:23:20:546;0,293;13;2;12,7411;1,3959;51,6968;4,0575;-3,9062;
2026 02 03 09:23:20:548;0,293;13;2;12,7411;1,3959;51,6968;4,0575;0;
2026 02 03 09:23:20:550;0,293;13;2;12,7411;1,3959;51,6968;4,0575;0;
2026 02 03 09:23:20:552;0,293;13;2;12,7411;1,3959;51,6968;4,0575;0;
2026 02 03 09:23:20:554;0,293;13;2;12,7411;1,3959;51,6968;4,0575;0;
2026 02 03 09:23:20:556;0,293;13;2;12,7411;1,3959;51,6968;4,0575;3,9063;
2026 02 03 09:23:20:558;0,293;13;2;12,7411;1,3959;51,6968;4,0575;15,625;
2026 02 03 09:23:20:560;0,293;13;2;12,7411;1,3959;51,6968;4,0575;23,4375;
2026 02 03 09:23:20:562;0,293;13;2;12,7411;1,3959;51,6968;4,0575;0;
2026 02 03 09:23:20:564;0,293;13;2;12,7411;1,3959;51,6968;4,0575;-7,8125;
2026 02 03 09:23:20:566;0,293;13;2;12,7411;1,3959;51,6968;4,0575;-3,9062;
2026 02 03 09:23:20:568;0,293;13;2;12,7411;1,3959;51,6968;4,0575;0;
2026 02 03 09:23:20:570;0,293;13;2;12,7411;1,3959;51,6968;4,0575;3,9063;
2026 02 03 09:23:20:572;0,293;13;2;12,7411;1,3959;51,6968;4,0575;0;
2026 02 03 09:23:20:574;0,293;13;2;12,7411;1,3959;51,6968;4,0575;0;
2026 02 03 09:23:20:576;0,293;13;2;12,7411;1,3959;51,6968;4,0575;3,9063;
2026 02 03 09:23:20:578;0,293;13;2;12,7411;1,3959;51,6968;4,0575;23,4375;
2026 02 03 09:23:20:580;0,293;13;2;12,7411;1,3959;51,6968;4,0575;23,4375;
2026 02 03 09:23:20:582;0,293;13;2;12,7411;1,3959;51,6968;4,0575;3,9063;
2026 02 03 09:23:20:584;0,293;13;2;12,7411;1,3959;51,6968;4,0575;-11,7187;
2026 02 03 09:23:20:586;0,293;13;2;12,7411;1,3959;51,6968;4,0575;-3,9062;
2026 02 03 09:23:20:588;0,293;13;2;12,7411;1,3959;51,6968;4,0575;3,9063;
2026 02 03 09:23:20:590;0,293;13;2;12,7411;1,3959;51,6968;4,0575;0;
2026 02 03 09:23:20:592;0,293;13;2;12,7411;1,3959;51,6968;4,0575;0;
2026 02 03 09:23:20:594;0,293;13;2;12,7411;1,3959;51,6968;4,0575;3,9063;
2026 02 03 09:23:20:596;0,293;13;2;12,7411;1,3959;51,6968;4,0575;0;
2026 02 03 09:23:20:598;0,293;13;2;12,7411;1,3959;51,6968;4,0575;19,5313;
2026 02 03 09:23:20:600;0,293;13;2;12,7411;1,3959;51,6968;4,0575;23,4375;
2026 02 03 09:23:20:602;0,293;13;2;12,7411;1,3959;51,6968;4,0575;3,9063;
2026 02 03 09:23:20:604;0,293;13;2;12,7411;1,3959;51,6968;4,0575;-11,7187;
2026 02 03 09:23:20:606;0,293;13;2;12,7411;1,3959;51,6968;4,0575;-3,9062;
2026 02 03 09:23:20:608;0,293;13;2;12,7411;1,3959;51,6968;4,0575;0;
2026 02 03 09:23:20:610;0,293;13;2;12,7411;1,3959;51,6968;4,0575;3,9063;
2026 02 03 09:23:20:612;0,293;13;2;12,7411;1,3959;51,6968;4,0575;0;
2026 02 03 09:23:20:614;0,293;13;2;12,7411;1,3959;51,6968;4,0575;0;
2026 02 03 09:23:20:616;0,293;13;2;12,7411;1,3959;51,6968;4,0575;0;
2026 02 03 09:23:20:618;0,293;13;2;12,7411;1,3959;51,6968;4,0575;19,5313;
2026 02 03 09:23:20:620;0,293;13;2;12,7411;1,3959;51,6968;4,0575;19,5313;
2026 02 03 09:23:20:622;0,293;13;2;12,7411;1,3959;51,6968;4,0575;0;
2026 02 03 09:23:20:624;0,293;13;2;12,7411;1,3959;51,6968;4,0575;-15,625;
2026 02 03 09:23:20:626;0,293;13;2;12,7411;1,3959;51,6968;4,0575;-3,9062;
2026 02 03 09:23:20:628;0,293;13;2;12,7411;1,3959;51,6968;4,0575;0;
2026 02 03 09:23:20:630;0,293;13;2;12,7411;1,3959;51,6968;4,0575;3,9063;
2026 02 03 09:23:20:632;0,293;13;2;12,7411;1,3959;51,6968;4,0575;0;
2026 02 03 09:23:20:634;0,293;13;2;12,7411;1,3959;51,6968;4,0575;3,9063;
2026 02 03 09:23:20:636;0,293;13;2;12,7411;1,3959;51,6968;4,0575;0;
2026 02 03 09:23:20:638;0,293;13;2;12,7411;1,3959;51,6968;4,0575;23,4375;
2026 02 03 09:23:20:640;0,293;13;2;12,7411;1,3959;51,6968;4,0575;23,4375;
2026 02 03 09:23:20:642;0,293;13;2;12,7411;1,3959;51,6968;4,0575;3,9063;
2026 02 03 09:23:20:644;0,293;13;2;12,7411;1,3959;51,6968;4,0575;-11,7187;
2026 02 03 09:23:20:646;0,293;13;2;12,7411;1,3959;51,6968;4,0575;-3,9062;
2026 02 03 09:23:20:648;0,293;13;2;12,7411;1,3959;51,6968;4,0575;0;
2026 02 03 09:23:20:650;0,293;13;2;12,7411;1,3959;51,6968;4,0575;0;
2026 02 03 09:23:20:652;0,293;13;2;12,7411;1,3959;51,6968;4,0575;0;
2026 02 03 09:23:20:654;0,293;13;2;12,7411;1,3959;51,6968;4,0575;0;
2026 02 03 09:23:20:656;0,293;13;2;12,7411;1,3959;51,6968;4,0575;0;
2026 02 03 09:23:20:658;0,293;13;2;12,7411;1,3959;51,6968;4,0575;19,5313;
2026 02 03 09:23:20:660;0,293;13;2;12,7411;1,3959;51,6968;4,0575;19,5313;
2026 02 03 09:23:20:662;0,293;13;2;12,7411;1,3959;51,6968;4,0575;0;
2026 02 03 09:23:20:664;0,293;13;2;12,7411;1,3959;51,6968;4,0575;-11,7187;
2026 02 03 09:23:20:666;0,293;13;2;12,7411;1,3959;51,6968;4,0575;-3,9062;
2026 02 03 09:23:20:668;0,293;13;2;12,7411;1,3959;51,6968;4,0575;0;
2026 02 03 09:23:20:670;0,293;13;2;12,7411;1,3959;51,6968;4,0575;3,9063;
2026 02 03 09:23:20:672;0,293;13;2;12,7411;1,3959;51,6968;4,0575;0;
2026 02 03 09:23:20:674;0,293;13;2;12,7411;1,3959;51,6968;4,0575;0;
2026 02 03 09:23:20:676;0,293;13;2;12,7411;1,3959;51,6968;4,0575;3,9063;
2026 02 03 09:23:20:678;0,293;13;2;12,7411;1,3959;51,6968;4,0575;19,5313;
2026 02 03 09:23:20:680;0,293;13;2;12,7411;1,3959;51,6968;4,0575;23,4375;
2026 02 03 09:23:20:682;0,293;13;2;12,7411;1,3959;51,6968;4,0575;3,9063;
2026 02 03 09:23:20:684;0,293;13;2;12,7411;1,3959;51,6968;4,0575;-15,625;
2026 02 03 09:23:20:686;0,293;13;2;12,7411;1,3959;51,6968;4,0575;-3,9062;
2026 02 03 09:23:20:688;0,293;13;2;12,7411;1,3959;51,6968;4,0575;3,9063;
2026 02 03 09:23:20:690;0,293;13;2;12,7411;1,3959;51,6968;4,0575;3,9063;
2026 02 03 09:23:20:692;0,293;13;2;12,7411;1,3959;51,6968;4,0575;3,9063;
2026 02 03 09:23:20:694;0,293;13;2;12,7411;1,3959;51,6968;4,0575;3,9063;
2026 02 03 09:23:20:696;0,293;13;2;12,7411;1,3959;51,6968;4,0575;3,9063;
2026 02 03 09:23:20:698;0,293;13;2;12,7411;1,3959;51,6968;4,0575;23,4375;
2026 02 03 09:23:20:700;0,293;13;2;12,7411;1,3959;51,6968;4,0575;23,4375;
2026 02 03 09:23:20:702;0,293;13;2;12,7411;1,3959;51,6968;4,0575;3,9063;
2026 02 03 09:23:20:704;0,293;13;2;12,7411;1,3959;51,6968;4,0575;-7,8125;
2026 02 03 09:23:20:706;0,293;13;2;12,7411;1,3959;51,6968;4,0575;-3,9062;
2026 02 03 09:23:20:708;0,293;13;2;12,7411;1,3959;51,6968;4,0575;0;
2026 02 03 09:23:20:710;0,293;13;2;12,7411;1,3959;51,6968;4,0575;3,9063;
2026 02 03 09:23:20:712;0,293;13;2;12,7411;1,3959;51,6968;4,0575;0;
2026 02 03 09:23:20:714;0,293;13;2;12,7411;1,3959;51,6968;4,0575;3,9063;
2026 02 03 09:23:20:716;0,293;13;2;12,7411;1,3959;51,6968;4,0575;0;
2026 02 03 09:23:20:718;0,293;13;2;12,7411;1,3959;51,6968;4,0575;23,4375;
2026 02 03 09:23:20:720;0,293;13;2;12,7563;1,3643;52,002;4,0766;19,5313;
2026 02 03 09:23:20:722;0,293;13;2;12,7563;1,3643;52,002;4,0766;3,9063;
2026 02 03 09:23:20:724;0,293;13;2;12,7563;1,3643;52,002;4,0766;-11,7187;
2026 02 03 09:23:20:726;0,293;13;2;12,7563;1,3643;52,002;4,0766;0;
2026 02 03 09:23:20:728;0,293;13;2;12,7563;1,3643;52,002;4,0766;0;
2026 02 03 09:23:20:730;0,293;13;2;12,7563;1,3643;52,002;4,0766;3,9063;
2026 02 03 09:23:20:732;0,293;13;2;12,7563;1,3643;52,002;4,0766;3,9063;
2026 02 03 09:23:20:734;0,293;13;2;12,7563;1,3643;52,002;4,0766;3,9063;
2026 02 03 09:23:20:736;0,293;13;2;12,7563;1,3643;52,002;4,0766;3,9063;
2026 02 03 09:23:20:738;0,293;13;2;12,7563;1,3643;52,002;4,0766;23,4375;
2026 02 03 09:23:20:740;0,293;13;2;12,7563;1,3643;52,002;4,0766;19,5313;
2026 02 03 09:23:20:742;0,293;13;2;12,7563;1,3643;52,002;4,0766;3,9063;
2026 02 03 09:23:20:744;0,293;13;2;12,7563;1,3643;52,002;4,0766;-15,625;
2026 02 03 09:23:20:746;0,293;13;2;12,7563;1,3643;52,002;4,0766;-3,9062;
2026 02 03 09:23:20:748;0,293;13;2;12,7563;1,3643;52,002;4,0766;3,9063;
2026 02 03 09:23:20:750;0,293;13;2;12,7563;1,3643;52,002;4,0766;0;
2026 02 03 09:23:20:752;0,293;13;2;12,7563;1,3643;52,002;4,0766;3,9063;
2026 02 03 09:23:20:754;0,293;13;2;12,7563;1,3643;52,002;4,0766;3,9063;
2026 02 03 09:23:20:756;0,293;13;2;12,7563;1,3643;52,002;4,0766;3,9063;
2026 02 03 09:23:20:758;0,293;13;2;12,7563;1,3643;52,002;4,0766;19,5313;
2026 02 03 09:23:20:760;0,293;13;2;12,7563;1,3643;52,002;4,0766;23,4375;
2026 02 03 09:23:20:762;0,293;13;2;12,7563;1,3643;52,002;4,0766;3,9063;
2026 02 03 09:23:20:764;0,293;13;2;12,7563;1,3643;52,002;4,0766;-11,7187;
2026 02 03 09:23:20:766;0,293;13;2;12,7563;1,3643;52,002;4,0766;-3,9062;
2026 02 03 09:23:20:768;0,293;13;2;12,7563;1,3643;52,002;4,0766;3,9063;
2026 02 03 09:23:20:770;0,293;13;2;12,7563;1,3643;52,002;4,0766;3,9063;
2026 02 03 09:23:20:772;0,293;13;2;12,7563;1,3643;52,002;4,0766;0;
2026 02 03 09:23:20:774;0,293;13;2;12,7563;1,3643;52,002;4,0766;3,9063;
2026 02 03 09:23:20:776;0,293;13;2;12,7563;1,3643;52,002;4,0766;3,9063;
2026 02 03 09:23:20:778;0,293;13;2;12,7563;1,3643;52,002;4,0766;23,4375;
2026 02 03 09:23:20:780;0,293;13;2;12,7563;1,3643;52,002;4,0766;19,5313;
2026 02 03 09:23:20:782;0,293;13;2;12,7563;1,3643;52,002;4,0766;3,9063;
2026 02 03 09:23:20:784;0,293;13;2;12,7563;1,3643;52,002;4,0766;-11,7187;
2026 02 03 09:23:20:786;0,293;13;2;12,7563;1,3643;52,002;4,0766;0;
2026 02 03 09:23:20:788;0,293;13;2;12,7563;1,3643;52,002;4,0766;0;
2026 02 03 09:23:20:790;0,293;13;2;12,7563;1,3643;52,002;4,0766;3,9063;
2026 02 03 09:23:20:792;0,293;13;2;12,7563;1,3643;52,002;4,0766;0;
2026 02 03 09:23:20:794;0,293;13;2;12,7563;1,3643;52,002;4,0766;3,9063;
2026 02 03 09:23:20:796;0,293;13;2;12,7563;1,3643;52,002;4,0766;0;
2026 02 03 09:23:20:798;0,293;13;2;12,7563;1,3643;52,002;4,0766;19,5313;
2026 02 03 09:23:20:800;0,293;13;2;12,7563;1,3643;52,002;4,0766;19,5313;
2026 02 03 09:23:20:802;0,293;13;2;12,7563;1,3643;52,002;4,0766;3,9063;
2026 02 03 09:23:20:804;0,293;13;2;12,7563;1,3643;52,002;4,0766;-11,7187;
2026 02 03 09:23:20:806;0,293;13;2;12,7563;1,3643;52,002;4,0766;-3,9062;
2026 02 03 09:23:20:808;0,293;13;2;12,7563;1,3643;52,002;4,0766;0;
2026 02 03 09:23:20:810;0,293;13;2;12,7563;1,3643;52,002;4,0766;3,9063;
2026 02 03 09:23:20:812;0,293;13;2;12,7563;1,3643;52,002;4,0766;3,9063;
2026 02 03 09:23:20:814;0,293;13;2;12,7563;1,3643;52,002;4,0766;0;
2026 02 03 09:23:20:816;0,293;13;2;12,7563;1,3643;52,002;4,0766;0;
2026 02 03 09:23:20:818;0,293;13;2;12,7563;1,3643;52,002;4,0766;23,4375;
2026 02 03 09:23:20:820;0,293;13;2;12,7563;1,3643;52,002;4,0766;15,625;
2026 02 03 09:23:20:822;0,293;13;2;12,7563;1,3643;52,002;4,0766;0;
2026 02 03 09:23:20:824;0,293;13;2;12,7563;1,3643;52,002;4,0766;-19,5312;
2026 02 03 09:23:20:826;0,293;13;2;12,7563;1,3643;52,002;4,0766;0;
2026 02 03 09:23:20:828;0,293;13;2;12,7563;1,3643;52,002;4,0766;3,9063;
2026 02 03 09:23:20:830;0,293;13;2;12,7563;1,3643;52,002;4,0766;3,9063;
2026 02 03 09:23:20:832;0,293;13;2;12,7563;1,3643;52,002;4,0766;0;
2026 02 03 09:23:20:834;0,293;13;2;12,7563;1,3643;52,002;4,0766;0;
2026 02 03 09:23:20:836;0,293;13;2;12,7563;1,3643;52,002;4,0766;0;
2026 02 03 09:23:20:838;0,293;13;2;12,7563;1,3643;52,002;4,0766;23,4375;
2026 02 03 09:23:20:840;0,293;13;2;12,7563;1,3643;52,002;4,0766;23,4375;
2026 02 03 09:23:20:842;0,293;13;2;12,7563;1,3643;52,002;4,0766;3,9063;
2026 02 03 09:23:20:844;0,293;13;2;12,7563;1,3643;52,002;4,0766;-11,7187;
2026 02 03 09:23:20:846;0,293;13;2;12,7563;1,3643;52,002;4,0766;-3,9062;
2026 02 03 09:23:20:848;0,293;13;2;12,7563;1,3643;52,002;4,0766;3,9063;
2026 02 03 09:23:20:850;0,293;13;2;12,7563;1,3643;52,002;4,0766;0;
2026 02 03 09:23:20:852;0,293;13;2;12,7563;1,3643;52,002;4,0766;0;
2026 02 03 09:23:20:854;0,293;13;2;12,7563;1,3643;52,002;4,0766;3,9063;
2026 02 03 09:23:20:856;0,293;13;2;12,7563;1,3643;52,002;4,0766;0;
2026 02 03 09:23:20:858;0,293;13;2;12,7563;1,3643;52,002;4,0766;19,5313;
2026 02 03 09:23:20:860;0,293;13;2;12,7563;1,3643;52,002;4,0766;15,625;
2026 02 03 09:23:20:862;0,293;13;2;12,7563;1,3643;52,002;4,0766;3,9063;
2026 02 03 09:23:20:864;0,293;13;2;12,7563;1,3643;52,002;4,0766;-11,7187;
2026 02 03 09:23:20:866;0,293;13;2;12,7563;1,3643;52,002;4,0766;0;
2026 02 03 09:23:20:868;0,293;13;2;12,7563;1,3643;52,002;4,0766;0;
2026 02 03 09:23:20:870;0,293;13;2;12,7563;1,3643;52,002;4,0766;0;
2026 02 03 09:23:20:872;0,293;13;2;12,7563;1,3643;52,002;4,0766;0;
2026 02 03 09:23:20:874;0,293;13;2;12,7563;1,3643;52,002;4,0766;3,9063;
2026 02 03 09:23:20:876;0,293;13;2;12,7563;1,3643;52,002;4,0766;0;
2026 02 03 09:23:20:878;0,293;13;2;12,7563;1,3643;52,002;4,0766;23,4375;
2026 02 03 09:23:20:880;0,293;13;2;12,7563;1,3643;52,002;4,0766;19,5313;
2026 02 03 09:23:20:882;0,293;13;2;12,7563;1,3643;52,002;4,0766;0;
2026 02 03 09:23:20:884;0,293;13;2;12,7563;1,3643;52,002;4,0766;-19,5312;
2026 02 03 09:23:20:886;0,293;13;2;12,7563;1,3643;52,002;4,0766;0;
2026 02 03 09:23:20:888;0,293;13;2;12,7563;1,3643;52,002;4,0766;0;
2026 02 03 09:23:20:890;0,293;13;2;12,7563;1,3643;52,002;4,0766;3,9063;
2026 02 03 09:23:20:892;0,293;13;2;12,7563;1,3643;52,002;4,0766;0;
2026 02 03 09:23:20:894;0,293;13;2;12,7563;1,3643;52,002;4,0766;3,9063;
2026 02 03 09:23:20:896;0,293;13;2;12,7563;1,3643;52,002;4,0766;3,9063;
2026 02 03 09:23:20:898;0,293;13;2;12,7563;1,3643;52,002;4,0766;23,4375;
2026 02 03 09:23:20:900;0,293;13;2;12,7563;1,3643;52,002;4,0766;27,3438;
2026 02 03 09:23:20:902;0,293;13;2;12,7563;1,3643;52,002;4,0766;0;
2026 02 03 09:23:20:904;0,293;13;2;12,7563;1,3643;52,002;4,0766;-15,625;
2026 02 03 09:23:20:906;0,293;13;2;12,7563;1,3643;52,002;4,0766;-3,9062;
2026 02 03 09:23:20:908;0,293;13;2;12,7563;1,3643;52,002;4,0766;0;
2026 02 03 09:23:20:910;0,293;13;2;12,7563;1,3643;52,002;4,0766;3,9063;
2026 02 03 09:23:20:912;0,293;13;2;12,7563;1,3643;52,002;4,0766;3,9063;
2026 02 03 09:23:20:914;0,293;13;2;12,7563;1,3643;52,002;4,0766;0;
2026 02 03 09:23:20:916;0,293;13;2;12,7563;1,3643;52,002;4,0766;3,9063;
2026 02 03 09:23:20:918;0,293;13;2;12,7563;1,3643;52,002;4,0766;23,4375;
2026 02 03 09:23:20:920;0,293;13;2;12,7563;1,3643;52,002;4,0766;15,625;
2026 02 03 09:23:20:922;0,293;13;2;12,7563;1,3643;52,002;4,0766;3,9063;
2026 02 03 09:23:20:924;0,293;13;2;12,7563;1,3643;52,002;4,0766;-15,625;
2026 02 03 09:23:20:926;0,293;13;2;12,7563;1,3643;52,002;4,0766;-3,9062;
2026 02 03 09:23:20:928;0,293;13;2;12,7563;1,3643;52,002;4,0766;0;
2026 02 03 09:23:20:930;0,293;13;2;12,7563;1,3643;52,002;4,0766;3,9063;
2026 02 03 09:23:20:932;0,293;13;2;12,7563;1,3643;52,002;4,0766;3,9063;
2026 02 03 09:23:20:934;0,293;13;2;12,7563;1,3643;52,002;4,0766;0;
2026 02 03 09:23:20:936;0,293;13;2;12,7563;1,3643;52,002;4,0766;3,9063;
2026 02 03 09:23:20:938;0,293;13;2;12,7563;1,3643;52,002;4,0766;23,4375;
2026 02 03 09:23:20:940;0,293;13;2;12,7563;1,3643;52,002;4,0766;19,5313;
2026 02 03 09:23:20:942;0,293;13;2;12,7563;1,3643;52,002;4,0766;3,9063;
2026 02 03 09:23:20:944;0,293;13;2;12,7563;1,3643;52,002;4,0766;-19,5312;
2026 02 03 09:23:20:946;0,293;13;2;12,7563;1,3643;52,002;4,0766;0;
2026 02 03 09:23:20:948;0,293;13;2;12,7563;1,3643;52,002;4,0766;0;
2026 02 03 09:23:20:950;0,293;13;2;12,7563;1,3643;52,002;4,0766;0;
2026 02 03 09:23:20:952;0,293;13;2;12,7563;1,3643;52,002;4,0766;3,9063;
2026 02 03 09:23:20:954;0,293;13;2;12,7563;1,3643;52,002;4,0766;3,9063;
2026 02 03 09:23:20:956;0,293;13;2;12,7563;1,3643;52,002;4,0766;3,9063;
2026 02 03 09:23:20:958;0,293;13;2;12,7563;1,3643;52,002;4,0766;19,5313;
2026 02 03 09:23:20:960;0,293;13;2;12,7563;1,3643;52,002;4,0766;19,5313;
2026 02 03 09:23:20:962;0,293;13;2;12,7563;1,3643;52,002;4,0766;3,9063;
2026 02 03 09:23:20:964;0,293;13;2;12,7563;1,3643;52,002;4,0766;-15,625;
2026 02 03 09:23:20:966;0,293;13;2;12,7563;1,3643;52,002;4,0766;-3,9062;
2026 02 03 09:23:20:968;0,293;13;2;12,7563;1,3643;52,002;4,0766;3,9063;
2026 02 03 09:23:20:970;0,293;13;2;12,7563;1,3643;52,002;4,0766;3,9063;
2026 02 03 09:23:20:972;0,293;13;2;12,7563;1,3643;52,002;4,0766;0;
2026 02 03 09:23:20:974;0,293;13;2;12,7563;1,3643;52,002;4,0766;3,9063;
2026 02 03 09:23:20:976;0,293;13;2;12,7563;1,3643;52,002;4,0766;0;
2026 02 03 09:23:20:978;0,293;13;2;12,7563;1,3643;52,002;4,0766;27,3438;
2026 02 03 09:23:20:980;0,293;13;2;12,7563;1,3643;52,002;4,0766;19,5313;
2026 02 03 09:23:20:982;0,293;13;2;12,7563;1,3643;52,002;4,0766;3,9063;
2026 02 03 09:23:20:984;0,293;13;2;12,7563;1,3643;52,002;4,0766;-15,625;
2026 02 03 09:23:20:986;0,293;13;2;12,7563;1,3643;52,002;4,0766;0;
2026 02 03 09:23:20:988;0,293;13;2;12,7563;1,3643;52,002;4,0766;0;
2026 02 03 09:23:20:990;0,293;13;2;12,7563;1,3643;52,002;4,0766;3,9063;
2026 02 03 09:23:20:992;0,293;13;2;12,7563;1,3643;52,002;4,0766;3,9063;
2026 02 03 09:23:20:994;0,293;13;2;12,7563;1,3643;52,002;4,0766;3,9063;
2026 02 03 09:23:20:996;0,293;13;2;12,7563;1,3643;52,002;4,0766;3,9063;
2026 02 03 09:23:20:998;0,293;13;2;12,7563;1,3643;52,002;4,0766;23,4375;
2026 02 03 09:23:21:000;0,293;13;2;12,7563;1,3643;52,002;4,0766;19,5313;
2026 02 03 09:23:21:002;0,293;13;2;12,7563;1,3643;52,002;4,0766;3,9063;
2026 02 03 09:23:21:004;0,293;13;2;12,7563;1,3643;52,002;4,0766;-15,625;
2026 02 03 09:23:21:006;0,293;13;2;12,7563;1,3643;52,002;4,0766;0;
2026 02 03 09:23:21:008;0,293;13;2;12,7563;1,3643;52,002;4,0766;3,9063;
2026 02 03 09:23:21:010;0,293;13;2;12,7563;1,3643;52,002;4,0766;3,9063;
2026 02 03 09:23:21:012;0,293;13;2;12,7563;1,3643;52,002;4,0766;3,9063;
2026 02 03 09:23:21:014;0,293;13;2;12,7563;1,3643;52,002;4,0766;3,9063;
2026 02 03 09:23:21:016;0,293;13;2;12,7563;1,3643;52,002;4,0766;3,9063;
2026 02 03 09:23:21:018;0,2939;13;2;12,7258;1,3338;51,4221;4,0408;19,5313;
2026 02 03 09:23:21:020;0,2939;13;2;12,7258;1,3338;51,4221;4,0408;15,625;
2026 02 03 09:23:21:022;0,2939;13;2;12,7258;1,3338;51,4221;4,0408;0;
2026 02 03 09:23:21:024;0,2939;13;2;12,7258;1,3338;51,4221;4,0408;-19,5312;
2026 02 03 09:23:21:026;0,2939;13;2;12,7258;1,3338;51,4221;4,0408;0;
2026 02 03 09:23:21:028;0,2939;13;2;12,7258;1,3338;51,4221;4,0408;3,9063;
2026 02 03 09:23:21:030;0,2939;13;2;12,7258;1,3338;51,4221;4,0408;3,9063;
2026 02 03 09:23:21:032;0,2939;13;2;12,7258;1,3338;51,4221;4,0408;3,9063;
2026 02 03 09:23:21:034;0,2939;13;2;12,7258;1,3338;51,4221;4,0408;3,9063;
2026 02 03 09:23:21:036;0,2939;13;2;12,7258;1,3338;51,4221;4,0408;0;
2026 02 03 09:23:21:038;0,2939;13;2;12,7258;1,3338;51,4221;4,0408;27,3438;
2026 02 03 09:23:21:040;0,2939;13;2;12,7258;1,3338;51,4221;4,0408;19,5313;
2026 02 03 09:23:21:042;0,2939;13;2;12,7258;1,3338;51,4221;4,0408;3,9063;
2026 02 03 09:23:21:044;0,2939;13;2;12,7258;1,3338;51,4221;4,0408;-15,625;
2026 02 03 09:23:21:046;0,2939;13;2;12,7258;1,3338;51,4221;4,0408;-3,9062;
2026 02 03 09:23:21:048;0,2939;13;2;12,7258;1,3338;51,4221;4,0408;3,9063;
2026 02 03 09:23:21:050;0,2939;13;2;12,7258;1,3338;51,4221;4,0408;3,9063;
2026 02 03 09:23:21:052;0,2939;13;2;12,7258;1,3338;51,4221;4,0408;3,9063;
2026 02 03 09:23:21:054;0,2939;13;2;12,7258;1,3338;51,4221;4,0408;3,9063;
2026 02 03 09:23:21:056;0,2939;13;2;12,7258;1,3338;51,4221;4,0408;3,9063;
2026 02 03 09:23:21:058;0,2939;13;2;12,7258;1,3338;51,4221;4,0408;23,4375;
2026 02 03 09:23:21:060;0,2939;13;2;12,7258;1,3338;51,4221;4,0408;15,625;
2026 02 03 09:23:21:062;0,2939;13;2;12,7258;1,3338;51,4221;4,0408;7,8125;
2026 02 03 09:23:21:064;0,2939;13;2;12,7258;1,3338;51,4221;4,0408;-15,625;
2026 02 03 09:23:21:066;0,2939;13;2;12,7258;1,3338;51,4221;4,0408;-3,9062;
2026 02 03 09:23:21:068;0,2939;13;2;12,7258;1,3338;51,4221;4,0408;3,9063;
2026 02 03 09:23:21:070;0,2939;13;2;12,7258;1,3338;51,4221;4,0408;3,9063;
2026 02 03 09:23:21:072;0,2939;13;2;12,7258;1,3338;51,4221;4,0408;3,9063;
2026 02 03 09:23:21:074;0,2939;13;2;12,7258;1,3338;51,4221;4,0408;0;
2026 02 03 09:23:21:076;0,2939;13;2;12,7258;1,3338;51,4221;4,0408;3,9063;
2026 02 03 09:23:21:078;0,2939;13;2;12,7258;1,3338;51,4221;4,0408;23,4375;
2026 02 03 09:23:21:080;0,2939;13;2;12,7258;1,3338;51,4221;4,0408;15,625;
2026 02 03 09:23:21:082;0,2939;13;2;12,7258;1,3338;51,4221;4,0408;3,9063;
2026 02 03 09:23:21:084;0,2939;13;2;12,7258;1,3338;51,4221;4,0408;-19,5312;
2026 02 03 09:23:21:086;0,2939;13;2;12,7258;1,3338;51,4221;4,0408;-3,9062;
2026 02 03 09:23:21:088;0,2939;13;2;12,7258;1,3338;51,4221;4,0408;3,9063;
2026 02 03 09:23:21:090;0,2939;13;2;12,7258;1,3338;51,4221;4,0408;3,9063;
2026 02 03 09:23:21:092;0,2939;13;2;12,7258;1,3338;51,4221;4,0408;3,9063;
2026 02 03 09:23:21:094;0,2939;13;2;12,7258;1,3338;51,4221;4,0408;3,9063;
2026 02 03 09:23:21:096;0,2939;13;2;12,7258;1,3338;51,4221;4,0408;3,9063;
2026 02 03 09:23:21:098;0,2939;13;2;12,7258;1,3338;51,4221;4,0408;23,4375;
2026 02 03 09:23:21:100;0,2939;13;2;12,7258;1,3338;51,4221;4,0408;23,4375;
2026 02 03 09:23:21:102;0,2939;13;2;12,7258;1,3338;51,4221;4,0408;0;
2026 02 03 09:23:21:104;0,2939;13;2;12,7258;1,3338;51,4221;4,0408;-19,5312;
2026 02 03 09:23:21:106;0,2939;13;2;12,7258;1,3338;51,4221;4,0408;-3,9062;
2026 02 03 09:23:21:108;0,2939;13;2;12,7258;1,3338;51,4221;4,0408;0;
2026 02 03 09:23:21:110;0,2939;13;2;12,7258;1,3338;51,4221;4,0408;3,9063;
2026 02 03 09:23:21:112;0,2939;13;2;12,7258;1,3338;51,4221;4,0408;3,9063;
2026 02 03 09:23:21:114;0,2939;13;2;12,7258;1,3338;51,4221;4,0408;0;
2026 02 03 09:23:21:116;0,2939;13;2;12,7258;1,3338;51,4221;4,0408;3,9063;
2026 02 03 09:23:21:118;0,2939;13;2;12,7258;1,3338;51,4221;4,0408;19,5313;
2026 02 03 09:23:21:120;0,2939;13;2;12,7258;1,3338;51,4221;4,0408;15,625;
2026 02 03 09:23:21:122;0,2939;13;2;12,7258;1,3338;51,4221;4,0408;3,9063;
2026 02 03 09:23:21:124;0,2939;13;2;12,7258;1,3338;51,4221;4,0408;-15,625;
2026 02 03 09:23:21:126;0,2939;13;2;12,7258;1,3338;51,4221;4,0408;-3,9062;
2026 02 03 09:23:21:128;0,2939;13;2;12,7258;1,3338;51,4221;4,0408;0;
2026 02 03 09:23:21:130;0,2939;13;2;12,7258;1,3338;51,4221;4,0408;3,9063;
2026 02 03 09:23:21:132;0,2939;13;2;12,7258;1,3338;51,4221;4,0408;3,9063;
2026 02 03 09:23:21:134;0,2939;13;2;12,7258;1,3338;51,4221;4,0408;0;
2026 02 03 09:23:21:136;0,2939;13;2;12,7258;1,3338;51,4221;4,0408;3,9063;
2026 02 03 09:23:21:138;0,2939;13;2;12,7258;1,3338;51,4221;4,0408;23,4375;
2026 02 03 09:23:21:140;0,2939;13;2;12,7258;1,3338;51,4221;4,0408;19,5313;
2026 02 03 09:23:21:142;0,2939;13;2;12,7258;1,3338;51,4221;4,0408;3,9063;
2026 02 03 09:23:21:144;0,2939;13;2;12,7258;1,3338;51,4221;4,0408;-19,5312;
2026 02 03 09:23:21:146;0,2939;13;2;12,7258;1,3338;51,4221;4,0408;-3,9062;
2026 02 03 09:23:21:148;0,2939;13;2;12,7258;1,3338;51,4221;4,0408;0;
2026 02 03 09:23:21:150;0,2939;13;2;12,7258;1,3338;51,4221;4,0408;3,9063;
2026 02 03 09:23:21:152;0,2939;13;2;12,7258;1,3338;51,4221;4,0408;3,9063;
2026 02 03 09:23:21:154;0,2939;13;2;12,7258;1,3338;51,4221;4,0408;3,9063;
2026 02 03 09:23:21:156;0,2939;13;2;12,7258;1,3338;51,4221;4,0408;3,9063;
2026 02 03 09:23:21:158;0,2939;13;2;12,7258;1,3338;51,4221;4,0408;19,5313;
2026 02 03 09:23:21:160;0,2939;13;2;12,7258;1,3338;51,4221;4,0408;19,5313;
2026 02 03 09:23:21:162;0,2939;13;2;12,7258;1,3338;51,4221;4,0408;3,9063;
2026 02 03 09:23:21:164;0,2939;13;2;12,7258;1,3338;51,4221;4,0408;-15,625;
2026 02 03 09:23:21:166;0,2939;13;2;12,7258;1,3338;51,4221;4,0408;-3,9062;
2026 02 03 09:23:21:168;0,2939;13;2;12,7258;1,3338;51,4221;4,0408;3,9063;
2026 02 03 09:23:21:170;0,2939;13;2;12,7258;1,3338;51,4221;4,0408;3,9063;
2026 02 03 09:23:21:172;0,2939;13;2;12,7258;1,3338;51,4221;4,0408;3,9063;
2026 02 03 09:23:21:174;0,2939;13;2;12,7258;1,3338;51,4221;4,0408;3,9063;
2026 02 03 09:23:21:176;0,2939;13;2;12,7258;1,3338;51,4221;4,0408;3,9063;
2026 02 03 09:23:21:178;0,2939;13;2;12,7258;1,3338;51,4221;4,0408;23,4375;
2026 02 03 09:23:21:180;0,2939;13;2;12,7258;1,3338;51,4221;4,0408;15,625;
2026 02 03 09:23:21:182;0,2939;13;2;12,7258;1,3338;51,4221;4,0408;3,9063;
2026 02 03 09:23:21:184;0,2939;13;2;12,7258;1,3338;51,4221;4,0408;-15,625;
2026 02 03 09:23:21:186;0,2939;13;2;12,7258;1,3338;51,4221;4,0408;0;
2026 02 03 09:23:21:188;0,2939;13;2;12,7258;1,3338;51,4221;4,0408;3,9063;
2026 02 03 09:23:21:190;0,2939;13;2;12,7258;1,3338;51,4221;4,0408;3,9063;
2026 02 03 09:23:21:192;0,2939;13;2;12,7258;1,3338;51,4221;4,0408;3,9063;
2026 02 03 09:23:21:194;0,2939;13;2;12,7258;1,3338;51,4221;4,0408;3,9063;
2026 02 03 09:23:21:196;0,2939;13;2;12,7258;1,3338;51,4221;4,0408;0;
2026 02 03 09:23:21:198;0,2939;13;2;12,7258;1,3338;51,4221;4,0408;23,4375;
2026 02 03 09:23:21:200;0,2939;13;2;12,7258;1,3338;51,4221;4,0408;15,625;
2026 02 03 09:23:21:202;0,2939;13;2;12,7258;1,3338;51,4221;4,0408;0;
2026 02 03 09:23:21:204;0,2939;13;2;12,7258;1,3338;51,4221;4,0408;-15,625;
2026 02 03 09:23:21:206;0,2939;13;2;12,7258;1,3338;51,4221;4,0408;-3,9062;
2026 02 03 09:23:21:208;0,2939;13;2;12,7258;1,3338;51,4221;4,0408;0;
2026 02 03 09:23:21:210;0,2939;13;2;12,7258;1,3338;51,4221;4,0408;3,9063;
2026 02 03 09:23:21:212;0,2939;13;2;12,7258;1,3338;51,4221;4,0408;0;
2026 02 03 09:23:21:214;0,2939;13;2;12,7258;1,3338;51,4221;4,0408;0;
2026 02 03 09:23:21:216;0,2939;13;2;12,7258;1,3338;51,4221;4,0408;3,9063;
2026 02 03 09:23:21:218;0,2939;13;2;12,7258;1,3338;51,4221;4,0408;19,5313;
2026 02 03 09:23:21:220;0,2939;13;2;12,7258;1,3338;51,4221;4,0408;15,625;
2026 02 03 09:23:21:222;0,2939;13;2;12,7258;1,3338;51,4221;4,0408;0;
2026 02 03 09:23:21:224;0,2939;13;2;12,7258;1,3338;51,4221;4,0408;-23,4375;
2026 02 03 09:23:21:226;0,2939;13;2;12,7258;1,3338;51,4221;4,0408;0;
2026 02 03 09:23:21:228;0,2939;13;2;12,7258;1,3338;51,4221;4,0408;0;
2026 02 03 09:23:21:230;0,2939;13;2;12,7258;1,3338;51,4221;4,0408;3,9063;
2026 02 03 09:23:21:232;0,2939;13;2;12,7258;1,3338;51,4221;4,0408;0;
2026 02 03 09:23:21:234;0,2939;13;2;12,7258;1,3338;51,4221;4,0408;3,9063;
2026 02 03 09:23:21:236;0,2939;13;2;12,7258;1,3338;51,4221;4,0408;3,9063;
2026 02 03 09:23:21:238;0,2939;13;2;12,7258;1,3338;51,4221;4,0408;31,25;
2026 02 03 09:23:21:240;0,2939;13;2;12,7258;1,3338;51,4221;4,0408;15,625;
2026 02 03 09:23:21:242;0,2939;13;2;12,7258;1,3338;51,4221;4,0408;3,9063;
2026 02 03 09:23:21:244;0,2939;13;2;12,7258;1,3338;51,4221;4,0408;-19,5312;
2026 02 03 09:23:21:246;0,2939;13;2;12,7258;1,3338;51,4221;4,0408;0;
2026 02 03 09:23:21:248;0,2939;13;2;12,7258;1,3338;51,4221;4,0408;0;
2026 02 03 09:23:21:250;0,2939;13;2;12,7258;1,3338;51,4221;4,0408;3,9063;
2026 02 03 09:23:21:252;0,2939;13;2;12,7258;1,3338;51,4221;4,0408;3,9063;
2026 02 03 09:23:21:254;0,2939;13;2;12,7258;1,3338;51,4221;4,0408;3,9063;
2026 02 03 09:23:21:256;0,2939;13;2;12,7258;1,3338;51,4221;4,0408;0;
2026 02 03 09:23:21:258;0,2939;13;2;12,7258;1,3338;51,4221;4,0408;23,4375;
2026 02 03 09:23:21:260;0,2939;13;2;12,7258;1,3338;51,4221;4,0408;15,625;
2026 02 03 09:23:21:262;0,2939;13;2;12,7258;1,3338;51,4221;4,0408;3,9063;
2026 02 03 09:23:21:264;0,2939;13;2;12,7258;1,3338;51,4221;4,0408;-15,625;
2026 02 03 09:23:21:266;0,2939;13;2;12,7258;1,3338;51,4221;4,0408;-3,9062;
2026 02 03 09:23:21:268;0,2939;13;2;12,7258;1,3338;51,4221;4,0408;3,9063;
2026 02 03 09:23:21:270;0,2939;13;2;12,7258;1,3338;51,4221;4,0408;3,9063;
2026 02 03 09:23:21:272;0,2939;13;2;12,7258;1,3338;51,4221;4,0408;3,9063;
2026 02 03 09:23:21:274;0,2939;13;2;12,7258;1,3338;51,4221;4,0408;3,9063;
2026 02 03 09:23:21:276;0,2939;13;2;12,7258;1,3338;51,4221;4,0408;3,9063;
2026 02 03 09:23:21:278;0,2939;13;2;12,7258;1,3338;51,4221;4,0408;23,4375;
2026 02 03 09:23:21:280;0,2939;13;2;12,7258;1,3338;51,4221;4,0408;15,625;
2026 02 03 09:23:21:282;0,2939;13;2;12,7258;1,3338;51,4221;4,0408;0;
2026 02 03 09:23:21:284;0,2939;13;2;12,7258;1,3338;51,4221;4,0408;-19,5312;
2026 02 03 09:23:21:286;0,2939;13;2;12,7258;1,3338;51,4221;4,0408;0;
2026 02 03 09:23:21:288;0,2939;13;2;12,7258;1,3338;51,4221;4,0408;3,9063;
2026 02 03 09:23:21:290;0,2939;13;2;12,7258;1,3338;51,4221;4,0408;3,9063;
2026 02 03 09:23:21:292;0,2939;13;2;12,7258;1,3338;51,4221;4,0408;3,9063;
2026 02 03 09:23:21:294;0,2939;13;2;12,7258;1,3338;51,4221;4,0408;3,9063;
2026 02 03 09:23:21:296;0,2939;13;2;12,7258;1,3338;51,4221;4,0408;3,9063;
2026 02 03 09:23:21:298;0,2939;13;2;12,7258;1,3338;51,4221;4,0408;23,4375;
2026 02 03 09:23:21:300;0,2939;13;2;12,7258;1,3338;51,4221;4,0408;23,4375;
2026 02 03 09:23:21:302;0,2939;13;2;12,7258;1,3338;51,4221;4,0408;0;
2026 02 03 09:23:21:304;0,2939;13;2;12,7258;1,3338;51,4221;4,0408;-15,625;
2026 02 03 09:23:21:306;0,2939;13;2;12,7258;1,3338;51,4221;4,0408;0;
2026 02 03 09:23:21:308;0,2939;13;2;12,7258;1,3338;51,4221;4,0408;3,9063;
2026 02 03 09:23:21:310;0,2939;13;2;12,7258;1,3338;51,4221;4,0408;3,9063;
2026 02 03 09:23:21:312;0,2939;13;2;12,7258;1,3338;51,4221;4,0408;3,9063;
2026 02 03 09:23:21:314;0,2939;13;2;12,7258;1,3338;51,4221;4,0408;3,9063;
2026 02 03 09:23:21:316;0,2939;13;2;12,7258;1,3338;51,4221;4,0408;3,9063;
2026 02 03 09:23:21:318;0,293;13;2;12,7411;1,4077;52,1088;4,0898;23,4375;
2026 02 03 09:23:21:320;0,293;13;2;12,7411;1,4077;52,1088;4,0898;15,625;
2026 02 03 09:23:21:322;0,293;13;2;12,7411;1,4077;52,1088;4,0898;3,9063;
2026 02 03 09:23:21:324;0,293;13;2;12,7411;1,4077;52,1088;4,0898;-11,7187;
2026 02 03 09:23:21:326;0,293;13;2;12,7411;1,4077;52,1088;4,0898;0;
2026 02 03 09:23:21:328;0,293;13;2;12,7411;1,4077;52,1088;4,0898;3,9063;
2026 02 03 09:23:21:330;0,293;13;2;12,7411;1,4077;52,1088;4,0898;3,9063;
2026 02 03 09:23:21:332;0,293;13;2;12,7411;1,4077;52,1088;4,0898;3,9063;
2026 02 03 09:23:21:334;0,293;13;2;12,7411;1,4077;52,1088;4,0898;3,9063;
2026 02 03 09:23:21:336;0,293;13;2;12,7411;1,4077;52,1088;4,0898;3,9063;
2026 02 03 09:23:21:338;0,293;13;2;12,7411;1,4077;52,1088;4,0898;27,3438;
2026 02 03 09:23:21:340;0,293;13;2;12,7411;1,4077;52,1088;4,0898;15,625;
2026 02 03 09:23:21:342;0,293;13;2;12,7411;1,4077;52,1088;4,0898;3,9063;
2026 02 03 09:23:21:344;0,293;13;2;12,7411;1,4077;52,1088;4,0898;-15,625;
2026 02 03 09:23:21:346;0,293;13;2;12,7411;1,4077;52,1088;4,0898;0;
2026 02 03 09:23:21:348;0,293;13;2;12,7411;1,4077;52,1088;4,0898;3,9063;
2026 02 03 09:23:21:350;0,293;13;2;12,7411;1,4077;52,1088;4,0898;3,9063;
2026 02 03 09:23:21:352;0,293;13;2;12,7411;1,4077;52,1088;4,0898;3,9063;
2026 02 03 09:23:21:354;0,293;13;2;12,7411;1,4077;52,1088;4,0898;3,9063;
2026 02 03 09:23:21:356;0,293;13;2;12,7411;1,4077;52,1088;4,0898;3,9063;
2026 02 03 09:23:21:358;0,293;13;2;12,7411;1,4077;52,1088;4,0898;27,3438;
2026 02 03 09:23:21:360;0,293;13;2;12,7411;1,4077;52,1088;4,0898;15,625;
2026 02 03 09:23:21:362;0,293;13;2;12,7411;1,4077;52,1088;4,0898;3,9063;
2026 02 03 09:23:21:364;0,293;13;2;12,7411;1,4077;52,1088;4,0898;-11,7187;
2026 02 03 09:23:21:366;0,293;13;2;12,7411;1,4077;52,1088;4,0898;-3,9062;
2026 02 03 09:23:21:368;0,293;13;2;12,7411;1,4077;52,1088;4,0898;3,9063;
2026 02 03 09:23:21:370;0,293;13;2;12,7411;1,4077;52,1088;4,0898;3,9063;
2026 02 03 09:23:21:372;0,293;13;2;12,7411;1,4077;52,1088;4,0898;3,9063;
2026 02 03 09:23:21:374;0,293;13;2;12,7411;1,4077;52,1088;4,0898;3,9063;
2026 02 03 09:23:21:376;0,293;13;2;12,7411;1,4077;52,1088;4,0898;3,9063;
2026 02 03 09:23:21:378;0,293;13;2;12,7411;1,4077;52,1088;4,0898;23,4375;
2026 02 03 09:23:21:380;0,293;13;2;12,7411;1,4077;52,1088;4,0898;15,625;
2026 02 03 09:23:21:382;0,293;13;2;12,7411;1,4077;52,1088;4,0898;3,9063;
2026 02 03 09:23:21:384;0,293;13;2;12,7411;1,4077;52,1088;4,0898;-15,625;
2026 02 03 09:23:21:386;0,293;13;2;12,7411;1,4077;52,1088;4,0898;0;
2026 02 03 09:23:21:388;0,293;13;2;12,7411;1,4077;52,1088;4,0898;0;
2026 02 03 09:23:21:390;0,293;13;2;12,7411;1,4077;52,1088;4,0898;3,9063;
2026 02 03 09:23:21:392;0,293;13;2;12,7411;1,4077;52,1088;4,0898;3,9063;
2026 02 03 09:23:21:394;0,293;13;2;12,7411;1,4077;52,1088;4,0898;3,9063;
2026 02 03 09:23:21:396;0,293;13;2;12,7411;1,4077;52,1088;4,0898;0;
2026 02 03 09:23:21:398;0,293;13;2;12,7411;1,4077;52,1088;4,0898;23,4375;
2026 02 03 09:23:21:400;0,293;13;2;12,7411;1,4077;52,1088;4,0898;15,625;
2026 02 03 09:23:21:402;0,293;13;2;12,7411;1,4077;52,1088;4,0898;3,9063;
2026 02 03 09:23:21:404;0,293;13;2;12,7411;1,4077;52,1088;4,0898;-19,5312;
2026 02 03 09:23:21:406;0,293;13;2;12,7411;1,4077;52,1088;4,0898;-3,9062;
2026 02 03 09:23:21:408;0,293;13;2;12,7411;1,4077;52,1088;4,0898;3,9063;
2026 02 03 09:23:21:410;0,293;13;2;12,7411;1,4077;52,1088;4,0898;3,9063;
2026 02 03 09:23:21:412;0,293;13;2;12,7411;1,4077;52,1088;4,0898;3,9063;
2026 02 03 09:23:21:414;0,293;13;2;12,7411;1,4077;52,1088;4,0898;3,9063;
2026 02 03 09:23:21:416;0,293;13;2;12,7411;1,4077;52,1088;4,0898;3,9063;
2026 02 03 09:23:21:418;0,293;13;2;12,7411;1,4077;52,1088;4,0898;23,4375;
2026 02 03 09:23:21:420;0,293;13;2;12,7411;1,4077;52,1088;4,0898;11,7188;
2026 02 03 09:23:21:422;0,293;13;2;12,7411;1,4077;52,1088;4,0898;3,9063;
2026 02 03 09:23:21:424;0,293;13;2;12,7411;1,4077;52,1088;4,0898;-15,625;
2026 02 03 09:23:21:426;0,293;13;2;12,7411;1,4077;52,1088;4,0898;0;
2026 02 03 09:23:21:428;0,293;13;2;12,7411;1,4077;52,1088;4,0898;0;
2026 02 03 09:23:21:430;0,293;13;2;12,7411;1,4077;52,1088;4,0898;3,9063;
2026 02 03 09:23:21:432;0,293;13;2;12,7411;1,4077;52,1088;4,0898;3,9063;
2026 02 03 09:23:21:434;0,293;13;2;12,7411;1,4077;52,1088;4,0898;3,9063;
2026 02 03 09:23:21:436;0,293;13;2;12,7411;1,4077;52,1088;4,0898;3,9063;
2026 02 03 09:23:21:438;0,293;13;2;12,7411;1,4077;52,1088;4,0898;27,3438;
2026 02 03 09:23:21:440;0,293;13;2;12,7411;1,4077;52,1088;4,0898;11,7188;
2026 02 03 09:23:21:442;0,293;13;2;12,7411;1,4077;52,1088;4,0898;3,9063;
2026 02 03 09:23:21:444;0,293;13;2;12,7411;1,4077;52,1088;4,0898;-15,625;
2026 02 03 09:23:21:446;0,293;13;2;12,7411;1,4077;52,1088;4,0898;0;
2026 02 03 09:23:21:448;0,293;13;2;12,7411;1,4077;52,1088;4,0898;0;
2026 02 03 09:23:21:450;0,293;13;2;12,7411;1,4077;52,1088;4,0898;3,9063;
2026 02 03 09:23:21:452;0,293;13;2;12,7411;1,4077;52,1088;4,0898;0;
2026 02 03 09:23:21:454;0,293;13;2;12,7411;1,4077;52,1088;4,0898;0;
2026 02 03 09:23:21:456;0,293;13;2;12,7411;1,4077;52,1088;4,0898;3,9063;
2026 02 03 09:23:21:458;0,293;13;2;12,7411;1,4077;52,1088;4,0898;27,3438;
2026 02 03 09:23:21:460;0,293;13;2;12,7411;1,4077;52,1088;4,0898;11,7188;
2026 02 03 09:23:21:462;0,293;13;2;12,7411;1,4077;52,1088;4,0898;3,9063;
2026 02 03 09:23:21:464;0,293;13;2;12,7411;1,4077;52,1088;4,0898;-15,625;
2026 02 03 09:23:21:466;0,293;13;2;12,7411;1,4077;52,1088;4,0898;0;
2026 02 03 09:23:21:468;0,293;13;2;12,7411;1,4077;52,1088;4,0898;0;
2026 02 03 09:23:21:470;0,293;13;2;12,7411;1,4077;52,1088;4,0898;0;
2026 02 03 09:23:21:472;0,293;13;2;12,7411;1,4077;52,1088;4,0898;3,9063;
2026 02 03 09:23:21:474;0,293;13;2;12,7411;1,4077;52,1088;4,0898;3,9063;
2026 02 03 09:23:21:476;0,293;13;2;12,7411;1,4077;52,1088;4,0898;3,9063;
2026 02 03 09:23:21:478;0,293;13;2;12,7411;1,4077;52,1088;4,0898;23,4375;
2026 02 03 09:23:21:480;0,293;13;2;12,7411;1,4077;52,1088;4,0898;11,7188;
2026 02 03 09:23:21:482;0,293;13;2;12,7411;1,4077;52,1088;4,0898;0;
2026 02 03 09:23:21:484;0,293;13;2;12,7411;1,4077;52,1088;4,0898;-19,5312;
2026 02 03 09:23:21:486;0,293;13;2;12,7411;1,4077;52,1088;4,0898;0;
2026 02 03 09:23:21:488;0,293;13;2;12,7411;1,4077;52,1088;4,0898;3,9063;
2026 02 03 09:23:21:490;0,293;13;2;12,7411;1,4077;52,1088;4,0898;0;
2026 02 03 09:23:21:492;0,293;13;2;12,7411;1,4077;52,1088;4,0898;3,9063;
2026 02 03 09:23:21:494;0,293;13;2;12,7411;1,4077;52,1088;4,0898;3,9063;
2026 02 03 09:23:21:496;0,293;13;2;12,7411;1,4077;52,1088;4,0898;3,9063;
2026 02 03 09:23:21:498;0,293;13;2;12,7411;1,4077;52,1088;4,0898;31,25;
2026 02 03 09:23:21:500;0,293;13;2;12,7411;1,4077;52,1088;4,0898;19,5313;
2026 02 03 09:23:21:502;0,293;13;2;12,7411;1,4077;52,1088;4,0898;3,9063;
2026 02 03 09:23:21:504;0,293;13;2;12,7411;1,4077;52,1088;4,0898;-15,625;
2026 02 03 09:23:21:506;0,293;13;2;12,7411;1,4077;52,1088;4,0898;0;
2026 02 03 09:23:21:508;0,293;13;2;12,7411;1,4077;52,1088;4,0898;0;
2026 02 03 09:23:21:510;0,293;13;2;12,7411;1,4077;52,1088;4,0898;3,9063;
2026 02 03 09:23:21:512;0,293;13;2;12,7411;1,4077;52,1088;4,0898;3,9063;
2026 02 03 09:23:21:514;0,293;13;2;12,7411;1,4077;52,1088;4,0898;0;
2026 02 03 09:23:21:516;0,293;13;2;12,7411;1,4077;52,1088;4,0898;3,9063;
2026 02 03 09:23:21:518;0,293;13;2;12,7411;1,4077;52,1088;4,0898;27,3438;
2026 02 03 09:23:21:520;0,293;13;2;12,7411;1,4077;52,1088;4,0898;11,7188;
2026 02 03 09:23:21:522;0,293;13;2;12,7411;1,4077;52,1088;4,0898;3,9063;
2026 02 03 09:23:21:524;0,293;13;2;12,7411;1,4077;52,1088;4,0898;-11,7187;
2026 02 03 09:23:21:526;0,293;13;2;12,7411;1,4077;52,1088;4,0898;0;
2026 02 03 09:23:21:528;0,293;13;2;12,7411;1,4077;52,1088;4,0898;0;
2026 02 03 09:23:21:530;0,293;13;2;12,7411;1,4077;52,1088;4,0898;3,9063;
2026 02 03 09:23:21:532;0,293;13;2;12,7411;1,4077;52,1088;4,0898;3,9063;
2026 02 03 09:23:21:534;0,293;13;2;12,7411;1,4077;52,1088;4,0898;3,9063;
2026 02 03 09:23:21:536;0,293;13;2;12,7411;1,4077;52,1088;4,0898;0;
2026 02 03 09:23:21:538;0,293;13;2;12,7411;1,4077;52,1088;4,0898;31,25;
2026 02 03 09:23:21:540;0,293;13;2;12,7411;1,4077;52,1088;4,0898;11,7188;
2026 02 03 09:23:21:542;0,293;13;2;12,7411;1,4077;52,1088;4,0898;0;
2026 02 03 09:23:21:544;0,293;13;2;12,7411;1,4077;52,1088;4,0898;-15,625;
2026 02 03 09:23:21:546;0,293;13;2;12,7411;1,4077;52,1088;4,0898;0;
2026 02 03 09:23:21:548;0,293;13;2;12,7411;1,4077;52,1088;4,0898;0;
2026 02 03 09:23:21:550;0,293;13;2;12,7411;1,4077;52,1088;4,0898;3,9063;
2026 02 03 09:23:21:552;0,293;13;2;12,7411;1,4077;52,1088;4,0898;0;
2026 02 03 09:23:21:554;0,293;13;2;12,7411;1,4077;52,1088;4,0898;0;
2026 02 03 09:23:21:556;0,293;13;2;12,7411;1,4077;52,1088;4,0898;0;
2026 02 03 09:23:21:558;0,293;13;2;12,7411;1,4077;52,1088;4,0898;23,4375;
2026 02 03 09:23:21:560;0,293;13;2;12,7411;1,4077;52,1088;4,0898;11,7188;
2026 02 03 09:23:21:562;0,293;13;2;12,7411;1,4077;52,1088;4,0898;0;
2026 02 03 09:23:21:564;0,293;13;2;12,7411;1,4077;52,1088;4,0898;-15,625;
2026 02 03 09:23:21:566;0,293;13;2;12,7411;1,4077;52,1088;4,0898;-7,8125;
2026 02 03 09:23:21:568;0,293;13;2;12,7411;1,4077;52,1088;4,0898;-11,7187;
2026 02 03 09:23:21:570;0,293;13;2;12,7411;1,4077;52,1088;4,0898;-15,625;
2026 02 03 09:23:21:572;0,293;13;2;12,7411;1,4077;52,1088;4,0898;-3,9062;
2026 02 03 09:23:21:574;0,293;13;2;12,7411;1,4077;52,1088;4,0898;0;
2026 02 03 09:23:21:576;0,293;13;2;12,7411;1,4077;52,1088;4,0898;-11,7187;
2026 02 03 09:23:21:578;0,293;13;2;12,7411;1,4077;52,1088;4,0898;19,5313;
2026 02 03 09:23:21:580;0,293;13;2;12,7411;1,4077;52,1088;4,0898;-35,1562;
2026 02 03 09:23:21:582;0,293;13;2;12,7411;1,4077;52,1088;4,0898;19,5313;
2026 02 03 09:23:21:584;0,293;13;2;12,7411;1,4077;52,1088;4,0898;54,6875;
2026 02 03 09:23:21:586;0,293;13;2;12,7411;1,4077;52,1088;4,0898;-82,0312;
2026 02 03 09:23:21:588;0,293;13;2;12,7411;1,4077;52,1088;4,0898;-82,0312;
2026 02 03 09:23:21:590;0,293;13;2;12,7411;1,4077;52,1088;4,0898;50,7813;
2026 02 03 09:23:21:592;0,293;13;2;12,7411;1,4077;52,1088;4,0898;54,6875;
2026 02 03 09:23:21:594;0,293;13;2;12,7411;1,4077;52,1088;4,0898;-46,875;
2026 02 03 09:23:21:596;0,293;13;2;12,7411;1,4077;52,1088;4,0898;-19,5312;
2026 02 03 09:23:21:598;0,293;13;2;12,7411;1,4077;52,1088;4,0898;23,4375;
2026 02 03 09:23:21:600;0,293;13;2;12,7411;1,4077;52,1088;4,0898;-3,9062;
2026 02 03 09:23:21:602;0,293;13;2;12,7411;1,4077;52,1088;4,0898;-3,9062;
2026 02 03 09:23:21:604;0,293;13;2;12,7411;1,4077;52,1088;4,0898;31,25;
2026 02 03 09:23:21:606;0,293;13;2;12,7411;1,4077;52,1088;4,0898;-11,7187;
2026 02 03 09:23:21:608;0,293;13;2;12,7411;1,4077;52,1088;4,0898;-11,7187;
2026 02 03 09:23:21:610;0,293;13;2;12,7411;1,4077;52,1088;4,0898;35,1563;
2026 02 03 09:23:21:612;0,293;13;2;12,7411;1,4077;52,1088;4,0898;46,875;
2026 02 03 09:23:21:614;0,293;13;2;12,7411;1,4077;52,1088;4,0898;-31,25;
2026 02 03 09:23:21:616;0,293;13;2;12,7411;1,4077;52,1088;4,0898;-3,9062;
2026 02 03 09:23:21:618;0,293;13;2;12,7411;1,4077;52,1088;4,0898;66,4063;
2026 02 03 09:23:21:620;0,293;13;2;12,7411;1,4018;51,0712;4,0084;19,5313;
2026 02 03 09:23:21:622;0,293;13;2;12,7411;1,4018;51,0712;4,0084;-15,625;
2026 02 03 09:23:21:624;0,293;13;2;12,7411;1,4018;51,0712;4,0084;11,7188;
2026 02 03 09:23:21:626;0,293;13;2;12,7411;1,4018;51,0712;4,0084;15,625;
2026 02 03 09:23:21:628;0,293;13;2;12,7411;1,4018;51,0712;4,0084;-11,7187;
2026 02 03 09:23:21:630;0,293;13;2;12,7411;1,4018;51,0712;4,0084;19,5313;
2026 02 03 09:23:21:632;0,293;13;2;12,7411;1,4018;51,0712;4,0084;58,5938;
2026 02 03 09:23:21:634;0,293;13;2;12,7411;1,4018;51,0712;4,0084;11,7188;
2026 02 03 09:23:21:636;0,293;13;2;12,7411;1,4018;51,0712;4,0084;-11,7187;
2026 02 03 09:23:21:638;0,293;13;2;12,7411;1,4018;51,0712;4,0084;58,5938;
2026 02 03 09:23:21:640;0,293;13;2;12,7411;1,4018;51,0712;4,0084;31,25;
2026 02 03 09:23:21:642;0,293;13;2;12,7411;1,4018;51,0712;4,0084;-23,4375;
2026 02 03 09:23:21:644;0,293;13;2;12,7411;1,4018;51,0712;4,0084;0;
2026 02 03 09:23:21:646;0,293;13;2;12,7411;1,4018;51,0712;4,0084;62,5;
2026 02 03 09:23:21:648;0,293;13;2;12,7411;1,4018;51,0712;4,0084;3,9063;
2026 02 03 09:23:21:650;0,293;13;2;12,7411;1,4018;51,0712;4,0084;-27,3437;
2026 02 03 09:23:21:652;0,293;13;2;12,7411;1,4018;51,0712;4,0084;15,625;
2026 02 03 09:23:21:654;0,293;13;2;12,7411;1,4018;51,0712;4,0084;23,4375;
2026 02 03 09:23:21:656;0,293;13;2;12,7411;1,4018;51,0712;4,0084;-35,1562;
2026 02 03 09:23:21:658;0,293;13;2;12,7411;1,4018;51,0712;4,0084;23,4375;
2026 02 03 09:23:21:660;0,293;13;2;12,7411;1,4018;51,0712;4,0084;66,4063;
2026 02 03 09:23:21:662;0,293;13;2;12,7411;1,4018;51,0712;4,0084;35,1563;
2026 02 03 09:23:21:664;0,293;13;2;12,7411;1,4018;51,0712;4,0084;-101,5625;
2026 02 03 09:23:21:666;0,293;13;2;12,7411;1,4018;51,0712;4,0084;-35,1562;
2026 02 03 09:23:21:668;0,293;13;2;12,7411;1,4018;51,0712;4,0084;15,625;
2026 02 03 09:23:21:670;0,293;13;2;12,7411;1,4018;51,0712;4,0084;-15,625;
2026 02 03 09:23:21:672;0,293;13;2;12,7411;1,4018;51,0712;4,0084;-42,9687;
2026 02 03 09:23:21:674;0,293;13;2;12,7411;1,4018;51,0712;4,0084;-23,4375;
2026 02 03 09:23:21:676;0,293;13;2;12,7411;1,4018;51,0712;4,0084;-23,4375;
2026 02 03 09:23:21:678;0,293;13;2;12,7411;1,4018;51,0712;4,0084;-7,8125;
2026 02 03 09:23:21:680;0,293;13;2;12,7411;1,4018;51,0712;4,0084;-50,7812;
2026 02 03 09:23:21:682;0,293;13;2;12,7411;1,4018;51,0712;4,0084;-27,3437;
2026 02 03 09:23:21:684;0,293;13;2;12,7411;1,4018;51,0712;4,0084;-93,75;
2026 02 03 09:23:21:686;0,293;13;2;12,7411;1,4018;51,0712;4,0084;-58,5937;
2026 02 03 09:23:21:688;0,293;13;2;12,7411;1,4018;51,0712;4,0084;-66,4062;
2026 02 03 09:23:21:690;0,293;13;2;12,7411;1,4018;51,0712;4,0084;27,3438;
2026 02 03 09:23:21:692;0,293;13;2;12,7411;1,4018;51,0712;4,0084;-19,5312;
2026 02 03 09:23:21:694;0,293;13;2;12,7411;1,4018;51,0712;4,0084;-140,625;
2026 02 03 09:23:21:696;0,293;13;2;12,7411;1,4018;51,0712;4,0084;-82,0312;
2026 02 03 09:23:21:698;0,293;13;2;12,7411;1,4018;51,0712;4,0084;78,125;
2026 02 03 09:23:21:700;0,293;13;2;12,7411;1,4018;51,0712;4,0084;-19,5312;
2026 02 03 09:23:21:702;0,293;13;2;12,7411;1,4018;51,0712;4,0084;-74,2187;
2026 02 03 09:23:21:704;0,293;13;2;12,7411;1,4018;51,0712;4,0084;-101,5625;
2026 02 03 09:23:21:706;0,293;13;2;12,7411;1,4018;51,0712;4,0084;35,1563;
2026 02 03 09:23:21:708;0,293;13;2;12,7411;1,4018;51,0712;4,0084;-35,1562;
2026 02 03 09:23:21:710;0,293;13;2;12,7411;1,4018;51,0712;4,0084;-27,3437;
2026 02 03 09:23:21:712;0,293;13;2;12,7411;1,4018;51,0712;4,0084;-50,7812;
2026 02 03 09:23:21:714;0,293;13;2;12,7411;1,4018;51,0712;4,0084;-27,3437;
2026 02 03 09:23:21:716;0,293;13;2;12,7411;1,4018;51,0712;4,0084;-19,5312;
2026 02 03 09:23:21:718;0,293;13;2;12,7411;1,4018;51,0712;4,0084;35,1563;
2026 02 03 09:23:21:720;0,293;13;2;12,7411;1,4018;51,0712;4,0084;-39,0625;
2026 02 03 09:23:21:722;0,293;13;2;12,7411;1,4018;51,0712;4,0084;-74,2187;
2026 02 03 09:23:21:724;0,293;13;2;12,7411;1,4018;51,0712;4,0084;-42,9687;
2026 02 03 09:23:21:726;0,293;13;2;12,7411;1,4018;51,0712;4,0084;-7,8125;
2026 02 03 09:23:21:728;0,293;13;2;12,7411;1,4018;51,0712;4,0084;-70,3125;
2026 02 03 09:23:21:730;0,293;13;2;12,7411;1,4018;51,0712;4,0084;-19,5312;
2026 02 03 09:23:21:732;0,293;13;2;12,7411;1,4018;51,0712;4,0084;-11,7187;
2026 02 03 09:23:21:734;0,293;13;2;12,7411;1,4018;51,0712;4,0084;-58,5937;
2026 02 03 09:23:21:736;0,293;13;2;12,7411;1,4018;51,0712;4,0084;-121,0937;
2026 02 03 09:23:21:738;0,293;13;2;12,7411;1,4018;51,0712;4,0084;39,0625;
2026 02 03 09:23:21:740;0,293;13;2;12,7411;1,4018;51,0712;4,0084;-85,9375;
2026 02 03 09:23:21:742;0,293;13;2;12,7411;1,4018;51,0712;4,0084;-109,375;
2026 02 03 09:23:21:744;0,293;13;2;12,7411;1,4018;51,0712;4,0084;-66,4062;
2026 02 03 09:23:21:746;0,293;13;2;12,7411;1,4018;51,0712;4,0084;54,6875;
2026 02 03 09:23:21:748;0,293;13;2;12,7411;1,4018;51,0712;4,0084;-179,6875;
2026 02 03 09:23:21:750;0,293;13;2;12,7411;1,4018;51,0712;4,0084;-148,4375;
2026 02 03 09:23:21:752;0,293;13;2;12,7411;1,4018;51,0712;4,0084;-23,4375;
2026 02 03 09:23:21:754;0,293;13;2;12,7411;1,4018;51,0712;4,0084;-3,9062;
2026 02 03 09:23:21:756;0,293;13;2;12,7411;1,4018;51,0712;4,0084;-125;
2026 02 03 09:23:21:758;0,293;13;2;12,7411;1,4018;51,0712;4,0084;-11,7187;
2026 02 03 09:23:21:760;0,293;13;2;12,7411;1,4018;51,0712;4,0084;3,9063;
2026 02 03 09:23:21:762;0,293;13;2;12,7411;1,4018;51,0712;4,0084;-152,3437;
2026 02 03 09:23:21:764;0,293;13;2;12,7411;1,4018;51,0712;4,0084;-82,0312;
2026 02 03 09:23:21:766;0,293;13;2;12,7411;1,4018;51,0712;4,0084;35,1563;
2026 02 03 09:23:21:768;0,293;13;2;12,7411;1,4018;51,0712;4,0084;-62,5;
2026 02 03 09:23:21:770;0,293;13;2;12,7411;1,4018;51,0712;4,0084;-167,9687;
2026 02 03 09:23:21:772;0,293;13;2;12,7411;1,4018;51,0712;4,0084;0;
2026 02 03 09:23:21:774;0,293;13;2;12,7411;1,4018;51,0712;4,0084;50,7813;
2026 02 03 09:23:21:776;0,293;13;2;12,7411;1,4018;51,0712;4,0084;-85,9375;
2026 02 03 09:23:21:778;0,293;13;2;12,7411;1,4018;51,0712;4,0084;-70,3125;
2026 02 03 09:23:21:780;0,293;13;2;12,7411;1,4018;51,0712;4,0084;-46,875;
2026 02 03 09:23:21:782;0,293;13;2;12,7411;1,4018;51,0712;4,0084;-15,625;
2026 02 03 09:23:21:784;0,293;13;2;12,7411;1,4018;51,0712;4,0084;-58,5937;
2026 02 03 09:23:21:786;0,293;13;2;12,7411;1,4018;51,0712;4,0084;11,7188;
2026 02 03 09:23:21:788;0,293;13;2;12,7411;1,4018;51,0712;4,0084;-54,6875;
2026 02 03 09:23:21:790;0,293;13;2;12,7411;1,4018;51,0712;4,0084;-93,75;
2026 02 03 09:23:21:792;0,293;13;2;12,7411;1,4018;51,0712;4,0084;-74,2187;
2026 02 03 09:23:21:794;0,293;13;2;12,7411;1,4018;51,0712;4,0084;-46,875;
2026 02 03 09:23:21:796;0,293;13;2;12,7411;1,4018;51,0712;4,0084;-97,6562;
2026 02 03 09:23:21:798;0,293;13;2;12,7411;1,4018;51,0712;4,0084;-31,25;
2026 02 03 09:23:21:800;0,293;13;2;12,7411;1,4018;51,0712;4,0084;58,5938;
2026 02 03 09:23:21:802;0,293;13;2;12,7411;1,4018;51,0712;4,0084;-117,1875;
2026 02 03 09:23:21:804;0,293;13;2;12,7411;1,4018;51,0712;4,0084;-210,9375;
2026 02 03 09:23:21:806;0,293;13;2;12,7411;1,4018;51,0712;4,0084;-74,2187;
2026 02 03 09:23:21:808;0,293;13;2;12,7411;1,4018;51,0712;4,0084;-39,0625;
2026 02 03 09:23:21:810;0,293;13;2;12,7411;1,4018;51,0712;4,0084;-62,5;
2026 02 03 09:23:21:812;0,293;13;2;12,7411;1,4018;51,0712;4,0084;-97,6562;
2026 02 03 09:23:21:814;0,293;13;2;12,7411;1,4018;51,0712;4,0084;-50,7812;
2026 02 03 09:23:21:816;0,293;13;2;12,7411;1,4018;51,0712;4,0084;-132,8125;
2026 02 03 09:23:21:818;0,293;13;2;12,7411;1,4018;51,0712;4,0084;-62,5;
2026 02 03 09:23:21:820;0,293;13;2;12,7411;1,4018;51,0712;4,0084;-27,3437;
2026 02 03 09:23:21:822;0,293;13;2;12,7411;1,4018;51,0712;4,0084;-97,6562;
2026 02 03 09:23:21:824;0,293;13;2;12,7411;1,4018;51,0712;4,0084;-175,7812;
2026 02 03 09:23:21:826;0,293;13;2;12,7411;1,4018;51,0712;4,0084;-66,4062;
2026 02 03 09:23:21:828;0,293;13;2;12,7411;1,4018;51,0712;4,0084;11,7188;
2026 02 03 09:23:21:830;0,293;13;2;12,7411;1,4018;51,0712;4,0084;-144,5312;
2026 02 03 09:23:21:832;0,293;13;2;12,7411;1,4018;51,0712;4,0084;-113,2812;
2026 02 03 09:23:21:834;0,293;13;2;12,7411;1,4018;51,0712;4,0084;-54,6875;
2026 02 03 09:23:21:836;0,293;13;2;12,7411;1,4018;51,0712;4,0084;-93,75;
2026 02 03 09:23:21:838;0,293;13;2;12,7411;1,4018;51,0712;4,0084;-54,6875;
2026 02 03 09:23:21:840;0,293;13;2;12,7411;1,4018;51,0712;4,0084;-58,5937;
2026 02 03 09:23:21:842;0,293;13;2;12,7411;1,4018;51,0712;4,0084;-35,1562;
2026 02 03 09:23:21:844;0,293;13;2;12,7411;1,4018;51,0712;4,0084;-207,0312;
2026 02 03 09:23:21:846;0,293;13;2;12,7411;1,4018;51,0712;4,0084;-50,7812;
2026 02 03 09:23:21:848;0,293;13;2;12,7411;1,4018;51,0712;4,0084;-93,75;
2026 02 03 09:23:21:850;0,293;13;2;12,7411;1,4018;51,0712;4,0084;-39,0625;
2026 02 03 09:23:21:852;0,293;13;2;12,7411;1,4018;51,0712;4,0084;-164,0625;
2026 02 03 09:23:21:854;0,293;13;2;12,7411;1,4018;51,0712;4,0084;19,5313;
2026 02 03 09:23:21:856;0,293;13;2;12,7411;1,4018;51,0712;4,0084;-132,8125;
2026 02 03 09:23:21:858;0,293;13;2;12,7411;1,4018;51,0712;4,0084;-128,9062;
2026 02 03 09:23:21:860;0,293;13;2;12,7411;1,4018;51,0712;4,0084;-128,9062;
2026 02 03 09:23:21:862;0,293;13;2;12,7411;1,4018;51,0712;4,0084;0;
2026 02 03 09:23:21:864;0,293;13;2;12,7411;1,4018;51,0712;4,0084;-109,375;
2026 02 03 09:23:21:866;0,293;13;2;12,7411;1,4018;51,0712;4,0084;-70,3125;
2026 02 03 09:23:21:868;0,293;13;2;12,7411;1,4018;51,0712;4,0084;-113,2812;
2026 02 03 09:23:21:870;0,293;13;2;12,7411;1,4018;51,0712;4,0084;-109,375;
2026 02 03 09:23:21:872;0,293;13;2;12,7411;1,4018;51,0712;4,0084;-78,125;
2026 02 03 09:23:21:874;0,293;13;2;12,7411;1,4018;51,0712;4,0084;-125;
2026 02 03 09:23:21:876;0,293;13;2;12,7411;1,4018;51,0712;4,0084;-66,4062;
2026 02 03 09:23:21:878;0,293;13;2;12,7411;1,4018;51,0712;4,0084;-97,6562;
2026 02 03 09:23:21:880;0,293;13;2;12,7411;1,4018;51,0712;4,0084;-54,6875;
2026 02 03 09:23:21:882;0,293;13;2;12,7411;1,4018;51,0712;4,0084;-35,1562;
2026 02 03 09:23:21:884;0,293;13;2;12,7411;1,4018;51,0712;4,0084;-179,6875;
2026 02 03 09:23:21:886;0,293;13;2;12,7411;1,4018;51,0712;4,0084;-85,9375;
2026 02 03 09:23:21:888;0,293;13;2;12,7411;1,4018;51,0712;4,0084;-78,125;
2026 02 03 09:23:21:890;0,293;13;2;12,7411;1,4018;51,0712;4,0084;-128,9062;
2026 02 03 09:23:21:892;0,293;13;2;12,7411;1,4018;51,0712;4,0084;-54,6875;
2026 02 03 09:23:21:894;0,293;13;2;12,7411;1,4018;51,0712;4,0084;-23,4375;
2026 02 03 09:23:21:896;0,293;13;2;12,7411;1,4018;51,0712;4,0084;-113,2812;
2026 02 03 09:23:21:898;0,293;13;2;12,7411;1,4018;51,0712;4,0084;-85,9375;
2026 02 03 09:23:21:900;0,293;13;2;12,7411;1,4018;51,0712;4,0084;-54,6875;
2026 02 03 09:23:21:902;0,293;13;2;12,7411;1,4018;51,0712;4,0084;-93,75;
2026 02 03 09:23:21:904;0,293;13;2;12,7411;1,4018;51,0712;4,0084;-144,5312;
2026 02 03 09:23:21:906;0,293;13;2;12,7411;1,4018;51,0712;4,0084;-148,4375;
2026 02 03 09:23:21:908;0,293;13;2;12,7411;1,4018;51,0712;4,0084;15,625;
2026 02 03 09:23:21:910;0,293;13;2;12,7411;1,4018;51,0712;4,0084;-199,2187;
2026 02 03 09:23:21:912;0,293;13;2;12,7411;1,4018;51,0712;4,0084;-175,7812;
2026 02 03 09:23:21:914;0,293;13;2;12,7411;1,4018;51,0712;4,0084;-19,5312;
2026 02 03 09:23:21:916;0,293;13;2;12,7411;1,4018;51,0712;4,0084;-66,4062;
2026 02 03 09:23:21:918;0,293;13;2;12,7411;1,4018;51,0712;4,0084;-125;
2026 02 03 09:23:21:920;0,293;13;2;17,8375;6,3497;127,5024;7,148;-27,3437;
2026 02 03 09:23:21:922;0,293;13;2;17,8375;6,3497;127,5024;7,148;-93,75;
2026 02 03 09:23:21:924;0,293;13;2;17,8375;6,3497;127,5024;7,148;-242,1875;
2026 02 03 09:23:21:926;0,293;13;2;17,8375;6,3497;127,5024;7,148;-109,375;
2026 02 03 09:23:21:928;0,293;13;2;17,8375;6,3497;127,5024;7,148;-11,7187;
2026 02 03 09:23:21:930;0,293;13;2;17,8375;6,3497;127,5024;7,148;-113,2812;
2026 02 03 09:23:21:932;0,293;13;2;17,8375;6,3497;127,5024;7,148;-191,4062;
2026 02 03 09:23:21:934;0,293;13;2;17,8375;6,3497;127,5024;7,148;-11,7187;
2026 02 03 09:23:21:936;0,293;13;2;17,8375;6,3497;127,5024;7,148;-70,3125;
2026 02 03 09:23:21:938;0,293;13;2;17,8375;6,3497;127,5024;7,148;-226,5625;
2026 02 03 09:23:21:940;0,293;13;2;17,8375;6,3497;127,5024;7,148;-35,1562;
2026 02 03 09:23:21:942;0,293;13;2;17,8375;6,3497;127,5024;7,148;-78,125;
2026 02 03 09:23:21:944;0,293;13;2;17,8375;6,3497;127,5024;7,148;-156,25;
2026 02 03 09:23:21:946;0,293;13;2;17,8375;6,3497;127,5024;7,148;-105,4687;
2026 02 03 09:23:21:948;0,293;13;2;17,8375;6,3497;127,5024;7,148;-15,625;
2026 02 03 09:23:21:950;0,293;13;2;17,8375;6,3497;127,5024;7,148;-191,4062;
2026 02 03 09:23:21:952;0,293;13;2;17,8375;6,3497;127,5024;7,148;-125;
2026 02 03 09:23:21:954;0,293;13;2;17,8375;6,3497;127,5024;7,148;-39,0625;
2026 02 03 09:23:21:956;0,293;13;2;17,8375;6,3497;127,5024;7,148;-97,6562;
2026 02 03 09:23:21:958;0,293;13;2;17,8375;6,3497;127,5024;7,148;-242,1875;
2026 02 03 09:23:21:960;0,293;13;2;17,8375;6,3497;127,5024;7,148;-50,7812;
2026 02 03 09:23:21:962;0,293;13;2;17,8375;6,3497;127,5024;7,148;-39,0625;
2026 02 03 09:23:21:964;0,293;13;2;17,8375;6,3497;127,5024;7,148;-234,375;
2026 02 03 09:23:21:966;0,293;13;2;17,8375;6,3497;127,5024;7,148;-171,875;
2026 02 03 09:23:21:968;0,293;13;2;17,8375;6,3497;127,5024;7,148;0;
2026 02 03 09:23:21:970;0,293;13;2;17,8375;6,3497;127,5024;7,148;-175,7812;
2026 02 03 09:23:21:972;0,293;13;2;17,8375;6,3497;127,5024;7,148;-152,3437;
2026 02 03 09:23:21:974;0,293;13;2;17,8375;6,3497;127,5024;7,148;-93,75;
2026 02 03 09:23:21:976;0,293;13;2;17,8375;6,3497;127,5024;7,148;-113,2812;
2026 02 03 09:23:21:978;0,293;13;2;17,8375;6,3497;127,5024;7,148;-195,3125;
2026 02 03 09:23:21:980;0,293;13;2;17,8375;6,3497;127,5024;7,148;-58,5937;
2026 02 03 09:23:21:982;0,293;13;2;17,8375;6,3497;127,5024;7,148;-54,6875;
2026 02 03 09:23:21:984;0,293;13;2;17,8375;6,3497;127,5024;7,148;-179,6875;
2026 02 03 09:23:21:986;0,293;13;2;17,8375;6,3497;127,5024;7,148;-179,6875;
2026 02 03 09:23:21:988;0,293;13;2;17,8375;6,3497;127,5024;7,148;-46,875;
2026 02 03 09:23:21:990;0,293;13;2;17,8375;6,3497;127,5024;7,148;-175,7812;
2026 02 03 09:23:21:992;0,293;13;2;17,8375;6,3497;127,5024;7,148;-152,3437;
2026 02 03 09:23:21:994;0,293;13;2;17,8375;6,3497;127,5024;7,148;-46,875;
2026 02 03 09:23:21:996;0,293;13;2;17,8375;6,3497;127,5024;7,148;-82,0312;
2026 02 03 09:23:21:998;0,293;13;2;17,8375;6,3497;127,5024;7,148;-125;
2026 02 03 09:23:22:000;0,293;13;2;17,8375;6,3497;127,5024;7,148;-46,875;
2026 02 03 09:23:22:002;0,293;13;2;17,8375;6,3497;127,5024;7,148;-125;
2026 02 03 09:23:22:004;0,293;13;2;17,8375;6,3497;127,5024;7,148;-222,6562;
2026 02 03 09:23:22:006;0,293;13;2;17,8375;6,3497;127,5024;7,148;-105,4687;
2026 02 03 09:23:22:008;0,293;13;2;17,8375;6,3497;127,5024;7,148;-70,3125;
2026 02 03 09:23:22:010;0,293;13;2;17,8375;6,3497;127,5024;7,148;-140,625;
2026 02 03 09:23:22:012;0,293;13;2;17,8375;6,3497;127,5024;7,148;-175,7812;
2026 02 03 09:23:22:014;0,293;13;2;17,8375;6,3497;127,5024;7,148;-74,2187;
2026 02 03 09:23:22:016;0,293;13;2;17,8375;6,3497;127,5024;7,148;-144,5312;
2026 02 03 09:23:22:018;0,293;13;2;17,8375;6,3497;127,5024;7,148;-179,6875;
2026 02 03 09:23:22:020;0,293;13;2;17,8375;6,3497;127,5024;7,148;-66,4062;
2026 02 03 09:23:22:022;0,293;13;2;17,8375;6,3497;127,5024;7,148;-101,5625;
2026 02 03 09:23:22:024;0,293;13;2;17,8375;6,3497;127,5024;7,148;-234,375;
2026 02 03 09:23:22:026;0,293;13;2;17,8375;6,3497;127,5024;7,148;-85,9375;
2026 02 03 09:23:22:028;0,293;13;2;17,8375;6,3497;127,5024;7,148;-82,0312;
2026 02 03 09:23:22:030;0,293;13;2;17,8375;6,3497;127,5024;7,148;-222,6562;
2026 02 03 09:23:22:032;0,293;13;2;17,8375;6,3497;127,5024;7,148;-164,0625;
2026 02 03 09:23:22:034;0,293;13;2;17,8375;6,3497;127,5024;7,148;-58,5937;
2026 02 03 09:23:22:036;0,293;13;2;17,8375;6,3497;127,5024;7,148;-156,25;
2026 02 03 09:23:22:038;0,293;13;2;17,8375;6,3497;127,5024;7,148;-144,5312;
2026 02 03 09:23:22:040;0,293;13;2;17,8375;6,3497;127,5024;7,148;-113,2812;
2026 02 03 09:23:22:042;0,293;13;2;17,8375;6,3497;127,5024;7,148;-89,8437;
2026 02 03 09:23:22:044;0,293;13;2;17,8375;6,3497;127,5024;7,148;-218,75;
2026 02 03 09:23:22:046;0,293;13;2;17,8375;6,3497;127,5024;7,148;-160,1562;
2026 02 03 09:23:22:048;0,293;13;2;17,8375;6,3497;127,5024;7,148;-50,7812;
2026 02 03 09:23:22:050;0,293;13;2;17,8375;6,3497;127,5024;7,148;-167,9687;
2026 02 03 09:23:22:052;0,293;13;2;17,8375;6,3497;127,5024;7,148;-136,7187;
2026 02 03 09:23:22:054;0,293;13;2;17,8375;6,3497;127,5024;7,148;-78,125;
2026 02 03 09:23:22:056;0,293;13;2;17,8375;6,3497;127,5024;7,148;-183,5937;
2026 02 03 09:23:22:058;0,293;13;2;17,8375;6,3497;127,5024;7,148;-152,3437;
2026 02 03 09:23:22:060;0,293;13;2;17,8375;6,3497;127,5024;7,148;-62,5;
2026 02 03 09:23:22:062;0,293;13;2;17,8375;6,3497;127,5024;7,148;-89,8437;
2026 02 03 09:23:22:064;0,293;13;2;17,8375;6,3497;127,5024;7,148;-191,4062;
2026 02 03 09:23:22:066;0,293;13;2;17,8375;6,3497;127,5024;7,148;-191,4062;
2026 02 03 09:23:22:068;0,293;13;2;17,8375;6,3497;127,5024;7,148;-117,1875;
2026 02 03 09:23:22:070;0,293;13;2;17,8375;6,3497;127,5024;7,148;-152,3437;
2026 02 03 09:23:22:072;0,293;13;2;17,8375;6,3497;127,5024;7,148;-234,375;
2026 02 03 09:23:22:074;0,293;13;2;17,8375;6,3497;127,5024;7,148;-66,4062;
2026 02 03 09:23:22:076;0,293;13;2;17,8375;6,3497;127,5024;7,148;-144,5312;
2026 02 03 09:23:22:078;0,293;13;2;17,8375;6,3497;127,5024;7,148;-117,1875;
2026 02 03 09:23:22:080;0,293;13;2;17,8375;6,3497;127,5024;7,148;-125;
2026 02 03 09:23:22:082;0,293;13;2;17,8375;6,3497;127,5024;7,148;-121,0937;
2026 02 03 09:23:22:084;0,293;13;2;17,8375;6,3497;127,5024;7,148;-281,25;
2026 02 03 09:23:22:086;0,293;13;2;17,8375;6,3497;127,5024;7,148;-187,5;
2026 02 03 09:23:22:088;0,293;13;2;17,8375;6,3497;127,5024;7,148;-105,4687;
2026 02 03 09:23:22:090;0,293;13;2;17,8375;6,3497;127,5024;7,148;-121,0937;
2026 02 03 09:23:22:092;0,293;13;2;17,8375;6,3497;127,5024;7,148;-218,75;
2026 02 03 09:23:22:094;0,293;13;2;17,8375;6,3497;127,5024;7,148;-85,9375;
2026 02 03 09:23:22:096;0,293;13;2;17,8375;6,3497;127,5024;7,148;-152,3437;
2026 02 03 09:23:22:098;0,293;13;2;17,8375;6,3497;127,5024;7,148;-113,2812;
2026 02 03 09:23:22:100;0,293;13;2;17,8375;6,3497;127,5024;7,148;-203,125;
2026 02 03 09:23:22:102;0,293;13;2;17,8375;6,3497;127,5024;7,148;-109,375;
2026 02 03 09:23:22:104;0,293;13;2;17,8375;6,3497;127,5024;7,148;-207,0312;
2026 02 03 09:23:22:106;0,293;13;2;17,8375;6,3497;127,5024;7,148;-89,8437;
2026 02 03 09:23:22:108;0,293;13;2;17,8375;6,3497;127,5024;7,148;-132,8125;
2026 02 03 09:23:22:110;0,293;13;2;17,8375;6,3497;127,5024;7,148;-144,5312;
2026 02 03 09:23:22:112;0,293;13;2;17,8375;6,3497;127,5024;7,148;-210,9375;
2026 02 03 09:23:22:114;0,293;13;2;17,8375;6,3497;127,5024;7,148;-62,5;
2026 02 03 09:23:22:116;0,293;13;2;17,8375;6,3497;127,5024;7,148;-125;
2026 02 03 09:23:22:118;0,293;13;2;17,8375;6,3497;127,5024;7,148;-140,625;
2026 02 03 09:23:22:120;0,293;13;2;17,8375;6,3497;127,5024;7,148;-144,5312;
2026 02 03 09:23:22:122;0,293;13;2;17,8375;6,3497;127,5024;7,148;-117,1875;
2026 02 03 09:23:22:124;0,293;13;2;17,8375;6,3497;127,5024;7,148;-175,7812;
2026 02 03 09:23:22:126;0,293;13;2;17,8375;6,3497;127,5024;7,148;-191,4062;
2026 02 03 09:23:22:128;0,293;13;2;17,8375;6,3497;127,5024;7,148;-109,375;
2026 02 03 09:23:22:130;0,293;13;2;17,8375;6,3497;127,5024;7,148;-148,4375;
2026 02 03 09:23:22:132;0,293;13;2;17,8375;6,3497;127,5024;7,148;-171,875;
2026 02 03 09:23:22:134;0,293;13;2;17,8375;6,3497;127,5024;7,148;-140,625;
2026 02 03 09:23:22:136;0,293;13;2;17,8375;6,3497;127,5024;7,148;-152,3437;
2026 02 03 09:23:22:138;0,293;13;2;17,8375;6,3497;127,5024;7,148;-195,3125;
2026 02 03 09:23:22:140;0,293;13;2;17,8375;6,3497;127,5024;7,148;-171,875;
2026 02 03 09:23:22:142;0,293;13;2;17,8375;6,3497;127,5024;7,148;-85,9375;
2026 02 03 09:23:22:144;0,293;13;2;17,8375;6,3497;127,5024;7,148;-164,0625;
2026 02 03 09:23:22:146;0,293;13;2;17,8375;6,3497;127,5024;7,148;-210,9375;
2026 02 03 09:23:22:148;0,293;13;2;17,8375;6,3497;127,5024;7,148;-97,6562;
2026 02 03 09:23:22:150;0,293;13;2;17,8375;6,3497;127,5024;7,148;-199,2187;
2026 02 03 09:23:22:152;0,293;13;2;17,8375;6,3497;127,5024;7,148;-203,125;
2026 02 03 09:23:22:154;0,293;13;2;17,8375;6,3497;127,5024;7,148;-132,8125;
2026 02 03 09:23:22:156;0,293;13;2;17,8375;6,3497;127,5024;7,148;-140,625;
2026 02 03 09:23:22:158;0,293;13;2;17,8375;6,3497;127,5024;7,148;-121,0937;
2026 02 03 09:23:22:160;0,293;13;2;17,8375;6,3497;127,5024;7,148;-140,625;
2026 02 03 09:23:22:162;0,293;13;2;17,8375;6,3497;127,5024;7,148;-101,5625;
2026 02 03 09:23:22:164;0,293;13;2;17,8375;6,3497;127,5024;7,148;-222,6562;
2026 02 03 09:23:22:166;0,293;13;2;17,8375;6,3497;127,5024;7,148;-179,6875;
2026 02 03 09:23:22:168;0,293;13;2;17,8375;6,3497;127,5024;7,148;-109,375;
2026 02 03 09:23:22:170;0,293;13;2;17,8375;6,3497;127,5024;7,148;-144,5312;
2026 02 03 09:23:22:172;0,293;13;2;17,8375;6,3497;127,5024;7,148;-199,2187;
2026 02 03 09:23:22:174;0,293;13;2;17,8375;6,3497;127,5024;7,148;-85,9375;
2026 02 03 09:23:22:176;0,293;13;2;17,8375;6,3497;127,5024;7,148;-117,1875;
2026 02 03 09:23:22:178;0,293;13;2;17,8375;6,3497;127,5024;7,148;-167,9687;
2026 02 03 09:23:22:180;0,293;13;2;17,8375;6,3497;127,5024;7,148;-132,8125;
2026 02 03 09:23:22:182;0,293;13;2;17,8375;6,3497;127,5024;7,148;-148,4375;
2026 02 03 09:23:22:184;0,293;13;2;17,8375;6,3497;127,5024;7,148;-238,2812;
2026 02 03 09:23:22:186;0,293;13;2;17,8375;6,3497;127,5024;7,148;-152,3437;
2026 02 03 09:23:22:188;0,293;13;2;17,8375;6,3497;127,5024;7,148;-89,8437;
2026 02 03 09:23:22:190;0,293;13;2;17,8375;6,3497;127,5024;7,148;-171,875;
2026 02 03 09:23:22:192;0,293;13;2;17,8375;6,3497;127,5024;7,148;-250;
2026 02 03 09:23:22:194;0,293;13;2;17,8375;6,3497;127,5024;7,148;-160,1562;
2026 02 03 09:23:22:196;0,293;13;2;17,8375;6,3497;127,5024;7,148;-93,75;
2026 02 03 09:23:22:198;0,293;13;2;17,8375;6,3497;127,5024;7,148;-203,125;
2026 02 03 09:23:22:200;0,293;13;2;17,8375;6,3497;127,5024;7,148;-152,3437;
2026 02 03 09:23:22:202;0,293;13;2;17,8375;6,3497;127,5024;7,148;-175,7812;
2026 02 03 09:23:22:204;0,293;13;2;17,8375;6,3497;127,5024;7,148;-261,7187;
2026 02 03 09:23:22:206;0,293;13;2;17,8375;6,3497;127,5024;7,148;-222,6562;
2026 02 03 09:23:22:208;0,293;13;2;17,8375;6,3497;127,5024;7,148;-70,3125;
2026 02 03 09:23:22:210;0,293;13;2;17,8375;6,3497;127,5024;7,148;-148,4375;
2026 02 03 09:23:22:212;0,293;13;2;17,8375;6,3497;127,5024;7,148;-128,9062;
2026 02 03 09:23:22:214;0,293;13;2;17,8375;6,3497;127,5024;7,148;-167,9687;
2026 02 03 09:23:22:216;0,293;13;2;17,8375;6,3497;127,5024;7,148;-167,9687;
2026 02 03 09:23:22:218;0,293;13;2;17,8375;6,3497;127,5024;7,148;-195,3125;
2026 02 03 09:23:22:220;0,352;40;3;255999,9844;-3;252,0599;0,0009;-97,6562;
2026 02 03 09:23:22:222;0,352;40;3;255999,9844;-3;252,0599;0,0009;-97,6562;
2026 02 03 09:23:22:224;0,352;40;3;255999,9844;-3;252,0599;0,0009;-187,5;
2026 02 03 09:23:22:226;0,352;40;3;255999,9844;-3;252,0599;0,0009;-171,875;
2026 02 03 09:23:22:228;0,352;40;3;255999,9844;-3;252,0599;0,0009;-113,2812;
2026 02 03 09:23:22:230;0,352;40;3;255999,9844;-3;252,0599;0,0009;-199,2187;
2026 02 03 09:23:22:232;0,352;40;3;255999,9844;-3;252,0599;0,0009;-167,9687;
2026 02 03 09:23:22:234;0,352;40;3;255999,9844;-3;252,0599;0,0009;-179,6875;
2026 02 03 09:23:22:236;0,352;40;3;255999,9844;-3;252,0599;0,0009;-167,9687;
2026 02 03 09:23:22:238;0,352;40;3;255999,9844;-3;252,0599;0,0009;-152,3437;
2026 02 03 09:23:22:240;0,352;40;3;255999,9844;-3;252,0599;0,0009;-113,2812;
2026 02 03 09:23:22:242;0,352;40;3;255999,9844;-3;252,0599;0,0009;-109,375;
2026 02 03 09:23:22:244;0,352;40;3;255999,9844;-3;252,0599;0,0009;-203,125;
2026 02 03 09:23:22:246;0,352;40;3;255999,9844;-3;252,0599;0,0009;-250;
2026 02 03 09:23:22:248;0,352;40;3;255999,9844;-3;252,0599;0,0009;-179,6875;
2026 02 03 09:23:22:250;0,352;40;3;255999,9844;-3;252,0599;0,0009;-156,25;
2026 02 03 09:23:22:252;0,352;40;3;255999,9844;-3;252,0599;0,0009;-175,7812;
2026 02 03 09:23:22:254;0,352;40;3;255999,9844;-3;252,0599;0,0009;-156,25;
2026 02 03 09:23:22:256;0,352;40;3;255999,9844;-3;252,0599;0,0009;-195,3125;
2026 02 03 09:23:22:258;0,352;40;3;255999,9844;-3;252,0599;0,0009;-144,5312;
2026 02 03 09:23:22:260;0,352;40;3;255999,9844;-3;252,0599;0,0009;-167,9687;
2026 02 03 09:23:22:262;0,352;40;3;255999,9844;-3;252,0599;0,0009;-183,5937;
2026 02 03 09:23:22:264;0,352;40;3;255999,9844;-3;252,0599;0,0009;-195,3125;
2026 02 03 09:23:22:266;0,352;40;3;255999,9844;-3;252,0599;0,0009;-128,9062;
2026 02 03 09:23:22:268;0,352;40;3;255999,9844;-3;252,0599;0,0009;-175,7812;
2026 02 03 09:23:22:270;0,352;40;3;255999,9844;-3;252,0599;0,0009;-203,125;
2026 02 03 09:23:22:272;0,352;40;3;255999,9844;-3;252,0599;0,0009;-156,25;
2026 02 03 09:23:22:274;0,352;40;3;255999,9844;-3;252,0599;0,0009;-140,625;
2026 02 03 09:23:22:276;0,352;40;3;255999,9844;-3;252,0599;0,0009;-140,625;
2026 02 03 09:23:22:278;0,352;40;3;255999,9844;-3;252,0599;0,0009;-109,375;
2026 02 03 09:23:22:280;0,352;40;3;255999,9844;-3;252,0599;0,0009;-199,2187;
2026 02 03 09:23:22:282;0,352;40;3;255999,9844;-3;252,0599;0,0009;-214,8437;
2026 02 03 09:23:22:284;0,352;40;3;255999,9844;-3;252,0599;0,0009;-175,7812;
2026 02 03 09:23:22:286;0,352;40;3;255999,9844;-3;252,0599;0,0009;-156,25;
2026 02 03 09:23:22:288;0,352;40;3;255999,9844;-3;252,0599;0,0009;-156,25;
2026 02 03 09:23:22:290;0,352;40;3;255999,9844;-3;252,0599;0,0009;-183,5937;
2026 02 03 09:23:22:292;0,352;40;3;255999,9844;-3;252,0599;0,0009;-140,625;
2026 02 03 09:23:22:294;0,352;40;3;255999,9844;-3;252,0599;0,0009;-179,6875;
2026 02 03 09:23:22:296;0,352;40;3;255999,9844;-3;252,0599;0,0009;-207,0312;
2026 02 03 09:23:22:298;0,352;40;3;255999,9844;-3;252,0599;0,0009;-148,4375;
2026 02 03 09:23:22:300;0,352;40;3;255999,9844;-3;252,0599;0,0009;-222,6562;
2026 02 03 09:23:22:302;0,352;40;3;255999,9844;-3;252,0599;0,0009;-179,6875;
2026 02 03 09:23:22:304;0,352;40;3;255999,9844;-3;252,0599;0,0009;-214,8437;
2026 02 03 09:23:22:306;0,352;40;3;255999,9844;-3;252,0599;0,0009;-140,625;
2026 02 03 09:23:22:308;0,352;40;3;255999,9844;-3;252,0599;0,0009;-167,9687;
2026 02 03 09:23:22:310;0,352;40;3;255999,9844;-3;252,0599;0,0009;-171,875;
2026 02 03 09:23:22:312;0,352;40;3;255999,9844;-3;252,0599;0,0009;-207,0312;
2026 02 03 09:23:22:314;0,352;40;3;255999,9844;-3;252,0599;0,0009;-214,8437;
2026 02 03 09:23:22:316;0,352;40;3;255999,9844;-3;252,0599;0,0009;-218,75;
2026 02 03 09:23:22:318;0,352;40;3;255999,9844;-3;252,0599;0,0009;-136,7187;
2026 02 03 09:23:22:320;0,352;40;3;255999,9844;-3;252,0599;0,0009;-101,5625;
2026 02 03 09:23:22:322;0,352;40;3;255999,9844;-3;252,0599;0,0009;-171,875;
2026 02 03 09:23:22:324;0,352;40;3;255999,9844;-3;252,0599;0,0009;-175,7812;
2026 02 03 09:23:22:326;0,352;40;3;255999,9844;-3;252,0599;0,0009;-214,8437;
2026 02 03 09:23:22:328;0,352;40;3;255999,9844;-3;252,0599;0,0009;-210,9375;
2026 02 03 09:23:22:330;0,352;40;3;255999,9844;-3;252,0599;0,0009;-109,375;
2026 02 03 09:23:22:332;0,352;40;3;255999,9844;-3;252,0599;0,0009;-234,375;
2026 02 03 09:23:22:334;0,352;40;3;255999,9844;-3;252,0599;0,0009;-183,5937;
2026 02 03 09:23:22:336;0,352;40;3;255999,9844;-3;252,0599;0,0009;-179,6875;
2026 02 03 09:23:22:338;0,352;40;3;255999,9844;-3;252,0599;0,0009;-113,2812;
2026 02 03 09:23:22:340;0,352;40;3;255999,9844;-3;252,0599;0,0009;-144,5312;
2026 02 03 09:23:22:342;0,352;40;3;255999,9844;-3;252,0599;0,0009;-132,8125;
2026 02 03 09:23:22:344;0,352;40;3;255999,9844;-3;252,0599;0,0009;-242,1875;
2026 02 03 09:23:22:346;0,352;40;3;255999,9844;-3;252,0599;0,0009;-164,0625;
2026 02 03 09:23:22:348;0,352;40;3;255999,9844;-3;252,0599;0,0009;-203,125;
2026 02 03 09:23:22:350;0,352;40;3;255999,9844;-3;252,0599;0,0009;-148,4375;
2026 02 03 09:23:22:352;0,352;40;3;255999,9844;-3;252,0599;0,0009;-199,2187;
2026 02 03 09:23:22:354;0,352;40;3;255999,9844;-3;252,0599;0,0009;-226,5625;
2026 02 03 09:23:22:356;0,352;40;3;255999,9844;-3;252,0599;0,0009;-136,7187;
2026 02 03 09:23:22:358;0,352;40;3;255999,9844;-3;252,0599;0,0009;-89,8437;
2026 02 03 09:23:22:360;0,352;40;3;255999,9844;-3;252,0599;0,0009;-226,5625;
2026 02 03 09:23:22:362;0,352;40;3;255999,9844;-3;252,0599;0,0009;-191,4062;
2026 02 03 09:23:22:364;0,352;40;3;255999,9844;-3;252,0599;0,0009;-230,4687;
2026 02 03 09:23:22:366;0,352;40;3;255999,9844;-3;252,0599;0,0009;-234,375;
2026 02 03 09:23:22:368;0,352;40;3;255999,9844;-3;252,0599;0,0009;-218,75;
2026 02 03 09:23:22:370;0,352;40;3;255999,9844;-3;252,0599;0,0009;-156,25;
2026 02 03 09:23:22:372;0,352;40;3;255999,9844;-3;252,0599;0,0009;-148,4375;
2026 02 03 09:23:22:374;0,352;40;3;255999,9844;-3;252,0599;0,0009;-136,7187;
2026 02 03 09:23:22:376;0,352;40;3;255999,9844;-3;252,0599;0,0009;-191,4062;
2026 02 03 09:23:22:378;0,352;40;3;255999,9844;-3;252,0599;0,0009;-148,4375;
2026 02 03 09:23:22:380;0,352;40;3;255999,9844;-3;252,0599;0,0009;-246,0937;
2026 02 03 09:23:22:382;0,352;40;3;255999,9844;-3;252,0599;0,0009;-195,3125;
2026 02 03 09:23:22:384;0,352;40;3;255999,9844;-3;252,0599;0,0009;-167,9687;
2026 02 03 09:23:22:386;0,352;40;3;255999,9844;-3;252,0599;0,0009;-183,5937;
2026 02 03 09:23:22:388;0,352;40;3;255999,9844;-3;252,0599;0,0009;-128,9062;
2026 02 03 09:23:22:390;0,352;40;3;255999,9844;-3;252,0599;0,0009;-148,4375;
2026 02 03 09:23:22:392;0,352;40;3;255999,9844;-3;252,0599;0,0009;-207,0312;
2026 02 03 09:23:22:394;0,352;40;3;255999,9844;-3;252,0599;0,0009;-210,9375;
2026 02 03 09:23:22:396;0,352;40;3;255999,9844;-3;252,0599;0,0009;-238,2812;
2026 02 03 09:23:22:398;0,352;40;3;255999,9844;-3;252,0599;0,0009;-171,875;
2026 02 03 09:23:22:400;0,352;40;3;255999,9844;-3;252,0599;0,0009;-144,5312;
2026 02 03 09:23:22:402;0,352;40;3;255999,9844;-3;252,0599;0,0009;-136,7187;
2026 02 03 09:23:22:404;0,352;40;3;255999,9844;-3;252,0599;0,0009;-175,7812;
2026 02 03 09:23:22:406;0,352;40;3;255999,9844;-3;252,0599;0,0009;-210,9375;
2026 02 03 09:23:22:408;0,352;40;3;255999,9844;-3;252,0599;0,0009;-210,9375;
2026 02 03 09:23:22:410;0,352;40;3;255999,9844;-3;252,0599;0,0009;-230,4687;
2026 02 03 09:23:22:412;0,352;40;3;255999,9844;-3;252,0599;0,0009;-164,0625;
2026 02 03 09:23:22:414;0,352;40;3;255999,9844;-3;252,0599;0,0009;-203,125;
2026 02 03 09:23:22:416;0,352;40;3;255999,9844;-3;252,0599;0,0009;-195,3125;
2026 02 03 09:23:22:418;0,352;40;3;255999,9844;-3;252,0599;0,0009;-167,9687;
2026 02 03 09:23:22:420;0,352;40;3;255999,9844;-3;252,0599;0,0009;-156,25;
2026 02 03 09:23:22:422;0,352;40;3;255999,9844;-3;252,0599;0,0009;-183,5937;
2026 02 03 09:23:22:424;0,352;40;3;255999,9844;-3;252,0599;0,0009;-234,375;
2026 02 03 09:23:22:426;0,352;40;3;255999,9844;-3;252,0599;0,0009;-214,8437;
2026 02 03 09:23:22:428;0,352;40;3;255999,9844;-3;252,0599;0,0009;-175,7812;
2026 02 03 09:23:22:430;0,352;40;3;255999,9844;-3;252,0599;0,0009;-207,0312;
2026 02 03 09:23:22:432;0,352;40;3;255999,9844;-3;252,0599;0,0009;-210,9375;
2026 02 03 09:23:22:434;0,352;40;3;255999,9844;-3;252,0599;0,0009;-164,0625;
2026 02 03 09:23:22:436;0,352;40;3;255999,9844;-3;252,0599;0,0009;-183,5937;
2026 02 03 09:23:22:438;0,352;40;3;255999,9844;-3;252,0599;0,0009;-117,1875;
2026 02 03 09:23:22:440;0,352;40;3;255999,9844;-3;252,0599;0,0009;-113,2812;
2026 02 03 09:23:22:442;0,352;40;3;255999,9844;-3;252,0599;0,0009;-234,375;
2026 02 03 09:23:22:444;0,352;40;3;255999,9844;-3;252,0599;0,0009;-222,6562;
2026 02 03 09:23:22:446;0,352;40;3;255999,9844;-3;252,0599;0,0009;-191,4062;
2026 02 03 09:23:22:448;0,352;40;3;255999,9844;-3;252,0599;0,0009;-203,125;
2026 02 03 09:23:22:450;0,352;40;3;255999,9844;-3;252,0599;0,0009;-207,0312;
2026 02 03 09:23:22:452;0,352;40;3;255999,9844;-3;252,0599;0,0009;-140,625;
2026 02 03 09:23:22:454;0,352;40;3;255999,9844;-3;252,0599;0,0009;-101,5625;
2026 02 03 09:23:22:456;0,352;40;3;255999,9844;-3;252,0599;0,0009;-187,5;
2026 02 03 09:23:22:458;0,352;40;3;255999,9844;-3;252,0599;0,0009;-175,7812;
2026 02 03 09:23:22:460;0,352;40;3;255999,9844;-3;252,0599;0,0009;-222,6562;
2026 02 03 09:23:22:462;0,352;40;3;255999,9844;-3;252,0599;0,0009;-250;
2026 02 03 09:23:22:464;0,352;40;3;255999,9844;-3;252,0599;0,0009;-242,1875;
2026 02 03 09:23:22:466;0,352;40;3;255999,9844;-3;252,0599;0,0009;-191,4062;
2026 02 03 09:23:22:468;0,352;40;3;255999,9844;-3;252,0599;0,0009;-113,2812;
2026 02 03 09:23:22:470;0,352;40;3;255999,9844;-3;252,0599;0,0009;-195,3125;
2026 02 03 09:23:22:472;0,352;40;3;255999,9844;-3;252,0599;0,0009;-97,6562;
2026 02 03 09:23:22:474;0,352;40;3;255999,9844;-3;252,0599;0,0009;-246,0937;
2026 02 03 09:23:22:476;0,352;40;3;255999,9844;-3;252,0599;0,0009;-265,625;
2026 02 03 09:23:22:478;0,352;40;3;255999,9844;-3;252,0599;0,0009;-175,7812;
2026 02 03 09:23:22:480;0,352;40;3;255999,9844;-3;252,0599;0,0009;-167,9687;
2026 02 03 09:23:22:482;0,352;40;3;255999,9844;-3;252,0599;0,0009;-222,6562;
2026 02 03 09:23:22:484;0,352;40;3;255999,9844;-3;252,0599;0,0009;-183,5937;
2026 02 03 09:23:22:486;0,352;40;3;255999,9844;-3;252,0599;0,0009;-187,5;
2026 02 03 09:23:22:488;0,352;40;3;255999,9844;-3;252,0599;0,0009;-171,875;
2026 02 03 09:23:22:490;0,352;40;3;255999,9844;-3;252,0599;0,0009;-191,4062;
2026 02 03 09:23:22:492;0,352;40;3;255999,9844;-3;252,0599;0,0009;-191,4062;
2026 02 03 09:23:22:494;0,352;40;3;255999,9844;-3;252,0599;0,0009;-187,5;
2026 02 03 09:23:22:496;0,352;40;3;255999,9844;-3;252,0599;0,0009;-222,6562;
2026 02 03 09:23:22:498;0,352;40;3;255999,9844;-3;252,0599;0,0009;-148,4375;
2026 02 03 09:23:22:500;0,352;40;3;255999,9844;-3;252,0599;0,0009;-93,75;
2026 02 03 09:23:22:502;0,352;40;3;255999,9844;-3;252,0599;0,0009;-246,0937;
2026 02 03 09:23:22:504;0,352;40;3;255999,9844;-3;252,0599;0,0009;-167,9687;
2026 02 03 09:23:22:506;0,352;40;3;255999,9844;-3;252,0599;0,0009;-179,6875;
2026 02 03 09:23:22:508;0,352;40;3;255999,9844;-3;252,0599;0,0009;-191,4062;
2026 02 03 09:23:22:510;0,352;40;3;255999,9844;-3;252,0599;0,0009;-191,4062;
2026 02 03 09:23:22:512;0,352;40;3;255999,9844;-3;252,0599;0,0009;-156,25;
2026 02 03 09:23:22:514;0,352;40;3;255999,9844;-3;252,0599;0,0009;-242,1875;
2026 02 03 09:23:22:516;0,352;40;3;255999,9844;-3;252,0599;0,0009;-230,4687;
2026 02 03 09:23:22:518;0,352;40;3;255999,9844;-3;252,0599;0,0009;-93,75;
2026 02 03 09:23:22:520;0,721;60;4;255999,9844;-3;243,6523;0,0009;-105,4687;
2026 02 03 09:23:22:522;0,721;60;4;255999,9844;-3;243,6523;0,0009;-191,4062;
2026 02 03 09:23:22:524;0,721;60;4;255999,9844;-3;243,6523;0,0009;-250;
2026 02 03 09:23:22:526;0,721;60;4;255999,9844;-3;243,6523;0,0009;-230,4687;
2026 02 03 09:23:22:528;0,721;60;4;255999,9844;-3;243,6523;0,0009;-269,5312;
2026 02 03 09:23:22:530;0,721;60;4;255999,9844;-3;243,6523;0,0009;-273,4375;
2026 02 03 09:23:22:532;0,721;60;4;255999,9844;-3;243,6523;0,0009;-132,8125;
2026 02 03 09:23:22:534;0,721;60;4;255999,9844;-3;243,6523;0,0009;-167,9687;
2026 02 03 09:23:22:536;0,721;60;4;255999,9844;-3;243,6523;0,0009;-132,8125;
2026 02 03 09:23:22:538;0,721;60;4;255999,9844;-3;243,6523;0,0009;-128,9062;
2026 02 03 09:23:22:540;0,721;60;4;255999,9844;-3;243,6523;0,0009;-242,1875;
2026 02 03 09:23:22:542;0,721;60;4;255999,9844;-3;243,6523;0,0009;-257,8125;
2026 02 03 09:23:22:544;0,721;60;4;255999,9844;-3;243,6523;0,0009;-230,4687;
2026 02 03 09:23:22:546;0,721;60;4;255999,9844;-3;243,6523;0,0009;-171,875;
2026 02 03 09:23:22:548;0,721;60;4;255999,9844;-3;243,6523;0,0009;-191,4062;
2026 02 03 09:23:22:550;0,721;60;4;255999,9844;-3;243,6523;0,0009;-187,5;
2026 02 03 09:23:22:552;0,721;60;4;255999,9844;-3;243,6523;0,0009;-144,5312;
2026 02 03 09:23:22:554;0,721;60;4;255999,9844;-3;243,6523;0,0009;-144,5312;
2026 02 03 09:23:22:556;0,721;60;4;255999,9844;-3;243,6523;0,0009;-238,2812;
2026 02 03 09:23:22:558;0,721;60;4;255999,9844;-3;243,6523;0,0009;-187,5;
2026 02 03 09:23:22:560;0,721;60;4;255999,9844;-3;243,6523;0,0009;-210,9375;
2026 02 03 09:23:22:562;0,721;60;4;255999,9844;-3;243,6523;0,0009;-207,0312;
2026 02 03 09:23:22:564;0,721;60;4;255999,9844;-3;243,6523;0,0009;-156,25;
2026 02 03 09:23:22:566;0,721;60;4;255999,9844;-3;243,6523;0,0009;-156,25;
2026 02 03 09:23:22:568;0,721;60;4;255999,9844;-3;243,6523;0,0009;-195,3125;
2026 02 03 09:23:22:570;0,721;60;4;255999,9844;-3;243,6523;0,0009;-191,4062;
2026 02 03 09:23:22:572;0,721;60;4;255999,9844;-3;243,6523;0,0009;-203,125;
2026 02 03 09:23:22:574;0,721;60;4;255999,9844;-3;243,6523;0,0009;-148,4375;
2026 02 03 09:23:22:576;0,721;60;4;255999,9844;-3;243,6523;0,0009;-226,5625;
2026 02 03 09:23:22:578;0,721;60;4;255999,9844;-3;243,6523;0,0009;-179,6875;
2026 02 03 09:23:22:580;0,721;60;4;255999,9844;-3;243,6523;0,0009;-203,125;
2026 02 03 09:23:22:582;0,721;60;4;255999,9844;-3;243,6523;0,0009;-214,8437;
2026 02 03 09:23:22:584;0,721;60;4;255999,9844;-3;243,6523;0,0009;-203,125;
2026 02 03 09:23:22:586;0,721;60;4;255999,9844;-3;243,6523;0,0009;-171,875;
2026 02 03 09:23:22:588;0,721;60;4;255999,9844;-3;243,6523;0,0009;-226,5625;
2026 02 03 09:23:22:590;0,721;60;4;255999,9844;-3;243,6523;0,0009;-164,0625;
2026 02 03 09:23:22:592;0,721;60;4;255999,9844;-3;243,6523;0,0009;-250;
2026 02 03 09:23:22:594;0,721;60;4;255999,9844;-3;243,6523;0,0009;-226,5625;
2026 02 03 09:23:22:596;0,721;60;4;255999,9844;-3;243,6523;0,0009;-218,75;
2026 02 03 09:23:22:598;0,721;60;4;255999,9844;-3;243,6523;0,0009;-183,5937;
2026 02 03 09:23:22:600;0,721;60;4;255999,9844;-3;243,6523;0,0009;-93,75;
2026 02 03 09:23:22:602;0,721;60;4;255999,9844;-3;243,6523;0,0009;-113,2812;
2026 02 03 09:23:22:604;0,721;60;4;255999,9844;-3;243,6523;0,0009;-277,3437;
2026 02 03 09:23:22:606;0,721;60;4;255999,9844;-3;243,6523;0,0009;-152,3437;
2026 02 03 09:23:22:608;0,721;60;4;255999,9844;-3;243,6523;0,0009;-234,375;
2026 02 03 09:23:22:610;0,721;60;4;255999,9844;-3;243,6523;0,0009;-238,2812;
2026 02 03 09:23:22:612;0,721;60;4;255999,9844;-3;243,6523;0,0009;-179,6875;
2026 02 03 09:23:22:614;0,721;60;4;255999,9844;-3;243,6523;0,0009;-218,75;
2026 02 03 09:23:22:616;0,721;60;4;255999,9844;-3;243,6523;0,0009;-152,3437;
2026 02 03 09:23:22:618;0,721;60;4;255999,9844;-3;243,6523;0,0009;-85,9375;
2026 02 03 09:23:22:620;0,721;60;4;255999,9844;-3;243,6523;0,0009;-203,125;
2026 02 03 09:23:22:622;0,721;60;4;255999,9844;-3;243,6523;0,0009;-203,125;
2026 02 03 09:23:22:624;0,721;60;4;255999,9844;-3;243,6523;0,0009;-246,0937;
2026 02 03 09:23:22:626;0,721;60;4;255999,9844;-3;243,6523;0,0009;-265,625;
2026 02 03 09:23:22:628;0,721;60;4;255999,9844;-3;243,6523;0,0009;-218,75;
2026 02 03 09:23:22:630;0,721;60;4;255999,9844;-3;243,6523;0,0009;-132,8125;
2026 02 03 09:23:22:632;0,721;60;4;255999,9844;-3;243,6523;0,0009;-167,9687;
2026 02 03 09:23:22:634;0,721;60;4;255999,9844;-3;243,6523;0,0009;-128,9062;
2026 02 03 09:23:22:636;0,721;60;4;255999,9844;-3;243,6523;0,0009;-269,5312;
2026 02 03 09:23:22:638;0,721;60;4;255999,9844;-3;243,6523;0,0009;-160,1562;
2026 02 03 09:23:22:640;0,721;60;4;255999,9844;-3;243,6523;0,0009;-207,0312;
2026 02 03 09:23:22:642;0,721;60;4;255999,9844;-3;243,6523;0,0009;-257,8125;
2026 02 03 09:23:22:644;0,721;60;4;255999,9844;-3;243,6523;0,0009;-210,9375;
2026 02 03 09:23:22:646;0,721;60;4;255999,9844;-3;243,6523;0,0009;-171,875;
2026 02 03 09:23:22:648;0,721;60;4;255999,9844;-3;243,6523;0,0009;-238,2812;
2026 02 03 09:23:22:650;0,721;60;4;255999,9844;-3;243,6523;0,0009;-179,6875;
2026 02 03 09:23:22:652;0,721;60;4;255999,9844;-3;243,6523;0,0009;-210,9375;
2026 02 03 09:23:22:654;0,721;60;4;255999,9844;-3;243,6523;0,0009;-195,3125;
2026 02 03 09:23:22:656;0,721;60;4;255999,9844;-3;243,6523;0,0009;-175,7812;
2026 02 03 09:23:22:658;0,721;60;4;255999,9844;-3;243,6523;0,0009;-214,8437;
2026 02 03 09:23:22:660;0,721;60;4;255999,9844;-3;243,6523;0,0009;-195,3125;
2026 02 03 09:23:22:662;0,721;60;4;255999,9844;-3;243,6523;0,0009;-203,125;
2026 02 03 09:23:22:664;0,721;60;4;255999,9844;-3;243,6523;0,0009;-261,7187;
2026 02 03 09:23:22:666;0,721;60;4;255999,9844;-3;243,6523;0,0009;-97,6562;
2026 02 03 09:23:22:668;0,721;60;4;255999,9844;-3;243,6523;0,0009;-218,75;
2026 02 03 09:23:22:670;0,721;60;4;255999,9844;-3;243,6523;0,0009;-199,2187;
2026 02 03 09:23:22:672;0,721;60;4;255999,9844;-3;243,6523;0,0009;-152,3437;
2026 02 03 09:23:22:674;0,721;60;4;255999,9844;-3;243,6523;0,0009;-226,5625;
2026 02 03 09:23:22:676;0,721;60;4;255999,9844;-3;243,6523;0,0009;-234,375;
2026 02 03 09:23:22:678;0,721;60;4;255999,9844;-3;243,6523;0,0009;-191,4062;
2026 02 03 09:23:22:680;0,721;60;4;255999,9844;-3;243,6523;0,0009;-179,6875;
2026 02 03 09:23:22:682;0,721;60;4;255999,9844;-3;243,6523;0,0009;-171,875;
2026 02 03 09:23:22:684;0,721;60;4;255999,9844;-3;243,6523;0,0009;-191,4062;
2026 02 03 09:23:22:686;0,721;60;4;255999,9844;-3;243,6523;0,0009;-187,5;
2026 02 03 09:23:22:688;0,721;60;4;255999,9844;-3;243,6523;0,0009;-144,5312;
2026 02 03 09:23:22:690;0,721;60;4;255999,9844;-3;243,6523;0,0009;-316,4062;
2026 02 03 09:23:22:692;0,721;60;4;255999,9844;-3;243,6523;0,0009;-277,3437;
2026 02 03 09:23:22:694;0,721;60;4;255999,9844;-3;243,6523;0,0009;-207,0312;
2026 02 03 09:23:22:696;0,721;60;4;255999,9844;-3;243,6523;0,0009;-199,2187;
2026 02 03 09:23:22:698;0,721;60;4;255999,9844;-3;243,6523;0,0009;-78,125;
2026 02 03 09:23:22:700;0,721;60;4;255999,9844;-3;243,6523;0,0009;-195,3125;
2026 02 03 09:23:22:702;0,721;60;4;255999,9844;-3;243,6523;0,0009;-203,125;
2026 02 03 09:23:22:704;0,721;60;4;255999,9844;-3;243,6523;0,0009;-179,6875;
2026 02 03 09:23:22:706;0,721;60;4;255999,9844;-3;243,6523;0,0009;-257,8125;
2026 02 03 09:23:22:708;0,721;60;4;255999,9844;-3;243,6523;0,0009;-207,0312;
2026 02 03 09:23:22:710;0,721;60;4;255999,9844;-3;243,6523;0,0009;-218,75;
2026 02 03 09:23:22:712;0,721;60;4;255999,9844;-3;243,6523;0,0009;-187,5;
2026 02 03 09:23:22:714;0,721;60;4;255999,9844;-3;243,6523;0,0009;-140,625;
2026 02 03 09:23:22:716;0,721;60;4;255999,9844;-3;243,6523;0,0009;-210,9375;
2026 02 03 09:23:22:718;0,721;60;4;255999,9844;-3;243,6523;0,0009;-187,5;
2026 02 03 09:23:22:720;0,721;60;4;255999,9844;-3;243,6523;0,0009;-160,1562;
2026 02 03 09:23:22:722;0,721;60;4;255999,9844;-3;243,6523;0,0009;-289,0625;
2026 02 03 09:23:22:724;0,721;60;4;255999,9844;-3;243,6523;0,0009;-183,5937;
2026 02 03 09:23:22:726;0,721;60;4;255999,9844;-3;243,6523;0,0009;-203,125;
2026 02 03 09:23:22:728;0,721;60;4;255999,9844;-3;243,6523;0,0009;-187,5;
2026 02 03 09:23:22:730;0,721;60;4;255999,9844;-3;243,6523;0,0009;-156,25;
2026 02 03 09:23:22:732;0,721;60;4;255999,9844;-3;243,6523;0,0009;-203,125;
2026 02 03 09:23:22:734;0,721;60;4;255999,9844;-3;243,6523;0,0009;-214,8437;
2026 02 03 09:23:22:736;0,721;60;4;255999,9844;-3;243,6523;0,0009;-128,9062;
2026 02 03 09:23:22:738;0,721;60;4;255999,9844;-3;243,6523;0,0009;-191,4062;
2026 02 03 09:23:22:740;0,721;60;4;255999,9844;-3;243,6523;0,0009;-195,3125;
2026 02 03 09:23:22:742;0,721;60;4;255999,9844;-3;243,6523;0,0009;-160,1562;
2026 02 03 09:23:22:744;0,721;60;4;255999,9844;-3;243,6523;0,0009;-289,0625;
2026 02 03 09:23:22:746;0,721;60;4;255999,9844;-3;243,6523;0,0009;-171,875;
2026 02 03 09:23:22:748;0,721;60;4;255999,9844;-3;243,6523;0,0009;-238,2812;
2026 02 03 09:23:22:750;0,721;60;4;255999,9844;-3;243,6523;0,0009;-230,4687;
2026 02 03 09:23:22:752;0,721;60;4;255999,9844;-3;243,6523;0,0009;-144,5312;
2026 02 03 09:23:22:754;0,721;60;4;255999,9844;-3;243,6523;0,0009;-250;
2026 02 03 09:23:22:756;0,721;60;4;255999,9844;-3;243,6523;0,0009;-207,0312;
2026 02 03 09:23:22:758;0,721;60;4;255999,9844;-3;243,6523;0,0009;-128,9062;
2026 02 03 09:23:22:760;0,721;60;4;255999,9844;-3;243,6523;0,0009;-234,375;
2026 02 03 09:23:22:762;0,721;60;4;255999,9844;-3;243,6523;0,0009;-179,6875;
2026 02 03 09:23:22:764;0,721;60;4;255999,9844;-3;243,6523;0,0009;-187,5;
2026 02 03 09:23:22:766;0,721;60;4;255999,9844;-3;243,6523;0,0009;-250;
2026 02 03 09:23:22:768;0,721;60;4;255999,9844;-3;243,6523;0,0009;-97,6562;
2026 02 03 09:23:22:770;0,721;60;4;255999,9844;-3;243,6523;0,0009;-238,2812;
2026 02 03 09:23:22:772;0,721;60;4;255999,9844;-3;243,6523;0,0009;-257,8125;
2026 02 03 09:23:22:774;0,721;60;4;255999,9844;-3;243,6523;0,0009;-179,6875;
2026 02 03 09:23:22:776;0,721;60;4;255999,9844;-3;243,6523;0,0009;-246,0937;
2026 02 03 09:23:22:778;0,721;60;4;255999,9844;-3;243,6523;0,0009;-132,8125;
2026 02 03 09:23:22:780;0,721;60;4;255999,9844;-3;243,6523;0,0009;-156,25;
2026 02 03 09:23:22:782;0,721;60;4;255999,9844;-3;243,6523;0,0009;-199,2187;
2026 02 03 09:23:22:784;0,721;60;4;255999,9844;-3;243,6523;0,0009;-195,3125;
2026 02 03 09:23:22:786;0,721;60;4;255999,9844;-3;243,6523;0,0009;-238,2812;
2026 02 03 09:23:22:788;0,721;60;4;255999,9844;-3;243,6523;0,0009;-218,75;
2026 02 03 09:23:22:790;0,721;60;4;255999,9844;-3;243,6523;0,0009;-218,75;
2026 02 03 09:23:22:792;0,721;60;4;255999,9844;-3;243,6523;0,0009;-171,875;
2026 02 03 09:23:22:794;0,721;60;4;255999,9844;-3;243,6523;0,0009;-160,1562;
2026 02 03 09:23:22:796;0,721;60;4;255999,9844;-3;243,6523;0,0009;-156,25;
2026 02 03 09:23:22:798;0,721;60;4;255999,9844;-3;243,6523;0,0009;-160,1562;
2026 02 03 09:23:22:800;0,721;60;4;255999,9844;-3;243,6523;0,0009;-160,1562;
2026 02 03 09:23:22:802;0,721;60;4;255999,9844;-3;243,6523;0,0009;-253,9062;
2026 02 03 09:23:22:804;0,721;60;4;255999,9844;-3;243,6523;0,0009;-265,625;
2026 02 03 09:23:22:806;0,721;60;4;255999,9844;-3;243,6523;0,0009;-191,4062;
2026 02 03 09:23:22:808;0,721;60;4;255999,9844;-3;243,6523;0,0009;-164,0625;
2026 02 03 09:23:22:810;0,721;60;4;255999,9844;-3;243,6523;0,0009;-199,2187;
2026 02 03 09:23:22:812;0,721;60;4;255999,9844;-3;243,6523;0,0009;-246,0937;
2026 02 03 09:23:22:814;0,721;60;4;255999,9844;-3;243,6523;0,0009;-167,9687;
2026 02 03 09:23:22:816;0,721;60;4;255999,9844;-3;243,6523;0,0009;-183,5937;
2026 02 03 09:23:22:818;0,721;60;4;255999,9844;-3;243,6523;0,0009;-218,75;
2026 02 03 09:23:22:820;1,005;42;6;55,0537;0,0009;214,7675;3,9011;-207,0312;
2026 02 03 09:23:22:822;1,005;42;6;55,0537;0,0009;214,7675;3,9011;-167,9687;
2026 02 03 09:23:22:824;1,005;42;6;55,0537;0,0009;214,7675;3,9011;-218,75;
2026 02 03 09:23:22:826;1,005;42;6;55,0537;0,0009;214,7675;3,9011;-152,3437;
2026 02 03 09:23:22:828;1,005;42;6;55,0537;0,0009;214,7675;3,9011;-183,5937;
2026 02 03 09:23:22:830;1,005;42;6;55,0537;0,0009;214,7675;3,9011;-257,8125;
2026 02 03 09:23:22:832;1,005;42;6;55,0537;0,0009;214,7675;3,9011;-140,625;
2026 02 03 09:23:22:834;1,005;42;6;55,0537;0,0009;214,7675;3,9011;-179,6875;
2026 02 03 09:23:22:836;1,005;42;6;55,0537;0,0009;214,7675;3,9011;-250;
2026 02 03 09:23:22:838;1,005;42;6;55,0537;0,0009;214,7675;3,9011;-128,9062;
2026 02 03 09:23:22:840;1,005;42;6;55,0537;0,0009;214,7675;3,9011;-199,2187;
2026 02 03 09:23:22:842;1,005;42;6;55,0537;0,0009;214,7675;3,9011;-218,75;
2026 02 03 09:23:22:844;1,005;42;6;55,0537;0,0009;214,7675;3,9011;-167,9687;
2026 02 03 09:23:22:846;1,005;42;6;55,0537;0,0009;214,7675;3,9011;-226,5625;
2026 02 03 09:23:22:848;1,005;42;6;55,0537;0,0009;214,7675;3,9011;-148,4375;
2026 02 03 09:23:22:850;1,005;42;6;55,0537;0,0009;214,7675;3,9011;-203,125;
2026 02 03 09:23:22:852;1,005;42;6;55,0537;0,0009;214,7675;3,9011;-238,2812;
2026 02 03 09:23:22:854;1,005;42;6;55,0537;0,0009;214,7675;3,9011;-218,75;
2026 02 03 09:23:22:856;1,005;42;6;55,0537;0,0009;214,7675;3,9011;-242,1875;
2026 02 03 09:23:22:858;1,005;42;6;55,0537;0,0009;214,7675;3,9011;-113,2812;
2026 02 03 09:23:22:860;1,005;42;6;55,0537;0,0009;214,7675;3,9011;-132,8125;
2026 02 03 09:23:22:862;1,005;42;6;55,0537;0,0009;214,7675;3,9011;-226,5625;
2026 02 03 09:23:22:864;1,005;42;6;55,0537;0,0009;214,7675;3,9011;-207,0312;
2026 02 03 09:23:22:866;1,005;42;6;55,0537;0,0009;214,7675;3,9011;-203,125;
2026 02 03 09:23:22:868;1,005;42;6;55,0537;0,0009;214,7675;3,9011;-269,5312;
2026 02 03 09:23:22:870;1,005;42;6;55,0537;0,0009;214,7675;3,9011;-164,0625;
2026 02 03 09:23:22:872;1,005;42;6;55,0537;0,0009;214,7675;3,9011;-164,0625;
2026 02 03 09:23:22:874;1,005;42;6;55,0537;0,0009;214,7675;3,9011;-175,7812;
2026 02 03 09:23:22:876;1,005;42;6;55,0537;0,0009;214,7675;3,9011;-171,875;
2026 02 03 09:23:22:878;1,005;42;6;55,0537;0,0009;214,7675;3,9011;-230,4687;
2026 02 03 09:23:22:880;1,005;42;6;55,0537;0,0009;214,7675;3,9011;-167,9687;
2026 02 03 09:23:22:882;1,005;42;6;55,0537;0,0009;214,7675;3,9011;-246,0937;
2026 02 03 09:23:22:884;1,005;42;6;55,0537;0,0009;214,7675;3,9011;-285,1562;
2026 02 03 09:23:22:886;1,005;42;6;55,0537;0,0009;214,7675;3,9011;-187,5;
2026 02 03 09:23:22:888;1,005;42;6;55,0537;0,0009;214,7675;3,9011;-156,25;
2026 02 03 09:23:22:890;1,005;42;6;55,0537;0,0009;214,7675;3,9011;-152,3437;
2026 02 03 09:23:22:892;1,005;42;6;55,0537;0,0009;214,7675;3,9011;-175,7812;
2026 02 03 09:23:22:894;1,005;42;6;55,0537;0,0009;214,7675;3,9011;-238,2812;
2026 02 03 09:23:22:896;1,005;42;6;55,0537;0,0009;214,7675;3,9011;-199,2187;
2026 02 03 09:23:22:898;1,005;42;6;55,0537;0,0009;214,7675;3,9011;-109,375;
2026 02 03 09:23:22:900;1,005;42;6;55,0537;0,0009;214,7675;3,9011;-234,375;
2026 02 03 09:23:22:902;1,005;42;6;55,0537;0,0009;214,7675;3,9011;-183,5937;
2026 02 03 09:23:22:904;1,005;42;6;55,0537;0,0009;214,7675;3,9011;-167,9687;
2026 02 03 09:23:22:906;1,005;42;6;55,0537;0,0009;214,7675;3,9011;-207,0312;
2026 02 03 09:23:22:908;1,005;42;6;55,0537;0,0009;214,7675;3,9011;-179,6875;
2026 02 03 09:23:22:910;1,005;42;6;55,0537;0,0009;214,7675;3,9011;-257,8125;
2026 02 03 09:23:22:912;1,005;42;6;55,0537;0,0009;214,7675;3,9011;-203,125;
2026 02 03 09:23:22:914;1,005;42;6;55,0537;0,0009;214,7675;3,9011;-207,0312;
2026 02 03 09:23:22:916;1,005;42;6;55,0537;0,0009;214,7675;3,9011;-246,0937;
2026 02 03 09:23:22:918;1,005;42;6;55,0537;0,0009;214,7675;3,9011;-191,4062;
2026 02 03 09:23:22:920;1,005;42;6;55,0537;0,0009;214,7675;3,9011;-183,5937;
2026 02 03 09:23:22:922;1,005;42;6;55,0537;0,0009;214,7675;3,9011;-183,5937;
2026 02 03 09:23:22:924;1,005;42;6;55,0537;0,0009;214,7675;3,9011;-191,4062;
2026 02 03 09:23:22:926;1,005;42;6;55,0537;0,0009;214,7675;3,9011;-167,9687;
2026 02 03 09:23:22:928;1,005;42;6;55,0537;0,0009;214,7675;3,9011;-187,5;
2026 02 03 09:23:22:930;1,005;42;6;55,0537;0,0009;214,7675;3,9011;-164,0625;
2026 02 03 09:23:22:932;1,005;42;6;55,0537;0,0009;214,7675;3,9011;-250;
2026 02 03 09:23:22:934;1,005;42;6;55,0537;0,0009;214,7675;3,9011;-234,375;
2026 02 03 09:23:22:936;1,005;42;6;55,0537;0,0009;214,7675;3,9011;-187,5;
2026 02 03 09:23:22:938;1,005;42;6;55,0537;0,0009;214,7675;3,9011;-156,25;
2026 02 03 09:23:22:940;1,005;42;6;55,0537;0,0009;214,7675;3,9011;-203,125;
2026 02 03 09:23:22:942;1,005;42;6;55,0537;0,0009;214,7675;3,9011;-195,3125;
2026 02 03 09:23:22:944;1,005;42;6;55,0537;0,0009;214,7675;3,9011;-191,4062;
2026 02 03 09:23:22:946;1,005;42;6;55,0537;0,0009;214,7675;3,9011;-214,8437;
2026 02 03 09:23:22:948;1,005;42;6;55,0537;0,0009;214,7675;3,9011;-265,625;
2026 02 03 09:23:22:950;1,005;42;6;55,0537;0,0009;214,7675;3,9011;-203,125;
2026 02 03 09:23:22:952;1,005;42;6;55,0537;0,0009;214,7675;3,9011;-191,4062;
2026 02 03 09:23:22:954;1,005;42;6;55,0537;0,0009;214,7675;3,9011;-171,875;
2026 02 03 09:23:22:956;1,005;42;6;55,0537;0,0009;214,7675;3,9011;-105,4687;
2026 02 03 09:23:22:958;1,005;42;6;55,0537;0,0009;214,7675;3,9011;-156,25;
2026 02 03 09:23:22:960;1,005;42;6;55,0537;0,0009;214,7675;3,9011;-222,6562;
2026 02 03 09:23:22:962;1,005;42;6;55,0537;0,0009;214,7675;3,9011;-164,0625;
2026 02 03 09:23:22:964;1,005;42;6;55,0537;0,0009;214,7675;3,9011;-257,8125;
2026 02 03 09:23:22:966;1,005;42;6;55,0537;0,0009;214,7675;3,9011;-261,7187;
2026 02 03 09:23:22:968;1,005;42;6;55,0537;0,0009;214,7675;3,9011;-175,7812;
2026 02 03 09:23:22:970;1,005;42;6;55,0537;0,0009;214,7675;3,9011;-160,1562;
2026 02 03 09:23:22:972;1,005;42;6;55,0537;0,0009;214,7675;3,9011;-179,6875;
2026 02 03 09:23:22:974;1,005;42;6;55,0537;0,0009;214,7675;3,9011;-195,3125;
2026 02 03 09:23:22:976;1,005;42;6;55,0537;0,0009;214,7675;3,9011;-207,0312;
2026 02 03 09:23:22:978;1,005;42;6;55,0537;0,0009;214,7675;3,9011;-183,5937;
2026 02 03 09:23:22:980;1,005;42;6;55,0537;0,0009;214,7675;3,9011;-253,9062;
2026 02 03 09:23:22:982;1,005;42;6;55,0537;0,0009;214,7675;3,9011;-199,2187;
2026 02 03 09:23:22:984;1,005;42;6;55,0537;0,0009;214,7675;3,9011;-214,8437;
2026 02 03 09:23:22:986;1,005;42;6;55,0537;0,0009;214,7675;3,9011;-199,2187;
2026 02 03 09:23:22:988;1,005;42;6;55,0537;0,0009;214,7675;3,9011;-160,1562;
2026 02 03 09:23:22:990;1,005;42;6;55,0537;0,0009;214,7675;3,9011;-167,9687;
2026 02 03 09:23:22:992;1,005;42;6;55,0537;0,0009;214,7675;3,9011;-222,6562;
2026 02 03 09:23:22:994;1,005;42;6;55,0537;0,0009;214,7675;3,9011;-183,5937;
2026 02 03 09:23:22:996;1,005;42;6;55,0537;0,0009;214,7675;3,9011;-199,2187;
2026 02 03 09:23:22:998;1,005;42;6;55,0537;0,0009;214,7675;3,9011;-218,75;
2026 02 03 09:23:23:000;1,005;42;6;55,0537;0,0009;214,7675;3,9011;-195,3125;
2026 02 03 09:23:23:002;1,005;42;6;55,0537;0,0009;214,7675;3,9011;-136,7187;
2026 02 03 09:23:23:004;1,005;42;6;55,0537;0,0009;214,7675;3,9011;-191,4062;
2026 02 03 09:23:23:006;1,005;42;6;55,0537;0,0009;214,7675;3,9011;-167,9687;
2026 02 03 09:23:23:008;1,005;42;6;55,0537;0,0009;214,7675;3,9011;-183,5937;
2026 02 03 09:23:23:010;1,005;42;6;55,0537;0,0009;214,7675;3,9011;-183,5937;
2026 02 03 09:23:23:012;1,005;42;6;55,0537;0,0009;214,7675;3,9011;-207,0312;
2026 02 03 09:23:23:014;1,005;42;6;55,0537;0,0009;214,7675;3,9011;-242,1875;
2026 02 03 09:23:23:016;1,005;42;6;55,0537;0,0009;214,7675;3,9011;-210,9375;
2026 02 03 09:23:23:018;1,005;42;6;55,0537;0,0009;214,7675;3,9011;-140,625;
2026 02 03 09:23:23:020;1,005;42;6;55,0537;0,0009;214,7675;3,9011;-132,8125;
2026 02 03 09:23:23:022;1,005;42;6;55,0537;0,0009;214,7675;3,9011;-160,1562;
2026 02 03 09:23:23:024;1,005;42;6;55,0537;0,0009;214,7675;3,9011;-234,375;
2026 02 03 09:23:23:026;1,005;42;6;55,0537;0,0009;214,7675;3,9011;-199,2187;
2026 02 03 09:23:23:028;1,005;42;6;55,0537;0,0009;214,7675;3,9011;-187,5;
2026 02 03 09:23:23:030;1,005;42;6;55,0537;0,0009;214,7675;3,9011;-242,1875;
2026 02 03 09:23:23:032;1,005;42;6;55,0537;0,0009;214,7675;3,9011;-187,5;
2026 02 03 09:23:23:034;1,005;42;6;55,0537;0,0009;214,7675;3,9011;-160,1562;
2026 02 03 09:23:23:036;1,005;42;6;55,0537;0,0009;214,7675;3,9011;-144,5312;
2026 02 03 09:23:23:038;1,005;42;6;55,0537;0,0009;214,7675;3,9011;-132,8125;
2026 02 03 09:23:23:040;1,005;42;6;55,0537;0,0009;214,7675;3,9011;-195,3125;
2026 02 03 09:23:23:042;1,005;42;6;55,0537;0,0009;214,7675;3,9011;-222,6562;
2026 02 03 09:23:23:044;1,005;42;6;55,0537;0,0009;214,7675;3,9011;-277,3437;
2026 02 03 09:23:23:046;1,005;42;6;55,0537;0,0009;214,7675;3,9011;-257,8125;
2026 02 03 09:23:23:048;1,005;42;6;55,0537;0,0009;214,7675;3,9011;-199,2187;
2026 02 03 09:23:23:050;1,005;42;6;55,0537;0,0009;214,7675;3,9011;-199,2187;
2026 02 03 09:23:23:052;1,005;42;6;55,0537;0,0009;214,7675;3,9011;-167,9687;
2026 02 03 09:23:23:054;1,005;42;6;55,0537;0,0009;214,7675;3,9011;-144,5312;
2026 02 03 09:23:23:056;1,005;42;6;55,0537;0,0009;214,7675;3,9011;-183,5937;
2026 02 03 09:23:23:058;1,005;42;6;55,0537;0,0009;214,7675;3,9011;-144,5312;
2026 02 03 09:23:23:060;1,005;42;6;55,0537;0,0009;214,7675;3,9011;-164,0625;
2026 02 03 09:23:23:062;1,005;42;6;55,0537;0,0009;214,7675;3,9011;-199,2187;
2026 02 03 09:23:23:064;1,005;42;6;55,0537;0,0009;214,7675;3,9011;-214,8437;
2026 02 03 09:23:23:066;1,005;42;6;55,0537;0,0009;214,7675;3,9011;-140,625;
2026 02 03 09:23:23:068;1,005;42;6;55,0537;0,0009;214,7675;3,9011;-175,7812;
2026 02 03 09:23:23:070;1,005;42;6;55,0537;0,0009;214,7675;3,9011;-175,7812;
2026 02 03 09:23:23:072;1,005;42;6;55,0537;0,0009;214,7675;3,9011;-207,0312;
2026 02 03 09:23:23:074;1,005;42;6;55,0537;0,0009;214,7675;3,9011;-214,8437;
2026 02 03 09:23:23:076;1,005;42;6;55,0537;0,0009;214,7675;3,9011;-218,75;
2026 02 03 09:23:23:078;1,005;42;6;55,0537;0,0009;214,7675;3,9011;-210,9375;
2026 02 03 09:23:23:080;1,005;42;6;55,0537;0,0009;214,7675;3,9011;-191,4062;
2026 02 03 09:23:23:082;1,005;42;6;55,0537;0,0009;214,7675;3,9011;-214,8437;
2026 02 03 09:23:23:084;1,005;42;6;55,0537;0,0009;214,7675;3,9011;-152,3437;
2026 02 03 09:23:23:086;1,005;42;6;55,0537;0,0009;214,7675;3,9011;-125;
2026 02 03 09:23:23:088;1,005;42;6;55,0537;0,0009;214,7675;3,9011;-203,125;
2026 02 03 09:23:23:090;1,005;42;6;55,0537;0,0009;214,7675;3,9011;-167,9687;
2026 02 03 09:23:23:092;1,005;42;6;55,0537;0,0009;214,7675;3,9011;-156,25;
2026 02 03 09:23:23:094;1,005;42;6;55,0537;0,0009;214,7675;3,9011;-199,2187;
2026 02 03 09:23:23:096;1,005;42;6;55,0537;0,0009;214,7675;3,9011;-218,75;
2026 02 03 09:23:23:098;1,005;42;6;55,0537;0,0009;214,7675;3,9011;-152,3437;
2026 02 03 09:23:23:100;1,005;42;6;55,0537;0,0009;214,7675;3,9011;-167,9687;
2026 02 03 09:23:23:102;1,005;42;6;55,0537;0,0009;214,7675;3,9011;-199,2187;
2026 02 03 09:23:23:104;1,005;42;6;55,0537;0,0009;214,7675;3,9011;-199,2187;
2026 02 03 09:23:23:106;1,005;42;6;55,0537;0,0009;214,7675;3,9011;-187,5;
2026 02 03 09:23:23:108;1,005;42;6;55,0537;0,0009;214,7675;3,9011;-210,9375;
2026 02 03 09:23:23:110;1,005;42;6;55,0537;0,0009;214,7675;3,9011;-246,0937;
2026 02 03 09:23:23:112;1,005;42;6;55,0537;0,0009;214,7675;3,9011;-191,4062;
2026 02 03 09:23:23:114;1,005;42;6;55,0537;0,0009;214,7675;3,9011;-195,3125;
2026 02 03 09:23:23:116;1,005;42;6;55,0537;0,0009;214,7675;3,9011;-183,5937;
2026 02 03 09:23:23:118;0,961;45;5;43,4418;0,0135;144,5465;3,3274;-58,5937;
2026 02 03 09:23:23:120;0,961;45;5;43,4418;0,0135;144,5465;3,3274;-152,3437;
2026 02 03 09:23:23:122;0,961;45;5;43,4418;0,0135;144,5465;3,3274;-187,5;
2026 02 03 09:23:23:124;0,961;45;5;43,4418;0,0135;144,5465;3,3274;-187,5;
2026 02 03 09:23:23:126;0,961;45;5;43,4418;0,0135;144,5465;3,3274;-242,1875;
2026 02 03 09:23:23:128;0,961;45;5;43,4418;0,0135;144,5465;3,3274;-246,0937;
2026 02 03 09:23:23:130;0,961;45;5;43,4418;0,0135;144,5465;3,3274;-175,7812;
2026 02 03 09:23:23:132;0,961;45;5;43,4418;0,0135;144,5465;3,3274;-183,5937;
2026 02 03 09:23:23:134;0,961;45;5;43,4418;0,0135;144,5465;3,3274;-183,5937;
2026 02 03 09:23:23:136;0,961;45;5;43,4418;0,0135;144,5465;3,3274;-160,1562;
2026 02 03 09:23:23:138;0,961;45;5;43,4418;0,0135;144,5465;3,3274;-160,1562;
2026 02 03 09:23:23:140;0,961;45;5;43,4418;0,0135;144,5465;3,3274;-171,875;
2026 02 03 09:23:23:142;0,961;45;5;43,4418;0,0135;144,5465;3,3274;-261,7187;
2026 02 03 09:23:23:144;0,961;45;5;43,4418;0,0135;144,5465;3,3274;-238,2812;
2026 02 03 09:23:23:146;0,961;45;5;43,4418;0,0135;144,5465;3,3274;-125;
2026 02 03 09:23:23:148;0,961;45;5;43,4418;0,0135;144,5465;3,3274;-222,6562;
2026 02 03 09:23:23:150;0,961;45;5;43,4418;0,0135;144,5465;3,3274;-132,8125;
2026 02 03 09:23:23:152;0,961;45;5;43,4418;0,0135;144,5465;3,3274;-125;
2026 02 03 09:23:23:154;0,961;45;5;43,4418;0,0135;144,5465;3,3274;-214,8437;
2026 02 03 09:23:23:156;0,961;45;5;43,4418;0,0135;144,5465;3,3274;-191,4062;
2026 02 03 09:23:23:158;0,961;45;5;43,4418;0,0135;144,5465;3,3274;-164,0625;
2026 02 03 09:23:23:160;0,961;45;5;43,4418;0,0135;144,5465;3,3274;-199,2187;
2026 02 03 09:23:23:162;0,961;45;5;43,4418;0,0135;144,5465;3,3274;-187,5;
2026 02 03 09:23:23:164;0,961;45;5;43,4418;0,0135;144,5465;3,3274;-218,75;
2026 02 03 09:23:23:166;0,961;45;5;43,4418;0,0135;144,5465;3,3274;-160,1562;
2026 02 03 09:23:23:168;0,961;45;5;43,4418;0,0135;144,5465;3,3274;-152,3437;
2026 02 03 09:23:23:170;0,961;45;5;43,4418;0,0135;144,5465;3,3274;-199,2187;
2026 02 03 09:23:23:172;0,961;45;5;43,4418;0,0135;144,5465;3,3274;-187,5;
2026 02 03 09:23:23:174;0,961;45;5;43,4418;0,0135;144,5465;3,3274;-183,5937;
2026 02 03 09:23:23:176;0,961;45;5;43,4418;0,0135;144,5465;3,3274;-171,875;
2026 02 03 09:23:23:178;0,961;45;5;43,4418;0,0135;144,5465;3,3274;-183,5937;
2026 02 03 09:23:23:180;0,961;45;5;43,4418;0,0135;144,5465;3,3274;-199,2187;
2026 02 03 09:23:23:182;0,961;45;5;43,4418;0,0135;144,5465;3,3274;-179,6875;
2026 02 03 09:23:23:184;0,961;45;5;43,4418;0,0135;144,5465;3,3274;-230,4687;
2026 02 03 09:23:23:186;0,961;45;5;43,4418;0,0135;144,5465;3,3274;-238,2812;
2026 02 03 09:23:23:188;0,961;45;5;43,4418;0,0135;144,5465;3,3274;-140,625;
2026 02 03 09:23:23:190;0,961;45;5;43,4418;0,0135;144,5465;3,3274;-171,875;
2026 02 03 09:23:23:192;0,961;45;5;43,4418;0,0135;144,5465;3,3274;-152,3437;
2026 02 03 09:23:23:194;0,961;45;5;43,4418;0,0135;144,5465;3,3274;-167,9687;
2026 02 03 09:23:23:196;0,961;45;5;43,4418;0,0135;144,5465;3,3274;-207,0312;
2026 02 03 09:23:23:198;0,961;45;5;43,4418;0,0135;144,5465;3,3274;-132,8125;
2026 02 03 09:23:23:200;0,961;45;5;43,4418;0,0135;144,5465;3,3274;-175,7812;
2026 02 03 09:23:23:202;0,961;45;5;43,4418;0,0135;144,5465;3,3274;-199,2187;
2026 02 03 09:23:23:204;0,961;45;5;43,4418;0,0135;144,5465;3,3274;-199,2187;
2026 02 03 09:23:23:206;0,961;45;5;43,4418;0,0135;144,5465;3,3274;-210,9375;
2026 02 03 09:23:23:208;0,961;45;5;43,4418;0,0135;144,5465;3,3274;-246,0937;
2026 02 03 09:23:23:210;0,961;45;5;43,4418;0,0135;144,5465;3,3274;-222,6562;
2026 02 03 09:23:23:212;0,961;45;5;43,4418;0,0135;144,5465;3,3274;-191,4062;
2026 02 03 09:23:23:214;0,961;45;5;43,4418;0,0135;144,5465;3,3274;-218,75;
2026 02 03 09:23:23:216;0,961;45;5;43,4418;0,0135;144,5465;3,3274;-214,8437;
2026 02 03 09:23:23:218;0,961;45;5;43,4418;0,0135;144,5465;3,3274;-164,0625;
2026 02 03 09:23:23:220;0,961;45;5;43,4418;0,0135;144,5465;3,3274;-167,9687;
2026 02 03 09:23:23:222;0,961;45;5;43,4418;0,0135;144,5465;3,3274;-183,5937;
2026 02 03 09:23:23:224;0,961;45;5;43,4418;0,0135;144,5465;3,3274;-195,3125;
2026 02 03 09:23:23:226;0,961;45;5;43,4418;0,0135;144,5465;3,3274;-167,9687;
2026 02 03 09:23:23:228;0,961;45;5;43,4418;0,0135;144,5465;3,3274;-175,7812;
2026 02 03 09:23:23:230;0,961;45;5;43,4418;0,0135;144,5465;3,3274;-234,375;
2026 02 03 09:23:23:232;0,961;45;5;43,4418;0,0135;144,5465;3,3274;-207,0312;
2026 02 03 09:23:23:234;0,961;45;5;43,4418;0,0135;144,5465;3,3274;-175,7812;
2026 02 03 09:23:23:236;0,961;45;5;43,4418;0,0135;144,5465;3,3274;-226,5625;
2026 02 03 09:23:23:238;0,961;45;5;43,4418;0,0135;144,5465;3,3274;-167,9687;
2026 02 03 09:23:23:240;0,961;45;5;43,4418;0,0135;144,5465;3,3274;-195,3125;
2026 02 03 09:23:23:242;0,961;45;5;43,4418;0,0135;144,5465;3,3274;-191,4062;
2026 02 03 09:23:23:244;0,961;45;5;43,4418;0,0135;144,5465;3,3274;-265,625;
2026 02 03 09:23:23:246;0,961;45;5;43,4418;0,0135;144,5465;3,3274;-269,5312;
2026 02 03 09:23:23:248;0,961;45;5;43,4418;0,0135;144,5465;3,3274;-199,2187;
2026 02 03 09:23:23:250;0,961;45;5;43,4418;0,0135;144,5465;3,3274;-175,7812;
2026 02 03 09:23:23:252;0,961;45;5;43,4418;0,0135;144,5465;3,3274;-175,7812;
2026 02 03 09:23:23:254;0,961;45;5;43,4418;0,0135;144,5465;3,3274;-179,6875;
2026 02 03 09:23:23:256;0,961;45;5;43,4418;0,0135;144,5465;3,3274;-191,4062;
2026 02 03 09:23:23:258;0,961;45;5;43,4418;0,0135;144,5465;3,3274;-164,0625;
2026 02 03 09:23:23:260;0,961;45;5;43,4418;0,0135;144,5465;3,3274;-183,5937;
2026 02 03 09:23:23:262;0,961;45;5;43,4418;0,0135;144,5465;3,3274;-195,3125;
2026 02 03 09:23:23:264;0,961;45;5;43,4418;0,0135;144,5465;3,3274;-253,9062;
2026 02 03 09:23:23:266;0,961;45;5;43,4418;0,0135;144,5465;3,3274;-234,375;
2026 02 03 09:23:23:268;0,961;45;5;43,4418;0,0135;144,5465;3,3274;-246,0937;
2026 02 03 09:23:23:270;0,961;45;5;43,4418;0,0135;144,5465;3,3274;-226,5625;
2026 02 03 09:23:23:272;0,961;45;5;43,4418;0,0135;144,5465;3,3274;-257,8125;
2026 02 03 09:23:23:274;0,961;45;5;43,4418;0,0135;144,5465;3,3274;-246,0937;
2026 02 03 09:23:23:276;0,961;45;5;43,4418;0,0135;144,5465;3,3274;-203,125;
2026 02 03 09:23:23:278;0,961;45;5;43,4418;0,0135;144,5465;3,3274;-175,7812;
2026 02 03 09:23:23:280;0,961;45;5;43,4418;0,0135;144,5465;3,3274;-195,3125;
2026 02 03 09:23:23:282;0,961;45;5;43,4418;0,0135;144,5465;3,3274;-160,1562;
2026 02 03 09:23:23:284;0,961;45;5;43,4418;0,0135;144,5465;3,3274;-234,375;
2026 02 03 09:23:23:286;0,961;45;5;43,4418;0,0135;144,5465;3,3274;-203,125;
2026 02 03 09:23:23:288;0,961;45;5;43,4418;0,0135;144,5465;3,3274;-183,5937;
2026 02 03 09:23:23:290;0,961;45;5;43,4418;0,0135;144,5465;3,3274;-203,125;
2026 02 03 09:23:23:292;0,961;45;5;43,4418;0,0135;144,5465;3,3274;-238,2812;
2026 02 03 09:23:23:294;0,961;45;5;43,4418;0,0135;144,5465;3,3274;-234,375;
2026 02 03 09:23:23:296;0,961;45;5;43,4418;0,0135;144,5465;3,3274;-218,75;
2026 02 03 09:23:23:298;0,961;45;5;43,4418;0,0135;144,5465;3,3274;-226,5625;
2026 02 03 09:23:23:300;0,961;45;5;43,4418;0,0135;144,5465;3,3274;-269,5312;
2026 02 03 09:23:23:302;0,961;45;5;43,4418;0,0135;144,5465;3,3274;-210,9375;
2026 02 03 09:23:23:304;0,961;45;5;43,4418;0,0135;144,5465;3,3274;-230,4687;
2026 02 03 09:23:23:306;0,961;45;5;43,4418;0,0135;144,5465;3,3274;-191,4062;
2026 02 03 09:23:23:308;0,961;45;5;43,4418;0,0135;144,5465;3,3274;-183,5937;
2026 02 03 09:23:23:310;0,961;45;5;43,4418;0,0135;144,5465;3,3274;-195,3125;
2026 02 03 09:23:23:312;0,961;45;5;43,4418;0,0135;144,5465;3,3274;-179,6875;
2026 02 03 09:23:23:314;0,961;45;5;43,4418;0,0135;144,5465;3,3274;-187,5;
2026 02 03 09:23:23:316;0,961;45;5;43,4418;0,0135;144,5465;3,3274;-214,8437;
2026 02 03 09:23:23:318;0,961;45;5;43,4418;0,0135;144,5465;3,3274;-187,5;
2026 02 03 09:23:23:320;0,961;45;5;43,4418;0,0135;144,5465;3,3274;-250;
2026 02 03 09:23:23:322;0,961;45;5;43,4418;0,0135;144,5465;3,3274;-226,5625;
2026 02 03 09:23:23:324;0,961;45;5;43,4418;0,0135;144,5465;3,3274;-269,5312;
2026 02 03 09:23:23:326;0,961;45;5;43,4418;0,0135;144,5465;3,3274;-269,5312;
2026 02 03 09:23:23:328;0,961;45;5;43,4418;0,0135;144,5465;3,3274;-253,9062;
2026 02 03 09:23:23:330;0,961;45;5;43,4418;0,0135;144,5465;3,3274;-175,7812;
2026 02 03 09:23:23:332;0,961;45;5;43,4418;0,0135;144,5465;3,3274;-191,4062;
2026 02 03 09:23:23:334;0,961;45;5;43,4418;0,0135;144,5465;3,3274;-214,8437;
2026 02 03 09:23:23:336;0,961;45;5;43,4418;0,0135;144,5465;3,3274;-156,25;
2026 02 03 09:23:23:338;0,961;45;5;43,4418;0,0135;144,5465;3,3274;-167,9687;
2026 02 03 09:23:23:340;0,961;45;5;43,4418;0,0135;144,5465;3,3274;-175,7812;
2026 02 03 09:23:23:342;0,961;45;5;43,4418;0,0135;144,5465;3,3274;-222,6562;
2026 02 03 09:23:23:344;0,961;45;5;43,4418;0,0135;144,5465;3,3274;-250;
2026 02 03 09:23:23:346;0,961;45;5;43,4418;0,0135;144,5465;3,3274;-242,1875;
2026 02 03 09:23:23:348;0,961;45;5;43,4418;0,0135;144,5465;3,3274;-292,9687;
2026 02 03 09:23:23:350;0,961;45;5;43,4418;0,0135;144,5465;3,3274;-246,0937;
2026 02 03 09:23:23:352;0,961;45;5;43,4418;0,0135;144,5465;3,3274;-257,8125;
2026 02 03 09:23:23:354;0,961;45;5;43,4418;0,0135;144,5465;3,3274;-265,625;
2026 02 03 09:23:23:356;0,961;45;5;43,4418;0,0135;144,5465;3,3274;-226,5625;
2026 02 03 09:23:23:358;0,961;45;5;43,4418;0,0135;144,5465;3,3274;-171,875;
2026 02 03 09:23:23:360;0,961;45;5;43,4418;0,0135;144,5465;3,3274;-175,7812;
2026 02 03 09:23:23:362;0,961;45;5;43,4418;0,0135;144,5465;3,3274;-175,7812;
2026 02 03 09:23:23:364;0,961;45;5;43,4418;0,0135;144,5465;3,3274;-214,8437;
2026 02 03 09:23:23:366;0,961;45;5;43,4418;0,0135;144,5465;3,3274;-195,3125;
2026 02 03 09:23:23:368;0,961;45;5;43,4418;0,0135;144,5465;3,3274;-195,3125;
2026 02 03 09:23:23:370;0,961;45;5;43,4418;0,0135;144,5465;3,3274;-210,9375;
2026 02 03 09:23:23:372;0,961;45;5;43,4418;0,0135;144,5465;3,3274;-253,9062;
2026 02 03 09:23:23:374;0,961;45;5;43,4418;0,0135;144,5465;3,3274;-277,3437;
2026 02 03 09:23:23:376;0,961;45;5;43,4418;0,0135;144,5465;3,3274;-265,625;
2026 02 03 09:23:23:378;0,961;45;5;43,4418;0,0135;144,5465;3,3274;-234,375;
2026 02 03 09:23:23:380;0,961;45;5;43,4418;0,0135;144,5465;3,3274;-277,3437;
2026 02 03 09:23:23:382;0,961;45;5;43,4418;0,0135;144,5465;3,3274;-222,6562;
2026 02 03 09:23:23:384;0,961;45;5;43,4418;0,0135;144,5465;3,3274;-226,5625;
2026 02 03 09:23:23:386;0,961;45;5;43,4418;0,0135;144,5465;3,3274;-164,0625;
2026 02 03 09:23:23:388;0,961;45;5;43,4418;0,0135;144,5465;3,3274;-160,1562;
2026 02 03 09:23:23:390;0,961;45;5;43,4418;0,0135;144,5465;3,3274;-167,9687;
2026 02 03 09:23:23:392;0,961;45;5;43,4418;0,0135;144,5465;3,3274;-179,6875;
2026 02 03 09:23:23:394;0,961;45;5;43,4418;0,0135;144,5465;3,3274;-199,2187;
2026 02 03 09:23:23:396;0,961;45;5;43,4418;0,0135;144,5465;3,3274;-218,75;
2026 02 03 09:23:23:398;0,961;45;5;43,4418;0,0135;144,5465;3,3274;-203,125;
2026 02 03 09:23:23:400;0,961;45;5;43,4418;0,0135;144,5465;3,3274;-273,4375;
2026 02 03 09:23:23:402;0,961;45;5;43,4418;0,0135;144,5465;3,3274;-269,5312;
2026 02 03 09:23:23:404;0,961;45;5;43,4418;0,0135;144,5465;3,3274;-289,0625;
2026 02 03 09:23:23:406;0,961;45;5;43,4418;0,0135;144,5465;3,3274;-281,25;
2026 02 03 09:23:23:408;0,961;45;5;43,4418;0,0135;144,5465;3,3274;-265,625;
2026 02 03 09:23:23:410;0,961;45;5;43,4418;0,0135;144,5465;3,3274;-214,8437;
2026 02 03 09:23:23:412;0,961;45;5;43,4418;0,0135;144,5465;3,3274;-214,8437;
2026 02 03 09:23:23:414;0,961;45;5;43,4418;0,0135;144,5465;3,3274;-175,7812;
2026 02 03 09:23:23:416;0,961;45;5;43,4418;0,0135;144,5465;3,3274;-164,0625;
2026 02 03 09:23:23:418;0,961;45;5;43,4418;0,0135;144,5465;3,3274;-152,3437;
2026 02 03 09:23:23:420;0,892;41;4;42,1906;0,1827;148,5901;3,5219;-175,7812;
2026 02 03 09:23:23:422;0,892;41;4;42,1906;0,1827;148,5901;3,5219;-218,75;
2026 02 03 09:23:23:424;0,892;41;4;42,1906;0,1827;148,5901;3,5219;-246,0937;
2026 02 03 09:23:23:426;0,892;41;4;42,1906;0,1827;148,5901;3,5219;-273,4375;
2026 02 03 09:23:23:428;0,892;41;4;42,1906;0,1827;148,5901;3,5219;-320,3125;
2026 02 03 09:23:23:430;0,892;41;4;42,1906;0,1827;148,5901;3,5219;-238,2812;
2026 02 03 09:23:23:432;0,892;41;4;42,1906;0,1827;148,5901;3,5219;-296,875;
2026 02 03 09:23:23:434;0,892;41;4;42,1906;0,1827;148,5901;3,5219;-257,8125;
2026 02 03 09:23:23:436;0,892;41;4;42,1906;0,1827;148,5901;3,5219;-269,5312;
2026 02 03 09:23:23:438;0,892;41;4;42,1906;0,1827;148,5901;3,5219;-171,875;
2026 02 03 09:23:23:440;0,892;41;4;42,1906;0,1827;148,5901;3,5219;-187,5;
2026 02 03 09:23:23:442;0,892;41;4;42,1906;0,1827;148,5901;3,5219;-187,5;
2026 02 03 09:23:23:444;0,892;41;4;42,1906;0,1827;148,5901;3,5219;-222,6562;
2026 02 03 09:23:23:446;0,892;41;4;42,1906;0,1827;148,5901;3,5219;-167,9687;
2026 02 03 09:23:23:448;0,892;41;4;42,1906;0,1827;148,5901;3,5219;-207,0312;
2026 02 03 09:23:23:450;0,892;41;4;42,1906;0,1827;148,5901;3,5219;-218,75;
2026 02 03 09:23:23:452;0,892;41;4;42,1906;0,1827;148,5901;3,5219;-242,1875;
2026 02 03 09:23:23:454;0,892;41;4;42,1906;0,1827;148,5901;3,5219;-261,7187;
2026 02 03 09:23:23:456;0,892;41;4;42,1906;0,1827;148,5901;3,5219;-269,5312;
2026 02 03 09:23:23:458;0,892;41;4;42,1906;0,1827;148,5901;3,5219;-214,8437;
2026 02 03 09:23:23:460;0,892;41;4;42,1906;0,1827;148,5901;3,5219;-277,3437;
2026 02 03 09:23:23:462;0,892;41;4;42,1906;0,1827;148,5901;3,5219;-257,8125;
2026 02 03 09:23:23:464;0,892;41;4;42,1906;0,1827;148,5901;3,5219;-222,6562;
2026 02 03 09:23:23:466;0,892;41;4;42,1906;0,1827;148,5901;3,5219;-210,9375;
2026 02 03 09:23:23:468;0,892;41;4;42,1906;0,1827;148,5901;3,5219;-187,5;
2026 02 03 09:23:23:470;0,892;41;4;42,1906;0,1827;148,5901;3,5219;-191,4062;
2026 02 03 09:23:23:472;0,892;41;4;42,1906;0,1827;148,5901;3,5219;-183,5937;
2026 02 03 09:23:23:474;0,892;41;4;42,1906;0,1827;148,5901;3,5219;-187,5;
2026 02 03 09:23:23:476;0,892;41;4;42,1906;0,1827;148,5901;3,5219;-195,3125;
2026 02 03 09:23:23:478;0,892;41;4;42,1906;0,1827;148,5901;3,5219;-222,6562;
2026 02 03 09:23:23:480;0,892;41;4;42,1906;0,1827;148,5901;3,5219;-265,625;
2026 02 03 09:23:23:482;0,892;41;4;42,1906;0,1827;148,5901;3,5219;-281,25;
2026 02 03 09:23:23:484;0,892;41;4;42,1906;0,1827;148,5901;3,5219;-281,25;
2026 02 03 09:23:23:486;0,892;41;4;42,1906;0,1827;148,5901;3,5219;-285,1562;
2026 02 03 09:23:23:488;0,892;41;4;42,1906;0,1827;148,5901;3,5219;-281,25;
2026 02 03 09:23:23:490;0,892;41;4;42,1906;0,1827;148,5901;3,5219;-242,1875;
2026 02 03 09:23:23:492;0,892;41;4;42,1906;0,1827;148,5901;3,5219;-226,5625;
2026 02 03 09:23:23:494;0,892;41;4;42,1906;0,1827;148,5901;3,5219;-183,5937;
2026 02 03 09:23:23:496;0,892;41;4;42,1906;0,1827;148,5901;3,5219;-199,2187;
2026 02 03 09:23:23:498;0,892;41;4;42,1906;0,1827;148,5901;3,5219;-160,1562;
2026 02 03 09:23:23:500;0,892;41;4;42,1906;0,1827;148,5901;3,5219;-171,875;
2026 02 03 09:23:23:502;0,892;41;4;42,1906;0,1827;148,5901;3,5219;-218,75;
2026 02 03 09:23:23:504;0,892;41;4;42,1906;0,1827;148,5901;3,5219;-238,2812;
2026 02 03 09:23:23:506;0,892;41;4;42,1906;0,1827;148,5901;3,5219;-253,9062;
2026 02 03 09:23:23:508;0,892;41;4;42,1906;0,1827;148,5901;3,5219;-300,7812;
2026 02 03 09:23:23:510;0,892;41;4;42,1906;0,1827;148,5901;3,5219;-246,0937;
2026 02 03 09:23:23:512;0,892;41;4;42,1906;0,1827;148,5901;3,5219;-257,8125;
2026 02 03 09:23:23:514;0,892;41;4;42,1906;0,1827;148,5901;3,5219;-253,9062;
2026 02 03 09:23:23:516;0,892;41;4;42,1906;0,1827;148,5901;3,5219;-250;
2026 02 03 09:23:23:518;0,892;41;4;42,1906;0,1827;148,5901;3,5219;-195,3125;
2026 02 03 09:23:23:520;0,892;41;4;42,1906;0,1827;148,5901;3,5219;-214,8437;
2026 02 03 09:23:23:522;0,892;41;4;42,1906;0,1827;148,5901;3,5219;-199,2187;
2026 02 03 09:23:23:524;0,892;41;4;42,1906;0,1827;148,5901;3,5219;-214,8437;
2026 02 03 09:23:23:526;0,892;41;4;42,1906;0,1827;148,5901;3,5219;-187,5;
2026 02 03 09:23:23:528;0,892;41;4;42,1906;0,1827;148,5901;3,5219;-167,9687;
2026 02 03 09:23:23:530;0,892;41;4;42,1906;0,1827;148,5901;3,5219;-207,0312;
2026 02 03 09:23:23:532;0,892;41;4;42,1906;0,1827;148,5901;3,5219;-222,6562;
2026 02 03 09:23:23:534;0,892;41;4;42,1906;0,1827;148,5901;3,5219;-230,4687;
2026 02 03 09:23:23:536;0,892;41;4;42,1906;0,1827;148,5901;3,5219;-296,875;
2026 02 03 09:23:23:538;0,892;41;4;42,1906;0,1827;148,5901;3,5219;-187,5;
2026 02 03 09:23:23:540;0,892;41;4;42,1906;0,1827;148,5901;3,5219;-292,9687;
2026 02 03 09:23:23:542;0,892;41;4;42,1906;0,1827;148,5901;3,5219;-253,9062;
2026 02 03 09:23:23:544;0,892;41;4;42,1906;0,1827;148,5901;3,5219;-253,9062;
2026 02 03 09:23:23:546;0,892;41;4;42,1906;0,1827;148,5901;3,5219;-226,5625;
2026 02 03 09:23:23:548;0,892;41;4;42,1906;0,1827;148,5901;3,5219;-191,4062;
2026 02 03 09:23:23:550;0,892;41;4;42,1906;0,1827;148,5901;3,5219;-207,0312;
2026 02 03 09:23:23:552;0,892;41;4;42,1906;0,1827;148,5901;3,5219;-191,4062;
2026 02 03 09:23:23:554;0,892;41;4;42,1906;0,1827;148,5901;3,5219;-171,875;
2026 02 03 09:23:23:556;0,892;41;4;42,1906;0,1827;148,5901;3,5219;-195,3125;
2026 02 03 09:23:23:558;0,892;41;4;42,1906;0,1827;148,5901;3,5219;-160,1562;
2026 02 03 09:23:23:560;0,892;41;4;42,1906;0,1827;148,5901;3,5219;-218,75;
2026 02 03 09:23:23:562;0,892;41;4;42,1906;0,1827;148,5901;3,5219;-273,4375;
2026 02 03 09:23:23:564;0,892;41;4;42,1906;0,1827;148,5901;3,5219;-304,6875;
2026 02 03 09:23:23:566;0,892;41;4;42,1906;0,1827;148,5901;3,5219;-273,4375;
2026 02 03 09:23:23:568;0,892;41;4;42,1906;0,1827;148,5901;3,5219;-285,1562;
2026 02 03 09:23:23:570;0,892;41;4;42,1906;0,1827;148,5901;3,5219;-234,375;
2026 02 03 09:23:23:572;0,892;41;4;42,1906;0,1827;148,5901;3,5219;-242,1875;
2026 02 03 09:23:23:574;0,892;41;4;42,1906;0,1827;148,5901;3,5219;-195,3125;
2026 02 03 09:23:23:576;0,892;41;4;42,1906;0,1827;148,5901;3,5219;-199,2187;
2026 02 03 09:23:23:578;0,892;41;4;42,1906;0,1827;148,5901;3,5219;-144,5312;
2026 02 03 09:23:23:580;0,892;41;4;42,1906;0,1827;148,5901;3,5219;-156,25;
2026 02 03 09:23:23:582;0,892;41;4;42,1906;0,1827;148,5901;3,5219;-179,6875;
2026 02 03 09:23:23:584;0,892;41;4;42,1906;0,1827;148,5901;3,5219;-199,2187;
2026 02 03 09:23:23:586;0,892;41;4;42,1906;0,1827;148,5901;3,5219;-230,4687;
2026 02 03 09:23:23:588;0,892;41;4;42,1906;0,1827;148,5901;3,5219;-261,7187;
2026 02 03 09:23:23:590;0,892;41;4;42,1906;0,1827;148,5901;3,5219;-246,0937;
2026 02 03 09:23:23:592;0,892;41;4;42,1906;0,1827;148,5901;3,5219;-269,5312;
2026 02 03 09:23:23:594;0,892;41;4;42,1906;0,1827;148,5901;3,5219;-257,8125;
2026 02 03 09:23:23:596;0,892;41;4;42,1906;0,1827;148,5901;3,5219;-273,4375;
2026 02 03 09:23:23:598;0,892;41;4;42,1906;0,1827;148,5901;3,5219;-210,9375;
2026 02 03 09:23:23:600;0,892;41;4;42,1906;0,1827;148,5901;3,5219;-210,9375;
2026 02 03 09:23:23:602;0,892;41;4;42,1906;0,1827;148,5901;3,5219;-187,5;
2026 02 03 09:23:23:604;0,892;41;4;42,1906;0,1827;148,5901;3,5219;-187,5;
2026 02 03 09:23:23:606;0,892;41;4;42,1906;0,1827;148,5901;3,5219;-164,0625;
2026 02 03 09:23:23:608;0,892;41;4;42,1906;0,1827;148,5901;3,5219;-148,4375;
2026 02 03 09:23:23:610;0,892;41;4;42,1906;0,1827;148,5901;3,5219;-179,6875;
2026 02 03 09:23:23:612;0,892;41;4;42,1906;0,1827;148,5901;3,5219;-207,0312;
2026 02 03 09:23:23:614;0,892;41;4;42,1906;0,1827;148,5901;3,5219;-238,2812;
2026 02 03 09:23:23:616;0,892;41;4;42,1906;0,1827;148,5901;3,5219;-253,9062;
2026 02 03 09:23:23:618;0,892;41;4;42,1906;0,1827;148,5901;3,5219;-226,5625;
2026 02 03 09:23:23:620;0,892;41;4;42,1906;0,1827;148,5901;3,5219;-269,5312;
2026 02 03 09:23:23:622;0,892;41;4;42,1906;0,1827;148,5901;3,5219;-261,7187;
2026 02 03 09:23:23:624;0,892;41;4;42,1906;0,1827;148,5901;3,5219;-273,4375;
2026 02 03 09:23:23:626;0,892;41;4;42,1906;0,1827;148,5901;3,5219;-199,2187;
2026 02 03 09:23:23:628;0,892;41;4;42,1906;0,1827;148,5901;3,5219;-191,4062;
2026 02 03 09:23:23:630;0,892;41;4;42,1906;0,1827;148,5901;3,5219;-183,5937;
2026 02 03 09:23:23:632;0,892;41;4;42,1906;0,1827;148,5901;3,5219;-167,9687;
2026 02 03 09:23:23:634;0,892;41;4;42,1906;0,1827;148,5901;3,5219;-148,4375;
2026 02 03 09:23:23:636;0,892;41;4;42,1906;0,1827;148,5901;3,5219;-187,5;
2026 02 03 09:23:23:638;0,892;41;4;42,1906;0,1827;148,5901;3,5219;-171,875;
2026 02 03 09:23:23:640;0,892;41;4;42,1906;0,1827;148,5901;3,5219;-222,6562;
2026 02 03 09:23:23:642;0,892;41;4;42,1906;0,1827;148,5901;3,5219;-265,625;
2026 02 03 09:23:23:644;0,892;41;4;42,1906;0,1827;148,5901;3,5219;-273,4375;
2026 02 03 09:23:23:646;0,892;41;4;42,1906;0,1827;148,5901;3,5219;-257,8125;
2026 02 03 09:23:23:648;0,892;41;4;42,1906;0,1827;148,5901;3,5219;-281,25;
2026 02 03 09:23:23:650;0,892;41;4;42,1906;0,1827;148,5901;3,5219;-253,9062;
2026 02 03 09:23:23:652;0,892;41;4;42,1906;0,1827;148,5901;3,5219;-234,375;
2026 02 03 09:23:23:654;0,892;41;4;42,1906;0,1827;148,5901;3,5219;-195,3125;
2026 02 03 09:23:23:656;0,892;41;4;42,1906;0,1827;148,5901;3,5219;-167,9687;
2026 02 03 09:23:23:658;0,892;41;4;42,1906;0,1827;148,5901;3,5219;-117,1875;
2026 02 03 09:23:23:660;0,892;41;4;42,1906;0,1827;148,5901;3,5219;-140,625;
2026 02 03 09:23:23:662;0,892;41;4;42,1906;0,1827;148,5901;3,5219;-171,875;
2026 02 03 09:23:23:664;0,892;41;4;42,1906;0,1827;148,5901;3,5219;-199,2187;
2026 02 03 09:23:23:666;0,892;41;4;42,1906;0,1827;148,5901;3,5219;-222,6562;
2026 02 03 09:23:23:668;0,892;41;4;42,1906;0,1827;148,5901;3,5219;-250;
2026 02 03 09:23:23:670;0,892;41;4;42,1906;0,1827;148,5901;3,5219;-250;
2026 02 03 09:23:23:672;0,892;41;4;42,1906;0,1827;148,5901;3,5219;-265,625;
2026 02 03 09:23:23:674;0,892;41;4;42,1906;0,1827;148,5901;3,5219;-269,5312;
2026 02 03 09:23:23:676;0,892;41;4;42,1906;0,1827;148,5901;3,5219;-261,7187;
2026 02 03 09:23:23:678;0,892;41;4;42,1906;0,1827;148,5901;3,5219;-187,5;
2026 02 03 09:23:23:680;0,892;41;4;42,1906;0,1827;148,5901;3,5219;-195,3125;
2026 02 03 09:23:23:682;0,892;41;4;42,1906;0,1827;148,5901;3,5219;-156,25;
2026 02 03 09:23:23:684;0,892;41;4;42,1906;0,1827;148,5901;3,5219;-214,8437;
2026 02 03 09:23:23:686;0,892;41;4;42,1906;0,1827;148,5901;3,5219;-167,9687;
2026 02 03 09:23:23:688;0,892;41;4;42,1906;0,1827;148,5901;3,5219;-171,875;
2026 02 03 09:23:23:690;0,892;41;4;42,1906;0,1827;148,5901;3,5219;-175,7812;
2026 02 03 09:23:23:692;0,892;41;4;42,1906;0,1827;148,5901;3,5219;-179,6875;
2026 02 03 09:23:23:694;0,892;41;4;42,1906;0,1827;148,5901;3,5219;-218,75;
2026 02 03 09:23:23:696;0,892;41;4;42,1906;0,1827;148,5901;3,5219;-250;
2026 02 03 09:23:23:698;0,892;41;4;42,1906;0,1827;148,5901;3,5219;-234,375;
2026 02 03 09:23:23:700;0,892;41;4;42,1906;0,1827;148,5901;3,5219;-250;
2026 02 03 09:23:23:702;0,892;41;4;42,1906;0,1827;148,5901;3,5219;-253,9062;
2026 02 03 09:23:23:704;0,892;41;4;42,1906;0,1827;148,5901;3,5219;-281,25;
2026 02 03 09:23:23:706;0,892;41;4;42,1906;0,1827;148,5901;3,5219;-218,75;
2026 02 03 09:23:23:708;0,892;41;4;42,1906;0,1827;148,5901;3,5219;-160,1562;
2026 02 03 09:23:23:710;0,892;41;4;42,1906;0,1827;148,5901;3,5219;-160,1562;
2026 02 03 09:23:23:712;0,892;41;4;42,1906;0,1827;148,5901;3,5219;-148,4375;
2026 02 03 09:23:23:714;0,892;41;4;42,1906;0,1827;148,5901;3,5219;-160,1562;
2026 02 03 09:23:23:716;0,892;41;4;42,1906;0,1827;148,5901;3,5219;-164,0625;
2026 02 03 09:23:23:718;0,892;41;4;42,1906;0,1827;148,5901;3,5219;-160,1562;
2026 02 03 09:23:23:720;0,855;36;4;41,3513;0,1854;149,7192;3,6207;-203,125;
2026 02 03 09:23:23:722;0,855;36;4;41,3513;0,1854;149,7192;3,6207;-242,1875;
2026 02 03 09:23:23:724;0,855;36;4;41,3513;0,1854;149,7192;3,6207;-273,4375;
2026 02 03 09:23:23:726;0,855;36;4;41,3513;0,1854;149,7192;3,6207;-253,9062;
2026 02 03 09:23:23:728;0,855;36;4;41,3513;0,1854;149,7192;3,6207;-257,8125;
2026 02 03 09:23:23:730;0,855;36;4;41,3513;0,1854;149,7192;3,6207;-242,1875;
2026 02 03 09:23:23:732;0,855;36;4;41,3513;0,1854;149,7192;3,6207;-234,375;
2026 02 03 09:23:23:734;0,855;36;4;41,3513;0,1854;149,7192;3,6207;-167,9687;
2026 02 03 09:23:23:736;0,855;36;4;41,3513;0,1854;149,7192;3,6207;-140,625;
2026 02 03 09:23:23:738;0,855;36;4;41,3513;0,1854;149,7192;3,6207;-121,0937;
2026 02 03 09:23:23:740;0,855;36;4;41,3513;0,1854;149,7192;3,6207;-148,4375;
2026 02 03 09:23:23:742;0,855;36;4;41,3513;0,1854;149,7192;3,6207;-152,3437;
2026 02 03 09:23:23:744;0,855;36;4;41,3513;0,1854;149,7192;3,6207;-152,3437;
2026 02 03 09:23:23:746;0,855;36;4;41,3513;0,1854;149,7192;3,6207;-199,2187;
2026 02 03 09:23:23:748;0,855;36;4;41,3513;0,1854;149,7192;3,6207;-222,6562;
2026 02 03 09:23:23:750;0,855;36;4;41,3513;0,1854;149,7192;3,6207;-238,2812;
2026 02 03 09:23:23:752;0,855;36;4;41,3513;0,1854;149,7192;3,6207;-238,2812;
2026 02 03 09:23:23:754;0,855;36;4;41,3513;0,1854;149,7192;3,6207;-253,9062;
2026 02 03 09:23:23:756;0,855;36;4;41,3513;0,1854;149,7192;3,6207;-238,2812;
2026 02 03 09:23:23:758;0,855;36;4;41,3513;0,1854;149,7192;3,6207;-179,6875;
2026 02 03 09:23:23:760;0,855;36;4;41,3513;0,1854;149,7192;3,6207;-195,3125;
2026 02 03 09:23:23:762;0,855;36;4;41,3513;0,1854;149,7192;3,6207;-144,5312;
2026 02 03 09:23:23:764;0,855;36;4;41,3513;0,1854;149,7192;3,6207;-167,9687;
2026 02 03 09:23:23:766;0,855;36;4;41,3513;0,1854;149,7192;3,6207;-148,4375;
2026 02 03 09:23:23:768;0,855;36;4;41,3513;0,1854;149,7192;3,6207;-136,7187;
2026 02 03 09:23:23:770;0,855;36;4;41,3513;0,1854;149,7192;3,6207;-144,5312;
2026 02 03 09:23:23:772;0,855;36;4;41,3513;0,1854;149,7192;3,6207;-156,25;
2026 02 03 09:23:23:774;0,855;36;4;41,3513;0,1854;149,7192;3,6207;-210,9375;
2026 02 03 09:23:23:776;0,855;36;4;41,3513;0,1854;149,7192;3,6207;-226,5625;
2026 02 03 09:23:23:778;0,855;36;4;41,3513;0,1854;149,7192;3,6207;-199,2187;
2026 02 03 09:23:23:780;0,855;36;4;41,3513;0,1854;149,7192;3,6207;-246,0937;
2026 02 03 09:23:23:782;0,855;36;4;41,3513;0,1854;149,7192;3,6207;-234,375;
2026 02 03 09:23:23:784;0,855;36;4;41,3513;0,1854;149,7192;3,6207;-253,9062;
2026 02 03 09:23:23:786;0,855;36;4;41,3513;0,1854;149,7192;3,6207;-191,4062;
2026 02 03 09:23:23:788;0,855;36;4;41,3513;0,1854;149,7192;3,6207;-179,6875;
2026 02 03 09:23:23:790;0,855;36;4;41,3513;0,1854;149,7192;3,6207;-136,7187;
2026 02 03 09:23:23:792;0,855;36;4;41,3513;0,1854;149,7192;3,6207;-144,5312;
2026 02 03 09:23:23:794;0,855;36;4;41,3513;0,1854;149,7192;3,6207;-152,3437;
2026 02 03 09:23:23:796;0,855;36;4;41,3513;0,1854;149,7192;3,6207;-144,5312;
2026 02 03 09:23:23:798;0,855;36;4;41,3513;0,1854;149,7192;3,6207;-117,1875;
2026 02 03 09:23:23:800;0,855;36;4;41,3513;0,1854;149,7192;3,6207;-175,7812;
2026 02 03 09:23:23:802;0,855;36;4;41,3513;0,1854;149,7192;3,6207;-226,5625;
2026 02 03 09:23:23:804;0,855;36;4;41,3513;0,1854;149,7192;3,6207;-234,375;
2026 02 03 09:23:23:806;0,855;36;4;41,3513;0,1854;149,7192;3,6207;-250;
2026 02 03 09:23:23:808;0,855;36;4;41,3513;0,1854;149,7192;3,6207;-226,5625;
2026 02 03 09:23:23:810;0,855;36;4;41,3513;0,1854;149,7192;3,6207;-230,4687;
2026 02 03 09:23:23:812;0,855;36;4;41,3513;0,1854;149,7192;3,6207;-253,9062;
2026 02 03 09:23:23:814;0,855;36;4;41,3513;0,1854;149,7192;3,6207;-187,5;
2026 02 03 09:23:23:816;0,855;36;4;41,3513;0,1854;149,7192;3,6207;-148,4375;
2026 02 03 09:23:23:818;0,855;36;4;41,3513;0,1854;149,7192;3,6207;-113,2812;
2026 02 03 09:23:23:820;0,855;36;4;41,3513;0,1854;149,7192;3,6207;-132,8125;
2026 02 03 09:23:23:822;0,855;36;4;41,3513;0,1854;149,7192;3,6207;-140,625;
2026 02 03 09:23:23:824;0,855;36;4;41,3513;0,1854;149,7192;3,6207;-148,4375;
2026 02 03 09:23:23:826;0,855;36;4;41,3513;0,1854;149,7192;3,6207;-171,875;
2026 02 03 09:23:23:828;0,855;36;4;41,3513;0,1854;149,7192;3,6207;-195,3125;
2026 02 03 09:23:23:830;0,855;36;4;41,3513;0,1854;149,7192;3,6207;-218,75;
2026 02 03 09:23:23:832;0,855;36;4;41,3513;0,1854;149,7192;3,6207;-218,75;
2026 02 03 09:23:23:834;0,855;36;4;41,3513;0,1854;149,7192;3,6207;-234,375;
2026 02 03 09:23:23:836;0,855;36;4;41,3513;0,1854;149,7192;3,6207;-234,375;
2026 02 03 09:23:23:838;0,855;36;4;41,3513;0,1854;149,7192;3,6207;-183,5937;
2026 02 03 09:23:23:840;0,855;36;4;41,3513;0,1854;149,7192;3,6207;-222,6562;
2026 02 03 09:23:23:842;0,855;36;4;41,3513;0,1854;149,7192;3,6207;-140,625;
2026 02 03 09:23:23:844;0,855;36;4;41,3513;0,1854;149,7192;3,6207;-164,0625;
2026 02 03 09:23:23:846;0,855;36;4;41,3513;0,1854;149,7192;3,6207;-156,25;
2026 02 03 09:23:23:848;0,855;36;4;41,3513;0,1854;149,7192;3,6207;-140,625;
2026 02 03 09:23:23:850;0,855;36;4;41,3513;0,1854;149,7192;3,6207;-152,3437;
2026 02 03 09:23:23:852;0,855;36;4;41,3513;0,1854;149,7192;3,6207;-128,9062;
2026 02 03 09:23:23:854;0,855;36;4;41,3513;0,1854;149,7192;3,6207;-164,0625;
2026 02 03 09:23:23:856;0,855;36;4;41,3513;0,1854;149,7192;3,6207;-199,2187;
2026 02 03 09:23:23:858;0,855;36;4;41,3513;0,1854;149,7192;3,6207;-187,5;
2026 02 03 09:23:23:860;0,855;36;4;41,3513;0,1854;149,7192;3,6207;-218,75;
2026 02 03 09:23:23:862;0,855;36;4;41,3513;0,1854;149,7192;3,6207;-210,9375;
2026 02 03 09:23:23:864;0,855;36;4;41,3513;0,1854;149,7192;3,6207;-269,5312;
2026 02 03 09:23:23:866;0,855;36;4;41,3513;0,1854;149,7192;3,6207;-207,0312;
2026 02 03 09:23:23:868;0,855;36;4;41,3513;0,1854;149,7192;3,6207;-195,3125;
2026 02 03 09:23:23:870;0,855;36;4;41,3513;0,1854;149,7192;3,6207;-128,9062;
2026 02 03 09:23:23:872;0,855;36;4;41,3513;0,1854;149,7192;3,6207;-140,625;
2026 02 03 09:23:23:874;0,855;36;4;41,3513;0,1854;149,7192;3,6207;-97,6562;
2026 02 03 09:23:23:876;0,855;36;4;41,3513;0,1854;149,7192;3,6207;-136,7187;
2026 02 03 09:23:23:878;0,855;36;4;41,3513;0,1854;149,7192;3,6207;-113,2812;
2026 02 03 09:23:23:880;0,855;36;4;41,3513;0,1854;149,7192;3,6207;-152,3437;
2026 02 03 09:23:23:882;0,855;36;4;41,3513;0,1854;149,7192;3,6207;-156,25;
2026 02 03 09:23:23:884;0,855;36;4;41,3513;0,1854;149,7192;3,6207;-257,8125;
2026 02 03 09:23:23:886;0,855;36;4;41,3513;0,1854;149,7192;3,6207;-218,75;
2026 02 03 09:23:23:888;0,855;36;4;41,3513;0,1854;149,7192;3,6207;-218,75;
2026 02 03 09:23:23:890;0,855;36;4;41,3513;0,1854;149,7192;3,6207;-226,5625;
2026 02 03 09:23:23:892;0,855;36;4;41,3513;0,1854;149,7192;3,6207;-199,2187;
2026 02 03 09:23:23:894;0,855;36;4;41,3513;0,1854;149,7192;3,6207;-187,5;
2026 02 03 09:23:23:896;0,855;36;4;41,3513;0,1854;149,7192;3,6207;-156,25;
2026 02 03 09:23:23:898;0,855;36;4;41,3513;0,1854;149,7192;3,6207;-203,125;
2026 02 03 09:23:23:900;0,855;36;4;41,3513;0,1854;149,7192;3,6207;-46,875;
2026 02 03 09:23:23:902;0,855;36;4;41,3513;0,1854;149,7192;3,6207;-109,375;
2026 02 03 09:23:23:904;0,855;36;4;41,3513;0,1854;149,7192;3,6207;-140,625;
2026 02 03 09:23:23:906;0,855;36;4;41,3513;0,1854;149,7192;3,6207;-156,25;
2026 02 03 09:23:23:908;0,855;36;4;41,3513;0,1854;149,7192;3,6207;-113,2812;
2026 02 03 09:23:23:910;0,855;36;4;41,3513;0,1854;149,7192;3,6207;-160,1562;
2026 02 03 09:23:23:912;0,855;36;4;41,3513;0,1854;149,7192;3,6207;-230,4687;
2026 02 03 09:23:23:914;0,855;36;4;41,3513;0,1854;149,7192;3,6207;-207,0312;
2026 02 03 09:23:23:916;0,855;36;4;41,3513;0,1854;149,7192;3,6207;-242,1875;
2026 02 03 09:23:23:918;0,855;36;4;41,3513;0,1854;149,7192;3,6207;-171,875;
2026 02 03 09:23:23:920;0,855;36;4;41,3513;0,1854;149,7192;3,6207;-214,8437;
2026 02 03 09:23:23:922;0,855;36;4;41,3513;0,1854;149,7192;3,6207;-167,9687;
2026 02 03 09:23:23:924;0,855;36;4;41,3513;0,1854;149,7192;3,6207;-167,9687;
2026 02 03 09:23:23:926;0,855;36;4;41,3513;0,1854;149,7192;3,6207;-105,4687;
2026 02 03 09:23:23:928;0,855;36;4;41,3513;0,1854;149,7192;3,6207;-97,6562;
2026 02 03 09:23:23:930;0,855;36;4;41,3513;0,1854;149,7192;3,6207;-89,8437;
2026 02 03 09:23:23:932;0,855;36;4;41,3513;0,1854;149,7192;3,6207;-144,5312;
2026 02 03 09:23:23:934;0,855;36;4;41,3513;0,1854;149,7192;3,6207;-105,4687;
2026 02 03 09:23:23:936;0,855;36;4;41,3513;0,1854;149,7192;3,6207;-160,1562;
2026 02 03 09:23:23:938;0,855;36;4;41,3513;0,1854;149,7192;3,6207;-160,1562;
2026 02 03 09:23:23:940;0,855;36;4;41,3513;0,1854;149,7192;3,6207;-214,8437;
2026 02 03 09:23:23:942;0,855;36;4;41,3513;0,1854;149,7192;3,6207;-199,2187;
2026 02 03 09:23:23:944;0,855;36;4;41,3513;0,1854;149,7192;3,6207;-199,2187;
2026 02 03 09:23:23:946;0,855;36;4;41,3513;0,1854;149,7192;3,6207;-226,5625;
2026 02 03 09:23:23:948;0,855;36;4;41,3513;0,1854;149,7192;3,6207;-195,3125;
2026 02 03 09:23:23:950;0,855;36;4;41,3513;0,1854;149,7192;3,6207;-148,4375;
2026 02 03 09:23:23:952;0,855;36;4;41,3513;0,1854;149,7192;3,6207;-89,8437;
2026 02 03 09:23:23:954;0,855;36;4;41,3513;0,1854;149,7192;3,6207;-89,8437;
2026 02 03 09:23:23:956;0,855;36;4;41,3513;0,1854;149,7192;3,6207;-113,2812;
2026 02 03 09:23:23:958;0,855;36;4;41,3513;0,1854;149,7192;3,6207;-70,3125;
2026 02 03 09:23:23:960;0,855;36;4;41,3513;0,1854;149,7192;3,6207;-93,75;
2026 02 03 09:23:23:962;0,855;36;4;41,3513;0,1854;149,7192;3,6207;-125;
2026 02 03 09:23:23:964;0,855;36;4;41,3513;0,1854;149,7192;3,6207;-183,5937;
2026 02 03 09:23:23:966;0,855;36;4;41,3513;0,1854;149,7192;3,6207;-199,2187;
2026 02 03 09:23:23:968;0,855;36;4;41,3513;0,1854;149,7192;3,6207;-218,75;
2026 02 03 09:23:23:970;0,855;36;4;41,3513;0,1854;149,7192;3,6207;-171,875;
2026 02 03 09:23:23:972;0,855;36;4;41,3513;0,1854;149,7192;3,6207;-199,2187;
2026 02 03 09:23:23:974;0,855;36;4;41,3513;0,1854;149,7192;3,6207;-167,9687;
2026 02 03 09:23:23:976;0,855;36;4;41,3513;0,1854;149,7192;3,6207;-160,1562;
2026 02 03 09:23:23:978;0,855;36;4;41,3513;0,1854;149,7192;3,6207;-82,0312;
2026 02 03 09:23:23:980;0,855;36;4;41,3513;0,1854;149,7192;3,6207;-85,9375;
2026 02 03 09:23:23:982;0,855;36;4;41,3513;0,1854;149,7192;3,6207;-74,2187;
2026 02 03 09:23:23:984;0,855;36;4;41,3513;0,1854;149,7192;3,6207;-125;
2026 02 03 09:23:23:986;0,855;36;4;41,3513;0,1854;149,7192;3,6207;-136,7187;
2026 02 03 09:23:23:988;0,855;36;4;41,3513;0,1854;149,7192;3,6207;-101,5625;
2026 02 03 09:23:23:990;0,855;36;4;41,3513;0,1854;149,7192;3,6207;-140,625;
2026 02 03 09:23:23:992;0,855;36;4;41,3513;0,1854;149,7192;3,6207;-164,0625;
2026 02 03 09:23:23:994;0,855;36;4;41,3513;0,1854;149,7192;3,6207;-199,2187;
2026 02 03 09:23:23:996;0,855;36;4;41,3513;0,1854;149,7192;3,6207;-199,2187;
2026 02 03 09:23:23:998;0,855;36;4;41,3513;0,1854;149,7192;3,6207;-136,7187;
2026 02 03 09:23:24:000;0,855;36;4;41,3513;0,1854;149,7192;3,6207;-136,7187;
2026 02 03 09:23:24:002;0,855;36;4;41,3513;0,1854;149,7192;3,6207;-156,25;
2026 02 03 09:23:24:004;0,855;36;4;41,3513;0,1854;149,7192;3,6207;-152,3437;
2026 02 03 09:23:24:006;0,855;36;4;41,3513;0,1854;149,7192;3,6207;-132,8125;
2026 02 03 09:23:24:008;0,855;36;4;41,3513;0,1854;149,7192;3,6207;-66,4062;
2026 02 03 09:23:24:010;0,855;36;4;41,3513;0,1854;149,7192;3,6207;-89,8437;
2026 02 03 09:23:24:012;0,855;36;4;41,3513;0,1854;149,7192;3,6207;-74,2187;
2026 02 03 09:23:24:014;0,855;36;4;41,3513;0,1854;149,7192;3,6207;-89,8437;
2026 02 03 09:23:24:016;0,855;36;4;41,3513;0,1854;149,7192;3,6207;-132,8125;
2026 02 03 09:23:24:018;0,855;36;4;41,3513;0,1854;149,7192;3,6207;-117,1875;
2026 02 03 09:23:24:020;0,893;44;5;45,9442;-0,5;161,3312;3,5115;-136,7187;
2026 02 03 09:23:24:022;0,893;44;5;45,9442;-0,5;161,3312;3,5115;-164,0625;
2026 02 03 09:23:24:024;0,893;44;5;45,9442;-0,5;161,3312;3,5115;-179,6875;
2026 02 03 09:23:24:026;0,893;44;5;45,9442;-0,5;161,3312;3,5115;-179,6875;
2026 02 03 09:23:24:028;0,893;44;5;45,9442;-0,5;161,3312;3,5115;-125;
2026 02 03 09:23:24:030;0,893;44;5;45,9442;-0,5;161,3312;3,5115;-125;
2026 02 03 09:23:24:032;0,893;44;5;45,9442;-0,5;161,3312;3,5115;-136,7187;
2026 02 03 09:23:24:034;0,893;44;5;45,9442;-0,5;161,3312;3,5115;-109,375;
2026 02 03 09:23:24:036;0,893;44;5;45,9442;-0,5;161,3312;3,5115;-101,5625;
2026 02 03 09:23:24:038;0,893;44;5;45,9442;-0,5;161,3312;3,5115;-54,6875;
2026 02 03 09:23:24:040;0,893;44;5;45,9442;-0,5;161,3312;3,5115;-70,3125;
2026 02 03 09:23:24:042;0,893;44;5;45,9442;-0,5;161,3312;3,5115;-93,75;
2026 02 03 09:23:24:044;0,893;44;5;45,9442;-0,5;161,3312;3,5115;-109,375;
2026 02 03 09:23:24:046;0,893;44;5;45,9442;-0,5;161,3312;3,5115;-156,25;
2026 02 03 09:23:24:048;0,893;44;5;45,9442;-0,5;161,3312;3,5115;-140,625;
2026 02 03 09:23:24:050;0,893;44;5;45,9442;-0,5;161,3312;3,5115;-132,8125;
2026 02 03 09:23:24:052;0,893;44;5;45,9442;-0,5;161,3312;3,5115;-132,8125;
2026 02 03 09:23:24:054;0,893;44;5;45,9442;-0,5;161,3312;3,5115;-113,2812;
2026 02 03 09:23:24:056;0,893;44;5;45,9442;-0,5;161,3312;3,5115;-128,9062;
2026 02 03 09:23:24:058;0,893;44;5;45,9442;-0,5;161,3312;3,5115;-97,6562;
2026 02 03 09:23:24:060;0,893;44;5;45,9442;-0,5;161,3312;3,5115;-101,5625;
2026 02 03 09:23:24:062;0,893;44;5;45,9442;-0,5;161,3312;3,5115;-101,5625;
2026 02 03 09:23:24:064;0,893;44;5;45,9442;-0,5;161,3312;3,5115;-121,0937;
2026 02 03 09:23:24:066;0,893;44;5;45,9442;-0,5;161,3312;3,5115;-117,1875;
2026 02 03 09:23:24:068;0,893;44;5;45,9442;-0,5;161,3312;3,5115;-97,6562;
2026 02 03 09:23:24:070;0,893;44;5;45,9442;-0,5;161,3312;3,5115;-97,6562;
2026 02 03 09:23:24:072;0,893;44;5;45,9442;-0,5;161,3312;3,5115;-97,6562;
2026 02 03 09:23:24:074;0,893;44;5;45,9442;-0,5;161,3312;3,5115;-97,6562;
2026 02 03 09:23:24:076;0,893;44;5;45,9442;-0,5;161,3312;3,5115;-105,4687;
2026 02 03 09:23:24:078;0,893;44;5;45,9442;-0,5;161,3312;3,5115;-78,125;
2026 02 03 09:23:24:080;0,893;44;5;45,9442;-0,5;161,3312;3,5115;-101,5625;
2026 02 03 09:23:24:082;0,893;44;5;45,9442;-0,5;161,3312;3,5115;-117,1875;
2026 02 03 09:23:24:084;0,893;44;5;45,9442;-0,5;161,3312;3,5115;-109,375;
2026 02 03 09:23:24:086;0,893;44;5;45,9442;-0,5;161,3312;3,5115;-128,9062;
2026 02 03 09:23:24:088;0,893;44;5;45,9442;-0,5;161,3312;3,5115;-105,4687;
2026 02 03 09:23:24:090;0,893;44;5;45,9442;-0,5;161,3312;3,5115;-97,6562;
2026 02 03 09:23:24:092;0,893;44;5;45,9442;-0,5;161,3312;3,5115;-85,9375;
2026 02 03 09:23:24:094;0,893;44;5;45,9442;-0,5;161,3312;3,5115;-85,9375;
2026 02 03 09:23:24:096;0,893;44;5;45,9442;-0,5;161,3312;3,5115;-85,9375;
2026 02 03 09:23:24:098;0,893;44;5;45,9442;-0,5;161,3312;3,5115;-58,5937;
2026 02 03 09:23:24:100;0,893;44;5;45,9442;-0,5;161,3312;3,5115;-66,4062;
2026 02 03 09:23:24:102;0,893;44;5;45,9442;-0,5;161,3312;3,5115;-78,125;
2026 02 03 09:23:24:104;0,893;44;5;45,9442;-0,5;161,3312;3,5115;-117,1875;
2026 02 03 09:23:24:106;0,893;44;5;45,9442;-0,5;161,3312;3,5115;-105,4687;
2026 02 03 09:23:24:108;0,893;44;5;45,9442;-0,5;161,3312;3,5115;-93,75;
2026 02 03 09:23:24:110;0,893;44;5;45,9442;-0,5;161,3312;3,5115;-89,8437;
2026 02 03 09:23:24:112;0,893;44;5;45,9442;-0,5;161,3312;3,5115;-109,375;
2026 02 03 09:23:24:114;0,893;44;5;45,9442;-0,5;161,3312;3,5115;-105,4687;
2026 02 03 09:23:24:116;0,893;44;5;45,9442;-0,5;161,3312;3,5115;-97,6562;
2026 02 03 09:23:24:118;0,893;44;5;45,9442;-0,5;161,3312;3,5115;-62,5;
2026 02 03 09:23:24:120;0,893;44;5;45,9442;-0,5;161,3312;3,5115;-78,125;
2026 02 03 09:23:24:122;0,893;44;5;45,9442;-0,5;161,3312;3,5115;-97,6562;
2026 02 03 09:23:24:124;0,893;44;5;45,9442;-0,5;161,3312;3,5115;-101,5625;
2026 02 03 09:23:24:126;0,893;44;5;45,9442;-0,5;161,3312;3,5115;-82,0312;
2026 02 03 09:23:24:128;0,893;44;5;45,9442;-0,5;161,3312;3,5115;-74,2187;
2026 02 03 09:23:24:130;0,893;44;5;45,9442;-0,5;161,3312;3,5115;-82,0312;
2026 02 03 09:23:24:132;0,893;44;5;45,9442;-0,5;161,3312;3,5115;-89,8437;
2026 02 03 09:23:24:134;0,893;44;5;45,9442;-0,5;161,3312;3,5115;-89,8437;
2026 02 03 09:23:24:136;0,893;44;5;45,9442;-0,5;161,3312;3,5115;-85,9375;
2026 02 03 09:23:24:138;0,893;44;5;45,9442;-0,5;161,3312;3,5115;-62,5;
2026 02 03 09:23:24:140;0,893;44;5;45,9442;-0,5;161,3312;3,5115;-85,9375;
2026 02 03 09:23:24:142;0,893;44;5;45,9442;-0,5;161,3312;3,5115;-97,6562;
2026 02 03 09:23:24:144;0,893;44;5;45,9442;-0,5;161,3312;3,5115;-101,5625;
2026 02 03 09:23:24:146;0,893;44;5;45,9442;-0,5;161,3312;3,5115;-89,8437;
2026 02 03 09:23:24:148;0,893;44;5;45,9442;-0,5;161,3312;3,5115;-78,125;
2026 02 03 09:23:24:150;0,893;44;5;45,9442;-0,5;161,3312;3,5115;-74,2187;
2026 02 03 09:23:24:152;0,893;44;5;45,9442;-0,5;161,3312;3,5115;-74,2187;
2026 02 03 09:23:24:154;0,893;44;5;45,9442;-0,5;161,3312;3,5115;-66,4062;
2026 02 03 09:23:24:156;0,893;44;5;45,9442;-0,5;161,3312;3,5115;-70,3125;
2026 02 03 09:23:24:158;0,893;44;5;45,9442;-0,5;161,3312;3,5115;-54,6875;
2026 02 03 09:23:24:160;0,893;44;5;45,9442;-0,5;161,3312;3,5115;-70,3125;
2026 02 03 09:23:24:162;0,893;44;5;45,9442;-0,5;161,3312;3,5115;-82,0312;
2026 02 03 09:23:24:164;0,893;44;5;45,9442;-0,5;161,3312;3,5115;-93,75;
2026 02 03 09:23:24:166;0,893;44;5;45,9442;-0,5;161,3312;3,5115;-89,8437;
2026 02 03 09:23:24:168;0,893;44;5;45,9442;-0,5;161,3312;3,5115;-78,125;
2026 02 03 09:23:24:170;0,893;44;5;45,9442;-0,5;161,3312;3,5115;-78,125;
2026 02 03 09:23:24:172;0,893;44;5;45,9442;-0,5;161,3312;3,5115;-78,125;
2026 02 03 09:23:24:174;0,893;44;5;45,9442;-0,5;161,3312;3,5115;-70,3125;
2026 02 03 09:23:24:176;0,893;44;5;45,9442;-0,5;161,3312;3,5115;-66,4062;
2026 02 03 09:23:24:178;0,893;44;5;45,9442;-0,5;161,3312;3,5115;-42,9687;
2026 02 03 09:23:24:180;0,893;44;5;45,9442;-0,5;161,3312;3,5115;-54,6875;
2026 02 03 09:23:24:182;0,893;44;5;45,9442;-0,5;161,3312;3,5115;-66,4062;
2026 02 03 09:23:24:184;0,893;44;5;45,9442;-0,5;161,3312;3,5115;-85,9375;
2026 02 03 09:23:24:186;0,893;44;5;45,9442;-0,5;161,3312;3,5115;-85,9375;
2026 02 03 09:23:24:188;0,893;44;5;45,9442;-0,5;161,3312;3,5115;-70,3125;
2026 02 03 09:23:24:190;0,893;44;5;45,9442;-0,5;161,3312;3,5115;-70,3125;
2026 02 03 09:23:24:192;0,893;44;5;45,9442;-0,5;161,3312;3,5115;-70,3125;
2026 02 03 09:23:24:194;0,893;44;5;45,9442;-0,5;161,3312;3,5115;-70,3125;
2026 02 03 09:23:24:196;0,893;44;5;45,9442;-0,5;161,3312;3,5115;-66,4062;
2026 02 03 09:23:24:198;0,893;44;5;45,9442;-0,5;161,3312;3,5115;-42,9687;
2026 02 03 09:23:24:200;0,893;44;5;45,9442;-0,5;161,3312;3,5115;-54,6875;
2026 02 03 09:23:24:202;0,893;44;5;45,9442;-0,5;161,3312;3,5115;-62,5;
2026 02 03 09:23:24:204;0,893;44;5;45,9442;-0,5;161,3312;3,5115;-74,2187;
2026 02 03 09:23:24:206;0,893;44;5;45,9442;-0,5;161,3312;3,5115;-74,2187;
2026 02 03 09:23:24:208;0,893;44;5;45,9442;-0,5;161,3312;3,5115;-58,5937;
2026 02 03 09:23:24:210;0,893;44;5;45,9442;-0,5;161,3312;3,5115;-58,5937;
2026 02 03 09:23:24:212;0,893;44;5;45,9442;-0,5;161,3312;3,5115;-62,5;
2026 02 03 09:23:24:214;0,893;44;5;45,9442;-0,5;161,3312;3,5115;-62,5;
2026 02 03 09:23:24:216;0,893;44;5;45,9442;-0,5;161,3312;3,5115;-62,5;
2026 02 03 09:23:24:218;0,893;44;5;45,9442;-0,5;161,3312;3,5115;-42,9687;
2026 02 03 09:23:24:220;0,893;44;5;45,9442;-0,5;161,3312;3,5115;-54,6875;
2026 02 03 09:23:24:222;0,893;44;5;45,9442;-0,5;161,3312;3,5115;-62,5;
2026 02 03 09:23:24:224;0,893;44;5;45,9442;-0,5;161,3312;3,5115;-74,2187;
2026 02 03 09:23:24:226;0,893;44;5;45,9442;-0,5;161,3312;3,5115;-74,2187;
2026 02 03 09:23:24:228;0,893;44;5;45,9442;-0,5;161,3312;3,5115;-58,5937;
2026 02 03 09:23:24:230;0,893;44;5;45,9442;-0,5;161,3312;3,5115;-58,5937;
2026 02 03 09:23:24:232;0,893;44;5;45,9442;-0,5;161,3312;3,5115;-58,5937;
2026 02 03 09:23:24:234;0,893;44;5;45,9442;-0,5;161,3312;3,5115;-54,6875;
2026 02 03 09:23:24:236;0,893;44;5;45,9442;-0,5;161,3312;3,5115;-54,6875;
2026 02 03 09:23:24:238;0,893;44;5;45,9442;-0,5;161,3312;3,5115;-31,25;
2026 02 03 09:23:24:240;0,893;44;5;45,9442;-0,5;161,3312;3,5115;-42,9687;
2026 02 03 09:23:24:242;0,893;44;5;45,9442;-0,5;161,3312;3,5115;-58,5937;
2026 02 03 09:23:24:244;0,893;44;5;45,9442;-0,5;161,3312;3,5115;-74,2187;
2026 02 03 09:23:24:246;0,893;44;5;45,9442;-0,5;161,3312;3,5115;-70,3125;
2026 02 03 09:23:24:248;0,893;44;5;45,9442;-0,5;161,3312;3,5115;-54,6875;
2026 02 03 09:23:24:250;0,893;44;5;45,9442;-0,5;161,3312;3,5115;-50,7812;
2026 02 03 09:23:24:252;0,893;44;5;45,9442;-0,5;161,3312;3,5115;-54,6875;
2026 02 03 09:23:24:254;0,893;44;5;45,9442;-0,5;161,3312;3,5115;-50,7812;
2026 02 03 09:23:24:256;0,893;44;5;45,9442;-0,5;161,3312;3,5115;-54,6875;
2026 02 03 09:23:24:258;0,893;44;5;45,9442;-0,5;161,3312;3,5115;-31,25;
2026 02 03 09:23:24:260;0,893;44;5;45,9442;-0,5;161,3312;3,5115;-39,0625;
2026 02 03 09:23:24:262;0,893;44;5;45,9442;-0,5;161,3312;3,5115;-54,6875;
2026 02 03 09:23:24:264;0,893;44;5;45,9442;-0,5;161,3312;3,5115;-62,5;
2026 02 03 09:23:24:266;0,893;44;5;45,9442;-0,5;161,3312;3,5115;-58,5937;
2026 02 03 09:23:24:268;0,893;44;5;45,9442;-0,5;161,3312;3,5115;-42,9687;
2026 02 03 09:23:24:270;0,893;44;5;45,9442;-0,5;161,3312;3,5115;-42,9687;
2026 02 03 09:23:24:272;0,893;44;5;45,9442;-0,5;161,3312;3,5115;-46,875;
2026 02 03 09:23:24:274;0,893;44;5;45,9442;-0,5;161,3312;3,5115;-46,875;
2026 02 03 09:23:24:276;0,893;44;5;45,9442;-0,5;161,3312;3,5115;-46,875;
2026 02 03 09:23:24:278;0,893;44;5;45,9442;-0,5;161,3312;3,5115;-23,4375;
2026 02 03 09:23:24:280;0,893;44;5;45,9442;-0,5;161,3312;3,5115;-42,9687;
2026 02 03 09:23:24:282;0,893;44;5;45,9442;-0,5;161,3312;3,5115;-54,6875;
2026 02 03 09:23:24:284;0,893;44;5;45,9442;-0,5;161,3312;3,5115;-62,5;
2026 02 03 09:23:24:286;0,893;44;5;45,9442;-0,5;161,3312;3,5115;-58,5937;
2026 02 03 09:23:24:288;0,893;44;5;45,9442;-0,5;161,3312;3,5115;-42,9687;
2026 02 03 09:23:24:290;0,893;44;5;45,9442;-0,5;161,3312;3,5115;-42,9687;
2026 02 03 09:23:24:292;0,893;44;5;45,9442;-0,5;161,3312;3,5115;-42,9687;
2026 02 03 09:23:24:294;0,893;44;5;45,9442;-0,5;161,3312;3,5115;-39,0625;
2026 02 03 09:23:24:296;0,893;44;5;45,9442;-0,5;161,3312;3,5115;-39,0625;
2026 02 03 09:23:24:298;0,893;44;5;45,9442;-0,5;161,3312;3,5115;-15,625;
2026 02 03 09:23:24:300;0,893;44;5;45,9442;-0,5;161,3312;3,5115;-31,25;
2026 02 03 09:23:24:302;0,893;44;5;45,9442;-0,5;161,3312;3,5115;-42,9687;
2026 02 03 09:23:24:304;0,893;44;5;45,9442;-0,5;161,3312;3,5115;-54,6875;
2026 02 03 09:23:24:306;0,893;44;5;45,9442;-0,5;161,3312;3,5115;-54,6875;
2026 02 03 09:23:24:308;0,893;44;5;45,9442;-0,5;161,3312;3,5115;-42,9687;
2026 02 03 09:23:24:310;0,893;44;5;45,9442;-0,5;161,3312;3,5115;-39,0625;
2026 02 03 09:23:24:312;0,893;44;5;45,9442;-0,5;161,3312;3,5115;-35,1562;
2026 02 03 09:23:24:314;0,893;44;5;45,9442;-0,5;161,3312;3,5115;-35,1562;
2026 02 03 09:23:24:316;0,893;44;5;45,9442;-0,5;161,3312;3,5115;-35,1562;
2026 02 03 09:23:24:318;0,893;44;5;45,9442;-0,5;161,3312;3,5115;-15,625;
2026 02 03 09:23:24:320;1,243;48;7;58,2428;-0,4722;216,1407;3,711;-27,3437;
2026 02 03 09:23:24:322;1,243;48;7;58,2428;-0,4722;216,1407;3,711;-42,9687;
2026 02 03 09:23:24:324;1,243;48;7;58,2428;-0,4722;216,1407;3,711;-50,7812;
2026 02 03 09:23:24:326;1,243;48;7;58,2428;-0,4722;216,1407;3,711;-50,7812;
2026 02 03 09:23:24:328;1,243;48;7;58,2428;-0,4722;216,1407;3,711;-35,1562;
2026 02 03 09:23:24:330;1,243;48;7;58,2428;-0,4722;216,1407;3,711;-31,25;
2026 02 03 09:23:24:332;1,243;48;7;58,2428;-0,4722;216,1407;3,711;-35,1562;
2026 02 03 09:23:24:334;1,243;48;7;58,2428;-0,4722;216,1407;3,711;-35,1562;
2026 02 03 09:23:24:336;1,243;48;7;58,2428;-0,4722;216,1407;3,711;-35,1562;
2026 02 03 09:23:24:338;1,243;48;7;58,2428;-0,4722;216,1407;3,711;-7,8125;
2026 02 03 09:23:24:340;1,243;48;7;58,2428;-0,4722;216,1407;3,711;-23,4375;
2026 02 03 09:23:24:342;1,243;48;7;58,2428;-0,4722;216,1407;3,711;-35,1562;
2026 02 03 09:23:24:344;1,243;48;7;58,2428;-0,4722;216,1407;3,711;-46,875;
2026 02 03 09:23:24:346;1,243;48;7;58,2428;-0,4722;216,1407;3,711;-42,9687;
2026 02 03 09:23:24:348;1,243;48;7;58,2428;-0,4722;216,1407;3,711;-27,3437;
2026 02 03 09:23:24:350;1,243;48;7;58,2428;-0,4722;216,1407;3,711;-27,3437;
2026 02 03 09:23:24:352;1,243;48;7;58,2428;-0,4722;216,1407;3,711;-31,25;
2026 02 03 09:23:24:354;1,243;48;7;58,2428;-0,4722;216,1407;3,711;-31,25;
2026 02 03 09:23:24:356;1,243;48;7;58,2428;-0,4722;216,1407;3,711;-27,3437;
2026 02 03 09:23:24:358;1,243;48;7;58,2428;-0,4722;216,1407;3,711;-3,9062;
2026 02 03 09:23:24:360;1,243;48;7;58,2428;-0,4722;216,1407;3,711;-19,5312;
2026 02 03 09:23:24:362;1,243;48;7;58,2428;-0,4722;216,1407;3,711;-31,25;
2026 02 03 09:23:24:364;1,243;48;7;58,2428;-0,4722;216,1407;3,711;-42,9687;
2026 02 03 09:23:24:366;1,243;48;7;58,2428;-0,4722;216,1407;3,711;-42,9687;
2026 02 03 09:23:24:368;1,243;48;7;58,2428;-0,4722;216,1407;3,711;-27,3437;
2026 02 03 09:23:24:370;1,243;48;7;58,2428;-0,4722;216,1407;3,711;-23,4375;
2026 02 03 09:23:24:372;1,243;48;7;58,2428;-0,4722;216,1407;3,711;-27,3437;
2026 02 03 09:23:24:374;1,243;48;7;58,2428;-0,4722;216,1407;3,711;-27,3437;
2026 02 03 09:23:24:376;1,243;48;7;58,2428;-0,4722;216,1407;3,711;-23,4375;
2026 02 03 09:23:24:378;1,243;48;7;58,2428;-0,4722;216,1407;3,711;3,9063;
2026 02 03 09:23:24:380;1,243;48;7;58,2428;-0,4722;216,1407;3,711;-15,625;
2026 02 03 09:23:24:382;1,243;48;7;58,2428;-0,4722;216,1407;3,711;-31,25;
2026 02 03 09:23:24:384;1,243;48;7;58,2428;-0,4722;216,1407;3,711;-42,9687;
2026 02 03 09:23:24:386;1,243;48;7;58,2428;-0,4722;216,1407;3,711;-39,0625;
2026 02 03 09:23:24:388;1,243;48;7;58,2428;-0,4722;216,1407;3,711;-23,4375;
2026 02 03 09:23:24:390;1,243;48;7;58,2428;-0,4722;216,1407;3,711;-23,4375;
2026 02 03 09:23:24:392;1,243;48;7;58,2428;-0,4722;216,1407;3,711;-23,4375;
2026 02 03 09:23:24:394;1,243;48;7;58,2428;-0,4722;216,1407;3,711;-19,5312;
2026 02 03 09:23:24:396;1,243;48;7;58,2428;-0,4722;216,1407;3,711;-19,5312;
2026 02 03 09:23:24:398;1,243;48;7;58,2428;-0,4722;216,1407;3,711;3,9063;
2026 02 03 09:23:24:400;1,243;48;7;58,2428;-0,4722;216,1407;3,711;-11,7187;
2026 02 03 09:23:24:402;1,243;48;7;58,2428;-0,4722;216,1407;3,711;-19,5312;
2026 02 03 09:23:24:404;1,243;48;7;58,2428;-0,4722;216,1407;3,711;-31,25;
2026 02 03 09:23:24:406;1,243;48;7;58,2428;-0,4722;216,1407;3,711;-35,1562;
2026 02 03 09:23:24:408;1,243;48;7;58,2428;-0,4722;216,1407;3,711;-19,5312;
2026 02 03 09:23:24:410;1,243;48;7;58,2428;-0,4722;216,1407;3,711;-15,625;
2026 02 03 09:23:24:412;1,243;48;7;58,2428;-0,4722;216,1407;3,711;-19,5312;
2026 02 03 09:23:24:414;1,243;48;7;58,2428;-0,4722;216,1407;3,711;-19,5312;
2026 02 03 09:23:24:416;1,243;48;7;58,2428;-0,4722;216,1407;3,711;-15,625;
2026 02 03 09:23:24:418;1,243;48;7;58,2428;-0,4722;216,1407;3,711;3,9063;
2026 02 03 09:23:24:420;1,243;48;7;58,2428;-0,4722;216,1407;3,711;-11,7187;
2026 02 03 09:23:24:422;1,243;48;7;58,2428;-0,4722;216,1407;3,711;-19,5312;
2026 02 03 09:23:24:424;1,243;48;7;58,2428;-0,4722;216,1407;3,711;-27,3437;
2026 02 03 09:23:24:426;1,243;48;7;58,2428;-0,4722;216,1407;3,711;-31,25;
2026 02 03 09:23:24:428;1,243;48;7;58,2428;-0,4722;216,1407;3,711;-15,625;
2026 02 03 09:23:24:430;1,243;48;7;58,2428;-0,4722;216,1407;3,711;-15,625;
2026 02 03 09:23:24:432;1,243;48;7;58,2428;-0,4722;216,1407;3,711;-15,625;
2026 02 03 09:23:24:434;1,243;48;7;58,2428;-0,4722;216,1407;3,711;-15,625;
2026 02 03 09:23:24:436;1,243;48;7;58,2428;-0,4722;216,1407;3,711;-11,7187;
2026 02 03 09:23:24:438;1,243;48;7;58,2428;-0,4722;216,1407;3,711;11,7188;
2026 02 03 09:23:24:440;1,243;48;7;58,2428;-0,4722;216,1407;3,711;-3,9062;
2026 02 03 09:23:24:442;1,243;48;7;58,2428;-0,4722;216,1407;3,711;-15,625;
2026 02 03 09:23:24:444;1,243;48;7;58,2428;-0,4722;216,1407;3,711;-31,25;
2026 02 03 09:23:24:446;1,243;48;7;58,2428;-0,4722;216,1407;3,711;-31,25;
2026 02 03 09:23:24:448;1,243;48;7;58,2428;-0,4722;216,1407;3,711;-11,7187;
2026 02 03 09:23:24:450;1,243;48;7;58,2428;-0,4722;216,1407;3,711;-11,7187;
2026 02 03 09:23:24:452;1,243;48;7;58,2428;-0,4722;216,1407;3,711;-11,7187;
2026 02 03 09:23:24:454;1,243;48;7;58,2428;-0,4722;216,1407;3,711;-11,7187;
2026 02 03 09:23:24:456;1,243;48;7;58,2428;-0,4722;216,1407;3,711;-11,7187;
2026 02 03 09:23:24:458;1,243;48;7;58,2428;-0,4722;216,1407;3,711;7,8125;
2026 02 03 09:23:24:460;1,243;48;7;58,2428;-0,4722;216,1407;3,711;-3,9062;
2026 02 03 09:23:24:462;1,243;48;7;58,2428;-0,4722;216,1407;3,711;-11,7187;
2026 02 03 09:23:24:464;1,243;48;7;58,2428;-0,4722;216,1407;3,711;-15,625;
2026 02 03 09:23:24:466;1,243;48;7;58,2428;-0,4722;216,1407;3,711;-19,5312;
2026 02 03 09:23:24:468;1,243;48;7;58,2428;-0,4722;216,1407;3,711;-7,8125;
2026 02 03 09:23:24:470;1,243;48;7;58,2428;-0,4722;216,1407;3,711;-7,8125;
2026 02 03 09:23:24:472;1,243;48;7;58,2428;-0,4722;216,1407;3,711;-11,7187;
2026 02 03 09:23:24:474;1,243;48;7;58,2428;-0,4722;216,1407;3,711;-7,8125;
2026 02 03 09:23:24:476;1,243;48;7;58,2428;-0,4722;216,1407;3,711;-7,8125;
2026 02 03 09:23:24:478;1,243;48;7;58,2428;-0,4722;216,1407;3,711;15,625;
2026 02 03 09:23:24:480;1,243;48;7;58,2428;-0,4722;216,1407;3,711;0;
2026 02 03 09:23:24:482;1,243;48;7;58,2428;-0,4722;216,1407;3,711;-11,7187;
2026 02 03 09:23:24:484;1,243;48;7;58,2428;-0,4722;216,1407;3,711;-19,5312;
2026 02 03 09:23:24:486;1,243;48;7;58,2428;-0,4722;216,1407;3,711;-23,4375;
2026 02 03 09:23:24:488;1,243;48;7;58,2428;-0,4722;216,1407;3,711;-3,9062;
2026 02 03 09:23:24:490;1,243;48;7;58,2428;-0,4722;216,1407;3,711;-3,9062;
2026 02 03 09:23:24:492;1,243;48;7;58,2428;-0,4722;216,1407;3,711;-3,9062;
2026 02 03 09:23:24:494;1,243;48;7;58,2428;-0,4722;216,1407;3,711;-3,9062;
2026 02 03 09:23:24:496;1,243;48;7;58,2428;-0,4722;216,1407;3,711;-3,9062;
2026 02 03 09:23:24:498;1,243;48;7;58,2428;-0,4722;216,1407;3,711;19,5313;
2026 02 03 09:23:24:500;1,243;48;7;58,2428;-0,4722;216,1407;3,711;7,8125;
2026 02 03 09:23:24:502;1,243;48;7;58,2428;-0,4722;216,1407;3,711;-7,8125;
2026 02 03 09:23:24:504;1,243;48;7;58,2428;-0,4722;216,1407;3,711;-19,5312;
2026 02 03 09:23:24:506;1,243;48;7;58,2428;-0,4722;216,1407;3,711;-15,625;
2026 02 03 09:23:24:508;1,243;48;7;58,2428;-0,4722;216,1407;3,711;-3,9062;
2026 02 03 09:23:24:510;1,243;48;7;58,2428;-0,4722;216,1407;3,711;0;
2026 02 03 09:23:24:512;1,243;48;7;58,2428;-0,4722;216,1407;3,711;0;
2026 02 03 09:23:24:514;1,243;48;7;58,2428;-0,4722;216,1407;3,711;0;
2026 02 03 09:23:24:516;1,243;48;7;58,2428;-0,4722;216,1407;3,711;-3,9062;
2026 02 03 09:23:24:518;1,243;48;7;58,2428;-0,4722;216,1407;3,711;19,5313;
2026 02 03 09:23:24:520;1,243;48;7;58,2428;-0,4722;216,1407;3,711;7,8125;
2026 02 03 09:23:24:522;1,243;48;7;58,2428;-0,4722;216,1407;3,711;-11,7187;
2026 02 03 09:23:24:524;1,243;48;7;58,2428;-0,4722;216,1407;3,711;-19,5312;
2026 02 03 09:23:24:526;1,243;48;7;58,2428;-0,4722;216,1407;3,711;-11,7187;
2026 02 03 09:23:24:528;1,243;48;7;58,2428;-0,4722;216,1407;3,711;0;
2026 02 03 09:23:24:530;1,243;48;7;58,2428;-0,4722;216,1407;3,711;0;
2026 02 03 09:23:24:532;1,243;48;7;58,2428;-0,4722;216,1407;3,711;0;
2026 02 03 09:23:24:534;1,243;48;7;58,2428;-0,4722;216,1407;3,711;0;
2026 02 03 09:23:24:536;1,243;48;7;58,2428;-0,4722;216,1407;3,711;3,9063;
2026 02 03 09:23:24:538;1,243;48;7;58,2428;-0,4722;216,1407;3,711;31,25;
2026 02 03 09:23:24:540;1,243;48;7;58,2428;-0,4722;216,1407;3,711;7,8125;
2026 02 03 09:23:24:542;1,243;48;7;58,2428;-0,4722;216,1407;3,711;-3,9062;
2026 02 03 09:23:24:544;1,243;48;7;58,2428;-0,4722;216,1407;3,711;-11,7187;
2026 02 03 09:23:24:546;1,243;48;7;58,2428;-0,4722;216,1407;3,711;-11,7187;
2026 02 03 09:23:24:548;1,243;48;7;58,2428;-0,4722;216,1407;3,711;3,9063;
2026 02 03 09:23:24:550;1,243;48;7;58,2428;-0,4722;216,1407;3,711;3,9063;
2026 02 03 09:23:24:552;1,243;48;7;58,2428;-0,4722;216,1407;3,711;3,9063;
2026 02 03 09:23:24:554;1,243;48;7;58,2428;-0,4722;216,1407;3,711;7,8125;
2026 02 03 09:23:24:556;1,243;48;7;58,2428;-0,4722;216,1407;3,711;7,8125;
2026 02 03 09:23:24:558;1,243;48;7;58,2428;-0,4722;216,1407;3,711;27,3438;
2026 02 03 09:23:24:560;1,243;48;7;58,2428;-0,4722;216,1407;3,711;11,7188;
2026 02 03 09:23:24:562;1,243;48;7;58,2428;-0,4722;216,1407;3,711;3,9063;
2026 02 03 09:23:24:564;1,243;48;7;58,2428;-0,4722;216,1407;3,711;-7,8125;
2026 02 03 09:23:24:566;1,243;48;7;58,2428;-0,4722;216,1407;3,711;-7,8125;
2026 02 03 09:23:24:568;1,243;48;7;58,2428;-0,4722;216,1407;3,711;7,8125;
2026 02 03 09:23:24:570;1,243;48;7;58,2428;-0,4722;216,1407;3,711;7,8125;
2026 02 03 09:23:24:572;1,243;48;7;58,2428;-0,4722;216,1407;3,711;7,8125;
2026 02 03 09:23:24:574;1,243;48;7;58,2428;-0,4722;216,1407;3,711;7,8125;
2026 02 03 09:23:24:576;1,243;48;7;58,2428;-0,4722;216,1407;3,711;7,8125;
2026 02 03 09:23:24:578;1,243;48;7;58,2428;-0,4722;216,1407;3,711;31,25;
2026 02 03 09:23:24:580;1,243;48;7;58,2428;-0,4722;216,1407;3,711;15,625;
2026 02 03 09:23:24:582;1,243;48;7;58,2428;-0,4722;216,1407;3,711;3,9063;
2026 02 03 09:23:24:584;1,243;48;7;58,2428;-0,4722;216,1407;3,711;-7,8125;
2026 02 03 09:23:24:586;1,243;48;7;58,2428;-0,4722;216,1407;3,711;-3,9062;
2026 02 03 09:23:24:588;1,243;48;7;58,2428;-0,4722;216,1407;3,711;11,7188;
2026 02 03 09:23:24:590;1,243;48;7;58,2428;-0,4722;216,1407;3,711;11,7188;
2026 02 03 09:23:24:592;1,243;48;7;58,2428;-0,4722;216,1407;3,711;11,7188;
2026 02 03 09:23:24:594;1,243;48;7;58,2428;-0,4722;216,1407;3,711;11,7188;
2026 02 03 09:23:24:596;1,243;48;7;58,2428;-0,4722;216,1407;3,711;11,7188;
2026 02 03 09:23:24:598;1,243;48;7;58,2428;-0,4722;216,1407;3,711;35,1563;
2026 02 03 09:23:24:600;1,243;48;7;58,2428;-0,4722;216,1407;3,711;23,4375;
2026 02 03 09:23:24:602;1,243;48;7;58,2428;-0,4722;216,1407;3,711;11,7188;
2026 02 03 09:23:24:604;1,243;48;7;58,2428;-0,4722;216,1407;3,711;3,9063;
2026 02 03 09:23:24:606;1,243;48;7;58,2428;-0,4722;216,1407;3,711;3,9063;
2026 02 03 09:23:24:608;1,243;48;7;58,2428;-0,4722;216,1407;3,711;15,625;
2026 02 03 09:23:24:610;1,243;48;7;58,2428;-0,4722;216,1407;3,711;15,625;
2026 02 03 09:23:24:612;1,243;48;7;58,2428;-0,4722;216,1407;3,711;11,7188;
2026 02 03 09:23:24:614;1,243;48;7;58,2428;-0,4722;216,1407;3,711;11,7188;
2026 02 03 09:23:24:616;1,243;48;7;58,2428;-0,4722;216,1407;3,711;15,625;
2026 02 03 09:23:24:618;1,243;48;7;58,2428;-0,4722;216,1407;3,711;39,0625;
2026 02 03 09:23:24:620;1,572;36;8;66,04;-0,6828;236,7554;3,585;19,5313;
2026 02 03 09:23:24:622;1,572;36;8;66,04;-0,6828;236,7554;3,585;11,7188;
2026 02 03 09:23:24:624;1,572;36;8;66,04;-0,6828;236,7554;3,585;3,9063;
2026 02 03 09:23:24:626;1,572;36;8;66,04;-0,6828;236,7554;3,585;-3,9062;
2026 02 03 09:23:24:628;1,572;36;8;66,04;-0,6828;236,7554;3,585;15,625;
2026 02 03 09:23:24:630;1,572;36;8;66,04;-0,6828;236,7554;3,585;15,625;
2026 02 03 09:23:24:632;1,572;36;8;66,04;-0,6828;236,7554;3,585;11,7188;
2026 02 03 09:23:24:634;1,572;36;8;66,04;-0,6828;236,7554;3,585;15,625;
2026 02 03 09:23:24:636;1,572;36;8;66,04;-0,6828;236,7554;3,585;19,5313;
2026 02 03 09:23:24:638;1,572;36;8;66,04;-0,6828;236,7554;3,585;42,9688;
2026 02 03 09:23:24:640;1,572;36;8;66,04;-0,6828;236,7554;3,585;27,3438;
2026 02 03 09:23:24:642;1,572;36;8;66,04;-0,6828;236,7554;3,585;11,7188;
2026 02 03 09:23:24:644;1,572;36;8;66,04;-0,6828;236,7554;3,585;0;
2026 02 03 09:23:24:646;1,572;36;8;66,04;-0,6828;236,7554;3,585;0;
2026 02 03 09:23:24:648;1,572;36;8;66,04;-0,6828;236,7554;3,585;19,5313;
2026 02 03 09:23:24:650;1,572;36;8;66,04;-0,6828;236,7554;3,585;19,5313;
2026 02 03 09:23:24:652;1,572;36;8;66,04;-0,6828;236,7554;3,585;15,625;
2026 02 03 09:23:24:654;1,572;36;8;66,04;-0,6828;236,7554;3,585;19,5313;
2026 02 03 09:23:24:656;1,572;36;8;66,04;-0,6828;236,7554;3,585;19,5313;
2026 02 03 09:23:24:658;1,572;36;8;66,04;-0,6828;236,7554;3,585;39,0625;
2026 02 03 09:23:24:660;1,572;36;8;66,04;-0,6828;236,7554;3,585;27,3438;
2026 02 03 09:23:24:662;1,572;36;8;66,04;-0,6828;236,7554;3,585;15,625;
2026 02 03 09:23:24:664;1,572;36;8;66,04;-0,6828;236,7554;3,585;11,7188;
2026 02 03 09:23:24:666;1,572;36;8;66,04;-0,6828;236,7554;3,585;3,9063;
2026 02 03 09:23:24:668;1,572;36;8;66,04;-0,6828;236,7554;3,585;19,5313;
2026 02 03 09:23:24:670;1,572;36;8;66,04;-0,6828;236,7554;3,585;19,5313;
2026 02 03 09:23:24:672;1,572;36;8;66,04;-0,6828;236,7554;3,585;19,5313;
2026 02 03 09:23:24:674;1,572;36;8;66,04;-0,6828;236,7554;3,585;19,5313;
2026 02 03 09:23:24:676;1,572;36;8;66,04;-0,6828;236,7554;3,585;19,5313;
2026 02 03 09:23:24:678;1,572;36;8;66,04;-0,6828;236,7554;3,585;42,9688;
2026 02 03 09:23:24:680;1,572;36;8;66,04;-0,6828;236,7554;3,585;27,3438;
2026 02 03 09:23:24:682;1,572;36;8;66,04;-0,6828;236,7554;3,585;19,5313;
2026 02 03 09:23:24:684;1,572;36;8;66,04;-0,6828;236,7554;3,585;7,8125;
2026 02 03 09:23:24:686;1,572;36;8;66,04;-0,6828;236,7554;3,585;3,9063;
2026 02 03 09:23:24:688;1,572;36;8;66,04;-0,6828;236,7554;3,585;23,4375;
2026 02 03 09:23:24:690;1,572;36;8;66,04;-0,6828;236,7554;3,585;23,4375;
2026 02 03 09:23:24:692;1,572;36;8;66,04;-0,6828;236,7554;3,585;23,4375;
2026 02 03 09:23:24:694;1,572;36;8;66,04;-0,6828;236,7554;3,585;23,4375;
2026 02 03 09:23:24:696;1,572;36;8;66,04;-0,6828;236,7554;3,585;23,4375;
2026 02 03 09:23:24:698;1,572;36;8;66,04;-0,6828;236,7554;3,585;46,875;
2026 02 03 09:23:24:700;1,572;36;8;66,04;-0,6828;236,7554;3,585;31,25;
2026 02 03 09:23:24:702;1,572;36;8;66,04;-0,6828;236,7554;3,585;19,5313;
2026 02 03 09:23:24:704;1,572;36;8;66,04;-0,6828;236,7554;3,585;7,8125;
2026 02 03 09:23:24:706;1,572;36;8;66,04;-0,6828;236,7554;3,585;3,9063;
2026 02 03 09:23:24:708;1,572;36;8;66,04;-0,6828;236,7554;3,585;23,4375;
2026 02 03 09:23:24:710;1,572;36;8;66,04;-0,6828;236,7554;3,585;27,3438;
2026 02 03 09:23:24:712;1,572;36;8;66,04;-0,6828;236,7554;3,585;23,4375;
2026 02 03 09:23:24:714;1,572;36;8;66,04;-0,6828;236,7554;3,585;27,3438;
2026 02 03 09:23:24:716;1,572;36;8;66,04;-0,6828;236,7554;3,585;27,3438;
2026 02 03 09:23:24:718;1,572;36;8;66,04;-0,6828;236,7554;3,585;46,875;
2026 02 03 09:23:24:720;1,572;36;8;66,04;-0,6828;236,7554;3,585;31,25;
2026 02 03 09:23:24:722;1,572;36;8;66,04;-0,6828;236,7554;3,585;15,625;
2026 02 03 09:23:24:724;1,572;36;8;66,04;-0,6828;236,7554;3,585;11,7188;
2026 02 03 09:23:24:726;1,572;36;8;66,04;-0,6828;236,7554;3,585;11,7188;
2026 02 03 09:23:24:728;1,572;36;8;66,04;-0,6828;236,7554;3,585;27,3438;
2026 02 03 09:23:24:730;1,572;36;8;66,04;-0,6828;236,7554;3,585;27,3438;
2026 02 03 09:23:24:732;1,572;36;8;66,04;-0,6828;236,7554;3,585;27,3438;
2026 02 03 09:23:24:734;1,572;36;8;66,04;-0,6828;236,7554;3,585;27,3438;
2026 02 03 09:23:24:736;1,572;36;8;66,04;-0,6828;236,7554;3,585;27,3438;
2026 02 03 09:23:24:738;1,572;36;8;66,04;-0,6828;236,7554;3,585;50,7813;
2026 02 03 09:23:24:740;1,572;36;8;66,04;-0,6828;236,7554;3,585;35,1563;
2026 02 03 09:23:24:742;1,572;36;8;66,04;-0,6828;236,7554;3,585;19,5313;
2026 02 03 09:23:24:744;1,572;36;8;66,04;-0,6828;236,7554;3,585;15,625;
2026 02 03 09:23:24:746;1,572;36;8;66,04;-0,6828;236,7554;3,585;7,8125;
2026 02 03 09:23:24:748;1,572;36;8;66,04;-0,6828;236,7554;3,585;27,3438;
2026 02 03 09:23:24:750;1,572;36;8;66,04;-0,6828;236,7554;3,585;27,3438;
2026 02 03 09:23:24:752;1,572;36;8;66,04;-0,6828;236,7554;3,585;27,3438;
2026 02 03 09:23:24:754;1,572;36;8;66,04;-0,6828;236,7554;3,585;27,3438;
2026 02 03 09:23:24:756;1,572;36;8;66,04;-0,6828;236,7554;3,585;31,25;
2026 02 03 09:23:24:758;1,572;36;8;66,04;-0,6828;236,7554;3,585;50,7813;
2026 02 03 09:23:24:760;1,572;36;8;66,04;-0,6828;236,7554;3,585;39,0625;
2026 02 03 09:23:24:762;1,572;36;8;66,04;-0,6828;236,7554;3,585;27,3438;
2026 02 03 09:23:24:764;1,572;36;8;66,04;-0,6828;236,7554;3,585;15,625;
2026 02 03 09:23:24:766;1,572;36;8;66,04;-0,6828;236,7554;3,585;15,625;
2026 02 03 09:23:24:768;1,572;36;8;66,04;-0,6828;236,7554;3,585;31,25;
2026 02 03 09:23:24:770;1,572;36;8;66,04;-0,6828;236,7554;3,585;31,25;
2026 02 03 09:23:24:772;1,572;36;8;66,04;-0,6828;236,7554;3,585;31,25;
2026 02 03 09:23:24:774;1,572;36;8;66,04;-0,6828;236,7554;3,585;31,25;
2026 02 03 09:23:24:776;1,572;36;8;66,04;-0,6828;236,7554;3,585;31,25;
2026 02 03 09:23:24:778;1,572;36;8;66,04;-0,6828;236,7554;3,585;50,7813;
2026 02 03 09:23:24:780;1,572;36;8;66,04;-0,6828;236,7554;3,585;42,9688;
2026 02 03 09:23:24:782;1,572;36;8;66,04;-0,6828;236,7554;3,585;23,4375;
2026 02 03 09:23:24:784;1,572;36;8;66,04;-0,6828;236,7554;3,585;11,7188;
2026 02 03 09:23:24:786;1,572;36;8;66,04;-0,6828;236,7554;3,585;11,7188;
2026 02 03 09:23:24:788;1,572;36;8;66,04;-0,6828;236,7554;3,585;31,25;
2026 02 03 09:23:24:790;1,572;36;8;66,04;-0,6828;236,7554;3,585;31,25;
2026 02 03 09:23:24:792;1,572;36;8;66,04;-0,6828;236,7554;3,585;35,1563;
2026 02 03 09:23:24:794;1,572;36;8;66,04;-0,6828;236,7554;3,585;31,25;
2026 02 03 09:23:24:796;1,572;36;8;66,04;-0,6828;236,7554;3,585;35,1563;
2026 02 03 09:23:24:798;1,572;36;8;66,04;-0,6828;236,7554;3,585;58,5938;
2026 02 03 09:23:24:800;1,572;36;8;66,04;-0,6828;236,7554;3,585;46,875;
2026 02 03 09:23:24:802;1,572;36;8;66,04;-0,6828;236,7554;3,585;31,25;
2026 02 03 09:23:24:804;1,572;36;8;66,04;-0,6828;236,7554;3,585;23,4375;
2026 02 03 09:23:24:806;1,572;36;8;66,04;-0,6828;236,7554;3,585;15,625;
2026 02 03 09:23:24:808;1,572;36;8;66,04;-0,6828;236,7554;3,585;35,1563;
2026 02 03 09:23:24:810;1,572;36;8;66,04;-0,6828;236,7554;3,585;35,1563;
2026 02 03 09:23:24:812;1,572;36;8;66,04;-0,6828;236,7554;3,585;35,1563;
2026 02 03 09:23:24:814;1,572;36;8;66,04;-0,6828;236,7554;3,585;35,1563;
2026 02 03 09:23:24:816;1,572;36;8;66,04;-0,6828;236,7554;3,585;35,1563;
2026 02 03 09:23:24:818;1,572;36;8;66,04;-0,6828;236,7554;3,585;58,5938;
2026 02 03 09:23:24:820;1,572;36;8;66,04;-0,6828;236,7554;3,585;42,9688;
2026 02 03 09:23:24:822;1,572;36;8;66,04;-0,6828;236,7554;3,585;31,25;
2026 02 03 09:23:24:824;1,572;36;8;66,04;-0,6828;236,7554;3,585;23,4375;
2026 02 03 09:23:24:826;1,572;36;8;66,04;-0,6828;236,7554;3,585;19,5313;
2026 02 03 09:23:24:828;1,572;36;8;66,04;-0,6828;236,7554;3,585;35,1563;
2026 02 03 09:23:24:830;1,572;36;8;66,04;-0,6828;236,7554;3,585;39,0625;
2026 02 03 09:23:24:832;1,572;36;8;66,04;-0,6828;236,7554;3,585;35,1563;
2026 02 03 09:23:24:834;1,572;36;8;66,04;-0,6828;236,7554;3,585;39,0625;
2026 02 03 09:23:24:836;1,572;36;8;66,04;-0,6828;236,7554;3,585;39,0625;
2026 02 03 09:23:24:838;1,572;36;8;66,04;-0,6828;236,7554;3,585;58,5938;
2026 02 03 09:23:24:840;1,572;36;8;66,04;-0,6828;236,7554;3,585;46,875;
2026 02 03 09:23:24:842;1,572;36;8;66,04;-0,6828;236,7554;3,585;31,25;
2026 02 03 09:23:24:844;1,572;36;8;66,04;-0,6828;236,7554;3,585;19,5313;
2026 02 03 09:23:24:846;1,572;36;8;66,04;-0,6828;236,7554;3,585;19,5313;
2026 02 03 09:23:24:848;1,572;36;8;66,04;-0,6828;236,7554;3,585;39,0625;
2026 02 03 09:23:24:850;1,572;36;8;66,04;-0,6828;236,7554;3,585;39,0625;
2026 02 03 09:23:24:852;1,572;36;8;66,04;-0,6828;236,7554;3,585;39,0625;
2026 02 03 09:23:24:854;1,572;36;8;66,04;-0,6828;236,7554;3,585;39,0625;
2026 02 03 09:23:24:856;1,572;36;8;66,04;-0,6828;236,7554;3,585;42,9688;
2026 02 03 09:23:24:858;1,572;36;8;66,04;-0,6828;236,7554;3,585;54,6875;
2026 02 03 09:23:24:860;1,572;36;8;66,04;-0,6828;236,7554;3,585;46,875;
2026 02 03 09:23:24:862;1,572;36;8;66,04;-0,6828;236,7554;3,585;35,1563;
2026 02 03 09:23:24:864;1,572;36;8;66,04;-0,6828;236,7554;3,585;31,25;
2026 02 03 09:23:24:866;1,572;36;8;66,04;-0,6828;236,7554;3,585;23,4375;
2026 02 03 09:23:24:868;1,572;36;8;66,04;-0,6828;236,7554;3,585;39,0625;
2026 02 03 09:23:24:870;1,572;36;8;66,04;-0,6828;236,7554;3,585;42,9688;
2026 02 03 09:23:24:872;1,572;36;8;66,04;-0,6828;236,7554;3,585;39,0625;
2026 02 03 09:23:24:874;1,572;36;8;66,04;-0,6828;236,7554;3,585;42,9688;
2026 02 03 09:23:24:876;1,572;36;8;66,04;-0,6828;236,7554;3,585;42,9688;
2026 02 03 09:23:24:878;1,572;36;8;66,04;-0,6828;236,7554;3,585;66,4063;
2026 02 03 09:23:24:880;1,572;36;8;66,04;-0,6828;236,7554;3,585;46,875;
2026 02 03 09:23:24:882;1,572;36;8;66,04;-0,6828;236,7554;3,585;35,1563;
2026 02 03 09:23:24:884;1,572;36;8;66,04;-0,6828;236,7554;3,585;27,3438;
2026 02 03 09:23:24:886;1,572;36;8;66,04;-0,6828;236,7554;3,585;19,5313;
2026 02 03 09:23:24:888;1,572;36;8;66,04;-0,6828;236,7554;3,585;42,9688;
2026 02 03 09:23:24:890;1,572;36;8;66,04;-0,6828;236,7554;3,585;42,9688;
2026 02 03 09:23:24:892;1,572;36;8;66,04;-0,6828;236,7554;3,585;42,9688;
2026 02 03 09:23:24:894;1,572;36;8;66,04;-0,6828;236,7554;3,585;42,9688;
2026 02 03 09:23:24:896;1,572;36;8;66,04;-0,6828;236,7554;3,585;42,9688;
2026 02 03 09:23:24:898;1,572;36;8;66,04;-0,6828;236,7554;3,585;66,4063;
2026 02 03 09:23:24:900;1,572;36;8;66,04;-0,6828;236,7554;3,585;54,6875;
2026 02 03 09:23:24:902;1,572;36;8;66,04;-0,6828;236,7554;3,585;39,0625;
2026 02 03 09:23:24:904;1,572;36;8;66,04;-0,6828;236,7554;3,585;27,3438;
2026 02 03 09:23:24:906;1,572;36;8;66,04;-0,6828;236,7554;3,585;19,5313;
2026 02 03 09:23:24:908;1,572;36;8;66,04;-0,6828;236,7554;3,585;42,9688;
2026 02 03 09:23:24:910;1,572;36;8;66,04;-0,6828;236,7554;3,585;42,9688;
2026 02 03 09:23:24:912;1,572;36;8;66,04;-0,6828;236,7554;3,585;42,9688;
2026 02 03 09:23:24:914;1,572;36;8;66,04;-0,6828;236,7554;3,585;42,9688;
2026 02 03 09:23:24:916;1,572;36;8;66,04;-0,6828;236,7554;3,585;42,9688;
2026 02 03 09:23:24:918;1,572;36;8;66,04;-0,6828;236,7554;3,585;66,4063;
2026 02 03 09:23:24:920;1,485;13;8;43,7012;0,0404;200,2716;4,5828;50,7813;
2026 02 03 09:23:24:922;1,485;13;8;43,7012;0,0404;200,2716;4,5828;35,1563;
2026 02 03 09:23:24:924;1,485;13;8;43,7012;0,0404;200,2716;4,5828;27,3438;
2026 02 03 09:23:24:926;1,485;13;8;43,7012;0,0404;200,2716;4,5828;31,25;
2026 02 03 09:23:24:928;1,485;13;8;43,7012;0,0404;200,2716;4,5828;46,875;
2026 02 03 09:23:24:930;1,485;13;8;43,7012;0,0404;200,2716;4,5828;46,875;
2026 02 03 09:23:24:932;1,485;13;8;43,7012;0,0404;200,2716;4,5828;46,875;
2026 02 03 09:23:24:934;1,485;13;8;43,7012;0,0404;200,2716;4,5828;46,875;
2026 02 03 09:23:24:936;1,485;13;8;43,7012;0,0404;200,2716;4,5828;46,875;
2026 02 03 09:23:24:938;1,485;13;8;43,7012;0,0404;200,2716;4,5828;70,3125;
2026 02 03 09:23:24:940;1,485;13;8;43,7012;0,0404;200,2716;4,5828;54,6875;
2026 02 03 09:23:24:942;1,485;13;8;43,7012;0,0404;200,2716;4,5828;39,0625;
2026 02 03 09:23:24:944;1,485;13;8;43,7012;0,0404;200,2716;4,5828;31,25;
2026 02 03 09:23:24:946;1,485;13;8;43,7012;0,0404;200,2716;4,5828;27,3438;
2026 02 03 09:23:24:948;1,485;13;8;43,7012;0,0404;200,2716;4,5828;46,875;
2026 02 03 09:23:24:950;1,485;13;8;43,7012;0,0404;200,2716;4,5828;46,875;
2026 02 03 09:23:24:952;1,485;13;8;43,7012;0,0404;200,2716;4,5828;46,875;
2026 02 03 09:23:24:954;1,485;13;8;43,7012;0,0404;200,2716;4,5828;46,875;
2026 02 03 09:23:24:956;1,485;13;8;43,7012;0,0404;200,2716;4,5828;50,7813;
2026 02 03 09:23:24:958;1,485;13;8;43,7012;0,0404;200,2716;4,5828;70,3125;
2026 02 03 09:23:24:960;1,485;13;8;43,7012;0,0404;200,2716;4,5828;54,6875;
2026 02 03 09:23:24:962;1,485;13;8;43,7012;0,0404;200,2716;4,5828;42,9688;
2026 02 03 09:23:24:964;1,485;13;8;43,7012;0,0404;200,2716;4,5828;35,1563;
2026 02 03 09:23:24:966;1,485;13;8;43,7012;0,0404;200,2716;4,5828;27,3438;
2026 02 03 09:23:24:968;1,485;13;8;43,7012;0,0404;200,2716;4,5828;46,875;
2026 02 03 09:23:24:970;1,485;13;8;43,7012;0,0404;200,2716;4,5828;46,875;
2026 02 03 09:23:24:972;1,485;13;8;43,7012;0,0404;200,2716;4,5828;46,875;
2026 02 03 09:23:24:974;1,485;13;8;43,7012;0,0404;200,2716;4,5828;46,875;
2026 02 03 09:23:24:976;1,485;13;8;43,7012;0,0404;200,2716;4,5828;46,875;
2026 02 03 09:23:24:978;1,485;13;8;43,7012;0,0404;200,2716;4,5828;70,3125;
2026 02 03 09:23:24:980;1,485;13;8;43,7012;0,0404;200,2716;4,5828;58,5938;
2026 02 03 09:23:24:982;1,485;13;8;43,7012;0,0404;200,2716;4,5828;39,0625;
2026 02 03 09:23:24:984;1,485;13;8;43,7012;0,0404;200,2716;4,5828;31,25;
2026 02 03 09:23:24:986;1,485;13;8;43,7012;0,0404;200,2716;4,5828;27,3438;
2026 02 03 09:23:24:988;1,485;13;8;43,7012;0,0404;200,2716;4,5828;50,7813;
2026 02 03 09:23:24:990;1,485;13;8;43,7012;0,0404;200,2716;4,5828;50,7813;
2026 02 03 09:23:24:992;1,485;13;8;43,7012;0,0404;200,2716;4,5828;50,7813;
2026 02 03 09:23:24:994;1,485;13;8;43,7012;0,0404;200,2716;4,5828;50,7813;
2026 02 03 09:23:24:996;1,485;13;8;43,7012;0,0404;200,2716;4,5828;50,7813;
2026 02 03 09:23:24:998;1,485;13;8;43,7012;0,0404;200,2716;4,5828;70,3125;
2026 02 03 09:23:25:000;1,485;13;8;43,7012;0,0404;200,2716;4,5828;58,5938;
2026 02 03 09:23:25:002;1,485;13;8;43,7012;0,0404;200,2716;4,5828;46,875;
2026 02 03 09:23:25:004;1,485;13;8;43,7012;0,0404;200,2716;4,5828;39,0625;
2026 02 03 09:23:25:006;1,485;13;8;43,7012;0,0404;200,2716;4,5828;31,25;
2026 02 03 09:23:25:008;1,485;13;8;43,7012;0,0404;200,2716;4,5828;46,875;
2026 02 03 09:23:25:010;1,485;13;8;43,7012;0,0404;200,2716;4,5828;50,7813;
2026 02 03 09:23:25:012;1,485;13;8;43,7012;0,0404;200,2716;4,5828;46,875;
2026 02 03 09:23:25:014;1,485;13;8;43,7012;0,0404;200,2716;4,5828;50,7813;
2026 02 03 09:23:25:016;1,485;13;8;43,7012;0,0404;200,2716;4,5828;54,6875;
2026 02 03 09:23:25:018;1,485;13;8;43,7012;0,0404;200,2716;4,5828;70,3125;
2026 02 03 09:23:25:020;1,485;13;8;43,7012;0,0404;200,2716;4,5828;58,5938;
2026 02 03 09:23:25:022;1,485;13;8;43,7012;0,0404;200,2716;4,5828;46,875;
2026 02 03 09:23:25:024;1,485;13;8;43,7012;0,0404;200,2716;4,5828;39,0625;
2026 02 03 09:23:25:026;1,485;13;8;43,7012;0,0404;200,2716;4,5828;31,25;
2026 02 03 09:23:25:028;1,485;13;8;43,7012;0,0404;200,2716;4,5828;50,7813;
2026 02 03 09:23:25:030;1,485;13;8;43,7012;0,0404;200,2716;4,5828;50,7813;
2026 02 03 09:23:25:032;1,485;13;8;43,7012;0,0404;200,2716;4,5828;50,7813;
2026 02 03 09:23:25:034;1,485;13;8;43,7012;0,0404;200,2716;4,5828;50,7813;
2026 02 03 09:23:25:036;1,485;13;8;43,7012;0,0404;200,2716;4,5828;54,6875;
2026 02 03 09:23:25:038;1,485;13;8;43,7012;0,0404;200,2716;4,5828;74,2188;
2026 02 03 09:23:25:040;1,485;13;8;43,7012;0,0404;200,2716;4,5828;62,5;
2026 02 03 09:23:25:042;1,485;13;8;43,7012;0,0404;200,2716;4,5828;46,875;
2026 02 03 09:23:25:044;1,485;13;8;43,7012;0,0404;200,2716;4,5828;35,1563;
2026 02 03 09:23:25:046;1,485;13;8;43,7012;0,0404;200,2716;4,5828;31,25;
2026 02 03 09:23:25:048;1,485;13;8;43,7012;0,0404;200,2716;4,5828;54,6875;
2026 02 03 09:23:25:050;1,485;13;8;43,7012;0,0404;200,2716;4,5828;54,6875;
2026 02 03 09:23:25:052;1,485;13;8;43,7012;0,0404;200,2716;4,5828;54,6875;
2026 02 03 09:23:25:054;1,485;13;8;43,7012;0,0404;200,2716;4,5828;54,6875;
2026 02 03 09:23:25:056;1,485;13;8;43,7012;0,0404;200,2716;4,5828;58,5938;
2026 02 03 09:23:25:058;1,485;13;8;43,7012;0,0404;200,2716;4,5828;70,3125;
2026 02 03 09:23:25:060;1,485;13;8;43,7012;0,0404;200,2716;4,5828;62,5;
2026 02 03 09:23:25:062;1,485;13;8;43,7012;0,0404;200,2716;4,5828;46,875;
2026 02 03 09:23:25:064;1,485;13;8;43,7012;0,0404;200,2716;4,5828;42,9688;
2026 02 03 09:23:25:066;1,485;13;8;43,7012;0,0404;200,2716;4,5828;31,25;
2026 02 03 09:23:25:068;1,485;13;8;43,7012;0,0404;200,2716;4,5828;54,6875;
2026 02 03 09:23:25:070;1,485;13;8;43,7012;0,0404;200,2716;4,5828;50,7813;
2026 02 03 09:23:25:072;1,485;13;8;43,7012;0,0404;200,2716;4,5828;50,7813;
2026 02 03 09:23:25:074;1,485;13;8;43,7012;0,0404;200,2716;4,5828;54,6875;
2026 02 03 09:23:25:076;1,485;13;8;43,7012;0,0404;200,2716;4,5828;54,6875;
2026 02 03 09:23:25:078;1,485;13;8;43,7012;0,0404;200,2716;4,5828;78,125;
2026 02 03 09:23:25:080;1,485;13;8;43,7012;0,0404;200,2716;4,5828;62,5;
2026 02 03 09:23:25:082;1,485;13;8;43,7012;0,0404;200,2716;4,5828;50,7813;
2026 02 03 09:23:25:084;1,485;13;8;43,7012;0,0404;200,2716;4,5828;39,0625;
2026 02 03 09:23:25:086;1,485;13;8;43,7012;0,0404;200,2716;4,5828;39,0625;
2026 02 03 09:23:25:088;1,485;13;8;43,7012;0,0404;200,2716;4,5828;54,6875;
2026 02 03 09:23:25:090;1,485;13;8;43,7012;0,0404;200,2716;4,5828;54,6875;
2026 02 03 09:23:25:092;1,485;13;8;43,7012;0,0404;200,2716;4,5828;54,6875;
2026 02 03 09:23:25:094;1,485;13;8;43,7012;0,0404;200,2716;4,5828;54,6875;
2026 02 03 09:23:25:096;1,485;13;8;43,7012;0,0404;200,2716;4,5828;58,5938;
2026 02 03 09:23:25:098;1,485;13;8;43,7012;0,0404;200,2716;4,5828;74,2188;
2026 02 03 09:23:25:100;1,485;13;8;43,7012;0,0404;200,2716;4,5828;66,4063;
2026 02 03 09:23:25:102;1,485;13;8;43,7012;0,0404;200,2716;4,5828;50,7813;
2026 02 03 09:23:25:104;1,485;13;8;43,7012;0,0404;200,2716;4,5828;39,0625;
2026 02 03 09:23:25:106;1,485;13;8;43,7012;0,0404;200,2716;4,5828;35,1563;
2026 02 03 09:23:25:108;1,485;13;8;43,7012;0,0404;200,2716;4,5828;54,6875;
2026 02 03 09:23:25:110;1,485;13;8;43,7012;0,0404;200,2716;4,5828;54,6875;
2026 02 03 09:23:25:112;1,485;13;8;43,7012;0,0404;200,2716;4,5828;54,6875;
2026 02 03 09:23:25:114;1,485;13;8;43,7012;0,0404;200,2716;4,5828;54,6875;
2026 02 03 09:23:25:116;1,485;13;8;43,7012;0,0404;200,2716;4,5828;58,5938;
2026 02 03 09:23:25:118;1,485;13;8;43,7012;0,0404;200,2716;4,5828;74,2188;
2026 02 03 09:23:25:120;1,485;13;8;43,7012;0,0404;200,2716;4,5828;62,5;
2026 02 03 09:23:25:122;1,485;13;8;43,7012;0,0404;200,2716;4,5828;46,875;
2026 02 03 09:23:25:124;1,485;13;8;43,7012;0,0404;200,2716;4,5828;39,0625;
2026 02 03 09:23:25:126;1,485;13;8;43,7012;0,0404;200,2716;4,5828;39,0625;
2026 02 03 09:23:25:128;1,485;13;8;43,7012;0,0404;200,2716;4,5828;54,6875;
2026 02 03 09:23:25:130;1,485;13;8;43,7012;0,0404;200,2716;4,5828;58,5938;
2026 02 03 09:23:25:132;1,485;13;8;43,7012;0,0404;200,2716;4,5828;58,5938;
2026 02 03 09:23:25:134;1,485;13;8;43,7012;0,0404;200,2716;4,5828;58,5938;
2026 02 03 09:23:25:136;1,485;13;8;43,7012;0,0404;200,2716;4,5828;58,5938;
2026 02 03 09:23:25:138;1,485;13;8;43,7012;0,0404;200,2716;4,5828;82,0313;
2026 02 03 09:23:25:140;1,485;13;8;43,7012;0,0404;200,2716;4,5828;66,4063;
2026 02 03 09:23:25:142;1,485;13;8;43,7012;0,0404;200,2716;4,5828;50,7813;
2026 02 03 09:23:25:144;1,485;13;8;43,7012;0,0404;200,2716;4,5828;42,9688;
2026 02 03 09:23:25:146;1,485;13;8;43,7012;0,0404;200,2716;4,5828;35,1563;
2026 02 03 09:23:25:148;1,485;13;8;43,7012;0,0404;200,2716;4,5828;58,5938;
2026 02 03 09:23:25:150;1,485;13;8;43,7012;0,0404;200,2716;4,5828;58,5938;
2026 02 03 09:23:25:152;1,485;13;8;43,7012;0,0404;200,2716;4,5828;58,5938;
2026 02 03 09:23:25:154;1,485;13;8;43,7012;0,0404;200,2716;4,5828;58,5938;
2026 02 03 09:23:25:156;1,485;13;8;43,7012;0,0404;200,2716;4,5828;62,5;
2026 02 03 09:23:25:158;1,485;13;8;43,7012;0,0404;200,2716;4,5828;82,0313;
2026 02 03 09:23:25:160;1,485;13;8;43,7012;0,0404;200,2716;4,5828;70,3125;
2026 02 03 09:23:25:162;1,485;13;8;43,7012;0,0404;200,2716;4,5828;50,7813;
2026 02 03 09:23:25:164;1,485;13;8;43,7012;0,0404;200,2716;4,5828;42,9688;
2026 02 03 09:23:25:166;1,485;13;8;43,7012;0,0404;200,2716;4,5828;35,1563;
2026 02 03 09:23:25:168;1,485;13;8;43,7012;0,0404;200,2716;4,5828;58,5938;
2026 02 03 09:23:25:170;1,485;13;8;43,7012;0,0404;200,2716;4,5828;62,5;
2026 02 03 09:23:25:172;1,485;13;8;43,7012;0,0404;200,2716;4,5828;62,5;
2026 02 03 09:23:25:174;1,485;13;8;43,7012;0,0404;200,2716;4,5828;62,5;
2026 02 03 09:23:25:176;1,485;13;8;43,7012;0,0404;200,2716;4,5828;62,5;
2026 02 03 09:23:25:178;1,485;13;8;43,7012;0,0404;200,2716;4,5828;82,0313;
2026 02 03 09:23:25:180;1,485;13;8;43,7012;0,0404;200,2716;4,5828;70,3125;
2026 02 03 09:23:25:182;1,485;13;8;43,7012;0,0404;200,2716;4,5828;50,7813;
2026 02 03 09:23:25:184;1,485;13;8;43,7012;0,0404;200,2716;4,5828;39,0625;
2026 02 03 09:23:25:186;1,485;13;8;43,7012;0,0404;200,2716;4,5828;39,0625;
2026 02 03 09:23:25:188;1,485;13;8;43,7012;0,0404;200,2716;4,5828;58,5938;
2026 02 03 09:23:25:190;1,485;13;8;43,7012;0,0404;200,2716;4,5828;62,5;
2026 02 03 09:23:25:192;1,485;13;8;43,7012;0,0404;200,2716;4,5828;58,5938;
2026 02 03 09:23:25:194;1,485;13;8;43,7012;0,0404;200,2716;4,5828;62,5;
2026 02 03 09:23:25:196;1,485;13;8;43,7012;0,0404;200,2716;4,5828;62,5;
2026 02 03 09:23:25:198;1,485;13;8;43,7012;0,0404;200,2716;4,5828;82,0313;
2026 02 03 09:23:25:200;1,485;13;8;43,7012;0,0404;200,2716;4,5828;74,2188;
2026 02 03 09:23:25:202;1,485;13;8;43,7012;0,0404;200,2716;4,5828;58,5938;
2026 02 03 09:23:25:204;1,485;13;8;43,7012;0,0404;200,2716;4,5828;50,7813;
2026 02 03 09:23:25:206;1,485;13;8;43,7012;0,0404;200,2716;4,5828;39,0625;
2026 02 03 09:23:25:208;1,485;13;8;43,7012;0,0404;200,2716;4,5828;62,5;
2026 02 03 09:23:25:210;1,485;13;8;43,7012;0,0404;200,2716;4,5828;62,5;
2026 02 03 09:23:25:212;1,485;13;8;43,7012;0,0404;200,2716;4,5828;62,5;
2026 02 03 09:23:25:214;1,485;13;8;43,7012;0,0404;200,2716;4,5828;62,5;
2026 02 03 09:23:25:216;1,485;13;8;43,7012;0,0404;200,2716;4,5828;66,4063;
2026 02 03 09:23:25:218;1,485;13;8;43,7012;0,0404;200,2716;4,5828;85,9375;
2026 02 03 09:23:25:220;0,954;13;5;27,0081;-0,6016;94,0247;3,4814;70,3125;
2026 02 03 09:23:25:222;0,954;13;5;27,0081;-0,6016;94,0247;3,4814;58,5938;
2026 02 03 09:23:25:224;0,954;13;5;27,0081;-0,6016;94,0247;3,4814;50,7813;
2026 02 03 09:23:25:226;0,954;13;5;27,0081;-0,6016;94,0247;3,4814;42,9688;
2026 02 03 09:23:25:228;0,954;13;5;27,0081;-0,6016;94,0247;3,4814;62,5;
2026 02 03 09:23:25:230;0,954;13;5;27,0081;-0,6016;94,0247;3,4814;62,5;
2026 02 03 09:23:25:232;0,954;13;5;27,0081;-0,6016;94,0247;3,4814;62,5;
2026 02 03 09:23:25:234;0,954;13;5;27,0081;-0,6016;94,0247;3,4814;62,5;
2026 02 03 09:23:25:236;0,954;13;5;27,0081;-0,6016;94,0247;3,4814;66,4063;
2026 02 03 09:23:25:238;0,954;13;5;27,0081;-0,6016;94,0247;3,4814;85,9375;
2026 02 03 09:23:25:240;0,954;13;5;27,0081;-0,6016;94,0247;3,4814;74,2188;
2026 02 03 09:23:25:242;0,954;13;5;27,0081;-0,6016;94,0247;3,4814;58,5938;
2026 02 03 09:23:25:244;0,954;13;5;27,0081;-0,6016;94,0247;3,4814;46,875;
2026 02 03 09:23:25:246;0,954;13;5;27,0081;-0,6016;94,0247;3,4814;39,0625;
2026 02 03 09:23:25:248;0,954;13;5;27,0081;-0,6016;94,0247;3,4814;62,5;
2026 02 03 09:23:25:250;0,954;13;5;27,0081;-0,6016;94,0247;3,4814;62,5;
2026 02 03 09:23:25:252;0,954;13;5;27,0081;-0,6016;94,0247;3,4814;66,4063;
2026 02 03 09:23:25:254;0,954;13;5;27,0081;-0,6016;94,0247;3,4814;62,5;
2026 02 03 09:23:25:256;0,954;13;5;27,0081;-0,6016;94,0247;3,4814;66,4063;
2026 02 03 09:23:25:258;0,954;13;5;27,0081;-0,6016;94,0247;3,4814;82,0313;
2026 02 03 09:23:25:260;0,954;13;5;27,0081;-0,6016;94,0247;3,4814;70,3125;
2026 02 03 09:23:25:262;0,954;13;5;27,0081;-0,6016;94,0247;3,4814;58,5938;
2026 02 03 09:23:25:264;0,954;13;5;27,0081;-0,6016;94,0247;3,4814;54,6875;
2026 02 03 09:23:25:266;0,954;13;5;27,0081;-0,6016;94,0247;3,4814;42,9688;
2026 02 03 09:23:25:268;0,954;13;5;27,0081;-0,6016;94,0247;3,4814;62,5;
2026 02 03 09:23:25:270;0,954;13;5;27,0081;-0,6016;94,0247;3,4814;62,5;
2026 02 03 09:23:25:272;0,954;13;5;27,0081;-0,6016;94,0247;3,4814;62,5;
2026 02 03 09:23:25:274;0,954;13;5;27,0081;-0,6016;94,0247;3,4814;66,4063;
2026 02 03 09:23:25:276;0,954;13;5;27,0081;-0,6016;94,0247;3,4814;70,3125;
2026 02 03 09:23:25:278;0,954;13;5;27,0081;-0,6016;94,0247;3,4814;85,9375;
2026 02 03 09:23:25:280;0,954;13;5;27,0081;-0,6016;94,0247;3,4814;70,3125;
2026 02 03 09:23:25:282;0,954;13;5;27,0081;-0,6016;94,0247;3,4814;54,6875;
2026 02 03 09:23:25:284;0,954;13;5;27,0081;-0,6016;94,0247;3,4814;46,875;
2026 02 03 09:23:25:286;0,954;13;5;27,0081;-0,6016;94,0247;3,4814;42,9688;
2026 02 03 09:23:25:288;0,954;13;5;27,0081;-0,6016;94,0247;3,4814;62,5;
2026 02 03 09:23:25:290;0,954;13;5;27,0081;-0,6016;94,0247;3,4814;66,4063;
2026 02 03 09:23:25:292;0,954;13;5;27,0081;-0,6016;94,0247;3,4814;62,5;
2026 02 03 09:23:25:294;0,954;13;5;27,0081;-0,6016;94,0247;3,4814;62,5;
2026 02 03 09:23:25:296;0,954;13;5;27,0081;-0,6016;94,0247;3,4814;66,4063;
2026 02 03 09:23:25:298;0,954;13;5;27,0081;-0,6016;94,0247;3,4814;85,9375;
2026 02 03 09:23:25:300;0,954;13;5;27,0081;-0,6016;94,0247;3,4814;74,2188;
2026 02 03 09:23:25:302;0,954;13;5;27,0081;-0,6016;94,0247;3,4814;58,5938;
2026 02 03 09:23:25:304;0,954;13;5;27,0081;-0,6016;94,0247;3,4814;46,875;
2026 02 03 09:23:25:306;0,954;13;5;27,0081;-0,6016;94,0247;3,4814;39,0625;
2026 02 03 09:23:25:308;0,954;13;5;27,0081;-0,6016;94,0247;3,4814;62,5;
2026 02 03 09:23:25:310;0,954;13;5;27,0081;-0,6016;94,0247;3,4814;66,4063;
2026 02 03 09:23:25:312;0,954;13;5;27,0081;-0,6016;94,0247;3,4814;66,4063;
2026 02 03 09:23:25:314;0,954;13;5;27,0081;-0,6016;94,0247;3,4814;66,4063;
2026 02 03 09:23:25:316;0,954;13;5;27,0081;-0,6016;94,0247;3,4814;70,3125;
2026 02 03 09:23:25:318;0,954;13;5;27,0081;-0,6016;94,0247;3,4814;82,0313;
2026 02 03 09:23:25:320;0,954;13;5;27,0081;-0,6016;94,0247;3,4814;70,3125;
2026 02 03 09:23:25:322;0,954;13;5;27,0081;-0,6016;94,0247;3,4814;54,6875;
2026 02 03 09:23:25:324;0,954;13;5;27,0081;-0,6016;94,0247;3,4814;46,875;
2026 02 03 09:23:25:326;0,954;13;5;27,0081;-0,6016;94,0247;3,4814;42,9688;
2026 02 03 09:23:25:328;0,954;13;5;27,0081;-0,6016;94,0247;3,4814;62,5;
2026 02 03 09:23:25:330;0,954;13;5;27,0081;-0,6016;94,0247;3,4814;62,5;
2026 02 03 09:23:25:332;0,954;13;5;27,0081;-0,6016;94,0247;3,4814;62,5;
2026 02 03 09:23:25:334;0,954;13;5;27,0081;-0,6016;94,0247;3,4814;66,4063;
2026 02 03 09:23:25:336;0,954;13;5;27,0081;-0,6016;94,0247;3,4814;66,4063;
2026 02 03 09:23:25:338;0,954;13;5;27,0081;-0,6016;94,0247;3,4814;89,8438;
2026 02 03 09:23:25:340;0,954;13;5;27,0081;-0,6016;94,0247;3,4814;74,2188;
2026 02 03 09:23:25:342;0,954;13;5;27,0081;-0,6016;94,0247;3,4814;58,5938;
2026 02 03 09:23:25:344;0,954;13;5;27,0081;-0,6016;94,0247;3,4814;50,7813;
2026 02 03 09:23:25:346;0,954;13;5;27,0081;-0,6016;94,0247;3,4814;42,9688;
2026 02 03 09:23:25:348;0,954;13;5;27,0081;-0,6016;94,0247;3,4814;66,4063;
2026 02 03 09:23:25:350;0,954;13;5;27,0081;-0,6016;94,0247;3,4814;66,4063;
2026 02 03 09:23:25:352;0,954;13;5;27,0081;-0,6016;94,0247;3,4814;66,4063;
2026 02 03 09:23:25:354;0,954;13;5;27,0081;-0,6016;94,0247;3,4814;66,4063;
2026 02 03 09:23:25:356;0,954;13;5;27,0081;-0,6016;94,0247;3,4814;70,3125;
2026 02 03 09:23:25:358;0,954;13;5;27,0081;-0,6016;94,0247;3,4814;82,0313;
2026 02 03 09:23:25:360;0,954;13;5;27,0081;-0,6016;94,0247;3,4814;78,125;
2026 02 03 09:23:25:362;0,954;13;5;27,0081;-0,6016;94,0247;3,4814;62,5;
2026 02 03 09:23:25:364;0,954;13;5;27,0081;-0,6016;94,0247;3,4814;54,6875;
2026 02 03 09:23:25:366;0,954;13;5;27,0081;-0,6016;94,0247;3,4814;42,9688;
2026 02 03 09:23:25:368;0,954;13;5;27,0081;-0,6016;94,0247;3,4814;66,4063;
2026 02 03 09:23:25:370;0,954;13;5;27,0081;-0,6016;94,0247;3,4814;66,4063;
2026 02 03 09:23:25:372;0,954;13;5;27,0081;-0,6016;94,0247;3,4814;66,4063;
2026 02 03 09:23:25:374;0,954;13;5;27,0081;-0,6016;94,0247;3,4814;66,4063;
2026 02 03 09:23:25:376;0,954;13;5;27,0081;-0,6016;94,0247;3,4814;74,2188;
2026 02 03 09:23:25:378;0,954;13;5;27,0081;-0,6016;94,0247;3,4814;89,8438;
2026 02 03 09:23:25:380;0,954;13;5;27,0081;-0,6016;94,0247;3,4814;74,2188;
2026 02 03 09:23:25:382;0,954;13;5;27,0081;-0,6016;94,0247;3,4814;58,5938;
2026 02 03 09:23:25:384;0,954;13;5;27,0081;-0,6016;94,0247;3,4814;46,875;
2026 02 03 09:23:25:386;0,954;13;5;27,0081;-0,6016;94,0247;3,4814;42,9688;
2026 02 03 09:23:25:388;0,954;13;5;27,0081;-0,6016;94,0247;3,4814;66,4063;
2026 02 03 09:23:25:390;0,954;13;5;27,0081;-0,6016;94,0247;3,4814;66,4063;
2026 02 03 09:23:25:392;0,954;13;5;27,0081;-0,6016;94,0247;3,4814;66,4063;
2026 02 03 09:23:25:394;0,954;13;5;27,0081;-0,6016;94,0247;3,4814;66,4063;
2026 02 03 09:23:25:396;0,954;13;5;27,0081;-0,6016;94,0247;3,4814;70,3125;
2026 02 03 09:23:25:398;0,954;13;5;27,0081;-0,6016;94,0247;3,4814;89,8438;
2026 02 03 09:23:25:400;0,954;13;5;27,0081;-0,6016;94,0247;3,4814;78,125;
2026 02 03 09:23:25:402;0,954;13;5;27,0081;-0,6016;94,0247;3,4814;62,5;
2026 02 03 09:23:25:404;0,954;13;5;27,0081;-0,6016;94,0247;3,4814;54,6875;
2026 02 03 09:23:25:406;0,954;13;5;27,0081;-0,6016;94,0247;3,4814;46,875;
2026 02 03 09:23:25:408;0,954;13;5;27,0081;-0,6016;94,0247;3,4814;66,4063;
2026 02 03 09:23:25:410;0,954;13;5;27,0081;-0,6016;94,0247;3,4814;66,4063;
2026 02 03 09:23:25:412;0,954;13;5;27,0081;-0,6016;94,0247;3,4814;66,4063;
2026 02 03 09:23:25:414;0,954;13;5;27,0081;-0,6016;94,0247;3,4814;70,3125;
2026 02 03 09:23:25:416;0,954;13;5;27,0081;-0,6016;94,0247;3,4814;74,2188;
2026 02 03 09:23:25:418;0,954;13;5;27,0081;-0,6016;94,0247;3,4814;89,8438;
2026 02 03 09:23:25:420;0,954;13;5;27,0081;-0,6016;94,0247;3,4814;78,125;
2026 02 03 09:23:25:422;0,954;13;5;27,0081;-0,6016;94,0247;3,4814;62,5;
2026 02 03 09:23:25:424;0,954;13;5;27,0081;-0,6016;94,0247;3,4814;54,6875;
2026 02 03 09:23:25:426;0,954;13;5;27,0081;-0,6016;94,0247;3,4814;42,9688;
2026 02 03 09:23:25:428;0,954;13;5;27,0081;-0,6016;94,0247;3,4814;66,4063;
2026 02 03 09:23:25:430;0,954;13;5;27,0081;-0,6016;94,0247;3,4814;70,3125;
2026 02 03 09:23:25:432;0,954;13;5;27,0081;-0,6016;94,0247;3,4814;66,4063;
2026 02 03 09:23:25:434;0,954;13;5;27,0081;-0,6016;94,0247;3,4814;70,3125;
2026 02 03 09:23:25:436;0,954;13;5;27,0081;-0,6016;94,0247;3,4814;70,3125;
2026 02 03 09:23:25:438;0,954;13;5;27,0081;-0,6016;94,0247;3,4814;89,8438;
2026 02 03 09:23:25:440;0,954;13;5;27,0081;-0,6016;94,0247;3,4814;82,0313;
2026 02 03 09:23:25:442;0,954;13;5;27,0081;-0,6016;94,0247;3,4814;62,5;
2026 02 03 09:23:25:444;0,954;13;5;27,0081;-0,6016;94,0247;3,4814;50,7813;
2026 02 03 09:23:25:446;0,954;13;5;27,0081;-0,6016;94,0247;3,4814;46,875;
2026 02 03 09:23:25:448;0,954;13;5;27,0081;-0,6016;94,0247;3,4814;70,3125;
2026 02 03 09:23:25:450;0,954;13;5;27,0081;-0,6016;94,0247;3,4814;70,3125;
2026 02 03 09:23:25:452;0,954;13;5;27,0081;-0,6016;94,0247;3,4814;66,4063;
2026 02 03 09:23:25:454;0,954;13;5;27,0081;-0,6016;94,0247;3,4814;66,4063;
2026 02 03 09:23:25:456;0,954;13;5;27,0081;-0,6016;94,0247;3,4814;70,3125;
2026 02 03 09:23:25:458;0,954;13;5;27,0081;-0,6016;94,0247;3,4814;85,9375;
2026 02 03 09:23:25:460;0,954;13;5;27,0081;-0,6016;94,0247;3,4814;78,125;
2026 02 03 09:23:25:462;0,954;13;5;27,0081;-0,6016;94,0247;3,4814;66,4063;
2026 02 03 09:23:25:464;0,954;13;5;27,0081;-0,6016;94,0247;3,4814;62,5;
2026 02 03 09:23:25:466;0,954;13;5;27,0081;-0,6016;94,0247;3,4814;50,7813;
2026 02 03 09:23:25:468;0,954;13;5;27,0081;-0,6016;94,0247;3,4814;70,3125;
2026 02 03 09:23:25:470;0,954;13;5;27,0081;-0,6016;94,0247;3,4814;70,3125;
2026 02 03 09:23:25:472;0,954;13;5;27,0081;-0,6016;94,0247;3,4814;70,3125;
2026 02 03 09:23:25:474;0,954;13;5;27,0081;-0,6016;94,0247;3,4814;70,3125;
2026 02 03 09:23:25:476;0,954;13;5;27,0081;-0,6016;94,0247;3,4814;78,125;
2026 02 03 09:23:25:478;0,954;13;5;27,0081;-0,6016;94,0247;3,4814;89,8438;
2026 02 03 09:23:25:480;0,954;13;5;27,0081;-0,6016;94,0247;3,4814;78,125;
2026 02 03 09:23:25:482;0,954;13;5;27,0081;-0,6016;94,0247;3,4814;62,5;
2026 02 03 09:23:25:484;0,954;13;5;27,0081;-0,6016;94,0247;3,4814;54,6875;
2026 02 03 09:23:25:486;0,954;13;5;27,0081;-0,6016;94,0247;3,4814;50,7813;
2026 02 03 09:23:25:488;0,954;13;5;27,0081;-0,6016;94,0247;3,4814;70,3125;
2026 02 03 09:23:25:490;0,954;13;5;27,0081;-0,6016;94,0247;3,4814;70,3125;
2026 02 03 09:23:25:492;0,954;13;5;27,0081;-0,6016;94,0247;3,4814;70,3125;
2026 02 03 09:23:25:494;0,954;13;5;27,0081;-0,6016;94,0247;3,4814;70,3125;
2026 02 03 09:23:25:496;0,954;13;5;27,0081;-0,6016;94,0247;3,4814;74,2188;
2026 02 03 09:23:25:498;0,954;13;5;27,0081;-0,6016;94,0247;3,4814;89,8438;
2026 02 03 09:23:25:500;0,954;13;5;27,0081;-0,6016;94,0247;3,4814;82,0313;
2026 02 03 09:23:25:502;0,954;13;5;27,0081;-0,6016;94,0247;3,4814;62,5;
2026 02 03 09:23:25:504;0,954;13;5;27,0081;-0,6016;94,0247;3,4814;50,7813;
2026 02 03 09:23:25:506;0,954;13;5;27,0081;-0,6016;94,0247;3,4814;46,875;
2026 02 03 09:23:25:508;0,954;13;5;27,0081;-0,6016;94,0247;3,4814;70,3125;
2026 02 03 09:23:25:510;0,954;13;5;27,0081;-0,6016;94,0247;3,4814;70,3125;
2026 02 03 09:23:25:512;0,954;13;5;27,0081;-0,6016;94,0247;3,4814;70,3125;
2026 02 03 09:23:25:514;0,954;13;5;27,0081;-0,6016;94,0247;3,4814;74,2188;
2026 02 03 09:23:25:516;0,954;13;5;27,0081;-0,6016;94,0247;3,4814;78,125;
2026 02 03 09:23:25:518;0,954;13;5;27,0081;-0,6016;94,0247;3,4814;89,8438;
2026 02 03 09:23:25:520;0,407;13;3;18,9514;-0,0099;77,5757;4,0934;78,125;
2026 02 03 09:23:25:522;0,407;13;3;18,9514;-0,0099;77,5757;4,0934;58,5938;
2026 02 03 09:23:25:524;0,407;13;3;18,9514;-0,0099;77,5757;4,0934;54,6875;
2026 02 03 09:23:25:526;0,407;13;3;18,9514;-0,0099;77,5757;4,0934;46,875;
2026 02 03 09:23:25:528;0,407;13;3;18,9514;-0,0099;77,5757;4,0934;70,3125;
2026 02 03 09:23:25:530;0,407;13;3;18,9514;-0,0099;77,5757;4,0934;70,3125;
2026 02 03 09:23:25:532;0,407;13;3;18,9514;-0,0099;77,5757;4,0934;70,3125;
2026 02 03 09:23:25:534;0,407;13;3;18,9514;-0,0099;77,5757;4,0934;70,3125;
2026 02 03 09:23:25:536;0,407;13;3;18,9514;-0,0099;77,5757;4,0934;78,125;
2026 02 03 09:23:25:538;0,407;13;3;18,9514;-0,0099;77,5757;4,0934;93,75;
2026 02 03 09:23:25:540;0,407;13;3;18,9514;-0,0099;77,5757;4,0934;82,0313;
2026 02 03 09:23:25:542;0,407;13;3;18,9514;-0,0099;77,5757;4,0934;66,4063;
2026 02 03 09:23:25:544;0,407;13;3;18,9514;-0,0099;77,5757;4,0934;58,5938;
2026 02 03 09:23:25:546;0,407;13;3;18,9514;-0,0099;77,5757;4,0934;46,875;
2026 02 03 09:23:25:548;0,407;13;3;18,9514;-0,0099;77,5757;4,0934;70,3125;
2026 02 03 09:23:25:550;0,407;13;3;18,9514;-0,0099;77,5757;4,0934;74,2188;
2026 02 03 09:23:25:552;0,407;13;3;18,9514;-0,0099;77,5757;4,0934;70,3125;
2026 02 03 09:23:25:554;0,407;13;3;18,9514;-0,0099;77,5757;4,0934;70,3125;
2026 02 03 09:23:25:556;0,407;13;3;18,9514;-0,0099;77,5757;4,0934;74,2188;
2026 02 03 09:23:25:558;0,407;13;3;18,9514;-0,0099;77,5757;4,0934;89,8438;
2026 02 03 09:23:25:560;0,407;13;3;18,9514;-0,0099;77,5757;4,0934;82,0313;
2026 02 03 09:23:25:562;0,407;13;3;18,9514;-0,0099;77,5757;4,0934;66,4063;
2026 02 03 09:23:25:564;0,407;13;3;18,9514;-0,0099;77,5757;4,0934;54,6875;
2026 02 03 09:23:25:566;0,407;13;3;18,9514;-0,0099;77,5757;4,0934;46,875;
2026 02 03 09:23:25:568;0,407;13;3;18,9514;-0,0099;77,5757;4,0934;70,3125;
2026 02 03 09:23:25:570;0,407;13;3;18,9514;-0,0099;77,5757;4,0934;74,2188;
2026 02 03 09:23:25:572;0,407;13;3;18,9514;-0,0099;77,5757;4,0934;70,3125;
2026 02 03 09:23:25:574;0,407;13;3;18,9514;-0,0099;77,5757;4,0934;70,3125;
2026 02 03 09:23:25:576;0,407;13;3;18,9514;-0,0099;77,5757;4,0934;78,125;
2026 02 03 09:23:25:578;0,407;13;3;18,9514;-0,0099;77,5757;4,0934;89,8438;
2026 02 03 09:23:25:580;0,407;13;3;18,9514;-0,0099;77,5757;4,0934;78,125;
2026 02 03 09:23:25:582;0,407;13;3;18,9514;-0,0099;77,5757;4,0934;62,5;
2026 02 03 09:23:25:584;0,407;13;3;18,9514;-0,0099;77,5757;4,0934;50,7813;
2026 02 03 09:23:25:586;0,407;13;3;18,9514;-0,0099;77,5757;4,0934;46,875;
2026 02 03 09:23:25:588;0,407;13;3;18,9514;-0,0099;77,5757;4,0934;70,3125;
2026 02 03 09:23:25:590;0,407;13;3;18,9514;-0,0099;77,5757;4,0934;70,3125;
2026 02 03 09:23:25:592;0,407;13;3;18,9514;-0,0099;77,5757;4,0934;70,3125;
2026 02 03 09:23:25:594;0,407;13;3;18,9514;-0,0099;77,5757;4,0934;70,3125;
2026 02 03 09:23:25:596;0,407;13;3;18,9514;-0,0099;77,5757;4,0934;74,2188;
2026 02 03 09:23:25:598;0,407;13;3;18,9514;-0,0099;77,5757;4,0934;93,75;
2026 02 03 09:23:25:600;0,407;13;3;18,9514;-0,0099;77,5757;4,0934;82,0313;
2026 02 03 09:23:25:602;0,407;13;3;18,9514;-0,0099;77,5757;4,0934;66,4063;
2026 02 03 09:23:25:604;0,407;13;3;18,9514;-0,0099;77,5757;4,0934;58,5938;
2026 02 03 09:23:25:606;0,407;13;3;18,9514;-0,0099;77,5757;4,0934;50,7813;
2026 02 03 09:23:25:608;0,407;13;3;18,9514;-0,0099;77,5757;4,0934;70,3125;
2026 02 03 09:23:25:610;0,407;13;3;18,9514;-0,0099;77,5757;4,0934;70,3125;
2026 02 03 09:23:25:612;0,407;13;3;18,9514;-0,0099;77,5757;4,0934;74,2188;
2026 02 03 09:23:25:614;0,407;13;3;18,9514;-0,0099;77,5757;4,0934;74,2188;
2026 02 03 09:23:25:616;0,407;13;3;18,9514;-0,0099;77,5757;4,0934;78,125;
2026 02 03 09:23:25:618;0,407;13;3;18,9514;-0,0099;77,5757;4,0934;89,8438;
2026 02 03 09:23:25:620;0,407;13;3;18,9514;-0,0099;77,5757;4,0934;82,0313;
2026 02 03 09:23:25:622;0,407;13;3;18,9514;-0,0099;77,5757;4,0934;62,5;
2026 02 03 09:23:25:624;0,407;13;3;18,9514;-0,0099;77,5757;4,0934;58,5938;
2026 02 03 09:23:25:626;0,407;13;3;18,9514;-0,0099;77,5757;4,0934;46,875;
2026 02 03 09:23:25:628;0,407;13;3;18,9514;-0,0099;77,5757;4,0934;70,3125;
2026 02 03 09:23:25:630;0,407;13;3;18,9514;-0,0099;77,5757;4,0934;70,3125;
2026 02 03 09:23:25:632;0,407;13;3;18,9514;-0,0099;77,5757;4,0934;70,3125;
2026 02 03 09:23:25:634;0,407;13;3;18,9514;-0,0099;77,5757;4,0934;70,3125;
2026 02 03 09:23:25:636;0,407;13;3;18,9514;-0,0099;77,5757;4,0934;78,125;
2026 02 03 09:23:25:638;0,407;13;3;18,9514;-0,0099;77,5757;4,0934;93,75;
2026 02 03 09:23:25:640;0,407;13;3;18,9514;-0,0099;77,5757;4,0934;82,0313;
2026 02 03 09:23:25:642;0,407;13;3;18,9514;-0,0099;77,5757;4,0934;66,4063;
2026 02 03 09:23:25:644;0,407;13;3;18,9514;-0,0099;77,5757;4,0934;54,6875;
2026 02 03 09:23:25:646;0,407;13;3;18,9514;-0,0099;77,5757;4,0934;46,875;
2026 02 03 09:23:25:648;0,407;13;3;18,9514;-0,0099;77,5757;4,0934;70,3125;
2026 02 03 09:23:25:650;0,407;13;3;18,9514;-0,0099;77,5757;4,0934;70,3125;
2026 02 03 09:23:25:652;0,407;13;3;18,9514;-0,0099;77,5757;4,0934;70,3125;
2026 02 03 09:23:25:654;0,407;13;3;18,9514;-0,0099;77,5757;4,0934;74,2188;
2026 02 03 09:23:25:656;0,407;13;3;18,9514;-0,0099;77,5757;4,0934;78,125;
2026 02 03 09:23:25:658;0,407;13;3;18,9514;-0,0099;77,5757;4,0934;89,8438;
2026 02 03 09:23:25:660;0,407;13;3;18,9514;-0,0099;77,5757;4,0934;82,0313;
2026 02 03 09:23:25:662;0,407;13;3;18,9514;-0,0099;77,5757;4,0934;70,3125;
2026 02 03 09:23:25:664;0,407;13;3;18,9514;-0,0099;77,5757;4,0934;66,4063;
2026 02 03 09:23:25:666;0,407;13;3;18,9514;-0,0099;77,5757;4,0934;50,7813;
2026 02 03 09:23:25:668;0,407;13;3;18,9514;-0,0099;77,5757;4,0934;70,3125;
2026 02 03 09:23:25:670;0,407;13;3;18,9514;-0,0099;77,5757;4,0934;74,2188;
2026 02 03 09:23:25:672;0,407;13;3;18,9514;-0,0099;77,5757;4,0934;74,2188;
2026 02 03 09:23:25:674;0,407;13;3;18,9514;-0,0099;77,5757;4,0934;74,2188;
2026 02 03 09:23:25:676;0,407;13;3;18,9514;-0,0099;77,5757;4,0934;78,125;
2026 02 03 09:23:25:678;0,407;13;3;18,9514;-0,0099;77,5757;4,0934;93,75;
2026 02 03 09:23:25:680;0,407;13;3;18,9514;-0,0099;77,5757;4,0934;78,125;
2026 02 03 09:23:25:682;0,407;13;3;18,9514;-0,0099;77,5757;4,0934;66,4063;
2026 02 03 09:23:25:684;0,407;13;3;18,9514;-0,0099;77,5757;4,0934;58,5938;
2026 02 03 09:23:25:686;0,407;13;3;18,9514;-0,0099;77,5757;4,0934;42,9688;
2026 02 03 09:23:25:688;0,407;13;3;18,9514;-0,0099;77,5757;4,0934;70,3125;
2026 02 03 09:23:25:690;0,407;13;3;18,9514;-0,0099;77,5757;4,0934;74,2188;
2026 02 03 09:23:25:692;0,407;13;3;18,9514;-0,0099;77,5757;4,0934;74,2188;
2026 02 03 09:23:25:694;0,407;13;3;18,9514;-0,0099;77,5757;4,0934;70,3125;
2026 02 03 09:23:25:696;0,407;13;3;18,9514;-0,0099;77,5757;4,0934;78,125;
2026 02 03 09:23:25:698;0,407;13;3;18,9514;-0,0099;77,5757;4,0934;89,8438;
2026 02 03 09:23:25:700;0,407;13;3;18,9514;-0,0099;77,5757;4,0934;82,0313;
2026 02 03 09:23:25:702;0,407;13;3;18,9514;-0,0099;77,5757;4,0934;66,4063;
2026 02 03 09:23:25:704;0,407;13;3;18,9514;-0,0099;77,5757;4,0934;58,5938;
2026 02 03 09:23:25:706;0,407;13;3;18,9514;-0,0099;77,5757;4,0934;50,7813;
2026 02 03 09:23:25:708;0,407;13;3;18,9514;-0,0099;77,5757;4,0934;74,2188;
2026 02 03 09:23:25:710;0,407;13;3;18,9514;-0,0099;77,5757;4,0934;74,2188;
2026 02 03 09:23:25:712;0,407;13;3;18,9514;-0,0099;77,5757;4,0934;74,2188;
2026 02 03 09:23:25:714;0,407;13;3;18,9514;-0,0099;77,5757;4,0934;74,2188;
2026 02 03 09:23:25:716;0,407;13;3;18,9514;-0,0099;77,5757;4,0934;82,0313;
2026 02 03 09:23:25:718;0,407;13;3;18,9514;-0,0099;77,5757;4,0934;85,9375;
2026 02 03 09:23:25:720;0,407;13;3;18,9514;-0,0099;77,5757;4,0934;78,125;
2026 02 03 09:23:25:722;0,407;13;3;18,9514;-0,0099;77,5757;4,0934;66,4063;
2026 02 03 09:23:25:724;0,407;13;3;18,9514;-0,0099;77,5757;4,0934;58,5938;
2026 02 03 09:23:25:726;0,407;13;3;18,9514;-0,0099;77,5757;4,0934;46,875;
2026 02 03 09:23:25:728;0,407;13;3;18,9514;-0,0099;77,5757;4,0934;70,3125;
2026 02 03 09:23:25:730;0,407;13;3;18,9514;-0,0099;77,5757;4,0934;74,2188;
2026 02 03 09:23:25:732;0,407;13;3;18,9514;-0,0099;77,5757;4,0934;74,2188;
2026 02 03 09:23:25:734;0,407;13;3;18,9514;-0,0099;77,5757;4,0934;74,2188;
2026 02 03 09:23:25:736;0,407;13;3;18,9514;-0,0099;77,5757;4,0934;82,0313;
2026 02 03 09:23:25:738;0,407;13;3;18,9514;-0,0099;77,5757;4,0934;93,75;
2026 02 03 09:23:25:740;0,407;13;3;18,9514;-0,0099;77,5757;4,0934;78,125;
2026 02 03 09:23:25:742;0,407;13;3;18,9514;-0,0099;77,5757;4,0934;66,4063;
2026 02 03 09:23:25:744;0,407;13;3;18,9514;-0,0099;77,5757;4,0934;58,5938;
2026 02 03 09:23:25:746;0,407;13;3;18,9514;-0,0099;77,5757;4,0934;46,875;
2026 02 03 09:23:25:748;0,407;13;3;18,9514;-0,0099;77,5757;4,0934;74,2188;
2026 02 03 09:23:25:750;0,407;13;3;18,9514;-0,0099;77,5757;4,0934;74,2188;
2026 02 03 09:23:25:752;0,407;13;3;18,9514;-0,0099;77,5757;4,0934;70,3125;
2026 02 03 09:23:25:754;0,407;13;3;18,9514;-0,0099;77,5757;4,0934;74,2188;
2026 02 03 09:23:25:756;0,407;13;3;18,9514;-0,0099;77,5757;4,0934;82,0313;
2026 02 03 09:23:25:758;0,407;13;3;18,9514;-0,0099;77,5757;4,0934;93,75;
2026 02 03 09:23:25:760;0,407;13;3;18,9514;-0,0099;77,5757;4,0934;82,0313;
2026 02 03 09:23:25:762;0,407;13;3;18,9514;-0,0099;77,5757;4,0934;66,4063;
2026 02 03 09:23:25:764;0,407;13;3;18,9514;-0,0099;77,5757;4,0934;58,5938;
2026 02 03 09:23:25:766;0,407;13;3;18,9514;-0,0099;77,5757;4,0934;54,6875;
2026 02 03 09:23:25:768;0,407;13;3;18,9514;-0,0099;77,5757;4,0934;74,2188;
2026 02 03 09:23:25:770;0,407;13;3;18,9514;-0,0099;77,5757;4,0934;74,2188;
2026 02 03 09:23:25:772;0,407;13;3;18,9514;-0,0099;77,5757;4,0934;74,2188;
2026 02 03 09:23:25:774;0,407;13;3;18,9514;-0,0099;77,5757;4,0934;74,2188;
2026 02 03 09:23:25:776;0,407;13;3;18,9514;-0,0099;77,5757;4,0934;82,0313;
2026 02 03 09:23:25:778;0,407;13;3;18,9514;-0,0099;77,5757;4,0934;89,8438;
2026 02 03 09:23:25:780;0,407;13;3;18,9514;-0,0099;77,5757;4,0934;78,125;
2026 02 03 09:23:25:782;0,407;13;3;18,9514;-0,0099;77,5757;4,0934;62,5;
2026 02 03 09:23:25:784;0,407;13;3;18,9514;-0,0099;77,5757;4,0934;54,6875;
2026 02 03 09:23:25:786;0,407;13;3;18,9514;-0,0099;77,5757;4,0934;46,875;
2026 02 03 09:23:25:788;0,407;13;3;18,9514;-0,0099;77,5757;4,0934;74,2188;
2026 02 03 09:23:25:790;0,407;13;3;18,9514;-0,0099;77,5757;4,0934;74,2188;
2026 02 03 09:23:25:792;0,407;13;3;18,9514;-0,0099;77,5757;4,0934;74,2188;
2026 02 03 09:23:25:794;0,407;13;3;18,9514;-0,0099;77,5757;4,0934;74,2188;
2026 02 03 09:23:25:796;0,407;13;3;18,9514;-0,0099;77,5757;4,0934;82,0313;
2026 02 03 09:23:25:798;0,407;13;3;18,9514;-0,0099;77,5757;4,0934;93,75;
2026 02 03 09:23:25:800;0,407;13;3;18,9514;-0,0099;77,5757;4,0934;82,0313;
2026 02 03 09:23:25:802;0,407;13;3;18,9514;-0,0099;77,5757;4,0934;66,4063;
2026 02 03 09:23:25:804;0,407;13;3;18,9514;-0,0099;77,5757;4,0934;62,5;
2026 02 03 09:23:25:806;0,407;13;3;18,9514;-0,0099;77,5757;4,0934;50,7813;
2026 02 03 09:23:25:808;0,407;13;3;18,9514;-0,0099;77,5757;4,0934;74,2188;
2026 02 03 09:23:25:810;0,407;13;3;18,9514;-0,0099;77,5757;4,0934;74,2188;
2026 02 03 09:23:25:812;0,407;13;3;18,9514;-0,0099;77,5757;4,0934;74,2188;
2026 02 03 09:23:25:814;0,407;13;3;18,9514;-0,0099;77,5757;4,0934;74,2188;
2026 02 03 09:23:25:816;0,407;13;3;18,9514;-0,0099;77,5757;4,0934;82,0313;
2026 02 03 09:23:25:818;0,292;13;3;14,9078;0,7713;62,6526;4,2027;89,8438;
2026 02 03 09:23:25:820;0,292;13;3;14,9078;0,7713;62,6526;4,2027;82,0313;
2026 02 03 09:23:25:822;0,292;13;3;14,9078;0,7713;62,6526;4,2027;70,3125;
2026 02 03 09:23:25:824;0,292;13;3;14,9078;0,7713;62,6526;4,2027;62,5;
2026 02 03 09:23:25:826;0,292;13;3;14,9078;0,7713;62,6526;4,2027;50,7813;
2026 02 03 09:23:25:828;0,292;13;3;14,9078;0,7713;62,6526;4,2027;78,125;
2026 02 03 09:23:25:830;0,292;13;3;14,9078;0,7713;62,6526;4,2027;74,2188;
2026 02 03 09:23:25:832;0,292;13;3;14,9078;0,7713;62,6526;4,2027;74,2188;
2026 02 03 09:23:25:834;0,292;13;3;14,9078;0,7713;62,6526;4,2027;78,125;
2026 02 03 09:23:25:836;0,292;13;3;14,9078;0,7713;62,6526;4,2027;82,0313;
2026 02 03 09:23:25:838;0,292;13;3;14,9078;0,7713;62,6526;4,2027;93,75;
2026 02 03 09:23:25:840;0,292;13;3;14,9078;0,7713;62,6526;4,2027;82,0313;
2026 02 03 09:23:25:842;0,292;13;3;14,9078;0,7713;62,6526;4,2027;66,4063;
2026 02 03 09:23:25:844;0,292;13;3;14,9078;0,7713;62,6526;4,2027;58,5938;
2026 02 03 09:23:25:846;0,292;13;3;14,9078;0,7713;62,6526;4,2027;46,875;
2026 02 03 09:23:25:848;0,292;13;3;14,9078;0,7713;62,6526;4,2027;74,2188;
2026 02 03 09:23:25:850;0,292;13;3;14,9078;0,7713;62,6526;4,2027;78,125;
2026 02 03 09:23:25:852;0,292;13;3;14,9078;0,7713;62,6526;4,2027;74,2188;
2026 02 03 09:23:25:854;0,292;13;3;14,9078;0,7713;62,6526;4,2027;74,2188;
2026 02 03 09:23:25:856;0,292;13;3;14,9078;0,7713;62,6526;4,2027;82,0313;
2026 02 03 09:23:25:858;0,292;13;3;14,9078;0,7713;62,6526;4,2027;93,75;
2026 02 03 09:23:25:860;0,292;13;3;14,9078;0,7713;62,6526;4,2027;82,0313;
2026 02 03 09:23:25:862;0,292;13;3;14,9078;0,7713;62,6526;4,2027;70,3125;
2026 02 03 09:23:25:864;0,292;13;3;14,9078;0,7713;62,6526;4,2027;66,4063;
2026 02 03 09:23:25:866;0,292;13;3;14,9078;0,7713;62,6526;4,2027;50,7813;
2026 02 03 09:23:25:868;0,292;13;3;14,9078;0,7713;62,6526;4,2027;74,2188;
2026 02 03 09:23:25:870;0,292;13;3;14,9078;0,7713;62,6526;4,2027;74,2188;
2026 02 03 09:23:25:872;0,292;13;3;14,9078;0,7713;62,6526;4,2027;74,2188;
2026 02 03 09:23:25:874;0,292;13;3;14,9078;0,7713;62,6526;4,2027;74,2188;
2026 02 03 09:23:25:876;0,292;13;3;14,9078;0,7713;62,6526;4,2027;82,0313;
2026 02 03 09:23:25:878;0,292;13;3;14,9078;0,7713;62,6526;4,2027;93,75;
2026 02 03 09:23:25:880;0,292;13;3;14,9078;0,7713;62,6526;4,2027;82,0313;
2026 02 03 09:23:25:882;0,292;13;3;14,9078;0,7713;62,6526;4,2027;66,4063;
2026 02 03 09:23:25:884;0,292;13;3;14,9078;0,7713;62,6526;4,2027;62,5;
2026 02 03 09:23:25:886;0,292;13;3;14,9078;0,7713;62,6526;4,2027;46,875;
2026 02 03 09:23:25:888;0,292;13;3;14,9078;0,7713;62,6526;4,2027;74,2188;
2026 02 03 09:23:25:890;0,292;13;3;14,9078;0,7713;62,6526;4,2027;74,2188;
2026 02 03 09:23:25:892;0,292;13;3;14,9078;0,7713;62,6526;4,2027;74,2188;
2026 02 03 09:23:25:894;0,292;13;3;14,9078;0,7713;62,6526;4,2027;74,2188;
2026 02 03 09:23:25:896;0,292;13;3;14,9078;0,7713;62,6526;4,2027;85,9375;
2026 02 03 09:23:25:898;0,292;13;3;14,9078;0,7713;62,6526;4,2027;93,75;
2026 02 03 09:23:25:900;0,292;13;3;14,9078;0,7713;62,6526;4,2027;82,0313;
2026 02 03 09:23:25:902;0,292;13;3;14,9078;0,7713;62,6526;4,2027;66,4063;
2026 02 03 09:23:25:904;0,292;13;3;14,9078;0,7713;62,6526;4,2027;58,5938;
2026 02 03 09:23:25:906;0,292;13;3;14,9078;0,7713;62,6526;4,2027;46,875;
2026 02 03 09:23:25:908;0,292;13;3;14,9078;0,7713;62,6526;4,2027;74,2188;
2026 02 03 09:23:25:910;0,292;13;3;14,9078;0,7713;62,6526;4,2027;74,2188;
2026 02 03 09:23:25:912;0,292;13;3;14,9078;0,7713;62,6526;4,2027;74,2188;
2026 02 03 09:23:25:914;0,292;13;3;14,9078;0,7713;62,6526;4,2027;74,2188;
2026 02 03 09:23:25:916;0,292;13;3;14,9078;0,7713;62,6526;4,2027;82,0313;
2026 02 03 09:23:25:918;0,292;13;3;14,9078;0,7713;62,6526;4,2027;89,8438;
2026 02 03 09:23:25:920;0,292;13;3;14,9078;0,7713;62,6526;4,2027;82,0313;
2026 02 03 09:23:25:922;0,292;13;3;14,9078;0,7713;62,6526;4,2027;70,3125;
2026 02 03 09:23:25:924;0,292;13;3;14,9078;0,7713;62,6526;4,2027;62,5;
2026 02 03 09:23:25:926;0,292;13;3;14,9078;0,7713;62,6526;4,2027;50,7813;
2026 02 03 09:23:25:928;0,292;13;3;14,9078;0,7713;62,6526;4,2027;74,2188;
2026 02 03 09:23:25:930;0,292;13;3;14,9078;0,7713;62,6526;4,2027;74,2188;
2026 02 03 09:23:25:932;0,292;13;3;14,9078;0,7713;62,6526;4,2027;74,2188;
2026 02 03 09:23:25:934;0,292;13;3;14,9078;0,7713;62,6526;4,2027;74,2188;
2026 02 03 09:23:25:936;0,292;13;3;14,9078;0,7713;62,6526;4,2027;82,0313;
2026 02 03 09:23:25:938;0,292;13;3;14,9078;0,7713;62,6526;4,2027;93,75;
2026 02 03 09:23:25:940;0,292;13;3;14,9078;0,7713;62,6526;4,2027;82,0313;
2026 02 03 09:23:25:942;0,292;13;3;14,9078;0,7713;62,6526;4,2027;66,4063;
2026 02 03 09:23:25:944;0,292;13;3;14,9078;0,7713;62,6526;4,2027;58,5938;
2026 02 03 09:23:25:946;0,292;13;3;14,9078;0,7713;62,6526;4,2027;42,9688;
2026 02 03 09:23:25:948;0,292;13;3;14,9078;0,7713;62,6526;4,2027;74,2188;
2026 02 03 09:23:25:950;0,292;13;3;14,9078;0,7713;62,6526;4,2027;74,2188;
2026 02 03 09:23:25:952;0,292;13;3;14,9078;0,7713;62,6526;4,2027;74,2188;
2026 02 03 09:23:25:954;0,292;13;3;14,9078;0,7713;62,6526;4,2027;74,2188;
2026 02 03 09:23:25:956;0,292;13;3;14,9078;0,7713;62,6526;4,2027;82,0313;
2026 02 03 09:23:25:958;0,292;13;3;14,9078;0,7713;62,6526;4,2027;93,75;
2026 02 03 09:23:25:960;0,292;13;3;14,9078;0,7713;62,6526;4,2027;82,0313;
2026 02 03 09:23:25:962;0,292;13;3;14,9078;0,7713;62,6526;4,2027;70,3125;
2026 02 03 09:23:25:964;0,292;13;3;14,9078;0,7713;62,6526;4,2027;58,5938;
2026 02 03 09:23:25:966;0,292;13;3;14,9078;0,7713;62,6526;4,2027;46,875;
2026 02 03 09:23:25:968;0,292;13;3;14,9078;0,7713;62,6526;4,2027;74,2188;
2026 02 03 09:23:25:970;0,292;13;3;14,9078;0,7713;62,6526;4,2027;74,2188;
2026 02 03 09:23:25:972;0,292;13;3;14,9078;0,7713;62,6526;4,2027;74,2188;
2026 02 03 09:23:25:974;0,292;13;3;14,9078;0,7713;62,6526;4,2027;74,2188;
2026 02 03 09:23:25:976;0,292;13;3;14,9078;0,7713;62,6526;4,2027;82,0313;
2026 02 03 09:23:25:978;0,292;13;3;14,9078;0,7713;62,6526;4,2027;89,8438;
2026 02 03 09:23:25:980;0,292;13;3;14,9078;0,7713;62,6526;4,2027;82,0313;
2026 02 03 09:23:25:982;0,292;13;3;14,9078;0,7713;62,6526;4,2027;62,5;
2026 02 03 09:23:25:984;0,292;13;3;14,9078;0,7713;62,6526;4,2027;54,6875;
2026 02 03 09:23:25:986;0,292;13;3;14,9078;0,7713;62,6526;4,2027;46,875;
2026 02 03 09:23:25:988;0,292;13;3;14,9078;0,7713;62,6526;4,2027;74,2188;
2026 02 03 09:23:25:990;0,292;13;3;14,9078;0,7713;62,6526;4,2027;74,2188;
2026 02 03 09:23:25:992;0,292;13;3;14,9078;0,7713;62,6526;4,2027;74,2188;
2026 02 03 09:23:25:994;0,292;13;3;14,9078;0,7713;62,6526;4,2027;74,2188;
2026 02 03 09:23:25:996;0,292;13;3;14,9078;0,7713;62,6526;4,2027;82,0313;
2026 02 03 09:23:25:998;0,292;13;3;14,9078;0,7713;62,6526;4,2027;97,6563;
2026 02 03 09:23:26:000;0,292;13;3;14,9078;0,7713;62,6526;4,2027;82,0313;
2026 02 03 09:23:26:002;0,292;13;3;14,9078;0,7713;62,6526;4,2027;66,4063;
2026 02 03 09:23:26:004;0,292;13;3;14,9078;0,7713;62,6526;4,2027;58,5938;
2026 02 03 09:23:26:006;0,292;13;3;14,9078;0,7713;62,6526;4,2027;50,7813;
2026 02 03 09:23:26:008;0,292;13;3;14,9078;0,7713;62,6526;4,2027;74,2188;
2026 02 03 09:23:26:010;0,292;13;3;14,9078;0,7713;62,6526;4,2027;74,2188;
2026 02 03 09:23:26:012;0,292;13;3;14,9078;0,7713;62,6526;4,2027;74,2188;
2026 02 03 09:23:26:014;0,292;13;3;14,9078;0,7713;62,6526;4,2027;74,2188;
2026 02 03 09:23:26:016;0,292;13;3;14,9078;0,7713;62,6526;4,2027;82,0313;
2026 02 03 09:23:26:018;0,292;13;3;14,9078;0,7713;62,6526;4,2027;89,8438;
2026 02 03 09:23:26:020;0,292;13;3;14,9078;0,7713;62,6526;4,2027;82,0313;
2026 02 03 09:23:26:022;0,292;13;3;14,9078;0,7713;62,6526;4,2027;66,4063;
2026 02 03 09:23:26:024;0,292;13;3;14,9078;0,7713;62,6526;4,2027;62,5;
2026 02 03 09:23:26:026;0,292;13;3;14,9078;0,7713;62,6526;4,2027;46,875;
2026 02 03 09:23:26:028;0,292;13;3;14,9078;0,7713;62,6526;4,2027;74,2188;
2026 02 03 09:23:26:030;0,292;13;3;14,9078;0,7713;62,6526;4,2027;74,2188;
2026 02 03 09:23:26:032;0,292;13;3;14,9078;0,7713;62,6526;4,2027;74,2188;
2026 02 03 09:23:26:034;0,292;13;3;14,9078;0,7713;62,6526;4,2027;74,2188;
2026 02 03 09:23:26:036;0,292;13;3;14,9078;0,7713;62,6526;4,2027;82,0313;
2026 02 03 09:23:26:038;0,292;13;3;14,9078;0,7713;62,6526;4,2027;93,75;
2026 02 03 09:23:26:040;0,292;13;3;14,9078;0,7713;62,6526;4,2027;82,0313;
2026 02 03 09:23:26:042;0,292;13;3;14,9078;0,7713;62,6526;4,2027;66,4063;
2026 02 03 09:23:26:044;0,292;13;3;14,9078;0,7713;62,6526;4,2027;58,5938;
2026 02 03 09:23:26:046;0,292;13;3;14,9078;0,7713;62,6526;4,2027;46,875;
2026 02 03 09:23:26:048;0,292;13;3;14,9078;0,7713;62,6526;4,2027;74,2188;
2026 02 03 09:23:26:050;0,292;13;3;14,9078;0,7713;62,6526;4,2027;78,125;
2026 02 03 09:23:26:052;0,292;13;3;14,9078;0,7713;62,6526;4,2027;74,2188;
2026 02 03 09:23:26:054;0,292;13;3;14,9078;0,7713;62,6526;4,2027;74,2188;
2026 02 03 09:23:26:056;0,292;13;3;14,9078;0,7713;62,6526;4,2027;85,9375;
2026 02 03 09:23:26:058;0,292;13;3;14,9078;0,7713;62,6526;4,2027;93,75;
2026 02 03 09:23:26:060;0,292;13;3;14,9078;0,7713;62,6526;4,2027;85,9375;
2026 02 03 09:23:26:062;0,292;13;3;14,9078;0,7713;62,6526;4,2027;70,3125;
2026 02 03 09:23:26:064;0,292;13;3;14,9078;0,7713;62,6526;4,2027;66,4063;
2026 02 03 09:23:26:066;0,292;13;3;14,9078;0,7713;62,6526;4,2027;50,7813;
2026 02 03 09:23:26:068;0,292;13;3;14,9078;0,7713;62,6526;4,2027;74,2188;
2026 02 03 09:23:26:070;0,292;13;3;14,9078;0,7713;62,6526;4,2027;74,2188;
2026 02 03 09:23:26:072;0,292;13;3;14,9078;0,7713;62,6526;4,2027;74,2188;
2026 02 03 09:23:26:074;0,292;13;3;14,9078;0,7713;62,6526;4,2027;74,2188;
2026 02 03 09:23:26:076;0,292;13;3;14,9078;0,7713;62,6526;4,2027;82,0313;
2026 02 03 09:23:26:078;0,292;13;3;14,9078;0,7713;62,6526;4,2027;93,75;
2026 02 03 09:23:26:080;0,292;13;3;14,9078;0,7713;62,6526;4,2027;85,9375;
2026 02 03 09:23:26:082;0,292;13;3;14,9078;0,7713;62,6526;4,2027;66,4063;
2026 02 03 09:23:26:084;0,292;13;3;14,9078;0,7713;62,6526;4,2027;62,5;
2026 02 03 09:23:26:086;0,292;13;3;14,9078;0,7713;62,6526;4,2027;46,875;
2026 02 03 09:23:26:088;0,292;13;3;14,9078;0,7713;62,6526;4,2027;74,2188;
2026 02 03 09:23:26:090;0,292;13;3;14,9078;0,7713;62,6526;4,2027;74,2188;
2026 02 03 09:23:26:092;0,292;13;3;14,9078;0,7713;62,6526;4,2027;74,2188;
2026 02 03 09:23:26:094;0,292;13;3;14,9078;0,7713;62,6526;4,2027;74,2188;
2026 02 03 09:23:26:096;0,292;13;3;14,9078;0,7713;62,6526;4,2027;85,9375;
2026 02 03 09:23:26:098;0,292;13;3;14,9078;0,7713;62,6526;4,2027;89,8438;
2026 02 03 09:23:26:100;0,292;13;3;14,9078;0,7713;62,6526;4,2027;85,9375;
2026 02 03 09:23:26:102;0,292;13;3;14,9078;0,7713;62,6526;4,2027;66,4063;
2026 02 03 09:23:26:104;0,292;13;3;14,9078;0,7713;62,6526;4,2027;58,5938;
2026 02 03 09:23:26:106;0,292;13;3;14,9078;0,7713;62,6526;4,2027;42,9688;
2026 02 03 09:23:26:108;0,292;13;3;14,9078;0,7713;62,6526;4,2027;74,2188;
2026 02 03 09:23:26:110;0,292;13;3;14,9078;0,7713;62,6526;4,2027;74,2188;
2026 02 03 09:23:26:112;0,292;13;3;14,9078;0,7713;62,6526;4,2027;74,2188;
2026 02 03 09:23:26:114;0,292;13;3;14,9078;0,7713;62,6526;4,2027;74,2188;
2026 02 03 09:23:26:116;0,292;13;3;14,9078;0,7713;62,6526;4,2027;85,9375;
2026 02 03 09:23:26:118;0,292;13;3;14,9078;0,7713;62,6526;4,2027;89,8438;
2026 02 03 09:23:26:120;0,293;13;3;13,2751;1,2744;57,8156;4,3552;85,9375;
2026 02 03 09:23:26:122;0,293;13;3;13,2751;1,2744;57,8156;4,3552;70,3125;
2026 02 03 09:23:26:124;0,293;13;3;13,2751;1,2744;57,8156;4,3552;70,3125;
2026 02 03 09:23:26:126;0,293;13;3;13,2751;1,2744;57,8156;4,3552;46,875;
2026 02 03 09:23:26:128;0,293;13;3;13,2751;1,2744;57,8156;4,3552;74,2188;
2026 02 03 09:23:26:130;0,293;13;3;13,2751;1,2744;57,8156;4,3552;78,125;
2026 02 03 09:23:26:132;0,293;13;3;13,2751;1,2744;57,8156;4,3552;78,125;
2026 02 03 09:23:26:134;0,293;13;3;13,2751;1,2744;57,8156;4,3552;78,125;
2026 02 03 09:23:26:136;0,293;13;3;13,2751;1,2744;57,8156;4,3552;85,9375;
2026 02 03 09:23:26:138;0,293;13;3;13,2751;1,2744;57,8156;4,3552;93,75;
2026 02 03 09:23:26:140;0,293;13;3;13,2751;1,2744;57,8156;4,3552;85,9375;
2026 02 03 09:23:26:142;0,293;13;3;13,2751;1,2744;57,8156;4,3552;66,4063;
2026 02 03 09:23:26:144;0,293;13;3;13,2751;1,2744;57,8156;4,3552;62,5;
2026 02 03 09:23:26:146;0,293;13;3;13,2751;1,2744;57,8156;4,3552;46,875;
2026 02 03 09:23:26:148;0,293;13;3;13,2751;1,2744;57,8156;4,3552;74,2188;
2026 02 03 09:23:26:150;0,293;13;3;13,2751;1,2744;57,8156;4,3552;74,2188;
2026 02 03 09:23:26:152;0,293;13;3;13,2751;1,2744;57,8156;4,3552;78,125;
2026 02 03 09:23:26:154;0,293;13;3;13,2751;1,2744;57,8156;4,3552;78,125;
2026 02 03 09:23:26:156;0,293;13;3;13,2751;1,2744;57,8156;4,3552;85,9375;
2026 02 03 09:23:26:158;0,293;13;3;13,2751;1,2744;57,8156;4,3552;93,75;
2026 02 03 09:23:26:160;0,293;13;3;13,2751;1,2744;57,8156;4,3552;85,9375;
2026 02 03 09:23:26:162;0,293;13;3;13,2751;1,2744;57,8156;4,3552;70,3125;
2026 02 03 09:23:26:164;0,293;13;3;13,2751;1,2744;57,8156;4,3552;58,5938;
2026 02 03 09:23:26:166;0,293;13;3;13,2751;1,2744;57,8156;4,3552;46,875;
2026 02 03 09:23:26:168;0,293;13;3;13,2751;1,2744;57,8156;4,3552;74,2188;
2026 02 03 09:23:26:170;0,293;13;3;13,2751;1,2744;57,8156;4,3552;74,2188;
2026 02 03 09:23:26:172;0,293;13;3;13,2751;1,2744;57,8156;4,3552;74,2188;
2026 02 03 09:23:26:174;0,293;13;3;13,2751;1,2744;57,8156;4,3552;74,2188;
2026 02 03 09:23:26:176;0,293;13;3;13,2751;1,2744;57,8156;4,3552;85,9375;
2026 02 03 09:23:26:178;0,293;13;3;13,2751;1,2744;57,8156;4,3552;89,8438;
2026 02 03 09:23:26:180;0,293;13;3;13,2751;1,2744;57,8156;4,3552;82,0313;
2026 02 03 09:23:26:182;0,293;13;3;13,2751;1,2744;57,8156;4,3552;62,5;
2026 02 03 09:23:26:184;0,293;13;3;13,2751;1,2744;57,8156;4,3552;54,6875;
2026 02 03 09:23:26:186;0,293;13;3;13,2751;1,2744;57,8156;4,3552;42,9688;
2026 02 03 09:23:26:188;0,293;13;3;13,2751;1,2744;57,8156;4,3552;74,2188;
2026 02 03 09:23:26:190;0,293;13;3;13,2751;1,2744;57,8156;4,3552;74,2188;
2026 02 03 09:23:26:192;0,293;13;3;13,2751;1,2744;57,8156;4,3552;74,2188;
2026 02 03 09:23:26:194;0,293;13;3;13,2751;1,2744;57,8156;4,3552;74,2188;
2026 02 03 09:23:26:196;0,293;13;3;13,2751;1,2744;57,8156;4,3552;82,0313;
2026 02 03 09:23:26:198;0,293;13;3;13,2751;1,2744;57,8156;4,3552;93,75;
2026 02 03 09:23:26:200;0,293;13;3;13,2751;1,2744;57,8156;4,3552;85,9375;
2026 02 03 09:23:26:202;0,293;13;3;13,2751;1,2744;57,8156;4,3552;66,4063;
2026 02 03 09:23:26:204;0,293;13;3;13,2751;1,2744;57,8156;4,3552;58,5938;
2026 02 03 09:23:26:206;0,293;13;3;13,2751;1,2744;57,8156;4,3552;42,9688;
2026 02 03 09:23:26:208;0,293;13;3;13,2751;1,2744;57,8156;4,3552;74,2188;
2026 02 03 09:23:26:210;0,293;13;3;13,2751;1,2744;57,8156;4,3552;78,125;
2026 02 03 09:23:26:212;0,293;13;3;13,2751;1,2744;57,8156;4,3552;74,2188;
2026 02 03 09:23:26:214;0,293;13;3;13,2751;1,2744;57,8156;4,3552;74,2188;
2026 02 03 09:23:26:216;0,293;13;3;13,2751;1,2744;57,8156;4,3552;82,0313;
2026 02 03 09:23:26:218;0,293;13;3;13,2751;1,2744;57,8156;4,3552;93,75;
2026 02 03 09:23:26:220;0,293;13;3;13,2751;1,2744;57,8156;4,3552;85,9375;
2026 02 03 09:23:26:222;0,293;13;3;13,2751;1,2744;57,8156;4,3552;66,4063;
2026 02 03 09:23:26:224;0,293;13;3;13,2751;1,2744;57,8156;4,3552;58,5938;
2026 02 03 09:23:26:226;0,293;13;3;13,2751;1,2744;57,8156;4,3552;46,875;
2026 02 03 09:23:26:228;0,293;13;3;13,2751;1,2744;57,8156;4,3552;74,2188;
2026 02 03 09:23:26:230;0,293;13;3;13,2751;1,2744;57,8156;4,3552;74,2188;
2026 02 03 09:23:26:232;0,293;13;3;13,2751;1,2744;57,8156;4,3552;74,2188;
2026 02 03 09:23:26:234;0,293;13;3;13,2751;1,2744;57,8156;4,3552;74,2188;
2026 02 03 09:23:26:236;0,293;13;3;13,2751;1,2744;57,8156;4,3552;85,9375;
2026 02 03 09:23:26:238;0,293;13;3;13,2751;1,2744;57,8156;4,3552;93,75;
2026 02 03 09:23:26:240;0,293;13;3;13,2751;1,2744;57,8156;4,3552;85,9375;
2026 02 03 09:23:26:242;0,293;13;3;13,2751;1,2744;57,8156;4,3552;62,5;
2026 02 03 09:23:26:244;0,293;13;3;13,2751;1,2744;57,8156;4,3552;54,6875;
2026 02 03 09:23:26:246;0,293;13;3;13,2751;1,2744;57,8156;4,3552;42,9688;
2026 02 03 09:23:26:248;0,293;13;3;13,2751;1,2744;57,8156;4,3552;74,2188;
2026 02 03 09:23:26:250;0,293;13;3;13,2751;1,2744;57,8156;4,3552;74,2188;
2026 02 03 09:23:26:252;0,293;13;3;13,2751;1,2744;57,8156;4,3552;74,2188;
2026 02 03 09:23:26:254;0,293;13;3;13,2751;1,2744;57,8156;4,3552;74,2188;
2026 02 03 09:23:26:256;0,293;13;3;13,2751;1,2744;57,8156;4,3552;85,9375;
2026 02 03 09:23:26:258;0,293;13;3;13,2751;1,2744;57,8156;4,3552;93,75;
2026 02 03 09:23:26:260;0,293;13;3;13,2751;1,2744;57,8156;4,3552;85,9375;
2026 02 03 09:23:26:262;0,293;13;3;13,2751;1,2744;57,8156;4,3552;70,3125;
2026 02 03 09:23:26:264;0,293;13;3;13,2751;1,2744;57,8156;4,3552;62,5;
2026 02 03 09:23:26:266;0,293;13;3;13,2751;1,2744;57,8156;4,3552;42,9688;
2026 02 03 09:23:26:268;0,293;13;3;13,2751;1,2744;57,8156;4,3552;74,2188;
2026 02 03 09:23:26:270;0,293;13;3;13,2751;1,2744;57,8156;4,3552;74,2188;
2026 02 03 09:23:26:272;0,293;13;3;13,2751;1,2744;57,8156;4,3552;74,2188;
2026 02 03 09:23:26:274;0,293;13;3;13,2751;1,2744;57,8156;4,3552;74,2188;
2026 02 03 09:23:26:276;0,293;13;3;13,2751;1,2744;57,8156;4,3552;82,0313;
2026 02 03 09:23:26:278;0,293;13;3;13,2751;1,2744;57,8156;4,3552;89,8438;
2026 02 03 09:23:26:280;0,293;13;3;13,2751;1,2744;57,8156;4,3552;85,9375;
2026 02 03 09:23:26:282;0,293;13;3;13,2751;1,2744;57,8156;4,3552;66,4063;
2026 02 03 09:23:26:284;0,293;13;3;13,2751;1,2744;57,8156;4,3552;58,5938;
2026 02 03 09:23:26:286;0,293;13;3;13,2751;1,2744;57,8156;4,3552;42,9688;
2026 02 03 09:23:26:288;0,293;13;3;13,2751;1,2744;57,8156;4,3552;74,2188;
2026 02 03 09:23:26:290;0,293;13;3;13,2751;1,2744;57,8156;4,3552;74,2188;
2026 02 03 09:23:26:292;0,293;13;3;13,2751;1,2744;57,8156;4,3552;74,2188;
2026 02 03 09:23:26:294;0,293;13;3;13,2751;1,2744;57,8156;4,3552;74,2188;
2026 02 03 09:23:26:296;0,293;13;3;13,2751;1,2744;57,8156;4,3552;85,9375;
2026 02 03 09:23:26:298;0,293;13;3;13,2751;1,2744;57,8156;4,3552;89,8438;
2026 02 03 09:23:26:300;0,293;13;3;13,2751;1,2744;57,8156;4,3552;85,9375;
2026 02 03 09:23:26:302;0,293;13;3;13,2751;1,2744;57,8156;4,3552;66,4063;
2026 02 03 09:23:26:304;0,293;13;3;13,2751;1,2744;57,8156;4,3552;58,5938;
2026 02 03 09:23:26:306;0,293;13;3;13,2751;1,2744;57,8156;4,3552;42,9688;
2026 02 03 09:23:26:308;0,293;13;3;13,2751;1,2744;57,8156;4,3552;74,2188;
2026 02 03 09:23:26:310;0,293;13;3;13,2751;1,2744;57,8156;4,3552;74,2188;
2026 02 03 09:23:26:312;0,293;13;3;13,2751;1,2744;57,8156;4,3552;74,2188;
2026 02 03 09:23:26:314;0,293;13;3;13,2751;1,2744;57,8156;4,3552;74,2188;
2026 02 03 09:23:26:316;0,293;13;3;13,2751;1,2744;57,8156;4,3552;85,9375;
2026 02 03 09:23:26:318;0,293;13;3;13,2751;1,2744;57,8156;4,3552;89,8438;
2026 02 03 09:23:26:320;0,293;13;3;13,2751;1,2744;57,8156;4,3552;85,9375;
2026 02 03 09:23:26:322;0,293;13;3;13,2751;1,2744;57,8156;4,3552;70,3125;
2026 02 03 09:23:26:324;0,293;13;3;13,2751;1,2744;57,8156;4,3552;66,4063;
2026 02 03 09:23:26:326;0,293;13;3;13,2751;1,2744;57,8156;4,3552;54,6875;
2026 02 03 09:23:26:328;0,293;13;3;13,2751;1,2744;57,8156;4,3552;74,2188;
2026 02 03 09:23:26:330;0,293;13;3;13,2751;1,2744;57,8156;4,3552;74,2188;
2026 02 03 09:23:26:332;0,293;13;3;13,2751;1,2744;57,8156;4,3552;74,2188;
2026 02 03 09:23:26:334;0,293;13;3;13,2751;1,2744;57,8156;4,3552;74,2188;
2026 02 03 09:23:26:336;0,293;13;3;13,2751;1,2744;57,8156;4,3552;82,0313;
2026 02 03 09:23:26:338;0,293;13;3;13,2751;1,2744;57,8156;4,3552;89,8438;
2026 02 03 09:23:26:340;0,293;13;3;13,2751;1,2744;57,8156;4,3552;85,9375;
2026 02 03 09:23:26:342;0,293;13;3;13,2751;1,2744;57,8156;4,3552;66,4063;
2026 02 03 09:23:26:344;0,293;13;3;13,2751;1,2744;57,8156;4,3552;58,5938;
2026 02 03 09:23:26:346;0,293;13;3;13,2751;1,2744;57,8156;4,3552;50,7813;
2026 02 03 09:23:26:348;0,293;13;3;13,2751;1,2744;57,8156;4,3552;74,2188;
2026 02 03 09:23:26:350;0,293;13;3;13,2751;1,2744;57,8156;4,3552;74,2188;
2026 02 03 09:23:26:352;0,293;13;3;13,2751;1,2744;57,8156;4,3552;74,2188;
2026 02 03 09:23:26:354;0,293;13;3;13,2751;1,2744;57,8156;4,3552;74,2188;
2026 02 03 09:23:26:356;0,293;13;3;13,2751;1,2744;57,8156;4,3552;85,9375;
2026 02 03 09:23:26:358;0,293;13;3;13,2751;1,2744;57,8156;4,3552;93,75;
2026 02 03 09:23:26:360;0,293;13;3;13,2751;1,2744;57,8156;4,3552;85,9375;
2026 02 03 09:23:26:362;0,293;13;3;13,2751;1,2744;57,8156;4,3552;66,4063;
2026 02 03 09:23:26:364;0,293;13;3;13,2751;1,2744;57,8156;4,3552;58,5938;
2026 02 03 09:23:26:366;0,293;13;3;13,2751;1,2744;57,8156;4,3552;42,9688;
2026 02 03 09:23:26:368;0,293;13;3;13,2751;1,2744;57,8156;4,3552;74,2188;
2026 02 03 09:23:26:370;0,293;13;3;13,2751;1,2744;57,8156;4,3552;74,2188;
2026 02 03 09:23:26:372;0,293;13;3;13,2751;1,2744;57,8156;4,3552;74,2188;
2026 02 03 09:23:26:374;0,293;13;3;13,2751;1,2744;57,8156;4,3552;74,2188;
2026 02 03 09:23:26:376;0,293;13;3;13,2751;1,2744;57,8156;4,3552;85,9375;
2026 02 03 09:23:26:378;0,293;13;3;13,2751;1,2744;57,8156;4,3552;89,8438;
2026 02 03 09:23:26:380;0,293;13;3;13,2751;1,2744;57,8156;4,3552;82,0313;
2026 02 03 09:23:26:382;0,293;13;3;13,2751;1,2744;57,8156;4,3552;62,5;
2026 02 03 09:23:26:384;0,293;13;3;13,2751;1,2744;57,8156;4,3552;58,5938;
2026 02 03 09:23:26:386;0,293;13;3;13,2751;1,2744;57,8156;4,3552;50,7813;
2026 02 03 09:23:26:388;0,293;13;3;13,2751;1,2744;57,8156;4,3552;74,2188;
2026 02 03 09:23:26:390;0,293;13;3;13,2751;1,2744;57,8156;4,3552;74,2188;
2026 02 03 09:23:26:392;0,293;13;3;13,2751;1,2744;57,8156;4,3552;74,2188;
2026 02 03 09:23:26:394;0,293;13;3;13,2751;1,2744;57,8156;4,3552;74,2188;
2026 02 03 09:23:26:396;0,293;13;3;13,2751;1,2744;57,8156;4,3552;85,9375;
2026 02 03 09:23:26:398;0,293;13;3;13,2751;1,2744;57,8156;4,3552;93,75;
2026 02 03 09:23:26:400;0,293;13;3;13,2751;1,2744;57,8156;4,3552;82,0313;
2026 02 03 09:23:26:402;0,293;13;3;13,2751;1,2744;57,8156;4,3552;62,5;
2026 02 03 09:23:26:404;0,293;13;3;13,2751;1,2744;57,8156;4,3552;58,5938;
2026 02 03 09:23:26:406;0,293;13;3;13,2751;1,2744;57,8156;4,3552;54,6875;
2026 02 03 09:23:26:408;0,293;13;3;13,2751;1,2744;57,8156;4,3552;74,2188;
2026 02 03 09:23:26:410;0,293;13;3;13,2751;1,2744;57,8156;4,3552;74,2188;
2026 02 03 09:23:26:412;0,293;13;3;13,2751;1,2744;57,8156;4,3552;74,2188;
2026 02 03 09:23:26:414;0,293;13;3;13,2751;1,2744;57,8156;4,3552;74,2188;
2026 02 03 09:23:26:416;0,293;13;3;13,2751;1,2744;57,8156;4,3552;85,9375;
2026 02 03 09:23:26:418;0,292;13;3;12,8021;1,4204;54,6722;4,2706;93,75;
2026 02 03 09:23:26:420;0,292;13;3;12,8021;1,4204;54,6722;4,2706;85,9375;
2026 02 03 09:23:26:422;0,292;13;3;12,8021;1,4204;54,6722;4,2706;66,4063;
2026 02 03 09:23:26:424;0,292;13;3;12,8021;1,4204;54,6722;4,2706;58,5938;
2026 02 03 09:23:26:426;0,292;13;3;12,8021;1,4204;54,6722;4,2706;42,9688;
2026 02 03 09:23:26:428;0,292;13;3;12,8021;1,4204;54,6722;4,2706;74,2188;
2026 02 03 09:23:26:430;0,292;13;3;12,8021;1,4204;54,6722;4,2706;74,2188;
2026 02 03 09:23:26:432;0,292;13;3;12,8021;1,4204;54,6722;4,2706;74,2188;
2026 02 03 09:23:26:434;0,292;13;3;12,8021;1,4204;54,6722;4,2706;74,2188;
2026 02 03 09:23:26:436;0,292;13;3;12,8021;1,4204;54,6722;4,2706;85,9375;
2026 02 03 09:23:26:438;0,292;13;3;12,8021;1,4204;54,6722;4,2706;89,8438;
2026 02 03 09:23:26:440;0,292;13;3;12,8021;1,4204;54,6722;4,2706;82,0313;
2026 02 03 09:23:26:442;0,292;13;3;12,8021;1,4204;54,6722;4,2706;62,5;
2026 02 03 09:23:26:444;0,292;13;3;12,8021;1,4204;54,6722;4,2706;54,6875;
2026 02 03 09:23:26:446;0,292;13;3;12,8021;1,4204;54,6722;4,2706;42,9688;
2026 02 03 09:23:26:448;0,292;13;3;12,8021;1,4204;54,6722;4,2706;74,2188;
2026 02 03 09:23:26:450;0,292;13;3;12,8021;1,4204;54,6722;4,2706;74,2188;
2026 02 03 09:23:26:452;0,292;13;3;12,8021;1,4204;54,6722;4,2706;78,125;
2026 02 03 09:23:26:454;0,292;13;3;12,8021;1,4204;54,6722;4,2706;74,2188;
2026 02 03 09:23:26:456;0,292;13;3;12,8021;1,4204;54,6722;4,2706;85,9375;
2026 02 03 09:23:26:458;0,292;13;3;12,8021;1,4204;54,6722;4,2706;97,6563;
2026 02 03 09:23:26:460;0,292;13;3;12,8021;1,4204;54,6722;4,2706;85,9375;
2026 02 03 09:23:26:462;0,292;13;3;12,8021;1,4204;54,6722;4,2706;66,4063;
2026 02 03 09:23:26:464;0,292;13;3;12,8021;1,4204;54,6722;4,2706;58,5938;
2026 02 03 09:23:26:466;0,292;13;3;12,8021;1,4204;54,6722;4,2706;39,0625;
2026 02 03 09:23:26:468;0,292;13;3;12,8021;1,4204;54,6722;4,2706;70,3125;
2026 02 03 09:23:26:470;0,292;13;3;12,8021;1,4204;54,6722;4,2706;74,2188;
2026 02 03 09:23:26:472;0,292;13;3;12,8021;1,4204;54,6722;4,2706;74,2188;
2026 02 03 09:23:26:474;0,292;13;3;12,8021;1,4204;54,6722;4,2706;74,2188;
2026 02 03 09:23:26:476;0,292;13;3;12,8021;1,4204;54,6722;4,2706;82,0313;
2026 02 03 09:23:26:478;0,292;13;3;12,8021;1,4204;54,6722;4,2706;89,8438;
2026 02 03 09:23:26:480;0,292;13;3;12,8021;1,4204;54,6722;4,2706;85,9375;
2026 02 03 09:23:26:482;0,292;13;3;12,8021;1,4204;54,6722;4,2706;66,4063;
2026 02 03 09:23:26:484;0,292;13;3;12,8021;1,4204;54,6722;4,2706;58,5938;
2026 02 03 09:23:26:486;0,292;13;3;12,8021;1,4204;54,6722;4,2706;42,9688;
2026 02 03 09:23:26:488;0,292;13;3;12,8021;1,4204;54,6722;4,2706;74,2188;
2026 02 03 09:23:26:490;0,292;13;3;12,8021;1,4204;54,6722;4,2706;74,2188;
2026 02 03 09:23:26:492;0,292;13;3;12,8021;1,4204;54,6722;4,2706;74,2188;
2026 02 03 09:23:26:494;0,292;13;3;12,8021;1,4204;54,6722;4,2706;74,2188;
2026 02 03 09:23:26:496;0,292;13;3;12,8021;1,4204;54,6722;4,2706;85,9375;
2026 02 03 09:23:26:498;0,292;13;3;12,8021;1,4204;54,6722;4,2706;89,8438;
2026 02 03 09:23:26:500;0,292;13;3;12,8021;1,4204;54,6722;4,2706;85,9375;
2026 02 03 09:23:26:502;0,292;13;3;12,8021;1,4204;54,6722;4,2706;62,5;
2026 02 03 09:23:26:504;0,292;13;3;12,8021;1,4204;54,6722;4,2706;54,6875;
2026 02 03 09:23:26:506;0,292;13;3;12,8021;1,4204;54,6722;4,2706;39,0625;
2026 02 03 09:23:26:508;0,292;13;3;12,8021;1,4204;54,6722;4,2706;74,2188;
2026 02 03 09:23:26:510;0,292;13;3;12,8021;1,4204;54,6722;4,2706;74,2188;
2026 02 03 09:23:26:512;0,292;13;3;12,8021;1,4204;54,6722;4,2706;70,3125;
2026 02 03 09:23:26:514;0,292;13;3;12,8021;1,4204;54,6722;4,2706;74,2188;
2026 02 03 09:23:26:516;0,292;13;3;12,8021;1,4204;54,6722;4,2706;82,0313;
2026 02 03 09:23:26:518;0,292;13;3;12,8021;1,4204;54,6722;4,2706;85,9375;
2026 02 03 09:23:26:520;0,292;13;3;12,8021;1,4204;54,6722;4,2706;82,0313;
2026 02 03 09:23:26:522;0,292;13;3;12,8021;1,4204;54,6722;4,2706;70,3125;
2026 02 03 09:23:26:524;0,292;13;3;12,8021;1,4204;54,6722;4,2706;62,5;
2026 02 03 09:23:26:526;0,292;13;3;12,8021;1,4204;54,6722;4,2706;42,9688;
2026 02 03 09:23:26:528;0,292;13;3;12,8021;1,4204;54,6722;4,2706;74,2188;
2026 02 03 09:23:26:530;0,292;13;3;12,8021;1,4204;54,6722;4,2706;74,2188;
2026 02 03 09:23:26:532;0,292;13;3;12,8021;1,4204;54,6722;4,2706;74,2188;
2026 02 03 09:23:26:534;0,292;13;3;12,8021;1,4204;54,6722;4,2706;74,2188;
2026 02 03 09:23:26:536;0,292;13;3;12,8021;1,4204;54,6722;4,2706;82,0313;
2026 02 03 09:23:26:538;0,292;13;3;12,8021;1,4204;54,6722;4,2706;89,8438;
2026 02 03 09:23:26:540;0,292;13;3;12,8021;1,4204;54,6722;4,2706;82,0313;
2026 02 03 09:23:26:542;0,292;13;3;12,8021;1,4204;54,6722;4,2706;62,5;
2026 02 03 09:23:26:544;0,292;13;3;12,8021;1,4204;54,6722;4,2706;54,6875;
2026 02 03 09:23:26:546;0,292;13;3;12,8021;1,4204;54,6722;4,2706;39,0625;
2026 02 03 09:23:26:548;0,292;13;3;12,8021;1,4204;54,6722;4,2706;74,2188;
2026 02 03 09:23:26:550;0,292;13;3;12,8021;1,4204;54,6722;4,2706;70,3125;
2026 02 03 09:23:26:552;0,292;13;3;12,8021;1,4204;54,6722;4,2706;74,2188;
2026 02 03 09:23:26:554;0,292;13;3;12,8021;1,4204;54,6722;4,2706;74,2188;
2026 02 03 09:23:26:556;0,292;13;3;12,8021;1,4204;54,6722;4,2706;82,0313;
2026 02 03 09:23:26:558;0,292;13;3;12,8021;1,4204;54,6722;4,2706;89,8438;
2026 02 03 09:23:26:560;0,292;13;3;12,8021;1,4204;54,6722;4,2706;85,9375;
2026 02 03 09:23:26:562;0,292;13;3;12,8021;1,4204;54,6722;4,2706;62,5;
2026 02 03 09:23:26:564;0,292;13;3;12,8021;1,4204;54,6722;4,2706;54,6875;
2026 02 03 09:23:26:566;0,292;13;3;12,8021;1,4204;54,6722;4,2706;39,0625;
2026 02 03 09:23:26:568;0,292;13;3;12,8021;1,4204;54,6722;4,2706;74,2188;
2026 02 03 09:23:26:570;0,292;13;3;12,8021;1,4204;54,6722;4,2706;74,2188;
2026 02 03 09:23:26:572;0,292;13;3;12,8021;1,4204;54,6722;4,2706;70,3125;
2026 02 03 09:23:26:574;0,292;13;3;12,8021;1,4204;54,6722;4,2706;74,2188;
2026 02 03 09:23:26:576;0,292;13;3;12,8021;1,4204;54,6722;4,2706;85,9375;
2026 02 03 09:23:26:578;0,292;13;3;12,8021;1,4204;54,6722;4,2706;85,9375;
2026 02 03 09:23:26:580;0,292;13;3;12,8021;1,4204;54,6722;4,2706;82,0313;
2026 02 03 09:23:26:582;0,292;13;3;12,8021;1,4204;54,6722;4,2706;62,5;
2026 02 03 09:23:26:584;0,292;13;3;12,8021;1,4204;54,6722;4,2706;62,5;
2026 02 03 09:23:26:586;0,292;13;3;12,8021;1,4204;54,6722;4,2706;42,9688;
2026 02 03 09:23:26:588;0,292;13;3;12,8021;1,4204;54,6722;4,2706;70,3125;
2026 02 03 09:23:26:590;0,292;13;3;12,8021;1,4204;54,6722;4,2706;74,2188;
2026 02 03 09:23:26:592;0,292;13;3;12,8021;1,4204;54,6722;4,2706;74,2188;
2026 02 03 09:23:26:594;0,292;13;3;12,8021;1,4204;54,6722;4,2706;74,2188;
2026 02 03 09:23:26:596;0,292;13;3;12,8021;1,4204;54,6722;4,2706;82,0313;
2026 02 03 09:23:26:598;0,292;13;3;12,8021;1,4204;54,6722;4,2706;89,8438;
2026 02 03 09:23:26:600;0,292;13;3;12,8021;1,4204;54,6722;4,2706;82,0313;
2026 02 03 09:23:26:602;0,292;13;3;12,8021;1,4204;54,6722;4,2706;62,5;
2026 02 03 09:23:26:604;0,292;13;3;12,8021;1,4204;54,6722;4,2706;54,6875;
2026 02 03 09:23:26:606;0,292;13;3;12,8021;1,4204;54,6722;4,2706;39,0625;
2026 02 03 09:23:26:608;0,292;13;3;12,8021;1,4204;54,6722;4,2706;74,2188;
2026 02 03 09:23:26:610;0,292;13;3;12,8021;1,4204;54,6722;4,2706;74,2188;
2026 02 03 09:23:26:612;0,292;13;3;12,8021;1,4204;54,6722;4,2706;70,3125;
2026 02 03 09:23:26:614;0,292;13;3;12,8021;1,4204;54,6722;4,2706;74,2188;
2026 02 03 09:23:26:616;0,292;13;3;12,8021;1,4204;54,6722;4,2706;82,0313;
2026 02 03 09:23:26:618;0,292;13;3;12,8021;1,4204;54,6722;4,2706;89,8438;
2026 02 03 09:23:26:620;0,292;13;3;12,8021;1,4204;54,6722;4,2706;82,0313;
2026 02 03 09:23:26:622;0,292;13;3;12,8021;1,4204;54,6722;4,2706;62,5;
2026 02 03 09:23:26:624;0,292;13;3;12,8021;1,4204;54,6722;4,2706;54,6875;
2026 02 03 09:23:26:626;0,292;13;3;12,8021;1,4204;54,6722;4,2706;39,0625;
2026 02 03 09:23:26:628;0,292;13;3;12,8021;1,4204;54,6722;4,2706;74,2188;
2026 02 03 09:23:26:630;0,292;13;3;12,8021;1,4204;54,6722;4,2706;74,2188;
2026 02 03 09:23:26:632;0,292;13;3;12,8021;1,4204;54,6722;4,2706;74,2188;
2026 02 03 09:23:26:634;0,292;13;3;12,8021;1,4204;54,6722;4,2706;74,2188;
2026 02 03 09:23:26:636;0,292;13;3;12,8021;1,4204;54,6722;4,2706;85,9375;
2026 02 03 09:23:26:638;0,292;13;3;12,8021;1,4204;54,6722;4,2706;85,9375;
2026 02 03 09:23:26:640;0,292;13;3;12,8021;1,4204;54,6722;4,2706;78,125;
2026 02 03 09:23:26:642;0,292;13;3;12,8021;1,4204;54,6722;4,2706;58,5938;
2026 02 03 09:23:26:644;0,292;13;3;12,8021;1,4204;54,6722;4,2706;50,7813;
2026 02 03 09:23:26:646;0,292;13;3;12,8021;1,4204;54,6722;4,2706;42,9688;
2026 02 03 09:23:26:648;0,292;13;3;12,8021;1,4204;54,6722;4,2706;70,3125;
2026 02 03 09:23:26:650;0,292;13;3;12,8021;1,4204;54,6722;4,2706;74,2188;
2026 02 03 09:23:26:652;0,292;13;3;12,8021;1,4204;54,6722;4,2706;70,3125;
2026 02 03 09:23:26:654;0,292;13;3;12,8021;1,4204;54,6722;4,2706;70,3125;
2026 02 03 09:23:26:656;0,292;13;3;12,8021;1,4204;54,6722;4,2706;82,0313;
2026 02 03 09:23:26:658;0,292;13;3;12,8021;1,4204;54,6722;4,2706;93,75;
2026 02 03 09:23:26:660;0,292;13;3;12,8021;1,4204;54,6722;4,2706;82,0313;
2026 02 03 09:23:26:662;0,292;13;3;12,8021;1,4204;54,6722;4,2706;62,5;
2026 02 03 09:23:26:664;0,292;13;3;12,8021;1,4204;54,6722;4,2706;54,6875;
2026 02 03 09:23:26:666;0,292;13;3;12,8021;1,4204;54,6722;4,2706;39,0625;
2026 02 03 09:23:26:668;0,292;13;3;12,8021;1,4204;54,6722;4,2706;70,3125;
2026 02 03 09:23:26:670;0,292;13;3;12,8021;1,4204;54,6722;4,2706;74,2188;
2026 02 03 09:23:26:672;0,292;13;3;12,8021;1,4204;54,6722;4,2706;70,3125;
2026 02 03 09:23:26:674;0,292;13;3;12,8021;1,4204;54,6722;4,2706;70,3125;
2026 02 03 09:23:26:676;0,292;13;3;12,8021;1,4204;54,6722;4,2706;85,9375;
2026 02 03 09:23:26:678;0,292;13;3;12,8021;1,4204;54,6722;4,2706;85,9375;
2026 02 03 09:23:26:680;0,292;13;3;12,8021;1,4204;54,6722;4,2706;82,0313;
2026 02 03 09:23:26:682;0,292;13;3;12,8021;1,4204;54,6722;4,2706;62,5;
2026 02 03 09:23:26:684;0,292;13;3;12,8021;1,4204;54,6722;4,2706;54,6875;
2026 02 03 09:23:26:686;0,292;13;3;12,8021;1,4204;54,6722;4,2706;42,9688;
2026 02 03 09:23:26:688;0,292;13;3;12,8021;1,4204;54,6722;4,2706;70,3125;
2026 02 03 09:23:26:690;0,292;13;3;12,8021;1,4204;54,6722;4,2706;74,2188;
2026 02 03 09:23:26:692;0,292;13;3;12,8021;1,4204;54,6722;4,2706;70,3125;
2026 02 03 09:23:26:694;0,292;13;3;12,8021;1,4204;54,6722;4,2706;74,2188;
2026 02 03 09:23:26:696;0,292;13;3;12,8021;1,4204;54,6722;4,2706;82,0313;
2026 02 03 09:23:26:698;0,292;13;3;12,8021;1,4204;54,6722;4,2706;89,8438;
2026 02 03 09:23:26:700;0,292;13;3;12,8021;1,4204;54,6722;4,2706;78,125;
2026 02 03 09:23:26:702;0,292;13;3;12,8021;1,4204;54,6722;4,2706;62,5;
2026 02 03 09:23:26:704;0,292;13;3;12,8021;1,4204;54,6722;4,2706;50,7813;
2026 02 03 09:23:26:706;0,292;13;3;12,8021;1,4204;54,6722;4,2706;39,0625;
2026 02 03 09:23:26:708;0,292;13;3;12,8021;1,4204;54,6722;4,2706;70,3125;
2026 02 03 09:23:26:710;0,292;13;3;12,8021;1,4204;54,6722;4,2706;70,3125;
2026 02 03 09:23:26:712;0,292;13;3;12,8021;1,4204;54,6722;4,2706;70,3125;
2026 02 03 09:23:26:714;0,292;13;3;12,8021;1,4204;54,6722;4,2706;70,3125;
2026 02 03 09:23:26:716;0,292;13;3;12,8021;1,4204;54,6722;4,2706;82,0313;
2026 02 03 09:23:26:718;0,292;13;3;12,7258;1,4623;51,0712;4,0132;85,9375;
2026 02 03 09:23:26:720;0,292;13;3;12,7258;1,4623;51,0712;4,0132;78,125;
2026 02 03 09:23:26:722;0,292;13;3;12,7258;1,4623;51,0712;4,0132;66,4063;
2026 02 03 09:23:26:724;0,292;13;3;12,7258;1,4623;51,0712;4,0132;62,5;
2026 02 03 09:23:26:726;0,292;13;3;12,7258;1,4623;51,0712;4,0132;39,0625;
2026 02 03 09:23:26:728;0,292;13;3;12,7258;1,4623;51,0712;4,0132;70,3125;
2026 02 03 09:23:26:730;0,292;13;3;12,7258;1,4623;51,0712;4,0132;70,3125;
2026 02 03 09:23:26:732;0,292;13;3;12,7258;1,4623;51,0712;4,0132;70,3125;
2026 02 03 09:23:26:734;0,292;13;3;12,7258;1,4623;51,0712;4,0132;74,2188;
2026 02 03 09:23:26:736;0,292;13;3;12,7258;1,4623;51,0712;4,0132;82,0313;
2026 02 03 09:23:26:738;0,292;13;3;12,7258;1,4623;51,0712;4,0132;89,8438;
2026 02 03 09:23:26:740;0,292;13;3;12,7258;1,4623;51,0712;4,0132;82,0313;
2026 02 03 09:23:26:742;0,292;13;3;12,7258;1,4623;51,0712;4,0132;62,5;
2026 02 03 09:23:26:744;0,292;13;3;12,7258;1,4623;51,0712;4,0132;50,7813;
2026 02 03 09:23:26:746;0,292;13;3;12,7258;1,4623;51,0712;4,0132;39,0625;
2026 02 03 09:23:26:748;0,292;13;3;12,7258;1,4623;51,0712;4,0132;70,3125;
2026 02 03 09:23:26:750;0,292;13;3;12,7258;1,4623;51,0712;4,0132;70,3125;
2026 02 03 09:23:26:752;0,292;13;3;12,7258;1,4623;51,0712;4,0132;70,3125;
2026 02 03 09:23:26:754;0,292;13;3;12,7258;1,4623;51,0712;4,0132;74,2188;
2026 02 03 09:23:26:756;0,292;13;3;12,7258;1,4623;51,0712;4,0132;82,0313;
2026 02 03 09:23:26:758;0,292;13;3;12,7258;1,4623;51,0712;4,0132;85,9375;
2026 02 03 09:23:26:760;0,292;13;3;12,7258;1,4623;51,0712;4,0132;82,0313;
2026 02 03 09:23:26:762;0,292;13;3;12,7258;1,4623;51,0712;4,0132;62,5;
2026 02 03 09:23:26:764;0,292;13;3;12,7258;1,4623;51,0712;4,0132;54,6875;
2026 02 03 09:23:26:766;0,292;13;3;12,7258;1,4623;51,0712;4,0132;39,0625;
2026 02 03 09:23:26:768;0,292;13;3;12,7258;1,4623;51,0712;4,0132;70,3125;
2026 02 03 09:23:26:770;0,292;13;3;12,7258;1,4623;51,0712;4,0132;70,3125;
2026 02 03 09:23:26:772;0,292;13;3;12,7258;1,4623;51,0712;4,0132;70,3125;
2026 02 03 09:23:26:774;0,292;13;3;12,7258;1,4623;51,0712;4,0132;70,3125;
2026 02 03 09:23:26:776;0,292;13;3;12,7258;1,4623;51,0712;4,0132;82,0313;
2026 02 03 09:23:26:778;0,292;13;3;12,7258;1,4623;51,0712;4,0132;82,0313;
2026 02 03 09:23:26:780;0,292;13;3;12,7258;1,4623;51,0712;4,0132;74,2188;
2026 02 03 09:23:26:782;0,292;13;3;12,7258;1,4623;51,0712;4,0132;58,5938;
2026 02 03 09:23:26:784;0,292;13;3;12,7258;1,4623;51,0712;4,0132;58,5938;
2026 02 03 09:23:26:786;0,292;13;3;12,7258;1,4623;51,0712;4,0132;42,9688;
2026 02 03 09:23:26:788;0,292;13;3;12,7258;1,4623;51,0712;4,0132;70,3125;
2026 02 03 09:23:26:790;0,292;13;3;12,7258;1,4623;51,0712;4,0132;70,3125;
2026 02 03 09:23:26:792;0,292;13;3;12,7258;1,4623;51,0712;4,0132;70,3125;
2026 02 03 09:23:26:794;0,292;13;3;12,7258;1,4623;51,0712;4,0132;70,3125;
2026 02 03 09:23:26:796;0,292;13;3;12,7258;1,4623;51,0712;4,0132;82,0313;
2026 02 03 09:23:26:798;0,292;13;3;12,7258;1,4623;51,0712;4,0132;85,9375;
2026 02 03 09:23:26:800;0,292;13;3;12,7258;1,4623;51,0712;4,0132;78,125;
2026 02 03 09:23:26:802;0,292;13;3;12,7258;1,4623;51,0712;4,0132;58,5938;
2026 02 03 09:23:26:804;0,292;13;3;12,7258;1,4623;51,0712;4,0132;50,7813;
2026 02 03 09:23:26:806;0,292;13;3;12,7258;1,4623;51,0712;4,0132;39,0625;
2026 02 03 09:23:26:808;0,292;13;3;12,7258;1,4623;51,0712;4,0132;70,3125;
2026 02 03 09:23:26:810;0,292;13;3;12,7258;1,4623;51,0712;4,0132;70,3125;
2026 02 03 09:23:26:812;0,292;13;3;12,7258;1,4623;51,0712;4,0132;70,3125;
2026 02 03 09:23:26:814;0,292;13;3;12,7258;1,4623;51,0712;4,0132;70,3125;
2026 02 03 09:23:26:816;0,292;13;3;12,7258;1,4623;51,0712;4,0132;82,0313;
2026 02 03 09:23:26:818;0,292;13;3;12,7258;1,4623;51,0712;4,0132;85,9375;
2026 02 03 09:23:26:820;0,292;13;3;12,7258;1,4623;51,0712;4,0132;78,125;
2026 02 03 09:23:26:822;0,292;13;3;12,7258;1,4623;51,0712;4,0132;58,5938;
2026 02 03 09:23:26:824;0,292;13;3;12,7258;1,4623;51,0712;4,0132;54,6875;
2026 02 03 09:23:26:826;0,292;13;3;12,7258;1,4623;51,0712;4,0132;39,0625;
2026 02 03 09:23:26:828;0,292;13;3;12,7258;1,4623;51,0712;4,0132;70,3125;
2026 02 03 09:23:26:830;0,292;13;3;12,7258;1,4623;51,0712;4,0132;70,3125;
2026 02 03 09:23:26:832;0,292;13;3;12,7258;1,4623;51,0712;4,0132;70,3125;
2026 02 03 09:23:26:834;0,292;13;3;12,7258;1,4623;51,0712;4,0132;70,3125;
2026 02 03 09:23:26:836;0,292;13;3;12,7258;1,4623;51,0712;4,0132;82,0313;
2026 02 03 09:23:26:838;0,292;13;3;12,7258;1,4623;51,0712;4,0132;82,0313;
2026 02 03 09:23:26:840;0,292;13;3;12,7258;1,4623;51,0712;4,0132;74,2188;
2026 02 03 09:23:26:842;0,292;13;3;12,7258;1,4623;51,0712;4,0132;58,5938;
2026 02 03 09:23:26:844;0,292;13;3;12,7258;1,4623;51,0712;4,0132;46,875;
2026 02 03 09:23:26:846;0,292;13;3;12,7258;1,4623;51,0712;4,0132;39,0625;
2026 02 03 09:23:26:848;0,292;13;3;12,7258;1,4623;51,0712;4,0132;70,3125;
2026 02 03 09:23:26:850;0,292;13;3;12,7258;1,4623;51,0712;4,0132;70,3125;
2026 02 03 09:23:26:852;0,292;13;3;12,7258;1,4623;51,0712;4,0132;70,3125;
2026 02 03 09:23:26:854;0,292;13;3;12,7258;1,4623;51,0712;4,0132;70,3125;
2026 02 03 09:23:26:856;0,292;13;3;12,7258;1,4623;51,0712;4,0132;82,0313;
2026 02 03 09:23:26:858;0,292;13;3;12,7258;1,4623;51,0712;4,0132;89,8438;
2026 02 03 09:23:26:860;0,292;13;3;12,7258;1,4623;51,0712;4,0132;78,125;
2026 02 03 09:23:26:862;0,292;13;3;12,7258;1,4623;51,0712;4,0132;58,5938;
2026 02 03 09:23:26:864;0,292;13;3;12,7258;1,4623;51,0712;4,0132;54,6875;
2026 02 03 09:23:26:866;0,292;13;3;12,7258;1,4623;51,0712;4,0132;39,0625;
2026 02 03 09:23:26:868;0,292;13;3;12,7258;1,4623;51,0712;4,0132;70,3125;
2026 02 03 09:23:26:870;0,292;13;3;12,7258;1,4623;51,0712;4,0132;66,4063;
2026 02 03 09:23:26:872;0,292;13;3;12,7258;1,4623;51,0712;4,0132;70,3125;
2026 02 03 09:23:26:874;0,292;13;3;12,7258;1,4623;51,0712;4,0132;70,3125;
2026 02 03 09:23:26:876;0,292;13;3;12,7258;1,4623;51,0712;4,0132;82,0313;
2026 02 03 09:23:26:878;0,292;13;3;12,7258;1,4623;51,0712;4,0132;82,0313;
2026 02 03 09:23:26:880;0,292;13;3;12,7258;1,4623;51,0712;4,0132;78,125;
2026 02 03 09:23:26:882;0,292;13;3;12,7258;1,4623;51,0712;4,0132;62,5;
2026 02 03 09:23:26:884;0,292;13;3;12,7258;1,4623;51,0712;4,0132;54,6875;
2026 02 03 09:23:26:886;0,292;13;3;12,7258;1,4623;51,0712;4,0132;35,1563;
2026 02 03 09:23:26:888;0,292;13;3;12,7258;1,4623;51,0712;4,0132;70,3125;
2026 02 03 09:23:26:890;0,292;13;3;12,7258;1,4623;51,0712;4,0132;70,3125;
2026 02 03 09:23:26:892;0,292;13;3;12,7258;1,4623;51,0712;4,0132;70,3125;
2026 02 03 09:23:26:894;0,292;13;3;12,7258;1,4623;51,0712;4,0132;70,3125;
2026 02 03 09:23:26:896;0,292;13;3;12,7258;1,4623;51,0712;4,0132;82,0313;
2026 02 03 09:23:26:898;0,292;13;3;12,7258;1,4623;51,0712;4,0132;82,0313;
2026 02 03 09:23:26:900;0,292;13;3;12,7258;1,4623;51,0712;4,0132;78,125;
2026 02 03 09:23:26:902;0,292;13;3;12,7258;1,4623;51,0712;4,0132;58,5938;
2026 02 03 09:23:26:904;0,292;13;3;12,7258;1,4623;51,0712;4,0132;50,7813;
2026 02 03 09:23:26:906;0,292;13;3;12,7258;1,4623;51,0712;4,0132;39,0625;
2026 02 03 09:23:26:908;0,292;13;3;12,7258;1,4623;51,0712;4,0132;70,3125;
2026 02 03 09:23:26:910;0,292;13;3;12,7258;1,4623;51,0712;4,0132;70,3125;
2026 02 03 09:23:26:912;0,292;13;3;12,7258;1,4623;51,0712;4,0132;70,3125;
2026 02 03 09:23:26:914;0,292;13;3;12,7258;1,4623;51,0712;4,0132;70,3125;
2026 02 03 09:23:26:916;0,292;13;3;12,7258;1,4623;51,0712;4,0132;82,0313;
2026 02 03 09:23:26:918;0,292;13;3;12,7258;1,4623;51,0712;4,0132;85,9375;
2026 02 03 09:23:26:920;0,292;13;3;12,7258;1,4623;51,0712;4,0132;74,2188;
2026 02 03 09:23:26:922;0,292;13;3;12,7258;1,4623;51,0712;4,0132;62,5;
2026 02 03 09:23:26:924;0,292;13;3;12,7258;1,4623;51,0712;4,0132;58,5938;
2026 02 03 09:23:26:926;0,292;13;3;12,7258;1,4623;51,0712;4,0132;35,1563;
2026 02 03 09:23:26:928;0,292;13;3;12,7258;1,4623;51,0712;4,0132;66,4063;
2026 02 03 09:23:26:930;0,292;13;3;12,7258;1,4623;51,0712;4,0132;70,3125;
2026 02 03 09:23:26:932;0,292;13;3;12,7258;1,4623;51,0712;4,0132;70,3125;
2026 02 03 09:23:26:934;0,292;13;3;12,7258;1,4623;51,0712;4,0132;70,3125;
2026 02 03 09:23:26:936;0,292;13;3;12,7258;1,4623;51,0712;4,0132;82,0313;
2026 02 03 09:23:26:938;0,292;13;3;12,7258;1,4623;51,0712;4,0132;85,9375;
2026 02 03 09:23:26:940;0,292;13;3;12,7258;1,4623;51,0712;4,0132;78,125;
2026 02 03 09:23:26:942;0,292;13;3;12,7258;1,4623;51,0712;4,0132;58,5938;
2026 02 03 09:23:26:944;0,292;13;3;12,7258;1,4623;51,0712;4,0132;50,7813;
2026 02 03 09:23:26:946;0,292;13;3;12,7258;1,4623;51,0712;4,0132;35,1563;
2026 02 03 09:23:26:948;0,292;13;3;12,7258;1,4623;51,0712;4,0132;70,3125;
2026 02 03 09:23:26:950;0,292;13;3;12,7258;1,4623;51,0712;4,0132;70,3125;
2026 02 03 09:23:26:952;0,292;13;3;12,7258;1,4623;51,0712;4,0132;70,3125;
2026 02 03 09:23:26:954;0,292;13;3;12,7258;1,4623;51,0712;4,0132;70,3125;
2026 02 03 09:23:26:956;0,292;13;3;12,7258;1,4623;51,0712;4,0132;82,0313;
2026 02 03 09:23:26:958;0,292;13;3;12,7258;1,4623;51,0712;4,0132;82,0313;
2026 02 03 09:23:26:960;0,292;13;3;12,7258;1,4623;51,0712;4,0132;78,125;
2026 02 03 09:23:26:962;0,292;13;3;12,7258;1,4623;51,0712;4,0132;58,5938;
2026 02 03 09:23:26:964;0,292;13;3;12,7258;1,4623;51,0712;4,0132;54,6875;
2026 02 03 09:23:26:966;0,292;13;3;12,7258;1,4623;51,0712;4,0132;35,1563;
2026 02 03 09:23:26:968;0,292;13;3;12,7258;1,4623;51,0712;4,0132;66,4063;
2026 02 03 09:23:26:970;0,292;13;3;12,7258;1,4623;51,0712;4,0132;70,3125;
2026 02 03 09:23:26:972;0,292;13;3;12,7258;1,4623;51,0712;4,0132;66,4063;
2026 02 03 09:23:26:974;0,292;13;3;12,7258;1,4623;51,0712;4,0132;70,3125;
2026 02 03 09:23:26:976;0,292;13;3;12,7258;1,4623;51,0712;4,0132;82,0313;
2026 02 03 09:23:26:978;0,292;13;3;12,7258;1,4623;51,0712;4,0132;82,0313;
2026 02 03 09:23:26:980;0,292;13;3;12,7258;1,4623;51,0712;4,0132;74,2188;
2026 02 03 09:23:26:982;0,292;13;3;12,7258;1,4623;51,0712;4,0132;58,5938;
2026 02 03 09:23:26:984;0,292;13;3;12,7258;1,4623;51,0712;4,0132;58,5938;
2026 02 03 09:23:26:986;0,292;13;3;12,7258;1,4623;51,0712;4,0132;35,1563;
2026 02 03 09:23:26:988;0,292;13;3;12,7258;1,4623;51,0712;4,0132;70,3125;
2026 02 03 09:23:26:990;0,292;13;3;12,7258;1,4623;51,0712;4,0132;70,3125;
2026 02 03 09:23:26:992;0,292;13;3;12,7258;1,4623;51,0712;4,0132;70,3125;
2026 02 03 09:23:26:994;0,292;13;3;12,7258;1,4623;51,0712;4,0132;70,3125;
2026 02 03 09:23:26:996;0,292;13;3;12,7258;1,4623;51,0712;4,0132;82,0313;
2026 02 03 09:23:26:998;0,292;13;3;12,7258;1,4623;51,0712;4,0132;85,9375;
2026 02 03 09:23:27:000;0,292;13;3;12,7258;1,4623;51,0712;4,0132;78,125;
2026 02 03 09:23:27:002;0,292;13;3;12,7258;1,4623;51,0712;4,0132;62,5;
2026 02 03 09:23:27:004;0,292;13;3;12,7258;1,4623;51,0712;4,0132;50,7813;
2026 02 03 09:23:27:006;0,292;13;3;12,7258;1,4623;51,0712;4,0132;35,1563;
2026 02 03 09:23:27:008;0,292;13;3;12,7258;1,4623;51,0712;4,0132;70,3125;
2026 02 03 09:23:27:010;0,292;13;3;12,7258;1,4623;51,0712;4,0132;70,3125;
2026 02 03 09:23:27:012;0,292;13;3;12,7258;1,4623;51,0712;4,0132;70,3125;
2026 02 03 09:23:27:014;0,292;13;3;12,7258;1,4623;51,0712;4,0132;70,3125;
2026 02 03 09:23:27:016;0,292;13;3;12,7258;1,4623;51,0712;4,0132;82,0313;
2026 02 03 09:23:27:018;0,292;13;3;12,7258;1,4623;51,0712;4,0132;82,0313;
2026 02 03 09:23:27:020;0,292;13;3;12,7869;1,4831;52,7039;4,1217;78,125;
2026 02 03 09:23:27:022;0,292;13;3;12,7869;1,4831;52,7039;4,1217;58,5938;
2026 02 03 09:23:27:024;0,292;13;3;12,7869;1,4831;52,7039;4,1217;50,7813;
2026 02 03 09:23:27:026;0,292;13;3;12,7869;1,4831;52,7039;4,1217;35,1563;
2026 02 03 09:23:27:028;0,292;13;3;12,7869;1,4831;52,7039;4,1217;66,4063;
2026 02 03 09:23:27:030;0,292;13;3;12,7869;1,4831;52,7039;4,1217;70,3125;
2026 02 03 09:23:27:032;0,292;13;3;12,7869;1,4831;52,7039;4,1217;66,4063;
2026 02 03 09:23:27:034;0,292;13;3;12,7869;1,4831;52,7039;4,1217;70,3125;
2026 02 03 09:23:27:036;0,292;13;3;12,7869;1,4831;52,7039;4,1217;82,0313;
2026 02 03 09:23:27:038;0,292;13;3;12,7869;1,4831;52,7039;4,1217;82,0313;
2026 02 03 09:23:27:040;0,292;13;3;12,7869;1,4831;52,7039;4,1217;74,2188;
2026 02 03 09:23:27:042;0,292;13;3;12,7869;1,4831;52,7039;4,1217;54,6875;
2026 02 03 09:23:27:044;0,292;13;3;12,7869;1,4831;52,7039;4,1217;50,7813;
2026 02 03 09:23:27:046;0,292;13;3;12,7869;1,4831;52,7039;4,1217;35,1563;
2026 02 03 09:23:27:048;0,292;13;3;12,7869;1,4831;52,7039;4,1217;66,4063;
2026 02 03 09:23:27:050;0,292;13;3;12,7869;1,4831;52,7039;4,1217;70,3125;
2026 02 03 09:23:27:052;0,292;13;3;12,7869;1,4831;52,7039;4,1217;70,3125;
2026 02 03 09:23:27:054;0,292;13;3;12,7869;1,4831;52,7039;4,1217;70,3125;
2026 02 03 09:23:27:056;0,292;13;3;12,7869;1,4831;52,7039;4,1217;82,0313;
2026 02 03 09:23:27:058;0,292;13;3;12,7869;1,4831;52,7039;4,1217;85,9375;
2026 02 03 09:23:27:060;0,292;13;3;12,7869;1,4831;52,7039;4,1217;74,2188;
2026 02 03 09:23:27:062;0,292;13;3;12,7869;1,4831;52,7039;4,1217;58,5938;
2026 02 03 09:23:27:064;0,292;13;3;12,7869;1,4831;52,7039;4,1217;50,7813;
2026 02 03 09:23:27:066;0,292;13;3;12,7869;1,4831;52,7039;4,1217;35,1563;
2026 02 03 09:23:27:068;0,292;13;3;12,7869;1,4831;52,7039;4,1217;70,3125;
2026 02 03 09:23:27:070;0,292;13;3;12,7869;1,4831;52,7039;4,1217;66,4063;
2026 02 03 09:23:27:072;0,292;13;3;12,7869;1,4831;52,7039;4,1217;66,4063;
2026 02 03 09:23:27:074;0,292;13;3;12,7869;1,4831;52,7039;4,1217;66,4063;
2026 02 03 09:23:27:076;0,292;13;3;12,7869;1,4831;52,7039;4,1217;82,0313;
2026 02 03 09:23:27:078;0,292;13;3;12,7869;1,4831;52,7039;4,1217;82,0313;
2026 02 03 09:23:27:080;0,292;13;3;12,7869;1,4831;52,7039;4,1217;78,125;
2026 02 03 09:23:27:082;0,292;13;3;12,7869;1,4831;52,7039;4,1217;58,5938;
2026 02 03 09:23:27:084;0,292;13;3;12,7869;1,4831;52,7039;4,1217;50,7813;
2026 02 03 09:23:27:086;0,292;13;3;12,7869;1,4831;52,7039;4,1217;35,1563;
2026 02 03 09:23:27:088;0,292;13;3;12,7869;1,4831;52,7039;4,1217;66,4063;
2026 02 03 09:23:27:090;0,292;13;3;12,7869;1,4831;52,7039;4,1217;66,4063;
2026 02 03 09:23:27:092;0,292;13;3;12,7869;1,4831;52,7039;4,1217;66,4063;
2026 02 03 09:23:27:094;0,292;13;3;12,7869;1,4831;52,7039;4,1217;66,4063;
2026 02 03 09:23:27:096;0,292;13;3;12,7869;1,4831;52,7039;4,1217;82,0313;
2026 02 03 09:23:27:098;0,292;13;3;12,7869;1,4831;52,7039;4,1217;82,0313;
2026 02 03 09:23:27:100;0,292;13;3;12,7869;1,4831;52,7039;4,1217;74,2188;
2026 02 03 09:23:27:102;0,292;13;3;12,7869;1,4831;52,7039;4,1217;54,6875;
2026 02 03 09:23:27:104;0,292;13;3;12,7869;1,4831;52,7039;4,1217;50,7813;
2026 02 03 09:23:27:106;0,292;13;3;12,7869;1,4831;52,7039;4,1217;35,1563;
2026 02 03 09:23:27:108;0,292;13;3;12,7869;1,4831;52,7039;4,1217;66,4063;
2026 02 03 09:23:27:110;0,292;13;3;12,7869;1,4831;52,7039;4,1217;66,4063;
2026 02 03 09:23:27:112;0,292;13;3;12,7869;1,4831;52,7039;4,1217;66,4063;
2026 02 03 09:23:27:114;0,292;13;3;12,7869;1,4831;52,7039;4,1217;66,4063;
2026 02 03 09:23:27:116;0,292;13;3;12,7869;1,4831;52,7039;4,1217;78,125;
2026 02 03 09:23:27:118;0,292;13;3;12,7869;1,4831;52,7039;4,1217;82,0313;
2026 02 03 09:23:27:120;0,292;13;3;12,7869;1,4831;52,7039;4,1217;78,125;
2026 02 03 09:23:27:122;0,292;13;3;12,7869;1,4831;52,7039;4,1217;58,5938;
2026 02 03 09:23:27:124;0,292;13;3;12,7869;1,4831;52,7039;4,1217;54,6875;
2026 02 03 09:23:27:126;0,292;13;3;12,7869;1,4831;52,7039;4,1217;31,25;
2026 02 03 09:23:27:128;0,292;13;3;12,7869;1,4831;52,7039;4,1217;66,4063;
2026 02 03 09:23:27:130;0,292;13;3;12,7869;1,4831;52,7039;4,1217;66,4063;
2026 02 03 09:23:27:132;0,292;13;3;12,7869;1,4831;52,7039;4,1217;66,4063;
2026 02 03 09:23:27:134;0,292;13;3;12,7869;1,4831;52,7039;4,1217;66,4063;
2026 02 03 09:23:27:136;0,292;13;3;12,7869;1,4831;52,7039;4,1217;82,0313;
2026 02 03 09:23:27:138;0,292;13;3;12,7869;1,4831;52,7039;4,1217;82,0313;
2026 02 03 09:23:27:140;0,292;13;3;12,7869;1,4831;52,7039;4,1217;78,125;
2026 02 03 09:23:27:142;0,292;13;3;12,7869;1,4831;52,7039;4,1217;58,5938;
2026 02 03 09:23:27:144;0,292;13;3;12,7869;1,4831;52,7039;4,1217;50,7813;
2026 02 03 09:23:27:146;0,292;13;3;12,7869;1,4831;52,7039;4,1217;35,1563;
2026 02 03 09:23:27:148;0,292;13;3;12,7869;1,4831;52,7039;4,1217;66,4063;
2026 02 03 09:23:27:150;0,292;13;3;12,7869;1,4831;52,7039;4,1217;66,4063;
2026 02 03 09:23:27:152;0,292;13;3;12,7869;1,4831;52,7039;4,1217;66,4063;
2026 02 03 09:23:27:154;0,292;13;3;12,7869;1,4831;52,7039;4,1217;66,4063;
2026 02 03 09:23:27:156;0,292;13;3;12,7869;1,4831;52,7039;4,1217;78,125;
2026 02 03 09:23:27:158;0,292;13;3;12,7869;1,4831;52,7039;4,1217;82,0313;
2026 02 03 09:23:27:160;0,292;13;3;12,7869;1,4831;52,7039;4,1217;78,125;
2026 02 03 09:23:27:162;0,292;13;3;12,7869;1,4831;52,7039;4,1217;54,6875;
2026 02 03 09:23:27:164;0,292;13;3;12,7869;1,4831;52,7039;4,1217;50,7813;
2026 02 03 09:23:27:166;0,292;13;3;12,7869;1,4831;52,7039;4,1217;35,1563;
2026 02 03 09:23:27:168;0,292;13;3;12,7869;1,4831;52,7039;4,1217;66,4063;
2026 02 03 09:23:27:170;0,292;13;3;12,7869;1,4831;52,7039;4,1217;66,4063;
2026 02 03 09:23:27:172;0,292;13;3;12,7869;1,4831;52,7039;4,1217;66,4063;
2026 02 03 09:23:27:174;0,292;13;3;12,7869;1,4831;52,7039;4,1217;66,4063;
2026 02 03 09:23:27:176;0,292;13;3;12,7869;1,4831;52,7039;4,1217;78,125;
2026 02 03 09:23:27:178;0,292;13;3;12,7869;1,4831;52,7039;4,1217;78,125;
2026 02 03 09:23:27:180;0,292;13;3;12,7869;1,4831;52,7039;4,1217;74,2188;
2026 02 03 09:23:27:182;0,292;13;3;12,7869;1,4831;52,7039;4,1217;58,5938;
2026 02 03 09:23:27:184;0,292;13;3;12,7869;1,4831;52,7039;4,1217;54,6875;
2026 02 03 09:23:27:186;0,292;13;3;12,7869;1,4831;52,7039;4,1217;35,1563;
2026 02 03 09:23:27:188;0,292;13;3;12,7869;1,4831;52,7039;4,1217;66,4063;
2026 02 03 09:23:27:190;0,292;13;3;12,7869;1,4831;52,7039;4,1217;66,4063;
2026 02 03 09:23:27:192;0,292;13;3;12,7869;1,4831;52,7039;4,1217;66,4063;
2026 02 03 09:23:27:194;0,292;13;3;12,7869;1,4831;52,7039;4,1217;66,4063;
2026 02 03 09:23:27:196;0,292;13;3;12,7869;1,4831;52,7039;4,1217;82,0313;
2026 02 03 09:23:27:198;0,292;13;3;12,7869;1,4831;52,7039;4,1217;82,0313;
2026 02 03 09:23:27:200;0,292;13;3;12,7869;1,4831;52,7039;4,1217;78,125;
2026 02 03 09:23:27:202;0,292;13;3;12,7869;1,4831;52,7039;4,1217;54,6875;
2026 02 03 09:23:27:204;0,292;13;3;12,7869;1,4831;52,7039;4,1217;46,875;
2026 02 03 09:23:27:206;0,292;13;3;12,7869;1,4831;52,7039;4,1217;31,25;
2026 02 03 09:23:27:208;0,292;13;3;12,7869;1,4831;52,7039;4,1217;66,4063;
2026 02 03 09:23:27:210;0,292;13;3;12,7869;1,4831;52,7039;4,1217;66,4063;
2026 02 03 09:23:27:212;0,292;13;3;12,7869;1,4831;52,7039;4,1217;66,4063;
2026 02 03 09:23:27:214;0,292;13;3;12,7869;1,4831;52,7039;4,1217;66,4063;
2026 02 03 09:23:27:216;0,292;13;3;12,7869;1,4831;52,7039;4,1217;78,125;
2026 02 03 09:23:27:218;0,292;13;3;12,7869;1,4831;52,7039;4,1217;78,125;
2026 02 03 09:23:27:220;0,292;13;3;12,7869;1,4831;52,7039;4,1217;78,125;
2026 02 03 09:23:27:222;0,292;13;3;12,7869;1,4831;52,7039;4,1217;54,6875;
2026 02 03 09:23:27:224;0,292;13;3;12,7869;1,4831;52,7039;4,1217;46,875;
2026 02 03 09:23:27:226;0,292;13;3;12,7869;1,4831;52,7039;4,1217;31,25;
2026 02 03 09:23:27:228;0,292;13;3;12,7869;1,4831;52,7039;4,1217;66,4063;
2026 02 03 09:23:27:230;0,292;13;3;12,7869;1,4831;52,7039;4,1217;66,4063;
2026 02 03 09:23:27:232;0,292;13;3;12,7869;1,4831;52,7039;4,1217;66,4063;
2026 02 03 09:23:27:234;0,292;13;3;12,7869;1,4831;52,7039;4,1217;66,4063;
2026 02 03 09:23:27:236;0,292;13;3;12,7869;1,4831;52,7039;4,1217;82,0313;
2026 02 03 09:23:27:238;0,292;13;3;12,7869;1,4831;52,7039;4,1217;78,125;
2026 02 03 09:23:27:240;0,292;13;3;12,7869;1,4831;52,7039;4,1217;74,2188;
2026 02 03 09:23:27:242;0,292;13;3;12,7869;1,4831;52,7039;4,1217;50,7813;
2026 02 03 09:23:27:244;0,292;13;3;12,7869;1,4831;52,7039;4,1217;42,9688;
2026 02 03 09:23:27:246;0,292;13;3;12,7869;1,4831;52,7039;4,1217;35,1563;
2026 02 03 09:23:27:248;0,292;13;3;12,7869;1,4831;52,7039;4,1217;66,4063;
2026 02 03 09:23:27:250;0,292;13;3;12,7869;1,4831;52,7039;4,1217;66,4063;
2026 02 03 09:23:27:252;0,292;13;3;12,7869;1,4831;52,7039;4,1217;66,4063;
2026 02 03 09:23:27:254;0,292;13;3;12,7869;1,4831;52,7039;4,1217;66,4063;
2026 02 03 09:23:27:256;0,292;13;3;12,7869;1,4831;52,7039;4,1217;78,125;
2026 02 03 09:23:27:258;0,292;13;3;12,7869;1,4831;52,7039;4,1217;82,0313;
2026 02 03 09:23:27:260;0,292;13;3;12,7869;1,4831;52,7039;4,1217;74,2188;
2026 02 03 09:23:27:262;0,292;13;3;12,7869;1,4831;52,7039;4,1217;54,6875;
2026 02 03 09:23:27:264;0,292;13;3;12,7869;1,4831;52,7039;4,1217;46,875;
2026 02 03 09:23:27:266;0,292;13;3;12,7869;1,4831;52,7039;4,1217;27,3438;
2026 02 03 09:23:27:268;0,292;13;3;12,7869;1,4831;52,7039;4,1217;66,4063;
2026 02 03 09:23:27:270;0,292;13;3;12,7869;1,4831;52,7039;4,1217;66,4063;
2026 02 03 09:23:27:272;0,292;13;3;12,7869;1,4831;52,7039;4,1217;66,4063;
2026 02 03 09:23:27:274;0,292;13;3;12,7869;1,4831;52,7039;4,1217;66,4063;
2026 02 03 09:23:27:276;0,292;13;3;12,7869;1,4831;52,7039;4,1217;78,125;
2026 02 03 09:23:27:278;0,292;13;3;12,7869;1,4831;52,7039;4,1217;78,125;
2026 02 03 09:23:27:280;0,292;13;3;12,7869;1,4831;52,7039;4,1217;78,125;
2026 02 03 09:23:27:282;0,292;13;3;12,7869;1,4831;52,7039;4,1217;54,6875;
2026 02 03 09:23:27:284;0,292;13;3;12,7869;1,4831;52,7039;4,1217;50,7813;
2026 02 03 09:23:27:286;0,292;13;3;12,7869;1,4831;52,7039;4,1217;35,1563;
2026 02 03 09:23:27:288;0,292;13;3;12,7869;1,4831;52,7039;4,1217;66,4063;
2026 02 03 09:23:27:290;0,292;13;3;12,7869;1,4831;52,7039;4,1217;66,4063;
2026 02 03 09:23:27:292;0,292;13;3;12,7869;1,4831;52,7039;4,1217;62,5;
2026 02 03 09:23:27:294;0,292;13;3;12,7869;1,4831;52,7039;4,1217;66,4063;
2026 02 03 09:23:27:296;0,292;13;3;12,7869;1,4831;52,7039;4,1217;82,0313;
2026 02 03 09:23:27:298;0,292;13;3;12,7869;1,4831;52,7039;4,1217;78,125;
2026 02 03 09:23:27:300;0,292;13;3;12,7869;1,4831;52,7039;4,1217;74,2188;
2026 02 03 09:23:27:302;0,292;13;3;12,7869;1,4831;52,7039;4,1217;54,6875;
2026 02 03 09:23:27:304;0,292;13;3;12,7869;1,4831;52,7039;4,1217;46,875;
2026 02 03 09:23:27:306;0,292;13;3;12,7869;1,4831;52,7039;4,1217;31,25;
2026 02 03 09:23:27:308;0,292;13;3;12,7869;1,4831;52,7039;4,1217;66,4063;
2026 02 03 09:23:27:310;0,292;13;3;12,7869;1,4831;52,7039;4,1217;66,4063;
2026 02 03 09:23:27:312;0,292;13;3;12,7869;1,4831;52,7039;4,1217;66,4063;
2026 02 03 09:23:27:314;0,292;13;3;12,7869;1,4831;52,7039;4,1217;66,4063;
2026 02 03 09:23:27:316;0,292;13;3;12,7869;1,4831;52,7039;4,1217;74,2188;
2026 02 03 09:23:27:318;0,292;13;3;12,7869;1,4831;52,7039;4,1217;82,0313;
2026 02 03 09:23:27:320;0,292;13;3;12,8326;1,3747;52,3224;4,0773;74,2188;
2026 02 03 09:23:27:322;0,292;13;3;12,8326;1,3747;52,3224;4,0773;54,6875;
2026 02 03 09:23:27:324;0,292;13;3;12,8326;1,3747;52,3224;4,0773;46,875;
2026 02 03 09:23:27:326;0,292;13;3;12,8326;1,3747;52,3224;4,0773;31,25;
2026 02 03 09:23:27:328;0,292;13;3;12,8326;1,3747;52,3224;4,0773;66,4063;
2026 02 03 09:23:27:330;0,292;13;3;12,8326;1,3747;52,3224;4,0773;62,5;
2026 02 03 09:23:27:332;0,292;13;3;12,8326;1,3747;52,3224;4,0773;62,5;
2026 02 03 09:23:27:334;0,292;13;3;12,8326;1,3747;52,3224;4,0773;66,4063;
2026 02 03 09:23:27:336;0,292;13;3;12,8326;1,3747;52,3224;4,0773;82,0313;
2026 02 03 09:23:27:338;0,292;13;3;12,8326;1,3747;52,3224;4,0773;78,125;
2026 02 03 09:23:27:340;0,292;13;3;12,8326;1,3747;52,3224;4,0773;74,2188;
2026 02 03 09:23:27:342;0,292;13;3;12,8326;1,3747;52,3224;4,0773;54,6875;
2026 02 03 09:23:27:344;0,292;13;3;12,8326;1,3747;52,3224;4,0773;46,875;
2026 02 03 09:23:27:346;0,292;13;3;12,8326;1,3747;52,3224;4,0773;31,25;
2026 02 03 09:23:27:348;0,292;13;3;12,8326;1,3747;52,3224;4,0773;66,4063;
2026 02 03 09:23:27:350;0,292;13;3;12,8326;1,3747;52,3224;4,0773;66,4063;
2026 02 03 09:23:27:352;0,292;13;3;12,8326;1,3747;52,3224;4,0773;66,4063;
2026 02 03 09:23:27:354;0,292;13;3;12,8326;1,3747;52,3224;4,0773;66,4063;
2026 02 03 09:23:27:356;0,292;13;3;12,8326;1,3747;52,3224;4,0773;78,125;
2026 02 03 09:23:27:358;0,292;13;3;12,8326;1,3747;52,3224;4,0773;82,0313;
2026 02 03 09:23:27:360;0,292;13;3;12,8326;1,3747;52,3224;4,0773;74,2188;
2026 02 03 09:23:27:362;0,292;13;3;12,8326;1,3747;52,3224;4,0773;54,6875;
2026 02 03 09:23:27:364;0,292;13;3;12,8326;1,3747;52,3224;4,0773;46,875;
2026 02 03 09:23:27:366;0,292;13;3;12,8326;1,3747;52,3224;4,0773;31,25;
2026 02 03 09:23:27:368;0,292;13;3;12,8326;1,3747;52,3224;4,0773;66,4063;
2026 02 03 09:23:27:370;0,292;13;3;12,8326;1,3747;52,3224;4,0773;62,5;
2026 02 03 09:23:27:372;0,292;13;3;12,8326;1,3747;52,3224;4,0773;62,5;
2026 02 03 09:23:27:374;0,292;13;3;12,8326;1,3747;52,3224;4,0773;66,4063;
2026 02 03 09:23:27:376;0,292;13;3;12,8326;1,3747;52,3224;4,0773;78,125;
2026 02 03 09:23:27:378;0,292;13;3;12,8326;1,3747;52,3224;4,0773;78,125;
2026 02 03 09:23:27:380;0,292;13;3;12,8326;1,3747;52,3224;4,0773;74,2188;
2026 02 03 09:23:27:382;0,292;13;3;12,8326;1,3747;52,3224;4,0773;58,5938;
2026 02 03 09:23:27:384;0,292;13;3;12,8326;1,3747;52,3224;4,0773;54,6875;
2026 02 03 09:23:27:386;0,292;13;3;12,8326;1,3747;52,3224;4,0773;27,3438;
2026 02 03 09:23:27:388;0,292;13;3;12,8326;1,3747;52,3224;4,0773;62,5;
2026 02 03 09:23:27:390;0,292;13;3;12,8326;1,3747;52,3224;4,0773;62,5;
2026 02 03 09:23:27:392;0,292;13;3;12,8326;1,3747;52,3224;4,0773;62,5;
2026 02 03 09:23:27:394;0,292;13;3;12,8326;1,3747;52,3224;4,0773;66,4063;
2026 02 03 09:23:27:396;0,292;13;3;12,8326;1,3747;52,3224;4,0773;78,125;
2026 02 03 09:23:27:398;0,292;13;3;12,8326;1,3747;52,3224;4,0773;78,125;
2026 02 03 09:23:27:400;0,292;13;3;12,8326;1,3747;52,3224;4,0773;74,2188;
2026 02 03 09:23:27:402;0,292;13;3;12,8326;1,3747;52,3224;4,0773;54,6875;
2026 02 03 09:23:27:404;0,292;13;3;12,8326;1,3747;52,3224;4,0773;42,9688;
2026 02 03 09:23:27:406;0,292;13;3;12,8326;1,3747;52,3224;4,0773;31,25;
2026 02 03 09:23:27:408;0,292;13;3;12,8326;1,3747;52,3224;4,0773;66,4063;
2026 02 03 09:23:27:410;0,292;13;3;12,8326;1,3747;52,3224;4,0773;66,4063;
2026 02 03 09:23:27:412;0,292;13;3;12,8326;1,3747;52,3224;4,0773;62,5;
2026 02 03 09:23:27:414;0,292;13;3;12,8326;1,3747;52,3224;4,0773;66,4063;
2026 02 03 09:23:27:416;0,292;13;3;12,8326;1,3747;52,3224;4,0773;78,125;
2026 02 03 09:23:27:418;0,292;13;3;12,8326;1,3747;52,3224;4,0773;78,125;
2026 02 03 09:23:27:420;0,292;13;3;12,8326;1,3747;52,3224;4,0773;74,2188;
2026 02 03 09:23:27:422;0,292;13;3;12,8326;1,3747;52,3224;4,0773;50,7813;
2026 02 03 09:23:27:424;0,292;13;3;12,8326;1,3747;52,3224;4,0773;42,9688;
2026 02 03 09:23:27:426;0,292;13;3;12,8326;1,3747;52,3224;4,0773;31,25;
2026 02 03 09:23:27:428;0,292;13;3;12,8326;1,3747;52,3224;4,0773;62,5;
2026 02 03 09:23:27:430;0,292;13;3;12,8326;1,3747;52,3224;4,0773;62,5;
2026 02 03 09:23:27:432;0,292;13;3;12,8326;1,3747;52,3224;4,0773;62,5;
2026 02 03 09:23:27:434;0,292;13;3;12,8326;1,3747;52,3224;4,0773;66,4063;
2026 02 03 09:23:27:436;0,292;13;3;12,8326;1,3747;52,3224;4,0773;78,125;
2026 02 03 09:23:27:438;0,292;13;3;12,8326;1,3747;52,3224;4,0773;74,2188;
2026 02 03 09:23:27:440;0,292;13;3;12,8326;1,3747;52,3224;4,0773;70,3125;
2026 02 03 09:23:27:442;0,292;13;3;12,8326;1,3747;52,3224;4,0773;50,7813;
2026 02 03 09:23:27:444;0,292;13;3;12,8326;1,3747;52,3224;4,0773;46,875;
2026 02 03 09:23:27:446;0,292;13;3;12,8326;1,3747;52,3224;4,0773;35,1563;
2026 02 03 09:23:27:448;0,292;13;3;12,8326;1,3747;52,3224;4,0773;62,5;
2026 02 03 09:23:27:450;0,292;13;3;12,8326;1,3747;52,3224;4,0773;62,5;
2026 02 03 09:23:27:452;0,292;13;3;12,8326;1,3747;52,3224;4,0773;62,5;
2026 02 03 09:23:27:454;0,292;13;3;12,8326;1,3747;52,3224;4,0773;66,4063;
2026 02 03 09:23:27:456;0,292;13;3;12,8326;1,3747;52,3224;4,0773;78,125;
2026 02 03 09:23:27:458;0,292;13;3;12,8326;1,3747;52,3224;4,0773;78,125;
2026 02 03 09:23:27:460;0,292;13;3;12,8326;1,3747;52,3224;4,0773;74,2188;
2026 02 03 09:23:27:462;0,292;13;3;12,8326;1,3747;52,3224;4,0773;50,7813;
2026 02 03 09:23:27:464;0,292;13;3;12,8326;1,3747;52,3224;4,0773;42,9688;
2026 02 03 09:23:27:466;0,292;13;3;12,8326;1,3747;52,3224;4,0773;27,3438;
2026 02 03 09:23:27:468;0,292;13;3;12,8326;1,3747;52,3224;4,0773;62,5;
2026 02 03 09:23:27:470;0,292;13;3;12,8326;1,3747;52,3224;4,0773;62,5;
2026 02 03 09:23:27:472;0,292;13;3;12,8326;1,3747;52,3224;4,0773;62,5;
2026 02 03 09:23:27:474;0,292;13;3;12,8326;1,3747;52,3224;4,0773;62,5;
2026 02 03 09:23:27:476;0,292;13;3;12,8326;1,3747;52,3224;4,0773;78,125;
2026 02 03 09:23:27:478;0,292;13;3;12,8326;1,3747;52,3224;4,0773;78,125;
2026 02 03 09:23:27:480;0,292;13;3;12,8326;1,3747;52,3224;4,0773;74,2188;
2026 02 03 09:23:27:482;0,292;13;3;12,8326;1,3747;52,3224;4,0773;50,7813;
2026 02 03 09:23:27:484;0,292;13;3;12,8326;1,3747;52,3224;4,0773;42,9688;
2026 02 03 09:23:27:486;0,292;13;3;12,8326;1,3747;52,3224;4,0773;27,3438;
2026 02 03 09:23:27:488;0,292;13;3;12,8326;1,3747;52,3224;4,0773;62,5;
2026 02 03 09:23:27:490;0,292;13;3;12,8326;1,3747;52,3224;4,0773;62,5;
2026 02 03 09:23:27:492;0,292;13;3;12,8326;1,3747;52,3224;4,0773;62,5;
2026 02 03 09:23:27:494;0,292;13;3;12,8326;1,3747;52,3224;4,0773;62,5;
2026 02 03 09:23:27:496;0,292;13;3;12,8326;1,3747;52,3224;4,0773;78,125;
2026 02 03 09:23:27:498;0,292;13;3;12,8326;1,3747;52,3224;4,0773;74,2188;
2026 02 03 09:23:27:500;0,292;13;3;12,8326;1,3747;52,3224;4,0773;70,3125;
2026 02 03 09:23:27:502;0,292;13;3;12,8326;1,3747;52,3224;4,0773;50,7813;
2026 02 03 09:23:27:504;0,292;13;3;12,8326;1,3747;52,3224;4,0773;42,9688;
2026 02 03 09:23:27:506;0,292;13;3;12,8326;1,3747;52,3224;4,0773;31,25;
2026 02 03 09:23:27:508;0,292;13;3;12,8326;1,3747;52,3224;4,0773;62,5;
2026 02 03 09:23:27:510;0,292;13;3;12,8326;1,3747;52,3224;4,0773;62,5;
2026 02 03 09:23:27:512;0,292;13;3;12,8326;1,3747;52,3224;4,0773;62,5;
2026 02 03 09:23:27:514;0,292;13;3;12,8326;1,3747;52,3224;4,0773;62,5;
2026 02 03 09:23:27:516;0,292;13;3;12,8326;1,3747;52,3224;4,0773;74,2188;
2026 02 03 09:23:27:518;0,292;13;3;12,8326;1,3747;52,3224;4,0773;78,125;
2026 02 03 09:23:27:520;0,292;13;3;12,8326;1,3747;52,3224;4,0773;70,3125;
2026 02 03 09:23:27:522;0,292;13;3;12,8326;1,3747;52,3224;4,0773;50,7813;
2026 02 03 09:23:27:524;0,292;13;3;12,8326;1,3747;52,3224;4,0773;42,9688;
2026 02 03 09:23:27:526;0,292;13;3;12,8326;1,3747;52,3224;4,0773;27,3438;
2026 02 03 09:23:27:528;0,292;13;3;12,8326;1,3747;52,3224;4,0773;62,5;
2026 02 03 09:23:27:530;0,292;13;3;12,8326;1,3747;52,3224;4,0773;62,5;
2026 02 03 09:23:27:532;0,292;13;3;12,8326;1,3747;52,3224;4,0773;62,5;
2026 02 03 09:23:27:534;0,292;13;3;12,8326;1,3747;52,3224;4,0773;62,5;
2026 02 03 09:23:27:536;0,292;13;3;12,8326;1,3747;52,3224;4,0773;78,125;
2026 02 03 09:23:27:538;0,292;13;3;12,8326;1,3747;52,3224;4,0773;74,2188;
2026 02 03 09:23:27:540;0,292;13;3;12,8326;1,3747;52,3224;4,0773;74,2188;
2026 02 03 09:23:27:542;0,292;13;3;12,8326;1,3747;52,3224;4,0773;50,7813;
2026 02 03 09:23:27:544;0,292;13;3;12,8326;1,3747;52,3224;4,0773;42,9688;
2026 02 03 09:23:27:546;0,292;13;3;12,8326;1,3747;52,3224;4,0773;27,3438;
2026 02 03 09:23:27:548;0,292;13;3;12,8326;1,3747;52,3224;4,0773;62,5;
2026 02 03 09:23:27:550;0,292;13;3;12,8326;1,3747;52,3224;4,0773;62,5;
2026 02 03 09:23:27:552;0,292;13;3;12,8326;1,3747;52,3224;4,0773;58,5938;
2026 02 03 09:23:27:554;0,292;13;3;12,8326;1,3747;52,3224;4,0773;62,5;
2026 02 03 09:23:27:556;0,292;13;3;12,8326;1,3747;52,3224;4,0773;78,125;
2026 02 03 09:23:27:558;0,292;13;3;12,8326;1,3747;52,3224;4,0773;78,125;
2026 02 03 09:23:27:560;0,292;13;3;12,8326;1,3747;52,3224;4,0773;70,3125;
2026 02 03 09:23:27:562;0,292;13;3;12,8326;1,3747;52,3224;4,0773;50,7813;
2026 02 03 09:23:27:564;0,292;13;3;12,8326;1,3747;52,3224;4,0773;42,9688;
2026 02 03 09:23:27:566;0,292;13;3;12,8326;1,3747;52,3224;4,0773;27,3438;
2026 02 03 09:23:27:568;0,292;13;3;12,8326;1,3747;52,3224;4,0773;58,5938;
2026 02 03 09:23:27:570;0,292;13;3;12,8326;1,3747;52,3224;4,0773;58,5938;
2026 02 03 09:23:27:572;0,292;13;3;12,8326;1,3747;52,3224;4,0773;58,5938;
2026 02 03 09:23:27:574;0,292;13;3;12,8326;1,3747;52,3224;4,0773;62,5;
2026 02 03 09:23:27:576;0,292;13;3;12,8326;1,3747;52,3224;4,0773;74,2188;
2026 02 03 09:23:27:578;0,292;13;3;12,8326;1,3747;52,3224;4,0773;78,125;
2026 02 03 09:23:27:580;0,292;13;3;12,8326;1,3747;52,3224;4,0773;70,3125;
2026 02 03 09:23:27:582;0,292;13;3;12,8326;1,3747;52,3224;4,0773;58,5938;
2026 02 03 09:23:27:584;0,292;13;3;12,8326;1,3747;52,3224;4,0773;50,7813;
2026 02 03 09:23:27:586;0,292;13;3;12,8326;1,3747;52,3224;4,0773;27,3438;
2026 02 03 09:23:27:588;0,292;13;3;12,8326;1,3747;52,3224;4,0773;62,5;
2026 02 03 09:23:27:590;0,292;13;3;12,8326;1,3747;52,3224;4,0773;62,5;
2026 02 03 09:23:27:592;0,292;13;3;12,8326;1,3747;52,3224;4,0773;62,5;
2026 02 03 09:23:27:594;0,292;13;3;12,8326;1,3747;52,3224;4,0773;62,5;
2026 02 03 09:23:27:596;0,292;13;3;12,8326;1,3747;52,3224;4,0773;78,125;
2026 02 03 09:23:27:598;0,292;13;3;12,8326;1,3747;52,3224;4,0773;78,125;
2026 02 03 09:23:27:600;0,292;13;3;12,8326;1,3747;52,3224;4,0773;74,2188;
2026 02 03 09:23:27:602;0,292;13;3;12,8326;1,3747;52,3224;4,0773;50,7813;
2026 02 03 09:23:27:604;0,292;13;3;12,8326;1,3747;52,3224;4,0773;42,9688;
2026 02 03 09:23:27:606;0,292;13;3;12,8326;1,3747;52,3224;4,0773;27,3438;
2026 02 03 09:23:27:608;0,292;13;3;12,8326;1,3747;52,3224;4,0773;62,5;
2026 02 03 09:23:27:610;0,292;13;3;12,8326;1,3747;52,3224;4,0773;62,5;
2026 02 03 09:23:27:612;0,292;13;3;12,8326;1,3747;52,3224;4,0773;58,5938;
2026 02 03 09:23:27:614;0,292;13;3;12,8326;1,3747;52,3224;4,0773;62,5;
2026 02 03 09:23:27:616;0,292;13;3;12,8326;1,3747;52,3224;4,0773;78,125;
2026 02 03 09:23:27:618;0,292;13;3;12,8326;1,3747;52,3224;4,0773;74,2188;
2026 02 03 09:23:27:620;0,292;13;3;12,9089;1,3845;54,7638;4,2423;74,2188;
2026 02 03 09:23:27:622;0,292;13;3;12,9089;1,3845;54,7638;4,2423;50,7813;
2026 02 03 09:23:27:624;0,292;13;3;12,9089;1,3845;54,7638;4,2423;42,9688;
2026 02 03 09:23:27:626;0,292;13;3;12,9089;1,3845;54,7638;4,2423;27,3438;
2026 02 03 09:23:27:628;0,292;13;3;12,9089;1,3845;54,7638;4,2423;62,5;
2026 02 03 09:23:27:630;0,292;13;3;12,9089;1,3845;54,7638;4,2423;62,5;
2026 02 03 09:23:27:632;0,292;13;3;12,9089;1,3845;54,7638;4,2423;62,5;
2026 02 03 09:23:27:634;0,292;13;3;12,9089;1,3845;54,7638;4,2423;62,5;
2026 02 03 09:23:27:636;0,292;13;3;12,9089;1,3845;54,7638;4,2423;78,125;
2026 02 03 09:23:27:638;0,292;13;3;12,9089;1,3845;54,7638;4,2423;74,2188;
2026 02 03 09:23:27:640;0,292;13;3;12,9089;1,3845;54,7638;4,2423;70,3125;
2026 02 03 09:23:27:642;0,292;13;3;12,9089;1,3845;54,7638;4,2423;50,7813;
2026 02 03 09:23:27:644;0,292;13;3;12,9089;1,3845;54,7638;4,2423;46,875;
2026 02 03 09:23:27:646;0,292;13;3;12,9089;1,3845;54,7638;4,2423;31,25;
2026 02 03 09:23:27:648;0,292;13;3;12,9089;1,3845;54,7638;4,2423;62,5;
2026 02 03 09:23:27:650;0,292;13;3;12,9089;1,3845;54,7638;4,2423;62,5;
2026 02 03 09:23:27:652;0,292;13;3;12,9089;1,3845;54,7638;4,2423;62,5;
2026 02 03 09:23:27:654;0,292;13;3;12,9089;1,3845;54,7638;4,2423;62,5;
2026 02 03 09:23:27:656;0,292;13;3;12,9089;1,3845;54,7638;4,2423;78,125;
2026 02 03 09:23:27:658;0,292;13;3;12,9089;1,3845;54,7638;4,2423;78,125;
2026 02 03 09:23:27:660;0,292;13;3;12,9089;1,3845;54,7638;4,2423;74,2188;
2026 02 03 09:23:27:662;0,292;13;3;12,9089;1,3845;54,7638;4,2423;50,7813;
2026 02 03 09:23:27:664;0,292;13;3;12,9089;1,3845;54,7638;4,2423;39,0625;
2026 02 03 09:23:27:666;0,292;13;3;12,9089;1,3845;54,7638;4,2423;27,3438;
2026 02 03 09:23:27:668;0,292;13;3;12,9089;1,3845;54,7638;4,2423;58,5938;
2026 02 03 09:23:27:670;0,292;13;3;12,9089;1,3845;54,7638;4,2423;62,5;
2026 02 03 09:23:27:672;0,292;13;3;12,9089;1,3845;54,7638;4,2423;62,5;
2026 02 03 09:23:27:674;0,292;13;3;12,9089;1,3845;54,7638;4,2423;58,5938;
2026 02 03 09:23:27:676;0,292;13;3;12,9089;1,3845;54,7638;4,2423;74,2188;
2026 02 03 09:23:27:678;0,292;13;3;12,9089;1,3845;54,7638;4,2423;74,2188;
2026 02 03 09:23:27:680;0,292;13;3;12,9089;1,3845;54,7638;4,2423;66,4063;
2026 02 03 09:23:27:682;0,292;13;3;12,9089;1,3845;54,7638;4,2423;46,875;
2026 02 03 09:23:27:684;0,292;13;3;12,9089;1,3845;54,7638;4,2423;39,0625;
2026 02 03 09:23:27:686;0,292;13;3;12,9089;1,3845;54,7638;4,2423;27,3438;
2026 02 03 09:23:27:688;0,292;13;3;12,9089;1,3845;54,7638;4,2423;58,5938;
2026 02 03 09:23:27:690;0,292;13;3;12,9089;1,3845;54,7638;4,2423;58,5938;
2026 02 03 09:23:27:692;0,292;13;3;12,9089;1,3845;54,7638;4,2423;58,5938;
2026 02 03 09:23:27:694;0,292;13;3;12,9089;1,3845;54,7638;4,2423;58,5938;
2026 02 03 09:23:27:696;0,292;13;3;12,9089;1,3845;54,7638;4,2423;74,2188;
2026 02 03 09:23:27:698;0,292;13;3;12,9089;1,3845;54,7638;4,2423;74,2188;
2026 02 03 09:23:27:700;0,292;13;3;12,9089;1,3845;54,7638;4,2423;66,4063;
2026 02 03 09:23:27:702;0,292;13;3;12,9089;1,3845;54,7638;4,2423;46,875;
2026 02 03 09:23:27:704;0,292;13;3;12,9089;1,3845;54,7638;4,2423;39,0625;
2026 02 03 09:23:27:706;0,292;13;3;12,9089;1,3845;54,7638;4,2423;31,25;
2026 02 03 09:23:27:708;0,292;13;3;12,9089;1,3845;54,7638;4,2423;58,5938;
2026 02 03 09:23:27:710;0,292;13;3;12,9089;1,3845;54,7638;4,2423;62,5;
2026 02 03 09:23:27:712;0,292;13;3;12,9089;1,3845;54,7638;4,2423;58,5938;
2026 02 03 09:23:27:714;0,292;13;3;12,9089;1,3845;54,7638;4,2423;58,5938;
2026 02 03 09:23:27:716;0,292;13;3;12,9089;1,3845;54,7638;4,2423;74,2188;
2026 02 03 09:23:27:718;0,292;13;3;12,9089;1,3845;54,7638;4,2423;78,125;
2026 02 03 09:23:27:720;0,292;13;3;12,9089;1,3845;54,7638;4,2423;66,4063;
2026 02 03 09:23:27:722;0,292;13;3;12,9089;1,3845;54,7638;4,2423;46,875;
2026 02 03 09:23:27:724;0,292;13;3;12,9089;1,3845;54,7638;4,2423;39,0625;
2026 02 03 09:23:27:726;0,292;13;3;12,9089;1,3845;54,7638;4,2423;27,3438;
2026 02 03 09:23:27:728;0,292;13;3;12,9089;1,3845;54,7638;4,2423;58,5938;
2026 02 03 09:23:27:730;0,292;13;3;12,9089;1,3845;54,7638;4,2423;58,5938;
2026 02 03 09:23:27:732;0,292;13;3;12,9089;1,3845;54,7638;4,2423;58,5938;
2026 02 03 09:23:27:734;0,292;13;3;12,9089;1,3845;54,7638;4,2423;62,5;
2026 02 03 09:23:27:736;0,292;13;3;12,9089;1,3845;54,7638;4,2423;74,2188;
2026 02 03 09:23:27:738;0,292;13;3;12,9089;1,3845;54,7638;4,2423;74,2188;
2026 02 03 09:23:27:740;0,292;13;3;12,9089;1,3845;54,7638;4,2423;66,4063;
2026 02 03 09:23:27:742;0,292;13;3;12,9089;1,3845;54,7638;4,2423;46,875;
2026 02 03 09:23:27:744;0,292;13;3;12,9089;1,3845;54,7638;4,2423;39,0625;
2026 02 03 09:23:27:746;0,292;13;3;12,9089;1,3845;54,7638;4,2423;27,3438;
2026 02 03 09:23:27:748;0,292;13;3;12,9089;1,3845;54,7638;4,2423;58,5938;
2026 02 03 09:23:27:750;0,292;13;3;12,9089;1,3845;54,7638;4,2423;58,5938;
2026 02 03 09:23:27:752;0,292;13;3;12,9089;1,3845;54,7638;4,2423;58,5938;
2026 02 03 09:23:27:754;0,292;13;3;12,9089;1,3845;54,7638;4,2423;62,5;
2026 02 03 09:23:27:756;0,292;13;3;12,9089;1,3845;54,7638;4,2423;74,2188;
2026 02 03 09:23:27:758;0,292;13;3;12,9089;1,3845;54,7638;4,2423;74,2188;
2026 02 03 09:23:27:760;0,292;13;3;12,9089;1,3845;54,7638;4,2423;66,4063;
2026 02 03 09:23:27:762;0,292;13;3;12,9089;1,3845;54,7638;4,2423;46,875;
2026 02 03 09:23:27:764;0,292;13;3;12,9089;1,3845;54,7638;4,2423;39,0625;
2026 02 03 09:23:27:766;0,292;13;3;12,9089;1,3845;54,7638;4,2423;23,4375;
2026 02 03 09:23:27:768;0,292;13;3;12,9089;1,3845;54,7638;4,2423;58,5938;
2026 02 03 09:23:27:770;0,292;13;3;12,9089;1,3845;54,7638;4,2423;58,5938;
2026 02 03 09:23:27:772;0,292;13;3;12,9089;1,3845;54,7638;4,2423;58,5938;
2026 02 03 09:23:27:774;0,292;13;3;12,9089;1,3845;54,7638;4,2423;58,5938;
2026 02 03 09:23:27:776;0,292;13;3;12,9089;1,3845;54,7638;4,2423;70,3125;
2026 02 03 09:23:27:778;0,292;13;3;12,9089;1,3845;54,7638;4,2423;74,2188;
2026 02 03 09:23:27:780;0,292;13;3;12,9089;1,3845;54,7638;4,2423;66,4063;
2026 02 03 09:23:27:782;0,292;13;3;12,9089;1,3845;54,7638;4,2423;54,6875;
2026 02 03 09:23:27:784;0,292;13;3;12,9089;1,3845;54,7638;4,2423;42,9688;
2026 02 03 09:23:27:786;0,292;13;3;12,9089;1,3845;54,7638;4,2423;23,4375;
2026 02 03 09:23:27:788;0,292;13;3;12,9089;1,3845;54,7638;4,2423;58,5938;
2026 02 03 09:23:27:790;0,292;13;3;12,9089;1,3845;54,7638;4,2423;58,5938;
2026 02 03 09:23:27:792;0,292;13;3;12,9089;1,3845;54,7638;4,2423;58,5938;
2026 02 03 09:23:27:794;0,292;13;3;12,9089;1,3845;54,7638;4,2423;58,5938;
2026 02 03 09:23:27:796;0,292;13;3;12,9089;1,3845;54,7638;4,2423;74,2188;
2026 02 03 09:23:27:798;0,292;13;3;12,9089;1,3845;54,7638;4,2423;74,2188;
2026 02 03 09:23:27:800;0,292;13;3;12,9089;1,3845;54,7638;4,2423;66,4063;
2026 02 03 09:23:27:802;0,292;13;3;12,9089;1,3845;54,7638;4,2423;46,875;
2026 02 03 09:23:27:804;0,292;13;3;12,9089;1,3845;54,7638;4,2423;39,0625;
2026 02 03 09:23:27:806;0,292;13;3;12,9089;1,3845;54,7638;4,2423;23,4375;
2026 02 03 09:23:27:808;0,292;13;3;12,9089;1,3845;54,7638;4,2423;58,5938;
2026 02 03 09:23:27:810;0,292;13;3;12,9089;1,3845;54,7638;4,2423;58,5938;
2026 02 03 09:23:27:812;0,292;13;3;12,9089;1,3845;54,7638;4,2423;58,5938;
2026 02 03 09:23:27:814;0,292;13;3;12,9089;1,3845;54,7638;4,2423;58,5938;
2026 02 03 09:23:27:816;0,292;13;3;12,9089;1,3845;54,7638;4,2423;74,2188;
2026 02 03 09:23:27:818;0,292;13;3;12,9089;1,3845;54,7638;4,2423;70,3125;
2026 02 03 09:23:27:820;0,292;13;3;12,9089;1,3845;54,7638;4,2423;66,4063;
2026 02 03 09:23:27:822;0,292;13;3;12,9089;1,3845;54,7638;4,2423;46,875;
2026 02 03 09:23:27:824;0,292;13;3;12,9089;1,3845;54,7638;4,2423;39,0625;
2026 02 03 09:23:27:826;0,292;13;3;12,9089;1,3845;54,7638;4,2423;27,3438;
2026 02 03 09:23:27:828;0,292;13;3;12,9089;1,3845;54,7638;4,2423;58,5938;
2026 02 03 09:23:27:830;0,292;13;3;12,9089;1,3845;54,7638;4,2423;58,5938;
2026 02 03 09:23:27:832;0,292;13;3;12,9089;1,3845;54,7638;4,2423;58,5938;
2026 02 03 09:23:27:834;0,292;13;3;12,9089;1,3845;54,7638;4,2423;58,5938;
2026 02 03 09:23:27:836;0,292;13;3;12,9089;1,3845;54,7638;4,2423;74,2188;
2026 02 03 09:23:27:838;0,292;13;3;12,9089;1,3845;54,7638;4,2423;66,4063;
2026 02 03 09:23:27:840;0,292;13;3;12,9089;1,3845;54,7638;4,2423;62,5;
2026 02 03 09:23:27:842;0,292;13;3;12,9089;1,3845;54,7638;4,2423;50,7813;
2026 02 03 09:23:27:844;0,292;13;3;12,9089;1,3845;54,7638;4,2423;46,875;
2026 02 03 09:23:27:846;0,292;13;3;12,9089;1,3845;54,7638;4,2423;23,4375;
2026 02 03 09:23:27:848;0,292;13;3;12,9089;1,3845;54,7638;4,2423;58,5938;
2026 02 03 09:23:27:850;0,292;13;3;12,9089;1,3845;54,7638;4,2423;58,5938;
2026 02 03 09:23:27:852;0,292;13;3;12,9089;1,3845;54,7638;4,2423;58,5938;
2026 02 03 09:23:27:854;0,292;13;3;12,9089;1,3845;54,7638;4,2423;58,5938;
2026 02 03 09:23:27:856;0,292;13;3;12,9089;1,3845;54,7638;4,2423;70,3125;
2026 02 03 09:23:27:858;0,292;13;3;12,9089;1,3845;54,7638;4,2423;74,2188;
2026 02 03 09:23:27:860;0,292;13;3;12,9089;1,3845;54,7638;4,2423;66,4063;
2026 02 03 09:23:27:862;0,292;13;3;12,9089;1,3845;54,7638;4,2423;46,875;
2026 02 03 09:23:27:864;0,292;13;3;12,9089;1,3845;54,7638;4,2423;35,1563;
2026 02 03 09:23:27:866;0,292;13;3;12,9089;1,3845;54,7638;4,2423;23,4375;
2026 02 03 09:23:27:868;0,292;13;3;12,9089;1,3845;54,7638;4,2423;58,5938;
2026 02 03 09:23:27:870;0,292;13;3;12,9089;1,3845;54,7638;4,2423;58,5938;
2026 02 03 09:23:27:872;0,292;13;3;12,9089;1,3845;54,7638;4,2423;58,5938;
2026 02 03 09:23:27:874;0,292;13;3;12,9089;1,3845;54,7638;4,2423;58,5938;
2026 02 03 09:23:27:876;0,292;13;3;12,9089;1,3845;54,7638;4,2423;70,3125;
2026 02 03 09:23:27:878;0,292;13;3;12,9089;1,3845;54,7638;4,2423;74,2188;
2026 02 03 09:23:27:880;0,292;13;3;12,9089;1,3845;54,7638;4,2423;66,4063;
2026 02 03 09:23:27:882;0,292;13;3;12,9089;1,3845;54,7638;4,2423;46,875;
2026 02 03 09:23:27:884;0,292;13;3;12,9089;1,3845;54,7638;4,2423;35,1563;
2026 02 03 09:23:27:886;0,292;13;3;12,9089;1,3845;54,7638;4,2423;23,4375;
2026 02 03 09:23:27:888;0,292;13;3;12,9089;1,3845;54,7638;4,2423;54,6875;
2026 02 03 09:23:27:890;0,292;13;3;12,9089;1,3845;54,7638;4,2423;58,5938;
2026 02 03 09:23:27:892;0,292;13;3;12,9089;1,3845;54,7638;4,2423;58,5938;
2026 02 03 09:23:27:894;0,292;13;3;12,9089;1,3845;54,7638;4,2423;58,5938;
2026 02 03 09:23:27:896;0,292;13;3;12,9089;1,3845;54,7638;4,2423;74,2188;
2026 02 03 09:23:27:898;0,292;13;3;12,9089;1,3845;54,7638;4,2423;66,4063;
2026 02 03 09:23:27:900;0,292;13;3;12,9089;1,3845;54,7638;4,2423;62,5;
2026 02 03 09:23:27:902;0,292;13;3;12,9089;1,3845;54,7638;4,2423;42,9688;
2026 02 03 09:23:27:904;0,292;13;3;12,9089;1,3845;54,7638;4,2423;35,1563;
2026 02 03 09:23:27:906;0,292;13;3;12,9089;1,3845;54,7638;4,2423;27,3438;
2026 02 03 09:23:27:908;0,292;13;3;12,9089;1,3845;54,7638;4,2423;58,5938;
2026 02 03 09:23:27:910;0,292;13;3;12,9089;1,3845;54,7638;4,2423;58,5938;
2026 02 03 09:23:27:912;0,292;13;3;12,9089;1,3845;54,7638;4,2423;58,5938;
2026 02 03 09:23:27:914;0,292;13;3;12,9089;1,3845;54,7638;4,2423;58,5938;
2026 02 03 09:23:27:916;0,292;13;3;12,9089;1,3845;54,7638;4,2423;74,2188;
2026 02 03 09:23:27:918;0,292;13;3;12,9547;1,4733;53,2532;4,1107;74,2188;
2026 02 03 09:23:27:920;0,292;13;3;12,9547;1,4733;53,2532;4,1107;62,5;
2026 02 03 09:23:27:922;0,292;13;3;12,9547;1,4733;53,2532;4,1107;46,875;
2026 02 03 09:23:27:924;0,292;13;3;12,9547;1,4733;53,2532;4,1107;35,1563;
2026 02 03 09:23:27:926;0,292;13;3;12,9547;1,4733;53,2532;4,1107;23,4375;
2026 02 03 09:23:27:928;0,292;13;3;12,9547;1,4733;53,2532;4,1107;58,5938;
2026 02 03 09:23:27:930;0,292;13;3;12,9547;1,4733;53,2532;4,1107;58,5938;
2026 02 03 09:23:27:932;0,292;13;3;12,9547;1,4733;53,2532;4,1107;58,5938;
2026 02 03 09:23:27:934;0,292;13;3;12,9547;1,4733;53,2532;4,1107;58,5938;
2026 02 03 09:23:27:936;0,292;13;3;12,9547;1,4733;53,2532;4,1107;74,2188;
2026 02 03 09:23:27:938;0,292;13;3;12,9547;1,4733;53,2532;4,1107;70,3125;
2026 02 03 09:23:27:940;0,292;13;3;12,9547;1,4733;53,2532;4,1107;66,4063;
2026 02 03 09:23:27:942;0,292;13;3;12,9547;1,4733;53,2532;4,1107;46,875;
2026 02 03 09:23:27:944;0,292;13;3;12,9547;1,4733;53,2532;4,1107;35,1563;
2026 02 03 09:23:27:946;0,292;13;3;12,9547;1,4733;53,2532;4,1107;23,4375;
2026 02 03 09:23:27:948;0,292;13;3;12,9547;1,4733;53,2532;4,1107;58,5938;
2026 02 03 09:23:27:950;0,292;13;3;12,9547;1,4733;53,2532;4,1107;58,5938;
2026 02 03 09:23:27:952;0,292;13;3;12,9547;1,4733;53,2532;4,1107;58,5938;
2026 02 03 09:23:27:954;0,292;13;3;12,9547;1,4733;53,2532;4,1107;58,5938;
2026 02 03 09:23:27:956;0,292;13;3;12,9547;1,4733;53,2532;4,1107;74,2188;
2026 02 03 09:23:27:958;0,292;13;3;12,9547;1,4733;53,2532;4,1107;70,3125;
2026 02 03 09:23:27:960;0,292;13;3;12,9547;1,4733;53,2532;4,1107;66,4063;
2026 02 03 09:23:27:962;0,292;13;3;12,9547;1,4733;53,2532;4,1107;42,9688;
2026 02 03 09:23:27:964;0,292;13;3;12,9547;1,4733;53,2532;4,1107;35,1563;
2026 02 03 09:23:27:966;0,292;13;3;12,9547;1,4733;53,2532;4,1107;27,3438;
2026 02 03 09:23:27:968;0,292;13;3;12,9547;1,4733;53,2532;4,1107;54,6875;
2026 02 03 09:23:27:970;0,292;13;3;12,9547;1,4733;53,2532;4,1107;54,6875;
2026 02 03 09:23:27:972;0,292;13;3;12,9547;1,4733;53,2532;4,1107;58,5938;
2026 02 03 09:23:27:974;0,292;13;3;12,9547;1,4733;53,2532;4,1107;54,6875;
2026 02 03 09:23:27:976;0,292;13;3;12,9547;1,4733;53,2532;4,1107;70,3125;
2026 02 03 09:23:27:978;0,292;13;3;12,9547;1,4733;53,2532;4,1107;74,2188;
2026 02 03 09:23:27:980;0,292;13;3;12,9547;1,4733;53,2532;4,1107;62,5;
2026 02 03 09:23:27:982;0,292;13;3;12,9547;1,4733;53,2532;4,1107;46,875;
2026 02 03 09:23:27:984;0,292;13;3;12,9547;1,4733;53,2532;4,1107;39,0625;
2026 02 03 09:23:27:986;0,292;13;3;12,9547;1,4733;53,2532;4,1107;23,4375;
2026 02 03 09:23:27:988;0,292;13;3;12,9547;1,4733;53,2532;4,1107;54,6875;
2026 02 03 09:23:27:990;0,292;13;3;12,9547;1,4733;53,2532;4,1107;54,6875;
2026 02 03 09:23:27:992;0,292;13;3;12,9547;1,4733;53,2532;4,1107;54,6875;
2026 02 03 09:23:27:994;0,292;13;3;12,9547;1,4733;53,2532;4,1107;58,5938;
2026 02 03 09:23:27:996;0,292;13;3;12,9547;1,4733;53,2532;4,1107;74,2188;
2026 02 03 09:23:27:998;0,292;13;3;12,9547;1,4733;53,2532;4,1107;66,4063;
2026 02 03 09:23:28:000;0,292;13;3;12,9547;1,4733;53,2532;4,1107;66,4063;
2026 02 03 09:23:28:002;0,292;13;3;12,9547;1,4733;53,2532;4,1107;46,875;
2026 02 03 09:23:28:004;0,292;13;3;12,9547;1,4733;53,2532;4,1107;39,0625;
2026 02 03 09:23:28:006;0,292;13;3;12,9547;1,4733;53,2532;4,1107;23,4375;
2026 02 03 09:23:28:008;0,292;13;3;12,9547;1,4733;53,2532;4,1107;58,5938;
2026 02 03 09:23:28:010;0,292;13;3;12,9547;1,4733;53,2532;4,1107;58,5938;
2026 02 03 09:23:28:012;0,292;13;3;12,9547;1,4733;53,2532;4,1107;58,5938;
2026 02 03 09:23:28:014;0,292;13;3;12,9547;1,4733;53,2532;4,1107;58,5938;
2026 02 03 09:23:28:016;0,292;13;3;12,9547;1,4733;53,2532;4,1107;70,3125;
2026 02 03 09:23:28:018;0,292;13;3;12,9547;1,4733;53,2532;4,1107;70,3125;
2026 02 03 09:23:28:020;0,292;13;3;12,9547;1,4733;53,2532;4,1107;62,5;
2026 02 03 09:23:28:022;0,292;13;3;12,9547;1,4733;53,2532;4,1107;46,875;
2026 02 03 09:23:28:024;0,292;13;3;12,9547;1,4733;53,2532;4,1107;35,1563;
2026 02 03 09:23:28:026;0,292;13;3;12,9547;1,4733;53,2532;4,1107;23,4375;
2026 02 03 09:23:28:028;0,292;13;3;12,9547;1,4733;53,2532;4,1107;58,5938;
2026 02 03 09:23:28:030;0,292;13;3;12,9547;1,4733;53,2532;4,1107;54,6875;
2026 02 03 09:23:28:032;0,292;13;3;12,9547;1,4733;53,2532;4,1107;54,6875;
2026 02 03 09:23:28:034;0,292;13;3;12,9547;1,4733;53,2532;4,1107;58,5938;
2026 02 03 09:23:28:036;0,292;13;3;12,9547;1,4733;53,2532;4,1107;70,3125;
2026 02 03 09:23:28:038;0,292;13;3;12,9547;1,4733;53,2532;4,1107;70,3125;
2026 02 03 09:23:28:040;0,292;13;3;12,9547;1,4733;53,2532;4,1107;62,5;
2026 02 03 09:23:28:042;0,292;13;3;12,9547;1,4733;53,2532;4,1107;50,7813;
2026 02 03 09:23:28:044;0,292;13;3;12,9547;1,4733;53,2532;4,1107;39,0625;
2026 02 03 09:23:28:046;0,292;13;3;12,9547;1,4733;53,2532;4,1107;23,4375;
2026 02 03 09:23:28:048;0,292;13;3;12,9547;1,4733;53,2532;4,1107;54,6875;
2026 02 03 09:23:28:050;0,292;13;3;12,9547;1,4733;53,2532;4,1107;54,6875;
2026 02 03 09:23:28:052;0,292;13;3;12,9547;1,4733;53,2532;4,1107;54,6875;
2026 02 03 09:23:28:054;0,292;13;3;12,9547;1,4733;53,2532;4,1107;58,5938;
2026 02 03 09:23:28:056;0,292;13;3;12,9547;1,4733;53,2532;4,1107;70,3125;
2026 02 03 09:23:28:058;0,292;13;3;12,9547;1,4733;53,2532;4,1107;70,3125;
2026 02 03 09:23:28:060;0,292;13;3;12,9547;1,4733;53,2532;4,1107;62,5;
2026 02 03 09:23:28:062;0,292;13;3;12,9547;1,4733;53,2532;4,1107;46,875;
2026 02 03 09:23:28:064;0,292;13;3;12,9547;1,4733;53,2532;4,1107;35,1563;
2026 02 03 09:23:28:066;0,292;13;3;12,9547;1,4733;53,2532;4,1107;19,5313;
2026 02 03 09:23:28:068;0,292;13;3;12,9547;1,4733;53,2532;4,1107;54,6875;
2026 02 03 09:23:28:070;0,292;13;3;12,9547;1,4733;53,2532;4,1107;54,6875;
2026 02 03 09:23:28:072;0,292;13;3;12,9547;1,4733;53,2532;4,1107;54,6875;
2026 02 03 09:23:28:074;0,292;13;3;12,9547;1,4733;53,2532;4,1107;54,6875;
2026 02 03 09:23:28:076;0,292;13;3;12,9547;1,4733;53,2532;4,1107;70,3125;
2026 02 03 09:23:28:078;0,292;13;3;12,9547;1,4733;53,2532;4,1107;66,4063;
2026 02 03 09:23:28:080;0,292;13;3;12,9547;1,4733;53,2532;4,1107;62,5;
2026 02 03 09:23:28:082;0,292;13;3;12,9547;1,4733;53,2532;4,1107;42,9688;
2026 02 03 09:23:28:084;0,292;13;3;12,9547;1,4733;53,2532;4,1107;35,1563;
2026 02 03 09:23:28:086;0,292;13;3;12,9547;1,4733;53,2532;4,1107;19,5313;
2026 02 03 09:23:28:088;0,292;13;3;12,9547;1,4733;53,2532;4,1107;54,6875;
2026 02 03 09:23:28:090;0,292;13;3;12,9547;1,4733;53,2532;4,1107;54,6875;
2026 02 03 09:23:28:092;0,292;13;3;12,9547;1,4733;53,2532;4,1107;54,6875;
2026 02 03 09:23:28:094;0,292;13;3;12,9547;1,4733;53,2532;4,1107;54,6875;
2026 02 03 09:23:28:096;0,292;13;3;12,9547;1,4733;53,2532;4,1107;70,3125;
2026 02 03 09:23:28:098;0,292;13;3;12,9547;1,4733;53,2532;4,1107;62,5;
2026 02 03 09:23:28:100;0,292;13;3;12,9547;1,4733;53,2532;4,1107;58,5938;
2026 02 03 09:23:28:102;0,292;13;3;12,9547;1,4733;53,2532;4,1107;46,875;
2026 02 03 09:23:28:104;0,292;13;3;12,9547;1,4733;53,2532;4,1107;39,0625;
2026 02 03 09:23:28:106;0,292;13;3;12,9547;1,4733;53,2532;4,1107;23,4375;
2026 02 03 09:23:28:108;0,292;13;3;12,9547;1,4733;53,2532;4,1107;54,6875;
2026 02 03 09:23:28:110;0,292;13;3;12,9547;1,4733;53,2532;4,1107;54,6875;
2026 02 03 09:23:28:112;0,292;13;3;12,9547;1,4733;53,2532;4,1107;54,6875;
2026 02 03 09:23:28:114;0,292;13;3;12,9547;1,4733;53,2532;4,1107;54,6875;
2026 02 03 09:23:28:116;0,292;13;3;12,9547;1,4733;53,2532;4,1107;70,3125;
2026 02 03 09:23:28:118;0,292;13;3;12,9547;1,4733;53,2532;4,1107;70,3125;
2026 02 03 09:23:28:120;0,292;13;3;12,9547;1,4733;53,2532;4,1107;62,5;
2026 02 03 09:23:28:122;0,292;13;3;12,9547;1,4733;53,2532;4,1107;42,9688;
2026 02 03 09:23:28:124;0,292;13;3;12,9547;1,4733;53,2532;4,1107;35,1563;
2026 02 03 09:23:28:126;0,292;13;3;12,9547;1,4733;53,2532;4,1107;23,4375;
2026 02 03 09:23:28:128;0,292;13;3;12,9547;1,4733;53,2532;4,1107;54,6875;
2026 02 03 09:23:28:130;0,292;13;3;12,9547;1,4733;53,2532;4,1107;54,6875;
2026 02 03 09:23:28:132;0,292;13;3;12,9547;1,4733;53,2532;4,1107;54,6875;
2026 02 03 09:23:28:134;0,292;13;3;12,9547;1,4733;53,2532;4,1107;58,5938;
2026 02 03 09:23:28:136;0,292;13;3;12,9547;1,4733;53,2532;4,1107;70,3125;
2026 02 03 09:23:28:138;0,292;13;3;12,9547;1,4733;53,2532;4,1107;70,3125;
2026 02 03 09:23:28:140;0,292;13;3;12,9547;1,4733;53,2532;4,1107;62,5;
2026 02 03 09:23:28:142;0,292;13;3;12,9547;1,4733;53,2532;4,1107;42,9688;
2026 02 03 09:23:28:144;0,292;13;3;12,9547;1,4733;53,2532;4,1107;31,25;
2026 02 03 09:23:28:146;0,292;13;3;12,9547;1,4733;53,2532;4,1107;19,5313;
2026 02 03 09:23:28:148;0,292;13;3;12,9547;1,4733;53,2532;4,1107;54,6875;
2026 02 03 09:23:28:150;0,292;13;3;12,9547;1,4733;53,2532;4,1107;54,6875;
2026 02 03 09:23:28:152;0,292;13;3;12,9547;1,4733;53,2532;4,1107;54,6875;
2026 02 03 09:23:28:154;0,292;13;3;12,9547;1,4733;53,2532;4,1107;58,5938;
2026 02 03 09:23:28:156;0,292;13;3;12,9547;1,4733;53,2532;4,1107;70,3125;
2026 02 03 09:23:28:158;0,292;13;3;12,9547;1,4733;53,2532;4,1107;66,4063;
2026 02 03 09:23:28:160;0,292;13;3;12,9547;1,4733;53,2532;4,1107;58,5938;
2026 02 03 09:23:28:162;0,292;13;3;12,9547;1,4733;53,2532;4,1107;39,0625;
2026 02 03 09:23:28:164;0,292;13;3;12,9547;1,4733;53,2532;4,1107;35,1563;
2026 02 03 09:23:28:166;0,292;13;3;12,9547;1,4733;53,2532;4,1107;23,4375;
2026 02 03 09:23:28:168;0,292;13;3;12,9547;1,4733;53,2532;4,1107;54,6875;
2026 02 03 09:23:28:170;0,292;13;3;12,9547;1,4733;53,2532;4,1107;54,6875;
2026 02 03 09:23:28:172;0,292;13;3;12,9547;1,4733;53,2532;4,1107;54,6875;
2026 02 03 09:23:28:174;0,292;13;3;12,9547;1,4733;53,2532;4,1107;54,6875;
2026 02 03 09:23:28:176;0,292;13;3;12,9547;1,4733;53,2532;4,1107;70,3125;
2026 02 03 09:23:28:178;0,292;13;3;12,9547;1,4733;53,2532;4,1107;74,2188;
2026 02 03 09:23:28:180;0,292;13;3;12,9547;1,4733;53,2532;4,1107;62,5;
2026 02 03 09:23:28:182;0,292;13;3;12,9547;1,4733;53,2532;4,1107;42,9688;
2026 02 03 09:23:28:184;0,292;13;3;12,9547;1,4733;53,2532;4,1107;31,25;
2026 02 03 09:23:28:186;0,292;13;3;12,9547;1,4733;53,2532;4,1107;15,625;
2026 02 03 09:23:28:188;0,292;13;3;12,9547;1,4733;53,2532;4,1107;54,6875;
2026 02 03 09:23:28:190;0,292;13;3;12,9547;1,4733;53,2532;4,1107;54,6875;
2026 02 03 09:23:28:192;0,292;13;3;12,9547;1,4733;53,2532;4,1107;54,6875;
2026 02 03 09:23:28:194;0,292;13;3;12,9547;1,4733;53,2532;4,1107;54,6875;
2026 02 03 09:23:28:196;0,292;13;3;12,9547;1,4733;53,2532;4,1107;70,3125;
2026 02 03 09:23:28:198;0,292;13;3;12,9547;1,4733;53,2532;4,1107;66,4063;
2026 02 03 09:23:28:200;0,292;13;3;12,9547;1,4733;53,2532;4,1107;62,5;
2026 02 03 09:23:28:202;0,292;13;3;12,9547;1,4733;53,2532;4,1107;42,9688;
2026 02 03 09:23:28:204;0,292;13;3;12,9547;1,4733;53,2532;4,1107;35,1563;
2026 02 03 09:23:28:206;0,292;13;3;12,9547;1,4733;53,2532;4,1107;23,4375;
2026 02 03 09:23:28:208;0,292;13;3;12,9547;1,4733;53,2532;4,1107;54,6875;
2026 02 03 09:23:28:210;0,292;13;3;12,9547;1,4733;53,2532;4,1107;54,6875;
2026 02 03 09:23:28:212;0,292;13;3;12,9547;1,4733;53,2532;4,1107;54,6875;
2026 02 03 09:23:28:214;0,292;13;3;12,9547;1,4733;53,2532;4,1107;54,6875;
2026 02 03 09:23:28:216;0,292;13;3;12,9547;1,4733;53,2532;4,1107;70,3125;
2026 02 03 09:23:28:218;0,292;13;3;12,9547;1,4733;53,2532;4,1107;70,3125;
2026 02 03 09:23:28:220;0,293;13;3;12,9242;1,4228;56,2286;4,3506;62,5;
2026 02 03 09:23:28:222;0,293;13;3;12,9242;1,4228;56,2286;4,3506;39,0625;
2026 02 03 09:23:28:224;0,293;13;3;12,9242;1,4228;56,2286;4,3506;35,1563;
2026 02 03 09:23:28:226;0,293;13;3;12,9242;1,4228;56,2286;4,3506;19,5313;
2026 02 03 09:23:28:228;0,293;13;3;12,9242;1,4228;56,2286;4,3506;54,6875;
2026 02 03 09:23:28:230;0,293;13;3;12,9242;1,4228;56,2286;4,3506;54,6875;
2026 02 03 09:23:28:232;0,293;13;3;12,9242;1,4228;56,2286;4,3506;54,6875;
2026 02 03 09:23:28:234;0,293;13;3;12,9242;1,4228;56,2286;4,3506;54,6875;
2026 02 03 09:23:28:236;0,293;13;3;12,9242;1,4228;56,2286;4,3506;70,3125;
2026 02 03 09:23:28:238;0,293;13;3;12,9242;1,4228;56,2286;4,3506;70,3125;
2026 02 03 09:23:28:240;0,293;13;3;12,9242;1,4228;56,2286;4,3506;62,5;
2026 02 03 09:23:28:242;0,293;13;3;12,9242;1,4228;56,2286;4,3506;46,875;
2026 02 03 09:23:28:244;0,293;13;3;12,9242;1,4228;56,2286;4,3506;39,0625;
2026 02 03 09:23:28:246;0,293;13;3;12,9242;1,4228;56,2286;4,3506;19,5313;
2026 02 03 09:23:28:248;0,293;13;3;12,9242;1,4228;56,2286;4,3506;54,6875;
2026 02 03 09:23:28:250;0,293;13;3;12,9242;1,4228;56,2286;4,3506;54,6875;
2026 02 03 09:23:28:252;0,293;13;3;12,9242;1,4228;56,2286;4,3506;54,6875;
2026 02 03 09:23:28:254;0,293;13;3;12,9242;1,4228;56,2286;4,3506;54,6875;
2026 02 03 09:23:28:256;0,293;13;3;12,9242;1,4228;56,2286;4,3506;70,3125;
2026 02 03 09:23:28:258;0,293;13;3;12,9242;1,4228;56,2286;4,3506;66,4063;
2026 02 03 09:23:28:260;0,293;13;3;12,9242;1,4228;56,2286;4,3506;62,5;
2026 02 03 09:23:28:262;0,293;13;3;12,9242;1,4228;56,2286;4,3506;42,9688;
2026 02 03 09:23:28:264;0,293;13;3;12,9242;1,4228;56,2286;4,3506;35,1563;
2026 02 03 09:23:28:266;0,293;13;3;12,9242;1,4228;56,2286;4,3506;19,5313;
2026 02 03 09:23:28:268;0,293;13;3;12,9242;1,4228;56,2286;4,3506;50,7813;
2026 02 03 09:23:28:270;0,293;13;3;12,9242;1,4228;56,2286;4,3506;54,6875;
2026 02 03 09:23:28:272;0,293;13;3;12,9242;1,4228;56,2286;4,3506;54,6875;
2026 02 03 09:23:28:274;0,293;13;3;12,9242;1,4228;56,2286;4,3506;54,6875;
2026 02 03 09:23:28:276;0,293;13;3;12,9242;1,4228;56,2286;4,3506;66,4063;
2026 02 03 09:23:28:278;0,293;13;3;12,9242;1,4228;56,2286;4,3506;66,4063;
2026 02 03 09:23:28:280;0,293;13;3;12,9242;1,4228;56,2286;4,3506;62,5;
2026 02 03 09:23:28:282;0,293;13;3;12,9242;1,4228;56,2286;4,3506;42,9688;
