Timestamp,Distance of optic sensor 0 [mm],Distance of optic sensor 1 [mm],RMS velocity spectrum ISO 10816 X [mm/s],RMS acceleration X [mg],RMS acceleration envelope X [mg],RMS raw data with frequency brands X [mg],Kurtosis method X [[1]],Peak to peak X [mg],Crest factor X [[1]],Analog raw input X [mg]
2026 02 02 09:39:30:103,-3.9675,-6.78875,"0,283",13,2,"11,7188","1,9685","48,7823","4,1628",0
2026 02 02 09:39:30:105,-3.9675,-6.78875,"0,283",13,2,"11,7188","1,9685","48,7823","4,1628",0
2026 02 02 09:39:30:107,-3.9675,-6.70125,"0,283",13,2,"11,7188","1,9685","48,7823","4,1628","27,3438"
2026 02 02 09:39:30:109,-3.9675,-6.70125,"0,283",13,2,"11,7188","1,9685","48,7823","4,1628","19,5313"
2026 02 02 09:39:30:111,-3.9675,-6.70125,"0,283",13,2,"11,7188","1,9685","48,7823","4,1628",0
2026 02 02 09:39:30:113,-3.9675,-6.70125,"0,283",13,2,"11,7188","1,9685","48,7823","4,1628","-7,8125"
2026 02 02 09:39:30:115,-3.9334,-6.70125,"0,283",13,2,"11,7188","1,9685","48,7823","4,1628","-3,9062"
2026 02 02 09:39:30:117,-3.9675,-6.78875,"0,283",13,2,"11,7188","1,9685","48,7823","4,1628",0
2026 02 02 09:39:30:119,-3.9675,-6.78875,"0,283",13,2,"11,7188","1,9685","48,7823","4,1628",0
2026 02 02 09:39:30:121,-3.9675,-6.70125,"0,283",13,2,"11,7188","1,9685","48,7823","4,1628","3,9063"
2026 02 02 09:39:30:123,-3.9675,-6.70125,"0,283",13,2,"11,7188","1,9685","48,7823","4,1628","-3,9062"
2026 02 02 09:39:30:125,-3.9675,-6.78875,"0,283",13,2,"11,7188","1,9685","48,7823","4,1628","3,9063"
2026 02 02 09:39:30:127,-3.9334,-6.70125,"0,283",13,2,"11,7188","1,9685","48,7823","4,1628","27,3438"
2026 02 02 09:39:30:129,-3.9675,-6.78875,"0,283",13,2,"11,7188","1,9685","48,7823","4,1628","19,5313"
2026 02 02 09:39:30:131,-3.9675,-6.78875,"0,283",13,2,"11,7188","1,9685","48,7823","4,1628",0
2026 02 02 09:39:30:133,-3.9675,-6.70125,"0,283",13,2,"11,7188","1,9685","48,7823","4,1628","-7,8125"
2026 02 02 09:39:30:135,-3.9985,-6.78875,"0,283",13,2,"11,7188","1,9685","48,7823","4,1628","-7,8125"
2026 02 02 09:39:30:137,-3.9675,-6.78875,"0,283",13,2,"11,7188","1,9685","48,7823","4,1628","3,9063"
2026 02 02 09:39:30:139,-3.9334,-6.78875,"0,283",13,2,"11,7188","1,9685","48,7823","4,1628","-3,9062"
2026 02 02 09:39:30:141,-3.9334,-6.78875,"0,283",13,2,"11,7188","1,9685","48,7823","4,1628","3,9063"
2026 02 02 09:39:30:143,-3.9675,-6.70125,"0,283",13,2,"11,7188","1,9685","48,7823","4,1628",0
2026 02 02 09:39:30:145,-3.9675,-6.78875,"0,283",13,2,"11,7188","1,9685","48,7823","4,1628","3,9063"
2026 02 02 09:39:30:147,-3.9675,-6.70125,"0,283",13,2,"11,7188","1,9685","48,7823","4,1628","27,3438"
2026 02 02 09:39:30:149,-3.9675,-6.78875,"0,283",13,2,"11,7188","1,9685","48,7823","4,1628","15,625"
2026 02 02 09:39:30:151,-3.9675,-6.78875,"0,283",13,2,"11,7188","1,9685","48,7823","4,1628",0
2026 02 02 09:39:30:153,-3.9334,-6.78875,"0,283",13,2,"11,7188","1,9685","48,7823","4,1628","-11,7187"
2026 02 02 09:39:30:155,-3.9675,-6.78875,"0,283",13,2,"11,7188","1,9685","48,7823","4,1628","-7,8125"
2026 02 02 09:39:30:157,-3.9675,-6.78875,"0,283",13,2,"11,7188","1,9685","48,7823","4,1628",0
2026 02 02 09:39:30:159,-3.9675,-6.78875,"0,283",13,2,"11,7188","1,9685","48,7823","4,1628","3,9063"
2026 02 02 09:39:30:161,-3.9985,-6.87625,"0,283",13,2,"11,7188","1,9685","48,7823","4,1628",0
2026 02 02 09:39:30:163,-3.9675,-6.70125,"0,283",13,2,"11,7188","1,9685","48,7823","4,1628",0
2026 02 02 09:39:30:165,-3.9675,-6.78875,"0,283",13,2,"11,7188","1,9685","48,7823","4,1628","3,9063"
2026 02 02 09:39:30:167,-3.9334,-6.78875,"0,283",13,2,"11,7188","1,9685","48,7823","4,1628","19,5313"
2026 02 02 09:39:30:169,-3.9334,-6.78875,"0,283",13,2,"11,7188","1,9685","48,7823","4,1628","19,5313"
2026 02 02 09:39:30:171,-3.9675,-6.78875,"0,283",13,2,"11,7188","1,9685","48,7823","4,1628",0
2026 02 02 09:39:30:173,-3.9675,-6.78875,"0,283",13,2,"11,7188","1,9685","48,7823","4,1628","-11,7187"
2026 02 02 09:39:30:175,-3.9675,-6.78875,"0,283",13,2,"11,7188","1,9685","48,7823","4,1628","-3,9062"
2026 02 02 09:39:30:177,-3.9334,-6.70125,"0,283",13,2,"11,7188","1,9685","48,7823","4,1628","3,9063"
2026 02 02 09:39:30:179,-3.9675,-6.70125,"0,283",13,2,"11,7188","1,9685","48,7823","4,1628",0
2026 02 02 09:39:30:181,-3.9334,-6.70125,"0,283",13,2,"11,7188","1,9685","48,7823","4,1628","3,9063"
2026 02 02 09:39:30:183,-3.9334,-6.78875,"0,283",13,2,"11,7188","1,9685","48,7823","4,1628",0
2026 02 02 09:39:30:185,-3.9675,-6.78875,"0,283",13,2,"11,7188","1,9685","48,7823","4,1628","3,9063"
2026 02 02 09:39:30:187,-3.9334,-6.78875,"0,283",13,2,"11,7188","1,9685","48,7823","4,1628","23,4375"
2026 02 02 09:39:30:189,-3.9675,-6.78875,"0,283",13,2,"11,7188","1,9685","48,7823","4,1628","23,4375"
2026 02 02 09:39:30:191,-3.9675,-6.78875,"0,283",13,2,"11,7188","1,9685","48,7823","4,1628",0
2026 02 02 09:39:30:193,-3.9675,-6.78875,"0,283",13,2,"11,7188","1,9685","48,7823","4,1628","-7,8125"
2026 02 02 09:39:30:195,-3.9675,-6.70125,"0,283",13,2,"11,7188","1,9685","48,7823","4,1628","-3,9062"
2026 02 02 09:39:30:197,-3.9675,-6.78875,"0,283",13,2,"11,7188","1,9685","48,7823","4,1628",0
2026 02 02 09:39:30:199,-3.9985,-6.70125,"0,283",13,2,"11,7188","1,9685","48,7823","4,1628",0
2026 02 02 09:39:30:201,-3.9675,-6.78875,"0,283",13,2,"11,7188","1,9685","48,7823","4,1628",0
2026 02 02 09:39:30:203,-3.9675,-6.78875,"0,283",13,2,"11,7188","1,9685","48,7823","4,1628","3,9063"
2026 02 02 09:39:30:205,-3.9334,-6.78875,"0,283",13,2,"11,7188","1,9685","48,7823","4,1628",0
2026 02 02 09:39:30:207,-3.9675,-6.70125,"0,283",13,2,"11,7188","1,9685","48,7823","4,1628","27,3438"
2026 02 02 09:39:30:209,-3.9334,-6.78875,"0,283",13,2,"11,7188","1,9685","48,7823","4,1628","19,5313"
2026 02 02 09:39:30:211,-3.9334,-6.70125,"0,283",13,2,"11,7188","1,9685","48,7823","4,1628",0
2026 02 02 09:39:30:213,-3.9675,-6.78875,"0,283",13,2,"11,7188","1,9685","48,7823","4,1628","-7,8125"
2026 02 02 09:39:30:215,-3.9985,-6.70125,"0,283",13,2,"11,7188","1,9685","48,7823","4,1628",0
2026 02 02 09:39:30:217,-3.9675,-6.70125,"0,283",13,2,"11,7188","1,9685","48,7823","4,1628",0
2026 02 02 09:39:30:219,-3.9675,-6.78875,"0,283",13,2,"11,7188","1,9685","48,7823","4,1628",0
2026 02 02 09:39:30:221,-3.9985,-6.78875,"0,283",13,2,"11,7188","1,9685","48,7823","4,1628",0
2026 02 02 09:39:30:223,-3.9334,-6.70125,"0,283",13,2,"11,7188","1,9685","48,7823","4,1628","3,9063"
2026 02 02 09:39:30:225,-3.9675,-6.78875,"0,283",13,2,"11,7188","1,9685","48,7823","4,1628",0
2026 02 02 09:39:30:227,-3.9675,-6.78875,"0,283",13,2,"11,7188","1,9685","48,7823","4,1628","27,3438"
2026 02 02 09:39:30:229,-3.9675,-6.70125,"0,283",13,2,"11,7188","1,9685","48,7823","4,1628","19,5313"
2026 02 02 09:39:30:231,-3.9675,-6.78875,"0,283",13,2,"11,7188","1,9685","48,7823","4,1628","3,9063"
2026 02 02 09:39:30:233,-3.9675,-6.78875,"0,283",13,2,"11,7188","1,9685","48,7823","4,1628","-11,7187"
2026 02 02 09:39:30:235,-3.9675,-6.78875,"0,283",13,2,"11,7188","1,9685","48,7823","4,1628","-3,9062"
2026 02 02 09:39:30:237,-3.9675,-6.78875,"0,283",13,2,"11,7188","1,9685","48,7823","4,1628","3,9063"
2026 02 02 09:39:30:239,-3.9985,-6.78875,"0,283",13,2,"11,7188","1,9685","48,7823","4,1628",0
2026 02 02 09:39:30:241,-3.9675,-6.78875,"0,283",13,2,"11,7188","1,9685","48,7823","4,1628",0
2026 02 02 09:39:30:243,-3.9675,-6.87625,"0,283",13,2,"11,7188","1,9685","48,7823","4,1628",0
2026 02 02 09:39:30:245,-3.9675,-6.78875,"0,283",13,2,"11,7188","1,9685","48,7823","4,1628",0
2026 02 02 09:39:30:247,-3.9675,-6.78875,"0,283",13,2,"11,7188","1,9685","48,7823","4,1628","23,4375"
2026 02 02 09:39:30:249,-3.9675,-6.78875,"0,283",13,2,"11,7188","1,9685","48,7823","4,1628","23,4375"
2026 02 02 09:39:30:251,-3.9675,-6.78875,"0,283",13,2,"11,7188","1,9685","48,7823","4,1628",0
2026 02 02 09:39:30:253,-3.9675,-6.70125,"0,283",13,2,"11,7188","1,9685","48,7823","4,1628","-11,7187"
2026 02 02 09:39:30:255,-3.9675,-6.78875,"0,283",13,2,"11,7188","1,9685","48,7823","4,1628","-7,8125"
2026 02 02 09:39:30:257,-3.9675,-6.78875,"0,283",13,2,"11,7188","1,9685","48,7823","4,1628","3,9063"
2026 02 02 09:39:30:259,-3.9675,-6.70125,"0,283",13,2,"11,7188","1,9685","48,7823","4,1628",0
2026 02 02 09:39:30:261,-3.9985,-6.70125,"0,283",13,2,"11,7188","1,9685","48,7823","4,1628","3,9063"
2026 02 02 09:39:30:263,-3.9675,-6.70125,"0,283",13,2,"11,7188","1,9685","48,7823","4,1628",0
2026 02 02 09:39:30:265,-3.9675,-6.70125,"0,283",13,2,"11,7188","1,9685","48,7823","4,1628","3,9063"
2026 02 02 09:39:30:267,-3.9985,-6.70125,"0,283",13,2,"11,7188","1,9685","48,7823","4,1628","27,3438"
2026 02 02 09:39:30:269,-3.9334,-6.70125,"0,283",13,2,"11,7188","1,9685","48,7823","4,1628","19,5313"
2026 02 02 09:39:30:271,-3.9985,-6.70125,"0,283",13,2,"11,7188","1,9685","48,7823","4,1628","3,9063"
2026 02 02 09:39:30:273,-3.9985,-6.70125,"0,283",13,2,"11,7188","1,9685","48,7823","4,1628","-11,7187"
2026 02 02 09:39:30:275,-3.9675,-6.70125,"0,283",13,2,"11,7188","1,9685","48,7823","4,1628","-3,9062"
2026 02 02 09:39:30:277,-3.9334,-6.70125,"0,283",13,2,"11,7188","1,9685","48,7823","4,1628","3,9063"
2026 02 02 09:39:30:279,-3.9675,-6.78875,"0,283",13,2,"11,7188","1,9685","48,7823","4,1628",0
2026 02 02 09:39:30:281,-3.9675,-6.78875,"0,283",13,2,"11,7188","1,9685","48,7823","4,1628",0
2026 02 02 09:39:30:283,-3.9675,-6.61375,"0,283",13,2,"11,7188","1,9685","48,7823","4,1628","3,9063"
2026 02 02 09:39:30:285,-3.9675,-6.78875,"0,283",13,2,"11,7188","1,9685","48,7823","4,1628",0
2026 02 02 09:39:30:287,-3.9334,-6.78875,"0,283",13,2,"11,7188","1,9685","48,7823","4,1628","23,4375"
2026 02 02 09:39:30:289,-3.9675,-6.70125,"0,283",13,2,"11,7188","1,9685","48,7823","4,1628","23,4375"
2026 02 02 09:39:30:291,-3.9985,-6.78875,"0,283",13,2,"11,7188","1,9685","48,7823","4,1628",0
2026 02 02 09:39:30:293,-3.9675,-6.70125,"0,283",13,2,"11,7188","1,9685","48,7823","4,1628","-11,7187"
2026 02 02 09:39:30:295,-3.9675,-6.70125,"0,283",13,2,"11,7188","1,9685","48,7823","4,1628","-3,9062"
2026 02 02 09:39:30:297,-3.9675,-6.78875,"0,283",13,2,"11,7188","1,9685","48,7823","4,1628",0
2026 02 02 09:39:30:299,-3.9675,-6.78875,"0,283",13,2,"11,7188","1,9685","48,7823","4,1628","3,9063"
2026 02 02 09:39:30:301,-3.9675,-6.78875,"0,283",13,2,"11,7188","1,9685","48,7823","4,1628","3,9063"
2026 02 02 09:39:30:303,-3.9334,-6.78875,"0,283",13,2,"11,7188","1,9685","48,7823","4,1628",0
2026 02 02 09:39:30:305,-3.9675,-6.78875,"0,283",13,2,"11,7188","1,9685","48,7823","4,1628","3,9063"
2026 02 02 09:39:30:307,-3.9675,-6.70125,"0,283",13,2,"11,7188","1,9685","48,7823","4,1628","23,4375"
2026 02 02 09:39:30:309,-3.9334,-6.70125,"0,283",13,2,"11,7188","1,9685","48,7823","4,1628","23,4375"
2026 02 02 09:39:30:311,-3.9675,-6.70125,"0,283",13,2,"11,7188","1,9685","48,7823","4,1628",0
2026 02 02 09:39:30:313,-3.9675,-6.70125,"0,283",13,2,"11,7188","1,9484","47,1497","4,0234","-11,7187"
2026 02 02 09:39:30:315,-3.9675,-6.78875,"0,283",13,2,"11,7188","1,9484","47,1497","4,0234","-3,9062"
2026 02 02 09:39:30:317,-3.9675,-6.70125,"0,283",13,2,"11,7188","1,9484","47,1497","4,0234","3,9063"
2026 02 02 09:39:30:319,-3.9985,-6.87625,"0,283",13,2,"11,7188","1,9484","47,1497","4,0234","3,9063"
2026 02 02 09:39:30:321,-3.9985,-6.78875,"0,283",13,2,"11,7188","1,9484","47,1497","4,0234","3,9063"
2026 02 02 09:39:30:323,-3.9675,-6.78875,"0,283",13,2,"11,7188","1,9484","47,1497","4,0234",0
2026 02 02 09:39:30:325,-3.9675,-6.70125,"0,283",13,2,"11,7188","1,9484","47,1497","4,0234","3,9063"
2026 02 02 09:39:30:327,-3.9675,-6.78875,"0,283",13,2,"11,7188","1,9484","47,1497","4,0234","23,4375"
2026 02 02 09:39:30:329,-3.9334,-6.78875,"0,283",13,2,"11,7188","1,9484","47,1497","4,0234","19,5313"
2026 02 02 09:39:30:331,-3.9675,-6.78875,"0,283",13,2,"11,7188","1,9484","47,1497","4,0234","3,9063"
2026 02 02 09:39:30:333,-3.9675,-6.78875,"0,283",13,2,"11,7188","1,9484","47,1497","4,0234","-11,7187"
2026 02 02 09:39:30:335,-3.9675,-6.78875,"0,283",13,2,"11,7188","1,9484","47,1497","4,0234","-3,9062"
2026 02 02 09:39:30:337,-3.9675,-6.70125,"0,283",13,2,"11,7188","1,9484","47,1497","4,0234","3,9063"
2026 02 02 09:39:30:339,-3.9675,-6.78875,"0,283",13,2,"11,7188","1,9484","47,1497","4,0234","3,9063"
2026 02 02 09:39:30:341,-3.9675,-6.78875,"0,283",13,2,"11,7188","1,9484","47,1497","4,0234","3,9063"
2026 02 02 09:39:30:343,-3.9675,-6.78875,"0,283",13,2,"11,7188","1,9484","47,1497","4,0234","3,9063"
2026 02 02 09:39:30:345,-3.9675,-6.70125,"0,283",13,2,"11,7188","1,9484","47,1497","4,0234","3,9063"
2026 02 02 09:39:30:347,-3.9985,-6.70125,"0,283",13,2,"11,7188","1,9484","47,1497","4,0234","23,4375"
2026 02 02 09:39:30:349,-3.9675,-6.78875,"0,283",13,2,"11,7188","1,9484","47,1497","4,0234","23,4375"
2026 02 02 09:39:30:351,-3.9675,-6.70125,"0,283",13,2,"11,7188","1,9484","47,1497","4,0234","3,9063"
2026 02 02 09:39:30:353,-3.9334,-6.87625,"0,283",13,2,"11,7188","1,9484","47,1497","4,0234","-11,7187"
2026 02 02 09:39:30:355,-3.9675,-6.70125,"0,283",13,2,"11,7188","1,9484","47,1497","4,0234","-3,9062"
2026 02 02 09:39:30:357,-3.9675,-6.78875,"0,283",13,2,"11,7188","1,9484","47,1497","4,0234","3,9063"
2026 02 02 09:39:30:359,-3.9675,-6.78875,"0,283",13,2,"11,7188","1,9484","47,1497","4,0234",0
2026 02 02 09:39:30:361,-3.9334,-6.78875,"0,283",13,2,"11,7188","1,9484","47,1497","4,0234","3,9063"
2026 02 02 09:39:30:363,-3.9334,-6.78875,"0,283",13,2,"11,7188","1,9484","47,1497","4,0234",0
2026 02 02 09:39:30:365,-3.9675,-6.78875,"0,283",13,2,"11,7188","1,9484","47,1497","4,0234","3,9063"
2026 02 02 09:39:30:367,-3.9675,-6.78875,"0,283",13,2,"11,7188","1,9484","47,1497","4,0234","27,3438"
2026 02 02 09:39:30:369,-3.9675,-6.78875,"0,283",13,2,"11,7188","1,9484","47,1497","4,0234","19,5313"
2026 02 02 09:39:30:371,-3.9675,-6.70125,"0,283",13,2,"11,7188","1,9484","47,1497","4,0234",0
2026 02 02 09:39:30:373,-3.9675,-6.78875,"0,283",13,2,"11,7188","1,9484","47,1497","4,0234","-11,7187"
2026 02 02 09:39:30:375,-3.9334,-6.70125,"0,283",13,2,"11,7188","1,9484","47,1497","4,0234","-3,9062"
2026 02 02 09:39:30:377,-3.9334,-6.70125,"0,283",13,2,"11,7188","1,9484","47,1497","4,0234",0
2026 02 02 09:39:30:379,-3.9985,-6.78875,"0,283",13,2,"11,7188","1,9484","47,1497","4,0234","3,9063"
2026 02 02 09:39:30:381,-3.9985,-6.78875,"0,283",13,2,"11,7188","1,9484","47,1497","4,0234",0
2026 02 02 09:39:30:383,-3.9675,-6.78875,"0,283",13,2,"11,7188","1,9484","47,1497","4,0234",0
2026 02 02 09:39:30:385,-3.9675,-6.78875,"0,283",13,2,"11,7188","1,9484","47,1497","4,0234","3,9063"
2026 02 02 09:39:30:387,-3.9985,-6.70125,"0,283",13,2,"11,7188","1,9484","47,1497","4,0234","23,4375"
2026 02 02 09:39:30:389,-3.9985,-6.78875,"0,283",13,2,"11,7188","1,9484","47,1497","4,0234","15,625"
2026 02 02 09:39:30:391,-3.9675,-6.78875,"0,283",13,2,"11,7188","1,9484","47,1497","4,0234",0
2026 02 02 09:39:30:393,-3.9985,-6.78875,"0,283",13,2,"11,7188","1,9484","47,1497","4,0234","-11,7187"
2026 02 02 09:39:30:395,-3.9985,-6.70125,"0,283",13,2,"11,7188","1,9484","47,1497","4,0234","-3,9062"
2026 02 02 09:39:30:397,-3.9675,-6.70125,"0,283",13,2,"11,7188","1,9484","47,1497","4,0234",0
2026 02 02 09:39:30:399,-3.9985,-6.78875,"0,283",13,2,"11,7188","1,9484","47,1497","4,0234","3,9063"
2026 02 02 09:39:30:401,-3.9675,-6.70125,"0,283",13,2,"11,7188","1,9484","47,1497","4,0234","3,9063"
2026 02 02 09:39:30:403,-3.9675,-6.78875,"0,283",13,2,"11,7188","1,9484","47,1497","4,0234",0
2026 02 02 09:39:30:405,-3.9675,-6.78875,"0,283",13,2,"11,7188","1,9484","47,1497","4,0234",0
2026 02 02 09:39:30:407,-3.9675,-6.78875,"0,283",13,2,"11,7188","1,9484","47,1497","4,0234","19,5313"
2026 02 02 09:39:30:409,-3.9675,-6.70125,"0,283",13,2,"11,7188","1,9484","47,1497","4,0234","19,5313"
2026 02 02 09:39:30:411,-3.9675,-6.78875,"0,283",13,2,"11,7188","1,9484","47,1497","4,0234",0
2026 02 02 09:39:30:413,-3.9675,-6.78875,"0,283",13,2,"11,7188","1,9484","47,1497","4,0234","-15,625"
2026 02 02 09:39:30:415,-3.9675,-6.78875,"0,283",13,2,"11,7188","1,9484","47,1497","4,0234","-3,9062"
2026 02 02 09:39:30:417,-3.9675,-6.78875,"0,283",13,2,"11,7188","1,9484","47,1497","4,0234","3,9063"
2026 02 02 09:39:30:419,-3.9334,-6.78875,"0,283",13,2,"11,7188","1,9484","47,1497","4,0234",0
2026 02 02 09:39:30:421,-3.9675,-6.78875,"0,283",13,2,"11,7188","1,9484","47,1497","4,0234",0
2026 02 02 09:39:30:423,-3.9675,-6.78875,"0,283",13,2,"11,7188","1,9484","47,1497","4,0234","3,9063"
2026 02 02 09:39:30:425,-3.9675,-6.78875,"0,283",13,2,"11,7188","1,9484","47,1497","4,0234",0
2026 02 02 09:39:30:427,-3.9675,-6.78875,"0,283",13,2,"11,7188","1,9484","47,1497","4,0234","23,4375"
2026 02 02 09:39:30:429,-3.9985,-6.78875,"0,283",13,2,"11,7188","1,9484","47,1497","4,0234","19,5313"
2026 02 02 09:39:30:431,-3.9675,-6.70125,"0,283",13,2,"11,7188","1,9484","47,1497","4,0234",0
2026 02 02 09:39:30:433,-3.9675,-6.78875,"0,283",13,2,"11,7188","1,9484","47,1497","4,0234","-11,7187"
2026 02 02 09:39:30:435,-3.9985,-6.78875,"0,283",13,2,"11,7188","1,9484","47,1497","4,0234","-3,9062"
2026 02 02 09:39:30:437,-3.9675,-6.70125,"0,283",13,2,"11,7188","1,9484","47,1497","4,0234",0
2026 02 02 09:39:30:439,-3.9675,-6.78875,"0,283",13,2,"11,7188","1,9484","47,1497","4,0234",0
2026 02 02 09:39:30:441,-3.9334,-6.70125,"0,283",13,2,"11,7188","1,9484","47,1497","4,0234","3,9063"
2026 02 02 09:39:30:443,-3.9985,-6.78875,"0,283",13,2,"11,7188","1,9484","47,1497","4,0234",0
2026 02 02 09:39:30:445,-3.9675,-6.78875,"0,283",13,2,"11,7188","1,9484","47,1497","4,0234","3,9063"
2026 02 02 09:39:30:447,-3.9675,-6.78875,"0,283",13,2,"11,7188","1,9484","47,1497","4,0234","23,4375"
2026 02 02 09:39:30:449,-3.9675,-6.78875,"0,283",13,2,"11,7188","1,9484","47,1497","4,0234","15,625"
2026 02 02 09:39:30:451,-3.9675,-6.78875,"0,283",13,2,"11,7188","1,9484","47,1497","4,0234",0
2026 02 02 09:39:30:453,-3.9675,-6.78875,"0,283",13,2,"11,7188","1,9484","47,1497","4,0234","-15,625"
2026 02 02 09:39:30:455,-3.9985,-6.78875,"0,283",13,2,"11,7188","1,9484","47,1497","4,0234",0
2026 02 02 09:39:30:457,-3.9675,-6.70125,"0,283",13,2,"11,7188","1,9484","47,1497","4,0234","3,9063"
2026 02 02 09:39:30:459,-3.9675,-6.78875,"0,283",13,2,"11,7188","1,9484","47,1497","4,0234",0
2026 02 02 09:39:30:461,-3.9675,-6.70125,"0,283",13,2,"11,7188","1,9484","47,1497","4,0234","3,9063"
2026 02 02 09:39:30:463,-3.9675,-6.70125,"0,283",13,2,"11,7188","1,9484","47,1497","4,0234",0
2026 02 02 09:39:30:465,-3.9675,-6.78875,"0,283",13,2,"11,7188","1,9484","47,1497","4,0234","3,9063"
2026 02 02 09:39:30:467,-3.9675,-6.70125,"0,283",13,2,"11,7188","1,9484","47,1497","4,0234","23,4375"
2026 02 02 09:39:30:469,-3.9334,-6.70125,"0,283",13,2,"11,7188","1,9484","47,1497","4,0234","19,5313"
2026 02 02 09:39:30:471,-3.9334,-6.70125,"0,283",13,2,"11,7188","1,9484","47,1497","4,0234",0
2026 02 02 09:39:30:473,-3.9675,-6.70125,"0,283",13,2,"11,7188","1,9484","47,1497","4,0234","-11,7187"
2026 02 02 09:39:30:475,-3.9334,-6.78875,"0,283",13,2,"11,7188","1,9484","47,1497","4,0234","-3,9062"
2026 02 02 09:39:30:477,-3.9675,-6.70125,"0,283",13,2,"11,7188","1,9484","47,1497","4,0234","3,9063"
2026 02 02 09:39:30:479,-3.9334,-6.78875,"0,283",13,2,"11,7188","1,9484","47,1497","4,0234",0
2026 02 02 09:39:30:481,-3.9985,-6.78875,"0,283",13,2,"11,7188","1,9484","47,1497","4,0234","3,9063"
2026 02 02 09:39:30:483,-3.9675,-6.70125,"0,283",13,2,"11,7188","1,9484","47,1497","4,0234",0
2026 02 02 09:39:30:485,-3.9334,-6.78875,"0,283",13,2,"11,7188","1,9484","47,1497","4,0234","3,9063"
2026 02 02 09:39:30:487,-3.9675,-6.78875,"0,283",13,2,"11,7188","1,9484","47,1497","4,0234","23,4375"
2026 02 02 09:39:30:489,-3.9675,-6.70125,"0,283",13,2,"11,7188","1,9484","47,1497","4,0234","15,625"
2026 02 02 09:39:30:491,-3.9675,-6.70125,"0,283",13,2,"11,7188","1,9484","47,1497","4,0234","3,9063"
2026 02 02 09:39:30:493,-3.9675,-6.70125,"0,283",13,2,"11,7188","1,9484","47,1497","4,0234","-15,625"
2026 02 02 09:39:30:495,-3.9675,-6.78875,"0,283",13,2,"11,7188","1,9484","47,1497","4,0234","-3,9062"
2026 02 02 09:39:30:497,-3.9675,-6.87625,"0,283",13,2,"11,7188","1,9484","47,1497","4,0234","3,9063"
2026 02 02 09:39:30:499,-3.9675,-6.78875,"0,283",13,2,"11,7188","1,9484","47,1497","4,0234","3,9063"
2026 02 02 09:39:30:501,-3.9675,-6.70125,"0,283",13,2,"11,7188","1,9484","47,1497","4,0234",0
2026 02 02 09:39:30:503,-3.9675,-6.78875,"0,283",13,2,"11,7188","1,9484","47,1497","4,0234",0
2026 02 02 09:39:30:505,-3.9675,-6.78875,"0,283",13,2,"11,7188","1,9484","47,1497","4,0234","3,9063"
2026 02 02 09:39:30:507,-3.9985,-6.78875,"0,283",13,2,"11,7188","1,9484","47,1497","4,0234","23,4375"
2026 02 02 09:39:30:509,-3.9675,-6.78875,"0,283",13,2,"11,7188","1,9484","47,1497","4,0234","15,625"
2026 02 02 09:39:30:511,-3.9675,-6.70125,"0,283",13,2,"11,7188","1,9484","47,1497","4,0234",0
2026 02 02 09:39:30:513,-3.9985,-6.78875,"0,283",13,2,"11,7188","1,9484","47,1497","4,0234","-15,625"
2026 02 02 09:39:30:515,-3.9675,-6.78875,"0,283",13,2,"11,7188","1,9484","47,1497","4,0234","-3,9062"
2026 02 02 09:39:30:517,-3.9675,-6.70125,"0,283",13,2,"11,7188","1,9484","47,1497","4,0234",0
2026 02 02 09:39:30:519,-3.9334,-6.70125,"0,283",13,2,"11,7188","1,9484","47,1497","4,0234",0
2026 02 02 09:39:30:521,-3.9985,-6.78875,"0,283",13,2,"11,7188","1,9484","47,1497","4,0234",0
2026 02 02 09:39:30:523,-3.9675,-6.78875,"0,283",13,2,"11,7188","1,9484","47,1497","4,0234",0
2026 02 02 09:39:30:525,-3.9675,-6.70125,"0,283",13,2,"11,7188","1,9484","47,1497","4,0234",0
2026 02 02 09:39:30:527,-3.9675,-6.70125,"0,283",13,2,"11,7188","1,9484","47,1497","4,0234","23,4375"
2026 02 02 09:39:30:529,-3.9334,-6.78875,"0,283",13,2,"11,7188","1,9484","47,1497","4,0234","19,5313"
2026 02 02 09:39:30:531,-3.9985,-6.70125,"0,283",13,2,"11,7188","1,9484","47,1497","4,0234",0
2026 02 02 09:39:30:533,-3.9675,-6.78875,"0,283",13,2,"11,7188","1,9484","47,1497","4,0234","-7,8125"
2026 02 02 09:39:30:535,-3.9675,-6.78875,"0,283",13,2,"11,7188","1,9484","47,1497","4,0234","-7,8125"
2026 02 02 09:39:30:537,-3.9675,-6.70125,"0,283",13,2,"11,7188","1,9484","47,1497","4,0234","3,9063"
2026 02 02 09:39:30:539,-3.9675,-6.70125,"0,283",13,2,"11,7188","1,9484","47,1497","4,0234",0
2026 02 02 09:39:30:541,-3.9985,-6.87625,"0,283",13,2,"11,7188","1,9484","47,1497","4,0234","3,9063"
2026 02 02 09:39:30:543,-3.9675,-6.78875,"0,283",13,2,"11,7188","1,9484","47,1497","4,0234",0
2026 02 02 09:39:30:545,-3.9985,-6.87625,"0,283",13,2,"11,7188","1,9484","47,1497","4,0234","3,9063"
2026 02 02 09:39:30:547,-3.9985,-6.78875,"0,283",13,2,"11,7188","1,9484","47,1497","4,0234","23,4375"
2026 02 02 09:39:30:549,-3.9675,-6.78875,"0,283",13,2,"11,7188","1,9484","47,1497","4,0234","15,625"
2026 02 02 09:39:30:551,-3.9675,-6.78875,"0,283",13,2,"11,7188","1,9484","47,1497","4,0234",0
2026 02 02 09:39:30:553,-3.9334,-6.78875,"0,283",13,2,"11,7188","1,9484","47,1497","4,0234","-11,7187"
2026 02 02 09:39:30:555,-3.9675,-6.78875,"0,283",13,2,"11,7188","1,9484","47,1497","4,0234","-3,9062"
2026 02 02 09:39:30:557,-3.9675,-6.70125,"0,283",13,2,"11,7188","1,9484","47,1497","4,0234","3,9063"
2026 02 02 09:39:30:559,-3.9675,-6.78875,"0,283",13,2,"11,7188","1,9484","47,1497","4,0234",0
2026 02 02 09:39:30:561,-3.9675,-6.70125,"0,283",13,2,"11,7188","1,9484","47,1497","4,0234",0
2026 02 02 09:39:30:563,-3.9675,-6.78875,"0,283",13,2,"11,7188","1,9484","47,1497","4,0234","3,9063"
2026 02 02 09:39:30:565,-3.9675,-6.78875,"0,283",13,2,"11,7188","1,9484","47,1497","4,0234","3,9063"
2026 02 02 09:39:30:567,-3.9675,-6.78875,"0,283",13,2,"11,7188","1,9484","47,1497","4,0234","23,4375"
2026 02 02 09:39:30:569,-3.9675,-6.70125,"0,283",13,2,"11,7188","1,9484","47,1497","4,0234","15,625"
2026 02 02 09:39:30:571,-3.9334,-6.78875,"0,283",13,2,"11,7188","1,9484","47,1497","4,0234","3,9063"
2026 02 02 09:39:30:573,-3.9675,-6.70125,"0,283",13,2,"11,7188","1,9484","47,1497","4,0234","-11,7187"
2026 02 02 09:39:30:575,-3.9675,-6.78875,"0,283",13,2,"11,7188","1,9484","47,1497","4,0234",0
2026 02 02 09:39:30:577,-3.9675,-6.78875,"0,283",13,2,"11,7188","1,9484","47,1497","4,0234",0
2026 02 02 09:39:30:579,-3.9675,-6.78875,"0,283",13,2,"11,7188","1,9484","47,1497","4,0234",0
2026 02 02 09:39:30:581,-3.9334,-6.78875,"0,283",13,2,"11,7188","1,9484","47,1497","4,0234","3,9063"
2026 02 02 09:39:30:583,-3.9985,-6.78875,"0,283",13,2,"11,7188","1,9484","47,1497","4,0234","3,9063"
2026 02 02 09:39:30:585,-3.9675,-6.78875,"0,283",13,2,"11,7188","1,9484","47,1497","4,0234","3,9063"
2026 02 02 09:39:30:587,-3.9675,-6.78875,"0,283",13,2,"11,7188","1,9484","47,1497","4,0234","23,4375"
2026 02 02 09:39:30:589,-3.9675,-6.78875,"0,283",13,2,"11,7188","1,9484","47,1497","4,0234","15,625"
2026 02 02 09:39:30:591,-3.9675,-6.87625,"0,283",13,2,"11,7188","1,9484","47,1497","4,0234","3,9063"
2026 02 02 09:39:30:593,-3.9985,-6.70125,"0,283",13,2,"11,7188","1,9484","47,1497","4,0234","-11,7187"
2026 02 02 09:39:30:595,-3.9675,-6.70125,"0,283",13,2,"11,7188","1,9484","47,1497","4,0234","-3,9062"
2026 02 02 09:39:30:597,-3.9334,-6.70125,"0,283",13,2,"11,7188","1,9484","47,1497","4,0234","3,9063"
2026 02 02 09:39:30:599,-3.9675,-6.87625,"0,283",13,2,"11,7188","1,9484","47,1497","4,0234",0
2026 02 02 09:39:30:601,-3.9675,-6.87625,"0,283",13,2,"11,7188","1,9484","47,1497","4,0234","3,9063"
2026 02 02 09:39:30:603,-3.9675,-6.78875,"0,283",13,2,"11,7188","1,9484","47,1497","4,0234","3,9063"
2026 02 02 09:39:30:605,-3.9675,-6.78875,"0,283",13,2,"11,7188","1,9484","47,1497","4,0234","3,9063"
2026 02 02 09:39:30:607,-3.9675,-6.70125,"0,283",13,2,"11,7188","1,9484","47,1497","4,0234","23,4375"
2026 02 02 09:39:30:609,-3.9985,-6.70125,"0,283",13,2,"11,7188","1,9484","47,1497","4,0234","19,5313"
2026 02 02 09:39:30:611,-3.9985,-6.78875,"0,283",13,2,"11,7188","1,9484","47,1497","4,0234",0
2026 02 02 09:39:30:613,-3.9675,-6.70125,"0,283",13,2,"11,7188","2,0054","47,2717","4,0339","-7,8125"
2026 02 02 09:39:30:615,-3.9675,-6.70125,"0,283",13,2,"11,7188","2,0054","47,2717","4,0339","-3,9062"
2026 02 02 09:39:30:617,-3.9985,-6.78875,"0,283",13,2,"11,7188","2,0054","47,2717","4,0339","3,9063"
2026 02 02 09:39:30:619,-3.9675,-6.78875,"0,283",13,2,"11,7188","2,0054","47,2717","4,0339",0
2026 02 02 09:39:30:621,-3.9675,-6.70125,"0,283",13,2,"11,7188","2,0054","47,2717","4,0339",0
2026 02 02 09:39:30:623,-3.9675,-6.70125,"0,283",13,2,"11,7188","2,0054","47,2717","4,0339","3,9063"
2026 02 02 09:39:30:625,-3.9675,-6.87625,"0,283",13,2,"11,7188","2,0054","47,2717","4,0339","3,9063"
2026 02 02 09:39:30:627,-3.9334,-6.70125,"0,283",13,2,"11,7188","2,0054","47,2717","4,0339","23,4375"
2026 02 02 09:39:30:629,-3.9675,-6.78875,"0,283",13,2,"11,7188","2,0054","47,2717","4,0339","15,625"
2026 02 02 09:39:30:631,-3.9675,-6.70125,"0,283",13,2,"11,7188","2,0054","47,2717","4,0339","3,9063"
2026 02 02 09:39:30:633,-3.9334,-6.70125,"0,283",13,2,"11,7188","2,0054","47,2717","4,0339","-11,7187"
2026 02 02 09:39:30:635,-3.9675,-6.78875,"0,283",13,2,"11,7188","2,0054","47,2717","4,0339",0
2026 02 02 09:39:30:637,-3.9985,-6.78875,"0,283",13,2,"11,7188","2,0054","47,2717","4,0339",0
2026 02 02 09:39:30:639,-3.9675,-6.78875,"0,283",13,2,"11,7188","2,0054","47,2717","4,0339","3,9063"
2026 02 02 09:39:30:641,-3.9985,-6.78875,"0,283",13,2,"11,7188","2,0054","47,2717","4,0339",0
2026 02 02 09:39:30:643,-3.9985,-6.78875,"0,283",13,2,"11,7188","2,0054","47,2717","4,0339",0
2026 02 02 09:39:30:645,-3.9334,-6.78875,"0,283",13,2,"11,7188","2,0054","47,2717","4,0339","3,9063"
2026 02 02 09:39:30:647,-3.9334,-6.78875,"0,283",13,2,"11,7188","2,0054","47,2717","4,0339","27,3438"
2026 02 02 09:39:30:649,-3.9675,-6.87625,"0,283",13,2,"11,7188","2,0054","47,2717","4,0339","15,625"
2026 02 02 09:39:30:651,-3.9675,-6.70125,"0,283",13,2,"11,7188","2,0054","47,2717","4,0339","3,9063"
2026 02 02 09:39:30:653,-3.9675,-6.78875,"0,283",13,2,"11,7188","2,0054","47,2717","4,0339","-11,7187"
2026 02 02 09:39:30:655,-3.9985,-6.78875,"0,283",13,2,"11,7188","2,0054","47,2717","4,0339",0
2026 02 02 09:39:30:657,-3.9675,-6.70125,"0,283",13,2,"11,7188","2,0054","47,2717","4,0339",0
2026 02 02 09:39:30:659,-3.9675,-6.87625,"0,283",13,2,"11,7188","2,0054","47,2717","4,0339","3,9063"
2026 02 02 09:39:30:661,-3.9675,-6.78875,"0,283",13,2,"11,7188","2,0054","47,2717","4,0339",0
2026 02 02 09:39:30:663,-3.9675,-6.78875,"0,283",13,2,"11,7188","2,0054","47,2717","4,0339",0
2026 02 02 09:39:30:665,-3.9985,-6.70125,"0,283",13,2,"11,7188","2,0054","47,2717","4,0339","3,9063"
2026 02 02 09:39:30:667,-3.9675,-6.78875,"0,283",13,2,"11,7188","2,0054","47,2717","4,0339","19,5313"
2026 02 02 09:39:30:669,-3.9675,-6.70125,"0,283",13,2,"11,7188","2,0054","47,2717","4,0339","15,625"
2026 02 02 09:39:30:671,-3.9675,-6.70125,"0,283",13,2,"11,7188","2,0054","47,2717","4,0339",0
2026 02 02 09:39:30:673,-3.9675,-6.78875,"0,283",13,2,"11,7188","2,0054","47,2717","4,0339","-11,7187"
2026 02 02 09:39:30:675,-3.9985,-6.70125,"0,283",13,2,"11,7188","2,0054","47,2717","4,0339","-3,9062"
2026 02 02 09:39:30:677,-3.9985,-6.78875,"0,283",13,2,"11,7188","2,0054","47,2717","4,0339",0
2026 02 02 09:39:30:679,-3.9675,-6.78875,"0,283",13,2,"11,7188","2,0054","47,2717","4,0339","3,9063"
2026 02 02 09:39:30:681,-3.9334,-6.78875,"0,283",13,2,"11,7188","2,0054","47,2717","4,0339",0
2026 02 02 09:39:30:683,-3.9675,-6.78875,"0,283",13,2,"11,7188","2,0054","47,2717","4,0339",0
2026 02 02 09:39:30:685,-3.9675,-6.78875,"0,283",13,2,"11,7188","2,0054","47,2717","4,0339",0
2026 02 02 09:39:30:687,-3.9675,-6.78875,"0,283",13,2,"11,7188","2,0054","47,2717","4,0339","27,3438"
2026 02 02 09:39:30:689,-3.9985,-6.78875,"0,283",13,2,"11,7188","2,0054","47,2717","4,0339","11,7188"
2026 02 02 09:39:30:691,-3.9675,-6.78875,"0,283",13,2,"11,7188","2,0054","47,2717","4,0339","3,9063"
2026 02 02 09:39:30:693,-3.9675,-6.70125,"0,283",13,2,"11,7188","2,0054","47,2717","4,0339","-11,7187"
2026 02 02 09:39:30:695,-3.9985,-6.78875,"0,283",13,2,"11,7188","2,0054","47,2717","4,0339","-3,9062"
2026 02 02 09:39:30:697,-3.9675,-6.78875,"0,283",13,2,"11,7188","2,0054","47,2717","4,0339","3,9063"
2026 02 02 09:39:30:699,-3.9675,-6.78875,"0,283",13,2,"11,7188","2,0054","47,2717","4,0339",0
2026 02 02 09:39:30:701,-3.9675,-6.78875,"0,283",13,2,"11,7188","2,0054","47,2717","4,0339","3,9063"
2026 02 02 09:39:30:703,-3.9675,-6.78875,"0,283",13,2,"11,7188","2,0054","47,2717","4,0339",0
2026 02 02 09:39:30:705,-3.9334,-6.78875,"0,283",13,2,"11,7188","2,0054","47,2717","4,0339","3,9063"
2026 02 02 09:39:30:707,-3.9675,-6.70125,"0,283",13,2,"11,7188","2,0054","47,2717","4,0339","19,5313"
2026 02 02 09:39:30:709,-3.9675,-6.78875,"0,283",13,2,"11,7188","2,0054","47,2717","4,0339","15,625"
2026 02 02 09:39:30:711,-3.9675,-6.70125,"0,283",13,2,"11,7188","2,0054","47,2717","4,0339",0
2026 02 02 09:39:30:713,-3.9334,-6.78875,"0,283",13,2,"11,7188","2,0054","47,2717","4,0339","-15,625"
2026 02 02 09:39:30:715,-3.9675,-6.78875,"0,283",13,2,"11,7188","2,0054","47,2717","4,0339",0
2026 02 02 09:39:30:717,-3.9985,-6.70125,"0,283",13,2,"11,7188","2,0054","47,2717","4,0339",0
2026 02 02 09:39:30:719,-3.9985,-6.78875,"0,283",13,2,"11,7188","2,0054","47,2717","4,0339",0
2026 02 02 09:39:30:721,-3.9675,-6.78875,"0,283",13,2,"11,7188","2,0054","47,2717","4,0339","3,9063"
2026 02 02 09:39:30:723,-3.9675,-6.70125,"0,283",13,2,"11,7188","2,0054","47,2717","4,0339",0
2026 02 02 09:39:30:725,-3.9675,-6.78875,"0,283",13,2,"11,7188","2,0054","47,2717","4,0339","3,9063"
2026 02 02 09:39:30:727,-3.9675,-6.70125,"0,283",13,2,"11,7188","2,0054","47,2717","4,0339","27,3438"
2026 02 02 09:39:30:729,-3.9675,-6.70125,"0,283",13,2,"11,7188","2,0054","47,2717","4,0339","15,625"
2026 02 02 09:39:30:731,-3.9675,-6.78875,"0,283",13,2,"11,7188","2,0054","47,2717","4,0339",0
2026 02 02 09:39:30:733,-3.9675,-6.70125,"0,283",13,2,"11,7188","2,0054","47,2717","4,0339","-11,7187"
2026 02 02 09:39:30:735,-3.9675,-6.70125,"0,283",13,2,"11,7188","2,0054","47,2717","4,0339",0
2026 02 02 09:39:30:737,-3.9675,-6.78875,"0,283",13,2,"11,7188","2,0054","47,2717","4,0339",0
2026 02 02 09:39:30:739,-3.9675,-6.78875,"0,283",13,2,"11,7188","2,0054","47,2717","4,0339",0
2026 02 02 09:39:30:741,-3.9675,-6.78875,"0,283",13,2,"11,7188","2,0054","47,2717","4,0339","3,9063"
2026 02 02 09:39:30:743,-3.9675,-6.78875,"0,283",13,2,"11,7188","2,0054","47,2717","4,0339",0
2026 02 02 09:39:30:745,-3.9675,-6.78875,"0,283",13,2,"11,7188","2,0054","47,2717","4,0339",0
2026 02 02 09:39:30:747,-3.9675,-6.78875,"0,283",13,2,"11,7188","2,0054","47,2717","4,0339","23,4375"
2026 02 02 09:39:30:749,-3.9675,-6.78875,"0,283",13,2,"11,7188","2,0054","47,2717","4,0339","11,7188"
2026 02 02 09:39:30:751,-3.9675,-6.70125,"0,283",13,2,"11,7188","2,0054","47,2717","4,0339","3,9063"
2026 02 02 09:39:30:753,-3.9675,-6.78875,"0,283",13,2,"11,7188","2,0054","47,2717","4,0339","-15,625"
2026 02 02 09:39:30:755,-3.9675,-6.78875,"0,283",13,2,"11,7188","2,0054","47,2717","4,0339",0
2026 02 02 09:39:30:757,-3.9675,-6.78875,"0,283",13,2,"11,7188","2,0054","47,2717","4,0339",0
2026 02 02 09:39:30:759,-3.9675,-6.78875,"0,283",13,2,"11,7188","2,0054","47,2717","4,0339",0
2026 02 02 09:39:30:761,-3.9675,-6.70125,"0,283",13,2,"11,7188","2,0054","47,2717","4,0339",0
2026 02 02 09:39:30:763,-3.9675,-6.78875,"0,283",13,2,"11,7188","2,0054","47,2717","4,0339","3,9063"
2026 02 02 09:39:30:765,-3.9675,-6.78875,"0,283",13,2,"11,7188","2,0054","47,2717","4,0339",0
2026 02 02 09:39:30:767,-3.9675,-6.78875,"0,283",13,2,"11,7188","2,0054","47,2717","4,0339","23,4375"
2026 02 02 09:39:30:769,-3.9675,-6.78875,"0,283",13,2,"11,7188","2,0054","47,2717","4,0339","7,8125"
2026 02 02 09:39:30:771,-3.9675,-6.78875,"0,283",13,2,"11,7188","2,0054","47,2717","4,0339",0
2026 02 02 09:39:30:773,-3.9675,-6.70125,"0,283",13,2,"11,7188","2,0054","47,2717","4,0339","-11,7187"
2026 02 02 09:39:30:775,-3.9675,-6.78875,"0,283",13,2,"11,7188","2,0054","47,2717","4,0339","-3,9062"
2026 02 02 09:39:30:777,-3.9675,-6.78875,"0,283",13,2,"11,7188","2,0054","47,2717","4,0339",0
2026 02 02 09:39:30:779,-3.9675,-6.70125,"0,283",13,2,"11,7188","2,0054","47,2717","4,0339",0
2026 02 02 09:39:30:781,-3.9675,-6.78875,"0,283",13,2,"11,7188","2,0054","47,2717","4,0339",0
2026 02 02 09:39:30:783,-3.9675,-6.78875,"0,283",13,2,"11,7188","2,0054","47,2717","4,0339","3,9063"
2026 02 02 09:39:30:785,-3.9675,-6.70125,"0,283",13,2,"11,7188","2,0054","47,2717","4,0339","3,9063"
2026 02 02 09:39:30:787,-3.9985,-6.78875,"0,283",13,2,"11,7188","2,0054","47,2717","4,0339","23,4375"
2026 02 02 09:39:30:789,-3.9675,-6.87625,"0,283",13,2,"11,7188","2,0054","47,2717","4,0339","15,625"
2026 02 02 09:39:30:791,-3.9675,-6.70125,"0,283",13,2,"11,7188","2,0054","47,2717","4,0339",0
2026 02 02 09:39:30:793,-3.9675,-6.78875,"0,283",13,2,"11,7188","2,0054","47,2717","4,0339","-15,625"
2026 02 02 09:39:30:795,-3.9985,-6.78875,"0,283",13,2,"11,7188","2,0054","47,2717","4,0339",0
2026 02 02 09:39:30:797,-3.9675,-6.70125,"0,283",13,2,"11,7188","2,0054","47,2717","4,0339",0
2026 02 02 09:39:30:799,-3.9675,-6.70125,"0,283",13,2,"11,7188","2,0054","47,2717","4,0339","3,9063"
2026 02 02 09:39:30:801,-3.9675,-6.70125,"0,283",13,2,"11,7188","2,0054","47,2717","4,0339","3,9063"
2026 02 02 09:39:30:803,-3.9675,-6.78875,"0,283",13,2,"11,7188","2,0054","47,2717","4,0339",0
2026 02 02 09:39:30:805,-3.9675,-6.78875,"0,283",13,2,"11,7188","2,0054","47,2717","4,0339",0
2026 02 02 09:39:30:807,-3.9675,-6.87625,"0,283",13,2,"11,7188","2,0054","47,2717","4,0339","23,4375"
2026 02 02 09:39:30:809,-3.9675,-6.78875,"0,283",13,2,"11,7188","2,0054","47,2717","4,0339","11,7188"
2026 02 02 09:39:30:811,-3.9675,-6.78875,"0,283",13,2,"11,7188","2,0054","47,2717","4,0339",0
2026 02 02 09:39:30:813,-3.9334,-6.78875,"0,283",13,2,"11,7188","2,0054","47,2717","4,0339","-15,625"
2026 02 02 09:39:30:815,-3.9675,-6.70125,"0,283",13,2,"11,7188","2,0054","47,2717","4,0339",0
2026 02 02 09:39:30:817,-3.9675,-6.78875,"0,283",13,2,"11,7188","2,0054","47,2717","4,0339","-3,9062"
2026 02 02 09:39:30:819,-3.9675,-6.70125,"0,283",13,2,"11,7188","2,0054","47,2717","4,0339","3,9063"
2026 02 02 09:39:30:821,-3.9334,-6.70125,"0,283",13,2,"11,7188","2,0054","47,2717","4,0339",0
2026 02 02 09:39:30:823,-3.9985,-6.70125,"0,283",13,2,"11,7188","2,0054","47,2717","4,0339","3,9063"
2026 02 02 09:39:30:825,-3.9334,-6.78875,"0,283",13,2,"11,7188","2,0054","47,2717","4,0339",0
2026 02 02 09:39:30:827,-3.9334,-6.78875,"0,283",13,2,"11,7188","2,0054","47,2717","4,0339","27,3438"
2026 02 02 09:39:30:829,-3.9334,-6.70125,"0,283",13,2,"11,7188","2,0054","47,2717","4,0339","7,8125"
2026 02 02 09:39:30:831,-3.9334,-6.70125,"0,283",13,2,"11,7188","2,0054","47,2717","4,0339",0
2026 02 02 09:39:30:833,-3.9675,-6.70125,"0,283",13,2,"11,7188","2,0054","47,2717","4,0339","-15,625"
2026 02 02 09:39:30:835,-3.9334,-6.78875,"0,283",13,2,"11,7188","2,0054","47,2717","4,0339","-3,9062"
2026 02 02 09:39:30:837,-3.9675,-6.78875,"0,283",13,2,"11,7188","2,0054","47,2717","4,0339",0
2026 02 02 09:39:30:839,-3.9675,-6.78875,"0,283",13,2,"11,7188","2,0054","47,2717","4,0339",0
2026 02 02 09:39:30:841,-3.9675,-6.78875,"0,283",13,2,"11,7188","2,0054","47,2717","4,0339","3,9063"
2026 02 02 09:39:30:843,-3.9675,-6.70125,"0,283",13,2,"11,7188","2,0054","47,2717","4,0339",0
2026 02 02 09:39:30:845,-3.9675,-6.78875,"0,283",13,2,"11,7188","2,0054","47,2717","4,0339",0
2026 02 02 09:39:30:847,-3.9675,-6.78875,"0,283",13,2,"11,7188","2,0054","47,2717","4,0339","23,4375"
2026 02 02 09:39:30:849,-3.9675,-6.70125,"0,283",13,2,"11,7188","2,0054","47,2717","4,0339","11,7188"
2026 02 02 09:39:30:851,-3.9675,-6.70125,"0,283",13,2,"11,7188","2,0054","47,2717","4,0339",0
2026 02 02 09:39:30:853,-3.9675,-6.78875,"0,283",13,2,"11,7188","2,0054","47,2717","4,0339","-15,625"
2026 02 02 09:39:30:855,-3.9675,-6.78875,"0,283",13,2,"11,7188","2,0054","47,2717","4,0339","-3,9062"
2026 02 02 09:39:30:857,-3.9334,-6.78875,"0,283",13,2,"11,7188","2,0054","47,2717","4,0339",0
2026 02 02 09:39:30:859,-3.9675,-6.78875,"0,283",13,2,"11,7188","2,0054","47,2717","4,0339","3,9063"
2026 02 02 09:39:30:861,-3.9985,-6.78875,"0,283",13,2,"11,7188","2,0054","47,2717","4,0339",0
2026 02 02 09:39:30:863,-3.9675,-6.78875,"0,283",13,2,"11,7188","2,0054","47,2717","4,0339","3,9063"
2026 02 02 09:39:30:865,-3.9985,-6.70125,"0,283",13,2,"11,7188","2,0054","47,2717","4,0339",0
2026 02 02 09:39:30:867,-3.9675,-6.70125,"0,283",13,2,"11,7188","2,0054","47,2717","4,0339","23,4375"
2026 02 02 09:39:30:869,-3.9985,-6.78875,"0,283",13,2,"11,7188","2,0054","47,2717","4,0339","11,7188"
2026 02 02 09:39:30:871,-3.9675,-6.70125,"0,283",13,2,"11,7188","2,0054","47,2717","4,0339","-3,9062"
2026 02 02 09:39:30:873,-3.9985,-6.78875,"0,283",13,2,"11,7188","2,0054","47,2717","4,0339","-11,7187"
2026 02 02 09:39:30:875,-3.9675,-6.70125,"0,283",13,2,"11,7188","2,0054","47,2717","4,0339","-7,8125"
2026 02 02 09:39:30:877,-3.9675,-6.78875,"0,283",13,2,"11,7188","2,0054","47,2717","4,0339","7,8125"
2026 02 02 09:39:30:879,-3.9675,-6.78875,"0,283",13,2,"11,7188","2,0054","47,2717","4,0339",0
2026 02 02 09:39:30:881,-3.9675,-6.78875,"0,283",13,2,"11,7188","2,0054","47,2717","4,0339",0
2026 02 02 09:39:30:883,-3.9675,-6.78875,"0,283",13,2,"11,7188","2,0054","47,2717","4,0339","3,9063"
2026 02 02 09:39:30:885,-3.9675,-6.78875,"0,283",13,2,"11,7188","2,0054","47,2717","4,0339",0
2026 02 02 09:39:30:887,-3.9675,-6.78875,"0,283",13,2,"11,7188","2,0054","47,2717","4,0339","23,4375"
2026 02 02 09:39:30:889,-3.9675,-6.70125,"0,283",13,2,"11,7188","2,0054","47,2717","4,0339","11,7188"
2026 02 02 09:39:30:891,-3.9675,-6.78875,"0,283",13,2,"11,7188","2,0054","47,2717","4,0339","3,9063"
2026 02 02 09:39:30:893,-3.9675,-6.78875,"0,283",13,2,"11,7188","2,0054","47,2717","4,0339","-15,625"
2026 02 02 09:39:30:895,-3.9675,-6.78875,"0,283",13,2,"11,7188","2,0054","47,2717","4,0339",0
2026 02 02 09:39:30:897,-3.9334,-6.70125,"0,283",13,2,"11,7188","2,0054","47,2717","4,0339","3,9063"
2026 02 02 09:39:30:899,-3.9334,-6.78875,"0,283",13,2,"11,7188","2,0054","47,2717","4,0339","3,9063"
2026 02 02 09:39:30:901,-3.9675,-6.70125,"0,283",13,2,"11,7188","2,0054","47,2717","4,0339","3,9063"
2026 02 02 09:39:30:903,-3.9675,-6.70125,"0,283",13,2,"11,7188","2,0054","47,2717","4,0339","3,9063"
2026 02 02 09:39:30:905,-3.9675,-6.70125,"0,283",13,2,"11,7188","2,0054","47,2717","4,0339","3,9063"
2026 02 02 09:39:30:907,-3.9675,-6.78875,"0,283",13,2,"11,7188","2,0054","47,2717","4,0339","23,4375"
2026 02 02 09:39:30:909,-3.9675,-6.78875,"0,283",13,2,"11,7188","2,0054","47,2717","4,0339","11,7188"
2026 02 02 09:39:30:911,-3.9675,-6.70125,"0,283",13,2,"11,7188","1,971","47,1649","4,0247",0
2026 02 02 09:39:30:913,-3.9985,-6.78875,"0,283",13,2,"11,7188","1,971","47,1649","4,0247","-15,625"
2026 02 02 09:39:30:915,-3.9675,-6.78875,"0,283",13,2,"11,7188","1,971","47,1649","4,0247",0
2026 02 02 09:39:30:917,-3.9675,-6.70125,"0,283",13,2,"11,7188","1,971","47,1649","4,0247",0
2026 02 02 09:39:30:919,-3.9675,-6.70125,"0,283",13,2,"11,7188","1,971","47,1649","4,0247","3,9063"
2026 02 02 09:39:30:921,-3.9675,-6.70125,"0,283",13,2,"11,7188","1,971","47,1649","4,0247","3,9063"
2026 02 02 09:39:30:923,-3.9675,-6.70125,"0,283",13,2,"11,7188","1,971","47,1649","4,0247",0
2026 02 02 09:39:30:925,-3.9675,-6.70125,"0,283",13,2,"11,7188","1,971","47,1649","4,0247","3,9063"
2026 02 02 09:39:30:927,-3.9675,-6.78875,"0,283",13,2,"11,7188","1,971","47,1649","4,0247","23,4375"
2026 02 02 09:39:30:929,-3.9675,-6.78875,"0,283",13,2,"11,7188","1,971","47,1649","4,0247","11,7188"
2026 02 02 09:39:30:931,-3.9985,-6.78875,"0,283",13,2,"11,7188","1,971","47,1649","4,0247",0
2026 02 02 09:39:30:933,-3.9985,-6.87625,"0,283",13,2,"11,7188","1,971","47,1649","4,0247","-19,5312"
2026 02 02 09:39:30:935,-3.9675,-6.78875,"0,283",13,2,"11,7188","1,971","47,1649","4,0247",0
2026 02 02 09:39:30:937,-3.9675,-6.78875,"0,283",13,2,"11,7188","1,971","47,1649","4,0247",0
2026 02 02 09:39:30:939,-3.9675,-6.70125,"0,283",13,2,"11,7188","1,971","47,1649","4,0247","3,9063"
2026 02 02 09:39:30:941,-3.9675,-6.78875,"0,283",13,2,"11,7188","1,971","47,1649","4,0247",0
2026 02 02 09:39:30:943,-3.9675,-6.78875,"0,283",13,2,"11,7188","1,971","47,1649","4,0247","7,8125"
2026 02 02 09:39:30:945,-3.9675,-6.70125,"0,283",13,2,"11,7188","1,971","47,1649","4,0247",0
2026 02 02 09:39:30:947,-3.9675,-6.70125,"0,283",13,2,"11,7188","1,971","47,1649","4,0247","27,3438"
2026 02 02 09:39:30:949,-3.9675,-6.78875,"0,283",13,2,"11,7188","1,971","47,1649","4,0247","11,7188"
2026 02 02 09:39:30:951,-3.9675,-6.78875,"0,283",13,2,"11,7188","1,971","47,1649","4,0247",0
2026 02 02 09:39:30:953,-3.9334,-6.78875,"0,283",13,2,"11,7188","1,971","47,1649","4,0247","-15,625"
2026 02 02 09:39:30:955,-3.9675,-6.78875,"0,283",13,2,"11,7188","1,971","47,1649","4,0247",0
2026 02 02 09:39:30:957,-3.9334,-6.78875,"0,283",13,2,"11,7188","1,971","47,1649","4,0247",0
2026 02 02 09:39:30:959,-3.9675,-6.78875,"0,283",13,2,"11,7188","1,971","47,1649","4,0247","3,9063"
2026 02 02 09:39:30:961,-3.9675,-6.78875,"0,283",13,2,"11,7188","1,971","47,1649","4,0247",0
2026 02 02 09:39:30:963,-3.9675,-6.78875,"0,283",13,2,"11,7188","1,971","47,1649","4,0247","3,9063"
2026 02 02 09:39:30:965,-3.9675,-6.78875,"0,283",13,2,"11,7188","1,971","47,1649","4,0247","3,9063"
2026 02 02 09:39:30:967,-3.9334,-6.78875,"0,283",13,2,"11,7188","1,971","47,1649","4,0247","19,5313"
2026 02 02 09:39:30:969,-3.9675,-6.78875,"0,283",13,2,"11,7188","1,971","47,1649","4,0247","15,625"
2026 02 02 09:39:30:971,-3.9675,-6.78875,"0,283",13,2,"11,7188","1,971","47,1649","4,0247",0
2026 02 02 09:39:30:973,-3.9675,-6.78875,"0,283",13,2,"11,7188","1,971","47,1649","4,0247","-15,625"
2026 02 02 09:39:30:975,-3.9675,-6.78875,"0,283",13,2,"11,7188","1,971","47,1649","4,0247",0
2026 02 02 09:39:30:977,-3.9675,-6.87625,"0,283",13,2,"11,7188","1,971","47,1649","4,0247",0
2026 02 02 09:39:30:979,-3.9675,-6.78875,"0,283",13,2,"11,7188","1,971","47,1649","4,0247",0
2026 02 02 09:39:30:981,-3.9675,-6.70125,"0,283",13,2,"11,7188","1,971","47,1649","4,0247",0
2026 02 02 09:39:30:983,-3.9334,-6.78875,"0,283",13,2,"11,7188","1,971","47,1649","4,0247",0
2026 02 02 09:39:30:985,-3.9675,-6.70125,"0,283",13,2,"11,7188","1,971","47,1649","4,0247","3,9063"
2026 02 02 09:39:30:987,-3.9675,-6.70125,"0,283",13,2,"11,7188","1,971","47,1649","4,0247","23,4375"
2026 02 02 09:39:30:989,-3.9675,-6.78875,"0,283",13,2,"11,7188","1,971","47,1649","4,0247","7,8125"
2026 02 02 09:39:30:991,-3.9985,-6.78875,"0,283",13,2,"11,7188","1,971","47,1649","4,0247","3,9063"
2026 02 02 09:39:30:993,-3.9675,-6.78875,"0,283",13,2,"11,7188","1,971","47,1649","4,0247","-19,5312"
2026 02 02 09:39:30:995,-3.9985,-6.78875,"0,283",13,2,"11,7188","1,971","47,1649","4,0247","-3,9062"
2026 02 02 09:39:30:997,-3.9675,-6.78875,"0,283",13,2,"11,7188","1,971","47,1649","4,0247","3,9063"
2026 02 02 09:39:30:999,-3.9675,-6.78875,"0,283",13,2,"11,7188","1,971","47,1649","4,0247",0
2026 02 02 09:39:31:001,-3.9675,-6.70125,"0,283",13,2,"11,7188","1,971","47,1649","4,0247","3,9063"
2026 02 02 09:39:31:003,-3.9985,-6.70125,"0,283",13,2,"11,7188","1,971","47,1649","4,0247",0
2026 02 02 09:39:31:005,-3.9675,-6.70125,"0,283",13,2,"11,7188","1,971","47,1649","4,0247","3,9063"
2026 02 02 09:39:31:007,-3.9675,-6.78875,"0,283",13,2,"11,7188","1,971","47,1649","4,0247","23,4375"
2026 02 02 09:39:31:009,-3.9675,-6.70125,"0,283",13,2,"11,7188","1,971","47,1649","4,0247","7,8125"
2026 02 02 09:39:31:011,-3.9985,-6.78875,"0,283",13,2,"11,7188","1,971","47,1649","4,0247",0
2026 02 02 09:39:31:013,-3.9334,-6.78875,"0,283",13,2,"11,7188","1,971","47,1649","4,0247","-15,625"
2026 02 02 09:39:31:015,-3.9675,-6.78875,"0,283",13,2,"11,7188","1,971","47,1649","4,0247","-3,9062"
2026 02 02 09:39:31:017,-3.9334,-6.78875,"0,283",13,2,"11,7188","1,971","47,1649","4,0247","3,9063"
2026 02 02 09:39:31:019,-3.9675,-6.78875,"0,283",13,2,"11,7188","1,971","47,1649","4,0247","3,9063"
2026 02 02 09:39:31:021,-3.9675,-6.78875,"0,283",13,2,"11,7188","1,971","47,1649","4,0247","3,9063"
2026 02 02 09:39:31:023,-3.9675,-6.70125,"0,283",13,2,"11,7188","1,971","47,1649","4,0247",0
2026 02 02 09:39:31:025,-3.9985,-6.70125,"0,283",13,2,"11,7188","1,971","47,1649","4,0247","3,9063"
2026 02 02 09:39:31:027,-3.9675,-6.70125,"0,283",13,2,"11,7188","1,971","47,1649","4,0247","23,4375"
2026 02 02 09:39:31:029,-3.9985,-6.78875,"0,283",13,2,"11,7188","1,971","47,1649","4,0247","11,7188"
2026 02 02 09:39:31:031,-3.9675,-6.78875,"0,283",13,2,"11,7188","1,971","47,1649","4,0247",0
2026 02 02 09:39:31:033,-3.9985,-6.78875,"0,283",13,2,"11,7188","1,971","47,1649","4,0247","-15,625"
2026 02 02 09:39:31:035,-3.9675,-6.78875,"0,283",13,2,"11,7188","1,971","47,1649","4,0247","-3,9062"
2026 02 02 09:39:31:037,-3.9334,-6.78875,"0,283",13,2,"11,7188","1,971","47,1649","4,0247","3,9063"
2026 02 02 09:39:31:039,-3.9675,-6.78875,"0,283",13,2,"11,7188","1,971","47,1649","4,0247",0
2026 02 02 09:39:31:041,-3.9675,-6.78875,"0,283",13,2,"11,7188","1,971","47,1649","4,0247","7,8125"
2026 02 02 09:39:31:043,-3.9334,-6.78875,"0,283",13,2,"11,7188","1,971","47,1649","4,0247",0
2026 02 02 09:39:31:045,-3.9675,-6.78875,"0,283",13,2,"11,7188","1,971","47,1649","4,0247","3,9063"
2026 02 02 09:39:31:047,-3.9334,-6.78875,"0,283",13,2,"11,7188","1,971","47,1649","4,0247","23,4375"
2026 02 02 09:39:31:049,-3.9675,-6.70125,"0,283",13,2,"11,7188","1,971","47,1649","4,0247","11,7188"
2026 02 02 09:39:31:051,-3.9675,-6.78875,"0,283",13,2,"11,7188","1,971","47,1649","4,0247",0
2026 02 02 09:39:31:053,-3.9985,-6.70125,"0,283",13,2,"11,7188","1,971","47,1649","4,0247","-15,625"
2026 02 02 09:39:31:055,-3.9675,-6.78875,"0,283",13,2,"11,7188","1,971","47,1649","4,0247","-3,9062"
2026 02 02 09:39:31:057,-3.9675,-6.70125,"0,283",13,2,"11,7188","1,971","47,1649","4,0247","3,9063"
2026 02 02 09:39:31:059,-3.9675,-6.61375,"0,283",13,2,"11,7188","1,971","47,1649","4,0247",0
2026 02 02 09:39:31:061,-3.9985,-6.70125,"0,283",13,2,"11,7188","1,971","47,1649","4,0247",0
2026 02 02 09:39:31:063,-3.9334,-6.78875,"0,283",13,2,"11,7188","1,971","47,1649","4,0247",0
2026 02 02 09:39:31:065,-3.9675,-6.70125,"0,283",13,2,"11,7188","1,971","47,1649","4,0247","3,9063"
2026 02 02 09:39:31:067,-3.9675,-6.70125,"0,283",13,2,"11,7188","1,971","47,1649","4,0247","19,5313"
2026 02 02 09:39:31:069,-3.9675,-6.70125,"0,283",13,2,"11,7188","1,971","47,1649","4,0247","11,7188"
2026 02 02 09:39:31:071,-3.9334,-6.78875,"0,283",13,2,"11,7188","1,971","47,1649","4,0247",0
2026 02 02 09:39:31:073,-3.9675,-6.78875,"0,283",13,2,"11,7188","1,971","47,1649","4,0247","-11,7187"
2026 02 02 09:39:31:075,-3.9675,-6.78875,"0,283",13,2,"11,7188","1,971","47,1649","4,0247","-3,9062"
2026 02 02 09:39:31:077,-3.9675,-6.78875,"0,283",13,2,"11,7188","1,971","47,1649","4,0247","3,9063"
2026 02 02 09:39:31:079,-3.9675,-6.70125,"0,283",13,2,"11,7188","1,971","47,1649","4,0247",0
2026 02 02 09:39:31:081,-3.9985,-6.70125,"0,283",13,2,"11,7188","1,971","47,1649","4,0247","3,9063"
2026 02 02 09:39:31:083,-3.9675,-6.78875,"0,283",13,2,"11,7188","1,971","47,1649","4,0247","3,9063"
2026 02 02 09:39:31:085,-3.9675,-6.70125,"0,283",13,2,"11,7188","1,971","47,1649","4,0247","3,9063"
2026 02 02 09:39:31:087,-3.9675,-6.70125,"0,283",13,2,"11,7188","1,971","47,1649","4,0247","23,4375"
2026 02 02 09:39:31:089,-3.9675,-6.78875,"0,283",13,2,"11,7188","1,971","47,1649","4,0247","11,7188"
2026 02 02 09:39:31:091,-3.9985,-6.78875,"0,283",13,2,"11,7188","1,971","47,1649","4,0247",0
2026 02 02 09:39:31:093,-3.9675,-6.78875,"0,283",13,2,"11,7188","1,971","47,1649","4,0247","-11,7187"
2026 02 02 09:39:31:095,-3.9675,-6.78875,"0,283",13,2,"11,7188","1,971","47,1649","4,0247","-3,9062"
2026 02 02 09:39:31:097,-3.9675,-6.87625,"0,283",13,2,"11,7188","1,971","47,1649","4,0247",0
2026 02 02 09:39:31:099,-3.9675,-6.70125,"0,283",13,2,"11,7188","1,971","47,1649","4,0247","3,9063"
2026 02 02 09:39:31:101,-3.9675,-6.78875,"0,283",13,2,"11,7188","1,971","47,1649","4,0247",0
2026 02 02 09:39:31:103,-3.9675,-6.78875,"0,283",13,2,"11,7188","1,971","47,1649","4,0247","3,9063"
2026 02 02 09:39:31:105,-3.9675,-6.78875,"0,283",13,2,"11,7188","1,971","47,1649","4,0247",0
2026 02 02 09:39:31:107,-3.9675,-6.78875,"0,283",13,2,"11,7188","1,971","47,1649","4,0247","19,5313"
2026 02 02 09:39:31:109,-3.9334,-6.70125,"0,283",13,2,"11,7188","1,971","47,1649","4,0247","11,7188"
2026 02 02 09:39:31:111,-3.9675,-6.70125,"0,283",13,2,"11,7188","1,971","47,1649","4,0247","-3,9062"
2026 02 02 09:39:31:113,-3.9675,-6.70125,"0,283",13,2,"11,7188","1,971","47,1649","4,0247","-11,7187"
2026 02 02 09:39:31:115,-3.9985,-6.70125,"0,283",13,2,"11,7188","1,971","47,1649","4,0247","-3,9062"
2026 02 02 09:39:31:117,-3.9675,-6.70125,"0,283",13,2,"11,7188","1,971","47,1649","4,0247",0
2026 02 02 09:39:31:119,-3.9675,-6.78875,"0,283",13,2,"11,7188","1,971","47,1649","4,0247",0
2026 02 02 09:39:31:121,-3.9675,-6.78875,"0,283",13,2,"11,7188","1,971","47,1649","4,0247","3,9063"
2026 02 02 09:39:31:123,-3.9675,-6.70125,"0,283",13,2,"11,7188","1,971","47,1649","4,0247",0
2026 02 02 09:39:31:125,-3.9675,-6.78875,"0,283",13,2,"11,7188","1,971","47,1649","4,0247",0
2026 02 02 09:39:31:127,-3.9675,-6.70125,"0,283",13,2,"11,7188","1,971","47,1649","4,0247","23,4375"
2026 02 02 09:39:31:129,-3.9334,-6.78875,"0,283",13,2,"11,7188","1,971","47,1649","4,0247","11,7188"
2026 02 02 09:39:31:131,-3.9675,-6.70125,"0,283",13,2,"11,7188","1,971","47,1649","4,0247","-3,9062"
2026 02 02 09:39:31:133,-3.9675,-6.78875,"0,283",13,2,"11,7188","1,971","47,1649","4,0247","-11,7187"
2026 02 02 09:39:31:135,-3.9334,-6.70125,"0,283",13,2,"11,7188","1,971","47,1649","4,0247","-3,9062"
2026 02 02 09:39:31:137,-3.9675,-6.78875,"0,283",13,2,"11,7188","1,971","47,1649","4,0247",0
2026 02 02 09:39:31:139,-3.9675,-6.78875,"0,283",13,2,"11,7188","1,971","47,1649","4,0247","3,9063"
2026 02 02 09:39:31:141,-3.9985,-6.78875,"0,283",13,2,"11,7188","1,971","47,1649","4,0247",0
2026 02 02 09:39:31:143,-3.9675,-6.78875,"0,283",13,2,"11,7188","1,971","47,1649","4,0247",0
2026 02 02 09:39:31:145,-3.9334,-6.70125,"0,283",13,2,"11,7188","1,971","47,1649","4,0247","3,9063"
2026 02 02 09:39:31:147,-3.9675,-6.78875,"0,283",13,2,"11,7188","1,971","47,1649","4,0247","23,4375"
2026 02 02 09:39:31:149,-3.9675,-6.78875,"0,283",13,2,"11,7188","1,971","47,1649","4,0247","11,7188"
2026 02 02 09:39:31:151,-3.9334,-6.70125,"0,283",13,2,"11,7188","1,971","47,1649","4,0247",0
2026 02 02 09:39:31:153,-3.9675,-6.70125,"0,283",13,2,"11,7188","1,971","47,1649","4,0247","-15,625"
2026 02 02 09:39:31:155,-3.9675,-6.70125,"0,283",13,2,"11,7188","1,971","47,1649","4,0247","-3,9062"
2026 02 02 09:39:31:157,-3.9675,-6.78875,"0,283",13,2,"11,7188","1,971","47,1649","4,0247",0
2026 02 02 09:39:31:159,-3.9675,-6.70125,"0,283",13,2,"11,7188","1,971","47,1649","4,0247",0
2026 02 02 09:39:31:161,-3.9985,-6.70125,"0,283",13,2,"11,7188","1,971","47,1649","4,0247",0
2026 02 02 09:39:31:163,-3.9985,-6.70125,"0,283",13,2,"11,7188","1,971","47,1649","4,0247",0
2026 02 02 09:39:31:165,-3.9675,-6.70125,"0,283",13,2,"11,7188","1,971","47,1649","4,0247","3,9063"
2026 02 02 09:39:31:167,-3.9334,-6.70125,"0,283",13,2,"11,7188","1,971","47,1649","4,0247","19,5313"
2026 02 02 09:39:31:169,-3.9675,-6.78875,"0,283",13,2,"11,7188","1,971","47,1649","4,0247","7,8125"
2026 02 02 09:39:31:171,-3.9334,-6.70125,"0,283",13,2,"11,7188","1,971","47,1649","4,0247","3,9063"
2026 02 02 09:39:31:173,-3.9675,-6.70125,"0,283",13,2,"11,7188","1,971","47,1649","4,0247","-19,5312"
2026 02 02 09:39:31:175,-3.9675,-6.78875,"0,283",13,2,"11,7188","1,971","47,1649","4,0247",0
2026 02 02 09:39:31:177,-3.9675,-6.78875,"0,283",13,2,"11,7188","1,971","47,1649","4,0247",0
2026 02 02 09:39:31:179,-3.9675,-6.70125,"0,283",13,2,"11,7188","1,971","47,1649","4,0247","3,9063"
2026 02 02 09:39:31:181,-3.9675,-6.78875,"0,283",13,2,"11,7188","1,971","47,1649","4,0247",0
2026 02 02 09:39:31:183,-3.9675,-6.78875,"0,283",13,2,"11,7188","1,971","47,1649","4,0247","3,9063"
2026 02 02 09:39:31:185,-3.9985,-6.70125,"0,283",13,2,"11,7188","1,971","47,1649","4,0247",0
2026 02 02 09:39:31:187,-3.9675,-6.78875,"0,283",13,2,"11,7188","1,971","47,1649","4,0247","23,4375"
2026 02 02 09:39:31:189,-3.9985,-6.78875,"0,283",13,2,"11,7188","1,971","47,1649","4,0247","11,7188"
2026 02 02 09:39:31:191,-3.9675,-6.78875,"0,283",13,2,"11,7188","1,971","47,1649","4,0247",0
2026 02 02 09:39:31:193,-3.9675,-6.78875,"0,283",13,2,"11,7188","1,971","47,1649","4,0247","-15,625"
2026 02 02 09:39:31:195,-3.9985,-6.87625,"0,283",13,2,"11,7188","1,971","47,1649","4,0247",0
2026 02 02 09:39:31:197,-3.9675,-6.78875,"0,283",13,2,"11,7188","1,971","47,1649","4,0247",0
2026 02 02 09:39:31:199,-3.9985,-6.70125,"0,283",13,2,"11,7188","1,971","47,1649","4,0247","3,9063"
2026 02 02 09:39:31:201,-3.9675,-6.78875,"0,283",13,2,"11,7188","1,971","47,1649","4,0247",0
2026 02 02 09:39:31:203,-3.9675,-6.78875,"0,283",13,2,"11,7188","1,971","47,1649","4,0247","3,9063"
2026 02 02 09:39:31:205,-3.9334,-6.78875,"0,283",13,2,"11,7188","1,971","47,1649","4,0247",0
2026 02 02 09:39:31:207,-3.9675,-6.78875,"0,283",13,2,"11,7188","1,971","47,1649","4,0247","19,5313"
2026 02 02 09:39:31:209,-3.9985,-6.70125,"0,283",13,2,"11,7188","1,971","47,1649","4,0247","11,7188"
2026 02 02 09:39:31:211,-3.9675,-6.70125,"0,283",13,2,"11,7188","1,971","47,1649","4,0247",0
2026 02 02 09:39:31:213,-3.9675,-6.70125,"0,283",13,2,"12,3444","1,0607","49,9878","4,0494","-15,625"
2026 02 02 09:39:31:215,-3.9675,-6.78875,"0,283",13,2,"12,3444","1,0607","49,9878","4,0494","-3,9062"
2026 02 02 09:39:31:217,-3.9675,-6.78875,"0,283",13,2,"12,3444","1,0607","49,9878","4,0494","3,9063"
2026 02 02 09:39:31:219,-3.9675,-6.78875,"0,283",13,2,"12,3444","1,0607","49,9878","4,0494","3,9063"
2026 02 02 09:39:31:221,-3.9675,-6.70125,"0,283",13,2,"12,3444","1,0607","49,9878","4,0494",0
2026 02 02 09:39:31:223,-3.9675,-6.70125,"0,283",13,2,"12,3444","1,0607","49,9878","4,0494","3,9063"
2026 02 02 09:39:31:225,-3.9985,-6.78875,"0,283",13,2,"12,3444","1,0607","49,9878","4,0494","3,9063"
2026 02 02 09:39:31:227,-3.9675,-6.70125,"0,283",13,2,"12,3444","1,0607","49,9878","4,0494","19,5313"
2026 02 02 09:39:31:229,-3.9675,-6.70125,"0,283",13,2,"12,3444","1,0607","49,9878","4,0494","11,7188"
2026 02 02 09:39:31:231,-3.9985,-6.78875,"0,283",13,2,"12,3444","1,0607","49,9878","4,0494","-3,9062"
2026 02 02 09:39:31:233,-3.9985,-6.78875,"0,283",13,2,"12,3444","1,0607","49,9878","4,0494","-15,625"
2026 02 02 09:39:31:235,-3.9334,-6.78875,"0,283",13,2,"12,3444","1,0607","49,9878","4,0494","-3,9062"
2026 02 02 09:39:31:237,-3.9985,-6.78875,"0,283",13,2,"12,3444","1,0607","49,9878","4,0494","3,9063"
2026 02 02 09:39:31:239,-3.9675,-6.70125,"0,283",13,2,"12,3444","1,0607","49,9878","4,0494","3,9063"
2026 02 02 09:39:31:241,-3.9675,-6.87625,"0,283",13,2,"12,3444","1,0607","49,9878","4,0494",0
2026 02 02 09:39:31:243,-3.9675,-6.78875,"0,283",13,2,"12,3444","1,0607","49,9878","4,0494",0
2026 02 02 09:39:31:245,-3.9675,-6.70125,"0,283",13,2,"12,3444","1,0607","49,9878","4,0494",0
2026 02 02 09:39:31:247,-3.9985,-6.78875,"0,283",13,2,"12,3444","1,0607","49,9878","4,0494","23,4375"
2026 02 02 09:39:31:249,-3.9675,-6.78875,"0,283",13,2,"12,3444","1,0607","49,9878","4,0494","15,625"
2026 02 02 09:39:31:251,-3.9675,-6.78875,"0,283",13,2,"12,3444","1,0607","49,9878","4,0494",0
2026 02 02 09:39:31:253,-3.9675,-6.78875,"0,283",13,2,"12,3444","1,0607","49,9878","4,0494","-15,625"
2026 02 02 09:39:31:255,-3.9675,-6.78875,"0,283",13,2,"12,3444","1,0607","49,9878","4,0494",0
2026 02 02 09:39:31:257,-3.9675,-6.78875,"0,283",13,2,"12,3444","1,0607","49,9878","4,0494",0
2026 02 02 09:39:31:259,-3.9675,-6.70125,"0,283",13,2,"12,3444","1,0607","49,9878","4,0494",0
2026 02 02 09:39:31:261,-3.9675,-6.70125,"0,283",13,2,"12,3444","1,0607","49,9878","4,0494","3,9063"
2026 02 02 09:39:31:263,-3.9675,-6.78875,"0,283",13,2,"12,3444","1,0607","49,9878","4,0494",0
2026 02 02 09:39:31:265,-3.9675,-6.78875,"0,283",13,2,"12,3444","1,0607","49,9878","4,0494","3,9063"
2026 02 02 09:39:31:267,-3.9675,-6.78875,"0,283",13,2,"12,3444","1,0607","49,9878","4,0494","19,5313"
2026 02 02 09:39:31:269,-3.9334,-6.70125,"0,283",13,2,"12,3444","1,0607","49,9878","4,0494","11,7188"
2026 02 02 09:39:31:271,-3.9675,-6.78875,"0,283",13,2,"12,3444","1,0607","49,9878","4,0494",0
2026 02 02 09:39:31:273,-3.9675,-6.78875,"0,283",13,2,"12,3444","1,0607","49,9878","4,0494","-19,5312"
2026 02 02 09:39:31:275,-3.9675,-6.70125,"0,283",13,2,"12,3444","1,0607","49,9878","4,0494","-3,9062"
2026 02 02 09:39:31:277,-3.9334,-6.70125,"0,283",13,2,"12,3444","1,0607","49,9878","4,0494","3,9063"
2026 02 02 09:39:31:279,-3.9334,-6.78875,"0,283",13,2,"12,3444","1,0607","49,9878","4,0494",0
2026 02 02 09:39:31:281,-3.9675,-6.70125,"0,283",13,2,"12,3444","1,0607","49,9878","4,0494","3,9063"
2026 02 02 09:39:31:283,-3.9334,-6.78875,"0,283",13,2,"12,3444","1,0607","49,9878","4,0494",0
2026 02 02 09:39:31:285,-3.9675,-6.78875,"0,283",13,2,"12,3444","1,0607","49,9878","4,0494",0
2026 02 02 09:39:31:287,-3.9675,-6.78875,"0,283",13,2,"12,3444","1,0607","49,9878","4,0494","23,4375"
2026 02 02 09:39:31:289,-3.9675,-6.78875,"0,283",13,2,"12,3444","1,0607","49,9878","4,0494","11,7188"
2026 02 02 09:39:31:291,-3.9334,-6.78875,"0,283",13,2,"12,3444","1,0607","49,9878","4,0494",0
2026 02 02 09:39:31:293,-3.9675,-6.78875,"0,283",13,2,"12,3444","1,0607","49,9878","4,0494","-19,5312"
2026 02 02 09:39:31:295,-3.9675,-6.78875,"0,283",13,2,"12,3444","1,0607","49,9878","4,0494","-7,8125"
2026 02 02 09:39:31:297,-3.9675,-6.70125,"0,283",13,2,"12,3444","1,0607","49,9878","4,0494","3,9063"
2026 02 02 09:39:31:299,-3.9675,-6.70125,"0,283",13,2,"12,3444","1,0607","49,9878","4,0494",0
2026 02 02 09:39:31:301,-3.9985,-6.78875,"0,283",13,2,"12,3444","1,0607","49,9878","4,0494","3,9063"
2026 02 02 09:39:31:303,-3.9985,-6.70125,"0,283",13,2,"12,3444","1,0607","49,9878","4,0494",0
2026 02 02 09:39:31:305,-3.9675,-6.78875,"0,283",13,2,"12,3444","1,0607","49,9878","4,0494",0
2026 02 02 09:39:31:307,-3.9675,-6.87625,"0,283",13,2,"12,3444","1,0607","49,9878","4,0494","19,5313"
2026 02 02 09:39:31:309,-3.9675,-6.70125,"0,283",13,2,"12,3444","1,0607","49,9878","4,0494","15,625"
2026 02 02 09:39:31:311,-3.9675,-6.78875,"0,283",13,2,"12,3444","1,0607","49,9878","4,0494","-3,9062"
2026 02 02 09:39:31:313,-3.9675,-6.70125,"0,283",13,2,"12,3444","1,0607","49,9878","4,0494","-15,625"
2026 02 02 09:39:31:315,-3.9675,-6.70125,"0,283",13,2,"12,3444","1,0607","49,9878","4,0494","-3,9062"
2026 02 02 09:39:31:317,-3.9675,-6.70125,"0,283",13,2,"12,3444","1,0607","49,9878","4,0494",0
2026 02 02 09:39:31:319,-3.9334,-6.61375,"0,283",13,2,"12,3444","1,0607","49,9878","4,0494","3,9063"
2026 02 02 09:39:31:321,-3.9675,-6.70125,"0,283",13,2,"12,3444","1,0607","49,9878","4,0494",0
2026 02 02 09:39:31:323,-3.9675,-6.78875,"0,283",13,2,"12,3444","1,0607","49,9878","4,0494",0
2026 02 02 09:39:31:325,-3.9675,-6.70125,"0,283",13,2,"12,3444","1,0607","49,9878","4,0494",0
2026 02 02 09:39:31:327,-3.9675,-6.78875,"0,283",13,2,"12,3444","1,0607","49,9878","4,0494","23,4375"
2026 02 02 09:39:31:329,-3.9675,-6.78875,"0,283",13,2,"12,3444","1,0607","49,9878","4,0494","15,625"
2026 02 02 09:39:31:331,-3.9675,-6.78875,"0,283",13,2,"12,3444","1,0607","49,9878","4,0494","-3,9062"
2026 02 02 09:39:31:333,-3.9985,-6.70125,"0,283",13,2,"12,3444","1,0607","49,9878","4,0494","-19,5312"
2026 02 02 09:39:31:335,-3.9334,-6.78875,"0,283",13,2,"12,3444","1,0607","49,9878","4,0494","-7,8125"
2026 02 02 09:39:31:337,-3.9334,-6.78875,"0,283",13,2,"12,3444","1,0607","49,9878","4,0494","3,9063"
2026 02 02 09:39:31:339,-3.9675,-6.70125,"0,283",13,2,"12,3444","1,0607","49,9878","4,0494",0
2026 02 02 09:39:31:341,-3.9675,-6.70125,"0,283",13,2,"12,3444","1,0607","49,9878","4,0494","3,9063"
2026 02 02 09:39:31:343,-3.9675,-6.87625,"0,283",13,2,"12,3444","1,0607","49,9878","4,0494",0
2026 02 02 09:39:31:345,-3.9675,-6.78875,"0,283",13,2,"12,3444","1,0607","49,9878","4,0494",0
2026 02 02 09:39:31:347,-3.9334,-6.78875,"0,283",13,2,"12,3444","1,0607","49,9878","4,0494","23,4375"
2026 02 02 09:39:31:349,-3.9985,-6.78875,"0,283",13,2,"12,3444","1,0607","49,9878","4,0494","11,7188"
2026 02 02 09:39:31:351,-3.9675,-6.78875,"0,283",13,2,"12,3444","1,0607","49,9878","4,0494","-3,9062"
2026 02 02 09:39:31:353,-3.9675,-6.78875,"0,283",13,2,"12,3444","1,0607","49,9878","4,0494","-15,625"
2026 02 02 09:39:31:355,-3.9985,-6.70125,"0,283",13,2,"12,3444","1,0607","49,9878","4,0494","-3,9062"
2026 02 02 09:39:31:357,-3.9675,-6.78875,"0,283",13,2,"12,3444","1,0607","49,9878","4,0494","3,9063"
2026 02 02 09:39:31:359,-3.9675,-6.78875,"0,283",13,2,"12,3444","1,0607","49,9878","4,0494",0
2026 02 02 09:39:31:361,-3.9675,-6.70125,"0,283",13,2,"12,3444","1,0607","49,9878","4,0494",0
2026 02 02 09:39:31:363,-3.9675,-6.70125,"0,283",13,2,"12,3444","1,0607","49,9878","4,0494","3,9063"
2026 02 02 09:39:31:365,-3.9675,-6.70125,"0,283",13,2,"12,3444","1,0607","49,9878","4,0494",0
2026 02 02 09:39:31:367,-3.9675,-6.70125,"0,283",13,2,"12,3444","1,0607","49,9878","4,0494","19,5313"
2026 02 02 09:39:31:369,-3.9675,-6.70125,"0,283",13,2,"12,3444","1,0607","49,9878","4,0494","15,625"
2026 02 02 09:39:31:371,-3.9334,-6.70125,"0,283",13,2,"12,3444","1,0607","49,9878","4,0494","-3,9062"
2026 02 02 09:39:31:373,-3.9985,-6.70125,"0,283",13,2,"12,3444","1,0607","49,9878","4,0494","-23,4375"
2026 02 02 09:39:31:375,-3.9675,-6.78875,"0,283",13,2,"12,3444","1,0607","49,9878","4,0494","-7,8125"
2026 02 02 09:39:31:377,-3.9675,-6.78875,"0,283",13,2,"12,3444","1,0607","49,9878","4,0494",0
2026 02 02 09:39:31:379,-3.9334,-6.78875,"0,283",13,2,"12,3444","1,0607","49,9878","4,0494",0
2026 02 02 09:39:31:381,-3.9334,-6.70125,"0,283",13,2,"12,3444","1,0607","49,9878","4,0494",0
2026 02 02 09:39:31:383,-3.9334,-6.70125,"0,283",13,2,"12,3444","1,0607","49,9878","4,0494",0
2026 02 02 09:39:31:385,-3.9675,-6.70125,"0,283",13,2,"12,3444","1,0607","49,9878","4,0494","3,9063"
2026 02 02 09:39:31:387,-3.9985,-6.70125,"0,283",13,2,"12,3444","1,0607","49,9878","4,0494","15,625"
2026 02 02 09:39:31:389,-3.9675,-6.70125,"0,283",13,2,"12,3444","1,0607","49,9878","4,0494","11,7188"
2026 02 02 09:39:31:391,-3.9675,-6.78875,"0,283",13,2,"12,3444","1,0607","49,9878","4,0494",0
2026 02 02 09:39:31:393,-3.9675,-6.70125,"0,283",13,2,"12,3444","1,0607","49,9878","4,0494","-19,5312"
2026 02 02 09:39:31:395,-3.9675,-6.78875,"0,283",13,2,"12,3444","1,0607","49,9878","4,0494",0
2026 02 02 09:39:31:397,-3.9675,-6.78875,"0,283",13,2,"12,3444","1,0607","49,9878","4,0494",0
2026 02 02 09:39:31:399,-3.9675,-6.78875,"0,283",13,2,"12,3444","1,0607","49,9878","4,0494",0
2026 02 02 09:39:31:401,-3.9675,-6.70125,"0,283",13,2,"12,3444","1,0607","49,9878","4,0494",0
2026 02 02 09:39:31:403,-3.9334,-6.70125,"0,283",13,2,"12,3444","1,0607","49,9878","4,0494","3,9063"
2026 02 02 09:39:31:405,-3.9675,-6.70125,"0,283",13,2,"12,3444","1,0607","49,9878","4,0494",0
2026 02 02 09:39:31:407,-3.9675,-6.78875,"0,283",13,2,"12,3444","1,0607","49,9878","4,0494","19,5313"
2026 02 02 09:39:31:409,-3.9675,-6.70125,"0,283",13,2,"12,3444","1,0607","49,9878","4,0494","15,625"
2026 02 02 09:39:31:411,-3.9675,-6.70125,"0,283",13,2,"12,3444","1,0607","49,9878","4,0494","-3,9062"
2026 02 02 09:39:31:413,-3.9334,-6.78875,"0,283",13,2,"12,3444","1,0607","49,9878","4,0494","-23,4375"
2026 02 02 09:39:31:415,-3.9985,-6.78875,"0,283",13,2,"12,3444","1,0607","49,9878","4,0494","-11,7187"
2026 02 02 09:39:31:417,-3.9985,-6.70125,"0,283",13,2,"12,3444","1,0607","49,9878","4,0494",0
2026 02 02 09:39:31:419,-3.9675,-6.70125,"0,283",13,2,"12,3444","1,0607","49,9878","4,0494",0
2026 02 02 09:39:31:421,-3.9985,-6.78875,"0,283",13,2,"12,3444","1,0607","49,9878","4,0494","3,9063"
2026 02 02 09:39:31:423,-3.9675,-6.78875,"0,283",13,2,"12,3444","1,0607","49,9878","4,0494",0
2026 02 02 09:39:31:425,-3.9675,-6.78875,"0,283",13,2,"12,3444","1,0607","49,9878","4,0494","3,9063"
2026 02 02 09:39:31:427,-3.9675,-6.70125,"0,283",13,2,"12,3444","1,0607","49,9878","4,0494","15,625"
2026 02 02 09:39:31:429,-3.9675,-6.78875,"0,283",13,2,"12,3444","1,0607","49,9878","4,0494","11,7188"
2026 02 02 09:39:31:431,-3.9675,-6.78875,"0,283",13,2,"12,3444","1,0607","49,9878","4,0494",0
2026 02 02 09:39:31:433,-3.9985,-6.78875,"0,283",13,2,"12,3444","1,0607","49,9878","4,0494","-23,4375"
2026 02 02 09:39:31:435,-3.9675,-6.78875,"0,283",13,2,"12,3444","1,0607","49,9878","4,0494","-3,9062"
2026 02 02 09:39:31:437,-3.9675,-6.70125,"0,283",13,2,"12,3444","1,0607","49,9878","4,0494",0
2026 02 02 09:39:31:439,-3.9675,-6.78875,"0,283",13,2,"12,3444","1,0607","49,9878","4,0494",0
2026 02 02 09:39:31:441,-3.9675,-6.78875,"0,283",13,2,"12,3444","1,0607","49,9878","4,0494","3,9063"
2026 02 02 09:39:31:443,-3.9675,-6.78875,"0,283",13,2,"12,3444","1,0607","49,9878","4,0494",0
2026 02 02 09:39:31:445,-3.9334,-6.78875,"0,283",13,2,"12,3444","1,0607","49,9878","4,0494",0
2026 02 02 09:39:31:447,-3.9675,-6.78875,"0,283",13,2,"12,3444","1,0607","49,9878","4,0494","19,5313"
2026 02 02 09:39:31:449,-3.9985,-6.70125,"0,283",13,2,"12,3444","1,0607","49,9878","4,0494","11,7188"
2026 02 02 09:39:31:451,-3.9675,-6.70125,"0,283",13,2,"12,3444","1,0607","49,9878","4,0494","-3,9062"
2026 02 02 09:39:31:453,-3.9675,-6.78875,"0,283",13,2,"12,3444","1,0607","49,9878","4,0494","-19,5312"
2026 02 02 09:39:31:455,-3.9985,-6.78875,"0,283",13,2,"12,3444","1,0607","49,9878","4,0494","-11,7187"
2026 02 02 09:39:31:457,-3.9675,-6.78875,"0,283",13,2,"12,3444","1,0607","49,9878","4,0494",0
2026 02 02 09:39:31:459,-3.9675,-6.61375,"0,283",13,2,"12,3444","1,0607","49,9878","4,0494",0
2026 02 02 09:39:31:461,-3.9334,-6.70125,"0,283",13,2,"12,3444","1,0607","49,9878","4,0494","3,9063"
2026 02 02 09:39:31:463,-3.9675,-6.78875,"0,283",13,2,"12,3444","1,0607","49,9878","4,0494",0
2026 02 02 09:39:31:465,-3.9675,-6.70125,"0,283",13,2,"12,3444","1,0607","49,9878","4,0494",0
2026 02 02 09:39:31:467,-3.9985,-6.70125,"0,283",13,2,"12,3444","1,0607","49,9878","4,0494","23,4375"
2026 02 02 09:39:31:469,-3.9675,-6.70125,"0,283",13,2,"12,3444","1,0607","49,9878","4,0494","11,7188"
2026 02 02 09:39:31:471,-3.9675,-6.70125,"0,283",13,2,"12,3444","1,0607","49,9878","4,0494","-3,9062"
2026 02 02 09:39:31:473,-3.9675,-6.78875,"0,283",13,2,"12,3444","1,0607","49,9878","4,0494","-19,5312"
2026 02 02 09:39:31:475,-3.9675,-6.70125,"0,283",13,2,"12,3444","1,0607","49,9878","4,0494","-11,7187"
2026 02 02 09:39:31:477,-3.9675,-6.78875,"0,283",13,2,"12,3444","1,0607","49,9878","4,0494",0
2026 02 02 09:39:31:479,-3.9675,-6.78875,"0,283",13,2,"12,3444","1,0607","49,9878","4,0494","-3,9062"
2026 02 02 09:39:31:481,-3.9675,-6.78875,"0,283",13,2,"12,3444","1,0607","49,9878","4,0494","3,9063"
2026 02 02 09:39:31:483,-3.9675,-6.78875,"0,283",13,2,"12,3444","1,0607","49,9878","4,0494",0
2026 02 02 09:39:31:485,-3.9675,-6.78875,"0,283",13,2,"12,3444","1,0607","49,9878","4,0494",0
2026 02 02 09:39:31:487,-3.9675,-6.78875,"0,283",13,2,"12,3444","1,0607","49,9878","4,0494","19,5313"
2026 02 02 09:39:31:489,-3.9675,-6.78875,"0,283",13,2,"12,3444","1,0607","49,9878","4,0494","11,7188"
2026 02 02 09:39:31:491,-3.9675,-6.78875,"0,283",13,2,"12,3444","1,0607","49,9878","4,0494","-3,9062"
2026 02 02 09:39:31:493,-3.9675,-6.70125,"0,283",13,2,"12,3444","1,0607","49,9878","4,0494","-19,5312"
2026 02 02 09:39:31:495,-3.9675,-6.78875,"0,283",13,2,"12,3444","1,0607","49,9878","4,0494","-3,9062"
2026 02 02 09:39:31:497,-3.9334,-6.78875,"0,283",13,2,"12,3444","1,0607","49,9878","4,0494","3,9063"
2026 02 02 09:39:31:499,-3.9675,-6.78875,"0,283",13,2,"12,3444","1,0607","49,9878","4,0494",0
2026 02 02 09:39:31:501,-3.9985,-6.70125,"0,283",13,2,"12,3444","1,0607","49,9878","4,0494","3,9063"
2026 02 02 09:39:31:503,-3.9675,-6.78875,"0,283",13,2,"12,3444","1,0607","49,9878","4,0494",0
2026 02 02 09:39:31:505,-3.9675,-6.78875,"0,283",13,2,"12,3444","1,0607","49,9878","4,0494","3,9063"
2026 02 02 09:39:31:507,-3.9675,-6.70125,"0,283",13,2,"12,3444","1,0607","49,9878","4,0494","19,5313"
2026 02 02 09:39:31:509,-3.9675,-6.78875,"0,283",13,2,"12,3444","1,0607","49,9878","4,0494","11,7188"
2026 02 02 09:39:31:511,-3.9675,-6.78875,"0,283",13,2,"12,3444","1,0607","49,9878","4,0494","-3,9062"
2026 02 02 09:39:31:513,-3.9334,-6.70125,"0,283",13,2,"12,3444","1,0799","49,942","4,0457","-19,5312"
2026 02 02 09:39:31:515,-3.9675,-6.78875,"0,283",13,2,"12,3444","1,0799","49,942","4,0457","-3,9062"
2026 02 02 09:39:31:517,-3.9334,-6.78875,"0,283",13,2,"12,3444","1,0799","49,942","4,0457","3,9063"
2026 02 02 09:39:31:519,-3.9675,-6.78875,"0,283",13,2,"12,3444","1,0799","49,942","4,0457","-3,9062"
2026 02 02 09:39:31:521,-3.9675,-6.78875,"0,283",13,2,"12,3444","1,0799","49,942","4,0457",0
2026 02 02 09:39:31:523,-3.9675,-6.70125,"0,283",13,2,"12,3444","1,0799","49,942","4,0457",0
2026 02 02 09:39:31:525,-3.9675,-6.78875,"0,283",13,2,"12,3444","1,0799","49,942","4,0457","3,9063"
2026 02 02 09:39:31:527,-3.9675,-6.70125,"0,283",13,2,"12,3444","1,0799","49,942","4,0457","23,4375"
2026 02 02 09:39:31:529,-3.9675,-6.78875,"0,283",13,2,"12,3444","1,0799","49,942","4,0457","11,7188"
2026 02 02 09:39:31:531,-3.9675,-6.78875,"0,283",13,2,"12,3444","1,0799","49,942","4,0457","-3,9062"
2026 02 02 09:39:31:533,-3.9675,-6.70125,"0,283",13,2,"12,3444","1,0799","49,942","4,0457","-19,5312"
2026 02 02 09:39:31:535,-3.9675,-6.78875,"0,283",13,2,"12,3444","1,0799","49,942","4,0457","-11,7187"
2026 02 02 09:39:31:537,-3.9675,-6.70125,"0,283",13,2,"12,3444","1,0799","49,942","4,0457",0
2026 02 02 09:39:31:539,-3.9675,-6.70125,"0,283",13,2,"12,3444","1,0799","49,942","4,0457",0
2026 02 02 09:39:31:541,-3.9675,-6.70125,"0,283",13,2,"12,3444","1,0799","49,942","4,0457","3,9063"
2026 02 02 09:39:31:543,-3.9675,-6.78875,"0,283",13,2,"12,3444","1,0799","49,942","4,0457",0
2026 02 02 09:39:31:545,-3.9675,-6.78875,"0,283",13,2,"12,3444","1,0799","49,942","4,0457",0
2026 02 02 09:39:31:547,-3.9675,-6.78875,"0,283",13,2,"12,3444","1,0799","49,942","4,0457","19,5313"
2026 02 02 09:39:31:549,-3.9675,-6.70125,"0,283",13,2,"12,3444","1,0799","49,942","4,0457","7,8125"
2026 02 02 09:39:31:551,-3.9985,-6.78875,"0,283",13,2,"12,3444","1,0799","49,942","4,0457","-3,9062"
2026 02 02 09:39:31:553,-3.9675,-6.78875,"0,283",13,2,"12,3444","1,0799","49,942","4,0457","-19,5312"
2026 02 02 09:39:31:555,-3.9675,-6.70125,"0,283",13,2,"12,3444","1,0799","49,942","4,0457","-15,625"
2026 02 02 09:39:31:557,-3.9334,-6.78875,"0,283",13,2,"12,3444","1,0799","49,942","4,0457","3,9063"
2026 02 02 09:39:31:559,-3.9675,-6.78875,"0,283",13,2,"12,3444","1,0799","49,942","4,0457",0
2026 02 02 09:39:31:561,-3.9675,-6.70125,"0,283",13,2,"12,3444","1,0799","49,942","4,0457","3,9063"
2026 02 02 09:39:31:563,-3.9985,-6.78875,"0,283",13,2,"12,3444","1,0799","49,942","4,0457",0
2026 02 02 09:39:31:565,-3.9675,-6.70125,"0,283",13,2,"12,3444","1,0799","49,942","4,0457","3,9063"
2026 02 02 09:39:31:567,-3.9675,-6.78875,"0,283",13,2,"12,3444","1,0799","49,942","4,0457","19,5313"
2026 02 02 09:39:31:569,-3.9675,-6.70125,"0,283",13,2,"12,3444","1,0799","49,942","4,0457","11,7188"
2026 02 02 09:39:31:571,-3.9675,-6.70125,"0,283",13,2,"12,3444","1,0799","49,942","4,0457","-7,8125"
2026 02 02 09:39:31:573,-3.9675,-6.78875,"0,283",13,2,"12,3444","1,0799","49,942","4,0457","-19,5312"
2026 02 02 09:39:31:575,-3.9985,-6.78875,"0,283",13,2,"12,3444","1,0799","49,942","4,0457","-15,625"
2026 02 02 09:39:31:577,-3.9675,-6.87625,"0,283",13,2,"12,3444","1,0799","49,942","4,0457","3,9063"
2026 02 02 09:39:31:579,-3.9675,-6.70125,"0,283",13,2,"12,3444","1,0799","49,942","4,0457",0
2026 02 02 09:39:31:581,-3.9675,-6.78875,"0,283",13,2,"12,3444","1,0799","49,942","4,0457",0
2026 02 02 09:39:31:583,-3.9675,-6.70125,"0,283",13,2,"12,3444","1,0799","49,942","4,0457",0
2026 02 02 09:39:31:585,-3.9675,-6.78875,"0,283",13,2,"12,3444","1,0799","49,942","4,0457",0
2026 02 02 09:39:31:587,-3.9985,-6.70125,"0,283",13,2,"12,3444","1,0799","49,942","4,0457","19,5313"
2026 02 02 09:39:31:589,-3.9675,-6.70125,"0,283",13,2,"12,3444","1,0799","49,942","4,0457","11,7188"
2026 02 02 09:39:31:591,-3.9675,-6.78875,"0,283",13,2,"12,3444","1,0799","49,942","4,0457","-7,8125"
2026 02 02 09:39:31:593,-3.9334,-6.70125,"0,283",13,2,"12,3444","1,0799","49,942","4,0457","-15,625"
2026 02 02 09:39:31:595,-3.9675,-6.78875,"0,283",13,2,"12,3444","1,0799","49,942","4,0457","-7,8125"
2026 02 02 09:39:31:597,-3.9985,-6.87625,"0,283",13,2,"12,3444","1,0799","49,942","4,0457",0
2026 02 02 09:39:31:599,-3.9675,-6.78875,"0,283",13,2,"12,3444","1,0799","49,942","4,0457","3,9063"
2026 02 02 09:39:31:601,-3.9675,-6.70125,"0,283",13,2,"12,3444","1,0799","49,942","4,0457",0
2026 02 02 09:39:31:603,-3.9675,-6.70125,"0,283",13,2,"12,3444","1,0799","49,942","4,0457",0
2026 02 02 09:39:31:605,-3.9675,-6.70125,"0,283",13,2,"12,3444","1,0799","49,942","4,0457","-3,9062"
2026 02 02 09:39:31:607,-3.9675,-6.70125,"0,283",13,2,"12,3444","1,0799","49,942","4,0457","15,625"
2026 02 02 09:39:31:609,-3.9675,-6.78875,"0,283",13,2,"12,3444","1,0799","49,942","4,0457","11,7188"
2026 02 02 09:39:31:611,-3.9675,-6.78875,"0,283",13,2,"12,3444","1,0799","49,942","4,0457","-3,9062"
2026 02 02 09:39:31:613,-3.9675,-6.78875,"0,283",13,2,"12,3444","1,0799","49,942","4,0457","-15,625"
2026 02 02 09:39:31:615,-3.9675,-6.78875,"0,283",13,2,"12,3444","1,0799","49,942","4,0457","-15,625"
2026 02 02 09:39:31:617,-3.9334,-6.70125,"0,283",13,2,"12,3444","1,0799","49,942","4,0457","-3,9062"
2026 02 02 09:39:31:619,-3.9675,-6.78875,"0,283",13,2,"12,3444","1,0799","49,942","4,0457",0
2026 02 02 09:39:31:621,-3.9675,-6.70125,"0,283",13,2,"12,3444","1,0799","49,942","4,0457","3,9063"
2026 02 02 09:39:31:623,-3.9675,-6.70125,"0,283",13,2,"12,3444","1,0799","49,942","4,0457",0
2026 02 02 09:39:31:625,-3.9675,-6.78875,"0,283",13,2,"12,3444","1,0799","49,942","4,0457",0
2026 02 02 09:39:31:627,-3.9675,-6.78875,"0,283",13,2,"12,3444","1,0799","49,942","4,0457","19,5313"
2026 02 02 09:39:31:629,-3.9985,-6.78875,"0,283",13,2,"12,3444","1,0799","49,942","4,0457","11,7188"
2026 02 02 09:39:31:631,-3.9675,-6.70125,"0,283",13,2,"12,3444","1,0799","49,942","4,0457","-7,8125"
2026 02 02 09:39:31:633,-3.9675,-6.70125,"0,283",13,2,"12,3444","1,0799","49,942","4,0457","-19,5312"
2026 02 02 09:39:31:635,-3.9985,-6.78875,"0,283",13,2,"12,3444","1,0799","49,942","4,0457","-15,625"
2026 02 02 09:39:31:637,-3.9985,-6.78875,"0,283",13,2,"12,3444","1,0799","49,942","4,0457",0
2026 02 02 09:39:31:639,-3.9334,-6.78875,"0,283",13,2,"12,3444","1,0799","49,942","4,0457","3,9063"
2026 02 02 09:39:31:641,-3.9675,-6.70125,"0,283",13,2,"12,3444","1,0799","49,942","4,0457","-3,9062"
2026 02 02 09:39:31:643,-3.9675,-6.78875,"0,283",13,2,"12,3444","1,0799","49,942","4,0457","3,9063"
2026 02 02 09:39:31:645,-3.9675,-6.70125,"0,283",13,2,"12,3444","1,0799","49,942","4,0457",0
2026 02 02 09:39:31:647,-3.9675,-6.78875,"0,283",13,2,"12,3444","1,0799","49,942","4,0457","19,5313"
2026 02 02 09:39:31:649,-3.9334,-6.78875,"0,283",13,2,"12,3444","1,0799","49,942","4,0457","11,7188"
2026 02 02 09:39:31:651,-3.9675,-6.78875,"0,283",13,2,"12,3444","1,0799","49,942","4,0457","-7,8125"
2026 02 02 09:39:31:653,-3.9675,-6.70125,"0,283",13,2,"12,3444","1,0799","49,942","4,0457","-19,5312"
2026 02 02 09:39:31:655,-3.9675,-6.78875,"0,283",13,2,"12,3444","1,0799","49,942","4,0457","-11,7187"
2026 02 02 09:39:31:657,-3.9675,-6.78875,"0,283",13,2,"12,3444","1,0799","49,942","4,0457","3,9063"
2026 02 02 09:39:31:659,-3.9985,-6.61375,"0,283",13,2,"12,3444","1,0799","49,942","4,0457",0
2026 02 02 09:39:31:661,-3.9675,-6.61375,"0,283",13,2,"12,3444","1,0799","49,942","4,0457",0
2026 02 02 09:39:31:663,-3.9675,-6.78875,"0,283",13,2,"12,3444","1,0799","49,942","4,0457",0
2026 02 02 09:39:31:665,-3.9675,-6.70125,"0,283",13,2,"12,3444","1,0799","49,942","4,0457","3,9063"
2026 02 02 09:39:31:667,-3.9675,-6.70125,"0,283",13,2,"12,3444","1,0799","49,942","4,0457","23,4375"
2026 02 02 09:39:31:669,-3.9675,-6.78875,"0,283",13,2,"12,3444","1,0799","49,942","4,0457","11,7188"
2026 02 02 09:39:31:671,-3.9675,-6.78875,"0,283",13,2,"12,3444","1,0799","49,942","4,0457","-11,7187"
2026 02 02 09:39:31:673,-3.9675,-6.78875,"0,283",13,2,"12,3444","1,0799","49,942","4,0457","-19,5312"
2026 02 02 09:39:31:675,-3.9675,-6.78875,"0,283",13,2,"12,3444","1,0799","49,942","4,0457","-15,625"
2026 02 02 09:39:31:677,-3.9675,-6.70125,"0,283",13,2,"12,3444","1,0799","49,942","4,0457",0
2026 02 02 09:39:31:679,-3.9675,-6.70125,"0,283",13,2,"12,3444","1,0799","49,942","4,0457","-3,9062"
2026 02 02 09:39:31:681,-3.9334,-6.78875,"0,283",13,2,"12,3444","1,0799","49,942","4,0457","3,9063"
2026 02 02 09:39:31:683,-3.9675,-6.78875,"0,283",13,2,"12,3444","1,0799","49,942","4,0457",0
2026 02 02 09:39:31:685,-3.9985,-6.70125,"0,283",13,2,"12,3444","1,0799","49,942","4,0457",0
2026 02 02 09:39:31:687,-3.9334,-6.70125,"0,283",13,2,"12,3444","1,0799","49,942","4,0457","19,5313"
2026 02 02 09:39:31:689,-3.9675,-6.70125,"0,283",13,2,"12,3444","1,0799","49,942","4,0457","7,8125"
2026 02 02 09:39:31:691,-3.9334,-6.78875,"0,283",13,2,"12,3444","1,0799","49,942","4,0457","-11,7187"
2026 02 02 09:39:31:693,-3.9334,-6.78875,"0,283",13,2,"12,3444","1,0799","49,942","4,0457","-15,625"
2026 02 02 09:39:31:695,-3.9675,-6.78875,"0,283",13,2,"12,3444","1,0799","49,942","4,0457","-15,625"
2026 02 02 09:39:31:697,-3.9675,-6.78875,"0,283",13,2,"12,3444","1,0799","49,942","4,0457",0
2026 02 02 09:39:31:699,-3.9675,-6.78875,"0,283",13,2,"12,3444","1,0799","49,942","4,0457","3,9063"
2026 02 02 09:39:31:701,-3.9675,-6.78875,"0,283",13,2,"12,3444","1,0799","49,942","4,0457",0
2026 02 02 09:39:31:703,-3.9675,-6.87625,"0,283",13,2,"12,3444","1,0799","49,942","4,0457",0
2026 02 02 09:39:31:705,-3.9675,-6.70125,"0,283",13,2,"12,3444","1,0799","49,942","4,0457","-3,9062"
2026 02 02 09:39:31:707,-3.9675,-6.78875,"0,283",13,2,"12,3444","1,0799","49,942","4,0457","19,5313"
2026 02 02 09:39:31:709,-3.9985,-6.78875,"0,283",13,2,"12,3444","1,0799","49,942","4,0457","7,8125"
2026 02 02 09:39:31:711,-3.9675,-6.70125,"0,283",13,2,"12,3444","1,0799","49,942","4,0457","-3,9062"
2026 02 02 09:39:31:713,-3.9985,-6.78875,"0,283",13,2,"12,3444","1,0799","49,942","4,0457","-23,4375"
2026 02 02 09:39:31:715,-3.9675,-6.78875,"0,283",13,2,"12,3444","1,0799","49,942","4,0457","-15,625"
2026 02 02 09:39:31:717,-3.9985,-6.78875,"0,283",13,2,"12,3444","1,0799","49,942","4,0457",0
2026 02 02 09:39:31:719,-3.9675,-6.70125,"0,283",13,2,"12,3444","1,0799","49,942","4,0457",0
2026 02 02 09:39:31:721,-3.9675,-6.78875,"0,283",13,2,"12,3444","1,0799","49,942","4,0457",0
2026 02 02 09:39:31:723,-3.9675,-6.70125,"0,283",13,2,"12,3444","1,0799","49,942","4,0457",0
2026 02 02 09:39:31:725,-3.9985,-6.70125,"0,283",13,2,"12,3444","1,0799","49,942","4,0457",0
2026 02 02 09:39:31:727,-3.9675,-6.78875,"0,283",13,2,"12,3444","1,0799","49,942","4,0457","19,5313"
2026 02 02 09:39:31:729,-3.9675,-6.78875,"0,283",13,2,"12,3444","1,0799","49,942","4,0457","11,7188"
2026 02 02 09:39:31:731,-3.9985,-6.78875,"0,283",13,2,"12,3444","1,0799","49,942","4,0457","-7,8125"
2026 02 02 09:39:31:733,-3.9675,-6.78875,"0,283",13,2,"12,3444","1,0799","49,942","4,0457","-19,5312"
2026 02 02 09:39:31:735,-3.9675,-6.70125,"0,283",13,2,"12,3444","1,0799","49,942","4,0457","-3,9062"
2026 02 02 09:39:31:737,-3.9675,-6.78875,"0,283",13,2,"12,3444","1,0799","49,942","4,0457","3,9063"
2026 02 02 09:39:31:739,-3.9675,-6.70125,"0,283",13,2,"12,3444","1,0799","49,942","4,0457","-3,9062"
2026 02 02 09:39:31:741,-3.9334,-6.78875,"0,283",13,2,"12,3444","1,0799","49,942","4,0457","3,9063"
2026 02 02 09:39:31:743,-3.9675,-6.78875,"0,283",13,2,"12,3444","1,0799","49,942","4,0457","-3,9062"
2026 02 02 09:39:31:745,-3.9675,-6.78875,"0,283",13,2,"12,3444","1,0799","49,942","4,0457","3,9063"
2026 02 02 09:39:31:747,-3.9675,-6.78875,"0,283",13,2,"12,3444","1,0799","49,942","4,0457","19,5313"
2026 02 02 09:39:31:749,-3.9675,-6.70125,"0,283",13,2,"12,3444","1,0799","49,942","4,0457","11,7188"
2026 02 02 09:39:31:751,-3.9675,-6.78875,"0,283",13,2,"12,3444","1,0799","49,942","4,0457","-7,8125"
2026 02 02 09:39:31:753,-3.9675,-6.78875,"0,283",13,2,"12,3444","1,0799","49,942","4,0457","-23,4375"
2026 02 02 09:39:31:755,-3.9675,-6.78875,"0,283",13,2,"12,3444","1,0799","49,942","4,0457","-15,625"
2026 02 02 09:39:31:757,-3.9675,-6.78875,"0,283",13,2,"12,3444","1,0799","49,942","4,0457",0
2026 02 02 09:39:31:759,-3.9675,-6.78875,"0,283",13,2,"12,3444","1,0799","49,942","4,0457","-3,9062"
2026 02 02 09:39:31:761,-3.9675,-6.78875,"0,283",13,2,"12,3444","1,0799","49,942","4,0457",0
2026 02 02 09:39:31:763,-3.9675,-6.70125,"0,283",13,2,"12,3444","1,0799","49,942","4,0457","-3,9062"
2026 02 02 09:39:31:765,-3.9675,-6.70125,"0,283",13,2,"12,3444","1,0799","49,942","4,0457","3,9063"
2026 02 02 09:39:31:767,-3.9675,-6.78875,"0,283",13,2,"12,3444","1,0799","49,942","4,0457","19,5313"
2026 02 02 09:39:31:769,-3.9675,-6.70125,"0,283",13,2,"12,3444","1,0799","49,942","4,0457","7,8125"
2026 02 02 09:39:31:771,-3.9675,-6.70125,"0,283",13,2,"12,3444","1,0799","49,942","4,0457","-7,8125"
2026 02 02 09:39:31:773,-3.9675,-6.78875,"0,283",13,2,"12,3444","1,0799","49,942","4,0457","-23,4375"
2026 02 02 09:39:31:775,-3.9675,-6.78875,"0,283",13,2,"12,3444","1,0799","49,942","4,0457","-15,625"
2026 02 02 09:39:31:777,-3.9985,-6.78875,"0,283",13,2,"12,3444","1,0799","49,942","4,0457",0
2026 02 02 09:39:31:779,-3.9985,-6.78875,"0,283",13,2,"12,3444","1,0799","49,942","4,0457","3,9063"
2026 02 02 09:39:31:781,-3.9985,-6.70125,"0,283",13,2,"12,3444","1,0799","49,942","4,0457",0
2026 02 02 09:39:31:783,-3.9675,-6.70125,"0,283",13,2,"12,3444","1,0799","49,942","4,0457",0
2026 02 02 09:39:31:785,-3.9985,-6.78875,"0,283",13,2,"12,3444","1,0799","49,942","4,0457",0
2026 02 02 09:39:31:787,-3.9675,-6.78875,"0,283",13,2,"12,3444","1,0799","49,942","4,0457","23,4375"
2026 02 02 09:39:31:789,-3.9985,-6.78875,"0,283",13,2,"12,3444","1,0799","49,942","4,0457","11,7188"
2026 02 02 09:39:31:791,-3.9675,-6.78875,"0,283",13,2,"12,3444","1,0799","49,942","4,0457",0
2026 02 02 09:39:31:793,-3.9334,-6.70125,"0,283",13,2,"12,3444","1,0799","49,942","4,0457","-23,4375"
2026 02 02 09:39:31:795,-3.9334,-6.78875,"0,283",13,2,"12,3444","1,0799","49,942","4,0457","-7,8125"
2026 02 02 09:39:31:797,-3.9675,-6.78875,"0,283",13,2,"12,3444","1,0799","49,942","4,0457",0
2026 02 02 09:39:31:799,-3.9675,-6.78875,"0,283",13,2,"12,3444","1,0799","49,942","4,0457",0
2026 02 02 09:39:31:801,-3.9675,-6.78875,"0,283",13,2,"12,3444","1,0799","49,942","4,0457","3,9063"
2026 02 02 09:39:31:803,-3.9675,-6.70125,"0,283",13,2,"12,3444","1,0799","49,942","4,0457",0
2026 02 02 09:39:31:805,-3.9985,-6.70125,"0,283",13,2,"12,3444","1,0799","49,942","4,0457","3,9063"
2026 02 02 09:39:31:807,-3.9985,-6.78875,"0,283",13,2,"12,3444","1,0799","49,942","4,0457","23,4375"
2026 02 02 09:39:31:809,-3.9675,-6.70125,"0,283",13,2,"12,3444","1,0799","49,942","4,0457","11,7188"
2026 02 02 09:39:31:811,-3.9675,-6.70125,"0,283",13,2,"12,3444","1,0043","47,3175","3,8331","-11,7187"
2026 02 02 09:39:31:813,-3.9675,-6.78875,"0,283",13,2,"12,3444","1,0043","47,3175","3,8331","-23,4375"
2026 02 02 09:39:31:815,-3.9675,-6.78875,"0,283",13,2,"12,3444","1,0043","47,3175","3,8331","-3,9062"
2026 02 02 09:39:31:817,-3.9675,-6.78875,"0,283",13,2,"12,3444","1,0043","47,3175","3,8331",0
2026 02 02 09:39:31:819,-3.9985,-6.78875,"0,283",13,2,"12,3444","1,0043","47,3175","3,8331",0
2026 02 02 09:39:31:821,-3.9675,-6.78875,"0,283",13,2,"12,3444","1,0043","47,3175","3,8331",0
2026 02 02 09:39:31:823,-3.9675,-6.87625,"0,283",13,2,"12,3444","1,0043","47,3175","3,8331",0
2026 02 02 09:39:31:825,-3.9675,-6.70125,"0,283",13,2,"12,3444","1,0043","47,3175","3,8331",0
2026 02 02 09:39:31:827,-3.9675,-6.78875,"0,283",13,2,"12,3444","1,0043","47,3175","3,8331","23,4375"
2026 02 02 09:39:31:829,-3.9675,-6.70125,"0,283",13,2,"12,3444","1,0043","47,3175","3,8331","11,7188"
2026 02 02 09:39:31:831,-3.9985,-6.87625,"0,283",13,2,"12,3444","1,0043","47,3175","3,8331","-7,8125"
2026 02 02 09:39:31:833,-3.9675,-6.78875,"0,283",13,2,"12,3444","1,0043","47,3175","3,8331","-19,5312"
2026 02 02 09:39:31:835,-3.9985,-6.70125,"0,283",13,2,"12,3444","1,0043","47,3175","3,8331","-23,4375"
2026 02 02 09:39:31:837,-3.9675,-6.70125,"0,283",13,2,"12,3444","1,0043","47,3175","3,8331","3,9063"
2026 02 02 09:39:31:839,-3.9675,-6.78875,"0,283",13,2,"12,3444","1,0043","47,3175","3,8331",0
2026 02 02 09:39:31:841,-3.9675,-6.78875,"0,283",13,2,"12,3444","1,0043","47,3175","3,8331",0
2026 02 02 09:39:31:843,-3.9675,-6.78875,"0,283",13,2,"12,3444","1,0043","47,3175","3,8331","3,9063"
2026 02 02 09:39:31:845,-3.9675,-6.78875,"0,283",13,2,"12,3444","1,0043","47,3175","3,8331","3,9063"
2026 02 02 09:39:31:847,-3.9675,-6.70125,"0,283",13,2,"12,3444","1,0043","47,3175","3,8331","19,5313"
2026 02 02 09:39:31:849,-3.9675,-6.70125,"0,283",13,2,"12,3444","1,0043","47,3175","3,8331","15,625"
2026 02 02 09:39:31:851,-3.9985,-6.70125,"0,283",13,2,"12,3444","1,0043","47,3175","3,8331","-11,7187"
2026 02 02 09:39:31:853,-3.9334,-6.78875,"0,283",13,2,"12,3444","1,0043","47,3175","3,8331","-19,5312"
2026 02 02 09:39:31:855,-3.9675,-6.70125,"0,283",13,2,"12,3444","1,0043","47,3175","3,8331","-19,5312"
2026 02 02 09:39:31:857,-3.9334,-6.78875,"0,283",13,2,"12,3444","1,0043","47,3175","3,8331",0
2026 02 02 09:39:31:859,-3.9985,-6.70125,"0,283",13,2,"12,3444","1,0043","47,3175","3,8331",0
2026 02 02 09:39:31:861,-3.9985,-6.78875,"0,283",13,2,"12,3444","1,0043","47,3175","3,8331",0
2026 02 02 09:39:31:863,-3.9675,-6.70125,"0,283",13,2,"12,3444","1,0043","47,3175","3,8331",0
2026 02 02 09:39:31:865,-3.9675,-6.78875,"0,283",13,2,"12,3444","1,0043","47,3175","3,8331","3,9063"
2026 02 02 09:39:31:867,-3.9334,-6.70125,"0,283",13,2,"12,3444","1,0043","47,3175","3,8331","23,4375"
2026 02 02 09:39:31:869,-3.9985,-6.78875,"0,283",13,2,"12,3444","1,0043","47,3175","3,8331","11,7188"
2026 02 02 09:39:31:871,-3.9675,-6.78875,"0,283",13,2,"12,3444","1,0043","47,3175","3,8331","-11,7187"
2026 02 02 09:39:31:873,-3.9675,-6.78875,"0,283",13,2,"12,3444","1,0043","47,3175","3,8331","-19,5312"
2026 02 02 09:39:31:875,-3.9675,-6.78875,"0,283",13,2,"12,3444","1,0043","47,3175","3,8331","-23,4375"
2026 02 02 09:39:31:877,-3.9675,-6.78875,"0,283",13,2,"12,3444","1,0043","47,3175","3,8331","3,9063"
2026 02 02 09:39:31:879,-3.9675,-6.78875,"0,283",13,2,"12,3444","1,0043","47,3175","3,8331","-3,9062"
2026 02 02 09:39:31:881,-3.9334,-6.78875,"0,283",13,2,"12,3444","1,0043","47,3175","3,8331",0
2026 02 02 09:39:31:883,-3.9675,-6.78875,"0,283",13,2,"12,3444","1,0043","47,3175","3,8331",0
2026 02 02 09:39:31:885,-3.9675,-6.78875,"0,283",13,2,"12,3444","1,0043","47,3175","3,8331",0
2026 02 02 09:39:31:887,-3.9675,-6.78875,"0,283",13,2,"12,3444","1,0043","47,3175","3,8331","23,4375"
2026 02 02 09:39:31:889,-3.9675,-6.78875,"0,283",13,2,"12,3444","1,0043","47,3175","3,8331","7,8125"
2026 02 02 09:39:31:891,-3.9675,-6.87625,"0,283",13,2,"12,3444","1,0043","47,3175","3,8331","-7,8125"
2026 02 02 09:39:31:893,-3.9675,-6.70125,"0,283",13,2,"12,3444","1,0043","47,3175","3,8331","-23,4375"
2026 02 02 09:39:31:895,-3.9675,-6.78875,"0,283",13,2,"12,3444","1,0043","47,3175","3,8331","-23,4375"
2026 02 02 09:39:31:897,-3.9985,-6.78875,"0,283",13,2,"12,3444","1,0043","47,3175","3,8331",0
2026 02 02 09:39:31:899,-3.9675,-6.70125,"0,283",13,2,"12,3444","1,0043","47,3175","3,8331",0
2026 02 02 09:39:31:901,-3.9675,-6.78875,"0,283",13,2,"12,3444","1,0043","47,3175","3,8331",0
2026 02 02 09:39:31:903,-3.9675,-6.78875,"0,283",13,2,"12,3444","1,0043","47,3175","3,8331","-3,9062"
2026 02 02 09:39:31:905,-3.9675,-6.78875,"0,283",13,2,"12,3444","1,0043","47,3175","3,8331",0
2026 02 02 09:39:31:907,-3.9675,-6.70125,"0,283",13,2,"12,3444","1,0043","47,3175","3,8331","19,5313"
2026 02 02 09:39:31:909,-3.9675,-6.78875,"0,283",13,2,"12,3444","1,0043","47,3175","3,8331","11,7188"
2026 02 02 09:39:31:911,-3.9675,-6.78875,"0,283",13,2,"12,3444","1,0043","47,3175","3,8331","-7,8125"
2026 02 02 09:39:31:913,-3.9334,-6.78875,"0,283",13,2,"12,3444","1,0043","47,3175","3,8331","-19,5312"
2026 02 02 09:39:31:915,-3.9334,-6.70125,"0,283",13,2,"12,3444","1,0043","47,3175","3,8331","-23,4375"
2026 02 02 09:39:31:917,-3.9675,-6.70125,"0,283",13,2,"12,3444","1,0043","47,3175","3,8331",0
2026 02 02 09:39:31:919,-3.9675,-6.78875,"0,283",13,2,"12,3444","1,0043","47,3175","3,8331",0
2026 02 02 09:39:31:921,-3.9334,-6.78875,"0,283",13,2,"12,3444","1,0043","47,3175","3,8331",0
2026 02 02 09:39:31:923,-3.9675,-6.78875,"0,283",13,2,"12,3444","1,0043","47,3175","3,8331",0
2026 02 02 09:39:31:925,-3.9675,-6.78875,"0,283",13,2,"12,3444","1,0043","47,3175","3,8331","3,9063"
2026 02 02 09:39:31:927,-3.9334,-6.78875,"0,283",13,2,"12,3444","1,0043","47,3175","3,8331","23,4375"
2026 02 02 09:39:31:929,-3.9675,-6.78875,"0,283",13,2,"12,3444","1,0043","47,3175","3,8331","7,8125"
2026 02 02 09:39:31:931,-3.9675,-6.78875,"0,283",13,2,"12,3444","1,0043","47,3175","3,8331","-11,7187"
2026 02 02 09:39:31:933,-3.9675,-6.78875,"0,283",13,2,"12,3444","1,0043","47,3175","3,8331","-23,4375"
2026 02 02 09:39:31:935,-3.9675,-6.78875,"0,283",13,2,"12,3444","1,0043","47,3175","3,8331","-23,4375"
2026 02 02 09:39:31:937,-3.9675,-6.78875,"0,283",13,2,"12,3444","1,0043","47,3175","3,8331",0
2026 02 02 09:39:31:939,-3.9675,-6.70125,"0,283",13,2,"12,3444","1,0043","47,3175","3,8331",0
2026 02 02 09:39:31:941,-3.9675,-6.78875,"0,283",13,2,"12,3444","1,0043","47,3175","3,8331",0
2026 02 02 09:39:31:943,-3.9985,-6.87625,"0,283",13,2,"12,3444","1,0043","47,3175","3,8331",0
2026 02 02 09:39:31:945,-3.9675,-6.78875,"0,283",13,2,"12,3444","1,0043","47,3175","3,8331","7,8125"
2026 02 02 09:39:31:947,-3.9675,-6.78875,"0,283",13,2,"12,3444","1,0043","47,3175","3,8331","19,5313"
2026 02 02 09:39:31:949,-3.9675,-6.78875,"0,283",13,2,"12,3444","1,0043","47,3175","3,8331","11,7188"
2026 02 02 09:39:31:951,-3.9675,-6.70125,"0,283",13,2,"12,3444","1,0043","47,3175","3,8331","-11,7187"
2026 02 02 09:39:31:953,-3.9675,-6.78875,"0,283",13,2,"12,3444","1,0043","47,3175","3,8331","-23,4375"
2026 02 02 09:39:31:955,-3.9675,-6.78875,"0,283",13,2,"12,3444","1,0043","47,3175","3,8331","-23,4375"
2026 02 02 09:39:31:957,-3.9334,-6.70125,"0,283",13,2,"12,3444","1,0043","47,3175","3,8331","3,9063"
2026 02 02 09:39:31:959,-3.9985,-6.78875,"0,283",13,2,"12,3444","1,0043","47,3175","3,8331","-3,9062"
2026 02 02 09:39:31:961,-3.9675,-6.78875,"0,283",13,2,"12,3444","1,0043","47,3175","3,8331",0
2026 02 02 09:39:31:963,-3.9675,-6.70125,"0,283",13,2,"12,3444","1,0043","47,3175","3,8331","-3,9062"
2026 02 02 09:39:31:965,-3.9675,-6.70125,"0,283",13,2,"12,3444","1,0043","47,3175","3,8331","3,9063"
2026 02 02 09:39:31:967,-3.9334,-6.70125,"0,283",13,2,"12,3444","1,0043","47,3175","3,8331","23,4375"
2026 02 02 09:39:31:969,-3.9675,-6.78875,"0,283",13,2,"12,3444","1,0043","47,3175","3,8331","7,8125"
2026 02 02 09:39:31:971,-3.9334,-6.70125,"0,283",13,2,"12,3444","1,0043","47,3175","3,8331","-11,7187"
2026 02 02 09:39:31:973,-3.9675,-6.78875,"0,283",13,2,"12,3444","1,0043","47,3175","3,8331","-19,5312"
2026 02 02 09:39:31:975,-3.9675,-6.70125,"0,283",13,2,"12,3444","1,0043","47,3175","3,8331","-27,3437"
2026 02 02 09:39:31:977,-3.9675,-6.78875,"0,283",13,2,"12,3444","1,0043","47,3175","3,8331",0
2026 02 02 09:39:31:979,-3.9675,-6.78875,"0,283",13,2,"12,3444","1,0043","47,3175","3,8331","-3,9062"
2026 02 02 09:39:31:981,-3.9675,-6.78875,"0,283",13,2,"12,3444","1,0043","47,3175","3,8331",0
2026 02 02 09:39:31:983,-3.9675,-6.78875,"0,283",13,2,"12,3444","1,0043","47,3175","3,8331",0
2026 02 02 09:39:31:985,-3.9675,-6.78875,"0,283",13,2,"12,3444","1,0043","47,3175","3,8331","7,8125"
2026 02 02 09:39:31:987,-3.9675,-6.78875,"0,283",13,2,"12,3444","1,0043","47,3175","3,8331","23,4375"
2026 02 02 09:39:31:989,-3.9334,-6.78875,"0,283",13,2,"12,3444","1,0043","47,3175","3,8331","7,8125"
2026 02 02 09:39:31:991,-3.9675,-6.78875,"0,283",13,2,"12,3444","1,0043","47,3175","3,8331","-15,625"
2026 02 02 09:39:31:993,-3.9675,-6.78875,"0,283",13,2,"12,3444","1,0043","47,3175","3,8331","-19,5312"
2026 02 02 09:39:31:995,-3.9675,-6.78875,"0,283",13,2,"12,3444","1,0043","47,3175","3,8331","-27,3437"
2026 02 02 09:39:31:997,-3.9675,-6.78875,"0,283",13,2,"12,3444","1,0043","47,3175","3,8331",0
2026 02 02 09:39:31:999,-3.9675,-6.78875,"0,283",13,2,"12,3444","1,0043","47,3175","3,8331",0
2026 02 02 09:39:32:001,-3.9675,-6.78875,"0,283",13,2,"12,3444","1,0043","47,3175","3,8331",0
2026 02 02 09:39:32:003,-3.9675,-6.87625,"0,283",13,2,"12,3444","1,0043","47,3175","3,8331",0
2026 02 02 09:39:32:005,-3.9334,-6.70125,"0,283",13,2,"12,3444","1,0043","47,3175","3,8331","7,8125"
2026 02 02 09:39:32:007,-3.9985,-6.70125,"0,283",13,2,"12,3444","1,0043","47,3175","3,8331","23,4375"
2026 02 02 09:39:32:009,-3.9675,-6.70125,"0,283",13,2,"12,3444","1,0043","47,3175","3,8331","7,8125"
2026 02 02 09:39:32:011,-3.9675,-6.70125,"0,283",13,2,"12,3444","1,0043","47,3175","3,8331","-11,7187"
2026 02 02 09:39:32:013,-3.9675,-6.70125,"0,283",13,2,"12,3444","1,0043","47,3175","3,8331","-19,5312"
2026 02 02 09:39:32:015,-3.9985,-6.78875,"0,283",13,2,"12,3444","1,0043","47,3175","3,8331","-27,3437"
2026 02 02 09:39:32:017,-3.9675,-6.70125,"0,283",13,2,"12,3444","1,0043","47,3175","3,8331",0
2026 02 02 09:39:32:019,-3.9675,-6.70125,"0,283",13,2,"12,3444","1,0043","47,3175","3,8331",0
2026 02 02 09:39:32:021,-3.9675,-6.70125,"0,283",13,2,"12,3444","1,0043","47,3175","3,8331",0
2026 02 02 09:39:32:023,-3.9675,-6.87625,"0,283",13,2,"12,3444","1,0043","47,3175","3,8331",0
2026 02 02 09:39:32:025,-3.9675,-6.78875,"0,283",13,2,"12,3444","1,0043","47,3175","3,8331","3,9063"
2026 02 02 09:39:32:027,-3.9675,-6.70125,"0,283",13,2,"12,3444","1,0043","47,3175","3,8331","19,5313"
2026 02 02 09:39:32:029,-3.9985,-6.78875,"0,283",13,2,"12,3444","1,0043","47,3175","3,8331","11,7188"
2026 02 02 09:39:32:031,-3.9334,-6.87625,"0,283",13,2,"12,3444","1,0043","47,3175","3,8331","-11,7187"
2026 02 02 09:39:32:033,-3.9334,-6.78875,"0,283",13,2,"12,3444","1,0043","47,3175","3,8331","-19,5312"
2026 02 02 09:39:32:035,-3.9675,-6.78875,"0,283",13,2,"12,3444","1,0043","47,3175","3,8331","-19,5312"
2026 02 02 09:39:32:037,-3.9334,-6.78875,"0,283",13,2,"12,3444","1,0043","47,3175","3,8331","-3,9062"
2026 02 02 09:39:32:039,-3.9675,-6.78875,"0,283",13,2,"12,3444","1,0043","47,3175","3,8331",0
2026 02 02 09:39:32:041,-3.9675,-6.78875,"0,283",13,2,"12,3444","1,0043","47,3175","3,8331","-3,9062"
2026 02 02 09:39:32:043,-3.9675,-6.87625,"0,283",13,2,"12,3444","1,0043","47,3175","3,8331",0
2026 02 02 09:39:32:045,-3.9675,-6.78875,"0,283",13,2,"12,3444","1,0043","47,3175","3,8331","7,8125"
2026 02 02 09:39:32:047,-3.9985,-6.70125,"0,283",13,2,"12,3444","1,0043","47,3175","3,8331","19,5313"
2026 02 02 09:39:32:049,-3.9985,-6.87625,"0,283",13,2,"12,3444","1,0043","47,3175","3,8331","7,8125"
2026 02 02 09:39:32:051,-3.9675,-6.78875,"0,283",13,2,"12,3444","1,0043","47,3175","3,8331","-11,7187"
2026 02 02 09:39:32:053,-3.9675,-6.78875,"0,283",13,2,"12,3444","1,0043","47,3175","3,8331","-19,5312"
2026 02 02 09:39:32:055,-3.9675,-6.78875,"0,283",13,2,"12,3444","1,0043","47,3175","3,8331","-27,3437"
2026 02 02 09:39:32:057,-3.9675,-6.70125,"0,283",13,2,"12,3444","1,0043","47,3175","3,8331",0
2026 02 02 09:39:32:059,-3.9675,-6.70125,"0,283",13,2,"12,3444","1,0043","47,3175","3,8331",0
2026 02 02 09:39:32:061,-3.9334,-6.78875,"0,283",13,2,"12,3444","1,0043","47,3175","3,8331","3,9063"
2026 02 02 09:39:32:063,-3.9675,-6.70125,"0,283",13,2,"12,3444","1,0043","47,3175","3,8331",0
2026 02 02 09:39:32:065,-3.9675,-6.78875,"0,283",13,2,"12,3444","1,0043","47,3175","3,8331","7,8125"
2026 02 02 09:39:32:067,-3.9334,-6.78875,"0,283",13,2,"12,3444","1,0043","47,3175","3,8331","19,5313"
2026 02 02 09:39:32:069,-3.9675,-6.78875,"0,283",13,2,"12,3444","1,0043","47,3175","3,8331","7,8125"
2026 02 02 09:39:32:071,-3.9985,-6.70125,"0,283",13,2,"12,3444","1,0043","47,3175","3,8331","-11,7187"
2026 02 02 09:39:32:073,-3.9985,-6.78875,"0,283",13,2,"12,3444","1,0043","47,3175","3,8331","-19,5312"
2026 02 02 09:39:32:075,-3.9985,-6.70125,"0,283",13,2,"12,3444","1,0043","47,3175","3,8331","-23,4375"
2026 02 02 09:39:32:077,-3.9675,-6.78875,"0,283",13,2,"12,3444","1,0043","47,3175","3,8331","-3,9062"
2026 02 02 09:39:32:079,-3.9985,-6.78875,"0,283",13,2,"12,3444","1,0043","47,3175","3,8331","3,9063"
2026 02 02 09:39:32:081,-3.9675,-6.70125,"0,283",13,2,"12,3444","1,0043","47,3175","3,8331",0
2026 02 02 09:39:32:083,-3.9675,-6.78875,"0,283",13,2,"12,3444","1,0043","47,3175","3,8331",0
2026 02 02 09:39:32:085,-3.9334,-6.78875,"0,283",13,2,"12,3444","1,0043","47,3175","3,8331","11,7188"
2026 02 02 09:39:32:087,-3.9675,-6.70125,"0,283",13,2,"12,3444","1,0043","47,3175","3,8331","19,5313"
2026 02 02 09:39:32:089,-3.9675,-6.78875,"0,283",13,2,"12,3444","1,0043","47,3175","3,8331","11,7188"
2026 02 02 09:39:32:091,-3.9675,-6.78875,"0,283",13,2,"12,3444","1,0043","47,3175","3,8331","-11,7187"
2026 02 02 09:39:32:093,-3.9675,-6.78875,"0,283",13,2,"12,3444","1,0043","47,3175","3,8331","-19,5312"
2026 02 02 09:39:32:095,-3.9675,-6.78875,"0,283",13,2,"12,3444","1,0043","47,3175","3,8331","-27,3437"
2026 02 02 09:39:32:097,-3.9675,-6.70125,"0,283",13,2,"12,3444","1,0043","47,3175","3,8331",0
2026 02 02 09:39:32:099,-3.9334,-6.78875,"0,283",13,2,"12,3444","1,0043","47,3175","3,8331",0
2026 02 02 09:39:32:101,-3.9985,-6.78875,"0,283",13,2,"12,3444","1,0043","47,3175","3,8331",0
2026 02 02 09:39:32:103,-3.9675,-6.70125,"0,283",13,2,"12,3444","1,0043","47,3175","3,8331",0
2026 02 02 09:39:32:105,-3.9675,-6.70125,"0,283",13,2,"12,3444","1,0043","47,3175","3,8331","11,7188"
2026 02 02 09:39:32:107,-3.9675,-6.78875,"0,283",13,2,"12,3444","1,0043","47,3175","3,8331","23,4375"
2026 02 02 09:39:32:109,-3.9675,-6.78875,"0,283",13,2,"12,3444","1,0043","47,3175","3,8331","7,8125"
2026 02 02 09:39:32:111,-3.9675,-6.78875,"0,283",13,2,"12,3444","1,0153","46,7072","3,7837","-7,8125"
2026 02 02 09:39:32:113,-3.9985,-6.78875,"0,283",13,2,"12,3444","1,0153","46,7072","3,7837","-19,5312"
2026 02 02 09:39:32:115,-3.9675,-6.78875,"0,283",13,2,"12,3444","1,0153","46,7072","3,7837","-23,4375"
2026 02 02 09:39:32:117,-3.9334,-6.78875,"0,283",13,2,"12,3444","1,0153","46,7072","3,7837",0
2026 02 02 09:39:32:119,-3.9985,-6.70125,"0,283",13,2,"12,3444","1,0153","46,7072","3,7837","3,9063"
2026 02 02 09:39:32:121,-3.9675,-6.78875,"0,283",13,2,"12,3444","1,0153","46,7072","3,7837","3,9063"
2026 02 02 09:39:32:123,-3.9334,-6.78875,"0,283",13,2,"12,3444","1,0153","46,7072","3,7837",0
2026 02 02 09:39:32:125,-3.9334,-6.78875,"0,283",13,2,"12,3444","1,0153","46,7072","3,7837","11,7188"
2026 02 02 09:39:32:127,-3.9675,-6.70125,"0,283",13,2,"12,3444","1,0153","46,7072","3,7837","19,5313"
2026 02 02 09:39:32:129,-3.9334,-6.78875,"0,283",13,2,"12,3444","1,0153","46,7072","3,7837","7,8125"
2026 02 02 09:39:32:131,-3.9985,-6.78875,"0,283",13,2,"12,3444","1,0153","46,7072","3,7837","-7,8125"
2026 02 02 09:39:32:133,-3.9985,-6.70125,"0,283",13,2,"12,3444","1,0153","46,7072","3,7837","-23,4375"
2026 02 02 09:39:32:135,-3.9675,-6.87625,"0,283",13,2,"12,3444","1,0153","46,7072","3,7837","-19,5312"
2026 02 02 09:39:32:137,-3.9675,-6.78875,"0,283",13,2,"12,3444","1,0153","46,7072","3,7837",0
2026 02 02 09:39:32:139,-3.9675,-6.78875,"0,283",13,2,"12,3444","1,0153","46,7072","3,7837","3,9063"
2026 02 02 09:39:32:141,-3.9334,-6.78875,"0,283",13,2,"12,3444","1,0153","46,7072","3,7837","-3,9062"
2026 02 02 09:39:32:143,-3.9334,-6.78875,"0,283",13,2,"12,3444","1,0153","46,7072","3,7837",0
2026 02 02 09:39:32:145,-3.9675,-6.78875,"0,283",13,2,"12,3444","1,0153","46,7072","3,7837","15,625"
2026 02 02 09:39:32:147,-3.9675,-6.78875,"0,283",13,2,"12,3444","1,0153","46,7072","3,7837","19,5313"
2026 02 02 09:39:32:149,-3.9675,-6.78875,"0,283",13,2,"12,3444","1,0153","46,7072","3,7837","11,7188"
2026 02 02 09:39:32:151,-3.9985,-6.78875,"0,283",13,2,"12,3444","1,0153","46,7072","3,7837","-7,8125"
2026 02 02 09:39:32:153,-3.9675,-6.78875,"0,283",13,2,"12,3444","1,0153","46,7072","3,7837","-19,5312"
2026 02 02 09:39:32:155,-3.9675,-6.70125,"0,283",13,2,"12,3444","1,0153","46,7072","3,7837","-23,4375"
2026 02 02 09:39:32:157,-3.9675,-6.70125,"0,283",13,2,"12,3444","1,0153","46,7072","3,7837",0
2026 02 02 09:39:32:159,-3.9675,-6.78875,"0,283",13,2,"12,3444","1,0153","46,7072","3,7837",0
2026 02 02 09:39:32:161,-3.9675,-6.78875,"0,283",13,2,"12,3444","1,0153","46,7072","3,7837",0
2026 02 02 09:39:32:163,-3.9675,-6.78875,"0,283",13,2,"12,3444","1,0153","46,7072","3,7837",0
2026 02 02 09:39:32:165,-3.9675,-6.78875,"0,283",13,2,"12,3444","1,0153","46,7072","3,7837","11,7188"
2026 02 02 09:39:32:167,-3.9675,-6.70125,"0,283",13,2,"12,3444","1,0153","46,7072","3,7837","19,5313"
2026 02 02 09:39:32:169,-3.9675,-6.78875,"0,283",13,2,"12,3444","1,0153","46,7072","3,7837","7,8125"
2026 02 02 09:39:32:171,-3.9334,-6.70125,"0,283",13,2,"12,3444","1,0153","46,7072","3,7837","-7,8125"
2026 02 02 09:39:32:173,-3.9985,-6.70125,"0,283",13,2,"12,3444","1,0153","46,7072","3,7837","-23,4375"
2026 02 02 09:39:32:175,-3.9675,-6.78875,"0,283",13,2,"12,3444","1,0153","46,7072","3,7837","-31,25"
2026 02 02 09:39:32:177,-3.9675,-6.78875,"0,283",13,2,"12,3444","1,0153","46,7072","3,7837","3,9063"
2026 02 02 09:39:32:179,-3.9675,-6.70125,"0,283",13,2,"12,3444","1,0153","46,7072","3,7837",0
2026 02 02 09:39:32:181,-3.9334,-6.78875,"0,283",13,2,"12,3444","1,0153","46,7072","3,7837","3,9063"
2026 02 02 09:39:32:183,-3.9675,-6.70125,"0,283",13,2,"12,3444","1,0153","46,7072","3,7837","-3,9062"
2026 02 02 09:39:32:185,-3.9675,-6.78875,"0,283",13,2,"12,3444","1,0153","46,7072","3,7837","15,625"
2026 02 02 09:39:32:187,-3.9675,-6.78875,"0,283",13,2,"12,3444","1,0153","46,7072","3,7837","19,5313"
2026 02 02 09:39:32:189,-3.9675,-6.87625,"0,283",13,2,"12,3444","1,0153","46,7072","3,7837","7,8125"
2026 02 02 09:39:32:191,-3.9675,-6.70125,"0,283",13,2,"12,3444","1,0153","46,7072","3,7837","-7,8125"
2026 02 02 09:39:32:193,-3.9675,-6.78875,"0,283",13,2,"12,3444","1,0153","46,7072","3,7837","-23,4375"
2026 02 02 09:39:32:195,-3.9675,-6.78875,"0,283",13,2,"12,3444","1,0153","46,7072","3,7837","-31,25"
2026 02 02 09:39:32:197,-3.9675,-6.78875,"0,283",13,2,"12,3444","1,0153","46,7072","3,7837",0
2026 02 02 09:39:32:199,-3.9675,-6.78875,"0,283",13,2,"12,3444","1,0153","46,7072","3,7837",0
2026 02 02 09:39:32:201,-3.9675,-6.70125,"0,283",13,2,"12,3444","1,0153","46,7072","3,7837","-3,9062"
2026 02 02 09:39:32:203,-3.9675,-6.70125,"0,283",13,2,"12,3444","1,0153","46,7072","3,7837",0
2026 02 02 09:39:32:205,-3.9675,-6.78875,"0,283",13,2,"12,3444","1,0153","46,7072","3,7837","15,625"
2026 02 02 09:39:32:207,-3.9985,-6.70125,"0,283",13,2,"12,3444","1,0153","46,7072","3,7837","19,5313"
2026 02 02 09:39:32:209,-3.9675,-6.70125,"0,283",13,2,"12,3444","1,0153","46,7072","3,7837","7,8125"
2026 02 02 09:39:32:211,-3.9334,-6.78875,"0,283",13,2,"12,3444","1,0153","46,7072","3,7837","-11,7187"
2026 02 02 09:39:32:213,-3.9675,-6.70125,"0,283",13,2,"12,3444","1,0153","46,7072","3,7837","-19,5312"
2026 02 02 09:39:32:215,-3.9334,-6.78875,"0,283",13,2,"12,3444","1,0153","46,7072","3,7837","-31,25"
2026 02 02 09:39:32:217,-3.9675,-6.78875,"0,283",13,2,"12,3444","1,0153","46,7072","3,7837",0
2026 02 02 09:39:32:219,-3.9675,-6.78875,"0,283",13,2,"12,3444","1,0153","46,7072","3,7837",0
2026 02 02 09:39:32:221,-3.9675,-6.87625,"0,283",13,2,"12,3444","1,0153","46,7072","3,7837",0
2026 02 02 09:39:32:223,-3.9675,-6.78875,"0,283",13,2,"12,3444","1,0153","46,7072","3,7837",0
2026 02 02 09:39:32:225,-3.9675,-6.78875,"0,283",13,2,"12,3444","1,0153","46,7072","3,7837","15,625"
2026 02 02 09:39:32:227,-3.9675,-6.78875,"0,283",13,2,"12,3444","1,0153","46,7072","3,7837","15,625"
2026 02 02 09:39:32:229,-3.9675,-6.78875,"0,283",13,2,"12,3444","1,0153","46,7072","3,7837","7,8125"
2026 02 02 09:39:32:231,-3.9675,-6.70125,"0,283",13,2,"12,3444","1,0153","46,7072","3,7837","-7,8125"
2026 02 02 09:39:32:233,-3.9675,-6.87625,"0,283",13,2,"12,3444","1,0153","46,7072","3,7837","-23,4375"
2026 02 02 09:39:32:235,-3.9675,-6.70125,"0,283",13,2,"12,3444","1,0153","46,7072","3,7837","-27,3437"
2026 02 02 09:39:32:237,-3.9334,-6.78875,"0,283",13,2,"12,3444","1,0153","46,7072","3,7837",0
2026 02 02 09:39:32:239,-3.9675,-6.70125,"0,283",13,2,"12,3444","1,0153","46,7072","3,7837",0
2026 02 02 09:39:32:241,-3.9675,-6.78875,"0,283",13,2,"12,3444","1,0153","46,7072","3,7837",0
2026 02 02 09:39:32:243,-3.9675,-6.78875,"0,283",13,2,"12,3444","1,0153","46,7072","3,7837",0
2026 02 02 09:39:32:245,-3.9675,-6.70125,"0,283",13,2,"12,3444","1,0153","46,7072","3,7837","15,625"
2026 02 02 09:39:32:247,-3.9675,-6.70125,"0,283",13,2,"12,3444","1,0153","46,7072","3,7837","23,4375"
2026 02 02 09:39:32:249,-3.9675,-6.78875,"0,283",13,2,"12,3444","1,0153","46,7072","3,7837","3,9063"
2026 02 02 09:39:32:251,-3.9675,-6.87625,"0,283",13,2,"12,3444","1,0153","46,7072","3,7837","-7,8125"
2026 02 02 09:39:32:253,-3.9675,-6.70125,"0,283",13,2,"12,3444","1,0153","46,7072","3,7837","-23,4375"
2026 02 02 09:39:32:255,-3.9675,-6.78875,"0,283",13,2,"12,3444","1,0153","46,7072","3,7837","-31,25"
2026 02 02 09:39:32:257,-3.9985,-6.78875,"0,283",13,2,"12,3444","1,0153","46,7072","3,7837","-3,9062"
2026 02 02 09:39:32:259,-3.9675,-6.70125,"0,283",13,2,"12,3444","1,0153","46,7072","3,7837","-3,9062"
2026 02 02 09:39:32:261,-3.9334,-6.78875,"0,283",13,2,"12,3444","1,0153","46,7072","3,7837","-3,9062"
2026 02 02 09:39:32:263,-3.9675,-6.70125,"0,283",13,2,"12,3444","1,0153","46,7072","3,7837",0
2026 02 02 09:39:32:265,-3.9675,-6.78875,"0,283",13,2,"12,3444","1,0153","46,7072","3,7837","15,625"
2026 02 02 09:39:32:267,-3.9675,-6.78875,"0,283",13,2,"12,3444","1,0153","46,7072","3,7837","19,5313"
2026 02 02 09:39:32:269,-3.9334,-6.78875,"0,283",13,2,"12,3444","1,0153","46,7072","3,7837","7,8125"
2026 02 02 09:39:32:271,-3.9675,-6.70125,"0,283",13,2,"12,3444","1,0153","46,7072","3,7837","-11,7187"
2026 02 02 09:39:32:273,-3.9675,-6.78875,"0,283",13,2,"12,3444","1,0153","46,7072","3,7837","-23,4375"
2026 02 02 09:39:32:275,-3.9675,-6.70125,"0,283",13,2,"12,3444","1,0153","46,7072","3,7837","-27,3437"
2026 02 02 09:39:32:277,-3.9334,-6.78875,"0,283",13,2,"12,3444","1,0153","46,7072","3,7837",0
2026 02 02 09:39:32:279,-3.9675,-6.78875,"0,283",13,2,"12,3444","1,0153","46,7072","3,7837","-3,9062"
2026 02 02 09:39:32:281,-3.9675,-6.78875,"0,283",13,2,"12,3444","1,0153","46,7072","3,7837","3,9063"
2026 02 02 09:39:32:283,-3.9675,-6.87625,"0,283",13,2,"12,3444","1,0153","46,7072","3,7837",0
2026 02 02 09:39:32:285,-3.9675,-6.78875,"0,283",13,2,"12,3444","1,0153","46,7072","3,7837","15,625"
2026 02 02 09:39:32:287,-3.9334,-6.78875,"0,283",13,2,"12,3444","1,0153","46,7072","3,7837","19,5313"
2026 02 02 09:39:32:289,-3.9675,-6.87625,"0,283",13,2,"12,3444","1,0153","46,7072","3,7837","7,8125"
2026 02 02 09:39:32:291,-3.9334,-6.78875,"0,283",13,2,"12,3444","1,0153","46,7072","3,7837","-7,8125"
2026 02 02 09:39:32:293,-3.9675,-6.70125,"0,283",13,2,"12,3444","1,0153","46,7072","3,7837","-23,4375"
2026 02 02 09:39:32:295,-3.9675,-6.70125,"0,283",13,2,"12,3444","1,0153","46,7072","3,7837","-31,25"
2026 02 02 09:39:32:297,-3.9675,-6.78875,"0,283",13,2,"12,3444","1,0153","46,7072","3,7837",0
2026 02 02 09:39:32:299,-3.9675,-6.78875,"0,283",13,2,"12,3444","1,0153","46,7072","3,7837",0
2026 02 02 09:39:32:301,-3.9675,-6.78875,"0,283",13,2,"12,3444","1,0153","46,7072","3,7837",0
2026 02 02 09:39:32:303,-3.9675,-6.70125,"0,283",13,2,"12,3444","1,0153","46,7072","3,7837","-3,9062"
2026 02 02 09:39:32:305,-3.9675,-6.78875,"0,283",13,2,"12,3444","1,0153","46,7072","3,7837","19,5313"
2026 02 02 09:39:32:307,-3.9675,-6.70125,"0,283",13,2,"12,3444","1,0153","46,7072","3,7837","19,5313"
2026 02 02 09:39:32:309,-3.9985,-6.70125,"0,283",13,2,"12,3444","1,0153","46,7072","3,7837","7,8125"
2026 02 02 09:39:32:311,-3.9334,-6.70125,"0,283",13,2,"12,3444","1,0153","46,7072","3,7837","-11,7187"
2026 02 02 09:39:32:313,-3.9985,-6.70125,"0,283",13,2,"12,3444","1,0153","46,7072","3,7837","-19,5312"
2026 02 02 09:39:32:315,-3.9985,-6.78875,"0,283",13,2,"12,3444","1,0153","46,7072","3,7837","-35,1562"
2026 02 02 09:39:32:317,-3.9675,-6.70125,"0,283",13,2,"12,3444","1,0153","46,7072","3,7837",0
2026 02 02 09:39:32:319,-3.9675,-6.78875,"0,283",13,2,"12,3444","1,0153","46,7072","3,7837",0
2026 02 02 09:39:32:321,-3.9675,-6.87625,"0,283",13,2,"12,3444","1,0153","46,7072","3,7837","-3,9062"
2026 02 02 09:39:32:323,-3.9675,-6.78875,"0,283",13,2,"12,3444","1,0153","46,7072","3,7837",0
2026 02 02 09:39:32:325,-3.9675,-6.70125,"0,283",13,2,"12,3444","1,0153","46,7072","3,7837","19,5313"
2026 02 02 09:39:32:327,-3.9675,-6.78875,"0,283",13,2,"12,3444","1,0153","46,7072","3,7837","15,625"
2026 02 02 09:39:32:329,-3.9675,-6.78875,"0,283",13,2,"12,3444","1,0153","46,7072","3,7837","7,8125"
2026 02 02 09:39:32:331,-3.9675,-6.78875,"0,283",13,2,"12,3444","1,0153","46,7072","3,7837","-11,7187"
2026 02 02 09:39:32:333,-3.9675,-6.87625,"0,283",13,2,"12,3444","1,0153","46,7072","3,7837","-23,4375"
2026 02 02 09:39:32:335,-3.9675,-6.78875,"0,283",13,2,"12,3444","1,0153","46,7072","3,7837","-35,1562"
2026 02 02 09:39:32:337,-3.9985,-6.78875,"0,283",13,2,"12,3444","1,0153","46,7072","3,7837","-3,9062"
2026 02 02 09:39:32:339,-3.9675,-6.70125,"0,283",13,2,"12,3444","1,0153","46,7072","3,7837",0
2026 02 02 09:39:32:341,-3.9675,-6.78875,"0,283",13,2,"12,3444","1,0153","46,7072","3,7837",0
2026 02 02 09:39:32:343,-3.9675,-6.78875,"0,283",13,2,"12,3444","1,0153","46,7072","3,7837",0
2026 02 02 09:39:32:345,-3.9675,-6.78875,"0,283",13,2,"12,3444","1,0153","46,7072","3,7837","19,5313"
2026 02 02 09:39:32:347,-3.9675,-6.78875,"0,283",13,2,"12,3444","1,0153","46,7072","3,7837","19,5313"
2026 02 02 09:39:32:349,-3.9675,-6.70125,"0,283",13,2,"12,3444","1,0153","46,7072","3,7837","3,9063"
2026 02 02 09:39:32:351,-3.9334,-6.70125,"0,283",13,2,"12,3444","1,0153","46,7072","3,7837","-11,7187"
2026 02 02 09:39:32:353,-3.9334,-6.78875,"0,283",13,2,"12,3444","1,0153","46,7072","3,7837","-23,4375"
2026 02 02 09:39:32:355,-3.9334,-6.78875,"0,283",13,2,"12,3444","1,0153","46,7072","3,7837","-31,25"
2026 02 02 09:39:32:357,-3.9675,-6.70125,"0,283",13,2,"12,3444","1,0153","46,7072","3,7837",0
2026 02 02 09:39:32:359,-3.9675,-6.70125,"0,283",13,2,"12,3444","1,0153","46,7072","3,7837",0
2026 02 02 09:39:32:361,-3.9675,-6.70125,"0,283",13,2,"12,3444","1,0153","46,7072","3,7837",0
2026 02 02 09:39:32:363,-3.9675,-6.78875,"0,283",13,2,"12,3444","1,0153","46,7072","3,7837",0
2026 02 02 09:39:32:365,-3.9675,-6.78875,"0,283",13,2,"12,3444","1,0153","46,7072","3,7837","23,4375"
2026 02 02 09:39:32:367,-3.9985,-6.78875,"0,283",13,2,"12,3444","1,0153","46,7072","3,7837","19,5313"
2026 02 02 09:39:32:369,-3.9675,-6.78875,"0,283",13,2,"12,3444","1,0153","46,7072","3,7837","7,8125"
2026 02 02 09:39:32:371,-3.9985,-6.70125,"0,283",13,2,"12,3444","1,0153","46,7072","3,7837","-7,8125"
2026 02 02 09:39:32:373,-3.9985,-6.70125,"0,283",13,2,"12,3444","1,0153","46,7072","3,7837","-23,4375"
2026 02 02 09:39:32:375,-3.9675,-6.78875,"0,283",13,2,"12,3444","1,0153","46,7072","3,7837","-31,25"
2026 02 02 09:39:32:377,-3.9675,-6.70125,"0,283",13,2,"12,3444","1,0153","46,7072","3,7837",0
2026 02 02 09:39:32:379,-3.9985,-6.78875,"0,283",13,2,"12,3444","1,0153","46,7072","3,7837",0
2026 02 02 09:39:32:381,-3.9675,-6.78875,"0,283",13,2,"12,3444","1,0153","46,7072","3,7837",0
2026 02 02 09:39:32:383,-3.9675,-6.78875,"0,283",13,2,"12,3444","1,0153","46,7072","3,7837",0
2026 02 02 09:39:32:385,-3.9675,-6.78875,"0,283",13,2,"12,3444","1,0153","46,7072","3,7837","19,5313"
2026 02 02 09:39:32:387,-3.9675,-6.70125,"0,283",13,2,"12,3444","1,0153","46,7072","3,7837","19,5313"
2026 02 02 09:39:32:389,-3.9675,-6.78875,"0,283",13,2,"12,3444","1,0153","46,7072","3,7837","7,8125"
2026 02 02 09:39:32:391,-3.9675,-6.78875,"0,283",13,2,"12,3444","1,0153","46,7072","3,7837","-7,8125"
2026 02 02 09:39:32:393,-3.9334,-6.78875,"0,283",13,2,"12,3444","1,0153","46,7072","3,7837","-19,5312"
2026 02 02 09:39:32:395,-3.9675,-6.78875,"0,283",13,2,"12,3444","1,0153","46,7072","3,7837","-31,25"
2026 02 02 09:39:32:397,-3.9675,-6.70125,"0,283",13,2,"12,3444","1,0153","46,7072","3,7837",0
2026 02 02 09:39:32:399,-3.9675,-6.70125,"0,283",13,2,"12,3444","1,0153","46,7072","3,7837",0
2026 02 02 09:39:32:401,-3.9675,-6.78875,"0,283",13,2,"12,3444","1,0153","46,7072","3,7837",0
2026 02 02 09:39:32:403,-3.9675,-6.78875,"0,283",13,2,"12,3444","1,0153","46,7072","3,7837",0
2026 02 02 09:39:32:405,-3.9675,-6.78875,"0,283",13,2,"12,3444","1,0153","46,7072","3,7837","19,5313"
2026 02 02 09:39:32:407,-3.9675,-6.78875,"0,283",13,2,"12,3444","1,0153","46,7072","3,7837","19,5313"
2026 02 02 09:39:32:409,-3.9675,-6.70125,"0,283",13,2,"12,3444","1,0153","46,7072","3,7837","3,9063"
2026 02 02 09:39:32:411,-3.9675,-6.78875,"0,283",13,2,"12,3444","1,0153","46,7072","3,7837","-7,8125"
2026 02 02 09:39:32:413,-3.9675,-6.78875,"0,283",13,2,"12,3444","0,9488","44,342","3,5921","-23,4375"
2026 02 02 09:39:32:415,-3.9675,-6.87625,"0,283",13,2,"12,3444","0,9488","44,342","3,5921","-35,1562"
2026 02 02 09:39:32:417,-3.9675,-6.70125,"0,283",13,2,"12,3444","0,9488","44,342","3,5921",0
2026 02 02 09:39:32:419,-3.9675,-6.78875,"0,283",13,2,"12,3444","0,9488","44,342","3,5921","-3,9062"
2026 02 02 09:39:32:421,-3.9985,-6.78875,"0,283",13,2,"12,3444","0,9488","44,342","3,5921",0
2026 02 02 09:39:32:423,-3.9675,-6.70125,"0,283",13,2,"12,3444","0,9488","44,342","3,5921",0
2026 02 02 09:39:32:425,-3.9334,-6.78875,"0,283",13,2,"12,3444","0,9488","44,342","3,5921","19,5313"
2026 02 02 09:39:32:427,-3.9675,-6.78875,"0,283",13,2,"12,3444","0,9488","44,342","3,5921","15,625"
2026 02 02 09:39:32:429,-3.9675,-6.78875,"0,283",13,2,"12,3444","0,9488","44,342","3,5921","7,8125"
2026 02 02 09:39:32:431,-3.9675,-6.78875,"0,283",13,2,"12,3444","0,9488","44,342","3,5921","-11,7187"
2026 02 02 09:39:32:433,-3.9675,-6.78875,"0,283",13,2,"12,3444","0,9488","44,342","3,5921","-19,5312"
2026 02 02 09:39:32:435,-3.9675,-6.78875,"0,283",13,2,"12,3444","0,9488","44,342","3,5921","-31,25"
2026 02 02 09:39:32:437,-3.9985,-6.78875,"0,283",13,2,"12,3444","0,9488","44,342","3,5921",0
2026 02 02 09:39:32:439,-3.9334,-6.78875,"0,283",13,2,"12,3444","0,9488","44,342","3,5921",0
2026 02 02 09:39:32:441,-3.9675,-6.78875,"0,283",13,2,"12,3444","0,9488","44,342","3,5921",0
2026 02 02 09:39:32:443,-3.9675,-6.78875,"0,283",13,2,"12,3444","0,9488","44,342","3,5921",0
2026 02 02 09:39:32:445,-3.9985,-6.70125,"0,283",13,2,"12,3444","0,9488","44,342","3,5921","23,4375"
2026 02 02 09:39:32:447,-3.9675,-6.70125,"0,283",13,2,"12,3444","0,9488","44,342","3,5921","15,625"
2026 02 02 09:39:32:449,-3.9675,-6.78875,"0,283",13,2,"12,3444","0,9488","44,342","3,5921","7,8125"
2026 02 02 09:39:32:451,-3.9675,-6.78875,"0,283",13,2,"12,3444","0,9488","44,342","3,5921","-7,8125"
2026 02 02 09:39:32:453,-3.9675,-6.78875,"0,283",13,2,"12,3444","0,9488","44,342","3,5921","-19,5312"
2026 02 02 09:39:32:455,-3.9675,-6.78875,"0,283",13,2,"12,3444","0,9488","44,342","3,5921","-31,25"
2026 02 02 09:39:32:457,-3.9675,-6.78875,"0,283",13,2,"12,3444","0,9488","44,342","3,5921",0
2026 02 02 09:39:32:459,-3.9675,-6.70125,"0,283",13,2,"12,3444","0,9488","44,342","3,5921","-3,9062"
2026 02 02 09:39:32:461,-3.9675,-6.70125,"0,283",13,2,"12,3444","0,9488","44,342","3,5921",0
2026 02 02 09:39:32:463,-3.9985,-6.70125,"0,283",13,2,"12,3444","0,9488","44,342","3,5921",0
2026 02 02 09:39:32:465,-3.9675,-6.70125,"0,283",13,2,"12,3444","0,9488","44,342","3,5921","19,5313"
2026 02 02 09:39:32:467,-3.9675,-6.78875,"0,283",13,2,"12,3444","0,9488","44,342","3,5921","15,625"
2026 02 02 09:39:32:469,-3.9675,-6.78875,"0,283",13,2,"12,3444","0,9488","44,342","3,5921","3,9063"
2026 02 02 09:39:32:471,-3.9675,-6.70125,"0,283",13,2,"12,3444","0,9488","44,342","3,5921","-11,7187"
2026 02 02 09:39:32:473,-3.9675,-6.70125,"0,283",13,2,"12,3444","0,9488","44,342","3,5921","-19,5312"
2026 02 02 09:39:32:475,-3.9675,-6.70125,"0,283",13,2,"12,3444","0,9488","44,342","3,5921","-31,25"
2026 02 02 09:39:32:477,-3.9675,-6.78875,"0,283",13,2,"12,3444","0,9488","44,342","3,5921","3,9063"
2026 02 02 09:39:32:479,-3.9985,-6.78875,"0,283",13,2,"12,3444","0,9488","44,342","3,5921","-3,9062"
2026 02 02 09:39:32:481,-3.9985,-6.78875,"0,283",13,2,"12,3444","0,9488","44,342","3,5921","-3,9062"
2026 02 02 09:39:32:483,-3.9675,-6.78875,"0,283",13,2,"12,3444","0,9488","44,342","3,5921","3,9063"
2026 02 02 09:39:32:485,-3.9675,-6.78875,"0,283",13,2,"12,3444","0,9488","44,342","3,5921","19,5313"
2026 02 02 09:39:32:487,-3.9675,-6.78875,"0,283",13,2,"12,3444","0,9488","44,342","3,5921","19,5313"
2026 02 02 09:39:32:489,-3.9675,-6.70125,"0,283",13,2,"12,3444","0,9488","44,342","3,5921","3,9063"
2026 02 02 09:39:32:491,-3.9675,-6.78875,"0,283",13,2,"12,3444","0,9488","44,342","3,5921","-7,8125"
2026 02 02 09:39:32:493,-3.9675,-6.78875,"0,283",13,2,"12,3444","0,9488","44,342","3,5921","-23,4375"
2026 02 02 09:39:32:495,-3.9334,-6.78875,"0,283",13,2,"12,3444","0,9488","44,342","3,5921","-27,3437"
2026 02 02 09:39:32:497,-3.9675,-6.70125,"0,283",13,2,"12,3444","0,9488","44,342","3,5921",0
2026 02 02 09:39:32:499,-3.9675,-6.78875,"0,283",13,2,"12,3444","0,9488","44,342","3,5921",0
2026 02 02 09:39:32:501,-3.9985,-6.70125,"0,283",13,2,"12,3444","0,9488","44,342","3,5921",0
2026 02 02 09:39:32:503,-3.9675,-6.70125,"0,283",13,2,"12,3444","0,9488","44,342","3,5921",0
2026 02 02 09:39:32:505,-3.9675,-6.70125,"0,283",13,2,"12,3444","0,9488","44,342","3,5921","19,5313"
2026 02 02 09:39:32:507,-3.9675,-6.78875,"0,283",13,2,"12,3444","0,9488","44,342","3,5921","15,625"
2026 02 02 09:39:32:509,-3.9675,-6.78875,"0,283",13,2,"12,3444","0,9488","44,342","3,5921","3,9063"
2026 02 02 09:39:32:511,-3.9675,-6.70125,"0,283",13,2,"12,3444","0,9488","44,342","3,5921","-11,7187"
2026 02 02 09:39:32:513,-3.9675,-6.78875,"0,283",13,2,"12,3444","0,9488","44,342","3,5921","-19,5312"
2026 02 02 09:39:32:515,-3.9334,-6.78875,"0,283",13,2,"12,3444","0,9488","44,342","3,5921","-27,3437"
2026 02 02 09:39:32:517,-3.9334,-6.70125,"0,283",13,2,"12,3444","0,9488","44,342","3,5921","-3,9062"
2026 02 02 09:39:32:519,-3.9675,-6.78875,"0,283",13,2,"12,3444","0,9488","44,342","3,5921",0
2026 02 02 09:39:32:521,-3.9675,-6.78875,"0,283",13,2,"12,3444","0,9488","44,342","3,5921",0
2026 02 02 09:39:32:523,-3.9985,-6.78875,"0,283",13,2,"12,3444","0,9488","44,342","3,5921",0
2026 02 02 09:39:32:525,-3.9675,-6.70125,"0,283",13,2,"12,3444","0,9488","44,342","3,5921","19,5313"
2026 02 02 09:39:32:527,-3.9675,-6.70125,"0,283",13,2,"12,3444","0,9488","44,342","3,5921","15,625"
2026 02 02 09:39:32:529,-3.9675,-6.70125,"0,283",13,2,"12,3444","0,9488","44,342","3,5921","3,9063"
2026 02 02 09:39:32:531,-3.9675,-6.78875,"0,283",13,2,"12,3444","0,9488","44,342","3,5921","-3,9062"
2026 02 02 09:39:32:533,-3.9675,-6.78875,"0,283",13,2,"12,3444","0,9488","44,342","3,5921","-27,3437"
2026 02 02 09:39:32:535,-3.9985,-6.78875,"0,283",13,2,"12,3444","0,9488","44,342","3,5921","-27,3437"
2026 02 02 09:39:32:537,-3.9675,-6.70125,"0,283",13,2,"12,3444","0,9488","44,342","3,5921",0
2026 02 02 09:39:32:539,-3.9985,-6.78875,"0,283",13,2,"12,3444","0,9488","44,342","3,5921","-3,9062"
2026 02 02 09:39:32:541,-3.9985,-6.78875,"0,283",13,2,"12,3444","0,9488","44,342","3,5921","-3,9062"
2026 02 02 09:39:32:543,-3.9675,-6.78875,"0,283",13,2,"12,3444","0,9488","44,342","3,5921","-3,9062"
2026 02 02 09:39:32:545,-3.9675,-6.78875,"0,283",13,2,"12,3444","0,9488","44,342","3,5921","19,5313"
2026 02 02 09:39:32:547,-3.9675,-6.70125,"0,283",13,2,"12,3444","0,9488","44,342","3,5921","15,625"
2026 02 02 09:39:32:549,-3.9985,-6.70125,"0,283",13,2,"12,3444","0,9488","44,342","3,5921","3,9063"
2026 02 02 09:39:32:551,-3.9985,-6.78875,"0,283",13,2,"12,3444","0,9488","44,342","3,5921","-11,7187"
2026 02 02 09:39:32:553,-3.9675,-6.70125,"0,283",13,2,"12,3444","0,9488","44,342","3,5921","-15,625"
2026 02 02 09:39:32:555,-3.9675,-6.70125,"0,283",13,2,"12,3444","0,9488","44,342","3,5921","-31,25"
2026 02 02 09:39:32:557,-3.9675,-6.70125,"0,283",13,2,"12,3444","0,9488","44,342","3,5921",0
2026 02 02 09:39:32:559,-3.9675,-6.78875,"0,283",13,2,"12,3444","0,9488","44,342","3,5921",0
2026 02 02 09:39:32:561,-3.9675,-6.78875,"0,283",13,2,"12,3444","0,9488","44,342","3,5921",0
2026 02 02 09:39:32:563,-3.9675,-6.70125,"0,283",13,2,"12,3444","0,9488","44,342","3,5921",0
2026 02 02 09:39:32:565,-3.9675,-6.78875,"0,283",13,2,"12,3444","0,9488","44,342","3,5921","19,5313"
2026 02 02 09:39:32:567,-3.9334,-6.78875,"0,283",13,2,"12,3444","0,9488","44,342","3,5921","19,5313"
2026 02 02 09:39:32:569,-3.9675,-6.78875,"0,283",13,2,"12,3444","0,9488","44,342","3,5921","3,9063"
2026 02 02 09:39:32:571,-3.9675,-6.70125,"0,283",13,2,"12,3444","0,9488","44,342","3,5921","-7,8125"
2026 02 02 09:39:32:573,-3.9675,-6.78875,"0,283",13,2,"12,3444","0,9488","44,342","3,5921","-19,5312"
2026 02 02 09:39:32:575,-3.9675,-6.78875,"0,283",13,2,"12,3444","0,9488","44,342","3,5921","-31,25"
2026 02 02 09:39:32:577,-3.9675,-6.70125,"0,283",13,2,"12,3444","0,9488","44,342","3,5921",0
2026 02 02 09:39:32:579,-3.9675,-6.78875,"0,283",13,2,"12,3444","0,9488","44,342","3,5921",0
2026 02 02 09:39:32:581,-3.9675,-6.87625,"0,283",13,2,"12,3444","0,9488","44,342","3,5921","-3,9062"
2026 02 02 09:39:32:583,-3.9675,-6.78875,"0,283",13,2,"12,3444","0,9488","44,342","3,5921","3,9063"
2026 02 02 09:39:32:585,-3.9985,-6.78875,"0,283",13,2,"12,3444","0,9488","44,342","3,5921","15,625"
2026 02 02 09:39:32:587,-3.9985,-6.78875,"0,283",13,2,"12,3444","0,9488","44,342","3,5921","15,625"
2026 02 02 09:39:32:589,-3.9675,-6.78875,"0,283",13,2,"12,3444","0,9488","44,342","3,5921","7,8125"
2026 02 02 09:39:32:591,-3.9675,-6.78875,"0,283",13,2,"12,3444","0,9488","44,342","3,5921","-7,8125"
2026 02 02 09:39:32:593,-3.9985,-6.78875,"0,283",13,2,"12,3444","0,9488","44,342","3,5921","-19,5312"
2026 02 02 09:39:32:595,-3.9675,-6.70125,"0,283",13,2,"12,3444","0,9488","44,342","3,5921","-31,25"
2026 02 02 09:39:32:597,-3.9675,-6.78875,"0,283",13,2,"12,3444","0,9488","44,342","3,5921","3,9063"
2026 02 02 09:39:32:599,-3.9675,-6.78875,"0,283",13,2,"12,3444","0,9488","44,342","3,5921","-3,9062"
2026 02 02 09:39:32:601,-3.9334,-6.78875,"0,283",13,2,"12,3444","0,9488","44,342","3,5921",0
2026 02 02 09:39:32:603,-3.9985,-6.70125,"0,283",13,2,"12,3444","0,9488","44,342","3,5921","3,9063"
2026 02 02 09:39:32:605,-3.9675,-6.78875,"0,283",13,2,"12,3444","0,9488","44,342","3,5921","19,5313"
2026 02 02 09:39:32:607,-3.9675,-6.70125,"0,283",13,2,"12,3444","0,9488","44,342","3,5921","15,625"
2026 02 02 09:39:32:609,-3.9675,-6.78875,"0,283",13,2,"12,3444","0,9488","44,342","3,5921","3,9063"
2026 02 02 09:39:32:611,-3.9675,-6.78875,"0,283",13,2,"12,3444","0,9488","44,342","3,5921","-7,8125"
2026 02 02 09:39:32:613,-3.9675,-6.70125,"0,283",13,2,"12,3444","0,9488","44,342","3,5921","-19,5312"
2026 02 02 09:39:32:615,-3.9985,-6.78875,"0,283",13,2,"12,3444","0,9488","44,342","3,5921","-31,25"
2026 02 02 09:39:32:617,-3.9985,-6.70125,"0,283",13,2,"12,3444","0,9488","44,342","3,5921",0
2026 02 02 09:39:32:619,-3.9334,-6.78875,"0,283",13,2,"12,3444","0,9488","44,342","3,5921","-3,9062"
2026 02 02 09:39:32:621,-3.9675,-6.78875,"0,283",13,2,"12,3444","0,9488","44,342","3,5921",0
2026 02 02 09:39:32:623,-3.9675,-6.78875,"0,283",13,2,"12,3444","0,9488","44,342","3,5921",0
2026 02 02 09:39:32:625,-3.9675,-6.70125,"0,283",13,2,"12,3444","0,9488","44,342","3,5921","19,5313"
2026 02 02 09:39:32:627,-3.9675,-6.78875,"0,283",13,2,"12,3444","0,9488","44,342","3,5921","19,5313"
2026 02 02 09:39:32:629,-3.9675,-6.70125,"0,283",13,2,"12,3444","0,9488","44,342","3,5921","3,9063"
2026 02 02 09:39:32:631,-3.9675,-6.78875,"0,283",13,2,"12,3444","0,9488","44,342","3,5921","-11,7187"
2026 02 02 09:39:32:633,-3.9985,-6.78875,"0,283",13,2,"12,3444","0,9488","44,342","3,5921","-19,5312"
2026 02 02 09:39:32:635,-3.9334,-6.78875,"0,283",13,2,"12,3444","0,9488","44,342","3,5921","-39,0625"
2026 02 02 09:39:32:637,-3.9675,-6.70125,"0,283",13,2,"12,3444","0,9488","44,342","3,5921",0
2026 02 02 09:39:32:639,-3.9675,-6.70125,"0,283",13,2,"12,3444","0,9488","44,342","3,5921","-3,9062"
2026 02 02 09:39:32:641,-3.9985,-6.70125,"0,283",13,2,"12,3444","0,9488","44,342","3,5921",0
2026 02 02 09:39:32:643,-3.9675,-6.78875,"0,283",13,2,"12,3444","0,9488","44,342","3,5921","-3,9062"
2026 02 02 09:39:32:645,-3.9675,-6.70125,"0,283",13,2,"12,3444","0,9488","44,342","3,5921","19,5313"
2026 02 02 09:39:32:647,-3.9675,-6.70125,"0,283",13,2,"12,3444","0,9488","44,342","3,5921","15,625"
2026 02 02 09:39:32:649,-3.9985,-6.78875,"0,283",13,2,"12,3444","0,9488","44,342","3,5921","3,9063"
2026 02 02 09:39:32:651,-3.9334,-6.70125,"0,283",13,2,"12,3444","0,9488","44,342","3,5921","-11,7187"
2026 02 02 09:39:32:653,-3.9985,-6.78875,"0,283",13,2,"12,3444","0,9488","44,342","3,5921","-19,5312"
2026 02 02 09:39:32:655,-3.9675,-6.78875,"0,283",13,2,"12,3444","0,9488","44,342","3,5921","-31,25"
2026 02 02 09:39:32:657,-3.9985,-6.70125,"0,283",13,2,"12,3444","0,9488","44,342","3,5921",0
2026 02 02 09:39:32:659,-3.9675,-6.70125,"0,283",13,2,"12,3444","0,9488","44,342","3,5921","-3,9062"
2026 02 02 09:39:32:661,-3.9675,-6.70125,"0,283",13,2,"12,3444","0,9488","44,342","3,5921","3,9063"
2026 02 02 09:39:32:663,-3.9675,-6.78875,"0,283",13,2,"12,3444","0,9488","44,342","3,5921",0
2026 02 02 09:39:32:665,-3.9675,-6.78875,"0,283",13,2,"12,3444","0,9488","44,342","3,5921","23,4375"
2026 02 02 09:39:32:667,-3.9985,-6.78875,"0,283",13,2,"12,3444","0,9488","44,342","3,5921","15,625"
2026 02 02 09:39:32:669,-3.9985,-6.78875,"0,283",13,2,"12,3444","0,9488","44,342","3,5921","3,9063"
2026 02 02 09:39:32:671,-3.9675,-6.78875,"0,283",13,2,"12,3444","0,9488","44,342","3,5921","-11,7187"
2026 02 02 09:39:32:673,-3.9675,-6.78875,"0,283",13,2,"12,3444","0,9488","44,342","3,5921","-19,5312"
2026 02 02 09:39:32:675,-3.9675,-6.78875,"0,283",13,2,"12,3444","0,9488","44,342","3,5921","-35,1562"
2026 02 02 09:39:32:677,-3.9675,-6.78875,"0,283",13,2,"12,3444","0,9488","44,342","3,5921",0
2026 02 02 09:39:32:679,-3.9985,-6.78875,"0,283",13,2,"12,3444","0,9488","44,342","3,5921","-3,9062"
2026 02 02 09:39:32:681,-3.9985,-6.70125,"0,283",13,2,"12,3444","0,9488","44,342","3,5921",0
2026 02 02 09:39:32:683,-3.9985,-6.78875,"0,283",13,2,"12,3444","0,9488","44,342","3,5921","3,9063"
2026 02 02 09:39:32:685,-3.9675,-6.78875,"0,283",13,2,"12,3444","0,9488","44,342","3,5921","23,4375"
2026 02 02 09:39:32:687,-3.9675,-6.70125,"0,283",13,2,"12,3444","0,9488","44,342","3,5921","15,625"
2026 02 02 09:39:32:689,-3.9675,-6.70125,"0,283",13,2,"12,3444","0,9488","44,342","3,5921","7,8125"
2026 02 02 09:39:32:691,-3.9675,-6.78875,"0,283",13,2,"12,3444","0,9488","44,342","3,5921","-11,7187"
2026 02 02 09:39:32:693,-3.9675,-6.78875,"0,283",13,2,"12,3444","0,9488","44,342","3,5921","-19,5312"
2026 02 02 09:39:32:695,-3.9675,-6.78875,"0,283",13,2,"12,3444","0,9488","44,342","3,5921","-31,25"
2026 02 02 09:39:32:697,-3.9675,-6.78875,"0,283",13,2,"12,3444","0,9488","44,342","3,5921",0
2026 02 02 09:39:32:699,-3.9675,-6.70125,"0,283",13,2,"12,3444","0,9488","44,342","3,5921",0
2026 02 02 09:39:32:701,-3.9675,-6.78875,"0,283",13,2,"12,3444","0,9488","44,342","3,5921",0
2026 02 02 09:39:32:703,-3.9985,-6.78875,"0,283",13,2,"12,3444","0,9488","44,342","3,5921",0
2026 02 02 09:39:32:705,-3.9675,-6.78875,"0,283",13,2,"12,3444","0,9488","44,342","3,5921","23,4375"
2026 02 02 09:39:32:707,-3.9675,-6.78875,"0,283",13,2,"12,3444","0,9488","44,342","3,5921","15,625"
2026 02 02 09:39:32:709,-3.9675,-6.70125,"0,283",13,2,"12,3444","0,9488","44,342","3,5921","7,8125"
2026 02 02 09:39:32:711,-3.9334,-6.78875,"0,283",13,2,"12,3444","0,9488","44,342","3,5921","-11,7187"
2026 02 02 09:39:32:713,-3.9334,-6.78875,"0,283",13,2,"12,3444","0,9622","45,578","3,6922","-19,5312"
2026 02 02 09:39:32:715,-3.9675,-6.70125,"0,283",13,2,"12,3444","0,9622","45,578","3,6922","-31,25"
2026 02 02 09:39:32:717,-3.9334,-6.78875,"0,283",13,2,"12,3444","0,9622","45,578","3,6922","-3,9062"
2026 02 02 09:39:32:719,-3.9334,-6.78875,"0,283",13,2,"12,3444","0,9622","45,578","3,6922",0
2026 02 02 09:39:32:721,-3.9675,-6.78875,"0,283",13,2,"12,3444","0,9622","45,578","3,6922",0
2026 02 02 09:39:32:723,-3.9675,-6.78875,"0,283",13,2,"12,3444","0,9622","45,578","3,6922",0
2026 02 02 09:39:32:725,-3.9675,-6.87625,"0,283",13,2,"12,3444","0,9622","45,578","3,6922","23,4375"
2026 02 02 09:39:32:727,-3.9675,-6.78875,"0,283",13,2,"12,3444","0,9622","45,578","3,6922","15,625"
2026 02 02 09:39:32:729,-3.9675,-6.78875,"0,283",13,2,"12,3444","0,9622","45,578","3,6922","3,9063"
2026 02 02 09:39:32:731,-3.9985,-6.78875,"0,283",13,2,"12,3444","0,9622","45,578","3,6922","-11,7187"
2026 02 02 09:39:32:733,-3.9675,-6.70125,"0,283",13,2,"12,3444","0,9622","45,578","3,6922","-19,5312"
2026 02 02 09:39:32:735,-3.9985,-6.78875,"0,283",13,2,"12,3444","0,9622","45,578","3,6922","-27,3437"
2026 02 02 09:39:32:737,-3.9675,-6.78875,"0,283",13,2,"12,3444","0,9622","45,578","3,6922",0
2026 02 02 09:39:32:739,-3.9675,-6.70125,"0,283",13,2,"12,3444","0,9622","45,578","3,6922","3,9063"
2026 02 02 09:39:32:741,-3.9675,-6.78875,"0,283",13,2,"12,3444","0,9622","45,578","3,6922","-3,9062"
2026 02 02 09:39:32:743,-3.9334,-6.78875,"0,283",13,2,"12,3444","0,9622","45,578","3,6922",0
2026 02 02 09:39:32:745,-3.9675,-6.78875,"0,283",13,2,"12,3444","0,9622","45,578","3,6922","23,4375"
2026 02 02 09:39:32:747,-3.9675,-6.78875,"0,283",13,2,"12,3444","0,9622","45,578","3,6922","11,7188"
2026 02 02 09:39:32:749,-3.9675,-6.78875,"0,283",13,2,"12,3444","0,9622","45,578","3,6922","3,9063"
2026 02 02 09:39:32:751,-3.9675,-6.70125,"0,283",13,2,"12,3444","0,9622","45,578","3,6922","-7,8125"
2026 02 02 09:39:32:753,-3.9334,-6.78875,"0,283",13,2,"12,3444","0,9622","45,578","3,6922","-19,5312"
2026 02 02 09:39:32:755,-3.9675,-6.78875,"0,283",13,2,"12,3444","0,9622","45,578","3,6922","-27,3437"
2026 02 02 09:39:32:757,-3.9675,-6.78875,"0,283",13,2,"12,3444","0,9622","45,578","3,6922",0
2026 02 02 09:39:32:759,-3.9334,-6.87625,"0,283",13,2,"12,3444","0,9622","45,578","3,6922",0
2026 02 02 09:39:32:761,-3.9675,-6.70125,"0,283",13,2,"12,3444","0,9622","45,578","3,6922",0
2026 02 02 09:39:32:763,-3.9675,-6.78875,"0,283",13,2,"12,3444","0,9622","45,578","3,6922",0
2026 02 02 09:39:32:765,-3.9675,-6.78875,"0,283",13,2,"12,3444","0,9622","45,578","3,6922","23,4375"
2026 02 02 09:39:32:767,-3.9675,-6.70125,"0,283",13,2,"12,3444","0,9622","45,578","3,6922","15,625"
2026 02 02 09:39:32:769,-3.9675,-6.70125,"0,283",13,2,"12,3444","0,9622","45,578","3,6922",0
2026 02 02 09:39:32:771,-3.9675,-6.70125,"0,283",13,2,"12,3444","0,9622","45,578","3,6922","-11,7187"
2026 02 02 09:39:32:773,-3.9675,-6.70125,"0,283",13,2,"12,3444","0,9622","45,578","3,6922","-19,5312"
2026 02 02 09:39:32:775,-3.9675,-6.70125,"0,283",13,2,"12,3444","0,9622","45,578","3,6922","-31,25"
2026 02 02 09:39:32:777,-3.9334,-6.78875,"0,283",13,2,"12,3444","0,9622","45,578","3,6922",0
2026 02 02 09:39:32:779,-3.9334,-6.78875,"0,283",13,2,"12,3444","0,9622","45,578","3,6922","-3,9062"
2026 02 02 09:39:32:781,-3.9675,-6.78875,"0,283",13,2,"12,3444","0,9622","45,578","3,6922","-3,9062"
2026 02 02 09:39:32:783,-3.9675,-6.78875,"0,283",13,2,"12,3444","0,9622","45,578","3,6922",0
2026 02 02 09:39:32:785,-3.9675,-6.78875,"0,283",13,2,"12,3444","0,9622","45,578","3,6922","23,4375"
2026 02 02 09:39:32:787,-3.9675,-6.78875,"0,283",13,2,"12,3444","0,9622","45,578","3,6922","11,7188"
2026 02 02 09:39:32:789,-3.9675,-6.70125,"0,283",13,2,"12,3444","0,9622","45,578","3,6922","3,9063"
2026 02 02 09:39:32:791,-3.9675,-6.70125,"0,283",13,2,"12,3444","0,9622","45,578","3,6922","-7,8125"
2026 02 02 09:39:32:793,-3.9675,-6.70125,"0,283",13,2,"12,3444","0,9622","45,578","3,6922","-23,4375"
2026 02 02 09:39:32:795,-3.9675,-6.78875,"0,283",13,2,"12,3444","0,9622","45,578","3,6922","-27,3437"
2026 02 02 09:39:32:797,-3.9675,-6.70125,"0,283",13,2,"12,3444","0,9622","45,578","3,6922","-7,8125"
2026 02 02 09:39:32:799,-3.9675,-6.78875,"0,283",13,2,"12,3444","0,9622","45,578","3,6922","-3,9062"
2026 02 02 09:39:32:801,-3.9985,-6.78875,"0,283",13,2,"12,3444","0,9622","45,578","3,6922","-7,8125"
2026 02 02 09:39:32:803,-3.9675,-6.70125,"0,283",13,2,"12,3444","0,9622","45,578","3,6922","-3,9062"
2026 02 02 09:39:32:805,-3.9675,-6.78875,"0,283",13,2,"12,3444","0,9622","45,578","3,6922","19,5313"
2026 02 02 09:39:32:807,-3.9334,-6.78875,"0,283",13,2,"12,3444","0,9622","45,578","3,6922","11,7188"
2026 02 02 09:39:32:809,-3.9675,-6.70125,"0,283",13,2,"12,3444","0,9622","45,578","3,6922",0
2026 02 02 09:39:32:811,-3.9675,-6.70125,"0,283",13,2,"12,3444","0,9622","45,578","3,6922","-3,9062"
2026 02 02 09:39:32:813,-3.9675,-6.78875,"0,283",13,2,"12,3444","0,9622","45,578","3,6922","-19,5312"
2026 02 02 09:39:32:815,-3.9675,-6.87625,"0,283",13,2,"12,3444","0,9622","45,578","3,6922","-42,9687"
2026 02 02 09:39:32:817,-3.9675,-6.70125,"0,283",13,2,"12,3444","0,9622","45,578","3,6922","-3,9062"
2026 02 02 09:39:32:819,-3.9675,-6.78875,"0,283",13,2,"12,3444","0,9622","45,578","3,6922","-7,8125"
2026 02 02 09:39:32:821,-3.9334,-6.78875,"0,283",13,2,"12,3444","0,9622","45,578","3,6922",0
2026 02 02 09:39:32:823,-3.9675,-6.78875,"0,283",13,2,"12,3444","0,9622","45,578","3,6922","11,7188"
2026 02 02 09:39:32:825,-3.9675,-6.78875,"0,283",13,2,"12,3444","0,9622","45,578","3,6922","15,625"
2026 02 02 09:39:32:827,-3.9675,-6.78875,"0,283",13,2,"12,3444","0,9622","45,578","3,6922","7,8125"
2026 02 02 09:39:32:829,-3.9675,-6.78875,"0,283",13,2,"12,3444","0,9622","45,578","3,6922","3,9063"
2026 02 02 09:39:32:831,-3.9675,-6.78875,"0,283",13,2,"12,3444","0,9622","45,578","3,6922","-11,7187"
2026 02 02 09:39:32:833,-3.9675,-6.70125,"0,283",13,2,"12,3444","0,9622","45,578","3,6922","-19,5312"
2026 02 02 09:39:32:835,-3.9675,-6.78875,"0,283",13,2,"12,3444","0,9622","45,578","3,6922","-23,4375"
2026 02 02 09:39:32:837,-3.9675,-6.78875,"0,283",13,2,"12,3444","0,9622","45,578","3,6922","3,9063"
2026 02 02 09:39:32:839,-3.9675,-6.78875,"0,283",13,2,"12,3444","0,9622","45,578","3,6922","-3,9062"
2026 02 02 09:39:32:841,-3.9675,-6.78875,"0,283",13,2,"12,3444","0,9622","45,578","3,6922","-7,8125"
2026 02 02 09:39:32:843,-3.9675,-6.70125,"0,283",13,2,"12,3444","0,9622","45,578","3,6922","15,625"
2026 02 02 09:39:32:845,-3.9985,-6.78875,"0,283",13,2,"12,3444","0,9622","45,578","3,6922","23,4375"
2026 02 02 09:39:32:847,-3.9675,-6.61375,"0,283",13,2,"12,3444","0,9622","45,578","3,6922","7,8125"
2026 02 02 09:39:32:849,-3.9675,-6.70125,"0,283",13,2,"12,3444","0,9622","45,578","3,6922","-3,9062"
2026 02 02 09:39:32:851,-3.9675,-6.70125,"0,283",13,2,"12,3444","0,9622","45,578","3,6922","-7,8125"
2026 02 02 09:39:32:853,-3.9675,-6.70125,"0,283",13,2,"12,3444","0,9622","45,578","3,6922","-7,8125"
2026 02 02 09:39:32:855,-3.9985,-6.70125,"0,283",13,2,"12,3444","0,9622","45,578","3,6922","-27,3437"
2026 02 02 09:39:32:857,-3.9675,-6.78875,"0,283",13,2,"12,3444","0,9622","45,578","3,6922","3,9063"
2026 02 02 09:39:32:859,-3.9675,-6.70125,"0,283",13,2,"12,3444","0,9622","45,578","3,6922","3,9063"
2026 02 02 09:39:32:861,-3.9675,-6.78875,"0,283",13,2,"12,3444","0,9622","45,578","3,6922","-3,9062"
2026 02 02 09:39:32:863,-3.9675,-6.78875,"0,283",13,2,"12,3444","0,9622","45,578","3,6922","-7,8125"
2026 02 02 09:39:32:865,-3.9675,-6.70125,"0,283",13,2,"12,3444","0,9622","45,578","3,6922","23,4375"
2026 02 02 09:39:32:867,-3.9675,-6.78875,"0,283",13,2,"12,3444","0,9622","45,578","3,6922","11,7188"
2026 02 02 09:39:32:869,-3.9334,-6.70125,"0,283",13,2,"12,3444","0,9622","45,578","3,6922",0
2026 02 02 09:39:32:871,-3.9675,-6.70125,"0,283",13,2,"12,3444","0,9622","45,578","3,6922","-11,7187"
2026 02 02 09:39:32:873,-3.9334,-6.87625,"0,283",13,2,"12,3444","0,9622","45,578","3,6922","-15,625"
2026 02 02 09:39:32:875,-3.9334,-6.78875,"0,283",13,2,"12,3444","0,9622","45,578","3,6922","-35,1562"
2026 02 02 09:39:32:877,-3.9675,-6.70125,"0,283",13,2,"12,3444","0,9622","45,578","3,6922",0
2026 02 02 09:39:32:879,-3.9675,-6.78875,"0,283",13,2,"12,3444","0,9622","45,578","3,6922","7,8125"
2026 02 02 09:39:32:881,-3.9675,-6.70125,"0,283",13,2,"12,3444","0,9622","45,578","3,6922",0
2026 02 02 09:39:32:883,-3.9675,-6.70125,"0,283",13,2,"12,3444","0,9622","45,578","3,6922","-7,8125"
2026 02 02 09:39:32:885,-3.9334,-6.70125,"0,283",13,2,"12,3444","0,9622","45,578","3,6922","35,1563"
2026 02 02 09:39:32:887,-3.9675,-6.78875,"0,283",13,2,"12,3444","0,9622","45,578","3,6922","15,625"
2026 02 02 09:39:32:889,-3.9985,-6.78875,"0,283",13,2,"12,3444","0,9622","45,578","3,6922","-7,8125"
2026 02 02 09:39:32:891,-3.9675,-6.78875,"0,283",13,2,"12,3444","0,9622","45,578","3,6922","-15,625"
2026 02 02 09:39:32:893,-3.9675,-6.78875,"0,283",13,2,"12,3444","0,9622","45,578","3,6922","-15,625"
2026 02 02 09:39:32:895,-3.9675,-6.78875,"0,283",13,2,"12,3444","0,9622","45,578","3,6922","-35,1562"
2026 02 02 09:39:32:897,-3.9675,-6.70125,"0,283",13,2,"12,3444","0,9622","45,578","3,6922","-3,9062"
2026 02 02 09:39:32:899,-3.9985,-6.70125,"0,283",13,2,"12,3444","0,9622","45,578","3,6922","-7,8125"
2026 02 02 09:39:32:901,-3.9675,-6.61375,"0,283",13,2,"12,3444","0,9622","45,578","3,6922","3,9063"
2026 02 02 09:39:32:903,-3.9675,-6.70125,"0,283",13,2,"12,3444","0,9622","45,578","3,6922","7,8125"
2026 02 02 09:39:32:905,-3.9675,-6.61375,"0,283",13,2,"12,3444","0,9622","45,578","3,6922","11,7188"
2026 02 02 09:39:32:907,-3.9985,-6.70125,"0,283",13,2,"12,3444","0,9622","45,578","3,6922","7,8125"
2026 02 02 09:39:32:909,-3.9675,-6.70125,"0,283",13,2,"12,3444","0,9622","45,578","3,6922","-3,9062"
2026 02 02 09:39:32:911,-3.9985,-6.78875,"0,283",13,2,"12,3444","0,9622","45,578","3,6922","-11,7187"
2026 02 02 09:39:32:913,-3.9675,-6.78875,"0,283",13,2,"12,3444","0,9622","45,578","3,6922","-27,3437"
2026 02 02 09:39:32:915,-3.9675,-6.70125,"0,283",13,2,"12,3444","0,9622","45,578","3,6922","-42,9687"
2026 02 02 09:39:32:917,-3.9334,-6.70125,"0,283",13,2,"12,3444","0,9622","45,578","3,6922","-3,9062"
2026 02 02 09:39:32:919,-3.9675,-6.70125,"0,283",13,2,"12,3444","0,9622","45,578","3,6922","3,9063"
2026 02 02 09:39:32:921,-3.9334,-6.70125,"0,283",13,2,"12,3444","0,9622","45,578","3,6922","11,7188"
2026 02 02 09:39:32:923,-3.9675,-6.87625,"0,283",13,2,"12,3444","0,9622","45,578","3,6922","11,7188"
2026 02 02 09:39:32:925,-3.9675,-6.78875,"0,283",13,2,"12,3444","0,9622","45,578","3,6922","35,1563"
2026 02 02 09:39:32:927,-3.9675,-6.78875,"0,283",13,2,"12,3444","0,9622","45,578","3,6922",0
2026 02 02 09:39:32:929,-3.9334,-6.78875,"0,283",13,2,"12,3444","0,9622","45,578","3,6922",0
2026 02 02 09:39:32:931,-3.9985,-6.78875,"0,283",13,2,"12,3444","0,9622","45,578","3,6922","-11,7187"
2026 02 02 09:39:32:933,-3.9985,-6.78875,"0,283",13,2,"12,3444","0,9622","45,578","3,6922","-11,7187"
2026 02 02 09:39:32:935,-3.9675,-6.78875,"0,283",13,2,"12,3444","0,9622","45,578","3,6922","-31,25"
2026 02 02 09:39:32:937,-3.9334,-6.78875,"0,283",13,2,"12,3444","0,9622","45,578","3,6922","19,5313"
2026 02 02 09:39:32:939,-3.9675,-6.78875,"0,283",13,2,"12,3444","0,9622","45,578","3,6922","-3,9062"
2026 02 02 09:39:32:941,-3.9334,-6.78875,"0,283",13,2,"12,3444","0,9622","45,578","3,6922","-3,9062"
2026 02 02 09:39:32:943,-3.9985,-6.78875,"0,283",13,2,"12,3444","0,9622","45,578","3,6922","11,7188"
2026 02 02 09:39:32:945,-3.9675,-6.78875,"0,283",13,2,"12,3444","0,9622","45,578","3,6922","35,1563"
2026 02 02 09:39:32:947,-3.9334,-6.78875,"0,283",13,2,"12,3444","0,9622","45,578","3,6922",0
2026 02 02 09:39:32:949,-3.9675,-6.78875,"0,283",13,2,"12,3444","0,9622","45,578","3,6922","3,9063"
2026 02 02 09:39:32:951,-3.9675,-6.78875,"0,283",13,2,"12,3444","0,9622","45,578","3,6922","-19,5312"
2026 02 02 09:39:32:953,-3.9675,-6.78875,"0,283",13,2,"12,3444","0,9622","45,578","3,6922","-15,625"
2026 02 02 09:39:32:955,-3.9675,-6.70125,"0,283",13,2,"12,3444","0,9622","45,578","3,6922","-35,1562"
2026 02 02 09:39:32:957,-3.9675,-6.78875,"0,283",13,2,"12,3444","0,9622","45,578","3,6922","7,8125"
2026 02 02 09:39:32:959,-3.9985,-6.70125,"0,283",13,2,"12,3444","0,9622","45,578","3,6922","3,9063"
2026 02 02 09:39:32:961,-3.9675,-6.70125,"0,283",13,2,"12,3444","0,9622","45,578","3,6922","-3,9062"
2026 02 02 09:39:32:963,-3.9675,-6.78875,"0,283",13,2,"12,3444","0,9622","45,578","3,6922","-11,7187"
2026 02 02 09:39:32:965,-3.9985,-6.78875,"0,283",13,2,"12,3444","0,9622","45,578","3,6922","31,25"
2026 02 02 09:39:32:967,-3.9985,-6.78875,"0,283",13,2,"12,3444","0,9622","45,578","3,6922","-11,7187"
2026 02 02 09:39:32:969,-3.9334,-6.78875,"0,283",13,2,"12,3444","0,9622","45,578","3,6922","-3,9062"
2026 02 02 09:39:32:971,-3.9985,-6.78875,"0,283",13,2,"12,3444","0,9622","45,578","3,6922","-3,9062"
2026 02 02 09:39:32:973,-3.9334,-6.78875,"0,283",13,2,"12,3444","0,9622","45,578","3,6922","-19,5312"
2026 02 02 09:39:32:975,-3.9675,-6.78875,"0,283",13,2,"12,3444","0,9622","45,578","3,6922","-46,875"
2026 02 02 09:39:32:977,-3.9675,-6.78875,"0,283",13,2,"12,3444","0,9622","45,578","3,6922","-11,7187"
2026 02 02 09:39:32:979,-3.9675,-6.70125,"0,283",13,2,"12,3444","0,9622","45,578","3,6922","19,5313"
2026 02 02 09:39:32:981,-3.9675,-6.70125,"0,283",13,2,"12,3444","0,9622","45,578","3,6922","19,5313"
2026 02 02 09:39:32:983,-3.9675,-6.78875,"0,283",13,2,"12,3444","0,9622","45,578","3,6922","-3,9062"
2026 02 02 09:39:32:985,-3.9675,-6.70125,"0,283",13,2,"12,3444","0,9622","45,578","3,6922","31,25"
2026 02 02 09:39:32:987,-3.9985,-6.78875,"0,283",13,2,"12,3444","0,9622","45,578","3,6922",0
2026 02 02 09:39:32:989,-3.9334,-6.78875,"0,283",13,2,"12,3444","0,9622","45,578","3,6922","-19,5312"
2026 02 02 09:39:32:991,-3.9675,-6.70125,"0,283",13,2,"12,3444","0,9622","45,578","3,6922",0
2026 02 02 09:39:32:993,-3.9675,-6.78875,"0,283",13,2,"12,3444","0,9622","45,578","3,6922","7,8125"
2026 02 02 09:39:32:995,-3.9675,-6.70125,"0,283",13,2,"12,3444","0,9622","45,578","3,6922","-42,9687"
2026 02 02 09:39:32:997,-3.9334,-6.70125,"0,283",13,2,"12,3444","0,9622","45,578","3,6922","7,8125"
2026 02 02 09:39:32:999,-3.9675,-6.78875,"0,283",13,2,"12,3444","0,9622","45,578","3,6922","-23,4375"
2026 02 02 09:39:33:001,-3.9334,-6.70125,"0,283",13,2,"12,3444","0,9622","45,578","3,6922","-11,7187"
2026 02 02 09:39:33:003,-3.9675,-6.78875,"0,283",13,2,"12,3444","0,9622","45,578","3,6922","-3,9062"
2026 02 02 09:39:33:005,-3.9334,-6.70125,"0,283",13,2,"12,3444","0,9622","45,578","3,6922","11,7188"
2026 02 02 09:39:33:007,-3.9675,-6.78875,"0,283",13,2,"12,3444","0,9622","45,578","3,6922","15,625"
2026 02 02 09:39:33:009,-3.9334,-6.78875,"0,283",13,2,"12,3444","0,9622","45,578","3,6922","15,625"
2026 02 02 09:39:33:011,-3.9334,-6.78875,"0,283",13,2,"12,3444","0,9622","45,578","3,6922","-11,7187"
2026 02 02 09:39:33:013,-3.9675,-6.78875,"0,283",13,2,"12,3444","0,9171","46,1731","3,7404","-11,7187"
2026 02 02 09:39:33:015,-3.9675,-6.70125,"0,283",13,2,"12,3444","0,9171","46,1731","3,7404","-39,0625"
2026 02 02 09:39:33:017,-3.9675,-6.70125,"0,283",13,2,"12,3444","0,9171","46,1731","3,7404","-7,8125"
2026 02 02 09:39:33:019,-3.9334,-6.78875,"0,283",13,2,"12,3444","0,9171","46,1731","3,7404",0
2026 02 02 09:39:33:021,-3.9675,-6.78875,"0,283",13,2,"12,3444","0,9171","46,1731","3,7404","-11,7187"
2026 02 02 09:39:33:023,-3.9985,-6.70125,"0,283",13,2,"12,3444","0,9171","46,1731","3,7404","-23,4375"
2026 02 02 09:39:33:025,-3.9675,-6.78875,"0,283",13,2,"12,3444","0,9171","46,1731","3,7404","23,4375"
2026 02 02 09:39:33:027,-3.9675,-6.78875,"0,283",13,2,"12,3444","0,9171","46,1731","3,7404","-11,7187"
2026 02 02 09:39:33:029,-3.9675,-6.78875,"0,283",13,2,"12,3444","0,9171","46,1731","3,7404","3,9063"
2026 02 02 09:39:33:031,-3.9985,-6.78875,"0,283",13,2,"12,3444","0,9171","46,1731","3,7404",0
2026 02 02 09:39:33:033,-3.9334,-6.78875,"0,283",13,2,"12,3444","0,9171","46,1731","3,7404","11,7188"
2026 02 02 09:39:33:035,-3.9675,-6.78875,"0,283",13,2,"12,3444","0,9171","46,1731","3,7404","-19,5312"
2026 02 02 09:39:33:037,-3.9675,-6.78875,"0,283",13,2,"12,3444","0,9171","46,1731","3,7404","-23,4375"
2026 02 02 09:39:33:039,-3.9675,-6.70125,"0,283",13,2,"12,3444","0,9171","46,1731","3,7404","-35,1562"
2026 02 02 09:39:33:041,-3.9985,-6.78875,"0,283",13,2,"12,3444","0,9171","46,1731","3,7404","3,9063"
2026 02 02 09:39:33:043,-3.9985,-6.78875,"0,283",13,2,"12,3444","0,9171","46,1731","3,7404","11,7188"
2026 02 02 09:39:33:045,-3.9675,-6.70125,"0,283",13,2,"12,3444","0,9171","46,1731","3,7404","58,5938"
2026 02 02 09:39:33:047,-3.9334,-6.70125,"0,283",13,2,"12,3444","0,9171","46,1731","3,7404","46,875"
2026 02 02 09:39:33:049,-3.9675,-6.78875,"0,283",13,2,"12,3444","0,9171","46,1731","3,7404","-19,5312"
2026 02 02 09:39:33:051,-3.9675,-6.78875,"0,283",13,2,"12,3444","0,9171","46,1731","3,7404","-50,7812"
2026 02 02 09:39:33:053,-3.9675,-6.70125,"0,283",13,2,"12,3444","0,9171","46,1731","3,7404","-70,3125"
2026 02 02 09:39:33:055,-3.9675,-6.70125,"0,283",13,2,"12,3444","0,9171","46,1731","3,7404","-46,875"
2026 02 02 09:39:33:057,-3.9675,-6.70125,"0,283",13,2,"12,3444","0,9171","46,1731","3,7404","11,7188"
2026 02 02 09:39:33:059,-3.9675,-6.78875,"0,283",13,2,"12,3444","0,9171","46,1731","3,7404","11,7188"
2026 02 02 09:39:33:061,-3.9675,-6.78875,"0,283",13,2,"12,3444","0,9171","46,1731","3,7404","15,625"
2026 02 02 09:39:33:063,-3.9334,-6.70125,"0,283",13,2,"12,3444","0,9171","46,1731","3,7404","3,9063"
2026 02 02 09:39:33:065,-3.9675,-6.70125,"0,283",13,2,"12,3444","0,9171","46,1731","3,7404","15,625"
2026 02 02 09:39:33:067,-3.9675,-6.78875,"0,283",13,2,"12,3444","0,9171","46,1731","3,7404","-23,4375"
2026 02 02 09:39:33:069,-3.9675,-6.78875,"0,283",13,2,"12,3444","0,9171","46,1731","3,7404","-7,8125"
2026 02 02 09:39:33:071,-3.9675,-6.70125,"0,283",13,2,"12,3444","0,9171","46,1731","3,7404","3,9063"
2026 02 02 09:39:33:073,-3.9675,-6.70125,"0,283",13,2,"12,3444","0,9171","46,1731","3,7404","7,8125"
2026 02 02 09:39:33:075,-3.9985,-6.70125,"0,283",13,2,"12,3444","0,9171","46,1731","3,7404","-35,1562"
2026 02 02 09:39:33:077,-3.9675,-6.78875,"0,283",13,2,"12,3444","0,9171","46,1731","3,7404","-15,625"
2026 02 02 09:39:33:079,-3.9675,-6.70125,"0,283",13,2,"12,3444","0,9171","46,1731","3,7404","-11,7187"
2026 02 02 09:39:33:081,-3.9985,-6.78875,"0,283",13,2,"12,3444","0,9171","46,1731","3,7404","-35,1562"
2026 02 02 09:39:33:083,-3.9675,-6.78875,"0,283",13,2,"12,3444","0,9171","46,1731","3,7404","-23,4375"
2026 02 02 09:39:33:085,-3.9675,-6.78875,"0,283",13,2,"12,3444","0,9171","46,1731","3,7404","39,0625"
2026 02 02 09:39:33:087,-3.9985,-6.70125,"0,283",13,2,"12,3444","0,9171","46,1731","3,7404","27,3438"
2026 02 02 09:39:33:089,-3.9334,-6.70125,"0,283",13,2,"12,3444","0,9171","46,1731","3,7404","35,1563"
2026 02 02 09:39:33:091,-3.9985,-6.70125,"0,283",13,2,"12,3444","0,9171","46,1731","3,7404","-19,5312"
2026 02 02 09:39:33:093,-3.9675,-6.70125,"0,283",13,2,"12,3444","0,9171","46,1731","3,7404","-50,7812"
2026 02 02 09:39:33:095,-3.9334,-6.70125,"0,283",13,2,"12,3444","0,9171","46,1731","3,7404","-31,25"
2026 02 02 09:39:33:097,-3.9334,-6.78875,"0,283",13,2,"12,3444","0,9171","46,1731","3,7404","31,25"
2026 02 02 09:39:33:099,-3.9675,-6.70125,"0,283",13,2,"12,3444","0,9171","46,1731","3,7404","23,4375"
2026 02 02 09:39:33:101,-3.9985,-6.70125,"0,283",13,2,"12,3444","0,9171","46,1731","3,7404","3,9063"
2026 02 02 09:39:33:103,-3.9675,-6.70125,"0,283",13,2,"12,3444","0,9171","46,1731","3,7404","-19,5312"
2026 02 02 09:39:33:105,-3.9675,-6.78875,"0,283",13,2,"12,3444","0,9171","46,1731","3,7404","-19,5312"
2026 02 02 09:39:33:107,-3.9675,-6.70125,"0,283",13,2,"12,3444","0,9171","46,1731","3,7404","-27,3437"
2026 02 02 09:39:33:109,-3.9675,-6.78875,"0,283",13,2,"12,3444","0,9171","46,1731","3,7404","7,8125"
2026 02 02 09:39:33:111,-3.9675,-6.70125,"0,283",13,2,"12,3444","0,9171","46,1731","3,7404","27,3438"
2026 02 02 09:39:33:113,-3.9334,-6.78875,"0,283",13,2,"12,3444","0,9171","46,1731","3,7404","15,625"
2026 02 02 09:39:33:115,-3.9985,-6.78875,"0,283",13,2,"12,3444","0,9171","46,1731","3,7404","-27,3437"
2026 02 02 09:39:33:117,-3.9675,-6.70125,"0,283",13,2,"12,3444","0,9171","46,1731","3,7404","-19,5312"
2026 02 02 09:39:33:119,-3.9675,-6.78875,"0,283",13,2,"12,3444","0,9171","46,1731","3,7404","-62,5"
2026 02 02 09:39:33:121,-3.9675,-6.70125,"0,283",13,2,"12,3444","0,9171","46,1731","3,7404","-31,25"
2026 02 02 09:39:33:123,-3.9675,-6.87625,"0,283",13,2,"12,3444","0,9171","46,1731","3,7404","15,625"
2026 02 02 09:39:33:125,-3.9675,-6.78875,"0,283",13,2,"12,3444","0,9171","46,1731","3,7404","66,4063"
2026 02 02 09:39:33:127,-3.9334,-6.78875,"0,283",13,2,"12,3444","0,9171","46,1731","3,7404","50,7813"
2026 02 02 09:39:33:129,-3.9675,-6.78875,"0,283",13,2,"12,3444","0,9171","46,1731","3,7404","-3,9062"
2026 02 02 09:39:33:131,-3.9675,-6.78875,"0,283",13,2,"12,3444","0,9171","46,1731","3,7404","-39,0625"
2026 02 02 09:39:33:133,-3.9334,-6.78875,"0,283",13,2,"12,3444","0,9171","46,1731","3,7404","-46,875"
2026 02 02 09:39:33:135,-3.9675,-6.70125,"0,283",13,2,"12,3444","0,9171","46,1731","3,7404","-74,2187"
2026 02 02 09:39:33:137,-3.9675,-6.78875,"0,283",13,2,"12,3444","0,9171","46,1731","3,7404","-27,3437"
2026 02 02 09:39:33:139,-3.9985,-6.70125,"0,283",13,2,"12,3444","0,9171","46,1731","3,7404","7,8125"
2026 02 02 09:39:33:141,-3.9675,-6.78875,"0,283",13,2,"12,3444","0,9171","46,1731","3,7404","50,7813"
2026 02 02 09:39:33:143,-3.9334,-6.78875,"0,283",13,2,"12,3444","0,9171","46,1731","3,7404","27,3438"
2026 02 02 09:39:33:145,-3.9675,-6.70125,"0,283",13,2,"12,3444","0,9171","46,1731","3,7404","23,4375"
2026 02 02 09:39:33:147,-3.9675,-6.70125,"0,283",13,2,"12,3444","0,9171","46,1731","3,7404","-39,0625"
2026 02 02 09:39:33:149,-3.9675,-6.70125,"0,283",13,2,"12,3444","0,9171","46,1731","3,7404","-35,1562"
2026 02 02 09:39:33:151,-3.9675,-6.61375,"0,283",13,2,"12,3444","0,9171","46,1731","3,7404","-7,8125"
2026 02 02 09:39:33:153,-3.9675,-6.78875,"0,283",13,2,"12,3444","0,9171","46,1731","3,7404","11,7188"
2026 02 02 09:39:33:155,-3.9334,-6.70125,"0,283",13,2,"12,3444","0,9171","46,1731","3,7404","-31,25"
2026 02 02 09:39:33:157,-3.9675,-6.70125,"0,283",13,2,"12,3444","0,9171","46,1731","3,7404","-15,625"
2026 02 02 09:39:33:159,-3.9675,-6.78875,"0,283",13,2,"12,3444","0,9171","46,1731","3,7404","-31,25"
2026 02 02 09:39:33:161,-3.9675,-6.70125,"0,283",13,2,"12,3444","0,9171","46,1731","3,7404","-27,3437"
2026 02 02 09:39:33:163,-3.9675,-6.70125,"0,283",13,2,"12,3444","0,9171","46,1731","3,7404","7,8125"
2026 02 02 09:39:33:165,-3.9675,-6.78875,"0,283",13,2,"12,3444","0,9171","46,1731","3,7404","42,9688"
2026 02 02 09:39:33:167,-3.9985,-6.70125,"0,283",13,2,"12,3444","0,9171","46,1731","3,7404","46,875"
2026 02 02 09:39:33:169,-3.9334,-6.78875,"0,283",13,2,"12,3444","0,9171","46,1731","3,7404","11,7188"
2026 02 02 09:39:33:171,-3.9675,-6.78875,"0,283",13,2,"12,3444","0,9171","46,1731","3,7404","-46,875"
2026 02 02 09:39:33:173,-3.9675,-6.70125,"0,283",13,2,"12,3444","0,9171","46,1731","3,7404","-42,9687"
2026 02 02 09:39:33:175,-3.9675,-6.78875,"0,283",13,2,"12,3444","0,9171","46,1731","3,7404","-50,7812"
2026 02 02 09:39:33:177,-3.9675,-6.87625,"0,283",13,2,"12,3444","0,9171","46,1731","3,7404","27,3438"
2026 02 02 09:39:33:179,-3.9334,-6.78875,"0,283",13,2,"12,3444","0,9171","46,1731","3,7404","58,5938"
2026 02 02 09:39:33:181,-3.9985,-6.78875,"0,283",13,2,"12,3444","0,9171","46,1731","3,7404","35,1563"
2026 02 02 09:39:33:183,-3.9334,-6.78875,"0,283",13,2,"12,3444","0,9171","46,1731","3,7404","-19,5312"
2026 02 02 09:39:33:185,-3.9675,-6.78875,"0,283",13,2,"12,3444","0,9171","46,1731","3,7404","-23,4375"
2026 02 02 09:39:33:187,-3.9675,-6.78875,"0,283",13,2,"12,3444","0,9171","46,1731","3,7404","-39,0625"
2026 02 02 09:39:33:189,-3.9334,-6.70125,"0,283",13,2,"12,3444","0,9171","46,1731","3,7404","-31,25"
2026 02 02 09:39:33:191,-3.9675,-6.78875,"0,283",13,2,"12,3444","0,9171","46,1731","3,7404","-19,5312"
2026 02 02 09:39:33:193,-3.9675,-6.78875,"0,283",13,2,"12,3444","0,9171","46,1731","3,7404","42,9688"
2026 02 02 09:39:33:195,-3.9675,-6.78875,"0,283",13,2,"12,3444","0,9171","46,1731","3,7404","7,8125"
2026 02 02 09:39:33:197,-3.9334,-6.70125,"0,283",13,2,"12,3444","0,9171","46,1731","3,7404","27,3438"
2026 02 02 09:39:33:199,-3.9985,-6.70125,"0,283",13,2,"12,3444","0,9171","46,1731","3,7404","-19,5312"
2026 02 02 09:39:33:201,-3.9334,-6.70125,"0,283",13,2,"12,3444","0,9171","46,1731","3,7404","-54,6875"
2026 02 02 09:39:33:203,-3.9675,-6.78875,"0,283",13,2,"12,3444","0,9171","46,1731","3,7404","-27,3437"
2026 02 02 09:39:33:205,-3.9675,-6.78875,"0,283",13,2,"12,3444","0,9171","46,1731","3,7404","54,6875"
2026 02 02 09:39:33:207,-3.9675,-6.78875,"0,283",13,2,"12,3444","0,9171","46,1731","3,7404","46,875"
2026 02 02 09:39:33:209,-3.9985,-6.78875,"0,283",13,2,"12,3444","0,9171","46,1731","3,7404","50,7813"
2026 02 02 09:39:33:211,-3.9675,-6.78875,"0,283",13,2,"12,3444","0,9171","46,1731","3,7404","-27,3437"
2026 02 02 09:39:33:213,-3.9675,-6.70125,"0,283",13,2,"12,3444","0,9171","46,1731","3,7404","-78,125"
2026 02 02 09:39:33:215,-3.9675,-6.78875,"0,283",13,2,"12,3444","0,9171","46,1731","3,7404","-54,6875"
2026 02 02 09:39:33:217,-3.9675,-6.78875,"0,283",13,2,"12,3444","0,9171","46,1731","3,7404","-19,5312"
2026 02 02 09:39:33:219,-3.9675,-6.87625,"0,283",13,2,"12,3444","0,9171","46,1731","3,7404","3,9063"
2026 02 02 09:39:33:221,-3.9675,-6.78875,"0,283",13,2,"12,3444","0,9171","46,1731","3,7404","19,5313"
2026 02 02 09:39:33:223,-3.9985,-6.78875,"0,283",13,2,"12,3444","0,9171","46,1731","3,7404","31,25"
2026 02 02 09:39:33:225,-3.9675,-6.78875,"0,283",13,2,"12,3444","0,9171","46,1731","3,7404","15,625"
2026 02 02 09:39:33:227,-3.9334,-6.78875,"0,283",13,2,"12,3444","0,9171","46,1731","3,7404","-15,625"
2026 02 02 09:39:33:229,-3.9675,-6.78875,"0,283",13,2,"12,3444","0,9171","46,1731","3,7404",0
2026 02 02 09:39:33:231,-3.9334,-6.78875,"0,283",13,2,"12,3444","0,9171","46,1731","3,7404","-3,9062"
2026 02 02 09:39:33:233,-3.9675,-6.78875,"0,283",13,2,"12,3444","0,9171","46,1731","3,7404","7,8125"
2026 02 02 09:39:33:235,-3.9675,-6.78875,"0,283",13,2,"12,3444","0,9171","46,1731","3,7404","-11,7187"
2026 02 02 09:39:33:237,-3.9675,-6.78875,"0,283",13,2,"12,3444","0,9171","46,1731","3,7404","-3,9062"
2026 02 02 09:39:33:239,-3.9675,-6.78875,"0,283",13,2,"12,3444","0,9171","46,1731","3,7404","-50,7812"
2026 02 02 09:39:33:241,-3.9675,-6.78875,"0,283",13,2,"12,3444","0,9171","46,1731","3,7404","-31,25"
2026 02 02 09:39:33:243,-3.9675,-6.87625,"0,283",13,2,"12,3444","0,9171","46,1731","3,7404","-15,625"
2026 02 02 09:39:33:245,-3.9675,-6.78875,"0,283",13,2,"12,3444","0,9171","46,1731","3,7404","31,25"
2026 02 02 09:39:33:247,-3.9985,-6.78875,"0,283",13,2,"12,3444","0,9171","46,1731","3,7404","42,9688"
2026 02 02 09:39:33:249,-3.9675,-6.78875,"0,283",13,2,"12,3444","0,9171","46,1731","3,7404","3,9063"
2026 02 02 09:39:33:251,-3.9985,-6.70125,"0,283",13,2,"12,3444","0,9171","46,1731","3,7404","3,9063"
2026 02 02 09:39:33:253,-3.9985,-6.70125,"0,283",13,2,"12,3444","0,9171","46,1731","3,7404","-42,9687"
2026 02 02 09:39:33:255,-3.9675,-6.70125,"0,283",13,2,"12,3444","0,9171","46,1731","3,7404","-54,6875"
2026 02 02 09:39:33:257,-3.9675,-6.78875,"0,283",13,2,"12,3444","0,9171","46,1731","3,7404","15,625"
2026 02 02 09:39:33:259,-3.9334,-6.70125,"0,283",13,2,"12,3444","0,9171","46,1731","3,7404","58,5938"
2026 02 02 09:39:33:261,-3.9675,-6.78875,"0,283",13,2,"12,3444","0,9171","46,1731","3,7404","39,0625"
2026 02 02 09:39:33:263,-3.9334,-6.78875,"0,283",13,2,"12,3444","0,9171","46,1731","3,7404","11,7188"
2026 02 02 09:39:33:265,-3.9985,-6.87625,"0,283",13,2,"12,3444","0,9171","46,1731","3,7404","3,9063"
2026 02 02 09:39:33:267,-3.9675,-6.70125,"0,283",13,2,"12,3444","0,9171","46,1731","3,7404","-42,9687"
2026 02 02 09:39:33:269,-3.9675,-6.78875,"0,283",13,2,"12,3444","0,9171","46,1731","3,7404","-27,3437"
2026 02 02 09:39:33:271,-3.9985,-6.70125,"0,283",13,2,"12,3444","0,9171","46,1731","3,7404","-3,9062"
2026 02 02 09:39:33:273,-3.9675,-6.78875,"0,283",13,2,"12,3444","0,9171","46,1731","3,7404","11,7188"
2026 02 02 09:39:33:275,-3.9985,-6.87625,"0,283",13,2,"12,3444","0,9171","46,1731","3,7404","39,0625"
2026 02 02 09:39:33:277,-3.9675,-6.78875,"0,283",13,2,"12,3444","0,9171","46,1731","3,7404","7,8125"
2026 02 02 09:39:33:279,-3.9985,-6.78875,"0,283",13,2,"12,3444","0,9171","46,1731","3,7404","-23,4375"
2026 02 02 09:39:33:281,-3.9675,-6.78875,"0,283",13,2,"12,3444","0,9171","46,1731","3,7404","-46,875"
2026 02 02 09:39:33:283,-3.9334,-6.78875,"0,283",13,2,"12,3444","0,9171","46,1731","3,7404","-62,5"
2026 02 02 09:39:33:285,-3.9985,-6.78875,"0,283",13,2,"12,3444","0,9171","46,1731","3,7404","39,0625"
2026 02 02 09:39:33:287,-3.9985,-6.78875,"0,283",13,2,"12,3444","0,9171","46,1731","3,7404","62,5"
2026 02 02 09:39:33:289,-3.9675,-6.70125,"0,283",13,2,"12,3444","0,9171","46,1731","3,7404","70,3125"
2026 02 02 09:39:33:291,-3.9334,-6.70125,"0,283",13,2,"12,3444","0,9171","46,1731","3,7404","3,9063"
2026 02 02 09:39:33:293,-3.9675,-6.87625,"0,283",13,2,"12,3444","0,9171","46,1731","3,7404","-50,7812"
2026 02 02 09:39:33:295,-3.9334,-6.78875,"0,283",13,2,"12,3444","0,9171","46,1731","3,7404","-50,7812"
2026 02 02 09:39:33:297,-3.9675,-6.87625,"0,283",13,2,"12,3444","0,9171","46,1731","3,7404","-35,1562"
2026 02 02 09:39:33:299,-3.9675,-6.78875,"0,283",13,2,"12,3444","0,9171","46,1731","3,7404","-27,3437"
2026 02 02 09:39:33:301,-3.9675,-6.78875,"0,283",13,2,"12,3444","0,9171","46,1731","3,7404","27,3438"
2026 02 02 09:39:33:303,-3.9675,-6.78875,"0,283",13,2,"12,3444","0,9171","46,1731","3,7404","23,4375"
2026 02 02 09:39:33:305,-3.9334,-6.78875,"0,283",13,2,"12,3444","0,9171","46,1731","3,7404","46,875"
2026 02 02 09:39:33:307,-3.9675,-6.78875,"0,283",13,2,"12,3444","0,9171","46,1731","3,7404","7,8125"
2026 02 02 09:39:33:309,-3.9675,-6.70125,"0,283",13,2,"12,3444","0,9171","46,1731","3,7404","-27,3437"
2026 02 02 09:39:33:311,-3.9675,-6.70125,"0,283",13,2,"12,3444","0,9171","46,1731","3,7404",0
2026 02 02 09:39:33:313,-3.9675,-6.70125,"0,283",14,2,"15,1215","2,3984","105,011","6,9445",0
2026 02 02 09:39:33:315,-3.9675,-6.78875,"0,283",14,2,"15,1215","2,3984","105,011","6,9445","-19,5312"
2026 02 02 09:39:33:317,-3.9334,-6.70125,"0,283",14,2,"15,1215","2,3984","105,011","6,9445","11,7188"
2026 02 02 09:39:33:319,-3.9675,-6.78875,"0,283",14,2,"15,1215","2,3984","105,011","6,9445","-11,7187"
2026 02 02 09:39:33:321,-3.9675,-6.70125,"0,283",14,2,"15,1215","2,3984","105,011","6,9445","-27,3437"
2026 02 02 09:39:33:323,-3.9334,-6.70125,"0,283",14,2,"15,1215","2,3984","105,011","6,9445",0
2026 02 02 09:39:33:325,-3.9675,-6.78875,"0,283",14,2,"15,1215","2,3984","105,011","6,9445","35,1563"
2026 02 02 09:39:33:327,-3.9675,-6.78875,"0,283",14,2,"15,1215","2,3984","105,011","6,9445","23,4375"
2026 02 02 09:39:33:329,-3.9985,-6.70125,"0,283",14,2,"15,1215","2,3984","105,011","6,9445","15,625"
2026 02 02 09:39:33:331,-3.9334,-6.78875,"0,283",14,2,"15,1215","2,3984","105,011","6,9445","7,8125"
2026 02 02 09:39:33:333,-3.9675,-6.78875,"0,283",14,2,"15,1215","2,3984","105,011","6,9445","-46,875"
2026 02 02 09:39:33:335,-3.9675,-6.78875,"0,283",14,2,"15,1215","2,3984","105,011","6,9445","-50,7812"
2026 02 02 09:39:33:337,-3.9985,-6.78875,"0,283",14,2,"15,1215","2,3984","105,011","6,9445","-3,9062"
2026 02 02 09:39:33:339,-3.9675,-6.70125,"0,283",14,2,"15,1215","2,3984","105,011","6,9445","23,4375"
2026 02 02 09:39:33:341,-3.9675,-6.78875,"0,283",14,2,"15,1215","2,3984","105,011","6,9445","35,1563"
2026 02 02 09:39:33:343,-3.9675,-6.70125,"0,283",14,2,"15,1215","2,3984","105,011","6,9445","35,1563"
2026 02 02 09:39:33:345,-3.9985,-6.78875,"0,283",14,2,"15,1215","2,3984","105,011","6,9445","15,625"
2026 02 02 09:39:33:347,-3.9675,-6.61375,"0,283",14,2,"15,1215","2,3984","105,011","6,9445","-42,9687"
2026 02 02 09:39:33:349,-3.9334,-6.78875,"0,283",14,2,"15,1215","2,3984","105,011","6,9445","-39,0625"
2026 02 02 09:39:33:351,-3.9334,-6.78875,"0,283",14,2,"15,1215","2,3984","105,011","6,9445","-50,7812"
2026 02 02 09:39:33:353,-3.9675,-6.70125,"0,283",14,2,"15,1215","2,3984","105,011","6,9445","-27,3437"
2026 02 02 09:39:33:355,-3.9675,-6.61375,"0,283",14,2,"15,1215","2,3984","105,011","6,9445","3,9063"
2026 02 02 09:39:33:357,-3.9675,-6.70125,"0,283",14,2,"15,1215","2,3984","105,011","6,9445","39,0625"
2026 02 02 09:39:33:359,-3.9675,-6.78875,"0,283",14,2,"15,1215","2,3984","105,011","6,9445","23,4375"
2026 02 02 09:39:33:361,-3.9675,-6.78875,"0,283",14,2,"15,1215","2,3984","105,011","6,9445","-19,5312"
2026 02 02 09:39:33:363,-3.9675,-6.78875,"0,283",14,2,"15,1215","2,3984","105,011","6,9445","-7,8125"
2026 02 02 09:39:33:365,-3.9334,-6.78875,"0,283",14,2,"15,1215","2,3984","105,011","6,9445",0
2026 02 02 09:39:33:367,-3.9675,-6.70125,"0,283",14,2,"15,1215","2,3984","105,011","6,9445","27,3438"
2026 02 02 09:39:33:369,-3.9675,-6.70125,"0,283",14,2,"15,1215","2,3984","105,011","6,9445","31,25"
2026 02 02 09:39:33:371,-3.9675,-6.70125,"0,283",14,2,"15,1215","2,3984","105,011","6,9445","27,3438"
2026 02 02 09:39:33:373,-3.9675,-6.87625,"0,283",14,2,"15,1215","2,3984","105,011","6,9445","-35,1562"
2026 02 02 09:39:33:375,-3.9675,-6.78875,"0,283",14,2,"15,1215","2,3984","105,011","6,9445","-46,875"
2026 02 02 09:39:33:377,-3.9334,-6.87625,"0,283",14,2,"15,1215","2,3984","105,011","6,9445","-7,8125"
2026 02 02 09:39:33:379,-3.9675,-6.78875,"0,283",14,2,"15,1215","2,3984","105,011","6,9445","-23,4375"
2026 02 02 09:39:33:381,-3.9334,-6.78875,"0,283",14,2,"15,1215","2,3984","105,011","6,9445",0
2026 02 02 09:39:33:383,-3.9985,-6.78875,"0,283",14,2,"15,1215","2,3984","105,011","6,9445","-3,9062"
2026 02 02 09:39:33:385,-3.9675,-6.78875,"0,283",14,2,"15,1215","2,3984","105,011","6,9445","46,875"
2026 02 02 09:39:33:387,-3.9675,-6.78875,"0,283",14,2,"15,1215","2,3984","105,011","6,9445","42,9688"
2026 02 02 09:39:33:389,-3.9675,-6.70125,"0,283",14,2,"15,1215","2,3984","105,011","6,9445","15,625"
2026 02 02 09:39:33:391,-3.9675,-6.78875,"0,283",14,2,"15,1215","2,3984","105,011","6,9445","-19,5312"
2026 02 02 09:39:33:393,-3.9675,-6.78875,"0,283",14,2,"15,1215","2,3984","105,011","6,9445","27,3438"
2026 02 02 09:39:33:395,-3.9675,-6.78875,"0,283",14,2,"15,1215","2,3984","105,011","6,9445","-23,4375"
2026 02 02 09:39:33:397,-3.9675,-6.78875,"0,283",14,2,"15,1215","2,3984","105,011","6,9445","7,8125"
2026 02 02 09:39:33:399,-3.9985,-6.78875,"0,283",14,2,"15,1215","2,3984","105,011","6,9445","-31,25"
2026 02 02 09:39:33:401,-3.9334,-6.70125,"0,283",14,2,"15,1215","2,3984","105,011","6,9445","-7,8125"
2026 02 02 09:39:33:403,-3.9985,-6.87625,"0,283",14,2,"15,1215","2,3984","105,011","6,9445","-15,625"
2026 02 02 09:39:33:405,-3.9334,-6.78875,"0,283",14,2,"15,1215","2,3984","105,011","6,9445",0
2026 02 02 09:39:33:407,-3.9675,-6.70125,"0,283",14,2,"15,1215","2,3984","105,011","6,9445","15,625"
2026 02 02 09:39:33:409,-3.9334,-6.78875,"0,283",14,2,"15,1215","2,3984","105,011","6,9445","11,7188"
2026 02 02 09:39:33:411,-3.9675,-6.78875,"0,283",14,2,"15,1215","2,3984","105,011","6,9445","3,9063"
2026 02 02 09:39:33:413,-3.9675,-6.70125,"0,283",14,2,"15,1215","2,3984","105,011","6,9445","-15,625"
2026 02 02 09:39:33:415,-3.9675,-6.78875,"0,283",14,2,"15,1215","2,3984","105,011","6,9445","-39,0625"
2026 02 02 09:39:33:417,-3.9675,-6.78875,"0,283",14,2,"15,1215","2,3984","105,011","6,9445","-23,4375"
2026 02 02 09:39:33:419,-3.9675,-6.78875,"0,283",14,2,"15,1215","2,3984","105,011","6,9445","31,25"
2026 02 02 09:39:33:421,-3.9334,-6.78875,"0,283",14,2,"15,1215","2,3984","105,011","6,9445","54,6875"
2026 02 02 09:39:33:423,-3.9334,-6.78875,"0,283",14,2,"15,1215","2,3984","105,011","6,9445","46,875"
2026 02 02 09:39:33:425,-3.9675,-6.78875,"0,283",14,2,"15,1215","2,3984","105,011","6,9445","50,7813"
2026 02 02 09:39:33:427,-3.9334,-6.78875,"0,283",14,2,"15,1215","2,3984","105,011","6,9445","-11,7187"
2026 02 02 09:39:33:429,-3.9675,-6.78875,"0,283",14,2,"15,1215","2,3984","105,011","6,9445","-46,875"
2026 02 02 09:39:33:431,-3.9334,-6.78875,"0,283",14,2,"15,1215","2,3984","105,011","6,9445","-54,6875"
2026 02 02 09:39:33:433,-3.9675,-6.78875,"0,283",14,2,"15,1215","2,3984","105,011","6,9445","-31,25"
2026 02 02 09:39:33:435,-3.9985,-6.78875,"0,283",14,2,"15,1215","2,3984","105,011","6,9445","-11,7187"
2026 02 02 09:39:33:437,-3.9334,-6.70125,"0,283",14,2,"15,1215","2,3984","105,011","6,9445","19,5313"
2026 02 02 09:39:33:439,-3.9675,-6.78875,"0,283",14,2,"15,1215","2,3984","105,011","6,9445","31,25"
2026 02 02 09:39:33:441,-3.9675,-6.78875,"0,283",14,2,"15,1215","2,3984","105,011","6,9445","35,1563"
2026 02 02 09:39:33:443,-3.9675,-6.78875,"0,283",14,2,"15,1215","2,3984","105,011","6,9445","-15,625"
2026 02 02 09:39:33:445,-3.9675,-6.70125,"0,283",14,2,"15,1215","2,3984","105,011","6,9445","-15,625"
2026 02 02 09:39:33:447,-3.9985,-6.70125,"0,283",14,2,"15,1215","2,3984","105,011","6,9445","7,8125"
2026 02 02 09:39:33:449,-3.9675,-6.70125,"0,283",14,2,"15,1215","2,3984","105,011","6,9445","42,9688"
2026 02 02 09:39:33:451,-3.9675,-6.78875,"0,283",14,2,"15,1215","2,3984","105,011","6,9445","3,9063"
2026 02 02 09:39:33:453,-3.9675,-6.78875,"0,283",14,2,"15,1215","2,3984","105,011","6,9445",0
2026 02 02 09:39:33:455,-3.9334,-6.78875,"0,283",14,2,"15,1215","2,3984","105,011","6,9445","7,8125"
2026 02 02 09:39:33:457,-3.9675,-6.70125,"0,283",14,2,"15,1215","2,3984","105,011","6,9445","-7,8125"
2026 02 02 09:39:33:459,-3.9675,-6.70125,"0,283",14,2,"15,1215","2,3984","105,011","6,9445","-35,1562"
2026 02 02 09:39:33:461,-3.9675,-6.70125,"0,283",14,2,"15,1215","2,3984","105,011","6,9445","-15,625"
2026 02 02 09:39:33:463,-3.9675,-6.78875,"0,283",14,2,"15,1215","2,3984","105,011","6,9445","-3,9062"
2026 02 02 09:39:33:465,-3.9334,-6.78875,"0,283",14,2,"15,1215","2,3984","105,011","6,9445","27,3438"
2026 02 02 09:39:33:467,-3.9675,-6.78875,"0,283",14,2,"15,1215","2,3984","105,011","6,9445","31,25"
2026 02 02 09:39:33:469,-3.9675,-6.70125,"0,283",14,2,"15,1215","2,3984","105,011","6,9445","23,4375"
2026 02 02 09:39:33:471,-3.9675,-6.78875,"0,283",14,2,"15,1215","2,3984","105,011","6,9445","-7,8125"
2026 02 02 09:39:33:473,-3.9675,-6.70125,"0,283",14,2,"15,1215","2,3984","105,011","6,9445","-7,8125"
2026 02 02 09:39:33:475,-3.9675,-6.87625,"0,283",14,2,"15,1215","2,3984","105,011","6,9445","11,7188"
2026 02 02 09:39:33:477,-3.9675,-6.78875,"0,283",14,2,"15,1215","2,3984","105,011","6,9445","-35,1562"
2026 02 02 09:39:33:479,-3.9675,-6.78875,"0,283",14,2,"15,1215","2,3984","105,011","6,9445","19,5313"
2026 02 02 09:39:33:481,-3.9985,-6.78875,"0,283",14,2,"15,1215","2,3984","105,011","6,9445","-15,625"
2026 02 02 09:39:33:483,-3.9675,-6.87625,"0,283",14,2,"15,1215","2,3984","105,011","6,9445","-3,9062"
2026 02 02 09:39:33:485,-3.9675,-6.78875,"0,283",14,2,"15,1215","2,3984","105,011","6,9445","3,9063"
2026 02 02 09:39:33:487,-3.9675,-6.70125,"0,283",14,2,"15,1215","2,3984","105,011","6,9445","58,5938"
2026 02 02 09:39:33:489,-3.9675,-6.70125,"0,283",14,2,"15,1215","2,3984","105,011","6,9445","19,5313"
2026 02 02 09:39:33:491,-3.9334,-6.78875,"0,283",14,2,"15,1215","2,3984","105,011","6,9445","-7,8125"
2026 02 02 09:39:33:493,-3.9675,-6.70125,"0,283",14,2,"15,1215","2,3984","105,011","6,9445","15,625"
2026 02 02 09:39:33:495,-3.9334,-6.78875,"0,283",14,2,"15,1215","2,3984","105,011","6,9445","-35,1562"
2026 02 02 09:39:33:497,-3.9675,-6.70125,"0,283",14,2,"15,1215","2,3984","105,011","6,9445","-31,25"
2026 02 02 09:39:33:499,-3.9675,-6.78875,"0,283",14,2,"15,1215","2,3984","105,011","6,9445","11,7188"
2026 02 02 09:39:33:501,-3.9675,-6.78875,"0,283",14,2,"15,1215","2,3984","105,011","6,9445","58,5938"
2026 02 02 09:39:33:503,-3.9675,-6.78875,"0,283",14,2,"15,1215","2,3984","105,011","6,9445","19,5313"
2026 02 02 09:39:33:505,-3.9675,-6.78875,"0,283",14,2,"15,1215","2,3984","105,011","6,9445","50,7813"
2026 02 02 09:39:33:507,-3.9675,-6.61375,"0,283",14,2,"15,1215","2,3984","105,011","6,9445","35,1563"
2026 02 02 09:39:33:509,-3.9675,-6.70125,"0,283",14,2,"15,1215","2,3984","105,011","6,9445","-50,7812"
2026 02 02 09:39:33:511,-3.9985,-6.70125,"0,283",14,2,"15,1215","2,3984","105,011","6,9445","-27,3437"
2026 02 02 09:39:33:513,-3.9985,-6.78875,"0,283",14,2,"15,1215","2,3984","105,011","6,9445","-3,9062"
2026 02 02 09:39:33:515,-3.9675,-6.78875,"0,283",14,2,"15,1215","2,3984","105,011","6,9445","-3,9062"
2026 02 02 09:39:33:517,-3.9675,-6.78875,"0,283",14,2,"15,1215","2,3984","105,011","6,9445","3,9063"
2026 02 02 09:39:33:519,-3.9675,-6.78875,"0,283",14,2,"15,1215","2,3984","105,011","6,9445","58,5938"
2026 02 02 09:39:33:521,-3.9675,-6.78875,"0,283",14,2,"15,1215","2,3984","105,011","6,9445","50,7813"
2026 02 02 09:39:33:523,-3.9675,-6.78875,"0,283",14,2,"15,1215","2,3984","105,011","6,9445","11,7188"
2026 02 02 09:39:33:525,-3.9675,-6.70125,"0,283",14,2,"15,1215","2,3984","105,011","6,9445","7,8125"
2026 02 02 09:39:33:527,-3.9675,-6.78875,"0,283",14,2,"15,1215","2,3984","105,011","6,9445","15,625"
2026 02 02 09:39:33:529,-3.9675,-6.70125,"0,283",14,2,"15,1215","2,3984","105,011","6,9445","-3,9062"
2026 02 02 09:39:33:531,-3.9675,-6.78875,"0,283",14,2,"15,1215","2,3984","105,011","6,9445","15,625"
2026 02 02 09:39:33:533,-3.9675,-6.78875,"0,283",14,2,"15,1215","2,3984","105,011","6,9445","35,1563"
2026 02 02 09:39:33:535,-3.9675,-6.78875,"0,283",14,2,"15,1215","2,3984","105,011","6,9445","-3,9062"
2026 02 02 09:39:33:537,-3.9985,-6.78875,"0,283",14,2,"15,1215","2,3984","105,011","6,9445",0
2026 02 02 09:39:33:539,-3.9675,-6.70125,"0,283",14,2,"15,1215","2,3984","105,011","6,9445","31,25"
2026 02 02 09:39:33:541,-3.9675,-6.78875,"0,283",14,2,"15,1215","2,3984","105,011","6,9445","-19,5312"
2026 02 02 09:39:33:543,-3.9675,-6.70125,"0,283",14,2,"15,1215","2,3984","105,011","6,9445","-31,25"
2026 02 02 09:39:33:545,-3.9334,-6.78875,"0,283",14,2,"15,1215","2,3984","105,011","6,9445","19,5313"
2026 02 02 09:39:33:547,-3.9675,-6.78875,"0,283",14,2,"15,1215","2,3984","105,011","6,9445","54,6875"
2026 02 02 09:39:33:549,-3.9675,-6.78875,"0,283",14,2,"15,1215","2,3984","105,011","6,9445","15,625"
2026 02 02 09:39:33:551,-3.9985,-6.70125,"0,283",14,2,"15,1215","2,3984","105,011","6,9445","23,4375"
2026 02 02 09:39:33:553,-3.9675,-6.61375,"0,283",14,2,"15,1215","2,3984","105,011","6,9445","46,875"
2026 02 02 09:39:33:555,-3.9675,-6.70125,"0,283",14,2,"15,1215","2,3984","105,011","6,9445","46,875"
2026 02 02 09:39:33:557,-3.9675,-6.70125,"0,283",14,2,"15,1215","2,3984","105,011","6,9445","35,1563"
2026 02 02 09:39:33:559,-3.9675,-6.78875,"0,283",14,2,"15,1215","2,3984","105,011","6,9445","-11,7187"
2026 02 02 09:39:33:561,-3.9675,-6.70125,"0,283",14,2,"15,1215","2,3984","105,011","6,9445","-3,9062"
2026 02 02 09:39:33:563,-3.9675,-6.70125,"0,283",14,2,"15,1215","2,3984","105,011","6,9445","-39,0625"
2026 02 02 09:39:33:565,-3.9985,-6.78875,"0,283",14,2,"15,1215","2,3984","105,011","6,9445","3,9063"
2026 02 02 09:39:33:567,-3.9675,-6.78875,"0,283",14,2,"15,1215","2,3984","105,011","6,9445","23,4375"
2026 02 02 09:39:33:569,-3.9334,-6.78875,"0,283",14,2,"15,1215","2,3984","105,011","6,9445","35,1563"
2026 02 02 09:39:33:571,-3.9675,-6.78875,"0,283",14,2,"15,1215","2,3984","105,011","6,9445","35,1563"
2026 02 02 09:39:33:573,-3.9675,-6.78875,"0,283",14,2,"15,1215","2,3984","105,011","6,9445","35,1563"
2026 02 02 09:39:33:575,-3.9675,-6.78875,"0,283",14,2,"15,1215","2,3984","105,011","6,9445","-19,5312"
2026 02 02 09:39:33:577,-3.9334,-6.78875,"0,283",14,2,"15,1215","2,3984","105,011","6,9445","-35,1562"
2026 02 02 09:39:33:579,-3.9985,-6.70125,"0,283",14,2,"15,1215","2,3984","105,011","6,9445","-3,9062"
2026 02 02 09:39:33:581,-3.9675,-6.87625,"0,283",14,2,"15,1215","2,3984","105,011","6,9445","35,1563"
2026 02 02 09:39:33:583,-3.9334,-6.78875,"0,283",14,2,"15,1215","2,3984","105,011","6,9445","66,4063"
2026 02 02 09:39:33:585,-3.9675,-6.78875,"0,283",14,2,"15,1215","2,3984","105,011","6,9445","70,3125"
2026 02 02 09:39:33:587,-3.9675,-6.78875,"0,283",14,2,"15,1215","2,3984","105,011","6,9445","62,5"
2026 02 02 09:39:33:589,-3.9985,-6.78875,"0,283",14,2,"15,1215","2,3984","105,011","6,9445",0
2026 02 02 09:39:33:591,-3.9985,-6.78875,"0,283",14,2,"15,1215","2,3984","105,011","6,9445","-39,0625"
2026 02 02 09:39:33:593,-3.9675,-6.78875,"0,283",14,2,"15,1215","2,3984","105,011","6,9445","-39,0625"
2026 02 02 09:39:33:595,-3.9334,-6.87625,"0,283",14,2,"15,1215","2,3984","105,011","6,9445","-31,25"
2026 02 02 09:39:33:597,-3.9675,-6.70125,"0,283",14,2,"15,1215","2,3984","105,011","6,9445","7,8125"
2026 02 02 09:39:33:599,-3.9334,-6.70125,"0,283",14,2,"15,1215","2,3984","105,011","6,9445","62,5"
2026 02 02 09:39:33:601,-3.9675,-6.78875,"0,283",14,2,"15,1215","2,3984","105,011","6,9445","62,5"
2026 02 02 09:39:33:603,-3.9985,-6.78875,"0,283",14,2,"15,1215","2,3984","105,011","6,9445","27,3438"
2026 02 02 09:39:33:605,-3.9985,-6.78875,"0,283",14,2,"15,1215","2,3984","105,011","6,9445","62,5"
2026 02 02 09:39:33:607,-3.9675,-6.87625,"0,283",14,2,"15,1215","2,3984","105,011","6,9445","-15,625"
2026 02 02 09:39:33:609,-3.9675,-6.70125,"0,283",14,2,"15,1215","2,3984","105,011","6,9445","-7,8125"
2026 02 02 09:39:33:611,-3.9675,-6.87625,"0,283",14,2,"15,1215","2,3984","105,011","6,9445","19,5313"
2026 02 02 09:39:33:613,-3.9675,-6.78875,"0,297",26,3,"26,1993","0,663","104,3091","3,9814","39,0625"
2026 02 02 09:39:33:615,-3.9675,-6.70125,"0,297",26,3,"26,1993","0,663","104,3091","3,9814","19,5313"
2026 02 02 09:39:33:617,-3.9675,-6.70125,"0,297",26,3,"26,1993","0,663","104,3091","3,9814","23,4375"
2026 02 02 09:39:33:619,-3.9675,-6.78875,"0,297",26,3,"26,1993","0,663","104,3091","3,9814","42,9688"
2026 02 02 09:39:33:621,-3.9675,-6.78875,"0,297",26,3,"26,1993","0,663","104,3091","3,9814","15,625"
2026 02 02 09:39:33:623,-3.9985,-6.78875,"0,297",26,3,"26,1993","0,663","104,3091","3,9814","-3,9062"
2026 02 02 09:39:33:625,-3.9675,-6.78875,"0,297",26,3,"26,1993","0,663","104,3091","3,9814","27,3438"
2026 02 02 09:39:33:627,-3.9675,-6.70125,"0,297",26,3,"26,1993","0,663","104,3091","3,9814","19,5313"
2026 02 02 09:39:33:629,-3.9985,-6.78875,"0,297",26,3,"26,1993","0,663","104,3091","3,9814","11,7188"
2026 02 02 09:39:33:631,-3.9675,-6.78875,"0,297",26,3,"26,1993","0,663","104,3091","3,9814","39,0625"
2026 02 02 09:39:33:633,-3.9334,-6.78875,"0,297",26,3,"26,1993","0,663","104,3091","3,9814","19,5313"
2026 02 02 09:39:33:635,-3.9985,-6.70125,"0,297",26,3,"26,1993","0,663","104,3091","3,9814","35,1563"
2026 02 02 09:39:33:637,-3.9985,-6.78875,"0,297",26,3,"26,1993","0,663","104,3091","3,9814","35,1563"
2026 02 02 09:39:33:639,-3.9675,-6.78875,"0,297",26,3,"26,1993","0,663","104,3091","3,9814",0
2026 02 02 09:39:33:641,-3.9675,-6.70125,"0,297",26,3,"26,1993","0,663","104,3091","3,9814","3,9063"
2026 02 02 09:39:33:643,-3.9675,-6.70125,"0,297",26,3,"26,1993","0,663","104,3091","3,9814","-35,1562"
2026 02 02 09:39:33:645,-3.9985,-6.78875,"0,297",26,3,"26,1993","0,663","104,3091","3,9814","23,4375"
2026 02 02 09:39:33:647,-3.9675,-6.78875,"0,297",26,3,"26,1993","0,663","104,3091","3,9814","58,5938"
2026 02 02 09:39:33:649,-3.9334,-6.70125,"0,297",26,3,"26,1993","0,663","104,3091","3,9814","46,875"
2026 02 02 09:39:33:651,-3.9675,-6.78875,"0,297",26,3,"26,1993","0,663","104,3091","3,9814","31,25"
2026 02 02 09:39:33:653,-3.9334,-6.70125,"0,297",26,3,"26,1993","0,663","104,3091","3,9814","39,0625"
2026 02 02 09:39:33:655,-3.9334,-6.87625,"0,297",26,3,"26,1993","0,663","104,3091","3,9814","19,5313"
2026 02 02 09:39:33:657,-3.9675,-6.78875,"0,297",26,3,"26,1993","0,663","104,3091","3,9814","-11,7187"
2026 02 02 09:39:33:659,-3.9675,-6.70125,"0,297",26,3,"26,1993","0,663","104,3091","3,9814","-19,5312"
2026 02 02 09:39:33:661,-3.9675,-6.70125,"0,297",26,3,"26,1993","0,663","104,3091","3,9814","19,5313"
2026 02 02 09:39:33:663,-3.9334,-6.70125,"0,297",26,3,"26,1993","0,663","104,3091","3,9814","54,6875"
2026 02 02 09:39:33:665,-3.9675,-6.70125,"0,297",26,3,"26,1993","0,663","104,3091","3,9814","70,3125"
2026 02 02 09:39:33:667,-3.9985,-6.78875,"0,297",26,3,"26,1993","0,663","104,3091","3,9814","82,0313"
2026 02 02 09:39:33:669,-3.9675,-6.78875,"0,297",26,3,"26,1993","0,663","104,3091","3,9814","19,5313"
2026 02 02 09:39:33:671,-3.9334,-6.70125,"0,297",26,3,"26,1993","0,663","104,3091","3,9814","-42,9687"
2026 02 02 09:39:33:673,-3.9334,-6.78875,"0,297",26,3,"26,1993","0,663","104,3091","3,9814","-42,9687"
2026 02 02 09:39:33:675,-3.9675,-6.78875,"0,297",26,3,"26,1993","0,663","104,3091","3,9814","-23,4375"
2026 02 02 09:39:33:677,-3.9675,-6.78875,"0,297",26,3,"26,1993","0,663","104,3091","3,9814","-3,9062"
2026 02 02 09:39:33:679,-3.9675,-6.78875,"0,297",26,3,"26,1993","0,663","104,3091","3,9814","42,9688"
2026 02 02 09:39:33:681,-3.9675,-6.78875,"0,297",26,3,"26,1993","0,663","104,3091","3,9814","93,75"
2026 02 02 09:39:33:683,-3.9675,-6.78875,"0,297",26,3,"26,1993","0,663","104,3091","3,9814","54,6875"
2026 02 02 09:39:33:685,-3.9675,-6.78875,"0,297",26,3,"26,1993","0,663","104,3091","3,9814","54,6875"
2026 02 02 09:39:33:687,-3.9334,-6.70125,"0,297",26,3,"26,1993","0,663","104,3091","3,9814","35,1563"
2026 02 02 09:39:33:689,-3.9334,-6.78875,"0,297",26,3,"26,1993","0,663","104,3091","3,9814","23,4375"
2026 02 02 09:39:33:691,-3.9675,-6.78875,"0,297",26,3,"26,1993","0,663","104,3091","3,9814","-35,1562"
2026 02 02 09:39:33:693,-3.9334,-6.78875,"0,297",26,3,"26,1993","0,663","104,3091","3,9814","-3,9062"
2026 02 02 09:39:33:695,-3.9334,-6.78875,"0,297",26,3,"26,1993","0,663","104,3091","3,9814","35,1563"
2026 02 02 09:39:33:697,-3.9985,-6.78875,"0,297",26,3,"26,1993","0,663","104,3091","3,9814","11,7188"
2026 02 02 09:39:33:699,-3.9675,-6.78875,"0,297",26,3,"26,1993","0,663","104,3091","3,9814","11,7188"
2026 02 02 09:39:33:701,-3.9985,-6.78875,"0,297",26,3,"26,1993","0,663","104,3091","3,9814","50,7813"
2026 02 02 09:39:33:703,-3.9675,-6.70125,"0,297",26,3,"26,1993","0,663","104,3091","3,9814","19,5313"
2026 02 02 09:39:33:705,-3.9675,-6.70125,"0,297",26,3,"26,1993","0,663","104,3091","3,9814","-3,9062"
2026 02 02 09:39:33:707,-3.9675,-6.78875,"0,297",26,3,"26,1993","0,663","104,3091","3,9814","54,6875"
2026 02 02 09:39:33:709,-3.9675,-6.70125,"0,297",26,3,"26,1993","0,663","104,3091","3,9814","19,5313"
2026 02 02 09:39:33:711,-3.9675,-6.70125,"0,297",26,3,"26,1993","0,663","104,3091","3,9814","-7,8125"
2026 02 02 09:39:33:713,-3.9334,-6.78875,"0,297",26,3,"26,1993","0,663","104,3091","3,9814","70,3125"
2026 02 02 09:39:33:715,-3.9675,-6.78875,"0,297",26,3,"26,1993","0,663","104,3091","3,9814","78,125"
2026 02 02 09:39:33:717,-3.9675,-6.78875,"0,297",26,3,"26,1993","0,663","104,3091","3,9814","50,7813"
2026 02 02 09:39:33:719,-3.9675,-6.78875,"0,297",26,3,"26,1993","0,663","104,3091","3,9814","31,25"
2026 02 02 09:39:33:721,-3.9675,-6.70125,"0,297",26,3,"26,1993","0,663","104,3091","3,9814","39,0625"
2026 02 02 09:39:33:723,-3.9334,-6.70125,"0,297",26,3,"26,1993","0,663","104,3091","3,9814","-27,3437"
2026 02 02 09:39:33:725,-3.9675,-6.78875,"0,297",26,3,"26,1993","0,663","104,3091","3,9814","-19,5312"
2026 02 02 09:39:33:727,-3.9675,-6.78875,"0,297",26,3,"26,1993","0,663","104,3091","3,9814","35,1563"
2026 02 02 09:39:33:729,-3.9675,-6.70125,"0,297",26,3,"26,1993","0,663","104,3091","3,9814","15,625"
2026 02 02 09:39:33:731,-3.9675,-6.78875,"0,297",26,3,"26,1993","0,663","104,3091","3,9814","19,5313"
2026 02 02 09:39:33:733,-3.9675,-6.78875,"0,297",26,3,"26,1993","0,663","104,3091","3,9814","39,0625"
2026 02 02 09:39:33:735,-3.9985,-6.78875,"0,297",26,3,"26,1993","0,663","104,3091","3,9814","82,0313"
2026 02 02 09:39:33:737,-3.9675,-6.78875,"0,297",26,3,"26,1993","0,663","104,3091","3,9814","11,7188"
2026 02 02 09:39:33:739,-3.9675,-6.70125,"0,297",26,3,"26,1993","0,663","104,3091","3,9814","-23,4375"
2026 02 02 09:39:33:741,-3.9675,-6.70125,"0,297",26,3,"26,1993","0,663","104,3091","3,9814","19,5313"
2026 02 02 09:39:33:743,-3.9675,-6.70125,"0,297",26,3,"26,1993","0,663","104,3091","3,9814","7,8125"
2026 02 02 09:39:33:745,-3.9675,-6.70125,"0,297",26,3,"26,1993","0,663","104,3091","3,9814","74,2188"
2026 02 02 09:39:33:747,-3.9985,-6.70125,"0,297",26,3,"26,1993","0,663","104,3091","3,9814","113,2813"
2026 02 02 09:39:33:749,-3.9334,-6.70125,"0,297",26,3,"26,1993","0,663","104,3091","3,9814","78,125"
2026 02 02 09:39:33:751,-3.9675,-6.70125,"0,297",26,3,"26,1993","0,663","104,3091","3,9814",0
2026 02 02 09:39:33:753,-3.9985,-6.70125,"0,297",26,3,"26,1993","0,663","104,3091","3,9814","-15,625"
2026 02 02 09:39:33:755,-3.9675,-6.78875,"0,297",26,3,"26,1993","0,663","104,3091","3,9814","-7,8125"
2026 02 02 09:39:33:757,-3.9985,-6.70125,"0,297",26,3,"26,1993","0,663","104,3091","3,9814","-27,3437"
2026 02 02 09:39:33:759,-3.9675,-6.70125,"0,297",26,3,"26,1993","0,663","104,3091","3,9814","-3,9062"
2026 02 02 09:39:33:761,-3.9675,-6.78875,"0,297",26,3,"26,1993","0,663","104,3091","3,9814","42,9688"
2026 02 02 09:39:33:763,-3.9675,-6.78875,"0,297",26,3,"26,1993","0,663","104,3091","3,9814","42,9688"
2026 02 02 09:39:33:765,-3.9675,-6.78875,"0,297",26,3,"26,1993","0,663","104,3091","3,9814","78,125"
2026 02 02 09:39:33:767,-3.9675,-6.78875,"0,297",26,3,"26,1993","0,663","104,3091","3,9814","85,9375"
2026 02 02 09:39:33:769,-3.9985,-6.78875,"0,297",26,3,"26,1993","0,663","104,3091","3,9814","35,1563"
2026 02 02 09:39:33:771,-3.9675,-6.70125,"0,297",26,3,"26,1993","0,663","104,3091","3,9814","-7,8125"
2026 02 02 09:39:33:773,-3.9675,-6.78875,"0,297",26,3,"26,1993","0,663","104,3091","3,9814","7,8125"
2026 02 02 09:39:33:775,-3.9675,-6.70125,"0,297",26,3,"26,1993","0,663","104,3091","3,9814","35,1563"
2026 02 02 09:39:33:777,-3.9675,-6.78875,"0,297",26,3,"26,1993","0,663","104,3091","3,9814","23,4375"
2026 02 02 09:39:33:779,-3.9675,-6.78875,"0,297",26,3,"26,1993","0,663","104,3091","3,9814","39,0625"
2026 02 02 09:39:33:781,-3.9675,-6.70125,"0,297",26,3,"26,1993","0,663","104,3091","3,9814","70,3125"
2026 02 02 09:39:33:783,-3.9985,-6.78875,"0,297",26,3,"26,1993","0,663","104,3091","3,9814","50,7813"
2026 02 02 09:39:33:785,-3.9675,-6.78875,"0,297",26,3,"26,1993","0,663","104,3091","3,9814","35,1563"
2026 02 02 09:39:33:787,-3.9334,-6.70125,"0,297",26,3,"26,1993","0,663","104,3091","3,9814","54,6875"
2026 02 02 09:39:33:789,-3.9985,-6.78875,"0,297",26,3,"26,1993","0,663","104,3091","3,9814","42,9688"
2026 02 02 09:39:33:791,-3.9675,-6.78875,"0,297",26,3,"26,1993","0,663","104,3091","3,9814","-27,3437"
2026 02 02 09:39:33:793,-3.9985,-6.70125,"0,297",26,3,"26,1993","0,663","104,3091","3,9814","31,25"
2026 02 02 09:39:33:795,-3.9675,-6.78875,"0,297",26,3,"26,1993","0,663","104,3091","3,9814","46,875"
2026 02 02 09:39:33:797,-3.9985,-6.70125,"0,297",26,3,"26,1993","0,663","104,3091","3,9814","54,6875"
2026 02 02 09:39:33:799,-3.9675,-6.78875,"0,297",26,3,"26,1993","0,663","104,3091","3,9814","74,2188"
2026 02 02 09:39:33:801,-3.9675,-6.78875,"0,297",26,3,"26,1993","0,663","104,3091","3,9814","39,0625"
2026 02 02 09:39:33:803,-3.9985,-6.78875,"0,297",26,3,"26,1993","0,663","104,3091","3,9814","27,3438"
2026 02 02 09:39:33:805,-3.9334,-6.70125,"0,297",26,3,"26,1993","0,663","104,3091","3,9814","-7,8125"
2026 02 02 09:39:33:807,-3.9675,-6.78875,"0,297",26,3,"26,1993","0,663","104,3091","3,9814","3,9063"
2026 02 02 09:39:33:809,-3.9675,-6.78875,"0,297",26,3,"26,1993","0,663","104,3091","3,9814","58,5938"
2026 02 02 09:39:33:811,-3.9675,-6.70125,"0,297",26,3,"26,1993","0,663","104,3091","3,9814",0
2026 02 02 09:39:33:813,-3.9675,-6.70125,"0,297",26,3,"26,1993","0,663","104,3091","3,9814","42,9688"
2026 02 02 09:39:33:815,-3.9675,-6.78875,"0,297",26,3,"26,1993","0,663","104,3091","3,9814","101,5625"
2026 02 02 09:39:33:817,-3.9675,-6.70125,"0,297",26,3,"26,1993","0,663","104,3091","3,9814","66,4063"
2026 02 02 09:39:33:819,-3.9675,-6.78875,"0,297",26,3,"26,1993","0,663","104,3091","3,9814","-3,9062"
2026 02 02 09:39:33:821,-3.9675,-6.87625,"0,297",26,3,"26,1993","0,663","104,3091","3,9814","42,9688"
2026 02 02 09:39:33:823,-3.9675,-6.78875,"0,297",26,3,"26,1993","0,663","104,3091","3,9814","3,9063"
2026 02 02 09:39:33:825,-3.9334,-6.78875,"0,297",26,3,"26,1993","0,663","104,3091","3,9814","39,0625"
2026 02 02 09:39:33:827,-3.9675,-6.70125,"0,297",26,3,"26,1993","0,663","104,3091","3,9814","54,6875"
2026 02 02 09:39:33:829,-3.9675,-6.70125,"0,297",26,3,"26,1993","0,663","104,3091","3,9814","62,5"
2026 02 02 09:39:33:831,-3.9675,-6.87625,"0,297",26,3,"26,1993","0,663","104,3091","3,9814","35,1563"
2026 02 02 09:39:33:833,-3.9334,-6.87625,"0,297",26,3,"26,1993","0,663","104,3091","3,9814","-3,9062"
2026 02 02 09:39:33:835,-3.9675,-6.78875,"0,297",26,3,"26,1993","0,663","104,3091","3,9814","42,9688"
2026 02 02 09:39:33:837,-3.9675,-6.87625,"0,297",26,3,"26,1993","0,663","104,3091","3,9814","-3,9062"
2026 02 02 09:39:33:839,-3.9334,-6.78875,"0,297",26,3,"26,1993","0,663","104,3091","3,9814","3,9063"
2026 02 02 09:39:33:841,-3.9675,-6.78875,"0,297",26,3,"26,1993","0,663","104,3091","3,9814","66,4063"
2026 02 02 09:39:33:843,-3.9675,-6.78875,"0,297",26,3,"26,1993","0,663","104,3091","3,9814","82,0313"
2026 02 02 09:39:33:845,-3.9675,-6.78875,"0,297",26,3,"26,1993","0,663","104,3091","3,9814","74,2188"
2026 02 02 09:39:33:847,-3.9985,-6.78875,"0,297",26,3,"26,1993","0,663","104,3091","3,9814","93,75"
2026 02 02 09:39:33:849,-3.9675,-6.78875,"0,297",26,3,"26,1993","0,663","104,3091","3,9814","97,6563"
2026 02 02 09:39:33:851,-3.9675,-6.87625,"0,297",26,3,"26,1993","0,663","104,3091","3,9814","-15,625"
2026 02 02 09:39:33:853,-3.9675,-6.78875,"0,297",26,3,"26,1993","0,663","104,3091","3,9814","27,3438"
2026 02 02 09:39:33:855,-3.9985,-6.70125,"0,297",26,3,"26,1993","0,663","104,3091","3,9814","11,7188"
2026 02 02 09:39:33:857,-3.9675,-6.70125,"0,297",26,3,"26,1993","0,663","104,3091","3,9814","46,875"
2026 02 02 09:39:33:859,-3.9675,-6.78875,"0,297",26,3,"26,1993","0,663","104,3091","3,9814","-23,4375"
2026 02 02 09:39:33:861,-3.9334,-6.78875,"0,297",26,3,"26,1993","0,663","104,3091","3,9814","31,25"
2026 02 02 09:39:33:863,-3.9675,-6.78875,"0,297",26,3,"26,1993","0,663","104,3091","3,9814","39,0625"
2026 02 02 09:39:33:865,-3.9985,-6.78875,"0,297",26,3,"26,1993","0,663","104,3091","3,9814","66,4063"
2026 02 02 09:39:33:867,-3.9675,-6.78875,"0,297",26,3,"26,1993","0,663","104,3091","3,9814","42,9688"
2026 02 02 09:39:33:869,-3.9675,-6.87625,"0,297",26,3,"26,1993","0,663","104,3091","3,9814","78,125"
2026 02 02 09:39:33:871,-3.9675,-6.78875,"0,297",26,3,"26,1993","0,663","104,3091","3,9814",0
2026 02 02 09:39:33:873,-3.9675,-6.78875,"0,297",26,3,"26,1993","0,663","104,3091","3,9814",0
2026 02 02 09:39:33:875,-3.9334,-6.78875,"0,297",26,3,"26,1993","0,663","104,3091","3,9814","78,125"
2026 02 02 09:39:33:877,-3.9985,-6.78875,"0,297",26,3,"26,1993","0,663","104,3091","3,9814","85,9375"
2026 02 02 09:39:33:879,-3.9675,-6.78875,"0,297",26,3,"26,1993","0,663","104,3091","3,9814","62,5"
2026 02 02 09:39:33:881,-3.9675,-6.87625,"0,297",26,3,"26,1993","0,663","104,3091","3,9814","109,375"
2026 02 02 09:39:33:883,-3.9985,-6.87625,"0,297",26,3,"26,1993","0,663","104,3091","3,9814","50,7813"
2026 02 02 09:39:33:885,-3.9675,-6.78875,"0,297",26,3,"26,1993","0,663","104,3091","3,9814","19,5313"
2026 02 02 09:39:33:887,-3.9675,-6.78875,"0,297",26,3,"26,1993","0,663","104,3091","3,9814","15,625"
2026 02 02 09:39:33:889,-3.9675,-6.78875,"0,297",26,3,"26,1993","0,663","104,3091","3,9814","11,7188"
2026 02 02 09:39:33:891,-3.9675,-6.78875,"0,297",26,3,"26,1993","0,663","104,3091","3,9814","-15,625"
2026 02 02 09:39:33:893,-3.9675,-6.78875,"0,297",26,3,"26,1993","0,663","104,3091","3,9814","15,625"
2026 02 02 09:39:33:895,-3.9675,-6.70125,"0,297",26,3,"26,1993","0,663","104,3091","3,9814","70,3125"
2026 02 02 09:39:33:897,-3.9334,-6.78875,"0,297",26,3,"26,1993","0,663","104,3091","3,9814","121,0938"
2026 02 02 09:39:33:899,-3.9675,-6.70125,"0,297",26,3,"26,1993","0,663","104,3091","3,9814","19,5313"
2026 02 02 09:39:33:901,-3.9675,-6.78875,"0,297",26,3,"26,1993","0,663","104,3091","3,9814","58,5938"
2026 02 02 09:39:33:903,-3.9675,-6.78875,"0,297",26,3,"26,1993","0,663","104,3091","3,9814","42,9688"
2026 02 02 09:39:33:905,-3.9675,-6.70125,"0,297",26,3,"26,1993","0,663","104,3091","3,9814","35,1563"
2026 02 02 09:39:33:907,-3.9334,-6.78875,"0,297",26,3,"26,1993","0,663","104,3091","3,9814","85,9375"
2026 02 02 09:39:33:909,-3.9675,-6.70125,"0,297",26,3,"26,1993","0,663","104,3091","3,9814","82,0313"
2026 02 02 09:39:33:911,-3.9675,-6.78875,"0,423",32,5,"32,2113","-0,3807","99,7772","3,0976","35,1563"
2026 02 02 09:39:33:913,-3.9985,-6.78875,"0,423",32,5,"32,2113","-0,3807","99,7772","3,0976","46,875"
2026 02 02 09:39:33:915,-3.9334,-6.78875,"0,423",32,5,"32,2113","-0,3807","99,7772","3,0976","42,9688"
2026 02 02 09:39:33:917,-3.9985,-6.78875,"0,423",32,5,"32,2113","-0,3807","99,7772","3,0976","15,625"
2026 02 02 09:39:33:919,-3.9675,-6.70125,"0,423",32,5,"32,2113","-0,3807","99,7772","3,0976","-27,3437"
2026 02 02 09:39:33:921,-3.9675,-6.78875,"0,423",32,5,"32,2113","-0,3807","99,7772","3,0976","54,6875"
2026 02 02 09:39:33:923,-3.9675,-6.78875,"0,423",32,5,"32,2113","-0,3807","99,7772","3,0976","42,9688"
2026 02 02 09:39:33:925,-3.9675,-6.78875,"0,423",32,5,"32,2113","-0,3807","99,7772","3,0976","46,875"
2026 02 02 09:39:33:927,-3.9675,-6.87625,"0,423",32,5,"32,2113","-0,3807","99,7772","3,0976","74,2188"
2026 02 02 09:39:33:929,-3.9675,-6.78875,"0,423",32,5,"32,2113","-0,3807","99,7772","3,0976","109,375"
2026 02 02 09:39:33:931,-3.9675,-6.70125,"0,423",32,5,"32,2113","-0,3807","99,7772","3,0976","39,0625"
2026 02 02 09:39:33:933,-3.9675,-6.70125,"0,423",32,5,"32,2113","-0,3807","99,7772","3,0976","42,9688"
2026 02 02 09:39:33:935,-3.9675,-6.78875,"0,423",32,5,"32,2113","-0,3807","99,7772","3,0976","66,4063"
2026 02 02 09:39:33:937,-3.9675,-6.78875,"0,423",32,5,"32,2113","-0,3807","99,7772","3,0976","31,25"
2026 02 02 09:39:33:939,-3.9675,-6.78875,"0,423",32,5,"32,2113","-0,3807","99,7772","3,0976","19,5313"
2026 02 02 09:39:33:941,-3.9985,-6.70125,"0,423",32,5,"32,2113","-0,3807","99,7772","3,0976","46,875"
2026 02 02 09:39:33:943,-3.9675,-6.78875,"0,423",32,5,"32,2113","-0,3807","99,7772","3,0976","46,875"
2026 02 02 09:39:33:945,-3.9675,-6.78875,"0,423",32,5,"32,2113","-0,3807","99,7772","3,0976","70,3125"
2026 02 02 09:39:33:947,-3.9675,-6.78875,"0,423",32,5,"32,2113","-0,3807","99,7772","3,0976","78,125"
2026 02 02 09:39:33:949,-3.9675,-6.70125,"0,423",32,5,"32,2113","-0,3807","99,7772","3,0976","109,375"
2026 02 02 09:39:33:951,-3.9985,-6.78875,"0,423",32,5,"32,2113","-0,3807","99,7772","3,0976","23,4375"
2026 02 02 09:39:33:953,-3.9675,-6.78875,"0,423",32,5,"32,2113","-0,3807","99,7772","3,0976","15,625"
2026 02 02 09:39:33:955,-3.9675,-6.78875,"0,423",32,5,"32,2113","-0,3807","99,7772","3,0976","74,2188"
2026 02 02 09:39:33:957,-3.9334,-6.70125,"0,423",32,5,"32,2113","-0,3807","99,7772","3,0976","35,1563"
2026 02 02 09:39:33:959,-3.9334,-6.78875,"0,423",32,5,"32,2113","-0,3807","99,7772","3,0976","27,3438"
2026 02 02 09:39:33:961,-3.9675,-6.70125,"0,423",32,5,"32,2113","-0,3807","99,7772","3,0976","101,5625"
2026 02 02 09:39:33:963,-3.9985,-6.70125,"0,423",32,5,"32,2113","-0,3807","99,7772","3,0976","46,875"
2026 02 02 09:39:33:965,-3.9334,-6.78875,"0,423",32,5,"32,2113","-0,3807","99,7772","3,0976","85,9375"
2026 02 02 09:39:33:967,-3.9675,-6.78875,"0,423",32,5,"32,2113","-0,3807","99,7772","3,0976","50,7813"
2026 02 02 09:39:33:969,-3.9675,-6.78875,"0,423",32,5,"32,2113","-0,3807","99,7772","3,0976","31,25"
2026 02 02 09:39:33:971,-3.9675,-6.70125,"0,423",32,5,"32,2113","-0,3807","99,7772","3,0976","15,625"
2026 02 02 09:39:33:973,-3.9675,-6.78875,"0,423",32,5,"32,2113","-0,3807","99,7772","3,0976","39,0625"
2026 02 02 09:39:33:975,-3.9334,-6.78875,"0,423",32,5,"32,2113","-0,3807","99,7772","3,0976","39,0625"
2026 02 02 09:39:33:977,-3.9675,-6.78875,"0,423",32,5,"32,2113","-0,3807","99,7772","3,0976","109,375"
2026 02 02 09:39:33:979,-3.9675,-6.70125,"0,423",32,5,"32,2113","-0,3807","99,7772","3,0976","35,1563"
2026 02 02 09:39:33:981,-3.9675,-6.78875,"0,423",32,5,"32,2113","-0,3807","99,7772","3,0976","46,875"
2026 02 02 09:39:33:983,-3.9675,-6.70125,"0,423",32,5,"32,2113","-0,3807","99,7772","3,0976","74,2188"
2026 02 02 09:39:33:985,-3.9334,-6.78875,"0,423",32,5,"32,2113","-0,3807","99,7772","3,0976","31,25"
2026 02 02 09:39:33:987,-3.9675,-6.78875,"0,423",32,5,"32,2113","-0,3807","99,7772","3,0976","85,9375"
2026 02 02 09:39:33:989,-3.9675,-6.78875,"0,423",32,5,"32,2113","-0,3807","99,7772","3,0976","50,7813"
2026 02 02 09:39:33:991,-3.9675,-6.70125,"0,423",32,5,"32,2113","-0,3807","99,7772","3,0976","-3,9062"
2026 02 02 09:39:33:993,-3.9675,-6.78875,"0,423",32,5,"32,2113","-0,3807","99,7772","3,0976","62,5"
2026 02 02 09:39:33:995,-3.9675,-6.78875,"0,423",32,5,"32,2113","-0,3807","99,7772","3,0976","42,9688"
2026 02 02 09:39:33:997,-3.9675,-6.78875,"0,423",32,5,"32,2113","-0,3807","99,7772","3,0976","27,3438"
2026 02 02 09:39:33:999,-3.9675,-6.78875,"0,423",32,5,"32,2113","-0,3807","99,7772","3,0976","46,875"
2026 02 02 09:39:34:001,-3.9675,-6.78875,"0,423",32,5,"32,2113","-0,3807","99,7772","3,0976","35,1563"
2026 02 02 09:39:34:003,-3.9675,-6.78875,"0,423",32,5,"32,2113","-0,3807","99,7772","3,0976","15,625"
2026 02 02 09:39:34:005,-3.9675,-6.78875,"0,423",32,5,"32,2113","-0,3807","99,7772","3,0976","144,5313"
2026 02 02 09:39:34:007,-3.9985,-6.70125,"0,423",32,5,"32,2113","-0,3807","99,7772","3,0976","62,5"
2026 02 02 09:39:34:009,-3.9985,-6.78875,"0,423",32,5,"32,2113","-0,3807","99,7772","3,0976","117,1875"
2026 02 02 09:39:34:011,-3.9334,-6.70125,"0,423",32,5,"32,2113","-0,3807","99,7772","3,0976","62,5"
2026 02 02 09:39:34:013,-3.9675,-6.70125,"0,423",32,5,"32,2113","-0,3807","99,7772","3,0976","46,875"
2026 02 02 09:39:34:015,-3.9985,-6.78875,"0,423",32,5,"32,2113","-0,3807","99,7772","3,0976","66,4063"
2026 02 02 09:39:34:017,-3.9675,-6.78875,"0,423",32,5,"32,2113","-0,3807","99,7772","3,0976","50,7813"
2026 02 02 09:39:34:019,-3.9675,-6.78875,"0,423",32,5,"32,2113","-0,3807","99,7772","3,0976","23,4375"
2026 02 02 09:39:34:021,-3.9675,-6.70125,"0,423",32,5,"32,2113","-0,3807","99,7772","3,0976","11,7188"
2026 02 02 09:39:34:023,-3.9675,-6.78875,"0,423",32,5,"32,2113","-0,3807","99,7772","3,0976","15,625"
2026 02 02 09:39:34:025,-3.9675,-6.78875,"0,423",32,5,"32,2113","-0,3807","99,7772","3,0976","70,3125"
2026 02 02 09:39:34:027,-3.9985,-6.78875,"0,423",32,5,"32,2113","-0,3807","99,7772","3,0976","74,2188"
2026 02 02 09:39:34:029,-3.9675,-6.78875,"0,423",32,5,"32,2113","-0,3807","99,7772","3,0976","19,5313"
2026 02 02 09:39:34:031,-3.9675,-6.78875,"0,423",32,5,"32,2113","-0,3807","99,7772","3,0976","42,9688"
2026 02 02 09:39:34:033,-3.9675,-6.78875,"0,423",32,5,"32,2113","-0,3807","99,7772","3,0976","82,0313"
2026 02 02 09:39:34:035,-3.9675,-6.87625,"0,423",32,5,"32,2113","-0,3807","99,7772","3,0976","19,5313"
2026 02 02 09:39:34:037,-3.9985,-6.78875,"0,423",32,5,"32,2113","-0,3807","99,7772","3,0976","93,75"
2026 02 02 09:39:34:039,-3.9675,-6.78875,"0,423",32,5,"32,2113","-0,3807","99,7772","3,0976","54,6875"
2026 02 02 09:39:34:041,-3.9985,-6.70125,"0,423",32,5,"32,2113","-0,3807","99,7772","3,0976","89,8438"
2026 02 02 09:39:34:043,-3.9985,-6.78875,"0,423",32,5,"32,2113","-0,3807","99,7772","3,0976","82,0313"
2026 02 02 09:39:34:045,-3.9675,-6.70125,"0,423",32,5,"32,2113","-0,3807","99,7772","3,0976","78,125"
2026 02 02 09:39:34:047,-3.9675,-6.78875,"0,423",32,5,"32,2113","-0,3807","99,7772","3,0976","42,9688"
2026 02 02 09:39:34:049,-3.9675,-6.78875,"0,423",32,5,"32,2113","-0,3807","99,7772","3,0976","54,6875"
2026 02 02 09:39:34:051,-3.9985,-6.78875,"0,423",32,5,"32,2113","-0,3807","99,7772","3,0976","3,9063"
2026 02 02 09:39:34:053,-3.9675,-6.78875,"0,423",32,5,"32,2113","-0,3807","99,7772","3,0976","39,0625"
2026 02 02 09:39:34:055,-3.9675,-6.78875,"0,423",32,5,"32,2113","-0,3807","99,7772","3,0976","-7,8125"
2026 02 02 09:39:34:057,-3.9675,-6.78875,"0,423",32,5,"32,2113","-0,3807","99,7772","3,0976","70,3125"
2026 02 02 09:39:34:059,-3.9675,-6.78875,"0,423",32,5,"32,2113","-0,3807","99,7772","3,0976","109,375"
2026 02 02 09:39:34:061,-3.9675,-6.70125,"0,423",32,5,"32,2113","-0,3807","99,7772","3,0976","62,5"
2026 02 02 09:39:34:063,-3.9334,-6.78875,"0,423",32,5,"32,2113","-0,3807","99,7772","3,0976","82,0313"
2026 02 02 09:39:34:065,-3.9675,-6.78875,"0,423",32,5,"32,2113","-0,3807","99,7772","3,0976","93,75"
2026 02 02 09:39:34:067,-3.9675,-6.70125,"0,423",32,5,"32,2113","-0,3807","99,7772","3,0976","82,0313"
2026 02 02 09:39:34:069,-3.9675,-6.78875,"0,423",32,5,"32,2113","-0,3807","99,7772","3,0976","78,125"
2026 02 02 09:39:34:071,-3.9985,-6.78875,"0,423",32,5,"32,2113","-0,3807","99,7772","3,0976","35,1563"
2026 02 02 09:39:34:073,-3.9675,-6.78875,"0,423",32,5,"32,2113","-0,3807","99,7772","3,0976","85,9375"
2026 02 02 09:39:34:075,-3.9675,-6.78875,"0,423",32,5,"32,2113","-0,3807","99,7772","3,0976","66,4063"
2026 02 02 09:39:34:077,-3.9675,-6.78875,"0,423",32,5,"32,2113","-0,3807","99,7772","3,0976","54,6875"
2026 02 02 09:39:34:079,-3.9334,-6.78875,"0,423",32,5,"32,2113","-0,3807","99,7772","3,0976","31,25"
2026 02 02 09:39:34:081,-3.9675,-6.70125,"0,423",32,5,"32,2113","-0,3807","99,7772","3,0976","27,3438"
2026 02 02 09:39:34:083,-3.9675,-6.87625,"0,423",32,5,"32,2113","-0,3807","99,7772","3,0976","23,4375"
2026 02 02 09:39:34:085,-3.9334,-6.78875,"0,423",32,5,"32,2113","-0,3807","99,7772","3,0976","117,1875"
2026 02 02 09:39:34:087,-3.9675,-6.78875,"0,423",32,5,"32,2113","-0,3807","99,7772","3,0976","31,25"
2026 02 02 09:39:34:089,-3.9675,-6.78875,"0,423",32,5,"32,2113","-0,3807","99,7772","3,0976","35,1563"
2026 02 02 09:39:34:091,-3.9985,-6.78875,"0,423",32,5,"32,2113","-0,3807","99,7772","3,0976","85,9375"
2026 02 02 09:39:34:093,-3.9985,-6.70125,"0,423",32,5,"32,2113","-0,3807","99,7772","3,0976","46,875"
2026 02 02 09:39:34:095,-3.9675,-6.78875,"0,423",32,5,"32,2113","-0,3807","99,7772","3,0976","74,2188"
2026 02 02 09:39:34:097,-3.9675,-6.78875,"0,423",32,5,"32,2113","-0,3807","99,7772","3,0976","70,3125"
2026 02 02 09:39:34:099,-3.9675,-6.78875,"0,423",32,5,"32,2113","-0,3807","99,7772","3,0976","62,5"
2026 02 02 09:39:34:101,-3.9675,-6.78875,"0,423",32,5,"32,2113","-0,3807","99,7772","3,0976","54,6875"
2026 02 02 09:39:34:103,-3.9334,-6.70125,"0,423",32,5,"32,2113","-0,3807","99,7772","3,0976","66,4063"
2026 02 02 09:39:34:105,-3.9985,-6.78875,"0,423",32,5,"32,2113","-0,3807","99,7772","3,0976","82,0313"
2026 02 02 09:39:34:107,-3.9675,-6.78875,"0,423",32,5,"32,2113","-0,3807","99,7772","3,0976","62,5"
2026 02 02 09:39:34:109,-3.9675,-6.78875,"0,423",32,5,"32,2113","-0,3807","99,7772","3,0976","66,4063"
2026 02 02 09:39:34:111,-3.9675,-6.70125,"0,423",32,5,"32,2113","-0,3807","99,7772","3,0976","42,9688"
2026 02 02 09:39:34:113,-3.9675,-6.78875,"0,423",32,5,"32,2113","-0,3807","99,7772","3,0976","109,375"
2026 02 02 09:39:34:115,-3.9675,-6.78875,"0,423",32,5,"32,2113","-0,3807","99,7772","3,0976","42,9688"
2026 02 02 09:39:34:117,-3.9985,-6.78875,"0,423",32,5,"32,2113","-0,3807","99,7772","3,0976","85,9375"
2026 02 02 09:39:34:119,-3.9675,-6.78875,"0,423",32,5,"32,2113","-0,3807","99,7772","3,0976","66,4063"
2026 02 02 09:39:34:121,-3.9675,-6.78875,"0,423",32,5,"32,2113","-0,3807","99,7772","3,0976","46,875"
2026 02 02 09:39:34:123,-3.9675,-6.78875,"0,423",32,5,"32,2113","-0,3807","99,7772","3,0976","78,125"
2026 02 02 09:39:34:125,-3.9675,-6.87625,"0,423",32,5,"32,2113","-0,3807","99,7772","3,0976","82,0313"
2026 02 02 09:39:34:127,-3.9675,-6.87625,"0,423",32,5,"32,2113","-0,3807","99,7772","3,0976","70,3125"
2026 02 02 09:39:34:129,-3.9675,-6.78875,"0,423",32,5,"32,2113","-0,3807","99,7772","3,0976","58,5938"
2026 02 02 09:39:34:131,-3.9675,-6.70125,"0,423",32,5,"32,2113","-0,3807","99,7772","3,0976","50,7813"
2026 02 02 09:39:34:133,-3.9985,-6.78875,"0,423",32,5,"32,2113","-0,3807","99,7772","3,0976","70,3125"
2026 02 02 09:39:34:135,-3.9675,-6.70125,"0,423",32,5,"32,2113","-0,3807","99,7772","3,0976","70,3125"
2026 02 02 09:39:34:137,-3.9675,-6.87625,"0,423",32,5,"32,2113","-0,3807","99,7772","3,0976","74,2188"
2026 02 02 09:39:34:139,-3.9334,-6.78875,"0,423",32,5,"32,2113","-0,3807","99,7772","3,0976","89,8438"
2026 02 02 09:39:34:141,-3.9985,-6.78875,"0,423",32,5,"32,2113","-0,3807","99,7772","3,0976","74,2188"
2026 02 02 09:39:34:143,-3.9675,-6.78875,"0,423",32,5,"32,2113","-0,3807","99,7772","3,0976","39,0625"
2026 02 02 09:39:34:145,-3.9675,-6.70125,"0,423",32,5,"32,2113","-0,3807","99,7772","3,0976","121,0938"
2026 02 02 09:39:34:147,-3.9675,-6.70125,"0,423",32,5,"32,2113","-0,3807","99,7772","3,0976","58,5938"
2026 02 02 09:39:34:149,-3.9675,-6.70125,"0,423",32,5,"32,2113","-0,3807","99,7772","3,0976","66,4063"
2026 02 02 09:39:34:151,-3.9675,-6.70125,"0,423",32,5,"32,2113","-0,3807","99,7772","3,0976","50,7813"
2026 02 02 09:39:34:153,-3.9675,-6.70125,"0,423",32,5,"32,2113","-0,3807","99,7772","3,0976","39,0625"
2026 02 02 09:39:34:155,-3.9675,-6.78875,"0,423",32,5,"32,2113","-0,3807","99,7772","3,0976","42,9688"
2026 02 02 09:39:34:157,-3.9334,-6.70125,"0,423",32,5,"32,2113","-0,3807","99,7772","3,0976","62,5"
2026 02 02 09:39:34:159,-3.9675,-6.70125,"0,423",32,5,"32,2113","-0,3807","99,7772","3,0976","39,0625"
2026 02 02 09:39:34:161,-3.9675,-6.70125,"0,423",32,5,"32,2113","-0,3807","99,7772","3,0976","78,125"
2026 02 02 09:39:34:163,-3.9675,-6.70125,"0,423",32,5,"32,2113","-0,3807","99,7772","3,0976","70,3125"
2026 02 02 09:39:34:165,-3.9675,-6.78875,"0,423",32,5,"32,2113","-0,3807","99,7772","3,0976",125
2026 02 02 09:39:34:167,-3.9334,-6.87625,"0,423",32,5,"32,2113","-0,3807","99,7772","3,0976","109,375"
2026 02 02 09:39:34:169,-3.9675,-6.87625,"0,423",32,5,"32,2113","-0,3807","99,7772","3,0976","93,75"
2026 02 02 09:39:34:171,-3.9675,-6.78875,"0,423",32,5,"32,2113","-0,3807","99,7772","3,0976","93,75"
2026 02 02 09:39:34:173,-3.9675,-6.70125,"0,423",32,5,"32,2113","-0,3807","99,7772","3,0976","85,9375"
2026 02 02 09:39:34:175,-3.9675,-6.78875,"0,423",32,5,"32,2113","-0,3807","99,7772","3,0976","66,4063"
2026 02 02 09:39:34:177,-3.9675,-6.70125,"0,423",32,5,"32,2113","-0,3807","99,7772","3,0976","89,8438"
2026 02 02 09:39:34:179,-3.9675,-6.78875,"0,423",32,5,"32,2113","-0,3807","99,7772","3,0976","58,5938"
2026 02 02 09:39:34:181,-3.9985,-6.78875,"0,423",32,5,"32,2113","-0,3807","99,7772","3,0976","46,875"
2026 02 02 09:39:34:183,-3.9675,-6.87625,"0,423",32,5,"32,2113","-0,3807","99,7772","3,0976","74,2188"
2026 02 02 09:39:34:185,-3.9675,-6.70125,"0,423",32,5,"32,2113","-0,3807","99,7772","3,0976","78,125"
2026 02 02 09:39:34:187,-3.9675,-6.70125,"0,423",32,5,"32,2113","-0,3807","99,7772","3,0976","46,875"
2026 02 02 09:39:34:189,-3.9985,-6.78875,"0,423",32,5,"32,2113","-0,3807","99,7772","3,0976","74,2188"
2026 02 02 09:39:34:191,-3.9675,-6.70125,"0,423",32,5,"32,2113","-0,3807","99,7772","3,0976","27,3438"
2026 02 02 09:39:34:193,-3.9985,-6.78875,"0,423",32,5,"32,2113","-0,3807","99,7772","3,0976","85,9375"
2026 02 02 09:39:34:195,-3.9675,-6.78875,"0,423",32,5,"32,2113","-0,3807","99,7772","3,0976","78,125"
2026 02 02 09:39:34:197,-3.9334,-6.78875,"0,423",32,5,"32,2113","-0,3807","99,7772","3,0976","74,2188"
2026 02 02 09:39:34:199,-3.9985,-6.78875,"0,423",32,5,"32,2113","-0,3807","99,7772","3,0976","89,8438"
2026 02 02 09:39:34:201,-3.9334,-6.78875,"0,423",32,5,"32,2113","-0,3807","99,7772","3,0976","89,8438"
2026 02 02 09:39:34:203,-3.9334,-6.70125,"0,423",32,5,"32,2113","-0,3807","99,7772","3,0976","132,8125"
2026 02 02 09:39:34:205,-3.9985,-6.78875,"0,423",32,5,"32,2113","-0,3807","99,7772","3,0976","105,4688"
2026 02 02 09:39:34:207,-3.9675,-6.70125,"0,423",32,5,"32,2113","-0,3807","99,7772","3,0976","58,5938"
2026 02 02 09:39:34:209,-3.9985,-6.78875,"0,423",32,5,"32,2113","-0,3807","99,7772","3,0976","42,9688"
2026 02 02 09:39:34:211,-3.9675,-6.78875,"0,609",33,6,"36,0107","-0,0619","137,1307","3,8081","27,3438"
2026 02 02 09:39:34:213,-3.9675,-6.78875,"0,609",33,6,"36,0107","-0,0619","137,1307","3,8081","46,875"
2026 02 02 09:39:34:215,-3.9675,-6.78875,"0,609",33,6,"36,0107","-0,0619","137,1307","3,8081","54,6875"
2026 02 02 09:39:34:217,-3.9985,-6.78875,"0,609",33,6,"36,0107","-0,0619","137,1307","3,8081","89,8438"
2026 02 02 09:39:34:219,-3.9985,-6.78875,"0,609",33,6,"36,0107","-0,0619","137,1307","3,8081","58,5938"
2026 02 02 09:39:34:221,-3.9675,-6.78875,"0,609",33,6,"36,0107","-0,0619","137,1307","3,8081","85,9375"
2026 02 02 09:39:34:223,-3.9675,-6.78875,"0,609",33,6,"36,0107","-0,0619","137,1307","3,8081","93,75"
2026 02 02 09:39:34:225,-3.9675,-6.78875,"0,609",33,6,"36,0107","-0,0619","137,1307","3,8081","105,4688"
2026 02 02 09:39:34:227,-3.9334,-6.78875,"0,609",33,6,"36,0107","-0,0619","137,1307","3,8081","105,4688"
2026 02 02 09:39:34:229,-3.9675,-6.78875,"0,609",33,6,"36,0107","-0,0619","137,1307","3,8081","97,6563"
2026 02 02 09:39:34:231,-3.9334,-6.78875,"0,609",33,6,"36,0107","-0,0619","137,1307","3,8081","82,0313"
2026 02 02 09:39:34:233,-3.9675,-6.61375,"0,609",33,6,"36,0107","-0,0619","137,1307","3,8081","66,4063"
2026 02 02 09:39:34:235,-3.9985,-6.70125,"0,609",33,6,"36,0107","-0,0619","137,1307","3,8081","97,6563"
2026 02 02 09:39:34:237,-3.9675,-6.78875,"0,609",33,6,"36,0107","-0,0619","137,1307","3,8081","58,5938"
2026 02 02 09:39:34:239,-3.9675,-6.78875,"0,609",33,6,"36,0107","-0,0619","137,1307","3,8081","66,4063"
2026 02 02 09:39:34:241,-3.9985,-6.78875,"0,609",33,6,"36,0107","-0,0619","137,1307","3,8081","66,4063"
2026 02 02 09:39:34:243,-3.9675,-6.78875,"0,609",33,6,"36,0107","-0,0619","137,1307","3,8081","70,3125"
2026 02 02 09:39:34:245,-3.9334,-6.78875,"0,609",33,6,"36,0107","-0,0619","137,1307","3,8081","136,7188"
2026 02 02 09:39:34:247,-3.9675,-6.70125,"0,609",33,6,"36,0107","-0,0619","137,1307","3,8081","66,4063"
2026 02 02 09:39:34:249,-3.9675,-6.70125,"0,609",33,6,"36,0107","-0,0619","137,1307","3,8081","78,125"
2026 02 02 09:39:34:251,-3.9985,-6.70125,"0,609",33,6,"36,0107","-0,0619","137,1307","3,8081","62,5"
2026 02 02 09:39:34:253,-3.9985,-6.70125,"0,609",33,6,"36,0107","-0,0619","137,1307","3,8081","58,5938"
2026 02 02 09:39:34:255,-3.9675,-6.70125,"0,609",33,6,"36,0107","-0,0619","137,1307","3,8081","66,4063"
2026 02 02 09:39:34:257,-3.9675,-6.78875,"0,609",33,6,"36,0107","-0,0619","137,1307","3,8081","58,5938"
2026 02 02 09:39:34:259,-3.9675,-6.78875,"0,609",33,6,"36,0107","-0,0619","137,1307","3,8081","82,0313"
2026 02 02 09:39:34:261,-3.9985,-6.70125,"0,609",33,6,"36,0107","-0,0619","137,1307","3,8081","58,5938"
2026 02 02 09:39:34:263,-3.9334,-6.78875,"0,609",33,6,"36,0107","-0,0619","137,1307","3,8081","54,6875"
2026 02 02 09:39:34:265,-3.9675,-6.78875,"0,609",33,6,"36,0107","-0,0619","137,1307","3,8081","85,9375"
2026 02 02 09:39:34:267,-3.9985,-6.70125,"0,609",33,6,"36,0107","-0,0619","137,1307","3,8081","93,75"
2026 02 02 09:39:34:269,-3.9334,-6.78875,"0,609",33,6,"36,0107","-0,0619","137,1307","3,8081","93,75"
2026 02 02 09:39:34:271,-3.9675,-6.78875,"0,609",33,6,"36,0107","-0,0619","137,1307","3,8081","54,6875"
2026 02 02 09:39:34:273,-3.9675,-6.78875,"0,609",33,6,"36,0107","-0,0619","137,1307","3,8081","105,4688"
2026 02 02 09:39:34:275,-3.9675,-6.78875,"0,609",33,6,"36,0107","-0,0619","137,1307","3,8081","89,8438"
2026 02 02 09:39:34:277,-3.9675,-6.78875,"0,609",33,6,"36,0107","-0,0619","137,1307","3,8081","78,125"
2026 02 02 09:39:34:279,-3.9334,-6.78875,"0,609",33,6,"36,0107","-0,0619","137,1307","3,8081","70,3125"
2026 02 02 09:39:34:281,-3.9675,-6.78875,"0,609",33,6,"36,0107","-0,0619","137,1307","3,8081","82,0313"
2026 02 02 09:39:34:283,-3.9675,-6.78875,"0,609",33,6,"36,0107","-0,0619","137,1307","3,8081","58,5938"
2026 02 02 09:39:34:285,-3.9675,-6.78875,"0,609",33,6,"36,0107","-0,0619","137,1307","3,8081","85,9375"
2026 02 02 09:39:34:287,-3.9675,-6.78875,"0,609",33,6,"36,0107","-0,0619","137,1307","3,8081","82,0313"
2026 02 02 09:39:34:289,-3.9675,-6.78875,"0,609",33,6,"36,0107","-0,0619","137,1307","3,8081","31,25"
2026 02 02 09:39:34:291,-3.9675,-6.70125,"0,609",33,6,"36,0107","-0,0619","137,1307","3,8081","58,5938"
2026 02 02 09:39:34:293,-3.9675,-6.78875,"0,609",33,6,"36,0107","-0,0619","137,1307","3,8081","78,125"
2026 02 02 09:39:34:295,-3.9675,-6.78875,"0,609",33,6,"36,0107","-0,0619","137,1307","3,8081","101,5625"
2026 02 02 09:39:34:297,-3.9675,-6.70125,"0,609",33,6,"36,0107","-0,0619","137,1307","3,8081","89,8438"
2026 02 02 09:39:34:299,-3.9675,-6.70125,"0,609",33,6,"36,0107","-0,0619","137,1307","3,8081","78,125"
2026 02 02 09:39:34:301,-3.9675,-6.78875,"0,609",33,6,"36,0107","-0,0619","137,1307","3,8081","160,1563"
2026 02 02 09:39:34:303,-3.9675,-6.70125,"0,609",33,6,"36,0107","-0,0619","137,1307","3,8081","70,3125"
2026 02 02 09:39:34:305,-3.9985,-6.87625,"0,609",33,6,"36,0107","-0,0619","137,1307","3,8081","97,6563"
2026 02 02 09:39:34:307,-3.9985,-6.78875,"0,609",33,6,"36,0107","-0,0619","137,1307","3,8081","89,8438"
2026 02 02 09:39:34:309,-3.9985,-6.70125,"0,609",33,6,"36,0107","-0,0619","137,1307","3,8081","78,125"
2026 02 02 09:39:34:311,-3.9675,-6.78875,"0,609",33,6,"36,0107","-0,0619","137,1307","3,8081","35,1563"
2026 02 02 09:39:34:313,-3.9675,-6.78875,"0,609",33,6,"36,0107","-0,0619","137,1307","3,8081","62,5"
2026 02 02 09:39:34:315,-3.9675,-6.70125,"0,609",33,6,"36,0107","-0,0619","137,1307","3,8081","31,25"
2026 02 02 09:39:34:317,-3.9675,-6.78875,"0,609",33,6,"36,0107","-0,0619","137,1307","3,8081","42,9688"
2026 02 02 09:39:34:319,-3.9675,-6.70125,"0,609",33,6,"36,0107","-0,0619","137,1307","3,8081","42,9688"
2026 02 02 09:39:34:321,-3.9675,-6.78875,"0,609",33,6,"36,0107","-0,0619","137,1307","3,8081","82,0313"
2026 02 02 09:39:34:323,-3.9675,-6.70125,"0,609",33,6,"36,0107","-0,0619","137,1307","3,8081","50,7813"
2026 02 02 09:39:34:325,-3.9334,-6.70125,"0,609",33,6,"36,0107","-0,0619","137,1307","3,8081","93,75"
2026 02 02 09:39:34:327,-3.9675,-6.78875,"0,609",33,6,"36,0107","-0,0619","137,1307","3,8081","152,3438"
2026 02 02 09:39:34:329,-3.9675,-6.78875,"0,609",33,6,"36,0107","-0,0619","137,1307","3,8081","121,0938"
2026 02 02 09:39:34:331,-3.9675,-6.78875,"0,609",33,6,"36,0107","-0,0619","137,1307","3,8081","101,5625"
2026 02 02 09:39:34:333,-3.9675,-6.78875,"0,609",33,6,"36,0107","-0,0619","137,1307","3,8081","121,0938"
2026 02 02 09:39:34:335,-3.9675,-6.78875,"0,609",33,6,"36,0107","-0,0619","137,1307","3,8081","85,9375"
2026 02 02 09:39:34:337,-3.9675,-6.70125,"0,609",33,6,"36,0107","-0,0619","137,1307","3,8081","66,4063"
2026 02 02 09:39:34:339,-3.9675,-6.78875,"0,609",33,6,"36,0107","-0,0619","137,1307","3,8081","74,2188"
2026 02 02 09:39:34:341,-3.9675,-6.78875,"0,609",33,6,"36,0107","-0,0619","137,1307","3,8081","58,5938"
2026 02 02 09:39:34:343,-3.9985,-6.78875,"0,609",33,6,"36,0107","-0,0619","137,1307","3,8081","54,6875"
2026 02 02 09:39:34:345,-3.9675,-6.78875,"0,609",33,6,"36,0107","-0,0619","137,1307","3,8081","89,8438"
2026 02 02 09:39:34:347,-3.9675,-6.70125,"0,609",33,6,"36,0107","-0,0619","137,1307","3,8081","70,3125"
2026 02 02 09:39:34:349,-3.9675,-6.78875,"0,609",33,6,"36,0107","-0,0619","137,1307","3,8081","62,5"
2026 02 02 09:39:34:351,-3.9675,-6.70125,"0,609",33,6,"36,0107","-0,0619","137,1307","3,8081","54,6875"
2026 02 02 09:39:34:353,-3.9675,-6.70125,"0,609",33,6,"36,0107","-0,0619","137,1307","3,8081","97,6563"
2026 02 02 09:39:34:355,-3.9675,-6.70125,"0,609",33,6,"36,0107","-0,0619","137,1307","3,8081","74,2188"
2026 02 02 09:39:34:357,-3.9985,-6.70125,"0,609",33,6,"36,0107","-0,0619","137,1307","3,8081","105,4688"
2026 02 02 09:39:34:359,-3.9675,-6.78875,"0,609",33,6,"36,0107","-0,0619","137,1307","3,8081","132,8125"
2026 02 02 09:39:34:361,-3.9675,-6.70125,"0,609",33,6,"36,0107","-0,0619","137,1307","3,8081","121,0938"
2026 02 02 09:39:34:363,-3.9985,-6.78875,"0,609",33,6,"36,0107","-0,0619","137,1307","3,8081","105,4688"
2026 02 02 09:39:34:365,-3.9334,-6.78875,"0,609",33,6,"36,0107","-0,0619","137,1307","3,8081","128,9063"
2026 02 02 09:39:34:367,-3.9675,-6.78875,"0,609",33,6,"36,0107","-0,0619","137,1307","3,8081","82,0313"
2026 02 02 09:39:34:369,-3.9675,-6.78875,"0,609",33,6,"36,0107","-0,0619","137,1307","3,8081","42,9688"
2026 02 02 09:39:34:371,-3.9675,-6.78875,"0,609",33,6,"36,0107","-0,0619","137,1307","3,8081","54,6875"
2026 02 02 09:39:34:373,-3.9334,-6.87625,"0,609",33,6,"36,0107","-0,0619","137,1307","3,8081","58,5938"
2026 02 02 09:39:34:375,-3.9675,-6.78875,"0,609",33,6,"36,0107","-0,0619","137,1307","3,8081","58,5938"
2026 02 02 09:39:34:377,-3.9675,-6.78875,"0,609",33,6,"36,0107","-0,0619","137,1307","3,8081","82,0313"
2026 02 02 09:39:34:379,-3.9675,-6.70125,"0,609",33,6,"36,0107","-0,0619","137,1307","3,8081","89,8438"
2026 02 02 09:39:34:381,-3.9675,-6.78875,"0,609",33,6,"36,0107","-0,0619","137,1307","3,8081","113,2813"
2026 02 02 09:39:34:383,-3.9334,-6.78875,"0,609",33,6,"36,0107","-0,0619","137,1307","3,8081","89,8438"
2026 02 02 09:39:34:385,-3.9334,-6.70125,"0,609",33,6,"36,0107","-0,0619","137,1307","3,8081","121,0938"
2026 02 02 09:39:34:387,-3.9675,-6.78875,"0,609",33,6,"36,0107","-0,0619","137,1307","3,8081","113,2813"
2026 02 02 09:39:34:389,-3.9675,-6.78875,"0,609",33,6,"36,0107","-0,0619","137,1307","3,8081","62,5"
2026 02 02 09:39:34:391,-3.9675,-6.70125,"0,609",33,6,"36,0107","-0,0619","137,1307","3,8081","78,125"
2026 02 02 09:39:34:393,-3.9675,-6.70125,"0,609",33,6,"36,0107","-0,0619","137,1307","3,8081","93,75"
2026 02 02 09:39:34:395,-3.9675,-6.78875,"0,609",33,6,"36,0107","-0,0619","137,1307","3,8081","82,0313"
2026 02 02 09:39:34:397,-3.9985,-6.87625,"0,609",33,6,"36,0107","-0,0619","137,1307","3,8081","93,75"
2026 02 02 09:39:34:399,-3.9675,-6.78875,"0,609",33,6,"36,0107","-0,0619","137,1307","3,8081","109,375"
2026 02 02 09:39:34:401,-3.9675,-6.78875,"0,609",33,6,"36,0107","-0,0619","137,1307","3,8081","54,6875"
2026 02 02 09:39:34:403,-3.9675,-6.70125,"0,609",33,6,"36,0107","-0,0619","137,1307","3,8081","101,5625"
2026 02 02 09:39:34:405,-3.9675,-6.70125,"0,609",33,6,"36,0107","-0,0619","137,1307","3,8081","101,5625"
2026 02 02 09:39:34:407,-3.9675,-6.78875,"0,609",33,6,"36,0107","-0,0619","137,1307","3,8081","109,375"
2026 02 02 09:39:34:409,-3.9334,-6.78875,"0,609",33,6,"36,0107","-0,0619","137,1307","3,8081","140,625"
2026 02 02 09:39:34:411,-3.9675,-6.78875,"0,609",33,6,"36,0107","-0,0619","137,1307","3,8081","85,9375"
2026 02 02 09:39:34:413,-3.9675,-6.78875,"0,609",33,6,"36,0107","-0,0619","137,1307","3,8081","74,2188"
2026 02 02 09:39:34:415,-3.9675,-6.87625,"0,609",33,6,"36,0107","-0,0619","137,1307","3,8081","113,2813"
2026 02 02 09:39:34:417,-3.9675,-6.70125,"0,609",33,6,"36,0107","-0,0619","137,1307","3,8081","58,5938"
2026 02 02 09:39:34:419,-3.9675,-6.78875,"0,609",33,6,"36,0107","-0,0619","137,1307","3,8081","101,5625"
2026 02 02 09:39:34:421,-3.9675,-6.78875,"0,609",33,6,"36,0107","-0,0619","137,1307","3,8081","35,1563"
2026 02 02 09:39:34:423,-3.9675,-6.78875,"0,609",33,6,"36,0107","-0,0619","137,1307","3,8081","35,1563"
2026 02 02 09:39:34:425,-3.9675,-6.70125,"0,609",33,6,"36,0107","-0,0619","137,1307","3,8081","144,5313"
2026 02 02 09:39:34:427,-3.9675,-6.78875,"0,609",33,6,"36,0107","-0,0619","137,1307","3,8081","117,1875"
2026 02 02 09:39:34:429,-3.9675,-6.70125,"0,609",33,6,"36,0107","-0,0619","137,1307","3,8081","70,3125"
2026 02 02 09:39:34:431,-3.9675,-6.78875,"0,609",33,6,"36,0107","-0,0619","137,1307","3,8081","97,6563"
2026 02 02 09:39:34:433,-3.9675,-6.78875,"0,609",33,6,"36,0107","-0,0619","137,1307","3,8081","109,375"
2026 02 02 09:39:34:435,-3.9675,-6.70125,"0,609",33,6,"36,0107","-0,0619","137,1307","3,8081","93,75"
2026 02 02 09:39:34:437,-3.9675,-6.78875,"0,609",33,6,"36,0107","-0,0619","137,1307","3,8081","132,8125"
2026 02 02 09:39:34:439,-3.9675,-6.70125,"0,609",33,6,"36,0107","-0,0619","137,1307","3,8081","70,3125"
2026 02 02 09:39:34:441,-3.9675,-6.70125,"0,609",33,6,"36,0107","-0,0619","137,1307","3,8081","74,2188"
2026 02 02 09:39:34:443,-3.9334,-6.70125,"0,609",33,6,"36,0107","-0,0619","137,1307","3,8081","128,9063"
2026 02 02 09:39:34:445,-3.9675,-6.78875,"0,609",33,6,"36,0107","-0,0619","137,1307","3,8081","89,8438"
2026 02 02 09:39:34:447,-3.9334,-6.70125,"0,609",33,6,"36,0107","-0,0619","137,1307","3,8081","89,8438"
2026 02 02 09:39:34:449,-3.9675,-6.78875,"0,609",33,6,"36,0107","-0,0619","137,1307","3,8081","58,5938"
2026 02 02 09:39:34:451,-3.9675,-6.78875,"0,609",33,6,"36,0107","-0,0619","137,1307","3,8081","54,6875"
2026 02 02 09:39:34:453,-3.9675,-6.78875,"0,609",33,6,"36,0107","-0,0619","137,1307","3,8081","97,6563"
2026 02 02 09:39:34:455,-3.9675,-6.78875,"0,609",33,6,"36,0107","-0,0619","137,1307","3,8081","15,625"
2026 02 02 09:39:34:457,-3.9675,-6.87625,"0,609",33,6,"36,0107","-0,0619","137,1307","3,8081","109,375"
2026 02 02 09:39:34:459,-3.9675,-6.70125,"0,609",33,6,"36,0107","-0,0619","137,1307","3,8081","74,2188"
2026 02 02 09:39:34:461,-3.9334,-6.70125,"0,609",33,6,"36,0107","-0,0619","137,1307","3,8081","58,5938"
2026 02 02 09:39:34:463,-3.9675,-6.70125,"0,609",33,6,"36,0107","-0,0619","137,1307","3,8081","160,1563"
2026 02 02 09:39:34:465,-3.9675,-6.78875,"0,609",33,6,"36,0107","-0,0619","137,1307","3,8081","89,8438"
2026 02 02 09:39:34:467,-3.9675,-6.78875,"0,609",33,6,"36,0107","-0,0619","137,1307","3,8081",125
2026 02 02 09:39:34:469,-3.9675,-6.78875,"0,609",33,6,"36,0107","-0,0619","137,1307","3,8081","136,7188"
2026 02 02 09:39:34:471,-3.9334,-6.78875,"0,609",33,6,"36,0107","-0,0619","137,1307","3,8081","46,875"
2026 02 02 09:39:34:473,-3.9675,-6.78875,"0,609",33,6,"36,0107","-0,0619","137,1307","3,8081",125
2026 02 02 09:39:34:475,-3.9675,-6.87625,"0,609",33,6,"36,0107","-0,0619","137,1307","3,8081","85,9375"
2026 02 02 09:39:34:477,-3.9675,-6.70125,"0,609",33,6,"36,0107","-0,0619","137,1307","3,8081","50,7813"
2026 02 02 09:39:34:479,-3.9675,-6.78875,"0,609",33,6,"36,0107","-0,0619","137,1307","3,8081","117,1875"
2026 02 02 09:39:34:481,-3.9675,-6.78875,"0,609",33,6,"36,0107","-0,0619","137,1307","3,8081","82,0313"
2026 02 02 09:39:34:483,-3.9675,-6.78875,"0,609",33,6,"36,0107","-0,0619","137,1307","3,8081","97,6563"
2026 02 02 09:39:34:485,-3.9675,-6.78875,"0,609",33,6,"36,0107","-0,0619","137,1307","3,8081","117,1875"
2026 02 02 09:39:34:487,-3.9675,-6.78875,"0,609",33,6,"36,0107","-0,0619","137,1307","3,8081","109,375"
2026 02 02 09:39:34:489,-3.9675,-6.70125,"0,609",33,6,"36,0107","-0,0619","137,1307","3,8081","121,0938"
2026 02 02 09:39:34:491,-3.9675,-6.61375,"0,609",33,6,"36,0107","-0,0619","137,1307","3,8081","93,75"
2026 02 02 09:39:34:493,-3.9675,-6.70125,"0,609",33,6,"36,0107","-0,0619","137,1307","3,8081","140,625"
2026 02 02 09:39:34:495,-3.9985,-6.70125,"0,609",33,6,"36,0107","-0,0619","137,1307","3,8081","82,0313"
2026 02 02 09:39:34:497,-3.9675,-6.70125,"0,609",33,6,"36,0107","-0,0619","137,1307","3,8081","144,5313"
2026 02 02 09:39:34:499,-3.9334,-6.70125,"0,609",33,6,"36,0107","-0,0619","137,1307","3,8081","113,2813"
2026 02 02 09:39:34:501,-3.9675,-6.78875,"0,609",33,6,"36,0107","-0,0619","137,1307","3,8081","74,2188"
2026 02 02 09:39:34:503,-3.9985,-6.70125,"0,609",33,6,"36,0107","-0,0619","137,1307","3,8081","117,1875"
2026 02 02 09:39:34:505,-3.9675,-6.78875,"0,609",33,6,"36,0107","-0,0619","137,1307","3,8081","70,3125"
2026 02 02 09:39:34:507,-3.9675,-6.78875,"0,609",33,6,"36,0107","-0,0619","137,1307","3,8081","97,6563"
2026 02 02 09:39:34:509,-3.9675,-6.78875,"0,609",33,6,"36,0107","-0,0619","137,1307","3,8081","121,0938"
2026 02 02 09:39:34:511,-3.9675,-6.78875,"0,609",33,6,"36,0107","-0,0619","137,1307","3,8081","27,3438"
2026 02 02 09:39:34:513,-3.9675,-6.78875,"0,719",34,6,"37,0483","-0,1647","128,479","3,4679","113,2813"
2026 02 02 09:39:34:515,-3.9675,-6.70125,"0,719",34,6,"37,0483","-0,1647","128,479","3,4679","128,9063"
2026 02 02 09:39:34:517,-3.9675,-6.78875,"0,719",34,6,"37,0483","-0,1647","128,479","3,4679","109,375"
2026 02 02 09:39:34:519,-3.9675,-6.78875,"0,719",34,6,"37,0483","-0,1647","128,479","3,4679","164,0625"
2026 02 02 09:39:34:521,-3.9675,-6.78875,"0,719",34,6,"37,0483","-0,1647","128,479","3,4679","121,0938"
2026 02 02 09:39:34:523,-3.9675,-6.78875,"0,719",34,6,"37,0483","-0,1647","128,479","3,4679","156,25"
2026 02 02 09:39:34:525,-3.9675,-6.70125,"0,719",34,6,"37,0483","-0,1647","128,479","3,4679","144,5313"
2026 02 02 09:39:34:527,-3.9675,-6.70125,"0,719",34,6,"37,0483","-0,1647","128,479","3,4679","132,8125"
2026 02 02 09:39:34:529,-3.9675,-6.87625,"0,719",34,6,"37,0483","-0,1647","128,479","3,4679","82,0313"
2026 02 02 09:39:34:531,-3.9675,-6.78875,"0,719",34,6,"37,0483","-0,1647","128,479","3,4679","85,9375"
2026 02 02 09:39:34:533,-3.9675,-6.70125,"0,719",34,6,"37,0483","-0,1647","128,479","3,4679","82,0313"
2026 02 02 09:39:34:535,-3.9985,-6.78875,"0,719",34,6,"37,0483","-0,1647","128,479","3,4679","93,75"
2026 02 02 09:39:34:537,-3.9675,-6.78875,"0,719",34,6,"37,0483","-0,1647","128,479","3,4679","97,6563"
2026 02 02 09:39:34:539,-3.9675,-6.78875,"0,719",34,6,"37,0483","-0,1647","128,479","3,4679","70,3125"
2026 02 02 09:39:34:541,-3.9675,-6.70125,"0,719",34,6,"37,0483","-0,1647","128,479","3,4679","136,7188"
2026 02 02 09:39:34:543,-3.9675,-6.70125,"0,719",34,6,"37,0483","-0,1647","128,479","3,4679","179,6875"
2026 02 02 09:39:34:545,-3.9675,-6.78875,"0,719",34,6,"37,0483","-0,1647","128,479","3,4679","164,0625"
2026 02 02 09:39:34:547,-3.9985,-6.78875,"0,719",34,6,"37,0483","-0,1647","128,479","3,4679","191,4063"
2026 02 02 09:39:34:549,-3.9675,-6.78875,"0,719",34,6,"37,0483","-0,1647","128,479","3,4679","156,25"
2026 02 02 09:39:34:551,-3.9675,-6.70125,"0,719",34,6,"37,0483","-0,1647","128,479","3,4679","148,4375"
2026 02 02 09:39:34:553,-3.9675,-6.70125,"0,719",34,6,"37,0483","-0,1647","128,479","3,4679","132,8125"
2026 02 02 09:39:34:555,-3.9675,-6.78875,"0,719",34,6,"37,0483","-0,1647","128,479","3,4679","113,2813"
2026 02 02 09:39:34:557,-3.9675,-6.70125,"0,719",34,6,"37,0483","-0,1647","128,479","3,4679","148,4375"
2026 02 02 09:39:34:559,-3.9985,-6.78875,"0,719",34,6,"37,0483","-0,1647","128,479","3,4679","62,5"
2026 02 02 09:39:34:561,-3.9675,-6.70125,"0,719",34,6,"37,0483","-0,1647","128,479","3,4679","97,6563"
2026 02 02 09:39:34:563,-3.9334,-6.70125,"0,719",34,6,"37,0483","-0,1647","128,479","3,4679","105,4688"
2026 02 02 09:39:34:565,-3.9675,-6.87625,"0,719",34,6,"37,0483","-0,1647","128,479","3,4679",125
2026 02 02 09:39:34:567,-3.9675,-6.87625,"0,719",34,6,"37,0483","-0,1647","128,479","3,4679","140,625"
2026 02 02 09:39:34:569,-3.9675,-6.87625,"0,719",34,6,"37,0483","-0,1647","128,479","3,4679","117,1875"
2026 02 02 09:39:34:571,-3.9675,-6.78875,"0,719",34,6,"37,0483","-0,1647","128,479","3,4679","171,875"
2026 02 02 09:39:34:573,-3.9675,-6.78875,"0,719",34,6,"37,0483","-0,1647","128,479","3,4679","156,25"
2026 02 02 09:39:34:575,-3.9675,-6.87625,"0,719",34,6,"37,0483","-0,1647","128,479","3,4679","171,875"
2026 02 02 09:39:34:577,-3.9675,-6.78875,"0,719",34,6,"37,0483","-0,1647","128,479","3,4679","156,25"
2026 02 02 09:39:34:579,-3.9675,-6.78875,"0,719",34,6,"37,0483","-0,1647","128,479","3,4679","160,1563"
2026 02 02 09:39:34:581,-3.9985,-6.78875,"0,719",34,6,"37,0483","-0,1647","128,479","3,4679","109,375"
2026 02 02 09:39:34:583,-3.9985,-6.78875,"0,719",34,6,"37,0483","-0,1647","128,479","3,4679",125
2026 02 02 09:39:34:585,-3.9675,-6.78875,"0,719",34,6,"37,0483","-0,1647","128,479","3,4679","113,2813"
2026 02 02 09:39:34:587,-3.9675,-6.78875,"0,719",34,6,"37,0483","-0,1647","128,479","3,4679","105,4688"
2026 02 02 09:39:34:589,-3.9334,-6.78875,"0,719",34,6,"37,0483","-0,1647","128,479","3,4679","113,2813"
2026 02 02 09:39:34:591,-3.9675,-6.70125,"0,719",34,6,"37,0483","-0,1647","128,479","3,4679","105,4688"
2026 02 02 09:39:34:593,-3.9334,-6.70125,"0,719",34,6,"37,0483","-0,1647","128,479","3,4679","117,1875"
2026 02 02 09:39:34:595,-3.9985,-6.70125,"0,719",34,6,"37,0483","-0,1647","128,479","3,4679","183,5938"
2026 02 02 09:39:34:597,-3.9675,-6.78875,"0,719",34,6,"37,0483","-0,1647","128,479","3,4679","167,9688"
2026 02 02 09:39:34:599,-3.9675,-6.78875,"0,719",34,6,"37,0483","-0,1647","128,479","3,4679","199,2188"
2026 02 02 09:39:34:601,-3.9334,-6.70125,"0,719",34,6,"37,0483","-0,1647","128,479","3,4679","183,5938"
2026 02 02 09:39:34:603,-3.9675,-6.70125,"0,719",34,6,"37,0483","-0,1647","128,479","3,4679","203,125"
2026 02 02 09:39:34:605,-3.9675,-6.78875,"0,719",34,6,"37,0483","-0,1647","128,479","3,4679","199,2188"
2026 02 02 09:39:34:607,-3.9675,-6.78875,"0,719",34,6,"37,0483","-0,1647","128,479","3,4679","105,4688"
2026 02 02 09:39:34:609,-3.9675,-6.78875,"0,719",34,6,"37,0483","-0,1647","128,479","3,4679","132,8125"
2026 02 02 09:39:34:611,-3.9675,-6.78875,"0,719",34,6,"37,0483","-0,1647","128,479","3,4679","66,4063"
2026 02 02 09:39:34:613,-3.9675,-6.78875,"0,719",34,6,"37,0483","-0,1647","128,479","3,4679","101,5625"
2026 02 02 09:39:34:615,-3.9675,-6.70125,"0,719",34,6,"37,0483","-0,1647","128,479","3,4679","109,375"
2026 02 02 09:39:34:617,-3.9675,-6.70125,"0,719",34,6,"37,0483","-0,1647","128,479","3,4679","160,1563"
2026 02 02 09:39:34:619,-3.9675,-6.78875,"0,719",34,6,"37,0483","-0,1647","128,479","3,4679","128,9063"
2026 02 02 09:39:34:621,-3.9334,-6.78875,"0,719",34,6,"37,0483","-0,1647","128,479","3,4679","167,9688"
2026 02 02 09:39:34:623,-3.9675,-6.70125,"0,719",34,6,"37,0483","-0,1647","128,479","3,4679","214,8438"
2026 02 02 09:39:34:625,-3.9675,-6.78875,"0,719",34,6,"37,0483","-0,1647","128,479","3,4679","238,2813"
2026 02 02 09:39:34:627,-3.9675,-6.78875,"0,719",34,6,"37,0483","-0,1647","128,479","3,4679","226,5625"
2026 02 02 09:39:34:629,-3.9675,-6.87625,"0,719",34,6,"37,0483","-0,1647","128,479","3,4679","160,1563"
2026 02 02 09:39:34:631,-3.9675,-6.70125,"0,719",34,6,"37,0483","-0,1647","128,479","3,4679","195,3125"
2026 02 02 09:39:34:633,-3.9985,-6.78875,"0,719",34,6,"37,0483","-0,1647","128,479","3,4679","140,625"
2026 02 02 09:39:34:635,-3.9985,-6.70125,"0,719",34,6,"37,0483","-0,1647","128,479","3,4679",125
2026 02 02 09:39:34:637,-3.9675,-6.78875,"0,719",34,6,"37,0483","-0,1647","128,479","3,4679","140,625"
2026 02 02 09:39:34:639,-3.9334,-6.78875,"0,719",34,6,"37,0483","-0,1647","128,479","3,4679","101,5625"
2026 02 02 09:39:34:641,-3.9675,-6.78875,"0,719",34,6,"37,0483","-0,1647","128,479","3,4679","156,25"
2026 02 02 09:39:34:643,-3.9675,-6.78875,"0,719",34,6,"37,0483","-0,1647","128,479","3,4679","152,3438"
2026 02 02 09:39:34:645,-3.9985,-6.78875,"0,719",34,6,"37,0483","-0,1647","128,479","3,4679","171,875"
2026 02 02 09:39:34:647,-3.9675,-6.70125,"0,719",34,6,"37,0483","-0,1647","128,479","3,4679","171,875"
2026 02 02 09:39:34:649,-3.9675,-6.78875,"0,719",34,6,"37,0483","-0,1647","128,479","3,4679","160,1563"
2026 02 02 09:39:34:651,-3.9675,-6.70125,"0,719",34,6,"37,0483","-0,1647","128,479","3,4679","238,2813"
2026 02 02 09:39:34:653,-3.9985,-6.70125,"0,719",34,6,"37,0483","-0,1647","128,479","3,4679","167,9688"
2026 02 02 09:39:34:655,-3.9334,-6.78875,"0,719",34,6,"37,0483","-0,1647","128,479","3,4679","179,6875"
2026 02 02 09:39:34:657,-3.9675,-6.78875,"0,719",34,6,"37,0483","-0,1647","128,479","3,4679","191,4063"
2026 02 02 09:39:34:659,-3.9675,-6.78875,"0,719",34,6,"37,0483","-0,1647","128,479","3,4679","171,875"
2026 02 02 09:39:34:661,-3.9675,-6.78875,"0,719",34,6,"37,0483","-0,1647","128,479","3,4679","97,6563"
2026 02 02 09:39:34:663,-3.9675,-6.70125,"0,719",34,6,"37,0483","-0,1647","128,479","3,4679","132,8125"
2026 02 02 09:39:34:665,-3.9675,-6.70125,"0,719",34,6,"37,0483","-0,1647","128,479","3,4679","171,875"
2026 02 02 09:39:34:667,-3.9675,-6.78875,"0,719",34,6,"37,0483","-0,1647","128,479","3,4679","78,125"
2026 02 02 09:39:34:669,-3.9334,-6.78875,"0,719",34,6,"37,0483","-0,1647","128,479","3,4679","175,7813"
2026 02 02 09:39:34:671,-3.9675,-6.78875,"0,719",34,6,"37,0483","-0,1647","128,479","3,4679","152,3438"
2026 02 02 09:39:34:673,-3.9675,-6.78875,"0,719",34,6,"37,0483","-0,1647","128,479","3,4679","167,9688"
2026 02 02 09:39:34:675,-3.9675,-6.78875,"0,719",34,6,"37,0483","-0,1647","128,479","3,4679","222,6563"
2026 02 02 09:39:34:677,-3.9675,-6.70125,"0,719",34,6,"37,0483","-0,1647","128,479","3,4679","191,4063"
2026 02 02 09:39:34:679,-3.9675,-6.70125,"0,719",34,6,"37,0483","-0,1647","128,479","3,4679","246,0938"
2026 02 02 09:39:34:681,-3.9675,-6.70125,"0,719",34,6,"37,0483","-0,1647","128,479","3,4679","179,6875"
2026 02 02 09:39:34:683,-3.9334,-6.78875,"0,719",34,6,"37,0483","-0,1647","128,479","3,4679","203,125"
2026 02 02 09:39:34:685,-3.9675,-6.78875,"0,719",34,6,"37,0483","-0,1647","128,479","3,4679","253,9063"
2026 02 02 09:39:34:687,-3.9985,-6.70125,"0,719",34,6,"37,0483","-0,1647","128,479","3,4679","136,7188"
2026 02 02 09:39:34:689,-3.9334,-6.70125,"0,719",34,6,"37,0483","-0,1647","128,479","3,4679","132,8125"
2026 02 02 09:39:34:691,-3.9675,-6.78875,"0,719",34,6,"37,0483","-0,1647","128,479","3,4679","156,25"
2026 02 02 09:39:34:693,-3.9675,-6.70125,"0,719",34,6,"37,0483","-0,1647","128,479","3,4679","117,1875"
2026 02 02 09:39:34:695,-3.9675,-6.70125,"0,719",34,6,"37,0483","-0,1647","128,479","3,4679","179,6875"
2026 02 02 09:39:34:697,-3.9334,-6.78875,"0,719",34,6,"37,0483","-0,1647","128,479","3,4679","214,8438"
2026 02 02 09:39:34:699,-3.9675,-6.70125,"0,719",34,6,"37,0483","-0,1647","128,479","3,4679","179,6875"
2026 02 02 09:39:34:701,-3.9675,-6.78875,"0,719",34,6,"37,0483","-0,1647","128,479","3,4679","160,1563"
2026 02 02 09:39:34:703,-3.9675,-6.78875,"0,719",34,6,"37,0483","-0,1647","128,479","3,4679","222,6563"
2026 02 02 09:39:34:705,-3.9675,-6.78875,"0,719",34,6,"37,0483","-0,1647","128,479","3,4679","289,0625"
2026 02 02 09:39:34:707,-3.9675,-6.78875,"0,719",34,6,"37,0483","-0,1647","128,479","3,4679","222,6563"
2026 02 02 09:39:34:709,-3.9985,-6.78875,"0,719",34,6,"37,0483","-0,1647","128,479","3,4679","171,875"
2026 02 02 09:39:34:711,-3.9675,-6.78875,"0,719",34,6,"37,0483","-0,1647","128,479","3,4679","226,5625"
2026 02 02 09:39:34:713,-3.9675,-6.87625,"0,719",34,6,"37,0483","-0,1647","128,479","3,4679","187,5"
2026 02 02 09:39:34:715,-3.9675,-6.78875,"0,719",34,6,"37,0483","-0,1647","128,479","3,4679","121,0938"
2026 02 02 09:39:34:717,-3.9675,-6.78875,"0,719",34,6,"37,0483","-0,1647","128,479","3,4679","195,3125"
2026 02 02 09:39:34:719,-3.9675,-6.78875,"0,719",34,6,"37,0483","-0,1647","128,479","3,4679","136,7188"
2026 02 02 09:39:34:721,-3.9675,-6.78875,"0,719",34,6,"37,0483","-0,1647","128,479","3,4679","152,3438"
2026 02 02 09:39:34:723,-4.0295,-6.78875,"0,719",34,6,"37,0483","-0,1647","128,479","3,4679","164,0625"
2026 02 02 09:39:34:725,-3.9675,-6.87625,"0,719",34,6,"37,0483","-0,1647","128,479","3,4679","226,5625"
2026 02 02 09:39:34:727,-3.9985,-6.78875,"0,719",34,6,"37,0483","-0,1647","128,479","3,4679","207,0313"
2026 02 02 09:39:34:729,-3.9675,-6.70125,"0,719",34,6,"37,0483","-0,1647","128,479","3,4679","164,0625"
2026 02 02 09:39:34:731,-3.9985,-6.70125,"0,719",34,6,"37,0483","-0,1647","128,479","3,4679","253,9063"
2026 02 02 09:39:34:733,-3.9675,-6.78875,"0,719",34,6,"37,0483","-0,1647","128,479","3,4679","261,7188"
2026 02 02 09:39:34:735,-3.9675,-6.70125,"0,719",34,6,"37,0483","-0,1647","128,479","3,4679","214,8438"
2026 02 02 09:39:34:737,-3.9675,-6.78875,"0,719",34,6,"37,0483","-0,1647","128,479","3,4679","218,75"
2026 02 02 09:39:34:739,-3.9675,-6.78875,"0,719",34,6,"37,0483","-0,1647","128,479","3,4679","238,2813"
2026 02 02 09:39:34:741,-3.9334,-6.70125,"0,719",34,6,"37,0483","-0,1647","128,479","3,4679","144,5313"
2026 02 02 09:39:34:743,-3.9675,-6.70125,"0,719",34,6,"37,0483","-0,1647","128,479","3,4679","191,4063"
2026 02 02 09:39:34:745,-3.9334,-6.78875,"0,719",34,6,"37,0483","-0,1647","128,479","3,4679","226,5625"
2026 02 02 09:39:34:747,-3.9675,-6.78875,"0,719",34,6,"37,0483","-0,1647","128,479","3,4679","195,3125"
2026 02 02 09:39:34:749,-3.9675,-6.70125,"0,719",34,6,"37,0483","-0,1647","128,479","3,4679","187,5"
2026 02 02 09:39:34:751,-3.9675,-6.78875,"0,719",34,6,"37,0483","-0,1647","128,479","3,4679","218,75"
2026 02 02 09:39:34:753,-3.9675,-6.70125,"0,719",34,6,"37,0483","-0,1647","128,479","3,4679","199,2188"
2026 02 02 09:39:34:755,-3.9675,-6.78875,"0,719",34,6,"37,0483","-0,1647","128,479","3,4679","234,375"
2026 02 02 09:39:34:757,-3.9675,-6.87625,"0,719",34,6,"37,0483","-0,1647","128,479","3,4679","234,375"
2026 02 02 09:39:34:759,-3.9675,-6.78875,"0,719",34,6,"37,0483","-0,1647","128,479","3,4679","285,1563"
2026 02 02 09:39:34:761,-3.9334,-6.78875,"0,719",34,6,"37,0483","-0,1647","128,479","3,4679","214,8438"
2026 02 02 09:39:34:763,-3.9675,-6.70125,"0,719",34,6,"37,0483","-0,1647","128,479","3,4679","242,1875"
2026 02 02 09:39:34:765,-3.9675,-6.70125,"0,719",34,6,"37,0483","-0,1647","128,479","3,4679","289,0625"
2026 02 02 09:39:34:767,-3.9985,-6.78875,"0,719",34,6,"37,0483","-0,1647","128,479","3,4679","191,4063"
2026 02 02 09:39:34:769,-3.9675,-6.78875,"0,719",34,6,"37,0483","-0,1647","128,479","3,4679","175,7813"
2026 02 02 09:39:34:771,-3.9675,-6.78875,"0,719",34,6,"37,0483","-0,1647","128,479","3,4679","191,4063"
2026 02 02 09:39:34:773,-3.9675,-6.70125,"0,719",34,6,"37,0483","-0,1647","128,479","3,4679","187,5"
2026 02 02 09:39:34:775,-3.9985,-6.70125,"0,719",34,6,"37,0483","-0,1647","128,479","3,4679","156,25"
2026 02 02 09:39:34:777,-3.9675,-6.70125,"0,719",34,6,"37,0483","-0,1647","128,479","3,4679","226,5625"
2026 02 02 09:39:34:779,-3.9675,-6.70125,"0,719",34,6,"37,0483","-0,1647","128,479","3,4679","230,4688"
2026 02 02 09:39:34:781,-3.9675,-6.78875,"0,719",34,6,"37,0483","-0,1647","128,479","3,4679","183,5938"
2026 02 02 09:39:34:783,-3.9985,-6.70125,"0,719",34,6,"37,0483","-0,1647","128,479","3,4679","253,9063"
2026 02 02 09:39:34:785,-3.9675,-6.78875,"0,719",34,6,"37,0483","-0,1647","128,479","3,4679","281,25"
2026 02 02 09:39:34:787,-3.9675,-6.78875,"0,719",34,6,"37,0483","-0,1647","128,479","3,4679",250
2026 02 02 09:39:34:789,-3.9985,-6.78875,"0,719",34,6,"37,0483","-0,1647","128,479","3,4679","207,0313"
2026 02 02 09:39:34:791,-3.9675,-6.70125,"0,719",34,6,"37,0483","-0,1647","128,479","3,4679","222,6563"
2026 02 02 09:39:34:793,-3.9334,-6.78875,"0,719",34,6,"37,0483","-0,1647","128,479","3,4679","261,7188"
2026 02 02 09:39:34:795,-3.9675,-6.78875,"0,719",34,6,"37,0483","-0,1647","128,479","3,4679","140,625"
2026 02 02 09:39:34:797,-3.9675,-6.78875,"0,719",34,6,"37,0483","-0,1647","128,479","3,4679","214,8438"
2026 02 02 09:39:34:799,-3.9334,-6.70125,"0,719",34,6,"37,0483","-0,1647","128,479","3,4679","214,8438"
2026 02 02 09:39:34:801,-3.9334,-6.70125,"0,719",34,6,"37,0483","-0,1647","128,479","3,4679","187,5"
2026 02 02 09:39:34:803,-3.9334,-6.78875,"0,719",34,6,"37,0483","-0,1647","128,479","3,4679","218,75"
2026 02 02 09:39:34:805,-3.9675,-6.78875,"0,719",34,6,"37,0483","-0,1647","128,479","3,4679","273,4375"
2026 02 02 09:39:34:807,-3.9334,-6.78875,"0,719",34,6,"37,0483","-0,1647","128,479","3,4679","257,8125"
2026 02 02 09:39:34:809,-3.9675,-6.78875,"0,719",34,6,"37,0483","-0,1647","128,479","3,4679","171,875"
2026 02 02 09:39:34:811,-3.9985,-6.78875,"0,719",34,6,"37,0483","-0,1647","128,479","3,4679","265,625"
2026 02 02 09:39:34:813,-3.9675,-6.78875,"0,788",28,6,"36,6364","0,1579","155,6702","4,2491","277,3438"
2026 02 02 09:39:34:815,-3.9675,-6.78875,"0,788",28,6,"36,6364","0,1579","155,6702","4,2491","226,5625"
2026 02 02 09:39:34:817,-3.9675,-6.70125,"0,788",28,6,"36,6364","0,1579","155,6702","4,2491","238,2813"
2026 02 02 09:39:34:819,-3.9334,-6.78875,"0,788",28,6,"36,6364","0,1579","155,6702","4,2491","289,0625"
2026 02 02 09:39:34:821,-3.9675,-6.78875,"0,788",28,6,"36,6364","0,1579","155,6702","4,2491","218,75"
2026 02 02 09:39:34:823,-3.9675,-6.78875,"0,788",28,6,"36,6364","0,1579","155,6702","4,2491","183,5938"
2026 02 02 09:39:34:825,-3.9675,-6.78875,"0,788",28,6,"36,6364","0,1579","155,6702","4,2491","269,5313"
2026 02 02 09:39:34:827,-3.9985,-6.87625,"0,788",28,6,"36,6364","0,1579","155,6702","4,2491","195,3125"
2026 02 02 09:39:34:829,-3.9675,-6.70125,"0,788",28,6,"36,6364","0,1579","155,6702","4,2491","195,3125"
2026 02 02 09:39:34:831,-3.9334,-6.78875,"0,788",28,6,"36,6364","0,1579","155,6702","4,2491","207,0313"
2026 02 02 09:39:34:833,-3.9675,-6.78875,"0,788",28,6,"36,6364","0,1579","155,6702","4,2491","265,625"
2026 02 02 09:39:34:835,-3.9675,-6.70125,"0,788",28,6,"36,6364","0,1579","155,6702","4,2491","238,2813"
2026 02 02 09:39:34:837,-3.9675,-6.70125,"0,788",28,6,"36,6364","0,1579","155,6702","4,2491","234,375"
2026 02 02 09:39:34:839,-3.9985,-6.70125,"0,788",28,6,"36,6364","0,1579","155,6702","4,2491","285,1563"
2026 02 02 09:39:34:841,-3.9675,-6.70125,"0,788",28,6,"36,6364","0,1579","155,6702","4,2491","257,8125"
2026 02 02 09:39:34:843,-3.9675,-6.78875,"0,788",28,6,"36,6364","0,1579","155,6702","4,2491","246,0938"
2026 02 02 09:39:34:845,-3.9675,-6.78875,"0,788",28,6,"36,6364","0,1579","155,6702","4,2491","304,6875"
2026 02 02 09:39:34:847,-3.9675,-6.78875,"0,788",28,6,"36,6364","0,1579","155,6702","4,2491","265,625"
2026 02 02 09:39:34:849,-3.9985,-6.78875,"0,788",28,6,"36,6364","0,1579","155,6702","4,2491","187,5"
2026 02 02 09:39:34:851,-3.9334,-6.78875,"0,788",28,6,"36,6364","0,1579","155,6702","4,2491","230,4688"
2026 02 02 09:39:34:853,-3.9675,-6.70125,"0,788",28,6,"36,6364","0,1579","155,6702","4,2491","214,8438"
2026 02 02 09:39:34:855,-3.9334,-6.61375,"0,788",28,6,"36,6364","0,1579","155,6702","4,2491","207,0313"
2026 02 02 09:39:34:857,-3.9675,-6.78875,"0,788",28,6,"36,6364","0,1579","155,6702","4,2491","210,9375"
2026 02 02 09:39:34:859,-3.9675,-6.87625,"0,788",28,6,"36,6364","0,1579","155,6702","4,2491","269,5313"
2026 02 02 09:39:34:861,-3.9675,-6.78875,"0,788",28,6,"36,6364","0,1579","155,6702","4,2491","226,5625"
2026 02 02 09:39:34:863,-3.9675,-6.87625,"0,788",28,6,"36,6364","0,1579","155,6702","4,2491","242,1875"
2026 02 02 09:39:34:865,-3.9675,-6.78875,"0,788",28,6,"36,6364","0,1579","155,6702","4,2491","304,6875"
2026 02 02 09:39:34:867,-3.9675,-6.78875,"0,788",28,6,"36,6364","0,1579","155,6702","4,2491","304,6875"
2026 02 02 09:39:34:869,-3.9675,-6.87625,"0,788",28,6,"36,6364","0,1579","155,6702","4,2491","238,2813"
2026 02 02 09:39:34:871,-3.9675,-6.78875,"0,788",28,6,"36,6364","0,1579","155,6702","4,2491","281,25"
2026 02 02 09:39:34:873,-3.9985,-6.78875,"0,788",28,6,"36,6364","0,1579","155,6702","4,2491","328,125"
2026 02 02 09:39:34:875,-3.9675,-6.78875,"0,788",28,6,"36,6364","0,1579","155,6702","4,2491","191,4063"
2026 02 02 09:39:34:877,-3.9675,-6.78875,"0,788",28,6,"36,6364","0,1579","155,6702","4,2491","265,625"
2026 02 02 09:39:34:879,-3.9675,-6.70125,"0,788",28,6,"36,6364","0,1579","155,6702","4,2491","226,5625"
2026 02 02 09:39:34:881,-3.9985,-6.78875,"0,788",28,6,"36,6364","0,1579","155,6702","4,2491","214,8438"
2026 02 02 09:39:34:883,-3.9334,-6.61375,"0,788",28,6,"36,6364","0,1579","155,6702","4,2491","238,2813"
2026 02 02 09:39:34:885,-3.9675,-6.78875,"0,788",28,6,"36,6364","0,1579","155,6702","4,2491","269,5313"
2026 02 02 09:39:34:887,-3.9675,-6.70125,"0,788",28,6,"36,6364","0,1579","155,6702","4,2491","289,0625"
2026 02 02 09:39:34:889,-3.9334,-6.70125,"0,788",28,6,"36,6364","0,1579","155,6702","4,2491","214,8438"
2026 02 02 09:39:34:891,-3.9675,-6.70125,"0,788",28,6,"36,6364","0,1579","155,6702","4,2491","277,3438"
2026 02 02 09:39:34:893,-3.9675,-6.78875,"0,788",28,6,"36,6364","0,1579","155,6702","4,2491","339,8438"
2026 02 02 09:39:34:895,-3.9675,-6.78875,"0,788",28,6,"36,6364","0,1579","155,6702","4,2491","246,0938"
2026 02 02 09:39:34:897,-3.9675,-6.70125,"0,788",28,6,"36,6364","0,1579","155,6702","4,2491","292,9688"
2026 02 02 09:39:34:899,-3.9675,-6.78875,"0,788",28,6,"36,6364","0,1579","155,6702","4,2491","316,4063"
2026 02 02 09:39:34:901,-3.9675,-6.70125,"0,788",28,6,"36,6364","0,1579","155,6702","4,2491","234,375"
2026 02 02 09:39:34:903,-3.9675,-6.78875,"0,788",28,6,"36,6364","0,1579","155,6702","4,2491","203,125"
2026 02 02 09:39:34:905,-3.9675,-6.70125,"0,788",28,6,"36,6364","0,1579","155,6702","4,2491","304,6875"
2026 02 02 09:39:34:907,-3.9675,-6.70125,"0,788",28,6,"36,6364","0,1579","155,6702","4,2491","269,5313"
2026 02 02 09:39:34:909,-3.9985,-6.78875,"0,788",28,6,"36,6364","0,1579","155,6702","4,2491","210,9375"
2026 02 02 09:39:34:911,-3.9675,-6.70125,"0,788",28,6,"36,6364","0,1579","155,6702","4,2491","234,375"
2026 02 02 09:39:34:913,-3.9675,-6.78875,"0,788",28,6,"36,6364","0,1579","155,6702","4,2491","289,0625"
2026 02 02 09:39:34:915,-3.9334,-6.78875,"0,788",28,6,"36,6364","0,1579","155,6702","4,2491","253,9063"
2026 02 02 09:39:34:917,-3.9675,-6.70125,"0,788",28,6,"36,6364","0,1579","155,6702","4,2491","230,4688"
2026 02 02 09:39:34:919,-3.9675,-6.78875,"0,788",28,6,"36,6364","0,1579","155,6702","4,2491","343,75"
2026 02 02 09:39:34:921,-3.9334,-6.78875,"0,788",28,6,"36,6364","0,1579","155,6702","4,2491","292,9688"
2026 02 02 09:39:34:923,-3.9675,-6.78875,"0,788",28,6,"36,6364","0,1579","155,6702","4,2491","261,7188"
2026 02 02 09:39:34:925,-3.9675,-6.78875,"0,788",28,6,"36,6364","0,1579","155,6702","4,2491","324,2188"
2026 02 02 09:39:34:927,-3.9675,-6.78875,"0,788",28,6,"36,6364","0,1579","155,6702","4,2491","292,9688"
2026 02 02 09:39:34:929,-3.9334,-6.87625,"0,788",28,6,"36,6364","0,1579","155,6702","4,2491","222,6563"
2026 02 02 09:39:34:931,-3.9334,-6.70125,"0,788",28,6,"36,6364","0,1579","155,6702","4,2491","230,4688"
2026 02 02 09:39:34:933,-3.9675,-6.78875,"0,788",28,6,"36,6364","0,1579","155,6702","4,2491","269,5313"
2026 02 02 09:39:34:935,-3.9675,-6.78875,"0,788",28,6,"36,6364","0,1579","155,6702","4,2491","214,8438"
2026 02 02 09:39:34:937,-3.9675,-6.70125,"0,788",28,6,"36,6364","0,1579","155,6702","4,2491","257,8125"
2026 02 02 09:39:34:939,-3.9675,-6.70125,"0,788",28,6,"36,6364","0,1579","155,6702","4,2491","285,1563"
2026 02 02 09:39:34:941,-3.9985,-6.78875,"0,788",28,6,"36,6364","0,1579","155,6702","4,2491","289,0625"
2026 02 02 09:39:34:943,-3.9675,-6.70125,"0,788",28,6,"36,6364","0,1579","155,6702","4,2491","257,8125"
2026 02 02 09:39:34:945,-3.9675,-6.78875,"0,788",28,6,"36,6364","0,1579","155,6702","4,2491","324,2188"
2026 02 02 09:39:34:947,-3.9675,-6.78875,"0,788",28,6,"36,6364","0,1579","155,6702","4,2491","347,6563"
2026 02 02 09:39:34:949,-3.9675,-6.70125,"0,788",28,6,"36,6364","0,1579","155,6702","4,2491","257,8125"
2026 02 02 09:39:34:951,-3.9334,-6.78875,"0,788",28,6,"36,6364","0,1579","155,6702","4,2491","289,0625"
2026 02 02 09:39:34:953,-3.9675,-6.78875,"0,788",28,6,"36,6364","0,1579","155,6702","4,2491","308,5938"
2026 02 02 09:39:34:955,-3.9675,-6.78875,"0,788",28,6,"36,6364","0,1579","155,6702","4,2491","230,4688"
2026 02 02 09:39:34:957,-3.9985,-6.70125,"0,788",28,6,"36,6364","0,1579","155,6702","4,2491","222,6563"
2026 02 02 09:39:34:959,-3.9675,-6.78875,"0,788",28,6,"36,6364","0,1579","155,6702","4,2491","277,3438"
2026 02 02 09:39:34:961,-3.9675,-6.78875,"0,788",28,6,"36,6364","0,1579","155,6702","4,2491","257,8125"
2026 02 02 09:39:34:963,-3.9675,-6.87625,"0,788",28,6,"36,6364","0,1579","155,6702","4,2491","253,9063"
2026 02 02 09:39:34:965,-3.9985,-6.78875,"0,788",28,6,"36,6364","0,1579","155,6702","4,2491","289,0625"
2026 02 02 09:39:34:967,-3.9675,-6.78875,"0,788",28,6,"36,6364","0,1579","155,6702","4,2491","355,4688"
2026 02 02 09:39:34:969,-3.9675,-6.70125,"0,788",28,6,"36,6364","0,1579","155,6702","4,2491","246,0938"
2026 02 02 09:39:34:971,-3.9675,-6.78875,"0,788",28,6,"36,6364","0,1579","155,6702","4,2491","292,9688"
2026 02 02 09:39:34:973,-3.9675,-6.78875,"0,788",28,6,"36,6364","0,1579","155,6702","4,2491","339,8438"
2026 02 02 09:39:34:975,-3.9675,-6.78875,"0,788",28,6,"36,6364","0,1579","155,6702","4,2491","320,3125"
2026 02 02 09:39:34:977,-3.9675,-6.78875,"0,788",28,6,"36,6364","0,1579","155,6702","4,2491","253,9063"
2026 02 02 09:39:34:979,-3.9675,-6.78875,"0,788",28,6,"36,6364","0,1579","155,6702","4,2491","339,8438"
2026 02 02 09:39:34:981,-3.9675,-6.78875,"0,788",28,6,"36,6364","0,1579","155,6702","4,2491","316,4063"
2026 02 02 09:39:34:983,-3.9985,-6.78875,"0,788",28,6,"36,6364","0,1579","155,6702","4,2491","230,4688"
2026 02 02 09:39:34:985,-3.9675,-6.70125,"0,788",28,6,"36,6364","0,1579","155,6702","4,2491","320,3125"
2026 02 02 09:39:34:987,-3.9675,-6.78875,"0,788",28,6,"36,6364","0,1579","155,6702","4,2491","292,9688"
2026 02 02 09:39:34:989,-3.9675,-6.78875,"0,788",28,6,"36,6364","0,1579","155,6702","4,2491",250
2026 02 02 09:39:34:991,-3.9675,-6.78875,"0,788",28,6,"36,6364","0,1579","155,6702","4,2491","230,4688"
2026 02 02 09:39:34:993,-3.9985,-6.78875,"0,788",28,6,"36,6364","0,1579","155,6702","4,2491","312,5"
2026 02 02 09:39:34:995,-3.9675,-6.70125,"0,788",28,6,"36,6364","0,1579","155,6702","4,2491","339,8438"
2026 02 02 09:39:34:997,-3.9675,-6.78875,"0,788",28,6,"36,6364","0,1579","155,6702","4,2491",250
2026 02 02 09:39:34:999,-3.9675,-6.70125,"0,788",28,6,"36,6364","0,1579","155,6702","4,2491","343,75"
2026 02 02 09:39:35:001,-3.9675,-6.78875,"0,788",28,6,"36,6364","0,1579","155,6702","4,2491","355,4688"
2026 02 02 09:39:35:003,-3.9985,-6.70125,"0,788",28,6,"36,6364","0,1579","155,6702","4,2491","285,1563"
2026 02 02 09:39:35:005,-3.9675,-6.78875,"0,788",28,6,"36,6364","0,1579","155,6702","4,2491","339,8438"
2026 02 02 09:39:35:007,-3.9675,-6.78875,"0,788",28,6,"36,6364","0,1579","155,6702","4,2491","328,125"
2026 02 02 09:39:35:009,-3.9675,-6.78875,"0,788",28,6,"36,6364","0,1579","155,6702","4,2491","253,9063"
2026 02 02 09:39:35:011,-3.9675,-6.78875,"0,788",28,6,"36,6364","0,1579","155,6702","4,2491","253,9063"
2026 02 02 09:39:35:013,-3.9675,-6.78875,"0,788",28,6,"36,6364","0,1579","155,6702","4,2491","269,5313"
2026 02 02 09:39:35:015,-3.9675,-6.70125,"0,788",28,6,"36,6364","0,1579","155,6702","4,2491","292,9688"
2026 02 02 09:39:35:017,-3.9985,-6.78875,"0,788",28,6,"36,6364","0,1579","155,6702","4,2491","253,9063"
2026 02 02 09:39:35:019,-3.9675,-6.70125,"0,788",28,6,"36,6364","0,1579","155,6702","4,2491","296,875"
2026 02 02 09:39:35:021,-3.9675,-6.78875,"0,788",28,6,"36,6364","0,1579","155,6702","4,2491","347,6563"
2026 02 02 09:39:35:023,-3.9675,-6.78875,"0,788",28,6,"36,6364","0,1579","155,6702","4,2491","316,4063"
2026 02 02 09:39:35:025,-3.9675,-6.70125,"0,788",28,6,"36,6364","0,1579","155,6702","4,2491","300,7813"
2026 02 02 09:39:35:027,-3.9675,-6.70125,"0,788",28,6,"36,6364","0,1579","155,6702","4,2491","378,9063"
2026 02 02 09:39:35:029,-3.9675,-6.70125,"0,788",28,6,"36,6364","0,1579","155,6702","4,2491","304,6875"
2026 02 02 09:39:35:031,-3.9985,-6.70125,"0,788",28,6,"36,6364","0,1579","155,6702","4,2491","292,9688"
2026 02 02 09:39:35:033,-3.9675,-6.70125,"0,788",28,6,"36,6364","0,1579","155,6702","4,2491","332,0313"
2026 02 02 09:39:35:035,-3.9675,-6.70125,"0,788",28,6,"36,6364","0,1579","155,6702","4,2491","316,4063"
2026 02 02 09:39:35:037,-3.9675,-6.70125,"0,788",28,6,"36,6364","0,1579","155,6702","4,2491","269,5313"
2026 02 02 09:39:35:039,-3.9675,-6.78875,"0,788",28,6,"36,6364","0,1579","155,6702","4,2491","265,625"
2026 02 02 09:39:35:041,-3.9675,-6.78875,"0,788",28,6,"36,6364","0,1579","155,6702","4,2491","308,5938"
2026 02 02 09:39:35:043,-3.9675,-6.70125,"0,788",28,6,"36,6364","0,1579","155,6702","4,2491","289,0625"
2026 02 02 09:39:35:045,-3.9675,-6.70125,"0,788",28,6,"36,6364","0,1579","155,6702","4,2491","304,6875"
2026 02 02 09:39:35:047,-3.9675,-6.70125,"0,788",28,6,"36,6364","0,1579","155,6702","4,2491","347,6563"
2026 02 02 09:39:35:049,-3.9334,-6.78875,"0,788",28,6,"36,6364","0,1579","155,6702","4,2491","320,3125"
2026 02 02 09:39:35:051,-3.9675,-6.70125,"0,788",28,6,"36,6364","0,1579","155,6702","4,2491","292,9688"
2026 02 02 09:39:35:053,-3.9675,-6.78875,"0,788",28,6,"36,6364","0,1579","155,6702","4,2491","343,75"
2026 02 02 09:39:35:055,-3.9334,-6.70125,"0,788",28,6,"36,6364","0,1579","155,6702","4,2491","328,125"
2026 02 02 09:39:35:057,-3.9675,-6.78875,"0,788",28,6,"36,6364","0,1579","155,6702","4,2491","308,5938"
2026 02 02 09:39:35:059,-3.9985,-6.78875,"0,788",28,6,"36,6364","0,1579","155,6702","4,2491","355,4688"
2026 02 02 09:39:35:061,-3.9675,-6.78875,"0,788",28,6,"36,6364","0,1579","155,6702","4,2491","320,3125"
2026 02 02 09:39:35:063,-3.9675,-6.78875,"0,788",28,6,"36,6364","0,1579","155,6702","4,2491","281,25"
2026 02 02 09:39:35:065,-3.9675,-6.70125,"0,788",28,6,"36,6364","0,1579","155,6702","4,2491","292,9688"
2026 02 02 09:39:35:067,-3.9675,-6.87625,"0,788",28,6,"36,6364","0,1579","155,6702","4,2491","308,5938"
2026 02 02 09:39:35:069,-3.9675,-6.78875,"0,788",28,6,"36,6364","0,1579","155,6702","4,2491","300,7813"
2026 02 02 09:39:35:071,-3.9675,-6.78875,"0,788",28,6,"36,6364","0,1579","155,6702","4,2491","277,3438"
2026 02 02 09:39:35:073,-3.9334,-6.78875,"0,788",28,6,"36,6364","0,1579","155,6702","4,2491","335,9375"
2026 02 02 09:39:35:075,-3.9334,-6.87625,"0,788",28,6,"36,6364","0,1579","155,6702","4,2491","351,5625"
2026 02 02 09:39:35:077,-3.9675,-6.78875,"0,788",28,6,"36,6364","0,1579","155,6702","4,2491","273,4375"
2026 02 02 09:39:35:079,-3.9985,-6.70125,"0,788",28,6,"36,6364","0,1579","155,6702","4,2491","355,4688"
2026 02 02 09:39:35:081,-3.9675,-6.78875,"0,788",28,6,"36,6364","0,1579","155,6702","4,2491","347,6563"
2026 02 02 09:39:35:083,-3.9675,-6.78875,"0,788",28,6,"36,6364","0,1579","155,6702","4,2491","328,125"
2026 02 02 09:39:35:085,-3.9675,-6.78875,"0,788",28,6,"36,6364","0,1579","155,6702","4,2491","339,8438"
2026 02 02 09:39:35:087,-3.9675,-6.78875,"0,788",28,6,"36,6364","0,1579","155,6702","4,2491","351,5625"
2026 02 02 09:39:35:089,-3.9675,-6.70125,"0,788",28,6,"36,6364","0,1579","155,6702","4,2491","300,7813"
2026 02 02 09:39:35:091,-3.9675,-6.78875,"0,788",28,6,"36,6364","0,1579","155,6702","4,2491","257,8125"
2026 02 02 09:39:35:093,-3.9675,-6.78875,"0,788",28,6,"36,6364","0,1579","155,6702","4,2491","316,4063"
2026 02 02 09:39:35:095,-3.9985,-6.78875,"0,788",28,6,"36,6364","0,1579","155,6702","4,2491","320,3125"
2026 02 02 09:39:35:097,-3.9985,-6.78875,"0,788",28,6,"36,6364","0,1579","155,6702","4,2491","332,0313"
2026 02 02 09:39:35:099,-3.9675,-6.78875,"0,788",28,6,"36,6364","0,1579","155,6702","4,2491","304,6875"
2026 02 02 09:39:35:101,-3.9985,-6.78875,"0,788",28,6,"36,6364","0,1579","155,6702","4,2491","382,8125"
2026 02 02 09:39:35:103,-3.9675,-6.78875,"0,788",28,6,"36,6364","0,1579","155,6702","4,2491","332,0313"
2026 02 02 09:39:35:105,-3.9675,-6.70125,"0,788",28,6,"36,6364","0,1579","155,6702","4,2491","324,2188"
2026 02 02 09:39:35:107,-3.9675,-6.78875,"0,788",28,6,"36,6364","0,1579","155,6702","4,2491","390,625"
2026 02 02 09:39:35:109,-3.9334,-6.70125,"0,788",28,6,"36,6364","0,1579","155,6702","4,2491","324,2188"
2026 02 02 09:39:35:111,-3.9675,-6.78875,"0,813",37,6,"65,9332","-0,3418","228,8818","3,4714","339,8438"
2026 02 02 09:39:35:113,-3.9675,-6.78875,"0,813",37,6,"65,9332","-0,3418","228,8818","3,4714","335,9375"
2026 02 02 09:39:35:115,-3.9985,-6.78875,"0,813",37,6,"65,9332","-0,3418","228,8818","3,4714","328,125"
2026 02 02 09:39:35:117,-3.9675,-6.78875,"0,813",37,6,"65,9332","-0,3418","228,8818","3,4714","277,3438"
2026 02 02 09:39:35:119,-3.9675,-6.78875,"0,813",37,6,"65,9332","-0,3418","228,8818","3,4714","304,6875"
2026 02 02 09:39:35:121,-3.9985,-6.78875,"0,813",37,6,"65,9332","-0,3418","228,8818","3,4714","281,25"
2026 02 02 09:39:35:123,-3.9675,-6.78875,"0,813",37,6,"65,9332","-0,3418","228,8818","3,4714","285,1563"
2026 02 02 09:39:35:125,-3.9334,-6.78875,"0,813",37,6,"65,9332","-0,3418","228,8818","3,4714","363,2813"
2026 02 02 09:39:35:127,-3.9985,-6.78875,"0,813",37,6,"65,9332","-0,3418","228,8818","3,4714","363,2813"
2026 02 02 09:39:35:129,-3.9675,-6.78875,"0,813",37,6,"65,9332","-0,3418","228,8818","3,4714","320,3125"
2026 02 02 09:39:35:131,-3.9334,-6.70125,"0,813",37,6,"65,9332","-0,3418","228,8818","3,4714","328,125"
2026 02 02 09:39:35:133,-3.9675,-6.70125,"0,813",37,6,"65,9332","-0,3418","228,8818","3,4714",375
2026 02 02 09:39:35:135,-3.9675,-6.78875,"0,813",37,6,"65,9332","-0,3418","228,8818","3,4714","359,375"
2026 02 02 09:39:35:137,-3.9675,-6.70125,"0,813",37,6,"65,9332","-0,3418","228,8818","3,4714","320,3125"
2026 02 02 09:39:35:139,-3.9675,-6.78875,"0,813",37,6,"65,9332","-0,3418","228,8818","3,4714","390,625"
2026 02 02 09:39:35:141,-3.9675,-6.78875,"0,813",37,6,"65,9332","-0,3418","228,8818","3,4714","335,9375"
2026 02 02 09:39:35:143,-3.9675,-6.70125,"0,813",37,6,"65,9332","-0,3418","228,8818","3,4714","308,5938"
2026 02 02 09:39:35:145,-3.9675,-6.78875,"0,813",37,6,"65,9332","-0,3418","228,8818","3,4714","328,125"
2026 02 02 09:39:35:147,-3.9985,-6.70125,"0,813",37,6,"65,9332","-0,3418","228,8818","3,4714","308,5938"
2026 02 02 09:39:35:149,-3.9675,-6.78875,"0,813",37,6,"65,9332","-0,3418","228,8818","3,4714","316,4063"
2026 02 02 09:39:35:151,-3.9334,-6.78875,"0,813",37,6,"65,9332","-0,3418","228,8818","3,4714",250
2026 02 02 09:39:35:153,-3.9675,-6.87625,"0,813",37,6,"65,9332","-0,3418","228,8818","3,4714","363,2813"
2026 02 02 09:39:35:155,-3.9334,-6.78875,"0,813",37,6,"65,9332","-0,3418","228,8818","3,4714","359,375"
2026 02 02 09:39:35:157,-3.9675,-6.70125,"0,813",37,6,"65,9332","-0,3418","228,8818","3,4714","308,5938"
2026 02 02 09:39:35:159,-3.9675,-6.78875,"0,813",37,6,"65,9332","-0,3418","228,8818","3,4714","359,375"
2026 02 02 09:39:35:161,-3.9675,-6.70125,"0,813",37,6,"65,9332","-0,3418","228,8818","3,4714","394,5313"
2026 02 02 09:39:35:163,-3.9675,-6.78875,"0,813",37,6,"65,9332","-0,3418","228,8818","3,4714","332,0313"
2026 02 02 09:39:35:165,-3.9675,-6.78875,"0,813",37,6,"65,9332","-0,3418","228,8818","3,4714","363,2813"
2026 02 02 09:39:35:167,-3.9675,-6.78875,"0,813",37,6,"65,9332","-0,3418","228,8818","3,4714","382,8125"
2026 02 02 09:39:35:169,-3.9675,-6.70125,"0,813",37,6,"65,9332","-0,3418","228,8818","3,4714","328,125"
2026 02 02 09:39:35:171,-3.9675,-6.70125,"0,813",37,6,"65,9332","-0,3418","228,8818","3,4714","265,625"
2026 02 02 09:39:35:173,-3.9675,-6.78875,"0,813",37,6,"65,9332","-0,3418","228,8818","3,4714","320,3125"
2026 02 02 09:39:35:175,-3.9675,-6.70125,"0,813",37,6,"65,9332","-0,3418","228,8818","3,4714","335,9375"
2026 02 02 09:39:35:177,-3.9675,-6.70125,"0,813",37,6,"65,9332","-0,3418","228,8818","3,4714","316,4063"
2026 02 02 09:39:35:179,-3.9334,-6.78875,"0,813",37,6,"65,9332","-0,3418","228,8818","3,4714","312,5"
2026 02 02 09:39:35:181,-3.9985,-6.70125,"0,813",37,6,"65,9332","-0,3418","228,8818","3,4714","402,3438"
2026 02 02 09:39:35:183,-3.9675,-6.78875,"0,813",37,6,"65,9332","-0,3418","228,8818","3,4714","351,5625"
2026 02 02 09:39:35:185,-3.9985,-6.70125,"0,813",37,6,"65,9332","-0,3418","228,8818","3,4714","343,75"
2026 02 02 09:39:35:187,-3.9985,-6.70125,"0,813",37,6,"65,9332","-0,3418","228,8818","3,4714","410,1563"
2026 02 02 09:39:35:189,-3.9675,-6.70125,"0,813",37,6,"65,9332","-0,3418","228,8818","3,4714",375
2026 02 02 09:39:35:191,-3.9985,-6.70125,"0,813",37,6,"65,9332","-0,3418","228,8818","3,4714","324,2188"
2026 02 02 09:39:35:193,-3.9675,-6.70125,"0,813",37,6,"65,9332","-0,3418","228,8818","3,4714","363,2813"
2026 02 02 09:39:35:195,-3.9675,-6.78875,"0,813",37,6,"65,9332","-0,3418","228,8818","3,4714",375
2026 02 02 09:39:35:197,-3.9675,-6.78875,"0,813",37,6,"65,9332","-0,3418","228,8818","3,4714","328,125"
2026 02 02 09:39:35:199,-3.9675,-6.78875,"0,813",37,6,"65,9332","-0,3418","228,8818","3,4714","328,125"
2026 02 02 09:39:35:201,-3.9675,-6.78875,"0,813",37,6,"65,9332","-0,3418","228,8818","3,4714","324,2188"
2026 02 02 09:39:35:203,-3.9675,-6.78875,"0,813",37,6,"65,9332","-0,3418","228,8818","3,4714","335,9375"
2026 02 02 09:39:35:205,-3.9675,-6.70125,"0,813",37,6,"65,9332","-0,3418","228,8818","3,4714","351,5625"
2026 02 02 09:39:35:207,-3.9675,-6.78875,"0,813",37,6,"65,9332","-0,3418","228,8818","3,4714","371,0938"
2026 02 02 09:39:35:209,-3.9334,-6.70125,"0,813",37,6,"65,9332","-0,3418","228,8818","3,4714","378,9063"
2026 02 02 09:39:35:211,-3.9675,-6.78875,"0,813",37,6,"65,9332","-0,3418","228,8818","3,4714","300,7813"
2026 02 02 09:39:35:213,-3.9985,-6.70125,"0,813",37,6,"65,9332","-0,3418","228,8818","3,4714","343,75"
2026 02 02 09:39:35:215,-3.9985,-6.78875,"0,813",37,6,"65,9332","-0,3418","228,8818","3,4714","402,3438"
2026 02 02 09:39:35:217,-3.9334,-6.78875,"0,813",37,6,"65,9332","-0,3418","228,8818","3,4714","332,0313"
2026 02 02 09:39:35:219,-3.9675,-6.78875,"0,813",37,6,"65,9332","-0,3418","228,8818","3,4714","355,4688"
2026 02 02 09:39:35:221,-3.9675,-6.78875,"0,813",37,6,"65,9332","-0,3418","228,8818","3,4714","378,9063"
2026 02 02 09:39:35:223,-3.9675,-6.78875,"0,813",37,6,"65,9332","-0,3418","228,8818","3,4714","320,3125"
2026 02 02 09:39:35:225,-3.9675,-6.70125,"0,813",37,6,"65,9332","-0,3418","228,8818","3,4714","382,8125"
2026 02 02 09:39:35:227,-3.9675,-6.87625,"0,813",37,6,"65,9332","-0,3418","228,8818","3,4714","367,1875"
2026 02 02 09:39:35:229,-3.9675,-6.78875,"0,813",37,6,"65,9332","-0,3418","228,8818","3,4714","355,4688"
2026 02 02 09:39:35:231,-3.9675,-6.70125,"0,813",37,6,"65,9332","-0,3418","228,8818","3,4714","300,7813"
2026 02 02 09:39:35:233,-3.9985,-6.70125,"0,813",37,6,"65,9332","-0,3418","228,8818","3,4714","328,125"
2026 02 02 09:39:35:235,-3.9675,-6.70125,"0,813",37,6,"65,9332","-0,3418","228,8818","3,4714","429,6875"
2026 02 02 09:39:35:237,-3.9675,-6.70125,"0,813",37,6,"65,9332","-0,3418","228,8818","3,4714","382,8125"
2026 02 02 09:39:35:239,-3.9675,-6.78875,"0,813",37,6,"65,9332","-0,3418","228,8818","3,4714","386,7188"
2026 02 02 09:39:35:241,-3.9675,-6.70125,"0,813",37,6,"65,9332","-0,3418","228,8818","3,4714","425,7813"
2026 02 02 09:39:35:243,-3.9675,-6.70125,"0,813",37,6,"65,9332","-0,3418","228,8818","3,4714","382,8125"
2026 02 02 09:39:35:245,-3.9675,-6.70125,"0,813",37,6,"65,9332","-0,3418","228,8818","3,4714","394,5313"
2026 02 02 09:39:35:247,-3.9675,-6.70125,"0,813",37,6,"65,9332","-0,3418","228,8818","3,4714","371,0938"
2026 02 02 09:39:35:249,-3.9675,-6.78875,"0,813",37,6,"65,9332","-0,3418","228,8818","3,4714","390,625"
2026 02 02 09:39:35:251,-3.9675,-6.78875,"0,813",37,6,"65,9332","-0,3418","228,8818","3,4714","320,3125"
2026 02 02 09:39:35:253,-3.9675,-6.70125,"0,813",37,6,"65,9332","-0,3418","228,8818","3,4714","285,1563"
2026 02 02 09:39:35:255,-3.9334,-6.70125,"0,813",37,6,"65,9332","-0,3418","228,8818","3,4714","429,6875"
2026 02 02 09:39:35:257,-3.9985,-6.78875,"0,813",37,6,"65,9332","-0,3418","228,8818","3,4714","355,4688"
2026 02 02 09:39:35:259,-3.9675,-6.78875,"0,813",37,6,"65,9332","-0,3418","228,8818","3,4714","332,0313"
2026 02 02 09:39:35:261,-3.9675,-6.78875,"0,813",37,6,"65,9332","-0,3418","228,8818","3,4714","421,875"
2026 02 02 09:39:35:263,-3.9675,-6.78875,"0,813",37,6,"65,9332","-0,3418","228,8818","3,4714","382,8125"
2026 02 02 09:39:35:265,-3.9675,-6.70125,"0,813",37,6,"65,9332","-0,3418","228,8818","3,4714","382,8125"
2026 02 02 09:39:35:267,-3.9675,-6.78875,"0,813",37,6,"65,9332","-0,3418","228,8818","3,4714","417,9688"
2026 02 02 09:39:35:269,-3.9675,-6.70125,"0,813",37,6,"65,9332","-0,3418","228,8818","3,4714","398,4375"
2026 02 02 09:39:35:271,-3.9334,-6.61375,"0,813",37,6,"65,9332","-0,3418","228,8818","3,4714","351,5625"
2026 02 02 09:39:35:273,-3.9675,-6.70125,"0,813",37,6,"65,9332","-0,3418","228,8818","3,4714","332,0313"
2026 02 02 09:39:35:275,-3.9985,-6.78875,"0,813",37,6,"65,9332","-0,3418","228,8818","3,4714","390,625"
2026 02 02 09:39:35:277,-3.9985,-6.70125,"0,813",37,6,"65,9332","-0,3418","228,8818","3,4714","351,5625"
2026 02 02 09:39:35:279,-3.9675,-6.78875,"0,813",37,6,"65,9332","-0,3418","228,8818","3,4714","312,5"
2026 02 02 09:39:35:281,-3.9675,-6.78875,"0,813",37,6,"65,9332","-0,3418","228,8818","3,4714","386,7188"
2026 02 02 09:39:35:283,-3.9334,-6.78875,"0,813",37,6,"65,9332","-0,3418","228,8818","3,4714","363,2813"
2026 02 02 09:39:35:285,-3.9675,-6.70125,"0,813",37,6,"65,9332","-0,3418","228,8818","3,4714","359,375"
2026 02 02 09:39:35:287,-3.9675,-6.87625,"0,813",37,6,"65,9332","-0,3418","228,8818","3,4714","378,9063"
2026 02 02 09:39:35:289,-3.9334,-6.78875,"0,813",37,6,"65,9332","-0,3418","228,8818","3,4714","386,7188"
2026 02 02 09:39:35:291,-3.9675,-6.78875,"0,813",37,6,"65,9332","-0,3418","228,8818","3,4714","339,8438"
2026 02 02 09:39:35:293,-3.9675,-6.70125,"0,813",37,6,"65,9332","-0,3418","228,8818","3,4714","343,75"
2026 02 02 09:39:35:295,-3.9675,-6.70125,"0,813",37,6,"65,9332","-0,3418","228,8818","3,4714","398,4375"
2026 02 02 09:39:35:297,-3.9675,-6.70125,"0,813",37,6,"65,9332","-0,3418","228,8818","3,4714",375
2026 02 02 09:39:35:299,-3.9675,-6.78875,"0,813",37,6,"65,9332","-0,3418","228,8818","3,4714","359,375"
2026 02 02 09:39:35:301,-3.9675,-6.78875,"0,813",37,6,"65,9332","-0,3418","228,8818","3,4714","378,9063"
2026 02 02 09:39:35:303,-3.9675,-6.70125,"0,813",37,6,"65,9332","-0,3418","228,8818","3,4714","378,9063"
2026 02 02 09:39:35:305,-3.9675,-6.78875,"0,813",37,6,"65,9332","-0,3418","228,8818","3,4714","386,7188"
2026 02 02 09:39:35:307,-3.9675,-6.78875,"0,813",37,6,"65,9332","-0,3418","228,8818","3,4714","378,9063"
2026 02 02 09:39:35:309,-3.9675,-6.70125,"0,813",37,6,"65,9332","-0,3418","228,8818","3,4714","386,7188"
2026 02 02 09:39:35:311,-3.9675,-6.78875,"0,813",37,6,"65,9332","-0,3418","228,8818","3,4714","343,75"
2026 02 02 09:39:35:313,-3.9675,-6.78875,"0,813",37,6,"65,9332","-0,3418","228,8818","3,4714","335,9375"
2026 02 02 09:39:35:315,-3.9675,-6.70125,"0,813",37,6,"65,9332","-0,3418","228,8818","3,4714","394,5313"
2026 02 02 09:39:35:317,-3.9985,-6.78875,"0,813",37,6,"65,9332","-0,3418","228,8818","3,4714",375
2026 02 02 09:39:35:319,-3.9985,-6.78875,"0,813",37,6,"65,9332","-0,3418","228,8818","3,4714","378,9063"
2026 02 02 09:39:35:321,-3.9675,-6.78875,"0,813",37,6,"65,9332","-0,3418","228,8818","3,4714","359,375"
2026 02 02 09:39:35:323,-3.9675,-6.78875,"0,813",37,6,"65,9332","-0,3418","228,8818","3,4714","351,5625"
2026 02 02 09:39:35:325,-3.9675,-6.78875,"0,813",37,6,"65,9332","-0,3418","228,8818","3,4714","394,5313"
2026 02 02 09:39:35:327,-3.9675,-6.78875,"0,813",37,6,"65,9332","-0,3418","228,8818","3,4714",375
2026 02 02 09:39:35:329,-3.9985,-6.78875,"0,813",37,6,"65,9332","-0,3418","228,8818","3,4714","347,6563"
2026 02 02 09:39:35:331,-3.9675,-6.78875,"0,813",37,6,"65,9332","-0,3418","228,8818","3,4714","355,4688"
2026 02 02 09:39:35:333,-3.9675,-6.70125,"0,813",37,6,"65,9332","-0,3418","228,8818","3,4714","343,75"
2026 02 02 09:39:35:335,-3.9675,-6.78875,"0,813",37,6,"65,9332","-0,3418","228,8818","3,4714","359,375"
2026 02 02 09:39:35:337,-3.9985,-6.70125,"0,813",37,6,"65,9332","-0,3418","228,8818","3,4714","359,375"
2026 02 02 09:39:35:339,-3.9985,-6.78875,"0,813",37,6,"65,9332","-0,3418","228,8818","3,4714","351,5625"
2026 02 02 09:39:35:341,-3.9985,-6.78875,"0,813",37,6,"65,9332","-0,3418","228,8818","3,4714","347,6563"
2026 02 02 09:39:35:343,-3.9985,-6.78875,"0,813",37,6,"65,9332","-0,3418","228,8818","3,4714","347,6563"
2026 02 02 09:39:35:345,-3.9675,-6.70125,"0,813",37,6,"65,9332","-0,3418","228,8818","3,4714","371,0938"
2026 02 02 09:39:35:347,-3.9334,-6.78875,"0,813",37,6,"65,9332","-0,3418","228,8818","3,4714","355,4688"
2026 02 02 09:39:35:349,-3.9675,-6.70125,"0,813",37,6,"65,9332","-0,3418","228,8818","3,4714","335,9375"
2026 02 02 09:39:35:351,-3.9675,-6.78875,"0,813",37,6,"65,9332","-0,3418","228,8818","3,4714","332,0313"
2026 02 02 09:39:35:353,-3.9985,-6.78875,"0,813",37,6,"65,9332","-0,3418","228,8818","3,4714","335,9375"
2026 02 02 09:39:35:355,-3.9675,-6.78875,"0,813",37,6,"65,9332","-0,3418","228,8818","3,4714","351,5625"
2026 02 02 09:39:35:357,-3.9985,-6.78875,"0,813",37,6,"65,9332","-0,3418","228,8818","3,4714","343,75"
2026 02 02 09:39:35:359,-3.9985,-6.78875,"0,813",37,6,"65,9332","-0,3418","228,8818","3,4714","343,75"
2026 02 02 09:39:35:361,-3.9985,-6.78875,"0,813",37,6,"65,9332","-0,3418","228,8818","3,4714","343,75"
2026 02 02 09:39:35:363,-3.9675,-6.78875,"0,813",37,6,"65,9332","-0,3418","228,8818","3,4714","347,6563"
2026 02 02 09:39:35:365,-3.9675,-6.70125,"0,813",37,6,"65,9332","-0,3418","228,8818","3,4714","367,1875"
2026 02 02 09:39:35:367,-3.9675,-6.87625,"0,813",37,6,"65,9332","-0,3418","228,8818","3,4714","335,9375"
2026 02 02 09:39:35:369,-3.9985,-6.78875,"0,813",37,6,"65,9332","-0,3418","228,8818","3,4714","332,0313"
2026 02 02 09:39:35:371,-3.9985,-6.87625,"0,813",37,6,"65,9332","-0,3418","228,8818","3,4714","324,2188"
2026 02 02 09:39:35:373,-3.9675,-6.87625,"0,813",37,6,"65,9332","-0,3418","228,8818","3,4714","324,2188"
2026 02 02 09:39:35:375,-3.9985,-6.78875,"0,813",37,6,"65,9332","-0,3418","228,8818","3,4714","339,8438"
2026 02 02 09:39:35:377,-3.9985,-6.78875,"0,813",37,6,"65,9332","-0,3418","228,8818","3,4714","335,9375"
2026 02 02 09:39:35:379,-3.9334,-6.70125,"0,813",37,6,"65,9332","-0,3418","228,8818","3,4714","339,8438"
2026 02 02 09:39:35:381,-3.9985,-6.78875,"0,813",37,6,"65,9332","-0,3418","228,8818","3,4714","343,75"
2026 02 02 09:39:35:383,-3.9985,-6.78875,"0,813",37,6,"65,9332","-0,3418","228,8818","3,4714","332,0313"
2026 02 02 09:39:35:385,-3.9675,-6.70125,"0,813",37,6,"65,9332","-0,3418","228,8818","3,4714","355,4688"
2026 02 02 09:39:35:387,-3.9334,-6.78875,"0,813",37,6,"65,9332","-0,3418","228,8818","3,4714","343,75"
2026 02 02 09:39:35:389,-3.9675,-6.70125,"0,813",37,6,"65,9332","-0,3418","228,8818","3,4714","324,2188"
2026 02 02 09:39:35:391,-3.9675,-6.78875,"0,813",37,6,"65,9332","-0,3418","228,8818","3,4714","304,6875"
2026 02 02 09:39:35:393,-3.9675,-6.78875,"0,813",37,6,"65,9332","-0,3418","228,8818","3,4714","308,5938"
2026 02 02 09:39:35:395,-3.9675,-6.78875,"0,813",37,6,"65,9332","-0,3418","228,8818","3,4714","324,2188"
2026 02 02 09:39:35:397,-3.9675,-6.78875,"0,813",37,6,"65,9332","-0,3418","228,8818","3,4714","316,4063"
2026 02 02 09:39:35:399,-3.9985,-6.78875,"0,813",37,6,"65,9332","-0,3418","228,8818","3,4714","324,2188"
2026 02 02 09:39:35:401,-3.9675,-6.78875,"0,813",37,6,"65,9332","-0,3418","228,8818","3,4714","324,2188"
2026 02 02 09:39:35:403,-3.9675,-6.78875,"0,813",37,6,"65,9332","-0,3418","228,8818","3,4714","316,4063"
2026 02 02 09:39:35:405,-3.9675,-6.78875,"0,813",37,6,"65,9332","-0,3418","228,8818","3,4714","343,75"
2026 02 02 09:39:35:407,-3.9334,-6.70125,"0,813",37,6,"65,9332","-0,3418","228,8818","3,4714","324,2188"
2026 02 02 09:39:35:409,-3.9334,-6.78875,"0,813",37,6,"65,9332","-0,3418","228,8818","3,4714","316,4063"
2026 02 02 09:39:35:411,-3.9675,-6.70125,"0,813",37,6,"65,9332","-0,3418","228,8818","3,4714","292,9688"
2026 02 02 09:39:35:413,-3.9675,-6.78875,"0,916",45,8,"79,1779","-0,7379","308,3801","3,8948","292,9688"
2026 02 02 09:39:35:415,-3.9675,-6.70125,"0,916",45,8,"79,1779","-0,7379","308,3801","3,8948","308,5938"
2026 02 02 09:39:35:417,-3.9985,-6.78875,"0,916",45,8,"79,1779","-0,7379","308,3801","3,8948","300,7813"
2026 02 02 09:39:35:419,-3.9675,-6.78875,"0,916",45,8,"79,1779","-0,7379","308,3801","3,8948","292,9688"
2026 02 02 09:39:35:421,-3.9675,-6.78875,"0,916",45,8,"79,1779","-0,7379","308,3801","3,8948","300,7813"
2026 02 02 09:39:35:423,-3.9985,-6.78875,"0,916",45,8,"79,1779","-0,7379","308,3801","3,8948","292,9688"
2026 02 02 09:39:35:425,-3.9675,-6.70125,"0,916",45,8,"79,1779","-0,7379","308,3801","3,8948","316,4063"
2026 02 02 09:39:35:427,-3.9675,-6.78875,"0,916",45,8,"79,1779","-0,7379","308,3801","3,8948","308,5938"
2026 02 02 09:39:35:429,-3.9334,-6.70125,"0,916",45,8,"79,1779","-0,7379","308,3801","3,8948","289,0625"
2026 02 02 09:39:35:431,-3.9334,-6.70125,"0,916",45,8,"79,1779","-0,7379","308,3801","3,8948","281,25"
2026 02 02 09:39:35:433,-3.9675,-6.70125,"0,916",45,8,"79,1779","-0,7379","308,3801","3,8948","281,25"
2026 02 02 09:39:35:435,-3.9675,-6.78875,"0,916",45,8,"79,1779","-0,7379","308,3801","3,8948","292,9688"
2026 02 02 09:39:35:437,-3.9675,-6.78875,"0,916",45,8,"79,1779","-0,7379","308,3801","3,8948","296,875"
2026 02 02 09:39:35:439,-3.9675,-6.78875,"0,916",45,8,"79,1779","-0,7379","308,3801","3,8948","289,0625"
2026 02 02 09:39:35:441,-3.9675,-6.78875,"0,916",45,8,"79,1779","-0,7379","308,3801","3,8948","289,0625"
2026 02 02 09:39:35:443,-3.9985,-6.78875,"0,916",45,8,"79,1779","-0,7379","308,3801","3,8948","292,9688"
2026 02 02 09:39:35:445,-3.9985,-6.78875,"0,916",45,8,"79,1779","-0,7379","308,3801","3,8948","308,5938"
2026 02 02 09:39:35:447,-3.9675,-6.78875,"0,916",45,8,"79,1779","-0,7379","308,3801","3,8948","300,7813"
2026 02 02 09:39:35:449,-3.9675,-6.78875,"0,916",45,8,"79,1779","-0,7379","308,3801","3,8948","285,1563"
2026 02 02 09:39:35:451,-3.9675,-6.70125,"0,916",45,8,"79,1779","-0,7379","308,3801","3,8948","265,625"
2026 02 02 09:39:35:453,-3.9675,-6.78875,"0,916",45,8,"79,1779","-0,7379","308,3801","3,8948","277,3438"
2026 02 02 09:39:35:455,-3.9675,-6.78875,"0,916",45,8,"79,1779","-0,7379","308,3801","3,8948","285,1563"
2026 02 02 09:39:35:457,-3.9334,-6.70125,"0,916",45,8,"79,1779","-0,7379","308,3801","3,8948","289,0625"
2026 02 02 09:39:35:459,-3.9675,-6.70125,"0,916",45,8,"79,1779","-0,7379","308,3801","3,8948","277,3438"
2026 02 02 09:39:35:461,-3.9675,-6.70125,"0,916",45,8,"79,1779","-0,7379","308,3801","3,8948","285,1563"
2026 02 02 09:39:35:463,-3.9334,-6.70125,"0,916",45,8,"79,1779","-0,7379","308,3801","3,8948","281,25"
2026 02 02 09:39:35:465,-3.9334,-6.78875,"0,916",45,8,"79,1779","-0,7379","308,3801","3,8948","296,875"
2026 02 02 09:39:35:467,-3.9675,-6.78875,"0,916",45,8,"79,1779","-0,7379","308,3801","3,8948","285,1563"
2026 02 02 09:39:35:469,-3.9675,-6.78875,"0,916",45,8,"79,1779","-0,7379","308,3801","3,8948","273,4375"
2026 02 02 09:39:35:471,-3.9675,-6.70125,"0,916",45,8,"79,1779","-0,7379","308,3801","3,8948","253,9063"
2026 02 02 09:39:35:473,-3.9675,-6.78875,"0,916",45,8,"79,1779","-0,7379","308,3801","3,8948","261,7188"
2026 02 02 09:39:35:475,-3.9675,-6.78875,"0,916",45,8,"79,1779","-0,7379","308,3801","3,8948","273,4375"
2026 02 02 09:39:35:477,-3.9675,-6.78875,"0,916",45,8,"79,1779","-0,7379","308,3801","3,8948","277,3438"
2026 02 02 09:39:35:479,-3.9985,-6.78875,"0,916",45,8,"79,1779","-0,7379","308,3801","3,8948","273,4375"
2026 02 02 09:39:35:481,-3.9675,-6.78875,"0,916",45,8,"79,1779","-0,7379","308,3801","3,8948","273,4375"
2026 02 02 09:39:35:483,-3.9334,-6.78875,"0,916",45,8,"79,1779","-0,7379","308,3801","3,8948","265,625"
2026 02 02 09:39:35:485,-3.9675,-6.78875,"0,916",45,8,"79,1779","-0,7379","308,3801","3,8948","285,1563"
2026 02 02 09:39:35:487,-3.9675,-6.70125,"0,916",45,8,"79,1779","-0,7379","308,3801","3,8948","273,4375"
2026 02 02 09:39:35:489,-3.9675,-6.70125,"0,916",45,8,"79,1779","-0,7379","308,3801","3,8948","253,9063"
2026 02 02 09:39:35:491,-3.9675,-6.70125,"0,916",45,8,"79,1779","-0,7379","308,3801","3,8948","238,2813"
2026 02 02 09:39:35:493,-3.9675,-6.70125,"0,916",45,8,"79,1779","-0,7379","308,3801","3,8948","242,1875"
2026 02 02 09:39:35:495,-3.9675,-6.70125,"0,916",45,8,"79,1779","-0,7379","308,3801","3,8948","257,8125"
2026 02 02 09:39:35:497,-3.9675,-6.70125,"0,916",45,8,"79,1779","-0,7379","308,3801","3,8948","261,7188"
2026 02 02 09:39:35:499,-3.9985,-6.78875,"0,916",45,8,"79,1779","-0,7379","308,3801","3,8948","257,8125"
2026 02 02 09:39:35:501,-3.9985,-6.78875,"0,916",45,8,"79,1779","-0,7379","308,3801","3,8948","261,7188"
2026 02 02 09:39:35:503,-3.9985,-6.78875,"0,916",45,8,"79,1779","-0,7379","308,3801","3,8948","257,8125"
2026 02 02 09:39:35:505,-3.9675,-6.78875,"0,916",45,8,"79,1779","-0,7379","308,3801","3,8948","277,3438"
2026 02 02 09:39:35:507,-3.9675,-6.70125,"0,916",45,8,"79,1779","-0,7379","308,3801","3,8948","261,7188"
2026 02 02 09:39:35:509,-3.9675,-6.78875,"0,916",45,8,"79,1779","-0,7379","308,3801","3,8948","242,1875"
2026 02 02 09:39:35:511,-3.9675,-6.78875,"0,916",45,8,"79,1779","-0,7379","308,3801","3,8948","226,5625"
2026 02 02 09:39:35:513,-3.9334,-6.70125,"0,916",45,8,"79,1779","-0,7379","308,3801","3,8948","234,375"
2026 02 02 09:39:35:515,-3.9675,-6.70125,"0,916",45,8,"79,1779","-0,7379","308,3801","3,8948",250
2026 02 02 09:39:35:517,-3.9675,-6.78875,"0,916",45,8,"79,1779","-0,7379","308,3801","3,8948","246,0938"
2026 02 02 09:39:35:519,-3.9675,-6.78875,"0,916",45,8,"79,1779","-0,7379","308,3801","3,8948",250
2026 02 02 09:39:35:521,-3.9675,-6.78875,"0,916",45,8,"79,1779","-0,7379","308,3801","3,8948","253,9063"
2026 02 02 09:39:35:523,-3.9334,-6.78875,"0,916",45,8,"79,1779","-0,7379","308,3801","3,8948","246,0938"
2026 02 02 09:39:35:525,-3.9675,-6.78875,"0,916",45,8,"79,1779","-0,7379","308,3801","3,8948","273,4375"
2026 02 02 09:39:35:527,-3.9675,-6.70125,"0,916",45,8,"79,1779","-0,7379","308,3801","3,8948","253,9063"
2026 02 02 09:39:35:529,-3.9985,-6.78875,"0,916",45,8,"79,1779","-0,7379","308,3801","3,8948","242,1875"
2026 02 02 09:39:35:531,-3.9985,-6.78875,"0,916",45,8,"79,1779","-0,7379","308,3801","3,8948","222,6563"
2026 02 02 09:39:35:533,-3.9675,-6.70125,"0,916",45,8,"79,1779","-0,7379","308,3801","3,8948","222,6563"
2026 02 02 09:39:35:535,-3.9675,-6.78875,"0,916",45,8,"79,1779","-0,7379","308,3801","3,8948","242,1875"
2026 02 02 09:39:35:537,-3.9985,-6.70125,"0,916",45,8,"79,1779","-0,7379","308,3801","3,8948","238,2813"
2026 02 02 09:39:35:539,-3.9675,-6.70125,"0,916",45,8,"79,1779","-0,7379","308,3801","3,8948","230,4688"
2026 02 02 09:39:35:541,-3.9985,-6.78875,"0,916",45,8,"79,1779","-0,7379","308,3801","3,8948","242,1875"
2026 02 02 09:39:35:543,-3.9675,-6.70125,"0,916",45,8,"79,1779","-0,7379","308,3801","3,8948","238,2813"
2026 02 02 09:39:35:545,-3.9334,-6.70125,"0,916",45,8,"79,1779","-0,7379","308,3801","3,8948","253,9063"
2026 02 02 09:39:35:547,-3.9675,-6.70125,"0,916",45,8,"79,1779","-0,7379","308,3801","3,8948","246,0938"
2026 02 02 09:39:35:549,-3.9675,-6.78875,"0,916",45,8,"79,1779","-0,7379","308,3801","3,8948","226,5625"
2026 02 02 09:39:35:551,-3.9985,-6.78875,"0,916",45,8,"79,1779","-0,7379","308,3801","3,8948","214,8438"
2026 02 02 09:39:35:553,-3.9334,-6.78875,"0,916",45,8,"79,1779","-0,7379","308,3801","3,8948","210,9375"
2026 02 02 09:39:35:555,-3.9675,-6.78875,"0,916",45,8,"79,1779","-0,7379","308,3801","3,8948","226,5625"
2026 02 02 09:39:35:557,-3.9985,-6.78875,"0,916",45,8,"79,1779","-0,7379","308,3801","3,8948","238,2813"
2026 02 02 09:39:35:559,-3.9675,-6.78875,"0,916",45,8,"79,1779","-0,7379","308,3801","3,8948","218,75"
2026 02 02 09:39:35:561,-3.9675,-6.87625,"0,916",45,8,"79,1779","-0,7379","308,3801","3,8948","226,5625"
2026 02 02 09:39:35:563,-3.9675,-6.78875,"0,916",45,8,"79,1779","-0,7379","308,3801","3,8948","226,5625"
2026 02 02 09:39:35:565,-3.9675,-6.78875,"0,916",45,8,"79,1779","-0,7379","308,3801","3,8948","246,0938"
2026 02 02 09:39:35:567,-3.9675,-6.70125,"0,916",45,8,"79,1779","-0,7379","308,3801","3,8948","230,4688"
2026 02 02 09:39:35:569,-3.9985,-6.78875,"0,916",45,8,"79,1779","-0,7379","308,3801","3,8948","214,8438"
2026 02 02 09:39:35:571,-3.9675,-6.78875,"0,916",45,8,"79,1779","-0,7379","308,3801","3,8948","203,125"
2026 02 02 09:39:35:573,-3.9675,-6.78875,"0,916",45,8,"79,1779","-0,7379","308,3801","3,8948","203,125"
2026 02 02 09:39:35:575,-3.9334,-6.78875,"0,916",45,8,"79,1779","-0,7379","308,3801","3,8948","214,8438"
2026 02 02 09:39:35:577,-3.9675,-6.70125,"0,916",45,8,"79,1779","-0,7379","308,3801","3,8948","222,6563"
2026 02 02 09:39:35:579,-3.9675,-6.70125,"0,916",45,8,"79,1779","-0,7379","308,3801","3,8948","214,8438"
2026 02 02 09:39:35:581,-3.9334,-6.70125,"0,916",45,8,"79,1779","-0,7379","308,3801","3,8948","214,8438"
2026 02 02 09:39:35:583,-3.9675,-6.78875,"0,916",45,8,"79,1779","-0,7379","308,3801","3,8948","218,75"
2026 02 02 09:39:35:585,-3.9334,-6.87625,"0,916",45,8,"79,1779","-0,7379","308,3801","3,8948","230,4688"
2026 02 02 09:39:35:587,-3.9675,-6.78875,"0,916",45,8,"79,1779","-0,7379","308,3801","3,8948","222,6563"
2026 02 02 09:39:35:589,-3.9675,-6.78875,"0,916",45,8,"79,1779","-0,7379","308,3801","3,8948","207,0313"
2026 02 02 09:39:35:591,-3.9675,-6.78875,"0,916",45,8,"79,1779","-0,7379","308,3801","3,8948","191,4063"
2026 02 02 09:39:35:593,-3.9334,-6.78875,"0,916",45,8,"79,1779","-0,7379","308,3801","3,8948","203,125"
2026 02 02 09:39:35:595,-3.9675,-6.70125,"0,916",45,8,"79,1779","-0,7379","308,3801","3,8948","210,9375"
2026 02 02 09:39:35:597,-3.9334,-6.70125,"0,916",45,8,"79,1779","-0,7379","308,3801","3,8948","214,8438"
2026 02 02 09:39:35:599,-3.9985,-6.70125,"0,916",45,8,"79,1779","-0,7379","308,3801","3,8948","207,0313"
2026 02 02 09:39:35:601,-3.9675,-6.70125,"0,916",45,8,"79,1779","-0,7379","308,3801","3,8948","207,0313"
2026 02 02 09:39:35:603,-3.9675,-6.78875,"0,916",45,8,"79,1779","-0,7379","308,3801","3,8948","214,8438"
2026 02 02 09:39:35:605,-3.9675,-6.78875,"0,916",45,8,"79,1779","-0,7379","308,3801","3,8948","226,5625"
2026 02 02 09:39:35:607,-3.9675,-6.78875,"0,916",45,8,"79,1779","-0,7379","308,3801","3,8948","214,8438"
2026 02 02 09:39:35:609,-3.9985,-6.78875,"0,916",45,8,"79,1779","-0,7379","308,3801","3,8948","203,125"
2026 02 02 09:39:35:611,-3.9334,-6.70125,"0,916",45,8,"79,1779","-0,7379","308,3801","3,8948","179,6875"
2026 02 02 09:39:35:613,-3.9675,-6.70125,"0,916",45,8,"79,1779","-0,7379","308,3801","3,8948","183,5938"
2026 02 02 09:39:35:615,-3.9675,-6.78875,"0,916",45,8,"79,1779","-0,7379","308,3801","3,8948","203,125"
2026 02 02 09:39:35:617,-3.9675,-6.78875,"0,916",45,8,"79,1779","-0,7379","308,3801","3,8948","207,0313"
2026 02 02 09:39:35:619,-3.9675,-6.78875,"0,916",45,8,"79,1779","-0,7379","308,3801","3,8948","195,3125"
2026 02 02 09:39:35:621,-3.9334,-6.78875,"0,916",45,8,"79,1779","-0,7379","308,3801","3,8948","199,2188"
2026 02 02 09:39:35:623,-3.9675,-6.78875,"0,916",45,8,"79,1779","-0,7379","308,3801","3,8948","207,0313"
2026 02 02 09:39:35:625,-3.9985,-6.78875,"0,916",45,8,"79,1779","-0,7379","308,3801","3,8948","214,8438"
2026 02 02 09:39:35:627,-3.9675,-6.78875,"0,916",45,8,"79,1779","-0,7379","308,3801","3,8948","203,125"
2026 02 02 09:39:35:629,-3.9675,-6.70125,"0,916",45,8,"79,1779","-0,7379","308,3801","3,8948","187,5"
2026 02 02 09:39:35:631,-3.9675,-6.70125,"0,916",45,8,"79,1779","-0,7379","308,3801","3,8948","171,875"
2026 02 02 09:39:35:633,-3.9334,-6.70125,"0,916",45,8,"79,1779","-0,7379","308,3801","3,8948","183,5938"
2026 02 02 09:39:35:635,-3.9675,-6.78875,"0,916",45,8,"79,1779","-0,7379","308,3801","3,8948","191,4063"
2026 02 02 09:39:35:637,-3.9334,-6.78875,"0,916",45,8,"79,1779","-0,7379","308,3801","3,8948","191,4063"
2026 02 02 09:39:35:639,-3.9675,-6.78875,"0,916",45,8,"79,1779","-0,7379","308,3801","3,8948","187,5"
2026 02 02 09:39:35:641,-3.9675,-6.70125,"0,916",45,8,"79,1779","-0,7379","308,3801","3,8948","191,4063"
2026 02 02 09:39:35:643,-3.9985,-6.70125,"0,916",45,8,"79,1779","-0,7379","308,3801","3,8948","195,3125"
2026 02 02 09:39:35:645,-3.9675,-6.78875,"0,916",45,8,"79,1779","-0,7379","308,3801","3,8948","199,2188"
2026 02 02 09:39:35:647,-3.9675,-6.78875,"0,916",45,8,"79,1779","-0,7379","308,3801","3,8948","195,3125"
2026 02 02 09:39:35:649,-3.9675,-6.70125,"0,916",45,8,"79,1779","-0,7379","308,3801","3,8948","179,6875"
2026 02 02 09:39:35:651,-3.9675,-6.78875,"0,916",45,8,"79,1779","-0,7379","308,3801","3,8948","160,1563"
2026 02 02 09:39:35:653,-3.9675,-6.70125,"0,916",45,8,"79,1779","-0,7379","308,3801","3,8948","160,1563"
2026 02 02 09:39:35:655,-3.9675,-6.78875,"0,916",45,8,"79,1779","-0,7379","308,3801","3,8948","183,5938"
2026 02 02 09:39:35:657,-3.9675,-6.78875,"0,916",45,8,"79,1779","-0,7379","308,3801","3,8948","183,5938"
2026 02 02 09:39:35:659,-3.9675,-6.87625,"0,916",45,8,"79,1779","-0,7379","308,3801","3,8948","179,6875"
2026 02 02 09:39:35:661,-3.9675,-6.70125,"0,916",45,8,"79,1779","-0,7379","308,3801","3,8948","179,6875"
2026 02 02 09:39:35:663,-3.9985,-6.70125,"0,916",45,8,"79,1779","-0,7379","308,3801","3,8948","187,5"
2026 02 02 09:39:35:665,-3.9675,-6.78875,"0,916",45,8,"79,1779","-0,7379","308,3801","3,8948","195,3125"
2026 02 02 09:39:35:667,-3.9675,-6.70125,"0,916",45,8,"79,1779","-0,7379","308,3801","3,8948","191,4063"
2026 02 02 09:39:35:669,-3.9675,-6.78875,"0,916",45,8,"79,1779","-0,7379","308,3801","3,8948","167,9688"
2026 02 02 09:39:35:671,-3.9985,-6.78875,"0,916",45,8,"79,1779","-0,7379","308,3801","3,8948","156,25"
2026 02 02 09:39:35:673,-3.9675,-6.70125,"0,916",45,8,"79,1779","-0,7379","308,3801","3,8948","156,25"
2026 02 02 09:39:35:675,-3.9675,-6.70125,"0,916",45,8,"79,1779","-0,7379","308,3801","3,8948","175,7813"
2026 02 02 09:39:35:677,-3.9675,-6.70125,"0,916",45,8,"79,1779","-0,7379","308,3801","3,8948","175,7813"
2026 02 02 09:39:35:679,-3.9675,-6.70125,"0,916",45,8,"79,1779","-0,7379","308,3801","3,8948","171,875"
2026 02 02 09:39:35:681,-3.9675,-6.70125,"0,916",45,8,"79,1779","-0,7379","308,3801","3,8948","175,7813"
2026 02 02 09:39:35:683,-3.9675,-6.70125,"0,916",45,8,"79,1779","-0,7379","308,3801","3,8948","175,7813"
2026 02 02 09:39:35:685,-3.9675,-6.78875,"0,916",45,8,"79,1779","-0,7379","308,3801","3,8948","195,3125"
2026 02 02 09:39:35:687,-3.9675,-6.78875,"0,916",45,8,"79,1779","-0,7379","308,3801","3,8948","183,5938"
2026 02 02 09:39:35:689,-3.9675,-6.78875,"0,916",45,8,"79,1779","-0,7379","308,3801","3,8948","160,1563"
2026 02 02 09:39:35:691,-3.9675,-6.70125,"0,916",45,8,"79,1779","-0,7379","308,3801","3,8948","152,3438"
2026 02 02 09:39:35:693,-3.9675,-6.70125,"0,916",45,8,"79,1779","-0,7379","308,3801","3,8948","148,4375"
2026 02 02 09:39:35:695,-3.9334,-6.78875,"0,916",45,8,"79,1779","-0,7379","308,3801","3,8948","167,9688"
2026 02 02 09:39:35:697,-3.9334,-6.70125,"0,916",45,8,"79,1779","-0,7379","308,3801","3,8948","164,0625"
2026 02 02 09:39:35:699,-3.9675,-6.78875,"0,916",45,8,"79,1779","-0,7379","308,3801","3,8948","167,9688"
2026 02 02 09:39:35:701,-3.9675,-6.78875,"0,916",45,8,"79,1779","-0,7379","308,3801","3,8948","164,0625"
2026 02 02 09:39:35:703,-3.9675,-6.70125,"0,916",45,8,"79,1779","-0,7379","308,3801","3,8948","171,875"
2026 02 02 09:39:35:705,-3.9675,-6.78875,"0,916",45,8,"79,1779","-0,7379","308,3801","3,8948","183,5938"
2026 02 02 09:39:35:707,-3.9985,-6.78875,"0,916",45,8,"79,1779","-0,7379","308,3801","3,8948","171,875"
2026 02 02 09:39:35:709,-3.9985,-6.78875,"0,916",45,8,"79,1779","-0,7379","308,3801","3,8948","156,25"
2026 02 02 09:39:35:711,-3.9985,-6.78875,"1,048",36,11,"53,833","0,1089","352,2186","6,5428","140,625"
2026 02 02 09:39:35:713,-3.9675,-6.78875,"1,048",36,11,"53,833","0,1089","352,2186","6,5428","140,625"
2026 02 02 09:39:35:715,-3.9675,-6.78875,"1,048",36,11,"53,833","0,1089","352,2186","6,5428","160,1563"
2026 02 02 09:39:35:717,-3.9675,-6.70125,"1,048",36,11,"53,833","0,1089","352,2186","6,5428","160,1563"
2026 02 02 09:39:35:719,-3.9675,-6.78875,"1,048",36,11,"53,833","0,1089","352,2186","6,5428","160,1563"
2026 02 02 09:39:35:721,-3.9334,-6.78875,"1,048",36,11,"53,833","0,1089","352,2186","6,5428","160,1563"
2026 02 02 09:39:35:723,-3.9675,-6.70125,"1,048",36,11,"53,833","0,1089","352,2186","6,5428","160,1563"
2026 02 02 09:39:35:725,-3.9985,-6.70125,"1,048",36,11,"53,833","0,1089","352,2186","6,5428","175,7813"
2026 02 02 09:39:35:727,-3.9675,-6.78875,"1,048",36,11,"53,833","0,1089","352,2186","6,5428","160,1563"
2026 02 02 09:39:35:729,-3.9675,-6.78875,"1,048",36,11,"53,833","0,1089","352,2186","6,5428","148,4375"
2026 02 02 09:39:35:731,-3.9334,-6.78875,"1,048",36,11,"53,833","0,1089","352,2186","6,5428","128,9063"
2026 02 02 09:39:35:733,-3.9985,-6.70125,"1,048",36,11,"53,833","0,1089","352,2186","6,5428",125
2026 02 02 09:39:35:735,-3.9334,-6.70125,"1,048",36,11,"53,833","0,1089","352,2186","6,5428","148,4375"
2026 02 02 09:39:35:737,-3.9334,-6.70125,"1,048",36,11,"53,833","0,1089","352,2186","6,5428","156,25"
2026 02 02 09:39:35:739,-3.9675,-6.70125,"1,048",36,11,"53,833","0,1089","352,2186","6,5428","152,3438"
2026 02 02 09:39:35:741,-3.9675,-6.78875,"1,048",36,11,"53,833","0,1089","352,2186","6,5428","148,4375"
2026 02 02 09:39:35:743,-3.9985,-6.70125,"1,048",36,11,"53,833","0,1089","352,2186","6,5428","160,1563"
2026 02 02 09:39:35:745,-3.9675,-6.70125,"1,048",36,11,"53,833","0,1089","352,2186","6,5428","167,9688"
2026 02 02 09:39:35:747,-3.9675,-6.70125,"1,048",36,11,"53,833","0,1089","352,2186","6,5428","160,1563"
2026 02 02 09:39:35:749,-3.9675,-6.78875,"1,048",36,11,"53,833","0,1089","352,2186","6,5428","140,625"
2026 02 02 09:39:35:751,-3.9675,-6.70125,"1,048",36,11,"53,833","0,1089","352,2186","6,5428",125
2026 02 02 09:39:35:753,-3.9675,-6.78875,"1,048",36,11,"53,833","0,1089","352,2186","6,5428","121,0938"
2026 02 02 09:39:35:755,-3.9675,-6.70125,"1,048",36,11,"53,833","0,1089","352,2186","6,5428","144,5313"
2026 02 02 09:39:35:757,-3.9675,-6.78875,"1,048",36,11,"53,833","0,1089","352,2186","6,5428","140,625"
2026 02 02 09:39:35:759,-3.9334,-6.78875,"1,048",36,11,"53,833","0,1089","352,2186","6,5428","140,625"
2026 02 02 09:39:35:761,-3.9675,-6.78875,"1,048",36,11,"53,833","0,1089","352,2186","6,5428","140,625"
2026 02 02 09:39:35:763,-3.9675,-6.70125,"1,048",36,11,"53,833","0,1089","352,2186","6,5428","148,4375"
2026 02 02 09:39:35:765,-3.9985,-6.70125,"1,048",36,11,"53,833","0,1089","352,2186","6,5428","160,1563"
2026 02 02 09:39:35:767,-3.9675,-6.70125,"1,048",36,11,"53,833","0,1089","352,2186","6,5428","152,3438"
2026 02 02 09:39:35:769,-3.9675,-6.78875,"1,048",36,11,"53,833","0,1089","352,2186","6,5428","128,9063"
2026 02 02 09:39:35:771,-3.9675,-6.70125,"1,048",36,11,"53,833","0,1089","352,2186","6,5428","113,2813"
2026 02 02 09:39:35:773,-3.9675,-6.78875,"1,048",36,11,"53,833","0,1089","352,2186","6,5428","117,1875"
2026 02 02 09:39:35:775,-3.9675,-6.70125,"1,048",36,11,"53,833","0,1089","352,2186","6,5428","136,7188"
2026 02 02 09:39:35:777,-3.9675,-6.78875,"1,048",36,11,"53,833","0,1089","352,2186","6,5428","136,7188"
2026 02 02 09:39:35:779,-3.9675,-6.78875,"1,048",36,11,"53,833","0,1089","352,2186","6,5428","132,8125"
2026 02 02 09:39:35:781,-3.9675,-6.70125,"1,048",36,11,"53,833","0,1089","352,2186","6,5428","140,625"
2026 02 02 09:39:35:783,-3.9675,-6.70125,"1,048",36,11,"53,833","0,1089","352,2186","6,5428","140,625"
2026 02 02 09:39:35:785,-3.9675,-6.78875,"1,048",36,11,"53,833","0,1089","352,2186","6,5428","156,25"
2026 02 02 09:39:35:787,-3.9675,-6.78875,"1,048",36,11,"53,833","0,1089","352,2186","6,5428","144,5313"
2026 02 02 09:39:35:789,-3.9675,-6.78875,"1,048",36,11,"53,833","0,1089","352,2186","6,5428",125
2026 02 02 09:39:35:791,-3.9675,-6.70125,"1,048",36,11,"53,833","0,1089","352,2186","6,5428","109,375"
2026 02 02 09:39:35:793,-3.9675,-6.70125,"1,048",36,11,"53,833","0,1089","352,2186","6,5428","101,5625"
2026 02 02 09:39:35:795,-3.9675,-6.70125,"1,048",36,11,"53,833","0,1089","352,2186","6,5428","128,9063"
2026 02 02 09:39:35:797,-3.9675,-6.78875,"1,048",36,11,"53,833","0,1089","352,2186","6,5428","132,8125"
2026 02 02 09:39:35:799,-3.9985,-6.70125,"1,048",36,11,"53,833","0,1089","352,2186","6,5428",125
2026 02 02 09:39:35:801,-3.9675,-6.78875,"1,048",36,11,"53,833","0,1089","352,2186","6,5428","128,9063"
2026 02 02 09:39:35:803,-3.9675,-6.78875,"1,048",36,11,"53,833","0,1089","352,2186","6,5428","132,8125"
2026 02 02 09:39:35:805,-3.9334,-6.70125,"1,048",36,11,"53,833","0,1089","352,2186","6,5428","148,4375"
2026 02 02 09:39:35:807,-3.9985,-6.78875,"1,048",36,11,"53,833","0,1089","352,2186","6,5428","132,8125"
2026 02 02 09:39:35:809,-3.9675,-6.70125,"1,048",36,11,"53,833","0,1089","352,2186","6,5428","121,0938"
2026 02 02 09:39:35:811,-3.9675,-6.78875,"1,048",36,11,"53,833","0,1089","352,2186","6,5428","101,5625"
2026 02 02 09:39:35:813,-3.9675,-6.78875,"1,048",36,11,"53,833","0,1089","352,2186","6,5428","97,6563"
2026 02 02 09:39:35:815,-3.9675,-6.78875,"1,048",36,11,"53,833","0,1089","352,2186","6,5428",125
2026 02 02 09:39:35:817,-3.9675,-6.78875,"1,048",36,11,"53,833","0,1089","352,2186","6,5428","117,1875"
2026 02 02 09:39:35:819,-3.9675,-6.78875,"1,048",36,11,"53,833","0,1089","352,2186","6,5428",125
2026 02 02 09:39:35:821,-3.9675,-6.70125,"1,048",36,11,"53,833","0,1089","352,2186","6,5428",125
2026 02 02 09:39:35:823,-3.9675,-6.78875,"1,048",36,11,"53,833","0,1089","352,2186","6,5428","128,9063"
2026 02 02 09:39:35:825,-3.9675,-6.70125,"1,048",36,11,"53,833","0,1089","352,2186","6,5428","144,5313"
2026 02 02 09:39:35:827,-3.9675,-6.78875,"1,048",36,11,"53,833","0,1089","352,2186","6,5428","128,9063"
2026 02 02 09:39:35:829,-3.9675,-6.78875,"1,048",36,11,"53,833","0,1089","352,2186","6,5428","109,375"
2026 02 02 09:39:35:831,-3.9985,-6.78875,"1,048",36,11,"53,833","0,1089","352,2186","6,5428","93,75"
2026 02 02 09:39:35:833,-3.9675,-6.70125,"1,048",36,11,"53,833","0,1089","352,2186","6,5428","93,75"
2026 02 02 09:39:35:835,-3.9675,-6.70125,"1,048",36,11,"53,833","0,1089","352,2186","6,5428","117,1875"
2026 02 02 09:39:35:837,-3.9334,-6.78875,"1,048",36,11,"53,833","0,1089","352,2186","6,5428","117,1875"
2026 02 02 09:39:35:839,-3.9675,-6.70125,"1,048",36,11,"53,833","0,1089","352,2186","6,5428","117,1875"
2026 02 02 09:39:35:841,-3.9675,-6.78875,"1,048",36,11,"53,833","0,1089","352,2186","6,5428","113,2813"
2026 02 02 09:39:35:843,-3.9675,-6.70125,"1,048",36,11,"53,833","0,1089","352,2186","6,5428",125
2026 02 02 09:39:35:845,-3.9985,-6.78875,"1,048",36,11,"53,833","0,1089","352,2186","6,5428","132,8125"
2026 02 02 09:39:35:847,-3.9675,-6.70125,"1,048",36,11,"53,833","0,1089","352,2186","6,5428","117,1875"
2026 02 02 09:39:35:849,-3.9985,-6.78875,"1,048",36,11,"53,833","0,1089","352,2186","6,5428","105,4688"
2026 02 02 09:39:35:851,-3.9675,-6.70125,"1,048",36,11,"53,833","0,1089","352,2186","6,5428","89,8438"
2026 02 02 09:39:35:853,-3.9675,-6.78875,"1,048",36,11,"53,833","0,1089","352,2186","6,5428","82,0313"
2026 02 02 09:39:35:855,-3.9675,-6.78875,"1,048",36,11,"53,833","0,1089","352,2186","6,5428","113,2813"
2026 02 02 09:39:35:857,-3.9675,-6.87625,"1,048",36,11,"53,833","0,1089","352,2186","6,5428","105,4688"
2026 02 02 09:39:35:859,-3.9675,-6.87625,"1,048",36,11,"53,833","0,1089","352,2186","6,5428","109,375"
2026 02 02 09:39:35:861,-3.9675,-6.70125,"1,048",36,11,"53,833","0,1089","352,2186","6,5428","109,375"
2026 02 02 09:39:35:863,-3.9675,-6.78875,"1,048",36,11,"53,833","0,1089","352,2186","6,5428","117,1875"
2026 02 02 09:39:35:865,-3.9675,-6.78875,"1,048",36,11,"53,833","0,1089","352,2186","6,5428","128,9063"
2026 02 02 09:39:35:867,-3.9675,-6.78875,"1,048",36,11,"53,833","0,1089","352,2186","6,5428","113,2813"
2026 02 02 09:39:35:869,-3.9985,-6.78875,"1,048",36,11,"53,833","0,1089","352,2186","6,5428","97,6563"
2026 02 02 09:39:35:871,-3.9675,-6.78875,"1,048",36,11,"53,833","0,1089","352,2186","6,5428","82,0313"
2026 02 02 09:39:35:873,-3.9334,-6.70125,"1,048",36,11,"53,833","0,1089","352,2186","6,5428","78,125"
2026 02 02 09:39:35:875,-3.9334,-6.78875,"1,048",36,11,"53,833","0,1089","352,2186","6,5428","101,5625"
2026 02 02 09:39:35:877,-3.9334,-6.78875,"1,048",36,11,"53,833","0,1089","352,2186","6,5428","101,5625"
2026 02 02 09:39:35:879,-3.9334,-6.78875,"1,048",36,11,"53,833","0,1089","352,2186","6,5428","105,4688"
2026 02 02 09:39:35:881,-3.9334,-6.78875,"1,048",36,11,"53,833","0,1089","352,2186","6,5428","101,5625"
2026 02 02 09:39:35:883,-3.9675,-6.78875,"1,048",36,11,"53,833","0,1089","352,2186","6,5428","113,2813"
2026 02 02 09:39:35:885,-3.9675,-6.87625,"1,048",36,11,"53,833","0,1089","352,2186","6,5428",125
2026 02 02 09:39:35:887,-3.9675,-6.78875,"1,048",36,11,"53,833","0,1089","352,2186","6,5428","109,375"
2026 02 02 09:39:35:889,-3.9675,-6.70125,"1,048",36,11,"53,833","0,1089","352,2186","6,5428","89,8438"
2026 02 02 09:39:35:891,-3.9334,-6.78875,"1,048",36,11,"53,833","0,1089","352,2186","6,5428","78,125"
2026 02 02 09:39:35:893,-3.9675,-6.78875,"1,048",36,11,"53,833","0,1089","352,2186","6,5428","74,2188"
2026 02 02 09:39:35:895,-3.9675,-6.70125,"1,048",36,11,"53,833","0,1089","352,2186","6,5428","93,75"
2026 02 02 09:39:35:897,-3.9985,-6.78875,"1,048",36,11,"53,833","0,1089","352,2186","6,5428","101,5625"
2026 02 02 09:39:35:899,-3.9985,-6.78875,"1,048",36,11,"53,833","0,1089","352,2186","6,5428","97,6563"
2026 02 02 09:39:35:901,-3.9675,-6.78875,"1,048",36,11,"53,833","0,1089","352,2186","6,5428","97,6563"
2026 02 02 09:39:35:903,-3.9675,-6.78875,"1,048",36,11,"53,833","0,1089","352,2186","6,5428","105,4688"
2026 02 02 09:39:35:905,-3.9675,-6.78875,"1,048",36,11,"53,833","0,1089","352,2186","6,5428","121,0938"
2026 02 02 09:39:35:907,-3.9675,-6.87625,"1,048",36,11,"53,833","0,1089","352,2186","6,5428","101,5625"
2026 02 02 09:39:35:909,-3.9675,-6.78875,"1,048",36,11,"53,833","0,1089","352,2186","6,5428","85,9375"
2026 02 02 09:39:35:911,-3.9675,-6.78875,"1,048",36,11,"53,833","0,1089","352,2186","6,5428","70,3125"
2026 02 02 09:39:35:913,-3.9334,-6.78875,"1,048",36,11,"53,833","0,1089","352,2186","6,5428","66,4063"
2026 02 02 09:39:35:915,-3.9675,-6.70125,"1,048",36,11,"53,833","0,1089","352,2186","6,5428","89,8438"
2026 02 02 09:39:35:917,-3.9675,-6.78875,"1,048",36,11,"53,833","0,1089","352,2186","6,5428","97,6563"
2026 02 02 09:39:35:919,-3.9985,-6.70125,"1,048",36,11,"53,833","0,1089","352,2186","6,5428","93,75"
2026 02 02 09:39:35:921,-3.9675,-6.78875,"1,048",36,11,"53,833","0,1089","352,2186","6,5428","89,8438"
2026 02 02 09:39:35:923,-3.9675,-6.78875,"1,048",36,11,"53,833","0,1089","352,2186","6,5428","97,6563"
2026 02 02 09:39:35:925,-3.9675,-6.78875,"1,048",36,11,"53,833","0,1089","352,2186","6,5428","113,2813"
2026 02 02 09:39:35:927,-3.9675,-6.70125,"1,048",36,11,"53,833","0,1089","352,2186","6,5428","93,75"
2026 02 02 09:39:35:929,-3.9675,-6.70125,"1,048",36,11,"53,833","0,1089","352,2186","6,5428","82,0313"
2026 02 02 09:39:35:931,-3.9675,-6.70125,"1,048",36,11,"53,833","0,1089","352,2186","6,5428","66,4063"
2026 02 02 09:39:35:933,-3.9675,-6.70125,"1,048",36,11,"53,833","0,1089","352,2186","6,5428","54,6875"
2026 02 02 09:39:35:935,-3.9675,-6.70125,"1,048",36,11,"53,833","0,1089","352,2186","6,5428","89,8438"
2026 02 02 09:39:35:937,-3.9675,-6.78875,"1,048",36,11,"53,833","0,1089","352,2186","6,5428","85,9375"
2026 02 02 09:39:35:939,-3.9334,-6.70125,"1,048",36,11,"53,833","0,1089","352,2186","6,5428","82,0313"
2026 02 02 09:39:35:941,-3.9675,-6.78875,"1,048",36,11,"53,833","0,1089","352,2186","6,5428","85,9375"
2026 02 02 09:39:35:943,-3.9675,-6.70125,"1,048",36,11,"53,833","0,1089","352,2186","6,5428","97,6563"
2026 02 02 09:39:35:945,-3.9675,-6.78875,"1,048",36,11,"53,833","0,1089","352,2186","6,5428","109,375"
2026 02 02 09:39:35:947,-3.9675,-6.78875,"1,048",36,11,"53,833","0,1089","352,2186","6,5428","89,8438"
2026 02 02 09:39:35:949,-3.9675,-6.78875,"1,048",36,11,"53,833","0,1089","352,2186","6,5428","74,2188"
2026 02 02 09:39:35:951,-3.9675,-6.78875,"1,048",36,11,"53,833","0,1089","352,2186","6,5428","58,5938"
2026 02 02 09:39:35:953,-3.9675,-6.70125,"1,048",36,11,"53,833","0,1089","352,2186","6,5428","50,7813"
2026 02 02 09:39:35:955,-3.9334,-6.78875,"1,048",36,11,"53,833","0,1089","352,2186","6,5428","78,125"
2026 02 02 09:39:35:957,-3.9675,-6.70125,"1,048",36,11,"53,833","0,1089","352,2186","6,5428","85,9375"
2026 02 02 09:39:35:959,-3.9675,-6.78875,"1,048",36,11,"53,833","0,1089","352,2186","6,5428","82,0313"
2026 02 02 09:39:35:961,-3.9675,-6.78875,"1,048",36,11,"53,833","0,1089","352,2186","6,5428","82,0313"
2026 02 02 09:39:35:963,-3.9675,-6.78875,"1,048",36,11,"53,833","0,1089","352,2186","6,5428","93,75"
2026 02 02 09:39:35:965,-3.9675,-6.78875,"1,048",36,11,"53,833","0,1089","352,2186","6,5428","97,6563"
2026 02 02 09:39:35:967,-3.9675,-6.70125,"1,048",36,11,"53,833","0,1089","352,2186","6,5428","85,9375"
2026 02 02 09:39:35:969,-3.9985,-6.78875,"1,048",36,11,"53,833","0,1089","352,2186","6,5428","70,3125"
2026 02 02 09:39:35:971,-3.9675,-6.70125,"1,048",36,11,"53,833","0,1089","352,2186","6,5428","54,6875"
2026 02 02 09:39:35:973,-3.9675,-6.70125,"1,048",36,11,"53,833","0,1089","352,2186","6,5428","46,875"
2026 02 02 09:39:35:975,-3.9675,-6.70125,"1,048",36,11,"53,833","0,1089","352,2186","6,5428","78,125"
2026 02 02 09:39:35:977,-3.9675,-6.70125,"1,048",36,11,"53,833","0,1089","352,2186","6,5428","78,125"
2026 02 02 09:39:35:979,-3.9675,-6.78875,"1,048",36,11,"53,833","0,1089","352,2186","6,5428","74,2188"
2026 02 02 09:39:35:981,-3.9675,-6.78875,"1,048",36,11,"53,833","0,1089","352,2186","6,5428","78,125"
2026 02 02 09:39:35:983,-3.9675,-6.70125,"1,048",36,11,"53,833","0,1089","352,2186","6,5428","82,0313"
2026 02 02 09:39:35:985,-3.9675,-6.70125,"1,048",36,11,"53,833","0,1089","352,2186","6,5428","93,75"
2026 02 02 09:39:35:987,-3.9334,-6.78875,"1,048",36,11,"53,833","0,1089","352,2186","6,5428","85,9375"
2026 02 02 09:39:35:989,-3.9334,-6.78875,"1,048",36,11,"53,833","0,1089","352,2186","6,5428","58,5938"
2026 02 02 09:39:35:991,-3.9985,-6.78875,"1,048",36,11,"53,833","0,1089","352,2186","6,5428","50,7813"
2026 02 02 09:39:35:993,-3.9334,-6.70125,"1,048",36,11,"53,833","0,1089","352,2186","6,5428","42,9688"
2026 02 02 09:39:35:995,-3.9675,-6.70125,"1,048",36,11,"53,833","0,1089","352,2186","6,5428","70,3125"
2026 02 02 09:39:35:997,-3.9675,-6.70125,"1,048",36,11,"53,833","0,1089","352,2186","6,5428","74,2188"
2026 02 02 09:39:35:999,-3.9675,-6.78875,"1,048",36,11,"53,833","0,1089","352,2186","6,5428","70,3125"
2026 02 02 09:39:36:001,-3.9675,-6.78875,"1,048",36,11,"53,833","0,1089","352,2186","6,5428","70,3125"
2026 02 02 09:39:36:003,-3.9675,-6.78875,"1,048",36,11,"53,833","0,1089","352,2186","6,5428","82,0313"
2026 02 02 09:39:36:005,-3.9985,-6.70125,"1,048",36,11,"53,833","0,1089","352,2186","6,5428","93,75"
2026 02 02 09:39:36:007,-3.9675,-6.78875,"1,048",36,11,"53,833","0,1089","352,2186","6,5428","78,125"
2026 02 02 09:39:36:009,-3.9334,-6.78875,"1,048",36,11,"53,833","0,1089","352,2186","6,5428","62,5"
2026 02 02 09:39:36:011,-3.9675,-6.78875,"0,939",17,13,"76,4465","-1,1358","188,0188","2,4595","46,875"
2026 02 02 09:39:36:013,-3.9675,-6.78875,"0,939",17,13,"76,4465","-1,1358","188,0188","2,4595","42,9688"
2026 02 02 09:39:36:015,-3.9675,-6.78875,"0,939",17,13,"76,4465","-1,1358","188,0188","2,4595","66,4063"
2026 02 02 09:39:36:017,-3.9675,-6.78875,"0,939",17,13,"76,4465","-1,1358","188,0188","2,4595","70,3125"
2026 02 02 09:39:36:019,-3.9675,-6.78875,"0,939",17,13,"76,4465","-1,1358","188,0188","2,4595","70,3125"
2026 02 02 09:39:36:021,-3.9675,-6.78875,"0,939",17,13,"76,4465","-1,1358","188,0188","2,4595","66,4063"
2026 02 02 09:39:36:023,-3.9675,-6.78875,"0,939",17,13,"76,4465","-1,1358","188,0188","2,4595","85,9375"
2026 02 02 09:39:36:025,-3.9675,-6.78875,"0,939",17,13,"76,4465","-1,1358","188,0188","2,4595","82,0313"
2026 02 02 09:39:36:027,-3.9675,-6.70125,"0,939",17,13,"76,4465","-1,1358","188,0188","2,4595","70,3125"
2026 02 02 09:39:36:029,-3.9675,-6.70125,"0,939",17,13,"76,4465","-1,1358","188,0188","2,4595","54,6875"
2026 02 02 09:39:36:031,-3.9985,-6.78875,"0,939",17,13,"76,4465","-1,1358","188,0188","2,4595","35,1563"
2026 02 02 09:39:36:033,-3.9675,-6.78875,"0,939",17,13,"76,4465","-1,1358","188,0188","2,4595","35,1563"
2026 02 02 09:39:36:035,-3.9985,-6.70125,"0,939",17,13,"76,4465","-1,1358","188,0188","2,4595","62,5"
2026 02 02 09:39:36:037,-3.9675,-6.70125,"0,939",17,13,"76,4465","-1,1358","188,0188","2,4595","54,6875"
2026 02 02 09:39:36:039,-3.9675,-6.78875,"0,939",17,13,"76,4465","-1,1358","188,0188","2,4595","66,4063"
2026 02 02 09:39:36:041,-3.9675,-6.78875,"0,939",17,13,"76,4465","-1,1358","188,0188","2,4595","62,5"
2026 02 02 09:39:36:043,-3.9675,-6.78875,"0,939",17,13,"76,4465","-1,1358","188,0188","2,4595","70,3125"
2026 02 02 09:39:36:045,-3.9675,-6.70125,"0,939",17,13,"76,4465","-1,1358","188,0188","2,4595","82,0313"
2026 02 02 09:39:36:047,-3.9985,-6.78875,"0,939",17,13,"76,4465","-1,1358","188,0188","2,4595","66,4063"
2026 02 02 09:39:36:049,-3.9985,-6.78875,"0,939",17,13,"76,4465","-1,1358","188,0188","2,4595","46,875"
2026 02 02 09:39:36:051,-3.9675,-6.78875,"0,939",17,13,"76,4465","-1,1358","188,0188","2,4595","42,9688"
2026 02 02 09:39:36:053,-3.9334,-6.78875,"0,939",17,13,"76,4465","-1,1358","188,0188","2,4595","23,4375"
2026 02 02 09:39:36:055,-3.9985,-6.78875,"0,939",17,13,"76,4465","-1,1358","188,0188","2,4595","58,5938"
2026 02 02 09:39:36:057,-3.9675,-6.70125,"0,939",17,13,"76,4465","-1,1358","188,0188","2,4595","54,6875"
2026 02 02 09:39:36:059,-3.9334,-6.78875,"0,939",17,13,"76,4465","-1,1358","188,0188","2,4595","58,5938"
2026 02 02 09:39:36:061,-3.9985,-6.78875,"0,939",17,13,"76,4465","-1,1358","188,0188","2,4595","58,5938"
2026 02 02 09:39:36:063,-3.9675,-6.78875,"0,939",17,13,"76,4465","-1,1358","188,0188","2,4595","70,3125"
2026 02 02 09:39:36:065,-3.9675,-6.78875,"0,939",17,13,"76,4465","-1,1358","188,0188","2,4595","74,2188"
2026 02 02 09:39:36:067,-3.9985,-6.78875,"0,939",17,13,"76,4465","-1,1358","188,0188","2,4595","62,5"
2026 02 02 09:39:36:069,-3.9675,-6.70125,"0,939",17,13,"76,4465","-1,1358","188,0188","2,4595","46,875"
2026 02 02 09:39:36:071,-3.9675,-6.70125,"0,939",17,13,"76,4465","-1,1358","188,0188","2,4595","31,25"
2026 02 02 09:39:36:073,-3.9675,-6.78875,"0,939",17,13,"76,4465","-1,1358","188,0188","2,4595","27,3438"
2026 02 02 09:39:36:075,-3.9334,-6.78875,"0,939",17,13,"76,4465","-1,1358","188,0188","2,4595","46,875"
2026 02 02 09:39:36:077,-3.9985,-6.61375,"0,939",17,13,"76,4465","-1,1358","188,0188","2,4595","54,6875"
2026 02 02 09:39:36:079,-3.9675,-6.78875,"0,939",17,13,"76,4465","-1,1358","188,0188","2,4595","46,875"
2026 02 02 09:39:36:081,-3.9675,-6.70125,"0,939",17,13,"76,4465","-1,1358","188,0188","2,4595","54,6875"
2026 02 02 09:39:36:083,-3.9675,-6.78875,"0,939",17,13,"76,4465","-1,1358","188,0188","2,4595","66,4063"
2026 02 02 09:39:36:085,-3.9334,-6.78875,"0,939",17,13,"76,4465","-1,1358","188,0188","2,4595","70,3125"
2026 02 02 09:39:36:087,-3.9675,-6.70125,"0,939",17,13,"76,4465","-1,1358","188,0188","2,4595","58,5938"
2026 02 02 09:39:36:089,-3.9675,-6.78875,"0,939",17,13,"76,4465","-1,1358","188,0188","2,4595","42,9688"
2026 02 02 09:39:36:091,-3.9675,-6.87625,"0,939",17,13,"76,4465","-1,1358","188,0188","2,4595","31,25"
2026 02 02 09:39:36:093,-3.9675,-6.78875,"0,939",17,13,"76,4465","-1,1358","188,0188","2,4595","15,625"
2026 02 02 09:39:36:095,-3.9675,-6.78875,"0,939",17,13,"76,4465","-1,1358","188,0188","2,4595","42,9688"
2026 02 02 09:39:36:097,-3.9985,-6.78875,"0,939",17,13,"76,4465","-1,1358","188,0188","2,4595","50,7813"
2026 02 02 09:39:36:099,-3.9675,-6.78875,"0,939",17,13,"76,4465","-1,1358","188,0188","2,4595","46,875"
2026 02 02 09:39:36:101,-3.9675,-6.78875,"0,939",17,13,"76,4465","-1,1358","188,0188","2,4595","46,875"
2026 02 02 09:39:36:103,-3.9675,-6.70125,"0,939",17,13,"76,4465","-1,1358","188,0188","2,4595","70,3125"
2026 02 02 09:39:36:105,-3.9985,-6.78875,"0,939",17,13,"76,4465","-1,1358","188,0188","2,4595","70,3125"
2026 02 02 09:39:36:107,-3.9675,-6.78875,"0,939",17,13,"76,4465","-1,1358","188,0188","2,4595","54,6875"
2026 02 02 09:39:36:109,-3.9675,-6.78875,"0,939",17,13,"76,4465","-1,1358","188,0188","2,4595","35,1563"
2026 02 02 09:39:36:111,-3.9675,-6.70125,"0,939",17,13,"76,4465","-1,1358","188,0188","2,4595","23,4375"
2026 02 02 09:39:36:113,-3.9675,-6.78875,"0,939",17,13,"76,4465","-1,1358","188,0188","2,4595","11,7188"
2026 02 02 09:39:36:115,-3.9675,-6.70125,"0,939",17,13,"76,4465","-1,1358","188,0188","2,4595","42,9688"
2026 02 02 09:39:36:117,-3.9675,-6.70125,"0,939",17,13,"76,4465","-1,1358","188,0188","2,4595","46,875"
2026 02 02 09:39:36:119,-3.9675,-6.78875,"0,939",17,13,"76,4465","-1,1358","188,0188","2,4595","42,9688"
2026 02 02 09:39:36:121,-3.9675,-6.78875,"0,939",17,13,"76,4465","-1,1358","188,0188","2,4595","42,9688"
2026 02 02 09:39:36:123,-3.9675,-6.70125,"0,939",17,13,"76,4465","-1,1358","188,0188","2,4595","62,5"
2026 02 02 09:39:36:125,-3.9675,-6.78875,"0,939",17,13,"76,4465","-1,1358","188,0188","2,4595","58,5938"
2026 02 02 09:39:36:127,-3.9675,-6.70125,"0,939",17,13,"76,4465","-1,1358","188,0188","2,4595","46,875"
2026 02 02 09:39:36:129,-3.9675,-6.61375,"0,939",17,13,"76,4465","-1,1358","188,0188","2,4595","31,25"
2026 02 02 09:39:36:131,-3.9675,-6.78875,"0,939",17,13,"76,4465","-1,1358","188,0188","2,4595","19,5313"
2026 02 02 09:39:36:133,-3.9675,-6.70125,"0,939",17,13,"76,4465","-1,1358","188,0188","2,4595","15,625"
2026 02 02 09:39:36:135,-3.9675,-6.78875,"0,939",17,13,"76,4465","-1,1358","188,0188","2,4595","39,0625"
2026 02 02 09:39:36:137,-3.9334,-6.70125,"0,939",17,13,"76,4465","-1,1358","188,0188","2,4595","39,0625"
2026 02 02 09:39:36:139,-3.9675,-6.70125,"0,939",17,13,"76,4465","-1,1358","188,0188","2,4595","42,9688"
2026 02 02 09:39:36:141,-3.9675,-6.78875,"0,939",17,13,"76,4465","-1,1358","188,0188","2,4595","42,9688"
2026 02 02 09:39:36:143,-3.9334,-6.70125,"0,939",17,13,"76,4465","-1,1358","188,0188","2,4595","58,5938"
2026 02 02 09:39:36:145,-3.9675,-6.70125,"0,939",17,13,"76,4465","-1,1358","188,0188","2,4595","58,5938"
2026 02 02 09:39:36:147,-3.9985,-6.70125,"0,939",17,13,"76,4465","-1,1358","188,0188","2,4595","39,0625"
2026 02 02 09:39:36:149,-3.9675,-6.70125,"0,939",17,13,"76,4465","-1,1358","188,0188","2,4595","35,1563"
2026 02 02 09:39:36:151,-3.9334,-6.70125,"0,939",17,13,"76,4465","-1,1358","188,0188","2,4595","7,8125"
2026 02 02 09:39:36:153,-3.9675,-6.78875,"0,939",17,13,"76,4465","-1,1358","188,0188","2,4595","3,9063"
2026 02 02 09:39:36:155,-3.9675,-6.70125,"0,939",17,13,"76,4465","-1,1358","188,0188","2,4595","35,1563"
2026 02 02 09:39:36:157,-3.9675,-6.70125,"0,939",17,13,"76,4465","-1,1358","188,0188","2,4595","35,1563"
2026 02 02 09:39:36:159,-3.9675,-6.78875,"0,939",17,13,"76,4465","-1,1358","188,0188","2,4595","39,0625"
2026 02 02 09:39:36:161,-3.9985,-6.70125,"0,939",17,13,"76,4465","-1,1358","188,0188","2,4595","39,0625"
2026 02 02 09:39:36:163,-3.9334,-6.78875,"0,939",17,13,"76,4465","-1,1358","188,0188","2,4595","58,5938"
2026 02 02 09:39:36:165,-3.9985,-6.87625,"0,939",17,13,"76,4465","-1,1358","188,0188","2,4595","54,6875"
2026 02 02 09:39:36:167,-3.9675,-6.78875,"0,939",17,13,"76,4465","-1,1358","188,0188","2,4595","39,0625"
2026 02 02 09:39:36:169,-3.9985,-6.78875,"0,939",17,13,"76,4465","-1,1358","188,0188","2,4595","27,3438"
2026 02 02 09:39:36:171,-3.9675,-6.78875,"0,939",17,13,"76,4465","-1,1358","188,0188","2,4595","11,7188"
2026 02 02 09:39:36:173,-3.9675,-6.78875,"0,939",17,13,"76,4465","-1,1358","188,0188","2,4595","3,9063"
2026 02 02 09:39:36:175,-3.9675,-6.87625,"0,939",17,13,"76,4465","-1,1358","188,0188","2,4595","31,25"
2026 02 02 09:39:36:177,-3.9675,-6.78875,"0,939",17,13,"76,4465","-1,1358","188,0188","2,4595","31,25"
2026 02 02 09:39:36:179,-3.9334,-6.78875,"0,939",17,13,"76,4465","-1,1358","188,0188","2,4595","27,3438"
2026 02 02 09:39:36:181,-3.9675,-6.78875,"0,939",17,13,"76,4465","-1,1358","188,0188","2,4595","31,25"
2026 02 02 09:39:36:183,-3.9675,-6.78875,"0,939",17,13,"76,4465","-1,1358","188,0188","2,4595","46,875"
2026 02 02 09:39:36:185,-3.9675,-6.78875,"0,939",17,13,"76,4465","-1,1358","188,0188","2,4595","50,7813"
2026 02 02 09:39:36:187,-3.9675,-6.70125,"0,939",17,13,"76,4465","-1,1358","188,0188","2,4595","39,0625"
2026 02 02 09:39:36:189,-3.9675,-6.78875,"0,939",17,13,"76,4465","-1,1358","188,0188","2,4595","23,4375"
2026 02 02 09:39:36:191,-3.9675,-6.70125,"0,939",17,13,"76,4465","-1,1358","188,0188","2,4595","7,8125"
2026 02 02 09:39:36:193,-3.9675,-6.78875,"0,939",17,13,"76,4465","-1,1358","188,0188","2,4595","-3,9062"
2026 02 02 09:39:36:195,-3.9675,-6.78875,"0,939",17,13,"76,4465","-1,1358","188,0188","2,4595","27,3438"
2026 02 02 09:39:36:197,-3.9675,-6.78875,"0,939",17,13,"76,4465","-1,1358","188,0188","2,4595","27,3438"
2026 02 02 09:39:36:199,-3.9675,-6.70125,"0,939",17,13,"76,4465","-1,1358","188,0188","2,4595","31,25"
2026 02 02 09:39:36:201,-3.9334,-6.78875,"0,939",17,13,"76,4465","-1,1358","188,0188","2,4595","23,4375"
2026 02 02 09:39:36:203,-3.9675,-6.78875,"0,939",17,13,"76,4465","-1,1358","188,0188","2,4595","46,875"
2026 02 02 09:39:36:205,-3.9334,-6.78875,"0,939",17,13,"76,4465","-1,1358","188,0188","2,4595","46,875"
2026 02 02 09:39:36:207,-3.9675,-6.70125,"0,939",17,13,"76,4465","-1,1358","188,0188","2,4595","31,25"
2026 02 02 09:39:36:209,-3.9675,-6.78875,"0,939",17,13,"76,4465","-1,1358","188,0188","2,4595","23,4375"
2026 02 02 09:39:36:211,-3.9985,-6.78875,"0,939",17,13,"76,4465","-1,1358","188,0188","2,4595","3,9063"
2026 02 02 09:39:36:213,-3.9675,-6.70125,"0,939",17,13,"76,4465","-1,1358","188,0188","2,4595","-3,9062"
2026 02 02 09:39:36:215,-3.9675,-6.78875,"0,939",17,13,"76,4465","-1,1358","188,0188","2,4595","23,4375"
2026 02 02 09:39:36:217,-3.9675,-6.78875,"0,939",17,13,"76,4465","-1,1358","188,0188","2,4595","23,4375"
2026 02 02 09:39:36:219,-3.9675,-6.70125,"0,939",17,13,"76,4465","-1,1358","188,0188","2,4595","23,4375"
2026 02 02 09:39:36:221,-3.9985,-6.78875,"0,939",17,13,"76,4465","-1,1358","188,0188","2,4595","23,4375"
2026 02 02 09:39:36:223,-3.9985,-6.78875,"0,939",17,13,"76,4465","-1,1358","188,0188","2,4595","46,875"
2026 02 02 09:39:36:225,-3.9675,-6.70125,"0,939",17,13,"76,4465","-1,1358","188,0188","2,4595","39,0625"
2026 02 02 09:39:36:227,-3.9675,-6.70125,"0,939",17,13,"76,4465","-1,1358","188,0188","2,4595","31,25"
2026 02 02 09:39:36:229,-3.9985,-6.78875,"0,939",17,13,"76,4465","-1,1358","188,0188","2,4595","15,625"
2026 02 02 09:39:36:231,-4.0295,-6.70125,"0,939",17,13,"76,4465","-1,1358","188,0188","2,4595","3,9063"
2026 02 02 09:39:36:233,-3.9675,-6.70125,"0,939",17,13,"76,4465","-1,1358","188,0188","2,4595","-7,8125"
2026 02 02 09:39:36:235,-3.9334,-6.70125,"0,939",17,13,"76,4465","-1,1358","188,0188","2,4595","19,5313"
2026 02 02 09:39:36:237,-3.9675,-6.78875,"0,939",17,13,"76,4465","-1,1358","188,0188","2,4595","23,4375"
2026 02 02 09:39:36:239,-3.9675,-6.78875,"0,939",17,13,"76,4465","-1,1358","188,0188","2,4595","23,4375"
2026 02 02 09:39:36:241,-3.9675,-6.78875,"0,939",17,13,"76,4465","-1,1358","188,0188","2,4595","19,5313"
2026 02 02 09:39:36:243,-3.9675,-6.70125,"0,939",17,13,"76,4465","-1,1358","188,0188","2,4595","42,9688"
2026 02 02 09:39:36:245,-3.9334,-6.78875,"0,939",17,13,"76,4465","-1,1358","188,0188","2,4595","35,1563"
2026 02 02 09:39:36:247,-3.9675,-6.78875,"0,939",17,13,"76,4465","-1,1358","188,0188","2,4595","23,4375"
2026 02 02 09:39:36:249,-3.9334,-6.78875,"0,939",17,13,"76,4465","-1,1358","188,0188","2,4595","15,625"
2026 02 02 09:39:36:251,-3.9675,-6.78875,"0,939",17,13,"76,4465","-1,1358","188,0188","2,4595",0
2026 02 02 09:39:36:253,-3.9675,-6.78875,"0,939",17,13,"76,4465","-1,1358","188,0188","2,4595","-15,625"
2026 02 02 09:39:36:255,-3.9675,-6.78875,"0,939",17,13,"76,4465","-1,1358","188,0188","2,4595","19,5313"
2026 02 02 09:39:36:257,-3.9675,-6.78875,"0,939",17,13,"76,4465","-1,1358","188,0188","2,4595","19,5313"
2026 02 02 09:39:36:259,-3.9675,-6.70125,"0,939",17,13,"76,4465","-1,1358","188,0188","2,4595","15,625"
2026 02 02 09:39:36:261,-3.9675,-6.70125,"0,939",17,13,"76,4465","-1,1358","188,0188","2,4595","19,5313"
2026 02 02 09:39:36:263,-3.9334,-6.78875,"0,939",17,13,"76,4465","-1,1358","188,0188","2,4595","39,0625"
2026 02 02 09:39:36:265,-3.9675,-6.78875,"0,939",17,13,"76,4465","-1,1358","188,0188","2,4595","31,25"
2026 02 02 09:39:36:267,-3.9675,-6.70125,"0,939",17,13,"76,4465","-1,1358","188,0188","2,4595","19,5313"
2026 02 02 09:39:36:269,-3.9675,-6.70125,"0,939",17,13,"76,4465","-1,1358","188,0188","2,4595","11,7188"
2026 02 02 09:39:36:271,-3.9675,-6.70125,"0,939",17,13,"76,4465","-1,1358","188,0188","2,4595","-7,8125"
2026 02 02 09:39:36:273,-3.9675,-6.78875,"0,939",17,13,"76,4465","-1,1358","188,0188","2,4595","-11,7187"
2026 02 02 09:39:36:275,-3.9675,-6.70125,"0,939",17,13,"76,4465","-1,1358","188,0188","2,4595","15,625"
2026 02 02 09:39:36:277,-3.9675,-6.70125,"0,939",17,13,"76,4465","-1,1358","188,0188","2,4595","15,625"
2026 02 02 09:39:36:279,-3.9675,-6.78875,"0,939",17,13,"76,4465","-1,1358","188,0188","2,4595","11,7188"
2026 02 02 09:39:36:281,-3.9675,-6.78875,"0,939",17,13,"76,4465","-1,1358","188,0188","2,4595","19,5313"
2026 02 02 09:39:36:283,-3.9675,-6.78875,"0,939",17,13,"76,4465","-1,1358","188,0188","2,4595","31,25"
2026 02 02 09:39:36:285,-3.9985,-6.70125,"0,939",17,13,"76,4465","-1,1358","188,0188","2,4595","31,25"
2026 02 02 09:39:36:287,-3.9675,-6.70125,"0,939",17,13,"76,4465","-1,1358","188,0188","2,4595","15,625"
2026 02 02 09:39:36:289,-3.9675,-6.70125,"0,939",17,13,"76,4465","-1,1358","188,0188","2,4595","7,8125"
2026 02 02 09:39:36:291,-3.9334,-6.78875,"0,939",17,13,"76,4465","-1,1358","188,0188","2,4595","-7,8125"
2026 02 02 09:39:36:293,-3.9675,-6.70125,"0,939",17,13,"76,4465","-1,1358","188,0188","2,4595","-19,5312"
2026 02 02 09:39:36:295,-3.9675,-6.78875,"0,939",17,13,"76,4465","-1,1358","188,0188","2,4595","15,625"
2026 02 02 09:39:36:297,-3.9675,-6.78875,"0,939",17,13,"76,4465","-1,1358","188,0188","2,4595","11,7188"
2026 02 02 09:39:36:299,-3.9334,-6.78875,"0,939",17,13,"76,4465","-1,1358","188,0188","2,4595","15,625"
2026 02 02 09:39:36:301,-3.9675,-6.78875,"0,939",17,13,"76,4465","-1,1358","188,0188","2,4595","15,625"
2026 02 02 09:39:36:303,-3.9675,-6.78875,"0,939",17,13,"76,4465","-1,1358","188,0188","2,4595","31,25"
2026 02 02 09:39:36:305,-3.9675,-6.70125,"0,939",17,13,"76,4465","-1,1358","188,0188","2,4595","31,25"
2026 02 02 09:39:36:307,-3.9675,-6.78875,"0,939",17,13,"76,4465","-1,1358","188,0188","2,4595","15,625"
2026 02 02 09:39:36:309,-3.9675,-6.78875,"0,939",17,13,"76,4465","-1,1358","188,0188","2,4595",0
2026 02 02 09:39:36:311,-3.9334,-6.78875,"0,939",17,13,"76,4465","-1,1358","188,0188","2,4595","-7,8125"
2026 02 02 09:39:36:313,-3.9334,-6.78875,"0,649",13,10,"72,7539","-1,0246","166,1377","2,2836","-23,4375"
2026 02 02 09:39:36:315,-3.9675,-6.78875,"0,649",13,10,"72,7539","-1,0246","166,1377","2,2836","7,8125"
2026 02 02 09:39:36:317,-3.9675,-6.78875,"0,649",13,10,"72,7539","-1,0246","166,1377","2,2836","7,8125"
2026 02 02 09:39:36:319,-3.9985,-6.70125,"0,649",13,10,"72,7539","-1,0246","166,1377","2,2836","7,8125"
2026 02 02 09:39:36:321,-3.9675,-6.78875,"0,649",13,10,"72,7539","-1,0246","166,1377","2,2836","11,7188"
2026 02 02 09:39:36:323,-3.9675,-6.78875,"0,649",13,10,"72,7539","-1,0246","166,1377","2,2836","27,3438"
2026 02 02 09:39:36:325,-3.9675,-6.70125,"0,649",13,10,"72,7539","-1,0246","166,1377","2,2836","31,25"
2026 02 02 09:39:36:327,-3.9675,-6.70125,"0,649",13,10,"72,7539","-1,0246","166,1377","2,2836","11,7188"
2026 02 02 09:39:36:329,-3.9675,-6.70125,"0,649",13,10,"72,7539","-1,0246","166,1377","2,2836","3,9063"
2026 02 02 09:39:36:331,-3.9675,-6.78875,"0,649",13,10,"72,7539","-1,0246","166,1377","2,2836","-11,7187"
2026 02 02 09:39:36:333,-3.9675,-6.70125,"0,649",13,10,"72,7539","-1,0246","166,1377","2,2836","-23,4375"
2026 02 02 09:39:36:335,-3.9675,-6.70125,"0,649",13,10,"72,7539","-1,0246","166,1377","2,2836","7,8125"
2026 02 02 09:39:36:337,-3.9985,-6.78875,"0,649",13,10,"72,7539","-1,0246","166,1377","2,2836","7,8125"
2026 02 02 09:39:36:339,-3.9675,-6.70125,"0,649",13,10,"72,7539","-1,0246","166,1377","2,2836",0
2026 02 02 09:39:36:341,-3.9675,-6.70125,"0,649",13,10,"72,7539","-1,0246","166,1377","2,2836","7,8125"
2026 02 02 09:39:36:343,-3.9675,-6.61375,"0,649",13,10,"72,7539","-1,0246","166,1377","2,2836","23,4375"
2026 02 02 09:39:36:345,-3.9675,-6.78875,"0,649",13,10,"72,7539","-1,0246","166,1377","2,2836","23,4375"
2026 02 02 09:39:36:347,-3.9675,-6.87625,"0,649",13,10,"72,7539","-1,0246","166,1377","2,2836","7,8125"
2026 02 02 09:39:36:349,-3.9675,-6.78875,"0,649",13,10,"72,7539","-1,0246","166,1377","2,2836","-3,9062"
2026 02 02 09:39:36:351,-3.9675,-6.78875,"0,649",13,10,"72,7539","-1,0246","166,1377","2,2836","-15,625"
2026 02 02 09:39:36:353,-3.9675,-6.87625,"0,649",13,10,"72,7539","-1,0246","166,1377","2,2836","-23,4375"
2026 02 02 09:39:36:355,-3.9675,-6.87625,"0,649",13,10,"72,7539","-1,0246","166,1377","2,2836","7,8125"
2026 02 02 09:39:36:357,-3.9675,-6.78875,"0,649",13,10,"72,7539","-1,0246","166,1377","2,2836","3,9063"
2026 02 02 09:39:36:359,-3.9675,-6.78875,"0,649",13,10,"72,7539","-1,0246","166,1377","2,2836",0
2026 02 02 09:39:36:361,-3.9985,-6.78875,"0,649",13,10,"72,7539","-1,0246","166,1377","2,2836","3,9063"
2026 02 02 09:39:36:363,-3.9334,-6.70125,"0,649",13,10,"72,7539","-1,0246","166,1377","2,2836","27,3438"
2026 02 02 09:39:36:365,-3.9675,-6.78875,"0,649",13,10,"72,7539","-1,0246","166,1377","2,2836","23,4375"
2026 02 02 09:39:36:367,-3.9334,-6.78875,"0,649",13,10,"72,7539","-1,0246","166,1377","2,2836","7,8125"
2026 02 02 09:39:36:369,-3.9334,-6.87625,"0,649",13,10,"72,7539","-1,0246","166,1377","2,2836","-7,8125"
2026 02 02 09:39:36:371,-3.9675,-6.70125,"0,649",13,10,"72,7539","-1,0246","166,1377","2,2836","-15,625"
2026 02 02 09:39:36:373,-3.9675,-6.70125,"0,649",13,10,"72,7539","-1,0246","166,1377","2,2836","-27,3437"
2026 02 02 09:39:36:375,-3.9675,-6.70125,"0,649",13,10,"72,7539","-1,0246","166,1377","2,2836",0
2026 02 02 09:39:36:377,-3.9334,-6.78875,"0,649",13,10,"72,7539","-1,0246","166,1377","2,2836",0
2026 02 02 09:39:36:379,-3.9985,-6.78875,"0,649",13,10,"72,7539","-1,0246","166,1377","2,2836",0
2026 02 02 09:39:36:381,-3.9334,-6.78875,"0,649",13,10,"72,7539","-1,0246","166,1377","2,2836",0
2026 02 02 09:39:36:383,-3.9675,-6.78875,"0,649",13,10,"72,7539","-1,0246","166,1377","2,2836","19,5313"
2026 02 02 09:39:36:385,-3.9334,-6.78875,"0,649",13,10,"72,7539","-1,0246","166,1377","2,2836","19,5313"
2026 02 02 09:39:36:387,-3.9334,-6.70125,"0,649",13,10,"72,7539","-1,0246","166,1377","2,2836",0
2026 02 02 09:39:36:389,-3.9675,-6.78875,"0,649",13,10,"72,7539","-1,0246","166,1377","2,2836","-11,7187"
2026 02 02 09:39:36:391,-3.9675,-6.78875,"0,649",13,10,"72,7539","-1,0246","166,1377","2,2836","-19,5312"
2026 02 02 09:39:36:393,-3.9675,-6.78875,"0,649",13,10,"72,7539","-1,0246","166,1377","2,2836","-31,25"
2026 02 02 09:39:36:395,-3.9675,-6.78875,"0,649",13,10,"72,7539","-1,0246","166,1377","2,2836",0
2026 02 02 09:39:36:397,-3.9675,-6.70125,"0,649",13,10,"72,7539","-1,0246","166,1377","2,2836","-3,9062"
2026 02 02 09:39:36:399,-3.9675,-6.78875,"0,649",13,10,"72,7539","-1,0246","166,1377","2,2836","3,9063"
2026 02 02 09:39:36:401,-3.9675,-6.70125,"0,649",13,10,"72,7539","-1,0246","166,1377","2,2836",0
2026 02 02 09:39:36:403,-3.9675,-6.78875,"0,649",13,10,"72,7539","-1,0246","166,1377","2,2836","15,625"
2026 02 02 09:39:36:405,-3.9675,-6.78875,"0,649",13,10,"72,7539","-1,0246","166,1377","2,2836","15,625"
2026 02 02 09:39:36:407,-3.9985,-6.78875,"0,649",13,10,"72,7539","-1,0246","166,1377","2,2836","-3,9062"
2026 02 02 09:39:36:409,-3.9675,-6.87625,"0,649",13,10,"72,7539","-1,0246","166,1377","2,2836","-15,625"
2026 02 02 09:39:36:411,-3.9675,-6.78875,"0,649",13,10,"72,7539","-1,0246","166,1377","2,2836","-23,4375"
2026 02 02 09:39:36:413,-3.9675,-6.87625,"0,649",13,10,"72,7539","-1,0246","166,1377","2,2836","-35,1562"
2026 02 02 09:39:36:415,-3.9334,-6.78875,"0,649",13,10,"72,7539","-1,0246","166,1377","2,2836","-3,9062"
2026 02 02 09:39:36:417,-3.9675,-6.78875,"0,649",13,10,"72,7539","-1,0246","166,1377","2,2836","-7,8125"
2026 02 02 09:39:36:419,-3.9675,-6.78875,"0,649",13,10,"72,7539","-1,0246","166,1377","2,2836","-11,7187"
2026 02 02 09:39:36:421,-3.9675,-6.78875,"0,649",13,10,"72,7539","-1,0246","166,1377","2,2836","-3,9062"
2026 02 02 09:39:36:423,-3.9675,-6.78875,"0,649",13,10,"72,7539","-1,0246","166,1377","2,2836","15,625"
2026 02 02 09:39:36:425,-3.9675,-6.78875,"0,649",13,10,"72,7539","-1,0246","166,1377","2,2836","7,8125"
2026 02 02 09:39:36:427,-3.9675,-6.78875,"0,649",13,10,"72,7539","-1,0246","166,1377","2,2836",0
2026 02 02 09:39:36:429,-3.9675,-6.61375,"0,649",13,10,"72,7539","-1,0246","166,1377","2,2836","-19,5312"
2026 02 02 09:39:36:431,-3.9334,-6.70125,"0,649",13,10,"72,7539","-1,0246","166,1377","2,2836","-23,4375"
2026 02 02 09:39:36:433,-3.9675,-6.78875,"0,649",13,10,"72,7539","-1,0246","166,1377","2,2836","-35,1562"
2026 02 02 09:39:36:435,-3.9334,-6.87625,"0,649",13,10,"72,7539","-1,0246","166,1377","2,2836","-7,8125"
2026 02 02 09:39:36:437,-3.9334,-6.70125,"0,649",13,10,"72,7539","-1,0246","166,1377","2,2836","-3,9062"
2026 02 02 09:39:36:439,-3.9675,-6.78875,"0,649",13,10,"72,7539","-1,0246","166,1377","2,2836","-11,7187"
2026 02 02 09:39:36:441,-3.9675,-6.78875,"0,649",13,10,"72,7539","-1,0246","166,1377","2,2836",0
2026 02 02 09:39:36:443,-3.9675,-6.87625,"0,649",13,10,"72,7539","-1,0246","166,1377","2,2836","11,7188"
2026 02 02 09:39:36:445,-3.9675,-6.87625,"0,649",13,10,"72,7539","-1,0246","166,1377","2,2836","3,9063"
2026 02 02 09:39:36:447,-3.9675,-6.78875,"0,649",13,10,"72,7539","-1,0246","166,1377","2,2836","-3,9062"
2026 02 02 09:39:36:449,-3.9675,-6.78875,"0,649",13,10,"72,7539","-1,0246","166,1377","2,2836","-15,625"
2026 02 02 09:39:36:451,-3.9334,-6.78875,"0,649",13,10,"72,7539","-1,0246","166,1377","2,2836","-31,25"
2026 02 02 09:39:36:453,-3.9675,-6.78875,"0,649",13,10,"72,7539","-1,0246","166,1377","2,2836","-35,1562"
2026 02 02 09:39:36:455,-3.9675,-6.78875,"0,649",13,10,"72,7539","-1,0246","166,1377","2,2836","-7,8125"
2026 02 02 09:39:36:457,-3.9675,-6.87625,"0,649",13,10,"72,7539","-1,0246","166,1377","2,2836","-11,7187"
2026 02 02 09:39:36:459,-3.9675,-6.78875,"0,649",13,10,"72,7539","-1,0246","166,1377","2,2836","-11,7187"
2026 02 02 09:39:36:461,-3.9675,-6.78875,"0,649",13,10,"72,7539","-1,0246","166,1377","2,2836","-7,8125"
2026 02 02 09:39:36:463,-3.9985,-6.78875,"0,649",13,10,"72,7539","-1,0246","166,1377","2,2836","7,8125"
2026 02 02 09:39:36:465,-3.9675,-6.70125,"0,649",13,10,"72,7539","-1,0246","166,1377","2,2836","3,9063"
2026 02 02 09:39:36:467,-3.9675,-6.78875,"0,649",13,10,"72,7539","-1,0246","166,1377","2,2836","-7,8125"
2026 02 02 09:39:36:469,-3.9675,-6.78875,"0,649",13,10,"72,7539","-1,0246","166,1377","2,2836","-23,4375"
2026 02 02 09:39:36:471,-3.9675,-6.87625,"0,649",13,10,"72,7539","-1,0246","166,1377","2,2836","-31,25"
2026 02 02 09:39:36:473,-3.9675,-6.78875,"0,649",13,10,"72,7539","-1,0246","166,1377","2,2836","-42,9687"
2026 02 02 09:39:36:475,-3.9675,-6.78875,"0,649",13,10,"72,7539","-1,0246","166,1377","2,2836","-11,7187"
2026 02 02 09:39:36:477,-3.9675,-6.70125,"0,649",13,10,"72,7539","-1,0246","166,1377","2,2836","-11,7187"
2026 02 02 09:39:36:479,-3.9675,-6.70125,"0,649",13,10,"72,7539","-1,0246","166,1377","2,2836","-19,5312"
2026 02 02 09:39:36:481,-3.9675,-6.78875,"0,649",13,10,"72,7539","-1,0246","166,1377","2,2836","-11,7187"
2026 02 02 09:39:36:483,-3.9675,-6.70125,"0,649",13,10,"72,7539","-1,0246","166,1377","2,2836","7,8125"
2026 02 02 09:39:36:485,-3.9334,-6.78875,"0,649",13,10,"72,7539","-1,0246","166,1377","2,2836","3,9063"
2026 02 02 09:39:36:487,-3.9675,-6.70125,"0,649",13,10,"72,7539","-1,0246","166,1377","2,2836","-15,625"
2026 02 02 09:39:36:489,-3.9334,-6.70125,"0,649",13,10,"72,7539","-1,0246","166,1377","2,2836","-23,4375"
2026 02 02 09:39:36:491,-3.9985,-6.78875,"0,649",13,10,"72,7539","-1,0246","166,1377","2,2836","-35,1562"
2026 02 02 09:39:36:493,-3.9334,-6.78875,"0,649",13,10,"72,7539","-1,0246","166,1377","2,2836","-42,9687"
2026 02 02 09:39:36:495,-3.9675,-6.70125,"0,649",13,10,"72,7539","-1,0246","166,1377","2,2836","-15,625"
2026 02 02 09:39:36:497,-3.9675,-6.87625,"0,649",13,10,"72,7539","-1,0246","166,1377","2,2836","-15,625"
2026 02 02 09:39:36:499,-3.9675,-6.78875,"0,649",13,10,"72,7539","-1,0246","166,1377","2,2836","-11,7187"
2026 02 02 09:39:36:501,-3.9675,-6.61375,"0,649",13,10,"72,7539","-1,0246","166,1377","2,2836","-19,5312"
2026 02 02 09:39:36:503,-3.9334,-6.70125,"0,649",13,10,"72,7539","-1,0246","166,1377","2,2836","11,7188"
2026 02 02 09:39:36:505,-3.9675,-6.78875,"0,649",13,10,"72,7539","-1,0246","166,1377","2,2836","-3,9062"
2026 02 02 09:39:36:507,-3.9675,-6.78875,"0,649",13,10,"72,7539","-1,0246","166,1377","2,2836","-11,7187"
2026 02 02 09:39:36:509,-3.9675,-6.70125,"0,649",13,10,"72,7539","-1,0246","166,1377","2,2836","-27,3437"
2026 02 02 09:39:36:511,-3.9675,-6.78875,"0,649",13,10,"72,7539","-1,0246","166,1377","2,2836","-39,0625"
2026 02 02 09:39:36:513,-3.9675,-6.70125,"0,649",13,10,"72,7539","-1,0246","166,1377","2,2836","-46,875"
2026 02 02 09:39:36:515,-3.9985,-6.70125,"0,649",13,10,"72,7539","-1,0246","166,1377","2,2836","-19,5312"
2026 02 02 09:39:36:517,-3.9985,-6.87625,"0,649",13,10,"72,7539","-1,0246","166,1377","2,2836","-15,625"
2026 02 02 09:39:36:519,-3.9675,-6.78875,"0,649",13,10,"72,7539","-1,0246","166,1377","2,2836","-15,625"
2026 02 02 09:39:36:521,-3.9334,-6.70125,"0,649",13,10,"72,7539","-1,0246","166,1377","2,2836","-15,625"
2026 02 02 09:39:36:523,-3.9675,-6.78875,"0,649",13,10,"72,7539","-1,0246","166,1377","2,2836","7,8125"
2026 02 02 09:39:36:525,-3.9675,-6.70125,"0,649",13,10,"72,7539","-1,0246","166,1377","2,2836","-7,8125"
2026 02 02 09:39:36:527,-3.9334,-6.61375,"0,649",13,10,"72,7539","-1,0246","166,1377","2,2836","-11,7187"
2026 02 02 09:39:36:529,-3.9675,-6.70125,"0,649",13,10,"72,7539","-1,0246","166,1377","2,2836","-27,3437"
2026 02 02 09:39:36:531,-3.9334,-6.78875,"0,649",13,10,"72,7539","-1,0246","166,1377","2,2836","-42,9687"
2026 02 02 09:39:36:533,-3.9675,-6.78875,"0,649",13,10,"72,7539","-1,0246","166,1377","2,2836","-54,6875"
2026 02 02 09:39:36:535,-3.9675,-6.70125,"0,649",13,10,"72,7539","-1,0246","166,1377","2,2836","-15,625"
2026 02 02 09:39:36:537,-3.9985,-6.78875,"0,649",13,10,"72,7539","-1,0246","166,1377","2,2836","-19,5312"
2026 02 02 09:39:36:539,-3.9675,-6.78875,"0,649",13,10,"72,7539","-1,0246","166,1377","2,2836","-15,625"
2026 02 02 09:39:36:541,-3.9675,-6.78875,"0,649",13,10,"72,7539","-1,0246","166,1377","2,2836","-19,5312"
2026 02 02 09:39:36:543,-3.9675,-6.78875,"0,649",13,10,"72,7539","-1,0246","166,1377","2,2836","3,9063"
2026 02 02 09:39:36:545,-3.9675,-6.78875,"0,649",13,10,"72,7539","-1,0246","166,1377","2,2836","-7,8125"
2026 02 02 09:39:36:547,-3.9675,-6.78875,"0,649",13,10,"72,7539","-1,0246","166,1377","2,2836","-11,7187"
2026 02 02 09:39:36:549,-3.9334,-6.78875,"0,649",13,10,"72,7539","-1,0246","166,1377","2,2836","-35,1562"
2026 02 02 09:39:36:551,-3.9675,-6.78875,"0,649",13,10,"72,7539","-1,0246","166,1377","2,2836","-39,0625"
2026 02 02 09:39:36:553,-3.9675,-6.78875,"0,649",13,10,"72,7539","-1,0246","166,1377","2,2836","-50,7812"
2026 02 02 09:39:36:555,-3.9675,-6.78875,"0,649",13,10,"72,7539","-1,0246","166,1377","2,2836","-19,5312"
2026 02 02 09:39:36:557,-3.9675,-6.78875,"0,649",13,10,"72,7539","-1,0246","166,1377","2,2836","-23,4375"
2026 02 02 09:39:36:559,-3.9675,-6.78875,"0,649",13,10,"72,7539","-1,0246","166,1377","2,2836","-19,5312"
2026 02 02 09:39:36:561,-3.9334,-6.78875,"0,649",13,10,"72,7539","-1,0246","166,1377","2,2836","-19,5312"
2026 02 02 09:39:36:563,-3.9675,-6.70125,"0,649",13,10,"72,7539","-1,0246","166,1377","2,2836",0
2026 02 02 09:39:36:565,-3.9334,-6.87625,"0,649",13,10,"72,7539","-1,0246","166,1377","2,2836","-11,7187"
2026 02 02 09:39:36:567,-3.9675,-6.78875,"0,649",13,10,"72,7539","-1,0246","166,1377","2,2836","-15,625"
2026 02 02 09:39:36:569,-3.9675,-6.70125,"0,649",13,10,"72,7539","-1,0246","166,1377","2,2836","-35,1562"
2026 02 02 09:39:36:571,-3.9985,-6.78875,"0,649",13,10,"72,7539","-1,0246","166,1377","2,2836","-42,9687"
2026 02 02 09:39:36:573,-3.9334,-6.70125,"0,649",13,10,"72,7539","-1,0246","166,1377","2,2836","-50,7812"
2026 02 02 09:39:36:575,-3.9675,-6.78875,"0,649",13,10,"72,7539","-1,0246","166,1377","2,2836","-23,4375"
2026 02 02 09:39:36:577,-3.9334,-6.78875,"0,649",13,10,"72,7539","-1,0246","166,1377","2,2836","-27,3437"
2026 02 02 09:39:36:579,-3.9334,-6.70125,"0,649",13,10,"72,7539","-1,0246","166,1377","2,2836","-19,5312"
2026 02 02 09:39:36:581,-3.9675,-6.78875,"0,649",13,10,"72,7539","-1,0246","166,1377","2,2836","-27,3437"
2026 02 02 09:39:36:583,-3.9675,-6.78875,"0,649",13,10,"72,7539","-1,0246","166,1377","2,2836",0
2026 02 02 09:39:36:585,-3.9675,-6.70125,"0,649",13,10,"72,7539","-1,0246","166,1377","2,2836","-15,625"
2026 02 02 09:39:36:587,-3.9985,-6.70125,"0,649",13,10,"72,7539","-1,0246","166,1377","2,2836","-19,5312"
2026 02 02 09:39:36:589,-3.9675,-6.70125,"0,649",13,10,"72,7539","-1,0246","166,1377","2,2836","-39,0625"
2026 02 02 09:39:36:591,-3.9675,-6.78875,"0,649",13,10,"72,7539","-1,0246","166,1377","2,2836","-39,0625"
2026 02 02 09:39:36:593,-3.9675,-6.70125,"0,649",13,10,"72,7539","-1,0246","166,1377","2,2836","-62,5"
2026 02 02 09:39:36:595,-3.9334,-6.78875,"0,649",13,10,"72,7539","-1,0246","166,1377","2,2836","-23,4375"
2026 02 02 09:39:36:597,-3.9985,-6.78875,"0,649",13,10,"72,7539","-1,0246","166,1377","2,2836","-23,4375"
2026 02 02 09:39:36:599,-3.9675,-6.78875,"0,649",13,10,"72,7539","-1,0246","166,1377","2,2836","-23,4375"
2026 02 02 09:39:36:601,-3.9675,-6.78875,"0,649",13,10,"72,7539","-1,0246","166,1377","2,2836","-27,3437"
2026 02 02 09:39:36:603,-3.9675,-6.70125,"0,649",13,10,"72,7539","-1,0246","166,1377","2,2836","-3,9062"
2026 02 02 09:39:36:605,-3.9675,-6.78875,"0,649",13,10,"72,7539","-1,0246","166,1377","2,2836","-11,7187"
2026 02 02 09:39:36:607,-3.9675,-6.78875,"0,649",13,10,"72,7539","-1,0246","166,1377","2,2836","-19,5312"
2026 02 02 09:39:36:609,-3.9675,-6.70125,"0,649",13,10,"72,7539","-1,0246","166,1377","2,2836","-35,1562"
2026 02 02 09:39:36:611,-3.9985,-6.78875,"0,399",13,5,"46,5393","-0,9022","116,1194","2,4951","-42,9687"
2026 02 02 09:39:36:613,-3.9334,-6.78875,"0,399",13,5,"46,5393","-0,9022","116,1194","2,4951","-58,5937"
2026 02 02 09:39:36:615,-3.9675,-6.78875,"0,399",13,5,"46,5393","-0,9022","116,1194","2,4951","-23,4375"
2026 02 02 09:39:36:617,-3.9675,-6.70125,"0,399",13,5,"46,5393","-0,9022","116,1194","2,4951","-23,4375"
2026 02 02 09:39:36:619,-3.9675,-6.70125,"0,399",13,5,"46,5393","-0,9022","116,1194","2,4951","-27,3437"
2026 02 02 09:39:36:621,-3.9675,-6.78875,"0,399",13,5,"46,5393","-0,9022","116,1194","2,4951","-23,4375"
2026 02 02 09:39:36:623,-3.9985,-6.70125,"0,399",13,5,"46,5393","-0,9022","116,1194","2,4951","-3,9062"
2026 02 02 09:39:36:625,-3.9675,-6.70125,"0,399",13,5,"46,5393","-0,9022","116,1194","2,4951","-11,7187"
2026 02 02 09:39:36:627,-3.9675,-6.78875,"0,399",13,5,"46,5393","-0,9022","116,1194","2,4951","-27,3437"
2026 02 02 09:39:36:629,-3.9675,-6.70125,"0,399",13,5,"46,5393","-0,9022","116,1194","2,4951","-31,25"
2026 02 02 09:39:36:631,-3.9675,-6.78875,"0,399",13,5,"46,5393","-0,9022","116,1194","2,4951","-46,875"
2026 02 02 09:39:36:633,-3.9334,-6.70125,"0,399",13,5,"46,5393","-0,9022","116,1194","2,4951","-54,6875"
2026 02 02 09:39:36:635,-3.9675,-6.78875,"0,399",13,5,"46,5393","-0,9022","116,1194","2,4951","-27,3437"
2026 02 02 09:39:36:637,-3.9675,-6.78875,"0,399",13,5,"46,5393","-0,9022","116,1194","2,4951","-31,25"
2026 02 02 09:39:36:639,-3.9985,-6.78875,"0,399",13,5,"46,5393","-0,9022","116,1194","2,4951","-31,25"
2026 02 02 09:39:36:641,-3.9675,-6.70125,"0,399",13,5,"46,5393","-0,9022","116,1194","2,4951","-23,4375"
2026 02 02 09:39:36:643,-3.9675,-6.78875,"0,399",13,5,"46,5393","-0,9022","116,1194","2,4951","-7,8125"
2026 02 02 09:39:36:645,-3.9985,-6.78875,"0,399",13,5,"46,5393","-0,9022","116,1194","2,4951","-11,7187"
2026 02 02 09:39:36:647,-3.9675,-6.78875,"0,399",13,5,"46,5393","-0,9022","116,1194","2,4951","-27,3437"
2026 02 02 09:39:36:649,-3.9675,-6.78875,"0,399",13,5,"46,5393","-0,9022","116,1194","2,4951","-42,9687"
2026 02 02 09:39:36:651,-3.9334,-6.78875,"0,399",13,5,"46,5393","-0,9022","116,1194","2,4951","-46,875"
2026 02 02 09:39:36:653,-3.9675,-6.78875,"0,399",13,5,"46,5393","-0,9022","116,1194","2,4951","-62,5"
2026 02 02 09:39:36:655,-3.9675,-6.78875,"0,399",13,5,"46,5393","-0,9022","116,1194","2,4951","-31,25"
2026 02 02 09:39:36:657,-3.9675,-6.78875,"0,399",13,5,"46,5393","-0,9022","116,1194","2,4951","-27,3437"
2026 02 02 09:39:36:659,-3.9675,-6.78875,"0,399",13,5,"46,5393","-0,9022","116,1194","2,4951","-27,3437"
2026 02 02 09:39:36:661,-3.9334,-6.78875,"0,399",13,5,"46,5393","-0,9022","116,1194","2,4951","-27,3437"
2026 02 02 09:39:36:663,-3.9985,-6.78875,"0,399",13,5,"46,5393","-0,9022","116,1194","2,4951","-7,8125"
2026 02 02 09:39:36:665,-3.9334,-6.78875,"0,399",13,5,"46,5393","-0,9022","116,1194","2,4951","-15,625"
2026 02 02 09:39:36:667,-3.9675,-6.78875,"0,399",13,5,"46,5393","-0,9022","116,1194","2,4951","-31,25"
2026 02 02 09:39:36:669,-3.9675,-6.78875,"0,399",13,5,"46,5393","-0,9022","116,1194","2,4951","-39,0625"
2026 02 02 09:39:36:671,-3.9675,-6.78875,"0,399",13,5,"46,5393","-0,9022","116,1194","2,4951","-46,875"
2026 02 02 09:39:36:673,-3.9675,-6.70125,"0,399",13,5,"46,5393","-0,9022","116,1194","2,4951","-62,5"
2026 02 02 09:39:36:675,-3.9334,-6.70125,"0,399",13,5,"46,5393","-0,9022","116,1194","2,4951","-31,25"
2026 02 02 09:39:36:677,-3.9675,-6.78875,"0,399",13,5,"46,5393","-0,9022","116,1194","2,4951","-31,25"
2026 02 02 09:39:36:679,-3.9334,-6.70125,"0,399",13,5,"46,5393","-0,9022","116,1194","2,4951","-35,1562"
2026 02 02 09:39:36:681,-3.9675,-6.78875,"0,399",13,5,"46,5393","-0,9022","116,1194","2,4951","-27,3437"
2026 02 02 09:39:36:683,-3.9675,-6.78875,"0,399",13,5,"46,5393","-0,9022","116,1194","2,4951","-11,7187"
2026 02 02 09:39:36:685,-3.9985,-6.78875,"0,399",13,5,"46,5393","-0,9022","116,1194","2,4951","-19,5312"
2026 02 02 09:39:36:687,-3.9675,-6.70125,"0,399",13,5,"46,5393","-0,9022","116,1194","2,4951","-31,25"
2026 02 02 09:39:36:689,-3.9675,-6.70125,"0,399",13,5,"46,5393","-0,9022","116,1194","2,4951","-42,9687"
2026 02 02 09:39:36:691,-3.9675,-6.70125,"0,399",13,5,"46,5393","-0,9022","116,1194","2,4951","-58,5937"
2026 02 02 09:39:36:693,-3.9334,-6.78875,"0,399",13,5,"46,5393","-0,9022","116,1194","2,4951","-58,5937"
2026 02 02 09:39:36:695,-3.9675,-6.70125,"0,399",13,5,"46,5393","-0,9022","116,1194","2,4951","-35,1562"
2026 02 02 09:39:36:697,-3.9675,-6.78875,"0,399",13,5,"46,5393","-0,9022","116,1194","2,4951","-39,0625"
2026 02 02 09:39:36:699,-3.9985,-6.70125,"0,399",13,5,"46,5393","-0,9022","116,1194","2,4951","-35,1562"
2026 02 02 09:39:36:701,-3.9675,-6.78875,"0,399",13,5,"46,5393","-0,9022","116,1194","2,4951","-31,25"
2026 02 02 09:39:36:703,-3.9675,-6.70125,"0,399",13,5,"46,5393","-0,9022","116,1194","2,4951","-11,7187"
2026 02 02 09:39:36:705,-3.9675,-6.78875,"0,399",13,5,"46,5393","-0,9022","116,1194","2,4951","-19,5312"
2026 02 02 09:39:36:707,-3.9675,-6.78875,"0,399",13,5,"46,5393","-0,9022","116,1194","2,4951","-31,25"
2026 02 02 09:39:36:709,-3.9985,-6.78875,"0,399",13,5,"46,5393","-0,9022","116,1194","2,4951","-42,9687"
2026 02 02 09:39:36:711,-3.9675,-6.87625,"0,399",13,5,"46,5393","-0,9022","116,1194","2,4951","-50,7812"
2026 02 02 09:39:36:713,-3.9675,-6.70125,"0,399",13,5,"46,5393","-0,9022","116,1194","2,4951","-62,5"
2026 02 02 09:39:36:715,-3.9675,-6.70125,"0,399",13,5,"46,5393","-0,9022","116,1194","2,4951","-35,1562"
2026 02 02 09:39:36:717,-3.9985,-6.70125,"0,399",13,5,"46,5393","-0,9022","116,1194","2,4951","-35,1562"
2026 02 02 09:39:36:719,-3.9675,-6.78875,"0,399",13,5,"46,5393","-0,9022","116,1194","2,4951","-39,0625"
2026 02 02 09:39:36:721,-3.9675,-6.70125,"0,399",13,5,"46,5393","-0,9022","116,1194","2,4951","-35,1562"
2026 02 02 09:39:36:723,-3.9985,-6.70125,"0,399",13,5,"46,5393","-0,9022","116,1194","2,4951","-15,625"
2026 02 02 09:39:36:725,-3.9985,-6.78875,"0,399",13,5,"46,5393","-0,9022","116,1194","2,4951","-23,4375"
2026 02 02 09:39:36:727,-3.9334,-6.78875,"0,399",13,5,"46,5393","-0,9022","116,1194","2,4951","-31,25"
2026 02 02 09:39:36:729,-3.9675,-6.70125,"0,399",13,5,"46,5393","-0,9022","116,1194","2,4951","-50,7812"
2026 02 02 09:39:36:731,-3.9675,-6.70125,"0,399",13,5,"46,5393","-0,9022","116,1194","2,4951","-50,7812"
2026 02 02 09:39:36:733,-3.9675,-6.78875,"0,399",13,5,"46,5393","-0,9022","116,1194","2,4951","-66,4062"
2026 02 02 09:39:36:735,-3.9334,-6.70125,"0,399",13,5,"46,5393","-0,9022","116,1194","2,4951","-39,0625"
2026 02 02 09:39:36:737,-3.9334,-6.78875,"0,399",13,5,"46,5393","-0,9022","116,1194","2,4951","-31,25"
2026 02 02 09:39:36:739,-3.9675,-6.70125,"0,399",13,5,"46,5393","-0,9022","116,1194","2,4951","-35,1562"
2026 02 02 09:39:36:741,-3.9985,-6.78875,"0,399",13,5,"46,5393","-0,9022","116,1194","2,4951","-39,0625"
2026 02 02 09:39:36:743,-3.9675,-6.70125,"0,399",13,5,"46,5393","-0,9022","116,1194","2,4951","-11,7187"
2026 02 02 09:39:36:745,-3.9675,-6.87625,"0,399",13,5,"46,5393","-0,9022","116,1194","2,4951","-27,3437"
2026 02 02 09:39:36:747,-3.9334,-6.78875,"0,399",13,5,"46,5393","-0,9022","116,1194","2,4951","-35,1562"
2026 02 02 09:39:36:749,-3.9675,-6.78875,"0,399",13,5,"46,5393","-0,9022","116,1194","2,4951","-46,875"
2026 02 02 09:39:36:751,-3.9985,-6.70125,"0,399",13,5,"46,5393","-0,9022","116,1194","2,4951","-54,6875"
2026 02 02 09:39:36:753,-3.9985,-6.78875,"0,399",13,5,"46,5393","-0,9022","116,1194","2,4951","-70,3125"
2026 02 02 09:39:36:755,-3.9675,-6.70125,"0,399",13,5,"46,5393","-0,9022","116,1194","2,4951","-39,0625"
2026 02 02 09:39:36:757,-3.9675,-6.87625,"0,399",13,5,"46,5393","-0,9022","116,1194","2,4951","-39,0625"
2026 02 02 09:39:36:759,-3.9675,-6.78875,"0,399",13,5,"46,5393","-0,9022","116,1194","2,4951","-42,9687"
2026 02 02 09:39:36:761,-3.9985,-6.78875,"0,399",13,5,"46,5393","-0,9022","116,1194","2,4951","-35,1562"
2026 02 02 09:39:36:763,-3.9675,-6.78875,"0,399",13,5,"46,5393","-0,9022","116,1194","2,4951","-15,625"
2026 02 02 09:39:36:765,-3.9675,-6.78875,"0,399",13,5,"46,5393","-0,9022","116,1194","2,4951","-27,3437"
2026 02 02 09:39:36:767,-3.9675,-6.78875,"0,399",13,5,"46,5393","-0,9022","116,1194","2,4951","-39,0625"
2026 02 02 09:39:36:769,-3.9675,-6.70125,"0,399",13,5,"46,5393","-0,9022","116,1194","2,4951","-50,7812"
2026 02 02 09:39:36:771,-3.9675,-6.70125,"0,399",13,5,"46,5393","-0,9022","116,1194","2,4951","-54,6875"
2026 02 02 09:39:36:773,-3.9675,-6.70125,"0,399",13,5,"46,5393","-0,9022","116,1194","2,4951","-66,4062"
2026 02 02 09:39:36:775,-3.9985,-6.78875,"0,399",13,5,"46,5393","-0,9022","116,1194","2,4951","-39,0625"
2026 02 02 09:39:36:777,-3.9675,-6.70125,"0,399",13,5,"46,5393","-0,9022","116,1194","2,4951","-39,0625"
2026 02 02 09:39:36:779,-3.9675,-6.78875,"0,399",13,5,"46,5393","-0,9022","116,1194","2,4951","-50,7812"
2026 02 02 09:39:36:781,-3.9675,-6.78875,"0,399",13,5,"46,5393","-0,9022","116,1194","2,4951","-39,0625"
2026 02 02 09:39:36:783,-3.9675,-6.70125,"0,399",13,5,"46,5393","-0,9022","116,1194","2,4951","-19,5312"
2026 02 02 09:39:36:785,-3.9675,-6.70125,"0,399",13,5,"46,5393","-0,9022","116,1194","2,4951","-31,25"
2026 02 02 09:39:36:787,-3.9985,-6.70125,"0,399",13,5,"46,5393","-0,9022","116,1194","2,4951","-35,1562"
2026 02 02 09:39:36:789,-3.9675,-6.78875,"0,399",13,5,"46,5393","-0,9022","116,1194","2,4951","-50,7812"
2026 02 02 09:39:36:791,-3.9675,-6.78875,"0,399",13,5,"46,5393","-0,9022","116,1194","2,4951","-54,6875"
2026 02 02 09:39:36:793,-3.9675,-6.78875,"0,399",13,5,"46,5393","-0,9022","116,1194","2,4951","-70,3125"
2026 02 02 09:39:36:795,-3.9334,-6.78875,"0,399",13,5,"46,5393","-0,9022","116,1194","2,4951","-39,0625"
2026 02 02 09:39:36:797,-3.9675,-6.87625,"0,399",13,5,"46,5393","-0,9022","116,1194","2,4951","-42,9687"
2026 02 02 09:39:36:799,-3.9675,-6.78875,"0,399",13,5,"46,5393","-0,9022","116,1194","2,4951","-39,0625"
2026 02 02 09:39:36:801,-3.9985,-6.78875,"0,399",13,5,"46,5393","-0,9022","116,1194","2,4951","-39,0625"
2026 02 02 09:39:36:803,-3.9675,-6.78875,"0,399",13,5,"46,5393","-0,9022","116,1194","2,4951","-19,5312"
2026 02 02 09:39:36:805,-3.9675,-6.78875,"0,399",13,5,"46,5393","-0,9022","116,1194","2,4951","-27,3437"
2026 02 02 09:39:36:807,-3.9675,-6.70125,"0,399",13,5,"46,5393","-0,9022","116,1194","2,4951","-35,1562"
2026 02 02 09:39:36:809,-3.9675,-6.70125,"0,399",13,5,"46,5393","-0,9022","116,1194","2,4951","-54,6875"
2026 02 02 09:39:36:811,-3.9675,-6.78875,"0,399",13,5,"46,5393","-0,9022","116,1194","2,4951","-58,5937"
2026 02 02 09:39:36:813,-3.9675,-6.78875,"0,399",13,5,"46,5393","-0,9022","116,1194","2,4951","-66,4062"
2026 02 02 09:39:36:815,-3.9985,-6.78875,"0,399",13,5,"46,5393","-0,9022","116,1194","2,4951","-42,9687"
2026 02 02 09:39:36:817,-3.9334,-6.78875,"0,399",13,5,"46,5393","-0,9022","116,1194","2,4951","-39,0625"
2026 02 02 09:39:36:819,-3.9675,-6.78875,"0,399",13,5,"46,5393","-0,9022","116,1194","2,4951","-46,875"
2026 02 02 09:39:36:821,-3.9675,-6.70125,"0,399",13,5,"46,5393","-0,9022","116,1194","2,4951","-39,0625"
2026 02 02 09:39:36:823,-3.9675,-6.70125,"0,399",13,5,"46,5393","-0,9022","116,1194","2,4951","-19,5312"
2026 02 02 09:39:36:825,-3.9675,-6.78875,"0,399",13,5,"46,5393","-0,9022","116,1194","2,4951","-31,25"
2026 02 02 09:39:36:827,-3.9985,-6.78875,"0,399",13,5,"46,5393","-0,9022","116,1194","2,4951","-39,0625"
2026 02 02 09:39:36:829,-3.9675,-6.78875,"0,399",13,5,"46,5393","-0,9022","116,1194","2,4951","-50,7812"
2026 02 02 09:39:36:831,-3.9675,-6.70125,"0,399",13,5,"46,5393","-0,9022","116,1194","2,4951","-62,5"
2026 02 02 09:39:36:833,-3.9675,-6.70125,"0,399",13,5,"46,5393","-0,9022","116,1194","2,4951","-74,2187"
2026 02 02 09:39:36:835,-3.9675,-6.70125,"0,399",13,5,"46,5393","-0,9022","116,1194","2,4951","-42,9687"
2026 02 02 09:39:36:837,-3.9675,-6.78875,"0,399",13,5,"46,5393","-0,9022","116,1194","2,4951","-42,9687"
2026 02 02 09:39:36:839,-3.9675,-6.78875,"0,399",13,5,"46,5393","-0,9022","116,1194","2,4951","-46,875"
2026 02 02 09:39:36:841,-3.9985,-6.78875,"0,399",13,5,"46,5393","-0,9022","116,1194","2,4951","-39,0625"
2026 02 02 09:39:36:843,-3.9675,-6.78875,"0,399",13,5,"46,5393","-0,9022","116,1194","2,4951","-19,5312"
2026 02 02 09:39:36:845,-3.9675,-6.78875,"0,399",13,5,"46,5393","-0,9022","116,1194","2,4951","-35,1562"
2026 02 02 09:39:36:847,-3.9675,-6.78875,"0,399",13,5,"46,5393","-0,9022","116,1194","2,4951","-39,0625"
2026 02 02 09:39:36:849,-3.9675,-6.78875,"0,399",13,5,"46,5393","-0,9022","116,1194","2,4951","-54,6875"
2026 02 02 09:39:36:851,-3.9334,-6.78875,"0,399",13,5,"46,5393","-0,9022","116,1194","2,4951","-58,5937"
2026 02 02 09:39:36:853,-3.9675,-6.78875,"0,399",13,5,"46,5393","-0,9022","116,1194","2,4951","-74,2187"
2026 02 02 09:39:36:855,-3.9675,-6.78875,"0,399",13,5,"46,5393","-0,9022","116,1194","2,4951","-46,875"
2026 02 02 09:39:36:857,-3.9334,-6.78875,"0,399",13,5,"46,5393","-0,9022","116,1194","2,4951","-42,9687"
2026 02 02 09:39:36:859,-3.9675,-6.78875,"0,399",13,5,"46,5393","-0,9022","116,1194","2,4951","-46,875"
2026 02 02 09:39:36:861,-3.9675,-6.78875,"0,399",13,5,"46,5393","-0,9022","116,1194","2,4951","-42,9687"
2026 02 02 09:39:36:863,-3.9675,-6.78875,"0,399",13,5,"46,5393","-0,9022","116,1194","2,4951","-23,4375"
2026 02 02 09:39:36:865,-3.9675,-6.78875,"0,399",13,5,"46,5393","-0,9022","116,1194","2,4951","-35,1562"
2026 02 02 09:39:36:867,-3.9675,-6.70125,"0,399",13,5,"46,5393","-0,9022","116,1194","2,4951","-39,0625"
2026 02 02 09:39:36:869,-3.9985,-6.78875,"0,399",13,5,"46,5393","-0,9022","116,1194","2,4951","-58,5937"
2026 02 02 09:39:36:871,-3.9675,-6.70125,"0,399",13,5,"46,5393","-0,9022","116,1194","2,4951","-58,5937"
2026 02 02 09:39:36:873,-3.9675,-6.78875,"0,399",13,5,"46,5393","-0,9022","116,1194","2,4951","-74,2187"
2026 02 02 09:39:36:875,-3.9985,-6.78875,"0,399",13,5,"46,5393","-0,9022","116,1194","2,4951","-50,7812"
2026 02 02 09:39:36:877,-3.9675,-6.78875,"0,399",13,5,"46,5393","-0,9022","116,1194","2,4951","-46,875"
2026 02 02 09:39:36:879,-3.9675,-6.78875,"0,399",13,5,"46,5393","-0,9022","116,1194","2,4951","-46,875"
2026 02 02 09:39:36:881,-3.9985,-6.70125,"0,399",13,5,"46,5393","-0,9022","116,1194","2,4951","-46,875"
2026 02 02 09:39:36:883,-3.9675,-6.78875,"0,399",13,5,"46,5393","-0,9022","116,1194","2,4951","-19,5312"
2026 02 02 09:39:36:885,-3.9675,-6.78875,"0,399",13,5,"46,5393","-0,9022","116,1194","2,4951","-31,25"
2026 02 02 09:39:36:887,-3.9675,-6.70125,"0,399",13,5,"46,5393","-0,9022","116,1194","2,4951","-46,875"
2026 02 02 09:39:36:889,-3.9675,-6.70125,"0,399",13,5,"46,5393","-0,9022","116,1194","2,4951","-54,6875"
2026 02 02 09:39:36:891,-3.9675,-6.70125,"0,399",13,5,"46,5393","-0,9022","116,1194","2,4951","-58,5937"
2026 02 02 09:39:36:893,-3.9675,-6.78875,"0,399",13,5,"46,5393","-0,9022","116,1194","2,4951","-74,2187"
2026 02 02 09:39:36:895,-3.9675,-6.70125,"0,399",13,5,"46,5393","-0,9022","116,1194","2,4951","-46,875"
2026 02 02 09:39:36:897,-3.9675,-6.78875,"0,399",13,5,"46,5393","-0,9022","116,1194","2,4951","-42,9687"
2026 02 02 09:39:36:899,-3.9675,-6.78875,"0,399",13,5,"46,5393","-0,9022","116,1194","2,4951","-46,875"
2026 02 02 09:39:36:901,-3.9334,-6.78875,"0,399",13,5,"46,5393","-0,9022","116,1194","2,4951","-46,875"
2026 02 02 09:39:36:903,-3.9675,-6.78875,"0,399",13,5,"46,5393","-0,9022","116,1194","2,4951","-27,3437"
2026 02 02 09:39:36:905,-3.9675,-6.78875,"0,399",13,5,"46,5393","-0,9022","116,1194","2,4951","-31,25"
2026 02 02 09:39:36:907,-3.9985,-6.78875,"0,399",13,5,"46,5393","-0,9022","116,1194","2,4951","-42,9687"
2026 02 02 09:39:36:909,-3.9675,-6.70125,"0,399",13,5,"46,5393","-0,9022","116,1194","2,4951","-54,6875"
2026 02 02 09:39:36:911,-3.9985,-6.70125,"0,399",13,5,"46,5393","-0,9022","116,1194","2,4951","-58,5937"
2026 02 02 09:39:36:913,-3.9675,-6.78875,"0,295",13,2,"30,5023","-0,6752","87,2803","2,8614","-78,125"
2026 02 02 09:39:36:915,-3.9675,-6.78875,"0,295",13,2,"30,5023","-0,6752","87,2803","2,8614","-50,7812"
2026 02 02 09:39:36:917,-3.9334,-6.70125,"0,295",13,2,"30,5023","-0,6752","87,2803","2,8614","-50,7812"
2026 02 02 09:39:36:919,-3.9334,-6.78875,"0,295",13,2,"30,5023","-0,6752","87,2803","2,8614","-54,6875"
2026 02 02 09:39:36:921,-3.9675,-6.78875,"0,295",13,2,"30,5023","-0,6752","87,2803","2,8614","-46,875"
2026 02 02 09:39:36:923,-3.9675,-6.70125,"0,295",13,2,"30,5023","-0,6752","87,2803","2,8614","-23,4375"
2026 02 02 09:39:36:925,-3.9675,-6.78875,"0,295",13,2,"30,5023","-0,6752","87,2803","2,8614","-42,9687"
2026 02 02 09:39:36:927,-3.9985,-6.70125,"0,295",13,2,"30,5023","-0,6752","87,2803","2,8614","-46,875"
2026 02 02 09:39:36:929,-3.9675,-6.70125,"0,295",13,2,"30,5023","-0,6752","87,2803","2,8614","-58,5937"
2026 02 02 09:39:36:931,-3.9675,-6.78875,"0,295",13,2,"30,5023","-0,6752","87,2803","2,8614","-62,5"
2026 02 02 09:39:36:933,-3.9985,-6.70125,"0,295",13,2,"30,5023","-0,6752","87,2803","2,8614","-74,2187"
2026 02 02 09:39:36:935,-3.9334,-6.87625,"0,295",13,2,"30,5023","-0,6752","87,2803","2,8614","-50,7812"
2026 02 02 09:39:36:937,-3.9675,-6.78875,"0,295",13,2,"30,5023","-0,6752","87,2803","2,8614","-46,875"
2026 02 02 09:39:36:939,-3.9675,-6.78875,"0,295",13,2,"30,5023","-0,6752","87,2803","2,8614","-50,7812"
2026 02 02 09:39:36:941,-3.9675,-6.78875,"0,295",13,2,"30,5023","-0,6752","87,2803","2,8614","-42,9687"
2026 02 02 09:39:36:943,-3.9334,-6.78875,"0,295",13,2,"30,5023","-0,6752","87,2803","2,8614","-27,3437"
2026 02 02 09:39:36:945,-3.9675,-6.78875,"0,295",13,2,"30,5023","-0,6752","87,2803","2,8614","-39,0625"
2026 02 02 09:39:36:947,-3.9675,-6.78875,"0,295",13,2,"30,5023","-0,6752","87,2803","2,8614","-46,875"
2026 02 02 09:39:36:949,-3.9675,-6.78875,"0,295",13,2,"30,5023","-0,6752","87,2803","2,8614","-58,5937"
2026 02 02 09:39:36:951,-3.9675,-6.87625,"0,295",13,2,"30,5023","-0,6752","87,2803","2,8614","-62,5"
2026 02 02 09:39:36:953,-3.9675,-6.78875,"0,295",13,2,"30,5023","-0,6752","87,2803","2,8614","-78,125"
2026 02 02 09:39:36:955,-3.9334,-6.78875,"0,295",13,2,"30,5023","-0,6752","87,2803","2,8614","-50,7812"
2026 02 02 09:39:36:957,-3.9675,-6.78875,"0,295",13,2,"30,5023","-0,6752","87,2803","2,8614","-50,7812"
2026 02 02 09:39:36:959,-3.9675,-6.78875,"0,295",13,2,"30,5023","-0,6752","87,2803","2,8614","-50,7812"
2026 02 02 09:39:36:961,-3.9334,-6.78875,"0,295",13,2,"30,5023","-0,6752","87,2803","2,8614","-46,875"
2026 02 02 09:39:36:963,-3.9675,-6.78875,"0,295",13,2,"30,5023","-0,6752","87,2803","2,8614","-27,3437"
2026 02 02 09:39:36:965,-3.9675,-6.70125,"0,295",13,2,"30,5023","-0,6752","87,2803","2,8614","-39,0625"
2026 02 02 09:39:36:967,-3.9985,-6.70125,"0,295",13,2,"30,5023","-0,6752","87,2803","2,8614","-46,875"
2026 02 02 09:39:36:969,-3.9675,-6.70125,"0,295",13,2,"30,5023","-0,6752","87,2803","2,8614","-58,5937"
2026 02 02 09:39:36:971,-3.9334,-6.78875,"0,295",13,2,"30,5023","-0,6752","87,2803","2,8614","-66,4062"
2026 02 02 09:39:36:973,-3.9675,-6.78875,"0,295",13,2,"30,5023","-0,6752","87,2803","2,8614","-74,2187"
2026 02 02 09:39:36:975,-3.9675,-6.78875,"0,295",13,2,"30,5023","-0,6752","87,2803","2,8614","-54,6875"
2026 02 02 09:39:36:977,-3.9334,-6.78875,"0,295",13,2,"30,5023","-0,6752","87,2803","2,8614","-50,7812"
2026 02 02 09:39:36:979,-3.9675,-6.70125,"0,295",13,2,"30,5023","-0,6752","87,2803","2,8614","-54,6875"
2026 02 02 09:39:36:981,-3.9334,-6.70125,"0,295",13,2,"30,5023","-0,6752","87,2803","2,8614","-50,7812"
2026 02 02 09:39:36:983,-3.9675,-6.78875,"0,295",13,2,"30,5023","-0,6752","87,2803","2,8614","-23,4375"
2026 02 02 09:39:36:985,-3.9675,-6.70125,"0,295",13,2,"30,5023","-0,6752","87,2803","2,8614","-42,9687"
2026 02 02 09:39:36:987,-3.9675,-6.78875,"0,295",13,2,"30,5023","-0,6752","87,2803","2,8614","-42,9687"
2026 02 02 09:39:36:989,-3.9334,-6.78875,"0,295",13,2,"30,5023","-0,6752","87,2803","2,8614","-62,5"
2026 02 02 09:39:36:991,-3.9675,-6.78875,"0,295",13,2,"30,5023","-0,6752","87,2803","2,8614","-66,4062"
2026 02 02 09:39:36:993,-3.9334,-6.78875,"0,295",13,2,"30,5023","-0,6752","87,2803","2,8614","-82,0312"
2026 02 02 09:39:36:995,-3.9675,-6.70125,"0,295",13,2,"30,5023","-0,6752","87,2803","2,8614","-46,875"
2026 02 02 09:39:36:997,-3.9675,-6.78875,"0,295",13,2,"30,5023","-0,6752","87,2803","2,8614","-54,6875"
2026 02 02 09:39:36:999,-3.9675,-6.78875,"0,295",13,2,"30,5023","-0,6752","87,2803","2,8614","-46,875"
2026 02 02 09:39:37:001,-3.9675,-6.78875,"0,295",13,2,"30,5023","-0,6752","87,2803","2,8614","-46,875"
2026 02 02 09:39:37:003,-3.9675,-6.87625,"0,295",13,2,"30,5023","-0,6752","87,2803","2,8614","-27,3437"
2026 02 02 09:39:37:005,-3.9675,-6.70125,"0,295",13,2,"30,5023","-0,6752","87,2803","2,8614","-42,9687"
2026 02 02 09:39:37:007,-3.9675,-6.70125,"0,295",13,2,"30,5023","-0,6752","87,2803","2,8614","-46,875"
2026 02 02 09:39:37:009,-3.9675,-6.87625,"0,295",13,2,"30,5023","-0,6752","87,2803","2,8614","-66,4062"
2026 02 02 09:39:37:011,-3.9334,-6.78875,"0,295",13,2,"30,5023","-0,6752","87,2803","2,8614","-66,4062"
2026 02 02 09:39:37:013,-3.9675,-6.70125,"0,295",13,2,"30,5023","-0,6752","87,2803","2,8614","-82,0312"
2026 02 02 09:39:37:015,-3.9334,-6.70125,"0,295",13,2,"30,5023","-0,6752","87,2803","2,8614","-54,6875"
2026 02 02 09:39:37:017,-3.9675,-6.78875,"0,295",13,2,"30,5023","-0,6752","87,2803","2,8614","-54,6875"
2026 02 02 09:39:37:019,-3.9675,-6.70125,"0,295",13,2,"30,5023","-0,6752","87,2803","2,8614","-50,7812"
2026 02 02 09:39:37:021,-3.9985,-6.78875,"0,295",13,2,"30,5023","-0,6752","87,2803","2,8614","-50,7812"
2026 02 02 09:39:37:023,-3.9675,-6.70125,"0,295",13,2,"30,5023","-0,6752","87,2803","2,8614","-27,3437"
2026 02 02 09:39:37:025,-3.9675,-6.78875,"0,295",13,2,"30,5023","-0,6752","87,2803","2,8614","-42,9687"
2026 02 02 09:39:37:027,-3.9675,-6.70125,"0,295",13,2,"30,5023","-0,6752","87,2803","2,8614","-50,7812"
2026 02 02 09:39:37:029,-3.9675,-6.78875,"0,295",13,2,"30,5023","-0,6752","87,2803","2,8614","-66,4062"
2026 02 02 09:39:37:031,-3.9334,-6.78875,"0,295",13,2,"30,5023","-0,6752","87,2803","2,8614","-70,3125"
2026 02 02 09:39:37:033,-3.9675,-6.61375,"0,295",13,2,"30,5023","-0,6752","87,2803","2,8614","-78,125"
2026 02 02 09:39:37:035,-3.9675,-6.70125,"0,295",13,2,"30,5023","-0,6752","87,2803","2,8614","-54,6875"
2026 02 02 09:39:37:037,-3.9675,-6.78875,"0,295",13,2,"30,5023","-0,6752","87,2803","2,8614","-54,6875"
2026 02 02 09:39:37:039,-3.9334,-6.78875,"0,295",13,2,"30,5023","-0,6752","87,2803","2,8614","-50,7812"
2026 02 02 09:39:37:041,-3.9985,-6.78875,"0,295",13,2,"30,5023","-0,6752","87,2803","2,8614","-50,7812"
2026 02 02 09:39:37:043,-3.9334,-6.78875,"0,295",13,2,"30,5023","-0,6752","87,2803","2,8614","-31,25"
2026 02 02 09:39:37:045,-3.9675,-6.78875,"0,295",13,2,"30,5023","-0,6752","87,2803","2,8614","-35,1562"
2026 02 02 09:39:37:047,-3.9675,-6.78875,"0,295",13,2,"30,5023","-0,6752","87,2803","2,8614","-54,6875"
2026 02 02 09:39:37:049,-3.9985,-6.78875,"0,295",13,2,"30,5023","-0,6752","87,2803","2,8614","-62,5"
2026 02 02 09:39:37:051,-3.9675,-6.78875,"0,295",13,2,"30,5023","-0,6752","87,2803","2,8614","-66,4062"
2026 02 02 09:39:37:053,-3.9675,-6.78875,"0,295",13,2,"30,5023","-0,6752","87,2803","2,8614","-85,9375"
2026 02 02 09:39:37:055,-3.9985,-6.78875,"0,295",13,2,"30,5023","-0,6752","87,2803","2,8614","-54,6875"
2026 02 02 09:39:37:057,-3.9675,-6.78875,"0,295",13,2,"30,5023","-0,6752","87,2803","2,8614","-54,6875"
2026 02 02 09:39:37:059,-3.9675,-6.78875,"0,295",13,2,"30,5023","-0,6752","87,2803","2,8614","-50,7812"
2026 02 02 09:39:37:061,-3.9675,-6.70125,"0,295",13,2,"30,5023","-0,6752","87,2803","2,8614","-54,6875"
2026 02 02 09:39:37:063,-3.9675,-6.78875,"0,295",13,2,"30,5023","-0,6752","87,2803","2,8614","-31,25"
2026 02 02 09:39:37:065,-3.9675,-6.78875,"0,295",13,2,"30,5023","-0,6752","87,2803","2,8614","-42,9687"
2026 02 02 09:39:37:067,-3.9675,-6.70125,"0,295",13,2,"30,5023","-0,6752","87,2803","2,8614","-58,5937"
2026 02 02 09:39:37:069,-3.9675,-6.78875,"0,295",13,2,"30,5023","-0,6752","87,2803","2,8614","-66,4062"
2026 02 02 09:39:37:071,-3.9675,-6.70125,"0,295",13,2,"30,5023","-0,6752","87,2803","2,8614","-66,4062"
2026 02 02 09:39:37:073,-3.9675,-6.78875,"0,295",13,2,"30,5023","-0,6752","87,2803","2,8614","-82,0312"
2026 02 02 09:39:37:075,-3.9675,-6.70125,"0,295",13,2,"30,5023","-0,6752","87,2803","2,8614","-58,5937"
2026 02 02 09:39:37:077,-3.9675,-6.78875,"0,295",13,2,"30,5023","-0,6752","87,2803","2,8614","-50,7812"
2026 02 02 09:39:37:079,-3.9675,-6.70125,"0,295",13,2,"30,5023","-0,6752","87,2803","2,8614","-54,6875"
2026 02 02 09:39:37:081,-3.9675,-6.78875,"0,295",13,2,"30,5023","-0,6752","87,2803","2,8614","-54,6875"
2026 02 02 09:39:37:083,-3.9985,-6.78875,"0,295",13,2,"30,5023","-0,6752","87,2803","2,8614","-27,3437"
2026 02 02 09:39:37:085,-3.9675,-6.70125,"0,295",13,2,"30,5023","-0,6752","87,2803","2,8614","-42,9687"
2026 02 02 09:39:37:087,-3.9675,-6.78875,"0,295",13,2,"30,5023","-0,6752","87,2803","2,8614","-58,5937"
2026 02 02 09:39:37:089,-3.9675,-6.70125,"0,295",13,2,"30,5023","-0,6752","87,2803","2,8614","-58,5937"
2026 02 02 09:39:37:091,-3.9334,-6.70125,"0,295",13,2,"30,5023","-0,6752","87,2803","2,8614","-66,4062"
2026 02 02 09:39:37:093,-3.9334,-6.70125,"0,295",13,2,"30,5023","-0,6752","87,2803","2,8614","-89,8437"
2026 02 02 09:39:37:095,-3.9985,-6.78875,"0,295",13,2,"30,5023","-0,6752","87,2803","2,8614","-54,6875"
2026 02 02 09:39:37:097,-3.9675,-6.78875,"0,295",13,2,"30,5023","-0,6752","87,2803","2,8614","-50,7812"
2026 02 02 09:39:37:099,-3.9675,-6.78875,"0,295",13,2,"30,5023","-0,6752","87,2803","2,8614","-62,5"
2026 02 02 09:39:37:101,-3.9675,-6.70125,"0,295",13,2,"30,5023","-0,6752","87,2803","2,8614","-54,6875"
2026 02 02 09:39:37:103,-3.9985,-6.78875,"0,295",13,2,"30,5023","-0,6752","87,2803","2,8614","-35,1562"
2026 02 02 09:39:37:105,-3.9675,-6.78875,"0,295",13,2,"30,5023","-0,6752","87,2803","2,8614","-42,9687"
2026 02 02 09:39:37:107,-3.9675,-6.70125,"0,295",13,2,"30,5023","-0,6752","87,2803","2,8614","-58,5937"
2026 02 02 09:39:37:109,-3.9334,-6.78875,"0,295",13,2,"30,5023","-0,6752","87,2803","2,8614","-62,5"
2026 02 02 09:39:37:111,-3.9675,-6.78875,"0,295",13,2,"30,5023","-0,6752","87,2803","2,8614","-70,3125"
2026 02 02 09:39:37:113,-3.9675,-6.78875,"0,295",13,2,"30,5023","-0,6752","87,2803","2,8614","-82,0312"
2026 02 02 09:39:37:115,-3.9985,-6.78875,"0,295",13,2,"30,5023","-0,6752","87,2803","2,8614","-54,6875"
2026 02 02 09:39:37:117,-3.9675,-6.78875,"0,295",13,2,"30,5023","-0,6752","87,2803","2,8614","-58,5937"
2026 02 02 09:39:37:119,-3.9675,-6.70125,"0,295",13,2,"30,5023","-0,6752","87,2803","2,8614","-58,5937"
2026 02 02 09:39:37:121,-3.9985,-6.70125,"0,295",13,2,"30,5023","-0,6752","87,2803","2,8614","-54,6875"
2026 02 02 09:39:37:123,-3.9675,-6.70125,"0,295",13,2,"30,5023","-0,6752","87,2803","2,8614","-31,25"
2026 02 02 09:39:37:125,-3.9675,-6.70125,"0,295",13,2,"30,5023","-0,6752","87,2803","2,8614","-46,875"
2026 02 02 09:39:37:127,-3.9985,-6.78875,"0,295",13,2,"30,5023","-0,6752","87,2803","2,8614","-54,6875"
2026 02 02 09:39:37:129,-3.9985,-6.78875,"0,295",13,2,"30,5023","-0,6752","87,2803","2,8614","-66,4062"
2026 02 02 09:39:37:131,-3.9675,-6.78875,"0,295",13,2,"30,5023","-0,6752","87,2803","2,8614","-70,3125"
2026 02 02 09:39:37:133,-3.9675,-6.70125,"0,295",13,2,"30,5023","-0,6752","87,2803","2,8614","-82,0312"
2026 02 02 09:39:37:135,-3.9675,-6.70125,"0,295",13,2,"30,5023","-0,6752","87,2803","2,8614","-58,5937"
2026 02 02 09:39:37:137,-3.9675,-6.70125,"0,295",13,2,"30,5023","-0,6752","87,2803","2,8614","-58,5937"
2026 02 02 09:39:37:139,-3.9675,-6.70125,"0,295",13,2,"30,5023","-0,6752","87,2803","2,8614","-58,5937"
2026 02 02 09:39:37:141,-3.9675,-6.78875,"0,295",13,2,"30,5023","-0,6752","87,2803","2,8614","-54,6875"
2026 02 02 09:39:37:143,-3.9675,-6.78875,"0,295",13,2,"30,5023","-0,6752","87,2803","2,8614","-35,1562"
2026 02 02 09:39:37:145,-3.9675,-6.78875,"0,295",13,2,"30,5023","-0,6752","87,2803","2,8614","-42,9687"
2026 02 02 09:39:37:147,-3.9675,-6.78875,"0,295",13,2,"30,5023","-0,6752","87,2803","2,8614","-58,5937"
2026 02 02 09:39:37:149,-3.9985,-6.78875,"0,295",13,2,"30,5023","-0,6752","87,2803","2,8614","-70,3125"
2026 02 02 09:39:37:151,-3.9985,-6.78875,"0,295",13,2,"30,5023","-0,6752","87,2803","2,8614","-70,3125"
2026 02 02 09:39:37:153,-3.9675,-6.70125,"0,295",13,2,"30,5023","-0,6752","87,2803","2,8614","-78,125"
2026 02 02 09:39:37:155,-3.9985,-6.70125,"0,295",13,2,"30,5023","-0,6752","87,2803","2,8614","-58,5937"
2026 02 02 09:39:37:157,-3.9985,-6.78875,"0,295",13,2,"30,5023","-0,6752","87,2803","2,8614","-62,5"
2026 02 02 09:39:37:159,-3.9675,-6.78875,"0,295",13,2,"30,5023","-0,6752","87,2803","2,8614","-58,5937"
2026 02 02 09:39:37:161,-3.9334,-6.70125,"0,295",13,2,"30,5023","-0,6752","87,2803","2,8614","-58,5937"
2026 02 02 09:39:37:163,-3.9675,-6.78875,"0,295",13,2,"30,5023","-0,6752","87,2803","2,8614","-39,0625"
2026 02 02 09:39:37:165,-3.9675,-6.70125,"0,295",13,2,"30,5023","-0,6752","87,2803","2,8614","-42,9687"
2026 02 02 09:39:37:167,-3.9675,-6.61375,"0,295",13,2,"30,5023","-0,6752","87,2803","2,8614","-58,5937"
2026 02 02 09:39:37:169,-3.9334,-6.78875,"0,295",13,2,"30,5023","-0,6752","87,2803","2,8614","-70,3125"
2026 02 02 09:39:37:171,-3.9675,-6.70125,"0,295",13,2,"30,5023","-0,6752","87,2803","2,8614","-70,3125"
2026 02 02 09:39:37:173,-3.9675,-6.78875,"0,295",13,2,"30,5023","-0,6752","87,2803","2,8614","-82,0312"
2026 02 02 09:39:37:175,-3.9675,-6.78875,"0,295",13,2,"30,5023","-0,6752","87,2803","2,8614","-58,5937"
2026 02 02 09:39:37:177,-3.9675,-6.78875,"0,295",13,2,"30,5023","-0,6752","87,2803","2,8614","-54,6875"
2026 02 02 09:39:37:179,-3.9675,-6.70125,"0,295",13,2,"30,5023","-0,6752","87,2803","2,8614","-58,5937"
2026 02 02 09:39:37:181,-3.9675,-6.78875,"0,295",13,2,"30,5023","-0,6752","87,2803","2,8614","-58,5937"
2026 02 02 09:39:37:183,-3.9675,-6.70125,"0,295",13,2,"30,5023","-0,6752","87,2803","2,8614","-35,1562"
2026 02 02 09:39:37:185,-3.9675,-6.70125,"0,295",13,2,"30,5023","-0,6752","87,2803","2,8614","-46,875"
2026 02 02 09:39:37:187,-3.9675,-6.70125,"0,295",13,2,"30,5023","-0,6752","87,2803","2,8614","-54,6875"
2026 02 02 09:39:37:189,-3.9985,-6.78875,"0,295",13,2,"30,5023","-0,6752","87,2803","2,8614","-70,3125"
2026 02 02 09:39:37:191,-3.9675,-6.78875,"0,295",13,2,"30,5023","-0,6752","87,2803","2,8614","-66,4062"
2026 02 02 09:39:37:193,-3.9675,-6.78875,"0,295",13,2,"30,5023","-0,6752","87,2803","2,8614","-78,125"
2026 02 02 09:39:37:195,-3.9675,-6.78875,"0,295",13,2,"30,5023","-0,6752","87,2803","2,8614","-58,5937"
2026 02 02 09:39:37:197,-3.9675,-6.70125,"0,295",13,2,"30,5023","-0,6752","87,2803","2,8614","-58,5937"
2026 02 02 09:39:37:199,-3.9675,-6.70125,"0,295",13,2,"30,5023","-0,6752","87,2803","2,8614","-58,5937"
2026 02 02 09:39:37:201,-3.9985,-6.78875,"0,295",13,2,"30,5023","-0,6752","87,2803","2,8614","-58,5937"
2026 02 02 09:39:37:203,-3.9675,-6.78875,"0,295",13,2,"30,5023","-0,6752","87,2803","2,8614","-35,1562"
2026 02 02 09:39:37:205,-3.9675,-6.78875,"0,295",13,2,"30,5023","-0,6752","87,2803","2,8614","-46,875"
2026 02 02 09:39:37:207,-3.9334,-6.70125,"0,295",13,2,"30,5023","-0,6752","87,2803","2,8614","-62,5"
2026 02 02 09:39:37:209,-3.9985,-6.78875,"0,295",13,2,"30,5023","-0,6752","87,2803","2,8614","-66,4062"
2026 02 02 09:39:37:211,-3.9675,-6.78875,"0,295",13,2,"30,5023","-0,6752","87,2803","2,8614","-70,3125"
2026 02 02 09:39:37:213,-3.9985,-6.78875,"0,284",13,2,"21,0266","-0,31","74,295","3,5334","-74,2187"
2026 02 02 09:39:37:215,-3.9334,-6.78875,"0,284",13,2,"21,0266","-0,31","74,295","3,5334","-62,5"
2026 02 02 09:39:37:217,-3.9675,-6.78875,"0,284",13,2,"21,0266","-0,31","74,295","3,5334","-58,5937"
2026 02 02 09:39:37:219,-3.9334,-6.78875,"0,284",13,2,"21,0266","-0,31","74,295","3,5334","-62,5"
2026 02 02 09:39:37:221,-3.9675,-6.78875,"0,284",13,2,"21,0266","-0,31","74,295","3,5334","-58,5937"
2026 02 02 09:39:37:223,-3.9334,-6.70125,"0,284",13,2,"21,0266","-0,31","74,295","3,5334","-39,0625"
2026 02 02 09:39:37:225,-3.9675,-6.78875,"0,284",13,2,"21,0266","-0,31","74,295","3,5334","-46,875"
2026 02 02 09:39:37:227,-3.9675,-6.70125,"0,284",13,2,"21,0266","-0,31","74,295","3,5334","-58,5937"
2026 02 02 09:39:37:229,-3.9675,-6.78875,"0,284",13,2,"21,0266","-0,31","74,295","3,5334","-70,3125"
2026 02 02 09:39:37:231,-3.9675,-6.78875,"0,284",13,2,"21,0266","-0,31","74,295","3,5334","-70,3125"
2026 02 02 09:39:37:233,-3.9675,-6.70125,"0,284",13,2,"21,0266","-0,31","74,295","3,5334","-78,125"
2026 02 02 09:39:37:235,-3.9334,-6.78875,"0,284",13,2,"21,0266","-0,31","74,295","3,5334","-66,4062"
2026 02 02 09:39:37:237,-3.9675,-6.78875,"0,284",13,2,"21,0266","-0,31","74,295","3,5334","-58,5937"
2026 02 02 09:39:37:239,-3.9675,-6.78875,"0,284",13,2,"21,0266","-0,31","74,295","3,5334","-62,5"
2026 02 02 09:39:37:241,-3.9985,-6.78875,"0,284",13,2,"21,0266","-0,31","74,295","3,5334","-58,5937"
2026 02 02 09:39:37:243,-3.9675,-6.78875,"0,284",13,2,"21,0266","-0,31","74,295","3,5334","-39,0625"
2026 02 02 09:39:37:245,-3.9675,-6.87625,"0,284",13,2,"21,0266","-0,31","74,295","3,5334","-42,9687"
2026 02 02 09:39:37:247,-3.9675,-6.78875,"0,284",13,2,"21,0266","-0,31","74,295","3,5334","-58,5937"
2026 02 02 09:39:37:249,-3.9675,-6.78875,"0,284",13,2,"21,0266","-0,31","74,295","3,5334","-66,4062"
2026 02 02 09:39:37:251,-3.9675,-6.78875,"0,284",13,2,"21,0266","-0,31","74,295","3,5334","-70,3125"
2026 02 02 09:39:37:253,-3.9985,-6.70125,"0,284",13,2,"21,0266","-0,31","74,295","3,5334","-74,2187"
2026 02 02 09:39:37:255,-3.9334,-6.78875,"0,284",13,2,"21,0266","-0,31","74,295","3,5334","-66,4062"
2026 02 02 09:39:37:257,-3.9675,-6.78875,"0,284",13,2,"21,0266","-0,31","74,295","3,5334","-62,5"
2026 02 02 09:39:37:259,-3.9675,-6.70125,"0,284",13,2,"21,0266","-0,31","74,295","3,5334","-58,5937"
2026 02 02 09:39:37:261,-3.9675,-6.70125,"0,284",13,2,"21,0266","-0,31","74,295","3,5334","-62,5"
2026 02 02 09:39:37:263,-3.9675,-6.70125,"0,284",13,2,"21,0266","-0,31","74,295","3,5334","-35,1562"
2026 02 02 09:39:37:265,-3.9675,-6.78875,"0,284",13,2,"21,0266","-0,31","74,295","3,5334","-50,7812"
2026 02 02 09:39:37:267,-3.9675,-6.78875,"0,284",13,2,"21,0266","-0,31","74,295","3,5334","-62,5"
2026 02 02 09:39:37:269,-3.9675,-6.78875,"0,284",13,2,"21,0266","-0,31","74,295","3,5334","-70,3125"
2026 02 02 09:39:37:271,-3.9675,-6.70125,"0,284",13,2,"21,0266","-0,31","74,295","3,5334","-74,2187"
2026 02 02 09:39:37:273,-3.9675,-6.70125,"0,284",13,2,"21,0266","-0,31","74,295","3,5334","-74,2187"
2026 02 02 09:39:37:275,-3.9334,-6.70125,"0,284",13,2,"21,0266","-0,31","74,295","3,5334","-62,5"
2026 02 02 09:39:37:277,-3.9334,-6.78875,"0,284",13,2,"21,0266","-0,31","74,295","3,5334","-62,5"
2026 02 02 09:39:37:279,-3.9334,-6.70125,"0,284",13,2,"21,0266","-0,31","74,295","3,5334","-66,4062"
2026 02 02 09:39:37:281,-3.9675,-6.78875,"0,284",13,2,"21,0266","-0,31","74,295","3,5334","-58,5937"
2026 02 02 09:39:37:283,-3.9675,-6.70125,"0,284",13,2,"21,0266","-0,31","74,295","3,5334","-39,0625"
2026 02 02 09:39:37:285,-3.9985,-6.70125,"0,284",13,2,"21,0266","-0,31","74,295","3,5334","-46,875"
2026 02 02 09:39:37:287,-3.9675,-6.70125,"0,284",13,2,"21,0266","-0,31","74,295","3,5334","-58,5937"
2026 02 02 09:39:37:289,-3.9675,-6.70125,"0,284",13,2,"21,0266","-0,31","74,295","3,5334","-74,2187"
2026 02 02 09:39:37:291,-3.9985,-6.78875,"0,284",13,2,"21,0266","-0,31","74,295","3,5334","-74,2187"
2026 02 02 09:39:37:293,-3.9985,-6.78875,"0,284",13,2,"21,0266","-0,31","74,295","3,5334","-74,2187"
2026 02 02 09:39:37:295,-3.9334,-6.70125,"0,284",13,2,"21,0266","-0,31","74,295","3,5334","-62,5"
2026 02 02 09:39:37:297,-3.9985,-6.78875,"0,284",13,2,"21,0266","-0,31","74,295","3,5334","-62,5"
2026 02 02 09:39:37:299,-3.9985,-6.78875,"0,284",13,2,"21,0266","-0,31","74,295","3,5334","-66,4062"
2026 02 02 09:39:37:301,-3.9675,-6.78875,"0,284",13,2,"21,0266","-0,31","74,295","3,5334","-58,5937"
2026 02 02 09:39:37:303,-3.9675,-6.78875,"0,284",13,2,"21,0266","-0,31","74,295","3,5334","-39,0625"
2026 02 02 09:39:37:305,-3.9675,-6.78875,"0,284",13,2,"21,0266","-0,31","74,295","3,5334","-50,7812"
2026 02 02 09:39:37:307,-3.9985,-6.70125,"0,284",13,2,"21,0266","-0,31","74,295","3,5334","-58,5937"
2026 02 02 09:39:37:309,-3.9985,-6.78875,"0,284",13,2,"21,0266","-0,31","74,295","3,5334","-74,2187"
2026 02 02 09:39:37:311,-3.9675,-6.78875,"0,284",13,2,"21,0266","-0,31","74,295","3,5334","-70,3125"
2026 02 02 09:39:37:313,-3.9675,-6.70125,"0,284",13,2,"21,0266","-0,31","74,295","3,5334","-74,2187"
2026 02 02 09:39:37:315,-3.9675,-6.78875,"0,284",13,2,"21,0266","-0,31","74,295","3,5334","-62,5"
2026 02 02 09:39:37:317,-3.9985,-6.70125,"0,284",13,2,"21,0266","-0,31","74,295","3,5334","-62,5"
2026 02 02 09:39:37:319,-3.9675,-6.70125,"0,284",13,2,"21,0266","-0,31","74,295","3,5334","-62,5"
2026 02 02 09:39:37:321,-3.9675,-6.78875,"0,284",13,2,"21,0266","-0,31","74,295","3,5334","-62,5"
2026 02 02 09:39:37:323,-3.9675,-6.78875,"0,284",13,2,"21,0266","-0,31","74,295","3,5334","-39,0625"
2026 02 02 09:39:37:325,-3.9985,-6.78875,"0,284",13,2,"21,0266","-0,31","74,295","3,5334","-50,7812"
2026 02 02 09:39:37:327,-3.9985,-6.78875,"0,284",13,2,"21,0266","-0,31","74,295","3,5334","-62,5"
2026 02 02 09:39:37:329,-3.9985,-6.70125,"0,284",13,2,"21,0266","-0,31","74,295","3,5334","-74,2187"
2026 02 02 09:39:37:331,-3.9675,-6.70125,"0,284",13,2,"21,0266","-0,31","74,295","3,5334","-74,2187"
2026 02 02 09:39:37:333,-3.9675,-6.78875,"0,284",13,2,"21,0266","-0,31","74,295","3,5334","-78,125"
2026 02 02 09:39:37:335,-3.9985,-6.70125,"0,284",13,2,"21,0266","-0,31","74,295","3,5334","-62,5"
2026 02 02 09:39:37:337,-3.9675,-6.78875,"0,284",13,2,"21,0266","-0,31","74,295","3,5334","-66,4062"
2026 02 02 09:39:37:339,-3.9675,-6.70125,"0,284",13,2,"21,0266","-0,31","74,295","3,5334","-62,5"
2026 02 02 09:39:37:341,-3.9334,-6.70125,"0,284",13,2,"21,0266","-0,31","74,295","3,5334","-62,5"
2026 02 02 09:39:37:343,-3.9675,-6.70125,"0,284",13,2,"21,0266","-0,31","74,295","3,5334","-42,9687"
2026 02 02 09:39:37:345,-3.9675,-6.78875,"0,284",13,2,"21,0266","-0,31","74,295","3,5334","-46,875"
2026 02 02 09:39:37:347,-3.9985,-6.70125,"0,284",13,2,"21,0266","-0,31","74,295","3,5334","-62,5"
2026 02 02 09:39:37:349,-3.9675,-6.78875,"0,284",13,2,"21,0266","-0,31","74,295","3,5334","-74,2187"
2026 02 02 09:39:37:351,-3.9985,-6.70125,"0,284",13,2,"21,0266","-0,31","74,295","3,5334","-78,125"
2026 02 02 09:39:37:353,-3.9675,-6.70125,"0,284",13,2,"21,0266","-0,31","74,295","3,5334","-78,125"
2026 02 02 09:39:37:355,-3.9675,-6.70125,"0,284",13,2,"21,0266","-0,31","74,295","3,5334","-66,4062"
2026 02 02 09:39:37:357,-3.9985,-6.78875,"0,284",13,2,"21,0266","-0,31","74,295","3,5334","-66,4062"
2026 02 02 09:39:37:359,-3.9675,-6.78875,"0,284",13,2,"21,0266","-0,31","74,295","3,5334","-66,4062"
2026 02 02 09:39:37:361,-3.9675,-6.78875,"0,284",13,2,"21,0266","-0,31","74,295","3,5334","-66,4062"
2026 02 02 09:39:37:363,-3.9985,-6.78875,"0,284",13,2,"21,0266","-0,31","74,295","3,5334","-42,9687"
2026 02 02 09:39:37:365,-3.9985,-6.78875,"0,284",13,2,"21,0266","-0,31","74,295","3,5334","-46,875"
2026 02 02 09:39:37:367,-3.9675,-6.70125,"0,284",13,2,"21,0266","-0,31","74,295","3,5334","-62,5"
2026 02 02 09:39:37:369,-3.9675,-6.70125,"0,284",13,2,"21,0266","-0,31","74,295","3,5334","-78,125"
2026 02 02 09:39:37:371,-3.9985,-6.78875,"0,284",13,2,"21,0266","-0,31","74,295","3,5334","-70,3125"
2026 02 02 09:39:37:373,-3.9334,-6.78875,"0,284",13,2,"21,0266","-0,31","74,295","3,5334","-74,2187"
2026 02 02 09:39:37:375,-3.9675,-6.70125,"0,284",13,2,"21,0266","-0,31","74,295","3,5334","-66,4062"
2026 02 02 09:39:37:377,-3.9675,-6.70125,"0,284",13,2,"21,0266","-0,31","74,295","3,5334","-62,5"
2026 02 02 09:39:37:379,-3.9675,-6.78875,"0,284",13,2,"21,0266","-0,31","74,295","3,5334","-66,4062"
2026 02 02 09:39:37:381,-3.9675,-6.87625,"0,284",13,2,"21,0266","-0,31","74,295","3,5334","-66,4062"
2026 02 02 09:39:37:383,-3.9675,-6.78875,"0,284",13,2,"21,0266","-0,31","74,295","3,5334","-42,9687"
2026 02 02 09:39:37:385,-3.9334,-6.78875,"0,284",13,2,"21,0266","-0,31","74,295","3,5334","-46,875"
2026 02 02 09:39:37:387,-3.9675,-6.87625,"0,284",13,2,"21,0266","-0,31","74,295","3,5334","-66,4062"
2026 02 02 09:39:37:389,-3.9675,-6.78875,"0,284",13,2,"21,0266","-0,31","74,295","3,5334","-78,125"
2026 02 02 09:39:37:391,-3.9985,-6.78875,"0,284",13,2,"21,0266","-0,31","74,295","3,5334","-74,2187"
2026 02 02 09:39:37:393,-3.9675,-6.78875,"0,284",13,2,"21,0266","-0,31","74,295","3,5334","-74,2187"
2026 02 02 09:39:37:395,-3.9675,-6.78875,"0,284",13,2,"21,0266","-0,31","74,295","3,5334","-66,4062"
2026 02 02 09:39:37:397,-3.9675,-6.70125,"0,284",13,2,"21,0266","-0,31","74,295","3,5334","-62,5"
2026 02 02 09:39:37:399,-3.9675,-6.78875,"0,284",13,2,"21,0266","-0,31","74,295","3,5334","-66,4062"
2026 02 02 09:39:37:401,-3.9334,-6.78875,"0,284",13,2,"21,0266","-0,31","74,295","3,5334","-66,4062"
2026 02 02 09:39:37:403,-3.9985,-6.78875,"0,284",13,2,"21,0266","-0,31","74,295","3,5334","-42,9687"
2026 02 02 09:39:37:405,-3.9334,-6.70125,"0,284",13,2,"21,0266","-0,31","74,295","3,5334","-42,9687"
2026 02 02 09:39:37:407,-3.9675,-6.78875,"0,284",13,2,"21,0266","-0,31","74,295","3,5334","-62,5"
2026 02 02 09:39:37:409,-3.9675,-6.70125,"0,284",13,2,"21,0266","-0,31","74,295","3,5334","-74,2187"
2026 02 02 09:39:37:411,-3.9985,-6.78875,"0,284",13,2,"21,0266","-0,31","74,295","3,5334","-70,3125"
2026 02 02 09:39:37:413,-3.9675,-6.78875,"0,284",13,2,"21,0266","-0,31","74,295","3,5334","-70,3125"
2026 02 02 09:39:37:415,-3.9675,-6.78875,"0,284",13,2,"21,0266","-0,31","74,295","3,5334","-62,5"
2026 02 02 09:39:37:417,-3.9675,-6.70125,"0,284",13,2,"21,0266","-0,31","74,295","3,5334","-66,4062"
2026 02 02 09:39:37:419,-3.9675,-6.78875,"0,284",13,2,"21,0266","-0,31","74,295","3,5334","-66,4062"
2026 02 02 09:39:37:421,-3.9675,-6.78875,"0,284",13,2,"21,0266","-0,31","74,295","3,5334","-66,4062"
2026 02 02 09:39:37:423,-3.9675,-6.70125,"0,284",13,2,"21,0266","-0,31","74,295","3,5334","-42,9687"
2026 02 02 09:39:37:425,-3.9675,-6.70125,"0,284",13,2,"21,0266","-0,31","74,295","3,5334","-50,7812"
2026 02 02 09:39:37:427,-3.9985,-6.78875,"0,284",13,2,"21,0266","-0,31","74,295","3,5334","-66,4062"
2026 02 02 09:39:37:429,-3.9985,-6.78875,"0,284",13,2,"21,0266","-0,31","74,295","3,5334","-70,3125"
2026 02 02 09:39:37:431,-3.9334,-6.78875,"0,284",13,2,"21,0266","-0,31","74,295","3,5334","-74,2187"
2026 02 02 09:39:37:433,-3.9675,-6.70125,"0,284",13,2,"21,0266","-0,31","74,295","3,5334","-74,2187"
2026 02 02 09:39:37:435,-3.9675,-6.70125,"0,284",13,2,"21,0266","-0,31","74,295","3,5334","-66,4062"
2026 02 02 09:39:37:437,-3.9675,-6.78875,"0,284",13,2,"21,0266","-0,31","74,295","3,5334","-62,5"
2026 02 02 09:39:37:439,-3.9675,-6.70125,"0,284",13,2,"21,0266","-0,31","74,295","3,5334","-62,5"
2026 02 02 09:39:37:441,-3.9985,-6.70125,"0,284",13,2,"21,0266","-0,31","74,295","3,5334","-70,3125"
2026 02 02 09:39:37:443,-3.9675,-6.78875,"0,284",13,2,"21,0266","-0,31","74,295","3,5334","-42,9687"
2026 02 02 09:39:37:445,-3.9675,-6.78875,"0,284",13,2,"21,0266","-0,31","74,295","3,5334","-46,875"
2026 02 02 09:39:37:447,-3.9334,-6.78875,"0,284",13,2,"21,0266","-0,31","74,295","3,5334","-70,3125"
2026 02 02 09:39:37:449,-3.9675,-6.78875,"0,284",13,2,"21,0266","-0,31","74,295","3,5334","-74,2187"
2026 02 02 09:39:37:451,-3.9334,-6.78875,"0,284",13,2,"21,0266","-0,31","74,295","3,5334","-74,2187"
2026 02 02 09:39:37:453,-3.9675,-6.78875,"0,284",13,2,"21,0266","-0,31","74,295","3,5334","-74,2187"
2026 02 02 09:39:37:455,-3.9334,-6.78875,"0,284",13,2,"21,0266","-0,31","74,295","3,5334","-66,4062"
2026 02 02 09:39:37:457,-3.9334,-6.78875,"0,284",13,2,"21,0266","-0,31","74,295","3,5334","-62,5"
2026 02 02 09:39:37:459,-3.9675,-6.78875,"0,284",13,2,"21,0266","-0,31","74,295","3,5334","-66,4062"
2026 02 02 09:39:37:461,-3.9675,-6.78875,"0,284",13,2,"21,0266","-0,31","74,295","3,5334","-58,5937"
2026 02 02 09:39:37:463,-3.9985,-6.78875,"0,284",13,2,"21,0266","-0,31","74,295","3,5334","-42,9687"
2026 02 02 09:39:37:465,-3.9675,-6.87625,"0,284",13,2,"21,0266","-0,31","74,295","3,5334","-50,7812"
2026 02 02 09:39:37:467,-3.9675,-6.78875,"0,284",13,2,"21,0266","-0,31","74,295","3,5334","-66,4062"
2026 02 02 09:39:37:469,-3.9675,-6.78875,"0,284",13,2,"21,0266","-0,31","74,295","3,5334","-74,2187"
2026 02 02 09:39:37:471,-3.9675,-6.87625,"0,284",13,2,"21,0266","-0,31","74,295","3,5334","-70,3125"
2026 02 02 09:39:37:473,-3.9675,-6.78875,"0,284",13,2,"21,0266","-0,31","74,295","3,5334","-70,3125"
2026 02 02 09:39:37:475,-3.9675,-6.70125,"0,284",13,2,"21,0266","-0,31","74,295","3,5334","-62,5"
2026 02 02 09:39:37:477,-3.9334,-6.70125,"0,284",13,2,"21,0266","-0,31","74,295","3,5334","-66,4062"
2026 02 02 09:39:37:479,-3.9985,-6.78875,"0,284",13,2,"21,0266","-0,31","74,295","3,5334","-66,4062"
2026 02 02 09:39:37:481,-3.9675,-6.78875,"0,284",13,2,"21,0266","-0,31","74,295","3,5334","-66,4062"
2026 02 02 09:39:37:483,-3.9334,-6.78875,"0,284",13,2,"21,0266","-0,31","74,295","3,5334","-42,9687"
2026 02 02 09:39:37:485,-3.9675,-6.78875,"0,284",13,2,"21,0266","-0,31","74,295","3,5334","-46,875"
2026 02 02 09:39:37:487,-3.9675,-6.78875,"0,284",13,2,"21,0266","-0,31","74,295","3,5334","-66,4062"
2026 02 02 09:39:37:489,-3.9675,-6.78875,"0,284",13,2,"21,0266","-0,31","74,295","3,5334","-74,2187"
2026 02 02 09:39:37:491,-3.9675,-6.78875,"0,284",13,2,"21,0266","-0,31","74,295","3,5334","-74,2187"
2026 02 02 09:39:37:493,-3.9675,-6.78875,"0,284",13,2,"21,0266","-0,31","74,295","3,5334","-74,2187"
2026 02 02 09:39:37:495,-3.9675,-6.78875,"0,284",13,2,"21,0266","-0,31","74,295","3,5334","-62,5"
2026 02 02 09:39:37:497,-3.9675,-6.78875,"0,284",13,2,"21,0266","-0,31","74,295","3,5334","-66,4062"
2026 02 02 09:39:37:499,-3.9675,-6.78875,"0,284",13,2,"21,0266","-0,31","74,295","3,5334","-66,4062"
2026 02 02 09:39:37:501,-3.9675,-6.78875,"0,284",13,2,"21,0266","-0,31","74,295","3,5334","-62,5"
2026 02 02 09:39:37:503,-3.9334,-6.70125,"0,284",13,2,"21,0266","-0,31","74,295","3,5334","-46,875"
2026 02 02 09:39:37:505,-3.9675,-6.78875,"0,284",13,2,"21,0266","-0,31","74,295","3,5334","-46,875"
2026 02 02 09:39:37:507,-3.9675,-6.78875,"0,284",13,2,"21,0266","-0,31","74,295","3,5334","-66,4062"
2026 02 02 09:39:37:509,-3.9675,-6.78875,"0,284",13,2,"21,0266","-0,31","74,295","3,5334","-74,2187"
2026 02 02 09:39:37:511,-3.9675,-6.78875,"0,284",13,2,"21,0266","-0,31","74,295","3,5334","-74,2187"
2026 02 02 09:39:37:513,-3.9675,-6.70125,"0,283",13,2,"16,098","0,1196","55,603","3,454","-70,3125"
2026 02 02 09:39:37:515,-3.9675,-6.70125,"0,283",13,2,"16,098","0,1196","55,603","3,454","-70,3125"
2026 02 02 09:39:37:517,-3.9675,-6.78875,"0,283",13,2,"16,098","0,1196","55,603","3,454","-66,4062"
2026 02 02 09:39:37:519,-3.9675,-6.78875,"0,283",13,2,"16,098","0,1196","55,603","3,454","-58,5937"
2026 02 02 09:39:37:521,-3.9985,-6.70125,"0,283",13,2,"16,098","0,1196","55,603","3,454","-66,4062"
2026 02 02 09:39:37:523,-3.9675,-6.78875,"0,283",13,2,"16,098","0,1196","55,603","3,454","-39,0625"
2026 02 02 09:39:37:525,-3.9334,-6.70125,"0,283",13,2,"16,098","0,1196","55,603","3,454","-46,875"
2026 02 02 09:39:37:527,-3.9675,-6.78875,"0,283",13,2,"16,098","0,1196","55,603","3,454","-62,5"
2026 02 02 09:39:37:529,-3.9675,-6.78875,"0,283",13,2,"16,098","0,1196","55,603","3,454","-74,2187"
2026 02 02 09:39:37:531,-3.9675,-6.78875,"0,283",13,2,"16,098","0,1196","55,603","3,454","-74,2187"
2026 02 02 09:39:37:533,-3.9675,-6.78875,"0,283",13,2,"16,098","0,1196","55,603","3,454","-66,4062"
2026 02 02 09:39:37:535,-3.9675,-6.87625,"0,283",13,2,"16,098","0,1196","55,603","3,454","-66,4062"
2026 02 02 09:39:37:537,-3.9675,-6.78875,"0,283",13,2,"16,098","0,1196","55,603","3,454","-62,5"
2026 02 02 09:39:37:539,-3.9675,-6.78875,"0,283",13,2,"16,098","0,1196","55,603","3,454","-66,4062"
2026 02 02 09:39:37:541,-3.9334,-6.70125,"0,283",13,2,"16,098","0,1196","55,603","3,454","-66,4062"
2026 02 02 09:39:37:543,-3.9675,-6.78875,"0,283",13,2,"16,098","0,1196","55,603","3,454","-42,9687"
2026 02 02 09:39:37:545,-3.9334,-6.78875,"0,283",13,2,"16,098","0,1196","55,603","3,454","-50,7812"
2026 02 02 09:39:37:547,-3.9985,-6.78875,"0,283",13,2,"16,098","0,1196","55,603","3,454","-66,4062"
2026 02 02 09:39:37:549,-3.9675,-6.87625,"0,283",13,2,"16,098","0,1196","55,603","3,454","-78,125"
2026 02 02 09:39:37:551,-3.9675,-6.78875,"0,283",13,2,"16,098","0,1196","55,603","3,454","-78,125"
2026 02 02 09:39:37:553,-3.9675,-6.78875,"0,283",13,2,"16,098","0,1196","55,603","3,454","-70,3125"
2026 02 02 09:39:37:555,-3.9334,-6.78875,"0,283",13,2,"16,098","0,1196","55,603","3,454","-62,5"
2026 02 02 09:39:37:557,-3.9675,-6.78875,"0,283",13,2,"16,098","0,1196","55,603","3,454","-70,3125"
2026 02 02 09:39:37:559,-3.9675,-6.78875,"0,283",13,2,"16,098","0,1196","55,603","3,454","-62,5"
2026 02 02 09:39:37:561,-3.9675,-6.70125,"0,283",13,2,"16,098","0,1196","55,603","3,454","-70,3125"
2026 02 02 09:39:37:563,-3.9675,-6.78875,"0,283",13,2,"16,098","0,1196","55,603","3,454","-39,0625"
2026 02 02 09:39:37:565,-3.9675,-6.70125,"0,283",13,2,"16,098","0,1196","55,603","3,454","-50,7812"
2026 02 02 09:39:37:567,-3.9675,-6.70125,"0,283",13,2,"16,098","0,1196","55,603","3,454","-70,3125"
2026 02 02 09:39:37:569,-3.9675,-6.70125,"0,283",13,2,"16,098","0,1196","55,603","3,454","-78,125"
2026 02 02 09:39:37:571,-3.9675,-6.78875,"0,283",13,2,"16,098","0,1196","55,603","3,454","-74,2187"
2026 02 02 09:39:37:573,-3.9675,-6.70125,"0,283",13,2,"16,098","0,1196","55,603","3,454","-74,2187"
2026 02 02 09:39:37:575,-3.9675,-6.70125,"0,283",13,2,"16,098","0,1196","55,603","3,454","-66,4062"
2026 02 02 09:39:37:577,-3.9675,-6.78875,"0,283",13,2,"16,098","0,1196","55,603","3,454","-66,4062"
2026 02 02 09:39:37:579,-3.9675,-6.78875,"0,283",13,2,"16,098","0,1196","55,603","3,454","-70,3125"
2026 02 02 09:39:37:581,-3.9675,-6.78875,"0,283",13,2,"16,098","0,1196","55,603","3,454","-66,4062"
2026 02 02 09:39:37:583,-3.9334,-6.78875,"0,283",13,2,"16,098","0,1196","55,603","3,454","-39,0625"
2026 02 02 09:39:37:585,-3.9675,-6.70125,"0,283",13,2,"16,098","0,1196","55,603","3,454","-50,7812"
2026 02 02 09:39:37:587,-3.9985,-6.70125,"0,283",13,2,"16,098","0,1196","55,603","3,454","-66,4062"
2026 02 02 09:39:37:589,-3.9675,-6.78875,"0,283",13,2,"16,098","0,1196","55,603","3,454","-78,125"
2026 02 02 09:39:37:591,-3.9334,-6.70125,"0,283",13,2,"16,098","0,1196","55,603","3,454","-82,0312"
2026 02 02 09:39:37:593,-3.9675,-6.78875,"0,283",13,2,"16,098","0,1196","55,603","3,454","-66,4062"
2026 02 02 09:39:37:595,-3.9675,-6.78875,"0,283",13,2,"16,098","0,1196","55,603","3,454","-70,3125"
2026 02 02 09:39:37:597,-3.9334,-6.87625,"0,283",13,2,"16,098","0,1196","55,603","3,454","-66,4062"
2026 02 02 09:39:37:599,-3.9985,-6.78875,"0,283",13,2,"16,098","0,1196","55,603","3,454","-70,3125"
2026 02 02 09:39:37:601,-3.9675,-6.78875,"0,283",13,2,"16,098","0,1196","55,603","3,454","-70,3125"
2026 02 02 09:39:37:603,-3.9675,-6.78875,"0,283",13,2,"16,098","0,1196","55,603","3,454","-39,0625"
2026 02 02 09:39:37:605,-3.9675,-6.70125,"0,283",13,2,"16,098","0,1196","55,603","3,454","-50,7812"
2026 02 02 09:39:37:607,-3.9985,-6.78875,"0,283",13,2,"16,098","0,1196","55,603","3,454","-66,4062"
2026 02 02 09:39:37:609,-3.9675,-6.78875,"0,283",13,2,"16,098","0,1196","55,603","3,454","-82,0312"
2026 02 02 09:39:37:611,-3.9985,-6.70125,"0,283",13,2,"16,098","0,1196","55,603","3,454","-78,125"
2026 02 02 09:39:37:613,-3.9334,-6.78875,"0,283",13,2,"16,098","0,1196","55,603","3,454","-66,4062"
2026 02 02 09:39:37:615,-3.9985,-6.78875,"0,283",13,2,"16,098","0,1196","55,603","3,454","-70,3125"
2026 02 02 09:39:37:617,-3.9675,-6.70125,"0,283",13,2,"16,098","0,1196","55,603","3,454","-62,5"
2026 02 02 09:39:37:619,-3.9675,-6.78875,"0,283",13,2,"16,098","0,1196","55,603","3,454","-74,2187"
2026 02 02 09:39:37:621,-3.9985,-6.70125,"0,283",13,2,"16,098","0,1196","55,603","3,454","-70,3125"
2026 02 02 09:39:37:623,-3.9675,-6.70125,"0,283",13,2,"16,098","0,1196","55,603","3,454","-46,875"
2026 02 02 09:39:37:625,-3.9675,-6.70125,"0,283",13,2,"16,098","0,1196","55,603","3,454","-50,7812"
2026 02 02 09:39:37:627,-3.9675,-6.70125,"0,283",13,2,"16,098","0,1196","55,603","3,454","-70,3125"
2026 02 02 09:39:37:629,-3.9675,-6.78875,"0,283",13,2,"16,098","0,1196","55,603","3,454","-78,125"
2026 02 02 09:39:37:631,-3.9334,-6.78875,"0,283",13,2,"16,098","0,1196","55,603","3,454","-78,125"
2026 02 02 09:39:37:633,-3.9675,-6.78875,"0,283",13,2,"16,098","0,1196","55,603","3,454","-70,3125"
2026 02 02 09:39:37:635,-3.9675,-6.70125,"0,283",13,2,"16,098","0,1196","55,603","3,454","-70,3125"
2026 02 02 09:39:37:637,-3.9985,-6.78875,"0,283",13,2,"16,098","0,1196","55,603","3,454","-70,3125"
2026 02 02 09:39:37:639,-3.9675,-6.78875,"0,283",13,2,"16,098","0,1196","55,603","3,454","-66,4062"
2026 02 02 09:39:37:641,-3.9675,-6.78875,"0,283",13,2,"16,098","0,1196","55,603","3,454","-70,3125"
2026 02 02 09:39:37:643,-3.9334,-6.78875,"0,283",13,2,"16,098","0,1196","55,603","3,454","-39,0625"
2026 02 02 09:39:37:645,-3.9675,-6.70125,"0,283",13,2,"16,098","0,1196","55,603","3,454","-50,7812"
2026 02 02 09:39:37:647,-3.9985,-6.70125,"0,283",13,2,"16,098","0,1196","55,603","3,454","-66,4062"
2026 02 02 09:39:37:649,-3.9675,-6.70125,"0,283",13,2,"16,098","0,1196","55,603","3,454","-78,125"
2026 02 02 09:39:37:651,-3.9675,-6.78875,"0,283",13,2,"16,098","0,1196","55,603","3,454","-78,125"
2026 02 02 09:39:37:653,-3.9985,-6.78875,"0,283",13,2,"16,098","0,1196","55,603","3,454","-70,3125"
2026 02 02 09:39:37:655,-3.9675,-6.70125,"0,283",13,2,"16,098","0,1196","55,603","3,454","-66,4062"
2026 02 02 09:39:37:657,-3.9675,-6.70125,"0,283",13,2,"16,098","0,1196","55,603","3,454","-66,4062"
2026 02 02 09:39:37:659,-3.9675,-6.78875,"0,283",13,2,"16,098","0,1196","55,603","3,454","-70,3125"
2026 02 02 09:39:37:661,-3.9675,-6.78875,"0,283",13,2,"16,098","0,1196","55,603","3,454","-70,3125"
2026 02 02 09:39:37:663,-3.9675,-6.78875,"0,283",13,2,"16,098","0,1196","55,603","3,454","-42,9687"
2026 02 02 09:39:37:665,-3.9675,-6.70125,"0,283",13,2,"16,098","0,1196","55,603","3,454","-46,875"
2026 02 02 09:39:37:667,-3.9675,-6.70125,"0,283",13,2,"16,098","0,1196","55,603","3,454","-66,4062"
2026 02 02 09:39:37:669,-3.9675,-6.70125,"0,283",13,2,"16,098","0,1196","55,603","3,454","-78,125"
2026 02 02 09:39:37:671,-3.9985,-6.78875,"0,283",13,2,"16,098","0,1196","55,603","3,454","-78,125"
2026 02 02 09:39:37:673,-3.9675,-6.78875,"0,283",13,2,"16,098","0,1196","55,603","3,454","-66,4062"
2026 02 02 09:39:37:675,-3.9985,-6.70125,"0,283",13,2,"16,098","0,1196","55,603","3,454","-70,3125"
2026 02 02 09:39:37:677,-3.9675,-6.78875,"0,283",13,2,"16,098","0,1196","55,603","3,454","-70,3125"
2026 02 02 09:39:37:679,-3.9675,-6.78875,"0,283",13,2,"16,098","0,1196","55,603","3,454","-70,3125"
2026 02 02 09:39:37:681,-3.9675,-6.70125,"0,283",13,2,"16,098","0,1196","55,603","3,454","-70,3125"
2026 02 02 09:39:37:683,-3.9675,-6.70125,"0,283",13,2,"16,098","0,1196","55,603","3,454","-50,7812"
2026 02 02 09:39:37:685,-3.9334,-6.78875,"0,283",13,2,"16,098","0,1196","55,603","3,454","-46,875"
2026 02 02 09:39:37:687,-3.9675,-6.78875,"0,283",13,2,"16,098","0,1196","55,603","3,454","-66,4062"
2026 02 02 09:39:37:689,-3.9334,-6.87625,"0,283",13,2,"16,098","0,1196","55,603","3,454","-78,125"
2026 02 02 09:39:37:691,-3.9985,-6.78875,"0,283",13,2,"16,098","0,1196","55,603","3,454","-78,125"
2026 02 02 09:39:37:693,-3.9675,-6.78875,"0,283",13,2,"16,098","0,1196","55,603","3,454","-70,3125"
2026 02 02 09:39:37:695,-3.9675,-6.78875,"0,283",13,2,"16,098","0,1196","55,603","3,454","-70,3125"
2026 02 02 09:39:37:697,-3.9985,-6.70125,"0,283",13,2,"16,098","0,1196","55,603","3,454","-70,3125"
2026 02 02 09:39:37:699,-3.9334,-6.78875,"0,283",13,2,"16,098","0,1196","55,603","3,454","-70,3125"
2026 02 02 09:39:37:701,-3.9675,-6.78875,"0,283",13,2,"16,098","0,1196","55,603","3,454","-70,3125"
2026 02 02 09:39:37:703,-3.9675,-6.78875,"0,283",13,2,"16,098","0,1196","55,603","3,454","-46,875"
2026 02 02 09:39:37:705,-3.9675,-6.87625,"0,283",13,2,"16,098","0,1196","55,603","3,454","-50,7812"
2026 02 02 09:39:37:707,-3.9675,-6.78875,"0,283",13,2,"16,098","0,1196","55,603","3,454","-70,3125"
2026 02 02 09:39:37:709,-3.9985,-6.78875,"0,283",13,2,"16,098","0,1196","55,603","3,454","-82,0312"
2026 02 02 09:39:37:711,-3.9334,-6.70125,"0,283",13,2,"16,098","0,1196","55,603","3,454","-78,125"
2026 02 02 09:39:37:713,-3.9675,-6.78875,"0,283",13,2,"16,098","0,1196","55,603","3,454","-66,4062"
2026 02 02 09:39:37:715,-3.9675,-6.78875,"0,283",13,2,"16,098","0,1196","55,603","3,454","-74,2187"
2026 02 02 09:39:37:717,-3.9675,-6.78875,"0,283",13,2,"16,098","0,1196","55,603","3,454","-70,3125"
2026 02 02 09:39:37:719,-3.9675,-6.70125,"0,283",13,2,"16,098","0,1196","55,603","3,454","-70,3125"
2026 02 02 09:39:37:721,-3.9675,-6.78875,"0,283",13,2,"16,098","0,1196","55,603","3,454","-70,3125"
2026 02 02 09:39:37:723,-3.9985,-6.87625,"0,283",13,2,"16,098","0,1196","55,603","3,454","-50,7812"
2026 02 02 09:39:37:725,-3.9334,-6.70125,"0,283",13,2,"16,098","0,1196","55,603","3,454","-50,7812"
2026 02 02 09:39:37:727,-3.9985,-6.78875,"0,283",13,2,"16,098","0,1196","55,603","3,454","-66,4062"
2026 02 02 09:39:37:729,-3.9675,-6.70125,"0,283",13,2,"16,098","0,1196","55,603","3,454","-78,125"
2026 02 02 09:39:37:731,-3.9985,-6.70125,"0,283",13,2,"16,098","0,1196","55,603","3,454","-78,125"
2026 02 02 09:39:37:733,-3.9675,-6.87625,"0,283",13,2,"16,098","0,1196","55,603","3,454","-70,3125"
2026 02 02 09:39:37:735,-3.9675,-6.78875,"0,283",13,2,"16,098","0,1196","55,603","3,454","-66,4062"
2026 02 02 09:39:37:737,-3.9675,-6.78875,"0,283",13,2,"16,098","0,1196","55,603","3,454","-66,4062"
2026 02 02 09:39:37:739,-3.9985,-6.78875,"0,283",13,2,"16,098","0,1196","55,603","3,454","-70,3125"
2026 02 02 09:39:37:741,-3.9675,-6.78875,"0,283",13,2,"16,098","0,1196","55,603","3,454","-70,3125"
2026 02 02 09:39:37:743,-3.9985,-6.78875,"0,283",13,2,"16,098","0,1196","55,603","3,454","-46,875"
2026 02 02 09:39:37:745,-3.9675,-6.78875,"0,283",13,2,"16,098","0,1196","55,603","3,454","-46,875"
2026 02 02 09:39:37:747,-3.9334,-6.78875,"0,283",13,2,"16,098","0,1196","55,603","3,454","-66,4062"
2026 02 02 09:39:37:749,-3.9334,-6.78875,"0,283",13,2,"16,098","0,1196","55,603","3,454","-78,125"
2026 02 02 09:39:37:751,-3.9675,-6.70125,"0,283",13,2,"16,098","0,1196","55,603","3,454","-70,3125"
2026 02 02 09:39:37:753,-3.9675,-6.70125,"0,283",13,2,"16,098","0,1196","55,603","3,454","-70,3125"
2026 02 02 09:39:37:755,-3.9675,-6.78875,"0,283",13,2,"16,098","0,1196","55,603","3,454","-70,3125"
2026 02 02 09:39:37:757,-3.9334,-6.78875,"0,283",13,2,"16,098","0,1196","55,603","3,454","-70,3125"
2026 02 02 09:39:37:759,-3.9675,-6.78875,"0,283",13,2,"16,098","0,1196","55,603","3,454","-70,3125"
2026 02 02 09:39:37:761,-3.9675,-6.78875,"0,283",13,2,"16,098","0,1196","55,603","3,454","-74,2187"
2026 02 02 09:39:37:763,-3.9675,-6.78875,"0,283",13,2,"16,098","0,1196","55,603","3,454","-46,875"
2026 02 02 09:39:37:765,-3.9985,-6.78875,"0,283",13,2,"16,098","0,1196","55,603","3,454","-50,7812"
2026 02 02 09:39:37:767,-3.9985,-6.70125,"0,283",13,2,"16,098","0,1196","55,603","3,454","-66,4062"
2026 02 02 09:39:37:769,-3.9985,-6.78875,"0,283",13,2,"16,098","0,1196","55,603","3,454","-82,0312"
2026 02 02 09:39:37:771,-3.9675,-6.70125,"0,283",13,2,"16,098","0,1196","55,603","3,454","-82,0312"
2026 02 02 09:39:37:773,-3.9675,-6.78875,"0,283",13,2,"16,098","0,1196","55,603","3,454","-66,4062"
2026 02 02 09:39:37:775,-3.9675,-6.78875,"0,283",13,2,"16,098","0,1196","55,603","3,454","-70,3125"
2026 02 02 09:39:37:777,-3.9334,-6.78875,"0,283",13,2,"16,098","0,1196","55,603","3,454","-66,4062"
2026 02 02 09:39:37:779,-3.9675,-6.78875,"0,283",13,2,"16,098","0,1196","55,603","3,454","-66,4062"
2026 02 02 09:39:37:781,-3.9675,-6.70125,"0,283",13,2,"16,098","0,1196","55,603","3,454","-66,4062"
2026 02 02 09:39:37:783,-3.9675,-6.78875,"0,283",13,2,"16,098","0,1196","55,603","3,454","-42,9687"
2026 02 02 09:39:37:785,-3.9334,-6.78875,"0,283",13,2,"16,098","0,1196","55,603","3,454","-50,7812"
2026 02 02 09:39:37:787,-3.9675,-6.78875,"0,283",13,2,"16,098","0,1196","55,603","3,454","-70,3125"
2026 02 02 09:39:37:789,-3.9675,-6.78875,"0,283",13,2,"16,098","0,1196","55,603","3,454","-78,125"
2026 02 02 09:39:37:791,-3.9675,-6.78875,"0,283",13,2,"16,098","0,1196","55,603","3,454","-74,2187"
2026 02 02 09:39:37:793,-3.9675,-6.78875,"0,283",13,2,"16,098","0,1196","55,603","3,454","-70,3125"
2026 02 02 09:39:37:795,-3.9985,-6.70125,"0,283",13,2,"16,098","0,1196","55,603","3,454","-70,3125"
2026 02 02 09:39:37:797,-3.9675,-6.78875,"0,283",13,2,"16,098","0,1196","55,603","3,454","-66,4062"
2026 02 02 09:39:37:799,-3.9675,-6.78875,"0,283",13,2,"16,098","0,1196","55,603","3,454","-70,3125"
2026 02 02 09:39:37:801,-3.9675,-6.70125,"0,283",13,2,"16,098","0,1196","55,603","3,454","-70,3125"
2026 02 02 09:39:37:803,-3.9675,-6.87625,"0,283",13,2,"16,098","0,1196","55,603","3,454","-46,875"
2026 02 02 09:39:37:805,-3.9675,-6.78875,"0,283",13,2,"16,098","0,1196","55,603","3,454","-50,7812"
2026 02 02 09:39:37:807,-3.9675,-6.70125,"0,283",13,2,"16,098","0,1196","55,603","3,454","-66,4062"
2026 02 02 09:39:37:809,-3.9985,-6.78875,"0,283",13,2,"16,098","0,1196","55,603","3,454","-82,0312"
2026 02 02 09:39:37:811,-3.9675,-6.70125,"0,283",13,2,"16,098","0,1196","55,603","3,454","-74,2187"
2026 02 02 09:39:37:813,-3.9675,-6.70125,"0,283",13,2,"13,5193","0,7444","49,9115","3,6919","-74,2187"
2026 02 02 09:39:37:815,-3.9675,-6.78875,"0,283",13,2,"13,5193","0,7444","49,9115","3,6919","-70,3125"
2026 02 02 09:39:37:817,-3.9675,-6.78875,"0,283",13,2,"13,5193","0,7444","49,9115","3,6919","-70,3125"
2026 02 02 09:39:37:819,-3.9334,-6.78875,"0,283",13,2,"13,5193","0,7444","49,9115","3,6919","-66,4062"
2026 02 02 09:39:37:821,-3.9675,-6.78875,"0,283",13,2,"13,5193","0,7444","49,9115","3,6919","-74,2187"
2026 02 02 09:39:37:823,-3.9675,-6.70125,"0,283",13,2,"13,5193","0,7444","49,9115","3,6919","-46,875"
2026 02 02 09:39:37:825,-3.9985,-6.78875,"0,283",13,2,"13,5193","0,7444","49,9115","3,6919","-50,7812"
2026 02 02 09:39:37:827,-3.9675,-6.78875,"0,283",13,2,"13,5193","0,7444","49,9115","3,6919","-70,3125"
2026 02 02 09:39:37:829,-3.9675,-6.78875,"0,283",13,2,"13,5193","0,7444","49,9115","3,6919","-78,125"
2026 02 02 09:39:37:831,-3.9675,-6.70125,"0,283",13,2,"13,5193","0,7444","49,9115","3,6919","-78,125"
2026 02 02 09:39:37:833,-3.9675,-6.78875,"0,283",13,2,"13,5193","0,7444","49,9115","3,6919","-66,4062"
2026 02 02 09:39:37:835,-3.9675,-6.78875,"0,283",13,2,"13,5193","0,7444","49,9115","3,6919","-70,3125"
2026 02 02 09:39:37:837,-3.9675,-6.78875,"0,283",13,2,"13,5193","0,7444","49,9115","3,6919","-66,4062"
2026 02 02 09:39:37:839,-3.9675,-6.78875,"0,283",13,2,"13,5193","0,7444","49,9115","3,6919","-66,4062"
2026 02 02 09:39:37:841,-3.9675,-6.78875,"0,283",13,2,"13,5193","0,7444","49,9115","3,6919","-66,4062"
2026 02 02 09:39:37:843,-3.9985,-6.78875,"0,283",13,2,"13,5193","0,7444","49,9115","3,6919","-42,9687"
2026 02 02 09:39:37:845,-3.9675,-6.78875,"0,283",13,2,"13,5193","0,7444","49,9115","3,6919","-54,6875"
2026 02 02 09:39:37:847,-3.9675,-6.78875,"0,283",13,2,"13,5193","0,7444","49,9115","3,6919","-70,3125"
2026 02 02 09:39:37:849,-3.9675,-6.78875,"0,283",13,2,"13,5193","0,7444","49,9115","3,6919","-78,125"
2026 02 02 09:39:37:851,-3.9675,-6.78875,"0,283",13,2,"13,5193","0,7444","49,9115","3,6919","-70,3125"
2026 02 02 09:39:37:853,-3.9675,-6.78875,"0,283",13,2,"13,5193","0,7444","49,9115","3,6919","-70,3125"
2026 02 02 09:39:37:855,-3.9985,-6.78875,"0,283",13,2,"13,5193","0,7444","49,9115","3,6919","-70,3125"
2026 02 02 09:39:37:857,-3.9675,-6.87625,"0,283",13,2,"13,5193","0,7444","49,9115","3,6919","-66,4062"
2026 02 02 09:39:37:859,-3.9675,-6.78875,"0,283",13,2,"13,5193","0,7444","49,9115","3,6919","-70,3125"
2026 02 02 09:39:37:861,-3.9675,-6.78875,"0,283",13,2,"13,5193","0,7444","49,9115","3,6919","-74,2187"
2026 02 02 09:39:37:863,-3.9675,-6.78875,"0,283",13,2,"13,5193","0,7444","49,9115","3,6919","-46,875"
2026 02 02 09:39:37:865,-3.9675,-6.78875,"0,283",13,2,"13,5193","0,7444","49,9115","3,6919","-50,7812"
2026 02 02 09:39:37:867,-3.9675,-6.78875,"0,283",13,2,"13,5193","0,7444","49,9115","3,6919","-66,4062"
2026 02 02 09:39:37:869,-3.9675,-6.78875,"0,283",13,2,"13,5193","0,7444","49,9115","3,6919","-82,0312"
2026 02 02 09:39:37:871,-3.9675,-6.78875,"0,283",13,2,"13,5193","0,7444","49,9115","3,6919","-74,2187"
2026 02 02 09:39:37:873,-3.9334,-6.70125,"0,283",13,2,"13,5193","0,7444","49,9115","3,6919","-70,3125"
2026 02 02 09:39:37:875,-3.9334,-6.70125,"0,283",13,2,"13,5193","0,7444","49,9115","3,6919","-70,3125"
2026 02 02 09:39:37:877,-3.9675,-6.78875,"0,283",13,2,"13,5193","0,7444","49,9115","3,6919","-70,3125"
2026 02 02 09:39:37:879,-3.9985,-6.78875,"0,283",13,2,"13,5193","0,7444","49,9115","3,6919","-78,125"
2026 02 02 09:39:37:881,-3.9675,-6.70125,"0,283",13,2,"13,5193","0,7444","49,9115","3,6919","-66,4062"
2026 02 02 09:39:37:883,-3.9985,-6.70125,"0,283",13,2,"13,5193","0,7444","49,9115","3,6919","-50,7812"
2026 02 02 09:39:37:885,-3.9675,-6.70125,"0,283",13,2,"13,5193","0,7444","49,9115","3,6919","-54,6875"
2026 02 02 09:39:37:887,-3.9675,-6.70125,"0,283",13,2,"13,5193","0,7444","49,9115","3,6919","-66,4062"
2026 02 02 09:39:37:889,-3.9675,-6.78875,"0,283",13,2,"13,5193","0,7444","49,9115","3,6919","-82,0312"
2026 02 02 09:39:37:891,-3.9675,-6.78875,"0,283",13,2,"13,5193","0,7444","49,9115","3,6919","-78,125"
2026 02 02 09:39:37:893,-3.9334,-6.78875,"0,283",13,2,"13,5193","0,7444","49,9115","3,6919","-66,4062"
2026 02 02 09:39:37:895,-3.9675,-6.78875,"0,283",13,2,"13,5193","0,7444","49,9115","3,6919","-70,3125"
2026 02 02 09:39:37:897,-3.9675,-6.78875,"0,283",13,2,"13,5193","0,7444","49,9115","3,6919","-70,3125"
2026 02 02 09:39:37:899,-3.9675,-6.78875,"0,283",13,2,"13,5193","0,7444","49,9115","3,6919","-70,3125"
2026 02 02 09:39:37:901,-3.9675,-6.78875,"0,283",13,2,"13,5193","0,7444","49,9115","3,6919","-70,3125"
2026 02 02 09:39:37:903,-3.9675,-6.70125,"0,283",13,2,"13,5193","0,7444","49,9115","3,6919","-46,875"
2026 02 02 09:39:37:905,-3.9675,-6.78875,"0,283",13,2,"13,5193","0,7444","49,9115","3,6919","-50,7812"
2026 02 02 09:39:37:907,-3.9675,-6.78875,"0,283",13,2,"13,5193","0,7444","49,9115","3,6919","-70,3125"
2026 02 02 09:39:37:909,-3.9675,-6.70125,"0,283",13,2,"13,5193","0,7444","49,9115","3,6919","-82,0312"
2026 02 02 09:39:37:911,-3.9675,-6.70125,"0,283",13,2,"13,5193","0,7444","49,9115","3,6919","-74,2187"
2026 02 02 09:39:37:913,-3.9985,-6.70125,"0,283",13,2,"13,5193","0,7444","49,9115","3,6919","-70,3125"
2026 02 02 09:39:37:915,-3.9675,-6.78875,"0,283",13,2,"13,5193","0,7444","49,9115","3,6919","-66,4062"
2026 02 02 09:39:37:917,-3.9334,-6.78875,"0,283",13,2,"13,5193","0,7444","49,9115","3,6919","-70,3125"
2026 02 02 09:39:37:919,-3.9675,-6.78875,"0,283",13,2,"13,5193","0,7444","49,9115","3,6919","-70,3125"
2026 02 02 09:39:37:921,-3.9675,-6.70125,"0,283",13,2,"13,5193","0,7444","49,9115","3,6919","-66,4062"
2026 02 02 09:39:37:923,-3.9675,-6.78875,"0,283",13,2,"13,5193","0,7444","49,9115","3,6919","-50,7812"
2026 02 02 09:39:37:925,-3.9985,-6.78875,"0,283",13,2,"13,5193","0,7444","49,9115","3,6919","-50,7812"
2026 02 02 09:39:37:927,-3.9675,-6.78875,"0,283",13,2,"13,5193","0,7444","49,9115","3,6919","-70,3125"
2026 02 02 09:39:37:929,-3.9675,-6.78875,"0,283",13,2,"13,5193","0,7444","49,9115","3,6919","-82,0312"
2026 02 02 09:39:37:931,-3.9675,-6.78875,"0,283",13,2,"13,5193","0,7444","49,9115","3,6919","-78,125"
2026 02 02 09:39:37:933,-3.9675,-6.78875,"0,283",13,2,"13,5193","0,7444","49,9115","3,6919","-70,3125"
2026 02 02 09:39:37:935,-3.9675,-6.78875,"0,283",13,2,"13,5193","0,7444","49,9115","3,6919","-70,3125"
2026 02 02 09:39:37:937,-3.9675,-6.78875,"0,283",13,2,"13,5193","0,7444","49,9115","3,6919","-74,2187"
2026 02 02 09:39:37:939,-3.9675,-6.70125,"0,283",13,2,"13,5193","0,7444","49,9115","3,6919","-70,3125"
2026 02 02 09:39:37:941,-3.9985,-6.78875,"0,283",13,2,"13,5193","0,7444","49,9115","3,6919","-74,2187"
2026 02 02 09:39:37:943,-3.9334,-6.78875,"0,283",13,2,"13,5193","0,7444","49,9115","3,6919","-46,875"
2026 02 02 09:39:37:945,-3.9334,-6.78875,"0,283",13,2,"13,5193","0,7444","49,9115","3,6919","-54,6875"
2026 02 02 09:39:37:947,-3.9675,-6.78875,"0,283",13,2,"13,5193","0,7444","49,9115","3,6919","-66,4062"
2026 02 02 09:39:37:949,-3.9675,-6.78875,"0,283",13,2,"13,5193","0,7444","49,9115","3,6919","-85,9375"
2026 02 02 09:39:37:951,-3.9675,-6.78875,"0,283",13,2,"13,5193","0,7444","49,9115","3,6919","-74,2187"
2026 02 02 09:39:37:953,-3.9985,-6.78875,"0,283",13,2,"13,5193","0,7444","49,9115","3,6919","-66,4062"
2026 02 02 09:39:37:955,-3.9334,-6.78875,"0,283",13,2,"13,5193","0,7444","49,9115","3,6919","-70,3125"
2026 02 02 09:39:37:957,-3.9985,-6.70125,"0,283",13,2,"13,5193","0,7444","49,9115","3,6919","-70,3125"
2026 02 02 09:39:37:959,-3.9675,-6.78875,"0,283",13,2,"13,5193","0,7444","49,9115","3,6919","-62,5"
2026 02 02 09:39:37:961,-3.9675,-6.78875,"0,283",13,2,"13,5193","0,7444","49,9115","3,6919","-66,4062"
2026 02 02 09:39:37:963,-3.9675,-6.78875,"0,283",13,2,"13,5193","0,7444","49,9115","3,6919","-50,7812"
2026 02 02 09:39:37:965,-3.9675,-6.78875,"0,283",13,2,"13,5193","0,7444","49,9115","3,6919","-50,7812"
2026 02 02 09:39:37:967,-3.9675,-6.78875,"0,283",13,2,"13,5193","0,7444","49,9115","3,6919","-74,2187"
2026 02 02 09:39:37:969,-3.9985,-6.78875,"0,283",13,2,"13,5193","0,7444","49,9115","3,6919","-82,0312"
2026 02 02 09:39:37:971,-3.9985,-6.78875,"0,283",13,2,"13,5193","0,7444","49,9115","3,6919","-74,2187"
2026 02 02 09:39:37:973,-3.9675,-6.78875,"0,283",13,2,"13,5193","0,7444","49,9115","3,6919","-66,4062"
2026 02 02 09:39:37:975,-3.9985,-6.70125,"0,283",13,2,"13,5193","0,7444","49,9115","3,6919","-70,3125"
2026 02 02 09:39:37:977,-3.9675,-6.78875,"0,283",13,2,"13,5193","0,7444","49,9115","3,6919","-70,3125"
2026 02 02 09:39:37:979,-3.9675,-6.78875,"0,283",13,2,"13,5193","0,7444","49,9115","3,6919","-66,4062"
2026 02 02 09:39:37:981,-3.9675,-6.78875,"0,283",13,2,"13,5193","0,7444","49,9115","3,6919","-70,3125"
2026 02 02 09:39:37:983,-3.9675,-6.70125,"0,283",13,2,"13,5193","0,7444","49,9115","3,6919","-46,875"
2026 02 02 09:39:37:985,-3.9675,-6.78875,"0,283",13,2,"13,5193","0,7444","49,9115","3,6919","-50,7812"
2026 02 02 09:39:37:987,-3.9675,-6.78875,"0,283",13,2,"13,5193","0,7444","49,9115","3,6919","-74,2187"
2026 02 02 09:39:37:989,-3.9985,-6.78875,"0,283",13,2,"13,5193","0,7444","49,9115","3,6919","-85,9375"
2026 02 02 09:39:37:991,-3.9675,-6.78875,"0,283",13,2,"13,5193","0,7444","49,9115","3,6919","-74,2187"
2026 02 02 09:39:37:993,-3.9675,-6.78875,"0,283",13,2,"13,5193","0,7444","49,9115","3,6919","-66,4062"
2026 02 02 09:39:37:995,-3.9675,-6.78875,"0,283",13,2,"13,5193","0,7444","49,9115","3,6919","-74,2187"
2026 02 02 09:39:37:997,-3.9675,-6.78875,"0,283",13,2,"13,5193","0,7444","49,9115","3,6919","-66,4062"
2026 02 02 09:39:37:999,-3.9334,-6.70125,"0,283",13,2,"13,5193","0,7444","49,9115","3,6919","-70,3125"
2026 02 02 09:39:38:001,-3.9675,-6.78875,"0,283",13,2,"13,5193","0,7444","49,9115","3,6919","-70,3125"
2026 02 02 09:39:38:003,-3.9675,-6.78875,"0,283",13,2,"13,5193","0,7444","49,9115","3,6919","-46,875"
2026 02 02 09:39:38:005,-3.9675,-6.70125,"0,283",13,2,"13,5193","0,7444","49,9115","3,6919","-46,875"
2026 02 02 09:39:38:007,-3.9675,-6.78875,"0,283",13,2,"13,5193","0,7444","49,9115","3,6919","-70,3125"
2026 02 02 09:39:38:009,-3.9675,-6.78875,"0,283",13,2,"13,5193","0,7444","49,9115","3,6919","-82,0312"
2026 02 02 09:39:38:011,-3.9334,-6.70125,"0,283",13,2,"13,5193","0,7444","49,9115","3,6919","-78,125"
2026 02 02 09:39:38:013,-3.9675,-6.78875,"0,283",13,2,"13,5193","0,7444","49,9115","3,6919","-70,3125"
2026 02 02 09:39:38:015,-3.9675,-6.70125,"0,283",13,2,"13,5193","0,7444","49,9115","3,6919","-70,3125"
2026 02 02 09:39:38:017,-3.9675,-6.70125,"0,283",13,2,"13,5193","0,7444","49,9115","3,6919","-74,2187"
2026 02 02 09:39:38:019,-3.9985,-6.70125,"0,283",13,2,"13,5193","0,7444","49,9115","3,6919","-70,3125"
2026 02 02 09:39:38:021,-3.9675,-6.78875,"0,283",13,2,"13,5193","0,7444","49,9115","3,6919","-70,3125"
2026 02 02 09:39:38:023,-3.9985,-6.78875,"0,283",13,2,"13,5193","0,7444","49,9115","3,6919","-46,875"
2026 02 02 09:39:38:025,-3.9675,-6.78875,"0,283",13,2,"13,5193","0,7444","49,9115","3,6919","-54,6875"
2026 02 02 09:39:38:027,-3.9675,-6.78875,"0,283",13,2,"13,5193","0,7444","49,9115","3,6919","-70,3125"
2026 02 02 09:39:38:029,-3.9675,-6.70125,"0,283",13,2,"13,5193","0,7444","49,9115","3,6919","-85,9375"
2026 02 02 09:39:38:031,-3.9675,-6.78875,"0,283",13,2,"13,5193","0,7444","49,9115","3,6919","-78,125"
2026 02 02 09:39:38:033,-3.9675,-6.70125,"0,283",13,2,"13,5193","0,7444","49,9115","3,6919","-66,4062"
2026 02 02 09:39:38:035,-3.9985,-6.78875,"0,283",13,2,"13,5193","0,7444","49,9115","3,6919","-70,3125"
2026 02 02 09:39:38:037,-3.9675,-6.78875,"0,283",13,2,"13,5193","0,7444","49,9115","3,6919","-66,4062"
2026 02 02 09:39:38:039,-3.9985,-6.70125,"0,283",13,2,"13,5193","0,7444","49,9115","3,6919","-74,2187"
2026 02 02 09:39:38:041,-3.9675,-6.78875,"0,283",13,2,"13,5193","0,7444","49,9115","3,6919","-66,4062"
2026 02 02 09:39:38:043,-3.9334,-6.78875,"0,283",13,2,"13,5193","0,7444","49,9115","3,6919","-46,875"
2026 02 02 09:39:38:045,-3.9675,-6.78875,"0,283",13,2,"13,5193","0,7444","49,9115","3,6919","-54,6875"
2026 02 02 09:39:38:047,-3.9985,-6.78875,"0,283",13,2,"13,5193","0,7444","49,9115","3,6919","-70,3125"
2026 02 02 09:39:38:049,-3.9675,-6.78875,"0,283",13,2,"13,5193","0,7444","49,9115","3,6919","-85,9375"
2026 02 02 09:39:38:051,-3.9675,-6.70125,"0,283",13,2,"13,5193","0,7444","49,9115","3,6919","-74,2187"
2026 02 02 09:39:38:053,-3.9675,-6.70125,"0,283",13,2,"13,5193","0,7444","49,9115","3,6919","-70,3125"
2026 02 02 09:39:38:055,-3.9675,-6.78875,"0,283",13,2,"13,5193","0,7444","49,9115","3,6919","-74,2187"
2026 02 02 09:39:38:057,-3.9985,-6.78875,"0,283",13,2,"13,5193","0,7444","49,9115","3,6919","-70,3125"
2026 02 02 09:39:38:059,-3.9985,-6.78875,"0,283",13,2,"13,5193","0,7444","49,9115","3,6919","-70,3125"
2026 02 02 09:39:38:061,-3.9675,-6.70125,"0,283",13,2,"13,5193","0,7444","49,9115","3,6919","-70,3125"
2026 02 02 09:39:38:063,-3.9675,-6.70125,"0,283",13,2,"13,5193","0,7444","49,9115","3,6919","-46,875"
2026 02 02 09:39:38:065,-3.9675,-6.78875,"0,283",13,2,"13,5193","0,7444","49,9115","3,6919","-54,6875"
2026 02 02 09:39:38:067,-3.9985,-6.70125,"0,283",13,2,"13,5193","0,7444","49,9115","3,6919","-70,3125"
2026 02 02 09:39:38:069,-3.9675,-6.78875,"0,283",13,2,"13,5193","0,7444","49,9115","3,6919","-82,0312"
2026 02 02 09:39:38:071,-3.9675,-6.78875,"0,283",13,2,"13,5193","0,7444","49,9115","3,6919","-78,125"
2026 02 02 09:39:38:073,-3.9985,-6.78875,"0,283",13,2,"13,5193","0,7444","49,9115","3,6919","-66,4062"
2026 02 02 09:39:38:075,-3.9675,-6.78875,"0,283",13,2,"13,5193","0,7444","49,9115","3,6919","-70,3125"
2026 02 02 09:39:38:077,-3.9675,-6.70125,"0,283",13,2,"13,5193","0,7444","49,9115","3,6919","-70,3125"
2026 02 02 09:39:38:079,-3.9675,-6.70125,"0,283",13,2,"13,5193","0,7444","49,9115","3,6919","-70,3125"
2026 02 02 09:39:38:081,-3.9675,-6.70125,"0,283",13,2,"13,5193","0,7444","49,9115","3,6919","-70,3125"
2026 02 02 09:39:38:083,-3.9675,-6.78875,"0,283",13,2,"13,5193","0,7444","49,9115","3,6919","-50,7812"
2026 02 02 09:39:38:085,-3.9334,-6.87625,"0,283",13,2,"13,5193","0,7444","49,9115","3,6919","-54,6875"
2026 02 02 09:39:38:087,-3.9675,-6.78875,"0,283",13,2,"13,5193","0,7444","49,9115","3,6919","-70,3125"
2026 02 02 09:39:38:089,-3.9675,-6.78875,"0,283",13,2,"13,5193","0,7444","49,9115","3,6919","-82,0312"
2026 02 02 09:39:38:091,-3.9985,-6.78875,"0,283",13,2,"13,5193","0,7444","49,9115","3,6919","-78,125"
2026 02 02 09:39:38:093,-3.9985,-6.78875,"0,283",13,2,"13,5193","0,7444","49,9115","3,6919","-70,3125"
2026 02 02 09:39:38:095,-3.9675,-6.78875,"0,283",13,2,"13,5193","0,7444","49,9115","3,6919","-66,4062"
2026 02 02 09:39:38:097,-3.9675,-6.78875,"0,283",13,2,"13,5193","0,7444","49,9115","3,6919","-74,2187"
2026 02 02 09:39:38:099,-3.9675,-6.87625,"0,283",13,2,"13,5193","0,7444","49,9115","3,6919","-66,4062"
2026 02 02 09:39:38:101,-3.9675,-6.78875,"0,283",13,2,"13,5193","0,7444","49,9115","3,6919","-66,4062"
2026 02 02 09:39:38:103,-3.9675,-6.78875,"0,283",13,2,"13,5193","0,7444","49,9115","3,6919","-50,7812"
2026 02 02 09:39:38:105,-3.9985,-6.87625,"0,283",13,2,"13,5193","0,7444","49,9115","3,6919","-54,6875"
2026 02 02 09:39:38:107,-3.9675,-6.78875,"0,283",13,2,"13,5193","0,7444","49,9115","3,6919","-66,4062"
2026 02 02 09:39:38:109,-3.9675,-6.70125,"0,283",13,2,"13,5193","0,7444","49,9115","3,6919","-85,9375"
2026 02 02 09:39:38:111,-3.9675,-6.70125,"0,283",13,2,"12,9547","0,6523","49,0112","3,7833","-74,2187"
2026 02 02 09:39:38:113,-3.9675,-6.70125,"0,283",13,2,"12,9547","0,6523","49,0112","3,7833","-70,3125"
2026 02 02 09:39:38:115,-3.9675,-6.70125,"0,283",13,2,"12,9547","0,6523","49,0112","3,7833","-66,4062"
2026 02 02 09:39:38:117,-3.9675,-6.78875,"0,283",13,2,"12,9547","0,6523","49,0112","3,7833","-70,3125"
2026 02 02 09:39:38:119,-3.9675,-6.78875,"0,283",13,2,"12,9547","0,6523","49,0112","3,7833","-66,4062"
2026 02 02 09:39:38:121,-3.9675,-6.78875,"0,283",13,2,"12,9547","0,6523","49,0112","3,7833","-70,3125"
2026 02 02 09:39:38:123,-3.9675,-6.70125,"0,283",13,2,"12,9547","0,6523","49,0112","3,7833","-54,6875"
2026 02 02 09:39:38:125,-3.9675,-6.70125,"0,283",13,2,"12,9547","0,6523","49,0112","3,7833","-54,6875"
2026 02 02 09:39:38:127,-3.9675,-6.70125,"0,283",13,2,"12,9547","0,6523","49,0112","3,7833","-70,3125"
2026 02 02 09:39:38:129,-3.9675,-6.78875,"0,283",13,2,"12,9547","0,6523","49,0112","3,7833","-85,9375"
2026 02 02 09:39:38:131,-3.9985,-6.70125,"0,283",13,2,"12,9547","0,6523","49,0112","3,7833","-74,2187"
2026 02 02 09:39:38:133,-3.9675,-6.78875,"0,283",13,2,"12,9547","0,6523","49,0112","3,7833","-78,125"
2026 02 02 09:39:38:135,-3.9985,-6.70125,"0,283",13,2,"12,9547","0,6523","49,0112","3,7833","-74,2187"
2026 02 02 09:39:38:137,-3.9675,-6.78875,"0,283",13,2,"12,9547","0,6523","49,0112","3,7833","-66,4062"
2026 02 02 09:39:38:139,-3.9675,-6.78875,"0,283",13,2,"12,9547","0,6523","49,0112","3,7833","-70,3125"
2026 02 02 09:39:38:141,-3.9675,-6.78875,"0,283",13,2,"12,9547","0,6523","49,0112","3,7833","-66,4062"
2026 02 02 09:39:38:143,-3.9675,-6.78875,"0,283",13,2,"12,9547","0,6523","49,0112","3,7833","-50,7812"
2026 02 02 09:39:38:145,-3.9985,-6.78875,"0,283",13,2,"12,9547","0,6523","49,0112","3,7833","-50,7812"
2026 02 02 09:39:38:147,-3.9675,-6.78875,"0,283",13,2,"12,9547","0,6523","49,0112","3,7833","-70,3125"
2026 02 02 09:39:38:149,-3.9675,-6.78875,"0,283",13,2,"12,9547","0,6523","49,0112","3,7833","-85,9375"
2026 02 02 09:39:38:151,-3.9675,-6.78875,"0,283",13,2,"12,9547","0,6523","49,0112","3,7833","-74,2187"
2026 02 02 09:39:38:153,-3.9675,-6.70125,"0,283",13,2,"12,9547","0,6523","49,0112","3,7833","-70,3125"
2026 02 02 09:39:38:155,-3.9675,-6.78875,"0,283",13,2,"12,9547","0,6523","49,0112","3,7833","-74,2187"
2026 02 02 09:39:38:157,-3.9985,-6.70125,"0,283",13,2,"12,9547","0,6523","49,0112","3,7833","-66,4062"
2026 02 02 09:39:38:159,-3.9675,-6.78875,"0,283",13,2,"12,9547","0,6523","49,0112","3,7833","-74,2187"
2026 02 02 09:39:38:161,-3.9675,-6.78875,"0,283",13,2,"12,9547","0,6523","49,0112","3,7833","-70,3125"
2026 02 02 09:39:38:163,-3.9985,-6.78875,"0,283",13,2,"12,9547","0,6523","49,0112","3,7833","-46,875"
2026 02 02 09:39:38:165,-3.9675,-6.70125,"0,283",13,2,"12,9547","0,6523","49,0112","3,7833","-58,5937"
2026 02 02 09:39:38:167,-3.9675,-6.78875,"0,283",13,2,"12,9547","0,6523","49,0112","3,7833","-70,3125"
2026 02 02 09:39:38:169,-3.9334,-6.78875,"0,283",13,2,"12,9547","0,6523","49,0112","3,7833","-82,0312"
2026 02 02 09:39:38:171,-3.9675,-6.70125,"0,283",13,2,"12,9547","0,6523","49,0112","3,7833","-82,0312"
2026 02 02 09:39:38:173,-3.9675,-6.70125,"0,283",13,2,"12,9547","0,6523","49,0112","3,7833","-70,3125"
2026 02 02 09:39:38:175,-3.9675,-6.70125,"0,283",13,2,"12,9547","0,6523","49,0112","3,7833","-74,2187"
2026 02 02 09:39:38:177,-3.9334,-6.78875,"0,283",13,2,"12,9547","0,6523","49,0112","3,7833","-62,5"
2026 02 02 09:39:38:179,-3.9675,-6.78875,"0,283",13,2,"12,9547","0,6523","49,0112","3,7833","-70,3125"
2026 02 02 09:39:38:181,-3.9675,-6.70125,"0,283",13,2,"12,9547","0,6523","49,0112","3,7833","-70,3125"
2026 02 02 09:39:38:183,-3.9675,-6.78875,"0,283",13,2,"12,9547","0,6523","49,0112","3,7833","-46,875"
2026 02 02 09:39:38:185,-3.9675,-6.70125,"0,283",13,2,"12,9547","0,6523","49,0112","3,7833","-54,6875"
2026 02 02 09:39:38:187,-3.9334,-6.70125,"0,283",13,2,"12,9547","0,6523","49,0112","3,7833","-66,4062"
2026 02 02 09:39:38:189,-3.9675,-6.78875,"0,283",13,2,"12,9547","0,6523","49,0112","3,7833","-85,9375"
2026 02 02 09:39:38:191,-3.9675,-6.70125,"0,283",13,2,"12,9547","0,6523","49,0112","3,7833","-78,125"
2026 02 02 09:39:38:193,-3.9675,-6.78875,"0,283",13,2,"12,9547","0,6523","49,0112","3,7833","-66,4062"
2026 02 02 09:39:38:195,-3.9675,-6.78875,"0,283",13,2,"12,9547","0,6523","49,0112","3,7833","-66,4062"
2026 02 02 09:39:38:197,-3.9675,-6.70125,"0,283",13,2,"12,9547","0,6523","49,0112","3,7833","-70,3125"
2026 02 02 09:39:38:199,-3.9985,-6.70125,"0,283",13,2,"12,9547","0,6523","49,0112","3,7833","-66,4062"
2026 02 02 09:39:38:201,-3.9675,-6.70125,"0,283",13,2,"12,9547","0,6523","49,0112","3,7833","-74,2187"
2026 02 02 09:39:38:203,-3.9675,-6.87625,"0,283",13,2,"12,9547","0,6523","49,0112","3,7833","-46,875"
2026 02 02 09:39:38:205,-3.9675,-6.78875,"0,283",13,2,"12,9547","0,6523","49,0112","3,7833","-54,6875"
2026 02 02 09:39:38:207,-3.9675,-6.78875,"0,283",13,2,"12,9547","0,6523","49,0112","3,7833","-62,5"
2026 02 02 09:39:38:209,-3.9675,-6.70125,"0,283",13,2,"12,9547","0,6523","49,0112","3,7833","-85,9375"
2026 02 02 09:39:38:211,-3.9985,-6.78875,"0,283",13,2,"12,9547","0,6523","49,0112","3,7833","-70,3125"
2026 02 02 09:39:38:213,-3.9675,-6.70125,"0,283",13,2,"12,9547","0,6523","49,0112","3,7833","-70,3125"
2026 02 02 09:39:38:215,-3.9675,-6.70125,"0,283",13,2,"12,9547","0,6523","49,0112","3,7833","-66,4062"
2026 02 02 09:39:38:217,-3.9675,-6.70125,"0,283",13,2,"12,9547","0,6523","49,0112","3,7833","-70,3125"
2026 02 02 09:39:38:219,-3.9985,-6.70125,"0,283",13,2,"12,9547","0,6523","49,0112","3,7833","-70,3125"
2026 02 02 09:39:38:221,-3.9985,-6.70125,"0,283",13,2,"12,9547","0,6523","49,0112","3,7833","-70,3125"
2026 02 02 09:39:38:223,-3.9675,-6.78875,"0,283",13,2,"12,9547","0,6523","49,0112","3,7833","-46,875"
2026 02 02 09:39:38:225,-3.9675,-6.70125,"0,283",13,2,"12,9547","0,6523","49,0112","3,7833","-58,5937"
2026 02 02 09:39:38:227,-3.9675,-6.78875,"0,283",13,2,"12,9547","0,6523","49,0112","3,7833","-66,4062"
2026 02 02 09:39:38:229,-3.9675,-6.70125,"0,283",13,2,"12,9547","0,6523","49,0112","3,7833","-89,8437"
2026 02 02 09:39:38:231,-3.9675,-6.78875,"0,283",13,2,"12,9547","0,6523","49,0112","3,7833","-70,3125"
2026 02 02 09:39:38:233,-3.9675,-6.70125,"0,283",13,2,"12,9547","0,6523","49,0112","3,7833","-66,4062"
2026 02 02 09:39:38:235,-3.9675,-6.78875,"0,283",13,2,"12,9547","0,6523","49,0112","3,7833","-70,3125"
2026 02 02 09:39:38:237,-3.9334,-6.78875,"0,283",13,2,"12,9547","0,6523","49,0112","3,7833","-74,2187"
2026 02 02 09:39:38:239,-3.9675,-6.78875,"0,283",13,2,"12,9547","0,6523","49,0112","3,7833","-66,4062"
2026 02 02 09:39:38:241,-3.9675,-6.78875,"0,283",13,2,"12,9547","0,6523","49,0112","3,7833","-74,2187"
2026 02 02 09:39:38:243,-3.9675,-6.70125,"0,283",13,2,"12,9547","0,6523","49,0112","3,7833","-46,875"
2026 02 02 09:39:38:245,-3.9334,-6.70125,"0,283",13,2,"12,9547","0,6523","49,0112","3,7833","-58,5937"
2026 02 02 09:39:38:247,-3.9675,-6.70125,"0,283",13,2,"12,9547","0,6523","49,0112","3,7833","-66,4062"
2026 02 02 09:39:38:249,-3.9675,-6.78875,"0,283",13,2,"12,9547","0,6523","49,0112","3,7833","-85,9375"
2026 02 02 09:39:38:251,-3.9985,-6.78875,"0,283",13,2,"12,9547","0,6523","49,0112","3,7833","-74,2187"
2026 02 02 09:39:38:253,-3.9675,-6.70125,"0,283",13,2,"12,9547","0,6523","49,0112","3,7833","-70,3125"
2026 02 02 09:39:38:255,-3.9675,-6.70125,"0,283",13,2,"12,9547","0,6523","49,0112","3,7833","-74,2187"
2026 02 02 09:39:38:257,-3.9675,-6.70125,"0,283",13,2,"12,9547","0,6523","49,0112","3,7833","-62,5"
2026 02 02 09:39:38:259,-3.9675,-6.78875,"0,283",13,2,"12,9547","0,6523","49,0112","3,7833","-74,2187"
2026 02 02 09:39:38:261,-3.9675,-6.78875,"0,283",13,2,"12,9547","0,6523","49,0112","3,7833","-66,4062"
2026 02 02 09:39:38:263,-3.9675,-6.70125,"0,283",13,2,"12,9547","0,6523","49,0112","3,7833","-50,7812"
2026 02 02 09:39:38:265,-3.9675,-6.70125,"0,283",13,2,"12,9547","0,6523","49,0112","3,7833","-54,6875"
2026 02 02 09:39:38:267,-3.9675,-6.70125,"0,283",13,2,"12,9547","0,6523","49,0112","3,7833","-62,5"
2026 02 02 09:39:38:269,-3.9675,-6.70125,"0,283",13,2,"12,9547","0,6523","49,0112","3,7833","-89,8437"
2026 02 02 09:39:38:271,-3.9985,-6.78875,"0,283",13,2,"12,9547","0,6523","49,0112","3,7833","-66,4062"
2026 02 02 09:39:38:273,-3.9985,-6.78875,"0,283",13,2,"12,9547","0,6523","49,0112","3,7833","-70,3125"
2026 02 02 09:39:38:275,-3.9675,-6.78875,"0,283",13,2,"12,9547","0,6523","49,0112","3,7833","-66,4062"
2026 02 02 09:39:38:277,-3.9675,-6.78875,"0,283",13,2,"12,9547","0,6523","49,0112","3,7833","-66,4062"
2026 02 02 09:39:38:279,-3.9985,-6.78875,"0,283",13,2,"12,9547","0,6523","49,0112","3,7833","-66,4062"
2026 02 02 09:39:38:281,-3.9985,-6.78875,"0,283",13,2,"12,9547","0,6523","49,0112","3,7833","-74,2187"
2026 02 02 09:39:38:283,-3.9675,-6.78875,"0,283",13,2,"12,9547","0,6523","49,0112","3,7833","-42,9687"
2026 02 02 09:39:38:285,-3.9675,-6.78875,"0,283",13,2,"12,9547","0,6523","49,0112","3,7833","-62,5"
2026 02 02 09:39:38:287,-3.9334,-6.78875,"0,283",13,2,"12,9547","0,6523","49,0112","3,7833","-70,3125"
2026 02 02 09:39:38:289,-3.9334,-6.78875,"0,283",13,2,"12,9547","0,6523","49,0112","3,7833","-89,8437"
2026 02 02 09:39:38:291,-3.9675,-6.78875,"0,283",13,2,"12,9547","0,6523","49,0112","3,7833","-74,2187"
2026 02 02 09:39:38:293,-3.9675,-6.78875,"0,283",13,2,"12,9547","0,6523","49,0112","3,7833","-70,3125"
2026 02 02 09:39:38:295,-3.9675,-6.78875,"0,283",13,2,"12,9547","0,6523","49,0112","3,7833","-70,3125"
2026 02 02 09:39:38:297,-3.9334,-6.78875,"0,283",13,2,"12,9547","0,6523","49,0112","3,7833","-74,2187"
2026 02 02 09:39:38:299,-3.9675,-6.78875,"0,283",13,2,"12,9547","0,6523","49,0112","3,7833","-74,2187"
2026 02 02 09:39:38:301,-3.9675,-6.78875,"0,283",13,2,"12,9547","0,6523","49,0112","3,7833","-70,3125"
2026 02 02 09:39:38:303,-3.9675,-6.78875,"0,283",13,2,"12,9547","0,6523","49,0112","3,7833","-50,7812"
2026 02 02 09:39:38:305,-3.9334,-6.78875,"0,283",13,2,"12,9547","0,6523","49,0112","3,7833","-54,6875"
2026 02 02 09:39:38:307,-3.9675,-6.70125,"0,283",13,2,"12,9547","0,6523","49,0112","3,7833","-70,3125"
2026 02 02 09:39:38:309,-3.9985,-6.87625,"0,283",13,2,"12,9547","0,6523","49,0112","3,7833","-85,9375"
2026 02 02 09:39:38:311,-3.9675,-6.78875,"0,283",13,2,"12,9547","0,6523","49,0112","3,7833","-78,125"
2026 02 02 09:39:38:313,-3.9334,-6.78875,"0,283",13,2,"12,9547","0,6523","49,0112","3,7833","-66,4062"
2026 02 02 09:39:38:315,-3.9334,-6.78875,"0,283",13,2,"12,9547","0,6523","49,0112","3,7833","-66,4062"
2026 02 02 09:39:38:317,-3.9675,-6.70125,"0,283",13,2,"12,9547","0,6523","49,0112","3,7833","-74,2187"
2026 02 02 09:39:38:319,-3.9675,-6.70125,"0,283",13,2,"12,9547","0,6523","49,0112","3,7833","-66,4062"
2026 02 02 09:39:38:321,-3.9675,-6.78875,"0,283",13,2,"12,9547","0,6523","49,0112","3,7833","-70,3125"
2026 02 02 09:39:38:323,-3.9675,-6.70125,"0,283",13,2,"12,9547","0,6523","49,0112","3,7833","-46,875"
2026 02 02 09:39:38:325,-3.9675,-6.78875,"0,283",13,2,"12,9547","0,6523","49,0112","3,7833","-62,5"
2026 02 02 09:39:38:327,-3.9675,-6.78875,"0,283",13,2,"12,9547","0,6523","49,0112","3,7833","-70,3125"
2026 02 02 09:39:38:329,-3.9675,-6.78875,"0,283",13,2,"12,9547","0,6523","49,0112","3,7833","-89,8437"
2026 02 02 09:39:38:331,-3.9985,-6.78875,"0,283",13,2,"12,9547","0,6523","49,0112","3,7833","-70,3125"
2026 02 02 09:39:38:333,-3.9675,-6.78875,"0,283",13,2,"12,9547","0,6523","49,0112","3,7833","-74,2187"
2026 02 02 09:39:38:335,-3.9985,-6.78875,"0,283",13,2,"12,9547","0,6523","49,0112","3,7833","-62,5"
2026 02 02 09:39:38:337,-3.9675,-6.78875,"0,283",13,2,"12,9547","0,6523","49,0112","3,7833","-74,2187"
2026 02 02 09:39:38:339,-3.9675,-6.78875,"0,283",13,2,"12,9547","0,6523","49,0112","3,7833","-66,4062"
2026 02 02 09:39:38:341,-3.9334,-6.78875,"0,283",13,2,"12,9547","0,6523","49,0112","3,7833","-74,2187"
2026 02 02 09:39:38:343,-3.9675,-6.87625,"0,283",13,2,"12,9547","0,6523","49,0112","3,7833","-46,875"
2026 02 02 09:39:38:345,-3.9334,-6.87625,"0,283",13,2,"12,9547","0,6523","49,0112","3,7833","-58,5937"
2026 02 02 09:39:38:347,-3.9985,-6.78875,"0,283",13,2,"12,9547","0,6523","49,0112","3,7833","-74,2187"
2026 02 02 09:39:38:349,-3.9675,-6.78875,"0,283",13,2,"12,9547","0,6523","49,0112","3,7833","-85,9375"
2026 02 02 09:39:38:351,-3.9675,-6.70125,"0,283",13,2,"12,9547","0,6523","49,0112","3,7833","-78,125"
2026 02 02 09:39:38:353,-3.9985,-6.78875,"0,283",13,2,"12,9547","0,6523","49,0112","3,7833","-66,4062"
2026 02 02 09:39:38:355,-3.9675,-6.78875,"0,283",13,2,"12,9547","0,6523","49,0112","3,7833","-74,2187"
2026 02 02 09:39:38:357,-3.9675,-6.78875,"0,283",13,2,"12,9547","0,6523","49,0112","3,7833","-70,3125"
2026 02 02 09:39:38:359,-3.9675,-6.78875,"0,283",13,2,"12,9547","0,6523","49,0112","3,7833","-66,4062"
2026 02 02 09:39:38:361,-3.9675,-6.87625,"0,283",13,2,"12,9547","0,6523","49,0112","3,7833","-66,4062"
2026 02 02 09:39:38:363,-3.9675,-6.78875,"0,283",13,2,"12,9547","0,6523","49,0112","3,7833","-50,7812"
2026 02 02 09:39:38:365,-3.9675,-6.78875,"0,283",13,2,"12,9547","0,6523","49,0112","3,7833","-58,5937"
2026 02 02 09:39:38:367,-3.9985,-6.78875,"0,283",13,2,"12,9547","0,6523","49,0112","3,7833","-66,4062"
2026 02 02 09:39:38:369,-3.9675,-6.70125,"0,283",13,2,"12,9547","0,6523","49,0112","3,7833","-82,0312"
2026 02 02 09:39:38:371,-3.9334,-6.70125,"0,283",13,2,"12,9547","0,6523","49,0112","3,7833","-74,2187"
2026 02 02 09:39:38:373,-3.9334,-6.78875,"0,283",13,2,"12,9547","0,6523","49,0112","3,7833","-70,3125"
2026 02 02 09:39:38:375,-3.9675,-6.78875,"0,283",13,2,"12,9547","0,6523","49,0112","3,7833","-70,3125"
2026 02 02 09:39:38:377,-3.9675,-6.70125,"0,283",13,2,"12,9547","0,6523","49,0112","3,7833","-66,4062"
2026 02 02 09:39:38:379,-3.9675,-6.78875,"0,283",13,2,"12,9547","0,6523","49,0112","3,7833","-74,2187"
2026 02 02 09:39:38:381,-3.9675,-6.70125,"0,283",13,2,"12,9547","0,6523","49,0112","3,7833","-70,3125"
2026 02 02 09:39:38:383,-3.9675,-6.78875,"0,283",13,2,"12,9547","0,6523","49,0112","3,7833","-42,9687"
2026 02 02 09:39:38:385,-3.9985,-6.78875,"0,283",13,2,"12,9547","0,6523","49,0112","3,7833","-58,5937"
2026 02 02 09:39:38:387,-3.9675,-6.78875,"0,283",13,2,"12,9547","0,6523","49,0112","3,7833","-70,3125"
2026 02 02 09:39:38:389,-3.9334,-6.78875,"0,283",13,2,"12,9547","0,6523","49,0112","3,7833","-82,0312"
2026 02 02 09:39:38:391,-3.9675,-6.78875,"0,283",13,2,"12,9547","0,6523","49,0112","3,7833","-78,125"
2026 02 02 09:39:38:393,-3.9985,-6.78875,"0,283",13,2,"12,9547","0,6523","49,0112","3,7833","-66,4062"
2026 02 02 09:39:38:395,-3.9675,-6.78875,"0,283",13,2,"12,9547","0,6523","49,0112","3,7833","-74,2187"
2026 02 02 09:39:38:397,-3.9675,-6.70125,"0,283",13,2,"12,9547","0,6523","49,0112","3,7833","-62,5"
2026 02 02 09:39:38:399,-3.9675,-6.78875,"0,283",13,2,"12,9547","0,6523","49,0112","3,7833","-70,3125"
2026 02 02 09:39:38:401,-3.9985,-6.78875,"0,283",13,2,"12,9547","0,6523","49,0112","3,7833","-66,4062"
2026 02 02 09:39:38:403,-3.9985,-6.78875,"0,283",13,2,"12,9547","0,6523","49,0112","3,7833","-46,875"
2026 02 02 09:39:38:405,-3.9334,-6.78875,"0,283",13,2,"12,9547","0,6523","49,0112","3,7833","-54,6875"
2026 02 02 09:39:38:407,-3.9675,-6.78875,"0,283",13,2,"12,9547","0,6523","49,0112","3,7833","-70,3125"
2026 02 02 09:39:38:409,-3.9675,-6.78875,"0,283",13,2,"12,9547","0,6523","49,0112","3,7833","-78,125"
2026 02 02 09:39:38:411,-3.9675,-6.70125,"0,283",13,2,"12,3444","1,0616","46,1426","3,7379","-74,2187"
2026 02 02 09:39:38:413,-3.9675,-6.70125,"0,283",13,2,"12,3444","1,0616","46,1426","3,7379","-66,4062"
2026 02 02 09:39:38:415,-3.9675,-6.78875,"0,283",13,2,"12,3444","1,0616","46,1426","3,7379","-70,3125"
2026 02 02 09:39:38:417,-3.9675,-6.70125,"0,283",13,2,"12,3444","1,0616","46,1426","3,7379","-66,4062"
2026 02 02 09:39:38:419,-3.9675,-6.70125,"0,283",13,2,"12,3444","1,0616","46,1426","3,7379","-70,3125"
2026 02 02 09:39:38:421,-3.9675,-6.70125,"0,283",13,2,"12,3444","1,0616","46,1426","3,7379","-70,3125"
2026 02 02 09:39:38:423,-3.9675,-6.78875,"0,283",13,2,"12,3444","1,0616","46,1426","3,7379","-46,875"
2026 02 02 09:39:38:425,-3.9675,-6.78875,"0,283",13,2,"12,3444","1,0616","46,1426","3,7379","-58,5937"
2026 02 02 09:39:38:427,-3.9675,-6.78875,"0,283",13,2,"12,3444","1,0616","46,1426","3,7379","-70,3125"
2026 02 02 09:39:38:429,-3.9675,-6.70125,"0,283",13,2,"12,3444","1,0616","46,1426","3,7379","-78,125"
2026 02 02 09:39:38:431,-3.9985,-6.78875,"0,283",13,2,"12,3444","1,0616","46,1426","3,7379","-74,2187"
2026 02 02 09:39:38:433,-3.9985,-6.70125,"0,283",13,2,"12,3444","1,0616","46,1426","3,7379","-62,5"
2026 02 02 09:39:38:435,-3.9334,-6.78875,"0,283",13,2,"12,3444","1,0616","46,1426","3,7379","-70,3125"
2026 02 02 09:39:38:437,-3.9675,-6.78875,"0,283",13,2,"12,3444","1,0616","46,1426","3,7379","-70,3125"
2026 02 02 09:39:38:439,-3.9675,-6.78875,"0,283",13,2,"12,3444","1,0616","46,1426","3,7379","-62,5"
2026 02 02 09:39:38:441,-3.9675,-6.78875,"0,283",13,2,"12,3444","1,0616","46,1426","3,7379","-62,5"
2026 02 02 09:39:38:443,-3.9675,-6.78875,"0,283",13,2,"12,3444","1,0616","46,1426","3,7379","-42,9687"
2026 02 02 09:39:38:445,-3.9985,-6.78875,"0,283",13,2,"12,3444","1,0616","46,1426","3,7379","-58,5937"
2026 02 02 09:39:38:447,-3.9334,-6.78875,"0,283",13,2,"12,3444","1,0616","46,1426","3,7379","-66,4062"
2026 02 02 09:39:38:449,-3.9675,-6.78875,"0,283",13,2,"12,3444","1,0616","46,1426","3,7379","-85,9375"
2026 02 02 09:39:38:451,-3.9985,-6.78875,"0,283",13,2,"12,3444","1,0616","46,1426","3,7379","-70,3125"
2026 02 02 09:39:38:453,-3.9675,-6.78875,"0,283",13,2,"12,3444","1,0616","46,1426","3,7379","-70,3125"
2026 02 02 09:39:38:455,-3.9675,-6.78875,"0,283",13,2,"12,3444","1,0616","46,1426","3,7379","-66,4062"
2026 02 02 09:39:38:457,-3.9675,-6.78875,"0,283",13,2,"12,3444","1,0616","46,1426","3,7379","-74,2187"
2026 02 02 09:39:38:459,-3.9985,-6.70125,"0,283",13,2,"12,3444","1,0616","46,1426","3,7379","-62,5"
2026 02 02 09:39:38:461,-3.9675,-6.70125,"0,283",13,2,"12,3444","1,0616","46,1426","3,7379","-70,3125"
2026 02 02 09:39:38:463,-3.9675,-6.70125,"0,283",13,2,"12,3444","1,0616","46,1426","3,7379","-46,875"
2026 02 02 09:39:38:465,-3.9675,-6.70125,"0,283",13,2,"12,3444","1,0616","46,1426","3,7379","-62,5"
2026 02 02 09:39:38:467,-3.9675,-6.78875,"0,283",13,2,"12,3444","1,0616","46,1426","3,7379","-70,3125"
2026 02 02 09:39:38:469,-3.9675,-6.70125,"0,283",13,2,"12,3444","1,0616","46,1426","3,7379","-82,0312"
2026 02 02 09:39:38:471,-3.9675,-6.78875,"0,283",13,2,"12,3444","1,0616","46,1426","3,7379","-74,2187"
2026 02 02 09:39:38:473,-3.9675,-6.78875,"0,283",13,2,"12,3444","1,0616","46,1426","3,7379","-66,4062"
2026 02 02 09:39:38:475,-3.9334,-6.78875,"0,283",13,2,"12,3444","1,0616","46,1426","3,7379","-74,2187"
2026 02 02 09:39:38:477,-3.9675,-6.70125,"0,283",13,2,"12,3444","1,0616","46,1426","3,7379","-70,3125"
2026 02 02 09:39:38:479,-3.9985,-6.78875,"0,283",13,2,"12,3444","1,0616","46,1426","3,7379","-70,3125"
2026 02 02 09:39:38:481,-3.9675,-6.78875,"0,283",13,2,"12,3444","1,0616","46,1426","3,7379","-66,4062"
2026 02 02 09:39:38:483,-3.9675,-6.78875,"0,283",13,2,"12,3444","1,0616","46,1426","3,7379","-46,875"
2026 02 02 09:39:38:485,-3.9675,-6.78875,"0,283",13,2,"12,3444","1,0616","46,1426","3,7379","-54,6875"
2026 02 02 09:39:38:487,-3.9675,-6.78875,"0,283",13,2,"12,3444","1,0616","46,1426","3,7379","-70,3125"
2026 02 02 09:39:38:489,-3.9985,-6.70125,"0,283",13,2,"12,3444","1,0616","46,1426","3,7379","-78,125"
2026 02 02 09:39:38:491,-3.9675,-6.78875,"0,283",13,2,"12,3444","1,0616","46,1426","3,7379","-78,125"
2026 02 02 09:39:38:493,-3.9675,-6.70125,"0,283",13,2,"12,3444","1,0616","46,1426","3,7379","-66,4062"
2026 02 02 09:39:38:495,-3.9675,-6.78875,"0,283",13,2,"12,3444","1,0616","46,1426","3,7379","-70,3125"
2026 02 02 09:39:38:497,-3.9675,-6.78875,"0,283",13,2,"12,3444","1,0616","46,1426","3,7379","-66,4062"
2026 02 02 09:39:38:499,-3.9675,-6.78875,"0,283",13,2,"12,3444","1,0616","46,1426","3,7379","-78,125"
2026 02 02 09:39:38:501,-3.9334,-6.78875,"0,283",13,2,"12,3444","1,0616","46,1426","3,7379","-66,4062"
2026 02 02 09:39:38:503,-3.9675,-6.78875,"0,283",13,2,"12,3444","1,0616","46,1426","3,7379","-50,7812"
2026 02 02 09:39:38:505,-3.9675,-6.78875,"0,283",13,2,"12,3444","1,0616","46,1426","3,7379","-58,5937"
2026 02 02 09:39:38:507,-3.9334,-6.78875,"0,283",13,2,"12,3444","1,0616","46,1426","3,7379","-70,3125"
2026 02 02 09:39:38:509,-3.9334,-6.78875,"0,283",13,2,"12,3444","1,0616","46,1426","3,7379","-82,0312"
2026 02 02 09:39:38:511,-3.9985,-6.70125,"0,283",13,2,"12,3444","1,0616","46,1426","3,7379","-78,125"
2026 02 02 09:39:38:513,-3.9675,-6.78875,"0,283",13,2,"12,3444","1,0616","46,1426","3,7379","-66,4062"
2026 02 02 09:39:38:515,-3.9675,-6.78875,"0,283",13,2,"12,3444","1,0616","46,1426","3,7379","-78,125"
2026 02 02 09:39:38:517,-3.9985,-6.78875,"0,283",13,2,"12,3444","1,0616","46,1426","3,7379","-70,3125"
2026 02 02 09:39:38:519,-3.9675,-6.78875,"0,283",13,2,"12,3444","1,0616","46,1426","3,7379","-74,2187"
2026 02 02 09:39:38:521,-3.9675,-6.70125,"0,283",13,2,"12,3444","1,0616","46,1426","3,7379","-66,4062"
2026 02 02 09:39:38:523,-3.9675,-6.78875,"0,283",13,2,"12,3444","1,0616","46,1426","3,7379","-46,875"
2026 02 02 09:39:38:525,-3.9675,-6.78875,"0,283",13,2,"12,3444","1,0616","46,1426","3,7379","-54,6875"
2026 02 02 09:39:38:527,-3.9675,-6.70125,"0,283",13,2,"12,3444","1,0616","46,1426","3,7379","-70,3125"
2026 02 02 09:39:38:529,-3.9985,-6.78875,"0,283",13,2,"12,3444","1,0616","46,1426","3,7379","-82,0312"
2026 02 02 09:39:38:531,-3.9675,-6.78875,"0,283",13,2,"12,3444","1,0616","46,1426","3,7379","-74,2187"
2026 02 02 09:39:38:533,-3.9675,-6.78875,"0,283",13,2,"12,3444","1,0616","46,1426","3,7379","-66,4062"
2026 02 02 09:39:38:535,-3.9675,-6.70125,"0,283",13,2,"12,3444","1,0616","46,1426","3,7379","-66,4062"
2026 02 02 09:39:38:537,-3.9675,-6.78875,"0,283",13,2,"12,3444","1,0616","46,1426","3,7379","-66,4062"
2026 02 02 09:39:38:539,-3.9675,-6.78875,"0,283",13,2,"12,3444","1,0616","46,1426","3,7379","-70,3125"
2026 02 02 09:39:38:541,-3.9675,-6.78875,"0,283",13,2,"12,3444","1,0616","46,1426","3,7379","-66,4062"
2026 02 02 09:39:38:543,-3.9675,-6.70125,"0,283",13,2,"12,3444","1,0616","46,1426","3,7379","-42,9687"
2026 02 02 09:39:38:545,-3.9675,-6.78875,"0,283",13,2,"12,3444","1,0616","46,1426","3,7379","-66,4062"
2026 02 02 09:39:38:547,-3.9334,-6.78875,"0,283",13,2,"12,3444","1,0616","46,1426","3,7379","-70,3125"
2026 02 02 09:39:38:549,-3.9675,-6.87625,"0,283",13,2,"12,3444","1,0616","46,1426","3,7379","-89,8437"
2026 02 02 09:39:38:551,-3.9675,-6.70125,"0,283",13,2,"12,3444","1,0616","46,1426","3,7379","-74,2187"
2026 02 02 09:39:38:553,-3.9675,-6.78875,"0,283",13,2,"12,3444","1,0616","46,1426","3,7379","-66,4062"
2026 02 02 09:39:38:555,-3.9985,-6.78875,"0,283",13,2,"12,3444","1,0616","46,1426","3,7379","-78,125"
2026 02 02 09:39:38:557,-3.9675,-6.87625,"0,283",13,2,"12,3444","1,0616","46,1426","3,7379","-66,4062"
2026 02 02 09:39:38:559,-3.9675,-6.78875,"0,283",13,2,"12,3444","1,0616","46,1426","3,7379","-70,3125"
2026 02 02 09:39:38:561,-3.9675,-6.70125,"0,283",13,2,"12,3444","1,0616","46,1426","3,7379","-66,4062"
2026 02 02 09:39:38:563,-3.9985,-6.70125,"0,283",13,2,"12,3444","1,0616","46,1426","3,7379","-46,875"
2026 02 02 09:39:38:565,-3.9675,-6.78875,"0,283",13,2,"12,3444","1,0616","46,1426","3,7379","-58,5937"
2026 02 02 09:39:38:567,-3.9985,-6.70125,"0,283",13,2,"12,3444","1,0616","46,1426","3,7379","-66,4062"
2026 02 02 09:39:38:569,-3.9985,-6.78875,"0,283",13,2,"12,3444","1,0616","46,1426","3,7379","-89,8437"
2026 02 02 09:39:38:571,-3.9985,-6.78875,"0,283",13,2,"12,3444","1,0616","46,1426","3,7379","-66,4062"
2026 02 02 09:39:38:573,-3.9675,-6.87625,"0,283",13,2,"12,3444","1,0616","46,1426","3,7379","-74,2187"
2026 02 02 09:39:38:575,-3.9985,-6.78875,"0,283",13,2,"12,3444","1,0616","46,1426","3,7379","-62,5"
2026 02 02 09:39:38:577,-3.9985,-6.78875,"0,283",13,2,"12,3444","1,0616","46,1426","3,7379","-74,2187"
2026 02 02 09:39:38:579,-3.9675,-6.78875,"0,283",13,2,"12,3444","1,0616","46,1426","3,7379","-66,4062"
2026 02 02 09:39:38:581,-3.9985,-6.70125,"0,283",13,2,"12,3444","1,0616","46,1426","3,7379","-70,3125"
2026 02 02 09:39:38:583,-3.9334,-6.78875,"0,283",13,2,"12,3444","1,0616","46,1426","3,7379","-50,7812"
2026 02 02 09:39:38:585,-3.9675,-6.78875,"0,283",13,2,"12,3444","1,0616","46,1426","3,7379","-54,6875"
2026 02 02 09:39:38:587,-3.9675,-6.78875,"0,283",13,2,"12,3444","1,0616","46,1426","3,7379","-70,3125"
2026 02 02 09:39:38:589,-3.9675,-6.70125,"0,283",13,2,"12,3444","1,0616","46,1426","3,7379","-85,9375"
2026 02 02 09:39:38:591,-3.9985,-6.78875,"0,283",13,2,"12,3444","1,0616","46,1426","3,7379","-70,3125"
2026 02 02 09:39:38:593,-3.9985,-6.78875,"0,283",13,2,"12,3444","1,0616","46,1426","3,7379","-66,4062"
2026 02 02 09:39:38:595,-3.9334,-6.78875,"0,283",13,2,"12,3444","1,0616","46,1426","3,7379","-70,3125"
2026 02 02 09:39:38:597,-3.9985,-6.70125,"0,283",13,2,"12,3444","1,0616","46,1426","3,7379","-62,5"
2026 02 02 09:39:38:599,-3.9675,-6.78875,"0,283",13,2,"12,3444","1,0616","46,1426","3,7379","-66,4062"
2026 02 02 09:39:38:601,-3.9334,-6.78875,"0,283",13,2,"12,3444","1,0616","46,1426","3,7379","-66,4062"
2026 02 02 09:39:38:603,-3.9675,-6.87625,"0,283",13,2,"12,3444","1,0616","46,1426","3,7379","-42,9687"
2026 02 02 09:39:38:605,-3.9675,-6.78875,"0,283",13,2,"12,3444","1,0616","46,1426","3,7379","-58,5937"
2026 02 02 09:39:38:607,-3.9675,-6.78875,"0,283",13,2,"12,3444","1,0616","46,1426","3,7379","-74,2187"
2026 02 02 09:39:38:609,-3.9675,-6.70125,"0,283",13,2,"12,3444","1,0616","46,1426","3,7379","-82,0312"
2026 02 02 09:39:38:611,-3.9675,-6.78875,"0,283",13,2,"12,3444","1,0616","46,1426","3,7379","-74,2187"
2026 02 02 09:39:38:613,-3.9675,-6.70125,"0,283",13,2,"12,3444","1,0616","46,1426","3,7379","-62,5"
2026 02 02 09:39:38:615,-3.9675,-6.78875,"0,283",13,2,"12,3444","1,0616","46,1426","3,7379","-70,3125"
2026 02 02 09:39:38:617,-3.9334,-6.70125,"0,283",13,2,"12,3444","1,0616","46,1426","3,7379","-62,5"
2026 02 02 09:39:38:619,-3.9675,-6.70125,"0,283",13,2,"12,3444","1,0616","46,1426","3,7379","-78,125"
2026 02 02 09:39:38:621,-3.9334,-6.78875,"0,283",13,2,"12,3444","1,0616","46,1426","3,7379","-62,5"
2026 02 02 09:39:38:623,-3.9675,-6.78875,"0,283",13,2,"12,3444","1,0616","46,1426","3,7379","-50,7812"
2026 02 02 09:39:38:625,-3.9675,-6.70125,"0,283",13,2,"12,3444","1,0616","46,1426","3,7379","-54,6875"
2026 02 02 09:39:38:627,-3.9334,-6.78875,"0,283",13,2,"12,3444","1,0616","46,1426","3,7379","-74,2187"
2026 02 02 09:39:38:629,-3.9675,-6.70125,"0,283",13,2,"12,3444","1,0616","46,1426","3,7379","-85,9375"
2026 02 02 09:39:38:631,-3.9675,-6.78875,"0,283",13,2,"12,3444","1,0616","46,1426","3,7379","-74,2187"
2026 02 02 09:39:38:633,-3.9334,-6.78875,"0,283",13,2,"12,3444","1,0616","46,1426","3,7379","-66,4062"
2026 02 02 09:39:38:635,-3.9334,-6.78875,"0,283",13,2,"12,3444","1,0616","46,1426","3,7379","-66,4062"
2026 02 02 09:39:38:637,-3.9334,-6.78875,"0,283",13,2,"12,3444","1,0616","46,1426","3,7379","-66,4062"
2026 02 02 09:39:38:639,-3.9985,-6.70125,"0,283",13,2,"12,3444","1,0616","46,1426","3,7379","-70,3125"
2026 02 02 09:39:38:641,-3.9675,-6.78875,"0,283",13,2,"12,3444","1,0616","46,1426","3,7379","-62,5"
2026 02 02 09:39:38:643,-3.9675,-6.78875,"0,283",13,2,"12,3444","1,0616","46,1426","3,7379","-42,9687"
2026 02 02 09:39:38:645,-3.9675,-6.78875,"0,283",13,2,"12,3444","1,0616","46,1426","3,7379","-66,4062"
2026 02 02 09:39:38:647,-3.9675,-6.70125,"0,283",13,2,"12,3444","1,0616","46,1426","3,7379","-66,4062"
2026 02 02 09:39:38:649,-3.9675,-6.78875,"0,283",13,2,"12,3444","1,0616","46,1426","3,7379","-93,75"
2026 02 02 09:39:38:651,-3.9334,-6.78875,"0,283",13,2,"12,3444","1,0616","46,1426","3,7379","-70,3125"
2026 02 02 09:39:38:653,-3.9334,-6.78875,"0,283",13,2,"12,3444","1,0616","46,1426","3,7379","-66,4062"
2026 02 02 09:39:38:655,-3.9675,-6.70125,"0,283",13,2,"12,3444","1,0616","46,1426","3,7379","-70,3125"
2026 02 02 09:39:38:657,-3.9675,-6.70125,"0,283",13,2,"12,3444","1,0616","46,1426","3,7379","-62,5"
2026 02 02 09:39:38:659,-3.9985,-6.78875,"0,283",13,2,"12,3444","1,0616","46,1426","3,7379","-74,2187"
2026 02 02 09:39:38:661,-3.9675,-6.78875,"0,283",13,2,"12,3444","1,0616","46,1426","3,7379","-62,5"
2026 02 02 09:39:38:663,-3.9675,-6.70125,"0,283",13,2,"12,3444","1,0616","46,1426","3,7379","-50,7812"
2026 02 02 09:39:38:665,-3.9675,-6.70125,"0,283",13,2,"12,3444","1,0616","46,1426","3,7379","-62,5"
2026 02 02 09:39:38:667,-3.9334,-6.78875,"0,283",13,2,"12,3444","1,0616","46,1426","3,7379","-66,4062"
2026 02 02 09:39:38:669,-3.9675,-6.78875,"0,283",13,2,"12,3444","1,0616","46,1426","3,7379","-82,0312"
2026 02 02 09:39:38:671,-3.9675,-6.70125,"0,283",13,2,"12,3444","1,0616","46,1426","3,7379","-74,2187"
2026 02 02 09:39:38:673,-3.9675,-6.78875,"0,283",13,2,"12,3444","1,0616","46,1426","3,7379","-66,4062"
2026 02 02 09:39:38:675,-3.9334,-6.78875,"0,283",13,2,"12,3444","1,0616","46,1426","3,7379","-66,4062"
2026 02 02 09:39:38:677,-3.9985,-6.78875,"0,283",13,2,"12,3444","1,0616","46,1426","3,7379","-62,5"
2026 02 02 09:39:38:679,-3.9675,-6.78875,"0,283",13,2,"12,3444","1,0616","46,1426","3,7379","-70,3125"
2026 02 02 09:39:38:681,-3.9985,-6.78875,"0,283",13,2,"12,3444","1,0616","46,1426","3,7379","-66,4062"
2026 02 02 09:39:38:683,-3.9675,-6.78875,"0,283",13,2,"12,3444","1,0616","46,1426","3,7379","-46,875"
2026 02 02 09:39:38:685,-3.9675,-6.78875,"0,283",13,2,"12,3444","1,0616","46,1426","3,7379","-54,6875"
2026 02 02 09:39:38:687,-3.9675,-6.78875,"0,283",13,2,"12,3444","1,0616","46,1426","3,7379","-70,3125"
2026 02 02 09:39:38:689,-3.9675,-6.78875,"0,283",13,2,"12,3444","1,0616","46,1426","3,7379","-85,9375"
2026 02 02 09:39:38:691,-3.9675,-6.78875,"0,283",13,2,"12,3444","1,0616","46,1426","3,7379","-70,3125"
2026 02 02 09:39:38:693,-3.9675,-6.70125,"0,283",13,2,"12,3444","1,0616","46,1426","3,7379","-66,4062"
2026 02 02 09:39:38:695,-3.9334,-6.78875,"0,283",13,2,"12,3444","1,0616","46,1426","3,7379","-70,3125"
2026 02 02 09:39:38:697,-3.9675,-6.70125,"0,283",13,2,"12,3444","1,0616","46,1426","3,7379","-70,3125"
2026 02 02 09:39:38:699,-3.9675,-6.78875,"0,283",13,2,"12,3444","1,0616","46,1426","3,7379","-66,4062"
2026 02 02 09:39:38:701,-3.9985,-6.87625,"0,283",13,2,"12,3444","1,0616","46,1426","3,7379","-66,4062"
2026 02 02 09:39:38:703,-3.9985,-6.78875,"0,283",13,2,"12,3444","1,0616","46,1426","3,7379","-42,9687"
2026 02 02 09:39:38:705,-3.9675,-6.78875,"0,283",13,2,"12,3444","1,0616","46,1426","3,7379","-58,5937"
2026 02 02 09:39:38:707,-3.9985,-6.78875,"0,283",13,2,"12,3444","1,0616","46,1426","3,7379","-66,4062"
2026 02 02 09:39:38:709,-3.9675,-6.70125,"0,283",13,2,"12,3444","1,0616","46,1426","3,7379","-82,0312"
2026 02 02 09:39:38:711,-3.9675,-6.78875,"0,283",13,2,"12,3444","1,0652","50,4303","4,0853","-66,4062"
2026 02 02 09:39:38:713,-3.9675,-6.78875,"0,283",13,2,"12,3444","1,0652","50,4303","4,0853","-66,4062"
2026 02 02 09:39:38:715,-3.9675,-6.78875,"0,283",13,2,"12,3444","1,0652","50,4303","4,0853","-70,3125"
2026 02 02 09:39:38:717,-3.9675,-6.70125,"0,283",13,2,"12,3444","1,0652","50,4303","4,0853","-70,3125"
2026 02 02 09:39:38:719,-3.9675,-6.78875,"0,283",13,2,"12,3444","1,0652","50,4303","4,0853","-62,5"
2026 02 02 09:39:38:721,-3.9985,-6.70125,"0,283",13,2,"12,3444","1,0652","50,4303","4,0853","-70,3125"
2026 02 02 09:39:38:723,-3.9675,-6.70125,"0,283",13,2,"12,3444","1,0652","50,4303","4,0853","-42,9687"
2026 02 02 09:39:38:725,-3.9675,-6.78875,"0,283",13,2,"12,3444","1,0652","50,4303","4,0853","-62,5"
2026 02 02 09:39:38:727,-3.9985,-6.78875,"0,283",13,2,"12,3444","1,0652","50,4303","4,0853","-62,5"
2026 02 02 09:39:38:729,-3.9334,-6.78875,"0,283",13,2,"12,3444","1,0652","50,4303","4,0853","-85,9375"
2026 02 02 09:39:38:731,-3.9675,-6.70125,"0,283",13,2,"12,3444","1,0652","50,4303","4,0853","-74,2187"
2026 02 02 09:39:38:733,-3.9675,-6.70125,"0,283",13,2,"12,3444","1,0652","50,4303","4,0853","-66,4062"
2026 02 02 09:39:38:735,-3.9675,-6.78875,"0,283",13,2,"12,3444","1,0652","50,4303","4,0853","-66,4062"
2026 02 02 09:39:38:737,-3.9675,-6.70125,"0,283",13,2,"12,3444","1,0652","50,4303","4,0853","-62,5"
2026 02 02 09:39:38:739,-3.9675,-6.78875,"0,283",13,2,"12,3444","1,0652","50,4303","4,0853","-66,4062"
2026 02 02 09:39:38:741,-3.9675,-6.78875,"0,283",13,2,"12,3444","1,0652","50,4303","4,0853","-66,4062"
2026 02 02 09:39:38:743,-3.9675,-6.78875,"0,283",13,2,"12,3444","1,0652","50,4303","4,0853","-50,7812"
2026 02 02 09:39:38:745,-3.9334,-6.78875,"0,283",13,2,"12,3444","1,0652","50,4303","4,0853","-54,6875"
2026 02 02 09:39:38:747,-3.9675,-6.70125,"0,283",13,2,"12,3444","1,0652","50,4303","4,0853","-70,3125"
2026 02 02 09:39:38:749,-3.9334,-6.78875,"0,283",13,2,"12,3444","1,0652","50,4303","4,0853","-78,125"
2026 02 02 09:39:38:751,-3.9675,-6.78875,"0,283",13,2,"12,3444","1,0652","50,4303","4,0853","-70,3125"
2026 02 02 09:39:38:753,-3.9985,-6.78875,"0,283",13,2,"12,3444","1,0652","50,4303","4,0853","-58,5937"
2026 02 02 09:39:38:755,-3.9985,-6.70125,"0,283",13,2,"12,3444","1,0652","50,4303","4,0853","-70,3125"
2026 02 02 09:39:38:757,-3.9985,-6.70125,"0,283",13,2,"12,3444","1,0652","50,4303","4,0853","-62,5"
2026 02 02 09:39:38:759,-3.9985,-6.78875,"0,283",13,2,"12,3444","1,0652","50,4303","4,0853","-66,4062"
2026 02 02 09:39:38:761,-3.9675,-6.70125,"0,283",13,2,"12,3444","1,0652","50,4303","4,0853","-70,3125"
2026 02 02 09:39:38:763,-3.9675,-6.78875,"0,283",13,2,"12,3444","1,0652","50,4303","4,0853","-42,9687"
2026 02 02 09:39:38:765,-3.9675,-6.70125,"0,283",13,2,"12,3444","1,0652","50,4303","4,0853","-54,6875"
2026 02 02 09:39:38:767,-3.9675,-6.78875,"0,283",13,2,"12,3444","1,0652","50,4303","4,0853","-70,3125"
2026 02 02 09:39:38:769,-3.9985,-6.70125,"0,283",13,2,"12,3444","1,0652","50,4303","4,0853","-78,125"
2026 02 02 09:39:38:771,-3.9985,-6.78875,"0,283",13,2,"12,3444","1,0652","50,4303","4,0853","-70,3125"
2026 02 02 09:39:38:773,-3.9675,-6.78875,"0,283",13,2,"12,3444","1,0652","50,4303","4,0853","-66,4062"
2026 02 02 09:39:38:775,-3.9675,-6.70125,"0,283",13,2,"12,3444","1,0652","50,4303","4,0853","-62,5"
2026 02 02 09:39:38:777,-3.9675,-6.70125,"0,283",13,2,"12,3444","1,0652","50,4303","4,0853","-70,3125"
2026 02 02 09:39:38:779,-3.9985,-6.70125,"0,283",13,2,"12,3444","1,0652","50,4303","4,0853","-66,4062"
2026 02 02 09:39:38:781,-3.9675,-6.70125,"0,283",13,2,"12,3444","1,0652","50,4303","4,0853","-62,5"
2026 02 02 09:39:38:783,-3.9675,-6.78875,"0,283",13,2,"12,3444","1,0652","50,4303","4,0853","-42,9687"
2026 02 02 09:39:38:785,-3.9675,-6.78875,"0,283",13,2,"12,3444","1,0652","50,4303","4,0853","-54,6875"
2026 02 02 09:39:38:787,-3.9675,-6.78875,"0,283",13,2,"12,3444","1,0652","50,4303","4,0853","-70,3125"
2026 02 02 09:39:38:789,-3.9675,-6.78875,"0,283",13,2,"12,3444","1,0652","50,4303","4,0853","-78,125"
2026 02 02 09:39:38:791,-3.9675,-6.78875,"0,283",13,2,"12,3444","1,0652","50,4303","4,0853","-74,2187"
2026 02 02 09:39:38:793,-3.9675,-6.70125,"0,283",13,2,"12,3444","1,0652","50,4303","4,0853","-58,5937"
2026 02 02 09:39:38:795,-3.9675,-6.78875,"0,283",13,2,"12,3444","1,0652","50,4303","4,0853","-70,3125"
2026 02 02 09:39:38:797,-3.9675,-6.70125,"0,283",13,2,"12,3444","1,0652","50,4303","4,0853","-62,5"
2026 02 02 09:39:38:799,-3.9334,-6.78875,"0,283",13,2,"12,3444","1,0652","50,4303","4,0853","-66,4062"
2026 02 02 09:39:38:801,-3.9985,-6.78875,"0,283",13,2,"12,3444","1,0652","50,4303","4,0853","-66,4062"
2026 02 02 09:39:38:803,-3.9675,-6.78875,"0,283",13,2,"12,3444","1,0652","50,4303","4,0853","-50,7812"
2026 02 02 09:39:38:805,-3.9675,-6.78875,"0,283",13,2,"12,3444","1,0652","50,4303","4,0853","-54,6875"
2026 02 02 09:39:38:807,-3.9675,-6.78875,"0,283",13,2,"12,3444","1,0652","50,4303","4,0853","-74,2187"
2026 02 02 09:39:38:809,-3.9675,-6.78875,"0,283",13,2,"12,3444","1,0652","50,4303","4,0853","-82,0312"
2026 02 02 09:39:38:811,-3.9675,-6.70125,"0,283",13,2,"12,3444","1,0652","50,4303","4,0853","-74,2187"
2026 02 02 09:39:38:813,-3.9334,-6.78875,"0,283",13,2,"12,3444","1,0652","50,4303","4,0853","-66,4062"
2026 02 02 09:39:38:815,-3.9675,-6.70125,"0,283",13,2,"12,3444","1,0652","50,4303","4,0853","-66,4062"
2026 02 02 09:39:38:817,-3.9675,-6.70125,"0,283",13,2,"12,3444","1,0652","50,4303","4,0853","-62,5"
2026 02 02 09:39:38:819,-3.9675,-6.78875,"0,283",13,2,"12,3444","1,0652","50,4303","4,0853","-70,3125"
2026 02 02 09:39:38:821,-3.9675,-6.70125,"0,283",13,2,"12,3444","1,0652","50,4303","4,0853","-62,5"
2026 02 02 09:39:38:823,-3.9675,-6.78875,"0,283",13,2,"12,3444","1,0652","50,4303","4,0853","-46,875"
2026 02 02 09:39:38:825,-3.9985,-6.70125,"0,283",13,2,"12,3444","1,0652","50,4303","4,0853","-54,6875"
2026 02 02 09:39:38:827,-3.9675,-6.78875,"0,283",13,2,"12,3444","1,0652","50,4303","4,0853","-62,5"
2026 02 02 09:39:38:829,-3.9675,-6.78875,"0,283",13,2,"12,3444","1,0652","50,4303","4,0853","-82,0312"
2026 02 02 09:39:38:831,-3.9675,-6.78875,"0,283",13,2,"12,3444","1,0652","50,4303","4,0853","-78,125"
2026 02 02 09:39:38:833,-3.9675,-6.78875,"0,283",13,2,"12,3444","1,0652","50,4303","4,0853","-66,4062"
2026 02 02 09:39:38:835,-3.9675,-6.78875,"0,283",13,2,"12,3444","1,0652","50,4303","4,0853","-70,3125"
2026 02 02 09:39:38:837,-3.9985,-6.78875,"0,283",13,2,"12,3444","1,0652","50,4303","4,0853","-70,3125"
2026 02 02 09:39:38:839,-3.9675,-6.78875,"0,283",13,2,"12,3444","1,0652","50,4303","4,0853","-66,4062"
2026 02 02 09:39:38:841,-3.9985,-6.78875,"0,283",13,2,"12,3444","1,0652","50,4303","4,0853","-66,4062"
2026 02 02 09:39:38:843,-3.9675,-6.87625,"0,283",13,2,"12,3444","1,0652","50,4303","4,0853","-42,9687"
2026 02 02 09:39:38:845,-3.9334,-6.87625,"0,283",13,2,"12,3444","1,0652","50,4303","4,0853","-58,5937"
2026 02 02 09:39:38:847,-3.9675,-6.70125,"0,283",13,2,"12,3444","1,0652","50,4303","4,0853","-66,4062"
2026 02 02 09:39:38:849,-3.9985,-6.78875,"0,283",13,2,"12,3444","1,0652","50,4303","4,0853","-82,0312"
2026 02 02 09:39:38:851,-3.9675,-6.70125,"0,283",13,2,"12,3444","1,0652","50,4303","4,0853","-62,5"
2026 02 02 09:39:38:853,-3.9675,-6.78875,"0,283",13,2,"12,3444","1,0652","50,4303","4,0853","-70,3125"
2026 02 02 09:39:38:855,-3.9675,-6.78875,"0,283",13,2,"12,3444","1,0652","50,4303","4,0853","-62,5"
2026 02 02 09:39:38:857,-3.9985,-6.70125,"0,283",13,2,"12,3444","1,0652","50,4303","4,0853","-70,3125"
2026 02 02 09:39:38:859,-3.9334,-6.70125,"0,283",13,2,"12,3444","1,0652","50,4303","4,0853","-66,4062"
2026 02 02 09:39:38:861,-3.9675,-6.70125,"0,283",13,2,"12,3444","1,0652","50,4303","4,0853","-66,4062"
2026 02 02 09:39:38:863,-3.9675,-6.78875,"0,283",13,2,"12,3444","1,0652","50,4303","4,0853","-50,7812"
2026 02 02 09:39:38:865,-3.9675,-6.70125,"0,283",13,2,"12,3444","1,0652","50,4303","4,0853","-62,5"
2026 02 02 09:39:38:867,-3.9334,-6.78875,"0,283",13,2,"12,3444","1,0652","50,4303","4,0853","-66,4062"
2026 02 02 09:39:38:869,-3.9675,-6.70125,"0,283",13,2,"12,3444","1,0652","50,4303","4,0853","-82,0312"
2026 02 02 09:39:38:871,-3.9985,-6.70125,"0,283",13,2,"12,3444","1,0652","50,4303","4,0853","-70,3125"
2026 02 02 09:39:38:873,-3.9985,-6.78875,"0,283",13,2,"12,3444","1,0652","50,4303","4,0853","-62,5"
2026 02 02 09:39:38:875,-3.9675,-6.78875,"0,283",13,2,"12,3444","1,0652","50,4303","4,0853","-66,4062"
2026 02 02 09:39:38:877,-3.9675,-6.78875,"0,283",13,2,"12,3444","1,0652","50,4303","4,0853","-66,4062"
2026 02 02 09:39:38:879,-3.9675,-6.78875,"0,283",13,2,"12,3444","1,0652","50,4303","4,0853","-66,4062"
2026 02 02 09:39:38:881,-3.9675,-6.78875,"0,283",13,2,"12,3444","1,0652","50,4303","4,0853","-66,4062"
2026 02 02 09:39:38:883,-3.9675,-6.78875,"0,283",13,2,"12,3444","1,0652","50,4303","4,0853","-42,9687"
2026 02 02 09:39:38:885,-3.9675,-6.78875,"0,283",13,2,"12,3444","1,0652","50,4303","4,0853","-58,5937"
2026 02 02 09:39:38:887,-3.9675,-6.70125,"0,283",13,2,"12,3444","1,0652","50,4303","4,0853","-66,4062"
2026 02 02 09:39:38:889,-3.9675,-6.70125,"0,283",13,2,"12,3444","1,0652","50,4303","4,0853","-82,0312"
2026 02 02 09:39:38:891,-3.9675,-6.78875,"0,283",13,2,"12,3444","1,0652","50,4303","4,0853","-66,4062"
2026 02 02 09:39:38:893,-3.9675,-6.78875,"0,283",13,2,"12,3444","1,0652","50,4303","4,0853","-66,4062"
2026 02 02 09:39:38:895,-3.9675,-6.78875,"0,283",13,2,"12,3444","1,0652","50,4303","4,0853","-66,4062"
2026 02 02 09:39:38:897,-3.9675,-6.70125,"0,283",13,2,"12,3444","1,0652","50,4303","4,0853","-66,4062"
2026 02 02 09:39:38:899,-3.9675,-6.70125,"0,283",13,2,"12,3444","1,0652","50,4303","4,0853","-62,5"
2026 02 02 09:39:38:901,-3.9675,-6.61375,"0,283",13,2,"12,3444","1,0652","50,4303","4,0853","-70,3125"
2026 02 02 09:39:38:903,-3.9334,-6.78875,"0,283",13,2,"12,3444","1,0652","50,4303","4,0853","-39,0625"
2026 02 02 09:39:38:905,-3.9675,-6.78875,"0,283",13,2,"12,3444","1,0652","50,4303","4,0853","-58,5937"
2026 02 02 09:39:38:907,-3.9675,-6.70125,"0,283",13,2,"12,3444","1,0652","50,4303","4,0853","-62,5"
2026 02 02 09:39:38:909,-3.9985,-6.70125,"0,283",13,2,"12,3444","1,0652","50,4303","4,0853","-82,0312"
2026 02 02 09:39:38:911,-3.9675,-6.70125,"0,283",13,2,"12,3444","1,0652","50,4303","4,0853","-66,4062"
2026 02 02 09:39:38:913,-3.9675,-6.78875,"0,283",13,2,"12,3444","1,0652","50,4303","4,0853","-66,4062"
2026 02 02 09:39:38:915,-3.9675,-6.70125,"0,283",13,2,"12,3444","1,0652","50,4303","4,0853","-66,4062"
2026 02 02 09:39:38:917,-3.9675,-6.70125,"0,283",13,2,"12,3444","1,0652","50,4303","4,0853","-66,4062"
2026 02 02 09:39:38:919,-3.9675,-6.78875,"0,283",13,2,"12,3444","1,0652","50,4303","4,0853","-66,4062"
2026 02 02 09:39:38:921,-3.9675,-6.87625,"0,283",13,2,"12,3444","1,0652","50,4303","4,0853","-66,4062"
2026 02 02 09:39:38:923,-3.9334,-6.78875,"0,283",13,2,"12,3444","1,0652","50,4303","4,0853","-46,875"
2026 02 02 09:39:38:925,-3.9675,-6.78875,"0,283",13,2,"12,3444","1,0652","50,4303","4,0853","-58,5937"
2026 02 02 09:39:38:927,-3.9675,-6.78875,"0,283",13,2,"12,3444","1,0652","50,4303","4,0853","-70,3125"
2026 02 02 09:39:38:929,-3.9985,-6.70125,"0,283",13,2,"12,3444","1,0652","50,4303","4,0853","-82,0312"
2026 02 02 09:39:38:931,-3.9675,-6.78875,"0,283",13,2,"12,3444","1,0652","50,4303","4,0853","-70,3125"
2026 02 02 09:39:38:933,-3.9675,-6.78875,"0,283",13,2,"12,3444","1,0652","50,4303","4,0853","-66,4062"
2026 02 02 09:39:38:935,-3.9675,-6.78875,"0,283",13,2,"12,3444","1,0652","50,4303","4,0853","-62,5"
2026 02 02 09:39:38:937,-3.9675,-6.70125,"0,283",13,2,"12,3444","1,0652","50,4303","4,0853","-66,4062"
2026 02 02 09:39:38:939,-3.9675,-6.78875,"0,283",13,2,"12,3444","1,0652","50,4303","4,0853","-66,4062"
2026 02 02 09:39:38:941,-3.9675,-6.78875,"0,283",13,2,"12,3444","1,0652","50,4303","4,0853","-62,5"
2026 02 02 09:39:38:943,-3.9675,-6.78875,"0,283",13,2,"12,3444","1,0652","50,4303","4,0853","-46,875"
2026 02 02 09:39:38:945,-3.9675,-6.87625,"0,283",13,2,"12,3444","1,0652","50,4303","4,0853","-54,6875"
2026 02 02 09:39:38:947,-3.9675,-6.78875,"0,283",13,2,"12,3444","1,0652","50,4303","4,0853","-70,3125"
2026 02 02 09:39:38:949,-3.9334,-6.78875,"0,283",13,2,"12,3444","1,0652","50,4303","4,0853","-82,0312"
2026 02 02 09:39:38:951,-3.9985,-6.78875,"0,283",13,2,"12,3444","1,0652","50,4303","4,0853","-70,3125"
2026 02 02 09:39:38:953,-3.9675,-6.78875,"0,283",13,2,"12,3444","1,0652","50,4303","4,0853","-62,5"
2026 02 02 09:39:38:955,-3.9675,-6.78875,"0,283",13,2,"12,3444","1,0652","50,4303","4,0853","-62,5"
2026 02 02 09:39:38:957,-3.9675,-6.78875,"0,283",13,2,"12,3444","1,0652","50,4303","4,0853","-70,3125"
2026 02 02 09:39:38:959,-3.9985,-6.78875,"0,283",13,2,"12,3444","1,0652","50,4303","4,0853","-66,4062"
2026 02 02 09:39:38:961,-3.9675,-6.78875,"0,283",13,2,"12,3444","1,0652","50,4303","4,0853","-62,5"
2026 02 02 09:39:38:963,-3.9334,-6.78875,"0,283",13,2,"12,3444","1,0652","50,4303","4,0853","-46,875"
2026 02 02 09:39:38:965,-3.9675,-6.78875,"0,283",13,2,"12,3444","1,0652","50,4303","4,0853","-50,7812"
2026 02 02 09:39:38:967,-3.9675,-6.70125,"0,283",13,2,"12,3444","1,0652","50,4303","4,0853","-66,4062"
2026 02 02 09:39:38:969,-3.9675,-6.78875,"0,283",13,2,"12,3444","1,0652","50,4303","4,0853","-78,125"
2026 02 02 09:39:38:971,-3.9334,-6.70125,"0,283",13,2,"12,3444","1,0652","50,4303","4,0853","-74,2187"
2026 02 02 09:39:38:973,-3.9675,-6.70125,"0,283",13,2,"12,3444","1,0652","50,4303","4,0853","-58,5937"
2026 02 02 09:39:38:975,-3.9675,-6.78875,"0,283",13,2,"12,3444","1,0652","50,4303","4,0853","-66,4062"
2026 02 02 09:39:38:977,-3.9675,-6.78875,"0,283",13,2,"12,3444","1,0652","50,4303","4,0853","-58,5937"
2026 02 02 09:39:38:979,-3.9675,-6.87625,"0,283",13,2,"12,3444","1,0652","50,4303","4,0853","-70,3125"
2026 02 02 09:39:38:981,-3.9675,-6.78875,"0,283",13,2,"12,3444","1,0652","50,4303","4,0853","-62,5"
2026 02 02 09:39:38:983,-3.9675,-6.70125,"0,283",13,2,"12,3444","1,0652","50,4303","4,0853","-50,7812"
2026 02 02 09:39:38:985,-3.9334,-6.70125,"0,283",13,2,"12,3444","1,0652","50,4303","4,0853","-46,875"
2026 02 02 09:39:38:987,-3.9334,-6.78875,"0,283",13,2,"12,3444","1,0652","50,4303","4,0853","-74,2187"
2026 02 02 09:39:38:989,-3.9675,-6.78875,"0,283",13,2,"12,3444","1,0652","50,4303","4,0853","-78,125"
2026 02 02 09:39:38:991,-3.9675,-6.78875,"0,283",13,2,"12,3444","1,0652","50,4303","4,0853","-70,3125"
2026 02 02 09:39:38:993,-3.9675,-6.78875,"0,283",13,2,"12,3444","1,0652","50,4303","4,0853","-62,5"
2026 02 02 09:39:38:995,-3.9985,-6.78875,"0,283",13,2,"12,3444","1,0652","50,4303","4,0853","-66,4062"
2026 02 02 09:39:38:997,-3.9675,-6.78875,"0,283",13,2,"12,3444","1,0652","50,4303","4,0853","-66,4062"
2026 02 02 09:39:38:999,-3.9675,-6.87625,"0,283",13,2,"12,3444","1,0652","50,4303","4,0853","-70,3125"
2026 02 02 09:39:39:001,-3.9985,-6.70125,"0,283",13,2,"12,3444","1,0652","50,4303","4,0853","-66,4062"
2026 02 02 09:39:39:003,-3.9985,-6.70125,"0,283",13,2,"12,3444","1,0652","50,4303","4,0853","-46,875"
2026 02 02 09:39:39:005,-3.9334,-6.70125,"0,283",13,2,"12,3444","1,0652","50,4303","4,0853","-50,7812"
2026 02 02 09:39:39:007,-3.9675,-6.78875,"0,283",13,2,"12,3444","1,0652","50,4303","4,0853","-62,5"
2026 02 02 09:39:39:009,-3.9675,-6.70125,"0,283",13,2,"12,3444","1,0652","50,4303","4,0853","-74,2187"
2026 02 02 09:39:39:011,-3.9985,-6.78875,"0,283",13,2,"12,9547","0,5383","51,3611","3,9647","-70,3125"
2026 02 02 09:39:39:013,-3.9334,-6.78875,"0,283",13,2,"12,9547","0,5383","51,3611","3,9647","-62,5"
2026 02 02 09:39:39:015,-3.9675,-6.78875,"0,283",13,2,"12,9547","0,5383","51,3611","3,9647","-66,4062"
2026 02 02 09:39:39:017,-3.9675,-6.78875,"0,283",13,2,"12,9547","0,5383","51,3611","3,9647","-66,4062"
2026 02 02 09:39:39:019,-3.9334,-6.78875,"0,283",13,2,"12,9547","0,5383","51,3611","3,9647","-66,4062"
2026 02 02 09:39:39:021,-3.9675,-6.78875,"0,283",13,2,"12,9547","0,5383","51,3611","3,9647","-62,5"
2026 02 02 09:39:39:023,-3.9675,-6.78875,"0,283",13,2,"12,9547","0,5383","51,3611","3,9647","-39,0625"
2026 02 02 09:39:39:025,-3.9675,-6.78875,"0,283",13,2,"12,9547","0,5383","51,3611","3,9647","-54,6875"
2026 02 02 09:39:39:027,-3.9985,-6.70125,"0,283",13,2,"12,9547","0,5383","51,3611","3,9647","-70,3125"
2026 02 02 09:39:39:029,-3.9334,-6.70125,"0,283",13,2,"12,9547","0,5383","51,3611","3,9647","-78,125"
2026 02 02 09:39:39:031,-3.9334,-6.87625,"0,283",13,2,"12,9547","0,5383","51,3611","3,9647","-70,3125"
2026 02 02 09:39:39:033,-3.9334,-6.78875,"0,283",13,2,"12,9547","0,5383","51,3611","3,9647","-62,5"
2026 02 02 09:39:39:035,-3.9334,-6.78875,"0,283",13,2,"12,9547","0,5383","51,3611","3,9647","-70,3125"
2026 02 02 09:39:39:037,-3.9985,-6.78875,"0,283",13,2,"12,9547","0,5383","51,3611","3,9647","-62,5"
2026 02 02 09:39:39:039,-3.9675,-6.78875,"0,283",13,2,"12,9547","0,5383","51,3611","3,9647","-66,4062"
2026 02 02 09:39:39:041,-3.9675,-6.78875,"0,283",13,2,"12,9547","0,5383","51,3611","3,9647","-66,4062"
2026 02 02 09:39:39:043,-3.9985,-6.78875,"0,283",13,2,"12,9547","0,5383","51,3611","3,9647","-42,9687"
2026 02 02 09:39:39:045,-3.9675,-6.70125,"0,283",13,2,"12,9547","0,5383","51,3611","3,9647","-50,7812"
2026 02 02 09:39:39:047,-3.9675,-6.70125,"0,283",13,2,"12,9547","0,5383","51,3611","3,9647","-66,4062"
2026 02 02 09:39:39:049,-3.9675,-6.78875,"0,283",13,2,"12,9547","0,5383","51,3611","3,9647","-78,125"
2026 02 02 09:39:39:051,-3.9675,-6.78875,"0,283",13,2,"12,9547","0,5383","51,3611","3,9647","-74,2187"
2026 02 02 09:39:39:053,-3.9675,-6.70125,"0,283",13,2,"12,9547","0,5383","51,3611","3,9647","-58,5937"
2026 02 02 09:39:39:055,-3.9675,-6.70125,"0,283",13,2,"12,9547","0,5383","51,3611","3,9647","-70,3125"
2026 02 02 09:39:39:057,-3.9675,-6.70125,"0,283",13,2,"12,9547","0,5383","51,3611","3,9647","-62,5"
2026 02 02 09:39:39:059,-3.9675,-6.78875,"0,283",13,2,"12,9547","0,5383","51,3611","3,9647","-62,5"
2026 02 02 09:39:39:061,-3.9675,-6.70125,"0,283",13,2,"12,9547","0,5383","51,3611","3,9647","-66,4062"
2026 02 02 09:39:39:063,-3.9675,-6.70125,"0,283",13,2,"12,9547","0,5383","51,3611","3,9647","-46,875"
2026 02 02 09:39:39:065,-3.9675,-6.70125,"0,283",13,2,"12,9547","0,5383","51,3611","3,9647","-54,6875"
2026 02 02 09:39:39:067,-3.9675,-6.78875,"0,283",13,2,"12,9547","0,5383","51,3611","3,9647","-62,5"
2026 02 02 09:39:39:069,-3.9334,-6.70125,"0,283",13,2,"12,9547","0,5383","51,3611","3,9647","-78,125"
2026 02 02 09:39:39:071,-3.9675,-6.78875,"0,283",13,2,"12,9547","0,5383","51,3611","3,9647","-70,3125"
2026 02 02 09:39:39:073,-3.9675,-6.78875,"0,283",13,2,"12,9547","0,5383","51,3611","3,9647","-62,5"
2026 02 02 09:39:39:075,-3.9334,-6.78875,"0,283",13,2,"12,9547","0,5383","51,3611","3,9647","-62,5"
2026 02 02 09:39:39:077,-3.9675,-6.78875,"0,283",13,2,"12,9547","0,5383","51,3611","3,9647","-66,4062"
2026 02 02 09:39:39:079,-3.9334,-6.78875,"0,283",13,2,"12,9547","0,5383","51,3611","3,9647","-62,5"
2026 02 02 09:39:39:081,-3.9675,-6.70125,"0,283",13,2,"12,9547","0,5383","51,3611","3,9647","-70,3125"
2026 02 02 09:39:39:083,-3.9675,-6.70125,"0,283",13,2,"12,9547","0,5383","51,3611","3,9647","-42,9687"
2026 02 02 09:39:39:085,-3.9985,-6.70125,"0,283",13,2,"12,9547","0,5383","51,3611","3,9647","-58,5937"
2026 02 02 09:39:39:087,-3.9675,-6.78875,"0,283",13,2,"12,9547","0,5383","51,3611","3,9647","-62,5"
2026 02 02 09:39:39:089,-3.9334,-6.78875,"0,283",13,2,"12,9547","0,5383","51,3611","3,9647","-89,8437"
2026 02 02 09:39:39:091,-3.9985,-6.78875,"0,283",13,2,"12,9547","0,5383","51,3611","3,9647","-66,4062"
2026 02 02 09:39:39:093,-3.9675,-6.78875,"0,283",13,2,"12,9547","0,5383","51,3611","3,9647","-62,5"
2026 02 02 09:39:39:095,-3.9675,-6.70125,"0,283",13,2,"12,9547","0,5383","51,3611","3,9647","-66,4062"
2026 02 02 09:39:39:097,-3.9675,-6.70125,"0,283",13,2,"12,9547","0,5383","51,3611","3,9647","-62,5"
2026 02 02 09:39:39:099,-3.9675,-6.70125,"0,283",13,2,"12,9547","0,5383","51,3611","3,9647","-62,5"
2026 02 02 09:39:39:101,-3.9675,-6.78875,"0,283",13,2,"12,9547","0,5383","51,3611","3,9647","-62,5"
2026 02 02 09:39:39:103,-3.9675,-6.70125,"0,283",13,2,"12,9547","0,5383","51,3611","3,9647","-46,875"
2026 02 02 09:39:39:105,-3.9675,-6.78875,"0,283",13,2,"12,9547","0,5383","51,3611","3,9647","-54,6875"
2026 02 02 09:39:39:107,-3.9675,-6.70125,"0,283",13,2,"12,9547","0,5383","51,3611","3,9647","-66,4062"
2026 02 02 09:39:39:109,-3.9675,-6.70125,"0,283",13,2,"12,9547","0,5383","51,3611","3,9647","-85,9375"
2026 02 02 09:39:39:111,-3.9985,-6.70125,"0,283",13,2,"12,9547","0,5383","51,3611","3,9647","-70,3125"
2026 02 02 09:39:39:113,-3.9675,-6.78875,"0,283",13,2,"12,9547","0,5383","51,3611","3,9647","-66,4062"
2026 02 02 09:39:39:115,-3.9675,-6.70125,"0,283",13,2,"12,9547","0,5383","51,3611","3,9647","-66,4062"
2026 02 02 09:39:39:117,-3.9334,-6.70125,"0,283",13,2,"12,9547","0,5383","51,3611","3,9647","-66,4062"
2026 02 02 09:39:39:119,-3.9675,-6.78875,"0,283",13,2,"12,9547","0,5383","51,3611","3,9647","-66,4062"
2026 02 02 09:39:39:121,-3.9985,-6.70125,"0,283",13,2,"12,9547","0,5383","51,3611","3,9647","-62,5"
2026 02 02 09:39:39:123,-3.9334,-6.78875,"0,283",13,2,"12,9547","0,5383","51,3611","3,9647","-46,875"
2026 02 02 09:39:39:125,-3.9675,-6.78875,"0,283",13,2,"12,9547","0,5383","51,3611","3,9647","-50,7812"
2026 02 02 09:39:39:127,-3.9675,-6.70125,"0,283",13,2,"12,9547","0,5383","51,3611","3,9647","-70,3125"
2026 02 02 09:39:39:129,-3.9675,-6.78875,"0,283",13,2,"12,9547","0,5383","51,3611","3,9647","-85,9375"
2026 02 02 09:39:39:131,-3.9675,-6.78875,"0,283",13,2,"12,9547","0,5383","51,3611","3,9647","-74,2187"
2026 02 02 09:39:39:133,-3.9675,-6.70125,"0,283",13,2,"12,9547","0,5383","51,3611","3,9647","-58,5937"
2026 02 02 09:39:39:135,-3.9985,-6.78875,"0,283",13,2,"12,9547","0,5383","51,3611","3,9647","-62,5"
2026 02 02 09:39:39:137,-3.9334,-6.70125,"0,283",13,2,"12,9547","0,5383","51,3611","3,9647","-66,4062"
2026 02 02 09:39:39:139,-3.9675,-6.78875,"0,283",13,2,"12,9547","0,5383","51,3611","3,9647","-66,4062"
2026 02 02 09:39:39:141,-3.9334,-6.70125,"0,283",13,2,"12,9547","0,5383","51,3611","3,9647","-62,5"
2026 02 02 09:39:39:143,-3.9985,-6.78875,"0,283",13,2,"12,9547","0,5383","51,3611","3,9647","-50,7812"
2026 02 02 09:39:39:145,-3.9675,-6.70125,"0,283",13,2,"12,9547","0,5383","51,3611","3,9647","-58,5937"
2026 02 02 09:39:39:147,-3.9985,-6.78875,"0,283",13,2,"12,9547","0,5383","51,3611","3,9647","-66,4062"
2026 02 02 09:39:39:149,-3.9675,-6.78875,"0,283",13,2,"12,9547","0,5383","51,3611","3,9647","-85,9375"
2026 02 02 09:39:39:151,-3.9675,-6.78875,"0,283",13,2,"12,9547","0,5383","51,3611","3,9647","-62,5"
2026 02 02 09:39:39:153,-3.9985,-6.70125,"0,283",13,2,"12,9547","0,5383","51,3611","3,9647","-66,4062"
2026 02 02 09:39:39:155,-3.9675,-6.78875,"0,283",13,2,"12,9547","0,5383","51,3611","3,9647","-58,5937"
2026 02 02 09:39:39:157,-3.9675,-6.70125,"0,283",13,2,"12,9547","0,5383","51,3611","3,9647","-66,4062"
2026 02 02 09:39:39:159,-3.9675,-6.78875,"0,283",13,2,"12,9547","0,5383","51,3611","3,9647","-66,4062"
2026 02 02 09:39:39:161,-3.9675,-6.78875,"0,283",13,2,"12,9547","0,5383","51,3611","3,9647","-66,4062"
2026 02 02 09:39:39:163,-3.9675,-6.78875,"0,283",13,2,"12,9547","0,5383","51,3611","3,9647","-42,9687"
2026 02 02 09:39:39:165,-3.9675,-6.70125,"0,283",13,2,"12,9547","0,5383","51,3611","3,9647","-54,6875"
2026 02 02 09:39:39:167,-3.9675,-6.87625,"0,283",13,2,"12,9547","0,5383","51,3611","3,9647","-66,4062"
2026 02 02 09:39:39:169,-3.9985,-6.70125,"0,283",13,2,"12,9547","0,5383","51,3611","3,9647","-85,9375"
2026 02 02 09:39:39:171,-3.9675,-6.70125,"0,283",13,2,"12,9547","0,5383","51,3611","3,9647","-74,2187"
2026 02 02 09:39:39:173,-3.9675,-6.78875,"0,283",13,2,"12,9547","0,5383","51,3611","3,9647","-62,5"
2026 02 02 09:39:39:175,-3.9675,-6.78875,"0,283",13,2,"12,9547","0,5383","51,3611","3,9647","-62,5"
2026 02 02 09:39:39:177,-3.9675,-6.78875,"0,283",13,2,"12,9547","0,5383","51,3611","3,9647","-58,5937"
2026 02 02 09:39:39:179,-3.9675,-6.78875,"0,283",13,2,"12,9547","0,5383","51,3611","3,9647","-58,5937"
2026 02 02 09:39:39:181,-3.9675,-6.78875,"0,283",13,2,"12,9547","0,5383","51,3611","3,9647","-62,5"
2026 02 02 09:39:39:183,-3.9675,-6.70125,"0,283",13,2,"12,9547","0,5383","51,3611","3,9647","-50,7812"
2026 02 02 09:39:39:185,-3.9675,-6.87625,"0,283",13,2,"12,9547","0,5383","51,3611","3,9647","-54,6875"
2026 02 02 09:39:39:187,-3.9675,-6.87625,"0,283",13,2,"12,9547","0,5383","51,3611","3,9647","-70,3125"
2026 02 02 09:39:39:189,-3.9334,-6.78875,"0,283",13,2,"12,9547","0,5383","51,3611","3,9647","-82,0312"
2026 02 02 09:39:39:191,-3.9675,-6.78875,"0,283",13,2,"12,9547","0,5383","51,3611","3,9647","-62,5"
2026 02 02 09:39:39:193,-3.9334,-6.70125,"0,283",13,2,"12,9547","0,5383","51,3611","3,9647","-62,5"
2026 02 02 09:39:39:195,-3.9675,-6.78875,"0,283",13,2,"12,9547","0,5383","51,3611","3,9647","-62,5"
2026 02 02 09:39:39:197,-3.9675,-6.78875,"0,283",13,2,"12,9547","0,5383","51,3611","3,9647","-62,5"
2026 02 02 09:39:39:199,-3.9675,-6.78875,"0,283",13,2,"12,9547","0,5383","51,3611","3,9647","-58,5937"
2026 02 02 09:39:39:201,-3.9675,-6.70125,"0,283",13,2,"12,9547","0,5383","51,3611","3,9647","-62,5"
2026 02 02 09:39:39:203,-3.9985,-6.78875,"0,283",13,2,"12,9547","0,5383","51,3611","3,9647","-42,9687"
2026 02 02 09:39:39:205,-3.9985,-6.70125,"0,283",13,2,"12,9547","0,5383","51,3611","3,9647","-46,875"
2026 02 02 09:39:39:207,-3.9334,-6.70125,"0,283",13,2,"12,9547","0,5383","51,3611","3,9647","-66,4062"
2026 02 02 09:39:39:209,-3.9675,-6.78875,"0,283",13,2,"12,9547","0,5383","51,3611","3,9647","-85,9375"
2026 02 02 09:39:39:211,-3.9675,-6.70125,"0,283",13,2,"12,9547","0,5383","51,3611","3,9647","-78,125"
2026 02 02 09:39:39:213,-3.9675,-6.78875,"0,283",13,2,"12,9547","0,5383","51,3611","3,9647","-58,5937"
2026 02 02 09:39:39:215,-3.9675,-6.78875,"0,283",13,2,"12,9547","0,5383","51,3611","3,9647","-70,3125"
2026 02 02 09:39:39:217,-3.9675,-6.78875,"0,283",13,2,"12,9547","0,5383","51,3611","3,9647","-58,5937"
2026 02 02 09:39:39:219,-3.9675,-6.70125,"0,283",13,2,"12,9547","0,5383","51,3611","3,9647","-66,4062"
2026 02 02 09:39:39:221,-3.9675,-6.70125,"0,283",13,2,"12,9547","0,5383","51,3611","3,9647","-66,4062"
2026 02 02 09:39:39:223,-3.9675,-6.78875,"0,283",13,2,"12,9547","0,5383","51,3611","3,9647","-42,9687"
2026 02 02 09:39:39:225,-3.9675,-6.70125,"0,283",13,2,"12,9547","0,5383","51,3611","3,9647","-50,7812"
2026 02 02 09:39:39:227,-3.9985,-6.70125,"0,283",13,2,"12,9547","0,5383","51,3611","3,9647","-66,4062"
2026 02 02 09:39:39:229,-3.9675,-6.70125,"0,283",13,2,"12,9547","0,5383","51,3611","3,9647","-82,0312"
2026 02 02 09:39:39:231,-3.9334,-6.78875,"0,283",13,2,"12,9547","0,5383","51,3611","3,9647","-62,5"
2026 02 02 09:39:39:233,-3.9675,-6.78875,"0,283",13,2,"12,9547","0,5383","51,3611","3,9647","-62,5"
2026 02 02 09:39:39:235,-3.9675,-6.78875,"0,283",13,2,"12,9547","0,5383","51,3611","3,9647","-58,5937"
2026 02 02 09:39:39:237,-3.9675,-6.78875,"0,283",13,2,"12,9547","0,5383","51,3611","3,9647","-62,5"
2026 02 02 09:39:39:239,-3.9675,-6.78875,"0,283",13,2,"12,9547","0,5383","51,3611","3,9647","-62,5"
2026 02 02 09:39:39:241,-3.9675,-6.70125,"0,283",13,2,"12,9547","0,5383","51,3611","3,9647","-66,4062"
2026 02 02 09:39:39:243,-3.9985,-6.78875,"0,283",13,2,"12,9547","0,5383","51,3611","3,9647","-42,9687"
2026 02 02 09:39:39:245,-3.9675,-6.78875,"0,283",13,2,"12,9547","0,5383","51,3611","3,9647","-54,6875"
2026 02 02 09:39:39:247,-3.9985,-6.78875,"0,283",13,2,"12,9547","0,5383","51,3611","3,9647","-70,3125"
2026 02 02 09:39:39:249,-3.9334,-6.78875,"0,283",13,2,"12,9547","0,5383","51,3611","3,9647","-82,0312"
2026 02 02 09:39:39:251,-3.9675,-6.70125,"0,283",13,2,"12,9547","0,5383","51,3611","3,9647","-78,125"
2026 02 02 09:39:39:253,-3.9675,-6.78875,"0,283",13,2,"12,9547","0,5383","51,3611","3,9647","-62,5"
2026 02 02 09:39:39:255,-3.9334,-6.70125,"0,283",13,2,"12,9547","0,5383","51,3611","3,9647","-62,5"
2026 02 02 09:39:39:257,-3.9675,-6.78875,"0,283",13,2,"12,9547","0,5383","51,3611","3,9647","-66,4062"
2026 02 02 09:39:39:259,-3.9985,-6.78875,"0,283",13,2,"12,9547","0,5383","51,3611","3,9647","-62,5"
2026 02 02 09:39:39:261,-3.9675,-6.70125,"0,283",13,2,"12,9547","0,5383","51,3611","3,9647","-62,5"
2026 02 02 09:39:39:263,-3.9675,-6.70125,"0,283",13,2,"12,9547","0,5383","51,3611","3,9647","-46,875"
2026 02 02 09:39:39:265,-3.9334,-6.70125,"0,283",13,2,"12,9547","0,5383","51,3611","3,9647","-50,7812"
2026 02 02 09:39:39:267,-3.9334,-6.70125,"0,283",13,2,"12,9547","0,5383","51,3611","3,9647","-70,3125"
2026 02 02 09:39:39:269,-3.9985,-6.70125,"0,283",13,2,"12,9547","0,5383","51,3611","3,9647","-82,0312"
2026 02 02 09:39:39:271,-3.9334,-6.78875,"0,283",13,2,"12,9547","0,5383","51,3611","3,9647","-74,2187"
2026 02 02 09:39:39:273,-3.9675,-6.70125,"0,283",13,2,"12,9547","0,5383","51,3611","3,9647","-58,5937"
2026 02 02 09:39:39:275,-3.9675,-6.70125,"0,283",13,2,"12,9547","0,5383","51,3611","3,9647","-66,4062"
2026 02 02 09:39:39:277,-3.9675,-6.78875,"0,283",13,2,"12,9547","0,5383","51,3611","3,9647","-54,6875"
2026 02 02 09:39:39:279,-3.9675,-6.70125,"0,283",13,2,"12,9547","0,5383","51,3611","3,9647","-66,4062"
2026 02 02 09:39:39:281,-3.9675,-6.78875,"0,283",13,2,"12,9547","0,5383","51,3611","3,9647","-58,5937"
2026 02 02 09:39:39:283,-3.9675,-6.78875,"0,283",13,2,"12,9547","0,5383","51,3611","3,9647","-39,0625"
2026 02 02 09:39:39:285,-3.9675,-6.78875,"0,283",13,2,"12,9547","0,5383","51,3611","3,9647","-54,6875"
2026 02 02 09:39:39:287,-3.9334,-6.70125,"0,283",13,2,"12,9547","0,5383","51,3611","3,9647","-66,4062"
2026 02 02 09:39:39:289,-3.9675,-6.78875,"0,283",13,2,"12,9547","0,5383","51,3611","3,9647","-85,9375"
2026 02 02 09:39:39:291,-3.9675,-6.78875,"0,283",13,2,"12,9547","0,5383","51,3611","3,9647","-74,2187"
2026 02 02 09:39:39:293,-3.9675,-6.78875,"0,283",13,2,"12,9547","0,5383","51,3611","3,9647","-62,5"
2026 02 02 09:39:39:295,-3.9675,-6.70125,"0,283",13,2,"12,9547","0,5383","51,3611","3,9647","-62,5"
2026 02 02 09:39:39:297,-3.9675,-6.70125,"0,283",13,2,"12,9547","0,5383","51,3611","3,9647","-58,5937"
2026 02 02 09:39:39:299,-3.9675,-6.70125,"0,283",13,2,"12,9547","0,5383","51,3611","3,9647","-58,5937"
2026 02 02 09:39:39:301,-3.9675,-6.78875,"0,283",13,2,"12,9547","0,5383","51,3611","3,9647","-58,5937"
2026 02 02 09:39:39:303,-3.9675,-6.78875,"0,283",13,2,"12,9547","0,5383","51,3611","3,9647","-39,0625"
2026 02 02 09:39:39:305,-3.9675,-6.78875,"0,283",13,2,"12,9547","0,5383","51,3611","3,9647","-50,7812"
2026 02 02 09:39:39:307,-3.9334,-6.70125,"0,283",13,2,"12,9547","0,5383","51,3611","3,9647","-70,3125"
2026 02 02 09:39:39:309,-3.9985,-6.78875,"0,283",13,2,"12,9547","0,5383","51,3611","3,9647","-74,2187"
2026 02 02 09:39:39:311,-3.9985,-6.70125,"0,283",13,2,"12,9547","0,6542","47,0123","3,629","-70,3125"
2026 02 02 09:39:39:313,-3.9675,-6.70125,"0,283",13,2,"12,9547","0,6542","47,0123","3,629","-54,6875"
2026 02 02 09:39:39:315,-3.9334,-6.70125,"0,283",13,2,"12,9547","0,6542","47,0123","3,629","-58,5937"
2026 02 02 09:39:39:317,-3.9675,-6.70125,"0,283",13,2,"12,9547","0,6542","47,0123","3,629","-58,5937"
2026 02 02 09:39:39:319,-3.9675,-6.78875,"0,283",13,2,"12,9547","0,6542","47,0123","3,629","-58,5937"
2026 02 02 09:39:39:321,-3.9675,-6.78875,"0,283",13,2,"12,9547","0,6542","47,0123","3,629","-66,4062"
2026 02 02 09:39:39:323,-3.9675,-6.78875,"0,283",13,2,"12,9547","0,6542","47,0123","3,629","-35,1562"
2026 02 02 09:39:39:325,-3.9675,-6.78875,"0,283",13,2,"12,9547","0,6542","47,0123","3,629","-54,6875"
2026 02 02 09:39:39:327,-3.9985,-6.78875,"0,283",13,2,"12,9547","0,6542","47,0123","3,629","-62,5"
2026 02 02 09:39:39:329,-3.9675,-6.78875,"0,283",13,2,"12,9547","0,6542","47,0123","3,629","-82,0312"
2026 02 02 09:39:39:331,-3.9675,-6.78875,"0,283",13,2,"12,9547","0,6542","47,0123","3,629","-78,125"
2026 02 02 09:39:39:333,-3.9334,-6.70125,"0,283",13,2,"12,9547","0,6542","47,0123","3,629","-58,5937"
2026 02 02 09:39:39:335,-3.9985,-6.78875,"0,283",13,2,"12,9547","0,6542","47,0123","3,629","-62,5"
2026 02 02 09:39:39:337,-3.9675,-6.70125,"0,283",13,2,"12,9547","0,6542","47,0123","3,629","-62,5"
2026 02 02 09:39:39:339,-3.9675,-6.78875,"0,283",13,2,"12,9547","0,6542","47,0123","3,629","-54,6875"
2026 02 02 09:39:39:341,-3.9675,-6.78875,"0,283",13,2,"12,9547","0,6542","47,0123","3,629","-58,5937"
2026 02 02 09:39:39:343,-3.9985,-6.70125,"0,283",13,2,"12,9547","0,6542","47,0123","3,629","-39,0625"
2026 02 02 09:39:39:345,-3.9675,-6.70125,"0,283",13,2,"12,9547","0,6542","47,0123","3,629","-50,7812"
2026 02 02 09:39:39:347,-3.9675,-6.70125,"0,283",13,2,"12,9547","0,6542","47,0123","3,629","-66,4062"
2026 02 02 09:39:39:349,-3.9675,-6.78875,"0,283",13,2,"12,9547","0,6542","47,0123","3,629","-78,125"
2026 02 02 09:39:39:351,-3.9334,-6.70125,"0,283",13,2,"12,9547","0,6542","47,0123","3,629","-66,4062"
2026 02 02 09:39:39:353,-3.9675,-6.78875,"0,283",13,2,"12,9547","0,6542","47,0123","3,629","-58,5937"
2026 02 02 09:39:39:355,-3.9675,-6.78875,"0,283",13,2,"12,9547","0,6542","47,0123","3,629","-62,5"
2026 02 02 09:39:39:357,-3.9675,-6.70125,"0,283",13,2,"12,9547","0,6542","47,0123","3,629","-58,5937"
2026 02 02 09:39:39:359,-3.9675,-6.70125,"0,283",13,2,"12,9547","0,6542","47,0123","3,629","-66,4062"
2026 02 02 09:39:39:361,-3.9675,-6.78875,"0,283",13,2,"12,9547","0,6542","47,0123","3,629","-62,5"
2026 02 02 09:39:39:363,-3.9675,-6.70125,"0,283",13,2,"12,9547","0,6542","47,0123","3,629","-39,0625"
2026 02 02 09:39:39:365,-3.9675,-6.70125,"0,283",13,2,"12,9547","0,6542","47,0123","3,629","-50,7812"
2026 02 02 09:39:39:367,-3.9675,-6.70125,"0,283",13,2,"12,9547","0,6542","47,0123","3,629","-70,3125"
2026 02 02 09:39:39:369,-3.9675,-6.70125,"0,283",13,2,"12,9547","0,6542","47,0123","3,629","-82,0312"
2026 02 02 09:39:39:371,-3.9334,-6.70125,"0,283",13,2,"12,9547","0,6542","47,0123","3,629","-74,2187"
2026 02 02 09:39:39:373,-3.9675,-6.78875,"0,283",13,2,"12,9547","0,6542","47,0123","3,629","-58,5937"
2026 02 02 09:39:39:375,-3.9675,-6.78875,"0,283",13,2,"12,9547","0,6542","47,0123","3,629","-62,5"
2026 02 02 09:39:39:377,-3.9675,-6.78875,"0,283",13,2,"12,9547","0,6542","47,0123","3,629","-58,5937"
2026 02 02 09:39:39:379,-3.9675,-6.70125,"0,283",13,2,"12,9547","0,6542","47,0123","3,629","-58,5937"
2026 02 02 09:39:39:381,-3.9675,-6.78875,"0,283",13,2,"12,9547","0,6542","47,0123","3,629","-58,5937"
2026 02 02 09:39:39:383,-3.9675,-6.70125,"0,283",13,2,"12,9547","0,6542","47,0123","3,629","-39,0625"
2026 02 02 09:39:39:385,-3.9675,-6.78875,"0,283",13,2,"12,9547","0,6542","47,0123","3,629","-50,7812"
2026 02 02 09:39:39:387,-3.9675,-6.78875,"0,283",13,2,"12,9547","0,6542","47,0123","3,629","-66,4062"
2026 02 02 09:39:39:389,-3.9675,-6.78875,"0,283",13,2,"12,9547","0,6542","47,0123","3,629","-82,0312"
2026 02 02 09:39:39:391,-3.9675,-6.78875,"0,283",13,2,"12,9547","0,6542","47,0123","3,629","-74,2187"
2026 02 02 09:39:39:393,-3.9675,-6.78875,"0,283",13,2,"12,9547","0,6542","47,0123","3,629","-66,4062"
2026 02 02 09:39:39:395,-3.9675,-6.78875,"0,283",13,2,"12,9547","0,6542","47,0123","3,629","-62,5"
2026 02 02 09:39:39:397,-3.9675,-6.70125,"0,283",13,2,"12,9547","0,6542","47,0123","3,629","-58,5937"
2026 02 02 09:39:39:399,-3.9675,-6.78875,"0,283",13,2,"12,9547","0,6542","47,0123","3,629","-62,5"
2026 02 02 09:39:39:401,-3.9675,-6.70125,"0,283",13,2,"12,9547","0,6542","47,0123","3,629","-62,5"
2026 02 02 09:39:39:403,-3.9675,-6.70125,"0,283",13,2,"12,9547","0,6542","47,0123","3,629","-42,9687"
2026 02 02 09:39:39:405,-3.9675,-6.78875,"0,283",13,2,"12,9547","0,6542","47,0123","3,629","-50,7812"
2026 02 02 09:39:39:407,-3.9675,-6.70125,"0,283",13,2,"12,9547","0,6542","47,0123","3,629","-62,5"
2026 02 02 09:39:39:409,-3.9675,-6.70125,"0,283",13,2,"12,9547","0,6542","47,0123","3,629","-82,0312"
2026 02 02 09:39:39:411,-3.9675,-6.61375,"0,283",13,2,"12,9547","0,6542","47,0123","3,629","-70,3125"
2026 02 02 09:39:39:413,-3.9334,-6.70125,"0,283",13,2,"12,9547","0,6542","47,0123","3,629","-66,4062"
2026 02 02 09:39:39:415,-3.9675,-6.70125,"0,283",13,2,"12,9547","0,6542","47,0123","3,629","-58,5937"
2026 02 02 09:39:39:417,-3.9675,-6.78875,"0,283",13,2,"12,9547","0,6542","47,0123","3,629","-62,5"
2026 02 02 09:39:39:419,-3.9675,-6.78875,"0,283",13,2,"12,9547","0,6542","47,0123","3,629","-58,5937"
2026 02 02 09:39:39:421,-3.9985,-6.78875,"0,283",13,2,"12,9547","0,6542","47,0123","3,629","-62,5"
2026 02 02 09:39:39:423,-3.9675,-6.78875,"0,283",13,2,"12,9547","0,6542","47,0123","3,629","-46,875"
2026 02 02 09:39:39:425,-3.9985,-6.78875,"0,283",13,2,"12,9547","0,6542","47,0123","3,629","-46,875"
2026 02 02 09:39:39:427,-3.9675,-6.70125,"0,283",13,2,"12,9547","0,6542","47,0123","3,629","-70,3125"
2026 02 02 09:39:39:429,-3.9675,-6.78875,"0,283",13,2,"12,9547","0,6542","47,0123","3,629","-78,125"
2026 02 02 09:39:39:431,-3.9675,-6.78875,"0,283",13,2,"12,9547","0,6542","47,0123","3,629","-74,2187"
2026 02 02 09:39:39:433,-3.9675,-6.78875,"0,283",13,2,"12,9547","0,6542","47,0123","3,629","-66,4062"
2026 02 02 09:39:39:435,-3.9675,-6.78875,"0,283",13,2,"12,9547","0,6542","47,0123","3,629","-62,5"
2026 02 02 09:39:39:437,-3.9675,-6.78875,"0,283",13,2,"12,9547","0,6542","47,0123","3,629","-58,5937"
2026 02 02 09:39:39:439,-3.9985,-6.87625,"0,283",13,2,"12,9547","0,6542","47,0123","3,629","-58,5937"
2026 02 02 09:39:39:441,-3.9985,-6.78875,"0,283",13,2,"12,9547","0,6542","47,0123","3,629","-58,5937"
2026 02 02 09:39:39:443,-3.9985,-6.70125,"0,283",13,2,"12,9547","0,6542","47,0123","3,629","-35,1562"
2026 02 02 09:39:39:445,-3.9675,-6.78875,"0,283",13,2,"12,9547","0,6542","47,0123","3,629","-50,7812"
2026 02 02 09:39:39:447,-3.9675,-6.70125,"0,283",13,2,"12,9547","0,6542","47,0123","3,629","-70,3125"
2026 02 02 09:39:39:449,-3.9675,-6.70125,"0,283",13,2,"12,9547","0,6542","47,0123","3,629","-74,2187"
2026 02 02 09:39:39:451,-3.9675,-6.70125,"0,283",13,2,"12,9547","0,6542","47,0123","3,629","-74,2187"
2026 02 02 09:39:39:453,-3.9675,-6.78875,"0,283",13,2,"12,9547","0,6542","47,0123","3,629","-58,5937"
2026 02 02 09:39:39:455,-3.9675,-6.70125,"0,283",13,2,"12,9547","0,6542","47,0123","3,629","-58,5937"
2026 02 02 09:39:39:457,-3.9675,-6.70125,"0,283",13,2,"12,9547","0,6542","47,0123","3,629","-62,5"
2026 02 02 09:39:39:459,-3.9334,-6.78875,"0,283",13,2,"12,9547","0,6542","47,0123","3,629","-58,5937"
2026 02 02 09:39:39:461,-3.9675,-6.78875,"0,283",13,2,"12,9547","0,6542","47,0123","3,629","-62,5"
2026 02 02 09:39:39:463,-3.9675,-6.70125,"0,283",13,2,"12,9547","0,6542","47,0123","3,629","-42,9687"
2026 02 02 09:39:39:465,-3.9985,-6.78875,"0,283",13,2,"12,9547","0,6542","47,0123","3,629","-50,7812"
2026 02 02 09:39:39:467,-3.9985,-6.87625,"0,283",13,2,"12,9547","0,6542","47,0123","3,629","-70,3125"
2026 02 02 09:39:39:469,-3.9675,-6.78875,"0,283",13,2,"12,9547","0,6542","47,0123","3,629","-78,125"
2026 02 02 09:39:39:471,-3.9675,-6.78875,"0,283",13,2,"12,9547","0,6542","47,0123","3,629","-78,125"
2026 02 02 09:39:39:473,-3.9675,-6.78875,"0,283",13,2,"12,9547","0,6542","47,0123","3,629","-58,5937"
2026 02 02 09:39:39:475,-3.9675,-6.78875,"0,283",13,2,"12,9547","0,6542","47,0123","3,629","-62,5"
2026 02 02 09:39:39:477,-3.9675,-6.78875,"0,283",13,2,"12,9547","0,6542","47,0123","3,629","-62,5"
2026 02 02 09:39:39:479,-3.9675,-6.78875,"0,283",13,2,"12,9547","0,6542","47,0123","3,629","-62,5"
2026 02 02 09:39:39:481,-3.9675,-6.78875,"0,283",13,2,"12,9547","0,6542","47,0123","3,629","-62,5"
2026 02 02 09:39:39:483,-3.9675,-6.78875,"0,283",13,2,"12,9547","0,6542","47,0123","3,629","-42,9687"
2026 02 02 09:39:39:485,-3.9985,-6.78875,"0,283",13,2,"12,9547","0,6542","47,0123","3,629","-54,6875"
2026 02 02 09:39:39:487,-3.9334,-6.70125,"0,283",13,2,"12,9547","0,6542","47,0123","3,629","-70,3125"
2026 02 02 09:39:39:489,-3.9334,-6.78875,"0,283",13,2,"12,9547","0,6542","47,0123","3,629","-82,0312"
2026 02 02 09:39:39:491,-3.9675,-6.78875,"0,283",13,2,"12,9547","0,6542","47,0123","3,629","-70,3125"
2026 02 02 09:39:39:493,-3.9675,-6.78875,"0,283",13,2,"12,9547","0,6542","47,0123","3,629","-62,5"
2026 02 02 09:39:39:495,-3.9675,-6.78875,"0,283",13,2,"12,9547","0,6542","47,0123","3,629","-54,6875"
2026 02 02 09:39:39:497,-3.9675,-6.70125,"0,283",13,2,"12,9547","0,6542","47,0123","3,629","-58,5937"
2026 02 02 09:39:39:499,-3.9985,-6.78875,"0,283",13,2,"12,9547","0,6542","47,0123","3,629","-54,6875"
2026 02 02 09:39:39:501,-3.9675,-6.70125,"0,283",13,2,"12,9547","0,6542","47,0123","3,629","-58,5937"
2026 02 02 09:39:39:503,-3.9675,-6.78875,"0,283",13,2,"12,9547","0,6542","47,0123","3,629","-39,0625"
2026 02 02 09:39:39:505,-3.9675,-6.78875,"0,283",13,2,"12,9547","0,6542","47,0123","3,629","-50,7812"
2026 02 02 09:39:39:507,-3.9675,-6.78875,"0,283",13,2,"12,9547","0,6542","47,0123","3,629","-66,4062"
2026 02 02 09:39:39:509,-3.9675,-6.78875,"0,283",13,2,"12,9547","0,6542","47,0123","3,629","-82,0312"
2026 02 02 09:39:39:511,-3.9334,-6.78875,"0,283",13,2,"12,9547","0,6542","47,0123","3,629","-78,125"
2026 02 02 09:39:39:513,-3.9675,-6.78875,"0,283",13,2,"12,9547","0,6542","47,0123","3,629","-58,5937"
2026 02 02 09:39:39:515,-3.9675,-6.78875,"0,283",13,2,"12,9547","0,6542","47,0123","3,629","-58,5937"
2026 02 02 09:39:39:517,-3.9675,-6.78875,"0,283",13,2,"12,9547","0,6542","47,0123","3,629","-54,6875"
2026 02 02 09:39:39:519,-3.9985,-6.78875,"0,283",13,2,"12,9547","0,6542","47,0123","3,629","-58,5937"
2026 02 02 09:39:39:521,-3.9675,-6.70125,"0,283",13,2,"12,9547","0,6542","47,0123","3,629","-58,5937"
2026 02 02 09:39:39:523,-3.9675,-6.78875,"0,283",13,2,"12,9547","0,6542","47,0123","3,629","-39,0625"
2026 02 02 09:39:39:525,-3.9985,-6.70125,"0,283",13,2,"12,9547","0,6542","47,0123","3,629","-50,7812"
2026 02 02 09:39:39:527,-3.9675,-6.78875,"0,283",13,2,"12,9547","0,6542","47,0123","3,629","-66,4062"
2026 02 02 09:39:39:529,-3.9675,-6.78875,"0,283",13,2,"12,9547","0,6542","47,0123","3,629","-78,125"
2026 02 02 09:39:39:531,-3.9675,-6.87625,"0,283",13,2,"12,9547","0,6542","47,0123","3,629","-66,4062"
2026 02 02 09:39:39:533,-3.9675,-6.78875,"0,283",13,2,"12,9547","0,6542","47,0123","3,629","-58,5937"
2026 02 02 09:39:39:535,-3.9675,-6.78875,"0,283",13,2,"12,9547","0,6542","47,0123","3,629","-58,5937"
2026 02 02 09:39:39:537,-3.9675,-6.78875,"0,283",13,2,"12,9547","0,6542","47,0123","3,629","-62,5"
2026 02 02 09:39:39:539,-3.9675,-6.78875,"0,283",13,2,"12,9547","0,6542","47,0123","3,629","-58,5937"
2026 02 02 09:39:39:541,-3.9675,-6.78875,"0,283",13,2,"12,9547","0,6542","47,0123","3,629","-58,5937"
2026 02 02 09:39:39:543,-3.9675,-6.70125,"0,283",13,2,"12,9547","0,6542","47,0123","3,629","-42,9687"
2026 02 02 09:39:39:545,-3.9334,-6.78875,"0,283",13,2,"12,9547","0,6542","47,0123","3,629","-50,7812"
2026 02 02 09:39:39:547,-3.9675,-6.78875,"0,283",13,2,"12,9547","0,6542","47,0123","3,629","-66,4062"
2026 02 02 09:39:39:549,-3.9334,-6.78875,"0,283",13,2,"12,9547","0,6542","47,0123","3,629","-85,9375"
2026 02 02 09:39:39:551,-3.9675,-6.78875,"0,283",13,2,"12,9547","0,6542","47,0123","3,629","-78,125"
2026 02 02 09:39:39:553,-3.9675,-6.78875,"0,283",13,2,"12,9547","0,6542","47,0123","3,629","-62,5"
2026 02 02 09:39:39:555,-3.9675,-6.70125,"0,283",13,2,"12,9547","0,6542","47,0123","3,629","-62,5"
2026 02 02 09:39:39:557,-3.9985,-6.78875,"0,283",13,2,"12,9547","0,6542","47,0123","3,629","-58,5937"
2026 02 02 09:39:39:559,-3.9675,-6.70125,"0,283",13,2,"12,9547","0,6542","47,0123","3,629","-58,5937"
2026 02 02 09:39:39:561,-3.9675,-6.78875,"0,283",13,2,"12,9547","0,6542","47,0123","3,629","-50,7812"
2026 02 02 09:39:39:563,-3.9675,-6.70125,"0,283",13,2,"12,9547","0,6542","47,0123","3,629","-42,9687"
2026 02 02 09:39:39:565,-3.9675,-6.70125,"0,283",13,2,"12,9547","0,6542","47,0123","3,629","-46,875"
2026 02 02 09:39:39:567,-3.9675,-6.78875,"0,283",13,2,"12,9547","0,6542","47,0123","3,629","-70,3125"
2026 02 02 09:39:39:569,-3.9675,-6.78875,"0,283",13,2,"12,9547","0,6542","47,0123","3,629","-82,0312"
2026 02 02 09:39:39:571,-3.9985,-6.78875,"0,283",13,2,"12,9547","0,6542","47,0123","3,629","-78,125"
2026 02 02 09:39:39:573,-3.9985,-6.78875,"0,283",13,2,"12,9547","0,6542","47,0123","3,629","-62,5"
2026 02 02 09:39:39:575,-3.9985,-6.78875,"0,283",13,2,"12,9547","0,6542","47,0123","3,629","-58,5937"
2026 02 02 09:39:39:577,-3.9675,-6.78875,"0,283",13,2,"12,9547","0,6542","47,0123","3,629","-54,6875"
2026 02 02 09:39:39:579,-3.9675,-6.78875,"0,283",13,2,"12,9547","0,6542","47,0123","3,629","-54,6875"
2026 02 02 09:39:39:581,-3.9675,-6.78875,"0,283",13,2,"12,9547","0,6542","47,0123","3,629","-62,5"
2026 02 02 09:39:39:583,-3.9675,-6.78875,"0,283",13,2,"12,9547","0,6542","47,0123","3,629","-39,0625"
2026 02 02 09:39:39:585,-3.9985,-6.78875,"0,283",13,2,"12,9547","0,6542","47,0123","3,629","-46,875"
2026 02 02 09:39:39:587,-3.9675,-6.78875,"0,283",13,2,"12,9547","0,6542","47,0123","3,629","-70,3125"
2026 02 02 09:39:39:589,-3.9334,-6.70125,"0,283",13,2,"12,9547","0,6542","47,0123","3,629","-82,0312"
2026 02 02 09:39:39:591,-3.9675,-6.78875,"0,283",13,2,"12,9547","0,6542","47,0123","3,629","-74,2187"
2026 02 02 09:39:39:593,-3.9675,-6.78875,"0,283",13,2,"12,9547","0,6542","47,0123","3,629","-58,5937"
2026 02 02 09:39:39:595,-3.9675,-6.78875,"0,283",13,2,"12,9547","0,6542","47,0123","3,629","-58,5937"
2026 02 02 09:39:39:597,-3.9675,-6.70125,"0,283",13,2,"12,9547","0,6542","47,0123","3,629","-54,6875"
2026 02 02 09:39:39:599,-3.9675,-6.78875,"0,283",13,2,"12,9547","0,6542","47,0123","3,629","-58,5937"
2026 02 02 09:39:39:601,-3.9334,-6.70125,"0,283",13,2,"12,9547","0,6542","47,0123","3,629","-58,5937"
2026 02 02 09:39:39:603,-3.9675,-6.78875,"0,283",13,2,"12,9547","0,6542","47,0123","3,629","-39,0625"
2026 02 02 09:39:39:605,-3.9675,-6.78875,"0,283",13,2,"12,9547","0,6542","47,0123","3,629","-46,875"
2026 02 02 09:39:39:607,-3.9985,-6.70125,"0,283",13,2,"12,9547","0,6542","47,0123","3,629","-70,3125"
2026 02 02 09:39:39:609,-3.9334,-6.70125,"0,283",13,2,"12,9547","0,6542","47,0123","3,629","-82,0312"
2026 02 02 09:39:39:611,-3.9675,-6.70125,"0,283",13,2,"12,9547","0,6542","47,0123","3,629","-70,3125"
2026 02 02 09:39:39:613,-3.9675,-6.70125,"0,283",13,2,"12,9547","0,6436","49,3927","3,8127","-58,5937"
2026 02 02 09:39:39:615,-3.9334,-6.70125,"0,283",13,2,"12,9547","0,6436","49,3927","3,8127","-62,5"
2026 02 02 09:39:39:617,-3.9675,-6.70125,"0,283",13,2,"12,9547","0,6436","49,3927","3,8127","-58,5937"
2026 02 02 09:39:39:619,-3.9675,-6.70125,"0,283",13,2,"12,9547","0,6436","49,3927","3,8127","-58,5937"
2026 02 02 09:39:39:621,-3.9675,-6.87625,"0,283",13,2,"12,9547","0,6436","49,3927","3,8127","-58,5937"
2026 02 02 09:39:39:623,-3.9675,-6.78875,"0,283",13,2,"12,9547","0,6436","49,3927","3,8127","-35,1562"
2026 02 02 09:39:39:625,-3.9675,-6.70125,"0,283",13,2,"12,9547","0,6436","49,3927","3,8127","-42,9687"
2026 02 02 09:39:39:627,-3.9675,-6.78875,"0,283",13,2,"12,9547","0,6436","49,3927","3,8127","-66,4062"
2026 02 02 09:39:39:629,-3.9334,-6.78875,"0,283",13,2,"12,9547","0,6436","49,3927","3,8127","-78,125"
2026 02 02 09:39:39:631,-3.9675,-6.87625,"0,283",13,2,"12,9547","0,6436","49,3927","3,8127","-78,125"
2026 02 02 09:39:39:633,-3.9675,-6.78875,"0,283",13,2,"12,9547","0,6436","49,3927","3,8127","-58,5937"
2026 02 02 09:39:39:635,-3.9675,-6.78875,"0,283",13,2,"12,9547","0,6436","49,3927","3,8127","-54,6875"
2026 02 02 09:39:39:637,-3.9675,-6.78875,"0,283",13,2,"12,9547","0,6436","49,3927","3,8127","-58,5937"
2026 02 02 09:39:39:639,-3.9675,-6.78875,"0,283",13,2,"12,9547","0,6436","49,3927","3,8127","-58,5937"
2026 02 02 09:39:39:641,-3.9334,-6.78875,"0,283",13,2,"12,9547","0,6436","49,3927","3,8127","-54,6875"
2026 02 02 09:39:39:643,-3.9985,-6.70125,"0,283",13,2,"12,9547","0,6436","49,3927","3,8127","-42,9687"
2026 02 02 09:39:39:645,-3.9675,-6.78875,"0,283",13,2,"12,9547","0,6436","49,3927","3,8127","-46,875"
2026 02 02 09:39:39:647,-3.9675,-6.78875,"0,283",13,2,"12,9547","0,6436","49,3927","3,8127","-66,4062"
2026 02 02 09:39:39:649,-3.9675,-6.78875,"0,283",13,2,"12,9547","0,6436","49,3927","3,8127","-82,0312"
2026 02 02 09:39:39:651,-3.9985,-6.78875,"0,283",13,2,"12,9547","0,6436","49,3927","3,8127","-62,5"
2026 02 02 09:39:39:653,-3.9985,-6.78875,"0,283",13,2,"12,9547","0,6436","49,3927","3,8127","-54,6875"
2026 02 02 09:39:39:655,-3.9985,-6.78875,"0,283",13,2,"12,9547","0,6436","49,3927","3,8127","-58,5937"
2026 02 02 09:39:39:657,-3.9675,-6.78875,"0,283",13,2,"12,9547","0,6436","49,3927","3,8127","-62,5"
2026 02 02 09:39:39:659,-3.9675,-6.70125,"0,283",13,2,"12,9547","0,6436","49,3927","3,8127","-58,5937"
2026 02 02 09:39:39:661,-3.9675,-6.70125,"0,283",13,2,"12,9547","0,6436","49,3927","3,8127","-54,6875"
2026 02 02 09:39:39:663,-3.9334,-6.78875,"0,283",13,2,"12,9547","0,6436","49,3927","3,8127","-39,0625"
2026 02 02 09:39:39:665,-3.9675,-6.70125,"0,283",13,2,"12,9547","0,6436","49,3927","3,8127","-46,875"
2026 02 02 09:39:39:667,-3.9334,-6.78875,"0,283",13,2,"12,9547","0,6436","49,3927","3,8127","-70,3125"
2026 02 02 09:39:39:669,-3.9675,-6.78875,"0,283",13,2,"12,9547","0,6436","49,3927","3,8127","-85,9375"
2026 02 02 09:39:39:671,-3.9675,-6.78875,"0,283",13,2,"12,9547","0,6436","49,3927","3,8127","-82,0312"
2026 02 02 09:39:39:673,-3.9675,-6.87625,"0,283",13,2,"12,9547","0,6436","49,3927","3,8127","-58,5937"
2026 02 02 09:39:39:675,-3.9675,-6.78875,"0,283",13,2,"12,9547","0,6436","49,3927","3,8127","-62,5"
2026 02 02 09:39:39:677,-3.9675,-6.87625,"0,283",13,2,"12,9547","0,6436","49,3927","3,8127","-54,6875"
2026 02 02 09:39:39:679,-3.9675,-6.78875,"0,283",13,2,"12,9547","0,6436","49,3927","3,8127","-54,6875"
2026 02 02 09:39:39:681,-3.9675,-6.78875,"0,283",13,2,"12,9547","0,6436","49,3927","3,8127","-58,5937"
2026 02 02 09:39:39:683,-3.9675,-6.78875,"0,283",13,2,"12,9547","0,6436","49,3927","3,8127","-39,0625"
2026 02 02 09:39:39:685,-3.9985,-6.78875,"0,283",13,2,"12,9547","0,6436","49,3927","3,8127","-35,1562"
2026 02 02 09:39:39:687,-3.9985,-6.78875,"0,283",13,2,"12,9547","0,6436","49,3927","3,8127","-70,3125"
2026 02 02 09:39:39:689,-3.9334,-6.78875,"0,283",13,2,"12,9547","0,6436","49,3927","3,8127","-78,125"
2026 02 02 09:39:39:691,-3.9675,-6.78875,"0,283",13,2,"12,9547","0,6436","49,3927","3,8127","-78,125"
2026 02 02 09:39:39:693,-3.9675,-6.78875,"0,283",13,2,"12,9547","0,6436","49,3927","3,8127","-62,5"
2026 02 02 09:39:39:695,-3.9675,-6.87625,"0,283",13,2,"12,9547","0,6436","49,3927","3,8127","-58,5937"
2026 02 02 09:39:39:697,-3.9675,-6.70125,"0,283",13,2,"12,9547","0,6436","49,3927","3,8127","-54,6875"
2026 02 02 09:39:39:699,-3.9675,-6.70125,"0,283",13,2,"12,9547","0,6436","49,3927","3,8127","-54,6875"
2026 02 02 09:39:39:701,-3.9985,-6.78875,"0,283",13,2,"12,9547","0,6436","49,3927","3,8127","-54,6875"
2026 02 02 09:39:39:703,-3.9334,-6.78875,"0,283",13,2,"12,9547","0,6436","49,3927","3,8127","-35,1562"
2026 02 02 09:39:39:705,-3.9675,-6.78875,"0,283",13,2,"12,9547","0,6436","49,3927","3,8127","-46,875"
2026 02 02 09:39:39:707,-3.9675,-6.70125,"0,283",13,2,"12,9547","0,6436","49,3927","3,8127","-70,3125"
2026 02 02 09:39:39:709,-3.9675,-6.78875,"0,283",13,2,"12,9547","0,6436","49,3927","3,8127","-78,125"
2026 02 02 09:39:39:711,-3.9675,-6.70125,"0,283",13,2,"12,9547","0,6436","49,3927","3,8127","-82,0312"
2026 02 02 09:39:39:713,-3.9985,-6.78875,"0,283",13,2,"12,9547","0,6436","49,3927","3,8127","-58,5937"
2026 02 02 09:39:39:715,-3.9675,-6.70125,"0,283",13,2,"12,9547","0,6436","49,3927","3,8127","-54,6875"
2026 02 02 09:39:39:717,-3.9675,-6.70125,"0,283",13,2,"12,9547","0,6436","49,3927","3,8127","-58,5937"
2026 02 02 09:39:39:719,-3.9985,-6.78875,"0,283",13,2,"12,9547","0,6436","49,3927","3,8127","-62,5"
2026 02 02 09:39:39:721,-3.9675,-6.78875,"0,283",13,2,"12,9547","0,6436","49,3927","3,8127","-54,6875"
2026 02 02 09:39:39:723,-3.9675,-6.70125,"0,283",13,2,"12,9547","0,6436","49,3927","3,8127","-35,1562"
2026 02 02 09:39:39:725,-3.9675,-6.78875,"0,283",13,2,"12,9547","0,6436","49,3927","3,8127","-46,875"
2026 02 02 09:39:39:727,-3.9675,-6.78875,"0,283",13,2,"12,9547","0,6436","49,3927","3,8127","-70,3125"
2026 02 02 09:39:39:729,-3.9675,-6.70125,"0,283",13,2,"12,9547","0,6436","49,3927","3,8127","-78,125"
2026 02 02 09:39:39:731,-3.9675,-6.78875,"0,283",13,2,"12,9547","0,6436","49,3927","3,8127","-78,125"
2026 02 02 09:39:39:733,-3.9675,-6.78875,"0,283",13,2,"12,9547","0,6436","49,3927","3,8127","-58,5937"
2026 02 02 09:39:39:735,-3.9675,-6.87625,"0,283",13,2,"12,9547","0,6436","49,3927","3,8127","-58,5937"
2026 02 02 09:39:39:737,-3.9675,-6.78875,"0,283",13,2,"12,9547","0,6436","49,3927","3,8127","-54,6875"
2026 02 02 09:39:39:739,-3.9675,-6.78875,"0,283",13,2,"12,9547","0,6436","49,3927","3,8127","-62,5"
2026 02 02 09:39:39:741,-3.9675,-6.78875,"0,283",13,2,"12,9547","0,6436","49,3927","3,8127","-54,6875"
2026 02 02 09:39:39:743,-3.9675,-6.70125,"0,283",13,2,"12,9547","0,6436","49,3927","3,8127","-39,0625"
2026 02 02 09:39:39:745,-3.9985,-6.70125,"0,283",13,2,"12,9547","0,6436","49,3927","3,8127","-50,7812"
2026 02 02 09:39:39:747,-3.9675,-6.78875,"0,283",13,2,"12,9547","0,6436","49,3927","3,8127","-66,4062"
2026 02 02 09:39:39:749,-3.9985,-6.78875,"0,283",13,2,"12,9547","0,6436","49,3927","3,8127","-78,125"
2026 02 02 09:39:39:751,-3.9675,-6.70125,"0,283",13,2,"12,9547","0,6436","49,3927","3,8127","-74,2187"
2026 02 02 09:39:39:753,-3.9675,-6.78875,"0,283",13,2,"12,9547","0,6436","49,3927","3,8127","-54,6875"
2026 02 02 09:39:39:755,-3.9675,-6.70125,"0,283",13,2,"12,9547","0,6436","49,3927","3,8127","-54,6875"
2026 02 02 09:39:39:757,-3.9675,-6.70125,"0,283",13,2,"12,9547","0,6436","49,3927","3,8127","-58,5937"
2026 02 02 09:39:39:759,-3.9675,-6.78875,"0,283",13,2,"12,9547","0,6436","49,3927","3,8127","-58,5937"
2026 02 02 09:39:39:761,-3.9675,-6.70125,"0,283",13,2,"12,9547","0,6436","49,3927","3,8127","-50,7812"
2026 02 02 09:39:39:763,-3.9675,-6.70125,"0,283",13,2,"12,9547","0,6436","49,3927","3,8127","-39,0625"
2026 02 02 09:39:39:765,-3.9675,-6.78875,"0,283",13,2,"12,9547","0,6436","49,3927","3,8127","-46,875"
2026 02 02 09:39:39:767,-3.9985,-6.78875,"0,283",13,2,"12,9547","0,6436","49,3927","3,8127","-66,4062"
2026 02 02 09:39:39:769,-3.9985,-6.61375,"0,283",13,2,"12,9547","0,6436","49,3927","3,8127","-78,125"
2026 02 02 09:39:39:771,-3.9675,-6.78875,"0,283",13,2,"12,9547","0,6436","49,3927","3,8127","-82,0312"
2026 02 02 09:39:39:773,-3.9675,-6.78875,"0,283",13,2,"12,9547","0,6436","49,3927","3,8127","-58,5937"
2026 02 02 09:39:39:775,-3.9675,-6.78875,"0,283",13,2,"12,9547","0,6436","49,3927","3,8127","-54,6875"
2026 02 02 09:39:39:777,-3.9675,-6.78875,"0,283",13,2,"12,9547","0,6436","49,3927","3,8127","-62,5"
2026 02 02 09:39:39:779,-3.9675,-6.78875,"0,283",13,2,"12,9547","0,6436","49,3927","3,8127","-54,6875"
2026 02 02 09:39:39:781,-3.9675,-6.78875,"0,283",13,2,"12,9547","0,6436","49,3927","3,8127","-46,875"
2026 02 02 09:39:39:783,-3.9675,-6.78875,"0,283",13,2,"12,9547","0,6436","49,3927","3,8127","-39,0625"
2026 02 02 09:39:39:785,-3.9334,-6.70125,"0,283",13,2,"12,9547","0,6436","49,3927","3,8127","-46,875"
2026 02 02 09:39:39:787,-3.9334,-6.70125,"0,283",13,2,"12,9547","0,6436","49,3927","3,8127","-66,4062"
2026 02 02 09:39:39:789,-3.9675,-6.70125,"0,283",13,2,"12,9547","0,6436","49,3927","3,8127","-85,9375"
2026 02 02 09:39:39:791,-3.9985,-6.70125,"0,283",13,2,"12,9547","0,6436","49,3927","3,8127","-70,3125"
2026 02 02 09:39:39:793,-3.9985,-6.78875,"0,283",13,2,"12,9547","0,6436","49,3927","3,8127","-50,7812"
2026 02 02 09:39:39:795,-3.9675,-6.78875,"0,283",13,2,"12,9547","0,6436","49,3927","3,8127","-58,5937"
2026 02 02 09:39:39:797,-3.9985,-6.87625,"0,283",13,2,"12,9547","0,6436","49,3927","3,8127","-54,6875"
2026 02 02 09:39:39:799,-3.9985,-6.78875,"0,283",13,2,"12,9547","0,6436","49,3927","3,8127","-54,6875"
2026 02 02 09:39:39:801,-3.9675,-6.61375,"0,283",13,2,"12,9547","0,6436","49,3927","3,8127","-54,6875"
2026 02 02 09:39:39:803,-3.9334,-6.78875,"0,283",13,2,"12,9547","0,6436","49,3927","3,8127","-39,0625"
2026 02 02 09:39:39:805,-3.9675,-6.78875,"0,283",13,2,"12,9547","0,6436","49,3927","3,8127","-46,875"
2026 02 02 09:39:39:807,-3.9334,-6.70125,"0,283",13,2,"12,9547","0,6436","49,3927","3,8127","-70,3125"
2026 02 02 09:39:39:809,-3.9675,-6.78875,"0,283",13,2,"12,9547","0,6436","49,3927","3,8127","-78,125"
2026 02 02 09:39:39:811,-3.9675,-6.70125,"0,283",13,2,"12,9547","0,6436","49,3927","3,8127","-82,0312"
2026 02 02 09:39:39:813,-3.9675,-6.78875,"0,283",13,2,"12,9547","0,6436","49,3927","3,8127","-54,6875"
2026 02 02 09:39:39:815,-3.9985,-6.78875,"0,283",13,2,"12,9547","0,6436","49,3927","3,8127","-62,5"
2026 02 02 09:39:39:817,-3.9675,-6.70125,"0,283",13,2,"12,9547","0,6436","49,3927","3,8127","-54,6875"
2026 02 02 09:39:39:819,-3.9675,-6.70125,"0,283",13,2,"12,9547","0,6436","49,3927","3,8127","-58,5937"
2026 02 02 09:39:39:821,-3.9675,-6.78875,"0,283",13,2,"12,9547","0,6436","49,3927","3,8127","-50,7812"
2026 02 02 09:39:39:823,-3.9675,-6.78875,"0,283",13,2,"12,9547","0,6436","49,3927","3,8127","-31,25"
2026 02 02 09:39:39:825,-3.9675,-6.70125,"0,283",13,2,"12,9547","0,6436","49,3927","3,8127","-46,875"
2026 02 02 09:39:39:827,-3.9985,-6.78875,"0,283",13,2,"12,9547","0,6436","49,3927","3,8127","-66,4062"
2026 02 02 09:39:39:829,-3.9985,-6.87625,"0,283",13,2,"12,9547","0,6436","49,3927","3,8127","-74,2187"
2026 02 02 09:39:39:831,-3.9675,-6.78875,"0,283",13,2,"12,9547","0,6436","49,3927","3,8127","-74,2187"
2026 02 02 09:39:39:833,-3.9675,-6.78875,"0,283",13,2,"12,9547","0,6436","49,3927","3,8127","-58,5937"
2026 02 02 09:39:39:835,-3.9334,-6.78875,"0,283",13,2,"12,9547","0,6436","49,3927","3,8127","-58,5937"
2026 02 02 09:39:39:837,-3.9675,-6.87625,"0,283",13,2,"12,9547","0,6436","49,3927","3,8127","-54,6875"
2026 02 02 09:39:39:839,-3.9675,-6.70125,"0,283",13,2,"12,9547","0,6436","49,3927","3,8127","-58,5937"
2026 02 02 09:39:39:841,-3.9334,-6.70125,"0,283",13,2,"12,9547","0,6436","49,3927","3,8127","-54,6875"
2026 02 02 09:39:39:843,-3.9985,-6.78875,"0,283",13,2,"12,9547","0,6436","49,3927","3,8127","-39,0625"
2026 02 02 09:39:39:845,-3.9334,-6.70125,"0,283",13,2,"12,9547","0,6436","49,3927","3,8127","-46,875"
2026 02 02 09:39:39:847,-3.9675,-6.78875,"0,283",13,2,"12,9547","0,6436","49,3927","3,8127","-70,3125"
2026 02 02 09:39:39:849,-3.9675,-6.78875,"0,283",13,2,"12,9547","0,6436","49,3927","3,8127","-74,2187"
2026 02 02 09:39:39:851,-3.9675,-6.78875,"0,283",13,2,"12,9547","0,6436","49,3927","3,8127","-85,9375"
2026 02 02 09:39:39:853,-3.9675,-6.78875,"0,283",13,2,"12,9547","0,6436","49,3927","3,8127","-58,5937"
2026 02 02 09:39:39:855,-3.9334,-6.70125,"0,283",13,2,"12,9547","0,6436","49,3927","3,8127","-54,6875"
2026 02 02 09:39:39:857,-3.9675,-6.70125,"0,283",13,2,"12,9547","0,6436","49,3927","3,8127","-58,5937"
2026 02 02 09:39:39:859,-3.9675,-6.78875,"0,283",13,2,"12,9547","0,6436","49,3927","3,8127","-58,5937"
2026 02 02 09:39:39:861,-3.9334,-6.70125,"0,283",13,2,"12,9547","0,6436","49,3927","3,8127","-46,875"
2026 02 02 09:39:39:863,-3.9675,-6.78875,"0,283",13,2,"12,9547","0,6436","49,3927","3,8127","-39,0625"
2026 02 02 09:39:39:865,-3.9675,-6.78875,"0,283",13,2,"12,9547","0,6436","49,3927","3,8127","-46,875"
2026 02 02 09:39:39:867,-3.9675,-6.78875,"0,283",13,2,"12,9547","0,6436","49,3927","3,8127","-62,5"
2026 02 02 09:39:39:869,-3.9675,-6.78875,"0,283",13,2,"12,9547","0,6436","49,3927","3,8127","-78,125"
2026 02 02 09:39:39:871,-3.9675,-6.78875,"0,283",13,2,"12,9547","0,6436","49,3927","3,8127","-78,125"
2026 02 02 09:39:39:873,-3.9675,-6.87625,"0,283",13,2,"12,9547","0,6436","49,3927","3,8127","-58,5937"
2026 02 02 09:39:39:875,-3.9675,-6.78875,"0,283",13,2,"12,9547","0,6436","49,3927","3,8127","-54,6875"
2026 02 02 09:39:39:877,-3.9675,-6.78875,"0,283",13,2,"12,9547","0,6436","49,3927","3,8127","-58,5937"
2026 02 02 09:39:39:879,-3.9675,-6.70125,"0,283",13,2,"12,9547","0,6436","49,3927","3,8127","-54,6875"
2026 02 02 09:39:39:881,-3.9675,-6.78875,"0,283",13,2,"12,9547","0,6436","49,3927","3,8127","-46,875"
2026 02 02 09:39:39:883,-3.9985,-6.78875,"0,283",13,2,"12,9547","0,6436","49,3927","3,8127","-39,0625"
2026 02 02 09:39:39:885,-3.9675,-6.78875,"0,283",13,2,"12,9547","0,6436","49,3927","3,8127","-46,875"
2026 02 02 09:39:39:887,-3.9985,-6.78875,"0,283",13,2,"12,9547","0,6436","49,3927","3,8127","-58,5937"
2026 02 02 09:39:39:889,-3.9675,-6.70125,"0,283",13,2,"12,9547","0,6436","49,3927","3,8127","-78,125"
2026 02 02 09:39:39:891,-3.9675,-6.70125,"0,283",13,2,"12,9547","0,6436","49,3927","3,8127","-78,125"
2026 02 02 09:39:39:893,-3.9985,-6.78875,"0,283",13,2,"12,9547","0,6436","49,3927","3,8127","-54,6875"
2026 02 02 09:39:39:895,-3.9675,-6.78875,"0,283",13,2,"12,9547","0,6436","49,3927","3,8127","-58,5937"
2026 02 02 09:39:39:897,-3.9675,-6.70125,"0,283",13,2,"12,9547","0,6436","49,3927","3,8127","-58,5937"
2026 02 02 09:39:39:899,-3.9985,-6.78875,"0,283",13,2,"12,9547","0,6436","49,3927","3,8127","-54,6875"
2026 02 02 09:39:39:901,-3.9334,-6.70125,"0,283",13,2,"12,9547","0,6436","49,3927","3,8127","-42,9687"
2026 02 02 09:39:39:903,-3.9675,-6.78875,"0,283",13,2,"12,9547","0,6436","49,3927","3,8127","-39,0625"
2026 02 02 09:39:39:905,-3.9675,-6.78875,"0,283",13,2,"12,9547","0,6436","49,3927","3,8127","-46,875"
2026 02 02 09:39:39:907,-3.9675,-6.78875,"0,283",13,2,"12,9547","0,6436","49,3927","3,8127","-62,5"
2026 02 02 09:39:39:909,-3.9334,-6.70125,"0,283",13,2,"12,9547","0,6436","49,3927","3,8127","-74,2187"
2026 02 02 09:39:39:911,-3.9675,-6.78875,"0,282",13,2,"12,9547","0,6099","48,5077","3,7444","-74,2187"
2026 02 02 09:39:39:913,-3.9675,-6.70125,"0,282",13,2,"12,9547","0,6099","48,5077","3,7444","-54,6875"
2026 02 02 09:39:39:915,-3.9675,-6.78875,"0,282",13,2,"12,9547","0,6099","48,5077","3,7444","-54,6875"
2026 02 02 09:39:39:917,-3.9675,-6.70125,"0,282",13,2,"12,9547","0,6099","48,5077","3,7444","-58,5937"
2026 02 02 09:39:39:919,-3.9675,-6.78875,"0,282",13,2,"12,9547","0,6099","48,5077","3,7444","-54,6875"
2026 02 02 09:39:39:921,-3.9675,-6.70125,"0,282",13,2,"12,9547","0,6099","48,5077","3,7444","-50,7812"
2026 02 02 09:39:39:923,-3.9675,-6.78875,"0,282",13,2,"12,9547","0,6099","48,5077","3,7444","-35,1562"
2026 02 02 09:39:39:925,-3.9985,-6.78875,"0,282",13,2,"12,9547","0,6099","48,5077","3,7444","-46,875"
2026 02 02 09:39:39:927,-3.9334,-6.70125,"0,282",13,2,"12,9547","0,6099","48,5077","3,7444","-62,5"
2026 02 02 09:39:39:929,-3.9675,-6.78875,"0,282",13,2,"12,9547","0,6099","48,5077","3,7444","-74,2187"
2026 02 02 09:39:39:931,-3.9334,-6.70125,"0,282",13,2,"12,9547","0,6099","48,5077","3,7444","-85,9375"
2026 02 02 09:39:39:933,-3.9675,-6.78875,"0,282",13,2,"12,9547","0,6099","48,5077","3,7444","-54,6875"
2026 02 02 09:39:39:935,-3.9675,-6.70125,"0,282",13,2,"12,9547","0,6099","48,5077","3,7444","-54,6875"
2026 02 02 09:39:39:937,-3.9675,-6.70125,"0,282",13,2,"12,9547","0,6099","48,5077","3,7444","-54,6875"
2026 02 02 09:39:39:939,-3.9675,-6.78875,"0,282",13,2,"12,9547","0,6099","48,5077","3,7444","-50,7812"
2026 02 02 09:39:39:941,-3.9675,-6.78875,"0,282",13,2,"12,9547","0,6099","48,5077","3,7444","-42,9687"
2026 02 02 09:39:39:943,-3.9985,-6.70125,"0,282",13,2,"12,9547","0,6099","48,5077","3,7444","-31,25"
2026 02 02 09:39:39:945,-3.9675,-6.78875,"0,282",13,2,"12,9547","0,6099","48,5077","3,7444","-46,875"
2026 02 02 09:39:39:947,-3.9675,-6.70125,"0,282",13,2,"12,9547","0,6099","48,5077","3,7444","-62,5"
2026 02 02 09:39:39:949,-3.9985,-6.70125,"0,282",13,2,"12,9547","0,6099","48,5077","3,7444","-74,2187"
2026 02 02 09:39:39:951,-3.9675,-6.61375,"0,282",13,2,"12,9547","0,6099","48,5077","3,7444","-70,3125"
2026 02 02 09:39:39:953,-3.9675,-6.70125,"0,282",13,2,"12,9547","0,6099","48,5077","3,7444","-54,6875"
2026 02 02 09:39:39:955,-3.9675,-6.70125,"0,282",13,2,"12,9547","0,6099","48,5077","3,7444","-54,6875"
2026 02 02 09:39:39:957,-3.9675,-6.70125,"0,282",13,2,"12,9547","0,6099","48,5077","3,7444","-54,6875"
2026 02 02 09:39:39:959,-3.9675,-6.70125,"0,282",13,2,"12,9547","0,6099","48,5077","3,7444","-54,6875"
2026 02 02 09:39:39:961,-3.9675,-6.78875,"0,282",13,2,"12,9547","0,6099","48,5077","3,7444","-46,875"
2026 02 02 09:39:39:963,-3.9675,-6.78875,"0,282",13,2,"12,9547","0,6099","48,5077","3,7444","-39,0625"
2026 02 02 09:39:39:965,-3.9675,-6.70125,"0,282",13,2,"12,9547","0,6099","48,5077","3,7444","-46,875"
2026 02 02 09:39:39:967,-3.9675,-6.78875,"0,282",13,2,"12,9547","0,6099","48,5077","3,7444","-70,3125"
2026 02 02 09:39:39:969,-3.9675,-6.70125,"0,282",13,2,"12,9547","0,6099","48,5077","3,7444","-70,3125"
2026 02 02 09:39:39:971,-3.9985,-6.87625,"0,282",13,2,"12,9547","0,6099","48,5077","3,7444","-82,0312"
2026 02 02 09:39:39:973,-3.9334,-6.87625,"0,282",13,2,"12,9547","0,6099","48,5077","3,7444","-58,5937"
2026 02 02 09:39:39:975,-3.9985,-6.78875,"0,282",13,2,"12,9547","0,6099","48,5077","3,7444","-54,6875"
2026 02 02 09:39:39:977,-3.9675,-6.78875,"0,282",13,2,"12,9547","0,6099","48,5077","3,7444","-50,7812"
2026 02 02 09:39:39:979,-3.9675,-6.78875,"0,282",13,2,"12,9547","0,6099","48,5077","3,7444","-58,5937"
2026 02 02 09:39:39:981,-3.9985,-6.78875,"0,282",13,2,"12,9547","0,6099","48,5077","3,7444","-42,9687"
2026 02 02 09:39:39:983,-3.9334,-6.78875,"0,282",13,2,"12,9547","0,6099","48,5077","3,7444","-31,25"
2026 02 02 09:39:39:985,-3.9675,-6.78875,"0,282",13,2,"12,9547","0,6099","48,5077","3,7444","-46,875"
2026 02 02 09:39:39:987,-3.9675,-6.78875,"0,282",13,2,"12,9547","0,6099","48,5077","3,7444","-66,4062"
2026 02 02 09:39:39:989,-3.9675,-6.70125,"0,282",13,2,"12,9547","0,6099","48,5077","3,7444","-70,3125"
2026 02 02 09:39:39:991,-3.9675,-6.70125,"0,282",13,2,"12,9547","0,6099","48,5077","3,7444","-85,9375"
2026 02 02 09:39:39:993,-3.9675,-6.87625,"0,282",13,2,"12,9547","0,6099","48,5077","3,7444","-50,7812"
2026 02 02 09:39:39:995,-3.9675,-6.70125,"0,282",13,2,"12,9547","0,6099","48,5077","3,7444","-58,5937"
2026 02 02 09:39:39:997,-3.9675,-6.70125,"0,282",13,2,"12,9547","0,6099","48,5077","3,7444","-50,7812"
2026 02 02 09:39:39:999,-3.9985,-6.70125,"0,282",13,2,"12,9547","0,6099","48,5077","3,7444","-58,5937"
2026 02 02 09:39:40:001,-3.9675,-6.78875,"0,282",13,2,"12,9547","0,6099","48,5077","3,7444","-46,875"
2026 02 02 09:39:40:003,-3.9675,-6.78875,"0,282",13,2,"12,9547","0,6099","48,5077","3,7444","-35,1562"
2026 02 02 09:39:40:005,-3.9675,-6.70125,"0,282",13,2,"12,9547","0,6099","48,5077","3,7444","-54,6875"
2026 02 02 09:39:40:007,-3.9675,-6.78875,"0,282",13,2,"12,9547","0,6099","48,5077","3,7444","-62,5"
2026 02 02 09:39:40:009,-3.9675,-6.78875,"0,282",13,2,"12,9547","0,6099","48,5077","3,7444","-74,2187"
2026 02 02 09:39:40:011,-3.9334,-6.78875,"0,282",13,2,"12,9547","0,6099","48,5077","3,7444","-82,0312"
2026 02 02 09:39:40:013,-3.9675,-6.70125,"0,282",13,2,"12,9547","0,6099","48,5077","3,7444","-54,6875"
2026 02 02 09:39:40:015,-3.9675,-6.70125,"0,282",13,2,"12,9547","0,6099","48,5077","3,7444","-54,6875"
2026 02 02 09:39:40:017,-3.9675,-6.78875,"0,282",13,2,"12,9547","0,6099","48,5077","3,7444","-54,6875"
2026 02 02 09:39:40:019,-3.9675,-6.70125,"0,282",13,2,"12,9547","0,6099","48,5077","3,7444","-58,5937"
2026 02 02 09:39:40:021,-3.9675,-6.70125,"0,282",13,2,"12,9547","0,6099","48,5077","3,7444","-42,9687"
2026 02 02 09:39:40:023,-3.9675,-6.78875,"0,282",13,2,"12,9547","0,6099","48,5077","3,7444","-31,25"
2026 02 02 09:39:40:025,-3.9675,-6.78875,"0,282",13,2,"12,9547","0,6099","48,5077","3,7444","-46,875"
2026 02 02 09:39:40:027,-3.9675,-6.78875,"0,282",13,2,"12,9547","0,6099","48,5077","3,7444","-66,4062"
2026 02 02 09:39:40:029,-3.9985,-6.70125,"0,282",13,2,"12,9547","0,6099","48,5077","3,7444","-74,2187"
2026 02 02 09:39:40:031,-3.9675,-6.78875,"0,282",13,2,"12,9547","0,6099","48,5077","3,7444","-85,9375"
2026 02 02 09:39:40:033,-3.9985,-6.78875,"0,282",13,2,"12,9547","0,6099","48,5077","3,7444","-54,6875"
2026 02 02 09:39:40:035,-3.9675,-6.78875,"0,282",13,2,"12,9547","0,6099","48,5077","3,7444","-54,6875"
2026 02 02 09:39:40:037,-3.9675,-6.70125,"0,282",13,2,"12,9547","0,6099","48,5077","3,7444","-54,6875"
2026 02 02 09:39:40:039,-3.9985,-6.78875,"0,282",13,2,"12,9547","0,6099","48,5077","3,7444","-50,7812"
2026 02 02 09:39:40:041,-3.9985,-6.70125,"0,282",13,2,"12,9547","0,6099","48,5077","3,7444","-39,0625"
2026 02 02 09:39:40:043,-3.9675,-6.78875,"0,282",13,2,"12,9547","0,6099","48,5077","3,7444","-35,1562"
2026 02 02 09:39:40:045,-3.9675,-6.78875,"0,282",13,2,"12,9547","0,6099","48,5077","3,7444","-46,875"
2026 02 02 09:39:40:047,-3.9985,-6.70125,"0,282",13,2,"12,9547","0,6099","48,5077","3,7444","-66,4062"
2026 02 02 09:39:40:049,-3.9985,-6.70125,"0,282",13,2,"12,9547","0,6099","48,5077","3,7444","-74,2187"
2026 02 02 09:39:40:051,-3.9675,-6.78875,"0,282",13,2,"12,9547","0,6099","48,5077","3,7444","-85,9375"
2026 02 02 09:39:40:053,-3.9334,-6.70125,"0,282",13,2,"12,9547","0,6099","48,5077","3,7444","-50,7812"
2026 02 02 09:39:40:055,-3.9675,-6.78875,"0,282",13,2,"12,9547","0,6099","48,5077","3,7444","-54,6875"
2026 02 02 09:39:40:057,-3.9675,-6.78875,"0,282",13,2,"12,9547","0,6099","48,5077","3,7444","-54,6875"
2026 02 02 09:39:40:059,-3.9675,-6.78875,"0,282",13,2,"12,9547","0,6099","48,5077","3,7444","-54,6875"
2026 02 02 09:39:40:061,-3.9675,-6.78875,"0,282",13,2,"12,9547","0,6099","48,5077","3,7444","-42,9687"
2026 02 02 09:39:40:063,-3.9985,-6.78875,"0,282",13,2,"12,9547","0,6099","48,5077","3,7444","-35,1562"
2026 02 02 09:39:40:065,-3.9985,-6.70125,"0,282",13,2,"12,9547","0,6099","48,5077","3,7444","-46,875"
2026 02 02 09:39:40:067,-3.9675,-6.70125,"0,282",13,2,"12,9547","0,6099","48,5077","3,7444","-62,5"
2026 02 02 09:39:40:069,-3.9334,-6.70125,"0,282",13,2,"12,9547","0,6099","48,5077","3,7444","-78,125"
2026 02 02 09:39:40:071,-3.9675,-6.78875,"0,282",13,2,"12,9547","0,6099","48,5077","3,7444","-82,0312"
2026 02 02 09:39:40:073,-3.9334,-6.78875,"0,282",13,2,"12,9547","0,6099","48,5077","3,7444","-54,6875"
2026 02 02 09:39:40:075,-3.9675,-6.70125,"0,282",13,2,"12,9547","0,6099","48,5077","3,7444","-58,5937"
2026 02 02 09:39:40:077,-3.9985,-6.78875,"0,282",13,2,"12,9547","0,6099","48,5077","3,7444","-54,6875"
2026 02 02 09:39:40:079,-3.9675,-6.70125,"0,282",13,2,"12,9547","0,6099","48,5077","3,7444","-54,6875"
2026 02 02 09:39:40:081,-3.9675,-6.70125,"0,282",13,2,"12,9547","0,6099","48,5077","3,7444","-39,0625"
2026 02 02 09:39:40:083,-3.9675,-6.70125,"0,282",13,2,"12,9547","0,6099","48,5077","3,7444","-35,1562"
2026 02 02 09:39:40:085,-3.9675,-6.70125,"0,282",13,2,"12,9547","0,6099","48,5077","3,7444","-46,875"
2026 02 02 09:39:40:087,-3.9675,-6.70125,"0,282",13,2,"12,9547","0,6099","48,5077","3,7444","-66,4062"
2026 02 02 09:39:40:089,-3.9675,-6.70125,"0,282",13,2,"12,9547","0,6099","48,5077","3,7444","-70,3125"
2026 02 02 09:39:40:091,-3.9985,-6.78875,"0,282",13,2,"12,9547","0,6099","48,5077","3,7444","-93,75"
2026 02 02 09:39:40:093,-3.9675,-6.78875,"0,282",13,2,"12,9547","0,6099","48,5077","3,7444","-54,6875"
2026 02 02 09:39:40:095,-3.9675,-6.78875,"0,282",13,2,"12,9547","0,6099","48,5077","3,7444","-54,6875"
2026 02 02 09:39:40:097,-3.9675,-6.70125,"0,282",13,2,"12,9547","0,6099","48,5077","3,7444","-50,7812"
2026 02 02 09:39:40:099,-3.9675,-6.70125,"0,282",13,2,"12,9547","0,6099","48,5077","3,7444","-54,6875"
2026 02 02 09:39:40:101,-3.9675,-6.70125,"0,282",13,2,"12,9547","0,6099","48,5077","3,7444","-39,0625"
