Timestamp,Distance of optic sensor 0 [mm],Distance of optic sensor 1 [mm],RMS velocity spectrum ISO 10816 X [mm/s],RMS acceleration X [mg],RMS acceleration envelope X [mg],RMS raw data with frequency brands X [mg],Kurtosis method X [[1]],Peak to peak X [mg],Crest factor X [[1]],Analog raw input X [mg]
2026 02 02 10:57:07:994,-3.9675,-6.70125,"0,265",12,2,"9,5673","6,9679","48,9655","5,118","3,9063"
2026 02 02 10:57:07:996,-3.9985,-6.70125,"0,265",12,2,"9,5673","6,9679","48,9655","5,118","3,9063"
2026 02 02 10:57:07:998,-3.9675,-6.78875,"0,265",12,2,"9,5673","6,9679","48,9655","5,118","7,8125"
2026 02 02 10:57:08:000,-3.9675,-6.78875,"0,265",12,2,"9,5673","6,9679","48,9655","5,118","23,4375"
2026 02 02 10:57:08:002,-3.9985,-6.78875,"0,265",12,2,"9,5673","6,9679","48,9655","5,118","15,625"
2026 02 02 10:57:08:004,-3.9985,-6.78875,"0,265",12,2,"9,5673","6,9679","48,9655","5,118","7,8125"
2026 02 02 10:57:08:006,-3.9675,-6.78875,"0,265",12,2,"9,5673","6,9679","48,9655","5,118","-7,8125"
2026 02 02 10:57:08:008,-3.9675,-6.87625,"0,265",12,2,"9,5673","6,9679","48,9655","5,118","-3,9062"
2026 02 02 10:57:08:010,-3.9675,-6.78875,"0,265",12,2,"9,5673","6,9679","48,9655","5,118","3,9063"
2026 02 02 10:57:08:012,-3.9985,-6.78875,"0,265",12,2,"9,5673","6,9679","48,9655","5,118","3,9063"
2026 02 02 10:57:08:014,-3.9675,-6.78875,"0,265",12,2,"9,5673","6,9679","48,9655","5,118","3,9063"
2026 02 02 10:57:08:016,-3.9675,-6.78875,"0,265",12,2,"9,5673","6,9679","48,9655","5,118","3,9063"
2026 02 02 10:57:08:018,-3.9675,-6.78875,"0,265",12,2,"9,5673","6,9679","48,9655","5,118","3,9063"
2026 02 02 10:57:08:020,-3.9675,-6.78875,"0,265",12,2,"9,5673","6,9679","48,9655","5,118","23,4375"
2026 02 02 10:57:08:022,-3.9334,-6.78875,"0,265",12,2,"9,5673","6,9679","48,9655","5,118","15,625"
2026 02 02 10:57:08:024,-3.9675,-6.70125,"0,265",12,2,"9,5673","6,9679","48,9655","5,118","7,8125"
2026 02 02 10:57:08:026,-3.9985,-6.87625,"0,265",12,2,"9,5673","6,9679","48,9655","5,118","-11,7187"
2026 02 02 10:57:08:028,-3.9675,-6.78875,"0,265",12,2,"9,5673","6,9679","48,9655","5,118","-3,9062"
2026 02 02 10:57:08:030,-3.9675,-6.78875,"0,265",12,2,"9,5673","6,9679","48,9655","5,118","3,9063"
2026 02 02 10:57:08:032,-3.9985,-6.78875,"0,265",12,2,"9,5673","6,9679","48,9655","5,118","3,9063"
2026 02 02 10:57:08:034,-3.9985,-6.78875,"0,265",12,2,"9,5673","6,9679","48,9655","5,118","3,9063"
2026 02 02 10:57:08:036,-3.9675,-6.70125,"0,265",12,2,"9,5673","6,9679","48,9655","5,118","3,9063"
2026 02 02 10:57:08:038,-3.9985,-6.78875,"0,265",12,2,"9,5673","6,9679","48,9655","5,118","7,8125"
2026 02 02 10:57:08:040,-3.9675,-6.78875,"0,265",12,2,"9,5673","6,9679","48,9655","5,118","27,3438"
2026 02 02 10:57:08:042,-3.9675,-6.78875,"0,265",12,2,"9,5673","6,9679","48,9655","5,118","19,5313"
2026 02 02 10:57:08:044,-3.9985,-6.78875,"0,265",12,2,"9,5673","6,9679","48,9655","5,118","7,8125"
2026 02 02 10:57:08:046,-3.9675,-6.78875,"0,265",12,2,"9,5673","6,9679","48,9655","5,118","-7,8125"
2026 02 02 10:57:08:048,-3.9675,-6.78875,"0,265",12,2,"9,5673","6,9679","48,9655","5,118","-3,9062"
2026 02 02 10:57:08:050,-3.9675,-6.78875,"0,265",12,2,"9,5673","6,9679","48,9655","5,118",0
2026 02 02 10:57:08:052,-3.9675,-6.78875,"0,265",12,2,"9,5673","6,9679","48,9655","5,118","3,9063"
2026 02 02 10:57:08:054,-3.9675,-6.78875,"0,265",12,2,"9,5673","6,9679","48,9655","5,118","3,9063"
2026 02 02 10:57:08:056,-3.9334,-6.70125,"0,265",12,2,"9,5673","6,9679","48,9655","5,118","3,9063"
2026 02 02 10:57:08:058,-3.9675,-6.78875,"0,265",12,2,"9,5673","6,9679","48,9655","5,118","7,8125"
2026 02 02 10:57:08:060,-3.9675,-6.70125,"0,265",12,2,"9,5673","6,9679","48,9655","5,118","27,3438"
2026 02 02 10:57:08:062,-3.9675,-6.78875,"0,265",12,2,"9,5673","6,9679","48,9655","5,118","23,4375"
2026 02 02 10:57:08:064,-3.9334,-6.70125,"0,265",12,2,"9,5673","6,9679","48,9655","5,118","7,8125"
2026 02 02 10:57:08:066,-3.9675,-6.70125,"0,265",12,2,"9,5673","6,9679","48,9655","5,118","-7,8125"
2026 02 02 10:57:08:068,-3.9675,-6.78875,"0,265",12,2,"9,5673","6,9679","48,9655","5,118","-3,9062"
2026 02 02 10:57:08:070,-3.9985,-6.70125,"0,265",12,2,"9,5673","6,9679","48,9655","5,118","3,9063"
2026 02 02 10:57:08:072,-3.9985,-6.78875,"0,265",12,2,"9,5673","6,9679","48,9655","5,118","3,9063"
2026 02 02 10:57:08:074,-3.9675,-6.61375,"0,265",12,2,"9,5673","6,9679","48,9655","5,118","3,9063"
2026 02 02 10:57:08:076,-3.9675,-6.70125,"0,265",12,2,"9,5673","6,9679","48,9655","5,118","3,9063"
2026 02 02 10:57:08:078,-3.9675,-6.78875,"0,265",12,2,"9,5673","6,9679","48,9655","5,118","3,9063"
2026 02 02 10:57:08:080,-3.9675,-6.70125,"0,265",12,2,"9,5673","6,9679","48,9655","5,118","27,3438"
2026 02 02 10:57:08:082,-3.9985,-6.78875,"0,265",12,2,"9,5673","6,9679","48,9655","5,118","23,4375"
2026 02 02 10:57:08:084,-3.9675,-6.78875,"0,265",12,2,"9,5673","6,9679","48,9655","5,118","7,8125"
2026 02 02 10:57:08:086,-3.9675,-6.70125,"0,265",12,2,"9,5673","6,9679","48,9655","5,118",0
2026 02 02 10:57:08:088,-3.9985,-6.78875,"0,265",12,2,"9,5673","6,9679","48,9655","5,118","-3,9062"
2026 02 02 10:57:08:090,-3.9675,-6.61375,"0,265",12,2,"9,5673","6,9679","48,9655","5,118","-3,9062"
2026 02 02 10:57:08:092,-3.9985,-6.78875,"0,265",12,2,"9,5673","6,9679","48,9655","5,118","3,9063"
2026 02 02 10:57:08:094,-3.9675,-6.70125,"0,265",12,2,"9,5673","6,9679","48,9655","5,118","3,9063"
2026 02 02 10:57:08:096,-3.9675,-6.78875,"0,265",12,2,"9,5673","6,9679","48,9655","5,118","3,9063"
2026 02 02 10:57:08:098,-3.9675,-6.78875,"0,265",12,2,"9,5673","6,9679","48,9655","5,118","7,8125"
2026 02 02 10:57:08:100,-3.9675,-6.78875,"0,265",12,2,"9,5673","6,9679","48,9655","5,118","23,4375"
2026 02 02 10:57:08:102,-3.9675,-6.70125,"0,265",12,2,"9,5673","6,9679","48,9655","5,118","19,5313"
2026 02 02 10:57:08:104,-3.9334,-6.78875,"0,265",12,2,"9,5673","6,9679","48,9655","5,118","7,8125"
2026 02 02 10:57:08:106,-3.9985,-6.70125,"0,265",12,2,"9,5673","6,9679","48,9655","5,118","-7,8125"
2026 02 02 10:57:08:108,-3.9675,-6.78875,"0,265",12,2,"9,5673","6,9679","48,9655","5,118","-3,9062"
2026 02 02 10:57:08:110,-3.9675,-6.78875,"0,265",12,2,"9,5673","6,9679","48,9655","5,118",0
2026 02 02 10:57:08:112,-3.9334,-6.78875,"0,265",12,2,"9,5673","6,9679","48,9655","5,118","3,9063"
2026 02 02 10:57:08:114,-3.9675,-6.78875,"0,265",12,2,"9,5673","6,9679","48,9655","5,118","3,9063"
2026 02 02 10:57:08:116,-3.9675,-6.78875,"0,265",12,2,"9,5673","6,9679","48,9655","5,118","3,9063"
2026 02 02 10:57:08:118,-3.9675,-6.70125,"0,265",12,2,"9,5673","6,9679","48,9655","5,118","3,9063"
2026 02 02 10:57:08:120,-3.9675,-6.70125,"0,265",12,2,"9,5673","6,9679","48,9655","5,118","23,4375"
2026 02 02 10:57:08:122,-3.9675,-6.70125,"0,265",12,2,"9,5673","6,9679","48,9655","5,118","15,625"
2026 02 02 10:57:08:124,-3.9675,-6.70125,"0,265",12,2,"9,5673","6,9679","48,9655","5,118","7,8125"
2026 02 02 10:57:08:126,-3.9675,-6.78875,"0,265",12,2,"9,5673","6,9679","48,9655","5,118","-11,7187"
2026 02 02 10:57:08:128,-3.9675,-6.78875,"0,265",12,2,"9,5673","6,9679","48,9655","5,118","-3,9062"
2026 02 02 10:57:08:130,-3.9985,-6.78875,"0,265",12,2,"9,5673","6,9679","48,9655","5,118",0
2026 02 02 10:57:08:132,-3.9675,-6.78875,"0,265",12,2,"9,5673","6,9679","48,9655","5,118","3,9063"
2026 02 02 10:57:08:134,-3.9675,-6.70125,"0,265",12,2,"9,5673","6,9679","48,9655","5,118","7,8125"
2026 02 02 10:57:08:136,-3.9675,-6.70125,"0,265",12,2,"9,5673","6,9679","48,9655","5,118","3,9063"
2026 02 02 10:57:08:138,-3.9675,-6.78875,"0,265",12,2,"9,5673","6,9679","48,9655","5,118","7,8125"
2026 02 02 10:57:08:140,-3.9675,-6.78875,"0,265",12,2,"9,5673","6,9679","48,9655","5,118","27,3438"
2026 02 02 10:57:08:142,-3.9675,-6.78875,"0,265",12,2,"9,5673","6,9679","48,9655","5,118","11,7188"
2026 02 02 10:57:08:144,-3.9675,-6.70125,"0,265",12,2,"9,5673","6,9679","48,9655","5,118","7,8125"
2026 02 02 10:57:08:146,-3.9334,-6.78875,"0,265",12,2,"9,5673","6,9679","48,9655","5,118","-7,8125"
2026 02 02 10:57:08:148,-3.9675,-6.78875,"0,265",12,2,"9,5673","6,9679","48,9655","5,118",0
2026 02 02 10:57:08:150,-3.9675,-6.78875,"0,265",12,2,"9,5673","6,9679","48,9655","5,118",0
2026 02 02 10:57:08:152,-3.9675,-6.78875,"0,265",12,2,"9,5673","6,9679","48,9655","5,118","3,9063"
2026 02 02 10:57:08:154,-3.9675,-6.78875,"0,265",12,2,"9,5673","6,9679","48,9655","5,118","7,8125"
2026 02 02 10:57:08:156,-3.9675,-6.70125,"0,265",12,2,"9,5673","6,9679","48,9655","5,118","7,8125"
2026 02 02 10:57:08:158,-3.9675,-6.78875,"0,265",12,2,"9,5673","6,9679","48,9655","5,118","3,9063"
2026 02 02 10:57:08:160,-3.9675,-6.78875,"0,265",12,2,"9,5673","6,9679","48,9655","5,118","27,3438"
2026 02 02 10:57:08:162,-3.9675,-6.70125,"0,265",12,2,"9,5673","7,2689","49,6368","5,1882","15,625"
2026 02 02 10:57:08:164,-3.9334,-6.78875,"0,265",12,2,"9,5673","7,2689","49,6368","5,1882","7,8125"
2026 02 02 10:57:08:166,-3.9675,-6.70125,"0,265",12,2,"9,5673","7,2689","49,6368","5,1882","-7,8125"
2026 02 02 10:57:08:168,-3.9675,-6.70125,"0,265",12,2,"9,5673","7,2689","49,6368","5,1882","-3,9062"
2026 02 02 10:57:08:170,-3.9334,-6.70125,"0,265",12,2,"9,5673","7,2689","49,6368","5,1882","3,9063"
2026 02 02 10:57:08:172,-3.9675,-6.70125,"0,265",12,2,"9,5673","7,2689","49,6368","5,1882","3,9063"
2026 02 02 10:57:08:174,-3.9985,-6.70125,"0,265",12,2,"9,5673","7,2689","49,6368","5,1882","3,9063"
2026 02 02 10:57:08:176,-3.9675,-6.78875,"0,265",12,2,"9,5673","7,2689","49,6368","5,1882","3,9063"
2026 02 02 10:57:08:178,-3.9675,-6.70125,"0,265",12,2,"9,5673","7,2689","49,6368","5,1882","3,9063"
2026 02 02 10:57:08:180,-3.9985,-6.78875,"0,265",12,2,"9,5673","7,2689","49,6368","5,1882","23,4375"
2026 02 02 10:57:08:182,-3.9675,-6.78875,"0,265",12,2,"9,5673","7,2689","49,6368","5,1882","19,5313"
2026 02 02 10:57:08:184,-3.9675,-6.70125,"0,265",12,2,"9,5673","7,2689","49,6368","5,1882","7,8125"
2026 02 02 10:57:08:186,-3.9675,-6.70125,"0,265",12,2,"9,5673","7,2689","49,6368","5,1882","-3,9062"
2026 02 02 10:57:08:188,-3.9985,-6.78875,"0,265",12,2,"9,5673","7,2689","49,6368","5,1882","-3,9062"
2026 02 02 10:57:08:190,-3.9675,-6.70125,"0,265",12,2,"9,5673","7,2689","49,6368","5,1882",0
2026 02 02 10:57:08:192,-3.9675,-6.78875,"0,265",12,2,"9,5673","7,2689","49,6368","5,1882","3,9063"
2026 02 02 10:57:08:194,-3.9675,-6.78875,"0,265",12,2,"9,5673","7,2689","49,6368","5,1882","7,8125"
2026 02 02 10:57:08:196,-3.9675,-6.78875,"0,265",12,2,"9,5673","7,2689","49,6368","5,1882","7,8125"
2026 02 02 10:57:08:198,-3.9675,-6.70125,"0,265",12,2,"9,5673","7,2689","49,6368","5,1882","7,8125"
2026 02 02 10:57:08:200,-3.9675,-6.78875,"0,265",12,2,"9,5673","7,2689","49,6368","5,1882","31,25"
2026 02 02 10:57:08:202,-3.9675,-6.78875,"0,265",12,2,"9,5673","7,2689","49,6368","5,1882","19,5313"
2026 02 02 10:57:08:204,-3.9675,-6.78875,"0,265",12,2,"9,5673","7,2689","49,6368","5,1882","7,8125"
2026 02 02 10:57:08:206,-3.9675,-6.78875,"0,265",12,2,"9,5673","7,2689","49,6368","5,1882","-7,8125"
2026 02 02 10:57:08:208,-4.0295,-6.78875,"0,265",12,2,"9,5673","7,2689","49,6368","5,1882","-3,9062"
2026 02 02 10:57:08:210,-3.9675,-6.78875,"0,265",12,2,"9,5673","7,2689","49,6368","5,1882",0
2026 02 02 10:57:08:212,-3.9985,-6.78875,"0,265",12,2,"9,5673","7,2689","49,6368","5,1882","3,9063"
2026 02 02 10:57:08:214,-3.9675,-6.78875,"0,265",12,2,"9,5673","7,2689","49,6368","5,1882","3,9063"
2026 02 02 10:57:08:216,-3.9675,-6.70125,"0,265",12,2,"9,5673","7,2689","49,6368","5,1882","3,9063"
2026 02 02 10:57:08:218,-3.9985,-6.78875,"0,265",12,2,"9,5673","7,2689","49,6368","5,1882","3,9063"
2026 02 02 10:57:08:220,-3.9985,-6.70125,"0,265",12,2,"9,5673","7,2689","49,6368","5,1882","27,3438"
2026 02 02 10:57:08:222,-3.9675,-6.70125,"0,265",12,2,"9,5673","7,2689","49,6368","5,1882","15,625"
2026 02 02 10:57:08:224,-3.9675,-6.70125,"0,265",12,2,"9,5673","7,2689","49,6368","5,1882","7,8125"
2026 02 02 10:57:08:226,-3.9675,-6.78875,"0,265",12,2,"9,5673","7,2689","49,6368","5,1882","-7,8125"
2026 02 02 10:57:08:228,-3.9985,-6.70125,"0,265",12,2,"9,5673","7,2689","49,6368","5,1882","-3,9062"
2026 02 02 10:57:08:230,-3.9675,-6.78875,"0,265",12,2,"9,5673","7,2689","49,6368","5,1882",0
2026 02 02 10:57:08:232,-3.9675,-6.70125,"0,265",12,2,"9,5673","7,2689","49,6368","5,1882","3,9063"
2026 02 02 10:57:08:234,-3.9675,-6.70125,"0,265",12,2,"9,5673","7,2689","49,6368","5,1882","3,9063"
2026 02 02 10:57:08:236,-3.9675,-6.78875,"0,265",12,2,"9,5673","7,2689","49,6368","5,1882","3,9063"
2026 02 02 10:57:08:238,-3.9675,-6.78875,"0,265",12,2,"9,5673","7,2689","49,6368","5,1882","3,9063"
2026 02 02 10:57:08:240,-3.9675,-6.70125,"0,265",12,2,"9,5673","7,2689","49,6368","5,1882","27,3438"
2026 02 02 10:57:08:242,-3.9675,-6.78875,"0,265",12,2,"9,5673","7,2689","49,6368","5,1882","15,625"
2026 02 02 10:57:08:244,-3.9675,-6.87625,"0,265",12,2,"9,5673","7,2689","49,6368","5,1882","7,8125"
2026 02 02 10:57:08:246,-3.9675,-6.78875,"0,265",12,2,"9,5673","7,2689","49,6368","5,1882","-3,9062"
2026 02 02 10:57:08:248,-3.9334,-6.78875,"0,265",12,2,"9,5673","7,2689","49,6368","5,1882","-3,9062"
2026 02 02 10:57:08:250,-3.9334,-6.78875,"0,265",12,2,"9,5673","7,2689","49,6368","5,1882",0
2026 02 02 10:57:08:252,-3.9675,-6.70125,"0,265",12,2,"9,5673","7,2689","49,6368","5,1882","3,9063"
2026 02 02 10:57:08:254,-3.9675,-6.78875,"0,265",12,2,"9,5673","7,2689","49,6368","5,1882","7,8125"
2026 02 02 10:57:08:256,-3.9675,-6.70125,"0,265",12,2,"9,5673","7,2689","49,6368","5,1882","3,9063"
2026 02 02 10:57:08:258,-3.9675,-6.70125,"0,265",12,2,"9,5673","7,2689","49,6368","5,1882","7,8125"
2026 02 02 10:57:08:260,-3.9675,-6.70125,"0,265",12,2,"9,5673","7,2689","49,6368","5,1882","23,4375"
2026 02 02 10:57:08:262,-3.9675,-6.78875,"0,265",12,2,"9,5673","7,2689","49,6368","5,1882","15,625"
2026 02 02 10:57:08:264,-3.9675,-6.70125,"0,265",12,2,"9,5673","7,2689","49,6368","5,1882","7,8125"
2026 02 02 10:57:08:266,-3.9675,-6.78875,"0,265",12,2,"9,5673","7,2689","49,6368","5,1882","-3,9062"
2026 02 02 10:57:08:268,-3.9675,-6.70125,"0,265",12,2,"9,5673","7,2689","49,6368","5,1882","-3,9062"
2026 02 02 10:57:08:270,-3.9675,-6.70125,"0,265",12,2,"9,5673","7,2689","49,6368","5,1882",0
2026 02 02 10:57:08:272,-3.9985,-6.78875,"0,265",12,2,"9,5673","7,2689","49,6368","5,1882","3,9063"
2026 02 02 10:57:08:274,-3.9675,-6.78875,"0,265",12,2,"9,5673","7,2689","49,6368","5,1882","3,9063"
2026 02 02 10:57:08:276,-3.9675,-6.70125,"0,265",12,2,"9,5673","7,2689","49,6368","5,1882","3,9063"
2026 02 02 10:57:08:278,-3.9675,-6.78875,"0,265",12,2,"9,5673","7,2689","49,6368","5,1882","3,9063"
2026 02 02 10:57:08:280,-3.9675,-6.78875,"0,265",12,2,"9,5673","7,2689","49,6368","5,1882","27,3438"
2026 02 02 10:57:08:282,-3.9675,-6.78875,"0,265",12,2,"9,5673","7,2689","49,6368","5,1882","15,625"
2026 02 02 10:57:08:284,-3.9675,-6.78875,"0,265",12,2,"9,5673","7,2689","49,6368","5,1882","7,8125"
2026 02 02 10:57:08:286,-3.9675,-6.87625,"0,265",12,2,"9,5673","7,2689","49,6368","5,1882","-3,9062"
2026 02 02 10:57:08:288,-3.9675,-6.78875,"0,265",12,2,"9,5673","7,2689","49,6368","5,1882",0
2026 02 02 10:57:08:290,-3.9675,-6.70125,"0,265",12,2,"9,5673","7,2689","49,6368","5,1882",0
2026 02 02 10:57:08:292,-3.9675,-6.78875,"0,265",12,2,"9,5673","7,2689","49,6368","5,1882","3,9063"
2026 02 02 10:57:08:294,-3.9334,-6.78875,"0,265",12,2,"9,5673","7,2689","49,6368","5,1882","3,9063"
2026 02 02 10:57:08:296,-3.9675,-6.78875,"0,265",12,2,"9,5673","7,2689","49,6368","5,1882","3,9063"
2026 02 02 10:57:08:298,-3.9985,-6.78875,"0,265",12,2,"9,5673","7,2689","49,6368","5,1882","3,9063"
2026 02 02 10:57:08:300,-3.9675,-6.78875,"0,265",12,2,"9,5673","7,2689","49,6368","5,1882","27,3438"
2026 02 02 10:57:08:302,-3.9334,-6.78875,"0,265",12,2,"9,5673","7,2689","49,6368","5,1882","15,625"
2026 02 02 10:57:08:304,-3.9985,-6.78875,"0,265",12,2,"9,5673","7,2689","49,6368","5,1882","7,8125"
2026 02 02 10:57:08:306,-3.9675,-6.78875,"0,265",12,2,"9,5673","7,2689","49,6368","5,1882","-7,8125"
2026 02 02 10:57:08:308,-3.9675,-6.78875,"0,265",12,2,"9,5673","7,2689","49,6368","5,1882","-3,9062"
2026 02 02 10:57:08:310,-3.9675,-6.70125,"0,265",12,2,"9,5673","7,2689","49,6368","5,1882","-3,9062"
2026 02 02 10:57:08:312,-3.9334,-6.78875,"0,265",12,2,"9,5673","7,2689","49,6368","5,1882","7,8125"
2026 02 02 10:57:08:314,-3.9675,-6.78875,"0,265",12,2,"9,5673","7,2689","49,6368","5,1882","3,9063"
2026 02 02 10:57:08:316,-3.9985,-6.78875,"0,265",12,2,"9,5673","7,2689","49,6368","5,1882","3,9063"
2026 02 02 10:57:08:318,-3.9675,-6.70125,"0,265",12,2,"9,5673","7,2689","49,6368","5,1882","7,8125"
2026 02 02 10:57:08:320,-3.9675,-6.70125,"0,265",12,2,"9,5673","7,2689","49,6368","5,1882","27,3438"
2026 02 02 10:57:08:322,-3.9675,-6.78875,"0,265",12,2,"9,5673","7,2689","49,6368","5,1882","19,5313"
2026 02 02 10:57:08:324,-3.9675,-6.78875,"0,265",12,2,"9,5673","7,2689","49,6368","5,1882","7,8125"
2026 02 02 10:57:08:326,-3.9675,-6.70125,"0,265",12,2,"9,5673","7,2689","49,6368","5,1882","-7,8125"
2026 02 02 10:57:08:328,-3.9675,-6.78875,"0,265",12,2,"9,5673","7,2689","49,6368","5,1882","-3,9062"
2026 02 02 10:57:08:330,-3.9985,-6.70125,"0,265",12,2,"9,5673","7,2689","49,6368","5,1882",0
2026 02 02 10:57:08:332,-3.9675,-6.70125,"0,265",12,2,"9,5673","7,2689","49,6368","5,1882","3,9063"
2026 02 02 10:57:08:334,-3.9675,-6.78875,"0,265",12,2,"9,5673","7,2689","49,6368","5,1882","7,8125"
2026 02 02 10:57:08:336,-3.9334,-6.70125,"0,265",12,2,"9,5673","7,2689","49,6368","5,1882","3,9063"
2026 02 02 10:57:08:338,-3.9675,-6.78875,"0,265",12,2,"9,5673","7,2689","49,6368","5,1882","3,9063"
2026 02 02 10:57:08:340,-3.9985,-6.78875,"0,265",12,2,"9,5673","7,2689","49,6368","5,1882","31,25"
2026 02 02 10:57:08:342,-3.9985,-6.78875,"0,265",12,2,"9,5673","7,2689","49,6368","5,1882","23,4375"
2026 02 02 10:57:08:344,-3.9675,-6.70125,"0,265",12,2,"9,5673","7,2689","49,6368","5,1882","7,8125"
2026 02 02 10:57:08:346,-3.9334,-6.70125,"0,265",12,2,"9,5673","7,2689","49,6368","5,1882",0
2026 02 02 10:57:08:348,-3.9675,-6.78875,"0,265",12,2,"9,5673","7,2689","49,6368","5,1882","-3,9062"
2026 02 02 10:57:08:350,-3.9675,-6.78875,"0,265",12,2,"9,5673","7,2689","49,6368","5,1882","-7,8125"
2026 02 02 10:57:08:352,-3.9334,-6.70125,"0,265",12,2,"9,5673","7,2689","49,6368","5,1882","3,9063"
2026 02 02 10:57:08:354,-3.9675,-6.70125,"0,265",12,2,"9,5673","7,2689","49,6368","5,1882","3,9063"
2026 02 02 10:57:08:356,-3.9334,-6.78875,"0,265",12,2,"9,5673","7,2689","49,6368","5,1882","3,9063"
2026 02 02 10:57:08:358,-3.9675,-6.78875,"0,265",12,2,"9,5673","7,2689","49,6368","5,1882","7,8125"
2026 02 02 10:57:08:360,-3.9985,-6.78875,"0,265",12,2,"9,5673","7,2689","49,6368","5,1882","31,25"
2026 02 02 10:57:08:362,-3.9675,-6.70125,"0,265",12,2,"9,5673","7,2689","49,6368","5,1882","23,4375"
2026 02 02 10:57:08:364,-3.9675,-6.78875,"0,265",12,2,"9,5673","7,2689","49,6368","5,1882","7,8125"
2026 02 02 10:57:08:366,-3.9675,-6.78875,"0,265",12,2,"9,5673","7,2689","49,6368","5,1882",0
2026 02 02 10:57:08:368,-3.9675,-6.78875,"0,265",12,2,"9,5673","7,2689","49,6368","5,1882","-3,9062"
2026 02 02 10:57:08:370,-3.9334,-6.70125,"0,265",12,2,"9,5673","7,2689","49,6368","5,1882","-3,9062"
2026 02 02 10:57:08:372,-3.9334,-6.78875,"0,265",12,2,"9,5673","7,2689","49,6368","5,1882","3,9063"
2026 02 02 10:57:08:374,-3.9334,-6.61375,"0,265",12,2,"9,5673","7,2689","49,6368","5,1882","7,8125"
2026 02 02 10:57:08:376,-3.9675,-6.70125,"0,265",12,2,"9,5673","7,2689","49,6368","5,1882","3,9063"
2026 02 02 10:57:08:378,-3.9675,-6.78875,"0,265",12,2,"9,5673","7,2689","49,6368","5,1882","3,9063"
2026 02 02 10:57:08:380,-3.9675,-6.70125,"0,265",12,2,"9,5673","7,2689","49,6368","5,1882","31,25"
2026 02 02 10:57:08:382,-3.9675,-6.78875,"0,265",12,2,"9,5673","7,2689","49,6368","5,1882","23,4375"
2026 02 02 10:57:08:384,-3.9675,-6.70125,"0,265",12,2,"9,5673","7,2689","49,6368","5,1882","7,8125"
2026 02 02 10:57:08:386,-3.9334,-6.70125,"0,265",12,2,"9,5673","7,2689","49,6368","5,1882","-3,9062"
2026 02 02 10:57:08:388,-3.9334,-6.78875,"0,265",12,2,"9,5673","7,2689","49,6368","5,1882","-3,9062"
2026 02 02 10:57:08:390,-3.9675,-6.78875,"0,265",12,2,"9,5673","7,2689","49,6368","5,1882","-11,7187"
2026 02 02 10:57:08:392,-3.9334,-6.70125,"0,265",12,2,"9,5673","7,2689","49,6368","5,1882","3,9063"
2026 02 02 10:57:08:394,-3.9675,-6.78875,"0,265",12,2,"9,5673","7,2689","49,6368","5,1882","7,8125"
2026 02 02 10:57:08:396,-3.9675,-6.78875,"0,265",12,2,"9,5673","7,2689","49,6368","5,1882","3,9063"
2026 02 02 10:57:08:398,-3.9675,-6.78875,"0,265",12,2,"9,5673","7,2689","49,6368","5,1882","7,8125"
2026 02 02 10:57:08:400,-3.9985,-6.70125,"0,265",12,2,"9,5673","7,2689","49,6368","5,1882","27,3438"
2026 02 02 10:57:08:402,-3.9334,-6.78875,"0,265",12,2,"9,5673","7,2689","49,6368","5,1882","15,625"
2026 02 02 10:57:08:404,-3.9675,-6.78875,"0,265",12,2,"9,5673","7,2689","49,6368","5,1882","7,8125"
2026 02 02 10:57:08:406,-3.9985,-6.87625,"0,265",12,2,"9,5673","7,2689","49,6368","5,1882","-7,8125"
2026 02 02 10:57:08:408,-3.9675,-6.70125,"0,265",12,2,"9,5673","7,2689","49,6368","5,1882","-3,9062"
2026 02 02 10:57:08:410,-3.9334,-6.78875,"0,265",12,2,"9,5673","7,2689","49,6368","5,1882","-3,9062"
2026 02 02 10:57:08:412,-3.9675,-6.78875,"0,265",12,2,"9,5673","7,2689","49,6368","5,1882","7,8125"
2026 02 02 10:57:08:414,-3.9675,-6.78875,"0,265",12,2,"9,5673","7,2689","49,6368","5,1882","3,9063"
2026 02 02 10:57:08:416,-3.9675,-6.78875,"0,265",12,2,"9,5673","7,2689","49,6368","5,1882","7,8125"
2026 02 02 10:57:08:418,-3.9675,-6.70125,"0,265",12,2,"9,5673","7,2689","49,6368","5,1882","7,8125"
2026 02 02 10:57:08:420,-3.9675,-6.78875,"0,265",12,2,"9,5673","7,2689","49,6368","5,1882","27,3438"
2026 02 02 10:57:08:422,-3.9675,-6.78875,"0,265",12,2,"9,5673","7,2689","49,6368","5,1882","15,625"
2026 02 02 10:57:08:424,-3.9334,-6.78875,"0,265",12,2,"9,5673","7,2689","49,6368","5,1882","7,8125"
2026 02 02 10:57:08:426,-3.9985,-6.70125,"0,265",12,2,"9,5673","7,2689","49,6368","5,1882","-11,7187"
2026 02 02 10:57:08:428,-3.9675,-6.70125,"0,265",12,2,"9,5673","7,2689","49,6368","5,1882","-3,9062"
2026 02 02 10:57:08:430,-3.9675,-6.78875,"0,265",12,2,"9,5673","7,2689","49,6368","5,1882","-3,9062"
2026 02 02 10:57:08:432,-3.9334,-6.70125,"0,265",12,2,"9,5673","7,2689","49,6368","5,1882","7,8125"
2026 02 02 10:57:08:434,-3.9675,-6.70125,"0,265",12,2,"9,5673","7,2689","49,6368","5,1882","7,8125"
2026 02 02 10:57:08:436,-3.9985,-6.70125,"0,265",12,2,"9,5673","7,2689","49,6368","5,1882","3,9063"
2026 02 02 10:57:08:438,-3.9675,-6.78875,"0,265",12,2,"9,5673","7,2689","49,6368","5,1882","7,8125"
2026 02 02 10:57:08:440,-3.9675,-6.70125,"0,265",12,2,"9,5673","7,2689","49,6368","5,1882","27,3438"
2026 02 02 10:57:08:442,-3.9675,-6.78875,"0,265",12,2,"9,5673","7,2689","49,6368","5,1882","15,625"
2026 02 02 10:57:08:444,-3.9985,-6.87625,"0,265",12,2,"9,5673","7,2689","49,6368","5,1882","7,8125"
2026 02 02 10:57:08:446,-3.9675,-6.78875,"0,265",12,2,"9,5673","7,2689","49,6368","5,1882","-3,9062"
2026 02 02 10:57:08:448,-3.9675,-6.78875,"0,265",12,2,"9,5673","7,2689","49,6368","5,1882","-3,9062"
2026 02 02 10:57:08:450,-3.9675,-6.78875,"0,265",12,2,"9,5673","7,2689","49,6368","5,1882","-3,9062"
2026 02 02 10:57:08:452,-3.9675,-6.78875,"0,265",12,2,"9,5673","7,2689","49,6368","5,1882","7,8125"
2026 02 02 10:57:08:454,-3.9675,-6.78875,"0,265",12,2,"9,5673","7,2689","49,6368","5,1882","3,9063"
2026 02 02 10:57:08:456,-3.9675,-6.78875,"0,265",12,2,"9,5673","7,2689","49,6368","5,1882","7,8125"
2026 02 02 10:57:08:458,-3.9675,-6.78875,"0,265",12,2,"9,5673","7,2689","49,6368","5,1882","7,8125"
2026 02 02 10:57:08:460,-3.9675,-6.70125,"0,265",12,2,"9,5673","7,2689","49,6368","5,1882","27,3438"
2026 02 02 10:57:08:462,-3.9675,-6.70125,"0,265",12,2,"9,5673","7,4058","50,2777","5,2552","15,625"
2026 02 02 10:57:08:464,-3.9985,-6.70125,"0,265",12,2,"9,5673","7,4058","50,2777","5,2552","7,8125"
2026 02 02 10:57:08:466,-3.9675,-6.70125,"0,265",12,2,"9,5673","7,4058","50,2777","5,2552","-7,8125"
2026 02 02 10:57:08:468,-3.9675,-6.70125,"0,265",12,2,"9,5673","7,4058","50,2777","5,2552","-3,9062"
2026 02 02 10:57:08:470,-3.9985,-6.70125,"0,265",12,2,"9,5673","7,4058","50,2777","5,2552","-3,9062"
2026 02 02 10:57:08:472,-3.9675,-6.78875,"0,265",12,2,"9,5673","7,4058","50,2777","5,2552","3,9063"
2026 02 02 10:57:08:474,-3.9675,-6.70125,"0,265",12,2,"9,5673","7,4058","50,2777","5,2552","3,9063"
2026 02 02 10:57:08:476,-3.9675,-6.78875,"0,265",12,2,"9,5673","7,4058","50,2777","5,2552","3,9063"
2026 02 02 10:57:08:478,-3.9334,-6.78875,"0,265",12,2,"9,5673","7,4058","50,2777","5,2552","7,8125"
2026 02 02 10:57:08:480,-3.9985,-6.78875,"0,265",12,2,"9,5673","7,4058","50,2777","5,2552","31,25"
2026 02 02 10:57:08:482,-3.9675,-6.78875,"0,265",12,2,"9,5673","7,4058","50,2777","5,2552","15,625"
2026 02 02 10:57:08:484,-3.9675,-6.70125,"0,265",12,2,"9,5673","7,4058","50,2777","5,2552","7,8125"
2026 02 02 10:57:08:486,-3.9675,-6.70125,"0,265",12,2,"9,5673","7,4058","50,2777","5,2552","-3,9062"
2026 02 02 10:57:08:488,-3.9675,-6.78875,"0,265",12,2,"9,5673","7,4058","50,2777","5,2552",0
2026 02 02 10:57:08:490,-3.9675,-6.78875,"0,265",12,2,"9,5673","7,4058","50,2777","5,2552","-3,9062"
2026 02 02 10:57:08:492,-3.9675,-6.78875,"0,265",12,2,"9,5673","7,4058","50,2777","5,2552","3,9063"
2026 02 02 10:57:08:494,-3.9675,-6.78875,"0,265",12,2,"9,5673","7,4058","50,2777","5,2552","3,9063"
2026 02 02 10:57:08:496,-3.9675,-6.87625,"0,265",12,2,"9,5673","7,4058","50,2777","5,2552","3,9063"
2026 02 02 10:57:08:498,-3.9675,-6.78875,"0,265",12,2,"9,5673","7,4058","50,2777","5,2552","7,8125"
2026 02 02 10:57:08:500,-3.9675,-6.78875,"0,265",12,2,"9,5673","7,4058","50,2777","5,2552","31,25"
2026 02 02 10:57:08:502,-3.9985,-6.87625,"0,265",12,2,"9,5673","7,4058","50,2777","5,2552","15,625"
2026 02 02 10:57:08:504,-3.9675,-6.78875,"0,265",12,2,"9,5673","7,4058","50,2777","5,2552","7,8125"
2026 02 02 10:57:08:506,-3.9334,-6.78875,"0,265",12,2,"9,5673","7,4058","50,2777","5,2552","-7,8125"
2026 02 02 10:57:08:508,-3.9675,-6.78875,"0,265",12,2,"9,5673","7,4058","50,2777","5,2552","-3,9062"
2026 02 02 10:57:08:510,-3.9675,-6.78875,"0,265",12,2,"9,5673","7,4058","50,2777","5,2552","-7,8125"
2026 02 02 10:57:08:512,-3.9675,-6.78875,"0,265",12,2,"9,5673","7,4058","50,2777","5,2552","3,9063"
2026 02 02 10:57:08:514,-3.9675,-6.78875,"0,265",12,2,"9,5673","7,4058","50,2777","5,2552","7,8125"
2026 02 02 10:57:08:516,-3.9675,-6.78875,"0,265",12,2,"9,5673","7,4058","50,2777","5,2552","3,9063"
2026 02 02 10:57:08:518,-3.9675,-6.70125,"0,265",12,2,"9,5673","7,4058","50,2777","5,2552","7,8125"
2026 02 02 10:57:08:520,-3.9675,-6.78875,"0,265",12,2,"9,5673","7,4058","50,2777","5,2552","31,25"
2026 02 02 10:57:08:522,-3.9675,-6.78875,"0,265",12,2,"9,5673","7,4058","50,2777","5,2552","15,625"
2026 02 02 10:57:08:524,-3.9675,-6.70125,"0,265",12,2,"9,5673","7,4058","50,2777","5,2552","7,8125"
2026 02 02 10:57:08:526,-3.9675,-6.78875,"0,265",12,2,"9,5673","7,4058","50,2777","5,2552","-3,9062"
2026 02 02 10:57:08:528,-3.9675,-6.78875,"0,265",12,2,"9,5673","7,4058","50,2777","5,2552","-3,9062"
2026 02 02 10:57:08:530,-3.9675,-6.70125,"0,265",12,2,"9,5673","7,4058","50,2777","5,2552","-3,9062"
2026 02 02 10:57:08:532,-3.9675,-6.70125,"0,265",12,2,"9,5673","7,4058","50,2777","5,2552","3,9063"
2026 02 02 10:57:08:534,-3.9675,-6.78875,"0,265",12,2,"9,5673","7,4058","50,2777","5,2552","7,8125"
2026 02 02 10:57:08:536,-3.9675,-6.78875,"0,265",12,2,"9,5673","7,4058","50,2777","5,2552","3,9063"
2026 02 02 10:57:08:538,-3.9985,-6.70125,"0,265",12,2,"9,5673","7,4058","50,2777","5,2552","7,8125"
2026 02 02 10:57:08:540,-3.9334,-6.78875,"0,265",12,2,"9,5673","7,4058","50,2777","5,2552","27,3438"
2026 02 02 10:57:08:542,-3.9675,-6.78875,"0,265",12,2,"9,5673","7,4058","50,2777","5,2552","15,625"
2026 02 02 10:57:08:544,-3.9675,-6.78875,"0,265",12,2,"9,5673","7,4058","50,2777","5,2552","7,8125"
2026 02 02 10:57:08:546,-3.9675,-6.70125,"0,265",12,2,"9,5673","7,4058","50,2777","5,2552","-3,9062"
2026 02 02 10:57:08:548,-3.9675,-6.78875,"0,265",12,2,"9,5673","7,4058","50,2777","5,2552","-3,9062"
2026 02 02 10:57:08:550,-3.9675,-6.78875,"0,265",12,2,"9,5673","7,4058","50,2777","5,2552","-7,8125"
2026 02 02 10:57:08:552,-3.9675,-6.70125,"0,265",12,2,"9,5673","7,4058","50,2777","5,2552","3,9063"
2026 02 02 10:57:08:554,-3.9675,-6.70125,"0,265",12,2,"9,5673","7,4058","50,2777","5,2552","7,8125"
2026 02 02 10:57:08:556,-3.9985,-6.78875,"0,265",12,2,"9,5673","7,4058","50,2777","5,2552","3,9063"
2026 02 02 10:57:08:558,-3.9985,-6.78875,"0,265",12,2,"9,5673","7,4058","50,2777","5,2552","3,9063"
2026 02 02 10:57:08:560,-3.9675,-6.78875,"0,265",12,2,"9,5673","7,4058","50,2777","5,2552","27,3438"
2026 02 02 10:57:08:562,-3.9675,-6.70125,"0,265",12,2,"9,5673","7,4058","50,2777","5,2552","15,625"
2026 02 02 10:57:08:564,-3.9675,-6.78875,"0,265",12,2,"9,5673","7,4058","50,2777","5,2552","7,8125"
2026 02 02 10:57:08:566,-3.9675,-6.70125,"0,265",12,2,"9,5673","7,4058","50,2777","5,2552","-3,9062"
2026 02 02 10:57:08:568,-3.9985,-6.78875,"0,265",12,2,"9,5673","7,4058","50,2777","5,2552","-3,9062"
2026 02 02 10:57:08:570,-3.9985,-6.78875,"0,265",12,2,"9,5673","7,4058","50,2777","5,2552","-7,8125"
2026 02 02 10:57:08:572,-3.9675,-6.78875,"0,265",12,2,"9,5673","7,4058","50,2777","5,2552","7,8125"
2026 02 02 10:57:08:574,-3.9675,-6.70125,"0,265",12,2,"9,5673","7,4058","50,2777","5,2552","7,8125"
2026 02 02 10:57:08:576,-3.9675,-6.70125,"0,265",12,2,"9,5673","7,4058","50,2777","5,2552","3,9063"
2026 02 02 10:57:08:578,-3.9334,-6.78875,"0,265",12,2,"9,5673","7,4058","50,2777","5,2552","7,8125"
2026 02 02 10:57:08:580,-3.9675,-6.70125,"0,265",12,2,"9,5673","7,4058","50,2777","5,2552","27,3438"
2026 02 02 10:57:08:582,-3.9675,-6.70125,"0,265",12,2,"9,5673","7,4058","50,2777","5,2552","15,625"
2026 02 02 10:57:08:584,-3.9675,-6.70125,"0,265",12,2,"9,5673","7,4058","50,2777","5,2552","7,8125"
2026 02 02 10:57:08:586,-3.9675,-6.78875,"0,265",12,2,"9,5673","7,4058","50,2777","5,2552","-3,9062"
2026 02 02 10:57:08:588,-3.9675,-6.78875,"0,265",12,2,"9,5673","7,4058","50,2777","5,2552","-3,9062"
2026 02 02 10:57:08:590,-3.9675,-6.78875,"0,265",12,2,"9,5673","7,4058","50,2777","5,2552","-3,9062"
2026 02 02 10:57:08:592,-3.9334,-6.78875,"0,265",12,2,"9,5673","7,4058","50,2777","5,2552","3,9063"
2026 02 02 10:57:08:594,-3.9334,-6.78875,"0,265",12,2,"9,5673","7,4058","50,2777","5,2552","3,9063"
2026 02 02 10:57:08:596,-3.9985,-6.78875,"0,265",12,2,"9,5673","7,4058","50,2777","5,2552","3,9063"
2026 02 02 10:57:08:598,-3.9675,-6.70125,"0,265",12,2,"9,5673","7,4058","50,2777","5,2552","3,9063"
2026 02 02 10:57:08:600,-3.9675,-6.78875,"0,265",12,2,"9,5673","7,4058","50,2777","5,2552","31,25"
2026 02 02 10:57:08:602,-3.9675,-6.78875,"0,265",12,2,"9,5673","7,4058","50,2777","5,2552","19,5313"
2026 02 02 10:57:08:604,-3.9675,-6.78875,"0,265",12,2,"9,5673","7,4058","50,2777","5,2552","7,8125"
2026 02 02 10:57:08:606,-3.9675,-6.78875,"0,265",12,2,"9,5673","7,4058","50,2777","5,2552","-3,9062"
2026 02 02 10:57:08:608,-3.9675,-6.70125,"0,265",12,2,"9,5673","7,4058","50,2777","5,2552","-3,9062"
2026 02 02 10:57:08:610,-3.9334,-6.78875,"0,265",12,2,"9,5673","7,4058","50,2777","5,2552","-3,9062"
2026 02 02 10:57:08:612,-3.9675,-6.78875,"0,265",12,2,"9,5673","7,4058","50,2777","5,2552","3,9063"
2026 02 02 10:57:08:614,-3.9675,-6.78875,"0,265",12,2,"9,5673","7,4058","50,2777","5,2552","7,8125"
2026 02 02 10:57:08:616,-3.9675,-6.70125,"0,265",12,2,"9,5673","7,4058","50,2777","5,2552","3,9063"
2026 02 02 10:57:08:618,-3.9985,-6.70125,"0,265",12,2,"9,5673","7,4058","50,2777","5,2552","3,9063"
2026 02 02 10:57:08:620,-3.9675,-6.78875,"0,265",12,2,"9,5673","7,4058","50,2777","5,2552","31,25"
2026 02 02 10:57:08:622,-3.9985,-6.78875,"0,265",12,2,"9,5673","7,4058","50,2777","5,2552","19,5313"
2026 02 02 10:57:08:624,-3.9334,-6.78875,"0,265",12,2,"9,5673","7,4058","50,2777","5,2552","7,8125"
2026 02 02 10:57:08:626,-3.9675,-6.70125,"0,265",12,2,"9,5673","7,4058","50,2777","5,2552","-7,8125"
2026 02 02 10:57:08:628,-3.9334,-6.70125,"0,265",12,2,"9,5673","7,4058","50,2777","5,2552","-3,9062"
2026 02 02 10:57:08:630,-3.9675,-6.78875,"0,265",12,2,"9,5673","7,4058","50,2777","5,2552","-7,8125"
2026 02 02 10:57:08:632,-3.9985,-6.78875,"0,265",12,2,"9,5673","7,4058","50,2777","5,2552","3,9063"
2026 02 02 10:57:08:634,-3.9334,-6.78875,"0,265",12,2,"9,5673","7,4058","50,2777","5,2552","7,8125"
2026 02 02 10:57:08:636,-3.9334,-6.70125,"0,265",12,2,"9,5673","7,4058","50,2777","5,2552","3,9063"
2026 02 02 10:57:08:638,-3.9985,-6.78875,"0,265",12,2,"9,5673","7,4058","50,2777","5,2552","7,8125"
2026 02 02 10:57:08:640,-3.9675,-6.78875,"0,265",12,2,"9,5673","7,4058","50,2777","5,2552","27,3438"
2026 02 02 10:57:08:642,-3.9675,-6.78875,"0,265",12,2,"9,5673","7,4058","50,2777","5,2552","23,4375"
2026 02 02 10:57:08:644,-3.9675,-6.70125,"0,265",12,2,"9,5673","7,4058","50,2777","5,2552","7,8125"
2026 02 02 10:57:08:646,-3.9675,-6.78875,"0,265",12,2,"9,5673","7,4058","50,2777","5,2552",0
2026 02 02 10:57:08:648,-3.9675,-6.78875,"0,265",12,2,"9,5673","7,4058","50,2777","5,2552","-3,9062"
2026 02 02 10:57:08:650,-3.9675,-6.78875,"0,265",12,2,"9,5673","7,4058","50,2777","5,2552","-11,7187"
2026 02 02 10:57:08:652,-3.9675,-6.87625,"0,265",12,2,"9,5673","7,4058","50,2777","5,2552","3,9063"
2026 02 02 10:57:08:654,-3.9334,-6.78875,"0,265",12,2,"9,5673","7,4058","50,2777","5,2552","7,8125"
2026 02 02 10:57:08:656,-3.9675,-6.78875,"0,265",12,2,"9,5673","7,4058","50,2777","5,2552","3,9063"
2026 02 02 10:57:08:658,-3.9334,-6.78875,"0,265",12,2,"9,5673","7,4058","50,2777","5,2552","7,8125"
2026 02 02 10:57:08:660,-3.9675,-6.70125,"0,265",12,2,"9,5673","7,4058","50,2777","5,2552","31,25"
2026 02 02 10:57:08:662,-3.9675,-6.78875,"0,265",12,2,"9,5673","7,4058","50,2777","5,2552","23,4375"
2026 02 02 10:57:08:664,-3.9985,-6.78875,"0,265",12,2,"9,5673","7,4058","50,2777","5,2552","7,8125"
2026 02 02 10:57:08:666,-3.9334,-6.78875,"0,265",12,2,"9,5673","7,4058","50,2777","5,2552",0
2026 02 02 10:57:08:668,-3.9675,-6.78875,"0,265",12,2,"9,5673","7,4058","50,2777","5,2552","-3,9062"
2026 02 02 10:57:08:670,-3.9675,-6.70125,"0,265",12,2,"9,5673","7,4058","50,2777","5,2552","-7,8125"
2026 02 02 10:57:08:672,-3.9675,-6.78875,"0,265",12,2,"9,5673","7,4058","50,2777","5,2552","3,9063"
2026 02 02 10:57:08:674,-3.9675,-6.78875,"0,265",12,2,"9,5673","7,4058","50,2777","5,2552","3,9063"
2026 02 02 10:57:08:676,-3.9985,-6.70125,"0,265",12,2,"9,5673","7,4058","50,2777","5,2552","3,9063"
2026 02 02 10:57:08:678,-3.9675,-6.70125,"0,265",12,2,"9,5673","7,4058","50,2777","5,2552","7,8125"
2026 02 02 10:57:08:680,-3.9675,-6.70125,"0,265",12,2,"9,5673","7,4058","50,2777","5,2552","27,3438"
2026 02 02 10:57:08:682,-3.9985,-6.78875,"0,265",12,2,"9,5673","7,4058","50,2777","5,2552","23,4375"
2026 02 02 10:57:08:684,-3.9985,-6.78875,"0,265",12,2,"9,5673","7,4058","50,2777","5,2552","7,8125"
2026 02 02 10:57:08:686,-3.9675,-6.78875,"0,265",12,2,"9,5673","7,4058","50,2777","5,2552",0
2026 02 02 10:57:08:688,-3.9675,-6.78875,"0,265",12,2,"9,5673","7,4058","50,2777","5,2552","-3,9062"
2026 02 02 10:57:08:690,-3.9675,-6.78875,"0,265",12,2,"9,5673","7,4058","50,2777","5,2552","-11,7187"
2026 02 02 10:57:08:692,-3.9675,-6.70125,"0,265",12,2,"9,5673","7,4058","50,2777","5,2552","3,9063"
2026 02 02 10:57:08:694,-3.9334,-6.78875,"0,265",12,2,"9,5673","7,4058","50,2777","5,2552","3,9063"
2026 02 02 10:57:08:696,-3.9675,-6.70125,"0,265",12,2,"9,5673","7,4058","50,2777","5,2552","7,8125"
2026 02 02 10:57:08:698,-3.9675,-6.70125,"0,265",12,2,"9,5673","7,4058","50,2777","5,2552","3,9063"
2026 02 02 10:57:08:700,-3.9675,-6.78875,"0,265",12,2,"9,5673","7,4058","50,2777","5,2552","31,25"
2026 02 02 10:57:08:702,-3.9675,-6.78875,"0,265",12,2,"9,5673","7,4058","50,2777","5,2552","15,625"
2026 02 02 10:57:08:704,-3.9985,-6.78875,"0,265",12,2,"9,5673","7,4058","50,2777","5,2552","7,8125"
2026 02 02 10:57:08:706,-3.9675,-6.87625,"0,265",12,2,"9,5673","7,4058","50,2777","5,2552","-7,8125"
2026 02 02 10:57:08:708,-3.9675,-6.78875,"0,265",12,2,"9,5673","7,4058","50,2777","5,2552","-7,8125"
2026 02 02 10:57:08:710,-3.9675,-6.78875,"0,265",12,2,"9,5673","7,4058","50,2777","5,2552","-15,625"
2026 02 02 10:57:08:712,-3.9675,-6.78875,"0,265",12,2,"9,5673","7,4058","50,2777","5,2552","3,9063"
2026 02 02 10:57:08:714,-3.9675,-6.78875,"0,265",12,2,"9,5673","7,4058","50,2777","5,2552","3,9063"
2026 02 02 10:57:08:716,-3.9675,-6.70125,"0,265",12,2,"9,5673","7,4058","50,2777","5,2552","7,8125"
2026 02 02 10:57:08:718,-3.9334,-6.70125,"0,265",12,2,"9,5673","7,4058","50,2777","5,2552","7,8125"
2026 02 02 10:57:08:720,-3.9675,-6.78875,"0,265",12,2,"9,5673","7,4058","50,2777","5,2552","31,25"
2026 02 02 10:57:08:722,-3.9675,-6.78875,"0,265",12,2,"9,5673","7,4058","50,2777","5,2552","11,7188"
2026 02 02 10:57:08:724,-3.9675,-6.78875,"0,265",12,2,"9,5673","7,4058","50,2777","5,2552","3,9063"
2026 02 02 10:57:08:726,-3.9675,-6.78875,"0,265",12,2,"9,5673","7,4058","50,2777","5,2552","-11,7187"
2026 02 02 10:57:08:728,-3.9675,-6.70125,"0,265",12,2,"9,5673","7,4058","50,2777","5,2552","-3,9062"
2026 02 02 10:57:08:730,-3.9675,-6.78875,"0,265",12,2,"9,5673","7,4058","50,2777","5,2552","-11,7187"
2026 02 02 10:57:08:732,-3.9675,-6.70125,"0,265",12,2,"9,5673","7,4058","50,2777","5,2552","3,9063"
2026 02 02 10:57:08:734,-3.9675,-6.78875,"0,265",12,2,"9,5673","7,4058","50,2777","5,2552","7,8125"
2026 02 02 10:57:08:736,-3.9985,-6.70125,"0,265",12,2,"9,5673","7,4058","50,2777","5,2552","3,9063"
2026 02 02 10:57:08:738,-3.9675,-6.78875,"0,265",12,2,"9,5673","7,4058","50,2777","5,2552","7,8125"
2026 02 02 10:57:08:740,-3.9675,-6.87625,"0,265",12,2,"9,5673","7,4058","50,2777","5,2552","27,3438"
2026 02 02 10:57:08:742,-3.9675,-6.78875,"0,265",12,2,"9,5673","7,4058","50,2777","5,2552","19,5313"
2026 02 02 10:57:08:744,-3.9675,-6.78875,"0,265",12,2,"9,5673","7,4058","50,2777","5,2552","7,8125"
2026 02 02 10:57:08:746,-3.9675,-6.78875,"0,265",12,2,"9,5673","7,4058","50,2777","5,2552","-7,8125"
2026 02 02 10:57:08:748,-3.9675,-6.78875,"0,265",12,2,"9,5673","7,4058","50,2777","5,2552","-3,9062"
2026 02 02 10:57:08:750,-3.9334,-6.78875,"0,265",12,2,"9,5673","7,4058","50,2777","5,2552","-7,8125"
2026 02 02 10:57:08:752,-3.9675,-6.78875,"0,265",12,2,"9,5673","7,4058","50,2777","5,2552","3,9063"
2026 02 02 10:57:08:754,-3.9334,-6.78875,"0,265",12,2,"9,5673","7,4058","50,2777","5,2552","7,8125"
2026 02 02 10:57:08:756,-3.9675,-6.78875,"0,265",12,2,"9,5673","7,4058","50,2777","5,2552","7,8125"
2026 02 02 10:57:08:758,-3.9985,-6.70125,"0,265",12,2,"9,5673","7,4058","50,2777","5,2552","3,9063"
2026 02 02 10:57:08:760,-3.9675,-6.78875,"0,266",12,2,"9,5673","7,5021","51,4069","5,3732","31,25"
2026 02 02 10:57:08:762,-3.9334,-6.78875,"0,266",12,2,"9,5673","7,5021","51,4069","5,3732","19,5313"
2026 02 02 10:57:08:764,-3.9675,-6.70125,"0,266",12,2,"9,5673","7,5021","51,4069","5,3732","3,9063"
2026 02 02 10:57:08:766,-3.9675,-6.78875,"0,266",12,2,"9,5673","7,5021","51,4069","5,3732","-7,8125"
2026 02 02 10:57:08:768,-3.9675,-6.78875,"0,266",12,2,"9,5673","7,5021","51,4069","5,3732","-3,9062"
2026 02 02 10:57:08:770,-3.9334,-6.70125,"0,266",12,2,"9,5673","7,5021","51,4069","5,3732","-11,7187"
2026 02 02 10:57:08:772,-3.9985,-6.70125,"0,266",12,2,"9,5673","7,5021","51,4069","5,3732","3,9063"
2026 02 02 10:57:08:774,-3.9985,-6.78875,"0,266",12,2,"9,5673","7,5021","51,4069","5,3732","3,9063"
2026 02 02 10:57:08:776,-3.9675,-6.70125,"0,266",12,2,"9,5673","7,5021","51,4069","5,3732","7,8125"
2026 02 02 10:57:08:778,-3.9675,-6.70125,"0,266",12,2,"9,5673","7,5021","51,4069","5,3732","7,8125"
2026 02 02 10:57:08:780,-3.9675,-6.70125,"0,266",12,2,"9,5673","7,5021","51,4069","5,3732","27,3438"
2026 02 02 10:57:08:782,-3.9334,-6.70125,"0,266",12,2,"9,5673","7,5021","51,4069","5,3732","19,5313"
2026 02 02 10:57:08:784,-3.9675,-6.78875,"0,266",12,2,"9,5673","7,5021","51,4069","5,3732","7,8125"
2026 02 02 10:57:08:786,-3.9675,-6.78875,"0,266",12,2,"9,5673","7,5021","51,4069","5,3732","-7,8125"
2026 02 02 10:57:08:788,-3.9675,-6.78875,"0,266",12,2,"9,5673","7,5021","51,4069","5,3732","-3,9062"
2026 02 02 10:57:08:790,-3.9675,-6.70125,"0,266",12,2,"9,5673","7,5021","51,4069","5,3732","-7,8125"
2026 02 02 10:57:08:792,-3.9675,-6.78875,"0,266",12,2,"9,5673","7,5021","51,4069","5,3732","7,8125"
2026 02 02 10:57:08:794,-3.9675,-6.78875,"0,266",12,2,"9,5673","7,5021","51,4069","5,3732","7,8125"
2026 02 02 10:57:08:796,-3.9675,-6.78875,"0,266",12,2,"9,5673","7,5021","51,4069","5,3732","3,9063"
2026 02 02 10:57:08:798,-3.9675,-6.78875,"0,266",12,2,"9,5673","7,5021","51,4069","5,3732","7,8125"
2026 02 02 10:57:08:800,-3.9334,-6.78875,"0,266",12,2,"9,5673","7,5021","51,4069","5,3732","31,25"
2026 02 02 10:57:08:802,-3.9675,-6.78875,"0,266",12,2,"9,5673","7,5021","51,4069","5,3732","19,5313"
2026 02 02 10:57:08:804,-3.9675,-6.70125,"0,266",12,2,"9,5673","7,5021","51,4069","5,3732","7,8125"
2026 02 02 10:57:08:806,-3.9675,-6.78875,"0,266",12,2,"9,5673","7,5021","51,4069","5,3732","-3,9062"
2026 02 02 10:57:08:808,-3.9334,-6.87625,"0,266",12,2,"9,5673","7,5021","51,4069","5,3732","-3,9062"
2026 02 02 10:57:08:810,-3.9675,-6.78875,"0,266",12,2,"9,5673","7,5021","51,4069","5,3732","-11,7187"
2026 02 02 10:57:08:812,-3.9675,-6.70125,"0,266",12,2,"9,5673","7,5021","51,4069","5,3732","3,9063"
2026 02 02 10:57:08:814,-3.9675,-6.70125,"0,266",12,2,"9,5673","7,5021","51,4069","5,3732","3,9063"
2026 02 02 10:57:08:816,-3.9675,-6.78875,"0,266",12,2,"9,5673","7,5021","51,4069","5,3732","3,9063"
2026 02 02 10:57:08:818,-3.9675,-6.70125,"0,266",12,2,"9,5673","7,5021","51,4069","5,3732","3,9063"
2026 02 02 10:57:08:820,-3.9675,-6.70125,"0,266",12,2,"9,5673","7,5021","51,4069","5,3732","31,25"
2026 02 02 10:57:08:822,-3.9675,-6.70125,"0,266",12,2,"9,5673","7,5021","51,4069","5,3732","19,5313"
2026 02 02 10:57:08:824,-3.9675,-6.70125,"0,266",12,2,"9,5673","7,5021","51,4069","5,3732","7,8125"
2026 02 02 10:57:08:826,-3.9985,-6.78875,"0,266",12,2,"9,5673","7,5021","51,4069","5,3732","-3,9062"
2026 02 02 10:57:08:828,-3.9985,-6.70125,"0,266",12,2,"9,5673","7,5021","51,4069","5,3732","-3,9062"
2026 02 02 10:57:08:830,-3.9675,-6.70125,"0,266",12,2,"9,5673","7,5021","51,4069","5,3732","-11,7187"
2026 02 02 10:57:08:832,-3.9675,-6.78875,"0,266",12,2,"9,5673","7,5021","51,4069","5,3732","3,9063"
2026 02 02 10:57:08:834,-3.9675,-6.78875,"0,266",12,2,"9,5673","7,5021","51,4069","5,3732","7,8125"
2026 02 02 10:57:08:836,-3.9675,-6.87625,"0,266",12,2,"9,5673","7,5021","51,4069","5,3732","7,8125"
2026 02 02 10:57:08:838,-3.9675,-6.78875,"0,266",12,2,"9,5673","7,5021","51,4069","5,3732","3,9063"
2026 02 02 10:57:08:840,-3.9675,-6.87625,"0,266",12,2,"9,5673","7,5021","51,4069","5,3732","31,25"
2026 02 02 10:57:08:842,-3.9675,-6.78875,"0,266",12,2,"9,5673","7,5021","51,4069","5,3732","15,625"
2026 02 02 10:57:08:844,-3.9334,-6.78875,"0,266",12,2,"9,5673","7,5021","51,4069","5,3732","7,8125"
2026 02 02 10:57:08:846,-3.9675,-6.78875,"0,266",12,2,"9,5673","7,5021","51,4069","5,3732","-3,9062"
2026 02 02 10:57:08:848,-3.9675,-6.78875,"0,266",12,2,"9,5673","7,5021","51,4069","5,3732","-7,8125"
2026 02 02 10:57:08:850,-3.9334,-6.70125,"0,266",12,2,"9,5673","7,5021","51,4069","5,3732","-7,8125"
2026 02 02 10:57:08:852,-3.9675,-6.70125,"0,266",12,2,"9,5673","7,5021","51,4069","5,3732","3,9063"
2026 02 02 10:57:08:854,-3.9675,-6.70125,"0,266",12,2,"9,5673","7,5021","51,4069","5,3732","3,9063"
2026 02 02 10:57:08:856,-3.9675,-6.78875,"0,266",12,2,"9,5673","7,5021","51,4069","5,3732","3,9063"
2026 02 02 10:57:08:858,-3.9675,-6.78875,"0,266",12,2,"9,5673","7,5021","51,4069","5,3732","7,8125"
2026 02 02 10:57:08:860,-3.9675,-6.70125,"0,266",12,2,"9,5673","7,5021","51,4069","5,3732","27,3438"
2026 02 02 10:57:08:862,-3.9675,-6.70125,"0,266",12,2,"9,5673","7,5021","51,4069","5,3732","15,625"
2026 02 02 10:57:08:864,-3.9675,-6.78875,"0,266",12,2,"9,5673","7,5021","51,4069","5,3732","7,8125"
2026 02 02 10:57:08:866,-3.9675,-6.78875,"0,266",12,2,"9,5673","7,5021","51,4069","5,3732","-3,9062"
2026 02 02 10:57:08:868,-3.9675,-6.70125,"0,266",12,2,"9,5673","7,5021","51,4069","5,3732","-3,9062"
2026 02 02 10:57:08:870,-3.9985,-6.78875,"0,266",12,2,"9,5673","7,5021","51,4069","5,3732","-15,625"
2026 02 02 10:57:08:872,-3.9334,-6.78875,"0,266",12,2,"9,5673","7,5021","51,4069","5,3732","3,9063"
2026 02 02 10:57:08:874,-3.9675,-6.70125,"0,266",12,2,"9,5673","7,5021","51,4069","5,3732","3,9063"
2026 02 02 10:57:08:876,-3.9675,-6.78875,"0,266",12,2,"9,5673","7,5021","51,4069","5,3732","3,9063"
2026 02 02 10:57:08:878,-3.9675,-6.78875,"0,266",12,2,"9,5673","7,5021","51,4069","5,3732","7,8125"
2026 02 02 10:57:08:880,-3.9675,-6.70125,"0,266",12,2,"9,5673","7,5021","51,4069","5,3732","27,3438"
2026 02 02 10:57:08:882,-3.9334,-6.70125,"0,266",12,2,"9,5673","7,5021","51,4069","5,3732","19,5313"
2026 02 02 10:57:08:884,-3.9675,-6.78875,"0,266",12,2,"9,5673","7,5021","51,4069","5,3732","7,8125"
2026 02 02 10:57:08:886,-3.9675,-6.87625,"0,266",12,2,"9,5673","7,5021","51,4069","5,3732","-3,9062"
2026 02 02 10:57:08:888,-3.9675,-6.78875,"0,266",12,2,"9,5673","7,5021","51,4069","5,3732","-3,9062"
2026 02 02 10:57:08:890,-3.9675,-6.78875,"0,266",12,2,"9,5673","7,5021","51,4069","5,3732","-11,7187"
2026 02 02 10:57:08:892,-3.9675,-6.87625,"0,266",12,2,"9,5673","7,5021","51,4069","5,3732","3,9063"
2026 02 02 10:57:08:894,-3.9675,-6.87625,"0,266",12,2,"9,5673","7,5021","51,4069","5,3732","3,9063"
2026 02 02 10:57:08:896,-3.9675,-6.78875,"0,266",12,2,"9,5673","7,5021","51,4069","5,3732","3,9063"
2026 02 02 10:57:08:898,-3.9675,-6.87625,"0,266",12,2,"9,5673","7,5021","51,4069","5,3732","7,8125"
2026 02 02 10:57:08:900,-3.9334,-6.70125,"0,266",12,2,"9,5673","7,5021","51,4069","5,3732","27,3438"
2026 02 02 10:57:08:902,-3.9675,-6.78875,"0,266",12,2,"9,5673","7,5021","51,4069","5,3732","19,5313"
2026 02 02 10:57:08:904,-3.9334,-6.78875,"0,266",12,2,"9,5673","7,5021","51,4069","5,3732","7,8125"
2026 02 02 10:57:08:906,-3.9675,-6.78875,"0,266",12,2,"9,5673","7,5021","51,4069","5,3732","-7,8125"
2026 02 02 10:57:08:908,-3.9675,-6.70125,"0,266",12,2,"9,5673","7,5021","51,4069","5,3732","-3,9062"
2026 02 02 10:57:08:910,-3.9675,-6.70125,"0,266",12,2,"9,5673","7,5021","51,4069","5,3732","-11,7187"
2026 02 02 10:57:08:912,-3.9675,-6.78875,"0,266",12,2,"9,5673","7,5021","51,4069","5,3732","3,9063"
2026 02 02 10:57:08:914,-3.9675,-6.70125,"0,266",12,2,"9,5673","7,5021","51,4069","5,3732","3,9063"
2026 02 02 10:57:08:916,-3.9675,-6.78875,"0,266",12,2,"9,5673","7,5021","51,4069","5,3732","3,9063"
2026 02 02 10:57:08:918,-3.9985,-6.78875,"0,266",12,2,"9,5673","7,5021","51,4069","5,3732","3,9063"
2026 02 02 10:57:08:920,-3.9675,-6.70125,"0,266",12,2,"9,5673","7,5021","51,4069","5,3732","31,25"
2026 02 02 10:57:08:922,-3.9334,-6.78875,"0,266",12,2,"9,5673","7,5021","51,4069","5,3732","23,4375"
2026 02 02 10:57:08:924,-3.9675,-6.70125,"0,266",12,2,"9,5673","7,5021","51,4069","5,3732","7,8125"
2026 02 02 10:57:08:926,-3.9675,-6.70125,"0,266",12,2,"9,5673","7,5021","51,4069","5,3732","-3,9062"
2026 02 02 10:57:08:928,-3.9675,-6.78875,"0,266",12,2,"9,5673","7,5021","51,4069","5,3732","-7,8125"
2026 02 02 10:57:08:930,-3.9334,-6.78875,"0,266",12,2,"9,5673","7,5021","51,4069","5,3732","-11,7187"
2026 02 02 10:57:08:932,-3.9675,-6.78875,"0,266",12,2,"9,5673","7,5021","51,4069","5,3732","3,9063"
2026 02 02 10:57:08:934,-3.9334,-6.70125,"0,266",12,2,"9,5673","7,5021","51,4069","5,3732","7,8125"
2026 02 02 10:57:08:936,-3.9675,-6.70125,"0,266",12,2,"9,5673","7,5021","51,4069","5,3732","3,9063"
2026 02 02 10:57:08:938,-3.9675,-6.78875,"0,266",12,2,"9,5673","7,5021","51,4069","5,3732","7,8125"
2026 02 02 10:57:08:940,-3.9675,-6.78875,"0,266",12,2,"9,5673","7,5021","51,4069","5,3732","31,25"
2026 02 02 10:57:08:942,-3.9985,-6.78875,"0,266",12,2,"9,5673","7,5021","51,4069","5,3732","23,4375"
2026 02 02 10:57:08:944,-3.9675,-6.70125,"0,266",12,2,"9,5673","7,5021","51,4069","5,3732","7,8125"
2026 02 02 10:57:08:946,-3.9675,-6.70125,"0,266",12,2,"9,5673","7,5021","51,4069","5,3732",0
2026 02 02 10:57:08:948,-3.9675,-6.78875,"0,266",12,2,"9,5673","7,5021","51,4069","5,3732","-7,8125"
2026 02 02 10:57:08:950,-3.9675,-6.70125,"0,266",12,2,"9,5673","7,5021","51,4069","5,3732","-11,7187"
2026 02 02 10:57:08:952,-3.9334,-6.70125,"0,266",12,2,"9,5673","7,5021","51,4069","5,3732","3,9063"
2026 02 02 10:57:08:954,-3.9334,-6.70125,"0,266",12,2,"9,5673","7,5021","51,4069","5,3732","3,9063"
2026 02 02 10:57:08:956,-3.9675,-6.70125,"0,266",12,2,"9,5673","7,5021","51,4069","5,3732","3,9063"
2026 02 02 10:57:08:958,-3.9675,-6.78875,"0,266",12,2,"9,5673","7,5021","51,4069","5,3732","7,8125"
2026 02 02 10:57:08:960,-3.9334,-6.78875,"0,266",12,2,"9,5673","7,5021","51,4069","5,3732","27,3438"
2026 02 02 10:57:08:962,-3.9675,-6.70125,"0,266",12,2,"9,5673","7,5021","51,4069","5,3732","23,4375"
2026 02 02 10:57:08:964,-3.9675,-6.70125,"0,266",12,2,"9,5673","7,5021","51,4069","5,3732","7,8125"
2026 02 02 10:57:08:966,-3.9675,-6.70125,"0,266",12,2,"9,5673","7,5021","51,4069","5,3732","-3,9062"
2026 02 02 10:57:08:968,-3.9985,-6.70125,"0,266",12,2,"9,5673","7,5021","51,4069","5,3732","-3,9062"
2026 02 02 10:57:08:970,-3.9985,-6.78875,"0,266",12,2,"9,5673","7,5021","51,4069","5,3732","-15,625"
2026 02 02 10:57:08:972,-3.9675,-6.70125,"0,266",12,2,"9,5673","7,5021","51,4069","5,3732","3,9063"
2026 02 02 10:57:08:974,-3.9985,-6.70125,"0,266",12,2,"9,5673","7,5021","51,4069","5,3732","3,9063"
2026 02 02 10:57:08:976,-3.9675,-6.70125,"0,266",12,2,"9,5673","7,5021","51,4069","5,3732","3,9063"
2026 02 02 10:57:08:978,-3.9985,-6.78875,"0,266",12,2,"9,5673","7,5021","51,4069","5,3732","3,9063"
2026 02 02 10:57:08:980,-3.9675,-6.70125,"0,266",12,2,"9,5673","7,5021","51,4069","5,3732","27,3438"
2026 02 02 10:57:08:982,-3.9675,-6.78875,"0,266",12,2,"9,5673","7,5021","51,4069","5,3732","19,5313"
2026 02 02 10:57:08:984,-3.9675,-6.78875,"0,266",12,2,"9,5673","7,5021","51,4069","5,3732","7,8125"
2026 02 02 10:57:08:986,-3.9334,-6.78875,"0,266",12,2,"9,5673","7,5021","51,4069","5,3732","-7,8125"
2026 02 02 10:57:08:988,-3.9675,-6.70125,"0,266",12,2,"9,5673","7,5021","51,4069","5,3732","-7,8125"
2026 02 02 10:57:08:990,-3.9985,-6.78875,"0,266",12,2,"9,5673","7,5021","51,4069","5,3732","-19,5312"
2026 02 02 10:57:08:992,-3.9675,-6.70125,"0,266",12,2,"9,5673","7,5021","51,4069","5,3732","3,9063"
2026 02 02 10:57:08:994,-3.9675,-6.78875,"0,266",12,2,"9,5673","7,5021","51,4069","5,3732","3,9063"
2026 02 02 10:57:08:996,-3.9675,-6.78875,"0,266",12,2,"9,5673","7,5021","51,4069","5,3732","3,9063"
2026 02 02 10:57:08:998,-3.9675,-6.78875,"0,266",12,2,"9,5673","7,5021","51,4069","5,3732","3,9063"
2026 02 02 10:57:09:000,-3.9675,-6.78875,"0,266",12,2,"9,5673","7,5021","51,4069","5,3732","27,3438"
2026 02 02 10:57:09:002,-3.9675,-6.78875,"0,266",12,2,"9,5673","7,5021","51,4069","5,3732","15,625"
2026 02 02 10:57:09:004,-3.9675,-6.70125,"0,266",12,2,"9,5673","7,5021","51,4069","5,3732","3,9063"
2026 02 02 10:57:09:006,-3.9675,-6.78875,"0,266",12,2,"9,5673","7,5021","51,4069","5,3732","-11,7187"
2026 02 02 10:57:09:008,-3.9675,-6.78875,"0,266",12,2,"9,5673","7,5021","51,4069","5,3732","-7,8125"
2026 02 02 10:57:09:010,-3.9675,-6.78875,"0,266",12,2,"9,5673","7,5021","51,4069","5,3732","-15,625"
2026 02 02 10:57:09:012,-3.9675,-6.70125,"0,266",12,2,"9,5673","7,5021","51,4069","5,3732","3,9063"
2026 02 02 10:57:09:014,-3.9675,-6.70125,"0,266",12,2,"9,5673","7,5021","51,4069","5,3732","7,8125"
2026 02 02 10:57:09:016,-3.9985,-6.78875,"0,266",12,2,"9,5673","7,5021","51,4069","5,3732","3,9063"
2026 02 02 10:57:09:018,-3.9675,-6.70125,"0,266",12,2,"9,5673","7,5021","51,4069","5,3732","7,8125"
2026 02 02 10:57:09:020,-3.9675,-6.78875,"0,266",12,2,"9,5673","7,5021","51,4069","5,3732","27,3438"
2026 02 02 10:57:09:022,-3.9675,-6.70125,"0,266",12,2,"9,5673","7,5021","51,4069","5,3732","15,625"
2026 02 02 10:57:09:024,-3.9675,-6.70125,"0,266",12,2,"9,5673","7,5021","51,4069","5,3732","3,9063"
2026 02 02 10:57:09:026,-3.9334,-6.70125,"0,266",12,2,"9,5673","7,5021","51,4069","5,3732","-7,8125"
2026 02 02 10:57:09:028,-3.9675,-6.70125,"0,266",12,2,"9,5673","7,5021","51,4069","5,3732","-3,9062"
2026 02 02 10:57:09:030,-3.9334,-6.78875,"0,266",12,2,"9,5673","7,5021","51,4069","5,3732","-19,5312"
2026 02 02 10:57:09:032,-3.9675,-6.78875,"0,266",12,2,"9,5673","7,5021","51,4069","5,3732","7,8125"
2026 02 02 10:57:09:034,-3.9675,-6.70125,"0,266",12,2,"9,5673","7,5021","51,4069","5,3732","7,8125"
2026 02 02 10:57:09:036,-3.9675,-6.78875,"0,266",12,2,"9,5673","7,5021","51,4069","5,3732","3,9063"
2026 02 02 10:57:09:038,-3.9675,-6.78875,"0,266",12,2,"9,5673","7,5021","51,4069","5,3732","7,8125"
2026 02 02 10:57:09:040,-3.9334,-6.78875,"0,266",12,2,"9,5673","7,5021","51,4069","5,3732","27,3438"
2026 02 02 10:57:09:042,-3.9334,-6.70125,"0,266",12,2,"9,5673","7,5021","51,4069","5,3732","19,5313"
2026 02 02 10:57:09:044,-3.9675,-6.78875,"0,266",12,2,"9,5673","7,5021","51,4069","5,3732","7,8125"
2026 02 02 10:57:09:046,-3.9675,-6.78875,"0,266",12,2,"9,5673","7,5021","51,4069","5,3732","-3,9062"
2026 02 02 10:57:09:048,-3.9334,-6.78875,"0,266",12,2,"9,5673","7,5021","51,4069","5,3732","-7,8125"
2026 02 02 10:57:09:050,-3.9675,-6.78875,"0,266",12,2,"9,5673","7,5021","51,4069","5,3732","-11,7187"
2026 02 02 10:57:09:052,-3.9675,-6.78875,"0,266",12,2,"9,5673","7,5021","51,4069","5,3732","3,9063"
2026 02 02 10:57:09:054,-3.9675,-6.70125,"0,266",12,2,"9,5673","7,5021","51,4069","5,3732","3,9063"
2026 02 02 10:57:09:056,-3.9675,-6.70125,"0,266",12,2,"9,5673","7,5021","51,4069","5,3732","7,8125"
2026 02 02 10:57:09:058,-3.9675,-6.78875,"0,266",12,2,"9,5673","7,5021","51,4069","5,3732","7,8125"
2026 02 02 10:57:09:060,-3.9985,-6.78875,"0,266",12,2,"9,5673","7,5021","51,4069","5,3732","31,25"
2026 02 02 10:57:09:062,-3.9675,-6.78875,"0,266",12,2,"9,5673","7,5465","51,0254","5,3333","19,5313"
2026 02 02 10:57:09:064,-3.9675,-6.70125,"0,266",12,2,"9,5673","7,5465","51,0254","5,3333","7,8125"
2026 02 02 10:57:09:066,-3.9675,-6.78875,"0,266",12,2,"9,5673","7,5465","51,0254","5,3333","-7,8125"
2026 02 02 10:57:09:068,-3.9675,-6.70125,"0,266",12,2,"9,5673","7,5465","51,0254","5,3333","-7,8125"
2026 02 02 10:57:09:070,-3.9675,-6.70125,"0,266",12,2,"9,5673","7,5465","51,0254","5,3333","-23,4375"
2026 02 02 10:57:09:072,-3.9985,-6.78875,"0,266",12,2,"9,5673","7,5465","51,0254","5,3333","3,9063"
2026 02 02 10:57:09:074,-3.9985,-6.70125,"0,266",12,2,"9,5673","7,5465","51,0254","5,3333","7,8125"
2026 02 02 10:57:09:076,-3.9675,-6.78875,"0,266",12,2,"9,5673","7,5465","51,0254","5,3333","3,9063"
2026 02 02 10:57:09:078,-3.9675,-6.78875,"0,266",12,2,"9,5673","7,5465","51,0254","5,3333","3,9063"
2026 02 02 10:57:09:080,-3.9334,-6.70125,"0,266",12,2,"9,5673","7,5465","51,0254","5,3333","31,25"
2026 02 02 10:57:09:082,-3.9675,-6.78875,"0,266",12,2,"9,5673","7,5465","51,0254","5,3333","19,5313"
2026 02 02 10:57:09:084,-3.9985,-6.78875,"0,266",12,2,"9,5673","7,5465","51,0254","5,3333","7,8125"
2026 02 02 10:57:09:086,-3.9675,-6.78875,"0,266",12,2,"9,5673","7,5465","51,0254","5,3333","-7,8125"
2026 02 02 10:57:09:088,-3.9985,-6.87625,"0,266",12,2,"9,5673","7,5465","51,0254","5,3333","-3,9062"
2026 02 02 10:57:09:090,-3.9675,-6.78875,"0,266",12,2,"9,5673","7,5465","51,0254","5,3333","-15,625"
2026 02 02 10:57:09:092,-3.9334,-6.78875,"0,266",12,2,"9,5673","7,5465","51,0254","5,3333","7,8125"
2026 02 02 10:57:09:094,-3.9675,-6.70125,"0,266",12,2,"9,5673","7,5465","51,0254","5,3333","3,9063"
2026 02 02 10:57:09:096,-3.9334,-6.78875,"0,266",12,2,"9,5673","7,5465","51,0254","5,3333","3,9063"
2026 02 02 10:57:09:098,-3.9334,-6.70125,"0,266",12,2,"9,5673","7,5465","51,0254","5,3333","3,9063"
2026 02 02 10:57:09:100,-3.9675,-6.70125,"0,266",12,2,"9,5673","7,5465","51,0254","5,3333","31,25"
2026 02 02 10:57:09:102,-3.9675,-6.70125,"0,266",12,2,"9,5673","7,5465","51,0254","5,3333","19,5313"
2026 02 02 10:57:09:104,-3.9675,-6.78875,"0,266",12,2,"9,5673","7,5465","51,0254","5,3333","7,8125"
2026 02 02 10:57:09:106,-3.9675,-6.70125,"0,266",12,2,"9,5673","7,5465","51,0254","5,3333","-3,9062"
2026 02 02 10:57:09:108,-3.9985,-6.70125,"0,266",12,2,"9,5673","7,5465","51,0254","5,3333","-7,8125"
2026 02 02 10:57:09:110,-3.9675,-6.78875,"0,266",12,2,"9,5673","7,5465","51,0254","5,3333","-15,625"
2026 02 02 10:57:09:112,-3.9675,-6.78875,"0,266",12,2,"9,5673","7,5465","51,0254","5,3333","3,9063"
2026 02 02 10:57:09:114,-3.9334,-6.87625,"0,266",12,2,"9,5673","7,5465","51,0254","5,3333","3,9063"
2026 02 02 10:57:09:116,-3.9675,-6.78875,"0,266",12,2,"9,5673","7,5465","51,0254","5,3333","3,9063"
2026 02 02 10:57:09:118,-3.9675,-6.70125,"0,266",12,2,"9,5673","7,5465","51,0254","5,3333","3,9063"
2026 02 02 10:57:09:120,-3.9675,-6.78875,"0,266",12,2,"9,5673","7,5465","51,0254","5,3333","27,3438"
2026 02 02 10:57:09:122,-3.9675,-6.70125,"0,266",12,2,"9,5673","7,5465","51,0254","5,3333","19,5313"
2026 02 02 10:57:09:124,-3.9675,-6.78875,"0,266",12,2,"9,5673","7,5465","51,0254","5,3333","7,8125"
2026 02 02 10:57:09:126,-3.9675,-6.70125,"0,266",12,2,"9,5673","7,5465","51,0254","5,3333","-3,9062"
2026 02 02 10:57:09:128,-3.9675,-6.70125,"0,266",12,2,"9,5673","7,5465","51,0254","5,3333","-3,9062"
2026 02 02 10:57:09:130,-3.9675,-6.78875,"0,266",12,2,"9,5673","7,5465","51,0254","5,3333","-15,625"
2026 02 02 10:57:09:132,-3.9675,-6.78875,"0,266",12,2,"9,5673","7,5465","51,0254","5,3333","3,9063"
2026 02 02 10:57:09:134,-3.9985,-6.78875,"0,266",12,2,"9,5673","7,5465","51,0254","5,3333","3,9063"
2026 02 02 10:57:09:136,-3.9675,-6.78875,"0,266",12,2,"9,5673","7,5465","51,0254","5,3333","7,8125"
2026 02 02 10:57:09:138,-3.9985,-6.70125,"0,266",12,2,"9,5673","7,5465","51,0254","5,3333","7,8125"
2026 02 02 10:57:09:140,-3.9675,-6.78875,"0,266",12,2,"9,5673","7,5465","51,0254","5,3333","27,3438"
2026 02 02 10:57:09:142,-3.9675,-6.78875,"0,266",12,2,"9,5673","7,5465","51,0254","5,3333","15,625"
2026 02 02 10:57:09:144,-3.9675,-6.78875,"0,266",12,2,"9,5673","7,5465","51,0254","5,3333","7,8125"
2026 02 02 10:57:09:146,-3.9334,-6.78875,"0,266",12,2,"9,5673","7,5465","51,0254","5,3333","-3,9062"
2026 02 02 10:57:09:148,-3.9675,-6.78875,"0,266",12,2,"9,5673","7,5465","51,0254","5,3333","-7,8125"
2026 02 02 10:57:09:150,-3.9334,-6.78875,"0,266",12,2,"9,5673","7,5465","51,0254","5,3333","-19,5312"
2026 02 02 10:57:09:152,-3.9675,-6.70125,"0,266",12,2,"9,5673","7,5465","51,0254","5,3333","3,9063"
2026 02 02 10:57:09:154,-3.9334,-6.70125,"0,266",12,2,"9,5673","7,5465","51,0254","5,3333","3,9063"
2026 02 02 10:57:09:156,-3.9675,-6.70125,"0,266",12,2,"9,5673","7,5465","51,0254","5,3333",0
2026 02 02 10:57:09:158,-3.9334,-6.78875,"0,266",12,2,"9,5673","7,5465","51,0254","5,3333","3,9063"
2026 02 02 10:57:09:160,-3.9334,-6.78875,"0,266",12,2,"9,5673","7,5465","51,0254","5,3333","27,3438"
2026 02 02 10:57:09:162,-3.9675,-6.78875,"0,266",12,2,"9,5673","7,5465","51,0254","5,3333","19,5313"
2026 02 02 10:57:09:164,-3.9675,-6.70125,"0,266",12,2,"9,5673","7,5465","51,0254","5,3333","7,8125"
2026 02 02 10:57:09:166,-3.9985,-6.78875,"0,266",12,2,"9,5673","7,5465","51,0254","5,3333","-7,8125"
2026 02 02 10:57:09:168,-3.9334,-6.78875,"0,266",12,2,"9,5673","7,5465","51,0254","5,3333","-7,8125"
2026 02 02 10:57:09:170,-3.9675,-6.78875,"0,266",12,2,"9,5673","7,5465","51,0254","5,3333","-19,5312"
2026 02 02 10:57:09:172,-3.9675,-6.70125,"0,266",12,2,"9,5673","7,5465","51,0254","5,3333","3,9063"
2026 02 02 10:57:09:174,-3.9985,-6.78875,"0,266",12,2,"9,5673","7,5465","51,0254","5,3333","3,9063"
2026 02 02 10:57:09:176,-3.9675,-6.78875,"0,266",12,2,"9,5673","7,5465","51,0254","5,3333","3,9063"
2026 02 02 10:57:09:178,-3.9675,-6.78875,"0,266",12,2,"9,5673","7,5465","51,0254","5,3333","3,9063"
2026 02 02 10:57:09:180,-3.9675,-6.78875,"0,266",12,2,"9,5673","7,5465","51,0254","5,3333","27,3438"
2026 02 02 10:57:09:182,-3.9675,-6.70125,"0,266",12,2,"9,5673","7,5465","51,0254","5,3333","19,5313"
2026 02 02 10:57:09:184,-3.9675,-6.70125,"0,266",12,2,"9,5673","7,5465","51,0254","5,3333","7,8125"
2026 02 02 10:57:09:186,-3.9675,-6.78875,"0,266",12,2,"9,5673","7,5465","51,0254","5,3333","-7,8125"
2026 02 02 10:57:09:188,-3.9985,-6.70125,"0,266",12,2,"9,5673","7,5465","51,0254","5,3333","-7,8125"
2026 02 02 10:57:09:190,-3.9675,-6.70125,"0,266",12,2,"9,5673","7,5465","51,0254","5,3333","-15,625"
2026 02 02 10:57:09:192,-3.9985,-6.78875,"0,266",12,2,"9,5673","7,5465","51,0254","5,3333","3,9063"
2026 02 02 10:57:09:194,-3.9675,-6.78875,"0,266",12,2,"9,5673","7,5465","51,0254","5,3333","3,9063"
2026 02 02 10:57:09:196,-3.9675,-6.70125,"0,266",12,2,"9,5673","7,5465","51,0254","5,3333","3,9063"
2026 02 02 10:57:09:198,-3.9985,-6.87625,"0,266",12,2,"9,5673","7,5465","51,0254","5,3333","3,9063"
2026 02 02 10:57:09:200,-3.9675,-6.70125,"0,266",12,2,"9,5673","7,5465","51,0254","5,3333","31,25"
2026 02 02 10:57:09:202,-3.9334,-6.78875,"0,266",12,2,"9,5673","7,5465","51,0254","5,3333","27,3438"
2026 02 02 10:57:09:204,-3.9985,-6.78875,"0,266",12,2,"9,5673","7,5465","51,0254","5,3333","7,8125"
2026 02 02 10:57:09:206,-3.9675,-6.78875,"0,266",12,2,"9,5673","7,5465","51,0254","5,3333","-3,9062"
2026 02 02 10:57:09:208,-3.9985,-6.78875,"0,266",12,2,"9,5673","7,5465","51,0254","5,3333","-7,8125"
2026 02 02 10:57:09:210,-3.9675,-6.78875,"0,266",12,2,"9,5673","7,5465","51,0254","5,3333","-19,5312"
2026 02 02 10:57:09:212,-3.9985,-6.70125,"0,266",12,2,"9,5673","7,5465","51,0254","5,3333","3,9063"
2026 02 02 10:57:09:214,-3.9675,-6.70125,"0,266",12,2,"9,5673","7,5465","51,0254","5,3333","3,9063"
2026 02 02 10:57:09:216,-3.9675,-6.70125,"0,266",12,2,"9,5673","7,5465","51,0254","5,3333","3,9063"
2026 02 02 10:57:09:218,-3.9675,-6.70125,"0,266",12,2,"9,5673","7,5465","51,0254","5,3333","3,9063"
2026 02 02 10:57:09:220,-3.9675,-6.70125,"0,266",12,2,"9,5673","7,5465","51,0254","5,3333","27,3438"
2026 02 02 10:57:09:222,-3.9334,-6.78875,"0,266",12,2,"9,5673","7,5465","51,0254","5,3333","27,3438"
2026 02 02 10:57:09:224,-3.9675,-6.78875,"0,266",12,2,"9,5673","7,5465","51,0254","5,3333","7,8125"
2026 02 02 10:57:09:226,-3.9675,-6.78875,"0,266",12,2,"9,5673","7,5465","51,0254","5,3333",0
2026 02 02 10:57:09:228,-3.9334,-6.70125,"0,266",12,2,"9,5673","7,5465","51,0254","5,3333","-7,8125"
2026 02 02 10:57:09:230,-3.9675,-6.78875,"0,266",12,2,"9,5673","7,5465","51,0254","5,3333","-19,5312"
2026 02 02 10:57:09:232,-3.9334,-6.78875,"0,266",12,2,"9,5673","7,5465","51,0254","5,3333","3,9063"
2026 02 02 10:57:09:234,-3.9985,-6.78875,"0,266",12,2,"9,5673","7,5465","51,0254","5,3333","3,9063"
2026 02 02 10:57:09:236,-3.9675,-6.78875,"0,266",12,2,"9,5673","7,5465","51,0254","5,3333","3,9063"
2026 02 02 10:57:09:238,-3.9334,-6.70125,"0,266",12,2,"9,5673","7,5465","51,0254","5,3333","3,9063"
2026 02 02 10:57:09:240,-3.9675,-6.78875,"0,266",12,2,"9,5673","7,5465","51,0254","5,3333","27,3438"
2026 02 02 10:57:09:242,-3.9334,-6.78875,"0,266",12,2,"9,5673","7,5465","51,0254","5,3333","27,3438"
2026 02 02 10:57:09:244,-3.9675,-6.78875,"0,266",12,2,"9,5673","7,5465","51,0254","5,3333","7,8125"
2026 02 02 10:57:09:246,-3.9675,-6.78875,"0,266",12,2,"9,5673","7,5465","51,0254","5,3333",0
2026 02 02 10:57:09:248,-3.9675,-6.87625,"0,266",12,2,"9,5673","7,5465","51,0254","5,3333","-7,8125"
2026 02 02 10:57:09:250,-3.9675,-6.78875,"0,266",12,2,"9,5673","7,5465","51,0254","5,3333","-19,5312"
2026 02 02 10:57:09:252,-3.9675,-6.78875,"0,266",12,2,"9,5673","7,5465","51,0254","5,3333","3,9063"
2026 02 02 10:57:09:254,-3.9675,-6.78875,"0,266",12,2,"9,5673","7,5465","51,0254","5,3333","7,8125"
2026 02 02 10:57:09:256,-3.9334,-6.78875,"0,266",12,2,"9,5673","7,5465","51,0254","5,3333","3,9063"
2026 02 02 10:57:09:258,-3.9334,-6.78875,"0,266",12,2,"9,5673","7,5465","51,0254","5,3333","7,8125"
2026 02 02 10:57:09:260,-3.9675,-6.70125,"0,266",12,2,"9,5673","7,5465","51,0254","5,3333","23,4375"
2026 02 02 10:57:09:262,-3.9675,-6.70125,"0,266",12,2,"9,5673","7,5465","51,0254","5,3333","15,625"
2026 02 02 10:57:09:264,-3.9675,-6.78875,"0,266",12,2,"9,5673","7,5465","51,0254","5,3333","7,8125"
2026 02 02 10:57:09:266,-3.9675,-6.78875,"0,266",12,2,"9,5673","7,5465","51,0254","5,3333","-7,8125"
2026 02 02 10:57:09:268,-3.9675,-6.78875,"0,266",12,2,"9,5673","7,5465","51,0254","5,3333","-7,8125"
2026 02 02 10:57:09:270,-3.9675,-6.70125,"0,266",12,2,"9,5673","7,5465","51,0254","5,3333","-15,625"
2026 02 02 10:57:09:272,-3.9675,-6.78875,"0,266",12,2,"9,5673","7,5465","51,0254","5,3333","3,9063"
2026 02 02 10:57:09:274,-3.9675,-6.70125,"0,266",12,2,"9,5673","7,5465","51,0254","5,3333","3,9063"
2026 02 02 10:57:09:276,-3.9675,-6.78875,"0,266",12,2,"9,5673","7,5465","51,0254","5,3333","3,9063"
2026 02 02 10:57:09:278,-3.9675,-6.78875,"0,266",12,2,"9,5673","7,5465","51,0254","5,3333","3,9063"
2026 02 02 10:57:09:280,-3.9334,-6.70125,"0,266",12,2,"9,5673","7,5465","51,0254","5,3333","23,4375"
2026 02 02 10:57:09:282,-3.9985,-6.70125,"0,266",12,2,"9,5673","7,5465","51,0254","5,3333","15,625"
2026 02 02 10:57:09:284,-3.9675,-6.70125,"0,266",12,2,"9,5673","7,5465","51,0254","5,3333","3,9063"
2026 02 02 10:57:09:286,-3.9675,-6.70125,"0,266",12,2,"9,5673","7,5465","51,0254","5,3333","-7,8125"
2026 02 02 10:57:09:288,-3.9675,-6.78875,"0,266",12,2,"9,5673","7,5465","51,0254","5,3333","-7,8125"
2026 02 02 10:57:09:290,-3.9675,-6.78875,"0,266",12,2,"9,5673","7,5465","51,0254","5,3333","-23,4375"
2026 02 02 10:57:09:292,-3.9675,-6.78875,"0,266",12,2,"9,5673","7,5465","51,0254","5,3333","3,9063"
2026 02 02 10:57:09:294,-3.9675,-6.87625,"0,266",12,2,"9,5673","7,5465","51,0254","5,3333","3,9063"
2026 02 02 10:57:09:296,-3.9985,-6.78875,"0,266",12,2,"9,5673","7,5465","51,0254","5,3333","3,9063"
2026 02 02 10:57:09:298,-3.9675,-6.78875,"0,266",12,2,"9,5673","7,5465","51,0254","5,3333","3,9063"
2026 02 02 10:57:09:300,-3.9675,-6.78875,"0,266",12,2,"9,5673","7,5465","51,0254","5,3333","23,4375"
2026 02 02 10:57:09:302,-3.9675,-6.70125,"0,266",12,2,"9,5673","7,5465","51,0254","5,3333","15,625"
2026 02 02 10:57:09:304,-3.9985,-6.78875,"0,266",12,2,"9,5673","7,5465","51,0254","5,3333","3,9063"
2026 02 02 10:57:09:306,-3.9675,-6.78875,"0,266",12,2,"9,5673","7,5465","51,0254","5,3333","-11,7187"
2026 02 02 10:57:09:308,-3.9985,-6.78875,"0,266",12,2,"9,5673","7,5465","51,0254","5,3333","-7,8125"
2026 02 02 10:57:09:310,-3.9675,-6.78875,"0,266",12,2,"9,5673","7,5465","51,0254","5,3333","-23,4375"
2026 02 02 10:57:09:312,-3.9675,-6.70125,"0,266",12,2,"9,5673","7,5465","51,0254","5,3333","3,9063"
2026 02 02 10:57:09:314,-3.9985,-6.78875,"0,266",12,2,"9,5673","7,5465","51,0254","5,3333","3,9063"
2026 02 02 10:57:09:316,-3.9334,-6.78875,"0,266",12,2,"9,5673","7,5465","51,0254","5,3333","3,9063"
2026 02 02 10:57:09:318,-3.9675,-6.70125,"0,266",12,2,"9,5673","7,5465","51,0254","5,3333","7,8125"
2026 02 02 10:57:09:320,-3.9675,-6.70125,"0,266",12,2,"9,5673","7,5465","51,0254","5,3333","27,3438"
2026 02 02 10:57:09:322,-3.9334,-6.70125,"0,266",12,2,"9,5673","7,5465","51,0254","5,3333","19,5313"
2026 02 02 10:57:09:324,-3.9985,-6.70125,"0,266",12,2,"9,5673","7,5465","51,0254","5,3333","7,8125"
2026 02 02 10:57:09:326,-3.9675,-6.78875,"0,266",12,2,"9,5673","7,5465","51,0254","5,3333","-7,8125"
2026 02 02 10:57:09:328,-3.9675,-6.78875,"0,266",12,2,"9,5673","7,5465","51,0254","5,3333","-7,8125"
2026 02 02 10:57:09:330,-3.9334,-6.70125,"0,266",12,2,"9,5673","7,5465","51,0254","5,3333","-23,4375"
2026 02 02 10:57:09:332,-3.9985,-6.78875,"0,266",12,2,"9,5673","7,5465","51,0254","5,3333","3,9063"
2026 02 02 10:57:09:334,-3.9675,-6.70125,"0,266",12,2,"9,5673","7,5465","51,0254","5,3333","7,8125"
2026 02 02 10:57:09:336,-3.9985,-6.78875,"0,266",12,2,"9,5673","7,5465","51,0254","5,3333","3,9063"
2026 02 02 10:57:09:338,-3.9675,-6.78875,"0,266",12,2,"9,5673","7,5465","51,0254","5,3333","3,9063"
2026 02 02 10:57:09:340,-3.9675,-6.78875,"0,266",12,2,"9,5673","7,5465","51,0254","5,3333","27,3438"
2026 02 02 10:57:09:342,-3.9675,-6.70125,"0,266",12,2,"9,5673","7,5465","51,0254","5,3333","19,5313"
2026 02 02 10:57:09:344,-3.9334,-6.78875,"0,266",12,2,"9,5673","7,5465","51,0254","5,3333","7,8125"
2026 02 02 10:57:09:346,-3.9024,-6.70125,"0,266",12,2,"9,5673","7,5465","51,0254","5,3333","-7,8125"
2026 02 02 10:57:09:348,-3.9334,-6.78875,"0,266",12,2,"9,5673","7,5465","51,0254","5,3333","-7,8125"
2026 02 02 10:57:09:350,-3.9334,-6.87625,"0,266",12,2,"9,5673","7,5465","51,0254","5,3333","-23,4375"
2026 02 02 10:57:09:352,-3.9675,-6.78875,"0,266",12,2,"9,5673","7,5465","51,0254","5,3333","3,9063"
2026 02 02 10:57:09:354,-3.9675,-6.78875,"0,266",12,2,"9,5673","7,5465","51,0254","5,3333","3,9063"
2026 02 02 10:57:09:356,-3.9675,-6.78875,"0,266",12,2,"9,5673","7,5465","51,0254","5,3333","7,8125"
2026 02 02 10:57:09:358,-3.9334,-6.78875,"0,266",12,2,"9,5673","7,5465","51,0254","5,3333","3,9063"
2026 02 02 10:57:09:360,-3.9985,-6.70125,"0,266",12,2,"9,5673","7,5465","51,0254","5,3333","27,3438"
2026 02 02 10:57:09:362,-3.9675,-6.78875,"0,266",12,2,"9,5673","7,3766","50,9949","5,3301","23,4375"
2026 02 02 10:57:09:364,-3.9675,-6.78875,"0,266",12,2,"9,5673","7,3766","50,9949","5,3301","7,8125"
2026 02 02 10:57:09:366,-3.9334,-6.78875,"0,266",12,2,"9,5673","7,3766","50,9949","5,3301","-7,8125"
2026 02 02 10:57:09:368,-3.9675,-6.78875,"0,266",12,2,"9,5673","7,3766","50,9949","5,3301","-7,8125"
2026 02 02 10:57:09:370,-3.9675,-6.70125,"0,266",12,2,"9,5673","7,3766","50,9949","5,3301","-23,4375"
2026 02 02 10:57:09:372,-3.9675,-6.78875,"0,266",12,2,"9,5673","7,3766","50,9949","5,3301","3,9063"
2026 02 02 10:57:09:374,-3.9675,-6.70125,"0,266",12,2,"9,5673","7,3766","50,9949","5,3301","3,9063"
2026 02 02 10:57:09:376,-3.9334,-6.78875,"0,266",12,2,"9,5673","7,3766","50,9949","5,3301","3,9063"
2026 02 02 10:57:09:378,-3.9675,-6.78875,"0,266",12,2,"9,5673","7,3766","50,9949","5,3301","3,9063"
2026 02 02 10:57:09:380,-3.9675,-6.78875,"0,266",12,2,"9,5673","7,3766","50,9949","5,3301","27,3438"
2026 02 02 10:57:09:382,-3.9675,-6.78875,"0,266",12,2,"9,5673","7,3766","50,9949","5,3301","19,5313"
2026 02 02 10:57:09:384,-3.9675,-6.70125,"0,266",12,2,"9,5673","7,3766","50,9949","5,3301","7,8125"
2026 02 02 10:57:09:386,-3.9985,-6.78875,"0,266",12,2,"9,5673","7,3766","50,9949","5,3301","-7,8125"
2026 02 02 10:57:09:388,-3.9675,-6.87625,"0,266",12,2,"9,5673","7,3766","50,9949","5,3301","-7,8125"
2026 02 02 10:57:09:390,-3.9675,-6.78875,"0,266",12,2,"9,5673","7,3766","50,9949","5,3301","-19,5312"
2026 02 02 10:57:09:392,-3.9675,-6.78875,"0,266",12,2,"9,5673","7,3766","50,9949","5,3301","7,8125"
2026 02 02 10:57:09:394,-3.9675,-6.78875,"0,266",12,2,"9,5673","7,3766","50,9949","5,3301","3,9063"
2026 02 02 10:57:09:396,-3.9675,-6.78875,"0,266",12,2,"9,5673","7,3766","50,9949","5,3301","3,9063"
2026 02 02 10:57:09:398,-3.9675,-6.78875,"0,266",12,2,"9,5673","7,3766","50,9949","5,3301","3,9063"
2026 02 02 10:57:09:400,-3.9675,-6.78875,"0,266",12,2,"9,5673","7,3766","50,9949","5,3301","27,3438"
2026 02 02 10:57:09:402,-3.9675,-6.78875,"0,266",12,2,"9,5673","7,3766","50,9949","5,3301","19,5313"
2026 02 02 10:57:09:404,-3.9675,-6.78875,"0,266",12,2,"9,5673","7,3766","50,9949","5,3301","7,8125"
2026 02 02 10:57:09:406,-3.9675,-6.78875,"0,266",12,2,"9,5673","7,3766","50,9949","5,3301","-3,9062"
2026 02 02 10:57:09:408,-3.9675,-6.78875,"0,266",12,2,"9,5673","7,3766","50,9949","5,3301","-11,7187"
2026 02 02 10:57:09:410,-3.9334,-6.78875,"0,266",12,2,"9,5673","7,3766","50,9949","5,3301","-19,5312"
2026 02 02 10:57:09:412,-3.9675,-6.78875,"0,266",12,2,"9,5673","7,3766","50,9949","5,3301","3,9063"
2026 02 02 10:57:09:414,-3.9675,-6.78875,"0,266",12,2,"9,5673","7,3766","50,9949","5,3301","3,9063"
2026 02 02 10:57:09:416,-3.9675,-6.70125,"0,266",12,2,"9,5673","7,3766","50,9949","5,3301","3,9063"
2026 02 02 10:57:09:418,-3.9985,-6.78875,"0,266",12,2,"9,5673","7,3766","50,9949","5,3301","3,9063"
2026 02 02 10:57:09:420,-3.9675,-6.70125,"0,266",12,2,"9,5673","7,3766","50,9949","5,3301","23,4375"
2026 02 02 10:57:09:422,-3.9985,-6.78875,"0,266",12,2,"9,5673","7,3766","50,9949","5,3301","19,5313"
2026 02 02 10:57:09:424,-3.9675,-6.78875,"0,266",12,2,"9,5673","7,3766","50,9949","5,3301","7,8125"
2026 02 02 10:57:09:426,-3.9675,-6.78875,"0,266",12,2,"9,5673","7,3766","50,9949","5,3301","-3,9062"
2026 02 02 10:57:09:428,-3.9675,-6.78875,"0,266",12,2,"9,5673","7,3766","50,9949","5,3301","-11,7187"
2026 02 02 10:57:09:430,-3.9675,-6.78875,"0,266",12,2,"9,5673","7,3766","50,9949","5,3301","-19,5312"
2026 02 02 10:57:09:432,-3.9675,-6.78875,"0,266",12,2,"9,5673","7,3766","50,9949","5,3301","3,9063"
2026 02 02 10:57:09:434,-3.9675,-6.78875,"0,266",12,2,"9,5673","7,3766","50,9949","5,3301","3,9063"
2026 02 02 10:57:09:436,-3.9675,-6.78875,"0,266",12,2,"9,5673","7,3766","50,9949","5,3301","3,9063"
2026 02 02 10:57:09:438,-3.9675,-6.78875,"0,266",12,2,"9,5673","7,3766","50,9949","5,3301","3,9063"
2026 02 02 10:57:09:440,-3.9985,-6.87625,"0,266",12,2,"9,5673","7,3766","50,9949","5,3301","27,3438"
2026 02 02 10:57:09:442,-3.9675,-6.78875,"0,266",12,2,"9,5673","7,3766","50,9949","5,3301","15,625"
2026 02 02 10:57:09:444,-3.9675,-6.78875,"0,266",12,2,"9,5673","7,3766","50,9949","5,3301","7,8125"
2026 02 02 10:57:09:446,-3.9675,-6.70125,"0,266",12,2,"9,5673","7,3766","50,9949","5,3301","-3,9062"
2026 02 02 10:57:09:448,-3.9985,-6.78875,"0,266",12,2,"9,5673","7,3766","50,9949","5,3301","-7,8125"
2026 02 02 10:57:09:450,-3.9675,-6.78875,"0,266",12,2,"9,5673","7,3766","50,9949","5,3301","-19,5312"
2026 02 02 10:57:09:452,-3.9675,-6.78875,"0,266",12,2,"9,5673","7,3766","50,9949","5,3301","3,9063"
2026 02 02 10:57:09:454,-3.9334,-6.78875,"0,266",12,2,"9,5673","7,3766","50,9949","5,3301","3,9063"
2026 02 02 10:57:09:456,-3.9675,-6.78875,"0,266",12,2,"9,5673","7,3766","50,9949","5,3301","3,9063"
2026 02 02 10:57:09:458,-3.9675,-6.78875,"0,266",12,2,"9,5673","7,3766","50,9949","5,3301","3,9063"
2026 02 02 10:57:09:460,-3.9675,-6.78875,"0,266",12,2,"9,5673","7,3766","50,9949","5,3301","23,4375"
2026 02 02 10:57:09:462,-3.9675,-6.78875,"0,266",12,2,"9,5673","7,3766","50,9949","5,3301","19,5313"
2026 02 02 10:57:09:464,-3.9334,-6.70125,"0,266",12,2,"9,5673","7,3766","50,9949","5,3301","3,9063"
2026 02 02 10:57:09:466,-3.9675,-6.70125,"0,266",12,2,"9,5673","7,3766","50,9949","5,3301","-7,8125"
2026 02 02 10:57:09:468,-3.9675,-6.78875,"0,266",12,2,"9,5673","7,3766","50,9949","5,3301","-11,7187"
2026 02 02 10:57:09:470,-3.9675,-6.78875,"0,266",12,2,"9,5673","7,3766","50,9949","5,3301","-23,4375"
2026 02 02 10:57:09:472,-3.9334,-6.70125,"0,266",12,2,"9,5673","7,3766","50,9949","5,3301","3,9063"
2026 02 02 10:57:09:474,-3.9675,-6.70125,"0,266",12,2,"9,5673","7,3766","50,9949","5,3301","3,9063"
2026 02 02 10:57:09:476,-3.9675,-6.70125,"0,266",12,2,"9,5673","7,3766","50,9949","5,3301","3,9063"
2026 02 02 10:57:09:478,-3.9985,-6.78875,"0,266",12,2,"9,5673","7,3766","50,9949","5,3301","3,9063"
2026 02 02 10:57:09:480,-3.9985,-6.87625,"0,266",12,2,"9,5673","7,3766","50,9949","5,3301","27,3438"
2026 02 02 10:57:09:482,-3.9675,-6.78875,"0,266",12,2,"9,5673","7,3766","50,9949","5,3301","19,5313"
2026 02 02 10:57:09:484,-3.9985,-6.70125,"0,266",12,2,"9,5673","7,3766","50,9949","5,3301","7,8125"
2026 02 02 10:57:09:486,-3.9675,-6.87625,"0,266",12,2,"9,5673","7,3766","50,9949","5,3301","-7,8125"
2026 02 02 10:57:09:488,-3.9675,-6.70125,"0,266",12,2,"9,5673","7,3766","50,9949","5,3301","-7,8125"
2026 02 02 10:57:09:490,-3.9675,-6.70125,"0,266",12,2,"9,5673","7,3766","50,9949","5,3301","-19,5312"
2026 02 02 10:57:09:492,-3.9334,-6.78875,"0,266",12,2,"9,5673","7,3766","50,9949","5,3301","3,9063"
2026 02 02 10:57:09:494,-3.9675,-6.78875,"0,266",12,2,"9,5673","7,3766","50,9949","5,3301","3,9063"
2026 02 02 10:57:09:496,-3.9675,-6.70125,"0,266",12,2,"9,5673","7,3766","50,9949","5,3301","3,9063"
2026 02 02 10:57:09:498,-3.9675,-6.78875,"0,266",12,2,"9,5673","7,3766","50,9949","5,3301","7,8125"
2026 02 02 10:57:09:500,-3.9675,-6.78875,"0,266",12,2,"9,5673","7,3766","50,9949","5,3301","27,3438"
2026 02 02 10:57:09:502,-3.9675,-6.78875,"0,266",12,2,"9,5673","7,3766","50,9949","5,3301","23,4375"
2026 02 02 10:57:09:504,-3.9675,-6.78875,"0,266",12,2,"9,5673","7,3766","50,9949","5,3301","7,8125"
2026 02 02 10:57:09:506,-3.9675,-6.87625,"0,266",12,2,"9,5673","7,3766","50,9949","5,3301","-3,9062"
2026 02 02 10:57:09:508,-3.9675,-6.78875,"0,266",12,2,"9,5673","7,3766","50,9949","5,3301","-11,7187"
2026 02 02 10:57:09:510,-3.9675,-6.78875,"0,266",12,2,"9,5673","7,3766","50,9949","5,3301","-27,3437"
2026 02 02 10:57:09:512,-3.9675,-6.78875,"0,266",12,2,"9,5673","7,3766","50,9949","5,3301","3,9063"
2026 02 02 10:57:09:514,-3.9675,-6.78875,"0,266",12,2,"9,5673","7,3766","50,9949","5,3301","3,9063"
2026 02 02 10:57:09:516,-3.9985,-6.78875,"0,266",12,2,"9,5673","7,3766","50,9949","5,3301","3,9063"
2026 02 02 10:57:09:518,-3.9334,-6.70125,"0,266",12,2,"9,5673","7,3766","50,9949","5,3301","3,9063"
2026 02 02 10:57:09:520,-3.9675,-6.78875,"0,266",12,2,"9,5673","7,3766","50,9949","5,3301","27,3438"
2026 02 02 10:57:09:522,-3.9334,-6.78875,"0,266",12,2,"9,5673","7,3766","50,9949","5,3301","27,3438"
2026 02 02 10:57:09:524,-3.9675,-6.70125,"0,266",12,2,"9,5673","7,3766","50,9949","5,3301","7,8125"
2026 02 02 10:57:09:526,-3.9675,-6.70125,"0,266",12,2,"9,5673","7,3766","50,9949","5,3301",0
2026 02 02 10:57:09:528,-3.9334,-6.78875,"0,266",12,2,"9,5673","7,3766","50,9949","5,3301","-7,8125"
2026 02 02 10:57:09:530,-3.9675,-6.78875,"0,266",12,2,"9,5673","7,3766","50,9949","5,3301","-19,5312"
2026 02 02 10:57:09:532,-3.9675,-6.70125,"0,266",12,2,"9,5673","7,3766","50,9949","5,3301","3,9063"
2026 02 02 10:57:09:534,-3.9675,-6.78875,"0,266",12,2,"9,5673","7,3766","50,9949","5,3301","3,9063"
2026 02 02 10:57:09:536,-3.9675,-6.70125,"0,266",12,2,"9,5673","7,3766","50,9949","5,3301","3,9063"
2026 02 02 10:57:09:538,-3.9675,-6.78875,"0,266",12,2,"9,5673","7,3766","50,9949","5,3301","3,9063"
2026 02 02 10:57:09:540,-3.9675,-6.78875,"0,266",12,2,"9,5673","7,3766","50,9949","5,3301","23,4375"
2026 02 02 10:57:09:542,-3.9675,-6.78875,"0,266",12,2,"9,5673","7,3766","50,9949","5,3301","19,5313"
2026 02 02 10:57:09:544,-3.9675,-6.78875,"0,266",12,2,"9,5673","7,3766","50,9949","5,3301","7,8125"
2026 02 02 10:57:09:546,-3.9985,-6.78875,"0,266",12,2,"9,5673","7,3766","50,9949","5,3301","-7,8125"
2026 02 02 10:57:09:548,-3.9675,-6.78875,"0,266",12,2,"9,5673","7,3766","50,9949","5,3301","-11,7187"
2026 02 02 10:57:09:550,-3.9985,-6.70125,"0,266",12,2,"9,5673","7,3766","50,9949","5,3301","-19,5312"
2026 02 02 10:57:09:552,-3.9675,-6.78875,"0,266",12,2,"9,5673","7,3766","50,9949","5,3301","3,9063"
2026 02 02 10:57:09:554,-3.9334,-6.78875,"0,266",12,2,"9,5673","7,3766","50,9949","5,3301","3,9063"
2026 02 02 10:57:09:556,-3.9675,-6.78875,"0,266",12,2,"9,5673","7,3766","50,9949","5,3301","3,9063"
2026 02 02 10:57:09:558,-3.9985,-6.78875,"0,266",12,2,"9,5673","7,3766","50,9949","5,3301","3,9063"
2026 02 02 10:57:09:560,-3.9675,-6.78875,"0,266",12,2,"9,5673","7,3766","50,9949","5,3301","23,4375"
2026 02 02 10:57:09:562,-3.9675,-6.70125,"0,266",12,2,"9,5673","7,3766","50,9949","5,3301","15,625"
2026 02 02 10:57:09:564,-3.9675,-6.70125,"0,266",12,2,"9,5673","7,3766","50,9949","5,3301","3,9063"
2026 02 02 10:57:09:566,-3.9675,-6.78875,"0,266",12,2,"9,5673","7,3766","50,9949","5,3301","-11,7187"
2026 02 02 10:57:09:568,-3.9675,-6.78875,"0,266",12,2,"9,5673","7,3766","50,9949","5,3301","-11,7187"
2026 02 02 10:57:09:570,-3.9675,-6.78875,"0,266",12,2,"9,5673","7,3766","50,9949","5,3301","-19,5312"
2026 02 02 10:57:09:572,-3.9675,-6.70125,"0,266",12,2,"9,5673","7,3766","50,9949","5,3301","3,9063"
2026 02 02 10:57:09:574,-3.9675,-6.78875,"0,266",12,2,"9,5673","7,3766","50,9949","5,3301","3,9063"
2026 02 02 10:57:09:576,-3.9334,-6.70125,"0,266",12,2,"9,5673","7,3766","50,9949","5,3301","3,9063"
2026 02 02 10:57:09:578,-3.9985,-6.78875,"0,266",12,2,"9,5673","7,3766","50,9949","5,3301","3,9063"
2026 02 02 10:57:09:580,-3.9675,-6.70125,"0,266",12,2,"9,5673","7,3766","50,9949","5,3301","27,3438"
2026 02 02 10:57:09:582,-3.9675,-6.78875,"0,266",12,2,"9,5673","7,3766","50,9949","5,3301","15,625"
2026 02 02 10:57:09:584,-3.9334,-6.78875,"0,266",12,2,"9,5673","7,3766","50,9949","5,3301","3,9063"
2026 02 02 10:57:09:586,-3.9334,-6.78875,"0,266",12,2,"9,5673","7,3766","50,9949","5,3301","-11,7187"
2026 02 02 10:57:09:588,-3.9675,-6.70125,"0,266",12,2,"9,5673","7,3766","50,9949","5,3301","-11,7187"
2026 02 02 10:57:09:590,-3.9334,-6.78875,"0,266",12,2,"9,5673","7,3766","50,9949","5,3301","-27,3437"
2026 02 02 10:57:09:592,-3.9675,-6.78875,"0,266",12,2,"9,5673","7,3766","50,9949","5,3301","3,9063"
2026 02 02 10:57:09:594,-3.9334,-6.78875,"0,266",12,2,"9,5673","7,3766","50,9949","5,3301","3,9063"
2026 02 02 10:57:09:596,-3.9675,-6.70125,"0,266",12,2,"9,5673","7,3766","50,9949","5,3301","3,9063"
2026 02 02 10:57:09:598,-3.9985,-6.78875,"0,266",12,2,"9,5673","7,3766","50,9949","5,3301","3,9063"
2026 02 02 10:57:09:600,-3.9334,-6.78875,"0,266",12,2,"9,5673","7,3766","50,9949","5,3301","23,4375"
2026 02 02 10:57:09:602,-3.9675,-6.78875,"0,266",12,2,"9,5673","7,3766","50,9949","5,3301","15,625"
2026 02 02 10:57:09:604,-3.9675,-6.70125,"0,266",12,2,"9,5673","7,3766","50,9949","5,3301","3,9063"
2026 02 02 10:57:09:606,-3.9985,-6.70125,"0,266",12,2,"9,5673","7,3766","50,9949","5,3301","-7,8125"
2026 02 02 10:57:09:608,-3.9675,-6.70125,"0,266",12,2,"9,5673","7,3766","50,9949","5,3301","-11,7187"
2026 02 02 10:57:09:610,-3.9675,-6.70125,"0,266",12,2,"9,5673","7,3766","50,9949","5,3301","-23,4375"
2026 02 02 10:57:09:612,-3.9675,-6.87625,"0,266",12,2,"9,5673","7,3766","50,9949","5,3301","3,9063"
2026 02 02 10:57:09:614,-3.9675,-6.70125,"0,266",12,2,"9,5673","7,3766","50,9949","5,3301","3,9063"
2026 02 02 10:57:09:616,-3.9675,-6.78875,"0,266",12,2,"9,5673","7,3766","50,9949","5,3301","3,9063"
2026 02 02 10:57:09:618,-3.9675,-6.78875,"0,266",12,2,"9,5673","7,3766","50,9949","5,3301","3,9063"
2026 02 02 10:57:09:620,-3.9985,-6.78875,"0,266",12,2,"9,5673","7,3766","50,9949","5,3301","23,4375"
2026 02 02 10:57:09:622,-3.9985,-6.70125,"0,266",12,2,"9,5673","7,3766","50,9949","5,3301","19,5313"
2026 02 02 10:57:09:624,-3.9985,-6.78875,"0,266",12,2,"9,5673","7,3766","50,9949","5,3301","3,9063"
2026 02 02 10:57:09:626,-3.9675,-6.78875,"0,266",12,2,"9,5673","7,3766","50,9949","5,3301","-7,8125"
2026 02 02 10:57:09:628,-3.9985,-6.70125,"0,266",12,2,"9,5673","7,3766","50,9949","5,3301","-11,7187"
2026 02 02 10:57:09:630,-3.9675,-6.70125,"0,266",12,2,"9,5673","7,3766","50,9949","5,3301","-23,4375"
2026 02 02 10:57:09:632,-3.9675,-6.78875,"0,266",12,2,"9,5673","7,3766","50,9949","5,3301","3,9063"
2026 02 02 10:57:09:634,-3.9675,-6.78875,"0,266",12,2,"9,5673","7,3766","50,9949","5,3301","3,9063"
2026 02 02 10:57:09:636,-3.9675,-6.78875,"0,266",12,2,"9,5673","7,3766","50,9949","5,3301","3,9063"
2026 02 02 10:57:09:638,-3.9675,-6.78875,"0,266",12,2,"9,5673","7,3766","50,9949","5,3301","3,9063"
2026 02 02 10:57:09:640,-3.9675,-6.78875,"0,266",12,2,"9,5673","7,3766","50,9949","5,3301","27,3438"
2026 02 02 10:57:09:642,-3.9675,-6.70125,"0,266",12,2,"9,5673","7,3766","50,9949","5,3301","19,5313"
2026 02 02 10:57:09:644,-3.9675,-6.70125,"0,266",12,2,"9,5673","7,3766","50,9949","5,3301","7,8125"
2026 02 02 10:57:09:646,-3.9334,-6.78875,"0,266",12,2,"9,5673","7,3766","50,9949","5,3301","-7,8125"
2026 02 02 10:57:09:648,-3.9985,-6.78875,"0,266",12,2,"9,5673","7,3766","50,9949","5,3301","-11,7187"
2026 02 02 10:57:09:650,-3.9675,-6.70125,"0,266",12,2,"9,5673","7,3766","50,9949","5,3301","-23,4375"
2026 02 02 10:57:09:652,-3.9675,-6.78875,"0,266",12,2,"9,5673","7,3766","50,9949","5,3301","3,9063"
2026 02 02 10:57:09:654,-3.9985,-6.78875,"0,266",12,2,"9,5673","7,3766","50,9949","5,3301","3,9063"
2026 02 02 10:57:09:656,-3.9675,-6.70125,"0,266",12,2,"9,5673","7,3766","50,9949","5,3301","3,9063"
2026 02 02 10:57:09:658,-3.9334,-6.70125,"0,266",12,2,"9,5673","7,3766","50,9949","5,3301","3,9063"
2026 02 02 10:57:09:660,-3.9675,-6.70125,"0,266",12,2,"9,5673","7,3766","50,9949","5,3301","27,3438"
2026 02 02 10:57:09:662,-3.9675,-6.70125,"0,266",12,2,"9,5673","7,4269","50,4761","5,2759","19,5313"
2026 02 02 10:57:09:664,-3.9675,-6.70125,"0,266",12,2,"9,5673","7,4269","50,4761","5,2759","7,8125"
2026 02 02 10:57:09:666,-3.9675,-6.70125,"0,266",12,2,"9,5673","7,4269","50,4761","5,2759","-3,9062"
2026 02 02 10:57:09:668,-3.9675,-6.70125,"0,266",12,2,"9,5673","7,4269","50,4761","5,2759","-11,7187"
2026 02 02 10:57:09:670,-3.9985,-6.70125,"0,266",12,2,"9,5673","7,4269","50,4761","5,2759","-23,4375"
2026 02 02 10:57:09:672,-3.9675,-6.78875,"0,266",12,2,"9,5673","7,4269","50,4761","5,2759","3,9063"
2026 02 02 10:57:09:674,-3.9675,-6.78875,"0,266",12,2,"9,5673","7,4269","50,4761","5,2759","3,9063"
2026 02 02 10:57:09:676,-3.9675,-6.78875,"0,266",12,2,"9,5673","7,4269","50,4761","5,2759","3,9063"
2026 02 02 10:57:09:678,-3.9675,-6.70125,"0,266",12,2,"9,5673","7,4269","50,4761","5,2759","3,9063"
2026 02 02 10:57:09:680,-3.9675,-6.87625,"0,266",12,2,"9,5673","7,4269","50,4761","5,2759","27,3438"
2026 02 02 10:57:09:682,-3.9675,-6.70125,"0,266",12,2,"9,5673","7,4269","50,4761","5,2759","19,5313"
2026 02 02 10:57:09:684,-3.9675,-6.78875,"0,266",12,2,"9,5673","7,4269","50,4761","5,2759","3,9063"
2026 02 02 10:57:09:686,-3.9675,-6.78875,"0,266",12,2,"9,5673","7,4269","50,4761","5,2759","-3,9062"
2026 02 02 10:57:09:688,-3.9675,-6.70125,"0,266",12,2,"9,5673","7,4269","50,4761","5,2759","-11,7187"
2026 02 02 10:57:09:690,-3.9985,-6.87625,"0,266",12,2,"9,5673","7,4269","50,4761","5,2759","-15,625"
2026 02 02 10:57:09:692,-3.9675,-6.78875,"0,266",12,2,"9,5673","7,4269","50,4761","5,2759","3,9063"
2026 02 02 10:57:09:694,-3.9334,-6.78875,"0,266",12,2,"9,5673","7,4269","50,4761","5,2759","3,9063"
2026 02 02 10:57:09:696,-3.9675,-6.70125,"0,266",12,2,"9,5673","7,4269","50,4761","5,2759","3,9063"
2026 02 02 10:57:09:698,-3.9675,-6.70125,"0,266",12,2,"9,5673","7,4269","50,4761","5,2759","3,9063"
2026 02 02 10:57:09:700,-3.9675,-6.78875,"0,266",12,2,"9,5673","7,4269","50,4761","5,2759","23,4375"
2026 02 02 10:57:09:702,-3.9675,-6.78875,"0,266",12,2,"9,5673","7,4269","50,4761","5,2759","19,5313"
2026 02 02 10:57:09:704,-3.9675,-6.87625,"0,266",12,2,"9,5673","7,4269","50,4761","5,2759","7,8125"
2026 02 02 10:57:09:706,-3.9675,-6.70125,"0,266",12,2,"9,5673","7,4269","50,4761","5,2759","-3,9062"
2026 02 02 10:57:09:708,-3.9675,-6.78875,"0,266",12,2,"9,5673","7,4269","50,4761","5,2759","-11,7187"
2026 02 02 10:57:09:710,-3.9334,-6.78875,"0,266",12,2,"9,5673","7,4269","50,4761","5,2759","-19,5312"
2026 02 02 10:57:09:712,-3.9675,-6.78875,"0,266",12,2,"9,5673","7,4269","50,4761","5,2759","3,9063"
2026 02 02 10:57:09:714,-3.9675,-6.70125,"0,266",12,2,"9,5673","7,4269","50,4761","5,2759","3,9063"
2026 02 02 10:57:09:716,-3.9334,-6.78875,"0,266",12,2,"9,5673","7,4269","50,4761","5,2759","3,9063"
2026 02 02 10:57:09:718,-3.9675,-6.70125,"0,266",12,2,"9,5673","7,4269","50,4761","5,2759","3,9063"
2026 02 02 10:57:09:720,-3.9675,-6.78875,"0,266",12,2,"9,5673","7,4269","50,4761","5,2759","23,4375"
2026 02 02 10:57:09:722,-3.9675,-6.70125,"0,266",12,2,"9,5673","7,4269","50,4761","5,2759","19,5313"
2026 02 02 10:57:09:724,-3.9985,-6.78875,"0,266",12,2,"9,5673","7,4269","50,4761","5,2759","3,9063"
2026 02 02 10:57:09:726,-3.9675,-6.87625,"0,266",12,2,"9,5673","7,4269","50,4761","5,2759","-7,8125"
2026 02 02 10:57:09:728,-3.9985,-6.78875,"0,266",12,2,"9,5673","7,4269","50,4761","5,2759","-11,7187"
2026 02 02 10:57:09:730,-3.9675,-6.78875,"0,266",12,2,"9,5673","7,4269","50,4761","5,2759","-19,5312"
2026 02 02 10:57:09:732,-3.9675,-6.78875,"0,266",12,2,"9,5673","7,4269","50,4761","5,2759","3,9063"
2026 02 02 10:57:09:734,-3.9675,-6.70125,"0,266",12,2,"9,5673","7,4269","50,4761","5,2759","3,9063"
2026 02 02 10:57:09:736,-3.9675,-6.78875,"0,266",12,2,"9,5673","7,4269","50,4761","5,2759","3,9063"
2026 02 02 10:57:09:738,-3.9334,-6.78875,"0,266",12,2,"9,5673","7,4269","50,4761","5,2759","3,9063"
2026 02 02 10:57:09:740,-3.9675,-6.78875,"0,266",12,2,"9,5673","7,4269","50,4761","5,2759","23,4375"
2026 02 02 10:57:09:742,-3.9675,-6.78875,"0,266",12,2,"9,5673","7,4269","50,4761","5,2759","19,5313"
2026 02 02 10:57:09:744,-3.9675,-6.78875,"0,266",12,2,"9,5673","7,4269","50,4761","5,2759","7,8125"
2026 02 02 10:57:09:746,-3.9675,-6.78875,"0,266",12,2,"9,5673","7,4269","50,4761","5,2759","-7,8125"
2026 02 02 10:57:09:748,-3.9675,-6.70125,"0,266",12,2,"9,5673","7,4269","50,4761","5,2759","-11,7187"
2026 02 02 10:57:09:750,-3.9675,-6.70125,"0,266",12,2,"9,5673","7,4269","50,4761","5,2759","-23,4375"
2026 02 02 10:57:09:752,-3.9675,-6.78875,"0,266",12,2,"9,5673","7,4269","50,4761","5,2759","3,9063"
2026 02 02 10:57:09:754,-3.9675,-6.70125,"0,266",12,2,"9,5673","7,4269","50,4761","5,2759","3,9063"
2026 02 02 10:57:09:756,-3.9675,-6.78875,"0,266",12,2,"9,5673","7,4269","50,4761","5,2759","3,9063"
2026 02 02 10:57:09:758,-3.9675,-6.78875,"0,266",12,2,"9,5673","7,4269","50,4761","5,2759","3,9063"
2026 02 02 10:57:09:760,-3.9675,-6.78875,"0,266",12,2,"9,5673","7,4269","50,4761","5,2759","27,3438"
2026 02 02 10:57:09:762,-3.9675,-6.70125,"0,266",12,2,"9,5673","7,4269","50,4761","5,2759","19,5313"
2026 02 02 10:57:09:764,-3.9985,-6.78875,"0,266",12,2,"9,5673","7,4269","50,4761","5,2759","3,9063"
2026 02 02 10:57:09:766,-3.9675,-6.78875,"0,266",12,2,"9,5673","7,4269","50,4761","5,2759","-7,8125"
2026 02 02 10:57:09:768,-3.9334,-6.70125,"0,266",12,2,"9,5673","7,4269","50,4761","5,2759","-7,8125"
2026 02 02 10:57:09:770,-3.9675,-6.78875,"0,266",12,2,"9,5673","7,4269","50,4761","5,2759","-23,4375"
2026 02 02 10:57:09:772,-3.9985,-6.87625,"0,266",12,2,"9,5673","7,4269","50,4761","5,2759","3,9063"
2026 02 02 10:57:09:774,-3.9985,-6.78875,"0,266",12,2,"9,5673","7,4269","50,4761","5,2759","3,9063"
2026 02 02 10:57:09:776,-3.9334,-6.78875,"0,266",12,2,"9,5673","7,4269","50,4761","5,2759","3,9063"
2026 02 02 10:57:09:778,-3.9675,-6.78875,"0,266",12,2,"9,5673","7,4269","50,4761","5,2759","3,9063"
2026 02 02 10:57:09:780,-3.9675,-6.78875,"0,266",12,2,"9,5673","7,4269","50,4761","5,2759","27,3438"
2026 02 02 10:57:09:782,-3.9985,-6.70125,"0,266",12,2,"9,5673","7,4269","50,4761","5,2759","23,4375"
2026 02 02 10:57:09:784,-3.9985,-6.70125,"0,266",12,2,"9,5673","7,4269","50,4761","5,2759","7,8125"
2026 02 02 10:57:09:786,-3.9675,-6.78875,"0,266",12,2,"9,5673","7,4269","50,4761","5,2759","-3,9062"
2026 02 02 10:57:09:788,-3.9985,-6.78875,"0,266",12,2,"9,5673","7,4269","50,4761","5,2759","-11,7187"
2026 02 02 10:57:09:790,-3.9985,-6.78875,"0,266",12,2,"9,5673","7,4269","50,4761","5,2759","-23,4375"
2026 02 02 10:57:09:792,-3.9675,-6.78875,"0,266",12,2,"9,5673","7,4269","50,4761","5,2759","3,9063"
2026 02 02 10:57:09:794,-3.9675,-6.78875,"0,266",12,2,"9,5673","7,4269","50,4761","5,2759","3,9063"
2026 02 02 10:57:09:796,-3.9675,-6.70125,"0,266",12,2,"9,5673","7,4269","50,4761","5,2759","3,9063"
2026 02 02 10:57:09:798,-3.9675,-6.78875,"0,266",12,2,"9,5673","7,4269","50,4761","5,2759","3,9063"
2026 02 02 10:57:09:800,-3.9675,-6.78875,"0,266",12,2,"9,5673","7,4269","50,4761","5,2759","23,4375"
2026 02 02 10:57:09:802,-3.9675,-6.87625,"0,266",12,2,"9,5673","7,4269","50,4761","5,2759","23,4375"
2026 02 02 10:57:09:804,-3.9675,-6.78875,"0,266",12,2,"9,5673","7,4269","50,4761","5,2759","7,8125"
2026 02 02 10:57:09:806,-3.9985,-6.78875,"0,266",12,2,"9,5673","7,4269","50,4761","5,2759",0
2026 02 02 10:57:09:808,-3.9675,-6.70125,"0,266",12,2,"9,5673","7,4269","50,4761","5,2759","-11,7187"
2026 02 02 10:57:09:810,-3.9985,-6.78875,"0,266",12,2,"9,5673","7,4269","50,4761","5,2759","-27,3437"
2026 02 02 10:57:09:812,-3.9675,-6.70125,"0,266",12,2,"9,5673","7,4269","50,4761","5,2759","3,9063"
2026 02 02 10:57:09:814,-3.9675,-6.78875,"0,266",12,2,"9,5673","7,4269","50,4761","5,2759","3,9063"
2026 02 02 10:57:09:816,-3.9675,-6.78875,"0,266",12,2,"9,5673","7,4269","50,4761","5,2759","3,9063"
2026 02 02 10:57:09:818,-3.9985,-6.70125,"0,266",12,2,"9,5673","7,4269","50,4761","5,2759","3,9063"
2026 02 02 10:57:09:820,-3.9675,-6.70125,"0,266",12,2,"9,5673","7,4269","50,4761","5,2759","23,4375"
2026 02 02 10:57:09:822,-3.9675,-6.70125,"0,266",12,2,"9,5673","7,4269","50,4761","5,2759","19,5313"
2026 02 02 10:57:09:824,-3.9675,-6.78875,"0,266",12,2,"9,5673","7,4269","50,4761","5,2759","3,9063"
2026 02 02 10:57:09:826,-3.9675,-6.78875,"0,266",12,2,"9,5673","7,4269","50,4761","5,2759","-3,9062"
2026 02 02 10:57:09:828,-3.9675,-6.78875,"0,266",12,2,"9,5673","7,4269","50,4761","5,2759","-11,7187"
2026 02 02 10:57:09:830,-3.9675,-6.78875,"0,266",12,2,"9,5673","7,4269","50,4761","5,2759","-19,5312"
2026 02 02 10:57:09:832,-3.9675,-6.70125,"0,266",12,2,"9,5673","7,4269","50,4761","5,2759","3,9063"
2026 02 02 10:57:09:834,-3.9334,-6.70125,"0,266",12,2,"9,5673","7,4269","50,4761","5,2759",0
2026 02 02 10:57:09:836,-3.9675,-6.78875,"0,266",12,2,"9,5673","7,4269","50,4761","5,2759","3,9063"
2026 02 02 10:57:09:838,-3.9675,-6.70125,"0,266",12,2,"9,5673","7,4269","50,4761","5,2759","3,9063"
2026 02 02 10:57:09:840,-3.9675,-6.78875,"0,266",12,2,"9,5673","7,4269","50,4761","5,2759","23,4375"
2026 02 02 10:57:09:842,-3.9675,-6.70125,"0,266",12,2,"9,5673","7,4269","50,4761","5,2759","15,625"
2026 02 02 10:57:09:844,-3.9675,-6.78875,"0,266",12,2,"9,5673","7,4269","50,4761","5,2759",0
2026 02 02 10:57:09:846,-3.9985,-6.78875,"0,266",12,2,"9,5673","7,4269","50,4761","5,2759","-11,7187"
2026 02 02 10:57:09:848,-3.9334,-6.70125,"0,266",12,2,"9,5673","7,4269","50,4761","5,2759","-15,625"
2026 02 02 10:57:09:850,-3.9675,-6.78875,"0,266",12,2,"9,5673","7,4269","50,4761","5,2759","-23,4375"
2026 02 02 10:57:09:852,-3.9675,-6.78875,"0,266",12,2,"9,5673","7,4269","50,4761","5,2759","3,9063"
2026 02 02 10:57:09:854,-3.9675,-6.78875,"0,266",12,2,"9,5673","7,4269","50,4761","5,2759",0
2026 02 02 10:57:09:856,-3.9675,-6.78875,"0,266",12,2,"9,5673","7,4269","50,4761","5,2759","3,9063"
2026 02 02 10:57:09:858,-4.0295,-6.78875,"0,266",12,2,"9,5673","7,4269","50,4761","5,2759","3,9063"
2026 02 02 10:57:09:860,-3.9675,-6.78875,"0,266",12,2,"9,5673","7,4269","50,4761","5,2759","23,4375"
2026 02 02 10:57:09:862,-3.9675,-6.78875,"0,266",12,2,"9,5673","7,4269","50,4761","5,2759","11,7188"
2026 02 02 10:57:09:864,-3.9985,-6.78875,"0,266",12,2,"9,5673","7,4269","50,4761","5,2759",0
2026 02 02 10:57:09:866,-3.9985,-6.78875,"0,266",12,2,"9,5673","7,4269","50,4761","5,2759","-11,7187"
2026 02 02 10:57:09:868,-3.9675,-6.70125,"0,266",12,2,"9,5673","7,4269","50,4761","5,2759","-15,625"
2026 02 02 10:57:09:870,-3.9985,-6.70125,"0,266",12,2,"9,5673","7,4269","50,4761","5,2759","-19,5312"
2026 02 02 10:57:09:872,-3.9334,-6.87625,"0,266",12,2,"9,5673","7,4269","50,4761","5,2759",0
2026 02 02 10:57:09:874,-3.9675,-6.70125,"0,266",12,2,"9,5673","7,4269","50,4761","5,2759","3,9063"
2026 02 02 10:57:09:876,-3.9675,-6.78875,"0,266",12,2,"9,5673","7,4269","50,4761","5,2759",0
2026 02 02 10:57:09:878,-3.9675,-6.78875,"0,266",12,2,"9,5673","7,4269","50,4761","5,2759","3,9063"
2026 02 02 10:57:09:880,-3.9675,-6.70125,"0,266",12,2,"9,5673","7,4269","50,4761","5,2759","23,4375"
2026 02 02 10:57:09:882,-3.9675,-6.70125,"0,266",12,2,"9,5673","7,4269","50,4761","5,2759","15,625"
2026 02 02 10:57:09:884,-3.9334,-6.78875,"0,266",12,2,"9,5673","7,4269","50,4761","5,2759","3,9063"
2026 02 02 10:57:09:886,-3.9334,-6.87625,"0,266",12,2,"9,5673","7,4269","50,4761","5,2759","-11,7187"
2026 02 02 10:57:09:888,-3.9675,-6.78875,"0,266",12,2,"9,5673","7,4269","50,4761","5,2759","-11,7187"
2026 02 02 10:57:09:890,-3.9675,-6.70125,"0,266",12,2,"9,5673","7,4269","50,4761","5,2759","-27,3437"
2026 02 02 10:57:09:892,-3.9675,-6.78875,"0,266",12,2,"9,5673","7,4269","50,4761","5,2759","3,9063"
2026 02 02 10:57:09:894,-3.9675,-6.78875,"0,266",12,2,"9,5673","7,4269","50,4761","5,2759","3,9063"
2026 02 02 10:57:09:896,-3.9675,-6.70125,"0,266",12,2,"9,5673","7,4269","50,4761","5,2759","3,9063"
2026 02 02 10:57:09:898,-3.9675,-6.70125,"0,266",12,2,"9,5673","7,4269","50,4761","5,2759","3,9063"
2026 02 02 10:57:09:900,-3.9985,-6.70125,"0,266",12,2,"9,5673","7,4269","50,4761","5,2759","23,4375"
2026 02 02 10:57:09:902,-3.9675,-6.70125,"0,266",12,2,"9,5673","7,4269","50,4761","5,2759","15,625"
2026 02 02 10:57:09:904,-3.9675,-6.78875,"0,266",12,2,"9,5673","7,4269","50,4761","5,2759","3,9063"
2026 02 02 10:57:09:906,-3.9675,-6.78875,"0,266",12,2,"9,5673","7,4269","50,4761","5,2759","-7,8125"
2026 02 02 10:57:09:908,-3.9675,-6.78875,"0,266",12,2,"9,5673","7,4269","50,4761","5,2759","-15,625"
2026 02 02 10:57:09:910,-3.9675,-6.70125,"0,266",12,2,"9,5673","7,4269","50,4761","5,2759","-27,3437"
2026 02 02 10:57:09:912,-3.9334,-6.78875,"0,266",12,2,"9,5673","7,4269","50,4761","5,2759","3,9063"
2026 02 02 10:57:09:914,-3.9675,-6.70125,"0,266",12,2,"9,5673","7,4269","50,4761","5,2759",0
2026 02 02 10:57:09:916,-3.9675,-6.78875,"0,266",12,2,"9,5673","7,4269","50,4761","5,2759","3,9063"
2026 02 02 10:57:09:918,-3.9675,-6.61375,"0,266",12,2,"9,5673","7,4269","50,4761","5,2759","3,9063"
2026 02 02 10:57:09:920,-3.9675,-6.70125,"0,266",12,2,"9,5673","7,4269","50,4761","5,2759","23,4375"
2026 02 02 10:57:09:922,-3.9675,-6.70125,"0,266",12,2,"9,5673","7,4269","50,4761","5,2759","19,5313"
2026 02 02 10:57:09:924,-3.9675,-6.70125,"0,266",12,2,"9,5673","7,4269","50,4761","5,2759","3,9063"
2026 02 02 10:57:09:926,-3.9675,-6.70125,"0,266",12,2,"9,5673","7,4269","50,4761","5,2759","-7,8125"
2026 02 02 10:57:09:928,-3.9675,-6.78875,"0,266",12,2,"9,5673","7,4269","50,4761","5,2759","-11,7187"
2026 02 02 10:57:09:930,-3.9675,-6.78875,"0,266",12,2,"9,5673","7,4269","50,4761","5,2759","-23,4375"
2026 02 02 10:57:09:932,-3.9675,-6.70125,"0,266",12,2,"9,5673","7,4269","50,4761","5,2759","3,9063"
2026 02 02 10:57:09:934,-3.9675,-6.70125,"0,266",12,2,"9,5673","7,4269","50,4761","5,2759","3,9063"
2026 02 02 10:57:09:936,-3.9675,-6.78875,"0,266",12,2,"9,5673","7,4269","50,4761","5,2759","3,9063"
2026 02 02 10:57:09:938,-3.9675,-6.78875,"0,266",12,2,"9,5673","7,4269","50,4761","5,2759","7,8125"
2026 02 02 10:57:09:940,-3.9334,-6.70125,"0,266",12,2,"9,5673","7,4269","50,4761","5,2759","27,3438"
2026 02 02 10:57:09:942,-3.9675,-6.78875,"0,266",12,2,"9,5673","7,4269","50,4761","5,2759","19,5313"
2026 02 02 10:57:09:944,-3.9675,-6.78875,"0,266",12,2,"9,5673","7,4269","50,4761","5,2759","7,8125"
2026 02 02 10:57:09:946,-3.9334,-6.78875,"0,266",12,2,"9,5673","7,4269","50,4761","5,2759","-7,8125"
2026 02 02 10:57:09:948,-3.9675,-6.78875,"0,266",12,2,"9,5673","7,4269","50,4761","5,2759","-11,7187"
2026 02 02 10:57:09:950,-3.9675,-6.78875,"0,266",12,2,"9,5673","7,4269","50,4761","5,2759","-23,4375"
2026 02 02 10:57:09:952,-3.9675,-6.78875,"0,266",12,2,"9,5673","7,4269","50,4761","5,2759","3,9063"
2026 02 02 10:57:09:954,-3.9675,-6.87625,"0,266",12,2,"9,5673","7,4269","50,4761","5,2759","3,9063"
2026 02 02 10:57:09:956,-3.9675,-6.78875,"0,266",12,2,"9,5673","7,4269","50,4761","5,2759",0
2026 02 02 10:57:09:958,-3.9675,-6.78875,"0,266",12,2,"9,5673","7,4269","50,4761","5,2759","3,9063"
2026 02 02 10:57:09:960,-3.9675,-6.78875,"0,266",12,2,"9,5673","7,4269","50,4761","5,2759","23,4375"
2026 02 02 10:57:09:962,-3.9675,-6.78875,"0,267",12,2,"9,5673","7,4038","49,7131","5,1962","19,5313"
2026 02 02 10:57:09:964,-3.9334,-6.70125,"0,267",12,2,"9,5673","7,4038","49,7131","5,1962","3,9063"
2026 02 02 10:57:09:966,-3.9985,-6.78875,"0,267",12,2,"9,5673","7,4038","49,7131","5,1962","-3,9062"
2026 02 02 10:57:09:968,-3.9675,-6.70125,"0,267",12,2,"9,5673","7,4038","49,7131","5,1962","-11,7187"
2026 02 02 10:57:09:970,-3.9675,-6.70125,"0,267",12,2,"9,5673","7,4038","49,7131","5,1962","-23,4375"
2026 02 02 10:57:09:972,-3.9675,-6.78875,"0,267",12,2,"9,5673","7,4038","49,7131","5,1962","3,9063"
2026 02 02 10:57:09:974,-3.9985,-6.78875,"0,267",12,2,"9,5673","7,4038","49,7131","5,1962","3,9063"
2026 02 02 10:57:09:976,-3.9675,-6.78875,"0,267",12,2,"9,5673","7,4038","49,7131","5,1962","3,9063"
2026 02 02 10:57:09:978,-3.9985,-6.78875,"0,267",12,2,"9,5673","7,4038","49,7131","5,1962","3,9063"
2026 02 02 10:57:09:980,-3.9675,-6.78875,"0,267",12,2,"9,5673","7,4038","49,7131","5,1962","23,4375"
2026 02 02 10:57:09:982,-3.9675,-6.87625,"0,267",12,2,"9,5673","7,4038","49,7131","5,1962","19,5313"
2026 02 02 10:57:09:984,-3.9675,-6.78875,"0,267",12,2,"9,5673","7,4038","49,7131","5,1962","3,9063"
2026 02 02 10:57:09:986,-3.9675,-6.78875,"0,267",12,2,"9,5673","7,4038","49,7131","5,1962","-7,8125"
2026 02 02 10:57:09:988,-3.9675,-6.70125,"0,267",12,2,"9,5673","7,4038","49,7131","5,1962","-11,7187"
2026 02 02 10:57:09:990,-3.9675,-6.78875,"0,267",12,2,"9,5673","7,4038","49,7131","5,1962","-19,5312"
2026 02 02 10:57:09:992,-3.9675,-6.78875,"0,267",12,2,"9,5673","7,4038","49,7131","5,1962","3,9063"
2026 02 02 10:57:09:994,-3.9675,-6.78875,"0,267",12,2,"9,5673","7,4038","49,7131","5,1962","3,9063"
2026 02 02 10:57:09:996,-3.9675,-6.78875,"0,267",12,2,"9,5673","7,4038","49,7131","5,1962","3,9063"
2026 02 02 10:57:09:998,-3.9675,-6.78875,"0,267",12,2,"9,5673","7,4038","49,7131","5,1962","3,9063"
2026 02 02 10:57:10:000,-3.9675,-6.78875,"0,267",12,2,"9,5673","7,4038","49,7131","5,1962","23,4375"
2026 02 02 10:57:10:002,-3.9675,-6.70125,"0,267",12,2,"9,5673","7,4038","49,7131","5,1962","19,5313"
2026 02 02 10:57:10:004,-3.9675,-6.70125,"0,267",12,2,"9,5673","7,4038","49,7131","5,1962","3,9063"
2026 02 02 10:57:10:006,-3.9675,-6.78875,"0,267",12,2,"9,5673","7,4038","49,7131","5,1962","-3,9062"
2026 02 02 10:57:10:008,-3.9675,-6.70125,"0,267",12,2,"9,5673","7,4038","49,7131","5,1962","-15,625"
2026 02 02 10:57:10:010,-3.9675,-6.70125,"0,267",12,2,"9,5673","7,4038","49,7131","5,1962","-19,5312"
2026 02 02 10:57:10:012,-3.9985,-6.78875,"0,267",12,2,"9,5673","7,4038","49,7131","5,1962",0
2026 02 02 10:57:10:014,-3.9675,-6.78875,"0,267",12,2,"9,5673","7,4038","49,7131","5,1962",0
2026 02 02 10:57:10:016,-3.9675,-6.70125,"0,267",12,2,"9,5673","7,4038","49,7131","5,1962","3,9063"
2026 02 02 10:57:10:018,-3.9675,-6.70125,"0,267",12,2,"9,5673","7,4038","49,7131","5,1962",0
2026 02 02 10:57:10:020,-3.9675,-6.61375,"0,267",12,2,"9,5673","7,4038","49,7131","5,1962","19,5313"
2026 02 02 10:57:10:022,-3.9334,-6.78875,"0,267",12,2,"9,5673","7,4038","49,7131","5,1962","15,625"
2026 02 02 10:57:10:024,-3.9985,-6.70125,"0,267",12,2,"9,5673","7,4038","49,7131","5,1962","11,7188"
2026 02 02 10:57:10:026,-3.9985,-6.78875,"0,267",12,2,"9,5673","7,4038","49,7131","5,1962",0
2026 02 02 10:57:10:028,-3.9334,-6.70125,"0,267",12,2,"9,5673","7,4038","49,7131","5,1962","-15,625"
2026 02 02 10:57:10:030,-3.9675,-6.78875,"0,267",12,2,"9,5673","7,4038","49,7131","5,1962","-23,4375"
2026 02 02 10:57:10:032,-3.9985,-6.78875,"0,267",12,2,"9,5673","7,4038","49,7131","5,1962","3,9063"
2026 02 02 10:57:10:034,-3.9675,-6.78875,"0,267",12,2,"9,5673","7,4038","49,7131","5,1962","3,9063"
2026 02 02 10:57:10:036,-3.9985,-6.70125,"0,267",12,2,"9,5673","7,4038","49,7131","5,1962","3,9063"
2026 02 02 10:57:10:038,-3.9675,-6.78875,"0,267",12,2,"9,5673","7,4038","49,7131","5,1962","3,9063"
2026 02 02 10:57:10:040,-3.9675,-6.78875,"0,267",12,2,"9,5673","7,4038","49,7131","5,1962","31,25"
2026 02 02 10:57:10:042,-3.9334,-6.87625,"0,267",12,2,"9,5673","7,4038","49,7131","5,1962","19,5313"
2026 02 02 10:57:10:044,-3.9675,-6.78875,"0,267",12,2,"9,5673","7,4038","49,7131","5,1962","3,9063"
2026 02 02 10:57:10:046,-3.9334,-6.78875,"0,267",12,2,"9,5673","7,4038","49,7131","5,1962","-15,625"
2026 02 02 10:57:10:048,-3.9334,-6.78875,"0,267",12,2,"9,5673","7,4038","49,7131","5,1962","-15,625"
2026 02 02 10:57:10:050,-3.9334,-6.70125,"0,267",12,2,"9,5673","7,4038","49,7131","5,1962","-15,625"
2026 02 02 10:57:10:052,-3.9675,-6.70125,"0,267",12,2,"9,5673","7,4038","49,7131","5,1962","3,9063"
2026 02 02 10:57:10:054,-3.9675,-6.78875,"0,267",12,2,"9,5673","7,4038","49,7131","5,1962",0
2026 02 02 10:57:10:056,-3.9334,-6.70125,"0,267",12,2,"9,5673","7,4038","49,7131","5,1962",0
2026 02 02 10:57:10:058,-3.9675,-6.70125,"0,267",12,2,"9,5673","7,4038","49,7131","5,1962","7,8125"
2026 02 02 10:57:10:060,-3.9675,-6.78875,"0,267",12,2,"9,5673","7,4038","49,7131","5,1962","23,4375"
2026 02 02 10:57:10:062,-3.9675,-6.70125,"0,267",12,2,"9,5673","7,4038","49,7131","5,1962","27,3438"
2026 02 02 10:57:10:064,-3.9334,-6.70125,"0,267",12,2,"9,5673","7,4038","49,7131","5,1962","11,7188"
2026 02 02 10:57:10:066,-3.9334,-6.70125,"0,267",12,2,"9,5673","7,4038","49,7131","5,1962","-7,8125"
2026 02 02 10:57:10:068,-3.9985,-6.70125,"0,267",12,2,"9,5673","7,4038","49,7131","5,1962","-11,7187"
2026 02 02 10:57:10:070,-3.9334,-6.70125,"0,267",12,2,"9,5673","7,4038","49,7131","5,1962","-23,4375"
2026 02 02 10:57:10:072,-3.9675,-6.70125,"0,267",12,2,"9,5673","7,4038","49,7131","5,1962","7,8125"
2026 02 02 10:57:10:074,-3.9675,-6.78875,"0,267",12,2,"9,5673","7,4038","49,7131","5,1962","3,9063"
2026 02 02 10:57:10:076,-3.9675,-6.70125,"0,267",12,2,"9,5673","7,4038","49,7131","5,1962",0
2026 02 02 10:57:10:078,-3.9675,-6.70125,"0,267",12,2,"9,5673","7,4038","49,7131","5,1962","3,9063"
2026 02 02 10:57:10:080,-3.9675,-6.78875,"0,267",12,2,"9,5673","7,4038","49,7131","5,1962","23,4375"
2026 02 02 10:57:10:082,-3.9985,-6.70125,"0,267",12,2,"9,5673","7,4038","49,7131","5,1962","23,4375"
2026 02 02 10:57:10:084,-3.9675,-6.78875,"0,267",12,2,"9,5673","7,4038","49,7131","5,1962","15,625"
2026 02 02 10:57:10:086,-3.9675,-6.78875,"0,267",12,2,"9,5673","7,4038","49,7131","5,1962","-3,9062"
2026 02 02 10:57:10:088,-3.9675,-6.78875,"0,267",12,2,"9,5673","7,4038","49,7131","5,1962","-11,7187"
2026 02 02 10:57:10:090,-3.9985,-6.78875,"0,267",12,2,"9,5673","7,4038","49,7131","5,1962","-7,8125"
2026 02 02 10:57:10:092,-3.9675,-6.70125,"0,267",12,2,"9,5673","7,4038","49,7131","5,1962","3,9063"
2026 02 02 10:57:10:094,-3.9985,-6.78875,"0,267",12,2,"9,5673","7,4038","49,7131","5,1962",0
2026 02 02 10:57:10:096,-3.9675,-6.78875,"0,267",12,2,"9,5673","7,4038","49,7131","5,1962","3,9063"
2026 02 02 10:57:10:098,-3.9675,-6.78875,"0,267",12,2,"9,5673","7,4038","49,7131","5,1962","11,7188"
2026 02 02 10:57:10:100,-3.9675,-6.78875,"0,267",12,2,"9,5673","7,4038","49,7131","5,1962","23,4375"
2026 02 02 10:57:10:102,-3.9675,-6.78875,"0,267",12,2,"9,5673","7,4038","49,7131","5,1962","23,4375"
2026 02 02 10:57:10:104,-3.9985,-6.78875,"0,267",12,2,"9,5673","7,4038","49,7131","5,1962","3,9063"
2026 02 02 10:57:10:106,-3.9675,-6.78875,"0,267",12,2,"9,5673","7,4038","49,7131","5,1962","-7,8125"
2026 02 02 10:57:10:108,-3.9334,-6.78875,"0,267",12,2,"9,5673","7,4038","49,7131","5,1962","-19,5312"
2026 02 02 10:57:10:110,-3.9675,-6.70125,"0,267",12,2,"9,5673","7,4038","49,7131","5,1962","-23,4375"
2026 02 02 10:57:10:112,-3.9334,-6.78875,"0,267",12,2,"9,5673","7,4038","49,7131","5,1962","7,8125"
2026 02 02 10:57:10:114,-3.9675,-6.78875,"0,267",12,2,"9,5673","7,4038","49,7131","5,1962","3,9063"
2026 02 02 10:57:10:116,-3.9985,-6.78875,"0,267",12,2,"9,5673","7,4038","49,7131","5,1962","7,8125"
2026 02 02 10:57:10:118,-3.9675,-6.70125,"0,267",12,2,"9,5673","7,4038","49,7131","5,1962",0
2026 02 02 10:57:10:120,-3.9675,-6.78875,"0,267",12,2,"9,5673","7,4038","49,7131","5,1962","15,625"
2026 02 02 10:57:10:122,-3.9675,-6.78875,"0,267",12,2,"9,5673","7,4038","49,7131","5,1962","19,5313"
2026 02 02 10:57:10:124,-3.9675,-6.78875,"0,267",12,2,"9,5673","7,4038","49,7131","5,1962","-3,9062"
2026 02 02 10:57:10:126,-3.9675,-6.78875,"0,267",12,2,"9,5673","7,4038","49,7131","5,1962","-3,9062"
2026 02 02 10:57:10:128,-3.9675,-6.78875,"0,267",12,2,"9,5673","7,4038","49,7131","5,1962","-19,5312"
2026 02 02 10:57:10:130,-3.9675,-6.78875,"0,267",12,2,"9,5673","7,4038","49,7131","5,1962","-15,625"
2026 02 02 10:57:10:132,-3.9675,-6.87625,"0,267",12,2,"9,5673","7,4038","49,7131","5,1962","7,8125"
2026 02 02 10:57:10:134,-3.9675,-6.87625,"0,267",12,2,"9,5673","7,4038","49,7131","5,1962","19,5313"
2026 02 02 10:57:10:136,-3.9675,-6.78875,"0,267",12,2,"9,5673","7,4038","49,7131","5,1962","-3,9062"
2026 02 02 10:57:10:138,-3.9675,-6.70125,"0,267",12,2,"9,5673","7,4038","49,7131","5,1962","3,9063"
2026 02 02 10:57:10:140,-3.9675,-6.70125,"0,267",12,2,"9,5673","7,4038","49,7131","5,1962","15,625"
2026 02 02 10:57:10:142,-3.9675,-6.78875,"0,267",12,2,"9,5673","7,4038","49,7131","5,1962","7,8125"
2026 02 02 10:57:10:144,-3.9675,-6.70125,"0,267",12,2,"9,5673","7,4038","49,7131","5,1962","-3,9062"
2026 02 02 10:57:10:146,-3.9675,-6.78875,"0,267",12,2,"9,5673","7,4038","49,7131","5,1962","-35,1562"
2026 02 02 10:57:10:148,-3.9675,-6.70125,"0,267",12,2,"9,5673","7,4038","49,7131","5,1962","-27,3437"
2026 02 02 10:57:10:150,-3.9675,-6.70125,"0,267",12,2,"9,5673","7,4038","49,7131","5,1962","-7,8125"
2026 02 02 10:57:10:152,-3.9985,-6.70125,"0,267",12,2,"9,5673","7,4038","49,7131","5,1962","11,7188"
2026 02 02 10:57:10:154,-3.9675,-6.78875,"0,267",12,2,"9,5673","7,4038","49,7131","5,1962","11,7188"
2026 02 02 10:57:10:156,-3.9675,-6.70125,"0,267",12,2,"9,5673","7,4038","49,7131","5,1962",0
2026 02 02 10:57:10:158,-3.9675,-6.70125,"0,267",12,2,"9,5673","7,4038","49,7131","5,1962",0
2026 02 02 10:57:10:160,-3.9675,-6.78875,"0,267",12,2,"9,5673","7,4038","49,7131","5,1962","7,8125"
2026 02 02 10:57:10:162,-3.9675,-6.70125,"0,267",12,2,"9,5673","7,4038","49,7131","5,1962","7,8125"
2026 02 02 10:57:10:164,-3.9675,-6.78875,"0,267",12,2,"9,5673","7,4038","49,7131","5,1962","7,8125"
2026 02 02 10:57:10:166,-3.9675,-6.70125,"0,267",12,2,"9,5673","7,4038","49,7131","5,1962","-19,5312"
2026 02 02 10:57:10:168,-3.9675,-6.70125,"0,267",12,2,"9,5673","7,4038","49,7131","5,1962","-11,7187"
2026 02 02 10:57:10:170,-3.9985,-6.70125,"0,267",12,2,"9,5673","7,4038","49,7131","5,1962","-15,625"
2026 02 02 10:57:10:172,-3.9675,-6.70125,"0,267",12,2,"9,5673","7,4038","49,7131","5,1962","3,9063"
2026 02 02 10:57:10:174,-3.9675,-6.70125,"0,267",12,2,"9,5673","7,4038","49,7131","5,1962","3,9063"
2026 02 02 10:57:10:176,-3.9675,-6.87625,"0,267",12,2,"9,5673","7,4038","49,7131","5,1962","7,8125"
2026 02 02 10:57:10:178,-3.9675,-6.78875,"0,267",12,2,"9,5673","7,4038","49,7131","5,1962",0
2026 02 02 10:57:10:180,-3.9675,-6.78875,"0,267",12,2,"9,5673","7,4038","49,7131","5,1962","19,5313"
2026 02 02 10:57:10:182,-3.9675,-6.78875,"0,267",12,2,"9,5673","7,4038","49,7131","5,1962","-3,9062"
2026 02 02 10:57:10:184,-3.9334,-6.78875,"0,267",12,2,"9,5673","7,4038","49,7131","5,1962","11,7188"
2026 02 02 10:57:10:186,-3.9675,-6.78875,"0,267",12,2,"9,5673","7,4038","49,7131","5,1962","7,8125"
2026 02 02 10:57:10:188,-3.9334,-6.78875,"0,267",12,2,"9,5673","7,4038","49,7131","5,1962","-19,5312"
2026 02 02 10:57:10:190,-3.9675,-6.70125,"0,267",12,2,"9,5673","7,4038","49,7131","5,1962","-15,625"
2026 02 02 10:57:10:192,-3.9675,-6.78875,"0,267",12,2,"9,5673","7,4038","49,7131","5,1962","11,7188"
2026 02 02 10:57:10:194,-3.9675,-6.78875,"0,267",12,2,"9,5673","7,4038","49,7131","5,1962","-11,7187"
2026 02 02 10:57:10:196,-3.9675,-6.78875,"0,267",12,2,"9,5673","7,4038","49,7131","5,1962","-19,5312"
2026 02 02 10:57:10:198,-3.9675,-6.78875,"0,267",12,2,"9,5673","7,4038","49,7131","5,1962","-7,8125"
2026 02 02 10:57:10:200,-3.9675,-6.78875,"0,267",12,2,"9,5673","7,4038","49,7131","5,1962","19,5313"
2026 02 02 10:57:10:202,-3.9985,-6.78875,"0,267",12,2,"9,5673","7,4038","49,7131","5,1962","19,5313"
2026 02 02 10:57:10:204,-3.9675,-6.70125,"0,267",12,2,"9,5673","7,4038","49,7131","5,1962","15,625"
2026 02 02 10:57:10:206,-3.9675,-6.78875,"0,267",12,2,"9,5673","7,4038","49,7131","5,1962","-7,8125"
2026 02 02 10:57:10:208,-3.9675,-6.70125,"0,267",12,2,"9,5673","7,4038","49,7131","5,1962","-19,5312"
2026 02 02 10:57:10:210,-3.9675,-6.70125,"0,267",12,2,"9,5673","7,4038","49,7131","5,1962","-11,7187"
2026 02 02 10:57:10:212,-3.9675,-6.70125,"0,267",12,2,"9,5673","7,4038","49,7131","5,1962","31,25"
2026 02 02 10:57:10:214,-3.9675,-6.70125,"0,267",12,2,"9,5673","7,4038","49,7131","5,1962","-3,9062"
2026 02 02 10:57:10:216,-3.9675,-6.78875,"0,267",12,2,"9,5673","7,4038","49,7131","5,1962","-11,7187"
2026 02 02 10:57:10:218,-3.9675,-6.70125,"0,267",12,2,"9,5673","7,4038","49,7131","5,1962","-3,9062"
2026 02 02 10:57:10:220,-3.9675,-6.78875,"0,267",12,2,"9,5673","7,4038","49,7131","5,1962",0
2026 02 02 10:57:10:222,-3.9675,-6.78875,"0,267",12,2,"9,5673","7,4038","49,7131","5,1962","39,0625"
2026 02 02 10:57:10:224,-3.9675,-6.78875,"0,267",12,2,"9,5673","7,4038","49,7131","5,1962","19,5313"
2026 02 02 10:57:10:226,-3.9675,-6.78875,"0,267",12,2,"9,5673","7,4038","49,7131","5,1962","15,625"
2026 02 02 10:57:10:228,-3.9334,-6.78875,"0,267",12,2,"9,5673","7,4038","49,7131","5,1962","-19,5312"
2026 02 02 10:57:10:230,-3.9675,-6.78875,"0,267",12,2,"9,5673","7,4038","49,7131","5,1962","-39,0625"
2026 02 02 10:57:10:232,-3.9985,-6.78875,"0,267",12,2,"9,5673","7,4038","49,7131","5,1962","-19,5312"
2026 02 02 10:57:10:234,-3.9675,-6.78875,"0,267",12,2,"9,5673","7,4038","49,7131","5,1962","-3,9062"
2026 02 02 10:57:10:236,-3.9675,-6.78875,"0,267",12,2,"9,5673","7,4038","49,7131","5,1962","-7,8125"
2026 02 02 10:57:10:238,-3.9334,-6.78875,"0,267",12,2,"9,5673","7,4038","49,7131","5,1962","19,5313"
2026 02 02 10:57:10:240,-3.9675,-6.87625,"0,267",12,2,"9,5673","7,4038","49,7131","5,1962","46,875"
2026 02 02 10:57:10:242,-3.9334,-6.78875,"0,267",12,2,"9,5673","7,4038","49,7131","5,1962","15,625"
2026 02 02 10:57:10:244,-3.9675,-6.78875,"0,267",12,2,"9,5673","7,4038","49,7131","5,1962","3,9063"
2026 02 02 10:57:10:246,-3.9675,-6.70125,"0,267",12,2,"9,5673","7,4038","49,7131","5,1962","3,9063"
2026 02 02 10:57:10:248,-3.9985,-6.70125,"0,267",12,2,"9,5673","7,4038","49,7131","5,1962","-7,8125"
2026 02 02 10:57:10:250,-3.9675,-6.78875,"0,267",12,2,"9,5673","7,4038","49,7131","5,1962","-23,4375"
2026 02 02 10:57:10:252,-3.9675,-6.78875,"0,267",12,2,"9,5673","7,4038","49,7131","5,1962","-7,8125"
2026 02 02 10:57:10:254,-3.9675,-6.70125,"0,267",12,2,"9,5673","7,4038","49,7131","5,1962","7,8125"
2026 02 02 10:57:10:256,-3.9675,-6.70125,"0,267",12,2,"9,5673","7,4038","49,7131","5,1962","-11,7187"
2026 02 02 10:57:10:258,-3.9675,-6.70125,"0,267",12,2,"9,5673","7,4038","49,7131","5,1962","-7,8125"
2026 02 02 10:57:10:260,-3.9675,-6.70125,"0,267",12,2,"9,5673","7,4038","49,7131","5,1962","19,5313"
2026 02 02 10:57:10:262,-3.9334,-6.78875,"0,266",12,2,"9,5673","7,5031","49,1943","5,1419","39,0625"
2026 02 02 10:57:10:264,-3.9675,-6.78875,"0,266",12,2,"9,5673","7,5031","49,1943","5,1419","27,3438"
2026 02 02 10:57:10:266,-3.9675,-6.78875,"0,266",12,2,"9,5673","7,5031","49,1943","5,1419","39,0625"
2026 02 02 10:57:10:268,-3.9675,-6.70125,"0,266",12,2,"9,5673","7,5031","49,1943","5,1419","-19,5312"
2026 02 02 10:57:10:270,-3.9334,-6.70125,"0,266",12,2,"9,5673","7,5031","49,1943","5,1419","-54,6875"
2026 02 02 10:57:10:272,-3.9675,-6.78875,"0,266",12,2,"9,5673","7,5031","49,1943","5,1419","-23,4375"
2026 02 02 10:57:10:274,-3.9675,-6.78875,"0,266",12,2,"9,5673","7,5031","49,1943","5,1419","50,7813"
2026 02 02 10:57:10:276,-3.9334,-6.78875,"0,266",12,2,"9,5673","7,5031","49,1943","5,1419","31,25"
2026 02 02 10:57:10:278,-3.9675,-6.78875,"0,266",12,2,"9,5673","7,5031","49,1943","5,1419","31,25"
2026 02 02 10:57:10:280,-3.9985,-6.78875,"0,266",12,2,"9,5673","7,5031","49,1943","5,1419","27,3438"
2026 02 02 10:57:10:282,-3.9675,-6.78875,"0,266",12,2,"9,5673","7,5031","49,1943","5,1419","-11,7187"
2026 02 02 10:57:10:284,-3.9675,-6.87625,"0,266",12,2,"9,5673","7,5031","49,1943","5,1419","-54,6875"
2026 02 02 10:57:10:286,-3.9334,-6.78875,"0,266",12,2,"9,5673","7,5031","49,1943","5,1419","-19,5312"
2026 02 02 10:57:10:288,-3.9675,-6.78875,"0,266",12,2,"9,5673","7,5031","49,1943","5,1419","23,4375"
2026 02 02 10:57:10:290,-3.9675,-6.78875,"0,266",12,2,"9,5673","7,5031","49,1943","5,1419","-15,625"
2026 02 02 10:57:10:292,-3.9334,-6.78875,"0,266",12,2,"9,5673","7,5031","49,1943","5,1419","42,9688"
2026 02 02 10:57:10:294,-3.9675,-6.87625,"0,266",12,2,"9,5673","7,5031","49,1943","5,1419","15,625"
2026 02 02 10:57:10:296,-3.9675,-6.70125,"0,266",12,2,"9,5673","7,5031","49,1943","5,1419","-11,7187"
2026 02 02 10:57:10:298,-3.9334,-6.78875,"0,266",12,2,"9,5673","7,5031","49,1943","5,1419","-27,3437"
2026 02 02 10:57:10:300,-3.9675,-6.70125,"0,266",12,2,"9,5673","7,5031","49,1943","5,1419","31,25"
2026 02 02 10:57:10:302,-3.9334,-6.78875,"0,266",12,2,"9,5673","7,5031","49,1943","5,1419","46,875"
2026 02 02 10:57:10:304,-3.9334,-6.78875,"0,266",12,2,"9,5673","7,5031","49,1943","5,1419","19,5313"
2026 02 02 10:57:10:306,-3.9675,-6.78875,"0,266",12,2,"9,5673","7,5031","49,1943","5,1419","-3,9062"
2026 02 02 10:57:10:308,-3.9675,-6.78875,"0,266",12,2,"9,5673","7,5031","49,1943","5,1419","-7,8125"
2026 02 02 10:57:10:310,-3.9675,-6.70125,"0,266",12,2,"9,5673","7,5031","49,1943","5,1419","-50,7812"
2026 02 02 10:57:10:312,-3.9675,-6.78875,"0,266",12,2,"9,5673","7,5031","49,1943","5,1419","-27,3437"
2026 02 02 10:57:10:314,-3.9675,-6.78875,"0,266",12,2,"9,5673","7,5031","49,1943","5,1419","-7,8125"
2026 02 02 10:57:10:316,-3.9334,-6.78875,"0,266",12,2,"9,5673","7,5031","49,1943","5,1419","3,9063"
2026 02 02 10:57:10:318,-3.9334,-6.78875,"0,266",12,2,"9,5673","7,5031","49,1943","5,1419","23,4375"
2026 02 02 10:57:10:320,-3.9675,-6.78875,"0,266",12,2,"9,5673","7,5031","49,1943","5,1419","74,2188"
2026 02 02 10:57:10:322,-3.9675,-6.78875,"0,266",12,2,"9,5673","7,5031","49,1943","5,1419","11,7188"
2026 02 02 10:57:10:324,-3.9675,-6.87625,"0,266",12,2,"9,5673","7,5031","49,1943","5,1419","-27,3437"
2026 02 02 10:57:10:326,-3.9334,-6.70125,"0,266",12,2,"9,5673","7,5031","49,1943","5,1419",0
2026 02 02 10:57:10:328,-3.9675,-6.78875,"0,266",12,2,"9,5673","7,5031","49,1943","5,1419","31,25"
2026 02 02 10:57:10:330,-3.9334,-6.87625,"0,266",12,2,"9,5673","7,5031","49,1943","5,1419","3,9063"
2026 02 02 10:57:10:332,-3.9675,-6.70125,"0,266",12,2,"9,5673","7,5031","49,1943","5,1419","-7,8125"
2026 02 02 10:57:10:334,-3.9675,-6.78875,"0,266",12,2,"9,5673","7,5031","49,1943","5,1419",0
2026 02 02 10:57:10:336,-3.9985,-6.70125,"0,266",12,2,"9,5673","7,5031","49,1943","5,1419","-19,5312"
2026 02 02 10:57:10:338,-3.9675,-6.78875,"0,266",12,2,"9,5673","7,5031","49,1943","5,1419","-23,4375"
2026 02 02 10:57:10:340,-3.9675,-6.70125,"0,266",12,2,"9,5673","7,5031","49,1943","5,1419","42,9688"
2026 02 02 10:57:10:342,-3.9985,-6.78875,"0,266",12,2,"9,5673","7,5031","49,1943","5,1419","85,9375"
2026 02 02 10:57:10:344,-3.9675,-6.70125,"0,266",12,2,"9,5673","7,5031","49,1943","5,1419","19,5313"
2026 02 02 10:57:10:346,-3.9334,-6.70125,"0,266",12,2,"9,5673","7,5031","49,1943","5,1419","-11,7187"
2026 02 02 10:57:10:348,-3.9675,-6.70125,"0,266",12,2,"9,5673","7,5031","49,1943","5,1419","-23,4375"
2026 02 02 10:57:10:350,-3.9334,-6.87625,"0,266",12,2,"9,5673","7,5031","49,1943","5,1419","-101,5625"
2026 02 02 10:57:10:352,-3.9675,-6.70125,"0,266",12,2,"9,5673","7,5031","49,1943","5,1419","-7,8125"
2026 02 02 10:57:10:354,-3.9675,-6.78875,"0,266",12,2,"9,5673","7,5031","49,1943","5,1419","46,875"
2026 02 02 10:57:10:356,-3.9675,-6.78875,"0,266",12,2,"9,5673","7,5031","49,1943","5,1419","89,8438"
2026 02 02 10:57:10:358,-3.9675,-6.70125,"0,266",12,2,"9,5673","7,5031","49,1943","5,1419","42,9688"
2026 02 02 10:57:10:360,-3.9675,-6.70125,"0,266",12,2,"9,5673","7,5031","49,1943","5,1419","46,875"
2026 02 02 10:57:10:362,-3.9675,-6.70125,"0,266",12,2,"9,5673","7,5031","49,1943","5,1419","-31,25"
2026 02 02 10:57:10:364,-3.9334,-6.78875,"0,266",12,2,"9,5673","7,5031","49,1943","5,1419","-46,875"
2026 02 02 10:57:10:366,-3.9675,-6.70125,"0,266",12,2,"9,5673","7,5031","49,1943","5,1419","-46,875"
2026 02 02 10:57:10:368,-3.9675,-6.70125,"0,266",12,2,"9,5673","7,5031","49,1943","5,1419","-27,3437"
2026 02 02 10:57:10:370,-3.9334,-6.78875,"0,266",12,2,"9,5673","7,5031","49,1943","5,1419","7,8125"
2026 02 02 10:57:10:372,-3.9675,-6.78875,"0,266",12,2,"9,5673","7,5031","49,1943","5,1419","74,2188"
2026 02 02 10:57:10:374,-3.9334,-6.70125,"0,266",12,2,"9,5673","7,5031","49,1943","5,1419","50,7813"
2026 02 02 10:57:10:376,-3.9675,-6.78875,"0,266",12,2,"9,5673","7,5031","49,1943","5,1419",0
2026 02 02 10:57:10:378,-3.9675,-6.78875,"0,266",12,2,"9,5673","7,5031","49,1943","5,1419","-54,6875"
2026 02 02 10:57:10:380,-3.9675,-6.78875,"0,266",12,2,"9,5673","7,5031","49,1943","5,1419","3,9063"
2026 02 02 10:57:10:382,-3.9675,-6.78875,"0,266",12,2,"9,5673","7,5031","49,1943","5,1419","62,5"
2026 02 02 10:57:10:384,-3.9985,-6.78875,"0,266",12,2,"9,5673","7,5031","49,1943","5,1419","23,4375"
2026 02 02 10:57:10:386,-3.9675,-6.78875,"0,266",12,2,"9,5673","7,5031","49,1943","5,1419","23,4375"
2026 02 02 10:57:10:388,-3.9675,-6.78875,"0,266",12,2,"9,5673","7,5031","49,1943","5,1419","3,9063"
2026 02 02 10:57:10:390,-3.9675,-6.70125,"0,266",12,2,"9,5673","7,5031","49,1943","5,1419","-50,7812"
2026 02 02 10:57:10:392,-3.9675,-6.78875,"0,266",12,2,"9,5673","7,5031","49,1943","5,1419",0
2026 02 02 10:57:10:394,-3.9675,-6.78875,"0,266",12,2,"9,5673","7,5031","49,1943","5,1419","42,9688"
2026 02 02 10:57:10:396,-3.9675,-6.78875,"0,266",12,2,"9,5673","7,5031","49,1943","5,1419","23,4375"
2026 02 02 10:57:10:398,-3.9985,-6.78875,"0,266",12,2,"9,5673","7,5031","49,1943","5,1419","11,7188"
2026 02 02 10:57:10:400,-3.9985,-6.78875,"0,266",12,2,"9,5673","7,5031","49,1943","5,1419","35,1563"
2026 02 02 10:57:10:402,-3.9675,-6.78875,"0,266",12,2,"9,5673","7,5031","49,1943","5,1419","3,9063"
2026 02 02 10:57:10:404,-3.9675,-6.78875,"0,266",12,2,"9,5673","7,5031","49,1943","5,1419","-27,3437"
2026 02 02 10:57:10:406,-3.9334,-6.70125,"0,266",12,2,"9,5673","7,5031","49,1943","5,1419","-3,9062"
2026 02 02 10:57:10:408,-3.9985,-6.70125,"0,266",12,2,"9,5673","7,5031","49,1943","5,1419","46,875"
2026 02 02 10:57:10:410,-3.9334,-6.70125,"0,266",12,2,"9,5673","7,5031","49,1943","5,1419","19,5313"
2026 02 02 10:57:10:412,-3.9675,-6.78875,"0,266",12,2,"9,5673","7,5031","49,1943","5,1419","39,0625"
2026 02 02 10:57:10:414,-3.9675,-6.87625,"0,266",12,2,"9,5673","7,5031","49,1943","5,1419","23,4375"
2026 02 02 10:57:10:416,-3.9985,-6.78875,"0,266",12,2,"9,5673","7,5031","49,1943","5,1419","-42,9687"
2026 02 02 10:57:10:418,-3.9675,-6.78875,"0,266",12,2,"9,5673","7,5031","49,1943","5,1419","-54,6875"
2026 02 02 10:57:10:420,-3.9675,-6.78875,"0,266",12,2,"9,5673","7,5031","49,1943","5,1419",0
2026 02 02 10:57:10:422,-3.9675,-6.70125,"0,266",12,2,"9,5673","7,5031","49,1943","5,1419","31,25"
2026 02 02 10:57:10:424,-3.9675,-6.70125,"0,266",12,2,"9,5673","7,5031","49,1943","5,1419","35,1563"
2026 02 02 10:57:10:426,-3.9334,-6.78875,"0,266",12,2,"9,5673","7,5031","49,1943","5,1419","66,4063"
2026 02 02 10:57:10:428,-3.9985,-6.78875,"0,266",12,2,"9,5673","7,5031","49,1943","5,1419","31,25"
2026 02 02 10:57:10:430,-3.9675,-6.78875,"0,266",12,2,"9,5673","7,5031","49,1943","5,1419","-42,9687"
2026 02 02 10:57:10:432,-3.9675,-6.78875,"0,266",12,2,"9,5673","7,5031","49,1943","5,1419","-54,6875"
2026 02 02 10:57:10:434,-3.9675,-6.70125,"0,266",12,2,"9,5673","7,5031","49,1943","5,1419","-3,9062"
2026 02 02 10:57:10:436,-3.9334,-6.78875,"0,266",12,2,"9,5673","7,5031","49,1943","5,1419","54,6875"
2026 02 02 10:57:10:438,-3.9675,-6.78875,"0,266",12,2,"9,5673","7,5031","49,1943","5,1419","54,6875"
2026 02 02 10:57:10:440,-3.9334,-6.70125,"0,266",12,2,"9,5673","7,5031","49,1943","5,1419","82,0313"
2026 02 02 10:57:10:442,-3.9675,-6.78875,"0,266",12,2,"9,5673","7,5031","49,1943","5,1419","15,625"
2026 02 02 10:57:10:444,-3.9675,-6.78875,"0,266",12,2,"9,5673","7,5031","49,1943","5,1419","-62,5"
2026 02 02 10:57:10:446,-3.9675,-6.78875,"0,266",12,2,"9,5673","7,5031","49,1943","5,1419","-35,1562"
2026 02 02 10:57:10:448,-3.9675,-6.70125,"0,266",12,2,"9,5673","7,5031","49,1943","5,1419","-3,9062"
2026 02 02 10:57:10:450,-3.9675,-6.70125,"0,266",12,2,"9,5673","7,5031","49,1943","5,1419","7,8125"
2026 02 02 10:57:10:452,-3.9985,-6.78875,"0,266",12,2,"9,5673","7,5031","49,1943","5,1419","39,0625"
2026 02 02 10:57:10:454,-3.9675,-6.70125,"0,266",12,2,"9,5673","7,5031","49,1943","5,1419","58,5938"
2026 02 02 10:57:10:456,-3.9675,-6.78875,"0,266",12,2,"9,5673","7,5031","49,1943","5,1419",0
2026 02 02 10:57:10:458,-3.9675,-6.78875,"0,266",12,2,"9,5673","7,5031","49,1943","5,1419","-23,4375"
2026 02 02 10:57:10:460,-3.9675,-6.78875,"0,266",12,2,"9,5673","7,5031","49,1943","5,1419","23,4375"
2026 02 02 10:57:10:462,-3.9675,-6.70125,"0,266",12,2,"9,5673","7,5031","49,1943","5,1419","42,9688"
2026 02 02 10:57:10:464,-3.9985,-6.78875,"0,266",12,2,"9,5673","7,5031","49,1943","5,1419","19,5313"
2026 02 02 10:57:10:466,-3.9675,-6.78875,"0,266",12,2,"9,5673","7,5031","49,1943","5,1419","19,5313"
2026 02 02 10:57:10:468,-3.9985,-6.70125,"0,266",12,2,"9,5673","7,5031","49,1943","5,1419","19,5313"
2026 02 02 10:57:10:470,-3.9675,-6.70125,"0,266",12,2,"9,5673","7,5031","49,1943","5,1419","-27,3437"
2026 02 02 10:57:10:472,-3.9675,-6.78875,"0,266",12,2,"9,5673","7,5031","49,1943","5,1419","-27,3437"
2026 02 02 10:57:10:474,-3.9675,-6.78875,"0,266",12,2,"9,5673","7,5031","49,1943","5,1419","15,625"
2026 02 02 10:57:10:476,-3.9675,-6.70125,"0,266",12,2,"9,5673","7,5031","49,1943","5,1419","19,5313"
2026 02 02 10:57:10:478,-3.9985,-6.70125,"0,266",12,2,"9,5673","7,5031","49,1943","5,1419","11,7188"
2026 02 02 10:57:10:480,-3.9675,-6.78875,"0,266",12,2,"9,5673","7,5031","49,1943","5,1419","42,9688"
2026 02 02 10:57:10:482,-3.9334,-6.70125,"0,266",12,2,"9,5673","7,5031","49,1943","5,1419","85,9375"
2026 02 02 10:57:10:484,-3.9985,-6.78875,"0,266",12,2,"9,5673","7,5031","49,1943","5,1419","-35,1562"
2026 02 02 10:57:10:486,-3.9675,-6.78875,"0,266",12,2,"9,5673","7,5031","49,1943","5,1419","-62,5"
2026 02 02 10:57:10:488,-3.9675,-6.78875,"0,266",12,2,"9,5673","7,5031","49,1943","5,1419","39,0625"
2026 02 02 10:57:10:490,-3.9675,-6.70125,"0,266",12,2,"9,5673","7,5031","49,1943","5,1419","58,5938"
2026 02 02 10:57:10:492,-3.9334,-6.78875,"0,266",12,2,"9,5673","7,5031","49,1943","5,1419","7,8125"
2026 02 02 10:57:10:494,-3.9985,-6.78875,"0,266",12,2,"9,5673","7,5031","49,1943","5,1419","58,5938"
2026 02 02 10:57:10:496,-3.9985,-6.70125,"0,266",12,2,"9,5673","7,5031","49,1943","5,1419","11,7188"
2026 02 02 10:57:10:498,-3.9985,-6.78875,"0,266",12,2,"9,5673","7,5031","49,1943","5,1419","-54,6875"
2026 02 02 10:57:10:500,-3.9985,-6.78875,"0,266",12,2,"9,5673","7,5031","49,1943","5,1419","19,5313"
2026 02 02 10:57:10:502,-3.9675,-6.78875,"0,266",12,2,"9,5673","7,5031","49,1943","5,1419","85,9375"
2026 02 02 10:57:10:504,-3.9675,-6.87625,"0,266",12,2,"9,5673","7,5031","49,1943","5,1419","15,625"
2026 02 02 10:57:10:506,-3.9675,-6.78875,"0,266",12,2,"9,5673","7,5031","49,1943","5,1419","19,5313"
2026 02 02 10:57:10:508,-3.9334,-6.70125,"0,266",12,2,"9,5673","7,5031","49,1943","5,1419","23,4375"
2026 02 02 10:57:10:510,-3.9675,-6.70125,"0,266",12,2,"9,5673","7,5031","49,1943","5,1419","-19,5312"
2026 02 02 10:57:10:512,-3.9985,-6.78875,"0,266",12,2,"9,5673","7,5031","49,1943","5,1419","-66,4062"
2026 02 02 10:57:10:514,-3.9334,-6.70125,"0,266",12,2,"9,5673","7,5031","49,1943","5,1419","15,625"
2026 02 02 10:57:10:516,-3.9675,-6.70125,"0,266",12,2,"9,5673","7,5031","49,1943","5,1419","42,9688"
2026 02 02 10:57:10:518,-3.9675,-6.70125,"0,266",12,2,"9,5673","7,5031","49,1943","5,1419","42,9688"
2026 02 02 10:57:10:520,-3.9985,-6.78875,"0,266",12,2,"9,5673","7,5031","49,1943","5,1419","62,5"
2026 02 02 10:57:10:522,-3.9675,-6.70125,"0,266",12,2,"9,5673","7,5031","49,1943","5,1419","97,6563"
2026 02 02 10:57:10:524,-3.9675,-6.78875,"0,266",12,2,"9,5673","7,5031","49,1943","5,1419","-19,5312"
2026 02 02 10:57:10:526,-3.9675,-6.78875,"0,266",12,2,"9,5673","7,5031","49,1943","5,1419","-35,1562"
2026 02 02 10:57:10:528,-3.9675,-6.78875,"0,266",12,2,"9,5673","7,5031","49,1943","5,1419","-11,7187"
2026 02 02 10:57:10:530,-3.9334,-6.78875,"0,266",12,2,"9,5673","7,5031","49,1943","5,1419","-23,4375"
2026 02 02 10:57:10:532,-3.9334,-6.78875,"0,266",12,2,"9,5673","7,5031","49,1943","5,1419","3,9063"
2026 02 02 10:57:10:534,-3.9675,-6.78875,"0,266",12,2,"9,5673","7,5031","49,1943","5,1419","58,5938"
2026 02 02 10:57:10:536,-3.9675,-6.78875,"0,266",12,2,"9,5673","7,5031","49,1943","5,1419","35,1563"
2026 02 02 10:57:10:538,-3.9675,-6.78875,"0,266",12,2,"9,5673","7,5031","49,1943","5,1419",0
2026 02 02 10:57:10:540,-3.9675,-6.70125,"0,266",12,2,"9,5673","7,5031","49,1943","5,1419","23,4375"
2026 02 02 10:57:10:542,-3.9675,-6.78875,"0,266",12,2,"9,5673","7,5031","49,1943","5,1419","58,5938"
2026 02 02 10:57:10:544,-3.9675,-6.78875,"0,266",12,2,"9,5673","7,5031","49,1943","5,1419","15,625"
2026 02 02 10:57:10:546,-3.9675,-6.87625,"0,266",12,2,"9,5673","7,5031","49,1943","5,1419","-3,9062"
2026 02 02 10:57:10:548,-3.9675,-6.78875,"0,266",12,2,"9,5673","7,5031","49,1943","5,1419","23,4375"
2026 02 02 10:57:10:550,-3.9675,-6.70125,"0,266",12,2,"9,5673","7,5031","49,1943","5,1419","-11,7187"
2026 02 02 10:57:10:552,-3.9675,-6.70125,"0,266",12,2,"9,5673","7,5031","49,1943","5,1419","7,8125"
2026 02 02 10:57:10:554,-3.9985,-6.70125,"0,266",12,2,"9,5673","7,5031","49,1943","5,1419","54,6875"
2026 02 02 10:57:10:556,-3.9985,-6.70125,"0,266",12,2,"9,5673","7,5031","49,1943","5,1419","35,1563"
2026 02 02 10:57:10:558,-3.9985,-6.78875,"0,266",12,2,"9,5673","7,5031","49,1943","5,1419","-11,7187"
2026 02 02 10:57:10:560,-3.9985,-6.70125,"0,266",12,2,"9,5673","7,5031","49,1943","5,1419","42,9688"
2026 02 02 10:57:10:562,-3.9334,-6.78875,"0,266",13,2,"14,0839","5,8735","117,691","8,3564","35,1563"
2026 02 02 10:57:10:564,-3.9675,-6.78875,"0,266",13,2,"14,0839","5,8735","117,691","8,3564","-19,5312"
2026 02 02 10:57:10:566,-3.9675,-6.78875,"0,266",13,2,"14,0839","5,8735","117,691","8,3564","-7,8125"
2026 02 02 10:57:10:568,-3.9675,-6.78875,"0,266",13,2,"14,0839","5,8735","117,691","8,3564","42,9688"
2026 02 02 10:57:10:570,-3.9675,-6.78875,"0,266",13,2,"14,0839","5,8735","117,691","8,3564","35,1563"
2026 02 02 10:57:10:572,-3.9334,-6.78875,"0,266",13,2,"14,0839","5,8735","117,691","8,3564","19,5313"
2026 02 02 10:57:10:574,-3.9334,-6.78875,"0,266",13,2,"14,0839","5,8735","117,691","8,3564","46,875"
2026 02 02 10:57:10:576,-3.9675,-6.78875,"0,266",13,2,"14,0839","5,8735","117,691","8,3564","15,625"
2026 02 02 10:57:10:578,-3.9675,-6.70125,"0,266",13,2,"14,0839","5,8735","117,691","8,3564","-58,5937"
2026 02 02 10:57:10:580,-3.9675,-6.70125,"0,266",13,2,"14,0839","5,8735","117,691","8,3564","15,625"
2026 02 02 10:57:10:582,-3.9985,-6.78875,"0,266",13,2,"14,0839","5,8735","117,691","8,3564","7,8125"
2026 02 02 10:57:10:584,-3.9675,-6.70125,"0,266",13,2,"14,0839","5,8735","117,691","8,3564","23,4375"
2026 02 02 10:57:10:586,-3.9985,-6.70125,"0,266",13,2,"14,0839","5,8735","117,691","8,3564","27,3438"
2026 02 02 10:57:10:588,-3.9985,-6.78875,"0,266",13,2,"14,0839","5,8735","117,691","8,3564","35,1563"
2026 02 02 10:57:10:590,-3.9985,-6.78875,"0,266",13,2,"14,0839","5,8735","117,691","8,3564","23,4375"
2026 02 02 10:57:10:592,-3.9334,-6.78875,"0,266",13,2,"14,0839","5,8735","117,691","8,3564","7,8125"
2026 02 02 10:57:10:594,-3.9675,-6.78875,"0,266",13,2,"14,0839","5,8735","117,691","8,3564","7,8125"
2026 02 02 10:57:10:596,-3.9675,-6.78875,"0,266",13,2,"14,0839","5,8735","117,691","8,3564","35,1563"
2026 02 02 10:57:10:598,-3.9675,-6.70125,"0,266",13,2,"14,0839","5,8735","117,691","8,3564","31,25"
2026 02 02 10:57:10:600,-3.9334,-6.78875,"0,266",13,2,"14,0839","5,8735","117,691","8,3564","42,9688"
2026 02 02 10:57:10:602,-3.9675,-6.70125,"0,266",13,2,"14,0839","5,8735","117,691","8,3564","62,5"
2026 02 02 10:57:10:604,-3.9675,-6.78875,"0,266",13,2,"14,0839","5,8735","117,691","8,3564","-3,9062"
2026 02 02 10:57:10:606,-3.9675,-6.78875,"0,266",13,2,"14,0839","5,8735","117,691","8,3564","-19,5312"
2026 02 02 10:57:10:608,-3.9675,-6.78875,"0,266",13,2,"14,0839","5,8735","117,691","8,3564","23,4375"
2026 02 02 10:57:10:610,-3.9675,-6.78875,"0,266",13,2,"14,0839","5,8735","117,691","8,3564","-23,4375"
2026 02 02 10:57:10:612,-3.9675,-6.78875,"0,266",13,2,"14,0839","5,8735","117,691","8,3564","23,4375"
2026 02 02 10:57:10:614,-3.9675,-6.70125,"0,266",13,2,"14,0839","5,8735","117,691","8,3564","7,8125"
2026 02 02 10:57:10:616,-3.9985,-6.78875,"0,266",13,2,"14,0839","5,8735","117,691","8,3564","50,7813"
2026 02 02 10:57:10:618,-3.9334,-6.78875,"0,266",13,2,"14,0839","5,8735","117,691","8,3564","39,0625"
2026 02 02 10:57:10:620,-3.9675,-6.78875,"0,266",13,2,"14,0839","5,8735","117,691","8,3564","35,1563"
2026 02 02 10:57:10:622,-3.9334,-6.78875,"0,266",13,2,"14,0839","5,8735","117,691","8,3564","62,5"
2026 02 02 10:57:10:624,-3.9675,-6.78875,"0,266",13,2,"14,0839","5,8735","117,691","8,3564","58,5938"
2026 02 02 10:57:10:626,-3.9675,-6.70125,"0,266",13,2,"14,0839","5,8735","117,691","8,3564","-19,5312"
2026 02 02 10:57:10:628,-3.9675,-6.70125,"0,266",13,2,"14,0839","5,8735","117,691","8,3564","-15,625"
2026 02 02 10:57:10:630,-3.9675,-6.78875,"0,266",13,2,"14,0839","5,8735","117,691","8,3564","-11,7187"
2026 02 02 10:57:10:632,-3.9675,-6.70125,"0,266",13,2,"14,0839","5,8735","117,691","8,3564","3,9063"
2026 02 02 10:57:10:634,-3.9675,-6.78875,"0,266",13,2,"14,0839","5,8735","117,691","8,3564","-3,9062"
2026 02 02 10:57:10:636,-3.9675,-6.78875,"0,266",13,2,"14,0839","5,8735","117,691","8,3564","7,8125"
2026 02 02 10:57:10:638,-3.9334,-6.70125,"0,266",13,2,"14,0839","5,8735","117,691","8,3564","74,2188"
2026 02 02 10:57:10:640,-3.9675,-6.70125,"0,266",13,2,"14,0839","5,8735","117,691","8,3564","54,6875"
2026 02 02 10:57:10:642,-3.9675,-6.70125,"0,266",13,2,"14,0839","5,8735","117,691","8,3564","-3,9062"
2026 02 02 10:57:10:644,-3.9675,-6.78875,"0,266",13,2,"14,0839","5,8735","117,691","8,3564","46,875"
2026 02 02 10:57:10:646,-3.9675,-6.78875,"0,266",13,2,"14,0839","5,8735","117,691","8,3564","-46,875"
2026 02 02 10:57:10:648,-3.9675,-6.78875,"0,266",13,2,"14,0839","5,8735","117,691","8,3564","-11,7187"
2026 02 02 10:57:10:650,-3.9675,-6.70125,"0,266",13,2,"14,0839","5,8735","117,691","8,3564","58,5938"
2026 02 02 10:57:10:652,-3.9675,-6.78875,"0,266",13,2,"14,0839","5,8735","117,691","8,3564","74,2188"
2026 02 02 10:57:10:654,-3.9675,-6.70125,"0,266",13,2,"14,0839","5,8735","117,691","8,3564","19,5313"
2026 02 02 10:57:10:656,-3.9334,-6.70125,"0,266",13,2,"14,0839","5,8735","117,691","8,3564","74,2188"
2026 02 02 10:57:10:658,-3.9675,-6.70125,"0,266",13,2,"14,0839","5,8735","117,691","8,3564","-11,7187"
2026 02 02 10:57:10:660,-3.9675,-6.70125,"0,266",13,2,"14,0839","5,8735","117,691","8,3564","-31,25"
2026 02 02 10:57:10:662,-3.9675,-6.70125,"0,266",13,2,"14,0839","5,8735","117,691","8,3564","-11,7187"
2026 02 02 10:57:10:664,-3.9675,-6.70125,"0,266",13,2,"14,0839","5,8735","117,691","8,3564","66,4063"
2026 02 02 10:57:10:666,-3.9675,-6.78875,"0,266",13,2,"14,0839","5,8735","117,691","8,3564","27,3438"
2026 02 02 10:57:10:668,-3.9675,-6.78875,"0,266",13,2,"14,0839","5,8735","117,691","8,3564","23,4375"
2026 02 02 10:57:10:670,-3.9675,-6.78875,"0,266",13,2,"14,0839","5,8735","117,691","8,3564","62,5"
2026 02 02 10:57:10:672,-3.9675,-6.78875,"0,266",13,2,"14,0839","5,8735","117,691","8,3564","42,9688"
2026 02 02 10:57:10:674,-3.9675,-6.70125,"0,266",13,2,"14,0839","5,8735","117,691","8,3564","-46,875"
2026 02 02 10:57:10:676,-3.9675,-6.78875,"0,266",13,2,"14,0839","5,8735","117,691","8,3564","35,1563"
2026 02 02 10:57:10:678,-3.9675,-6.78875,"0,266",13,2,"14,0839","5,8735","117,691","8,3564","46,875"
2026 02 02 10:57:10:680,-3.9985,-6.78875,"0,266",13,2,"14,0839","5,8735","117,691","8,3564","31,25"
2026 02 02 10:57:10:682,-3.9675,-6.70125,"0,266",13,2,"14,0839","5,8735","117,691","8,3564","85,9375"
2026 02 02 10:57:10:684,-3.9675,-6.78875,"0,266",13,2,"14,0839","5,8735","117,691","8,3564","109,375"
2026 02 02 10:57:10:686,-3.9675,-6.78875,"0,266",13,2,"14,0839","5,8735","117,691","8,3564","-15,625"
2026 02 02 10:57:10:688,-3.9675,-6.70125,"0,266",13,2,"14,0839","5,8735","117,691","8,3564","-15,625"
2026 02 02 10:57:10:690,-3.9675,-6.70125,"0,266",13,2,"14,0839","5,8735","117,691","8,3564","23,4375"
2026 02 02 10:57:10:692,-3.9675,-6.78875,"0,266",13,2,"14,0839","5,8735","117,691","8,3564","11,7188"
2026 02 02 10:57:10:694,-3.9675,-6.70125,"0,266",13,2,"14,0839","5,8735","117,691","8,3564","-23,4375"
2026 02 02 10:57:10:696,-3.9675,-6.70125,"0,266",13,2,"14,0839","5,8735","117,691","8,3564","58,5938"
2026 02 02 10:57:10:698,-3.9675,-6.78875,"0,266",13,2,"14,0839","5,8735","117,691","8,3564","66,4063"
2026 02 02 10:57:10:700,-3.9675,-6.70125,"0,266",13,2,"14,0839","5,8735","117,691","8,3564","15,625"
2026 02 02 10:57:10:702,-3.9675,-6.70125,"0,266",13,2,"14,0839","5,8735","117,691","8,3564","74,2188"
2026 02 02 10:57:10:704,-3.9675,-6.70125,"0,266",13,2,"14,0839","5,8735","117,691","8,3564","70,3125"
2026 02 02 10:57:10:706,-3.9985,-6.70125,"0,266",13,2,"14,0839","5,8735","117,691","8,3564","-7,8125"
2026 02 02 10:57:10:708,-3.9675,-6.78875,"0,266",13,2,"14,0839","5,8735","117,691","8,3564","-54,6875"
2026 02 02 10:57:10:710,-3.9675,-6.78875,"0,266",13,2,"14,0839","5,8735","117,691","8,3564","50,7813"
2026 02 02 10:57:10:712,-3.9675,-6.78875,"0,266",13,2,"14,0839","5,8735","117,691","8,3564",0
2026 02 02 10:57:10:714,-3.9675,-6.70125,"0,266",13,2,"14,0839","5,8735","117,691","8,3564","3,9063"
2026 02 02 10:57:10:716,-3.9675,-6.78875,"0,266",13,2,"14,0839","5,8735","117,691","8,3564","74,2188"
2026 02 02 10:57:10:718,-3.9334,-6.78875,"0,266",13,2,"14,0839","5,8735","117,691","8,3564","66,4063"
2026 02 02 10:57:10:720,-3.9334,-6.78875,"0,266",13,2,"14,0839","5,8735","117,691","8,3564","35,1563"
2026 02 02 10:57:10:722,-3.9675,-6.78875,"0,266",13,2,"14,0839","5,8735","117,691","8,3564","50,7813"
2026 02 02 10:57:10:724,-3.9334,-6.78875,"0,266",13,2,"14,0839","5,8735","117,691","8,3564","46,875"
2026 02 02 10:57:10:726,-3.9675,-6.78875,"0,266",13,2,"14,0839","5,8735","117,691","8,3564","-42,9687"
2026 02 02 10:57:10:728,-3.9675,-6.78875,"0,266",13,2,"14,0839","5,8735","117,691","8,3564","3,9063"
2026 02 02 10:57:10:730,-3.9675,-6.78875,"0,266",13,2,"14,0839","5,8735","117,691","8,3564","42,9688"
2026 02 02 10:57:10:732,-3.9985,-6.78875,"0,266",13,2,"14,0839","5,8735","117,691","8,3564","74,2188"
2026 02 02 10:57:10:734,-3.9675,-6.78875,"0,266",13,2,"14,0839","5,8735","117,691","8,3564","50,7813"
2026 02 02 10:57:10:736,-3.9675,-6.70125,"0,266",13,2,"14,0839","5,8735","117,691","8,3564","62,5"
2026 02 02 10:57:10:738,-3.9675,-6.70125,"0,266",13,2,"14,0839","5,8735","117,691","8,3564","46,875"
2026 02 02 10:57:10:740,-3.9985,-6.78875,"0,266",13,2,"14,0839","5,8735","117,691","8,3564","-50,7812"
2026 02 02 10:57:10:742,-3.9675,-6.70125,"0,266",13,2,"14,0839","5,8735","117,691","8,3564","50,7813"
2026 02 02 10:57:10:744,-3.9675,-6.70125,"0,266",13,2,"14,0839","5,8735","117,691","8,3564","31,25"
2026 02 02 10:57:10:746,-3.9675,-6.70125,"0,266",13,2,"14,0839","5,8735","117,691","8,3564","7,8125"
2026 02 02 10:57:10:748,-3.9985,-6.70125,"0,266",13,2,"14,0839","5,8735","117,691","8,3564","46,875"
2026 02 02 10:57:10:750,-3.9675,-6.70125,"0,266",13,2,"14,0839","5,8735","117,691","8,3564","85,9375"
2026 02 02 10:57:10:752,-3.9675,-6.87625,"0,266",13,2,"14,0839","5,8735","117,691","8,3564","35,1563"
2026 02 02 10:57:10:754,-3.9675,-6.70125,"0,266",13,2,"14,0839","5,8735","117,691","8,3564","3,9063"
2026 02 02 10:57:10:756,-3.9675,-6.70125,"0,266",13,2,"14,0839","5,8735","117,691","8,3564","31,25"
2026 02 02 10:57:10:758,-3.9675,-6.61375,"0,266",13,2,"14,0839","5,8735","117,691","8,3564","27,3438"
2026 02 02 10:57:10:760,-3.9675,-6.78875,"0,266",13,2,"14,0839","5,8735","117,691","8,3564","15,625"
2026 02 02 10:57:10:762,-3.9675,-6.70125,"0,266",13,2,"14,0839","5,8735","117,691","8,3564","23,4375"
2026 02 02 10:57:10:764,-3.9675,-6.78875,"0,266",13,2,"14,0839","5,8735","117,691","8,3564","89,8438"
2026 02 02 10:57:10:766,-3.9675,-6.78875,"0,266",13,2,"14,0839","5,8735","117,691","8,3564","-11,7187"
2026 02 02 10:57:10:768,-3.9675,-6.78875,"0,266",13,2,"14,0839","5,8735","117,691","8,3564","27,3438"
2026 02 02 10:57:10:770,-3.9675,-6.78875,"0,266",13,2,"14,0839","5,8735","117,691","8,3564","50,7813"
2026 02 02 10:57:10:772,-3.9334,-6.78875,"0,266",13,2,"14,0839","5,8735","117,691","8,3564","-23,4375"
2026 02 02 10:57:10:774,-3.9675,-6.78875,"0,266",13,2,"14,0839","5,8735","117,691","8,3564","-3,9062"
2026 02 02 10:57:10:776,-3.9675,-6.78875,"0,266",13,2,"14,0839","5,8735","117,691","8,3564","42,9688"
2026 02 02 10:57:10:778,-3.9334,-6.78875,"0,266",13,2,"14,0839","5,8735","117,691","8,3564","85,9375"
2026 02 02 10:57:10:780,-3.9675,-6.78875,"0,266",13,2,"14,0839","5,8735","117,691","8,3564","35,1563"
2026 02 02 10:57:10:782,-3.9675,-6.78875,"0,266",13,2,"14,0839","5,8735","117,691","8,3564","82,0313"
2026 02 02 10:57:10:784,-3.9675,-6.78875,"0,266",13,2,"14,0839","5,8735","117,691","8,3564","109,375"
2026 02 02 10:57:10:786,-3.9334,-6.70125,"0,266",13,2,"14,0839","5,8735","117,691","8,3564","50,7813"
2026 02 02 10:57:10:788,-3.9675,-6.78875,"0,266",13,2,"14,0839","5,8735","117,691","8,3564",0
2026 02 02 10:57:10:790,-3.9675,-6.87625,"0,266",13,2,"14,0839","5,8735","117,691","8,3564",0
2026 02 02 10:57:10:792,-3.9675,-6.78875,"0,266",13,2,"14,0839","5,8735","117,691","8,3564","-15,625"
2026 02 02 10:57:10:794,-3.9675,-6.78875,"0,266",13,2,"14,0839","5,8735","117,691","8,3564","-35,1562"
2026 02 02 10:57:10:796,-3.9675,-6.70125,"0,266",13,2,"14,0839","5,8735","117,691","8,3564","39,0625"
2026 02 02 10:57:10:798,-3.9985,-6.78875,"0,266",13,2,"14,0839","5,8735","117,691","8,3564","78,125"
2026 02 02 10:57:10:800,-3.9675,-6.78875,"0,266",13,2,"14,0839","5,8735","117,691","8,3564","62,5"
2026 02 02 10:57:10:802,-3.9675,-6.78875,"0,266",13,2,"14,0839","5,8735","117,691","8,3564","78,125"
2026 02 02 10:57:10:804,-3.9675,-6.78875,"0,266",13,2,"14,0839","5,8735","117,691","8,3564","89,8438"
2026 02 02 10:57:10:806,-3.9675,-6.70125,"0,266",13,2,"14,0839","5,8735","117,691","8,3564","-15,625"
2026 02 02 10:57:10:808,-3.9675,-6.78875,"0,266",13,2,"14,0839","5,8735","117,691","8,3564","-66,4062"
2026 02 02 10:57:10:810,-3.9985,-6.78875,"0,266",13,2,"14,0839","5,8735","117,691","8,3564","23,4375"
2026 02 02 10:57:10:812,-3.9985,-6.70125,"0,266",13,2,"14,0839","5,8735","117,691","8,3564","105,4688"
2026 02 02 10:57:10:814,-3.9985,-6.70125,"0,266",13,2,"14,0839","5,8735","117,691","8,3564","58,5938"
2026 02 02 10:57:10:816,-3.9985,-6.70125,"0,266",13,2,"14,0839","5,8735","117,691","8,3564","54,6875"
2026 02 02 10:57:10:818,-3.9985,-6.70125,"0,266",13,2,"14,0839","5,8735","117,691","8,3564","113,2813"
2026 02 02 10:57:10:820,-3.9675,-6.78875,"0,266",13,2,"14,0839","5,8735","117,691","8,3564","7,8125"
2026 02 02 10:57:10:822,-3.9985,-6.78875,"0,266",13,2,"14,0839","5,8735","117,691","8,3564","-15,625"
2026 02 02 10:57:10:824,-3.9675,-6.70125,"0,266",13,2,"14,0839","5,8735","117,691","8,3564","31,25"
2026 02 02 10:57:10:826,-3.9334,-6.78875,"0,266",13,2,"14,0839","5,8735","117,691","8,3564","27,3438"
2026 02 02 10:57:10:828,-3.9675,-6.78875,"0,266",13,2,"14,0839","5,8735","117,691","8,3564","3,9063"
2026 02 02 10:57:10:830,-3.9675,-6.70125,"0,266",13,2,"14,0839","5,8735","117,691","8,3564","85,9375"
2026 02 02 10:57:10:832,-3.9334,-6.70125,"0,266",13,2,"14,0839","5,8735","117,691","8,3564","97,6563"
2026 02 02 10:57:10:834,-3.9675,-6.78875,"0,266",13,2,"14,0839","5,8735","117,691","8,3564","19,5313"
2026 02 02 10:57:10:836,-3.9675,-6.78875,"0,266",13,2,"14,0839","5,8735","117,691","8,3564","50,7813"
2026 02 02 10:57:10:838,-3.9985,-6.70125,"0,266",13,2,"14,0839","5,8735","117,691","8,3564","31,25"
2026 02 02 10:57:10:840,-3.9675,-6.78875,"0,266",13,2,"14,0839","5,8735","117,691","8,3564","42,9688"
2026 02 02 10:57:10:842,-3.9675,-6.70125,"0,266",13,2,"14,0839","5,8735","117,691","8,3564","42,9688"
2026 02 02 10:57:10:844,-3.9675,-6.70125,"0,266",13,2,"14,0839","5,8735","117,691","8,3564","89,8438"
2026 02 02 10:57:10:846,-3.9675,-6.70125,"0,266",13,2,"14,0839","5,8735","117,691","8,3564","66,4063"
2026 02 02 10:57:10:848,-3.9675,-6.78875,"0,266",13,2,"14,0839","5,8735","117,691","8,3564","-7,8125"
2026 02 02 10:57:10:850,-3.9675,-6.78875,"0,266",13,2,"14,0839","5,8735","117,691","8,3564","66,4063"
2026 02 02 10:57:10:852,-3.9675,-6.61375,"0,266",13,2,"14,0839","5,8735","117,691","8,3564","42,9688"
2026 02 02 10:57:10:854,-3.9675,-6.78875,"0,266",13,2,"14,0839","5,8735","117,691","8,3564","-3,9062"
2026 02 02 10:57:10:856,-3.9334,-6.70125,"0,266",13,2,"14,0839","5,8735","117,691","8,3564","15,625"
2026 02 02 10:57:10:858,-3.9675,-6.78875,"0,266",13,2,"14,0839","5,8735","117,691","8,3564","70,3125"
2026 02 02 10:57:10:860,-3.9675,-6.70125,"0,266",13,2,"14,0839","5,8735","117,691","8,3564","31,25"
2026 02 02 10:57:10:862,-3.9675,-6.78875,"0,28",30,4,"28,1677","1,4762","130,6915","4,6398","39,0625"
2026 02 02 10:57:10:864,-3.9675,-6.78875,"0,28",30,4,"28,1677","1,4762","130,6915","4,6398","89,8438"
2026 02 02 10:57:10:866,-3.9675,-6.70125,"0,28",30,4,"28,1677","1,4762","130,6915","4,6398","85,9375"
2026 02 02 10:57:10:868,-3.9675,-6.78875,"0,28",30,4,"28,1677","1,4762","130,6915","4,6398","15,625"
2026 02 02 10:57:10:870,-3.9675,-6.70125,"0,28",30,4,"28,1677","1,4762","130,6915","4,6398","-11,7187"
2026 02 02 10:57:10:872,-3.9675,-6.70125,"0,28",30,4,"28,1677","1,4762","130,6915","4,6398","58,5938"
2026 02 02 10:57:10:874,-3.9334,-6.70125,"0,28",30,4,"28,1677","1,4762","130,6915","4,6398","-46,875"
2026 02 02 10:57:10:876,-3.9675,-6.78875,"0,28",30,4,"28,1677","1,4762","130,6915","4,6398","-3,9062"
2026 02 02 10:57:10:878,-3.9675,-6.70125,"0,28",30,4,"28,1677","1,4762","130,6915","4,6398","117,1875"
2026 02 02 10:57:10:880,-3.9675,-6.78875,"0,28",30,4,"28,1677","1,4762","130,6915","4,6398","101,5625"
2026 02 02 10:57:10:882,-3.9675,-6.70125,"0,28",30,4,"28,1677","1,4762","130,6915","4,6398","39,0625"
2026 02 02 10:57:10:884,-3.9985,-6.70125,"0,28",30,4,"28,1677","1,4762","130,6915","4,6398","105,4688"
2026 02 02 10:57:10:886,-3.9675,-6.78875,"0,28",30,4,"28,1677","1,4762","130,6915","4,6398","58,5938"
2026 02 02 10:57:10:888,-3.9675,-6.78875,"0,28",30,4,"28,1677","1,4762","130,6915","4,6398","-74,2187"
2026 02 02 10:57:10:890,-3.9675,-6.78875,"0,28",30,4,"28,1677","1,4762","130,6915","4,6398","7,8125"
2026 02 02 10:57:10:892,-3.9334,-6.78875,"0,28",30,4,"28,1677","1,4762","130,6915","4,6398","89,8438"
2026 02 02 10:57:10:894,-3.9675,-6.78875,"0,28",30,4,"28,1677","1,4762","130,6915","4,6398","66,4063"
2026 02 02 10:57:10:896,-3.9675,-6.78875,"0,28",30,4,"28,1677","1,4762","130,6915","4,6398","42,9688"
2026 02 02 10:57:10:898,-3.9675,-6.78875,"0,28",30,4,"28,1677","1,4762","130,6915","4,6398","136,7188"
2026 02 02 10:57:10:900,-3.9675,-6.70125,"0,28",30,4,"28,1677","1,4762","130,6915","4,6398","50,7813"
2026 02 02 10:57:10:902,-3.9985,-6.70125,"0,28",30,4,"28,1677","1,4762","130,6915","4,6398","-19,5312"
2026 02 02 10:57:10:904,-3.9334,-6.78875,"0,28",30,4,"28,1677","1,4762","130,6915","4,6398","42,9688"
2026 02 02 10:57:10:906,-3.9675,-6.70125,"0,28",30,4,"28,1677","1,4762","130,6915","4,6398","39,0625"
2026 02 02 10:57:10:908,-3.9675,-6.70125,"0,28",30,4,"28,1677","1,4762","130,6915","4,6398","-50,7812"
2026 02 02 10:57:10:910,-3.9985,-6.70125,"0,28",30,4,"28,1677","1,4762","130,6915","4,6398","97,6563"
2026 02 02 10:57:10:912,-3.9675,-6.70125,"0,28",30,4,"28,1677","1,4762","130,6915","4,6398","132,8125"
2026 02 02 10:57:10:914,-3.9675,-6.70125,"0,28",30,4,"28,1677","1,4762","130,6915","4,6398","58,5938"
2026 02 02 10:57:10:916,-3.9675,-6.70125,"0,28",30,4,"28,1677","1,4762","130,6915","4,6398","50,7813"
2026 02 02 10:57:10:918,-3.9334,-6.78875,"0,28",30,4,"28,1677","1,4762","130,6915","4,6398","89,8438"
2026 02 02 10:57:10:920,-3.9985,-6.70125,"0,28",30,4,"28,1677","1,4762","130,6915","4,6398","31,25"
2026 02 02 10:57:10:922,-3.9675,-6.70125,"0,28",30,4,"28,1677","1,4762","130,6915","4,6398","3,9063"
2026 02 02 10:57:10:924,-3.9675,-6.78875,"0,28",30,4,"28,1677","1,4762","130,6915","4,6398","62,5"
2026 02 02 10:57:10:926,-3.9675,-6.78875,"0,28",30,4,"28,1677","1,4762","130,6915","4,6398","39,0625"
2026 02 02 10:57:10:928,-3.9675,-6.78875,"0,28",30,4,"28,1677","1,4762","130,6915","4,6398","-42,9687"
2026 02 02 10:57:10:930,-3.9985,-6.70125,"0,28",30,4,"28,1677","1,4762","130,6915","4,6398","66,4063"
2026 02 02 10:57:10:932,-3.9675,-6.70125,"0,28",30,4,"28,1677","1,4762","130,6915","4,6398","93,75"
2026 02 02 10:57:10:934,-3.9675,-6.78875,"0,28",30,4,"28,1677","1,4762","130,6915","4,6398","19,5313"
2026 02 02 10:57:10:936,-3.9675,-6.78875,"0,28",30,4,"28,1677","1,4762","130,6915","4,6398","-11,7187"
2026 02 02 10:57:10:938,-3.9334,-6.70125,"0,28",30,4,"28,1677","1,4762","130,6915","4,6398","97,6563"
2026 02 02 10:57:10:940,-3.9675,-6.78875,"0,28",30,4,"28,1677","1,4762","130,6915","4,6398","39,0625"
2026 02 02 10:57:10:942,-3.9675,-6.78875,"0,28",30,4,"28,1677","1,4762","130,6915","4,6398","35,1563"
2026 02 02 10:57:10:944,-3.9985,-6.70125,"0,28",30,4,"28,1677","1,4762","130,6915","4,6398",125
2026 02 02 10:57:10:946,-3.9675,-6.70125,"0,28",30,4,"28,1677","1,4762","130,6915","4,6398","121,0938"
2026 02 02 10:57:10:948,-3.9675,-6.78875,"0,28",30,4,"28,1677","1,4762","130,6915","4,6398","39,0625"
2026 02 02 10:57:10:950,-3.9675,-6.78875,"0,28",30,4,"28,1677","1,4762","130,6915","4,6398","39,0625"
2026 02 02 10:57:10:952,-3.9675,-6.61375,"0,28",30,4,"28,1677","1,4762","130,6915","4,6398","66,4063"
2026 02 02 10:57:10:954,-3.9334,-6.70125,"0,28",30,4,"28,1677","1,4762","130,6915","4,6398","-27,3437"
2026 02 02 10:57:10:956,-3.9334,-6.78875,"0,28",30,4,"28,1677","1,4762","130,6915","4,6398","-31,25"
2026 02 02 10:57:10:958,-3.9675,-6.70125,"0,28",30,4,"28,1677","1,4762","130,6915","4,6398","74,2188"
2026 02 02 10:57:10:960,-3.9334,-6.78875,"0,28",30,4,"28,1677","1,4762","130,6915","4,6398","74,2188"
2026 02 02 10:57:10:962,-3.9675,-6.78875,"0,28",30,4,"28,1677","1,4762","130,6915","4,6398","50,7813"
2026 02 02 10:57:10:964,-3.9675,-6.78875,"0,28",30,4,"28,1677","1,4762","130,6915","4,6398",125
2026 02 02 10:57:10:966,-3.9675,-6.70125,"0,28",30,4,"28,1677","1,4762","130,6915","4,6398","148,4375"
2026 02 02 10:57:10:968,-3.9985,-6.78875,"0,28",30,4,"28,1677","1,4762","130,6915","4,6398","-19,5312"
2026 02 02 10:57:10:970,-3.9334,-6.78875,"0,28",30,4,"28,1677","1,4762","130,6915","4,6398","-50,7812"
2026 02 02 10:57:10:972,-3.9985,-6.70125,"0,28",30,4,"28,1677","1,4762","130,6915","4,6398","78,125"
2026 02 02 10:57:10:974,-3.9675,-6.70125,"0,28",30,4,"28,1677","1,4762","130,6915","4,6398","42,9688"
2026 02 02 10:57:10:976,-3.9675,-6.70125,"0,28",30,4,"28,1677","1,4762","130,6915","4,6398","46,875"
2026 02 02 10:57:10:978,-3.9985,-6.78875,"0,28",30,4,"28,1677","1,4762","130,6915","4,6398","113,2813"
2026 02 02 10:57:10:980,-3.9675,-6.78875,"0,28",30,4,"28,1677","1,4762","130,6915","4,6398",125
2026 02 02 10:57:10:982,-3.9675,-6.70125,"0,28",30,4,"28,1677","1,4762","130,6915","4,6398","7,8125"
2026 02 02 10:57:10:984,-3.9675,-6.87625,"0,28",30,4,"28,1677","1,4762","130,6915","4,6398","46,875"
2026 02 02 10:57:10:986,-3.9334,-6.70125,"0,28",30,4,"28,1677","1,4762","130,6915","4,6398","39,0625"
2026 02 02 10:57:10:988,-3.9334,-6.70125,"0,28",30,4,"28,1677","1,4762","130,6915","4,6398","-50,7812"
2026 02 02 10:57:10:990,-3.9675,-6.78875,"0,28",30,4,"28,1677","1,4762","130,6915","4,6398","15,625"
2026 02 02 10:57:10:992,-3.9675,-6.70125,"0,28",30,4,"28,1677","1,4762","130,6915","4,6398","93,75"
2026 02 02 10:57:10:994,-3.9675,-6.70125,"0,28",30,4,"28,1677","1,4762","130,6915","4,6398","74,2188"
2026 02 02 10:57:10:996,-3.9675,-6.78875,"0,28",30,4,"28,1677","1,4762","130,6915","4,6398","42,9688"
2026 02 02 10:57:10:998,-3.9985,-6.78875,"0,28",30,4,"28,1677","1,4762","130,6915","4,6398","148,4375"
2026 02 02 10:57:11:000,-3.9675,-6.78875,"0,28",30,4,"28,1677","1,4762","130,6915","4,6398","70,3125"
2026 02 02 10:57:11:002,-3.9985,-6.78875,"0,28",30,4,"28,1677","1,4762","130,6915","4,6398","11,7188"
2026 02 02 10:57:11:004,-3.9675,-6.70125,"0,28",30,4,"28,1677","1,4762","130,6915","4,6398","54,6875"
2026 02 02 10:57:11:006,-3.9675,-6.78875,"0,28",30,4,"28,1677","1,4762","130,6915","4,6398","70,3125"
2026 02 02 10:57:11:008,-3.9675,-6.70125,"0,28",30,4,"28,1677","1,4762","130,6915","4,6398","-3,9062"
2026 02 02 10:57:11:010,-3.9985,-6.70125,"0,28",30,4,"28,1677","1,4762","130,6915","4,6398","31,25"
2026 02 02 10:57:11:012,-3.9334,-6.78875,"0,28",30,4,"28,1677","1,4762","130,6915","4,6398","97,6563"
2026 02 02 10:57:11:014,-3.9675,-6.70125,"0,28",30,4,"28,1677","1,4762","130,6915","4,6398","66,4063"
2026 02 02 10:57:11:016,-3.9675,-6.78875,"0,28",30,4,"28,1677","1,4762","130,6915","4,6398","39,0625"
2026 02 02 10:57:11:018,-3.9675,-6.78875,"0,28",30,4,"28,1677","1,4762","130,6915","4,6398","85,9375"
2026 02 02 10:57:11:020,-3.9675,-6.78875,"0,28",30,4,"28,1677","1,4762","130,6915","4,6398","66,4063"
2026 02 02 10:57:11:022,-3.9334,-6.70125,"0,28",30,4,"28,1677","1,4762","130,6915","4,6398","35,1563"
2026 02 02 10:57:11:024,-3.9675,-6.78875,"0,28",30,4,"28,1677","1,4762","130,6915","4,6398","31,25"
2026 02 02 10:57:11:026,-3.9334,-6.78875,"0,28",30,4,"28,1677","1,4762","130,6915","4,6398","93,75"
2026 02 02 10:57:11:028,-3.9985,-6.70125,"0,28",30,4,"28,1677","1,4762","130,6915","4,6398","15,625"
2026 02 02 10:57:11:030,-3.9675,-6.87625,"0,28",30,4,"28,1677","1,4762","130,6915","4,6398","97,6563"
2026 02 02 10:57:11:032,-3.9675,-6.70125,"0,28",30,4,"28,1677","1,4762","130,6915","4,6398","93,75"
2026 02 02 10:57:11:034,-3.9334,-6.87625,"0,28",30,4,"28,1677","1,4762","130,6915","4,6398","23,4375"
2026 02 02 10:57:11:036,-3.9675,-6.78875,"0,28",30,4,"28,1677","1,4762","130,6915","4,6398","-39,0625"
2026 02 02 10:57:11:038,-3.9985,-6.78875,"0,28",30,4,"28,1677","1,4762","130,6915","4,6398","54,6875"
2026 02 02 10:57:11:040,-3.9334,-6.78875,"0,28",30,4,"28,1677","1,4762","130,6915","4,6398","62,5"
2026 02 02 10:57:11:042,-3.9675,-6.70125,"0,28",30,4,"28,1677","1,4762","130,6915","4,6398","35,1563"
2026 02 02 10:57:11:044,-3.9675,-6.78875,"0,28",30,4,"28,1677","1,4762","130,6915","4,6398",125
2026 02 02 10:57:11:046,-3.9675,-6.70125,"0,28",30,4,"28,1677","1,4762","130,6915","4,6398","191,4063"
2026 02 02 10:57:11:048,-3.9675,-6.70125,"0,28",30,4,"28,1677","1,4762","130,6915","4,6398","15,625"
2026 02 02 10:57:11:050,-3.9675,-6.78875,"0,28",30,4,"28,1677","1,4762","130,6915","4,6398","7,8125"
2026 02 02 10:57:11:052,-3.9675,-6.78875,"0,28",30,4,"28,1677","1,4762","130,6915","4,6398","74,2188"
2026 02 02 10:57:11:054,-3.9675,-6.70125,"0,28",30,4,"28,1677","1,4762","130,6915","4,6398","39,0625"
2026 02 02 10:57:11:056,-3.9675,-6.70125,"0,28",30,4,"28,1677","1,4762","130,6915","4,6398","15,625"
2026 02 02 10:57:11:058,-3.9334,-6.78875,"0,28",30,4,"28,1677","1,4762","130,6915","4,6398","97,6563"
2026 02 02 10:57:11:060,-3.9675,-6.78875,"0,28",30,4,"28,1677","1,4762","130,6915","4,6398","140,625"
2026 02 02 10:57:11:062,-3.9675,-6.78875,"0,28",30,4,"28,1677","1,4762","130,6915","4,6398","46,875"
2026 02 02 10:57:11:064,-3.9675,-6.70125,"0,28",30,4,"28,1677","1,4762","130,6915","4,6398","62,5"
2026 02 02 10:57:11:066,-3.9675,-6.78875,"0,28",30,4,"28,1677","1,4762","130,6915","4,6398","93,75"
2026 02 02 10:57:11:068,-3.9675,-6.78875,"0,28",30,4,"28,1677","1,4762","130,6915","4,6398","-11,7187"
2026 02 02 10:57:11:070,-3.9675,-6.70125,"0,28",30,4,"28,1677","1,4762","130,6915","4,6398",0
2026 02 02 10:57:11:072,-3.9985,-6.78875,"0,28",30,4,"28,1677","1,4762","130,6915","4,6398","82,0313"
2026 02 02 10:57:11:074,-3.9334,-6.70125,"0,28",30,4,"28,1677","1,4762","130,6915","4,6398","121,0938"
2026 02 02 10:57:11:076,-3.9985,-6.78875,"0,28",30,4,"28,1677","1,4762","130,6915","4,6398","23,4375"
2026 02 02 10:57:11:078,-3.9675,-6.70125,"0,28",30,4,"28,1677","1,4762","130,6915","4,6398","136,7188"
2026 02 02 10:57:11:080,-3.9334,-6.78875,"0,28",30,4,"28,1677","1,4762","130,6915","4,6398","152,3438"
2026 02 02 10:57:11:082,-3.9675,-6.78875,"0,28",30,4,"28,1677","1,4762","130,6915","4,6398","27,3438"
2026 02 02 10:57:11:084,-3.9675,-6.78875,"0,28",30,4,"28,1677","1,4762","130,6915","4,6398","42,9688"
2026 02 02 10:57:11:086,-3.9675,-6.78875,"0,28",30,4,"28,1677","1,4762","130,6915","4,6398","70,3125"
2026 02 02 10:57:11:088,-3.9675,-6.78875,"0,28",30,4,"28,1677","1,4762","130,6915","4,6398","7,8125"
2026 02 02 10:57:11:090,-3.9675,-6.70125,"0,28",30,4,"28,1677","1,4762","130,6915","4,6398","-50,7812"
2026 02 02 10:57:11:092,-3.9985,-6.78875,"0,28",30,4,"28,1677","1,4762","130,6915","4,6398","93,75"
2026 02 02 10:57:11:094,-3.9675,-6.78875,"0,28",30,4,"28,1677","1,4762","130,6915","4,6398","89,8438"
2026 02 02 10:57:11:096,-3.9675,-6.70125,"0,28",30,4,"28,1677","1,4762","130,6915","4,6398","46,875"
2026 02 02 10:57:11:098,-3.9985,-6.70125,"0,28",30,4,"28,1677","1,4762","130,6915","4,6398","70,3125"
2026 02 02 10:57:11:100,-3.9675,-6.78875,"0,28",30,4,"28,1677","1,4762","130,6915","4,6398",125
2026 02 02 10:57:11:102,-3.9985,-6.70125,"0,28",30,4,"28,1677","1,4762","130,6915","4,6398","42,9688"
2026 02 02 10:57:11:104,-3.9675,-6.70125,"0,28",30,4,"28,1677","1,4762","130,6915","4,6398","3,9063"
2026 02 02 10:57:11:106,-3.9675,-6.70125,"0,28",30,4,"28,1677","1,4762","130,6915","4,6398","144,5313"
2026 02 02 10:57:11:108,-3.9675,-6.78875,"0,28",30,4,"28,1677","1,4762","130,6915","4,6398","74,2188"
2026 02 02 10:57:11:110,-3.9675,-6.70125,"0,28",30,4,"28,1677","1,4762","130,6915","4,6398","66,4063"
2026 02 02 10:57:11:112,-3.9985,-6.78875,"0,28",30,4,"28,1677","1,4762","130,6915","4,6398","167,9688"
2026 02 02 10:57:11:114,-3.9675,-6.70125,"0,28",30,4,"28,1677","1,4762","130,6915","4,6398","85,9375"
2026 02 02 10:57:11:116,-3.9675,-6.70125,"0,28",30,4,"28,1677","1,4762","130,6915","4,6398","-3,9062"
2026 02 02 10:57:11:118,-3.9675,-6.78875,"0,28",30,4,"28,1677","1,4762","130,6915","4,6398","35,1563"
2026 02 02 10:57:11:120,-3.9675,-6.78875,"0,28",30,4,"28,1677","1,4762","130,6915","4,6398","78,125"
2026 02 02 10:57:11:122,-3.9675,-6.78875,"0,28",30,4,"28,1677","1,4762","130,6915","4,6398","15,625"
2026 02 02 10:57:11:124,-3.9985,-6.70125,"0,28",30,4,"28,1677","1,4762","130,6915","4,6398","46,875"
2026 02 02 10:57:11:126,-3.9334,-6.70125,"0,28",30,4,"28,1677","1,4762","130,6915","4,6398","144,5313"
2026 02 02 10:57:11:128,-3.9675,-6.78875,"0,28",30,4,"28,1677","1,4762","130,6915","4,6398","97,6563"
2026 02 02 10:57:11:130,-3.9675,-6.70125,"0,28",30,4,"28,1677","1,4762","130,6915","4,6398","23,4375"
2026 02 02 10:57:11:132,-3.9334,-6.78875,"0,28",30,4,"28,1677","1,4762","130,6915","4,6398","105,4688"
2026 02 02 10:57:11:134,-3.9675,-6.78875,"0,28",30,4,"28,1677","1,4762","130,6915","4,6398",125
2026 02 02 10:57:11:136,-3.9675,-6.70125,"0,28",30,4,"28,1677","1,4762","130,6915","4,6398","3,9063"
2026 02 02 10:57:11:138,-3.9675,-6.70125,"0,28",30,4,"28,1677","1,4762","130,6915","4,6398","93,75"
2026 02 02 10:57:11:140,-3.9675,-6.78875,"0,28",30,4,"28,1677","1,4762","130,6915","4,6398","97,6563"
2026 02 02 10:57:11:142,-3.9675,-6.78875,"0,28",30,4,"28,1677","1,4762","130,6915","4,6398","89,8438"
2026 02 02 10:57:11:144,-3.9985,-6.78875,"0,28",30,4,"28,1677","1,4762","130,6915","4,6398","58,5938"
2026 02 02 10:57:11:146,-3.9675,-6.78875,"0,28",30,4,"28,1677","1,4762","130,6915","4,6398","74,2188"
2026 02 02 10:57:11:148,-3.9675,-6.70125,"0,28",30,4,"28,1677","1,4762","130,6915","4,6398","23,4375"
2026 02 02 10:57:11:150,-3.9334,-6.78875,"0,28",30,4,"28,1677","1,4762","130,6915","4,6398","-11,7187"
2026 02 02 10:57:11:152,-3.9675,-6.70125,"0,28",30,4,"28,1677","1,4762","130,6915","4,6398","78,125"
2026 02 02 10:57:11:154,-3.9675,-6.78875,"0,28",30,4,"28,1677","1,4762","130,6915","4,6398","89,8438"
2026 02 02 10:57:11:156,-3.9675,-6.78875,"0,28",30,4,"28,1677","1,4762","130,6915","4,6398","27,3438"
2026 02 02 10:57:11:158,-3.9675,-6.78875,"0,28",30,4,"28,1677","1,4762","130,6915","4,6398","85,9375"
2026 02 02 10:57:11:160,-3.9675,-6.78875,"0,28",30,4,"28,1677","1,4762","130,6915","4,6398","167,9688"
2026 02 02 10:57:11:162,-3.9334,-6.78875,"0,433",37,5,"39,8254","0,1155","145,6451","3,6571","78,125"
2026 02 02 10:57:11:164,-3.9675,-6.70125,"0,433",37,5,"39,8254","0,1155","145,6451","3,6571","62,5"
2026 02 02 10:57:11:166,-3.9675,-6.87625,"0,433",37,5,"39,8254","0,1155","145,6451","3,6571","101,5625"
2026 02 02 10:57:11:168,-3.9985,-6.78875,"0,433",37,5,"39,8254","0,1155","145,6451","3,6571","31,25"
2026 02 02 10:57:11:170,-3.9675,-6.70125,"0,433",37,5,"39,8254","0,1155","145,6451","3,6571","7,8125"
2026 02 02 10:57:11:172,-3.9334,-6.78875,"0,433",37,5,"39,8254","0,1155","145,6451","3,6571","74,2188"
2026 02 02 10:57:11:174,-3.9675,-6.70125,"0,433",37,5,"39,8254","0,1155","145,6451","3,6571","58,5938"
2026 02 02 10:57:11:176,-3.9334,-6.70125,"0,433",37,5,"39,8254","0,1155","145,6451","3,6571","74,2188"
2026 02 02 10:57:11:178,-3.9675,-6.70125,"0,433",37,5,"39,8254","0,1155","145,6451","3,6571","101,5625"
2026 02 02 10:57:11:180,-3.9985,-6.70125,"0,433",37,5,"39,8254","0,1155","145,6451","3,6571","128,9063"
2026 02 02 10:57:11:182,-3.9675,-6.70125,"0,433",37,5,"39,8254","0,1155","145,6451","3,6571","85,9375"
2026 02 02 10:57:11:184,-3.9334,-6.70125,"0,433",37,5,"39,8254","0,1155","145,6451","3,6571","7,8125"
2026 02 02 10:57:11:186,-3.9675,-6.78875,"0,433",37,5,"39,8254","0,1155","145,6451","3,6571",125
2026 02 02 10:57:11:188,-3.9675,-6.70125,"0,433",37,5,"39,8254","0,1155","145,6451","3,6571","62,5"
2026 02 02 10:57:11:190,-3.9334,-6.70125,"0,433",37,5,"39,8254","0,1155","145,6451","3,6571","-3,9062"
2026 02 02 10:57:11:192,-3.9675,-6.78875,"0,433",37,5,"39,8254","0,1155","145,6451","3,6571","132,8125"
2026 02 02 10:57:11:194,-3.9334,-6.70125,"0,433",37,5,"39,8254","0,1155","145,6451","3,6571","93,75"
2026 02 02 10:57:11:196,-3.9675,-6.70125,"0,433",37,5,"39,8254","0,1155","145,6451","3,6571","50,7813"
2026 02 02 10:57:11:198,-3.9675,-6.70125,"0,433",37,5,"39,8254","0,1155","145,6451","3,6571","54,6875"
2026 02 02 10:57:11:200,-3.9675,-6.78875,"0,433",37,5,"39,8254","0,1155","145,6451","3,6571","97,6563"
2026 02 02 10:57:11:202,-3.9675,-6.78875,"0,433",37,5,"39,8254","0,1155","145,6451","3,6571","70,3125"
2026 02 02 10:57:11:204,-3.9985,-6.70125,"0,433",37,5,"39,8254","0,1155","145,6451","3,6571","35,1563"
2026 02 02 10:57:11:206,-3.9675,-6.78875,"0,433",37,5,"39,8254","0,1155","145,6451","3,6571","85,9375"
2026 02 02 10:57:11:208,-3.9985,-6.78875,"0,433",37,5,"39,8254","0,1155","145,6451","3,6571","82,0313"
2026 02 02 10:57:11:210,-3.9675,-6.70125,"0,433",37,5,"39,8254","0,1155","145,6451","3,6571","50,7813"
2026 02 02 10:57:11:212,-3.9985,-6.78875,"0,433",37,5,"39,8254","0,1155","145,6451","3,6571","85,9375"
2026 02 02 10:57:11:214,-3.9675,-6.70125,"0,433",37,5,"39,8254","0,1155","145,6451","3,6571","148,4375"
2026 02 02 10:57:11:216,-3.9675,-6.78875,"0,433",37,5,"39,8254","0,1155","145,6451","3,6571","27,3438"
2026 02 02 10:57:11:218,-3.9675,-6.78875,"0,433",37,5,"39,8254","0,1155","145,6451","3,6571","78,125"
2026 02 02 10:57:11:220,-3.9675,-6.70125,"0,433",37,5,"39,8254","0,1155","145,6451","3,6571","128,9063"
2026 02 02 10:57:11:222,-3.9675,-6.78875,"0,433",37,5,"39,8254","0,1155","145,6451","3,6571","66,4063"
2026 02 02 10:57:11:224,-3.9675,-6.70125,"0,433",37,5,"39,8254","0,1155","145,6451","3,6571","23,4375"
2026 02 02 10:57:11:226,-3.9675,-6.78875,"0,433",37,5,"39,8254","0,1155","145,6451","3,6571","66,4063"
2026 02 02 10:57:11:228,-3.9675,-6.78875,"0,433",37,5,"39,8254","0,1155","145,6451","3,6571","74,2188"
2026 02 02 10:57:11:230,-3.9675,-6.78875,"0,433",37,5,"39,8254","0,1155","145,6451","3,6571","27,3438"
2026 02 02 10:57:11:232,-3.9675,-6.78875,"0,433",37,5,"39,8254","0,1155","145,6451","3,6571","62,5"
2026 02 02 10:57:11:234,-3.9334,-6.70125,"0,433",37,5,"39,8254","0,1155","145,6451","3,6571","93,75"
2026 02 02 10:57:11:236,-3.9675,-6.70125,"0,433",37,5,"39,8254","0,1155","145,6451","3,6571","121,0938"
2026 02 02 10:57:11:238,-3.9675,-6.70125,"0,433",37,5,"39,8254","0,1155","145,6451","3,6571","85,9375"
2026 02 02 10:57:11:240,-3.9675,-6.78875,"0,433",37,5,"39,8254","0,1155","145,6451","3,6571","152,3438"
2026 02 02 10:57:11:242,-4.0295,-6.70125,"0,433",37,5,"39,8254","0,1155","145,6451","3,6571",125
2026 02 02 10:57:11:244,-3.9675,-6.78875,"0,433",37,5,"39,8254","0,1155","145,6451","3,6571","82,0313"
2026 02 02 10:57:11:246,-3.9675,-6.78875,"0,433",37,5,"39,8254","0,1155","145,6451","3,6571","89,8438"
2026 02 02 10:57:11:248,-3.9675,-6.70125,"0,433",37,5,"39,8254","0,1155","145,6451","3,6571","50,7813"
2026 02 02 10:57:11:250,-3.9334,-6.70125,"0,433",37,5,"39,8254","0,1155","145,6451","3,6571","39,0625"
2026 02 02 10:57:11:252,-3.9675,-6.70125,"0,433",37,5,"39,8254","0,1155","145,6451","3,6571","27,3438"
2026 02 02 10:57:11:254,-3.9675,-6.70125,"0,433",37,5,"39,8254","0,1155","145,6451","3,6571","58,5938"
2026 02 02 10:57:11:256,-3.9985,-6.87625,"0,433",37,5,"39,8254","0,1155","145,6451","3,6571","74,2188"
2026 02 02 10:57:11:258,-3.9334,-6.87625,"0,433",37,5,"39,8254","0,1155","145,6451","3,6571","35,1563"
2026 02 02 10:57:11:260,-3.9985,-6.78875,"0,433",37,5,"39,8254","0,1155","145,6451","3,6571","78,125"
2026 02 02 10:57:11:262,-3.9334,-6.78875,"0,433",37,5,"39,8254","0,1155","145,6451","3,6571","156,25"
2026 02 02 10:57:11:264,-3.9675,-6.78875,"0,433",37,5,"39,8254","0,1155","145,6451","3,6571","89,8438"
2026 02 02 10:57:11:266,-3.9985,-6.70125,"0,433",37,5,"39,8254","0,1155","145,6451","3,6571","74,2188"
2026 02 02 10:57:11:268,-3.9675,-6.70125,"0,433",37,5,"39,8254","0,1155","145,6451","3,6571","93,75"
2026 02 02 10:57:11:270,-3.9675,-6.87625,"0,433",37,5,"39,8254","0,1155","145,6451","3,6571","62,5"
2026 02 02 10:57:11:272,-3.9675,-6.78875,"0,433",37,5,"39,8254","0,1155","145,6451","3,6571","109,375"
2026 02 02 10:57:11:274,-3.9675,-6.70125,"0,433",37,5,"39,8254","0,1155","145,6451","3,6571","89,8438"
2026 02 02 10:57:11:276,-3.9675,-6.78875,"0,433",37,5,"39,8254","0,1155","145,6451","3,6571","74,2188"
2026 02 02 10:57:11:278,-3.9675,-6.70125,"0,433",37,5,"39,8254","0,1155","145,6451","3,6571","66,4063"
2026 02 02 10:57:11:280,-3.9675,-6.78875,"0,433",37,5,"39,8254","0,1155","145,6451","3,6571","113,2813"
2026 02 02 10:57:11:282,-3.9675,-6.78875,"0,433",37,5,"39,8254","0,1155","145,6451","3,6571","78,125"
2026 02 02 10:57:11:284,-3.9675,-6.78875,"0,433",37,5,"39,8254","0,1155","145,6451","3,6571","66,4063"
2026 02 02 10:57:11:286,-3.9675,-6.78875,"0,433",37,5,"39,8254","0,1155","145,6451","3,6571","42,9688"
2026 02 02 10:57:11:288,-3.9675,-6.78875,"0,433",37,5,"39,8254","0,1155","145,6451","3,6571","70,3125"
2026 02 02 10:57:11:290,-3.9675,-6.78875,"0,433",37,5,"39,8254","0,1155","145,6451","3,6571","136,7188"
2026 02 02 10:57:11:292,-3.9675,-6.70125,"0,433",37,5,"39,8254","0,1155","145,6451","3,6571","54,6875"
2026 02 02 10:57:11:294,-3.9675,-6.78875,"0,433",37,5,"39,8254","0,1155","145,6451","3,6571","97,6563"
2026 02 02 10:57:11:296,-3.9675,-6.70125,"0,433",37,5,"39,8254","0,1155","145,6451","3,6571","101,5625"
2026 02 02 10:57:11:298,-3.9675,-6.70125,"0,433",37,5,"39,8254","0,1155","145,6451","3,6571","109,375"
2026 02 02 10:57:11:300,-3.9675,-6.78875,"0,433",37,5,"39,8254","0,1155","145,6451","3,6571","109,375"
2026 02 02 10:57:11:302,-3.9675,-6.78875,"0,433",37,5,"39,8254","0,1155","145,6451","3,6571","113,2813"
2026 02 02 10:57:11:304,-3.9675,-6.70125,"0,433",37,5,"39,8254","0,1155","145,6451","3,6571","66,4063"
2026 02 02 10:57:11:306,-3.9675,-6.78875,"0,433",37,5,"39,8254","0,1155","145,6451","3,6571","62,5"
2026 02 02 10:57:11:308,-3.9675,-6.78875,"0,433",37,5,"39,8254","0,1155","145,6451","3,6571","62,5"
2026 02 02 10:57:11:310,-3.9675,-6.70125,"0,433",37,5,"39,8254","0,1155","145,6451","3,6571","19,5313"
2026 02 02 10:57:11:312,-3.9334,-6.78875,"0,433",37,5,"39,8254","0,1155","145,6451","3,6571","66,4063"
2026 02 02 10:57:11:314,-3.9334,-6.78875,"0,433",37,5,"39,8254","0,1155","145,6451","3,6571","74,2188"
2026 02 02 10:57:11:316,-3.9675,-6.70125,"0,433",37,5,"39,8254","0,1155","145,6451","3,6571","93,75"
2026 02 02 10:57:11:318,-3.9334,-6.87625,"0,433",37,5,"39,8254","0,1155","145,6451","3,6571","101,5625"
2026 02 02 10:57:11:320,-3.9675,-6.78875,"0,433",37,5,"39,8254","0,1155","145,6451","3,6571","62,5"
2026 02 02 10:57:11:322,-3.9675,-6.78875,"0,433",37,5,"39,8254","0,1155","145,6451","3,6571","132,8125"
2026 02 02 10:57:11:324,-3.9675,-6.78875,"0,433",37,5,"39,8254","0,1155","145,6451","3,6571","74,2188"
2026 02 02 10:57:11:326,-3.9985,-6.78875,"0,433",37,5,"39,8254","0,1155","145,6451","3,6571","93,75"
2026 02 02 10:57:11:328,-3.9985,-6.78875,"0,433",37,5,"39,8254","0,1155","145,6451","3,6571","78,125"
2026 02 02 10:57:11:330,-3.9675,-6.87625,"0,433",37,5,"39,8254","0,1155","145,6451","3,6571","82,0313"
2026 02 02 10:57:11:332,-3.9675,-6.78875,"0,433",37,5,"39,8254","0,1155","145,6451","3,6571","66,4063"
2026 02 02 10:57:11:334,-3.9985,-6.70125,"0,433",37,5,"39,8254","0,1155","145,6451","3,6571","109,375"
2026 02 02 10:57:11:336,-3.9675,-6.70125,"0,433",37,5,"39,8254","0,1155","145,6451","3,6571","78,125"
2026 02 02 10:57:11:338,-3.9675,-6.78875,"0,433",37,5,"39,8254","0,1155","145,6451","3,6571","82,0313"
2026 02 02 10:57:11:340,-3.9675,-6.70125,"0,433",37,5,"39,8254","0,1155","145,6451","3,6571","132,8125"
2026 02 02 10:57:11:342,-3.9675,-6.61375,"0,433",37,5,"39,8254","0,1155","145,6451","3,6571","128,9063"
2026 02 02 10:57:11:344,-3.9675,-6.78875,"0,433",37,5,"39,8254","0,1155","145,6451","3,6571","121,0938"
2026 02 02 10:57:11:346,-3.9675,-6.70125,"0,433",37,5,"39,8254","0,1155","145,6451","3,6571","54,6875"
2026 02 02 10:57:11:348,-3.9334,-6.70125,"0,433",37,5,"39,8254","0,1155","145,6451","3,6571","117,1875"
2026 02 02 10:57:11:350,-3.9675,-6.78875,"0,433",37,5,"39,8254","0,1155","145,6451","3,6571","70,3125"
2026 02 02 10:57:11:352,-3.9985,-6.78875,"0,433",37,5,"39,8254","0,1155","145,6451","3,6571","70,3125"
2026 02 02 10:57:11:354,-3.9985,-6.70125,"0,433",37,5,"39,8254","0,1155","145,6451","3,6571","113,2813"
2026 02 02 10:57:11:356,-3.9675,-6.70125,"0,433",37,5,"39,8254","0,1155","145,6451","3,6571","82,0313"
2026 02 02 10:57:11:358,-3.9675,-6.70125,"0,433",37,5,"39,8254","0,1155","145,6451","3,6571","82,0313"
2026 02 02 10:57:11:360,-3.9675,-6.70125,"0,433",37,5,"39,8254","0,1155","145,6451","3,6571","89,8438"
2026 02 02 10:57:11:362,-3.9334,-6.70125,"0,433",37,5,"39,8254","0,1155","145,6451","3,6571","105,4688"
2026 02 02 10:57:11:364,-3.9675,-6.78875,"0,433",37,5,"39,8254","0,1155","145,6451","3,6571","74,2188"
2026 02 02 10:57:11:366,-3.9985,-6.78875,"0,433",37,5,"39,8254","0,1155","145,6451","3,6571","78,125"
2026 02 02 10:57:11:368,-3.9675,-6.78875,"0,433",37,5,"39,8254","0,1155","145,6451","3,6571","101,5625"
2026 02 02 10:57:11:370,-3.9334,-6.78875,"0,433",37,5,"39,8254","0,1155","145,6451","3,6571","97,6563"
2026 02 02 10:57:11:372,-3.9675,-6.78875,"0,433",37,5,"39,8254","0,1155","145,6451","3,6571","46,875"
2026 02 02 10:57:11:374,-3.9675,-6.78875,"0,433",37,5,"39,8254","0,1155","145,6451","3,6571","121,0938"
2026 02 02 10:57:11:376,-3.9334,-6.78875,"0,433",37,5,"39,8254","0,1155","145,6451","3,6571","93,75"
2026 02 02 10:57:11:378,-3.9675,-6.78875,"0,433",37,5,"39,8254","0,1155","145,6451","3,6571","62,5"
2026 02 02 10:57:11:380,-3.9985,-6.87625,"0,433",37,5,"39,8254","0,1155","145,6451","3,6571","140,625"
2026 02 02 10:57:11:382,-3.9675,-6.70125,"0,433",37,5,"39,8254","0,1155","145,6451","3,6571","105,4688"
2026 02 02 10:57:11:384,-3.9675,-6.61375,"0,433",37,5,"39,8254","0,1155","145,6451","3,6571","101,5625"
2026 02 02 10:57:11:386,-3.9675,-6.78875,"0,433",37,5,"39,8254","0,1155","145,6451","3,6571","31,25"
2026 02 02 10:57:11:388,-3.9334,-6.70125,"0,433",37,5,"39,8254","0,1155","145,6451","3,6571","54,6875"
2026 02 02 10:57:11:390,-3.9675,-6.78875,"0,433",37,5,"39,8254","0,1155","145,6451","3,6571","46,875"
2026 02 02 10:57:11:392,-3.9985,-6.70125,"0,433",37,5,"39,8254","0,1155","145,6451","3,6571","97,6563"
2026 02 02 10:57:11:394,-3.9675,-6.78875,"0,433",37,5,"39,8254","0,1155","145,6451","3,6571","93,75"
2026 02 02 10:57:11:396,-3.9985,-6.70125,"0,433",37,5,"39,8254","0,1155","145,6451","3,6571","132,8125"
2026 02 02 10:57:11:398,-3.9675,-6.78875,"0,433",37,5,"39,8254","0,1155","145,6451","3,6571","144,5313"
2026 02 02 10:57:11:400,-3.9675,-6.78875,"0,433",37,5,"39,8254","0,1155","145,6451","3,6571","136,7188"
2026 02 02 10:57:11:402,-3.9985,-6.78875,"0,433",37,5,"39,8254","0,1155","145,6451","3,6571","167,9688"
2026 02 02 10:57:11:404,-3.9675,-6.78875,"0,433",37,5,"39,8254","0,1155","145,6451","3,6571","121,0938"
2026 02 02 10:57:11:406,-3.9675,-6.78875,"0,433",37,5,"39,8254","0,1155","145,6451","3,6571","85,9375"
2026 02 02 10:57:11:408,-3.9675,-6.78875,"0,433",37,5,"39,8254","0,1155","145,6451","3,6571","85,9375"
2026 02 02 10:57:11:410,-3.9675,-6.70125,"0,433",37,5,"39,8254","0,1155","145,6451","3,6571","74,2188"
2026 02 02 10:57:11:412,-3.9675,-6.78875,"0,433",37,5,"39,8254","0,1155","145,6451","3,6571","78,125"
2026 02 02 10:57:11:414,-3.9675,-6.70125,"0,433",37,5,"39,8254","0,1155","145,6451","3,6571","78,125"
2026 02 02 10:57:11:416,-3.9334,-6.78875,"0,433",37,5,"39,8254","0,1155","145,6451","3,6571","74,2188"
2026 02 02 10:57:11:418,-3.9675,-6.78875,"0,433",37,5,"39,8254","0,1155","145,6451","3,6571","70,3125"
2026 02 02 10:57:11:420,-3.9675,-6.87625,"0,433",37,5,"39,8254","0,1155","145,6451","3,6571","113,2813"
2026 02 02 10:57:11:422,-3.9675,-6.78875,"0,433",37,5,"39,8254","0,1155","145,6451","3,6571","66,4063"
2026 02 02 10:57:11:424,-3.9675,-6.70125,"0,433",37,5,"39,8254","0,1155","145,6451","3,6571","117,1875"
2026 02 02 10:57:11:426,-3.9675,-6.70125,"0,433",37,5,"39,8254","0,1155","145,6451","3,6571","105,4688"
2026 02 02 10:57:11:428,-3.9675,-6.78875,"0,433",37,5,"39,8254","0,1155","145,6451","3,6571","70,3125"
2026 02 02 10:57:11:430,-3.9675,-6.78875,"0,433",37,5,"39,8254","0,1155","145,6451","3,6571","113,2813"
2026 02 02 10:57:11:432,-3.9675,-6.78875,"0,433",37,5,"39,8254","0,1155","145,6451","3,6571",125
2026 02 02 10:57:11:434,-3.9675,-6.78875,"0,433",37,5,"39,8254","0,1155","145,6451","3,6571","140,625"
2026 02 02 10:57:11:436,-3.9985,-6.78875,"0,433",37,5,"39,8254","0,1155","145,6451","3,6571","93,75"
2026 02 02 10:57:11:438,-3.9334,-6.70125,"0,433",37,5,"39,8254","0,1155","145,6451","3,6571","74,2188"
2026 02 02 10:57:11:440,-3.9675,-6.70125,"0,433",37,5,"39,8254","0,1155","145,6451","3,6571","97,6563"
2026 02 02 10:57:11:442,-3.9675,-6.78875,"0,433",37,5,"39,8254","0,1155","145,6451","3,6571","82,0313"
2026 02 02 10:57:11:444,-3.9334,-6.70125,"0,433",37,5,"39,8254","0,1155","145,6451","3,6571","74,2188"
2026 02 02 10:57:11:446,-3.9334,-6.70125,"0,433",37,5,"39,8254","0,1155","145,6451","3,6571","78,125"
2026 02 02 10:57:11:448,-3.9675,-6.70125,"0,433",37,5,"39,8254","0,1155","145,6451","3,6571","101,5625"
2026 02 02 10:57:11:450,-3.9675,-6.78875,"0,433",37,5,"39,8254","0,1155","145,6451","3,6571","58,5938"
2026 02 02 10:57:11:452,-3.9334,-6.78875,"0,433",37,5,"39,8254","0,1155","145,6451","3,6571","121,0938"
2026 02 02 10:57:11:454,-3.9675,-6.78875,"0,433",37,5,"39,8254","0,1155","145,6451","3,6571","113,2813"
2026 02 02 10:57:11:456,-3.9675,-6.70125,"0,433",37,5,"39,8254","0,1155","145,6451","3,6571","85,9375"
2026 02 02 10:57:11:458,-3.9985,-6.78875,"0,433",37,5,"39,8254","0,1155","145,6451","3,6571","121,0938"
2026 02 02 10:57:11:460,-3.9675,-6.78875,"0,433",37,5,"39,8254","0,1155","145,6451","3,6571","152,3438"
2026 02 02 10:57:11:462,-3.9675,-6.78875,"0,638",47,5,"46,3715","0,1484","158,5541","3,4192","113,2813"
2026 02 02 10:57:11:464,-3.9675,-6.78875,"0,638",47,5,"46,3715","0,1484","158,5541","3,4192","93,75"
2026 02 02 10:57:11:466,-3.9675,-6.78875,"0,638",47,5,"46,3715","0,1484","158,5541","3,4192","121,0938"
2026 02 02 10:57:11:468,-3.9675,-6.78875,"0,638",47,5,"46,3715","0,1484","158,5541","3,4192","66,4063"
2026 02 02 10:57:11:470,-3.9675,-6.78875,"0,638",47,5,"46,3715","0,1484","158,5541","3,4192","35,1563"
2026 02 02 10:57:11:472,-3.9675,-6.78875,"0,638",47,5,"46,3715","0,1484","158,5541","3,4192","85,9375"
2026 02 02 10:57:11:474,-3.9675,-6.78875,"0,638",47,5,"46,3715","0,1484","158,5541","3,4192","82,0313"
2026 02 02 10:57:11:476,-3.9985,-6.87625,"0,638",47,5,"46,3715","0,1484","158,5541","3,4192","97,6563"
2026 02 02 10:57:11:478,-3.9675,-6.78875,"0,638",47,5,"46,3715","0,1484","158,5541","3,4192","85,9375"
2026 02 02 10:57:11:480,-3.9985,-6.70125,"0,638",47,5,"46,3715","0,1484","158,5541","3,4192",125
2026 02 02 10:57:11:482,-3.9675,-6.78875,"0,638",47,5,"46,3715","0,1484","158,5541","3,4192","117,1875"
2026 02 02 10:57:11:484,-3.9675,-6.70125,"0,638",47,5,"46,3715","0,1484","158,5541","3,4192","89,8438"
2026 02 02 10:57:11:486,-3.9675,-6.70125,"0,638",47,5,"46,3715","0,1484","158,5541","3,4192","109,375"
2026 02 02 10:57:11:488,-3.9675,-6.70125,"0,638",47,5,"46,3715","0,1484","158,5541","3,4192","50,7813"
2026 02 02 10:57:11:490,-3.9675,-6.78875,"0,638",47,5,"46,3715","0,1484","158,5541","3,4192","62,5"
2026 02 02 10:57:11:492,-3.9675,-6.70125,"0,638",47,5,"46,3715","0,1484","158,5541","3,4192","97,6563"
2026 02 02 10:57:11:494,-3.9675,-6.70125,"0,638",47,5,"46,3715","0,1484","158,5541","3,4192","101,5625"
2026 02 02 10:57:11:496,-3.9334,-6.70125,"0,638",47,5,"46,3715","0,1484","158,5541","3,4192","144,5313"
2026 02 02 10:57:11:498,-3.9675,-6.87625,"0,638",47,5,"46,3715","0,1484","158,5541","3,4192","97,6563"
2026 02 02 10:57:11:500,-3.9985,-6.78875,"0,638",47,5,"46,3715","0,1484","158,5541","3,4192","132,8125"
2026 02 02 10:57:11:502,-3.9675,-6.70125,"0,638",47,5,"46,3715","0,1484","158,5541","3,4192","136,7188"
2026 02 02 10:57:11:504,-3.9675,-6.70125,"0,638",47,5,"46,3715","0,1484","158,5541","3,4192","144,5313"
2026 02 02 10:57:11:506,-3.9985,-6.70125,"0,638",47,5,"46,3715","0,1484","158,5541","3,4192","85,9375"
2026 02 02 10:57:11:508,-3.9675,-6.70125,"0,638",47,5,"46,3715","0,1484","158,5541","3,4192","93,75"
2026 02 02 10:57:11:510,-3.9334,-6.78875,"0,638",47,5,"46,3715","0,1484","158,5541","3,4192","89,8438"
2026 02 02 10:57:11:512,-3.9675,-6.70125,"0,638",47,5,"46,3715","0,1484","158,5541","3,4192","128,9063"
2026 02 02 10:57:11:514,-3.9675,-6.70125,"0,638",47,5,"46,3715","0,1484","158,5541","3,4192","85,9375"
2026 02 02 10:57:11:516,-3.9675,-6.78875,"0,638",47,5,"46,3715","0,1484","158,5541","3,4192","74,2188"
2026 02 02 10:57:11:518,-3.9675,-6.78875,"0,638",47,5,"46,3715","0,1484","158,5541","3,4192","74,2188"
2026 02 02 10:57:11:520,-3.9985,-6.87625,"0,638",47,5,"46,3715","0,1484","158,5541","3,4192","66,4063"
2026 02 02 10:57:11:522,-3.9985,-6.70125,"0,638",47,5,"46,3715","0,1484","158,5541","3,4192","89,8438"
2026 02 02 10:57:11:524,-3.9675,-6.78875,"0,638",47,5,"46,3715","0,1484","158,5541","3,4192","128,9063"
2026 02 02 10:57:11:526,-3.9985,-6.78875,"0,638",47,5,"46,3715","0,1484","158,5541","3,4192","105,4688"
2026 02 02 10:57:11:528,-3.9675,-6.70125,"0,638",47,5,"46,3715","0,1484","158,5541","3,4192","93,75"
2026 02 02 10:57:11:530,-3.9675,-6.78875,"0,638",47,5,"46,3715","0,1484","158,5541","3,4192","89,8438"
2026 02 02 10:57:11:532,-3.9675,-6.78875,"0,638",47,5,"46,3715","0,1484","158,5541","3,4192","164,0625"
2026 02 02 10:57:11:534,-3.9985,-6.78875,"0,638",47,5,"46,3715","0,1484","158,5541","3,4192","66,4063"
2026 02 02 10:57:11:536,-3.9675,-6.78875,"0,638",47,5,"46,3715","0,1484","158,5541","3,4192","105,4688"
2026 02 02 10:57:11:538,-3.9675,-6.70125,"0,638",47,5,"46,3715","0,1484","158,5541","3,4192","109,375"
2026 02 02 10:57:11:540,-3.9675,-6.70125,"0,638",47,5,"46,3715","0,1484","158,5541","3,4192","85,9375"
2026 02 02 10:57:11:542,-3.9675,-6.78875,"0,638",47,5,"46,3715","0,1484","158,5541","3,4192","105,4688"
2026 02 02 10:57:11:544,-3.9675,-6.70125,"0,638",47,5,"46,3715","0,1484","158,5541","3,4192","113,2813"
2026 02 02 10:57:11:546,-3.9675,-6.87625,"0,638",47,5,"46,3715","0,1484","158,5541","3,4192","74,2188"
2026 02 02 10:57:11:548,-3.9334,-6.78875,"0,638",47,5,"46,3715","0,1484","158,5541","3,4192","78,125"
2026 02 02 10:57:11:550,-3.9675,-6.70125,"0,638",47,5,"46,3715","0,1484","158,5541","3,4192","46,875"
2026 02 02 10:57:11:552,-3.9334,-6.70125,"0,638",47,5,"46,3715","0,1484","158,5541","3,4192","101,5625"
2026 02 02 10:57:11:554,-3.9334,-6.78875,"0,638",47,5,"46,3715","0,1484","158,5541","3,4192","82,0313"
2026 02 02 10:57:11:556,-3.9675,-6.78875,"0,638",47,5,"46,3715","0,1484","158,5541","3,4192","105,4688"
2026 02 02 10:57:11:558,-3.9675,-6.70125,"0,638",47,5,"46,3715","0,1484","158,5541","3,4192","167,9688"
2026 02 02 10:57:11:560,-3.9985,-6.70125,"0,638",47,5,"46,3715","0,1484","158,5541","3,4192","164,0625"
2026 02 02 10:57:11:562,-3.9675,-6.70125,"0,638",47,5,"46,3715","0,1484","158,5541","3,4192","136,7188"
2026 02 02 10:57:11:564,-3.9675,-6.78875,"0,638",47,5,"46,3715","0,1484","158,5541","3,4192","199,2188"
2026 02 02 10:57:11:566,-3.9675,-6.78875,"0,638",47,5,"46,3715","0,1484","158,5541","3,4192","97,6563"
2026 02 02 10:57:11:568,-3.9675,-6.78875,"0,638",47,5,"46,3715","0,1484","158,5541","3,4192","89,8438"
2026 02 02 10:57:11:570,-3.9675,-6.87625,"0,638",47,5,"46,3715","0,1484","158,5541","3,4192","85,9375"
2026 02 02 10:57:11:572,-3.9675,-6.78875,"0,638",47,5,"46,3715","0,1484","158,5541","3,4192","89,8438"
2026 02 02 10:57:11:574,-3.9675,-6.78875,"0,638",47,5,"46,3715","0,1484","158,5541","3,4192","66,4063"
2026 02 02 10:57:11:576,-3.9675,-6.78875,"0,638",47,5,"46,3715","0,1484","158,5541","3,4192","101,5625"
2026 02 02 10:57:11:578,-3.9985,-6.70125,"0,638",47,5,"46,3715","0,1484","158,5541","3,4192","97,6563"
2026 02 02 10:57:11:580,-3.9675,-6.78875,"0,638",47,5,"46,3715","0,1484","158,5541","3,4192","101,5625"
2026 02 02 10:57:11:582,-3.9675,-6.78875,"0,638",47,5,"46,3715","0,1484","158,5541","3,4192","101,5625"
2026 02 02 10:57:11:584,-3.9675,-6.70125,"0,638",47,5,"46,3715","0,1484","158,5541","3,4192","89,8438"
2026 02 02 10:57:11:586,-3.9985,-6.70125,"0,638",47,5,"46,3715","0,1484","158,5541","3,4192","121,0938"
2026 02 02 10:57:11:588,-3.9675,-6.70125,"0,638",47,5,"46,3715","0,1484","158,5541","3,4192","97,6563"
2026 02 02 10:57:11:590,-3.9985,-6.78875,"0,638",47,5,"46,3715","0,1484","158,5541","3,4192","97,6563"
2026 02 02 10:57:11:592,-3.9675,-6.70125,"0,638",47,5,"46,3715","0,1484","158,5541","3,4192","152,3438"
2026 02 02 10:57:11:594,-3.9675,-6.70125,"0,638",47,5,"46,3715","0,1484","158,5541","3,4192","82,0313"
2026 02 02 10:57:11:596,-3.9985,-6.70125,"0,638",47,5,"46,3715","0,1484","158,5541","3,4192","160,1563"
2026 02 02 10:57:11:598,-3.9675,-6.78875,"0,638",47,5,"46,3715","0,1484","158,5541","3,4192","132,8125"
2026 02 02 10:57:11:600,-3.9675,-6.78875,"0,638",47,5,"46,3715","0,1484","158,5541","3,4192","27,3438"
2026 02 02 10:57:11:602,-3.9675,-6.78875,"0,638",47,5,"46,3715","0,1484","158,5541","3,4192","97,6563"
2026 02 02 10:57:11:604,-3.9985,-6.70125,"0,638",47,5,"46,3715","0,1484","158,5541","3,4192","105,4688"
2026 02 02 10:57:11:606,-3.9675,-6.70125,"0,638",47,5,"46,3715","0,1484","158,5541","3,4192","50,7813"
2026 02 02 10:57:11:608,-3.9675,-6.70125,"0,638",47,5,"46,3715","0,1484","158,5541","3,4192","109,375"
2026 02 02 10:57:11:610,-3.9675,-6.78875,"0,638",47,5,"46,3715","0,1484","158,5541","3,4192","97,6563"
2026 02 02 10:57:11:612,-3.9675,-6.78875,"0,638",47,5,"46,3715","0,1484","158,5541","3,4192","171,875"
2026 02 02 10:57:11:614,-3.9675,-6.78875,"0,638",47,5,"46,3715","0,1484","158,5541","3,4192","144,5313"
2026 02 02 10:57:11:616,-3.9334,-6.70125,"0,638",47,5,"46,3715","0,1484","158,5541","3,4192","78,125"
2026 02 02 10:57:11:618,-3.9675,-6.70125,"0,638",47,5,"46,3715","0,1484","158,5541","3,4192","136,7188"
2026 02 02 10:57:11:620,-3.9985,-6.78875,"0,638",47,5,"46,3715","0,1484","158,5541","3,4192","140,625"
2026 02 02 10:57:11:622,-3.9985,-6.78875,"0,638",47,5,"46,3715","0,1484","158,5541","3,4192","85,9375"
2026 02 02 10:57:11:624,-3.9675,-6.78875,"0,638",47,5,"46,3715","0,1484","158,5541","3,4192","152,3438"
2026 02 02 10:57:11:626,-3.9675,-6.78875,"0,638",47,5,"46,3715","0,1484","158,5541","3,4192","140,625"
2026 02 02 10:57:11:628,-3.9675,-6.70125,"0,638",47,5,"46,3715","0,1484","158,5541","3,4192","74,2188"
2026 02 02 10:57:11:630,-3.9675,-6.78875,"0,638",47,5,"46,3715","0,1484","158,5541","3,4192","85,9375"
2026 02 02 10:57:11:632,-3.9985,-6.78875,"0,638",47,5,"46,3715","0,1484","158,5541","3,4192","109,375"
2026 02 02 10:57:11:634,-3.9334,-6.78875,"0,638",47,5,"46,3715","0,1484","158,5541","3,4192","89,8438"
2026 02 02 10:57:11:636,-3.9675,-6.70125,"0,638",47,5,"46,3715","0,1484","158,5541","3,4192","117,1875"
2026 02 02 10:57:11:638,-3.9985,-6.78875,"0,638",47,5,"46,3715","0,1484","158,5541","3,4192","105,4688"
2026 02 02 10:57:11:640,-3.9985,-6.70125,"0,638",47,5,"46,3715","0,1484","158,5541","3,4192",125
2026 02 02 10:57:11:642,-3.9675,-6.78875,"0,638",47,5,"46,3715","0,1484","158,5541","3,4192","136,7188"
2026 02 02 10:57:11:644,-3.9675,-6.78875,"0,638",47,5,"46,3715","0,1484","158,5541","3,4192","156,25"
2026 02 02 10:57:11:646,-3.9985,-6.78875,"0,638",47,5,"46,3715","0,1484","158,5541","3,4192","101,5625"
2026 02 02 10:57:11:648,-3.9675,-6.70125,"0,638",47,5,"46,3715","0,1484","158,5541","3,4192","74,2188"
2026 02 02 10:57:11:650,-3.9675,-6.70125,"0,638",47,5,"46,3715","0,1484","158,5541","3,4192","89,8438"
2026 02 02 10:57:11:652,-3.9675,-6.78875,"0,638",47,5,"46,3715","0,1484","158,5541","3,4192","109,375"
2026 02 02 10:57:11:654,-3.9985,-6.78875,"0,638",47,5,"46,3715","0,1484","158,5541","3,4192","66,4063"
2026 02 02 10:57:11:656,-3.9985,-6.70125,"0,638",47,5,"46,3715","0,1484","158,5541","3,4192","136,7188"
2026 02 02 10:57:11:658,-3.9985,-6.78875,"0,638",47,5,"46,3715","0,1484","158,5541","3,4192","109,375"
2026 02 02 10:57:11:660,-3.9675,-6.70125,"0,638",47,5,"46,3715","0,1484","158,5541","3,4192","89,8438"
2026 02 02 10:57:11:662,-3.9675,-6.78875,"0,638",47,5,"46,3715","0,1484","158,5541","3,4192","175,7813"
2026 02 02 10:57:11:664,-3.9675,-6.78875,"0,638",47,5,"46,3715","0,1484","158,5541","3,4192","89,8438"
2026 02 02 10:57:11:666,-3.9675,-6.87625,"0,638",47,5,"46,3715","0,1484","158,5541","3,4192","101,5625"
2026 02 02 10:57:11:668,-3.9675,-6.78875,"0,638",47,5,"46,3715","0,1484","158,5541","3,4192","148,4375"
2026 02 02 10:57:11:670,-3.9675,-6.78875,"0,638",47,5,"46,3715","0,1484","158,5541","3,4192","78,125"
2026 02 02 10:57:11:672,-3.9675,-6.78875,"0,638",47,5,"46,3715","0,1484","158,5541","3,4192","175,7813"
2026 02 02 10:57:11:674,-3.9675,-6.87625,"0,638",47,5,"46,3715","0,1484","158,5541","3,4192","113,2813"
2026 02 02 10:57:11:676,-3.9675,-6.78875,"0,638",47,5,"46,3715","0,1484","158,5541","3,4192","93,75"
2026 02 02 10:57:11:678,-3.9675,-6.78875,"0,638",47,5,"46,3715","0,1484","158,5541","3,4192","187,5"
2026 02 02 10:57:11:680,-3.9675,-6.70125,"0,638",47,5,"46,3715","0,1484","158,5541","3,4192","82,0313"
2026 02 02 10:57:11:682,-3.9675,-6.78875,"0,638",47,5,"46,3715","0,1484","158,5541","3,4192",125
2026 02 02 10:57:11:684,-3.9675,-6.70125,"0,638",47,5,"46,3715","0,1484","158,5541","3,4192","144,5313"
2026 02 02 10:57:11:686,-3.9675,-6.70125,"0,638",47,5,"46,3715","0,1484","158,5541","3,4192","109,375"
2026 02 02 10:57:11:688,-3.9675,-6.70125,"0,638",47,5,"46,3715","0,1484","158,5541","3,4192","89,8438"
2026 02 02 10:57:11:690,-3.9985,-6.70125,"0,638",47,5,"46,3715","0,1484","158,5541","3,4192","89,8438"
2026 02 02 10:57:11:692,-3.9985,-6.70125,"0,638",47,5,"46,3715","0,1484","158,5541","3,4192","136,7188"
2026 02 02 10:57:11:694,-3.9675,-6.70125,"0,638",47,5,"46,3715","0,1484","158,5541","3,4192","109,375"
2026 02 02 10:57:11:696,-3.9675,-6.78875,"0,638",47,5,"46,3715","0,1484","158,5541","3,4192","140,625"
2026 02 02 10:57:11:698,-3.9985,-6.70125,"0,638",47,5,"46,3715","0,1484","158,5541","3,4192","148,4375"
2026 02 02 10:57:11:700,-3.9334,-6.70125,"0,638",47,5,"46,3715","0,1484","158,5541","3,4192","152,3438"
2026 02 02 10:57:11:702,-3.9675,-6.78875,"0,638",47,5,"46,3715","0,1484","158,5541","3,4192","140,625"
2026 02 02 10:57:11:704,-3.9675,-6.70125,"0,638",47,5,"46,3715","0,1484","158,5541","3,4192","93,75"
2026 02 02 10:57:11:706,-3.9675,-6.70125,"0,638",47,5,"46,3715","0,1484","158,5541","3,4192","140,625"
2026 02 02 10:57:11:708,-3.9675,-6.78875,"0,638",47,5,"46,3715","0,1484","158,5541","3,4192","109,375"
2026 02 02 10:57:11:710,-3.9675,-6.78875,"0,638",47,5,"46,3715","0,1484","158,5541","3,4192","46,875"
2026 02 02 10:57:11:712,-3.9675,-6.78875,"0,638",47,5,"46,3715","0,1484","158,5541","3,4192","121,0938"
2026 02 02 10:57:11:714,-3.9675,-6.78875,"0,638",47,5,"46,3715","0,1484","158,5541","3,4192","117,1875"
2026 02 02 10:57:11:716,-3.9675,-6.87625,"0,638",47,5,"46,3715","0,1484","158,5541","3,4192",125
2026 02 02 10:57:11:718,-3.9675,-6.78875,"0,638",47,5,"46,3715","0,1484","158,5541","3,4192","136,7188"
2026 02 02 10:57:11:720,-3.9675,-6.78875,"0,638",47,5,"46,3715","0,1484","158,5541","3,4192","136,7188"
2026 02 02 10:57:11:722,-3.9675,-6.78875,"0,638",47,5,"46,3715","0,1484","158,5541","3,4192","179,6875"
2026 02 02 10:57:11:724,-3.9675,-6.78875,"0,638",47,5,"46,3715","0,1484","158,5541","3,4192","171,875"
2026 02 02 10:57:11:726,-3.9024,-6.78875,"0,638",47,5,"46,3715","0,1484","158,5541","3,4192","156,25"
2026 02 02 10:57:11:728,-3.9334,-6.78875,"0,638",47,5,"46,3715","0,1484","158,5541","3,4192","164,0625"
2026 02 02 10:57:11:730,-3.9334,-6.78875,"0,638",47,5,"46,3715","0,1484","158,5541","3,4192","140,625"
2026 02 02 10:57:11:732,-3.9675,-6.70125,"0,638",47,5,"46,3715","0,1484","158,5541","3,4192",125
2026 02 02 10:57:11:734,-3.9675,-6.78875,"0,638",47,5,"46,3715","0,1484","158,5541","3,4192","179,6875"
2026 02 02 10:57:11:736,-3.9675,-6.70125,"0,638",47,5,"46,3715","0,1484","158,5541","3,4192","144,5313"
2026 02 02 10:57:11:738,-3.9675,-6.78875,"0,638",47,5,"46,3715","0,1484","158,5541","3,4192","109,375"
2026 02 02 10:57:11:740,-3.9675,-6.70125,"0,638",47,5,"46,3715","0,1484","158,5541","3,4192","128,9063"
2026 02 02 10:57:11:742,-3.9675,-6.78875,"0,638",47,5,"46,3715","0,1484","158,5541","3,4192","148,4375"
2026 02 02 10:57:11:744,-3.9675,-6.70125,"0,638",47,5,"46,3715","0,1484","158,5541","3,4192","113,2813"
2026 02 02 10:57:11:746,-3.9675,-6.70125,"0,638",47,5,"46,3715","0,1484","158,5541","3,4192",125
2026 02 02 10:57:11:748,-3.9675,-6.78875,"0,638",47,5,"46,3715","0,1484","158,5541","3,4192","121,0938"
2026 02 02 10:57:11:750,-3.9675,-6.70125,"0,638",47,5,"46,3715","0,1484","158,5541","3,4192","167,9688"
2026 02 02 10:57:11:752,-3.9985,-6.78875,"0,638",47,5,"46,3715","0,1484","158,5541","3,4192","183,5938"
2026 02 02 10:57:11:754,-3.9675,-6.78875,"0,638",47,5,"46,3715","0,1484","158,5541","3,4192","191,4063"
2026 02 02 10:57:11:756,-3.9985,-6.70125,"0,638",47,5,"46,3715","0,1484","158,5541","3,4192","175,7813"
2026 02 02 10:57:11:758,-3.9675,-6.78875,"0,638",47,5,"46,3715","0,1484","158,5541","3,4192","167,9688"
2026 02 02 10:57:11:760,-3.9675,-6.78875,"0,638",47,5,"46,3715","0,1484","158,5541","3,4192","171,875"
2026 02 02 10:57:11:762,-3.9334,-6.87625,"0,791",41,5,"43,6707","0,6251","159,8816","3,6611","160,1563"
2026 02 02 10:57:11:764,-3.9675,-6.78875,"0,791",41,5,"43,6707","0,6251","159,8816","3,6611",125
2026 02 02 10:57:11:766,-3.9985,-6.78875,"0,791",41,5,"43,6707","0,6251","159,8816","3,6611","82,0313"
2026 02 02 10:57:11:768,-3.9675,-6.78875,"0,791",41,5,"43,6707","0,6251","159,8816","3,6611","74,2188"
2026 02 02 10:57:11:770,-3.9675,-6.78875,"0,791",41,5,"43,6707","0,6251","159,8816","3,6611","101,5625"
2026 02 02 10:57:11:772,-3.9675,-6.78875,"0,791",41,5,"43,6707","0,6251","159,8816","3,6611","105,4688"
2026 02 02 10:57:11:774,-3.9675,-6.70125,"0,791",41,5,"43,6707","0,6251","159,8816","3,6611","144,5313"
2026 02 02 10:57:11:776,-3.9675,-6.70125,"0,791",41,5,"43,6707","0,6251","159,8816","3,6611","175,7813"
2026 02 02 10:57:11:778,-3.9334,-6.70125,"0,791",41,5,"43,6707","0,6251","159,8816","3,6611","234,375"
2026 02 02 10:57:11:780,-3.9675,-6.78875,"0,791",41,5,"43,6707","0,6251","159,8816","3,6611","222,6563"
2026 02 02 10:57:11:782,-3.9675,-6.78875,"0,791",41,5,"43,6707","0,6251","159,8816","3,6611","207,0313"
2026 02 02 10:57:11:784,-3.9675,-6.70125,"0,791",41,5,"43,6707","0,6251","159,8816","3,6611","199,2188"
2026 02 02 10:57:11:786,-3.9675,-6.70125,"0,791",41,5,"43,6707","0,6251","159,8816","3,6611","171,875"
2026 02 02 10:57:11:788,-3.9675,-6.70125,"0,791",41,5,"43,6707","0,6251","159,8816","3,6611","136,7188"
2026 02 02 10:57:11:790,-3.9675,-6.70125,"0,791",41,5,"43,6707","0,6251","159,8816","3,6611","140,625"
2026 02 02 10:57:11:792,-3.9334,-6.78875,"0,791",41,5,"43,6707","0,6251","159,8816","3,6611","97,6563"
2026 02 02 10:57:11:794,-3.9334,-6.70125,"0,791",41,5,"43,6707","0,6251","159,8816","3,6611","144,5313"
2026 02 02 10:57:11:796,-3.9334,-6.78875,"0,791",41,5,"43,6707","0,6251","159,8816","3,6611","101,5625"
2026 02 02 10:57:11:798,-3.9675,-6.78875,"0,791",41,5,"43,6707","0,6251","159,8816","3,6611","152,3438"
2026 02 02 10:57:11:800,-3.9675,-6.70125,"0,791",41,5,"43,6707","0,6251","159,8816","3,6611","167,9688"
2026 02 02 10:57:11:802,-3.9675,-6.70125,"0,791",41,5,"43,6707","0,6251","159,8816","3,6611","218,75"
2026 02 02 10:57:11:804,-3.9334,-6.70125,"0,791",41,5,"43,6707","0,6251","159,8816","3,6611","234,375"
2026 02 02 10:57:11:806,-3.9675,-6.78875,"0,791",41,5,"43,6707","0,6251","159,8816","3,6611","246,0938"
2026 02 02 10:57:11:808,-3.9334,-6.70125,"0,791",41,5,"43,6707","0,6251","159,8816","3,6611","203,125"
2026 02 02 10:57:11:810,-3.9675,-6.70125,"0,791",41,5,"43,6707","0,6251","159,8816","3,6611","171,875"
2026 02 02 10:57:11:812,-3.9675,-6.78875,"0,791",41,5,"43,6707","0,6251","159,8816","3,6611","179,6875"
2026 02 02 10:57:11:814,-3.9675,-6.70125,"0,791",41,5,"43,6707","0,6251","159,8816","3,6611","167,9688"
2026 02 02 10:57:11:816,-3.9675,-6.78875,"0,791",41,5,"43,6707","0,6251","159,8816","3,6611","156,25"
2026 02 02 10:57:11:818,-3.9985,-6.78875,"0,791",41,5,"43,6707","0,6251","159,8816","3,6611","109,375"
2026 02 02 10:57:11:820,-3.9675,-6.78875,"0,791",41,5,"43,6707","0,6251","159,8816","3,6611","105,4688"
2026 02 02 10:57:11:822,-3.9675,-6.78875,"0,791",41,5,"43,6707","0,6251","159,8816","3,6611","164,0625"
2026 02 02 10:57:11:824,-3.9675,-6.70125,"0,791",41,5,"43,6707","0,6251","159,8816","3,6611","132,8125"
2026 02 02 10:57:11:826,-3.9675,-6.78875,"0,791",41,5,"43,6707","0,6251","159,8816","3,6611","164,0625"
2026 02 02 10:57:11:828,-3.9675,-6.70125,"0,791",41,5,"43,6707","0,6251","159,8816","3,6611","171,875"
2026 02 02 10:57:11:830,-3.9985,-6.70125,"0,791",41,5,"43,6707","0,6251","159,8816","3,6611","199,2188"
2026 02 02 10:57:11:832,-3.9334,-6.78875,"0,791",41,5,"43,6707","0,6251","159,8816","3,6611","281,25"
2026 02 02 10:57:11:834,-3.9675,-6.70125,"0,791",41,5,"43,6707","0,6251","159,8816","3,6611","230,4688"
2026 02 02 10:57:11:836,-3.9675,-6.78875,"0,791",41,5,"43,6707","0,6251","159,8816","3,6611","214,8438"
2026 02 02 10:57:11:838,-3.9675,-6.70125,"0,791",41,5,"43,6707","0,6251","159,8816","3,6611","203,125"
2026 02 02 10:57:11:840,-3.9675,-6.78875,"0,791",41,5,"43,6707","0,6251","159,8816","3,6611","164,0625"
2026 02 02 10:57:11:842,-3.9675,-6.70125,"0,791",41,5,"43,6707","0,6251","159,8816","3,6611","179,6875"
2026 02 02 10:57:11:844,-3.9675,-6.70125,"0,791",41,5,"43,6707","0,6251","159,8816","3,6611","132,8125"
2026 02 02 10:57:11:846,-3.9675,-6.70125,"0,791",41,5,"43,6707","0,6251","159,8816","3,6611","93,75"
2026 02 02 10:57:11:848,-3.9985,-6.78875,"0,791",41,5,"43,6707","0,6251","159,8816","3,6611","132,8125"
2026 02 02 10:57:11:850,-3.9675,-6.78875,"0,791",41,5,"43,6707","0,6251","159,8816","3,6611","89,8438"
2026 02 02 10:57:11:852,-3.9334,-6.78875,"0,791",41,5,"43,6707","0,6251","159,8816","3,6611","171,875"
2026 02 02 10:57:11:854,-3.9985,-6.78875,"0,791",41,5,"43,6707","0,6251","159,8816","3,6611","183,5938"
2026 02 02 10:57:11:856,-3.9675,-6.78875,"0,791",41,5,"43,6707","0,6251","159,8816","3,6611","218,75"
2026 02 02 10:57:11:858,-3.9675,-6.78875,"0,791",41,5,"43,6707","0,6251","159,8816","3,6611","261,7188"
2026 02 02 10:57:11:860,-3.9985,-6.78875,"0,791",41,5,"43,6707","0,6251","159,8816","3,6611","289,0625"
2026 02 02 10:57:11:862,-3.9675,-6.78875,"0,791",41,5,"43,6707","0,6251","159,8816","3,6611","234,375"
2026 02 02 10:57:11:864,-3.9985,-6.70125,"0,791",41,5,"43,6707","0,6251","159,8816","3,6611","238,2813"
2026 02 02 10:57:11:866,-3.9985,-6.78875,"0,791",41,5,"43,6707","0,6251","159,8816","3,6611","175,7813"
2026 02 02 10:57:11:868,-3.9675,-6.70125,"0,791",41,5,"43,6707","0,6251","159,8816","3,6611","140,625"
2026 02 02 10:57:11:870,-3.9334,-6.78875,"0,791",41,5,"43,6707","0,6251","159,8816","3,6611","148,4375"
2026 02 02 10:57:11:872,-3.9675,-6.78875,"0,791",41,5,"43,6707","0,6251","159,8816","3,6611","121,0938"
2026 02 02 10:57:11:874,-3.9675,-6.78875,"0,791",41,5,"43,6707","0,6251","159,8816","3,6611","140,625"
2026 02 02 10:57:11:876,-3.9675,-6.78875,"0,791",41,5,"43,6707","0,6251","159,8816","3,6611","152,3438"
2026 02 02 10:57:11:878,-3.9675,-6.78875,"0,791",41,5,"43,6707","0,6251","159,8816","3,6611","167,9688"
2026 02 02 10:57:11:880,-3.9675,-6.78875,"0,791",41,5,"43,6707","0,6251","159,8816","3,6611","222,6563"
2026 02 02 10:57:11:882,-3.9675,-6.70125,"0,791",41,5,"43,6707","0,6251","159,8816","3,6611","230,4688"
2026 02 02 10:57:11:884,-3.9675,-6.87625,"0,791",41,5,"43,6707","0,6251","159,8816","3,6611","273,4375"
2026 02 02 10:57:11:886,-3.9675,-6.78875,"0,791",41,5,"43,6707","0,6251","159,8816","3,6611","281,25"
2026 02 02 10:57:11:888,-3.9985,-6.78875,"0,791",41,5,"43,6707","0,6251","159,8816","3,6611","226,5625"
2026 02 02 10:57:11:890,-3.9675,-6.78875,"0,791",41,5,"43,6707","0,6251","159,8816","3,6611","203,125"
2026 02 02 10:57:11:892,-3.9675,-6.78875,"0,791",41,5,"43,6707","0,6251","159,8816","3,6611","199,2188"
2026 02 02 10:57:11:894,-3.9675,-6.70125,"0,791",41,5,"43,6707","0,6251","159,8816","3,6611","167,9688"
2026 02 02 10:57:11:896,-3.9675,-6.70125,"0,791",41,5,"43,6707","0,6251","159,8816","3,6611","195,3125"
2026 02 02 10:57:11:898,-3.9985,-6.70125,"0,791",41,5,"43,6707","0,6251","159,8816","3,6611","132,8125"
2026 02 02 10:57:11:900,-3.9675,-6.78875,"0,791",41,5,"43,6707","0,6251","159,8816","3,6611","164,0625"
2026 02 02 10:57:11:902,-3.9675,-6.78875,"0,791",41,5,"43,6707","0,6251","159,8816","3,6611","152,3438"
2026 02 02 10:57:11:904,-3.9675,-6.70125,"0,791",41,5,"43,6707","0,6251","159,8816","3,6611","191,4063"
2026 02 02 10:57:11:906,-3.9675,-6.70125,"0,791",41,5,"43,6707","0,6251","159,8816","3,6611","183,5938"
2026 02 02 10:57:11:908,-3.9675,-6.78875,"0,791",41,5,"43,6707","0,6251","159,8816","3,6611","238,2813"
2026 02 02 10:57:11:910,-3.9675,-6.70125,"0,791",41,5,"43,6707","0,6251","159,8816","3,6611","218,75"
2026 02 02 10:57:11:912,-3.9985,-6.70125,"0,791",41,5,"43,6707","0,6251","159,8816","3,6611","296,875"
2026 02 02 10:57:11:914,-3.9985,-6.78875,"0,791",41,5,"43,6707","0,6251","159,8816","3,6611","265,625"
2026 02 02 10:57:11:916,-3.9985,-6.70125,"0,791",41,5,"43,6707","0,6251","159,8816","3,6611","210,9375"
2026 02 02 10:57:11:918,-3.9985,-6.70125,"0,791",41,5,"43,6707","0,6251","159,8816","3,6611","242,1875"
2026 02 02 10:57:11:920,-3.9985,-6.78875,"0,791",41,5,"43,6707","0,6251","159,8816","3,6611","171,875"
2026 02 02 10:57:11:922,-3.9675,-6.78875,"0,791",41,5,"43,6707","0,6251","159,8816","3,6611","183,5938"
2026 02 02 10:57:11:924,-3.9675,-6.78875,"0,791",41,5,"43,6707","0,6251","159,8816","3,6611","191,4063"
2026 02 02 10:57:11:926,-3.9675,-6.78875,"0,791",41,5,"43,6707","0,6251","159,8816","3,6611","113,2813"
2026 02 02 10:57:11:928,-3.9675,-6.70125,"0,791",41,5,"43,6707","0,6251","159,8816","3,6611","160,1563"
2026 02 02 10:57:11:930,-3.9675,-6.78875,"0,791",41,5,"43,6707","0,6251","159,8816","3,6611","175,7813"
2026 02 02 10:57:11:932,-3.9675,-6.78875,"0,791",41,5,"43,6707","0,6251","159,8816","3,6611","187,5"
2026 02 02 10:57:11:934,-3.9985,-6.78875,"0,791",41,5,"43,6707","0,6251","159,8816","3,6611","238,2813"
2026 02 02 10:57:11:936,-3.9675,-6.78875,"0,791",41,5,"43,6707","0,6251","159,8816","3,6611","261,7188"
2026 02 02 10:57:11:938,-3.9985,-6.70125,"0,791",41,5,"43,6707","0,6251","159,8816","3,6611","312,5"
2026 02 02 10:57:11:940,-3.9675,-6.70125,"0,791",41,5,"43,6707","0,6251","159,8816","3,6611","300,7813"
2026 02 02 10:57:11:942,-3.9675,-6.70125,"0,791",41,5,"43,6707","0,6251","159,8816","3,6611","265,625"
2026 02 02 10:57:11:944,-3.9985,-6.70125,"0,791",41,5,"43,6707","0,6251","159,8816","3,6611","265,625"
2026 02 02 10:57:11:946,-3.9334,-6.78875,"0,791",41,5,"43,6707","0,6251","159,8816","3,6611","210,9375"
2026 02 02 10:57:11:948,-3.9675,-6.78875,"0,791",41,5,"43,6707","0,6251","159,8816","3,6611","171,875"
2026 02 02 10:57:11:950,-3.9985,-6.78875,"0,791",41,5,"43,6707","0,6251","159,8816","3,6611","167,9688"
2026 02 02 10:57:11:952,-3.9985,-6.70125,"0,791",41,5,"43,6707","0,6251","159,8816","3,6611","156,25"
2026 02 02 10:57:11:954,-3.9334,-6.78875,"0,791",41,5,"43,6707","0,6251","159,8816","3,6611","171,875"
2026 02 02 10:57:11:956,-3.9675,-6.70125,"0,791",41,5,"43,6707","0,6251","159,8816","3,6611","187,5"
2026 02 02 10:57:11:958,-3.9675,-6.78875,"0,791",41,5,"43,6707","0,6251","159,8816","3,6611","238,2813"
2026 02 02 10:57:11:960,-3.9675,-6.78875,"0,791",41,5,"43,6707","0,6251","159,8816","3,6611","210,9375"
2026 02 02 10:57:11:962,-3.9675,-6.78875,"0,791",41,5,"43,6707","0,6251","159,8816","3,6611","265,625"
2026 02 02 10:57:11:964,-3.9334,-6.70125,"0,791",41,5,"43,6707","0,6251","159,8816","3,6611","285,1563"
2026 02 02 10:57:11:966,-3.9675,-6.78875,"0,791",41,5,"43,6707","0,6251","159,8816","3,6611","339,8438"
2026 02 02 10:57:11:968,-3.9675,-6.78875,"0,791",41,5,"43,6707","0,6251","159,8816","3,6611","222,6563"
2026 02 02 10:57:11:970,-3.9675,-6.78875,"0,791",41,5,"43,6707","0,6251","159,8816","3,6611","226,5625"
2026 02 02 10:57:11:972,-3.9675,-6.78875,"0,791",41,5,"43,6707","0,6251","159,8816","3,6611","257,8125"
2026 02 02 10:57:11:974,-3.9675,-6.78875,"0,791",41,5,"43,6707","0,6251","159,8816","3,6611","171,875"
2026 02 02 10:57:11:976,-3.9675,-6.78875,"0,791",41,5,"43,6707","0,6251","159,8816","3,6611","183,5938"
2026 02 02 10:57:11:978,-3.9334,-6.78875,"0,791",41,5,"43,6707","0,6251","159,8816","3,6611","187,5"
2026 02 02 10:57:11:980,-3.9675,-6.78875,"0,791",41,5,"43,6707","0,6251","159,8816","3,6611","171,875"
2026 02 02 10:57:11:982,-3.9675,-6.78875,"0,791",41,5,"43,6707","0,6251","159,8816","3,6611","214,8438"
2026 02 02 10:57:11:984,-3.9675,-6.70125,"0,791",41,5,"43,6707","0,6251","159,8816","3,6611","214,8438"
2026 02 02 10:57:11:986,-3.9675,-6.70125,"0,791",41,5,"43,6707","0,6251","159,8816","3,6611","234,375"
2026 02 02 10:57:11:988,-3.9334,-6.78875,"0,791",41,5,"43,6707","0,6251","159,8816","3,6611","199,2188"
2026 02 02 10:57:11:990,-3.9675,-6.78875,"0,791",41,5,"43,6707","0,6251","159,8816","3,6611","269,5313"
2026 02 02 10:57:11:992,-3.9675,-6.70125,"0,791",41,5,"43,6707","0,6251","159,8816","3,6611","351,5625"
2026 02 02 10:57:11:994,-3.9334,-6.70125,"0,791",41,5,"43,6707","0,6251","159,8816","3,6611","273,4375"
2026 02 02 10:57:11:996,-3.9675,-6.78875,"0,791",41,5,"43,6707","0,6251","159,8816","3,6611","238,2813"
2026 02 02 10:57:11:998,-3.9675,-6.78875,"0,791",41,5,"43,6707","0,6251","159,8816","3,6611","257,8125"
2026 02 02 10:57:12:000,-3.9675,-6.78875,"0,791",41,5,"43,6707","0,6251","159,8816","3,6611","230,4688"
2026 02 02 10:57:12:002,-3.9985,-6.78875,"0,791",41,5,"43,6707","0,6251","159,8816","3,6611","226,5625"
2026 02 02 10:57:12:004,-3.9675,-6.70125,"0,791",41,5,"43,6707","0,6251","159,8816","3,6611","207,0313"
2026 02 02 10:57:12:006,-3.9675,-6.78875,"0,791",41,5,"43,6707","0,6251","159,8816","3,6611","203,125"
2026 02 02 10:57:12:008,-3.9675,-6.78875,"0,791",41,5,"43,6707","0,6251","159,8816","3,6611","160,1563"
2026 02 02 10:57:12:010,-3.9985,-6.70125,"0,791",41,5,"43,6707","0,6251","159,8816","3,6611","195,3125"
2026 02 02 10:57:12:012,-3.9675,-6.87625,"0,791",41,5,"43,6707","0,6251","159,8816","3,6611","230,4688"
2026 02 02 10:57:12:014,-3.9985,-6.78875,"0,791",41,5,"43,6707","0,6251","159,8816","3,6611","253,9063"
2026 02 02 10:57:12:016,-3.9985,-6.78875,"0,791",41,5,"43,6707","0,6251","159,8816","3,6611","234,375"
2026 02 02 10:57:12:018,-3.9675,-6.78875,"0,791",41,5,"43,6707","0,6251","159,8816","3,6611","339,8438"
2026 02 02 10:57:12:020,-3.9675,-6.78875,"0,791",41,5,"43,6707","0,6251","159,8816","3,6611","347,6563"
2026 02 02 10:57:12:022,-3.9675,-6.70125,"0,791",41,5,"43,6707","0,6251","159,8816","3,6611","242,1875"
2026 02 02 10:57:12:024,-3.9675,-6.78875,"0,791",41,5,"43,6707","0,6251","159,8816","3,6611","304,6875"
2026 02 02 10:57:12:026,-3.9675,-6.70125,"0,791",41,5,"43,6707","0,6251","159,8816","3,6611","269,5313"
2026 02 02 10:57:12:028,-3.9675,-6.78875,"0,791",41,5,"43,6707","0,6251","159,8816","3,6611","203,125"
2026 02 02 10:57:12:030,-3.9334,-6.70125,"0,791",41,5,"43,6707","0,6251","159,8816","3,6611","203,125"
2026 02 02 10:57:12:032,-3.9675,-6.78875,"0,791",41,5,"43,6707","0,6251","159,8816","3,6611","218,75"
2026 02 02 10:57:12:034,-3.9675,-6.78875,"0,791",41,5,"43,6707","0,6251","159,8816","3,6611","207,0313"
2026 02 02 10:57:12:036,-3.9675,-6.78875,"0,791",41,5,"43,6707","0,6251","159,8816","3,6611","214,8438"
2026 02 02 10:57:12:038,-3.9675,-6.78875,"0,791",41,5,"43,6707","0,6251","159,8816","3,6611","253,9063"
2026 02 02 10:57:12:040,-3.9675,-6.70125,"0,791",41,5,"43,6707","0,6251","159,8816","3,6611","285,1563"
2026 02 02 10:57:12:042,-3.9675,-6.70125,"0,791",41,5,"43,6707","0,6251","159,8816","3,6611","269,5313"
2026 02 02 10:57:12:044,-3.9334,-6.70125,"0,791",41,5,"43,6707","0,6251","159,8816","3,6611","320,3125"
2026 02 02 10:57:12:046,-3.9675,-6.78875,"0,791",41,5,"43,6707","0,6251","159,8816","3,6611","363,2813"
2026 02 02 10:57:12:048,-3.9675,-6.70125,"0,791",41,5,"43,6707","0,6251","159,8816","3,6611","273,4375"
2026 02 02 10:57:12:050,-3.9675,-6.70125,"0,791",41,5,"43,6707","0,6251","159,8816","3,6611","238,2813"
2026 02 02 10:57:12:052,-3.9675,-6.70125,"0,791",41,5,"43,6707","0,6251","159,8816","3,6611","273,4375"
2026 02 02 10:57:12:054,-3.9675,-6.70125,"0,791",41,5,"43,6707","0,6251","159,8816","3,6611","253,9063"
2026 02 02 10:57:12:056,-3.9675,-6.78875,"0,791",41,5,"43,6707","0,6251","159,8816","3,6611","210,9375"
2026 02 02 10:57:12:058,-3.9985,-6.78875,"0,791",41,5,"43,6707","0,6251","159,8816","3,6611","218,75"
2026 02 02 10:57:12:060,-3.9675,-6.78875,"0,896",31,5,"39,0625","0,5492","151,2299","3,8715","242,1875"
2026 02 02 10:57:12:062,-3.9675,-6.87625,"0,896",31,5,"39,0625","0,5492","151,2299","3,8715","234,375"
2026 02 02 10:57:12:064,-3.9985,-6.78875,"0,896",31,5,"39,0625","0,5492","151,2299","3,8715","246,0938"
2026 02 02 10:57:12:066,-3.9675,-6.87625,"0,896",31,5,"39,0625","0,5492","151,2299","3,8715","257,8125"
2026 02 02 10:57:12:068,-3.9675,-6.78875,"0,896",31,5,"39,0625","0,5492","151,2299","3,8715","246,0938"
2026 02 02 10:57:12:070,-3.9985,-6.78875,"0,896",31,5,"39,0625","0,5492","151,2299","3,8715","234,375"
2026 02 02 10:57:12:072,-3.9675,-6.78875,"0,896",31,5,"39,0625","0,5492","151,2299","3,8715","355,4688"
2026 02 02 10:57:12:074,-3.9675,-6.78875,"0,896",31,5,"39,0625","0,5492","151,2299","3,8715","320,3125"
2026 02 02 10:57:12:076,-3.9675,-6.78875,"0,896",31,5,"39,0625","0,5492","151,2299","3,8715","253,9063"
2026 02 02 10:57:12:078,-3.9675,-6.78875,"0,896",31,5,"39,0625","0,5492","151,2299","3,8715","281,25"
2026 02 02 10:57:12:080,-3.9334,-6.70125,"0,896",31,5,"39,0625","0,5492","151,2299","3,8715","265,625"
2026 02 02 10:57:12:082,-3.9334,-6.70125,"0,896",31,5,"39,0625","0,5492","151,2299","3,8715","253,9063"
2026 02 02 10:57:12:084,-3.9675,-6.78875,"0,896",31,5,"39,0625","0,5492","151,2299","3,8715","222,6563"
2026 02 02 10:57:12:086,-3.9675,-6.78875,"0,896",31,5,"39,0625","0,5492","151,2299","3,8715","246,0938"
2026 02 02 10:57:12:088,-3.9334,-6.78875,"0,896",31,5,"39,0625","0,5492","151,2299","3,8715","222,6563"
2026 02 02 10:57:12:090,-3.9675,-6.78875,"0,896",31,5,"39,0625","0,5492","151,2299","3,8715","195,3125"
2026 02 02 10:57:12:092,-3.9334,-6.70125,"0,896",31,5,"39,0625","0,5492","151,2299","3,8715","292,9688"
2026 02 02 10:57:12:094,-3.9675,-6.78875,"0,896",31,5,"39,0625","0,5492","151,2299","3,8715","292,9688"
2026 02 02 10:57:12:096,-3.9675,-6.70125,"0,896",31,5,"39,0625","0,5492","151,2299","3,8715","246,0938"
2026 02 02 10:57:12:098,-3.9675,-6.78875,"0,896",31,5,"39,0625","0,5492","151,2299","3,8715","316,4063"
2026 02 02 10:57:12:100,-3.9675,-6.70125,"0,896",31,5,"39,0625","0,5492","151,2299","3,8715","382,8125"
2026 02 02 10:57:12:102,-3.9675,-6.78875,"0,896",31,5,"39,0625","0,5492","151,2299","3,8715","289,0625"
2026 02 02 10:57:12:104,-3.9675,-6.78875,"0,896",31,5,"39,0625","0,5492","151,2299","3,8715","277,3438"
2026 02 02 10:57:12:106,-3.9675,-6.78875,"0,896",31,5,"39,0625","0,5492","151,2299","3,8715","285,1563"
2026 02 02 10:57:12:108,-3.9985,-6.70125,"0,896",31,5,"39,0625","0,5492","151,2299","3,8715","265,625"
2026 02 02 10:57:12:110,-3.9675,-6.78875,"0,896",31,5,"39,0625","0,5492","151,2299","3,8715","207,0313"
2026 02 02 10:57:12:112,-3.9675,-6.78875,"0,896",31,5,"39,0625","0,5492","151,2299","3,8715","257,8125"
2026 02 02 10:57:12:114,-3.9985,-6.70125,"0,896",31,5,"39,0625","0,5492","151,2299","3,8715","246,0938"
2026 02 02 10:57:12:116,-3.9675,-6.78875,"0,896",31,5,"39,0625","0,5492","151,2299","3,8715","257,8125"
2026 02 02 10:57:12:118,-3.9675,-6.78875,"0,896",31,5,"39,0625","0,5492","151,2299","3,8715","238,2813"
2026 02 02 10:57:12:120,-3.9675,-6.78875,"0,896",31,5,"39,0625","0,5492","151,2299","3,8715","320,3125"
2026 02 02 10:57:12:122,-3.9675,-6.70125,"0,896",31,5,"39,0625","0,5492","151,2299","3,8715","292,9688"
2026 02 02 10:57:12:124,-3.9675,-6.70125,"0,896",31,5,"39,0625","0,5492","151,2299","3,8715","277,3438"
2026 02 02 10:57:12:126,-3.9675,-6.78875,"0,896",31,5,"39,0625","0,5492","151,2299","3,8715","378,9063"
2026 02 02 10:57:12:128,-3.9675,-6.78875,"0,896",31,5,"39,0625","0,5492","151,2299","3,8715","316,4063"
2026 02 02 10:57:12:130,-3.9985,-6.78875,"0,896",31,5,"39,0625","0,5492","151,2299","3,8715","253,9063"
2026 02 02 10:57:12:132,-3.9675,-6.70125,"0,896",31,5,"39,0625","0,5492","151,2299","3,8715","308,5938"
2026 02 02 10:57:12:134,-3.9675,-6.78875,"0,896",31,5,"39,0625","0,5492","151,2299","3,8715","308,5938"
2026 02 02 10:57:12:136,-3.9675,-6.70125,"0,896",31,5,"39,0625","0,5492","151,2299","3,8715","261,7188"
2026 02 02 10:57:12:138,-3.9675,-6.78875,"0,896",31,5,"39,0625","0,5492","151,2299","3,8715","234,375"
2026 02 02 10:57:12:140,-3.9334,-6.78875,"0,896",31,5,"39,0625","0,5492","151,2299","3,8715","269,5313"
2026 02 02 10:57:12:142,-3.9675,-6.78875,"0,896",31,5,"39,0625","0,5492","151,2299","3,8715","269,5313"
2026 02 02 10:57:12:144,-3.9675,-6.61375,"0,896",31,5,"39,0625","0,5492","151,2299","3,8715","234,375"
2026 02 02 10:57:12:146,-3.9675,-6.70125,"0,896",31,5,"39,0625","0,5492","151,2299","3,8715","312,5"
2026 02 02 10:57:12:148,-3.9675,-6.78875,"0,896",31,5,"39,0625","0,5492","151,2299","3,8715","289,0625"
2026 02 02 10:57:12:150,-3.9985,-6.78875,"0,896",31,5,"39,0625","0,5492","151,2299","3,8715","246,0938"
2026 02 02 10:57:12:152,-3.9675,-6.78875,"0,896",31,5,"39,0625","0,5492","151,2299","3,8715","351,5625"
2026 02 02 10:57:12:154,-3.9985,-6.78875,"0,896",31,5,"39,0625","0,5492","151,2299","3,8715","378,9063"
2026 02 02 10:57:12:156,-3.9675,-6.70125,"0,896",31,5,"39,0625","0,5492","151,2299","3,8715","292,9688"
2026 02 02 10:57:12:158,-3.9675,-6.70125,"0,896",31,5,"39,0625","0,5492","151,2299","3,8715","273,4375"
2026 02 02 10:57:12:160,-3.9334,-6.78875,"0,896",31,5,"39,0625","0,5492","151,2299","3,8715","324,2188"
2026 02 02 10:57:12:162,-3.9675,-6.78875,"0,896",31,5,"39,0625","0,5492","151,2299","3,8715","292,9688"
2026 02 02 10:57:12:164,-3.9334,-6.78875,"0,896",31,5,"39,0625","0,5492","151,2299","3,8715","246,0938"
2026 02 02 10:57:12:166,-3.9675,-6.78875,"0,896",31,5,"39,0625","0,5492","151,2299","3,8715","261,7188"
2026 02 02 10:57:12:168,-3.9675,-6.78875,"0,896",31,5,"39,0625","0,5492","151,2299","3,8715","246,0938"
2026 02 02 10:57:12:170,-3.9675,-6.78875,"0,896",31,5,"39,0625","0,5492","151,2299","3,8715","238,2813"
2026 02 02 10:57:12:172,-3.9334,-6.78875,"0,896",31,5,"39,0625","0,5492","151,2299","3,8715","253,9063"
2026 02 02 10:57:12:174,-3.9675,-6.78875,"0,896",31,5,"39,0625","0,5492","151,2299","3,8715","347,6563"
2026 02 02 10:57:12:176,-3.9675,-6.78875,"0,896",31,5,"39,0625","0,5492","151,2299","3,8715","261,7188"
2026 02 02 10:57:12:178,-3.9675,-6.70125,"0,896",31,5,"39,0625","0,5492","151,2299","3,8715","316,4063"
2026 02 02 10:57:12:180,-3.9675,-6.78875,"0,896",31,5,"39,0625","0,5492","151,2299","3,8715","394,5313"
2026 02 02 10:57:12:182,-3.9675,-6.78875,"0,896",31,5,"39,0625","0,5492","151,2299","3,8715","355,4688"
2026 02 02 10:57:12:184,-3.9675,-6.78875,"0,896",31,5,"39,0625","0,5492","151,2299","3,8715","281,25"
2026 02 02 10:57:12:186,-3.9675,-6.78875,"0,896",31,5,"39,0625","0,5492","151,2299","3,8715","320,3125"
2026 02 02 10:57:12:188,-3.9675,-6.70125,"0,896",31,5,"39,0625","0,5492","151,2299","3,8715","300,7813"
2026 02 02 10:57:12:190,-3.9675,-6.70125,"0,896",31,5,"39,0625","0,5492","151,2299","3,8715","242,1875"
2026 02 02 10:57:12:192,-3.9675,-6.70125,"0,896",31,5,"39,0625","0,5492","151,2299","3,8715","269,5313"
2026 02 02 10:57:12:194,-3.9675,-6.78875,"0,896",31,5,"39,0625","0,5492","151,2299","3,8715","308,5938"
2026 02 02 10:57:12:196,-3.9334,-6.87625,"0,896",31,5,"39,0625","0,5492","151,2299","3,8715",250
2026 02 02 10:57:12:198,-3.9675,-6.70125,"0,896",31,5,"39,0625","0,5492","151,2299","3,8715","273,4375"
2026 02 02 10:57:12:200,-3.9675,-6.70125,"0,896",31,5,"39,0625","0,5492","151,2299","3,8715","312,5"
2026 02 02 10:57:12:202,-3.9675,-6.78875,"0,896",31,5,"39,0625","0,5492","151,2299","3,8715","347,6563"
2026 02 02 10:57:12:204,-3.9675,-6.78875,"0,896",31,5,"39,0625","0,5492","151,2299","3,8715","292,9688"
2026 02 02 10:57:12:206,-3.9675,-6.70125,"0,896",31,5,"39,0625","0,5492","151,2299","3,8715","355,4688"
2026 02 02 10:57:12:208,-3.9675,-6.70125,"0,896",31,5,"39,0625","0,5492","151,2299","3,8715","359,375"
2026 02 02 10:57:12:210,-3.9334,-6.87625,"0,896",31,5,"39,0625","0,5492","151,2299","3,8715","289,0625"
2026 02 02 10:57:12:212,-3.9985,-6.70125,"0,896",31,5,"39,0625","0,5492","151,2299","3,8715","308,5938"
2026 02 02 10:57:12:214,-3.9675,-6.78875,"0,896",31,5,"39,0625","0,5492","151,2299","3,8715","359,375"
2026 02 02 10:57:12:216,-3.9334,-6.78875,"0,896",31,5,"39,0625","0,5492","151,2299","3,8715","296,875"
2026 02 02 10:57:12:218,-3.9985,-6.78875,"0,896",31,5,"39,0625","0,5492","151,2299","3,8715","277,3438"
2026 02 02 10:57:12:220,-3.9985,-6.70125,"0,896",31,5,"39,0625","0,5492","151,2299","3,8715","289,0625"
2026 02 02 10:57:12:222,-3.9675,-6.78875,"0,896",31,5,"39,0625","0,5492","151,2299","3,8715","312,5"
2026 02 02 10:57:12:224,-3.9985,-6.70125,"0,896",31,5,"39,0625","0,5492","151,2299","3,8715","269,5313"
2026 02 02 10:57:12:226,-3.9675,-6.70125,"0,896",31,5,"39,0625","0,5492","151,2299","3,8715","285,1563"
2026 02 02 10:57:12:228,-3.9675,-6.78875,"0,896",31,5,"39,0625","0,5492","151,2299","3,8715","320,3125"
2026 02 02 10:57:12:230,-3.9675,-6.78875,"0,896",31,5,"39,0625","0,5492","151,2299","3,8715","281,25"
2026 02 02 10:57:12:232,-3.9334,-6.78875,"0,896",31,5,"39,0625","0,5492","151,2299","3,8715","332,0313"
2026 02 02 10:57:12:234,-3.9675,-6.78875,"0,896",31,5,"39,0625","0,5492","151,2299","3,8715",375
2026 02 02 10:57:12:236,-3.9675,-6.78875,"0,896",31,5,"39,0625","0,5492","151,2299","3,8715","363,2813"
2026 02 02 10:57:12:238,-3.9675,-6.70125,"0,896",31,5,"39,0625","0,5492","151,2299","3,8715","296,875"
2026 02 02 10:57:12:240,-3.9675,-6.78875,"0,896",31,5,"39,0625","0,5492","151,2299","3,8715","328,125"
2026 02 02 10:57:12:242,-3.9675,-6.78875,"0,896",31,5,"39,0625","0,5492","151,2299","3,8715","359,375"
2026 02 02 10:57:12:244,-3.9675,-6.70125,"0,896",31,5,"39,0625","0,5492","151,2299","3,8715","304,6875"
2026 02 02 10:57:12:246,-3.9675,-6.70125,"0,896",31,5,"39,0625","0,5492","151,2299","3,8715","289,0625"
2026 02 02 10:57:12:248,-3.9675,-6.78875,"0,896",31,5,"39,0625","0,5492","151,2299","3,8715","265,625"
2026 02 02 10:57:12:250,-3.9675,-6.70125,"0,896",31,5,"39,0625","0,5492","151,2299","3,8715","257,8125"
2026 02 02 10:57:12:252,-3.9675,-6.78875,"0,896",31,5,"39,0625","0,5492","151,2299","3,8715","277,3438"
2026 02 02 10:57:12:254,-3.9675,-6.70125,"0,896",31,5,"39,0625","0,5492","151,2299","3,8715","320,3125"
2026 02 02 10:57:12:256,-3.9985,-6.78875,"0,896",31,5,"39,0625","0,5492","151,2299","3,8715","320,3125"
2026 02 02 10:57:12:258,-3.9334,-6.78875,"0,896",31,5,"39,0625","0,5492","151,2299","3,8715","296,875"
2026 02 02 10:57:12:260,-3.9985,-6.78875,"0,896",31,5,"39,0625","0,5492","151,2299","3,8715",375
2026 02 02 10:57:12:262,-3.9675,-6.78875,"0,896",31,5,"39,0625","0,5492","151,2299","3,8715","394,5313"
2026 02 02 10:57:12:264,-3.9675,-6.70125,"0,896",31,5,"39,0625","0,5492","151,2299","3,8715","335,9375"
2026 02 02 10:57:12:266,-3.9675,-6.78875,"0,896",31,5,"39,0625","0,5492","151,2299","3,8715","332,0313"
2026 02 02 10:57:12:268,-3.9334,-6.70125,"0,896",31,5,"39,0625","0,5492","151,2299","3,8715","328,125"
2026 02 02 10:57:12:270,-3.9675,-6.70125,"0,896",31,5,"39,0625","0,5492","151,2299","3,8715","285,1563"
2026 02 02 10:57:12:272,-3.9675,-6.70125,"0,896",31,5,"39,0625","0,5492","151,2299","3,8715","296,875"
2026 02 02 10:57:12:274,-3.9675,-6.70125,"0,896",31,5,"39,0625","0,5492","151,2299","3,8715","304,6875"
2026 02 02 10:57:12:276,-3.9675,-6.78875,"0,896",31,5,"39,0625","0,5492","151,2299","3,8715","296,875"
2026 02 02 10:57:12:278,-3.9675,-6.70125,"0,896",31,5,"39,0625","0,5492","151,2299","3,8715","265,625"
2026 02 02 10:57:12:280,-3.9675,-6.78875,"0,896",31,5,"39,0625","0,5492","151,2299","3,8715","351,5625"
2026 02 02 10:57:12:282,-3.9675,-6.78875,"0,896",31,5,"39,0625","0,5492","151,2299","3,8715","347,6563"
2026 02 02 10:57:12:284,-3.9985,-6.70125,"0,896",31,5,"39,0625","0,5492","151,2299","3,8715","328,125"
2026 02 02 10:57:12:286,-3.9675,-6.78875,"0,896",31,5,"39,0625","0,5492","151,2299","3,8715","363,2813"
2026 02 02 10:57:12:288,-3.9675,-6.78875,"0,896",31,5,"39,0625","0,5492","151,2299","3,8715","363,2813"
2026 02 02 10:57:12:290,-3.9334,-6.78875,"0,896",31,5,"39,0625","0,5492","151,2299","3,8715","335,9375"
2026 02 02 10:57:12:292,-3.9675,-6.70125,"0,896",31,5,"39,0625","0,5492","151,2299","3,8715","320,3125"
2026 02 02 10:57:12:294,-3.9675,-6.78875,"0,896",31,5,"39,0625","0,5492","151,2299","3,8715","367,1875"
2026 02 02 10:57:12:296,-3.9675,-6.78875,"0,896",31,5,"39,0625","0,5492","151,2299","3,8715","332,0313"
2026 02 02 10:57:12:298,-3.9675,-6.70125,"0,896",31,5,"39,0625","0,5492","151,2299","3,8715","296,875"
2026 02 02 10:57:12:300,-3.9985,-6.78875,"0,896",31,5,"39,0625","0,5492","151,2299","3,8715","332,0313"
2026 02 02 10:57:12:302,-3.9675,-6.78875,"0,896",31,5,"39,0625","0,5492","151,2299","3,8715","328,125"
2026 02 02 10:57:12:304,-3.9675,-6.78875,"0,896",31,5,"39,0625","0,5492","151,2299","3,8715","273,4375"
2026 02 02 10:57:12:306,-3.9675,-6.78875,"0,896",31,5,"39,0625","0,5492","151,2299","3,8715","304,6875"
2026 02 02 10:57:12:308,-3.9675,-6.70125,"0,896",31,5,"39,0625","0,5492","151,2299","3,8715","351,5625"
2026 02 02 10:57:12:310,-3.9675,-6.78875,"0,896",31,5,"39,0625","0,5492","151,2299","3,8715","296,875"
2026 02 02 10:57:12:312,-3.9675,-6.78875,"0,896",31,5,"39,0625","0,5492","151,2299","3,8715","347,6563"
2026 02 02 10:57:12:314,-3.9985,-6.78875,"0,896",31,5,"39,0625","0,5492","151,2299","3,8715","414,0625"
2026 02 02 10:57:12:316,-3.9985,-6.78875,"0,896",31,5,"39,0625","0,5492","151,2299","3,8715","386,7188"
2026 02 02 10:57:12:318,-3.9675,-6.70125,"0,896",31,5,"39,0625","0,5492","151,2299","3,8715","335,9375"
2026 02 02 10:57:12:320,-3.9675,-6.70125,"0,896",31,5,"39,0625","0,5492","151,2299","3,8715","371,0938"
2026 02 02 10:57:12:322,-3.9334,-6.70125,"0,896",31,5,"39,0625","0,5492","151,2299","3,8715","382,8125"
2026 02 02 10:57:12:324,-3.9675,-6.78875,"0,896",31,5,"39,0625","0,5492","151,2299","3,8715","312,5"
2026 02 02 10:57:12:326,-3.9675,-6.78875,"0,896",31,5,"39,0625","0,5492","151,2299","3,8715","300,7813"
2026 02 02 10:57:12:328,-3.9334,-6.70125,"0,896",31,5,"39,0625","0,5492","151,2299","3,8715","304,6875"
2026 02 02 10:57:12:330,-3.9334,-6.78875,"0,896",31,5,"39,0625","0,5492","151,2299","3,8715","273,4375"
2026 02 02 10:57:12:332,-3.9334,-6.70125,"0,896",31,5,"39,0625","0,5492","151,2299","3,8715","281,25"
2026 02 02 10:57:12:334,-3.9675,-6.78875,"0,896",31,5,"39,0625","0,5492","151,2299","3,8715","390,625"
2026 02 02 10:57:12:336,-3.9334,-6.78875,"0,896",31,5,"39,0625","0,5492","151,2299","3,8715","343,75"
2026 02 02 10:57:12:338,-3.9675,-6.78875,"0,896",31,5,"39,0625","0,5492","151,2299","3,8715","343,75"
2026 02 02 10:57:12:340,-3.9675,-6.78875,"0,896",31,5,"39,0625","0,5492","151,2299","3,8715","378,9063"
2026 02 02 10:57:12:342,-3.9985,-6.70125,"0,896",31,5,"39,0625","0,5492","151,2299","3,8715","429,6875"
2026 02 02 10:57:12:344,-3.9675,-6.78875,"0,896",31,5,"39,0625","0,5492","151,2299","3,8715","343,75"
2026 02 02 10:57:12:346,-3.9675,-6.78875,"0,896",31,5,"39,0625","0,5492","151,2299","3,8715","332,0313"
2026 02 02 10:57:12:348,-3.9334,-6.78875,"0,896",31,5,"39,0625","0,5492","151,2299","3,8715","355,4688"
2026 02 02 10:57:12:350,-3.9675,-6.70125,"0,896",31,5,"39,0625","0,5492","151,2299","3,8715","285,1563"
2026 02 02 10:57:12:352,-3.9675,-6.70125,"0,896",31,5,"39,0625","0,5492","151,2299","3,8715","292,9688"
2026 02 02 10:57:12:354,-3.9675,-6.70125,"0,896",31,5,"39,0625","0,5492","151,2299","3,8715","343,75"
2026 02 02 10:57:12:356,-3.9675,-6.70125,"0,896",31,5,"39,0625","0,5492","151,2299","3,8715","316,4063"
2026 02 02 10:57:12:358,-3.9985,-6.78875,"0,896",31,5,"39,0625","0,5492","151,2299","3,8715","296,875"
2026 02 02 10:57:12:360,-3.9675,-6.70125,"0,93",44,5,"68,6646","-0,2505","235,0922","3,4238","339,8438"
2026 02 02 10:57:12:362,-3.9985,-6.70125,"0,93",44,5,"68,6646","-0,2505","235,0922","3,4238","417,9688"
2026 02 02 10:57:12:364,-3.9675,-6.78875,"0,93",44,5,"68,6646","-0,2505","235,0922","3,4238","335,9375"
2026 02 02 10:57:12:366,-3.9334,-6.70125,"0,93",44,5,"68,6646","-0,2505","235,0922","3,4238","390,625"
2026 02 02 10:57:12:368,-3.9675,-6.78875,"0,93",44,5,"68,6646","-0,2505","235,0922","3,4238","390,625"
2026 02 02 10:57:12:370,-3.9675,-6.70125,"0,93",44,5,"68,6646","-0,2505","235,0922","3,4238","347,6563"
2026 02 02 10:57:12:372,-3.9675,-6.78875,"0,93",44,5,"68,6646","-0,2505","235,0922","3,4238","324,2188"
2026 02 02 10:57:12:374,-3.9675,-6.78875,"0,93",44,5,"68,6646","-0,2505","235,0922","3,4238","363,2813"
2026 02 02 10:57:12:376,-3.9675,-6.78875,"0,93",44,5,"68,6646","-0,2505","235,0922","3,4238","367,1875"
2026 02 02 10:57:12:378,-3.9675,-6.78875,"0,93",44,5,"68,6646","-0,2505","235,0922","3,4238","335,9375"
2026 02 02 10:57:12:380,-3.9675,-6.78875,"0,93",44,5,"68,6646","-0,2505","235,0922","3,4238","320,3125"
2026 02 02 10:57:12:382,-3.9675,-6.70125,"0,93",44,5,"68,6646","-0,2505","235,0922","3,4238","406,25"
2026 02 02 10:57:12:384,-3.9985,-6.70125,"0,93",44,5,"68,6646","-0,2505","235,0922","3,4238","308,5938"
2026 02 02 10:57:12:386,-3.9675,-6.78875,"0,93",44,5,"68,6646","-0,2505","235,0922","3,4238","347,6563"
2026 02 02 10:57:12:388,-3.9675,-6.78875,"0,93",44,5,"68,6646","-0,2505","235,0922","3,4238","371,0938"
2026 02 02 10:57:12:390,-3.9675,-6.70125,"0,93",44,5,"68,6646","-0,2505","235,0922","3,4238","335,9375"
2026 02 02 10:57:12:392,-3.9675,-6.78875,"0,93",44,5,"68,6646","-0,2505","235,0922","3,4238","367,1875"
2026 02 02 10:57:12:394,-3.9675,-6.87625,"0,93",44,5,"68,6646","-0,2505","235,0922","3,4238","410,1563"
2026 02 02 10:57:12:396,-3.9675,-6.70125,"0,93",44,5,"68,6646","-0,2505","235,0922","3,4238","402,3438"
2026 02 02 10:57:12:398,-3.9675,-6.70125,"0,93",44,5,"68,6646","-0,2505","235,0922","3,4238","320,3125"
2026 02 02 10:57:12:400,-3.9675,-6.78875,"0,93",44,5,"68,6646","-0,2505","235,0922","3,4238","355,4688"
2026 02 02 10:57:12:402,-3.9985,-6.87625,"0,93",44,5,"68,6646","-0,2505","235,0922","3,4238","402,3438"
2026 02 02 10:57:12:404,-3.9675,-6.78875,"0,93",44,5,"68,6646","-0,2505","235,0922","3,4238","324,2188"
2026 02 02 10:57:12:406,-3.9675,-6.78875,"0,93",44,5,"68,6646","-0,2505","235,0922","3,4238","312,5"
2026 02 02 10:57:12:408,-3.9675,-6.70125,"0,93",44,5,"68,6646","-0,2505","235,0922","3,4238","351,5625"
2026 02 02 10:57:12:410,-3.9334,-6.78875,"0,93",44,5,"68,6646","-0,2505","235,0922","3,4238","316,4063"
2026 02 02 10:57:12:412,-3.9675,-6.78875,"0,93",44,5,"68,6646","-0,2505","235,0922","3,4238","304,6875"
2026 02 02 10:57:12:414,-3.9675,-6.87625,"0,93",44,5,"68,6646","-0,2505","235,0922","3,4238","378,9063"
2026 02 02 10:57:12:416,-3.9985,-6.78875,"0,93",44,5,"68,6646","-0,2505","235,0922","3,4238","382,8125"
2026 02 02 10:57:12:418,-3.9985,-6.70125,"0,93",44,5,"68,6646","-0,2505","235,0922","3,4238","320,3125"
2026 02 02 10:57:12:420,-3.9675,-6.78875,"0,93",44,5,"68,6646","-0,2505","235,0922","3,4238","414,0625"
2026 02 02 10:57:12:422,-3.9675,-6.78875,"0,93",44,5,"68,6646","-0,2505","235,0922","3,4238","441,4063"
2026 02 02 10:57:12:424,-3.9675,-6.78875,"0,93",44,5,"68,6646","-0,2505","235,0922","3,4238",375
2026 02 02 10:57:12:426,-3.9675,-6.78875,"0,93",44,5,"68,6646","-0,2505","235,0922","3,4238","332,0313"
2026 02 02 10:57:12:428,-3.9675,-6.70125,"0,93",44,5,"68,6646","-0,2505","235,0922","3,4238","359,375"
2026 02 02 10:57:12:430,-3.9675,-6.61375,"0,93",44,5,"68,6646","-0,2505","235,0922","3,4238","343,75"
2026 02 02 10:57:12:432,-3.9334,-6.78875,"0,93",44,5,"68,6646","-0,2505","235,0922","3,4238","324,2188"
2026 02 02 10:57:12:434,-3.9675,-6.78875,"0,93",44,5,"68,6646","-0,2505","235,0922","3,4238","359,375"
2026 02 02 10:57:12:436,-3.9675,-6.78875,"0,93",44,5,"68,6646","-0,2505","235,0922","3,4238","414,0625"
2026 02 02 10:57:12:438,-3.9334,-6.78875,"0,93",44,5,"68,6646","-0,2505","235,0922","3,4238","328,125"
2026 02 02 10:57:12:440,-3.9675,-6.78875,"0,93",44,5,"68,6646","-0,2505","235,0922","3,4238","332,0313"
2026 02 02 10:57:12:442,-3.9675,-6.78875,"0,93",44,5,"68,6646","-0,2505","235,0922","3,4238","441,4063"
2026 02 02 10:57:12:444,-3.9675,-6.78875,"0,93",44,5,"68,6646","-0,2505","235,0922","3,4238","363,2813"
2026 02 02 10:57:12:446,-3.9334,-6.78875,"0,93",44,5,"68,6646","-0,2505","235,0922","3,4238","332,0313"
2026 02 02 10:57:12:448,-3.9334,-6.78875,"0,93",44,5,"68,6646","-0,2505","235,0922","3,4238","382,8125"
2026 02 02 10:57:12:450,-3.9675,-6.78875,"0,93",44,5,"68,6646","-0,2505","235,0922","3,4238","406,25"
2026 02 02 10:57:12:452,-3.9675,-6.78875,"0,93",44,5,"68,6646","-0,2505","235,0922","3,4238","351,5625"
2026 02 02 10:57:12:454,-3.9985,-6.78875,"0,93",44,5,"68,6646","-0,2505","235,0922","3,4238","324,2188"
2026 02 02 10:57:12:456,-3.9334,-6.78875,"0,93",44,5,"68,6646","-0,2505","235,0922","3,4238","367,1875"
2026 02 02 10:57:12:458,-3.9985,-6.78875,"0,93",44,5,"68,6646","-0,2505","235,0922","3,4238","335,9375"
2026 02 02 10:57:12:460,-3.9675,-6.70125,"0,93",44,5,"68,6646","-0,2505","235,0922","3,4238","328,125"
2026 02 02 10:57:12:462,-3.9675,-6.78875,"0,93",44,5,"68,6646","-0,2505","235,0922","3,4238",375
2026 02 02 10:57:12:464,-3.9675,-6.70125,"0,93",44,5,"68,6646","-0,2505","235,0922","3,4238","378,9063"
2026 02 02 10:57:12:466,-3.9675,-6.78875,"0,93",44,5,"68,6646","-0,2505","235,0922","3,4238","347,6563"
2026 02 02 10:57:12:468,-3.9675,-6.78875,"0,93",44,5,"68,6646","-0,2505","235,0922","3,4238","332,0313"
2026 02 02 10:57:12:470,-3.9675,-6.78875,"0,93",44,5,"68,6646","-0,2505","235,0922","3,4238","414,0625"
2026 02 02 10:57:12:472,-3.9675,-6.70125,"0,93",44,5,"68,6646","-0,2505","235,0922","3,4238","390,625"
2026 02 02 10:57:12:474,-3.9334,-6.70125,"0,93",44,5,"68,6646","-0,2505","235,0922","3,4238","351,5625"
2026 02 02 10:57:12:476,-3.9675,-6.78875,"0,93",44,5,"68,6646","-0,2505","235,0922","3,4238","406,25"
2026 02 02 10:57:12:478,-3.9675,-6.87625,"0,93",44,5,"68,6646","-0,2505","235,0922","3,4238","398,4375"
2026 02 02 10:57:12:480,-3.9675,-6.70125,"0,93",44,5,"68,6646","-0,2505","235,0922","3,4238","355,4688"
2026 02 02 10:57:12:482,-3.9985,-6.78875,"0,93",44,5,"68,6646","-0,2505","235,0922","3,4238","378,9063"
2026 02 02 10:57:12:484,-3.9985,-6.78875,"0,93",44,5,"68,6646","-0,2505","235,0922","3,4238","343,75"
2026 02 02 10:57:12:486,-3.9675,-6.70125,"0,93",44,5,"68,6646","-0,2505","235,0922","3,4238","347,6563"
2026 02 02 10:57:12:488,-3.9675,-6.70125,"0,93",44,5,"68,6646","-0,2505","235,0922","3,4238","312,5"
2026 02 02 10:57:12:490,-3.9985,-6.70125,"0,93",44,5,"68,6646","-0,2505","235,0922","3,4238","328,125"
2026 02 02 10:57:12:492,-3.9675,-6.70125,"0,93",44,5,"68,6646","-0,2505","235,0922","3,4238","367,1875"
2026 02 02 10:57:12:494,-3.9675,-6.70125,"0,93",44,5,"68,6646","-0,2505","235,0922","3,4238","347,6563"
2026 02 02 10:57:12:496,-3.9334,-6.70125,"0,93",44,5,"68,6646","-0,2505","235,0922","3,4238","355,4688"
2026 02 02 10:57:12:498,-3.9675,-6.78875,"0,93",44,5,"68,6646","-0,2505","235,0922","3,4238","390,625"
2026 02 02 10:57:12:500,-3.9675,-6.78875,"0,93",44,5,"68,6646","-0,2505","235,0922","3,4238","386,7188"
2026 02 02 10:57:12:502,-3.9675,-6.70125,"0,93",44,5,"68,6646","-0,2505","235,0922","3,4238","371,0938"
2026 02 02 10:57:12:504,-3.9675,-6.78875,"0,93",44,5,"68,6646","-0,2505","235,0922","3,4238","390,625"
2026 02 02 10:57:12:506,-3.9675,-6.78875,"0,93",44,5,"68,6646","-0,2505","235,0922","3,4238","402,3438"
2026 02 02 10:57:12:508,-3.9675,-6.70125,"0,93",44,5,"68,6646","-0,2505","235,0922","3,4238","324,2188"
2026 02 02 10:57:12:510,-3.9675,-6.78875,"0,93",44,5,"68,6646","-0,2505","235,0922","3,4238","351,5625"
2026 02 02 10:57:12:512,-3.9985,-6.78875,"0,93",44,5,"68,6646","-0,2505","235,0922","3,4238","363,2813"
2026 02 02 10:57:12:514,-3.9675,-6.78875,"0,93",44,5,"68,6646","-0,2505","235,0922","3,4238","359,375"
2026 02 02 10:57:12:516,-3.9985,-6.78875,"0,93",44,5,"68,6646","-0,2505","235,0922","3,4238","367,1875"
2026 02 02 10:57:12:518,-3.9985,-6.78875,"0,93",44,5,"68,6646","-0,2505","235,0922","3,4238","343,75"
2026 02 02 10:57:12:520,-3.9985,-6.70125,"0,93",44,5,"68,6646","-0,2505","235,0922","3,4238","378,9063"
2026 02 02 10:57:12:522,-3.9675,-6.70125,"0,93",44,5,"68,6646","-0,2505","235,0922","3,4238","371,0938"
2026 02 02 10:57:12:524,-3.9334,-6.78875,"0,93",44,5,"68,6646","-0,2505","235,0922","3,4238","347,6563"
2026 02 02 10:57:12:526,-3.9675,-6.78875,"0,93",44,5,"68,6646","-0,2505","235,0922","3,4238","386,7188"
2026 02 02 10:57:12:528,-3.9675,-6.70125,"0,93",44,5,"68,6646","-0,2505","235,0922","3,4238","332,0313"
2026 02 02 10:57:12:530,-3.9985,-6.78875,"0,93",44,5,"68,6646","-0,2505","235,0922","3,4238","328,125"
2026 02 02 10:57:12:532,-3.9675,-6.61375,"0,93",44,5,"68,6646","-0,2505","235,0922","3,4238","359,375"
2026 02 02 10:57:12:534,-3.9675,-6.70125,"0,93",44,5,"68,6646","-0,2505","235,0922","3,4238","359,375"
2026 02 02 10:57:12:536,-3.9675,-6.70125,"0,93",44,5,"68,6646","-0,2505","235,0922","3,4238","355,4688"
2026 02 02 10:57:12:538,-3.9675,-6.78875,"0,93",44,5,"68,6646","-0,2505","235,0922","3,4238","347,6563"
2026 02 02 10:57:12:540,-3.9675,-6.78875,"0,93",44,5,"68,6646","-0,2505","235,0922","3,4238","371,0938"
2026 02 02 10:57:12:542,-4.0295,-6.70125,"0,93",44,5,"68,6646","-0,2505","235,0922","3,4238","378,9063"
2026 02 02 10:57:12:544,-3.9675,-6.78875,"0,93",44,5,"68,6646","-0,2505","235,0922","3,4238","355,4688"
2026 02 02 10:57:12:546,-3.9675,-6.78875,"0,93",44,5,"68,6646","-0,2505","235,0922","3,4238","363,2813"
2026 02 02 10:57:12:548,-3.9675,-6.78875,"0,93",44,5,"68,6646","-0,2505","235,0922","3,4238","316,4063"
2026 02 02 10:57:12:550,-3.9334,-6.78875,"0,93",44,5,"68,6646","-0,2505","235,0922","3,4238","347,6563"
2026 02 02 10:57:12:552,-3.9334,-6.78875,"0,93",44,5,"68,6646","-0,2505","235,0922","3,4238","343,75"
2026 02 02 10:57:12:554,-3.9334,-6.70125,"0,93",44,5,"68,6646","-0,2505","235,0922","3,4238","347,6563"
2026 02 02 10:57:12:556,-3.9675,-6.70125,"0,93",44,5,"68,6646","-0,2505","235,0922","3,4238","351,5625"
2026 02 02 10:57:12:558,-3.9675,-6.70125,"0,93",44,5,"68,6646","-0,2505","235,0922","3,4238","324,2188"
2026 02 02 10:57:12:560,-3.9675,-6.70125,"0,93",44,5,"68,6646","-0,2505","235,0922","3,4238","351,5625"
2026 02 02 10:57:12:562,-3.9334,-6.70125,"0,93",44,5,"68,6646","-0,2505","235,0922","3,4238","371,0938"
2026 02 02 10:57:12:564,-3.9675,-6.78875,"0,93",44,5,"68,6646","-0,2505","235,0922","3,4238","335,9375"
2026 02 02 10:57:12:566,-3.9675,-6.78875,"0,93",44,5,"68,6646","-0,2505","235,0922","3,4238","359,375"
2026 02 02 10:57:12:568,-3.9675,-6.78875,"0,93",44,5,"68,6646","-0,2505","235,0922","3,4238","324,2188"
2026 02 02 10:57:12:570,-3.9675,-6.70125,"0,93",44,5,"68,6646","-0,2505","235,0922","3,4238","328,125"
2026 02 02 10:57:12:572,-3.9675,-6.78875,"0,93",44,5,"68,6646","-0,2505","235,0922","3,4238","339,8438"
2026 02 02 10:57:12:574,-3.9675,-6.70125,"0,93",44,5,"68,6646","-0,2505","235,0922","3,4238","335,9375"
2026 02 02 10:57:12:576,-3.9675,-6.78875,"0,93",44,5,"68,6646","-0,2505","235,0922","3,4238","335,9375"
2026 02 02 10:57:12:578,-3.9675,-6.78875,"0,93",44,5,"68,6646","-0,2505","235,0922","3,4238","320,3125"
2026 02 02 10:57:12:580,-3.9675,-6.70125,"0,93",44,5,"68,6646","-0,2505","235,0922","3,4238","335,9375"
2026 02 02 10:57:12:582,-3.9675,-6.78875,"0,93",44,5,"68,6646","-0,2505","235,0922","3,4238","359,375"
2026 02 02 10:57:12:584,-3.9675,-6.70125,"0,93",44,5,"68,6646","-0,2505","235,0922","3,4238","328,125"
2026 02 02 10:57:12:586,-3.9675,-6.78875,"0,93",44,5,"68,6646","-0,2505","235,0922","3,4238","335,9375"
2026 02 02 10:57:12:588,-3.9675,-6.78875,"0,93",44,5,"68,6646","-0,2505","235,0922","3,4238","316,4063"
2026 02 02 10:57:12:590,-3.9675,-6.78875,"0,93",44,5,"68,6646","-0,2505","235,0922","3,4238","332,0313"
2026 02 02 10:57:12:592,-3.9675,-6.78875,"0,93",44,5,"68,6646","-0,2505","235,0922","3,4238","332,0313"
2026 02 02 10:57:12:594,-3.9334,-6.70125,"0,93",44,5,"68,6646","-0,2505","235,0922","3,4238","332,0313"
2026 02 02 10:57:12:596,-3.9675,-6.70125,"0,93",44,5,"68,6646","-0,2505","235,0922","3,4238","332,0313"
2026 02 02 10:57:12:598,-3.9675,-6.78875,"0,93",44,5,"68,6646","-0,2505","235,0922","3,4238","316,4063"
2026 02 02 10:57:12:600,-3.9675,-6.78875,"0,93",44,5,"68,6646","-0,2505","235,0922","3,4238","328,125"
2026 02 02 10:57:12:602,-3.9675,-6.70125,"0,93",44,5,"68,6646","-0,2505","235,0922","3,4238","347,6563"
2026 02 02 10:57:12:604,-3.9675,-6.78875,"0,93",44,5,"68,6646","-0,2505","235,0922","3,4238","312,5"
2026 02 02 10:57:12:606,-3.9675,-6.70125,"0,93",44,5,"68,6646","-0,2505","235,0922","3,4238","320,3125"
2026 02 02 10:57:12:608,-3.9675,-6.78875,"0,93",44,5,"68,6646","-0,2505","235,0922","3,4238","296,875"
2026 02 02 10:57:12:610,-3.9675,-6.78875,"0,93",44,5,"68,6646","-0,2505","235,0922","3,4238","312,5"
2026 02 02 10:57:12:612,-3.9675,-6.70125,"0,93",44,5,"68,6646","-0,2505","235,0922","3,4238","316,4063"
2026 02 02 10:57:12:614,-3.9675,-6.78875,"0,93",44,5,"68,6646","-0,2505","235,0922","3,4238","316,4063"
2026 02 02 10:57:12:616,-3.9675,-6.78875,"0,93",44,5,"68,6646","-0,2505","235,0922","3,4238","320,3125"
2026 02 02 10:57:12:618,-3.9334,-6.78875,"0,93",44,5,"68,6646","-0,2505","235,0922","3,4238","312,5"
2026 02 02 10:57:12:620,-3.9334,-6.78875,"0,93",44,5,"68,6646","-0,2505","235,0922","3,4238","316,4063"
2026 02 02 10:57:12:622,-3.9675,-6.70125,"0,93",44,5,"68,6646","-0,2505","235,0922","3,4238","335,9375"
2026 02 02 10:57:12:624,-3.9675,-6.70125,"0,93",44,5,"68,6646","-0,2505","235,0922","3,4238","308,5938"
2026 02 02 10:57:12:626,-3.9675,-6.78875,"0,93",44,5,"68,6646","-0,2505","235,0922","3,4238","296,875"
2026 02 02 10:57:12:628,-3.9675,-6.70125,"0,93",44,5,"68,6646","-0,2505","235,0922","3,4238","281,25"
2026 02 02 10:57:12:630,-3.9675,-6.61375,"0,93",44,5,"68,6646","-0,2505","235,0922","3,4238","296,875"
2026 02 02 10:57:12:632,-3.9675,-6.70125,"0,93",44,5,"68,6646","-0,2505","235,0922","3,4238","296,875"
2026 02 02 10:57:12:634,-3.9675,-6.70125,"0,93",44,5,"68,6646","-0,2505","235,0922","3,4238","300,7813"
2026 02 02 10:57:12:636,-3.9675,-6.78875,"0,93",44,5,"68,6646","-0,2505","235,0922","3,4238","304,6875"
2026 02 02 10:57:12:638,-3.9334,-6.78875,"0,93",44,5,"68,6646","-0,2505","235,0922","3,4238","300,7813"
2026 02 02 10:57:12:640,-3.9675,-6.78875,"0,93",44,5,"68,6646","-0,2505","235,0922","3,4238","300,7813"
2026 02 02 10:57:12:642,-3.9675,-6.70125,"0,93",44,5,"68,6646","-0,2505","235,0922","3,4238","328,125"
2026 02 02 10:57:12:644,-3.9675,-6.78875,"0,93",44,5,"68,6646","-0,2505","235,0922","3,4238","300,7813"
2026 02 02 10:57:12:646,-3.9675,-6.78875,"0,93",44,5,"68,6646","-0,2505","235,0922","3,4238","289,0625"
2026 02 02 10:57:12:648,-3.9675,-6.78875,"0,93",44,5,"68,6646","-0,2505","235,0922","3,4238","273,4375"
2026 02 02 10:57:12:650,-3.9675,-6.78875,"0,93",44,5,"68,6646","-0,2505","235,0922","3,4238","289,0625"
2026 02 02 10:57:12:652,-3.9675,-6.70125,"0,93",44,5,"68,6646","-0,2505","235,0922","3,4238","289,0625"
2026 02 02 10:57:12:654,-3.9985,-6.70125,"0,93",44,5,"68,6646","-0,2505","235,0922","3,4238","285,1563"
2026 02 02 10:57:12:656,-3.9675,-6.70125,"0,93",44,5,"68,6646","-0,2505","235,0922","3,4238","289,0625"
2026 02 02 10:57:12:658,-3.9334,-6.78875,"0,93",44,5,"68,6646","-0,2505","235,0922","3,4238","289,0625"
2026 02 02 10:57:12:660,-3.9675,-6.78875,"1,183",46,6,"74,9207","-0,4069","209,1522","2,7916","289,0625"
2026 02 02 10:57:12:662,-3.9675,-6.78875,"1,183",46,6,"74,9207","-0,4069","209,1522","2,7916","316,4063"
2026 02 02 10:57:12:664,-3.9985,-6.78875,"1,183",46,6,"74,9207","-0,4069","209,1522","2,7916","292,9688"
2026 02 02 10:57:12:666,-3.9985,-6.78875,"1,183",46,6,"74,9207","-0,4069","209,1522","2,7916","285,1563"
2026 02 02 10:57:12:668,-3.9675,-6.78875,"1,183",46,6,"74,9207","-0,4069","209,1522","2,7916","265,625"
2026 02 02 10:57:12:670,-3.9675,-6.78875,"1,183",46,6,"74,9207","-0,4069","209,1522","2,7916","281,25"
2026 02 02 10:57:12:672,-3.9985,-6.61375,"1,183",46,6,"74,9207","-0,4069","209,1522","2,7916","285,1563"
2026 02 02 10:57:12:674,-3.9675,-6.78875,"1,183",46,6,"74,9207","-0,4069","209,1522","2,7916","273,4375"
2026 02 02 10:57:12:676,-3.9334,-6.70125,"1,183",46,6,"74,9207","-0,4069","209,1522","2,7916","281,25"
2026 02 02 10:57:12:678,-3.9675,-6.78875,"1,183",46,6,"74,9207","-0,4069","209,1522","2,7916","281,25"
2026 02 02 10:57:12:680,-3.9675,-6.78875,"1,183",46,6,"74,9207","-0,4069","209,1522","2,7916","277,3438"
2026 02 02 10:57:12:682,-3.9675,-6.78875,"1,183",46,6,"74,9207","-0,4069","209,1522","2,7916","308,5938"
2026 02 02 10:57:12:684,-3.9675,-6.78875,"1,183",46,6,"74,9207","-0,4069","209,1522","2,7916","281,25"
2026 02 02 10:57:12:686,-3.9334,-6.78875,"1,183",46,6,"74,9207","-0,4069","209,1522","2,7916","269,5313"
2026 02 02 10:57:12:688,-3.9334,-6.78875,"1,183",46,6,"74,9207","-0,4069","209,1522","2,7916","265,625"
2026 02 02 10:57:12:690,-3.9675,-6.78875,"1,183",46,6,"74,9207","-0,4069","209,1522","2,7916","269,5313"
2026 02 02 10:57:12:692,-3.9675,-6.70125,"1,183",46,6,"74,9207","-0,4069","209,1522","2,7916","269,5313"
2026 02 02 10:57:12:694,-3.9675,-6.78875,"1,183",46,6,"74,9207","-0,4069","209,1522","2,7916","265,625"
2026 02 02 10:57:12:696,-3.9675,-6.78875,"1,183",46,6,"74,9207","-0,4069","209,1522","2,7916","261,7188"
2026 02 02 10:57:12:698,-3.9675,-6.78875,"1,183",46,6,"74,9207","-0,4069","209,1522","2,7916","265,625"
2026 02 02 10:57:12:700,-3.9675,-6.70125,"1,183",46,6,"74,9207","-0,4069","209,1522","2,7916","261,7188"
2026 02 02 10:57:12:702,-3.9334,-6.70125,"1,183",46,6,"74,9207","-0,4069","209,1522","2,7916","292,9688"
2026 02 02 10:57:12:704,-3.9675,-6.70125,"1,183",46,6,"74,9207","-0,4069","209,1522","2,7916","269,5313"
2026 02 02 10:57:12:706,-3.9334,-6.70125,"1,183",46,6,"74,9207","-0,4069","209,1522","2,7916","257,8125"
2026 02 02 10:57:12:708,-3.9675,-6.70125,"1,183",46,6,"74,9207","-0,4069","209,1522","2,7916",250
2026 02 02 10:57:12:710,-3.9675,-6.70125,"1,183",46,6,"74,9207","-0,4069","209,1522","2,7916","253,9063"
2026 02 02 10:57:12:712,-3.9675,-6.70125,"1,183",46,6,"74,9207","-0,4069","209,1522","2,7916","253,9063"
2026 02 02 10:57:12:714,-3.9675,-6.78875,"1,183",46,6,"74,9207","-0,4069","209,1522","2,7916","253,9063"
2026 02 02 10:57:12:716,-3.9675,-6.70125,"1,183",46,6,"74,9207","-0,4069","209,1522","2,7916","253,9063"
2026 02 02 10:57:12:718,-3.9675,-6.78875,"1,183",46,6,"74,9207","-0,4069","209,1522","2,7916",250
2026 02 02 10:57:12:720,-3.9675,-6.70125,"1,183",46,6,"74,9207","-0,4069","209,1522","2,7916","253,9063"
2026 02 02 10:57:12:722,-3.9675,-6.70125,"1,183",46,6,"74,9207","-0,4069","209,1522","2,7916","277,3438"
2026 02 02 10:57:12:724,-3.9675,-6.78875,"1,183",46,6,"74,9207","-0,4069","209,1522","2,7916","246,0938"
2026 02 02 10:57:12:726,-3.9675,-6.70125,"1,183",46,6,"74,9207","-0,4069","209,1522","2,7916","246,0938"
2026 02 02 10:57:12:728,-3.9985,-6.70125,"1,183",46,6,"74,9207","-0,4069","209,1522","2,7916","234,375"
2026 02 02 10:57:12:730,-3.9675,-6.70125,"1,183",46,6,"74,9207","-0,4069","209,1522","2,7916","238,2813"
2026 02 02 10:57:12:732,-3.9675,-6.78875,"1,183",46,6,"74,9207","-0,4069","209,1522","2,7916","246,0938"
2026 02 02 10:57:12:734,-3.9675,-6.70125,"1,183",46,6,"74,9207","-0,4069","209,1522","2,7916","246,0938"
2026 02 02 10:57:12:736,-3.9675,-6.78875,"1,183",46,6,"74,9207","-0,4069","209,1522","2,7916",250
2026 02 02 10:57:12:738,-3.9675,-6.70125,"1,183",46,6,"74,9207","-0,4069","209,1522","2,7916","246,0938"
2026 02 02 10:57:12:740,-3.9675,-6.70125,"1,183",46,6,"74,9207","-0,4069","209,1522","2,7916","246,0938"
2026 02 02 10:57:12:742,-3.9675,-6.78875,"1,183",46,6,"74,9207","-0,4069","209,1522","2,7916","269,5313"
2026 02 02 10:57:12:744,-3.9334,-6.78875,"1,183",46,6,"74,9207","-0,4069","209,1522","2,7916","234,375"
2026 02 02 10:57:12:746,-3.9334,-6.78875,"1,183",46,6,"74,9207","-0,4069","209,1522","2,7916","234,375"
2026 02 02 10:57:12:748,-3.9334,-6.78875,"1,183",46,6,"74,9207","-0,4069","209,1522","2,7916","218,75"
2026 02 02 10:57:12:750,-3.9675,-6.70125,"1,183",46,6,"74,9207","-0,4069","209,1522","2,7916","230,4688"
2026 02 02 10:57:12:752,-3.9334,-6.78875,"1,183",46,6,"74,9207","-0,4069","209,1522","2,7916","238,2813"
2026 02 02 10:57:12:754,-3.9675,-6.78875,"1,183",46,6,"74,9207","-0,4069","209,1522","2,7916","238,2813"
2026 02 02 10:57:12:756,-3.9675,-6.70125,"1,183",46,6,"74,9207","-0,4069","209,1522","2,7916","230,4688"
2026 02 02 10:57:12:758,-3.9675,-6.78875,"1,183",46,6,"74,9207","-0,4069","209,1522","2,7916","234,375"
2026 02 02 10:57:12:760,-3.9675,-6.70125,"1,183",46,6,"74,9207","-0,4069","209,1522","2,7916","230,4688"
2026 02 02 10:57:12:762,-3.9675,-6.70125,"1,183",46,6,"74,9207","-0,4069","209,1522","2,7916","257,8125"
2026 02 02 10:57:12:764,-3.9675,-6.70125,"1,183",46,6,"74,9207","-0,4069","209,1522","2,7916","234,375"
2026 02 02 10:57:12:766,-3.9985,-6.87625,"1,183",46,6,"74,9207","-0,4069","209,1522","2,7916","226,5625"
2026 02 02 10:57:12:768,-3.9334,-6.78875,"1,183",46,6,"74,9207","-0,4069","209,1522","2,7916","210,9375"
2026 02 02 10:57:12:770,-3.9675,-6.78875,"1,183",46,6,"74,9207","-0,4069","209,1522","2,7916","214,8438"
2026 02 02 10:57:12:772,-3.9675,-6.78875,"1,183",46,6,"74,9207","-0,4069","209,1522","2,7916","222,6563"
2026 02 02 10:57:12:774,-3.9675,-6.78875,"1,183",46,6,"74,9207","-0,4069","209,1522","2,7916","226,5625"
2026 02 02 10:57:12:776,-3.9675,-6.78875,"1,183",46,6,"74,9207","-0,4069","209,1522","2,7916","218,75"
2026 02 02 10:57:12:778,-3.9675,-6.78875,"1,183",46,6,"74,9207","-0,4069","209,1522","2,7916","218,75"
2026 02 02 10:57:12:780,-3.9675,-6.78875,"1,183",46,6,"74,9207","-0,4069","209,1522","2,7916","222,6563"
2026 02 02 10:57:12:782,-3.9675,-6.78875,"1,183",46,6,"74,9207","-0,4069","209,1522","2,7916",250
2026 02 02 10:57:12:784,-3.9675,-6.78875,"1,183",46,6,"74,9207","-0,4069","209,1522","2,7916","222,6563"
2026 02 02 10:57:12:786,-3.9985,-6.70125,"1,183",46,6,"74,9207","-0,4069","209,1522","2,7916","214,8438"
2026 02 02 10:57:12:788,-3.9985,-6.78875,"1,183",46,6,"74,9207","-0,4069","209,1522","2,7916","199,2188"
2026 02 02 10:57:12:790,-3.9675,-6.78875,"1,183",46,6,"74,9207","-0,4069","209,1522","2,7916","207,0313"
2026 02 02 10:57:12:792,-3.9675,-6.78875,"1,183",46,6,"74,9207","-0,4069","209,1522","2,7916","210,9375"
2026 02 02 10:57:12:794,-3.9675,-6.78875,"1,183",46,6,"74,9207","-0,4069","209,1522","2,7916","214,8438"
2026 02 02 10:57:12:796,-3.9675,-6.78875,"1,183",46,6,"74,9207","-0,4069","209,1522","2,7916","210,9375"
2026 02 02 10:57:12:798,-3.9985,-6.61375,"1,183",46,6,"74,9207","-0,4069","209,1522","2,7916","214,8438"
2026 02 02 10:57:12:800,-3.9675,-6.87625,"1,183",46,6,"74,9207","-0,4069","209,1522","2,7916","210,9375"
2026 02 02 10:57:12:802,-3.9334,-6.70125,"1,183",46,6,"74,9207","-0,4069","209,1522","2,7916","242,1875"
2026 02 02 10:57:12:804,-3.9334,-6.78875,"1,183",46,6,"74,9207","-0,4069","209,1522","2,7916","214,8438"
2026 02 02 10:57:12:806,-3.9675,-6.87625,"1,183",46,6,"74,9207","-0,4069","209,1522","2,7916","207,0313"
2026 02 02 10:57:12:808,-3.9675,-6.78875,"1,183",46,6,"74,9207","-0,4069","209,1522","2,7916","191,4063"
2026 02 02 10:57:12:810,-3.9675,-6.70125,"1,183",46,6,"74,9207","-0,4069","209,1522","2,7916","207,0313"
2026 02 02 10:57:12:812,-3.9675,-6.78875,"1,183",46,6,"74,9207","-0,4069","209,1522","2,7916","203,125"
2026 02 02 10:57:12:814,-3.9675,-6.70125,"1,183",46,6,"74,9207","-0,4069","209,1522","2,7916","207,0313"
2026 02 02 10:57:12:816,-3.9985,-6.78875,"1,183",46,6,"74,9207","-0,4069","209,1522","2,7916","203,125"
2026 02 02 10:57:12:818,-3.9334,-6.78875,"1,183",46,6,"74,9207","-0,4069","209,1522","2,7916","203,125"
2026 02 02 10:57:12:820,-3.9675,-6.70125,"1,183",46,6,"74,9207","-0,4069","209,1522","2,7916","203,125"
2026 02 02 10:57:12:822,-3.9675,-6.78875,"1,183",46,6,"74,9207","-0,4069","209,1522","2,7916","234,375"
2026 02 02 10:57:12:824,-3.9675,-6.78875,"1,183",46,6,"74,9207","-0,4069","209,1522","2,7916","207,0313"
2026 02 02 10:57:12:826,-3.9675,-6.70125,"1,183",46,6,"74,9207","-0,4069","209,1522","2,7916","199,2188"
2026 02 02 10:57:12:828,-3.9675,-6.78875,"1,183",46,6,"74,9207","-0,4069","209,1522","2,7916","183,5938"
2026 02 02 10:57:12:830,-3.9675,-6.70125,"1,183",46,6,"74,9207","-0,4069","209,1522","2,7916","195,3125"
2026 02 02 10:57:12:832,-3.9675,-6.70125,"1,183",46,6,"74,9207","-0,4069","209,1522","2,7916","195,3125"
2026 02 02 10:57:12:834,-3.9985,-6.78875,"1,183",46,6,"74,9207","-0,4069","209,1522","2,7916","195,3125"
2026 02 02 10:57:12:836,-3.9985,-6.70125,"1,183",46,6,"74,9207","-0,4069","209,1522","2,7916","195,3125"
2026 02 02 10:57:12:838,-3.9675,-6.78875,"1,183",46,6,"74,9207","-0,4069","209,1522","2,7916","191,4063"
2026 02 02 10:57:12:840,-3.9334,-6.78875,"1,183",46,6,"74,9207","-0,4069","209,1522","2,7916","195,3125"
2026 02 02 10:57:12:842,-3.9675,-6.78875,"1,183",46,6,"74,9207","-0,4069","209,1522","2,7916","226,5625"
2026 02 02 10:57:12:844,-3.9675,-6.78875,"1,183",46,6,"74,9207","-0,4069","209,1522","2,7916","199,2188"
2026 02 02 10:57:12:846,-3.9675,-6.78875,"1,183",46,6,"74,9207","-0,4069","209,1522","2,7916","191,4063"
2026 02 02 10:57:12:848,-3.9675,-6.78875,"1,183",46,6,"74,9207","-0,4069","209,1522","2,7916","175,7813"
2026 02 02 10:57:12:850,-3.9675,-6.78875,"1,183",46,6,"74,9207","-0,4069","209,1522","2,7916","175,7813"
2026 02 02 10:57:12:852,-3.9675,-6.70125,"1,183",46,6,"74,9207","-0,4069","209,1522","2,7916","187,5"
2026 02 02 10:57:12:854,-3.9985,-6.78875,"1,183",46,6,"74,9207","-0,4069","209,1522","2,7916","187,5"
2026 02 02 10:57:12:856,-3.9675,-6.70125,"1,183",46,6,"74,9207","-0,4069","209,1522","2,7916","187,5"
2026 02 02 10:57:12:858,-3.9675,-6.70125,"1,183",46,6,"74,9207","-0,4069","209,1522","2,7916","183,5938"
2026 02 02 10:57:12:860,-3.9985,-6.78875,"1,183",46,6,"74,9207","-0,4069","209,1522","2,7916","183,5938"
2026 02 02 10:57:12:862,-3.9334,-6.78875,"1,183",46,6,"74,9207","-0,4069","209,1522","2,7916","218,75"
2026 02 02 10:57:12:864,-3.9675,-6.70125,"1,183",46,6,"74,9207","-0,4069","209,1522","2,7916","187,5"
2026 02 02 10:57:12:866,-3.9675,-6.78875,"1,183",46,6,"74,9207","-0,4069","209,1522","2,7916","179,6875"
2026 02 02 10:57:12:868,-3.9675,-6.78875,"1,183",46,6,"74,9207","-0,4069","209,1522","2,7916","167,9688"
2026 02 02 10:57:12:870,-3.9675,-6.78875,"1,183",46,6,"74,9207","-0,4069","209,1522","2,7916","160,1563"
2026 02 02 10:57:12:872,-3.9675,-6.70125,"1,183",46,6,"74,9207","-0,4069","209,1522","2,7916","179,6875"
2026 02 02 10:57:12:874,-3.9675,-6.78875,"1,183",46,6,"74,9207","-0,4069","209,1522","2,7916","179,6875"
2026 02 02 10:57:12:876,-3.9675,-6.78875,"1,183",46,6,"74,9207","-0,4069","209,1522","2,7916","175,7813"
2026 02 02 10:57:12:878,-3.9334,-6.70125,"1,183",46,6,"74,9207","-0,4069","209,1522","2,7916","175,7813"
2026 02 02 10:57:12:880,-3.9985,-6.78875,"1,183",46,6,"74,9207","-0,4069","209,1522","2,7916","175,7813"
2026 02 02 10:57:12:882,-3.9675,-6.70125,"1,183",46,6,"74,9207","-0,4069","209,1522","2,7916","207,0313"
2026 02 02 10:57:12:884,-3.9675,-6.70125,"1,183",46,6,"74,9207","-0,4069","209,1522","2,7916","179,6875"
2026 02 02 10:57:12:886,-3.9334,-6.78875,"1,183",46,6,"74,9207","-0,4069","209,1522","2,7916","171,875"
2026 02 02 10:57:12:888,-3.9334,-6.70125,"1,183",46,6,"74,9207","-0,4069","209,1522","2,7916","160,1563"
2026 02 02 10:57:12:890,-3.9675,-6.70125,"1,183",46,6,"74,9207","-0,4069","209,1522","2,7916","164,0625"
2026 02 02 10:57:12:892,-3.9675,-6.78875,"1,183",46,6,"74,9207","-0,4069","209,1522","2,7916","171,875"
2026 02 02 10:57:12:894,-3.9675,-6.70125,"1,183",46,6,"74,9207","-0,4069","209,1522","2,7916","164,0625"
2026 02 02 10:57:12:896,-3.9334,-6.70125,"1,183",46,6,"74,9207","-0,4069","209,1522","2,7916","171,875"
2026 02 02 10:57:12:898,-3.9985,-6.78875,"1,183",46,6,"74,9207","-0,4069","209,1522","2,7916","167,9688"
2026 02 02 10:57:12:900,-3.9675,-6.78875,"1,183",46,6,"74,9207","-0,4069","209,1522","2,7916","167,9688"
2026 02 02 10:57:12:902,-3.9675,-6.87625,"1,183",46,6,"74,9207","-0,4069","209,1522","2,7916","199,2188"
2026 02 02 10:57:12:904,-3.9675,-6.78875,"1,183",46,6,"74,9207","-0,4069","209,1522","2,7916","167,9688"
2026 02 02 10:57:12:906,-3.9985,-6.70125,"1,183",46,6,"74,9207","-0,4069","209,1522","2,7916","164,0625"
2026 02 02 10:57:12:908,-3.9675,-6.78875,"1,183",46,6,"74,9207","-0,4069","209,1522","2,7916","144,5313"
2026 02 02 10:57:12:910,-3.9985,-6.78875,"1,183",46,6,"74,9207","-0,4069","209,1522","2,7916","156,25"
2026 02 02 10:57:12:912,-3.9675,-6.78875,"1,183",46,6,"74,9207","-0,4069","209,1522","2,7916","164,0625"
2026 02 02 10:57:12:914,-3.9675,-6.70125,"1,183",46,6,"74,9207","-0,4069","209,1522","2,7916","164,0625"
2026 02 02 10:57:12:916,-3.9675,-6.70125,"1,183",46,6,"74,9207","-0,4069","209,1522","2,7916","156,25"
2026 02 02 10:57:12:918,-3.9334,-6.78875,"1,183",46,6,"74,9207","-0,4069","209,1522","2,7916","160,1563"
2026 02 02 10:57:12:920,-3.9675,-6.70125,"1,183",46,6,"74,9207","-0,4069","209,1522","2,7916","160,1563"
2026 02 02 10:57:12:922,-3.9334,-6.70125,"1,183",46,6,"74,9207","-0,4069","209,1522","2,7916","187,5"
2026 02 02 10:57:12:924,-3.9675,-6.70125,"1,183",46,6,"74,9207","-0,4069","209,1522","2,7916","164,0625"
2026 02 02 10:57:12:926,-3.9985,-6.70125,"1,183",46,6,"74,9207","-0,4069","209,1522","2,7916","156,25"
2026 02 02 10:57:12:928,-3.9334,-6.78875,"1,183",46,6,"74,9207","-0,4069","209,1522","2,7916","132,8125"
2026 02 02 10:57:12:930,-3.9334,-6.70125,"1,183",46,6,"74,9207","-0,4069","209,1522","2,7916","152,3438"
2026 02 02 10:57:12:932,-3.9334,-6.70125,"1,183",46,6,"74,9207","-0,4069","209,1522","2,7916","152,3438"
2026 02 02 10:57:12:934,-3.9334,-6.78875,"1,183",46,6,"74,9207","-0,4069","209,1522","2,7916","156,25"
2026 02 02 10:57:12:936,-3.9675,-6.70125,"1,183",46,6,"74,9207","-0,4069","209,1522","2,7916","152,3438"
2026 02 02 10:57:12:938,-3.9675,-6.70125,"1,183",46,6,"74,9207","-0,4069","209,1522","2,7916","152,3438"
2026 02 02 10:57:12:940,-3.9334,-6.78875,"1,183",46,6,"74,9207","-0,4069","209,1522","2,7916","156,25"
2026 02 02 10:57:12:942,-3.9675,-6.78875,"1,183",46,6,"74,9207","-0,4069","209,1522","2,7916","183,5938"
2026 02 02 10:57:12:944,-3.9675,-6.70125,"1,183",46,6,"74,9207","-0,4069","209,1522","2,7916","152,3438"
2026 02 02 10:57:12:946,-3.9985,-6.78875,"1,183",46,6,"74,9207","-0,4069","209,1522","2,7916","152,3438"
2026 02 02 10:57:12:948,-3.9675,-6.78875,"1,183",46,6,"74,9207","-0,4069","209,1522","2,7916","132,8125"
2026 02 02 10:57:12:950,-3.9985,-6.70125,"1,183",46,6,"74,9207","-0,4069","209,1522","2,7916","144,5313"
2026 02 02 10:57:12:952,-3.9675,-6.70125,"1,183",46,6,"74,9207","-0,4069","209,1522","2,7916","152,3438"
2026 02 02 10:57:12:954,-3.9675,-6.78875,"1,183",46,6,"74,9207","-0,4069","209,1522","2,7916","148,4375"
2026 02 02 10:57:12:956,-3.9675,-6.78875,"1,183",46,6,"74,9207","-0,4069","209,1522","2,7916","148,4375"
2026 02 02 10:57:12:958,-3.9675,-6.87625,"1,183",46,6,"74,9207","-0,4069","209,1522","2,7916","144,5313"
2026 02 02 10:57:12:960,-3.9675,-6.78875,"1,454",38,7,"46,051","-0,0261","152,8931","3,3201","144,5313"
2026 02 02 10:57:12:962,-3.9334,-6.78875,"1,454",38,7,"46,051","-0,0261","152,8931","3,3201","175,7813"
2026 02 02 10:57:12:964,-3.9675,-6.70125,"1,454",38,7,"46,051","-0,0261","152,8931","3,3201","148,4375"
2026 02 02 10:57:12:966,-3.9675,-6.70125,"1,454",38,7,"46,051","-0,0261","152,8931","3,3201","144,5313"
2026 02 02 10:57:12:968,-3.9675,-6.78875,"1,454",38,7,"46,051","-0,0261","152,8931","3,3201","128,9063"
2026 02 02 10:57:12:970,-3.9675,-6.78875,"1,454",38,7,"46,051","-0,0261","152,8931","3,3201","136,7188"
2026 02 02 10:57:12:972,-3.9985,-6.78875,"1,454",38,7,"46,051","-0,0261","152,8931","3,3201","140,625"
2026 02 02 10:57:12:974,-3.9675,-6.78875,"1,454",38,7,"46,051","-0,0261","152,8931","3,3201","140,625"
2026 02 02 10:57:12:976,-3.9675,-6.78875,"1,454",38,7,"46,051","-0,0261","152,8931","3,3201","132,8125"
2026 02 02 10:57:12:978,-3.9675,-6.78875,"1,454",38,7,"46,051","-0,0261","152,8931","3,3201","140,625"
2026 02 02 10:57:12:980,-3.9675,-6.70125,"1,454",38,7,"46,051","-0,0261","152,8931","3,3201","136,7188"
2026 02 02 10:57:12:982,-3.9675,-6.70125,"1,454",38,7,"46,051","-0,0261","152,8931","3,3201","167,9688"
2026 02 02 10:57:12:984,-3.9675,-6.70125,"1,454",38,7,"46,051","-0,0261","152,8931","3,3201","148,4375"
2026 02 02 10:57:12:986,-3.9675,-6.70125,"1,454",38,7,"46,051","-0,0261","152,8931","3,3201","132,8125"
2026 02 02 10:57:12:988,-3.9675,-6.70125,"1,454",38,7,"46,051","-0,0261","152,8931","3,3201",125
2026 02 02 10:57:12:990,-3.9675,-6.78875,"1,454",38,7,"46,051","-0,0261","152,8931","3,3201","128,9063"
2026 02 02 10:57:12:992,-3.9334,-6.78875,"1,454",38,7,"46,051","-0,0261","152,8931","3,3201","132,8125"
2026 02 02 10:57:12:994,-3.9675,-6.78875,"1,454",38,7,"46,051","-0,0261","152,8931","3,3201","128,9063"
2026 02 02 10:57:12:996,-3.9675,-6.78875,"1,454",38,7,"46,051","-0,0261","152,8931","3,3201",125
2026 02 02 10:57:12:998,-3.9675,-6.70125,"1,454",38,7,"46,051","-0,0261","152,8931","3,3201","132,8125"
2026 02 02 10:57:13:000,-3.9675,-6.78875,"1,454",38,7,"46,051","-0,0261","152,8931","3,3201","128,9063"
2026 02 02 10:57:13:002,-3.9675,-6.70125,"1,454",38,7,"46,051","-0,0261","152,8931","3,3201","160,1563"
2026 02 02 10:57:13:004,-3.9985,-6.78875,"1,454",38,7,"46,051","-0,0261","152,8931","3,3201","136,7188"
2026 02 02 10:57:13:006,-3.9675,-6.78875,"1,454",38,7,"46,051","-0,0261","152,8931","3,3201",125
2026 02 02 10:57:13:008,-3.9675,-6.78875,"1,454",38,7,"46,051","-0,0261","152,8931","3,3201","113,2813"
2026 02 02 10:57:13:010,-3.9675,-6.78875,"1,454",38,7,"46,051","-0,0261","152,8931","3,3201","121,0938"
2026 02 02 10:57:13:012,-3.9675,-6.70125,"1,454",38,7,"46,051","-0,0261","152,8931","3,3201",125
2026 02 02 10:57:13:014,-3.9675,-6.78875,"1,454",38,7,"46,051","-0,0261","152,8931","3,3201",125
2026 02 02 10:57:13:016,-3.9985,-6.70125,"1,454",38,7,"46,051","-0,0261","152,8931","3,3201",125
2026 02 02 10:57:13:018,-3.9675,-6.61375,"1,454",38,7,"46,051","-0,0261","152,8931","3,3201",125
2026 02 02 10:57:13:020,-3.9675,-6.78875,"1,454",38,7,"46,051","-0,0261","152,8931","3,3201",125
2026 02 02 10:57:13:022,-3.9675,-6.70125,"1,454",38,7,"46,051","-0,0261","152,8931","3,3201","152,3438"
2026 02 02 10:57:13:024,-3.9675,-6.70125,"1,454",38,7,"46,051","-0,0261","152,8931","3,3201",125
2026 02 02 10:57:13:026,-3.9675,-6.70125,"1,454",38,7,"46,051","-0,0261","152,8931","3,3201","121,0938"
2026 02 02 10:57:13:028,-3.9675,-6.78875,"1,454",38,7,"46,051","-0,0261","152,8931","3,3201","105,4688"
2026 02 02 10:57:13:030,-3.9675,-6.78875,"1,454",38,7,"46,051","-0,0261","152,8931","3,3201","113,2813"
2026 02 02 10:57:13:032,-3.9675,-6.78875,"1,454",38,7,"46,051","-0,0261","152,8931","3,3201","121,0938"
2026 02 02 10:57:13:034,-3.9675,-6.78875,"1,454",38,7,"46,051","-0,0261","152,8931","3,3201","117,1875"
2026 02 02 10:57:13:036,-3.9985,-6.78875,"1,454",38,7,"46,051","-0,0261","152,8931","3,3201","113,2813"
2026 02 02 10:57:13:038,-3.9675,-6.78875,"1,454",38,7,"46,051","-0,0261","152,8931","3,3201","121,0938"
2026 02 02 10:57:13:040,-3.9985,-6.70125,"1,454",38,7,"46,051","-0,0261","152,8931","3,3201","113,2813"
2026 02 02 10:57:13:042,-3.9675,-6.78875,"1,454",38,7,"46,051","-0,0261","152,8931","3,3201","136,7188"
2026 02 02 10:57:13:044,-3.9675,-6.78875,"1,454",38,7,"46,051","-0,0261","152,8931","3,3201","113,2813"
2026 02 02 10:57:13:046,-3.9675,-6.78875,"1,454",38,7,"46,051","-0,0261","152,8931","3,3201","109,375"
2026 02 02 10:57:13:048,-3.9334,-6.87625,"1,454",38,7,"46,051","-0,0261","152,8931","3,3201","93,75"
2026 02 02 10:57:13:050,-3.9985,-6.70125,"1,454",38,7,"46,051","-0,0261","152,8931","3,3201","109,375"
2026 02 02 10:57:13:052,-3.9675,-6.78875,"1,454",38,7,"46,051","-0,0261","152,8931","3,3201","113,2813"
2026 02 02 10:57:13:054,-3.9675,-6.78875,"1,454",38,7,"46,051","-0,0261","152,8931","3,3201","109,375"
2026 02 02 10:57:13:056,-3.9334,-6.70125,"1,454",38,7,"46,051","-0,0261","152,8931","3,3201","105,4688"
2026 02 02 10:57:13:058,-3.9675,-6.78875,"1,454",38,7,"46,051","-0,0261","152,8931","3,3201","109,375"
2026 02 02 10:57:13:060,-3.9334,-6.78875,"1,454",38,7,"46,051","-0,0261","152,8931","3,3201","109,375"
2026 02 02 10:57:13:062,-3.9675,-6.70125,"1,454",38,7,"46,051","-0,0261","152,8931","3,3201","136,7188"
2026 02 02 10:57:13:064,-3.9675,-6.70125,"1,454",38,7,"46,051","-0,0261","152,8931","3,3201","113,2813"
2026 02 02 10:57:13:066,-3.9675,-6.78875,"1,454",38,7,"46,051","-0,0261","152,8931","3,3201","105,4688"
2026 02 02 10:57:13:068,-3.9675,-6.70125,"1,454",38,7,"46,051","-0,0261","152,8931","3,3201","85,9375"
2026 02 02 10:57:13:070,-3.9985,-6.70125,"1,454",38,7,"46,051","-0,0261","152,8931","3,3201","101,5625"
2026 02 02 10:57:13:072,-3.9675,-6.78875,"1,454",38,7,"46,051","-0,0261","152,8931","3,3201","105,4688"
2026 02 02 10:57:13:074,-3.9985,-6.70125,"1,454",38,7,"46,051","-0,0261","152,8931","3,3201","105,4688"
2026 02 02 10:57:13:076,-3.9675,-6.70125,"1,454",38,7,"46,051","-0,0261","152,8931","3,3201","101,5625"
2026 02 02 10:57:13:078,-3.9675,-6.70125,"1,454",38,7,"46,051","-0,0261","152,8931","3,3201","109,375"
2026 02 02 10:57:13:080,-3.9334,-6.70125,"1,454",38,7,"46,051","-0,0261","152,8931","3,3201","97,6563"
2026 02 02 10:57:13:082,-3.9675,-6.78875,"1,454",38,7,"46,051","-0,0261","152,8931","3,3201","132,8125"
2026 02 02 10:57:13:084,-3.9675,-6.78875,"1,454",38,7,"46,051","-0,0261","152,8931","3,3201","105,4688"
2026 02 02 10:57:13:086,-3.9675,-6.70125,"1,454",38,7,"46,051","-0,0261","152,8931","3,3201","97,6563"
2026 02 02 10:57:13:088,-3.9675,-6.78875,"1,454",38,7,"46,051","-0,0261","152,8931","3,3201","85,9375"
2026 02 02 10:57:13:090,-3.9985,-6.78875,"1,454",38,7,"46,051","-0,0261","152,8931","3,3201","93,75"
2026 02 02 10:57:13:092,-3.9334,-6.78875,"1,454",38,7,"46,051","-0,0261","152,8931","3,3201","97,6563"
2026 02 02 10:57:13:094,-3.9675,-6.78875,"1,454",38,7,"46,051","-0,0261","152,8931","3,3201","97,6563"
2026 02 02 10:57:13:096,-3.9985,-6.87625,"1,454",38,7,"46,051","-0,0261","152,8931","3,3201","101,5625"
2026 02 02 10:57:13:098,-3.9675,-6.70125,"1,454",38,7,"46,051","-0,0261","152,8931","3,3201","93,75"
2026 02 02 10:57:13:100,-3.9675,-6.70125,"1,454",38,7,"46,051","-0,0261","152,8931","3,3201","97,6563"
2026 02 02 10:57:13:102,-3.9675,-6.78875,"1,454",38,7,"46,051","-0,0261","152,8931","3,3201","128,9063"
2026 02 02 10:57:13:104,-3.9675,-6.70125,"1,454",38,7,"46,051","-0,0261","152,8931","3,3201","105,4688"
2026 02 02 10:57:13:106,-3.9985,-6.70125,"1,454",38,7,"46,051","-0,0261","152,8931","3,3201","93,75"
2026 02 02 10:57:13:108,-3.9675,-6.78875,"1,454",38,7,"46,051","-0,0261","152,8931","3,3201","82,0313"
2026 02 02 10:57:13:110,-3.9675,-6.70125,"1,454",38,7,"46,051","-0,0261","152,8931","3,3201","89,8438"
2026 02 02 10:57:13:112,-3.9675,-6.78875,"1,454",38,7,"46,051","-0,0261","152,8931","3,3201","89,8438"
2026 02 02 10:57:13:114,-3.9675,-6.78875,"1,454",38,7,"46,051","-0,0261","152,8931","3,3201","93,75"
2026 02 02 10:57:13:116,-3.9675,-6.70125,"1,454",38,7,"46,051","-0,0261","152,8931","3,3201","89,8438"
2026 02 02 10:57:13:118,-3.9985,-6.78875,"1,454",38,7,"46,051","-0,0261","152,8931","3,3201","89,8438"
2026 02 02 10:57:13:120,-3.9334,-6.70125,"1,454",38,7,"46,051","-0,0261","152,8931","3,3201","85,9375"
2026 02 02 10:57:13:122,-3.9675,-6.78875,"1,454",38,7,"46,051","-0,0261","152,8931","3,3201","121,0938"
2026 02 02 10:57:13:124,-3.9675,-6.70125,"1,454",38,7,"46,051","-0,0261","152,8931","3,3201","97,6563"
2026 02 02 10:57:13:126,-3.9675,-6.70125,"1,454",38,7,"46,051","-0,0261","152,8931","3,3201","85,9375"
2026 02 02 10:57:13:128,-3.9675,-6.78875,"1,454",38,7,"46,051","-0,0261","152,8931","3,3201","70,3125"
2026 02 02 10:57:13:130,-3.9675,-6.78875,"1,454",38,7,"46,051","-0,0261","152,8931","3,3201","85,9375"
2026 02 02 10:57:13:132,-3.9675,-6.78875,"1,454",38,7,"46,051","-0,0261","152,8931","3,3201","85,9375"
2026 02 02 10:57:13:134,-3.9675,-6.78875,"1,454",38,7,"46,051","-0,0261","152,8931","3,3201","93,75"
2026 02 02 10:57:13:136,-3.9334,-6.78875,"1,454",38,7,"46,051","-0,0261","152,8931","3,3201","85,9375"
2026 02 02 10:57:13:138,-3.9675,-6.78875,"1,454",38,7,"46,051","-0,0261","152,8931","3,3201","85,9375"
2026 02 02 10:57:13:140,-3.9334,-6.78875,"1,454",38,7,"46,051","-0,0261","152,8931","3,3201","82,0313"
2026 02 02 10:57:13:142,-3.9985,-6.78875,"1,454",38,7,"46,051","-0,0261","152,8931","3,3201","121,0938"
2026 02 02 10:57:13:144,-3.9985,-6.70125,"1,454",38,7,"46,051","-0,0261","152,8931","3,3201","89,8438"
2026 02 02 10:57:13:146,-3.9985,-6.70125,"1,454",38,7,"46,051","-0,0261","152,8931","3,3201","78,125"
2026 02 02 10:57:13:148,-3.9985,-6.70125,"1,454",38,7,"46,051","-0,0261","152,8931","3,3201","70,3125"
2026 02 02 10:57:13:150,-3.9675,-6.70125,"1,454",38,7,"46,051","-0,0261","152,8931","3,3201","78,125"
2026 02 02 10:57:13:152,-3.9675,-6.70125,"1,454",38,7,"46,051","-0,0261","152,8931","3,3201","74,2188"
2026 02 02 10:57:13:154,-3.9985,-6.70125,"1,454",38,7,"46,051","-0,0261","152,8931","3,3201","82,0313"
2026 02 02 10:57:13:156,-3.9675,-6.78875,"1,454",38,7,"46,051","-0,0261","152,8931","3,3201","82,0313"
2026 02 02 10:57:13:158,-3.9675,-6.78875,"1,454",38,7,"46,051","-0,0261","152,8931","3,3201","78,125"
2026 02 02 10:57:13:160,-3.9334,-6.70125,"1,454",38,7,"46,051","-0,0261","152,8931","3,3201","78,125"
2026 02 02 10:57:13:162,-3.9675,-6.78875,"1,454",38,7,"46,051","-0,0261","152,8931","3,3201","109,375"
2026 02 02 10:57:13:164,-3.9675,-6.61375,"1,454",38,7,"46,051","-0,0261","152,8931","3,3201","82,0313"
2026 02 02 10:57:13:166,-3.9334,-6.78875,"1,454",38,7,"46,051","-0,0261","152,8931","3,3201","74,2188"
2026 02 02 10:57:13:168,-3.9334,-6.78875,"1,454",38,7,"46,051","-0,0261","152,8931","3,3201","66,4063"
2026 02 02 10:57:13:170,-3.9985,-6.70125,"1,454",38,7,"46,051","-0,0261","152,8931","3,3201","70,3125"
2026 02 02 10:57:13:172,-3.9675,-6.78875,"1,454",38,7,"46,051","-0,0261","152,8931","3,3201","74,2188"
2026 02 02 10:57:13:174,-3.9675,-6.78875,"1,454",38,7,"46,051","-0,0261","152,8931","3,3201","74,2188"
2026 02 02 10:57:13:176,-3.9675,-6.78875,"1,454",38,7,"46,051","-0,0261","152,8931","3,3201","74,2188"
2026 02 02 10:57:13:178,-3.9675,-6.70125,"1,454",38,7,"46,051","-0,0261","152,8931","3,3201","74,2188"
2026 02 02 10:57:13:180,-3.9675,-6.70125,"1,454",38,7,"46,051","-0,0261","152,8931","3,3201","70,3125"
2026 02 02 10:57:13:182,-3.9675,-6.78875,"1,454",38,7,"46,051","-0,0261","152,8931","3,3201","105,4688"
2026 02 02 10:57:13:184,-3.9675,-6.78875,"1,454",38,7,"46,051","-0,0261","152,8931","3,3201","78,125"
2026 02 02 10:57:13:186,-3.9334,-6.78875,"1,454",38,7,"46,051","-0,0261","152,8931","3,3201","74,2188"
2026 02 02 10:57:13:188,-3.9675,-6.78875,"1,454",38,7,"46,051","-0,0261","152,8931","3,3201","50,7813"
2026 02 02 10:57:13:190,-3.9334,-6.78875,"1,454",38,7,"46,051","-0,0261","152,8931","3,3201","70,3125"
2026 02 02 10:57:13:192,-3.9985,-6.70125,"1,454",38,7,"46,051","-0,0261","152,8931","3,3201","70,3125"
2026 02 02 10:57:13:194,-3.9985,-6.78875,"1,454",38,7,"46,051","-0,0261","152,8931","3,3201","66,4063"
2026 02 02 10:57:13:196,-3.9675,-6.78875,"1,454",38,7,"46,051","-0,0261","152,8931","3,3201","70,3125"
2026 02 02 10:57:13:198,-3.9675,-6.78875,"1,454",38,7,"46,051","-0,0261","152,8931","3,3201","70,3125"
2026 02 02 10:57:13:200,-3.9675,-6.70125,"1,454",38,7,"46,051","-0,0261","152,8931","3,3201","66,4063"
2026 02 02 10:57:13:202,-3.9675,-6.70125,"1,454",38,7,"46,051","-0,0261","152,8931","3,3201","97,6563"
2026 02 02 10:57:13:204,-3.9675,-6.78875,"1,454",38,7,"46,051","-0,0261","152,8931","3,3201","70,3125"
2026 02 02 10:57:13:206,-3.9675,-6.70125,"1,454",38,7,"46,051","-0,0261","152,8931","3,3201","70,3125"
2026 02 02 10:57:13:208,-3.9985,-6.70125,"1,454",38,7,"46,051","-0,0261","152,8931","3,3201","46,875"
2026 02 02 10:57:13:210,-3.9675,-6.70125,"1,454",38,7,"46,051","-0,0261","152,8931","3,3201","62,5"
2026 02 02 10:57:13:212,-3.9675,-6.78875,"1,454",38,7,"46,051","-0,0261","152,8931","3,3201","62,5"
2026 02 02 10:57:13:214,-3.9675,-6.70125,"1,454",38,7,"46,051","-0,0261","152,8931","3,3201","62,5"
2026 02 02 10:57:13:216,-3.9675,-6.70125,"1,454",38,7,"46,051","-0,0261","152,8931","3,3201","66,4063"
2026 02 02 10:57:13:218,-3.9675,-6.78875,"1,454",38,7,"46,051","-0,0261","152,8931","3,3201","62,5"
2026 02 02 10:57:13:220,-3.9675,-6.70125,"1,454",38,7,"46,051","-0,0261","152,8931","3,3201","66,4063"
2026 02 02 10:57:13:222,-3.9675,-6.70125,"1,454",38,7,"46,051","-0,0261","152,8931","3,3201","93,75"
2026 02 02 10:57:13:224,-3.9675,-6.78875,"1,454",38,7,"46,051","-0,0261","152,8931","3,3201","66,4063"
2026 02 02 10:57:13:226,-3.9675,-6.70125,"1,454",38,7,"46,051","-0,0261","152,8931","3,3201","66,4063"
2026 02 02 10:57:13:228,-3.9675,-6.70125,"1,454",38,7,"46,051","-0,0261","152,8931","3,3201","42,9688"
2026 02 02 10:57:13:230,-3.9675,-6.78875,"1,454",38,7,"46,051","-0,0261","152,8931","3,3201","54,6875"
2026 02 02 10:57:13:232,-3.9675,-6.78875,"1,454",38,7,"46,051","-0,0261","152,8931","3,3201","62,5"
2026 02 02 10:57:13:234,-3.9334,-6.78875,"1,454",38,7,"46,051","-0,0261","152,8931","3,3201","62,5"
2026 02 02 10:57:13:236,-3.9675,-6.70125,"1,454",38,7,"46,051","-0,0261","152,8931","3,3201","62,5"
2026 02 02 10:57:13:238,-3.9675,-6.70125,"1,454",38,7,"46,051","-0,0261","152,8931","3,3201","58,5938"
2026 02 02 10:57:13:240,-3.9675,-6.78875,"1,454",38,7,"46,051","-0,0261","152,8931","3,3201","58,5938"
2026 02 02 10:57:13:242,-3.9675,-6.78875,"1,454",38,7,"46,051","-0,0261","152,8931","3,3201","89,8438"
2026 02 02 10:57:13:244,-3.9334,-6.78875,"1,454",38,7,"46,051","-0,0261","152,8931","3,3201","66,4063"
2026 02 02 10:57:13:246,-3.9675,-6.78875,"1,454",38,7,"46,051","-0,0261","152,8931","3,3201","62,5"
2026 02 02 10:57:13:248,-3.9675,-6.78875,"1,454",38,7,"46,051","-0,0261","152,8931","3,3201","46,875"
2026 02 02 10:57:13:250,-3.9675,-6.78875,"1,454",38,7,"46,051","-0,0261","152,8931","3,3201","54,6875"
2026 02 02 10:57:13:252,-3.9675,-6.70125,"1,454",38,7,"46,051","-0,0261","152,8931","3,3201","54,6875"
2026 02 02 10:57:13:254,-3.9675,-6.78875,"1,454",38,7,"46,051","-0,0261","152,8931","3,3201","54,6875"
2026 02 02 10:57:13:256,-3.9334,-6.70125,"1,454",38,7,"46,051","-0,0261","152,8931","3,3201","62,5"
2026 02 02 10:57:13:258,-3.9675,-6.70125,"1,454",38,7,"46,051","-0,0261","152,8931","3,3201","54,6875"
2026 02 02 10:57:13:260,-3.9675,-6.78875,"1,265",14,7,"82,489","-1,1122","206,0394","2,4978","58,5938"
2026 02 02 10:57:13:262,-3.9675,-6.87625,"1,265",14,7,"82,489","-1,1122","206,0394","2,4978","85,9375"
2026 02 02 10:57:13:264,-3.9675,-6.70125,"1,265",14,7,"82,489","-1,1122","206,0394","2,4978","66,4063"
2026 02 02 10:57:13:266,-3.9985,-6.78875,"1,265",14,7,"82,489","-1,1122","206,0394","2,4978","50,7813"
2026 02 02 10:57:13:268,-3.9675,-6.70125,"1,265",14,7,"82,489","-1,1122","206,0394","2,4978","42,9688"
2026 02 02 10:57:13:270,-3.9675,-6.78875,"1,265",14,7,"82,489","-1,1122","206,0394","2,4978","46,875"
2026 02 02 10:57:13:272,-3.9675,-6.78875,"1,265",14,7,"82,489","-1,1122","206,0394","2,4978","50,7813"
2026 02 02 10:57:13:274,-3.9675,-6.78875,"1,265",14,7,"82,489","-1,1122","206,0394","2,4978","50,7813"
2026 02 02 10:57:13:276,-3.9675,-6.78875,"1,265",14,7,"82,489","-1,1122","206,0394","2,4978","50,7813"
2026 02 02 10:57:13:278,-3.9675,-6.61375,"1,265",14,7,"82,489","-1,1122","206,0394","2,4978","46,875"
2026 02 02 10:57:13:280,-3.9675,-6.78875,"1,265",14,7,"82,489","-1,1122","206,0394","2,4978","50,7813"
2026 02 02 10:57:13:282,-3.9675,-6.78875,"1,265",14,7,"82,489","-1,1122","206,0394","2,4978","78,125"
2026 02 02 10:57:13:284,-3.9675,-6.70125,"1,265",14,7,"82,489","-1,1122","206,0394","2,4978","58,5938"
2026 02 02 10:57:13:286,-3.9675,-6.70125,"1,265",14,7,"82,489","-1,1122","206,0394","2,4978","50,7813"
2026 02 02 10:57:13:288,-3.9675,-6.78875,"1,265",14,7,"82,489","-1,1122","206,0394","2,4978","35,1563"
2026 02 02 10:57:13:290,-3.9334,-6.70125,"1,265",14,7,"82,489","-1,1122","206,0394","2,4978","42,9688"
2026 02 02 10:57:13:292,-3.9675,-6.78875,"1,265",14,7,"82,489","-1,1122","206,0394","2,4978","46,875"
2026 02 02 10:57:13:294,-3.9985,-6.70125,"1,265",14,7,"82,489","-1,1122","206,0394","2,4978","46,875"
2026 02 02 10:57:13:296,-3.9675,-6.78875,"1,265",14,7,"82,489","-1,1122","206,0394","2,4978","42,9688"
2026 02 02 10:57:13:298,-3.9675,-6.78875,"1,265",14,7,"82,489","-1,1122","206,0394","2,4978","42,9688"
2026 02 02 10:57:13:300,-3.9334,-6.78875,"1,265",14,7,"82,489","-1,1122","206,0394","2,4978","46,875"
2026 02 02 10:57:13:302,-3.9675,-6.70125,"1,265",14,7,"82,489","-1,1122","206,0394","2,4978","70,3125"
2026 02 02 10:57:13:304,-3.9675,-6.78875,"1,265",14,7,"82,489","-1,1122","206,0394","2,4978","46,875"
2026 02 02 10:57:13:306,-3.9985,-6.78875,"1,265",14,7,"82,489","-1,1122","206,0394","2,4978","46,875"
2026 02 02 10:57:13:308,-3.9675,-6.78875,"1,265",14,7,"82,489","-1,1122","206,0394","2,4978","23,4375"
2026 02 02 10:57:13:310,-3.9985,-6.78875,"1,265",14,7,"82,489","-1,1122","206,0394","2,4978","39,0625"
2026 02 02 10:57:13:312,-3.9675,-6.70125,"1,265",14,7,"82,489","-1,1122","206,0394","2,4978","42,9688"
2026 02 02 10:57:13:314,-3.9675,-6.78875,"1,265",14,7,"82,489","-1,1122","206,0394","2,4978","42,9688"
2026 02 02 10:57:13:316,-3.9675,-6.78875,"1,265",14,7,"82,489","-1,1122","206,0394","2,4978","39,0625"
2026 02 02 10:57:13:318,-3.9334,-6.78875,"1,265",14,7,"82,489","-1,1122","206,0394","2,4978","39,0625"
2026 02 02 10:57:13:320,-3.9675,-6.70125,"1,265",14,7,"82,489","-1,1122","206,0394","2,4978","39,0625"
2026 02 02 10:57:13:322,-3.9675,-6.70125,"1,265",14,7,"82,489","-1,1122","206,0394","2,4978","66,4063"
2026 02 02 10:57:13:324,-3.9985,-6.70125,"1,265",14,7,"82,489","-1,1122","206,0394","2,4978","46,875"
2026 02 02 10:57:13:326,-3.9675,-6.78875,"1,265",14,7,"82,489","-1,1122","206,0394","2,4978","39,0625"
2026 02 02 10:57:13:328,-3.9675,-6.87625,"1,265",14,7,"82,489","-1,1122","206,0394","2,4978","19,5313"
2026 02 02 10:57:13:330,-3.9675,-6.70125,"1,265",14,7,"82,489","-1,1122","206,0394","2,4978","35,1563"
2026 02 02 10:57:13:332,-3.9675,-6.78875,"1,265",14,7,"82,489","-1,1122","206,0394","2,4978","39,0625"
2026 02 02 10:57:13:334,-3.9675,-6.78875,"1,265",14,7,"82,489","-1,1122","206,0394","2,4978","39,0625"
2026 02 02 10:57:13:336,-3.9334,-6.70125,"1,265",14,7,"82,489","-1,1122","206,0394","2,4978","39,0625"
2026 02 02 10:57:13:338,-3.9675,-6.70125,"1,265",14,7,"82,489","-1,1122","206,0394","2,4978","39,0625"
2026 02 02 10:57:13:340,-3.9334,-6.78875,"1,265",14,7,"82,489","-1,1122","206,0394","2,4978","39,0625"
2026 02 02 10:57:13:342,-3.9334,-6.78875,"1,265",14,7,"82,489","-1,1122","206,0394","2,4978","62,5"
2026 02 02 10:57:13:344,-3.9334,-6.78875,"1,265",14,7,"82,489","-1,1122","206,0394","2,4978","42,9688"
2026 02 02 10:57:13:346,-3.9675,-6.78875,"1,265",14,7,"82,489","-1,1122","206,0394","2,4978","39,0625"
2026 02 02 10:57:13:348,-3.9675,-6.70125,"1,265",14,7,"82,489","-1,1122","206,0394","2,4978","19,5313"
2026 02 02 10:57:13:350,-3.9675,-6.70125,"1,265",14,7,"82,489","-1,1122","206,0394","2,4978","31,25"
2026 02 02 10:57:13:352,-3.9675,-6.78875,"1,265",14,7,"82,489","-1,1122","206,0394","2,4978","35,1563"
2026 02 02 10:57:13:354,-3.9675,-6.70125,"1,265",14,7,"82,489","-1,1122","206,0394","2,4978","31,25"
2026 02 02 10:57:13:356,-3.9675,-6.70125,"1,265",14,7,"82,489","-1,1122","206,0394","2,4978","35,1563"
2026 02 02 10:57:13:358,-3.9675,-6.78875,"1,265",14,7,"82,489","-1,1122","206,0394","2,4978","35,1563"
2026 02 02 10:57:13:360,-3.9985,-6.78875,"1,265",14,7,"82,489","-1,1122","206,0394","2,4978","31,25"
2026 02 02 10:57:13:362,-3.9675,-6.70125,"1,265",14,7,"82,489","-1,1122","206,0394","2,4978","58,5938"
2026 02 02 10:57:13:364,-3.9985,-6.70125,"1,265",14,7,"82,489","-1,1122","206,0394","2,4978","42,9688"
2026 02 02 10:57:13:366,-3.9334,-6.70125,"1,265",14,7,"82,489","-1,1122","206,0394","2,4978","31,25"
2026 02 02 10:57:13:368,-3.9675,-6.78875,"1,265",14,7,"82,489","-1,1122","206,0394","2,4978","11,7188"
2026 02 02 10:57:13:370,-3.9985,-6.70125,"1,265",14,7,"82,489","-1,1122","206,0394","2,4978","27,3438"
2026 02 02 10:57:13:372,-3.9675,-6.70125,"1,265",14,7,"82,489","-1,1122","206,0394","2,4978","31,25"
2026 02 02 10:57:13:374,-3.9675,-6.70125,"1,265",14,7,"82,489","-1,1122","206,0394","2,4978","31,25"
2026 02 02 10:57:13:376,-3.9675,-6.78875,"1,265",14,7,"82,489","-1,1122","206,0394","2,4978","27,3438"
2026 02 02 10:57:13:378,-3.9985,-6.87625,"1,265",14,7,"82,489","-1,1122","206,0394","2,4978","31,25"
2026 02 02 10:57:13:380,-3.9675,-6.70125,"1,265",14,7,"82,489","-1,1122","206,0394","2,4978","27,3438"
2026 02 02 10:57:13:382,-3.9985,-6.70125,"1,265",14,7,"82,489","-1,1122","206,0394","2,4978","54,6875"
2026 02 02 10:57:13:384,-3.9675,-6.78875,"1,265",14,7,"82,489","-1,1122","206,0394","2,4978","39,0625"
2026 02 02 10:57:13:386,-3.9985,-6.78875,"1,265",14,7,"82,489","-1,1122","206,0394","2,4978","27,3438"
2026 02 02 10:57:13:388,-3.9985,-6.78875,"1,265",14,7,"82,489","-1,1122","206,0394","2,4978","7,8125"
2026 02 02 10:57:13:390,-3.9985,-6.78875,"1,265",14,7,"82,489","-1,1122","206,0394","2,4978","23,4375"
2026 02 02 10:57:13:392,-3.9675,-6.70125,"1,265",14,7,"82,489","-1,1122","206,0394","2,4978","23,4375"
2026 02 02 10:57:13:394,-3.9675,-6.78875,"1,265",14,7,"82,489","-1,1122","206,0394","2,4978","23,4375"
2026 02 02 10:57:13:396,-3.9675,-6.78875,"1,265",14,7,"82,489","-1,1122","206,0394","2,4978","27,3438"
2026 02 02 10:57:13:398,-3.9675,-6.78875,"1,265",14,7,"82,489","-1,1122","206,0394","2,4978","27,3438"
2026 02 02 10:57:13:400,-3.9334,-6.70125,"1,265",14,7,"82,489","-1,1122","206,0394","2,4978","23,4375"
2026 02 02 10:57:13:402,-3.9675,-6.70125,"1,265",14,7,"82,489","-1,1122","206,0394","2,4978","50,7813"
2026 02 02 10:57:13:404,-3.9334,-6.78875,"1,265",14,7,"82,489","-1,1122","206,0394","2,4978","35,1563"
2026 02 02 10:57:13:406,-3.9985,-6.70125,"1,265",14,7,"82,489","-1,1122","206,0394","2,4978","23,4375"
2026 02 02 10:57:13:408,-3.9334,-6.78875,"1,265",14,7,"82,489","-1,1122","206,0394","2,4978","7,8125"
2026 02 02 10:57:13:410,-3.9675,-6.78875,"1,265",14,7,"82,489","-1,1122","206,0394","2,4978","23,4375"
2026 02 02 10:57:13:412,-3.9985,-6.70125,"1,265",14,7,"82,489","-1,1122","206,0394","2,4978","19,5313"
2026 02 02 10:57:13:414,-3.9675,-6.70125,"1,265",14,7,"82,489","-1,1122","206,0394","2,4978","19,5313"
2026 02 02 10:57:13:416,-3.9675,-6.70125,"1,265",14,7,"82,489","-1,1122","206,0394","2,4978","23,4375"
2026 02 02 10:57:13:418,-3.9675,-6.70125,"1,265",14,7,"82,489","-1,1122","206,0394","2,4978","19,5313"
2026 02 02 10:57:13:420,-3.9675,-6.70125,"1,265",14,7,"82,489","-1,1122","206,0394","2,4978","23,4375"
2026 02 02 10:57:13:422,-3.9675,-6.78875,"1,265",14,7,"82,489","-1,1122","206,0394","2,4978","46,875"
2026 02 02 10:57:13:424,-3.9334,-6.78875,"1,265",14,7,"82,489","-1,1122","206,0394","2,4978","31,25"
2026 02 02 10:57:13:426,-3.9985,-6.78875,"1,265",14,7,"82,489","-1,1122","206,0394","2,4978","19,5313"
2026 02 02 10:57:13:428,-3.9675,-6.78875,"1,265",14,7,"82,489","-1,1122","206,0394","2,4978","7,8125"
2026 02 02 10:57:13:430,-3.9675,-6.70125,"1,265",14,7,"82,489","-1,1122","206,0394","2,4978","19,5313"
2026 02 02 10:57:13:432,-3.9675,-6.70125,"1,265",14,7,"82,489","-1,1122","206,0394","2,4978","19,5313"
2026 02 02 10:57:13:434,-3.9985,-6.78875,"1,265",14,7,"82,489","-1,1122","206,0394","2,4978","19,5313"
2026 02 02 10:57:13:436,-3.9985,-6.70125,"1,265",14,7,"82,489","-1,1122","206,0394","2,4978","19,5313"
2026 02 02 10:57:13:438,-3.9334,-6.78875,"1,265",14,7,"82,489","-1,1122","206,0394","2,4978","15,625"
2026 02 02 10:57:13:440,-3.9675,-6.78875,"1,265",14,7,"82,489","-1,1122","206,0394","2,4978","15,625"
2026 02 02 10:57:13:442,-3.9675,-6.78875,"1,265",14,7,"82,489","-1,1122","206,0394","2,4978","46,875"
2026 02 02 10:57:13:444,-3.9675,-6.78875,"1,265",14,7,"82,489","-1,1122","206,0394","2,4978","23,4375"
2026 02 02 10:57:13:446,-3.9675,-6.78875,"1,265",14,7,"82,489","-1,1122","206,0394","2,4978","15,625"
2026 02 02 10:57:13:448,-3.9675,-6.70125,"1,265",14,7,"82,489","-1,1122","206,0394","2,4978","7,8125"
2026 02 02 10:57:13:450,-3.9675,-6.78875,"1,265",14,7,"82,489","-1,1122","206,0394","2,4978","11,7188"
2026 02 02 10:57:13:452,-3.9675,-6.78875,"1,265",14,7,"82,489","-1,1122","206,0394","2,4978","11,7188"
2026 02 02 10:57:13:454,-3.9334,-6.78875,"1,265",14,7,"82,489","-1,1122","206,0394","2,4978","19,5313"
2026 02 02 10:57:13:456,-3.9675,-6.78875,"1,265",14,7,"82,489","-1,1122","206,0394","2,4978","15,625"
2026 02 02 10:57:13:458,-3.9334,-6.87625,"1,265",14,7,"82,489","-1,1122","206,0394","2,4978","11,7188"
2026 02 02 10:57:13:460,-3.9985,-6.78875,"1,265",14,7,"82,489","-1,1122","206,0394","2,4978","15,625"
2026 02 02 10:57:13:462,-3.9675,-6.78875,"1,265",14,7,"82,489","-1,1122","206,0394","2,4978","39,0625"
2026 02 02 10:57:13:464,-3.9675,-6.78875,"1,265",14,7,"82,489","-1,1122","206,0394","2,4978","19,5313"
2026 02 02 10:57:13:466,-3.9675,-6.78875,"1,265",14,7,"82,489","-1,1122","206,0394","2,4978","15,625"
2026 02 02 10:57:13:468,-3.9675,-6.70125,"1,265",14,7,"82,489","-1,1122","206,0394","2,4978","3,9063"
2026 02 02 10:57:13:470,-3.9675,-6.78875,"1,265",14,7,"82,489","-1,1122","206,0394","2,4978","7,8125"
2026 02 02 10:57:13:472,-3.9985,-6.78875,"1,265",14,7,"82,489","-1,1122","206,0394","2,4978","7,8125"
2026 02 02 10:57:13:474,-3.9675,-6.78875,"1,265",14,7,"82,489","-1,1122","206,0394","2,4978","15,625"
2026 02 02 10:57:13:476,-3.9675,-6.78875,"1,265",14,7,"82,489","-1,1122","206,0394","2,4978","11,7188"
2026 02 02 10:57:13:478,-3.9985,-6.70125,"1,265",14,7,"82,489","-1,1122","206,0394","2,4978","7,8125"
2026 02 02 10:57:13:480,-3.9675,-6.78875,"1,265",14,7,"82,489","-1,1122","206,0394","2,4978","15,625"
2026 02 02 10:57:13:482,-3.9675,-6.78875,"1,265",14,7,"82,489","-1,1122","206,0394","2,4978","39,0625"
2026 02 02 10:57:13:484,-3.9675,-6.70125,"1,265",14,7,"82,489","-1,1122","206,0394","2,4978","15,625"
2026 02 02 10:57:13:486,-3.9675,-6.78875,"1,265",14,7,"82,489","-1,1122","206,0394","2,4978","11,7188"
2026 02 02 10:57:13:488,-3.9675,-6.78875,"1,265",14,7,"82,489","-1,1122","206,0394","2,4978","-3,9062"
2026 02 02 10:57:13:490,-3.9334,-6.78875,"1,265",14,7,"82,489","-1,1122","206,0394","2,4978","3,9063"
2026 02 02 10:57:13:492,-3.9675,-6.78875,"1,265",14,7,"82,489","-1,1122","206,0394","2,4978","7,8125"
2026 02 02 10:57:13:494,-3.9675,-6.78875,"1,265",14,7,"82,489","-1,1122","206,0394","2,4978","7,8125"
2026 02 02 10:57:13:496,-3.9675,-6.78875,"1,265",14,7,"82,489","-1,1122","206,0394","2,4978","7,8125"
2026 02 02 10:57:13:498,-3.9675,-6.78875,"1,265",14,7,"82,489","-1,1122","206,0394","2,4978","7,8125"
2026 02 02 10:57:13:500,-3.9675,-6.78875,"1,265",14,7,"82,489","-1,1122","206,0394","2,4978","7,8125"
2026 02 02 10:57:13:502,-3.9334,-6.70125,"1,265",14,7,"82,489","-1,1122","206,0394","2,4978","35,1563"
2026 02 02 10:57:13:504,-3.9675,-6.70125,"1,265",14,7,"82,489","-1,1122","206,0394","2,4978","15,625"
2026 02 02 10:57:13:506,-3.9675,-6.70125,"1,265",14,7,"82,489","-1,1122","206,0394","2,4978","7,8125"
2026 02 02 10:57:13:508,-3.9675,-6.78875,"1,265",14,7,"82,489","-1,1122","206,0394","2,4978","-7,8125"
2026 02 02 10:57:13:510,-3.9675,-6.70125,"1,265",14,7,"82,489","-1,1122","206,0394","2,4978",0
2026 02 02 10:57:13:512,-3.9334,-6.78875,"1,265",14,7,"82,489","-1,1122","206,0394","2,4978","7,8125"
2026 02 02 10:57:13:514,-3.9675,-6.70125,"1,265",14,7,"82,489","-1,1122","206,0394","2,4978","3,9063"
2026 02 02 10:57:13:516,-3.9985,-6.78875,"1,265",14,7,"82,489","-1,1122","206,0394","2,4978","7,8125"
2026 02 02 10:57:13:518,-3.9334,-6.78875,"1,265",14,7,"82,489","-1,1122","206,0394","2,4978","3,9063"
2026 02 02 10:57:13:520,-3.9334,-6.78875,"1,265",14,7,"82,489","-1,1122","206,0394","2,4978","7,8125"
2026 02 02 10:57:13:522,-3.9334,-6.78875,"1,265",14,7,"82,489","-1,1122","206,0394","2,4978","27,3438"
2026 02 02 10:57:13:524,-3.9675,-6.70125,"1,265",14,7,"82,489","-1,1122","206,0394","2,4978","15,625"
2026 02 02 10:57:13:526,-3.9675,-6.78875,"1,265",14,7,"82,489","-1,1122","206,0394","2,4978","3,9063"
2026 02 02 10:57:13:528,-3.9334,-6.70125,"1,265",14,7,"82,489","-1,1122","206,0394","2,4978","-7,8125"
2026 02 02 10:57:13:530,-3.9334,-6.78875,"1,265",14,7,"82,489","-1,1122","206,0394","2,4978",0
2026 02 02 10:57:13:532,-3.9675,-6.78875,"1,265",14,7,"82,489","-1,1122","206,0394","2,4978","3,9063"
2026 02 02 10:57:13:534,-3.9334,-6.70125,"1,265",14,7,"82,489","-1,1122","206,0394","2,4978","7,8125"
2026 02 02 10:57:13:536,-3.9675,-6.78875,"1,265",14,7,"82,489","-1,1122","206,0394","2,4978","3,9063"
2026 02 02 10:57:13:538,-3.9985,-6.78875,"1,265",14,7,"82,489","-1,1122","206,0394","2,4978","3,9063"
2026 02 02 10:57:13:540,-3.9675,-6.78875,"1,265",14,7,"82,489","-1,1122","206,0394","2,4978","3,9063"
2026 02 02 10:57:13:542,-3.9675,-6.78875,"1,265",14,7,"82,489","-1,1122","206,0394","2,4978","23,4375"
2026 02 02 10:57:13:544,-3.9334,-6.78875,"1,265",14,7,"82,489","-1,1122","206,0394","2,4978","23,4375"
2026 02 02 10:57:13:546,-3.9675,-6.78875,"1,265",14,7,"82,489","-1,1122","206,0394","2,4978","3,9063"
2026 02 02 10:57:13:548,-3.9675,-6.78875,"1,265",14,7,"82,489","-1,1122","206,0394","2,4978","-3,9062"
2026 02 02 10:57:13:550,-3.9675,-6.78875,"1,265",14,7,"82,489","-1,1122","206,0394","2,4978","-7,8125"
2026 02 02 10:57:13:552,-3.9675,-6.78875,"1,265",14,7,"82,489","-1,1122","206,0394","2,4978","3,9063"
2026 02 02 10:57:13:554,-3.9675,-6.78875,"1,265",14,7,"82,489","-1,1122","206,0394","2,4978","3,9063"
2026 02 02 10:57:13:556,-3.9675,-6.70125,"1,265",14,7,"82,489","-1,1122","206,0394","2,4978",0
2026 02 02 10:57:13:558,-3.9675,-6.70125,"1,265",14,7,"82,489","-1,1122","206,0394","2,4978",0
2026 02 02 10:57:13:560,-3.9985,-6.78875,"0,786",12,5,"69,6564","-0,8872","184,8297","2,6535","3,9063"
2026 02 02 10:57:13:562,-3.9675,-6.78875,"0,786",12,5,"69,6564","-0,8872","184,8297","2,6535","19,5313"
2026 02 02 10:57:13:564,-3.9985,-6.78875,"0,786",12,5,"69,6564","-0,8872","184,8297","2,6535","15,625"
2026 02 02 10:57:13:566,-3.9985,-6.78875,"0,786",12,5,"69,6564","-0,8872","184,8297","2,6535","3,9063"
2026 02 02 10:57:13:568,-3.9334,-6.70125,"0,786",12,5,"69,6564","-0,8872","184,8297","2,6535","-11,7187"
2026 02 02 10:57:13:570,-3.9985,-6.70125,"0,786",12,5,"69,6564","-0,8872","184,8297","2,6535","-3,9062"
2026 02 02 10:57:13:572,-3.9675,-6.70125,"0,786",12,5,"69,6564","-0,8872","184,8297","2,6535",0
2026 02 02 10:57:13:574,-3.9675,-6.61375,"0,786",12,5,"69,6564","-0,8872","184,8297","2,6535","-3,9062"
2026 02 02 10:57:13:576,-3.9675,-6.70125,"0,786",12,5,"69,6564","-0,8872","184,8297","2,6535","-3,9062"
2026 02 02 10:57:13:578,-3.9675,-6.78875,"0,786",12,5,"69,6564","-0,8872","184,8297","2,6535","-3,9062"
2026 02 02 10:57:13:580,-3.9675,-6.70125,"0,786",12,5,"69,6564","-0,8872","184,8297","2,6535",0
2026 02 02 10:57:13:582,-3.9985,-6.87625,"0,786",12,5,"69,6564","-0,8872","184,8297","2,6535","15,625"
2026 02 02 10:57:13:584,-3.9334,-6.78875,"0,786",12,5,"69,6564","-0,8872","184,8297","2,6535","11,7188"
2026 02 02 10:57:13:586,-3.9334,-6.78875,"0,786",12,5,"69,6564","-0,8872","184,8297","2,6535","-3,9062"
2026 02 02 10:57:13:588,-3.9675,-6.78875,"0,786",12,5,"69,6564","-0,8872","184,8297","2,6535","-19,5312"
2026 02 02 10:57:13:590,-3.9675,-6.70125,"0,786",12,5,"69,6564","-0,8872","184,8297","2,6535","-7,8125"
2026 02 02 10:57:13:592,-3.9675,-6.78875,"0,786",12,5,"69,6564","-0,8872","184,8297","2,6535",0
2026 02 02 10:57:13:594,-3.9334,-6.78875,"0,786",12,5,"69,6564","-0,8872","184,8297","2,6535","-7,8125"
2026 02 02 10:57:13:596,-3.9675,-6.78875,"0,786",12,5,"69,6564","-0,8872","184,8297","2,6535","-3,9062"
2026 02 02 10:57:13:598,-3.9675,-6.78875,"0,786",12,5,"69,6564","-0,8872","184,8297","2,6535","-3,9062"
2026 02 02 10:57:13:600,-3.9675,-6.78875,"0,786",12,5,"69,6564","-0,8872","184,8297","2,6535","-7,8125"
2026 02 02 10:57:13:602,-3.9675,-6.87625,"0,786",12,5,"69,6564","-0,8872","184,8297","2,6535","11,7188"
2026 02 02 10:57:13:604,-3.9675,-6.70125,"0,786",12,5,"69,6564","-0,8872","184,8297","2,6535","3,9063"
2026 02 02 10:57:13:606,-3.9675,-6.78875,"0,786",12,5,"69,6564","-0,8872","184,8297","2,6535","-7,8125"
2026 02 02 10:57:13:608,-3.9675,-6.78875,"0,786",12,5,"69,6564","-0,8872","184,8297","2,6535","-23,4375"
2026 02 02 10:57:13:610,-3.9675,-6.70125,"0,786",12,5,"69,6564","-0,8872","184,8297","2,6535","-11,7187"
2026 02 02 10:57:13:612,-3.9985,-6.78875,"0,786",12,5,"69,6564","-0,8872","184,8297","2,6535","-3,9062"
2026 02 02 10:57:13:614,-3.9334,-6.78875,"0,786",12,5,"69,6564","-0,8872","184,8297","2,6535","-7,8125"
2026 02 02 10:57:13:616,-3.9675,-6.78875,"0,786",12,5,"69,6564","-0,8872","184,8297","2,6535","-7,8125"
2026 02 02 10:57:13:618,-3.9985,-6.70125,"0,786",12,5,"69,6564","-0,8872","184,8297","2,6535","-3,9062"
2026 02 02 10:57:13:620,-3.9675,-6.70125,"0,786",12,5,"69,6564","-0,8872","184,8297","2,6535","-7,8125"
2026 02 02 10:57:13:622,-3.9675,-6.78875,"0,786",12,5,"69,6564","-0,8872","184,8297","2,6535","11,7188"
2026 02 02 10:57:13:624,-3.9675,-6.70125,"0,786",12,5,"69,6564","-0,8872","184,8297","2,6535","3,9063"
2026 02 02 10:57:13:626,-3.9675,-6.70125,"0,786",12,5,"69,6564","-0,8872","184,8297","2,6535","-7,8125"
2026 02 02 10:57:13:628,-3.9675,-6.78875,"0,786",12,5,"69,6564","-0,8872","184,8297","2,6535","-27,3437"
2026 02 02 10:57:13:630,-3.9675,-6.70125,"0,786",12,5,"69,6564","-0,8872","184,8297","2,6535","-11,7187"
2026 02 02 10:57:13:632,-3.9675,-6.78875,"0,786",12,5,"69,6564","-0,8872","184,8297","2,6535","-7,8125"
2026 02 02 10:57:13:634,-3.9675,-6.78875,"0,786",12,5,"69,6564","-0,8872","184,8297","2,6535","-7,8125"
2026 02 02 10:57:13:636,-3.9675,-6.78875,"0,786",12,5,"69,6564","-0,8872","184,8297","2,6535","-11,7187"
2026 02 02 10:57:13:638,-3.9675,-6.78875,"0,786",12,5,"69,6564","-0,8872","184,8297","2,6535","-11,7187"
2026 02 02 10:57:13:640,-3.9675,-6.78875,"0,786",12,5,"69,6564","-0,8872","184,8297","2,6535","-11,7187"
2026 02 02 10:57:13:642,-3.9675,-6.78875,"0,786",12,5,"69,6564","-0,8872","184,8297","2,6535","3,9063"
2026 02 02 10:57:13:644,-3.9675,-6.78875,"0,786",12,5,"69,6564","-0,8872","184,8297","2,6535",0
2026 02 02 10:57:13:646,-3.9675,-6.78875,"0,786",12,5,"69,6564","-0,8872","184,8297","2,6535","-11,7187"
2026 02 02 10:57:13:648,-3.9675,-6.70125,"0,786",12,5,"69,6564","-0,8872","184,8297","2,6535","-27,3437"
2026 02 02 10:57:13:650,-3.9985,-6.78875,"0,786",12,5,"69,6564","-0,8872","184,8297","2,6535","-19,5312"
2026 02 02 10:57:13:652,-3.9675,-6.78875,"0,786",12,5,"69,6564","-0,8872","184,8297","2,6535","-11,7187"
2026 02 02 10:57:13:654,-3.9675,-6.87625,"0,786",12,5,"69,6564","-0,8872","184,8297","2,6535","-15,625"
2026 02 02 10:57:13:656,-3.9334,-6.70125,"0,786",12,5,"69,6564","-0,8872","184,8297","2,6535","-11,7187"
2026 02 02 10:57:13:658,-3.9675,-6.61375,"0,786",12,5,"69,6564","-0,8872","184,8297","2,6535","-15,625"
2026 02 02 10:57:13:660,-3.9675,-6.70125,"0,786",12,5,"69,6564","-0,8872","184,8297","2,6535","-15,625"
2026 02 02 10:57:13:662,-3.9675,-6.87625,"0,786",12,5,"69,6564","-0,8872","184,8297","2,6535","11,7188"
2026 02 02 10:57:13:664,-3.9675,-6.78875,"0,786",12,5,"69,6564","-0,8872","184,8297","2,6535",0
2026 02 02 10:57:13:666,-3.9675,-6.78875,"0,786",12,5,"69,6564","-0,8872","184,8297","2,6535","-11,7187"
2026 02 02 10:57:13:668,-3.9334,-6.78875,"0,786",12,5,"69,6564","-0,8872","184,8297","2,6535","-35,1562"
2026 02 02 10:57:13:670,-3.9675,-6.78875,"0,786",12,5,"69,6564","-0,8872","184,8297","2,6535","-15,625"
2026 02 02 10:57:13:672,-3.9675,-6.78875,"0,786",12,5,"69,6564","-0,8872","184,8297","2,6535","-15,625"
2026 02 02 10:57:13:674,-3.9675,-6.70125,"0,786",12,5,"69,6564","-0,8872","184,8297","2,6535","-15,625"
2026 02 02 10:57:13:676,-3.9675,-6.78875,"0,786",12,5,"69,6564","-0,8872","184,8297","2,6535","-19,5312"
2026 02 02 10:57:13:678,-3.9675,-6.78875,"0,786",12,5,"69,6564","-0,8872","184,8297","2,6535","-15,625"
2026 02 02 10:57:13:680,-3.9334,-6.78875,"0,786",12,5,"69,6564","-0,8872","184,8297","2,6535","-15,625"
2026 02 02 10:57:13:682,-3.9675,-6.70125,"0,786",12,5,"69,6564","-0,8872","184,8297","2,6535","3,9063"
2026 02 02 10:57:13:684,-3.9675,-6.70125,"0,786",12,5,"69,6564","-0,8872","184,8297","2,6535","-7,8125"
2026 02 02 10:57:13:686,-3.9985,-6.78875,"0,786",12,5,"69,6564","-0,8872","184,8297","2,6535","-15,625"
2026 02 02 10:57:13:688,-3.9675,-6.78875,"0,786",12,5,"69,6564","-0,8872","184,8297","2,6535","-35,1562"
2026 02 02 10:57:13:690,-3.9675,-6.70125,"0,786",12,5,"69,6564","-0,8872","184,8297","2,6535","-27,3437"
2026 02 02 10:57:13:692,-3.9675,-6.78875,"0,786",12,5,"69,6564","-0,8872","184,8297","2,6535","-15,625"
2026 02 02 10:57:13:694,-3.9675,-6.78875,"0,786",12,5,"69,6564","-0,8872","184,8297","2,6535","-19,5312"
2026 02 02 10:57:13:696,-3.9675,-6.78875,"0,786",12,5,"69,6564","-0,8872","184,8297","2,6535","-19,5312"
2026 02 02 10:57:13:698,-3.9675,-6.78875,"0,786",12,5,"69,6564","-0,8872","184,8297","2,6535","-15,625"
2026 02 02 10:57:13:700,-3.9675,-6.70125,"0,786",12,5,"69,6564","-0,8872","184,8297","2,6535","-19,5312"
2026 02 02 10:57:13:702,-3.9675,-6.78875,"0,786",12,5,"69,6564","-0,8872","184,8297","2,6535","3,9063"
2026 02 02 10:57:13:704,-3.9334,-6.78875,"0,786",12,5,"69,6564","-0,8872","184,8297","2,6535","-7,8125"
2026 02 02 10:57:13:706,-3.9675,-6.78875,"0,786",12,5,"69,6564","-0,8872","184,8297","2,6535","-19,5312"
2026 02 02 10:57:13:708,-3.9985,-6.78875,"0,786",12,5,"69,6564","-0,8872","184,8297","2,6535","-39,0625"
2026 02 02 10:57:13:710,-3.9675,-6.78875,"0,786",12,5,"69,6564","-0,8872","184,8297","2,6535","-23,4375"
2026 02 02 10:57:13:712,-3.9675,-6.70125,"0,786",12,5,"69,6564","-0,8872","184,8297","2,6535","-19,5312"
2026 02 02 10:57:13:714,-3.9675,-6.70125,"0,786",12,5,"69,6564","-0,8872","184,8297","2,6535","-15,625"
2026 02 02 10:57:13:716,-3.9675,-6.70125,"0,786",12,5,"69,6564","-0,8872","184,8297","2,6535","-23,4375"
2026 02 02 10:57:13:718,-3.9675,-6.78875,"0,786",12,5,"69,6564","-0,8872","184,8297","2,6535","-15,625"
2026 02 02 10:57:13:720,-3.9675,-6.70125,"0,786",12,5,"69,6564","-0,8872","184,8297","2,6535","-19,5312"
2026 02 02 10:57:13:722,-3.9675,-6.70125,"0,786",12,5,"69,6564","-0,8872","184,8297","2,6535","-7,8125"
2026 02 02 10:57:13:724,-3.9675,-6.78875,"0,786",12,5,"69,6564","-0,8872","184,8297","2,6535","-7,8125"
2026 02 02 10:57:13:726,-3.9675,-6.70125,"0,786",12,5,"69,6564","-0,8872","184,8297","2,6535","-19,5312"
2026 02 02 10:57:13:728,-3.9675,-6.78875,"0,786",12,5,"69,6564","-0,8872","184,8297","2,6535","-39,0625"
2026 02 02 10:57:13:730,-3.9334,-6.78875,"0,786",12,5,"69,6564","-0,8872","184,8297","2,6535","-23,4375"
2026 02 02 10:57:13:732,-3.9675,-6.78875,"0,786",12,5,"69,6564","-0,8872","184,8297","2,6535","-19,5312"
2026 02 02 10:57:13:734,-3.9675,-6.78875,"0,786",12,5,"69,6564","-0,8872","184,8297","2,6535","-19,5312"
2026 02 02 10:57:13:736,-3.9675,-6.78875,"0,786",12,5,"69,6564","-0,8872","184,8297","2,6535","-23,4375"
2026 02 02 10:57:13:738,-3.9675,-6.78875,"0,786",12,5,"69,6564","-0,8872","184,8297","2,6535","-19,5312"
2026 02 02 10:57:13:740,-3.9675,-6.78875,"0,786",12,5,"69,6564","-0,8872","184,8297","2,6535","-19,5312"
2026 02 02 10:57:13:742,-3.9675,-6.78875,"0,786",12,5,"69,6564","-0,8872","184,8297","2,6535","-7,8125"
2026 02 02 10:57:13:744,-3.9675,-6.78875,"0,786",12,5,"69,6564","-0,8872","184,8297","2,6535","-11,7187"
2026 02 02 10:57:13:746,-3.9334,-6.87625,"0,786",12,5,"69,6564","-0,8872","184,8297","2,6535","-19,5312"
2026 02 02 10:57:13:748,-3.9334,-6.70125,"0,786",12,5,"69,6564","-0,8872","184,8297","2,6535","-46,875"
2026 02 02 10:57:13:750,-3.9675,-6.70125,"0,786",12,5,"69,6564","-0,8872","184,8297","2,6535","-31,25"
2026 02 02 10:57:13:752,-3.9675,-6.70125,"0,786",12,5,"69,6564","-0,8872","184,8297","2,6535","-23,4375"
2026 02 02 10:57:13:754,-3.9985,-6.78875,"0,786",12,5,"69,6564","-0,8872","184,8297","2,6535","-27,3437"
2026 02 02 10:57:13:756,-3.9675,-6.70125,"0,786",12,5,"69,6564","-0,8872","184,8297","2,6535","-23,4375"
2026 02 02 10:57:13:758,-3.9675,-6.78875,"0,786",12,5,"69,6564","-0,8872","184,8297","2,6535","-27,3437"
2026 02 02 10:57:13:760,-3.9675,-6.70125,"0,786",12,5,"69,6564","-0,8872","184,8297","2,6535","-23,4375"
2026 02 02 10:57:13:762,-3.9334,-6.78875,"0,786",12,5,"69,6564","-0,8872","184,8297","2,6535","-11,7187"
2026 02 02 10:57:13:764,-3.9675,-6.70125,"0,786",12,5,"69,6564","-0,8872","184,8297","2,6535","-11,7187"
2026 02 02 10:57:13:766,-3.9334,-6.70125,"0,786",12,5,"69,6564","-0,8872","184,8297","2,6535","-19,5312"
2026 02 02 10:57:13:768,-3.9675,-6.70125,"0,786",12,5,"69,6564","-0,8872","184,8297","2,6535","-46,875"
2026 02 02 10:57:13:770,-3.9985,-6.78875,"0,786",12,5,"69,6564","-0,8872","184,8297","2,6535","-23,4375"
2026 02 02 10:57:13:772,-3.9675,-6.78875,"0,786",12,5,"69,6564","-0,8872","184,8297","2,6535","-27,3437"
2026 02 02 10:57:13:774,-3.9675,-6.70125,"0,786",12,5,"69,6564","-0,8872","184,8297","2,6535","-27,3437"
2026 02 02 10:57:13:776,-3.9675,-6.70125,"0,786",12,5,"69,6564","-0,8872","184,8297","2,6535","-27,3437"
2026 02 02 10:57:13:778,-3.9675,-6.70125,"0,786",12,5,"69,6564","-0,8872","184,8297","2,6535","-23,4375"
2026 02 02 10:57:13:780,-3.9675,-6.78875,"0,786",12,5,"69,6564","-0,8872","184,8297","2,6535","-27,3437"
2026 02 02 10:57:13:782,-3.9675,-6.78875,"0,786",12,5,"69,6564","-0,8872","184,8297","2,6535","-7,8125"
2026 02 02 10:57:13:784,-3.9675,-6.78875,"0,786",12,5,"69,6564","-0,8872","184,8297","2,6535","-11,7187"
2026 02 02 10:57:13:786,-3.9675,-6.78875,"0,786",12,5,"69,6564","-0,8872","184,8297","2,6535","-27,3437"
2026 02 02 10:57:13:788,-3.9985,-6.78875,"0,786",12,5,"69,6564","-0,8872","184,8297","2,6535","-46,875"
2026 02 02 10:57:13:790,-3.9675,-6.78875,"0,786",12,5,"69,6564","-0,8872","184,8297","2,6535","-31,25"
2026 02 02 10:57:13:792,-3.9675,-6.78875,"0,786",12,5,"69,6564","-0,8872","184,8297","2,6535","-27,3437"
2026 02 02 10:57:13:794,-3.9675,-6.78875,"0,786",12,5,"69,6564","-0,8872","184,8297","2,6535","-31,25"
2026 02 02 10:57:13:796,-3.9675,-6.70125,"0,786",12,5,"69,6564","-0,8872","184,8297","2,6535","-27,3437"
2026 02 02 10:57:13:798,-3.9675,-6.78875,"0,786",12,5,"69,6564","-0,8872","184,8297","2,6535","-31,25"
2026 02 02 10:57:13:800,-3.9334,-6.70125,"0,786",12,5,"69,6564","-0,8872","184,8297","2,6535","-27,3437"
2026 02 02 10:57:13:802,-3.9675,-6.70125,"0,786",12,5,"69,6564","-0,8872","184,8297","2,6535","-11,7187"
2026 02 02 10:57:13:804,-3.9675,-6.61375,"0,786",12,5,"69,6564","-0,8872","184,8297","2,6535","-11,7187"
2026 02 02 10:57:13:806,-3.9985,-6.70125,"0,786",12,5,"69,6564","-0,8872","184,8297","2,6535","-27,3437"
2026 02 02 10:57:13:808,-3.9675,-6.78875,"0,786",12,5,"69,6564","-0,8872","184,8297","2,6535","-46,875"
2026 02 02 10:57:13:810,-3.9675,-6.78875,"0,786",12,5,"69,6564","-0,8872","184,8297","2,6535","-31,25"
2026 02 02 10:57:13:812,-3.9675,-6.78875,"0,786",12,5,"69,6564","-0,8872","184,8297","2,6535","-31,25"
2026 02 02 10:57:13:814,-3.9675,-6.78875,"0,786",12,5,"69,6564","-0,8872","184,8297","2,6535","-27,3437"
2026 02 02 10:57:13:816,-3.9675,-6.78875,"0,786",12,5,"69,6564","-0,8872","184,8297","2,6535","-31,25"
2026 02 02 10:57:13:818,-3.9675,-6.70125,"0,786",12,5,"69,6564","-0,8872","184,8297","2,6535","-31,25"
2026 02 02 10:57:13:820,-3.9675,-6.78875,"0,786",12,5,"69,6564","-0,8872","184,8297","2,6535","-31,25"
2026 02 02 10:57:13:822,-3.9334,-6.78875,"0,786",12,5,"69,6564","-0,8872","184,8297","2,6535","-7,8125"
2026 02 02 10:57:13:824,-3.9675,-6.70125,"0,786",12,5,"69,6564","-0,8872","184,8297","2,6535","-7,8125"
2026 02 02 10:57:13:826,-3.9334,-6.70125,"0,786",12,5,"69,6564","-0,8872","184,8297","2,6535","-31,25"
2026 02 02 10:57:13:828,-3.9334,-6.78875,"0,786",12,5,"69,6564","-0,8872","184,8297","2,6535","-46,875"
2026 02 02 10:57:13:830,-3.9675,-6.70125,"0,786",12,5,"69,6564","-0,8872","184,8297","2,6535","-35,1562"
2026 02 02 10:57:13:832,-3.9334,-6.70125,"0,786",12,5,"69,6564","-0,8872","184,8297","2,6535","-35,1562"
2026 02 02 10:57:13:834,-3.9675,-6.78875,"0,786",12,5,"69,6564","-0,8872","184,8297","2,6535","-31,25"
2026 02 02 10:57:13:836,-3.9675,-6.78875,"0,786",12,5,"69,6564","-0,8872","184,8297","2,6535","-27,3437"
2026 02 02 10:57:13:838,-3.9675,-6.78875,"0,786",12,5,"69,6564","-0,8872","184,8297","2,6535","-35,1562"
2026 02 02 10:57:13:840,-3.9675,-6.78875,"0,786",12,5,"69,6564","-0,8872","184,8297","2,6535","-27,3437"
2026 02 02 10:57:13:842,-3.9675,-6.78875,"0,786",12,5,"69,6564","-0,8872","184,8297","2,6535","-15,625"
2026 02 02 10:57:13:844,-3.9675,-6.87625,"0,786",12,5,"69,6564","-0,8872","184,8297","2,6535","-11,7187"
2026 02 02 10:57:13:846,-3.9675,-6.78875,"0,786",12,5,"69,6564","-0,8872","184,8297","2,6535","-31,25"
2026 02 02 10:57:13:848,-3.9675,-6.78875,"0,786",12,5,"69,6564","-0,8872","184,8297","2,6535","-46,875"
2026 02 02 10:57:13:850,-3.9985,-6.87625,"0,786",12,5,"69,6564","-0,8872","184,8297","2,6535","-35,1562"
2026 02 02 10:57:13:852,-3.9675,-6.78875,"0,786",12,5,"69,6564","-0,8872","184,8297","2,6535","-31,25"
2026 02 02 10:57:13:854,-3.9675,-6.70125,"0,786",12,5,"69,6564","-0,8872","184,8297","2,6535","-31,25"
2026 02 02 10:57:13:856,-3.9675,-6.87625,"0,786",12,5,"69,6564","-0,8872","184,8297","2,6535","-35,1562"
2026 02 02 10:57:13:858,-3.9334,-6.78875,"0,786",12,5,"69,6564","-0,8872","184,8297","2,6535","-31,25"
2026 02 02 10:57:13:860,-3.9675,-6.70125,"0,786",12,5,"69,6564","-0,8872","184,8297","2,6535","-35,1562"
2026 02 02 10:57:13:862,-3.9675,-6.70125,"0,396",12,3,"43,3197","-0,6279","129,1809","2,982","-15,625"
2026 02 02 10:57:13:864,-3.9675,-6.78875,"0,396",12,3,"43,3197","-0,6279","129,1809","2,982","-19,5312"
2026 02 02 10:57:13:866,-3.9985,-6.78875,"0,396",12,3,"43,3197","-0,6279","129,1809","2,982","-31,25"
2026 02 02 10:57:13:868,-3.9675,-6.78875,"0,396",12,3,"43,3197","-0,6279","129,1809","2,982","-62,5"
2026 02 02 10:57:13:870,-3.9985,-6.70125,"0,396",12,3,"43,3197","-0,6279","129,1809","2,982","-39,0625"
2026 02 02 10:57:13:872,-3.9985,-6.70125,"0,396",12,3,"43,3197","-0,6279","129,1809","2,982","-35,1562"
2026 02 02 10:57:13:874,-3.9675,-6.78875,"0,396",12,3,"43,3197","-0,6279","129,1809","2,982","-35,1562"
2026 02 02 10:57:13:876,-3.9675,-6.78875,"0,396",12,3,"43,3197","-0,6279","129,1809","2,982","-31,25"
2026 02 02 10:57:13:878,-3.9334,-6.78875,"0,396",12,3,"43,3197","-0,6279","129,1809","2,982","-35,1562"
2026 02 02 10:57:13:880,-3.9985,-6.78875,"0,396",12,3,"43,3197","-0,6279","129,1809","2,982","-35,1562"
2026 02 02 10:57:13:882,-3.9334,-6.78875,"0,396",12,3,"43,3197","-0,6279","129,1809","2,982","-19,5312"
2026 02 02 10:57:13:884,-3.9675,-6.70125,"0,396",12,3,"43,3197","-0,6279","129,1809","2,982","-19,5312"
2026 02 02 10:57:13:886,-3.9334,-6.78875,"0,396",12,3,"43,3197","-0,6279","129,1809","2,982","-35,1562"
2026 02 02 10:57:13:888,-3.9675,-6.87625,"0,396",12,3,"43,3197","-0,6279","129,1809","2,982","-58,5937"
2026 02 02 10:57:13:890,-3.9334,-6.78875,"0,396",12,3,"43,3197","-0,6279","129,1809","2,982","-39,0625"
2026 02 02 10:57:13:892,-3.9985,-6.78875,"0,396",12,3,"43,3197","-0,6279","129,1809","2,982","-35,1562"
2026 02 02 10:57:13:894,-3.9675,-6.78875,"0,396",12,3,"43,3197","-0,6279","129,1809","2,982","-39,0625"
2026 02 02 10:57:13:896,-3.9675,-6.78875,"0,396",12,3,"43,3197","-0,6279","129,1809","2,982","-39,0625"
2026 02 02 10:57:13:898,-3.9675,-6.70125,"0,396",12,3,"43,3197","-0,6279","129,1809","2,982","-35,1562"
2026 02 02 10:57:13:900,-3.9675,-6.78875,"0,396",12,3,"43,3197","-0,6279","129,1809","2,982","-35,1562"
2026 02 02 10:57:13:902,-3.9985,-6.70125,"0,396",12,3,"43,3197","-0,6279","129,1809","2,982","-19,5312"
2026 02 02 10:57:13:904,-3.9985,-6.78875,"0,396",12,3,"43,3197","-0,6279","129,1809","2,982","-19,5312"
2026 02 02 10:57:13:906,-3.9985,-6.70125,"0,396",12,3,"43,3197","-0,6279","129,1809","2,982","-39,0625"
2026 02 02 10:57:13:908,-3.9675,-6.70125,"0,396",12,3,"43,3197","-0,6279","129,1809","2,982","-58,5937"
2026 02 02 10:57:13:910,-3.9675,-6.78875,"0,396",12,3,"43,3197","-0,6279","129,1809","2,982","-42,9687"
2026 02 02 10:57:13:912,-3.9985,-6.70125,"0,396",12,3,"43,3197","-0,6279","129,1809","2,982","-39,0625"
2026 02 02 10:57:13:914,-3.9985,-6.78875,"0,396",12,3,"43,3197","-0,6279","129,1809","2,982","-35,1562"
2026 02 02 10:57:13:916,-3.9675,-6.78875,"0,396",12,3,"43,3197","-0,6279","129,1809","2,982","-39,0625"
2026 02 02 10:57:13:918,-3.9675,-6.70125,"0,396",12,3,"43,3197","-0,6279","129,1809","2,982","-39,0625"
2026 02 02 10:57:13:920,-3.9675,-6.78875,"0,396",12,3,"43,3197","-0,6279","129,1809","2,982","-39,0625"
2026 02 02 10:57:13:922,-3.9675,-6.78875,"0,396",12,3,"43,3197","-0,6279","129,1809","2,982","-19,5312"
2026 02 02 10:57:13:924,-3.9675,-6.78875,"0,396",12,3,"43,3197","-0,6279","129,1809","2,982","-19,5312"
2026 02 02 10:57:13:926,-3.9675,-6.78875,"0,396",12,3,"43,3197","-0,6279","129,1809","2,982","-39,0625"
2026 02 02 10:57:13:928,-3.9675,-6.78875,"0,396",12,3,"43,3197","-0,6279","129,1809","2,982","-58,5937"
2026 02 02 10:57:13:930,-3.9675,-6.78875,"0,396",12,3,"43,3197","-0,6279","129,1809","2,982","-39,0625"
2026 02 02 10:57:13:932,-3.9675,-6.78875,"0,396",12,3,"43,3197","-0,6279","129,1809","2,982","-35,1562"
2026 02 02 10:57:13:934,-3.9675,-6.70125,"0,396",12,3,"43,3197","-0,6279","129,1809","2,982","-42,9687"
2026 02 02 10:57:13:936,-3.9985,-6.70125,"0,396",12,3,"43,3197","-0,6279","129,1809","2,982","-39,0625"
2026 02 02 10:57:13:938,-3.9675,-6.70125,"0,396",12,3,"43,3197","-0,6279","129,1809","2,982","-39,0625"
2026 02 02 10:57:13:940,-3.9675,-6.78875,"0,396",12,3,"43,3197","-0,6279","129,1809","2,982","-42,9687"
2026 02 02 10:57:13:942,-3.9334,-6.78875,"0,396",12,3,"43,3197","-0,6279","129,1809","2,982","-19,5312"
2026 02 02 10:57:13:944,-3.9675,-6.78875,"0,396",12,3,"43,3197","-0,6279","129,1809","2,982","-23,4375"
2026 02 02 10:57:13:946,-3.9675,-6.78875,"0,396",12,3,"43,3197","-0,6279","129,1809","2,982","-42,9687"
2026 02 02 10:57:13:948,-3.9985,-6.70125,"0,396",12,3,"43,3197","-0,6279","129,1809","2,982","-62,5"
2026 02 02 10:57:13:950,-3.9675,-6.70125,"0,396",12,3,"43,3197","-0,6279","129,1809","2,982","-42,9687"
2026 02 02 10:57:13:952,-3.9675,-6.78875,"0,396",12,3,"43,3197","-0,6279","129,1809","2,982","-42,9687"
2026 02 02 10:57:13:954,-3.9985,-6.70125,"0,396",12,3,"43,3197","-0,6279","129,1809","2,982","-39,0625"
2026 02 02 10:57:13:956,-3.9675,-6.70125,"0,396",12,3,"43,3197","-0,6279","129,1809","2,982","-42,9687"
2026 02 02 10:57:13:958,-3.9675,-6.78875,"0,396",12,3,"43,3197","-0,6279","129,1809","2,982","-39,0625"
2026 02 02 10:57:13:960,-3.9675,-6.78875,"0,396",12,3,"43,3197","-0,6279","129,1809","2,982","-39,0625"
2026 02 02 10:57:13:962,-3.9334,-6.78875,"0,396",12,3,"43,3197","-0,6279","129,1809","2,982","-23,4375"
2026 02 02 10:57:13:964,-3.9334,-6.70125,"0,396",12,3,"43,3197","-0,6279","129,1809","2,982","-23,4375"
2026 02 02 10:57:13:966,-3.9985,-6.87625,"0,396",12,3,"43,3197","-0,6279","129,1809","2,982","-42,9687"
2026 02 02 10:57:13:968,-3.9675,-6.70125,"0,396",12,3,"43,3197","-0,6279","129,1809","2,982","-62,5"
2026 02 02 10:57:13:970,-3.9675,-6.78875,"0,396",12,3,"43,3197","-0,6279","129,1809","2,982","-46,875"
2026 02 02 10:57:13:972,-3.9675,-6.70125,"0,396",12,3,"43,3197","-0,6279","129,1809","2,982","-46,875"
2026 02 02 10:57:13:974,-3.9985,-6.70125,"0,396",12,3,"43,3197","-0,6279","129,1809","2,982","-39,0625"
2026 02 02 10:57:13:976,-3.9675,-6.78875,"0,396",12,3,"43,3197","-0,6279","129,1809","2,982","-46,875"
2026 02 02 10:57:13:978,-3.9675,-6.70125,"0,396",12,3,"43,3197","-0,6279","129,1809","2,982","-42,9687"
2026 02 02 10:57:13:980,-3.9675,-6.78875,"0,396",12,3,"43,3197","-0,6279","129,1809","2,982","-42,9687"
2026 02 02 10:57:13:982,-3.9675,-6.70125,"0,396",12,3,"43,3197","-0,6279","129,1809","2,982","-23,4375"
2026 02 02 10:57:13:984,-3.9675,-6.78875,"0,396",12,3,"43,3197","-0,6279","129,1809","2,982","-27,3437"
2026 02 02 10:57:13:986,-3.9985,-6.78875,"0,396",12,3,"43,3197","-0,6279","129,1809","2,982","-42,9687"
2026 02 02 10:57:13:988,-3.9675,-6.78875,"0,396",12,3,"43,3197","-0,6279","129,1809","2,982","-66,4062"
2026 02 02 10:57:13:990,-3.9334,-6.87625,"0,396",12,3,"43,3197","-0,6279","129,1809","2,982","-46,875"
2026 02 02 10:57:13:992,-3.9985,-6.78875,"0,396",12,3,"43,3197","-0,6279","129,1809","2,982","-42,9687"
2026 02 02 10:57:13:994,-3.9675,-6.70125,"0,396",12,3,"43,3197","-0,6279","129,1809","2,982","-42,9687"
2026 02 02 10:57:13:996,-3.9675,-6.78875,"0,396",12,3,"43,3197","-0,6279","129,1809","2,982","-42,9687"
2026 02 02 10:57:13:998,-3.9334,-6.70125,"0,396",12,3,"43,3197","-0,6279","129,1809","2,982","-42,9687"
2026 02 02 10:57:14:000,-3.9675,-6.78875,"0,396",12,3,"43,3197","-0,6279","129,1809","2,982","-46,875"
2026 02 02 10:57:14:002,-3.9985,-6.78875,"0,396",12,3,"43,3197","-0,6279","129,1809","2,982","-27,3437"
2026 02 02 10:57:14:004,-3.9985,-6.70125,"0,396",12,3,"43,3197","-0,6279","129,1809","2,982","-27,3437"
2026 02 02 10:57:14:006,-3.9334,-6.70125,"0,396",12,3,"43,3197","-0,6279","129,1809","2,982","-42,9687"
2026 02 02 10:57:14:008,-3.9675,-6.70125,"0,396",12,3,"43,3197","-0,6279","129,1809","2,982","-62,5"
2026 02 02 10:57:14:010,-3.9675,-6.70125,"0,396",12,3,"43,3197","-0,6279","129,1809","2,982","-46,875"
2026 02 02 10:57:14:012,-3.9675,-6.78875,"0,396",12,3,"43,3197","-0,6279","129,1809","2,982","-42,9687"
2026 02 02 10:57:14:014,-3.9675,-6.70125,"0,396",12,3,"43,3197","-0,6279","129,1809","2,982","-46,875"
2026 02 02 10:57:14:016,-3.9675,-6.78875,"0,396",12,3,"43,3197","-0,6279","129,1809","2,982","-42,9687"
2026 02 02 10:57:14:018,-3.9675,-6.78875,"0,396",12,3,"43,3197","-0,6279","129,1809","2,982","-42,9687"
2026 02 02 10:57:14:020,-3.9675,-6.78875,"0,396",12,3,"43,3197","-0,6279","129,1809","2,982","-46,875"
2026 02 02 10:57:14:022,-3.9675,-6.70125,"0,396",12,3,"43,3197","-0,6279","129,1809","2,982","-31,25"
2026 02 02 10:57:14:024,-3.9675,-6.78875,"0,396",12,3,"43,3197","-0,6279","129,1809","2,982","-27,3437"
2026 02 02 10:57:14:026,-3.9675,-6.78875,"0,396",12,3,"43,3197","-0,6279","129,1809","2,982","-46,875"
2026 02 02 10:57:14:028,-3.9675,-6.78875,"0,396",12,3,"43,3197","-0,6279","129,1809","2,982","-66,4062"
2026 02 02 10:57:14:030,-3.9334,-6.78875,"0,396",12,3,"43,3197","-0,6279","129,1809","2,982","-50,7812"
2026 02 02 10:57:14:032,-3.9334,-6.78875,"0,396",12,3,"43,3197","-0,6279","129,1809","2,982","-46,875"
2026 02 02 10:57:14:034,-3.9334,-6.70125,"0,396",12,3,"43,3197","-0,6279","129,1809","2,982","-46,875"
2026 02 02 10:57:14:036,-3.9675,-6.78875,"0,396",12,3,"43,3197","-0,6279","129,1809","2,982","-46,875"
2026 02 02 10:57:14:038,-3.9675,-6.78875,"0,396",12,3,"43,3197","-0,6279","129,1809","2,982","-42,9687"
2026 02 02 10:57:14:040,-3.9675,-6.78875,"0,396",12,3,"43,3197","-0,6279","129,1809","2,982","-46,875"
2026 02 02 10:57:14:042,-3.9985,-6.78875,"0,396",12,3,"43,3197","-0,6279","129,1809","2,982","-31,25"
2026 02 02 10:57:14:044,-3.9675,-6.78875,"0,396",12,3,"43,3197","-0,6279","129,1809","2,982","-31,25"
2026 02 02 10:57:14:046,-3.9675,-6.70125,"0,396",12,3,"43,3197","-0,6279","129,1809","2,982","-46,875"
2026 02 02 10:57:14:048,-3.9675,-6.78875,"0,396",12,3,"43,3197","-0,6279","129,1809","2,982","-62,5"
2026 02 02 10:57:14:050,-3.9675,-6.78875,"0,396",12,3,"43,3197","-0,6279","129,1809","2,982","-50,7812"
2026 02 02 10:57:14:052,-3.9675,-6.70125,"0,396",12,3,"43,3197","-0,6279","129,1809","2,982","-46,875"
2026 02 02 10:57:14:054,-3.9675,-6.78875,"0,396",12,3,"43,3197","-0,6279","129,1809","2,982","-50,7812"
2026 02 02 10:57:14:056,-3.9675,-6.78875,"0,396",12,3,"43,3197","-0,6279","129,1809","2,982","-46,875"
2026 02 02 10:57:14:058,-3.9334,-6.78875,"0,396",12,3,"43,3197","-0,6279","129,1809","2,982","-46,875"
2026 02 02 10:57:14:060,-3.9985,-6.87625,"0,396",12,3,"43,3197","-0,6279","129,1809","2,982","-46,875"
2026 02 02 10:57:14:062,-3.9675,-6.78875,"0,396",12,3,"43,3197","-0,6279","129,1809","2,982","-31,25"
2026 02 02 10:57:14:064,-3.9675,-6.78875,"0,396",12,3,"43,3197","-0,6279","129,1809","2,982","-27,3437"
2026 02 02 10:57:14:066,-3.9985,-6.78875,"0,396",12,3,"43,3197","-0,6279","129,1809","2,982","-46,875"
2026 02 02 10:57:14:068,-3.9675,-6.78875,"0,396",12,3,"43,3197","-0,6279","129,1809","2,982","-66,4062"
2026 02 02 10:57:14:070,-3.9675,-6.78875,"0,396",12,3,"43,3197","-0,6279","129,1809","2,982","-50,7812"
2026 02 02 10:57:14:072,-3.9675,-6.70125,"0,396",12,3,"43,3197","-0,6279","129,1809","2,982","-46,875"
2026 02 02 10:57:14:074,-3.9334,-6.70125,"0,396",12,3,"43,3197","-0,6279","129,1809","2,982","-50,7812"
2026 02 02 10:57:14:076,-3.9985,-6.78875,"0,396",12,3,"43,3197","-0,6279","129,1809","2,982","-46,875"
2026 02 02 10:57:14:078,-3.9985,-6.78875,"0,396",12,3,"43,3197","-0,6279","129,1809","2,982","-50,7812"
2026 02 02 10:57:14:080,-3.9675,-6.78875,"0,396",12,3,"43,3197","-0,6279","129,1809","2,982","-46,875"
2026 02 02 10:57:14:082,-3.9334,-6.78875,"0,396",12,3,"43,3197","-0,6279","129,1809","2,982","-31,25"
2026 02 02 10:57:14:084,-3.9985,-6.78875,"0,396",12,3,"43,3197","-0,6279","129,1809","2,982","-27,3437"
2026 02 02 10:57:14:086,-3.9675,-6.70125,"0,396",12,3,"43,3197","-0,6279","129,1809","2,982","-46,875"
2026 02 02 10:57:14:088,-3.9334,-6.78875,"0,396",12,3,"43,3197","-0,6279","129,1809","2,982","-62,5"
2026 02 02 10:57:14:090,-3.9675,-6.78875,"0,396",12,3,"43,3197","-0,6279","129,1809","2,982","-50,7812"
2026 02 02 10:57:14:092,-3.9334,-6.70125,"0,396",12,3,"43,3197","-0,6279","129,1809","2,982","-50,7812"
2026 02 02 10:57:14:094,-3.9675,-6.78875,"0,396",12,3,"43,3197","-0,6279","129,1809","2,982","-50,7812"
2026 02 02 10:57:14:096,-3.9334,-6.78875,"0,396",12,3,"43,3197","-0,6279","129,1809","2,982","-50,7812"
2026 02 02 10:57:14:098,-3.9675,-6.78875,"0,396",12,3,"43,3197","-0,6279","129,1809","2,982","-50,7812"
2026 02 02 10:57:14:100,-3.9675,-6.70125,"0,396",12,3,"43,3197","-0,6279","129,1809","2,982","-50,7812"
2026 02 02 10:57:14:102,-3.9675,-6.78875,"0,396",12,3,"43,3197","-0,6279","129,1809","2,982","-31,25"
2026 02 02 10:57:14:104,-3.9985,-6.78875,"0,396",12,3,"43,3197","-0,6279","129,1809","2,982","-27,3437"
2026 02 02 10:57:14:106,-3.9675,-6.70125,"0,396",12,3,"43,3197","-0,6279","129,1809","2,982","-46,875"
2026 02 02 10:57:14:108,-3.9675,-6.78875,"0,396",12,3,"43,3197","-0,6279","129,1809","2,982","-58,5937"
2026 02 02 10:57:14:110,-3.9675,-6.87625,"0,396",12,3,"43,3197","-0,6279","129,1809","2,982","-54,6875"
2026 02 02 10:57:14:112,-3.9675,-6.70125,"0,396",12,3,"43,3197","-0,6279","129,1809","2,982","-54,6875"
2026 02 02 10:57:14:114,-3.9675,-6.70125,"0,396",12,3,"43,3197","-0,6279","129,1809","2,982","-46,875"
2026 02 02 10:57:14:116,-3.9675,-6.78875,"0,396",12,3,"43,3197","-0,6279","129,1809","2,982","-50,7812"
2026 02 02 10:57:14:118,-3.9334,-6.78875,"0,396",12,3,"43,3197","-0,6279","129,1809","2,982","-50,7812"
2026 02 02 10:57:14:120,-3.9675,-6.70125,"0,396",12,3,"43,3197","-0,6279","129,1809","2,982","-50,7812"
2026 02 02 10:57:14:122,-3.9675,-6.87625,"0,396",12,3,"43,3197","-0,6279","129,1809","2,982","-35,1562"
2026 02 02 10:57:14:124,-3.9334,-6.70125,"0,396",12,3,"43,3197","-0,6279","129,1809","2,982","-27,3437"
2026 02 02 10:57:14:126,-3.9675,-6.78875,"0,396",12,3,"43,3197","-0,6279","129,1809","2,982","-46,875"
2026 02 02 10:57:14:128,-3.9675,-6.87625,"0,396",12,3,"43,3197","-0,6279","129,1809","2,982","-66,4062"
2026 02 02 10:57:14:130,-3.9675,-6.78875,"0,396",12,3,"43,3197","-0,6279","129,1809","2,982","-54,6875"
2026 02 02 10:57:14:132,-3.9334,-6.78875,"0,396",12,3,"43,3197","-0,6279","129,1809","2,982","-50,7812"
2026 02 02 10:57:14:134,-3.9675,-6.78875,"0,396",12,3,"43,3197","-0,6279","129,1809","2,982","-50,7812"
2026 02 02 10:57:14:136,-3.9675,-6.87625,"0,396",12,3,"43,3197","-0,6279","129,1809","2,982","-54,6875"
2026 02 02 10:57:14:138,-3.9675,-6.78875,"0,396",12,3,"43,3197","-0,6279","129,1809","2,982","-50,7812"
2026 02 02 10:57:14:140,-3.9675,-6.78875,"0,396",12,3,"43,3197","-0,6279","129,1809","2,982","-50,7812"
2026 02 02 10:57:14:142,-3.9675,-6.78875,"0,396",12,3,"43,3197","-0,6279","129,1809","2,982","-35,1562"
2026 02 02 10:57:14:144,-3.9675,-6.70125,"0,396",12,3,"43,3197","-0,6279","129,1809","2,982","-31,25"
2026 02 02 10:57:14:146,-3.9675,-6.70125,"0,396",12,3,"43,3197","-0,6279","129,1809","2,982","-50,7812"
2026 02 02 10:57:14:148,-3.9675,-6.70125,"0,396",12,3,"43,3197","-0,6279","129,1809","2,982","-70,3125"
2026 02 02 10:57:14:150,-3.9985,-6.70125,"0,396",12,3,"43,3197","-0,6279","129,1809","2,982","-58,5937"
2026 02 02 10:57:14:152,-3.9675,-6.78875,"0,396",12,3,"43,3197","-0,6279","129,1809","2,982","-50,7812"
2026 02 02 10:57:14:154,-3.9334,-6.78875,"0,396",12,3,"43,3197","-0,6279","129,1809","2,982","-46,875"
2026 02 02 10:57:14:156,-3.9334,-6.78875,"0,396",12,3,"43,3197","-0,6279","129,1809","2,982","-50,7812"
2026 02 02 10:57:14:158,-3.9675,-6.87625,"0,396",12,3,"43,3197","-0,6279","129,1809","2,982","-54,6875"
2026 02 02 10:57:14:160,-3.9334,-6.70125,"0,396",12,3,"43,3197","-0,6279","129,1809","2,982","-50,7812"
2026 02 02 10:57:14:162,-3.9675,-6.78875,"0,272",12,2,"27,0538","0,0958","95,8252","3,542","-39,0625"
2026 02 02 10:57:14:164,-3.9675,-6.78875,"0,272",12,2,"27,0538","0,0958","95,8252","3,542","-39,0625"
2026 02 02 10:57:14:166,-3.9675,-6.78875,"0,272",12,2,"27,0538","0,0958","95,8252","3,542","-50,7812"
2026 02 02 10:57:14:168,-3.9675,-6.78875,"0,272",12,2,"27,0538","0,0958","95,8252","3,542","-74,2187"
2026 02 02 10:57:14:170,-3.9675,-6.78875,"0,272",12,2,"27,0538","0,0958","95,8252","3,542","-62,5"
2026 02 02 10:57:14:172,-3.9675,-6.70125,"0,272",12,2,"27,0538","0,0958","95,8252","3,542","-50,7812"
2026 02 02 10:57:14:174,-3.9675,-6.78875,"0,272",12,2,"27,0538","0,0958","95,8252","3,542","-50,7812"
2026 02 02 10:57:14:176,-3.9675,-6.78875,"0,272",12,2,"27,0538","0,0958","95,8252","3,542","-54,6875"
2026 02 02 10:57:14:178,-3.9334,-6.70125,"0,272",12,2,"27,0538","0,0958","95,8252","3,542","-50,7812"
2026 02 02 10:57:14:180,-3.9675,-6.70125,"0,272",12,2,"27,0538","0,0958","95,8252","3,542","-50,7812"
2026 02 02 10:57:14:182,-3.9675,-6.78875,"0,272",12,2,"27,0538","0,0958","95,8252","3,542","-39,0625"
2026 02 02 10:57:14:184,-3.9675,-6.78875,"0,272",12,2,"27,0538","0,0958","95,8252","3,542","-39,0625"
2026 02 02 10:57:14:186,-3.9334,-6.78875,"0,272",12,2,"27,0538","0,0958","95,8252","3,542","-50,7812"
2026 02 02 10:57:14:188,-3.9675,-6.78875,"0,272",12,2,"27,0538","0,0958","95,8252","3,542","-74,2187"
2026 02 02 10:57:14:190,-3.9675,-6.70125,"0,272",12,2,"27,0538","0,0958","95,8252","3,542","-62,5"
2026 02 02 10:57:14:192,-3.9675,-6.78875,"0,272",12,2,"27,0538","0,0958","95,8252","3,542","-50,7812"
2026 02 02 10:57:14:194,-3.9675,-6.78875,"0,272",12,2,"27,0538","0,0958","95,8252","3,542","-50,7812"
2026 02 02 10:57:14:196,-3.9675,-6.78875,"0,272",12,2,"27,0538","0,0958","95,8252","3,542","-54,6875"
2026 02 02 10:57:14:198,-3.9334,-6.70125,"0,272",12,2,"27,0538","0,0958","95,8252","3,542","-54,6875"
2026 02 02 10:57:14:200,-3.9334,-6.70125,"0,272",12,2,"27,0538","0,0958","95,8252","3,542","-54,6875"
2026 02 02 10:57:14:202,-3.9675,-6.61375,"0,272",12,2,"27,0538","0,0958","95,8252","3,542","-35,1562"
2026 02 02 10:57:14:204,-3.9675,-6.78875,"0,272",12,2,"27,0538","0,0958","95,8252","3,542","-39,0625"
2026 02 02 10:57:14:206,-3.9675,-6.70125,"0,272",12,2,"27,0538","0,0958","95,8252","3,542","-54,6875"
2026 02 02 10:57:14:208,-3.9675,-6.78875,"0,272",12,2,"27,0538","0,0958","95,8252","3,542","-70,3125"
2026 02 02 10:57:14:210,-3.9985,-6.61375,"0,272",12,2,"27,0538","0,0958","95,8252","3,542","-62,5"
2026 02 02 10:57:14:212,-3.9675,-6.78875,"0,272",12,2,"27,0538","0,0958","95,8252","3,542","-54,6875"
2026 02 02 10:57:14:214,-3.9985,-6.70125,"0,272",12,2,"27,0538","0,0958","95,8252","3,542","-50,7812"
2026 02 02 10:57:14:216,-3.9675,-6.78875,"0,272",12,2,"27,0538","0,0958","95,8252","3,542","-54,6875"
2026 02 02 10:57:14:218,-3.9675,-6.70125,"0,272",12,2,"27,0538","0,0958","95,8252","3,542","-54,6875"
2026 02 02 10:57:14:220,-3.9985,-6.78875,"0,272",12,2,"27,0538","0,0958","95,8252","3,542","-54,6875"
2026 02 02 10:57:14:222,-3.9675,-6.70125,"0,272",12,2,"27,0538","0,0958","95,8252","3,542","-35,1562"
2026 02 02 10:57:14:224,-3.9334,-6.70125,"0,272",12,2,"27,0538","0,0958","95,8252","3,542","-39,0625"
2026 02 02 10:57:14:226,-3.9675,-6.78875,"0,272",12,2,"27,0538","0,0958","95,8252","3,542","-54,6875"
2026 02 02 10:57:14:228,-3.9675,-6.70125,"0,272",12,2,"27,0538","0,0958","95,8252","3,542","-74,2187"
2026 02 02 10:57:14:230,-3.9985,-6.78875,"0,272",12,2,"27,0538","0,0958","95,8252","3,542","-62,5"
2026 02 02 10:57:14:232,-3.9675,-6.78875,"0,272",12,2,"27,0538","0,0958","95,8252","3,542","-54,6875"
2026 02 02 10:57:14:234,-3.9985,-6.78875,"0,272",12,2,"27,0538","0,0958","95,8252","3,542","-50,7812"
2026 02 02 10:57:14:236,-3.9675,-6.78875,"0,272",12,2,"27,0538","0,0958","95,8252","3,542","-58,5937"
2026 02 02 10:57:14:238,-3.9675,-6.78875,"0,272",12,2,"27,0538","0,0958","95,8252","3,542","-58,5937"
2026 02 02 10:57:14:240,-3.9675,-6.70125,"0,272",12,2,"27,0538","0,0958","95,8252","3,542","-54,6875"
2026 02 02 10:57:14:242,-3.9334,-6.78875,"0,272",12,2,"27,0538","0,0958","95,8252","3,542","-39,0625"
2026 02 02 10:57:14:244,-3.9675,-6.70125,"0,272",12,2,"27,0538","0,0958","95,8252","3,542","-39,0625"
2026 02 02 10:57:14:246,-3.9675,-6.78875,"0,272",12,2,"27,0538","0,0958","95,8252","3,542","-54,6875"
2026 02 02 10:57:14:248,-3.9985,-6.70125,"0,272",12,2,"27,0538","0,0958","95,8252","3,542","-78,125"
2026 02 02 10:57:14:250,-3.9675,-6.70125,"0,272",12,2,"27,0538","0,0958","95,8252","3,542","-62,5"
2026 02 02 10:57:14:252,-3.9675,-6.78875,"0,272",12,2,"27,0538","0,0958","95,8252","3,542","-54,6875"
2026 02 02 10:57:14:254,-3.9334,-6.78875,"0,272",12,2,"27,0538","0,0958","95,8252","3,542","-54,6875"
2026 02 02 10:57:14:256,-3.9675,-6.78875,"0,272",12,2,"27,0538","0,0958","95,8252","3,542","-58,5937"
2026 02 02 10:57:14:258,-3.9675,-6.70125,"0,272",12,2,"27,0538","0,0958","95,8252","3,542","-54,6875"
2026 02 02 10:57:14:260,-3.9675,-6.70125,"0,272",12,2,"27,0538","0,0958","95,8252","3,542","-54,6875"
2026 02 02 10:57:14:262,-3.9675,-6.70125,"0,272",12,2,"27,0538","0,0958","95,8252","3,542","-39,0625"
2026 02 02 10:57:14:264,-3.9675,-6.70125,"0,272",12,2,"27,0538","0,0958","95,8252","3,542","-35,1562"
2026 02 02 10:57:14:266,-3.9675,-6.78875,"0,272",12,2,"27,0538","0,0958","95,8252","3,542","-54,6875"
2026 02 02 10:57:14:268,-3.9675,-6.78875,"0,272",12,2,"27,0538","0,0958","95,8252","3,542","-74,2187"
2026 02 02 10:57:14:270,-3.9675,-6.78875,"0,272",12,2,"27,0538","0,0958","95,8252","3,542","-62,5"
2026 02 02 10:57:14:272,-3.9675,-6.78875,"0,272",12,2,"27,0538","0,0958","95,8252","3,542","-54,6875"
2026 02 02 10:57:14:274,-3.9675,-6.70125,"0,272",12,2,"27,0538","0,0958","95,8252","3,542","-54,6875"
2026 02 02 10:57:14:276,-3.9675,-6.78875,"0,272",12,2,"27,0538","0,0958","95,8252","3,542","-58,5937"
2026 02 02 10:57:14:278,-3.9675,-6.70125,"0,272",12,2,"27,0538","0,0958","95,8252","3,542","-54,6875"
2026 02 02 10:57:14:280,-3.9985,-6.70125,"0,272",12,2,"27,0538","0,0958","95,8252","3,542","-58,5937"
2026 02 02 10:57:14:282,-3.9334,-6.78875,"0,272",12,2,"27,0538","0,0958","95,8252","3,542","-39,0625"
2026 02 02 10:57:14:284,-3.9675,-6.70125,"0,272",12,2,"27,0538","0,0958","95,8252","3,542","-39,0625"
2026 02 02 10:57:14:286,-3.9675,-6.78875,"0,272",12,2,"27,0538","0,0958","95,8252","3,542","-54,6875"
2026 02 02 10:57:14:288,-3.9334,-6.78875,"0,272",12,2,"27,0538","0,0958","95,8252","3,542","-74,2187"
2026 02 02 10:57:14:290,-3.9675,-6.70125,"0,272",12,2,"27,0538","0,0958","95,8252","3,542","-62,5"
2026 02 02 10:57:14:292,-3.9675,-6.78875,"0,272",12,2,"27,0538","0,0958","95,8252","3,542","-58,5937"
2026 02 02 10:57:14:294,-3.9675,-6.70125,"0,272",12,2,"27,0538","0,0958","95,8252","3,542","-54,6875"
2026 02 02 10:57:14:296,-3.9985,-6.78875,"0,272",12,2,"27,0538","0,0958","95,8252","3,542","-62,5"
2026 02 02 10:57:14:298,-3.9675,-6.70125,"0,272",12,2,"27,0538","0,0958","95,8252","3,542","-54,6875"
2026 02 02 10:57:14:300,-3.9675,-6.87625,"0,272",12,2,"27,0538","0,0958","95,8252","3,542","-58,5937"
2026 02 02 10:57:14:302,-3.9675,-6.87625,"0,272",12,2,"27,0538","0,0958","95,8252","3,542","-42,9687"
2026 02 02 10:57:14:304,-3.9675,-6.78875,"0,272",12,2,"27,0538","0,0958","95,8252","3,542","-42,9687"
2026 02 02 10:57:14:306,-3.9675,-6.70125,"0,272",12,2,"27,0538","0,0958","95,8252","3,542","-58,5937"
2026 02 02 10:57:14:308,-3.9675,-6.70125,"0,272",12,2,"27,0538","0,0958","95,8252","3,542","-74,2187"
2026 02 02 10:57:14:310,-3.9675,-6.70125,"0,272",12,2,"27,0538","0,0958","95,8252","3,542","-62,5"
2026 02 02 10:57:14:312,-3.9334,-6.70125,"0,272",12,2,"27,0538","0,0958","95,8252","3,542","-58,5937"
2026 02 02 10:57:14:314,-3.9334,-6.78875,"0,272",12,2,"27,0538","0,0958","95,8252","3,542","-62,5"
2026 02 02 10:57:14:316,-3.9334,-6.78875,"0,272",12,2,"27,0538","0,0958","95,8252","3,542","-58,5937"
2026 02 02 10:57:14:318,-3.9675,-6.78875,"0,272",12,2,"27,0538","0,0958","95,8252","3,542","-54,6875"
2026 02 02 10:57:14:320,-3.9675,-6.70125,"0,272",12,2,"27,0538","0,0958","95,8252","3,542","-58,5937"
2026 02 02 10:57:14:322,-3.9675,-6.78875,"0,272",12,2,"27,0538","0,0958","95,8252","3,542","-42,9687"
2026 02 02 10:57:14:324,-3.9334,-6.70125,"0,272",12,2,"27,0538","0,0958","95,8252","3,542","-42,9687"
2026 02 02 10:57:14:326,-3.9675,-6.78875,"0,272",12,2,"27,0538","0,0958","95,8252","3,542","-58,5937"
2026 02 02 10:57:14:328,-3.9675,-6.78875,"0,272",12,2,"27,0538","0,0958","95,8252","3,542","-78,125"
2026 02 02 10:57:14:330,-3.9675,-6.78875,"0,272",12,2,"27,0538","0,0958","95,8252","3,542","-62,5"
2026 02 02 10:57:14:332,-3.9675,-6.78875,"0,272",12,2,"27,0538","0,0958","95,8252","3,542","-58,5937"
2026 02 02 10:57:14:334,-3.9985,-6.70125,"0,272",12,2,"27,0538","0,0958","95,8252","3,542","-58,5937"
2026 02 02 10:57:14:336,-3.9675,-6.78875,"0,272",12,2,"27,0538","0,0958","95,8252","3,542","-58,5937"
2026 02 02 10:57:14:338,-3.9334,-6.70125,"0,272",12,2,"27,0538","0,0958","95,8252","3,542","-58,5937"
2026 02 02 10:57:14:340,-3.9334,-6.78875,"0,272",12,2,"27,0538","0,0958","95,8252","3,542","-58,5937"
2026 02 02 10:57:14:342,-3.9675,-6.78875,"0,272",12,2,"27,0538","0,0958","95,8252","3,542","-42,9687"
2026 02 02 10:57:14:344,-3.9334,-6.70125,"0,272",12,2,"27,0538","0,0958","95,8252","3,542","-42,9687"
2026 02 02 10:57:14:346,-3.9985,-6.70125,"0,272",12,2,"27,0538","0,0958","95,8252","3,542","-58,5937"
2026 02 02 10:57:14:348,-3.9334,-6.78875,"0,272",12,2,"27,0538","0,0958","95,8252","3,542","-78,125"
2026 02 02 10:57:14:350,-3.9675,-6.70125,"0,272",12,2,"27,0538","0,0958","95,8252","3,542","-62,5"
2026 02 02 10:57:14:352,-3.9675,-6.70125,"0,272",12,2,"27,0538","0,0958","95,8252","3,542","-58,5937"
2026 02 02 10:57:14:354,-3.9675,-6.78875,"0,272",12,2,"27,0538","0,0958","95,8252","3,542","-58,5937"
2026 02 02 10:57:14:356,-3.9985,-6.78875,"0,272",12,2,"27,0538","0,0958","95,8252","3,542","-62,5"
2026 02 02 10:57:14:358,-3.9675,-6.70125,"0,272",12,2,"27,0538","0,0958","95,8252","3,542","-54,6875"
2026 02 02 10:57:14:360,-3.9334,-6.70125,"0,272",12,2,"27,0538","0,0958","95,8252","3,542","-58,5937"
2026 02 02 10:57:14:362,-3.9334,-6.70125,"0,272",12,2,"27,0538","0,0958","95,8252","3,542","-46,875"
2026 02 02 10:57:14:364,-3.9675,-6.78875,"0,272",12,2,"27,0538","0,0958","95,8252","3,542","-39,0625"
2026 02 02 10:57:14:366,-3.9334,-6.70125,"0,272",12,2,"27,0538","0,0958","95,8252","3,542","-58,5937"
2026 02 02 10:57:14:368,-3.9675,-6.70125,"0,272",12,2,"27,0538","0,0958","95,8252","3,542","-82,0312"
2026 02 02 10:57:14:370,-3.9675,-6.78875,"0,272",12,2,"27,0538","0,0958","95,8252","3,542","-66,4062"
2026 02 02 10:57:14:372,-3.9675,-6.70125,"0,272",12,2,"27,0538","0,0958","95,8252","3,542","-58,5937"
2026 02 02 10:57:14:374,-3.9675,-6.78875,"0,272",12,2,"27,0538","0,0958","95,8252","3,542","-62,5"
2026 02 02 10:57:14:376,-3.9675,-6.78875,"0,272",12,2,"27,0538","0,0958","95,8252","3,542","-62,5"
2026 02 02 10:57:14:378,-3.9675,-6.78875,"0,272",12,2,"27,0538","0,0958","95,8252","3,542","-58,5937"
2026 02 02 10:57:14:380,-3.9675,-6.78875,"0,272",12,2,"27,0538","0,0958","95,8252","3,542","-62,5"
2026 02 02 10:57:14:382,-3.9675,-6.78875,"0,272",12,2,"27,0538","0,0958","95,8252","3,542","-42,9687"
2026 02 02 10:57:14:384,-3.9675,-6.78875,"0,272",12,2,"27,0538","0,0958","95,8252","3,542","-35,1562"
2026 02 02 10:57:14:386,-3.9985,-6.70125,"0,272",12,2,"27,0538","0,0958","95,8252","3,542","-58,5937"
2026 02 02 10:57:14:388,-3.9675,-6.70125,"0,272",12,2,"27,0538","0,0958","95,8252","3,542","-74,2187"
2026 02 02 10:57:14:390,-3.9334,-6.78875,"0,272",12,2,"27,0538","0,0958","95,8252","3,542","-66,4062"
2026 02 02 10:57:14:392,-3.9675,-6.78875,"0,272",12,2,"27,0538","0,0958","95,8252","3,542","-62,5"
2026 02 02 10:57:14:394,-3.9675,-6.78875,"0,272",12,2,"27,0538","0,0958","95,8252","3,542","-62,5"
2026 02 02 10:57:14:396,-3.9675,-6.70125,"0,272",12,2,"27,0538","0,0958","95,8252","3,542","-62,5"
2026 02 02 10:57:14:398,-3.9675,-6.70125,"0,272",12,2,"27,0538","0,0958","95,8252","3,542","-62,5"
2026 02 02 10:57:14:400,-3.9334,-6.78875,"0,272",12,2,"27,0538","0,0958","95,8252","3,542","-62,5"
2026 02 02 10:57:14:402,-3.9675,-6.78875,"0,272",12,2,"27,0538","0,0958","95,8252","3,542","-39,0625"
2026 02 02 10:57:14:404,-3.9334,-6.78875,"0,272",12,2,"27,0538","0,0958","95,8252","3,542","-35,1562"
2026 02 02 10:57:14:406,-3.9985,-6.70125,"0,272",12,2,"27,0538","0,0958","95,8252","3,542","-62,5"
2026 02 02 10:57:14:408,-3.9675,-6.78875,"0,272",12,2,"27,0538","0,0958","95,8252","3,542","-74,2187"
2026 02 02 10:57:14:410,-3.9675,-6.78875,"0,272",12,2,"27,0538","0,0958","95,8252","3,542","-62,5"
2026 02 02 10:57:14:412,-3.9675,-6.70125,"0,272",12,2,"27,0538","0,0958","95,8252","3,542","-66,4062"
2026 02 02 10:57:14:414,-3.9334,-6.78875,"0,272",12,2,"27,0538","0,0958","95,8252","3,542","-62,5"
2026 02 02 10:57:14:416,-3.9675,-6.78875,"0,272",12,2,"27,0538","0,0958","95,8252","3,542","-58,5937"
2026 02 02 10:57:14:418,-3.9334,-6.78875,"0,272",12,2,"27,0538","0,0958","95,8252","3,542","-62,5"
2026 02 02 10:57:14:420,-3.9675,-6.87625,"0,272",12,2,"27,0538","0,0958","95,8252","3,542","-62,5"
2026 02 02 10:57:14:422,-3.9675,-6.70125,"0,272",12,2,"27,0538","0,0958","95,8252","3,542","-39,0625"
2026 02 02 10:57:14:424,-3.9675,-6.78875,"0,272",12,2,"27,0538","0,0958","95,8252","3,542","-42,9687"
2026 02 02 10:57:14:426,-3.9675,-6.78875,"0,272",12,2,"27,0538","0,0958","95,8252","3,542","-62,5"
2026 02 02 10:57:14:428,-3.9675,-6.78875,"0,272",12,2,"27,0538","0,0958","95,8252","3,542","-74,2187"
2026 02 02 10:57:14:430,-3.9985,-6.70125,"0,272",12,2,"27,0538","0,0958","95,8252","3,542","-66,4062"
2026 02 02 10:57:14:432,-3.9675,-6.78875,"0,272",12,2,"27,0538","0,0958","95,8252","3,542","-62,5"
2026 02 02 10:57:14:434,-3.9675,-6.70125,"0,272",12,2,"27,0538","0,0958","95,8252","3,542","-58,5937"
2026 02 02 10:57:14:436,-3.9675,-6.78875,"0,272",12,2,"27,0538","0,0958","95,8252","3,542","-58,5937"
2026 02 02 10:57:14:438,-3.9334,-6.70125,"0,272",12,2,"27,0538","0,0958","95,8252","3,542","-62,5"
2026 02 02 10:57:14:440,-3.9675,-6.78875,"0,272",12,2,"27,0538","0,0958","95,8252","3,542","-62,5"
2026 02 02 10:57:14:442,-3.9675,-6.78875,"0,272",12,2,"27,0538","0,0958","95,8252","3,542","-42,9687"
2026 02 02 10:57:14:444,-3.9675,-6.78875,"0,272",12,2,"27,0538","0,0958","95,8252","3,542","-46,875"
2026 02 02 10:57:14:446,-3.9334,-6.70125,"0,272",12,2,"27,0538","0,0958","95,8252","3,542","-62,5"
2026 02 02 10:57:14:448,-3.9675,-6.78875,"0,272",12,2,"27,0538","0,0958","95,8252","3,542","-82,0312"
2026 02 02 10:57:14:450,-3.9675,-6.78875,"0,272",12,2,"27,0538","0,0958","95,8252","3,542","-66,4062"
2026 02 02 10:57:14:452,-3.9675,-6.78875,"0,272",12,2,"27,0538","0,0958","95,8252","3,542","-66,4062"
2026 02 02 10:57:14:454,-3.9675,-6.78875,"0,272",12,2,"27,0538","0,0958","95,8252","3,542","-62,5"
2026 02 02 10:57:14:456,-3.9675,-6.78875,"0,272",12,2,"27,0538","0,0958","95,8252","3,542","-62,5"
2026 02 02 10:57:14:458,-3.9675,-6.70125,"0,272",12,2,"27,0538","0,0958","95,8252","3,542","-62,5"
2026 02 02 10:57:14:460,-3.9675,-6.78875,"0,272",12,2,"27,0538","0,0958","95,8252","3,542","-58,5937"
2026 02 02 10:57:14:462,-3.9675,-6.70125,"0,268",12,2,"17,4561","1,7803","81,2073","4,6521","-46,875"
2026 02 02 10:57:14:464,-3.9985,-6.78875,"0,268",12,2,"17,4561","1,7803","81,2073","4,6521","-50,7812"
2026 02 02 10:57:14:466,-3.9675,-6.78875,"0,268",12,2,"17,4561","1,7803","81,2073","4,6521","-62,5"
2026 02 02 10:57:14:468,-3.9675,-6.78875,"0,268",12,2,"17,4561","1,7803","81,2073","4,6521","-78,125"
2026 02 02 10:57:14:470,-3.9675,-6.78875,"0,268",12,2,"17,4561","1,7803","81,2073","4,6521","-70,3125"
2026 02 02 10:57:14:472,-3.9675,-6.70125,"0,268",12,2,"17,4561","1,7803","81,2073","4,6521","-66,4062"
2026 02 02 10:57:14:474,-3.9675,-6.78875,"0,268",12,2,"17,4561","1,7803","81,2073","4,6521","-62,5"
2026 02 02 10:57:14:476,-3.9334,-6.78875,"0,268",12,2,"17,4561","1,7803","81,2073","4,6521","-62,5"
2026 02 02 10:57:14:478,-3.9675,-6.78875,"0,268",12,2,"17,4561","1,7803","81,2073","4,6521","-62,5"
2026 02 02 10:57:14:480,-3.9985,-6.70125,"0,268",12,2,"17,4561","1,7803","81,2073","4,6521","-62,5"
2026 02 02 10:57:14:482,-3.9675,-6.70125,"0,268",12,2,"17,4561","1,7803","81,2073","4,6521","-46,875"
2026 02 02 10:57:14:484,-3.9675,-6.78875,"0,268",12,2,"17,4561","1,7803","81,2073","4,6521","-50,7812"
2026 02 02 10:57:14:486,-3.9334,-6.78875,"0,268",12,2,"17,4561","1,7803","81,2073","4,6521","-58,5937"
2026 02 02 10:57:14:488,-3.9675,-6.78875,"0,268",12,2,"17,4561","1,7803","81,2073","4,6521","-82,0312"
2026 02 02 10:57:14:490,-3.9334,-6.87625,"0,268",12,2,"17,4561","1,7803","81,2073","4,6521","-70,3125"
2026 02 02 10:57:14:492,-3.9675,-6.78875,"0,268",12,2,"17,4561","1,7803","81,2073","4,6521","-62,5"
2026 02 02 10:57:14:494,-3.9334,-6.78875,"0,268",12,2,"17,4561","1,7803","81,2073","4,6521","-58,5937"
2026 02 02 10:57:14:496,-3.9675,-6.78875,"0,268",12,2,"17,4561","1,7803","81,2073","4,6521","-62,5"
2026 02 02 10:57:14:498,-3.9985,-6.78875,"0,268",12,2,"17,4561","1,7803","81,2073","4,6521","-62,5"
2026 02 02 10:57:14:500,-3.9675,-6.70125,"0,268",12,2,"17,4561","1,7803","81,2073","4,6521","-62,5"
2026 02 02 10:57:14:502,-3.9985,-6.78875,"0,268",12,2,"17,4561","1,7803","81,2073","4,6521","-42,9687"
2026 02 02 10:57:14:504,-3.9985,-6.78875,"0,268",12,2,"17,4561","1,7803","81,2073","4,6521","-46,875"
2026 02 02 10:57:14:506,-3.9675,-6.78875,"0,268",12,2,"17,4561","1,7803","81,2073","4,6521","-62,5"
2026 02 02 10:57:14:508,-3.9675,-6.70125,"0,268",12,2,"17,4561","1,7803","81,2073","4,6521","-82,0312"
2026 02 02 10:57:14:510,-3.9675,-6.78875,"0,268",12,2,"17,4561","1,7803","81,2073","4,6521","-70,3125"
2026 02 02 10:57:14:512,-3.9675,-6.70125,"0,268",12,2,"17,4561","1,7803","81,2073","4,6521","-62,5"
2026 02 02 10:57:14:514,-3.9675,-6.70125,"0,268",12,2,"17,4561","1,7803","81,2073","4,6521","-62,5"
2026 02 02 10:57:14:516,-3.9675,-6.70125,"0,268",12,2,"17,4561","1,7803","81,2073","4,6521","-66,4062"
2026 02 02 10:57:14:518,-3.9675,-6.70125,"0,268",12,2,"17,4561","1,7803","81,2073","4,6521","-62,5"
2026 02 02 10:57:14:520,-3.9675,-6.70125,"0,268",12,2,"17,4561","1,7803","81,2073","4,6521","-62,5"
2026 02 02 10:57:14:522,-3.9334,-6.70125,"0,268",12,2,"17,4561","1,7803","81,2073","4,6521","-46,875"
2026 02 02 10:57:14:524,-3.9675,-6.70125,"0,268",12,2,"17,4561","1,7803","81,2073","4,6521","-42,9687"
2026 02 02 10:57:14:526,-3.9985,-6.78875,"0,268",12,2,"17,4561","1,7803","81,2073","4,6521","-62,5"
2026 02 02 10:57:14:528,-3.9675,-6.70125,"0,268",12,2,"17,4561","1,7803","81,2073","4,6521","-85,9375"
2026 02 02 10:57:14:530,-3.9334,-6.78875,"0,268",12,2,"17,4561","1,7803","81,2073","4,6521","-70,3125"
2026 02 02 10:57:14:532,-3.9675,-6.78875,"0,268",12,2,"17,4561","1,7803","81,2073","4,6521","-62,5"
2026 02 02 10:57:14:534,-3.9675,-6.78875,"0,268",12,2,"17,4561","1,7803","81,2073","4,6521","-62,5"
2026 02 02 10:57:14:536,-3.9675,-6.78875,"0,268",12,2,"17,4561","1,7803","81,2073","4,6521","-66,4062"
2026 02 02 10:57:14:538,-3.9334,-6.78875,"0,268",12,2,"17,4561","1,7803","81,2073","4,6521","-58,5937"
2026 02 02 10:57:14:540,-3.9675,-6.87625,"0,268",12,2,"17,4561","1,7803","81,2073","4,6521","-62,5"
2026 02 02 10:57:14:542,-3.9334,-6.78875,"0,268",12,2,"17,4561","1,7803","81,2073","4,6521","-42,9687"
2026 02 02 10:57:14:544,-3.9675,-6.78875,"0,268",12,2,"17,4561","1,7803","81,2073","4,6521","-46,875"
2026 02 02 10:57:14:546,-3.9675,-6.70125,"0,268",12,2,"17,4561","1,7803","81,2073","4,6521","-62,5"
2026 02 02 10:57:14:548,-3.9675,-6.78875,"0,268",12,2,"17,4561","1,7803","81,2073","4,6521","-82,0312"
2026 02 02 10:57:14:550,-3.9675,-6.70125,"0,268",12,2,"17,4561","1,7803","81,2073","4,6521","-70,3125"
2026 02 02 10:57:14:552,-3.9675,-6.78875,"0,268",12,2,"17,4561","1,7803","81,2073","4,6521","-66,4062"
2026 02 02 10:57:14:554,-3.9675,-6.78875,"0,268",12,2,"17,4561","1,7803","81,2073","4,6521","-66,4062"
2026 02 02 10:57:14:556,-3.9675,-6.87625,"0,268",12,2,"17,4561","1,7803","81,2073","4,6521","-66,4062"
2026 02 02 10:57:14:558,-3.9675,-6.70125,"0,268",12,2,"17,4561","1,7803","81,2073","4,6521","-62,5"
2026 02 02 10:57:14:560,-3.9675,-6.78875,"0,268",12,2,"17,4561","1,7803","81,2073","4,6521","-66,4062"
2026 02 02 10:57:14:562,-3.9675,-6.70125,"0,268",12,2,"17,4561","1,7803","81,2073","4,6521","-46,875"
2026 02 02 10:57:14:564,-3.9675,-6.78875,"0,268",12,2,"17,4561","1,7803","81,2073","4,6521","-46,875"
2026 02 02 10:57:14:566,-3.9675,-6.70125,"0,268",12,2,"17,4561","1,7803","81,2073","4,6521","-62,5"
2026 02 02 10:57:14:568,-3.9675,-6.70125,"0,268",12,2,"17,4561","1,7803","81,2073","4,6521","-82,0312"
2026 02 02 10:57:14:570,-3.9334,-6.78875,"0,268",12,2,"17,4561","1,7803","81,2073","4,6521","-70,3125"
2026 02 02 10:57:14:572,-3.9675,-6.70125,"0,268",12,2,"17,4561","1,7803","81,2073","4,6521","-66,4062"
2026 02 02 10:57:14:574,-3.9675,-6.70125,"0,268",12,2,"17,4561","1,7803","81,2073","4,6521","-66,4062"
2026 02 02 10:57:14:576,-3.9985,-6.78875,"0,268",12,2,"17,4561","1,7803","81,2073","4,6521","-70,3125"
2026 02 02 10:57:14:578,-3.9675,-6.78875,"0,268",12,2,"17,4561","1,7803","81,2073","4,6521","-66,4062"
2026 02 02 10:57:14:580,-3.9675,-6.78875,"0,268",12,2,"17,4561","1,7803","81,2073","4,6521","-66,4062"
2026 02 02 10:57:14:582,-3.9675,-6.70125,"0,268",12,2,"17,4561","1,7803","81,2073","4,6521","-50,7812"
2026 02 02 10:57:14:584,-3.9675,-6.78875,"0,268",12,2,"17,4561","1,7803","81,2073","4,6521","-50,7812"
2026 02 02 10:57:14:586,-3.9675,-6.78875,"0,268",12,2,"17,4561","1,7803","81,2073","4,6521","-62,5"
2026 02 02 10:57:14:588,-3.9675,-6.70125,"0,268",12,2,"17,4561","1,7803","81,2073","4,6521","-78,125"
2026 02 02 10:57:14:590,-3.9675,-6.78875,"0,268",12,2,"17,4561","1,7803","81,2073","4,6521","-70,3125"
2026 02 02 10:57:14:592,-3.9675,-6.78875,"0,268",12,2,"17,4561","1,7803","81,2073","4,6521","-62,5"
2026 02 02 10:57:14:594,-3.9675,-6.78875,"0,268",12,2,"17,4561","1,7803","81,2073","4,6521","-66,4062"
2026 02 02 10:57:14:596,-3.9675,-6.78875,"0,268",12,2,"17,4561","1,7803","81,2073","4,6521","-62,5"
2026 02 02 10:57:14:598,-3.9675,-6.78875,"0,268",12,2,"17,4561","1,7803","81,2073","4,6521","-62,5"
2026 02 02 10:57:14:600,-3.9675,-6.70125,"0,268",12,2,"17,4561","1,7803","81,2073","4,6521","-66,4062"
2026 02 02 10:57:14:602,-3.9675,-6.70125,"0,268",12,2,"17,4561","1,7803","81,2073","4,6521","-50,7812"
2026 02 02 10:57:14:604,-3.9675,-6.70125,"0,268",12,2,"17,4561","1,7803","81,2073","4,6521","-50,7812"
2026 02 02 10:57:14:606,-3.9334,-6.70125,"0,268",12,2,"17,4561","1,7803","81,2073","4,6521","-66,4062"
2026 02 02 10:57:14:608,-3.9675,-6.70125,"0,268",12,2,"17,4561","1,7803","81,2073","4,6521","-78,125"
2026 02 02 10:57:14:610,-3.9675,-6.70125,"0,268",12,2,"17,4561","1,7803","81,2073","4,6521","-70,3125"
2026 02 02 10:57:14:612,-3.9675,-6.70125,"0,268",12,2,"17,4561","1,7803","81,2073","4,6521","-66,4062"
2026 02 02 10:57:14:614,-3.9675,-6.70125,"0,268",12,2,"17,4561","1,7803","81,2073","4,6521","-66,4062"
2026 02 02 10:57:14:616,-3.9334,-6.78875,"0,268",12,2,"17,4561","1,7803","81,2073","4,6521","-66,4062"
2026 02 02 10:57:14:618,-3.9675,-6.78875,"0,268",12,2,"17,4561","1,7803","81,2073","4,6521","-66,4062"
2026 02 02 10:57:14:620,-3.9675,-6.70125,"0,268",12,2,"17,4561","1,7803","81,2073","4,6521","-66,4062"
2026 02 02 10:57:14:622,-3.9985,-6.78875,"0,268",12,2,"17,4561","1,7803","81,2073","4,6521","-46,875"
2026 02 02 10:57:14:624,-3.9675,-6.70125,"0,268",12,2,"17,4561","1,7803","81,2073","4,6521","-50,7812"
2026 02 02 10:57:14:626,-3.9985,-6.70125,"0,268",12,2,"17,4561","1,7803","81,2073","4,6521","-66,4062"
2026 02 02 10:57:14:628,-3.9985,-6.70125,"0,268",12,2,"17,4561","1,7803","81,2073","4,6521","-82,0312"
2026 02 02 10:57:14:630,-3.9675,-6.78875,"0,268",12,2,"17,4561","1,7803","81,2073","4,6521","-70,3125"
2026 02 02 10:57:14:632,-3.9675,-6.87625,"0,268",12,2,"17,4561","1,7803","81,2073","4,6521","-70,3125"
2026 02 02 10:57:14:634,-3.9334,-6.78875,"0,268",12,2,"17,4561","1,7803","81,2073","4,6521","-66,4062"
2026 02 02 10:57:14:636,-3.9675,-6.78875,"0,268",12,2,"17,4561","1,7803","81,2073","4,6521","-66,4062"
2026 02 02 10:57:14:638,-3.9675,-6.78875,"0,268",12,2,"17,4561","1,7803","81,2073","4,6521","-66,4062"
2026 02 02 10:57:14:640,-3.9675,-6.70125,"0,268",12,2,"17,4561","1,7803","81,2073","4,6521","-70,3125"
2026 02 02 10:57:14:642,-3.9675,-6.78875,"0,268",12,2,"17,4561","1,7803","81,2073","4,6521","-46,875"
2026 02 02 10:57:14:644,-3.9334,-6.70125,"0,268",12,2,"17,4561","1,7803","81,2073","4,6521","-50,7812"
2026 02 02 10:57:14:646,-3.9675,-6.78875,"0,268",12,2,"17,4561","1,7803","81,2073","4,6521","-62,5"
2026 02 02 10:57:14:648,-3.9334,-6.70125,"0,268",12,2,"17,4561","1,7803","81,2073","4,6521","-82,0312"
2026 02 02 10:57:14:650,-3.9985,-6.78875,"0,268",12,2,"17,4561","1,7803","81,2073","4,6521","-70,3125"
2026 02 02 10:57:14:652,-3.9675,-6.70125,"0,268",12,2,"17,4561","1,7803","81,2073","4,6521","-70,3125"
2026 02 02 10:57:14:654,-3.9675,-6.78875,"0,268",12,2,"17,4561","1,7803","81,2073","4,6521","-66,4062"
2026 02 02 10:57:14:656,-3.9675,-6.78875,"0,268",12,2,"17,4561","1,7803","81,2073","4,6521","-66,4062"
2026 02 02 10:57:14:658,-3.9675,-6.78875,"0,268",12,2,"17,4561","1,7803","81,2073","4,6521","-66,4062"
2026 02 02 10:57:14:660,-3.9675,-6.78875,"0,268",12,2,"17,4561","1,7803","81,2073","4,6521","-66,4062"
2026 02 02 10:57:14:662,-3.9675,-6.78875,"0,268",12,2,"17,4561","1,7803","81,2073","4,6521","-42,9687"
2026 02 02 10:57:14:664,-3.9334,-6.78875,"0,268",12,2,"17,4561","1,7803","81,2073","4,6521","-50,7812"
2026 02 02 10:57:14:666,-3.9985,-6.78875,"0,268",12,2,"17,4561","1,7803","81,2073","4,6521","-66,4062"
2026 02 02 10:57:14:668,-3.9675,-6.78875,"0,268",12,2,"17,4561","1,7803","81,2073","4,6521","-78,125"
2026 02 02 10:57:14:670,-3.9675,-6.78875,"0,268",12,2,"17,4561","1,7803","81,2073","4,6521","-74,2187"
2026 02 02 10:57:14:672,-3.9675,-6.78875,"0,268",12,2,"17,4561","1,7803","81,2073","4,6521","-70,3125"
2026 02 02 10:57:14:674,-3.9985,-6.78875,"0,268",12,2,"17,4561","1,7803","81,2073","4,6521","-66,4062"
2026 02 02 10:57:14:676,-3.9675,-6.78875,"0,268",12,2,"17,4561","1,7803","81,2073","4,6521","-66,4062"
2026 02 02 10:57:14:678,-3.9675,-6.78875,"0,268",12,2,"17,4561","1,7803","81,2073","4,6521","-66,4062"
2026 02 02 10:57:14:680,-3.9675,-6.78875,"0,268",12,2,"17,4561","1,7803","81,2073","4,6521","-66,4062"
2026 02 02 10:57:14:682,-3.9675,-6.78875,"0,268",12,2,"17,4561","1,7803","81,2073","4,6521","-42,9687"
2026 02 02 10:57:14:684,-3.9675,-6.87625,"0,268",12,2,"17,4561","1,7803","81,2073","4,6521","-50,7812"
2026 02 02 10:57:14:686,-3.9985,-6.70125,"0,268",12,2,"17,4561","1,7803","81,2073","4,6521","-62,5"
2026 02 02 10:57:14:688,-3.9675,-6.78875,"0,268",12,2,"17,4561","1,7803","81,2073","4,6521","-74,2187"
2026 02 02 10:57:14:690,-3.9675,-6.78875,"0,268",12,2,"17,4561","1,7803","81,2073","4,6521","-70,3125"
2026 02 02 10:57:14:692,-3.9675,-6.78875,"0,268",12,2,"17,4561","1,7803","81,2073","4,6521","-66,4062"
2026 02 02 10:57:14:694,-3.9675,-6.78875,"0,268",12,2,"17,4561","1,7803","81,2073","4,6521","-66,4062"
2026 02 02 10:57:14:696,-3.9985,-6.78875,"0,268",12,2,"17,4561","1,7803","81,2073","4,6521","-66,4062"
2026 02 02 10:57:14:698,-3.9675,-6.78875,"0,268",12,2,"17,4561","1,7803","81,2073","4,6521","-70,3125"
2026 02 02 10:57:14:700,-3.9675,-6.78875,"0,268",12,2,"17,4561","1,7803","81,2073","4,6521","-66,4062"
2026 02 02 10:57:14:702,-3.9985,-6.70125,"0,268",12,2,"17,4561","1,7803","81,2073","4,6521","-46,875"
2026 02 02 10:57:14:704,-3.9675,-6.78875,"0,268",12,2,"17,4561","1,7803","81,2073","4,6521","-50,7812"
2026 02 02 10:57:14:706,-3.9675,-6.78875,"0,268",12,2,"17,4561","1,7803","81,2073","4,6521","-62,5"
2026 02 02 10:57:14:708,-3.9675,-6.70125,"0,268",12,2,"17,4561","1,7803","81,2073","4,6521","-74,2187"
2026 02 02 10:57:14:710,-3.9334,-6.78875,"0,268",12,2,"17,4561","1,7803","81,2073","4,6521","-70,3125"
2026 02 02 10:57:14:712,-3.9675,-6.78875,"0,268",12,2,"17,4561","1,7803","81,2073","4,6521","-70,3125"
2026 02 02 10:57:14:714,-3.9675,-6.78875,"0,268",12,2,"17,4561","1,7803","81,2073","4,6521","-70,3125"
2026 02 02 10:57:14:716,-3.9675,-6.78875,"0,268",12,2,"17,4561","1,7803","81,2073","4,6521","-66,4062"
2026 02 02 10:57:14:718,-3.9985,-6.78875,"0,268",12,2,"17,4561","1,7803","81,2073","4,6521","-66,4062"
2026 02 02 10:57:14:720,-3.9675,-6.70125,"0,268",12,2,"17,4561","1,7803","81,2073","4,6521","-70,3125"
2026 02 02 10:57:14:722,-3.9675,-6.70125,"0,268",12,2,"17,4561","1,7803","81,2073","4,6521","-46,875"
2026 02 02 10:57:14:724,-3.9334,-6.70125,"0,268",12,2,"17,4561","1,7803","81,2073","4,6521","-54,6875"
2026 02 02 10:57:14:726,-3.9675,-6.70125,"0,268",12,2,"17,4561","1,7803","81,2073","4,6521","-66,4062"
2026 02 02 10:57:14:728,-3.9675,-6.78875,"0,268",12,2,"17,4561","1,7803","81,2073","4,6521","-78,125"
2026 02 02 10:57:14:730,-3.9675,-6.78875,"0,268",12,2,"17,4561","1,7803","81,2073","4,6521","-70,3125"
2026 02 02 10:57:14:732,-3.9675,-6.78875,"0,268",12,2,"17,4561","1,7803","81,2073","4,6521","-70,3125"
2026 02 02 10:57:14:734,-3.9675,-6.78875,"0,268",12,2,"17,4561","1,7803","81,2073","4,6521","-66,4062"
2026 02 02 10:57:14:736,-3.9985,-6.70125,"0,268",12,2,"17,4561","1,7803","81,2073","4,6521","-66,4062"
2026 02 02 10:57:14:738,-3.9675,-6.78875,"0,268",12,2,"17,4561","1,7803","81,2073","4,6521","-70,3125"
2026 02 02 10:57:14:740,-3.9675,-6.78875,"0,268",12,2,"17,4561","1,7803","81,2073","4,6521","-66,4062"
2026 02 02 10:57:14:742,-3.9675,-6.78875,"0,268",12,2,"17,4561","1,7803","81,2073","4,6521","-46,875"
2026 02 02 10:57:14:744,-3.9675,-6.78875,"0,268",12,2,"17,4561","1,7803","81,2073","4,6521","-54,6875"
2026 02 02 10:57:14:746,-3.9675,-6.78875,"0,268",12,2,"17,4561","1,7803","81,2073","4,6521","-66,4062"
2026 02 02 10:57:14:748,-3.9985,-6.78875,"0,268",12,2,"17,4561","1,7803","81,2073","4,6521","-82,0312"
2026 02 02 10:57:14:750,-3.9675,-6.78875,"0,268",12,2,"17,4561","1,7803","81,2073","4,6521","-74,2187"
2026 02 02 10:57:14:752,-3.9675,-6.70125,"0,268",12,2,"17,4561","1,7803","81,2073","4,6521","-70,3125"
2026 02 02 10:57:14:754,-3.9985,-6.70125,"0,268",12,2,"17,4561","1,7803","81,2073","4,6521","-66,4062"
2026 02 02 10:57:14:756,-3.9985,-6.78875,"0,268",12,2,"17,4561","1,7803","81,2073","4,6521","-66,4062"
2026 02 02 10:57:14:758,-3.9675,-6.61375,"0,268",12,2,"17,4561","1,7803","81,2073","4,6521","-66,4062"
2026 02 02 10:57:14:760,-3.9334,-6.78875,"0,266",12,2,"12,3444","4,7314","66,5131","5,3881","-66,4062"
2026 02 02 10:57:14:762,-3.9675,-6.70125,"0,266",12,2,"12,3444","4,7314","66,5131","5,3881","-46,875"
2026 02 02 10:57:14:764,-3.9675,-6.78875,"0,266",12,2,"12,3444","4,7314","66,5131","5,3881","-58,5937"
2026 02 02 10:57:14:766,-3.9334,-6.78875,"0,266",12,2,"12,3444","4,7314","66,5131","5,3881","-70,3125"
2026 02 02 10:57:14:768,-3.9334,-6.70125,"0,266",12,2,"12,3444","4,7314","66,5131","5,3881","-78,125"
2026 02 02 10:57:14:770,-3.9675,-6.78875,"0,266",12,2,"12,3444","4,7314","66,5131","5,3881","-74,2187"
2026 02 02 10:57:14:772,-3.9675,-6.78875,"0,266",12,2,"12,3444","4,7314","66,5131","5,3881","-70,3125"
2026 02 02 10:57:14:774,-3.9675,-6.78875,"0,266",12,2,"12,3444","4,7314","66,5131","5,3881","-66,4062"
2026 02 02 10:57:14:776,-3.9675,-6.70125,"0,266",12,2,"12,3444","4,7314","66,5131","5,3881","-66,4062"
2026 02 02 10:57:14:778,-3.9334,-6.78875,"0,266",12,2,"12,3444","4,7314","66,5131","5,3881","-66,4062"
2026 02 02 10:57:14:780,-3.9675,-6.70125,"0,266",12,2,"12,3444","4,7314","66,5131","5,3881","-62,5"
2026 02 02 10:57:14:782,-3.9675,-6.78875,"0,266",12,2,"12,3444","4,7314","66,5131","5,3881","-46,875"
2026 02 02 10:57:14:784,-3.9334,-6.78875,"0,266",12,2,"12,3444","4,7314","66,5131","5,3881","-54,6875"
2026 02 02 10:57:14:786,-3.9334,-6.78875,"0,266",12,2,"12,3444","4,7314","66,5131","5,3881","-66,4062"
2026 02 02 10:57:14:788,-3.9675,-6.78875,"0,266",12,2,"12,3444","4,7314","66,5131","5,3881","-74,2187"
2026 02 02 10:57:14:790,-3.9675,-6.70125,"0,266",12,2,"12,3444","4,7314","66,5131","5,3881","-74,2187"
2026 02 02 10:57:14:792,-3.9675,-6.70125,"0,266",12,2,"12,3444","4,7314","66,5131","5,3881","-70,3125"
2026 02 02 10:57:14:794,-3.9675,-6.78875,"0,266",12,2,"12,3444","4,7314","66,5131","5,3881","-66,4062"
2026 02 02 10:57:14:796,-3.9675,-6.78875,"0,266",12,2,"12,3444","4,7314","66,5131","5,3881","-66,4062"
2026 02 02 10:57:14:798,-3.9675,-6.70125,"0,266",12,2,"12,3444","4,7314","66,5131","5,3881","-66,4062"
2026 02 02 10:57:14:800,-3.9675,-6.78875,"0,266",12,2,"12,3444","4,7314","66,5131","5,3881","-66,4062"
2026 02 02 10:57:14:802,-3.9675,-6.78875,"0,266",12,2,"12,3444","4,7314","66,5131","5,3881","-46,875"
2026 02 02 10:57:14:804,-3.9675,-6.70125,"0,266",12,2,"12,3444","4,7314","66,5131","5,3881","-58,5937"
2026 02 02 10:57:14:806,-3.9675,-6.78875,"0,266",12,2,"12,3444","4,7314","66,5131","5,3881","-62,5"
2026 02 02 10:57:14:808,-3.9675,-6.87625,"0,266",12,2,"12,3444","4,7314","66,5131","5,3881","-78,125"
2026 02 02 10:57:14:810,-3.9675,-6.87625,"0,266",12,2,"12,3444","4,7314","66,5131","5,3881","-74,2187"
2026 02 02 10:57:14:812,-3.9675,-6.78875,"0,266",12,2,"12,3444","4,7314","66,5131","5,3881","-70,3125"
2026 02 02 10:57:14:814,-3.9675,-6.78875,"0,266",12,2,"12,3444","4,7314","66,5131","5,3881","-66,4062"
2026 02 02 10:57:14:816,-3.9675,-6.78875,"0,266",12,2,"12,3444","4,7314","66,5131","5,3881","-70,3125"
2026 02 02 10:57:14:818,-3.9675,-6.78875,"0,266",12,2,"12,3444","4,7314","66,5131","5,3881","-70,3125"
2026 02 02 10:57:14:820,-3.9675,-6.78875,"0,266",12,2,"12,3444","4,7314","66,5131","5,3881","-66,4062"
2026 02 02 10:57:14:822,-3.9334,-6.70125,"0,266",12,2,"12,3444","4,7314","66,5131","5,3881","-46,875"
2026 02 02 10:57:14:824,-3.9675,-6.78875,"0,266",12,2,"12,3444","4,7314","66,5131","5,3881","-58,5937"
2026 02 02 10:57:14:826,-3.9334,-6.78875,"0,266",12,2,"12,3444","4,7314","66,5131","5,3881","-66,4062"
2026 02 02 10:57:14:828,-3.9675,-6.87625,"0,266",12,2,"12,3444","4,7314","66,5131","5,3881","-82,0312"
2026 02 02 10:57:14:830,-3.9334,-6.78875,"0,266",12,2,"12,3444","4,7314","66,5131","5,3881","-74,2187"
2026 02 02 10:57:14:832,-3.9675,-6.70125,"0,266",12,2,"12,3444","4,7314","66,5131","5,3881","-70,3125"
2026 02 02 10:57:14:834,-3.9675,-6.78875,"0,266",12,2,"12,3444","4,7314","66,5131","5,3881","-66,4062"
2026 02 02 10:57:14:836,-3.9675,-6.87625,"0,266",12,2,"12,3444","4,7314","66,5131","5,3881","-66,4062"
2026 02 02 10:57:14:838,-3.9334,-6.78875,"0,266",12,2,"12,3444","4,7314","66,5131","5,3881","-70,3125"
2026 02 02 10:57:14:840,-3.9675,-6.70125,"0,266",12,2,"12,3444","4,7314","66,5131","5,3881","-66,4062"
2026 02 02 10:57:14:842,-3.9985,-6.78875,"0,266",12,2,"12,3444","4,7314","66,5131","5,3881","-46,875"
2026 02 02 10:57:14:844,-3.9334,-6.70125,"0,266",12,2,"12,3444","4,7314","66,5131","5,3881","-58,5937"
2026 02 02 10:57:14:846,-3.9985,-6.78875,"0,266",12,2,"12,3444","4,7314","66,5131","5,3881","-62,5"
2026 02 02 10:57:14:848,-3.9334,-6.78875,"0,266",12,2,"12,3444","4,7314","66,5131","5,3881","-78,125"
2026 02 02 10:57:14:850,-3.9675,-6.78875,"0,266",12,2,"12,3444","4,7314","66,5131","5,3881","-78,125"
2026 02 02 10:57:14:852,-3.9675,-6.78875,"0,266",12,2,"12,3444","4,7314","66,5131","5,3881","-70,3125"
2026 02 02 10:57:14:854,-3.9985,-6.78875,"0,266",12,2,"12,3444","4,7314","66,5131","5,3881","-66,4062"
2026 02 02 10:57:14:856,-3.9334,-6.78875,"0,266",12,2,"12,3444","4,7314","66,5131","5,3881","-70,3125"
2026 02 02 10:57:14:858,-3.9985,-6.78875,"0,266",12,2,"12,3444","4,7314","66,5131","5,3881","-70,3125"
2026 02 02 10:57:14:860,-3.9985,-6.70125,"0,266",12,2,"12,3444","4,7314","66,5131","5,3881","-66,4062"
2026 02 02 10:57:14:862,-3.9675,-6.78875,"0,266",12,2,"12,3444","4,7314","66,5131","5,3881","-50,7812"
2026 02 02 10:57:14:864,-3.9675,-6.70125,"0,266",12,2,"12,3444","4,7314","66,5131","5,3881","-58,5937"
2026 02 02 10:57:14:866,-3.9334,-6.78875,"0,266",12,2,"12,3444","4,7314","66,5131","5,3881","-66,4062"
2026 02 02 10:57:14:868,-3.9675,-6.78875,"0,266",12,2,"12,3444","4,7314","66,5131","5,3881","-78,125"
2026 02 02 10:57:14:870,-3.9985,-6.78875,"0,266",12,2,"12,3444","4,7314","66,5131","5,3881","-78,125"
2026 02 02 10:57:14:872,-3.9675,-6.78875,"0,266",12,2,"12,3444","4,7314","66,5131","5,3881","-74,2187"
2026 02 02 10:57:14:874,-3.9675,-6.78875,"0,266",12,2,"12,3444","4,7314","66,5131","5,3881","-66,4062"
2026 02 02 10:57:14:876,-3.9985,-6.78875,"0,266",12,2,"12,3444","4,7314","66,5131","5,3881","-70,3125"
2026 02 02 10:57:14:878,-3.9675,-6.78875,"0,266",12,2,"12,3444","4,7314","66,5131","5,3881","-70,3125"
2026 02 02 10:57:14:880,-3.9334,-6.78875,"0,266",12,2,"12,3444","4,7314","66,5131","5,3881","-70,3125"
2026 02 02 10:57:14:882,-3.9675,-6.78875,"0,266",12,2,"12,3444","4,7314","66,5131","5,3881","-54,6875"
2026 02 02 10:57:14:884,-3.9334,-6.78875,"0,266",12,2,"12,3444","4,7314","66,5131","5,3881","-58,5937"
2026 02 02 10:57:14:886,-3.9334,-6.78875,"0,266",12,2,"12,3444","4,7314","66,5131","5,3881","-66,4062"
2026 02 02 10:57:14:888,-3.9675,-6.70125,"0,266",12,2,"12,3444","4,7314","66,5131","5,3881","-78,125"
2026 02 02 10:57:14:890,-3.9985,-6.87625,"0,266",12,2,"12,3444","4,7314","66,5131","5,3881","-74,2187"
2026 02 02 10:57:14:892,-3.9675,-6.78875,"0,266",12,2,"12,3444","4,7314","66,5131","5,3881","-70,3125"
2026 02 02 10:57:14:894,-3.9675,-6.70125,"0,266",12,2,"12,3444","4,7314","66,5131","5,3881","-70,3125"
2026 02 02 10:57:14:896,-3.9985,-6.78875,"0,266",12,2,"12,3444","4,7314","66,5131","5,3881","-70,3125"
2026 02 02 10:57:14:898,-3.9985,-6.78875,"0,266",12,2,"12,3444","4,7314","66,5131","5,3881","-70,3125"
2026 02 02 10:57:14:900,-3.9985,-6.70125,"0,266",12,2,"12,3444","4,7314","66,5131","5,3881","-70,3125"
2026 02 02 10:57:14:902,-3.9985,-6.70125,"0,266",12,2,"12,3444","4,7314","66,5131","5,3881","-50,7812"
2026 02 02 10:57:14:904,-3.9675,-6.78875,"0,266",12,2,"12,3444","4,7314","66,5131","5,3881","-62,5"
2026 02 02 10:57:14:906,-3.9675,-6.70125,"0,266",12,2,"12,3444","4,7314","66,5131","5,3881","-66,4062"
2026 02 02 10:57:14:908,-3.9334,-6.78875,"0,266",12,2,"12,3444","4,7314","66,5131","5,3881","-78,125"
2026 02 02 10:57:14:910,-3.9675,-6.78875,"0,266",12,2,"12,3444","4,7314","66,5131","5,3881","-74,2187"
2026 02 02 10:57:14:912,-3.9334,-6.78875,"0,266",12,2,"12,3444","4,7314","66,5131","5,3881","-74,2187"
2026 02 02 10:57:14:914,-3.9675,-6.70125,"0,266",12,2,"12,3444","4,7314","66,5131","5,3881","-66,4062"
2026 02 02 10:57:14:916,-3.9675,-6.78875,"0,266",12,2,"12,3444","4,7314","66,5131","5,3881","-70,3125"
2026 02 02 10:57:14:918,-3.9675,-6.78875,"0,266",12,2,"12,3444","4,7314","66,5131","5,3881","-70,3125"
2026 02 02 10:57:14:920,-3.9675,-6.78875,"0,266",12,2,"12,3444","4,7314","66,5131","5,3881","-66,4062"
2026 02 02 10:57:14:922,-3.9985,-6.78875,"0,266",12,2,"12,3444","4,7314","66,5131","5,3881","-46,875"
2026 02 02 10:57:14:924,-3.9675,-6.78875,"0,266",12,2,"12,3444","4,7314","66,5131","5,3881","-54,6875"
2026 02 02 10:57:14:926,-3.9675,-6.70125,"0,266",12,2,"12,3444","4,7314","66,5131","5,3881","-62,5"
2026 02 02 10:57:14:928,-3.9675,-6.78875,"0,266",12,2,"12,3444","4,7314","66,5131","5,3881","-78,125"
2026 02 02 10:57:14:930,-3.9675,-6.87625,"0,266",12,2,"12,3444","4,7314","66,5131","5,3881","-74,2187"
2026 02 02 10:57:14:932,-3.9675,-6.87625,"0,266",12,2,"12,3444","4,7314","66,5131","5,3881","-70,3125"
2026 02 02 10:57:14:934,-3.9675,-6.78875,"0,266",12,2,"12,3444","4,7314","66,5131","5,3881","-66,4062"
2026 02 02 10:57:14:936,-3.9675,-6.78875,"0,266",12,2,"12,3444","4,7314","66,5131","5,3881","-70,3125"
2026 02 02 10:57:14:938,-3.9334,-6.78875,"0,266",12,2,"12,3444","4,7314","66,5131","5,3881","-66,4062"
2026 02 02 10:57:14:940,-3.9334,-6.78875,"0,266",12,2,"12,3444","4,7314","66,5131","5,3881","-70,3125"
2026 02 02 10:57:14:942,-3.9675,-6.78875,"0,266",12,2,"12,3444","4,7314","66,5131","5,3881","-46,875"
2026 02 02 10:57:14:944,-3.9675,-6.78875,"0,266",12,2,"12,3444","4,7314","66,5131","5,3881","-54,6875"
2026 02 02 10:57:14:946,-3.9334,-6.78875,"0,266",12,2,"12,3444","4,7314","66,5131","5,3881","-66,4062"
2026 02 02 10:57:14:948,-3.9675,-6.70125,"0,266",12,2,"12,3444","4,7314","66,5131","5,3881","-82,0312"
2026 02 02 10:57:14:950,-3.9675,-6.78875,"0,266",12,2,"12,3444","4,7314","66,5131","5,3881","-78,125"
2026 02 02 10:57:14:952,-3.9675,-6.70125,"0,266",12,2,"12,3444","4,7314","66,5131","5,3881","-74,2187"
2026 02 02 10:57:14:954,-3.9675,-6.78875,"0,266",12,2,"12,3444","4,7314","66,5131","5,3881","-66,4062"
2026 02 02 10:57:14:956,-3.9985,-6.70125,"0,266",12,2,"12,3444","4,7314","66,5131","5,3881","-70,3125"
2026 02 02 10:57:14:958,-3.9985,-6.78875,"0,266",12,2,"12,3444","4,7314","66,5131","5,3881","-66,4062"
2026 02 02 10:57:14:960,-3.9675,-6.70125,"0,266",12,2,"12,3444","4,7314","66,5131","5,3881","-70,3125"
2026 02 02 10:57:14:962,-3.9675,-6.70125,"0,266",12,2,"12,3444","4,7314","66,5131","5,3881","-42,9687"
2026 02 02 10:57:14:964,-3.9675,-6.78875,"0,266",12,2,"12,3444","4,7314","66,5131","5,3881","-50,7812"
2026 02 02 10:57:14:966,-3.9675,-6.78875,"0,266",12,2,"12,3444","4,7314","66,5131","5,3881","-62,5"
2026 02 02 10:57:14:968,-3.9675,-6.78875,"0,266",12,2,"12,3444","4,7314","66,5131","5,3881","-82,0312"
2026 02 02 10:57:14:970,-3.9334,-6.78875,"0,266",12,2,"12,3444","4,7314","66,5131","5,3881","-74,2187"
2026 02 02 10:57:14:972,-3.9675,-6.87625,"0,266",12,2,"12,3444","4,7314","66,5131","5,3881","-78,125"
2026 02 02 10:57:14:974,-3.9675,-6.70125,"0,266",12,2,"12,3444","4,7314","66,5131","5,3881","-70,3125"
2026 02 02 10:57:14:976,-3.9675,-6.78875,"0,266",12,2,"12,3444","4,7314","66,5131","5,3881","-70,3125"
2026 02 02 10:57:14:978,-3.9334,-6.70125,"0,266",12,2,"12,3444","4,7314","66,5131","5,3881","-66,4062"
2026 02 02 10:57:14:980,-3.9675,-6.87625,"0,266",12,2,"12,3444","4,7314","66,5131","5,3881","-74,2187"
2026 02 02 10:57:14:982,-3.9675,-6.78875,"0,266",12,2,"12,3444","4,7314","66,5131","5,3881","-46,875"
2026 02 02 10:57:14:984,-3.9675,-6.78875,"0,266",12,2,"12,3444","4,7314","66,5131","5,3881","-50,7812"
2026 02 02 10:57:14:986,-3.9675,-6.78875,"0,266",12,2,"12,3444","4,7314","66,5131","5,3881","-66,4062"
2026 02 02 10:57:14:988,-3.9675,-6.70125,"0,266",12,2,"12,3444","4,7314","66,5131","5,3881","-82,0312"
2026 02 02 10:57:14:990,-3.9675,-6.78875,"0,266",12,2,"12,3444","4,7314","66,5131","5,3881","-74,2187"
2026 02 02 10:57:14:992,-3.9985,-6.78875,"0,266",12,2,"12,3444","4,7314","66,5131","5,3881","-78,125"
2026 02 02 10:57:14:994,-3.9675,-6.70125,"0,266",12,2,"12,3444","4,7314","66,5131","5,3881","-74,2187"
2026 02 02 10:57:14:996,-3.9985,-6.78875,"0,266",12,2,"12,3444","4,7314","66,5131","5,3881","-66,4062"
2026 02 02 10:57:14:998,-3.9334,-6.78875,"0,266",12,2,"12,3444","4,7314","66,5131","5,3881","-66,4062"
2026 02 02 10:57:15:000,-3.9985,-6.70125,"0,266",12,2,"12,3444","4,7314","66,5131","5,3881","-74,2187"
2026 02 02 10:57:15:002,-3.9675,-6.78875,"0,266",12,2,"12,3444","4,7314","66,5131","5,3881","-42,9687"
2026 02 02 10:57:15:004,-3.9675,-6.70125,"0,266",12,2,"12,3444","4,7314","66,5131","5,3881","-50,7812"
2026 02 02 10:57:15:006,-3.9334,-6.70125,"0,266",12,2,"12,3444","4,7314","66,5131","5,3881","-70,3125"
2026 02 02 10:57:15:008,-3.9675,-6.78875,"0,266",12,2,"12,3444","4,7314","66,5131","5,3881","-78,125"
2026 02 02 10:57:15:010,-3.9675,-6.78875,"0,266",12,2,"12,3444","4,7314","66,5131","5,3881","-74,2187"
2026 02 02 10:57:15:012,-3.9334,-6.78875,"0,266",12,2,"12,3444","4,7314","66,5131","5,3881","-78,125"
2026 02 02 10:57:15:014,-3.9334,-6.70125,"0,266",12,2,"12,3444","4,7314","66,5131","5,3881","-70,3125"
2026 02 02 10:57:15:016,-3.9675,-6.70125,"0,266",12,2,"12,3444","4,7314","66,5131","5,3881","-66,4062"
2026 02 02 10:57:15:018,-3.9985,-6.78875,"0,266",12,2,"12,3444","4,7314","66,5131","5,3881","-70,3125"
2026 02 02 10:57:15:020,-3.9675,-6.70125,"0,266",12,2,"12,3444","4,7314","66,5131","5,3881","-70,3125"
2026 02 02 10:57:15:022,-3.9675,-6.70125,"0,266",12,2,"12,3444","4,7314","66,5131","5,3881","-42,9687"
2026 02 02 10:57:15:024,-3.9675,-6.78875,"0,266",12,2,"12,3444","4,7314","66,5131","5,3881","-54,6875"
2026 02 02 10:57:15:026,-3.9985,-6.78875,"0,266",12,2,"12,3444","4,7314","66,5131","5,3881","-66,4062"
2026 02 02 10:57:15:028,-3.9675,-6.78875,"0,266",12,2,"12,3444","4,7314","66,5131","5,3881","-82,0312"
2026 02 02 10:57:15:030,-3.9675,-6.70125,"0,266",12,2,"12,3444","4,7314","66,5131","5,3881","-74,2187"
2026 02 02 10:57:15:032,-3.9675,-6.78875,"0,266",12,2,"12,3444","4,7314","66,5131","5,3881","-82,0312"
2026 02 02 10:57:15:034,-3.9675,-6.70125,"0,266",12,2,"12,3444","4,7314","66,5131","5,3881","-70,3125"
2026 02 02 10:57:15:036,-3.9675,-6.78875,"0,266",12,2,"12,3444","4,7314","66,5131","5,3881","-66,4062"
2026 02 02 10:57:15:038,-3.9675,-6.78875,"0,266",12,2,"12,3444","4,7314","66,5131","5,3881","-66,4062"
2026 02 02 10:57:15:040,-3.9675,-6.78875,"0,266",12,2,"12,3444","4,7314","66,5131","5,3881","-70,3125"
2026 02 02 10:57:15:042,-3.9675,-6.70125,"0,266",12,2,"12,3444","4,7314","66,5131","5,3881","-46,875"
2026 02 02 10:57:15:044,-3.9675,-6.78875,"0,266",12,2,"12,3444","4,7314","66,5131","5,3881","-62,5"
2026 02 02 10:57:15:046,-3.9675,-6.70125,"0,266",12,2,"12,3444","4,7314","66,5131","5,3881","-66,4062"
2026 02 02 10:57:15:048,-3.9334,-6.78875,"0,266",12,2,"12,3444","4,7314","66,5131","5,3881","-82,0312"
2026 02 02 10:57:15:050,-3.9675,-6.78875,"0,266",12,2,"12,3444","4,7314","66,5131","5,3881","-78,125"
2026 02 02 10:57:15:052,-3.9675,-6.78875,"0,266",12,2,"12,3444","4,7314","66,5131","5,3881","-78,125"
2026 02 02 10:57:15:054,-3.9675,-6.78875,"0,266",12,2,"12,3444","4,7314","66,5131","5,3881","-66,4062"
2026 02 02 10:57:15:056,-3.9675,-6.70125,"0,266",12,2,"12,3444","4,7314","66,5131","5,3881","-66,4062"
2026 02 02 10:57:15:058,-3.9675,-6.78875,"0,266",12,2,"12,3444","4,7314","66,5131","5,3881","-70,3125"
2026 02 02 10:57:15:060,-3.9675,-6.70125,"0,266",12,2,"12,3444","4,7314","66,5131","5,3881","-70,3125"
2026 02 02 10:57:15:062,-3.9675,-6.78875,"0,267",12,2,"10,3302","6,9361","52,3376","5,0665","-46,875"
2026 02 02 10:57:15:064,-3.9675,-6.78875,"0,267",12,2,"10,3302","6,9361","52,3376","5,0665","-58,5937"
2026 02 02 10:57:15:066,-3.9334,-6.70125,"0,267",12,2,"10,3302","6,9361","52,3376","5,0665","-66,4062"
2026 02 02 10:57:15:068,-3.9334,-6.70125,"0,267",12,2,"10,3302","6,9361","52,3376","5,0665","-82,0312"
2026 02 02 10:57:15:070,-3.9985,-6.78875,"0,267",12,2,"10,3302","6,9361","52,3376","5,0665","-74,2187"
2026 02 02 10:57:15:072,-3.9675,-6.87625,"0,267",12,2,"10,3302","6,9361","52,3376","5,0665","-82,0312"
2026 02 02 10:57:15:074,-3.9675,-6.78875,"0,267",12,2,"10,3302","6,9361","52,3376","5,0665","-66,4062"
2026 02 02 10:57:15:076,-3.9334,-6.78875,"0,267",12,2,"10,3302","6,9361","52,3376","5,0665","-66,4062"
2026 02 02 10:57:15:078,-3.9985,-6.78875,"0,267",12,2,"10,3302","6,9361","52,3376","5,0665","-70,3125"
2026 02 02 10:57:15:080,-3.9675,-6.78875,"0,267",12,2,"10,3302","6,9361","52,3376","5,0665","-70,3125"
2026 02 02 10:57:15:082,-3.9675,-6.78875,"0,267",12,2,"10,3302","6,9361","52,3376","5,0665","-42,9687"
2026 02 02 10:57:15:084,-3.9334,-6.70125,"0,267",12,2,"10,3302","6,9361","52,3376","5,0665","-58,5937"
2026 02 02 10:57:15:086,-3.9675,-6.78875,"0,267",12,2,"10,3302","6,9361","52,3376","5,0665","-70,3125"
2026 02 02 10:57:15:088,-3.9334,-6.70125,"0,267",12,2,"10,3302","6,9361","52,3376","5,0665","-78,125"
2026 02 02 10:57:15:090,-3.9675,-6.78875,"0,267",12,2,"10,3302","6,9361","52,3376","5,0665","-78,125"
2026 02 02 10:57:15:092,-3.9675,-6.70125,"0,267",12,2,"10,3302","6,9361","52,3376","5,0665","-78,125"
2026 02 02 10:57:15:094,-3.9675,-6.70125,"0,267",12,2,"10,3302","6,9361","52,3376","5,0665","-66,4062"
2026 02 02 10:57:15:096,-3.9675,-6.70125,"0,267",12,2,"10,3302","6,9361","52,3376","5,0665","-66,4062"
2026 02 02 10:57:15:098,-3.9985,-6.78875,"0,267",12,2,"10,3302","6,9361","52,3376","5,0665","-70,3125"
2026 02 02 10:57:15:100,-3.9985,-6.78875,"0,267",12,2,"10,3302","6,9361","52,3376","5,0665","-70,3125"
2026 02 02 10:57:15:102,-3.9675,-6.70125,"0,267",12,2,"10,3302","6,9361","52,3376","5,0665","-42,9687"
2026 02 02 10:57:15:104,-3.9675,-6.78875,"0,267",12,2,"10,3302","6,9361","52,3376","5,0665","-54,6875"
2026 02 02 10:57:15:106,-3.9675,-6.70125,"0,267",12,2,"10,3302","6,9361","52,3376","5,0665","-66,4062"
2026 02 02 10:57:15:108,-3.9675,-6.70125,"0,267",12,2,"10,3302","6,9361","52,3376","5,0665","-78,125"
2026 02 02 10:57:15:110,-3.9985,-6.78875,"0,267",12,2,"10,3302","6,9361","52,3376","5,0665","-78,125"
2026 02 02 10:57:15:112,-3.9675,-6.78875,"0,267",12,2,"10,3302","6,9361","52,3376","5,0665","-82,0312"
2026 02 02 10:57:15:114,-3.9675,-6.78875,"0,267",12,2,"10,3302","6,9361","52,3376","5,0665","-66,4062"
2026 02 02 10:57:15:116,-3.9675,-6.70125,"0,267",12,2,"10,3302","6,9361","52,3376","5,0665","-70,3125"
2026 02 02 10:57:15:118,-3.9675,-6.78875,"0,267",12,2,"10,3302","6,9361","52,3376","5,0665","-70,3125"
2026 02 02 10:57:15:120,-3.9675,-6.78875,"0,267",12,2,"10,3302","6,9361","52,3376","5,0665","-66,4062"
2026 02 02 10:57:15:122,-3.9675,-6.78875,"0,267",12,2,"10,3302","6,9361","52,3376","5,0665","-42,9687"
2026 02 02 10:57:15:124,-3.9675,-6.87625,"0,267",12,2,"10,3302","6,9361","52,3376","5,0665","-58,5937"
2026 02 02 10:57:15:126,-3.9985,-6.78875,"0,267",12,2,"10,3302","6,9361","52,3376","5,0665","-66,4062"
2026 02 02 10:57:15:128,-3.9675,-6.78875,"0,267",12,2,"10,3302","6,9361","52,3376","5,0665","-82,0312"
2026 02 02 10:57:15:130,-3.9334,-6.78875,"0,267",12,2,"10,3302","6,9361","52,3376","5,0665","-74,2187"
2026 02 02 10:57:15:132,-3.9675,-6.70125,"0,267",12,2,"10,3302","6,9361","52,3376","5,0665","-78,125"
2026 02 02 10:57:15:134,-3.9675,-6.78875,"0,267",12,2,"10,3302","6,9361","52,3376","5,0665","-62,5"
2026 02 02 10:57:15:136,-3.9675,-6.78875,"0,267",12,2,"10,3302","6,9361","52,3376","5,0665","-70,3125"
2026 02 02 10:57:15:138,-3.9675,-6.78875,"0,267",12,2,"10,3302","6,9361","52,3376","5,0665","-70,3125"
2026 02 02 10:57:15:140,-3.9675,-6.78875,"0,267",12,2,"10,3302","6,9361","52,3376","5,0665","-66,4062"
2026 02 02 10:57:15:142,-3.9675,-6.78875,"0,267",12,2,"10,3302","6,9361","52,3376","5,0665","-46,875"
2026 02 02 10:57:15:144,-3.9675,-6.70125,"0,267",12,2,"10,3302","6,9361","52,3376","5,0665","-58,5937"
2026 02 02 10:57:15:146,-3.9334,-6.78875,"0,267",12,2,"10,3302","6,9361","52,3376","5,0665","-66,4062"
2026 02 02 10:57:15:148,-3.9675,-6.78875,"0,267",12,2,"10,3302","6,9361","52,3376","5,0665","-82,0312"
2026 02 02 10:57:15:150,-3.9675,-6.70125,"0,267",12,2,"10,3302","6,9361","52,3376","5,0665","-78,125"
2026 02 02 10:57:15:152,-3.9675,-6.78875,"0,267",12,2,"10,3302","6,9361","52,3376","5,0665","-78,125"
2026 02 02 10:57:15:154,-3.9675,-6.78875,"0,267",12,2,"10,3302","6,9361","52,3376","5,0665","-70,3125"
2026 02 02 10:57:15:156,-3.9985,-6.70125,"0,267",12,2,"10,3302","6,9361","52,3376","5,0665","-70,3125"
2026 02 02 10:57:15:158,-3.9675,-6.78875,"0,267",12,2,"10,3302","6,9361","52,3376","5,0665","-70,3125"
2026 02 02 10:57:15:160,-3.9334,-6.78875,"0,267",12,2,"10,3302","6,9361","52,3376","5,0665","-70,3125"
2026 02 02 10:57:15:162,-3.9675,-6.78875,"0,267",12,2,"10,3302","6,9361","52,3376","5,0665","-50,7812"
2026 02 02 10:57:15:164,-3.9675,-6.78875,"0,267",12,2,"10,3302","6,9361","52,3376","5,0665","-58,5937"
2026 02 02 10:57:15:166,-3.9675,-6.78875,"0,267",12,2,"10,3302","6,9361","52,3376","5,0665","-66,4062"
2026 02 02 10:57:15:168,-3.9675,-6.78875,"0,267",12,2,"10,3302","6,9361","52,3376","5,0665","-78,125"
2026 02 02 10:57:15:170,-3.9985,-6.70125,"0,267",12,2,"10,3302","6,9361","52,3376","5,0665","-78,125"
2026 02 02 10:57:15:172,-3.9675,-6.78875,"0,267",12,2,"10,3302","6,9361","52,3376","5,0665","-78,125"
2026 02 02 10:57:15:174,-3.9675,-6.78875,"0,267",12,2,"10,3302","6,9361","52,3376","5,0665","-66,4062"
2026 02 02 10:57:15:176,-3.9675,-6.78875,"0,267",12,2,"10,3302","6,9361","52,3376","5,0665","-70,3125"
2026 02 02 10:57:15:178,-3.9675,-6.78875,"0,267",12,2,"10,3302","6,9361","52,3376","5,0665","-70,3125"
2026 02 02 10:57:15:180,-3.9675,-6.78875,"0,267",12,2,"10,3302","6,9361","52,3376","5,0665","-70,3125"
2026 02 02 10:57:15:182,-3.9675,-6.78875,"0,267",12,2,"10,3302","6,9361","52,3376","5,0665","-46,875"
2026 02 02 10:57:15:184,-3.9675,-6.78875,"0,267",12,2,"10,3302","6,9361","52,3376","5,0665","-58,5937"
2026 02 02 10:57:15:186,-3.9675,-6.78875,"0,267",12,2,"10,3302","6,9361","52,3376","5,0665","-66,4062"
2026 02 02 10:57:15:188,-3.9675,-6.70125,"0,267",12,2,"10,3302","6,9361","52,3376","5,0665","-78,125"
2026 02 02 10:57:15:190,-3.9675,-6.70125,"0,267",12,2,"10,3302","6,9361","52,3376","5,0665","-74,2187"
2026 02 02 10:57:15:192,-3.9334,-6.70125,"0,267",12,2,"10,3302","6,9361","52,3376","5,0665","-78,125"
2026 02 02 10:57:15:194,-3.9675,-6.70125,"0,267",12,2,"10,3302","6,9361","52,3376","5,0665","-70,3125"
2026 02 02 10:57:15:196,-3.9675,-6.78875,"0,267",12,2,"10,3302","6,9361","52,3376","5,0665","-66,4062"
2026 02 02 10:57:15:198,-3.9985,-6.70125,"0,267",12,2,"10,3302","6,9361","52,3376","5,0665","-70,3125"
2026 02 02 10:57:15:200,-3.9675,-6.70125,"0,267",12,2,"10,3302","6,9361","52,3376","5,0665","-70,3125"
2026 02 02 10:57:15:202,-3.9675,-6.78875,"0,267",12,2,"10,3302","6,9361","52,3376","5,0665","-46,875"
2026 02 02 10:57:15:204,-3.9675,-6.78875,"0,267",12,2,"10,3302","6,9361","52,3376","5,0665","-58,5937"
2026 02 02 10:57:15:206,-3.9675,-6.78875,"0,267",12,2,"10,3302","6,9361","52,3376","5,0665","-66,4062"
2026 02 02 10:57:15:208,-3.9675,-6.78875,"0,267",12,2,"10,3302","6,9361","52,3376","5,0665","-82,0312"
2026 02 02 10:57:15:210,-3.9334,-6.78875,"0,267",12,2,"10,3302","6,9361","52,3376","5,0665","-78,125"
2026 02 02 10:57:15:212,-3.9334,-6.78875,"0,267",12,2,"10,3302","6,9361","52,3376","5,0665","-82,0312"
2026 02 02 10:57:15:214,-3.9675,-6.78875,"0,267",12,2,"10,3302","6,9361","52,3376","5,0665","-70,3125"
2026 02 02 10:57:15:216,-3.9675,-6.78875,"0,267",12,2,"10,3302","6,9361","52,3376","5,0665","-70,3125"
2026 02 02 10:57:15:218,-3.9985,-6.78875,"0,267",12,2,"10,3302","6,9361","52,3376","5,0665","-70,3125"
2026 02 02 10:57:15:220,-3.9675,-6.78875,"0,267",12,2,"10,3302","6,9361","52,3376","5,0665","-66,4062"
2026 02 02 10:57:15:222,-3.9675,-6.78875,"0,267",12,2,"10,3302","6,9361","52,3376","5,0665","-46,875"
2026 02 02 10:57:15:224,-3.9675,-6.78875,"0,267",12,2,"10,3302","6,9361","52,3376","5,0665","-54,6875"
2026 02 02 10:57:15:226,-3.9675,-6.70125,"0,267",12,2,"10,3302","6,9361","52,3376","5,0665","-66,4062"
2026 02 02 10:57:15:228,-3.9985,-6.78875,"0,267",12,2,"10,3302","6,9361","52,3376","5,0665","-82,0312"
2026 02 02 10:57:15:230,-3.9675,-6.78875,"0,267",12,2,"10,3302","6,9361","52,3376","5,0665","-78,125"
2026 02 02 10:57:15:232,-3.9675,-6.78875,"0,267",12,2,"10,3302","6,9361","52,3376","5,0665","-82,0312"
2026 02 02 10:57:15:234,-3.9675,-6.70125,"0,267",12,2,"10,3302","6,9361","52,3376","5,0665","-70,3125"
2026 02 02 10:57:15:236,-3.9675,-6.70125,"0,267",12,2,"10,3302","6,9361","52,3376","5,0665","-70,3125"
2026 02 02 10:57:15:238,-3.9675,-6.78875,"0,267",12,2,"10,3302","6,9361","52,3376","5,0665","-70,3125"
2026 02 02 10:57:15:240,-3.9675,-6.78875,"0,267",12,2,"10,3302","6,9361","52,3376","5,0665","-70,3125"
2026 02 02 10:57:15:242,-3.9334,-6.70125,"0,267",12,2,"10,3302","6,9361","52,3376","5,0665","-42,9687"
2026 02 02 10:57:15:244,-3.9334,-6.78875,"0,267",12,2,"10,3302","6,9361","52,3376","5,0665","-54,6875"
2026 02 02 10:57:15:246,-3.9334,-6.78875,"0,267",12,2,"10,3302","6,9361","52,3376","5,0665","-62,5"
2026 02 02 10:57:15:248,-3.9675,-6.78875,"0,267",12,2,"10,3302","6,9361","52,3376","5,0665","-78,125"
2026 02 02 10:57:15:250,-3.9675,-6.70125,"0,267",12,2,"10,3302","6,9361","52,3376","5,0665","-78,125"
2026 02 02 10:57:15:252,-3.9675,-6.78875,"0,267",12,2,"10,3302","6,9361","52,3376","5,0665","-78,125"
2026 02 02 10:57:15:254,-3.9675,-6.70125,"0,267",12,2,"10,3302","6,9361","52,3376","5,0665","-70,3125"
2026 02 02 10:57:15:256,-3.9675,-6.78875,"0,267",12,2,"10,3302","6,9361","52,3376","5,0665","-70,3125"
2026 02 02 10:57:15:258,-3.9675,-6.78875,"0,267",12,2,"10,3302","6,9361","52,3376","5,0665","-66,4062"
2026 02 02 10:57:15:260,-3.9675,-6.78875,"0,267",12,2,"10,3302","6,9361","52,3376","5,0665","-70,3125"
2026 02 02 10:57:15:262,-3.9675,-6.78875,"0,267",12,2,"10,3302","6,9361","52,3376","5,0665","-42,9687"
2026 02 02 10:57:15:264,-3.9985,-6.78875,"0,267",12,2,"10,3302","6,9361","52,3376","5,0665","-50,7812"
2026 02 02 10:57:15:266,-3.9675,-6.61375,"0,267",12,2,"10,3302","6,9361","52,3376","5,0665","-66,4062"
2026 02 02 10:57:15:268,-3.9675,-6.78875,"0,267",12,2,"10,3302","6,9361","52,3376","5,0665","-74,2187"
2026 02 02 10:57:15:270,-3.9675,-6.70125,"0,267",12,2,"10,3302","6,9361","52,3376","5,0665","-82,0312"
2026 02 02 10:57:15:272,-3.9675,-6.78875,"0,267",12,2,"10,3302","6,9361","52,3376","5,0665","-82,0312"
2026 02 02 10:57:15:274,-3.9675,-6.78875,"0,267",12,2,"10,3302","6,9361","52,3376","5,0665","-70,3125"
2026 02 02 10:57:15:276,-3.9675,-6.78875,"0,267",12,2,"10,3302","6,9361","52,3376","5,0665","-70,3125"
2026 02 02 10:57:15:278,-3.9675,-6.78875,"0,267",12,2,"10,3302","6,9361","52,3376","5,0665","-66,4062"
2026 02 02 10:57:15:280,-3.9675,-6.78875,"0,267",12,2,"10,3302","6,9361","52,3376","5,0665","-66,4062"
2026 02 02 10:57:15:282,-3.9675,-6.78875,"0,267",12,2,"10,3302","6,9361","52,3376","5,0665","-42,9687"
2026 02 02 10:57:15:284,-3.9675,-6.78875,"0,267",12,2,"10,3302","6,9361","52,3376","5,0665","-50,7812"
2026 02 02 10:57:15:286,-3.9675,-6.78875,"0,267",12,2,"10,3302","6,9361","52,3376","5,0665","-66,4062"
2026 02 02 10:57:15:288,-3.9675,-6.78875,"0,267",12,2,"10,3302","6,9361","52,3376","5,0665","-74,2187"
2026 02 02 10:57:15:290,-3.9675,-6.87625,"0,267",12,2,"10,3302","6,9361","52,3376","5,0665","-78,125"
2026 02 02 10:57:15:292,-3.9675,-6.70125,"0,267",12,2,"10,3302","6,9361","52,3376","5,0665","-85,9375"
2026 02 02 10:57:15:294,-3.9675,-6.70125,"0,267",12,2,"10,3302","6,9361","52,3376","5,0665","-70,3125"
2026 02 02 10:57:15:296,-3.9985,-6.70125,"0,267",12,2,"10,3302","6,9361","52,3376","5,0665","-70,3125"
2026 02 02 10:57:15:298,-3.9985,-6.78875,"0,267",12,2,"10,3302","6,9361","52,3376","5,0665","-70,3125"
2026 02 02 10:57:15:300,-3.9675,-6.70125,"0,267",12,2,"10,3302","6,9361","52,3376","5,0665","-70,3125"
2026 02 02 10:57:15:302,-3.9675,-6.78875,"0,267",12,2,"10,3302","6,9361","52,3376","5,0665","-46,875"
2026 02 02 10:57:15:304,-3.9675,-6.78875,"0,267",12,2,"10,3302","6,9361","52,3376","5,0665","-54,6875"
2026 02 02 10:57:15:306,-3.9675,-6.78875,"0,267",12,2,"10,3302","6,9361","52,3376","5,0665","-66,4062"
2026 02 02 10:57:15:308,-3.9675,-6.78875,"0,267",12,2,"10,3302","6,9361","52,3376","5,0665","-78,125"
2026 02 02 10:57:15:310,-3.9675,-6.78875,"0,267",12,2,"10,3302","6,9361","52,3376","5,0665","-78,125"
2026 02 02 10:57:15:312,-3.9675,-6.78875,"0,267",12,2,"10,3302","6,9361","52,3376","5,0665","-85,9375"
2026 02 02 10:57:15:314,-3.9675,-6.78875,"0,267",12,2,"10,3302","6,9361","52,3376","5,0665","-70,3125"
2026 02 02 10:57:15:316,-3.9675,-6.70125,"0,267",12,2,"10,3302","6,9361","52,3376","5,0665","-70,3125"
2026 02 02 10:57:15:318,-3.9675,-6.78875,"0,267",12,2,"10,3302","6,9361","52,3376","5,0665","-70,3125"
2026 02 02 10:57:15:320,-3.9675,-6.87625,"0,267",12,2,"10,3302","6,9361","52,3376","5,0665","-66,4062"
2026 02 02 10:57:15:322,-3.9675,-6.78875,"0,267",12,2,"10,3302","6,9361","52,3376","5,0665","-42,9687"
2026 02 02 10:57:15:324,-3.9675,-6.70125,"0,267",12,2,"10,3302","6,9361","52,3376","5,0665","-58,5937"
2026 02 02 10:57:15:326,-3.9675,-6.78875,"0,267",12,2,"10,3302","6,9361","52,3376","5,0665","-66,4062"
2026 02 02 10:57:15:328,-3.9985,-6.78875,"0,267",12,2,"10,3302","6,9361","52,3376","5,0665","-82,0312"
2026 02 02 10:57:15:330,-3.9675,-6.70125,"0,267",12,2,"10,3302","6,9361","52,3376","5,0665","-78,125"
2026 02 02 10:57:15:332,-3.9675,-6.78875,"0,267",12,2,"10,3302","6,9361","52,3376","5,0665","-89,8437"
2026 02 02 10:57:15:334,-3.9675,-6.78875,"0,267",12,2,"10,3302","6,9361","52,3376","5,0665","-66,4062"
2026 02 02 10:57:15:336,-3.9675,-6.78875,"0,267",12,2,"10,3302","6,9361","52,3376","5,0665","-66,4062"
2026 02 02 10:57:15:338,-3.9985,-6.70125,"0,267",12,2,"10,3302","6,9361","52,3376","5,0665","-66,4062"
2026 02 02 10:57:15:340,-3.9675,-6.78875,"0,267",12,2,"10,3302","6,9361","52,3376","5,0665","-66,4062"
2026 02 02 10:57:15:342,-3.9675,-6.70125,"0,267",12,2,"10,3302","6,9361","52,3376","5,0665","-42,9687"
2026 02 02 10:57:15:344,-3.9675,-6.78875,"0,267",12,2,"10,3302","6,9361","52,3376","5,0665","-58,5937"
2026 02 02 10:57:15:346,-3.9675,-6.78875,"0,267",12,2,"10,3302","6,9361","52,3376","5,0665","-66,4062"
2026 02 02 10:57:15:348,-3.9675,-6.78875,"0,267",12,2,"10,3302","6,9361","52,3376","5,0665","-82,0312"
2026 02 02 10:57:15:350,-3.9675,-6.70125,"0,267",12,2,"10,3302","6,9361","52,3376","5,0665","-82,0312"
2026 02 02 10:57:15:352,-3.9985,-6.78875,"0,267",12,2,"10,3302","6,9361","52,3376","5,0665","-85,9375"
2026 02 02 10:57:15:354,-3.9985,-6.87625,"0,267",12,2,"10,3302","6,9361","52,3376","5,0665","-62,5"
2026 02 02 10:57:15:356,-3.9675,-6.78875,"0,267",12,2,"10,3302","6,9361","52,3376","5,0665","-66,4062"
2026 02 02 10:57:15:358,-3.9675,-6.78875,"0,267",12,2,"10,3302","6,9361","52,3376","5,0665","-66,4062"
2026 02 02 10:57:15:360,-3.9675,-6.70125,"0,267",12,2,"10,3302","6,9361","52,3376","5,0665","-66,4062"
2026 02 02 10:57:15:362,-3.9675,-6.78875,"0,266",12,2,"9,5673","8,5312","50,1556","5,2424","-42,9687"
2026 02 02 10:57:15:364,-3.9675,-6.78875,"0,266",12,2,"9,5673","8,5312","50,1556","5,2424","-58,5937"
2026 02 02 10:57:15:366,-3.9334,-6.78875,"0,266",12,2,"9,5673","8,5312","50,1556","5,2424","-66,4062"
2026 02 02 10:57:15:368,-3.9675,-6.87625,"0,266",12,2,"9,5673","8,5312","50,1556","5,2424","-82,0312"
2026 02 02 10:57:15:370,-3.9675,-6.70125,"0,266",12,2,"9,5673","8,5312","50,1556","5,2424","-78,125"
2026 02 02 10:57:15:372,-3.9675,-6.70125,"0,266",12,2,"9,5673","8,5312","50,1556","5,2424","-85,9375"
2026 02 02 10:57:15:374,-3.9675,-6.78875,"0,266",12,2,"9,5673","8,5312","50,1556","5,2424","-66,4062"
2026 02 02 10:57:15:376,-3.9675,-6.70125,"0,266",12,2,"9,5673","8,5312","50,1556","5,2424","-70,3125"
2026 02 02 10:57:15:378,-3.9675,-6.70125,"0,266",12,2,"9,5673","8,5312","50,1556","5,2424","-70,3125"
2026 02 02 10:57:15:380,-3.9675,-6.78875,"0,266",12,2,"9,5673","8,5312","50,1556","5,2424","-70,3125"
2026 02 02 10:57:15:382,-3.9985,-6.70125,"0,266",12,2,"9,5673","8,5312","50,1556","5,2424","-46,875"
2026 02 02 10:57:15:384,-3.9675,-6.70125,"0,266",12,2,"9,5673","8,5312","50,1556","5,2424","-58,5937"
2026 02 02 10:57:15:386,-3.9675,-6.70125,"0,266",12,2,"9,5673","8,5312","50,1556","5,2424","-66,4062"
2026 02 02 10:57:15:388,-3.9985,-6.70125,"0,266",12,2,"9,5673","8,5312","50,1556","5,2424","-82,0312"
2026 02 02 10:57:15:390,-3.9985,-6.70125,"0,266",12,2,"9,5673","8,5312","50,1556","5,2424","-78,125"
2026 02 02 10:57:15:392,-3.9675,-6.78875,"0,266",12,2,"9,5673","8,5312","50,1556","5,2424","-85,9375"
2026 02 02 10:57:15:394,-3.9985,-6.78875,"0,266",12,2,"9,5673","8,5312","50,1556","5,2424","-66,4062"
2026 02 02 10:57:15:396,-3.9675,-6.78875,"0,266",12,2,"9,5673","8,5312","50,1556","5,2424","-66,4062"
2026 02 02 10:57:15:398,-3.9334,-6.70125,"0,266",12,2,"9,5673","8,5312","50,1556","5,2424","-66,4062"
2026 02 02 10:57:15:400,-3.9675,-6.70125,"0,266",12,2,"9,5673","8,5312","50,1556","5,2424","-66,4062"
2026 02 02 10:57:15:402,-3.9675,-6.78875,"0,266",12,2,"9,5673","8,5312","50,1556","5,2424","-39,0625"
2026 02 02 10:57:15:404,-3.9334,-6.78875,"0,266",12,2,"9,5673","8,5312","50,1556","5,2424","-54,6875"
2026 02 02 10:57:15:406,-3.9675,-6.78875,"0,266",12,2,"9,5673","8,5312","50,1556","5,2424","-62,5"
2026 02 02 10:57:15:408,-3.9675,-6.78875,"0,266",12,2,"9,5673","8,5312","50,1556","5,2424","-82,0312"
2026 02 02 10:57:15:410,-3.9675,-6.78875,"0,266",12,2,"9,5673","8,5312","50,1556","5,2424","-78,125"
2026 02 02 10:57:15:412,-3.9675,-6.78875,"0,266",12,2,"9,5673","8,5312","50,1556","5,2424","-85,9375"
2026 02 02 10:57:15:414,-3.9675,-6.78875,"0,266",12,2,"9,5673","8,5312","50,1556","5,2424","-70,3125"
2026 02 02 10:57:15:416,-3.9675,-6.78875,"0,266",12,2,"9,5673","8,5312","50,1556","5,2424","-70,3125"
2026 02 02 10:57:15:418,-3.9985,-6.78875,"0,266",12,2,"9,5673","8,5312","50,1556","5,2424","-70,3125"
2026 02 02 10:57:15:420,-3.9334,-6.70125,"0,266",12,2,"9,5673","8,5312","50,1556","5,2424","-66,4062"
2026 02 02 10:57:15:422,-3.9334,-6.70125,"0,266",12,2,"9,5673","8,5312","50,1556","5,2424","-42,9687"
2026 02 02 10:57:15:424,-3.9675,-6.87625,"0,266",12,2,"9,5673","8,5312","50,1556","5,2424","-58,5937"
2026 02 02 10:57:15:426,-3.9675,-6.78875,"0,266",12,2,"9,5673","8,5312","50,1556","5,2424","-66,4062"
2026 02 02 10:57:15:428,-3.9675,-6.78875,"0,266",12,2,"9,5673","8,5312","50,1556","5,2424","-82,0312"
2026 02 02 10:57:15:430,-3.9675,-6.78875,"0,266",12,2,"9,5673","8,5312","50,1556","5,2424","-82,0312"
2026 02 02 10:57:15:432,-3.9675,-6.78875,"0,266",12,2,"9,5673","8,5312","50,1556","5,2424","-85,9375"
2026 02 02 10:57:15:434,-3.9985,-6.78875,"0,266",12,2,"9,5673","8,5312","50,1556","5,2424","-66,4062"
2026 02 02 10:57:15:436,-3.9675,-6.78875,"0,266",12,2,"9,5673","8,5312","50,1556","5,2424","-70,3125"
2026 02 02 10:57:15:438,-3.9675,-6.70125,"0,266",12,2,"9,5673","8,5312","50,1556","5,2424","-70,3125"
2026 02 02 10:57:15:440,-3.9675,-6.78875,"0,266",12,2,"9,5673","8,5312","50,1556","5,2424","-70,3125"
2026 02 02 10:57:15:442,-3.9675,-6.78875,"0,266",12,2,"9,5673","8,5312","50,1556","5,2424","-42,9687"
2026 02 02 10:57:15:444,-3.9985,-6.70125,"0,266",12,2,"9,5673","8,5312","50,1556","5,2424","-58,5937"
2026 02 02 10:57:15:446,-3.9334,-6.78875,"0,266",12,2,"9,5673","8,5312","50,1556","5,2424","-58,5937"
2026 02 02 10:57:15:448,-3.9675,-6.70125,"0,266",12,2,"9,5673","8,5312","50,1556","5,2424","-78,125"
2026 02 02 10:57:15:450,-3.9675,-6.78875,"0,266",12,2,"9,5673","8,5312","50,1556","5,2424","-82,0312"
2026 02 02 10:57:15:452,-3.9675,-6.70125,"0,266",12,2,"9,5673","8,5312","50,1556","5,2424","-85,9375"
2026 02 02 10:57:15:454,-3.9675,-6.78875,"0,266",12,2,"9,5673","8,5312","50,1556","5,2424","-66,4062"
2026 02 02 10:57:15:456,-3.9675,-6.70125,"0,266",12,2,"9,5673","8,5312","50,1556","5,2424","-70,3125"
2026 02 02 10:57:15:458,-3.9675,-6.78875,"0,266",12,2,"9,5673","8,5312","50,1556","5,2424","-66,4062"
2026 02 02 10:57:15:460,-3.9675,-6.78875,"0,266",12,2,"9,5673","8,5312","50,1556","5,2424","-70,3125"
2026 02 02 10:57:15:462,-3.9985,-6.78875,"0,266",12,2,"9,5673","8,5312","50,1556","5,2424","-42,9687"
2026 02 02 10:57:15:464,-3.9675,-6.78875,"0,266",12,2,"9,5673","8,5312","50,1556","5,2424","-58,5937"
2026 02 02 10:57:15:466,-3.9675,-6.78875,"0,266",12,2,"9,5673","8,5312","50,1556","5,2424","-62,5"
2026 02 02 10:57:15:468,-3.9675,-6.78875,"0,266",12,2,"9,5673","8,5312","50,1556","5,2424","-78,125"
2026 02 02 10:57:15:470,-3.9334,-6.78875,"0,266",12,2,"9,5673","8,5312","50,1556","5,2424","-78,125"
2026 02 02 10:57:15:472,-3.9675,-6.78875,"0,266",12,2,"9,5673","8,5312","50,1556","5,2424","-85,9375"
2026 02 02 10:57:15:474,-3.9675,-6.78875,"0,266",12,2,"9,5673","8,5312","50,1556","5,2424","-70,3125"
2026 02 02 10:57:15:476,-3.9985,-6.78875,"0,266",12,2,"9,5673","8,5312","50,1556","5,2424","-70,3125"
2026 02 02 10:57:15:478,-3.9675,-6.78875,"0,266",12,2,"9,5673","8,5312","50,1556","5,2424","-66,4062"
2026 02 02 10:57:15:480,-3.9334,-6.78875,"0,266",12,2,"9,5673","8,5312","50,1556","5,2424","-70,3125"
2026 02 02 10:57:15:482,-3.9675,-6.78875,"0,266",12,2,"9,5673","8,5312","50,1556","5,2424","-46,875"
2026 02 02 10:57:15:484,-3.9675,-6.70125,"0,266",12,2,"9,5673","8,5312","50,1556","5,2424","-58,5937"
2026 02 02 10:57:15:486,-3.9675,-6.70125,"0,266",12,2,"9,5673","8,5312","50,1556","5,2424","-66,4062"
2026 02 02 10:57:15:488,-3.9675,-6.70125,"0,266",12,2,"9,5673","8,5312","50,1556","5,2424","-78,125"
2026 02 02 10:57:15:490,-3.9675,-6.70125,"0,266",12,2,"9,5673","8,5312","50,1556","5,2424","-78,125"
2026 02 02 10:57:15:492,-3.9334,-6.78875,"0,266",12,2,"9,5673","8,5312","50,1556","5,2424","-85,9375"
2026 02 02 10:57:15:494,-3.9675,-6.78875,"0,266",12,2,"9,5673","8,5312","50,1556","5,2424","-70,3125"
2026 02 02 10:57:15:496,-3.9675,-6.78875,"0,266",12,2,"9,5673","8,5312","50,1556","5,2424","-70,3125"
2026 02 02 10:57:15:498,-3.9675,-6.78875,"0,266",12,2,"9,5673","8,5312","50,1556","5,2424","-66,4062"
2026 02 02 10:57:15:500,-3.9675,-6.78875,"0,266",12,2,"9,5673","8,5312","50,1556","5,2424","-70,3125"
2026 02 02 10:57:15:502,-3.9985,-6.70125,"0,266",12,2,"9,5673","8,5312","50,1556","5,2424","-46,875"
2026 02 02 10:57:15:504,-3.9675,-6.78875,"0,266",12,2,"9,5673","8,5312","50,1556","5,2424","-54,6875"
2026 02 02 10:57:15:506,-3.9675,-6.78875,"0,266",12,2,"9,5673","8,5312","50,1556","5,2424","-62,5"
2026 02 02 10:57:15:508,-3.9334,-6.70125,"0,266",12,2,"9,5673","8,5312","50,1556","5,2424","-82,0312"
2026 02 02 10:57:15:510,-3.9675,-6.78875,"0,266",12,2,"9,5673","8,5312","50,1556","5,2424","-78,125"
2026 02 02 10:57:15:512,-3.9675,-6.78875,"0,266",12,2,"9,5673","8,5312","50,1556","5,2424","-85,9375"
2026 02 02 10:57:15:514,-3.9675,-6.78875,"0,266",12,2,"9,5673","8,5312","50,1556","5,2424","-66,4062"
2026 02 02 10:57:15:516,-3.9675,-6.78875,"0,266",12,2,"9,5673","8,5312","50,1556","5,2424","-70,3125"
2026 02 02 10:57:15:518,-3.9985,-6.78875,"0,266",12,2,"9,5673","8,5312","50,1556","5,2424","-62,5"
2026 02 02 10:57:15:520,-3.9985,-6.78875,"0,266",12,2,"9,5673","8,5312","50,1556","5,2424","-66,4062"
2026 02 02 10:57:15:522,-3.9675,-6.78875,"0,266",12,2,"9,5673","8,5312","50,1556","5,2424","-42,9687"
2026 02 02 10:57:15:524,-3.9985,-6.78875,"0,266",12,2,"9,5673","8,5312","50,1556","5,2424","-50,7812"
2026 02 02 10:57:15:526,-3.9675,-6.70125,"0,266",12,2,"9,5673","8,5312","50,1556","5,2424","-66,4062"
2026 02 02 10:57:15:528,-3.9675,-6.78875,"0,266",12,2,"9,5673","8,5312","50,1556","5,2424","-82,0312"
2026 02 02 10:57:15:530,-3.9985,-6.70125,"0,266",12,2,"9,5673","8,5312","50,1556","5,2424","-78,125"
2026 02 02 10:57:15:532,-3.9675,-6.78875,"0,266",12,2,"9,5673","8,5312","50,1556","5,2424","-85,9375"
2026 02 02 10:57:15:534,-3.9675,-6.78875,"0,266",12,2,"9,5673","8,5312","50,1556","5,2424","-66,4062"
2026 02 02 10:57:15:536,-3.9675,-6.78875,"0,266",12,2,"9,5673","8,5312","50,1556","5,2424","-70,3125"
2026 02 02 10:57:15:538,-3.9985,-6.70125,"0,266",12,2,"9,5673","8,5312","50,1556","5,2424","-66,4062"
2026 02 02 10:57:15:540,-3.9675,-6.78875,"0,266",12,2,"9,5673","8,5312","50,1556","5,2424","-70,3125"
2026 02 02 10:57:15:542,-3.9675,-6.78875,"0,266",12,2,"9,5673","8,5312","50,1556","5,2424","-42,9687"
2026 02 02 10:57:15:544,-3.9675,-6.78875,"0,266",12,2,"9,5673","8,5312","50,1556","5,2424","-46,875"
2026 02 02 10:57:15:546,-3.9334,-6.78875,"0,266",12,2,"9,5673","8,5312","50,1556","5,2424","-62,5"
2026 02 02 10:57:15:548,-3.9985,-6.70125,"0,266",12,2,"9,5673","8,5312","50,1556","5,2424","-78,125"
2026 02 02 10:57:15:550,-3.9675,-6.78875,"0,266",12,2,"9,5673","8,5312","50,1556","5,2424","-78,125"
2026 02 02 10:57:15:552,-3.9675,-6.70125,"0,266",12,2,"9,5673","8,5312","50,1556","5,2424","-89,8437"
2026 02 02 10:57:15:554,-3.9675,-6.70125,"0,266",12,2,"9,5673","8,5312","50,1556","5,2424","-70,3125"
2026 02 02 10:57:15:556,-3.9675,-6.78875,"0,266",12,2,"9,5673","8,5312","50,1556","5,2424","-66,4062"
2026 02 02 10:57:15:558,-3.9675,-6.78875,"0,266",12,2,"9,5673","8,5312","50,1556","5,2424","-66,4062"
2026 02 02 10:57:15:560,-3.9675,-6.78875,"0,266",12,2,"9,5673","8,5312","50,1556","5,2424","-70,3125"
2026 02 02 10:57:15:562,-3.9675,-6.78875,"0,266",12,2,"9,5673","8,5312","50,1556","5,2424","-42,9687"
2026 02 02 10:57:15:564,-3.9675,-6.78875,"0,266",12,2,"9,5673","8,5312","50,1556","5,2424","-42,9687"
2026 02 02 10:57:15:566,-3.9985,-6.78875,"0,266",12,2,"9,5673","8,5312","50,1556","5,2424","-62,5"
2026 02 02 10:57:15:568,-3.9675,-6.87625,"0,266",12,2,"9,5673","8,5312","50,1556","5,2424","-70,3125"
2026 02 02 10:57:15:570,-3.9675,-6.78875,"0,266",12,2,"9,5673","8,5312","50,1556","5,2424","-78,125"
2026 02 02 10:57:15:572,-3.9334,-6.70125,"0,266",12,2,"9,5673","8,5312","50,1556","5,2424","-85,9375"
2026 02 02 10:57:15:574,-3.9985,-6.78875,"0,266",12,2,"9,5673","8,5312","50,1556","5,2424","-66,4062"
2026 02 02 10:57:15:576,-3.9675,-6.70125,"0,266",12,2,"9,5673","8,5312","50,1556","5,2424","-66,4062"
2026 02 02 10:57:15:578,-3.9334,-6.70125,"0,266",12,2,"9,5673","8,5312","50,1556","5,2424","-66,4062"
2026 02 02 10:57:15:580,-3.9675,-6.78875,"0,266",12,2,"9,5673","8,5312","50,1556","5,2424","-66,4062"
2026 02 02 10:57:15:582,-3.9675,-6.70125,"0,266",12,2,"9,5673","8,5312","50,1556","5,2424","-42,9687"
2026 02 02 10:57:15:584,-3.9675,-6.70125,"0,266",12,2,"9,5673","8,5312","50,1556","5,2424","-50,7812"
2026 02 02 10:57:15:586,-3.9334,-6.78875,"0,266",12,2,"9,5673","8,5312","50,1556","5,2424","-66,4062"
2026 02 02 10:57:15:588,-3.9675,-6.78875,"0,266",12,2,"9,5673","8,5312","50,1556","5,2424","-78,125"
2026 02 02 10:57:15:590,-3.9675,-6.70125,"0,266",12,2,"9,5673","8,5312","50,1556","5,2424","-78,125"
2026 02 02 10:57:15:592,-3.9675,-6.70125,"0,266",12,2,"9,5673","8,5312","50,1556","5,2424","-89,8437"
2026 02 02 10:57:15:594,-3.9675,-6.78875,"0,266",12,2,"9,5673","8,5312","50,1556","5,2424","-66,4062"
2026 02 02 10:57:15:596,-3.9675,-6.78875,"0,266",12,2,"9,5673","8,5312","50,1556","5,2424","-62,5"
2026 02 02 10:57:15:598,-3.9675,-6.70125,"0,266",12,2,"9,5673","8,5312","50,1556","5,2424","-66,4062"
2026 02 02 10:57:15:600,-3.9334,-6.78875,"0,266",12,2,"9,5673","8,5312","50,1556","5,2424","-66,4062"
2026 02 02 10:57:15:602,-3.9675,-6.78875,"0,266",12,2,"9,5673","8,5312","50,1556","5,2424","-42,9687"
2026 02 02 10:57:15:604,-3.9675,-6.70125,"0,266",12,2,"9,5673","8,5312","50,1556","5,2424","-54,6875"
2026 02 02 10:57:15:606,-3.9334,-6.78875,"0,266",12,2,"9,5673","8,5312","50,1556","5,2424","-66,4062"
2026 02 02 10:57:15:608,-3.9675,-6.70125,"0,266",12,2,"9,5673","8,5312","50,1556","5,2424","-82,0312"
2026 02 02 10:57:15:610,-3.9675,-6.78875,"0,266",12,2,"9,5673","8,5312","50,1556","5,2424","-82,0312"
2026 02 02 10:57:15:612,-3.9985,-6.78875,"0,266",12,2,"9,5673","8,5312","50,1556","5,2424","-89,8437"
2026 02 02 10:57:15:614,-3.9985,-6.78875,"0,266",12,2,"9,5673","8,5312","50,1556","5,2424","-70,3125"
2026 02 02 10:57:15:616,-3.9675,-6.78875,"0,266",12,2,"9,5673","8,5312","50,1556","5,2424","-66,4062"
2026 02 02 10:57:15:618,-3.9675,-6.70125,"0,266",12,2,"9,5673","8,5312","50,1556","5,2424","-66,4062"
2026 02 02 10:57:15:620,-3.9985,-6.78875,"0,266",12,2,"9,5673","8,5312","50,1556","5,2424","-70,3125"
2026 02 02 10:57:15:622,-3.9334,-6.78875,"0,266",12,2,"9,5673","8,5312","50,1556","5,2424","-39,0625"
2026 02 02 10:57:15:624,-3.9675,-6.70125,"0,266",12,2,"9,5673","8,5312","50,1556","5,2424","-54,6875"
2026 02 02 10:57:15:626,-3.9985,-6.78875,"0,266",12,2,"9,5673","8,5312","50,1556","5,2424","-66,4062"
2026 02 02 10:57:15:628,-3.9675,-6.78875,"0,266",12,2,"9,5673","8,5312","50,1556","5,2424","-82,0312"
2026 02 02 10:57:15:630,-3.9334,-6.78875,"0,266",12,2,"9,5673","8,5312","50,1556","5,2424","-78,125"
2026 02 02 10:57:15:632,-3.9675,-6.78875,"0,266",12,2,"9,5673","8,5312","50,1556","5,2424","-97,6562"
2026 02 02 10:57:15:634,-3.9675,-6.78875,"0,266",12,2,"9,5673","8,5312","50,1556","5,2424","-70,3125"
2026 02 02 10:57:15:636,-3.9675,-6.78875,"0,266",12,2,"9,5673","8,5312","50,1556","5,2424","-66,4062"
2026 02 02 10:57:15:638,-3.9675,-6.70125,"0,266",12,2,"9,5673","8,5312","50,1556","5,2424","-66,4062"
2026 02 02 10:57:15:640,-3.9675,-6.78875,"0,266",12,2,"9,5673","8,5312","50,1556","5,2424","-66,4062"
2026 02 02 10:57:15:642,-3.9985,-6.70125,"0,266",12,2,"9,5673","8,5312","50,1556","5,2424","-42,9687"
2026 02 02 10:57:15:644,-3.9675,-6.78875,"0,266",12,2,"9,5673","8,5312","50,1556","5,2424","-58,5937"
2026 02 02 10:57:15:646,-3.9675,-6.70125,"0,266",12,2,"9,5673","8,5312","50,1556","5,2424","-66,4062"
2026 02 02 10:57:15:648,-3.9675,-6.70125,"0,266",12,2,"9,5673","8,5312","50,1556","5,2424","-82,0312"
2026 02 02 10:57:15:650,-3.9675,-6.78875,"0,266",12,2,"9,5673","8,5312","50,1556","5,2424","-78,125"
2026 02 02 10:57:15:652,-3.9675,-6.78875,"0,266",12,2,"9,5673","8,5312","50,1556","5,2424","-89,8437"
2026 02 02 10:57:15:654,-3.9675,-6.70125,"0,266",12,2,"9,5673","8,5312","50,1556","5,2424","-66,4062"
2026 02 02 10:57:15:656,-3.9675,-6.78875,"0,266",12,2,"9,5673","8,5312","50,1556","5,2424","-66,4062"
2026 02 02 10:57:15:658,-3.9334,-6.78875,"0,266",12,2,"9,5673","8,5312","50,1556","5,2424","-66,4062"
2026 02 02 10:57:15:660,-3.9334,-6.78875,"0,266",12,2,"9,5673","8,5312","50,1556","5,2424","-66,4062"
2026 02 02 10:57:15:662,-3.9675,-6.70125,"0,267",12,2,"9,5673","8,2268","51,8188","5,4163","-42,9687"
2026 02 02 10:57:15:664,-3.9675,-6.78875,"0,267",12,2,"9,5673","8,2268","51,8188","5,4163","-54,6875"
2026 02 02 10:57:15:666,-3.9675,-6.78875,"0,267",12,2,"9,5673","8,2268","51,8188","5,4163","-62,5"
2026 02 02 10:57:15:668,-3.9334,-6.70125,"0,267",12,2,"9,5673","8,2268","51,8188","5,4163","-78,125"
2026 02 02 10:57:15:670,-3.9675,-6.78875,"0,267",12,2,"9,5673","8,2268","51,8188","5,4163","-78,125"
2026 02 02 10:57:15:672,-3.9675,-6.78875,"0,267",12,2,"9,5673","8,2268","51,8188","5,4163","-89,8437"
2026 02 02 10:57:15:674,-3.9334,-6.78875,"0,267",12,2,"9,5673","8,2268","51,8188","5,4163","-70,3125"
2026 02 02 10:57:15:676,-3.9675,-6.78875,"0,267",12,2,"9,5673","8,2268","51,8188","5,4163","-70,3125"
2026 02 02 10:57:15:678,-3.9675,-6.78875,"0,267",12,2,"9,5673","8,2268","51,8188","5,4163","-70,3125"
2026 02 02 10:57:15:680,-3.9675,-6.70125,"0,267",12,2,"9,5673","8,2268","51,8188","5,4163","-66,4062"
2026 02 02 10:57:15:682,-3.9675,-6.78875,"0,267",12,2,"9,5673","8,2268","51,8188","5,4163","-39,0625"
2026 02 02 10:57:15:684,-3.9675,-6.78875,"0,267",12,2,"9,5673","8,2268","51,8188","5,4163","-54,6875"
2026 02 02 10:57:15:686,-3.9675,-6.78875,"0,267",12,2,"9,5673","8,2268","51,8188","5,4163","-62,5"
2026 02 02 10:57:15:688,-3.9675,-6.78875,"0,267",12,2,"9,5673","8,2268","51,8188","5,4163","-78,125"
2026 02 02 10:57:15:690,-3.9675,-6.78875,"0,267",12,2,"9,5673","8,2268","51,8188","5,4163","-82,0312"
2026 02 02 10:57:15:692,-3.9985,-6.70125,"0,267",12,2,"9,5673","8,2268","51,8188","5,4163","-93,75"
2026 02 02 10:57:15:694,-3.9675,-6.70125,"0,267",12,2,"9,5673","8,2268","51,8188","5,4163","-66,4062"
2026 02 02 10:57:15:696,-3.9675,-6.78875,"0,267",12,2,"9,5673","8,2268","51,8188","5,4163","-66,4062"
2026 02 02 10:57:15:698,-3.9675,-6.78875,"0,267",12,2,"9,5673","8,2268","51,8188","5,4163","-66,4062"
2026 02 02 10:57:15:700,-3.9675,-6.78875,"0,267",12,2,"9,5673","8,2268","51,8188","5,4163","-66,4062"
2026 02 02 10:57:15:702,-3.9985,-6.78875,"0,267",12,2,"9,5673","8,2268","51,8188","5,4163","-42,9687"
2026 02 02 10:57:15:704,-3.9675,-6.78875,"0,267",12,2,"9,5673","8,2268","51,8188","5,4163","-54,6875"
2026 02 02 10:57:15:706,-3.9675,-6.78875,"0,267",12,2,"9,5673","8,2268","51,8188","5,4163","-62,5"
2026 02 02 10:57:15:708,-3.9675,-6.78875,"0,267",12,2,"9,5673","8,2268","51,8188","5,4163","-78,125"
2026 02 02 10:57:15:710,-3.9675,-6.78875,"0,267",12,2,"9,5673","8,2268","51,8188","5,4163","-82,0312"
2026 02 02 10:57:15:712,-3.9675,-6.87625,"0,267",12,2,"9,5673","8,2268","51,8188","5,4163","-89,8437"
2026 02 02 10:57:15:714,-3.9675,-6.70125,"0,267",12,2,"9,5673","8,2268","51,8188","5,4163","-66,4062"
2026 02 02 10:57:15:716,-3.9675,-6.70125,"0,267",12,2,"9,5673","8,2268","51,8188","5,4163","-66,4062"
2026 02 02 10:57:15:718,-3.9675,-6.78875,"0,267",12,2,"9,5673","8,2268","51,8188","5,4163","-66,4062"
2026 02 02 10:57:15:720,-3.9334,-6.78875,"0,267",12,2,"9,5673","8,2268","51,8188","5,4163","-66,4062"
2026 02 02 10:57:15:722,-3.9675,-6.78875,"0,267",12,2,"9,5673","8,2268","51,8188","5,4163","-42,9687"
2026 02 02 10:57:15:724,-3.9334,-6.78875,"0,267",12,2,"9,5673","8,2268","51,8188","5,4163","-54,6875"
2026 02 02 10:57:15:726,-3.9675,-6.70125,"0,267",12,2,"9,5673","8,2268","51,8188","5,4163","-58,5937"
2026 02 02 10:57:15:728,-3.9675,-6.70125,"0,267",12,2,"9,5673","8,2268","51,8188","5,4163","-78,125"
2026 02 02 10:57:15:730,-3.9675,-6.78875,"0,267",12,2,"9,5673","8,2268","51,8188","5,4163","-78,125"
2026 02 02 10:57:15:732,-3.9675,-6.70125,"0,267",12,2,"9,5673","8,2268","51,8188","5,4163","-89,8437"
2026 02 02 10:57:15:734,-3.9675,-6.78875,"0,267",12,2,"9,5673","8,2268","51,8188","5,4163","-66,4062"
2026 02 02 10:57:15:736,-3.9675,-6.78875,"0,267",12,2,"9,5673","8,2268","51,8188","5,4163","-70,3125"
2026 02 02 10:57:15:738,-3.9985,-6.70125,"0,267",12,2,"9,5673","8,2268","51,8188","5,4163","-66,4062"
2026 02 02 10:57:15:740,-3.9985,-6.70125,"0,267",12,2,"9,5673","8,2268","51,8188","5,4163","-66,4062"
2026 02 02 10:57:15:742,-3.9675,-6.78875,"0,267",12,2,"9,5673","8,2268","51,8188","5,4163","-46,875"
2026 02 02 10:57:15:744,-3.9675,-6.70125,"0,267",12,2,"9,5673","8,2268","51,8188","5,4163","-50,7812"
2026 02 02 10:57:15:746,-3.9675,-6.70125,"0,267",12,2,"9,5673","8,2268","51,8188","5,4163","-62,5"
2026 02 02 10:57:15:748,-3.9675,-6.78875,"0,267",12,2,"9,5673","8,2268","51,8188","5,4163","-74,2187"
2026 02 02 10:57:15:750,-3.9985,-6.70125,"0,267",12,2,"9,5673","8,2268","51,8188","5,4163","-78,125"
2026 02 02 10:57:15:752,-3.9334,-6.78875,"0,267",12,2,"9,5673","8,2268","51,8188","5,4163","-89,8437"
2026 02 02 10:57:15:754,-3.9675,-6.78875,"0,267",12,2,"9,5673","8,2268","51,8188","5,4163","-66,4062"
2026 02 02 10:57:15:756,-3.9334,-6.78875,"0,267",12,2,"9,5673","8,2268","51,8188","5,4163","-66,4062"
2026 02 02 10:57:15:758,-3.9675,-6.78875,"0,267",12,2,"9,5673","8,2268","51,8188","5,4163","-66,4062"
2026 02 02 10:57:15:760,-3.9675,-6.70125,"0,267",12,2,"9,5673","8,2268","51,8188","5,4163","-70,3125"
2026 02 02 10:57:15:762,-3.9675,-6.78875,"0,267",12,2,"9,5673","8,2268","51,8188","5,4163","-50,7812"
2026 02 02 10:57:15:764,-3.9675,-6.78875,"0,267",12,2,"9,5673","8,2268","51,8188","5,4163","-50,7812"
2026 02 02 10:57:15:766,-3.9334,-6.78875,"0,267",12,2,"9,5673","8,2268","51,8188","5,4163","-62,5"
2026 02 02 10:57:15:768,-3.9675,-6.78875,"0,267",12,2,"9,5673","8,2268","51,8188","5,4163","-78,125"
2026 02 02 10:57:15:770,-3.9675,-6.78875,"0,267",12,2,"9,5673","8,2268","51,8188","5,4163","-78,125"
2026 02 02 10:57:15:772,-3.9675,-6.78875,"0,267",12,2,"9,5673","8,2268","51,8188","5,4163","-89,8437"
2026 02 02 10:57:15:774,-3.9675,-6.78875,"0,267",12,2,"9,5673","8,2268","51,8188","5,4163","-66,4062"
2026 02 02 10:57:15:776,-3.9675,-6.70125,"0,267",12,2,"9,5673","8,2268","51,8188","5,4163","-66,4062"
2026 02 02 10:57:15:778,-3.9334,-6.70125,"0,267",12,2,"9,5673","8,2268","51,8188","5,4163","-62,5"
2026 02 02 10:57:15:780,-3.9334,-6.70125,"0,267",12,2,"9,5673","8,2268","51,8188","5,4163","-70,3125"
2026 02 02 10:57:15:782,-3.9675,-6.70125,"0,267",12,2,"9,5673","8,2268","51,8188","5,4163","-42,9687"
2026 02 02 10:57:15:784,-3.9334,-6.70125,"0,267",12,2,"9,5673","8,2268","51,8188","5,4163","-50,7812"
2026 02 02 10:57:15:786,-3.9675,-6.78875,"0,267",12,2,"9,5673","8,2268","51,8188","5,4163","-66,4062"
2026 02 02 10:57:15:788,-3.9675,-6.70125,"0,267",12,2,"9,5673","8,2268","51,8188","5,4163","-78,125"
2026 02 02 10:57:15:790,-3.9334,-6.70125,"0,267",12,2,"9,5673","8,2268","51,8188","5,4163","-78,125"
2026 02 02 10:57:15:792,-3.9675,-6.78875,"0,267",12,2,"9,5673","8,2268","51,8188","5,4163","-89,8437"
2026 02 02 10:57:15:794,-3.9985,-6.78875,"0,267",12,2,"9,5673","8,2268","51,8188","5,4163","-66,4062"
2026 02 02 10:57:15:796,-3.9675,-6.78875,"0,267",12,2,"9,5673","8,2268","51,8188","5,4163","-66,4062"
2026 02 02 10:57:15:798,-3.9675,-6.70125,"0,267",12,2,"9,5673","8,2268","51,8188","5,4163","-62,5"
2026 02 02 10:57:15:800,-3.9334,-6.70125,"0,267",12,2,"9,5673","8,2268","51,8188","5,4163","-70,3125"
2026 02 02 10:57:15:802,-3.9675,-6.70125,"0,267",12,2,"9,5673","8,2268","51,8188","5,4163","-42,9687"
2026 02 02 10:57:15:804,-3.9675,-6.70125,"0,267",12,2,"9,5673","8,2268","51,8188","5,4163","-50,7812"
2026 02 02 10:57:15:806,-3.9675,-6.78875,"0,267",12,2,"9,5673","8,2268","51,8188","5,4163","-62,5"
2026 02 02 10:57:15:808,-3.9334,-6.70125,"0,267",12,2,"9,5673","8,2268","51,8188","5,4163","-78,125"
2026 02 02 10:57:15:810,-3.9675,-6.78875,"0,267",12,2,"9,5673","8,2268","51,8188","5,4163","-78,125"
2026 02 02 10:57:15:812,-3.9675,-6.78875,"0,267",12,2,"9,5673","8,2268","51,8188","5,4163","-97,6562"
2026 02 02 10:57:15:814,-3.9334,-6.87625,"0,267",12,2,"9,5673","8,2268","51,8188","5,4163","-66,4062"
2026 02 02 10:57:15:816,-3.9985,-6.78875,"0,267",12,2,"9,5673","8,2268","51,8188","5,4163","-66,4062"
2026 02 02 10:57:15:818,-3.9675,-6.70125,"0,267",12,2,"9,5673","8,2268","51,8188","5,4163","-62,5"
2026 02 02 10:57:15:820,-3.9334,-6.70125,"0,267",12,2,"9,5673","8,2268","51,8188","5,4163","-66,4062"
2026 02 02 10:57:15:822,-3.9334,-6.70125,"0,267",12,2,"9,5673","8,2268","51,8188","5,4163","-39,0625"
2026 02 02 10:57:15:824,-3.9675,-6.78875,"0,267",12,2,"9,5673","8,2268","51,8188","5,4163","-50,7812"
2026 02 02 10:57:15:826,-3.9675,-6.78875,"0,267",12,2,"9,5673","8,2268","51,8188","5,4163","-62,5"
2026 02 02 10:57:15:828,-3.9675,-6.87625,"0,267",12,2,"9,5673","8,2268","51,8188","5,4163","-78,125"
2026 02 02 10:57:15:830,-3.9675,-6.78875,"0,267",12,2,"9,5673","8,2268","51,8188","5,4163","-78,125"
2026 02 02 10:57:15:832,-3.9675,-6.70125,"0,267",12,2,"9,5673","8,2268","51,8188","5,4163","-89,8437"
2026 02 02 10:57:15:834,-3.9675,-6.78875,"0,267",12,2,"9,5673","8,2268","51,8188","5,4163","-66,4062"
2026 02 02 10:57:15:836,-3.9675,-6.70125,"0,267",12,2,"9,5673","8,2268","51,8188","5,4163","-66,4062"
2026 02 02 10:57:15:838,-3.9675,-6.78875,"0,267",12,2,"9,5673","8,2268","51,8188","5,4163","-66,4062"
2026 02 02 10:57:15:840,-3.9675,-6.78875,"0,267",12,2,"9,5673","8,2268","51,8188","5,4163","-66,4062"
2026 02 02 10:57:15:842,-3.9985,-6.70125,"0,267",12,2,"9,5673","8,2268","51,8188","5,4163","-42,9687"
2026 02 02 10:57:15:844,-3.9675,-6.87625,"0,267",12,2,"9,5673","8,2268","51,8188","5,4163","-46,875"
2026 02 02 10:57:15:846,-3.9675,-6.70125,"0,267",12,2,"9,5673","8,2268","51,8188","5,4163","-62,5"
2026 02 02 10:57:15:848,-3.9675,-6.78875,"0,267",12,2,"9,5673","8,2268","51,8188","5,4163","-74,2187"
2026 02 02 10:57:15:850,-3.9675,-6.78875,"0,267",12,2,"9,5673","8,2268","51,8188","5,4163","-78,125"
2026 02 02 10:57:15:852,-3.9675,-6.78875,"0,267",12,2,"9,5673","8,2268","51,8188","5,4163","-93,75"
2026 02 02 10:57:15:854,-3.9334,-6.78875,"0,267",12,2,"9,5673","8,2268","51,8188","5,4163","-66,4062"
2026 02 02 10:57:15:856,-3.9675,-6.78875,"0,267",12,2,"9,5673","8,2268","51,8188","5,4163","-66,4062"
2026 02 02 10:57:15:858,-3.9675,-6.78875,"0,267",12,2,"9,5673","8,2268","51,8188","5,4163","-66,4062"
2026 02 02 10:57:15:860,-3.9675,-6.78875,"0,267",12,2,"9,5673","8,2268","51,8188","5,4163","-66,4062"
2026 02 02 10:57:15:862,-3.9675,-6.78875,"0,267",12,2,"9,5673","8,2268","51,8188","5,4163","-42,9687"
2026 02 02 10:57:15:864,-3.9675,-6.70125,"0,267",12,2,"9,5673","8,2268","51,8188","5,4163","-46,875"
2026 02 02 10:57:15:866,-3.9675,-6.78875,"0,267",12,2,"9,5673","8,2268","51,8188","5,4163","-58,5937"
2026 02 02 10:57:15:868,-3.9675,-6.70125,"0,267",12,2,"9,5673","8,2268","51,8188","5,4163","-70,3125"
2026 02 02 10:57:15:870,-3.9675,-6.70125,"0,267",12,2,"9,5673","8,2268","51,8188","5,4163","-78,125"
2026 02 02 10:57:15:872,-3.9334,-6.70125,"0,267",12,2,"9,5673","8,2268","51,8188","5,4163","-89,8437"
2026 02 02 10:57:15:874,-3.9675,-6.70125,"0,267",12,2,"9,5673","8,2268","51,8188","5,4163","-62,5"
2026 02 02 10:57:15:876,-3.9675,-6.70125,"0,267",12,2,"9,5673","8,2268","51,8188","5,4163","-66,4062"
2026 02 02 10:57:15:878,-3.9985,-6.70125,"0,267",12,2,"9,5673","8,2268","51,8188","5,4163","-66,4062"
2026 02 02 10:57:15:880,-3.9675,-6.70125,"0,267",12,2,"9,5673","8,2268","51,8188","5,4163","-66,4062"
2026 02 02 10:57:15:882,-3.9675,-6.78875,"0,267",12,2,"9,5673","8,2268","51,8188","5,4163","-46,875"
2026 02 02 10:57:15:884,-3.9675,-6.78875,"0,267",12,2,"9,5673","8,2268","51,8188","5,4163","-54,6875"
2026 02 02 10:57:15:886,-3.9675,-6.70125,"0,267",12,2,"9,5673","8,2268","51,8188","5,4163","-66,4062"
2026 02 02 10:57:15:888,-3.9334,-6.87625,"0,267",12,2,"9,5673","8,2268","51,8188","5,4163","-74,2187"
2026 02 02 10:57:15:890,-3.9985,-6.78875,"0,267",12,2,"9,5673","8,2268","51,8188","5,4163","-78,125"
2026 02 02 10:57:15:892,-3.9675,-6.70125,"0,267",12,2,"9,5673","8,2268","51,8188","5,4163","-89,8437"
2026 02 02 10:57:15:894,-3.9675,-6.78875,"0,267",12,2,"9,5673","8,2268","51,8188","5,4163","-62,5"
2026 02 02 10:57:15:896,-3.9675,-6.70125,"0,267",12,2,"9,5673","8,2268","51,8188","5,4163","-66,4062"
2026 02 02 10:57:15:898,-3.9675,-6.78875,"0,267",12,2,"9,5673","8,2268","51,8188","5,4163","-66,4062"
2026 02 02 10:57:15:900,-3.9675,-6.78875,"0,267",12,2,"9,5673","8,2268","51,8188","5,4163","-66,4062"
2026 02 02 10:57:15:902,-3.9334,-6.78875,"0,267",12,2,"9,5673","8,2268","51,8188","5,4163","-46,875"
2026 02 02 10:57:15:904,-3.9334,-6.78875,"0,267",12,2,"9,5673","8,2268","51,8188","5,4163","-54,6875"
2026 02 02 10:57:15:906,-3.9675,-6.78875,"0,267",12,2,"9,5673","8,2268","51,8188","5,4163","-66,4062"
2026 02 02 10:57:15:908,-3.9675,-6.78875,"0,267",12,2,"9,5673","8,2268","51,8188","5,4163","-82,0312"
2026 02 02 10:57:15:910,-3.9675,-6.78875,"0,267",12,2,"9,5673","8,2268","51,8188","5,4163","-74,2187"
2026 02 02 10:57:15:912,-3.9675,-6.78875,"0,267",12,2,"9,5673","8,2268","51,8188","5,4163","-93,75"
2026 02 02 10:57:15:914,-3.9675,-6.78875,"0,267",12,2,"9,5673","8,2268","51,8188","5,4163","-62,5"
2026 02 02 10:57:15:916,-3.9675,-6.78875,"0,267",12,2,"9,5673","8,2268","51,8188","5,4163","-66,4062"
2026 02 02 10:57:15:918,-3.9675,-6.70125,"0,267",12,2,"9,5673","8,2268","51,8188","5,4163","-66,4062"
2026 02 02 10:57:15:920,-3.9675,-6.70125,"0,267",12,2,"9,5673","8,2268","51,8188","5,4163","-62,5"
2026 02 02 10:57:15:922,-3.9334,-6.78875,"0,267",12,2,"9,5673","8,2268","51,8188","5,4163","-42,9687"
2026 02 02 10:57:15:924,-3.9985,-6.70125,"0,267",12,2,"9,5673","8,2268","51,8188","5,4163","-54,6875"
2026 02 02 10:57:15:926,-3.9675,-6.70125,"0,267",12,2,"9,5673","8,2268","51,8188","5,4163","-62,5"
2026 02 02 10:57:15:928,-3.9675,-6.78875,"0,267",12,2,"9,5673","8,2268","51,8188","5,4163","-78,125"
2026 02 02 10:57:15:930,-3.9675,-6.78875,"0,267",12,2,"9,5673","8,2268","51,8188","5,4163","-82,0312"
2026 02 02 10:57:15:932,-3.9675,-6.78875,"0,267",12,2,"9,5673","8,2268","51,8188","5,4163","-93,75"
2026 02 02 10:57:15:934,-3.9675,-6.78875,"0,267",12,2,"9,5673","8,2268","51,8188","5,4163","-62,5"
2026 02 02 10:57:15:936,-3.9675,-6.78875,"0,267",12,2,"9,5673","8,2268","51,8188","5,4163","-66,4062"
2026 02 02 10:57:15:938,-3.9675,-6.61375,"0,267",12,2,"9,5673","8,2268","51,8188","5,4163","-62,5"
2026 02 02 10:57:15:940,-3.9675,-6.70125,"0,267",12,2,"9,5673","8,2268","51,8188","5,4163","-62,5"
2026 02 02 10:57:15:942,-3.9675,-6.78875,"0,267",12,2,"9,5673","8,2268","51,8188","5,4163","-39,0625"
2026 02 02 10:57:15:944,-3.9675,-6.70125,"0,267",12,2,"9,5673","8,2268","51,8188","5,4163","-50,7812"
2026 02 02 10:57:15:946,-3.9675,-6.78875,"0,267",12,2,"9,5673","8,2268","51,8188","5,4163","-62,5"
2026 02 02 10:57:15:948,-3.9675,-6.70125,"0,267",12,2,"9,5673","8,2268","51,8188","5,4163","-74,2187"
2026 02 02 10:57:15:950,-3.9675,-6.78875,"0,267",12,2,"9,5673","8,2268","51,8188","5,4163","-78,125"
2026 02 02 10:57:15:952,-3.9675,-6.78875,"0,267",12,2,"9,5673","8,2268","51,8188","5,4163","-93,75"
2026 02 02 10:57:15:954,-3.9675,-6.78875,"0,267",12,2,"9,5673","8,2268","51,8188","5,4163","-66,4062"
2026 02 02 10:57:15:956,-3.9675,-6.78875,"0,267",12,2,"9,5673","8,2268","51,8188","5,4163","-66,4062"
2026 02 02 10:57:15:958,-3.9334,-6.78875,"0,267",12,2,"9,5673","8,2268","51,8188","5,4163","-62,5"
2026 02 02 10:57:15:960,-3.9334,-6.78875,"0,265",12,2,"9,5673","8,4038","53,3295","5,5742","-62,5"
2026 02 02 10:57:15:962,-3.9675,-6.70125,"0,265",12,2,"9,5673","8,4038","53,3295","5,5742","-42,9687"
2026 02 02 10:57:15:964,-3.9675,-6.78875,"0,265",12,2,"9,5673","8,4038","53,3295","5,5742","-50,7812"
2026 02 02 10:57:15:966,-3.9675,-6.70125,"0,265",12,2,"9,5673","8,4038","53,3295","5,5742","-62,5"
2026 02 02 10:57:15:968,-3.9675,-6.78875,"0,265",12,2,"9,5673","8,4038","53,3295","5,5742","-74,2187"
2026 02 02 10:57:15:970,-3.9985,-6.78875,"0,265",12,2,"9,5673","8,4038","53,3295","5,5742","-78,125"
2026 02 02 10:57:15:972,-3.9985,-6.78875,"0,265",12,2,"9,5673","8,4038","53,3295","5,5742","-89,8437"
2026 02 02 10:57:15:974,-3.9675,-6.70125,"0,265",12,2,"9,5673","8,4038","53,3295","5,5742","-62,5"
2026 02 02 10:57:15:976,-3.9675,-6.70125,"0,265",12,2,"9,5673","8,4038","53,3295","5,5742","-66,4062"
2026 02 02 10:57:15:978,-3.9334,-6.78875,"0,265",12,2,"9,5673","8,4038","53,3295","5,5742","-62,5"
2026 02 02 10:57:15:980,-3.9985,-6.70125,"0,265",12,2,"9,5673","8,4038","53,3295","5,5742","-62,5"
2026 02 02 10:57:15:982,-3.9675,-6.70125,"0,265",12,2,"9,5673","8,4038","53,3295","5,5742","-39,0625"
2026 02 02 10:57:15:984,-3.9675,-6.70125,"0,265",12,2,"9,5673","8,4038","53,3295","5,5742","-46,875"
2026 02 02 10:57:15:986,-3.9675,-6.70125,"0,265",12,2,"9,5673","8,4038","53,3295","5,5742","-58,5937"
2026 02 02 10:57:15:988,-3.9675,-6.78875,"0,265",12,2,"9,5673","8,4038","53,3295","5,5742","-78,125"
2026 02 02 10:57:15:990,-3.9675,-6.78875,"0,265",12,2,"9,5673","8,4038","53,3295","5,5742","-78,125"
2026 02 02 10:57:15:992,-3.9334,-6.70125,"0,265",12,2,"9,5673","8,4038","53,3295","5,5742","-89,8437"
2026 02 02 10:57:15:994,-3.9675,-6.78875,"0,265",12,2,"9,5673","8,4038","53,3295","5,5742","-62,5"
2026 02 02 10:57:15:996,-3.9334,-6.87625,"0,265",12,2,"9,5673","8,4038","53,3295","5,5742","-62,5"
2026 02 02 10:57:15:998,-3.9675,-6.78875,"0,265",12,2,"9,5673","8,4038","53,3295","5,5742","-62,5"
2026 02 02 10:57:16:000,-3.9675,-6.78875,"0,265",12,2,"9,5673","8,4038","53,3295","5,5742","-58,5937"
2026 02 02 10:57:16:002,-3.9675,-6.78875,"0,265",12,2,"9,5673","8,4038","53,3295","5,5742","-42,9687"
2026 02 02 10:57:16:004,-3.9334,-6.78875,"0,265",12,2,"9,5673","8,4038","53,3295","5,5742","-50,7812"
2026 02 02 10:57:16:006,-3.9675,-6.78875,"0,265",12,2,"9,5673","8,4038","53,3295","5,5742","-58,5937"
2026 02 02 10:57:16:008,-3.9675,-6.78875,"0,265",12,2,"9,5673","8,4038","53,3295","5,5742","-74,2187"
2026 02 02 10:57:16:010,-3.9675,-6.78875,"0,265",12,2,"9,5673","8,4038","53,3295","5,5742","-74,2187"
2026 02 02 10:57:16:012,-4.0295,-6.87625,"0,265",12,2,"9,5673","8,4038","53,3295","5,5742","-85,9375"
2026 02 02 10:57:16:014,-3.9675,-6.78875,"0,265",12,2,"9,5673","8,4038","53,3295","5,5742","-62,5"
2026 02 02 10:57:16:016,-3.9675,-6.78875,"0,265",12,2,"9,5673","8,4038","53,3295","5,5742","-66,4062"
2026 02 02 10:57:16:018,-3.9675,-6.78875,"0,265",12,2,"9,5673","8,4038","53,3295","5,5742","-62,5"
2026 02 02 10:57:16:020,-3.9675,-6.70125,"0,265",12,2,"9,5673","8,4038","53,3295","5,5742","-62,5"
2026 02 02 10:57:16:022,-3.9334,-6.70125,"0,265",12,2,"9,5673","8,4038","53,3295","5,5742","-42,9687"
2026 02 02 10:57:16:024,-3.9675,-6.78875,"0,265",12,2,"9,5673","8,4038","53,3295","5,5742","-46,875"
2026 02 02 10:57:16:026,-3.9675,-6.70125,"0,265",12,2,"9,5673","8,4038","53,3295","5,5742","-58,5937"
2026 02 02 10:57:16:028,-3.9675,-6.78875,"0,265",12,2,"9,5673","8,4038","53,3295","5,5742","-74,2187"
2026 02 02 10:57:16:030,-3.9675,-6.61375,"0,265",12,2,"9,5673","8,4038","53,3295","5,5742","-82,0312"
2026 02 02 10:57:16:032,-3.9675,-6.78875,"0,265",12,2,"9,5673","8,4038","53,3295","5,5742","-85,9375"
2026 02 02 10:57:16:034,-3.9675,-6.78875,"0,265",12,2,"9,5673","8,4038","53,3295","5,5742","-66,4062"
2026 02 02 10:57:16:036,-3.9985,-6.70125,"0,265",12,2,"9,5673","8,4038","53,3295","5,5742","-66,4062"
2026 02 02 10:57:16:038,-3.9675,-6.78875,"0,265",12,2,"9,5673","8,4038","53,3295","5,5742","-58,5937"
2026 02 02 10:57:16:040,-3.9675,-6.78875,"0,265",12,2,"9,5673","8,4038","53,3295","5,5742","-62,5"
2026 02 02 10:57:16:042,-3.9334,-6.70125,"0,265",12,2,"9,5673","8,4038","53,3295","5,5742","-46,875"
2026 02 02 10:57:16:044,-3.9985,-6.78875,"0,265",12,2,"9,5673","8,4038","53,3295","5,5742","-46,875"
2026 02 02 10:57:16:046,-3.9675,-6.87625,"0,265",12,2,"9,5673","8,4038","53,3295","5,5742","-62,5"
2026 02 02 10:57:16:048,-3.9675,-6.70125,"0,265",12,2,"9,5673","8,4038","53,3295","5,5742","-74,2187"
2026 02 02 10:57:16:050,-3.9334,-6.70125,"0,265",12,2,"9,5673","8,4038","53,3295","5,5742","-78,125"
2026 02 02 10:57:16:052,-3.9675,-6.70125,"0,265",12,2,"9,5673","8,4038","53,3295","5,5742","-85,9375"
2026 02 02 10:57:16:054,-3.9334,-6.87625,"0,265",12,2,"9,5673","8,4038","53,3295","5,5742","-62,5"
2026 02 02 10:57:16:056,-3.9675,-6.78875,"0,265",12,2,"9,5673","8,4038","53,3295","5,5742","-66,4062"
2026 02 02 10:57:16:058,-3.9675,-6.78875,"0,265",12,2,"9,5673","8,4038","53,3295","5,5742","-62,5"
2026 02 02 10:57:16:060,-3.9675,-6.70125,"0,265",12,2,"9,5673","8,4038","53,3295","5,5742","-62,5"
2026 02 02 10:57:16:062,-3.9675,-6.78875,"0,265",12,2,"9,5673","8,4038","53,3295","5,5742","-42,9687"
2026 02 02 10:57:16:064,-3.9334,-6.78875,"0,265",12,2,"9,5673","8,4038","53,3295","5,5742","-46,875"
2026 02 02 10:57:16:066,-3.9675,-6.78875,"0,265",12,2,"9,5673","8,4038","53,3295","5,5742","-62,5"
2026 02 02 10:57:16:068,-3.9675,-6.78875,"0,265",12,2,"9,5673","8,4038","53,3295","5,5742","-70,3125"
2026 02 02 10:57:16:070,-3.9985,-6.78875,"0,265",12,2,"9,5673","8,4038","53,3295","5,5742","-74,2187"
2026 02 02 10:57:16:072,-3.9675,-6.70125,"0,265",12,2,"9,5673","8,4038","53,3295","5,5742","-85,9375"
2026 02 02 10:57:16:074,-3.9675,-6.70125,"0,265",12,2,"9,5673","8,4038","53,3295","5,5742","-62,5"
2026 02 02 10:57:16:076,-3.9675,-6.78875,"0,265",12,2,"9,5673","8,4038","53,3295","5,5742","-62,5"
2026 02 02 10:57:16:078,-3.9675,-6.70125,"0,265",12,2,"9,5673","8,4038","53,3295","5,5742","-62,5"
2026 02 02 10:57:16:080,-3.9334,-6.70125,"0,265",12,2,"9,5673","8,4038","53,3295","5,5742","-66,4062"
2026 02 02 10:57:16:082,-3.9334,-6.70125,"0,265",12,2,"9,5673","8,4038","53,3295","5,5742","-39,0625"
2026 02 02 10:57:16:084,-3.9985,-6.78875,"0,265",12,2,"9,5673","8,4038","53,3295","5,5742","-46,875"
2026 02 02 10:57:16:086,-3.9675,-6.70125,"0,265",12,2,"9,5673","8,4038","53,3295","5,5742","-62,5"
2026 02 02 10:57:16:088,-3.9985,-6.78875,"0,265",12,2,"9,5673","8,4038","53,3295","5,5742","-70,3125"
2026 02 02 10:57:16:090,-3.9675,-6.70125,"0,265",12,2,"9,5673","8,4038","53,3295","5,5742","-78,125"
2026 02 02 10:57:16:092,-3.9675,-6.70125,"0,265",12,2,"9,5673","8,4038","53,3295","5,5742","-89,8437"
2026 02 02 10:57:16:094,-3.9675,-6.70125,"0,265",12,2,"9,5673","8,4038","53,3295","5,5742","-62,5"
2026 02 02 10:57:16:096,-3.9675,-6.78875,"0,265",12,2,"9,5673","8,4038","53,3295","5,5742","-62,5"
2026 02 02 10:57:16:098,-3.9334,-6.78875,"0,265",12,2,"9,5673","8,4038","53,3295","5,5742","-62,5"
2026 02 02 10:57:16:100,-3.9675,-6.78875,"0,265",12,2,"9,5673","8,4038","53,3295","5,5742","-62,5"
2026 02 02 10:57:16:102,-3.9985,-6.78875,"0,265",12,2,"9,5673","8,4038","53,3295","5,5742","-42,9687"
2026 02 02 10:57:16:104,-3.9675,-6.78875,"0,265",12,2,"9,5673","8,4038","53,3295","5,5742","-46,875"
2026 02 02 10:57:16:106,-3.9675,-6.70125,"0,265",12,2,"9,5673","8,4038","53,3295","5,5742","-58,5937"
2026 02 02 10:57:16:108,-3.9334,-6.78875,"0,265",12,2,"9,5673","8,4038","53,3295","5,5742","-74,2187"
2026 02 02 10:57:16:110,-3.9985,-6.70125,"0,265",12,2,"9,5673","8,4038","53,3295","5,5742","-78,125"
2026 02 02 10:57:16:112,-3.9675,-6.78875,"0,265",12,2,"9,5673","8,4038","53,3295","5,5742","-93,75"
2026 02 02 10:57:16:114,-3.9675,-6.70125,"0,265",12,2,"9,5673","8,4038","53,3295","5,5742","-62,5"
2026 02 02 10:57:16:116,-3.9985,-6.78875,"0,265",12,2,"9,5673","8,4038","53,3295","5,5742","-62,5"
2026 02 02 10:57:16:118,-3.9675,-6.78875,"0,265",12,2,"9,5673","8,4038","53,3295","5,5742","-62,5"
2026 02 02 10:57:16:120,-3.9334,-6.78875,"0,265",12,2,"9,5673","8,4038","53,3295","5,5742","-62,5"
2026 02 02 10:57:16:122,-3.9675,-6.70125,"0,265",12,2,"9,5673","8,4038","53,3295","5,5742","-39,0625"
2026 02 02 10:57:16:124,-3.9675,-6.70125,"0,265",12,2,"9,5673","8,4038","53,3295","5,5742","-42,9687"
2026 02 02 10:57:16:126,-3.9675,-6.78875,"0,265",12,2,"9,5673","8,4038","53,3295","5,5742","-62,5"
2026 02 02 10:57:16:128,-3.9334,-6.78875,"0,265",12,2,"9,5673","8,4038","53,3295","5,5742","-70,3125"
2026 02 02 10:57:16:130,-3.9985,-6.78875,"0,265",12,2,"9,5673","8,4038","53,3295","5,5742","-78,125"
2026 02 02 10:57:16:132,-3.9675,-6.78875,"0,265",12,2,"9,5673","8,4038","53,3295","5,5742","-89,8437"
2026 02 02 10:57:16:134,-3.9334,-6.78875,"0,265",12,2,"9,5673","8,4038","53,3295","5,5742","-58,5937"
2026 02 02 10:57:16:136,-3.9675,-6.78875,"0,265",12,2,"9,5673","8,4038","53,3295","5,5742","-62,5"
2026 02 02 10:57:16:138,-3.9334,-6.78875,"0,265",12,2,"9,5673","8,4038","53,3295","5,5742","-62,5"
2026 02 02 10:57:16:140,-3.9334,-6.87625,"0,265",12,2,"9,5673","8,4038","53,3295","5,5742","-62,5"
2026 02 02 10:57:16:142,-3.9675,-6.78875,"0,265",12,2,"9,5673","8,4038","53,3295","5,5742","-39,0625"
2026 02 02 10:57:16:144,-3.9985,-6.78875,"0,265",12,2,"9,5673","8,4038","53,3295","5,5742","-46,875"
2026 02 02 10:57:16:146,-3.9675,-6.70125,"0,265",12,2,"9,5673","8,4038","53,3295","5,5742","-58,5937"
2026 02 02 10:57:16:148,-3.9675,-6.78875,"0,265",12,2,"9,5673","8,4038","53,3295","5,5742","-70,3125"
2026 02 02 10:57:16:150,-3.9675,-6.78875,"0,265",12,2,"9,5673","8,4038","53,3295","5,5742","-82,0312"
2026 02 02 10:57:16:152,-3.9675,-6.70125,"0,265",12,2,"9,5673","8,4038","53,3295","5,5742","-89,8437"
2026 02 02 10:57:16:154,-3.9985,-6.78875,"0,265",12,2,"9,5673","8,4038","53,3295","5,5742","-58,5937"
2026 02 02 10:57:16:156,-3.9675,-6.78875,"0,265",12,2,"9,5673","8,4038","53,3295","5,5742","-66,4062"
2026 02 02 10:57:16:158,-3.9985,-6.78875,"0,265",12,2,"9,5673","8,4038","53,3295","5,5742","-62,5"
2026 02 02 10:57:16:160,-3.9675,-6.87625,"0,265",12,2,"9,5673","8,4038","53,3295","5,5742","-58,5937"
2026 02 02 10:57:16:162,-3.9675,-6.78875,"0,265",12,2,"9,5673","8,4038","53,3295","5,5742","-42,9687"
2026 02 02 10:57:16:164,-3.9675,-6.70125,"0,265",12,2,"9,5673","8,4038","53,3295","5,5742","-46,875"
2026 02 02 10:57:16:166,-3.9675,-6.78875,"0,265",12,2,"9,5673","8,4038","53,3295","5,5742","-58,5937"
2026 02 02 10:57:16:168,-3.9985,-6.78875,"0,265",12,2,"9,5673","8,4038","53,3295","5,5742","-74,2187"
2026 02 02 10:57:16:170,-3.9675,-6.78875,"0,265",12,2,"9,5673","8,4038","53,3295","5,5742","-82,0312"
2026 02 02 10:57:16:172,-3.9985,-6.78875,"0,265",12,2,"9,5673","8,4038","53,3295","5,5742","-82,0312"
2026 02 02 10:57:16:174,-3.9675,-6.70125,"0,265",12,2,"9,5673","8,4038","53,3295","5,5742","-62,5"
2026 02 02 10:57:16:176,-3.9675,-6.70125,"0,265",12,2,"9,5673","8,4038","53,3295","5,5742","-66,4062"
2026 02 02 10:57:16:178,-3.9675,-6.70125,"0,265",12,2,"9,5673","8,4038","53,3295","5,5742","-58,5937"
2026 02 02 10:57:16:180,-3.9675,-6.78875,"0,265",12,2,"9,5673","8,4038","53,3295","5,5742","-58,5937"
2026 02 02 10:57:16:182,-3.9985,-6.70125,"0,265",12,2,"9,5673","8,4038","53,3295","5,5742","-42,9687"
2026 02 02 10:57:16:184,-3.9675,-6.78875,"0,265",12,2,"9,5673","8,4038","53,3295","5,5742","-50,7812"
2026 02 02 10:57:16:186,-3.9985,-6.78875,"0,265",12,2,"9,5673","8,4038","53,3295","5,5742","-54,6875"
2026 02 02 10:57:16:188,-3.9675,-6.78875,"0,265",12,2,"9,5673","8,4038","53,3295","5,5742","-78,125"
2026 02 02 10:57:16:190,-3.9675,-6.78875,"0,265",12,2,"9,5673","8,4038","53,3295","5,5742","-78,125"
2026 02 02 10:57:16:192,-3.9675,-6.78875,"0,265",12,2,"9,5673","8,4038","53,3295","5,5742","-85,9375"
2026 02 02 10:57:16:194,-3.9675,-6.78875,"0,265",12,2,"9,5673","8,4038","53,3295","5,5742","-62,5"
2026 02 02 10:57:16:196,-3.9334,-6.78875,"0,265",12,2,"9,5673","8,4038","53,3295","5,5742","-62,5"
2026 02 02 10:57:16:198,-3.9334,-6.78875,"0,265",12,2,"9,5673","8,4038","53,3295","5,5742","-62,5"
2026 02 02 10:57:16:200,-3.9334,-6.70125,"0,265",12,2,"9,5673","8,4038","53,3295","5,5742","-62,5"
2026 02 02 10:57:16:202,-3.9675,-6.70125,"0,265",12,2,"9,5673","8,4038","53,3295","5,5742","-46,875"
2026 02 02 10:57:16:204,-3.9675,-6.78875,"0,265",12,2,"9,5673","8,4038","53,3295","5,5742","-50,7812"
2026 02 02 10:57:16:206,-3.9675,-6.78875,"0,265",12,2,"9,5673","8,4038","53,3295","5,5742","-58,5937"
2026 02 02 10:57:16:208,-3.9675,-6.78875,"0,265",12,2,"9,5673","8,4038","53,3295","5,5742","-82,0312"
2026 02 02 10:57:16:210,-3.9675,-6.78875,"0,265",12,2,"9,5673","8,4038","53,3295","5,5742","-78,125"
2026 02 02 10:57:16:212,-3.9675,-6.70125,"0,265",12,2,"9,5673","8,4038","53,3295","5,5742","-85,9375"
2026 02 02 10:57:16:214,-3.9675,-6.70125,"0,265",12,2,"9,5673","8,4038","53,3295","5,5742","-62,5"
2026 02 02 10:57:16:216,-3.9675,-6.78875,"0,265",12,2,"9,5673","8,4038","53,3295","5,5742","-58,5937"
2026 02 02 10:57:16:218,-3.9675,-6.78875,"0,265",12,2,"9,5673","8,4038","53,3295","5,5742","-58,5937"
2026 02 02 10:57:16:220,-3.9675,-6.70125,"0,265",12,2,"9,5673","8,4038","53,3295","5,5742","-62,5"
2026 02 02 10:57:16:222,-3.9675,-6.70125,"0,265",12,2,"9,5673","8,4038","53,3295","5,5742","-42,9687"
2026 02 02 10:57:16:224,-3.9675,-6.78875,"0,265",12,2,"9,5673","8,4038","53,3295","5,5742","-50,7812"
2026 02 02 10:57:16:226,-3.9675,-6.70125,"0,265",12,2,"9,5673","8,4038","53,3295","5,5742","-58,5937"
2026 02 02 10:57:16:228,-3.9675,-6.70125,"0,265",12,2,"9,5673","8,4038","53,3295","5,5742","-78,125"
2026 02 02 10:57:16:230,-3.9675,-6.78875,"0,265",12,2,"9,5673","8,4038","53,3295","5,5742","-78,125"
2026 02 02 10:57:16:232,-3.9985,-6.70125,"0,265",12,2,"9,5673","8,4038","53,3295","5,5742","-89,8437"
2026 02 02 10:57:16:234,-3.9675,-6.78875,"0,265",12,2,"9,5673","8,4038","53,3295","5,5742","-58,5937"
2026 02 02 10:57:16:236,-3.9675,-6.78875,"0,265",12,2,"9,5673","8,4038","53,3295","5,5742","-62,5"
2026 02 02 10:57:16:238,-3.9675,-6.78875,"0,265",12,2,"9,5673","8,4038","53,3295","5,5742","-58,5937"
2026 02 02 10:57:16:240,-3.9985,-6.70125,"0,265",12,2,"9,5673","8,4038","53,3295","5,5742","-58,5937"
2026 02 02 10:57:16:242,-3.9675,-6.78875,"0,265",12,2,"9,5673","8,4038","53,3295","5,5742","-42,9687"
2026 02 02 10:57:16:244,-3.9675,-6.78875,"0,265",12,2,"9,5673","8,4038","53,3295","5,5742","-42,9687"
2026 02 02 10:57:16:246,-3.9675,-6.70125,"0,265",12,2,"9,5673","8,4038","53,3295","5,5742","-58,5937"
2026 02 02 10:57:16:248,-3.9985,-6.78875,"0,265",12,2,"9,5673","8,4038","53,3295","5,5742","-78,125"
2026 02 02 10:57:16:250,-3.9675,-6.78875,"0,265",12,2,"9,5673","8,4038","53,3295","5,5742","-78,125"
2026 02 02 10:57:16:252,-3.9675,-6.78875,"0,265",12,2,"9,5673","8,4038","53,3295","5,5742","-85,9375"
2026 02 02 10:57:16:254,-3.9675,-6.78875,"0,265",12,2,"9,5673","8,4038","53,3295","5,5742","-62,5"
2026 02 02 10:57:16:256,-3.9675,-6.78875,"0,265",12,2,"9,5673","8,4038","53,3295","5,5742","-62,5"
2026 02 02 10:57:16:258,-3.9675,-6.78875,"0,265",12,2,"9,5673","8,4038","53,3295","5,5742","-58,5937"
2026 02 02 10:57:16:260,-3.9675,-6.78875,"0,265",12,2,"11,0474","3,3634","51,5594","4,6671","-58,5937"
2026 02 02 10:57:16:262,-3.9334,-6.78875,"0,265",12,2,"11,0474","3,3634","51,5594","4,6671","-39,0625"
2026 02 02 10:57:16:264,-3.9675,-6.70125,"0,265",12,2,"11,0474","3,3634","51,5594","4,6671","-42,9687"
2026 02 02 10:57:16:266,-3.9675,-6.70125,"0,265",12,2,"11,0474","3,3634","51,5594","4,6671","-58,5937"
2026 02 02 10:57:16:268,-3.9675,-6.70125,"0,265",12,2,"11,0474","3,3634","51,5594","4,6671","-70,3125"
2026 02 02 10:57:16:270,-3.9675,-6.78875,"0,265",12,2,"11,0474","3,3634","51,5594","4,6671","-78,125"
2026 02 02 10:57:16:272,-3.9334,-6.70125,"0,265",12,2,"11,0474","3,3634","51,5594","4,6671","-93,75"
2026 02 02 10:57:16:274,-3.9675,-6.78875,"0,265",12,2,"11,0474","3,3634","51,5594","4,6671","-58,5937"
2026 02 02 10:57:16:276,-3.9675,-6.70125,"0,265",12,2,"11,0474","3,3634","51,5594","4,6671","-62,5"
2026 02 02 10:57:16:278,-3.9675,-6.70125,"0,265",12,2,"11,0474","3,3634","51,5594","4,6671","-58,5937"
2026 02 02 10:57:16:280,-3.9675,-6.70125,"0,265",12,2,"11,0474","3,3634","51,5594","4,6671","-58,5937"
2026 02 02 10:57:16:282,-3.9675,-6.78875,"0,265",12,2,"11,0474","3,3634","51,5594","4,6671","-42,9687"
2026 02 02 10:57:16:284,-3.9334,-6.70125,"0,265",12,2,"11,0474","3,3634","51,5594","4,6671","-42,9687"
2026 02 02 10:57:16:286,-3.9675,-6.70125,"0,265",12,2,"11,0474","3,3634","51,5594","4,6671","-58,5937"
2026 02 02 10:57:16:288,-3.9675,-6.78875,"0,265",12,2,"11,0474","3,3634","51,5594","4,6671","-70,3125"
2026 02 02 10:57:16:290,-3.9675,-6.61375,"0,265",12,2,"11,0474","3,3634","51,5594","4,6671","-78,125"
2026 02 02 10:57:16:292,-3.9675,-6.78875,"0,265",12,2,"11,0474","3,3634","51,5594","4,6671","-82,0312"
2026 02 02 10:57:16:294,-3.9675,-6.78875,"0,265",12,2,"11,0474","3,3634","51,5594","4,6671","-62,5"
2026 02 02 10:57:16:296,-3.9675,-6.78875,"0,265",12,2,"11,0474","3,3634","51,5594","4,6671","-58,5937"
2026 02 02 10:57:16:298,-3.9675,-6.78875,"0,265",12,2,"11,0474","3,3634","51,5594","4,6671","-58,5937"
2026 02 02 10:57:16:300,-3.9675,-6.70125,"0,265",12,2,"11,0474","3,3634","51,5594","4,6671","-58,5937"
2026 02 02 10:57:16:302,-3.9675,-6.78875,"0,265",12,2,"11,0474","3,3634","51,5594","4,6671","-39,0625"
2026 02 02 10:57:16:304,-3.9675,-6.78875,"0,265",12,2,"11,0474","3,3634","51,5594","4,6671","-42,9687"
2026 02 02 10:57:16:306,-3.9675,-6.70125,"0,265",12,2,"11,0474","3,3634","51,5594","4,6671","-54,6875"
2026 02 02 10:57:16:308,-3.9675,-6.78875,"0,265",12,2,"11,0474","3,3634","51,5594","4,6671","-70,3125"
2026 02 02 10:57:16:310,-3.9675,-6.78875,"0,265",12,2,"11,0474","3,3634","51,5594","4,6671","-78,125"
2026 02 02 10:57:16:312,-3.9675,-6.87625,"0,265",12,2,"11,0474","3,3634","51,5594","4,6671","-82,0312"
2026 02 02 10:57:16:314,-3.9675,-6.70125,"0,265",12,2,"11,0474","3,3634","51,5594","4,6671","-58,5937"
2026 02 02 10:57:16:316,-3.9675,-6.78875,"0,265",12,2,"11,0474","3,3634","51,5594","4,6671","-62,5"
2026 02 02 10:57:16:318,-3.9675,-6.78875,"0,265",12,2,"11,0474","3,3634","51,5594","4,6671","-58,5937"
2026 02 02 10:57:16:320,-3.9334,-6.78875,"0,265",12,2,"11,0474","3,3634","51,5594","4,6671","-62,5"
2026 02 02 10:57:16:322,-3.9675,-6.78875,"0,265",12,2,"11,0474","3,3634","51,5594","4,6671","-42,9687"
2026 02 02 10:57:16:324,-3.9675,-6.78875,"0,265",12,2,"11,0474","3,3634","51,5594","4,6671","-42,9687"
2026 02 02 10:57:16:326,-3.9985,-6.70125,"0,265",12,2,"11,0474","3,3634","51,5594","4,6671","-58,5937"
2026 02 02 10:57:16:328,-3.9675,-6.78875,"0,265",12,2,"11,0474","3,3634","51,5594","4,6671","-66,4062"
2026 02 02 10:57:16:330,-3.9334,-6.78875,"0,265",12,2,"11,0474","3,3634","51,5594","4,6671","-74,2187"
2026 02 02 10:57:16:332,-3.9334,-6.78875,"0,265",12,2,"11,0474","3,3634","51,5594","4,6671","-85,9375"
2026 02 02 10:57:16:334,-3.9675,-6.78875,"0,265",12,2,"11,0474","3,3634","51,5594","4,6671","-58,5937"
2026 02 02 10:57:16:336,-3.9334,-6.78875,"0,265",12,2,"11,0474","3,3634","51,5594","4,6671","-58,5937"
2026 02 02 10:57:16:338,-3.9675,-6.78875,"0,265",12,2,"11,0474","3,3634","51,5594","4,6671","-58,5937"
2026 02 02 10:57:16:340,-3.9675,-6.78875,"0,265",12,2,"11,0474","3,3634","51,5594","4,6671","-62,5"
2026 02 02 10:57:16:342,-3.9334,-6.78875,"0,265",12,2,"11,0474","3,3634","51,5594","4,6671","-42,9687"
2026 02 02 10:57:16:344,-3.9675,-6.70125,"0,265",12,2,"11,0474","3,3634","51,5594","4,6671","-46,875"
2026 02 02 10:57:16:346,-3.9675,-6.78875,"0,265",12,2,"11,0474","3,3634","51,5594","4,6671","-58,5937"
2026 02 02 10:57:16:348,-3.9675,-6.78875,"0,265",12,2,"11,0474","3,3634","51,5594","4,6671","-70,3125"
2026 02 02 10:57:16:350,-3.9334,-6.78875,"0,265",12,2,"11,0474","3,3634","51,5594","4,6671","-78,125"
2026 02 02 10:57:16:352,-3.9675,-6.70125,"0,265",12,2,"11,0474","3,3634","51,5594","4,6671","-85,9375"
2026 02 02 10:57:16:354,-3.9675,-6.87625,"0,265",12,2,"11,0474","3,3634","51,5594","4,6671","-58,5937"
2026 02 02 10:57:16:356,-3.9675,-6.78875,"0,265",12,2,"11,0474","3,3634","51,5594","4,6671","-58,5937"
2026 02 02 10:57:16:358,-3.9675,-6.78875,"0,265",12,2,"11,0474","3,3634","51,5594","4,6671","-58,5937"
2026 02 02 10:57:16:360,-3.9675,-6.87625,"0,265",12,2,"11,0474","3,3634","51,5594","4,6671","-58,5937"
2026 02 02 10:57:16:362,-3.9675,-6.78875,"0,265",12,2,"11,0474","3,3634","51,5594","4,6671","-42,9687"
2026 02 02 10:57:16:364,-3.9675,-6.78875,"0,265",12,2,"11,0474","3,3634","51,5594","4,6671","-42,9687"
2026 02 02 10:57:16:366,-3.9675,-6.70125,"0,265",12,2,"11,0474","3,3634","51,5594","4,6671","-58,5937"
2026 02 02 10:57:16:368,-3.9675,-6.78875,"0,265",12,2,"11,0474","3,3634","51,5594","4,6671","-66,4062"
2026 02 02 10:57:16:370,-3.9675,-6.70125,"0,265",12,2,"11,0474","3,3634","51,5594","4,6671","-78,125"
2026 02 02 10:57:16:372,-3.9675,-6.61375,"0,265",12,2,"11,0474","3,3634","51,5594","4,6671","-89,8437"
2026 02 02 10:57:16:374,-3.9675,-6.78875,"0,265",12,2,"11,0474","3,3634","51,5594","4,6671","-58,5937"
2026 02 02 10:57:16:376,-3.9675,-6.78875,"0,265",12,2,"11,0474","3,3634","51,5594","4,6671","-58,5937"
2026 02 02 10:57:16:378,-3.9675,-6.70125,"0,265",12,2,"11,0474","3,3634","51,5594","4,6671","-58,5937"
2026 02 02 10:57:16:380,-3.9985,-6.70125,"0,265",12,2,"11,0474","3,3634","51,5594","4,6671","-58,5937"
2026 02 02 10:57:16:382,-3.9985,-6.70125,"0,265",12,2,"11,0474","3,3634","51,5594","4,6671","-39,0625"
2026 02 02 10:57:16:384,-3.9985,-6.70125,"0,265",12,2,"11,0474","3,3634","51,5594","4,6671","-42,9687"
2026 02 02 10:57:16:386,-3.9675,-6.78875,"0,265",12,2,"11,0474","3,3634","51,5594","4,6671","-58,5937"
2026 02 02 10:57:16:388,-3.9334,-6.78875,"0,265",12,2,"11,0474","3,3634","51,5594","4,6671","-70,3125"
2026 02 02 10:57:16:390,-3.9985,-6.78875,"0,265",12,2,"11,0474","3,3634","51,5594","4,6671","-78,125"
2026 02 02 10:57:16:392,-3.9985,-6.78875,"0,265",12,2,"11,0474","3,3634","51,5594","4,6671","-82,0312"
2026 02 02 10:57:16:394,-3.9334,-6.78875,"0,265",12,2,"11,0474","3,3634","51,5594","4,6671","-58,5937"
2026 02 02 10:57:16:396,-3.9675,-6.70125,"0,265",12,2,"11,0474","3,3634","51,5594","4,6671","-58,5937"
2026 02 02 10:57:16:398,-3.9985,-6.78875,"0,265",12,2,"11,0474","3,3634","51,5594","4,6671","-58,5937"
2026 02 02 10:57:16:400,-3.9675,-6.78875,"0,265",12,2,"11,0474","3,3634","51,5594","4,6671","-62,5"
2026 02 02 10:57:16:402,-3.9985,-6.78875,"0,265",12,2,"11,0474","3,3634","51,5594","4,6671","-42,9687"
2026 02 02 10:57:16:404,-3.9985,-6.78875,"0,265",12,2,"11,0474","3,3634","51,5594","4,6671","-39,0625"
2026 02 02 10:57:16:406,-3.9675,-6.78875,"0,265",12,2,"11,0474","3,3634","51,5594","4,6671","-58,5937"
2026 02 02 10:57:16:408,-3.9675,-6.78875,"0,265",12,2,"11,0474","3,3634","51,5594","4,6671","-70,3125"
2026 02 02 10:57:16:410,-3.9675,-6.78875,"0,265",12,2,"11,0474","3,3634","51,5594","4,6671","-74,2187"
2026 02 02 10:57:16:412,-3.9675,-6.70125,"0,265",12,2,"11,0474","3,3634","51,5594","4,6671","-93,75"
2026 02 02 10:57:16:414,-3.9985,-6.70125,"0,265",12,2,"11,0474","3,3634","51,5594","4,6671","-62,5"
2026 02 02 10:57:16:416,-3.9675,-6.78875,"0,265",12,2,"11,0474","3,3634","51,5594","4,6671","-58,5937"
2026 02 02 10:57:16:418,-3.9985,-6.78875,"0,265",12,2,"11,0474","3,3634","51,5594","4,6671","-62,5"
2026 02 02 10:57:16:420,-3.9675,-6.78875,"0,265",12,2,"11,0474","3,3634","51,5594","4,6671","-58,5937"
2026 02 02 10:57:16:422,-3.9675,-6.78875,"0,265",12,2,"11,0474","3,3634","51,5594","4,6671","-39,0625"
2026 02 02 10:57:16:424,-3.9675,-6.78875,"0,265",12,2,"11,0474","3,3634","51,5594","4,6671","-39,0625"
2026 02 02 10:57:16:426,-3.9675,-6.78875,"0,265",12,2,"11,0474","3,3634","51,5594","4,6671","-58,5937"
2026 02 02 10:57:16:428,-3.9675,-6.78875,"0,265",12,2,"11,0474","3,3634","51,5594","4,6671","-66,4062"
2026 02 02 10:57:16:430,-3.9334,-6.78875,"0,265",12,2,"11,0474","3,3634","51,5594","4,6671","-74,2187"
2026 02 02 10:57:16:432,-3.9675,-6.78875,"0,265",12,2,"11,0474","3,3634","51,5594","4,6671","-85,9375"
2026 02 02 10:57:16:434,-3.9675,-6.78875,"0,265",12,2,"11,0474","3,3634","51,5594","4,6671","-58,5937"
2026 02 02 10:57:16:436,-3.9334,-6.78875,"0,265",12,2,"11,0474","3,3634","51,5594","4,6671","-54,6875"
2026 02 02 10:57:16:438,-3.9675,-6.78875,"0,265",12,2,"11,0474","3,3634","51,5594","4,6671","-62,5"
2026 02 02 10:57:16:440,-3.9675,-6.70125,"0,265",12,2,"11,0474","3,3634","51,5594","4,6671","-62,5"
2026 02 02 10:57:16:442,-3.9675,-6.78875,"0,265",12,2,"11,0474","3,3634","51,5594","4,6671","-39,0625"
2026 02 02 10:57:16:444,-3.9675,-6.78875,"0,265",12,2,"11,0474","3,3634","51,5594","4,6671","-42,9687"
2026 02 02 10:57:16:446,-3.9985,-6.78875,"0,265",12,2,"11,0474","3,3634","51,5594","4,6671","-54,6875"
2026 02 02 10:57:16:448,-3.9675,-6.78875,"0,265",12,2,"11,0474","3,3634","51,5594","4,6671","-66,4062"
2026 02 02 10:57:16:450,-3.9334,-6.70125,"0,265",12,2,"11,0474","3,3634","51,5594","4,6671","-78,125"
2026 02 02 10:57:16:452,-3.9675,-6.78875,"0,265",12,2,"11,0474","3,3634","51,5594","4,6671","-85,9375"
2026 02 02 10:57:16:454,-3.9675,-6.70125,"0,265",12,2,"11,0474","3,3634","51,5594","4,6671","-58,5937"
2026 02 02 10:57:16:456,-3.9985,-6.78875,"0,265",12,2,"11,0474","3,3634","51,5594","4,6671","-58,5937"
2026 02 02 10:57:16:458,-3.9675,-6.70125,"0,265",12,2,"11,0474","3,3634","51,5594","4,6671","-62,5"
2026 02 02 10:57:16:460,-3.9675,-6.70125,"0,265",12,2,"11,0474","3,3634","51,5594","4,6671","-54,6875"
2026 02 02 10:57:16:462,-3.9675,-6.70125,"0,265",12,2,"11,0474","3,3634","51,5594","4,6671","-39,0625"
2026 02 02 10:57:16:464,-3.9675,-6.78875,"0,265",12,2,"11,0474","3,3634","51,5594","4,6671","-46,875"
2026 02 02 10:57:16:466,-3.9675,-6.70125,"0,265",12,2,"11,0474","3,3634","51,5594","4,6671","-54,6875"
2026 02 02 10:57:16:468,-3.9675,-6.70125,"0,265",12,2,"11,0474","3,3634","51,5594","4,6671","-70,3125"
2026 02 02 10:57:16:470,-3.9675,-6.78875,"0,265",12,2,"11,0474","3,3634","51,5594","4,6671","-74,2187"
2026 02 02 10:57:16:472,-3.9675,-6.70125,"0,265",12,2,"11,0474","3,3634","51,5594","4,6671","-82,0312"
2026 02 02 10:57:16:474,-3.9985,-6.70125,"0,265",12,2,"11,0474","3,3634","51,5594","4,6671","-54,6875"
2026 02 02 10:57:16:476,-3.9675,-6.70125,"0,265",12,2,"11,0474","3,3634","51,5594","4,6671","-54,6875"
2026 02 02 10:57:16:478,-3.9675,-6.70125,"0,265",12,2,"11,0474","3,3634","51,5594","4,6671","-62,5"
2026 02 02 10:57:16:480,-3.9675,-6.78875,"0,265",12,2,"11,0474","3,3634","51,5594","4,6671","-58,5937"
2026 02 02 10:57:16:482,-3.9675,-6.70125,"0,265",12,2,"11,0474","3,3634","51,5594","4,6671","-39,0625"
2026 02 02 10:57:16:484,-3.9675,-6.70125,"0,265",12,2,"11,0474","3,3634","51,5594","4,6671","-50,7812"
2026 02 02 10:57:16:486,-3.9334,-6.78875,"0,265",12,2,"11,0474","3,3634","51,5594","4,6671","-58,5937"
2026 02 02 10:57:16:488,-3.9675,-6.70125,"0,265",12,2,"11,0474","3,3634","51,5594","4,6671","-74,2187"
2026 02 02 10:57:16:490,-3.9675,-6.70125,"0,265",12,2,"11,0474","3,3634","51,5594","4,6671","-78,125"
2026 02 02 10:57:16:492,-3.9675,-6.78875,"0,265",12,2,"11,0474","3,3634","51,5594","4,6671","-85,9375"
2026 02 02 10:57:16:494,-3.9675,-6.70125,"0,265",12,2,"11,0474","3,3634","51,5594","4,6671","-54,6875"
2026 02 02 10:57:16:496,-3.9334,-6.70125,"0,265",12,2,"11,0474","3,3634","51,5594","4,6671","-58,5937"
2026 02 02 10:57:16:498,-3.9675,-6.70125,"0,265",12,2,"11,0474","3,3634","51,5594","4,6671","-62,5"
2026 02 02 10:57:16:500,-3.9675,-6.78875,"0,265",12,2,"11,0474","3,3634","51,5594","4,6671","-54,6875"
2026 02 02 10:57:16:502,-3.9985,-6.78875,"0,265",12,2,"11,0474","3,3634","51,5594","4,6671","-39,0625"
2026 02 02 10:57:16:504,-3.9675,-6.78875,"0,265",12,2,"11,0474","3,3634","51,5594","4,6671","-54,6875"
2026 02 02 10:57:16:506,-3.9675,-6.78875,"0,265",12,2,"11,0474","3,3634","51,5594","4,6671","-54,6875"
2026 02 02 10:57:16:508,-3.9675,-6.78875,"0,265",12,2,"11,0474","3,3634","51,5594","4,6671","-74,2187"
2026 02 02 10:57:16:510,-3.9675,-6.78875,"0,265",12,2,"11,0474","3,3634","51,5594","4,6671","-82,0312"
2026 02 02 10:57:16:512,-3.9675,-6.70125,"0,265",12,2,"11,0474","3,3634","51,5594","4,6671","-82,0312"
2026 02 02 10:57:16:514,-3.9675,-6.70125,"0,265",12,2,"11,0474","3,3634","51,5594","4,6671","-54,6875"
2026 02 02 10:57:16:516,-3.9334,-6.78875,"0,265",12,2,"11,0474","3,3634","51,5594","4,6671","-62,5"
2026 02 02 10:57:16:518,-3.9675,-6.78875,"0,265",12,2,"11,0474","3,3634","51,5594","4,6671","-62,5"
2026 02 02 10:57:16:520,-3.9675,-6.78875,"0,265",12,2,"11,0474","3,3634","51,5594","4,6671","-54,6875"
2026 02 02 10:57:16:522,-3.9675,-6.78875,"0,265",12,2,"11,0474","3,3634","51,5594","4,6671","-42,9687"
2026 02 02 10:57:16:524,-3.9675,-6.87625,"0,265",12,2,"11,0474","3,3634","51,5594","4,6671","-50,7812"
2026 02 02 10:57:16:526,-3.9675,-6.70125,"0,265",12,2,"11,0474","3,3634","51,5594","4,6671","-50,7812"
2026 02 02 10:57:16:528,-3.9675,-6.78875,"0,265",12,2,"11,0474","3,3634","51,5594","4,6671","-70,3125"
2026 02 02 10:57:16:530,-3.9675,-6.78875,"0,265",12,2,"11,0474","3,3634","51,5594","4,6671","-78,125"
2026 02 02 10:57:16:532,-3.9675,-6.78875,"0,265",12,2,"11,0474","3,3634","51,5594","4,6671","-89,8437"
2026 02 02 10:57:16:534,-3.9675,-6.70125,"0,265",12,2,"11,0474","3,3634","51,5594","4,6671","-54,6875"
2026 02 02 10:57:16:536,-3.9675,-6.78875,"0,265",12,2,"11,0474","3,3634","51,5594","4,6671","-62,5"
2026 02 02 10:57:16:538,-3.9985,-6.78875,"0,265",12,2,"11,0474","3,3634","51,5594","4,6671","-58,5937"
2026 02 02 10:57:16:540,-3.9334,-6.78875,"0,265",12,2,"11,0474","3,3634","51,5594","4,6671","-50,7812"
2026 02 02 10:57:16:542,-3.9675,-6.70125,"0,265",12,2,"11,0474","3,3634","51,5594","4,6671","-46,875"
2026 02 02 10:57:16:544,-3.9675,-6.78875,"0,265",12,2,"11,0474","3,3634","51,5594","4,6671","-46,875"
2026 02 02 10:57:16:546,-3.9675,-6.78875,"0,265",12,2,"11,0474","3,3634","51,5594","4,6671","-46,875"
2026 02 02 10:57:16:548,-3.9675,-6.78875,"0,265",12,2,"11,0474","3,3634","51,5594","4,6671","-74,2187"
2026 02 02 10:57:16:550,-3.9675,-6.78875,"0,265",12,2,"11,0474","3,3634","51,5594","4,6671","-78,125"
2026 02 02 10:57:16:552,-3.9675,-6.87625,"0,265",12,2,"11,0474","3,3634","51,5594","4,6671","-74,2187"
2026 02 02 10:57:16:554,-3.9675,-6.78875,"0,265",12,2,"11,0474","3,3634","51,5594","4,6671","-54,6875"
2026 02 02 10:57:16:556,-3.9985,-6.78875,"0,265",12,2,"11,0474","3,3634","51,5594","4,6671","-62,5"
2026 02 02 10:57:16:558,-3.9334,-6.78875,"0,265",12,2,"11,0474","3,3634","51,5594","4,6671","-50,7812"
2026 02 02 10:57:16:560,-3.9675,-6.78875,"0,265",12,2,"11,0474","3,4042","51,4679","4,6588","-50,7812"
2026 02 02 10:57:16:562,-3.9985,-6.78875,"0,265",12,2,"11,0474","3,4042","51,4679","4,6588","-46,875"
2026 02 02 10:57:16:564,-3.9675,-6.87625,"0,265",12,2,"11,0474","3,4042","51,4679","4,6588","-39,0625"
2026 02 02 10:57:16:566,-3.9675,-6.87625,"0,265",12,2,"11,0474","3,4042","51,4679","4,6588","-46,875"
2026 02 02 10:57:16:568,-3.9334,-6.78875,"0,265",12,2,"11,0474","3,4042","51,4679","4,6588","-74,2187"
2026 02 02 10:57:16:570,-3.9675,-6.70125,"0,265",12,2,"11,0474","3,4042","51,4679","4,6588","-74,2187"
2026 02 02 10:57:16:572,-3.9985,-6.70125,"0,265",12,2,"11,0474","3,4042","51,4679","4,6588","-78,125"
2026 02 02 10:57:16:574,-3.9675,-6.70125,"0,265",12,2,"11,0474","3,4042","51,4679","4,6588","-62,5"
2026 02 02 10:57:16:576,-3.9675,-6.78875,"0,265",12,2,"11,0474","3,4042","51,4679","4,6588","-58,5937"
2026 02 02 10:57:16:578,-3.9675,-6.70125,"0,265",12,2,"11,0474","3,4042","51,4679","4,6588","-50,7812"
2026 02 02 10:57:16:580,-3.9675,-6.87625,"0,265",12,2,"11,0474","3,4042","51,4679","4,6588","-58,5937"
2026 02 02 10:57:16:582,-3.9675,-6.70125,"0,265",12,2,"11,0474","3,4042","51,4679","4,6588","-42,9687"
2026 02 02 10:57:16:584,-3.9675,-6.78875,"0,265",12,2,"11,0474","3,4042","51,4679","4,6588","-35,1562"
2026 02 02 10:57:16:586,-3.9675,-6.70125,"0,265",12,2,"11,0474","3,4042","51,4679","4,6588","-50,7812"
2026 02 02 10:57:16:588,-3.9675,-6.78875,"0,265",12,2,"11,0474","3,4042","51,4679","4,6588","-70,3125"
2026 02 02 10:57:16:590,-3.9334,-6.78875,"0,265",12,2,"11,0474","3,4042","51,4679","4,6588","-74,2187"
2026 02 02 10:57:16:592,-3.9675,-6.78875,"0,265",12,2,"11,0474","3,4042","51,4679","4,6588","-74,2187"
2026 02 02 10:57:16:594,-3.9334,-6.78875,"0,265",12,2,"11,0474","3,4042","51,4679","4,6588","-58,5937"
2026 02 02 10:57:16:596,-3.9675,-6.70125,"0,265",12,2,"11,0474","3,4042","51,4679","4,6588","-54,6875"
2026 02 02 10:57:16:598,-3.9675,-6.78875,"0,265",12,2,"11,0474","3,4042","51,4679","4,6588","-50,7812"
2026 02 02 10:57:16:600,-3.9675,-6.78875,"0,265",12,2,"11,0474","3,4042","51,4679","4,6588","-58,5937"
2026 02 02 10:57:16:602,-3.9985,-6.78875,"0,265",12,2,"11,0474","3,4042","51,4679","4,6588","-42,9687"
2026 02 02 10:57:16:604,-3.9675,-6.78875,"0,265",12,2,"11,0474","3,4042","51,4679","4,6588","-39,0625"
2026 02 02 10:57:16:606,-3.9675,-6.78875,"0,265",12,2,"11,0474","3,4042","51,4679","4,6588","-54,6875"
2026 02 02 10:57:16:608,-3.9675,-6.78875,"0,265",12,2,"11,0474","3,4042","51,4679","4,6588","-70,3125"
2026 02 02 10:57:16:610,-3.9675,-6.78875,"0,265",12,2,"11,0474","3,4042","51,4679","4,6588","-74,2187"
2026 02 02 10:57:16:612,-3.9675,-6.78875,"0,265",12,2,"11,0474","3,4042","51,4679","4,6588","-74,2187"
2026 02 02 10:57:16:614,-3.9675,-6.78875,"0,265",12,2,"11,0474","3,4042","51,4679","4,6588","-58,5937"
2026 02 02 10:57:16:616,-3.9675,-6.78875,"0,265",12,2,"11,0474","3,4042","51,4679","4,6588","-54,6875"
2026 02 02 10:57:16:618,-3.9675,-6.70125,"0,265",12,2,"11,0474","3,4042","51,4679","4,6588","-54,6875"
2026 02 02 10:57:16:620,-3.9675,-6.78875,"0,265",12,2,"11,0474","3,4042","51,4679","4,6588","-58,5937"
2026 02 02 10:57:16:622,-3.9334,-6.78875,"0,265",12,2,"11,0474","3,4042","51,4679","4,6588","-42,9687"
2026 02 02 10:57:16:624,-3.9334,-6.78875,"0,265",12,2,"11,0474","3,4042","51,4679","4,6588","-39,0625"
2026 02 02 10:57:16:626,-3.9675,-6.78875,"0,265",12,2,"11,0474","3,4042","51,4679","4,6588","-54,6875"
2026 02 02 10:57:16:628,-3.9675,-6.78875,"0,265",12,2,"11,0474","3,4042","51,4679","4,6588","-66,4062"
2026 02 02 10:57:16:630,-3.9985,-6.78875,"0,265",12,2,"11,0474","3,4042","51,4679","4,6588","-74,2187"
2026 02 02 10:57:16:632,-3.9675,-6.70125,"0,265",12,2,"11,0474","3,4042","51,4679","4,6588","-85,9375"
2026 02 02 10:57:16:634,-3.9675,-6.78875,"0,265",12,2,"11,0474","3,4042","51,4679","4,6588","-58,5937"
2026 02 02 10:57:16:636,-3.9985,-6.78875,"0,265",12,2,"11,0474","3,4042","51,4679","4,6588","-54,6875"
2026 02 02 10:57:16:638,-3.9985,-6.78875,"0,265",12,2,"11,0474","3,4042","51,4679","4,6588","-58,5937"
2026 02 02 10:57:16:640,-3.9985,-6.70125,"0,265",12,2,"11,0474","3,4042","51,4679","4,6588","-58,5937"
2026 02 02 10:57:16:642,-3.9334,-6.78875,"0,265",12,2,"11,0474","3,4042","51,4679","4,6588","-42,9687"
2026 02 02 10:57:16:644,-3.9675,-6.78875,"0,265",12,2,"11,0474","3,4042","51,4679","4,6588","-42,9687"
2026 02 02 10:57:16:646,-3.9334,-6.78875,"0,265",12,2,"11,0474","3,4042","51,4679","4,6588","-54,6875"
2026 02 02 10:57:16:648,-3.9334,-6.78875,"0,265",12,2,"11,0474","3,4042","51,4679","4,6588","-62,5"
2026 02 02 10:57:16:650,-3.9675,-6.78875,"0,265",12,2,"11,0474","3,4042","51,4679","4,6588","-74,2187"
2026 02 02 10:57:16:652,-3.9675,-6.70125,"0,265",12,2,"11,0474","3,4042","51,4679","4,6588","-82,0312"
2026 02 02 10:57:16:654,-3.9675,-6.78875,"0,265",12,2,"11,0474","3,4042","51,4679","4,6588","-50,7812"
2026 02 02 10:57:16:656,-3.9985,-6.78875,"0,265",12,2,"11,0474","3,4042","51,4679","4,6588","-54,6875"
2026 02 02 10:57:16:658,-3.9675,-6.78875,"0,265",12,2,"11,0474","3,4042","51,4679","4,6588","-58,5937"
2026 02 02 10:57:16:660,-3.9675,-6.78875,"0,265",12,2,"11,0474","3,4042","51,4679","4,6588","-54,6875"
2026 02 02 10:57:16:662,-3.9675,-6.78875,"0,265",12,2,"11,0474","3,4042","51,4679","4,6588","-39,0625"
2026 02 02 10:57:16:664,-3.9334,-6.70125,"0,265",12,2,"11,0474","3,4042","51,4679","4,6588","-42,9687"
2026 02 02 10:57:16:666,-3.9675,-6.78875,"0,265",12,2,"11,0474","3,4042","51,4679","4,6588","-50,7812"
2026 02 02 10:57:16:668,-3.9675,-6.78875,"0,265",12,2,"11,0474","3,4042","51,4679","4,6588","-66,4062"
2026 02 02 10:57:16:670,-3.9334,-6.78875,"0,265",12,2,"11,0474","3,4042","51,4679","4,6588","-74,2187"
2026 02 02 10:57:16:672,-3.9675,-6.70125,"0,265",12,2,"11,0474","3,4042","51,4679","4,6588","-78,125"
2026 02 02 10:57:16:674,-3.9675,-6.78875,"0,265",12,2,"11,0474","3,4042","51,4679","4,6588","-54,6875"
2026 02 02 10:57:16:676,-3.9675,-6.78875,"0,265",12,2,"11,0474","3,4042","51,4679","4,6588","-54,6875"
2026 02 02 10:57:16:678,-3.9675,-6.70125,"0,265",12,2,"11,0474","3,4042","51,4679","4,6588","-58,5937"
2026 02 02 10:57:16:680,-3.9675,-6.78875,"0,265",12,2,"11,0474","3,4042","51,4679","4,6588","-54,6875"
2026 02 02 10:57:16:682,-3.9675,-6.70125,"0,265",12,2,"11,0474","3,4042","51,4679","4,6588","-42,9687"
2026 02 02 10:57:16:684,-3.9985,-6.70125,"0,265",12,2,"11,0474","3,4042","51,4679","4,6588","-42,9687"
2026 02 02 10:57:16:686,-3.9985,-6.70125,"0,265",12,2,"11,0474","3,4042","51,4679","4,6588","-54,6875"
2026 02 02 10:57:16:688,-3.9334,-6.78875,"0,265",12,2,"11,0474","3,4042","51,4679","4,6588","-66,4062"
2026 02 02 10:57:16:690,-3.9675,-6.78875,"0,265",12,2,"11,0474","3,4042","51,4679","4,6588","-74,2187"
2026 02 02 10:57:16:692,-3.9675,-6.78875,"0,265",12,2,"11,0474","3,4042","51,4679","4,6588","-82,0312"
2026 02 02 10:57:16:694,-3.9985,-6.78875,"0,265",12,2,"11,0474","3,4042","51,4679","4,6588","-54,6875"
2026 02 02 10:57:16:696,-3.9334,-6.78875,"0,265",12,2,"11,0474","3,4042","51,4679","4,6588","-58,5937"
2026 02 02 10:57:16:698,-3.9334,-6.78875,"0,265",12,2,"11,0474","3,4042","51,4679","4,6588","-54,6875"
2026 02 02 10:57:16:700,-3.9675,-6.87625,"0,265",12,2,"11,0474","3,4042","51,4679","4,6588","-54,6875"
2026 02 02 10:57:16:702,-3.9675,-6.78875,"0,265",12,2,"11,0474","3,4042","51,4679","4,6588","-39,0625"
2026 02 02 10:57:16:704,-3.9985,-6.70125,"0,265",12,2,"11,0474","3,4042","51,4679","4,6588","-39,0625"
2026 02 02 10:57:16:706,-3.9334,-6.70125,"0,265",12,2,"11,0474","3,4042","51,4679","4,6588","-46,875"
2026 02 02 10:57:16:708,-3.9675,-6.70125,"0,265",12,2,"11,0474","3,4042","51,4679","4,6588","-70,3125"
2026 02 02 10:57:16:710,-3.9675,-6.78875,"0,265",12,2,"11,0474","3,4042","51,4679","4,6588","-74,2187"
2026 02 02 10:57:16:712,-3.9675,-6.70125,"0,265",12,2,"11,0474","3,4042","51,4679","4,6588","-82,0312"
2026 02 02 10:57:16:714,-3.9675,-6.78875,"0,265",12,2,"11,0474","3,4042","51,4679","4,6588","-54,6875"
2026 02 02 10:57:16:716,-3.9675,-6.78875,"0,265",12,2,"11,0474","3,4042","51,4679","4,6588","-58,5937"
2026 02 02 10:57:16:718,-3.9334,-6.78875,"0,265",12,2,"11,0474","3,4042","51,4679","4,6588","-50,7812"
2026 02 02 10:57:16:720,-3.9675,-6.78875,"0,265",12,2,"11,0474","3,4042","51,4679","4,6588","-50,7812"
2026 02 02 10:57:16:722,-3.9675,-6.78875,"0,265",12,2,"11,0474","3,4042","51,4679","4,6588","-42,9687"
2026 02 02 10:57:16:724,-3.9675,-6.70125,"0,265",12,2,"11,0474","3,4042","51,4679","4,6588","-35,1562"
2026 02 02 10:57:16:726,-3.9675,-6.78875,"0,265",12,2,"11,0474","3,4042","51,4679","4,6588","-46,875"
2026 02 02 10:57:16:728,-3.9985,-6.70125,"0,265",12,2,"11,0474","3,4042","51,4679","4,6588","-66,4062"
2026 02 02 10:57:16:730,-3.9985,-6.78875,"0,265",12,2,"11,0474","3,4042","51,4679","4,6588","-74,2187"
2026 02 02 10:57:16:732,-3.9334,-6.70125,"0,265",12,2,"11,0474","3,4042","51,4679","4,6588","-78,125"
2026 02 02 10:57:16:734,-3.9675,-6.78875,"0,265",12,2,"11,0474","3,4042","51,4679","4,6588","-58,5937"
2026 02 02 10:57:16:736,-3.9675,-6.70125,"0,265",12,2,"11,0474","3,4042","51,4679","4,6588","-58,5937"
2026 02 02 10:57:16:738,-3.9675,-6.78875,"0,265",12,2,"11,0474","3,4042","51,4679","4,6588","-54,6875"
2026 02 02 10:57:16:740,-3.9675,-6.70125,"0,265",12,2,"11,0474","3,4042","51,4679","4,6588","-58,5937"
2026 02 02 10:57:16:742,-3.9675,-6.78875,"0,265",12,2,"11,0474","3,4042","51,4679","4,6588","-46,875"
2026 02 02 10:57:16:744,-3.9675,-6.70125,"0,265",12,2,"11,0474","3,4042","51,4679","4,6588","-35,1562"
2026 02 02 10:57:16:746,-3.9675,-6.70125,"0,265",12,2,"11,0474","3,4042","51,4679","4,6588","-46,875"
2026 02 02 10:57:16:748,-3.9675,-6.78875,"0,265",12,2,"11,0474","3,4042","51,4679","4,6588","-62,5"
2026 02 02 10:57:16:750,-3.9334,-6.70125,"0,265",12,2,"11,0474","3,4042","51,4679","4,6588","-74,2187"
2026 02 02 10:57:16:752,-3.9334,-6.70125,"0,265",12,2,"11,0474","3,4042","51,4679","4,6588","-78,125"
2026 02 02 10:57:16:754,-3.9675,-6.78875,"0,265",12,2,"11,0474","3,4042","51,4679","4,6588","-54,6875"
2026 02 02 10:57:16:756,-3.9675,-6.78875,"0,265",12,2,"11,0474","3,4042","51,4679","4,6588","-54,6875"
2026 02 02 10:57:16:758,-3.9675,-6.78875,"0,265",12,2,"11,0474","3,4042","51,4679","4,6588","-54,6875"
2026 02 02 10:57:16:760,-3.9334,-6.78875,"0,265",12,2,"11,0474","3,4042","51,4679","4,6588","-58,5937"
2026 02 02 10:57:16:762,-3.9985,-6.70125,"0,265",12,2,"11,0474","3,4042","51,4679","4,6588","-42,9687"
2026 02 02 10:57:16:764,-3.9675,-6.70125,"0,265",12,2,"11,0474","3,4042","51,4679","4,6588","-42,9687"
2026 02 02 10:57:16:766,-3.9675,-6.78875,"0,265",12,2,"11,0474","3,4042","51,4679","4,6588","-50,7812"
2026 02 02 10:57:16:768,-3.9985,-6.78875,"0,265",12,2,"11,0474","3,4042","51,4679","4,6588","-66,4062"
2026 02 02 10:57:16:770,-3.9675,-6.70125,"0,265",12,2,"11,0474","3,4042","51,4679","4,6588","-74,2187"
2026 02 02 10:57:16:772,-3.9334,-6.78875,"0,265",12,2,"11,0474","3,4042","51,4679","4,6588","-78,125"
2026 02 02 10:57:16:774,-3.9985,-6.78875,"0,265",12,2,"11,0474","3,4042","51,4679","4,6588","-50,7812"
2026 02 02 10:57:16:776,-3.9675,-6.70125,"0,265",12,2,"11,0474","3,4042","51,4679","4,6588","-50,7812"
2026 02 02 10:57:16:778,-3.9334,-6.78875,"0,265",12,2,"11,0474","3,4042","51,4679","4,6588","-54,6875"
2026 02 02 10:57:16:780,-3.9675,-6.78875,"0,265",12,2,"11,0474","3,4042","51,4679","4,6588","-54,6875"
2026 02 02 10:57:16:782,-3.9675,-6.78875,"0,265",12,2,"11,0474","3,4042","51,4679","4,6588","-42,9687"
2026 02 02 10:57:16:784,-3.9675,-6.78875,"0,265",12,2,"11,0474","3,4042","51,4679","4,6588","-42,9687"
2026 02 02 10:57:16:786,-3.9985,-6.70125,"0,265",12,2,"11,0474","3,4042","51,4679","4,6588","-50,7812"
2026 02 02 10:57:16:788,-3.9675,-6.70125,"0,265",12,2,"11,0474","3,4042","51,4679","4,6588","-70,3125"
2026 02 02 10:57:16:790,-3.9675,-6.78875,"0,265",12,2,"11,0474","3,4042","51,4679","4,6588","-74,2187"
2026 02 02 10:57:16:792,-3.9675,-6.70125,"0,265",12,2,"11,0474","3,4042","51,4679","4,6588","-78,125"
2026 02 02 10:57:16:794,-3.9675,-6.78875,"0,265",12,2,"11,0474","3,4042","51,4679","4,6588","-54,6875"
2026 02 02 10:57:16:796,-3.9675,-6.78875,"0,265",12,2,"11,0474","3,4042","51,4679","4,6588","-54,6875"
2026 02 02 10:57:16:798,-3.9675,-6.78875,"0,265",12,2,"11,0474","3,4042","51,4679","4,6588","-54,6875"
2026 02 02 10:57:16:800,-3.9675,-6.78875,"0,265",12,2,"11,0474","3,4042","51,4679","4,6588","-54,6875"
2026 02 02 10:57:16:802,-3.9675,-6.78875,"0,265",12,2,"11,0474","3,4042","51,4679","4,6588","-42,9687"
2026 02 02 10:57:16:804,-3.9334,-6.87625,"0,265",12,2,"11,0474","3,4042","51,4679","4,6588","-42,9687"
2026 02 02 10:57:16:806,-3.9675,-6.70125,"0,265",12,2,"11,0474","3,4042","51,4679","4,6588","-50,7812"
2026 02 02 10:57:16:808,-3.9675,-6.78875,"0,265",12,2,"11,0474","3,4042","51,4679","4,6588","-70,3125"
2026 02 02 10:57:16:810,-3.9334,-6.78875,"0,265",12,2,"11,0474","3,4042","51,4679","4,6588","-70,3125"
2026 02 02 10:57:16:812,-3.9675,-6.78875,"0,265",12,2,"11,0474","3,4042","51,4679","4,6588","-78,125"
2026 02 02 10:57:16:814,-3.9675,-6.78875,"0,265",12,2,"11,0474","3,4042","51,4679","4,6588","-54,6875"
2026 02 02 10:57:16:816,-3.9675,-6.78875,"0,265",12,2,"11,0474","3,4042","51,4679","4,6588","-50,7812"
2026 02 02 10:57:16:818,-3.9675,-6.70125,"0,265",12,2,"11,0474","3,4042","51,4679","4,6588","-54,6875"
2026 02 02 10:57:16:820,-3.9675,-6.70125,"0,265",12,2,"11,0474","3,4042","51,4679","4,6588","-50,7812"
2026 02 02 10:57:16:822,-3.9675,-6.78875,"0,265",12,2,"11,0474","3,4042","51,4679","4,6588","-39,0625"
2026 02 02 10:57:16:824,-3.9675,-6.78875,"0,265",12,2,"11,0474","3,4042","51,4679","4,6588","-42,9687"
2026 02 02 10:57:16:826,-3.9675,-6.78875,"0,265",12,2,"11,0474","3,4042","51,4679","4,6588","-50,7812"
2026 02 02 10:57:16:828,-3.9675,-6.78875,"0,265",12,2,"11,0474","3,4042","51,4679","4,6588","-62,5"
2026 02 02 10:57:16:830,-3.9675,-6.78875,"0,265",12,2,"11,0474","3,4042","51,4679","4,6588","-78,125"
2026 02 02 10:57:16:832,-3.9675,-6.70125,"0,265",12,2,"11,0474","3,4042","51,4679","4,6588","-78,125"
2026 02 02 10:57:16:834,-3.9675,-6.78875,"0,265",12,2,"11,0474","3,4042","51,4679","4,6588","-54,6875"
2026 02 02 10:57:16:836,-3.9985,-6.87625,"0,265",12,2,"11,0474","3,4042","51,4679","4,6588","-50,7812"
2026 02 02 10:57:16:838,-3.9675,-6.78875,"0,265",12,2,"11,0474","3,4042","51,4679","4,6588","-54,6875"
2026 02 02 10:57:16:840,-3.9675,-6.78875,"0,265",12,2,"11,0474","3,4042","51,4679","4,6588","-50,7812"
2026 02 02 10:57:16:842,-3.9675,-6.78875,"0,265",12,2,"11,0474","3,4042","51,4679","4,6588","-39,0625"
2026 02 02 10:57:16:844,-3.9675,-6.78875,"0,265",12,2,"11,0474","3,4042","51,4679","4,6588","-39,0625"
2026 02 02 10:57:16:846,-3.9334,-6.78875,"0,265",12,2,"11,0474","3,4042","51,4679","4,6588","-46,875"
2026 02 02 10:57:16:848,-3.9675,-6.78875,"0,265",12,2,"11,0474","3,4042","51,4679","4,6588","-62,5"
2026 02 02 10:57:16:850,-3.9675,-6.78875,"0,265",12,2,"11,0474","3,4042","51,4679","4,6588","-74,2187"
2026 02 02 10:57:16:852,-3.9334,-6.78875,"0,265",12,2,"11,0474","3,4042","51,4679","4,6588","-74,2187"
2026 02 02 10:57:16:854,-3.9334,-6.87625,"0,265",12,2,"11,0474","3,4042","51,4679","4,6588","-54,6875"
2026 02 02 10:57:16:856,-3.9675,-6.78875,"0,265",12,2,"11,0474","3,4042","51,4679","4,6588","-54,6875"
2026 02 02 10:57:16:858,-3.9675,-6.78875,"0,265",12,2,"11,0474","3,4042","51,4679","4,6588","-54,6875"
2026 02 02 10:57:16:860,-3.9675,-6.70125,"0,266",12,2,"11,0474","3,6698","52,7191","4,7721","-46,875"
2026 02 02 10:57:16:862,-3.9334,-6.78875,"0,266",12,2,"11,0474","3,6698","52,7191","4,7721","-42,9687"
2026 02 02 10:57:16:864,-3.9675,-6.78875,"0,266",12,2,"11,0474","3,6698","52,7191","4,7721","-39,0625"
2026 02 02 10:57:16:866,-3.9675,-6.70125,"0,266",12,2,"11,0474","3,6698","52,7191","4,7721","-46,875"
2026 02 02 10:57:16:868,-3.9675,-6.78875,"0,266",12,2,"11,0474","3,6698","52,7191","4,7721","-66,4062"
2026 02 02 10:57:16:870,-3.9675,-6.70125,"0,266",12,2,"11,0474","3,6698","52,7191","4,7721","-70,3125"
2026 02 02 10:57:16:872,-3.9675,-6.78875,"0,266",12,2,"11,0474","3,6698","52,7191","4,7721","-70,3125"
2026 02 02 10:57:16:874,-3.9675,-6.78875,"0,266",12,2,"11,0474","3,6698","52,7191","4,7721","-50,7812"
2026 02 02 10:57:16:876,-3.9675,-6.78875,"0,266",12,2,"11,0474","3,6698","52,7191","4,7721","-62,5"
2026 02 02 10:57:16:878,-3.9985,-6.78875,"0,266",12,2,"11,0474","3,6698","52,7191","4,7721","-54,6875"
2026 02 02 10:57:16:880,-3.9985,-6.70125,"0,266",12,2,"11,0474","3,6698","52,7191","4,7721","-50,7812"
2026 02 02 10:57:16:882,-3.9334,-6.70125,"0,266",12,2,"11,0474","3,6698","52,7191","4,7721","-46,875"
2026 02 02 10:57:16:884,-3.9675,-6.78875,"0,266",12,2,"11,0474","3,6698","52,7191","4,7721","-39,0625"
2026 02 02 10:57:16:886,-3.9675,-6.70125,"0,266",12,2,"11,0474","3,6698","52,7191","4,7721","-42,9687"
2026 02 02 10:57:16:888,-3.9675,-6.78875,"0,266",12,2,"11,0474","3,6698","52,7191","4,7721","-66,4062"
2026 02 02 10:57:16:890,-3.9675,-6.78875,"0,266",12,2,"11,0474","3,6698","52,7191","4,7721","-74,2187"
2026 02 02 10:57:16:892,-3.9334,-6.78875,"0,266",12,2,"11,0474","3,6698","52,7191","4,7721","-70,3125"
2026 02 02 10:57:16:894,-3.9985,-6.70125,"0,266",12,2,"11,0474","3,6698","52,7191","4,7721","-54,6875"
2026 02 02 10:57:16:896,-3.9675,-6.78875,"0,266",12,2,"11,0474","3,6698","52,7191","4,7721","-54,6875"
2026 02 02 10:57:16:898,-3.9334,-6.87625,"0,266",12,2,"11,0474","3,6698","52,7191","4,7721","-50,7812"
2026 02 02 10:57:16:900,-3.9675,-6.78875,"0,266",12,2,"11,0474","3,6698","52,7191","4,7721","-50,7812"
2026 02 02 10:57:16:902,-3.9675,-6.70125,"0,266",12,2,"11,0474","3,6698","52,7191","4,7721","-46,875"
2026 02 02 10:57:16:904,-3.9675,-6.78875,"0,266",12,2,"11,0474","3,6698","52,7191","4,7721","-39,0625"
2026 02 02 10:57:16:906,-3.9675,-6.78875,"0,266",12,2,"11,0474","3,6698","52,7191","4,7721","-46,875"
2026 02 02 10:57:16:908,-3.9675,-6.78875,"0,266",12,2,"11,0474","3,6698","52,7191","4,7721","-66,4062"
2026 02 02 10:57:16:910,-3.9675,-6.70125,"0,266",12,2,"11,0474","3,6698","52,7191","4,7721","-70,3125"
2026 02 02 10:57:16:912,-3.9334,-6.78875,"0,266",12,2,"11,0474","3,6698","52,7191","4,7721","-70,3125"
2026 02 02 10:57:16:914,-3.9675,-6.78875,"0,266",12,2,"11,0474","3,6698","52,7191","4,7721","-54,6875"
2026 02 02 10:57:16:916,-3.9675,-6.78875,"0,266",12,2,"11,0474","3,6698","52,7191","4,7721","-50,7812"
2026 02 02 10:57:16:918,-3.9675,-6.78875,"0,266",12,2,"11,0474","3,6698","52,7191","4,7721","-54,6875"
2026 02 02 10:57:16:920,-3.9675,-6.70125,"0,266",12,2,"11,0474","3,6698","52,7191","4,7721","-46,875"
2026 02 02 10:57:16:922,-3.9675,-6.78875,"0,266",12,2,"11,0474","3,6698","52,7191","4,7721","-42,9687"
2026 02 02 10:57:16:924,-3.9334,-6.78875,"0,266",12,2,"11,0474","3,6698","52,7191","4,7721","-39,0625"
2026 02 02 10:57:16:926,-3.9334,-6.70125,"0,266",12,2,"11,0474","3,6698","52,7191","4,7721","-50,7812"
2026 02 02 10:57:16:928,-3.9675,-6.70125,"0,266",12,2,"11,0474","3,6698","52,7191","4,7721","-62,5"
2026 02 02 10:57:16:930,-3.9675,-6.78875,"0,266",12,2,"11,0474","3,6698","52,7191","4,7721","-78,125"
2026 02 02 10:57:16:932,-3.9675,-6.78875,"0,266",12,2,"11,0474","3,6698","52,7191","4,7721","-74,2187"
2026 02 02 10:57:16:934,-3.9675,-6.78875,"0,266",12,2,"11,0474","3,6698","52,7191","4,7721","-50,7812"
2026 02 02 10:57:16:936,-3.9985,-6.70125,"0,266",12,2,"11,0474","3,6698","52,7191","4,7721","-54,6875"
2026 02 02 10:57:16:938,-3.9675,-6.78875,"0,266",12,2,"11,0474","3,6698","52,7191","4,7721","-50,7812"
2026 02 02 10:57:16:940,-3.9675,-6.70125,"0,266",12,2,"11,0474","3,6698","52,7191","4,7721","-50,7812"
2026 02 02 10:57:16:942,-3.9985,-6.70125,"0,266",12,2,"11,0474","3,6698","52,7191","4,7721","-42,9687"
2026 02 02 10:57:16:944,-3.9985,-6.70125,"0,266",12,2,"11,0474","3,6698","52,7191","4,7721","-39,0625"
2026 02 02 10:57:16:946,-3.9675,-6.70125,"0,266",12,2,"11,0474","3,6698","52,7191","4,7721","-46,875"
2026 02 02 10:57:16:948,-3.9985,-6.70125,"0,266",12,2,"11,0474","3,6698","52,7191","4,7721","-62,5"
2026 02 02 10:57:16:950,-3.9675,-6.78875,"0,266",12,2,"11,0474","3,6698","52,7191","4,7721","-70,3125"
2026 02 02 10:57:16:952,-3.9985,-6.78875,"0,266",12,2,"11,0474","3,6698","52,7191","4,7721","-74,2187"
2026 02 02 10:57:16:954,-3.9675,-6.78875,"0,266",12,2,"11,0474","3,6698","52,7191","4,7721","-50,7812"
2026 02 02 10:57:16:956,-3.9675,-6.78875,"0,266",12,2,"11,0474","3,6698","52,7191","4,7721","-54,6875"
2026 02 02 10:57:16:958,-3.9675,-6.87625,"0,266",12,2,"11,0474","3,6698","52,7191","4,7721","-54,6875"
2026 02 02 10:57:16:960,-3.9675,-6.78875,"0,266",12,2,"11,0474","3,6698","52,7191","4,7721","-50,7812"
2026 02 02 10:57:16:962,-3.9675,-6.70125,"0,266",12,2,"11,0474","3,6698","52,7191","4,7721","-39,0625"
2026 02 02 10:57:16:964,-3.9675,-6.78875,"0,266",12,2,"11,0474","3,6698","52,7191","4,7721","-39,0625"
2026 02 02 10:57:16:966,-3.9675,-6.78875,"0,266",12,2,"11,0474","3,6698","52,7191","4,7721","-46,875"
2026 02 02 10:57:16:968,-3.9334,-6.78875,"0,266",12,2,"11,0474","3,6698","52,7191","4,7721","-66,4062"
2026 02 02 10:57:16:970,-3.9334,-6.78875,"0,266",12,2,"11,0474","3,6698","52,7191","4,7721","-74,2187"
2026 02 02 10:57:16:972,-3.9334,-6.70125,"0,266",12,2,"11,0474","3,6698","52,7191","4,7721","-82,0312"
2026 02 02 10:57:16:974,-3.9024,-6.78875,"0,266",12,2,"11,0474","3,6698","52,7191","4,7721","-50,7812"
2026 02 02 10:57:16:976,-3.9334,-6.70125,"0,266",12,2,"11,0474","3,6698","52,7191","4,7721","-54,6875"
2026 02 02 10:57:16:978,-3.9675,-6.70125,"0,266",12,2,"11,0474","3,6698","52,7191","4,7721","-50,7812"
2026 02 02 10:57:16:980,-3.9675,-6.61375,"0,266",12,2,"11,0474","3,6698","52,7191","4,7721","-50,7812"
2026 02 02 10:57:16:982,-3.9675,-6.78875,"0,266",12,2,"11,0474","3,6698","52,7191","4,7721","-39,0625"
2026 02 02 10:57:16:984,-3.9675,-6.78875,"0,266",12,2,"11,0474","3,6698","52,7191","4,7721","-39,0625"
2026 02 02 10:57:16:986,-3.9985,-6.78875,"0,266",12,2,"11,0474","3,6698","52,7191","4,7721","-46,875"
2026 02 02 10:57:16:988,-3.9675,-6.70125,"0,266",12,2,"11,0474","3,6698","52,7191","4,7721","-62,5"
2026 02 02 10:57:16:990,-3.9675,-6.78875,"0,266",12,2,"11,0474","3,6698","52,7191","4,7721","-74,2187"
2026 02 02 10:57:16:992,-3.9675,-6.78875,"0,266",12,2,"11,0474","3,6698","52,7191","4,7721","-74,2187"
2026 02 02 10:57:16:994,-3.9675,-6.78875,"0,266",12,2,"11,0474","3,6698","52,7191","4,7721","-50,7812"
2026 02 02 10:57:16:996,-3.9675,-6.70125,"0,266",12,2,"11,0474","3,6698","52,7191","4,7721","-54,6875"
2026 02 02 10:57:16:998,-3.9985,-6.87625,"0,266",12,2,"11,0474","3,6698","52,7191","4,7721","-50,7812"
2026 02 02 10:57:17:000,-3.9675,-6.78875,"0,266",12,2,"11,0474","3,6698","52,7191","4,7721","-54,6875"
2026 02 02 10:57:17:002,-3.9675,-6.70125,"0,266",12,2,"11,0474","3,6698","52,7191","4,7721","-35,1562"
2026 02 02 10:57:17:004,-3.9675,-6.70125,"0,266",12,2,"11,0474","3,6698","52,7191","4,7721","-39,0625"
2026 02 02 10:57:17:006,-3.9985,-6.78875,"0,266",12,2,"11,0474","3,6698","52,7191","4,7721","-42,9687"
2026 02 02 10:57:17:008,-3.9675,-6.78875,"0,266",12,2,"11,0474","3,6698","52,7191","4,7721","-58,5937"
2026 02 02 10:57:17:010,-3.9675,-6.78875,"0,266",12,2,"11,0474","3,6698","52,7191","4,7721","-70,3125"
2026 02 02 10:57:17:012,-3.9675,-6.70125,"0,266",12,2,"11,0474","3,6698","52,7191","4,7721","-78,125"
2026 02 02 10:57:17:014,-3.9675,-6.70125,"0,266",12,2,"11,0474","3,6698","52,7191","4,7721","-50,7812"
2026 02 02 10:57:17:016,-3.9985,-6.78875,"0,266",12,2,"11,0474","3,6698","52,7191","4,7721","-54,6875"
2026 02 02 10:57:17:018,-3.9675,-6.70125,"0,266",12,2,"11,0474","3,6698","52,7191","4,7721","-54,6875"
2026 02 02 10:57:17:020,-3.9675,-6.78875,"0,266",12,2,"11,0474","3,6698","52,7191","4,7721","-50,7812"
2026 02 02 10:57:17:022,-3.9675,-6.78875,"0,266",12,2,"11,0474","3,6698","52,7191","4,7721","-39,0625"
2026 02 02 10:57:17:024,-3.9985,-6.78875,"0,266",12,2,"11,0474","3,6698","52,7191","4,7721","-39,0625"
2026 02 02 10:57:17:026,-3.9675,-6.78875,"0,266",12,2,"11,0474","3,6698","52,7191","4,7721","-42,9687"
2026 02 02 10:57:17:028,-3.9334,-6.78875,"0,266",12,2,"11,0474","3,6698","52,7191","4,7721","-58,5937"
2026 02 02 10:57:17:030,-3.9675,-6.70125,"0,266",12,2,"11,0474","3,6698","52,7191","4,7721","-74,2187"
2026 02 02 10:57:17:032,-3.9675,-6.78875,"0,266",12,2,"11,0474","3,6698","52,7191","4,7721","-70,3125"
2026 02 02 10:57:17:034,-3.9334,-6.78875,"0,266",12,2,"11,0474","3,6698","52,7191","4,7721","-54,6875"
2026 02 02 10:57:17:036,-3.9334,-6.78875,"0,266",12,2,"11,0474","3,6698","52,7191","4,7721","-54,6875"
2026 02 02 10:57:17:038,-3.9675,-6.70125,"0,266",12,2,"11,0474","3,6698","52,7191","4,7721","-50,7812"
2026 02 02 10:57:17:040,-3.9675,-6.78875,"0,266",12,2,"11,0474","3,6698","52,7191","4,7721","-50,7812"
2026 02 02 10:57:17:042,-3.9675,-6.78875,"0,266",12,2,"11,0474","3,6698","52,7191","4,7721","-42,9687"
2026 02 02 10:57:17:044,-3.9675,-6.70125,"0,266",12,2,"11,0474","3,6698","52,7191","4,7721","-42,9687"
2026 02 02 10:57:17:046,-3.9675,-6.78875,"0,266",12,2,"11,0474","3,6698","52,7191","4,7721","-46,875"
2026 02 02 10:57:17:048,-3.9334,-6.78875,"0,266",12,2,"11,0474","3,6698","52,7191","4,7721","-70,3125"
2026 02 02 10:57:17:050,-3.9675,-6.78875,"0,266",12,2,"11,0474","3,6698","52,7191","4,7721","-74,2187"
2026 02 02 10:57:17:052,-3.9675,-6.78875,"0,266",12,2,"11,0474","3,6698","52,7191","4,7721","-70,3125"
2026 02 02 10:57:17:054,-3.9675,-6.78875,"0,266",12,2,"11,0474","3,6698","52,7191","4,7721","-54,6875"
2026 02 02 10:57:17:056,-3.9334,-6.70125,"0,266",12,2,"11,0474","3,6698","52,7191","4,7721","-50,7812"
2026 02 02 10:57:17:058,-3.9675,-6.78875,"0,266",12,2,"11,0474","3,6698","52,7191","4,7721","-50,7812"
2026 02 02 10:57:17:060,-3.9675,-6.70125,"0,266",12,2,"11,0474","3,6698","52,7191","4,7721","-50,7812"
2026 02 02 10:57:17:062,-3.9985,-6.70125,"0,266",12,2,"11,0474","3,6698","52,7191","4,7721","-39,0625"
2026 02 02 10:57:17:064,-3.9334,-6.70125,"0,266",12,2,"11,0474","3,6698","52,7191","4,7721","-42,9687"
2026 02 02 10:57:17:066,-3.9334,-6.70125,"0,266",12,2,"11,0474","3,6698","52,7191","4,7721","-50,7812"
2026 02 02 10:57:17:068,-3.9985,-6.78875,"0,266",12,2,"11,0474","3,6698","52,7191","4,7721","-66,4062"
2026 02 02 10:57:17:070,-3.9675,-6.70125,"0,266",12,2,"11,0474","3,6698","52,7191","4,7721","-70,3125"
2026 02 02 10:57:17:072,-3.9675,-6.78875,"0,266",12,2,"11,0474","3,6698","52,7191","4,7721","-82,0312"
2026 02 02 10:57:17:074,-3.9675,-6.78875,"0,266",12,2,"11,0474","3,6698","52,7191","4,7721","-50,7812"
2026 02 02 10:57:17:076,-3.9675,-6.78875,"0,266",12,2,"11,0474","3,6698","52,7191","4,7721","-50,7812"
2026 02 02 10:57:17:078,-3.9675,-6.70125,"0,266",12,2,"11,0474","3,6698","52,7191","4,7721","-54,6875"
2026 02 02 10:57:17:080,-3.9675,-6.70125,"0,266",12,2,"11,0474","3,6698","52,7191","4,7721","-50,7812"
2026 02 02 10:57:17:082,-3.9675,-6.70125,"0,266",12,2,"11,0474","3,6698","52,7191","4,7721","-39,0625"
2026 02 02 10:57:17:084,-3.9675,-6.78875,"0,266",12,2,"11,0474","3,6698","52,7191","4,7721","-39,0625"
2026 02 02 10:57:17:086,-3.9675,-6.70125,"0,266",12,2,"11,0474","3,6698","52,7191","4,7721","-46,875"
2026 02 02 10:57:17:088,-3.9675,-6.70125,"0,266",12,2,"11,0474","3,6698","52,7191","4,7721","-62,5"
2026 02 02 10:57:17:090,-3.9675,-6.78875,"0,266",12,2,"11,0474","3,6698","52,7191","4,7721","-70,3125"
2026 02 02 10:57:17:092,-3.9334,-6.78875,"0,266",12,2,"11,0474","3,6698","52,7191","4,7721","-78,125"
2026 02 02 10:57:17:094,-3.9675,-6.78875,"0,266",12,2,"11,0474","3,6698","52,7191","4,7721","-50,7812"
2026 02 02 10:57:17:096,-3.9675,-6.70125,"0,266",12,2,"11,0474","3,6698","52,7191","4,7721","-50,7812"
2026 02 02 10:57:17:098,-3.9334,-6.70125,"0,266",12,2,"11,0474","3,6698","52,7191","4,7721","-54,6875"
2026 02 02 10:57:17:100,-3.9675,-6.78875,"0,266",12,2,"11,0474","3,6698","52,7191","4,7721","-50,7812"
2026 02 02 10:57:17:102,-3.9675,-6.87625,"0,266",12,2,"11,0474","3,6698","52,7191","4,7721","-35,1562"
2026 02 02 10:57:17:104,-3.9675,-6.70125,"0,266",12,2,"11,0474","3,6698","52,7191","4,7721","-35,1562"
2026 02 02 10:57:17:106,-3.9675,-6.78875,"0,266",12,2,"11,0474","3,6698","52,7191","4,7721","-46,875"
2026 02 02 10:57:17:108,-3.9334,-6.78875,"0,266",12,2,"11,0474","3,6698","52,7191","4,7721","-58,5937"
2026 02 02 10:57:17:110,-3.9675,-6.78875,"0,266",12,2,"11,0474","3,6698","52,7191","4,7721","-70,3125"
2026 02 02 10:57:17:112,-3.9334,-6.70125,"0,266",12,2,"11,0474","3,6698","52,7191","4,7721","-82,0312"
2026 02 02 10:57:17:114,-3.9985,-6.78875,"0,266",12,2,"11,0474","3,6698","52,7191","4,7721","-50,7812"
2026 02 02 10:57:17:116,-3.9334,-6.78875,"0,266",12,2,"11,0474","3,6698","52,7191","4,7721","-54,6875"
2026 02 02 10:57:17:118,-3.9985,-6.78875,"0,266",12,2,"11,0474","3,6698","52,7191","4,7721","-46,875"
2026 02 02 10:57:17:120,-3.9675,-6.78875,"0,266",12,2,"11,0474","3,6698","52,7191","4,7721","-50,7812"
2026 02 02 10:57:17:122,-3.9675,-6.78875,"0,266",12,2,"11,0474","3,6698","52,7191","4,7721","-35,1562"
2026 02 02 10:57:17:124,-3.9675,-6.70125,"0,266",12,2,"11,0474","3,6698","52,7191","4,7721","-42,9687"
2026 02 02 10:57:17:126,-3.9675,-6.78875,"0,266",12,2,"11,0474","3,6698","52,7191","4,7721","-42,9687"
2026 02 02 10:57:17:128,-3.9675,-6.87625,"0,266",12,2,"11,0474","3,6698","52,7191","4,7721","-62,5"
2026 02 02 10:57:17:130,-3.9675,-6.70125,"0,266",12,2,"11,0474","3,6698","52,7191","4,7721","-70,3125"
2026 02 02 10:57:17:132,-3.9675,-6.78875,"0,266",12,2,"11,0474","3,6698","52,7191","4,7721","-82,0312"
2026 02 02 10:57:17:134,-3.9675,-6.78875,"0,266",12,2,"11,0474","3,6698","52,7191","4,7721","-50,7812"
2026 02 02 10:57:17:136,-3.9675,-6.87625,"0,266",12,2,"11,0474","3,6698","52,7191","4,7721","-50,7812"
2026 02 02 10:57:17:138,-3.9675,-6.78875,"0,266",12,2,"11,0474","3,6698","52,7191","4,7721","-54,6875"
2026 02 02 10:57:17:140,-3.9985,-6.78875,"0,266",12,2,"11,0474","3,6698","52,7191","4,7721","-46,875"
2026 02 02 10:57:17:142,-3.9675,-6.78875,"0,266",12,2,"11,0474","3,6698","52,7191","4,7721","-39,0625"
2026 02 02 10:57:17:144,-3.9985,-6.70125,"0,266",12,2,"11,0474","3,6698","52,7191","4,7721","-39,0625"
2026 02 02 10:57:17:146,-3.9675,-6.78875,"0,266",12,2,"11,0474","3,6698","52,7191","4,7721","-42,9687"
2026 02 02 10:57:17:148,-3.9334,-6.78875,"0,266",12,2,"11,0474","3,6698","52,7191","4,7721","-62,5"
2026 02 02 10:57:17:150,-3.9334,-6.78875,"0,266",12,2,"11,0474","3,6698","52,7191","4,7721","-70,3125"
2026 02 02 10:57:17:152,-3.9985,-6.78875,"0,266",12,2,"11,0474","3,6698","52,7191","4,7721","-82,0312"
2026 02 02 10:57:17:154,-3.9334,-6.78875,"0,266",12,2,"11,0474","3,6698","52,7191","4,7721","-50,7812"
2026 02 02 10:57:17:156,-3.9334,-6.70125,"0,266",12,2,"11,0474","3,6698","52,7191","4,7721","-54,6875"
2026 02 02 10:57:17:158,-3.9675,-6.87625,"0,266",12,2,"11,0474","3,6698","52,7191","4,7721","-50,7812"
2026 02 02 10:57:17:160,-3.9675,-6.70125,"0,266",12,2,"11,0474","3,6698","52,7191","4,7721","-46,875"
2026 02 02 10:57:17:162,-3.9985,-6.78875,"0,265",12,2,"11,0474","3,8525","53,8788","4,8771","-39,0625"
2026 02 02 10:57:17:164,-3.9985,-6.61375,"0,265",12,2,"11,0474","3,8525","53,8788","4,8771","-39,0625"
2026 02 02 10:57:17:166,-3.9675,-6.70125,"0,265",12,2,"11,0474","3,8525","53,8788","4,8771","-39,0625"
2026 02 02 10:57:17:168,-3.9985,-6.78875,"0,265",12,2,"11,0474","3,8525","53,8788","4,8771","-62,5"
2026 02 02 10:57:17:170,-3.9334,-6.78875,"0,265",12,2,"11,0474","3,8525","53,8788","4,8771","-66,4062"
2026 02 02 10:57:17:172,-3.9675,-6.70125,"0,265",12,2,"11,0474","3,8525","53,8788","4,8771","-78,125"
2026 02 02 10:57:17:174,-3.9675,-6.70125,"0,265",12,2,"11,0474","3,8525","53,8788","4,8771","-50,7812"
2026 02 02 10:57:17:176,-3.9675,-6.78875,"0,265",12,2,"11,0474","3,8525","53,8788","4,8771","-50,7812"
2026 02 02 10:57:17:178,-3.9675,-6.70125,"0,265",12,2,"11,0474","3,8525","53,8788","4,8771","-50,7812"
2026 02 02 10:57:17:180,-3.9675,-6.70125,"0,265",12,2,"11,0474","3,8525","53,8788","4,8771","-46,875"
2026 02 02 10:57:17:182,-3.9675,-6.78875,"0,265",12,2,"11,0474","3,8525","53,8788","4,8771","-39,0625"
2026 02 02 10:57:17:184,-3.9675,-6.78875,"0,265",12,2,"11,0474","3,8525","53,8788","4,8771","-35,1562"
2026 02 02 10:57:17:186,-3.9675,-6.78875,"0,265",12,2,"11,0474","3,8525","53,8788","4,8771","-42,9687"
2026 02 02 10:57:17:188,-3.9675,-6.78875,"0,265",12,2,"11,0474","3,8525","53,8788","4,8771","-58,5937"
2026 02 02 10:57:17:190,-3.9675,-6.78875,"0,265",12,2,"11,0474","3,8525","53,8788","4,8771","-66,4062"
2026 02 02 10:57:17:192,-3.9675,-6.70125,"0,265",12,2,"11,0474","3,8525","53,8788","4,8771","-74,2187"
2026 02 02 10:57:17:194,-3.9675,-6.78875,"0,265",12,2,"11,0474","3,8525","53,8788","4,8771","-50,7812"
2026 02 02 10:57:17:196,-3.9985,-6.78875,"0,265",12,2,"11,0474","3,8525","53,8788","4,8771","-50,7812"
2026 02 02 10:57:17:198,-3.9675,-6.78875,"0,265",12,2,"11,0474","3,8525","53,8788","4,8771","-50,7812"
2026 02 02 10:57:17:200,-3.9675,-6.78875,"0,265",12,2,"11,0474","3,8525","53,8788","4,8771","-50,7812"
2026 02 02 10:57:17:202,-3.9675,-6.70125,"0,265",12,2,"11,0474","3,8525","53,8788","4,8771","-35,1562"
2026 02 02 10:57:17:204,-3.9675,-6.70125,"0,265",12,2,"11,0474","3,8525","53,8788","4,8771","-39,0625"
2026 02 02 10:57:17:206,-3.9675,-6.78875,"0,265",12,2,"11,0474","3,8525","53,8788","4,8771","-42,9687"
2026 02 02 10:57:17:208,-3.9675,-6.78875,"0,265",12,2,"11,0474","3,8525","53,8788","4,8771","-54,6875"
2026 02 02 10:57:17:210,-3.9675,-6.78875,"0,265",12,2,"11,0474","3,8525","53,8788","4,8771","-70,3125"
2026 02 02 10:57:17:212,-3.9675,-6.78875,"0,265",12,2,"11,0474","3,8525","53,8788","4,8771","-78,125"
2026 02 02 10:57:17:214,-3.9675,-6.78875,"0,265",12,2,"11,0474","3,8525","53,8788","4,8771","-46,875"
2026 02 02 10:57:17:216,-3.9675,-6.78875,"0,265",12,2,"11,0474","3,8525","53,8788","4,8771","-50,7812"
2026 02 02 10:57:17:218,-3.9675,-6.70125,"0,265",12,2,"11,0474","3,8525","53,8788","4,8771","-50,7812"
2026 02 02 10:57:17:220,-3.9334,-6.78875,"0,265",12,2,"11,0474","3,8525","53,8788","4,8771","-50,7812"
2026 02 02 10:57:17:222,-3.9675,-6.78875,"0,265",12,2,"11,0474","3,8525","53,8788","4,8771","-35,1562"
2026 02 02 10:57:17:224,-3.9334,-6.70125,"0,265",12,2,"11,0474","3,8525","53,8788","4,8771","-39,0625"
2026 02 02 10:57:17:226,-3.9675,-6.78875,"0,265",12,2,"11,0474","3,8525","53,8788","4,8771","-42,9687"
2026 02 02 10:57:17:228,-3.9675,-6.87625,"0,265",12,2,"11,0474","3,8525","53,8788","4,8771","-58,5937"
2026 02 02 10:57:17:230,-3.9675,-6.70125,"0,265",12,2,"11,0474","3,8525","53,8788","4,8771","-70,3125"
2026 02 02 10:57:17:232,-3.9675,-6.78875,"0,265",12,2,"11,0474","3,8525","53,8788","4,8771","-78,125"
2026 02 02 10:57:17:234,-3.9675,-6.78875,"0,265",12,2,"11,0474","3,8525","53,8788","4,8771","-46,875"
2026 02 02 10:57:17:236,-3.9675,-6.78875,"0,265",12,2,"11,0474","3,8525","53,8788","4,8771","-50,7812"
2026 02 02 10:57:17:238,-3.9675,-6.78875,"0,265",12,2,"11,0474","3,8525","53,8788","4,8771","-50,7812"
2026 02 02 10:57:17:240,-3.9675,-6.70125,"0,265",12,2,"11,0474","3,8525","53,8788","4,8771","-50,7812"
2026 02 02 10:57:17:242,-3.9675,-6.78875,"0,265",12,2,"11,0474","3,8525","53,8788","4,8771","-35,1562"
2026 02 02 10:57:17:244,-3.9675,-6.78875,"0,265",12,2,"11,0474","3,8525","53,8788","4,8771","-39,0625"
2026 02 02 10:57:17:246,-3.9675,-6.78875,"0,265",12,2,"11,0474","3,8525","53,8788","4,8771","-46,875"
2026 02 02 10:57:17:248,-3.9675,-6.70125,"0,265",12,2,"11,0474","3,8525","53,8788","4,8771","-58,5937"
2026 02 02 10:57:17:250,-3.9675,-6.87625,"0,265",12,2,"11,0474","3,8525","53,8788","4,8771","-70,3125"
2026 02 02 10:57:17:252,-3.9675,-6.78875,"0,265",12,2,"11,0474","3,8525","53,8788","4,8771","-78,125"
2026 02 02 10:57:17:254,-3.9675,-6.78875,"0,265",12,2,"11,0474","3,8525","53,8788","4,8771","-50,7812"
2026 02 02 10:57:17:256,-3.9675,-6.78875,"0,265",12,2,"11,0474","3,8525","53,8788","4,8771","-50,7812"
2026 02 02 10:57:17:258,-3.9675,-6.70125,"0,265",12,2,"11,0474","3,8525","53,8788","4,8771","-50,7812"
2026 02 02 10:57:17:260,-3.9675,-6.78875,"0,265",12,2,"11,0474","3,8525","53,8788","4,8771","-50,7812"
2026 02 02 10:57:17:262,-3.9675,-6.70125,"0,265",12,2,"11,0474","3,8525","53,8788","4,8771","-35,1562"
2026 02 02 10:57:17:264,-3.9985,-6.70125,"0,265",12,2,"11,0474","3,8525","53,8788","4,8771","-35,1562"
2026 02 02 10:57:17:266,-3.9675,-6.70125,"0,265",12,2,"11,0474","3,8525","53,8788","4,8771","-39,0625"
2026 02 02 10:57:17:268,-3.9985,-6.70125,"0,265",12,2,"11,0474","3,8525","53,8788","4,8771","-58,5937"
2026 02 02 10:57:17:270,-3.9675,-6.70125,"0,265",12,2,"11,0474","3,8525","53,8788","4,8771","-62,5"
2026 02 02 10:57:17:272,-3.9675,-6.70125,"0,265",12,2,"11,0474","3,8525","53,8788","4,8771","-78,125"
2026 02 02 10:57:17:274,-3.9675,-6.78875,"0,265",12,2,"11,0474","3,8525","53,8788","4,8771","-46,875"
2026 02 02 10:57:17:276,-3.9675,-6.78875,"0,265",12,2,"11,0474","3,8525","53,8788","4,8771","-54,6875"
2026 02 02 10:57:17:278,-3.9334,-6.70125,"0,265",12,2,"11,0474","3,8525","53,8788","4,8771","-46,875"
2026 02 02 10:57:17:280,-3.9675,-6.78875,"0,265",12,2,"11,0474","3,8525","53,8788","4,8771","-50,7812"
2026 02 02 10:57:17:282,-3.9675,-6.78875,"0,265",12,2,"11,0474","3,8525","53,8788","4,8771","-39,0625"
2026 02 02 10:57:17:284,-3.9334,-6.78875,"0,265",12,2,"11,0474","3,8525","53,8788","4,8771","-31,25"
2026 02 02 10:57:17:286,-3.9675,-6.78875,"0,265",12,2,"11,0474","3,8525","53,8788","4,8771","-39,0625"
2026 02 02 10:57:17:288,-3.9675,-6.78875,"0,265",12,2,"11,0474","3,8525","53,8788","4,8771","-58,5937"
2026 02 02 10:57:17:290,-3.9675,-6.70125,"0,265",12,2,"11,0474","3,8525","53,8788","4,8771","-62,5"
2026 02 02 10:57:17:292,-3.9675,-6.78875,"0,265",12,2,"11,0474","3,8525","53,8788","4,8771","-78,125"
2026 02 02 10:57:17:294,-3.9334,-6.78875,"0,265",12,2,"11,0474","3,8525","53,8788","4,8771","-46,875"
2026 02 02 10:57:17:296,-3.9985,-6.78875,"0,265",12,2,"11,0474","3,8525","53,8788","4,8771","-50,7812"
2026 02 02 10:57:17:298,-3.9675,-6.78875,"0,265",12,2,"11,0474","3,8525","53,8788","4,8771","-50,7812"
2026 02 02 10:57:17:300,-3.9675,-6.78875,"0,265",12,2,"11,0474","3,8525","53,8788","4,8771","-50,7812"
2026 02 02 10:57:17:302,-3.9334,-6.78875,"0,265",12,2,"11,0474","3,8525","53,8788","4,8771","-39,0625"
2026 02 02 10:57:17:304,-3.9985,-6.78875,"0,265",12,2,"11,0474","3,8525","53,8788","4,8771","-35,1562"
2026 02 02 10:57:17:306,-3.9675,-6.70125,"0,265",12,2,"11,0474","3,8525","53,8788","4,8771","-39,0625"
2026 02 02 10:57:17:308,-3.9675,-6.70125,"0,265",12,2,"11,0474","3,8525","53,8788","4,8771","-58,5937"
2026 02 02 10:57:17:310,-3.9985,-6.78875,"0,265",12,2,"11,0474","3,8525","53,8788","4,8771","-66,4062"
2026 02 02 10:57:17:312,-3.9675,-6.78875,"0,265",12,2,"11,0474","3,8525","53,8788","4,8771","-78,125"
2026 02 02 10:57:17:314,-3.9675,-6.70125,"0,265",12,2,"11,0474","3,8525","53,8788","4,8771","-46,875"
2026 02 02 10:57:17:316,-3.9675,-6.78875,"0,265",12,2,"11,0474","3,8525","53,8788","4,8771","-50,7812"
2026 02 02 10:57:17:318,-3.9675,-6.78875,"0,265",12,2,"11,0474","3,8525","53,8788","4,8771","-46,875"
2026 02 02 10:57:17:320,-3.9334,-6.78875,"0,265",12,2,"11,0474","3,8525","53,8788","4,8771","-50,7812"
2026 02 02 10:57:17:322,-3.9675,-6.70125,"0,265",12,2,"11,0474","3,8525","53,8788","4,8771","-39,0625"
2026 02 02 10:57:17:324,-3.9985,-6.78875,"0,265",12,2,"11,0474","3,8525","53,8788","4,8771","-39,0625"
2026 02 02 10:57:17:326,-3.9675,-6.78875,"0,265",12,2,"11,0474","3,8525","53,8788","4,8771","-46,875"
2026 02 02 10:57:17:328,-3.9675,-6.78875,"0,265",12,2,"11,0474","3,8525","53,8788","4,8771","-58,5937"
2026 02 02 10:57:17:330,-3.9675,-6.70125,"0,265",12,2,"11,0474","3,8525","53,8788","4,8771","-74,2187"
2026 02 02 10:57:17:332,-3.9675,-6.70125,"0,265",12,2,"11,0474","3,8525","53,8788","4,8771","-74,2187"
2026 02 02 10:57:17:334,-3.9675,-6.78875,"0,265",12,2,"11,0474","3,8525","53,8788","4,8771","-46,875"
2026 02 02 10:57:17:336,-3.9675,-6.78875,"0,265",12,2,"11,0474","3,8525","53,8788","4,8771","-50,7812"
2026 02 02 10:57:17:338,-3.9675,-6.78875,"0,265",12,2,"11,0474","3,8525","53,8788","4,8771","-46,875"
2026 02 02 10:57:17:340,-3.9675,-6.78875,"0,265",12,2,"11,0474","3,8525","53,8788","4,8771","-50,7812"
2026 02 02 10:57:17:342,-3.9675,-6.78875,"0,265",12,2,"11,0474","3,8525","53,8788","4,8771","-35,1562"
2026 02 02 10:57:17:344,-3.9675,-6.78875,"0,265",12,2,"11,0474","3,8525","53,8788","4,8771","-39,0625"
2026 02 02 10:57:17:346,-3.9675,-6.78875,"0,265",12,2,"11,0474","3,8525","53,8788","4,8771","-50,7812"
2026 02 02 10:57:17:348,-3.9334,-6.78875,"0,265",12,2,"11,0474","3,8525","53,8788","4,8771","-58,5937"
2026 02 02 10:57:17:350,-3.9334,-6.78875,"0,265",12,2,"11,0474","3,8525","53,8788","4,8771","-70,3125"
2026 02 02 10:57:17:352,-3.9675,-6.78875,"0,265",12,2,"11,0474","3,8525","53,8788","4,8771","-78,125"
2026 02 02 10:57:17:354,-3.9675,-6.78875,"0,265",12,2,"11,0474","3,8525","53,8788","4,8771","-46,875"
2026 02 02 10:57:17:356,-3.9675,-6.78875,"0,265",12,2,"11,0474","3,8525","53,8788","4,8771","-46,875"
2026 02 02 10:57:17:358,-3.9675,-6.78875,"0,265",12,2,"11,0474","3,8525","53,8788","4,8771","-46,875"
2026 02 02 10:57:17:360,-3.9675,-6.78875,"0,265",12,2,"11,0474","3,8525","53,8788","4,8771","-46,875"
2026 02 02 10:57:17:362,-3.9675,-6.78875,"0,265",12,2,"11,0474","3,8525","53,8788","4,8771","-39,0625"
2026 02 02 10:57:17:364,-3.9675,-6.78875,"0,265",12,2,"11,0474","3,8525","53,8788","4,8771","-39,0625"
2026 02 02 10:57:17:366,-3.9675,-6.78875,"0,265",12,2,"11,0474","3,8525","53,8788","4,8771","-46,875"
2026 02 02 10:57:17:368,-3.9985,-6.70125,"0,265",12,2,"11,0474","3,8525","53,8788","4,8771","-58,5937"
2026 02 02 10:57:17:370,-3.9334,-6.78875,"0,265",12,2,"11,0474","3,8525","53,8788","4,8771","-70,3125"
2026 02 02 10:57:17:372,-3.9675,-6.70125,"0,265",12,2,"11,0474","3,8525","53,8788","4,8771","-78,125"
2026 02 02 10:57:17:374,-3.9675,-6.70125,"0,265",12,2,"11,0474","3,8525","53,8788","4,8771","-46,875"
2026 02 02 10:57:17:376,-3.9675,-6.78875,"0,265",12,2,"11,0474","3,8525","53,8788","4,8771","-50,7812"
2026 02 02 10:57:17:378,-3.9675,-6.78875,"0,265",12,2,"11,0474","3,8525","53,8788","4,8771","-50,7812"
2026 02 02 10:57:17:380,-3.9675,-6.78875,"0,265",12,2,"11,0474","3,8525","53,8788","4,8771","-46,875"
2026 02 02 10:57:17:382,-3.9985,-6.78875,"0,265",12,2,"11,0474","3,8525","53,8788","4,8771","-35,1562"
2026 02 02 10:57:17:384,-3.9985,-6.78875,"0,265",12,2,"11,0474","3,8525","53,8788","4,8771","-39,0625"
2026 02 02 10:57:17:386,-3.9334,-6.78875,"0,265",12,2,"11,0474","3,8525","53,8788","4,8771","-42,9687"
2026 02 02 10:57:17:388,-3.9675,-6.70125,"0,265",12,2,"11,0474","3,8525","53,8788","4,8771","-54,6875"
2026 02 02 10:57:17:390,-3.9675,-6.87625,"0,265",12,2,"11,0474","3,8525","53,8788","4,8771","-70,3125"
2026 02 02 10:57:17:392,-3.9334,-6.78875,"0,265",12,2,"11,0474","3,8525","53,8788","4,8771","-82,0312"
2026 02 02 10:57:17:394,-3.9985,-6.78875,"0,265",12,2,"11,0474","3,8525","53,8788","4,8771","-46,875"
2026 02 02 10:57:17:396,-3.9675,-6.70125,"0,265",12,2,"11,0474","3,8525","53,8788","4,8771","-46,875"
2026 02 02 10:57:17:398,-3.9675,-6.78875,"0,265",12,2,"11,0474","3,8525","53,8788","4,8771","-50,7812"
2026 02 02 10:57:17:400,-3.9334,-6.78875,"0,265",12,2,"11,0474","3,8525","53,8788","4,8771","-42,9687"
2026 02 02 10:57:17:402,-3.9334,-6.70125,"0,265",12,2,"11,0474","3,8525","53,8788","4,8771","-35,1562"
2026 02 02 10:57:17:404,-3.9675,-6.78875,"0,265",12,2,"11,0474","3,8525","53,8788","4,8771","-39,0625"
2026 02 02 10:57:17:406,-3.9985,-6.78875,"0,265",12,2,"11,0474","3,8525","53,8788","4,8771","-42,9687"
2026 02 02 10:57:17:408,-3.9675,-6.78875,"0,265",12,2,"11,0474","3,8525","53,8788","4,8771","-54,6875"
2026 02 02 10:57:17:410,-3.9334,-6.78875,"0,265",12,2,"11,0474","3,8525","53,8788","4,8771","-70,3125"
2026 02 02 10:57:17:412,-3.9675,-6.78875,"0,265",12,2,"11,0474","3,8525","53,8788","4,8771","-78,125"
2026 02 02 10:57:17:414,-3.9675,-6.78875,"0,265",12,2,"11,0474","3,8525","53,8788","4,8771","-42,9687"
2026 02 02 10:57:17:416,-3.9675,-6.70125,"0,265",12,2,"11,0474","3,8525","53,8788","4,8771","-46,875"
2026 02 02 10:57:17:418,-3.9675,-6.87625,"0,265",12,2,"11,0474","3,8525","53,8788","4,8771","-46,875"
2026 02 02 10:57:17:420,-3.9675,-6.78875,"0,265",12,2,"11,0474","3,8525","53,8788","4,8771","-42,9687"
2026 02 02 10:57:17:422,-3.9675,-6.78875,"0,265",12,2,"11,0474","3,8525","53,8788","4,8771","-35,1562"
2026 02 02 10:57:17:424,-3.9675,-6.78875,"0,265",12,2,"11,0474","3,8525","53,8788","4,8771","-35,1562"
2026 02 02 10:57:17:426,-3.9985,-6.78875,"0,265",12,2,"11,0474","3,8525","53,8788","4,8771","-39,0625"
2026 02 02 10:57:17:428,-3.9675,-6.78875,"0,265",12,2,"11,0474","3,8525","53,8788","4,8771","-54,6875"
2026 02 02 10:57:17:430,-3.9334,-6.78875,"0,265",12,2,"11,0474","3,8525","53,8788","4,8771","-70,3125"
2026 02 02 10:57:17:432,-3.9675,-6.78875,"0,265",12,2,"11,0474","3,8525","53,8788","4,8771","-82,0312"
2026 02 02 10:57:17:434,-3.9675,-6.87625,"0,265",12,2,"11,0474","3,8525","53,8788","4,8771","-46,875"
2026 02 02 10:57:17:436,-3.9675,-6.78875,"0,265",12,2,"11,0474","3,8525","53,8788","4,8771","-50,7812"
2026 02 02 10:57:17:438,-3.9675,-6.78875,"0,265",12,2,"11,0474","3,8525","53,8788","4,8771","-46,875"
2026 02 02 10:57:17:440,-3.9985,-6.78875,"0,265",12,2,"11,0474","3,8525","53,8788","4,8771","-42,9687"
2026 02 02 10:57:17:442,-3.9675,-6.70125,"0,265",12,2,"11,0474","3,8525","53,8788","4,8771","-35,1562"
2026 02 02 10:57:17:444,-3.9675,-6.78875,"0,265",12,2,"11,0474","3,8525","53,8788","4,8771","-35,1562"
2026 02 02 10:57:17:446,-3.9675,-6.70125,"0,265",12,2,"11,0474","3,8525","53,8788","4,8771","-39,0625"
2026 02 02 10:57:17:448,-3.9334,-6.78875,"0,265",12,2,"11,0474","3,8525","53,8788","4,8771","-50,7812"
2026 02 02 10:57:17:450,-3.9675,-6.87625,"0,265",12,2,"11,0474","3,8525","53,8788","4,8771","-66,4062"
2026 02 02 10:57:17:452,-3.9334,-6.87625,"0,265",12,2,"11,0474","3,8525","53,8788","4,8771","-78,125"
2026 02 02 10:57:17:454,-3.9675,-6.87625,"0,265",12,2,"11,0474","3,8525","53,8788","4,8771","-46,875"
2026 02 02 10:57:17:456,-3.9675,-6.78875,"0,265",12,2,"11,0474","3,8525","53,8788","4,8771","-46,875"
2026 02 02 10:57:17:458,-3.9334,-6.78875,"0,265",12,2,"11,0474","3,8525","53,8788","4,8771","-46,875"
2026 02 02 10:57:17:460,-3.9675,-6.87625,"0,266",12,2,"11,0474","3,8241","51,3611","4,6492","-46,875"
2026 02 02 10:57:17:462,-3.9675,-6.78875,"0,266",12,2,"11,0474","3,8241","51,3611","4,6492","-35,1562"
2026 02 02 10:57:17:464,-3.9675,-6.78875,"0,266",12,2,"11,0474","3,8241","51,3611","4,6492","-35,1562"
2026 02 02 10:57:17:466,-3.9675,-6.70125,"0,266",12,2,"11,0474","3,8241","51,3611","4,6492","-42,9687"
2026 02 02 10:57:17:468,-3.9334,-6.70125,"0,266",12,2,"11,0474","3,8241","51,3611","4,6492","-50,7812"
2026 02 02 10:57:17:470,-3.9675,-6.78875,"0,266",12,2,"11,0474","3,8241","51,3611","4,6492","-62,5"
2026 02 02 10:57:17:472,-3.9675,-6.70125,"0,266",12,2,"11,0474","3,8241","51,3611","4,6492","-70,3125"
2026 02 02 10:57:17:474,-3.9675,-6.78875,"0,266",12,2,"11,0474","3,8241","51,3611","4,6492","-46,875"
2026 02 02 10:57:17:476,-3.9675,-6.70125,"0,266",12,2,"11,0474","3,8241","51,3611","4,6492","-46,875"
2026 02 02 10:57:17:478,-3.9675,-6.78875,"0,266",12,2,"11,0474","3,8241","51,3611","4,6492","-46,875"
2026 02 02 10:57:17:480,-3.9675,-6.78875,"0,266",12,2,"11,0474","3,8241","51,3611","4,6492","-46,875"
2026 02 02 10:57:17:482,-3.9675,-6.70125,"0,266",12,2,"11,0474","3,8241","51,3611","4,6492","-35,1562"
2026 02 02 10:57:17:484,-3.9985,-6.78875,"0,266",12,2,"11,0474","3,8241","51,3611","4,6492","-35,1562"
2026 02 02 10:57:17:486,-3.9675,-6.78875,"0,266",12,2,"11,0474","3,8241","51,3611","4,6492","-42,9687"
2026 02 02 10:57:17:488,-3.9675,-6.78875,"0,266",12,2,"11,0474","3,8241","51,3611","4,6492","-54,6875"
2026 02 02 10:57:17:490,-3.9675,-6.78875,"0,266",12,2,"11,0474","3,8241","51,3611","4,6492","-66,4062"
2026 02 02 10:57:17:492,-3.9675,-6.78875,"0,266",12,2,"11,0474","3,8241","51,3611","4,6492","-74,2187"
2026 02 02 10:57:17:494,-3.9985,-6.78875,"0,266",12,2,"11,0474","3,8241","51,3611","4,6492","-46,875"
2026 02 02 10:57:17:496,-3.9334,-6.78875,"0,266",12,2,"11,0474","3,8241","51,3611","4,6492","-42,9687"
2026 02 02 10:57:17:498,-3.9985,-6.70125,"0,266",12,2,"11,0474","3,8241","51,3611","4,6492","-46,875"
2026 02 02 10:57:17:500,-3.9675,-6.78875,"0,266",12,2,"11,0474","3,8241","51,3611","4,6492","-42,9687"
2026 02 02 10:57:17:502,-3.9675,-6.78875,"0,266",12,2,"11,0474","3,8241","51,3611","4,6492","-31,25"
2026 02 02 10:57:17:504,-3.9675,-6.78875,"0,266",12,2,"11,0474","3,8241","51,3611","4,6492","-35,1562"
2026 02 02 10:57:17:506,-3.9985,-6.70125,"0,266",12,2,"11,0474","3,8241","51,3611","4,6492","-42,9687"
2026 02 02 10:57:17:508,-3.9675,-6.87625,"0,266",12,2,"11,0474","3,8241","51,3611","4,6492","-50,7812"
2026 02 02 10:57:17:510,-3.9985,-6.78875,"0,266",12,2,"11,0474","3,8241","51,3611","4,6492","-66,4062"
2026 02 02 10:57:17:512,-3.9675,-6.78875,"0,266",12,2,"11,0474","3,8241","51,3611","4,6492","-74,2187"
2026 02 02 10:57:17:514,-3.9675,-6.78875,"0,266",12,2,"11,0474","3,8241","51,3611","4,6492","-46,875"
2026 02 02 10:57:17:516,-3.9675,-6.87625,"0,266",12,2,"11,0474","3,8241","51,3611","4,6492","-46,875"
2026 02 02 10:57:17:518,-3.9675,-6.78875,"0,266",12,2,"11,0474","3,8241","51,3611","4,6492","-46,875"
2026 02 02 10:57:17:520,-3.9675,-6.78875,"0,266",12,2,"11,0474","3,8241","51,3611","4,6492","-46,875"
2026 02 02 10:57:17:522,-3.9675,-6.70125,"0,266",12,2,"11,0474","3,8241","51,3611","4,6492","-35,1562"
2026 02 02 10:57:17:524,-3.9675,-6.78875,"0,266",12,2,"11,0474","3,8241","51,3611","4,6492","-35,1562"
2026 02 02 10:57:17:526,-3.9675,-6.78875,"0,266",12,2,"11,0474","3,8241","51,3611","4,6492","-42,9687"
2026 02 02 10:57:17:528,-3.9675,-6.78875,"0,266",12,2,"11,0474","3,8241","51,3611","4,6492","-54,6875"
2026 02 02 10:57:17:530,-3.9675,-6.78875,"0,266",12,2,"11,0474","3,8241","51,3611","4,6492","-66,4062"
2026 02 02 10:57:17:532,-3.9675,-6.78875,"0,266",12,2,"11,0474","3,8241","51,3611","4,6492","-78,125"
2026 02 02 10:57:17:534,-3.9675,-6.70125,"0,266",12,2,"11,0474","3,8241","51,3611","4,6492","-46,875"
2026 02 02 10:57:17:536,-3.9675,-6.70125,"0,266",12,2,"11,0474","3,8241","51,3611","4,6492","-46,875"
2026 02 02 10:57:17:538,-3.9334,-6.78875,"0,266",12,2,"11,0474","3,8241","51,3611","4,6492","-46,875"
2026 02 02 10:57:17:540,-3.9675,-6.78875,"0,266",12,2,"11,0474","3,8241","51,3611","4,6492","-46,875"
2026 02 02 10:57:17:542,-3.9675,-6.78875,"0,266",12,2,"11,0474","3,8241","51,3611","4,6492","-35,1562"
2026 02 02 10:57:17:544,-3.9675,-6.78875,"0,266",12,2,"11,0474","3,8241","51,3611","4,6492","-27,3437"
2026 02 02 10:57:17:546,-3.9675,-6.78875,"0,266",12,2,"11,0474","3,8241","51,3611","4,6492","-39,0625"
2026 02 02 10:57:17:548,-3.9675,-6.78875,"0,266",12,2,"11,0474","3,8241","51,3611","4,6492","-50,7812"
2026 02 02 10:57:17:550,-3.9675,-6.78875,"0,266",12,2,"11,0474","3,8241","51,3611","4,6492","-62,5"
2026 02 02 10:57:17:552,-3.9675,-6.87625,"0,266",12,2,"11,0474","3,8241","51,3611","4,6492","-74,2187"
2026 02 02 10:57:17:554,-3.9334,-6.78875,"0,266",12,2,"11,0474","3,8241","51,3611","4,6492","-46,875"
2026 02 02 10:57:17:556,-3.9675,-6.78875,"0,266",12,2,"11,0474","3,8241","51,3611","4,6492","-46,875"
2026 02 02 10:57:17:558,-3.9675,-6.70125,"0,266",12,2,"11,0474","3,8241","51,3611","4,6492","-42,9687"
2026 02 02 10:57:17:560,-3.9675,-6.78875,"0,266",12,2,"11,0474","3,8241","51,3611","4,6492","-46,875"
2026 02 02 10:57:17:562,-3.9675,-6.70125,"0,266",12,2,"11,0474","3,8241","51,3611","4,6492","-35,1562"
2026 02 02 10:57:17:564,-3.9675,-6.78875,"0,266",12,2,"11,0474","3,8241","51,3611","4,6492","-31,25"
2026 02 02 10:57:17:566,-3.9675,-6.78875,"0,266",12,2,"11,0474","3,8241","51,3611","4,6492","-39,0625"
2026 02 02 10:57:17:568,-3.9675,-6.70125,"0,266",12,2,"11,0474","3,8241","51,3611","4,6492","-50,7812"
2026 02 02 10:57:17:570,-3.9675,-6.78875,"0,266",12,2,"11,0474","3,8241","51,3611","4,6492","-62,5"
2026 02 02 10:57:17:572,-3.9675,-6.78875,"0,266",12,2,"11,0474","3,8241","51,3611","4,6492","-70,3125"
2026 02 02 10:57:17:574,-3.9675,-6.78875,"0,266",12,2,"11,0474","3,8241","51,3611","4,6492","-46,875"
2026 02 02 10:57:17:576,-3.9675,-6.78875,"0,266",12,2,"11,0474","3,8241","51,3611","4,6492","-46,875"
2026 02 02 10:57:17:578,-3.9675,-6.78875,"0,266",12,2,"11,0474","3,8241","51,3611","4,6492","-46,875"
2026 02 02 10:57:17:580,-3.9675,-6.87625,"0,266",12,2,"11,0474","3,8241","51,3611","4,6492","-46,875"
2026 02 02 10:57:17:582,-3.9675,-6.78875,"0,266",12,2,"11,0474","3,8241","51,3611","4,6492","-35,1562"
2026 02 02 10:57:17:584,-3.9675,-6.78875,"0,266",12,2,"11,0474","3,8241","51,3611","4,6492","-31,25"
2026 02 02 10:57:17:586,-3.9675,-6.78875,"0,266",12,2,"11,0474","3,8241","51,3611","4,6492","-39,0625"
2026 02 02 10:57:17:588,-3.9675,-6.78875,"0,266",12,2,"11,0474","3,8241","51,3611","4,6492","-46,875"
2026 02 02 10:57:17:590,-3.9675,-6.87625,"0,266",12,2,"11,0474","3,8241","51,3611","4,6492","-58,5937"
2026 02 02 10:57:17:592,-3.9675,-6.78875,"0,266",12,2,"11,0474","3,8241","51,3611","4,6492","-74,2187"
2026 02 02 10:57:17:594,-3.9675,-6.78875,"0,266",12,2,"11,0474","3,8241","51,3611","4,6492","-46,875"
2026 02 02 10:57:17:596,-3.9675,-6.78875,"0,266",12,2,"11,0474","3,8241","51,3611","4,6492","-46,875"
2026 02 02 10:57:17:598,-3.9675,-6.78875,"0,266",12,2,"11,0474","3,8241","51,3611","4,6492","-46,875"
2026 02 02 10:57:17:600,-3.9675,-6.78875,"0,266",12,2,"11,0474","3,8241","51,3611","4,6492","-50,7812"
2026 02 02 10:57:17:602,-3.9334,-6.78875,"0,266",12,2,"11,0474","3,8241","51,3611","4,6492","-35,1562"
2026 02 02 10:57:17:604,-3.9675,-6.70125,"0,266",12,2,"11,0474","3,8241","51,3611","4,6492","-35,1562"
2026 02 02 10:57:17:606,-3.9675,-6.78875,"0,266",12,2,"11,0474","3,8241","51,3611","4,6492","-42,9687"
2026 02 02 10:57:17:608,-3.9334,-6.78875,"0,266",12,2,"11,0474","3,8241","51,3611","4,6492","-50,7812"
2026 02 02 10:57:17:610,-3.9675,-6.70125,"0,266",12,2,"11,0474","3,8241","51,3611","4,6492","-62,5"
2026 02 02 10:57:17:612,-3.9985,-6.78875,"0,266",12,2,"11,0474","3,8241","51,3611","4,6492","-66,4062"
2026 02 02 10:57:17:614,-3.9334,-6.78875,"0,266",12,2,"11,0474","3,8241","51,3611","4,6492","-46,875"
2026 02 02 10:57:17:616,-3.9675,-6.78875,"0,266",12,2,"11,0474","3,8241","51,3611","4,6492","-46,875"
2026 02 02 10:57:17:618,-3.9675,-6.70125,"0,266",12,2,"11,0474","3,8241","51,3611","4,6492","-46,875"
2026 02 02 10:57:17:620,-3.9675,-6.78875,"0,266",12,2,"11,0474","3,8241","51,3611","4,6492","-46,875"
2026 02 02 10:57:17:622,-3.9675,-6.78875,"0,266",12,2,"11,0474","3,8241","51,3611","4,6492","-35,1562"
2026 02 02 10:57:17:624,-3.9675,-6.78875,"0,266",12,2,"11,0474","3,8241","51,3611","4,6492","-39,0625"
2026 02 02 10:57:17:626,-3.9985,-6.70125,"0,266",12,2,"11,0474","3,8241","51,3611","4,6492","-46,875"
2026 02 02 10:57:17:628,-3.9985,-6.78875,"0,266",12,2,"11,0474","3,8241","51,3611","4,6492","-54,6875"
2026 02 02 10:57:17:630,-3.9675,-6.78875,"0,266",12,2,"11,0474","3,8241","51,3611","4,6492","-70,3125"
2026 02 02 10:57:17:632,-3.9675,-6.70125,"0,266",12,2,"11,0474","3,8241","51,3611","4,6492","-70,3125"
2026 02 02 10:57:17:634,-3.9985,-6.78875,"0,266",12,2,"11,0474","3,8241","51,3611","4,6492","-42,9687"
2026 02 02 10:57:17:636,-3.9985,-6.78875,"0,266",12,2,"11,0474","3,8241","51,3611","4,6492","-46,875"
2026 02 02 10:57:17:638,-3.9675,-6.78875,"0,266",12,2,"11,0474","3,8241","51,3611","4,6492","-46,875"
2026 02 02 10:57:17:640,-3.9675,-6.78875,"0,266",12,2,"11,0474","3,8241","51,3611","4,6492","-46,875"
2026 02 02 10:57:17:642,-3.9675,-6.78875,"0,266",12,2,"11,0474","3,8241","51,3611","4,6492","-35,1562"
2026 02 02 10:57:17:644,-3.9675,-6.78875,"0,266",12,2,"11,0474","3,8241","51,3611","4,6492","-35,1562"
2026 02 02 10:57:17:646,-3.9675,-6.78875,"0,266",12,2,"11,0474","3,8241","51,3611","4,6492","-42,9687"
2026 02 02 10:57:17:648,-3.9675,-6.78875,"0,266",12,2,"11,0474","3,8241","51,3611","4,6492","-58,5937"
2026 02 02 10:57:17:650,-3.9334,-6.78875,"0,266",12,2,"11,0474","3,8241","51,3611","4,6492","-66,4062"
2026 02 02 10:57:17:652,-3.9675,-6.78875,"0,266",12,2,"11,0474","3,8241","51,3611","4,6492","-66,4062"
2026 02 02 10:57:17:654,-3.9675,-6.87625,"0,266",12,2,"11,0474","3,8241","51,3611","4,6492","-50,7812"
2026 02 02 10:57:17:656,-3.9675,-6.70125,"0,266",12,2,"11,0474","3,8241","51,3611","4,6492","-46,875"
2026 02 02 10:57:17:658,-3.9675,-6.78875,"0,266",12,2,"11,0474","3,8241","51,3611","4,6492","-42,9687"
2026 02 02 10:57:17:660,-3.9985,-6.78875,"0,266",12,2,"11,0474","3,8241","51,3611","4,6492","-46,875"
2026 02 02 10:57:17:662,-3.9675,-6.70125,"0,266",12,2,"11,0474","3,8241","51,3611","4,6492","-35,1562"
2026 02 02 10:57:17:664,-3.9675,-6.70125,"0,266",12,2,"11,0474","3,8241","51,3611","4,6492","-31,25"
2026 02 02 10:57:17:666,-3.9675,-6.78875,"0,266",12,2,"11,0474","3,8241","51,3611","4,6492","-39,0625"
2026 02 02 10:57:17:668,-3.9985,-6.70125,"0,266",12,2,"11,0474","3,8241","51,3611","4,6492","-54,6875"
2026 02 02 10:57:17:670,-3.9334,-6.70125,"0,266",12,2,"11,0474","3,8241","51,3611","4,6492","-62,5"
2026 02 02 10:57:17:672,-3.9675,-6.78875,"0,266",12,2,"11,0474","3,8241","51,3611","4,6492","-66,4062"
2026 02 02 10:57:17:674,-3.9675,-6.70125,"0,266",12,2,"11,0474","3,8241","51,3611","4,6492","-42,9687"
2026 02 02 10:57:17:676,-3.9985,-6.78875,"0,266",12,2,"11,0474","3,8241","51,3611","4,6492","-46,875"
2026 02 02 10:57:17:678,-3.9985,-6.70125,"0,266",12,2,"11,0474","3,8241","51,3611","4,6492","-42,9687"
2026 02 02 10:57:17:680,-3.9675,-6.78875,"0,266",12,2,"11,0474","3,8241","51,3611","4,6492","-42,9687"
2026 02 02 10:57:17:682,-3.9675,-6.61375,"0,266",12,2,"11,0474","3,8241","51,3611","4,6492","-35,1562"
2026 02 02 10:57:17:684,-3.9675,-6.78875,"0,266",12,2,"11,0474","3,8241","51,3611","4,6492","-31,25"
2026 02 02 10:57:17:686,-3.9675,-6.78875,"0,266",12,2,"11,0474","3,8241","51,3611","4,6492","-39,0625"
2026 02 02 10:57:17:688,-3.9675,-6.78875,"0,266",12,2,"11,0474","3,8241","51,3611","4,6492","-50,7812"
2026 02 02 10:57:17:690,-3.9985,-6.78875,"0,266",12,2,"11,0474","3,8241","51,3611","4,6492","-66,4062"
2026 02 02 10:57:17:692,-3.9675,-6.78875,"0,266",12,2,"11,0474","3,8241","51,3611","4,6492","-74,2187"
2026 02 02 10:57:17:694,-3.9675,-6.87625,"0,266",12,2,"11,0474","3,8241","51,3611","4,6492","-42,9687"
2026 02 02 10:57:17:696,-3.9334,-6.78875,"0,266",12,2,"11,0474","3,8241","51,3611","4,6492","-46,875"
2026 02 02 10:57:17:698,-3.9334,-6.78875,"0,266",12,2,"11,0474","3,8241","51,3611","4,6492","-42,9687"
2026 02 02 10:57:17:700,-3.9675,-6.78875,"0,266",12,2,"11,0474","3,8241","51,3611","4,6492","-46,875"
2026 02 02 10:57:17:702,-3.9675,-6.78875,"0,266",12,2,"11,0474","3,8241","51,3611","4,6492","-35,1562"
2026 02 02 10:57:17:704,-3.9334,-6.70125,"0,266",12,2,"11,0474","3,8241","51,3611","4,6492","-31,25"
2026 02 02 10:57:17:706,-3.9675,-6.78875,"0,266",12,2,"11,0474","3,8241","51,3611","4,6492","-35,1562"
2026 02 02 10:57:17:708,-3.9985,-6.78875,"0,266",12,2,"11,0474","3,8241","51,3611","4,6492","-50,7812"
2026 02 02 10:57:17:710,-3.9675,-6.78875,"0,266",12,2,"11,0474","3,8241","51,3611","4,6492","-62,5"
2026 02 02 10:57:17:712,-3.9675,-6.87625,"0,266",12,2,"11,0474","3,8241","51,3611","4,6492","-62,5"
2026 02 02 10:57:17:714,-3.9675,-6.70125,"0,266",12,2,"11,0474","3,8241","51,3611","4,6492","-46,875"
2026 02 02 10:57:17:716,-3.9675,-6.87625,"0,266",12,2,"11,0474","3,8241","51,3611","4,6492","-42,9687"
2026 02 02 10:57:17:718,-3.9334,-6.78875,"0,266",12,2,"11,0474","3,8241","51,3611","4,6492","-42,9687"
2026 02 02 10:57:17:720,-3.9985,-6.78875,"0,266",12,2,"11,0474","3,8241","51,3611","4,6492","-46,875"
2026 02 02 10:57:17:722,-3.9675,-6.78875,"0,266",12,2,"11,0474","3,8241","51,3611","4,6492","-31,25"
2026 02 02 10:57:17:724,-3.9334,-6.78875,"0,266",12,2,"11,0474","3,8241","51,3611","4,6492","-27,3437"
2026 02 02 10:57:17:726,-3.9675,-6.78875,"0,266",12,2,"11,0474","3,8241","51,3611","4,6492","-39,0625"
2026 02 02 10:57:17:728,-3.9675,-6.78875,"0,266",12,2,"11,0474","3,8241","51,3611","4,6492","-46,875"
2026 02 02 10:57:17:730,-3.9985,-6.78875,"0,266",12,2,"11,0474","3,8241","51,3611","4,6492","-58,5937"
2026 02 02 10:57:17:732,-3.9675,-6.70125,"0,266",12,2,"11,0474","3,8241","51,3611","4,6492","-58,5937"
2026 02 02 10:57:17:734,-3.9675,-6.78875,"0,266",12,2,"11,0474","3,8241","51,3611","4,6492","-42,9687"
2026 02 02 10:57:17:736,-3.9675,-6.78875,"0,266",12,2,"11,0474","3,8241","51,3611","4,6492","-42,9687"
2026 02 02 10:57:17:738,-3.9675,-6.78875,"0,266",12,2,"11,0474","3,8241","51,3611","4,6492","-42,9687"
2026 02 02 10:57:17:740,-3.9985,-6.70125,"0,266",12,2,"11,0474","3,8241","51,3611","4,6492","-42,9687"
2026 02 02 10:57:17:742,-3.9675,-6.78875,"0,266",12,2,"11,0474","3,8241","51,3611","4,6492","-31,25"
2026 02 02 10:57:17:744,-3.9675,-6.78875,"0,266",12,2,"11,0474","3,8241","51,3611","4,6492","-27,3437"
2026 02 02 10:57:17:746,-3.9985,-6.70125,"0,266",12,2,"11,0474","3,8241","51,3611","4,6492","-35,1562"
2026 02 02 10:57:17:748,-3.9985,-6.78875,"0,266",12,2,"11,0474","3,8241","51,3611","4,6492","-46,875"
2026 02 02 10:57:17:750,-3.9675,-6.78875,"0,266",12,2,"11,0474","3,8241","51,3611","4,6492","-58,5937"
2026 02 02 10:57:17:752,-3.9675,-6.70125,"0,266",12,2,"11,0474","3,8241","51,3611","4,6492","-66,4062"
2026 02 02 10:57:17:754,-3.9675,-6.78875,"0,266",12,2,"11,0474","3,8241","51,3611","4,6492","-42,9687"
2026 02 02 10:57:17:756,-3.9334,-6.78875,"0,266",12,2,"11,0474","3,8241","51,3611","4,6492","-42,9687"
2026 02 02 10:57:17:758,-3.9675,-6.78875,"0,266",12,2,"11,0474","3,8241","51,3611","4,6492","-42,9687"
2026 02 02 10:57:17:760,-3.9675,-6.70125,"0,266",12,2,"11,0474","3,8241","51,3611","4,6492","-46,875"
2026 02 02 10:57:17:762,-3.9675,-6.78875,"0,266",12,2,"11,0474","3,6481","50,8575","4,6036","-35,1562"
2026 02 02 10:57:17:764,-3.9675,-6.78875,"0,266",12,2,"11,0474","3,6481","50,8575","4,6036","-31,25"
2026 02 02 10:57:17:766,-3.9675,-6.78875,"0,266",12,2,"11,0474","3,6481","50,8575","4,6036","-35,1562"
2026 02 02 10:57:17:768,-3.9985,-6.70125,"0,266",12,2,"11,0474","3,6481","50,8575","4,6036","-50,7812"
2026 02 02 10:57:17:770,-3.9675,-6.78875,"0,266",12,2,"11,0474","3,6481","50,8575","4,6036","-58,5937"
2026 02 02 10:57:17:772,-3.9675,-6.70125,"0,266",12,2,"11,0474","3,6481","50,8575","4,6036","-54,6875"
2026 02 02 10:57:17:774,-3.9675,-6.78875,"0,266",12,2,"11,0474","3,6481","50,8575","4,6036","-46,875"
2026 02 02 10:57:17:776,-3.9675,-6.70125,"0,266",12,2,"11,0474","3,6481","50,8575","4,6036","-42,9687"
2026 02 02 10:57:17:778,-3.9675,-6.78875,"0,266",12,2,"11,0474","3,6481","50,8575","4,6036","-39,0625"
2026 02 02 10:57:17:780,-3.9675,-6.78875,"0,266",12,2,"11,0474","3,6481","50,8575","4,6036","-46,875"
2026 02 02 10:57:17:782,-3.9675,-6.78875,"0,266",12,2,"11,0474","3,6481","50,8575","4,6036","-35,1562"
2026 02 02 10:57:17:784,-3.9675,-6.78875,"0,266",12,2,"11,0474","3,6481","50,8575","4,6036","-27,3437"
2026 02 02 10:57:17:786,-3.9675,-6.78875,"0,266",12,2,"11,0474","3,6481","50,8575","4,6036","-39,0625"
2026 02 02 10:57:17:788,-3.9675,-6.78875,"0,266",12,2,"11,0474","3,6481","50,8575","4,6036","-46,875"
2026 02 02 10:57:17:790,-3.9334,-6.78875,"0,266",12,2,"11,0474","3,6481","50,8575","4,6036","-62,5"
2026 02 02 10:57:17:792,-3.9675,-6.78875,"0,266",12,2,"11,0474","3,6481","50,8575","4,6036","-70,3125"
2026 02 02 10:57:17:794,-3.9675,-6.70125,"0,266",12,2,"11,0474","3,6481","50,8575","4,6036","-42,9687"
2026 02 02 10:57:17:796,-3.9675,-6.78875,"0,266",12,2,"11,0474","3,6481","50,8575","4,6036","-42,9687"
2026 02 02 10:57:17:798,-3.9675,-6.70125,"0,266",12,2,"11,0474","3,6481","50,8575","4,6036","-42,9687"
2026 02 02 10:57:17:800,-3.9675,-6.78875,"0,266",12,2,"11,0474","3,6481","50,8575","4,6036","-46,875"
2026 02 02 10:57:17:802,-3.9985,-6.78875,"0,266",12,2,"11,0474","3,6481","50,8575","4,6036","-35,1562"
2026 02 02 10:57:17:804,-3.9675,-6.78875,"0,266",12,2,"11,0474","3,6481","50,8575","4,6036","-27,3437"
2026 02 02 10:57:17:806,-3.9675,-6.78875,"0,266",12,2,"11,0474","3,6481","50,8575","4,6036","-42,9687"
2026 02 02 10:57:17:808,-3.9675,-6.78875,"0,266",12,2,"11,0474","3,6481","50,8575","4,6036","-46,875"
2026 02 02 10:57:17:810,-3.9334,-6.78875,"0,266",12,2,"11,0474","3,6481","50,8575","4,6036","-62,5"
2026 02 02 10:57:17:812,-3.9675,-6.70125,"0,266",12,2,"11,0474","3,6481","50,8575","4,6036","-74,2187"
2026 02 02 10:57:17:814,-3.9675,-6.70125,"0,266",12,2,"11,0474","3,6481","50,8575","4,6036","-42,9687"
2026 02 02 10:57:17:816,-3.9675,-6.78875,"0,266",12,2,"11,0474","3,6481","50,8575","4,6036","-42,9687"
2026 02 02 10:57:17:818,-3.9334,-6.70125,"0,266",12,2,"11,0474","3,6481","50,8575","4,6036","-46,875"
2026 02 02 10:57:17:820,-3.9675,-6.78875,"0,266",12,2,"11,0474","3,6481","50,8575","4,6036","-42,9687"
2026 02 02 10:57:17:822,-3.9675,-6.87625,"0,266",12,2,"11,0474","3,6481","50,8575","4,6036","-39,0625"
2026 02 02 10:57:17:824,-3.9675,-6.78875,"0,266",12,2,"11,0474","3,6481","50,8575","4,6036","-27,3437"
2026 02 02 10:57:17:826,-3.9675,-6.78875,"0,266",12,2,"11,0474","3,6481","50,8575","4,6036","-35,1562"
2026 02 02 10:57:17:828,-3.9675,-6.78875,"0,266",12,2,"11,0474","3,6481","50,8575","4,6036","-46,875"
2026 02 02 10:57:17:830,-3.9334,-6.78875,"0,266",12,2,"11,0474","3,6481","50,8575","4,6036","-62,5"
2026 02 02 10:57:17:832,-3.9675,-6.78875,"0,266",12,2,"11,0474","3,6481","50,8575","4,6036","-62,5"
2026 02 02 10:57:17:834,-3.9985,-6.87625,"0,266",12,2,"11,0474","3,6481","50,8575","4,6036","-39,0625"
2026 02 02 10:57:17:836,-3.9334,-6.78875,"0,266",12,2,"11,0474","3,6481","50,8575","4,6036","-46,875"
2026 02 02 10:57:17:838,-3.9985,-6.70125,"0,266",12,2,"11,0474","3,6481","50,8575","4,6036","-46,875"
2026 02 02 10:57:17:840,-3.9334,-6.78875,"0,266",12,2,"11,0474","3,6481","50,8575","4,6036","-39,0625"
2026 02 02 10:57:17:842,-3.9334,-6.78875,"0,266",12,2,"11,0474","3,6481","50,8575","4,6036","-39,0625"
2026 02 02 10:57:17:844,-3.9675,-6.70125,"0,266",12,2,"11,0474","3,6481","50,8575","4,6036","-27,3437"
2026 02 02 10:57:17:846,-3.9675,-6.78875,"0,266",12,2,"11,0474","3,6481","50,8575","4,6036","-31,25"
2026 02 02 10:57:17:848,-3.9675,-6.78875,"0,266",12,2,"11,0474","3,6481","50,8575","4,6036","-50,7812"
2026 02 02 10:57:17:850,-3.9334,-6.78875,"0,266",12,2,"11,0474","3,6481","50,8575","4,6036","-62,5"
2026 02 02 10:57:17:852,-3.9675,-6.78875,"0,266",12,2,"11,0474","3,6481","50,8575","4,6036","-62,5"
2026 02 02 10:57:17:854,-3.9334,-6.78875,"0,266",12,2,"11,0474","3,6481","50,8575","4,6036","-46,875"
2026 02 02 10:57:17:856,-3.9675,-6.70125,"0,266",12,2,"11,0474","3,6481","50,8575","4,6036","-46,875"
2026 02 02 10:57:17:858,-3.9675,-6.70125,"0,266",12,2,"11,0474","3,6481","50,8575","4,6036","-39,0625"
2026 02 02 10:57:17:860,-3.9675,-6.70125,"0,266",12,2,"11,0474","3,6481","50,8575","4,6036","-46,875"
2026 02 02 10:57:17:862,-3.9675,-6.70125,"0,266",12,2,"11,0474","3,6481","50,8575","4,6036","-39,0625"
2026 02 02 10:57:17:864,-3.9675,-6.78875,"0,266",12,2,"11,0474","3,6481","50,8575","4,6036","-23,4375"
2026 02 02 10:57:17:866,-3.9675,-6.70125,"0,266",12,2,"11,0474","3,6481","50,8575","4,6036","-35,1562"
2026 02 02 10:57:17:868,-3.9675,-6.61375,"0,266",12,2,"11,0474","3,6481","50,8575","4,6036","-46,875"
2026 02 02 10:57:17:870,-3.9675,-6.78875,"0,266",12,2,"11,0474","3,6481","50,8575","4,6036","-54,6875"
2026 02 02 10:57:17:872,-3.9675,-6.70125,"0,266",12,2,"11,0474","3,6481","50,8575","4,6036","-58,5937"
2026 02 02 10:57:17:874,-3.9675,-6.78875,"0,266",12,2,"11,0474","3,6481","50,8575","4,6036","-42,9687"
2026 02 02 10:57:17:876,-3.9675,-6.70125,"0,266",12,2,"11,0474","3,6481","50,8575","4,6036","-46,875"
2026 02 02 10:57:17:878,-3.9334,-6.78875,"0,266",12,2,"11,0474","3,6481","50,8575","4,6036","-42,9687"
2026 02 02 10:57:17:880,-3.9675,-6.78875,"0,266",12,2,"11,0474","3,6481","50,8575","4,6036","-46,875"
2026 02 02 10:57:17:882,-3.9334,-6.78875,"0,266",12,2,"11,0474","3,6481","50,8575","4,6036","-42,9687"
2026 02 02 10:57:17:884,-3.9675,-6.87625,"0,266",12,2,"11,0474","3,6481","50,8575","4,6036","-23,4375"
2026 02 02 10:57:17:886,-3.9334,-6.78875,"0,266",12,2,"11,0474","3,6481","50,8575","4,6036","-35,1562"
2026 02 02 10:57:17:888,-3.9334,-6.78875,"0,266",12,2,"11,0474","3,6481","50,8575","4,6036","-50,7812"
2026 02 02 10:57:17:890,-3.9675,-6.87625,"0,266",12,2,"11,0474","3,6481","50,8575","4,6036","-54,6875"
2026 02 02 10:57:17:892,-3.9675,-6.70125,"0,266",12,2,"11,0474","3,6481","50,8575","4,6036","-58,5937"
2026 02 02 10:57:17:894,-3.9675,-6.78875,"0,266",12,2,"11,0474","3,6481","50,8575","4,6036","-42,9687"
2026 02 02 10:57:17:896,-3.9985,-6.78875,"0,266",12,2,"11,0474","3,6481","50,8575","4,6036","-42,9687"
2026 02 02 10:57:17:898,-3.9675,-6.78875,"0,266",12,2,"11,0474","3,6481","50,8575","4,6036","-42,9687"
2026 02 02 10:57:17:900,-3.9675,-6.70125,"0,266",12,2,"11,0474","3,6481","50,8575","4,6036","-46,875"
2026 02 02 10:57:17:902,-3.9675,-6.78875,"0,266",12,2,"11,0474","3,6481","50,8575","4,6036","-39,0625"
2026 02 02 10:57:17:904,-3.9985,-6.70125,"0,266",12,2,"11,0474","3,6481","50,8575","4,6036","-27,3437"
2026 02 02 10:57:17:906,-3.9675,-6.87625,"0,266",12,2,"11,0474","3,6481","50,8575","4,6036","-42,9687"
2026 02 02 10:57:17:908,-3.9334,-6.70125,"0,266",12,2,"11,0474","3,6481","50,8575","4,6036","-46,875"
2026 02 02 10:57:17:910,-3.9675,-6.70125,"0,266",12,2,"11,0474","3,6481","50,8575","4,6036","-62,5"
2026 02 02 10:57:17:912,-3.9334,-6.78875,"0,266",12,2,"11,0474","3,6481","50,8575","4,6036","-54,6875"
2026 02 02 10:57:17:914,-3.9985,-6.70125,"0,266",12,2,"11,0474","3,6481","50,8575","4,6036","-46,875"
2026 02 02 10:57:17:916,-3.9675,-6.78875,"0,266",12,2,"11,0474","3,6481","50,8575","4,6036","-46,875"
2026 02 02 10:57:17:918,-3.9675,-6.78875,"0,266",12,2,"11,0474","3,6481","50,8575","4,6036","-42,9687"
2026 02 02 10:57:17:920,-3.9675,-6.70125,"0,266",12,2,"11,0474","3,6481","50,8575","4,6036","-46,875"
2026 02 02 10:57:17:922,-3.9675,-6.78875,"0,266",12,2,"11,0474","3,6481","50,8575","4,6036","-39,0625"
2026 02 02 10:57:17:924,-3.9675,-6.70125,"0,266",12,2,"11,0474","3,6481","50,8575","4,6036","-31,25"
2026 02 02 10:57:17:926,-3.9675,-6.78875,"0,266",12,2,"11,0474","3,6481","50,8575","4,6036","-39,0625"
2026 02 02 10:57:17:928,-3.9675,-6.78875,"0,266",12,2,"11,0474","3,6481","50,8575","4,6036","-50,7812"
2026 02 02 10:57:17:930,-3.9675,-6.78875,"0,266",12,2,"11,0474","3,6481","50,8575","4,6036","-62,5"
2026 02 02 10:57:17:932,-3.9675,-6.70125,"0,266",12,2,"11,0474","3,6481","50,8575","4,6036","-62,5"
2026 02 02 10:57:17:934,-3.9334,-6.70125,"0,266",12,2,"11,0474","3,6481","50,8575","4,6036","-39,0625"
2026 02 02 10:57:17:936,-3.9334,-6.78875,"0,266",12,2,"11,0474","3,6481","50,8575","4,6036","-42,9687"
2026 02 02 10:57:17:938,-3.9675,-6.87625,"0,266",12,2,"11,0474","3,6481","50,8575","4,6036","-42,9687"
2026 02 02 10:57:17:940,-3.9675,-6.78875,"0,266",12,2,"11,0474","3,6481","50,8575","4,6036","-42,9687"
2026 02 02 10:57:17:942,-3.9985,-6.78875,"0,266",12,2,"11,0474","3,6481","50,8575","4,6036","-42,9687"
2026 02 02 10:57:17:944,-3.9675,-6.70125,"0,266",12,2,"11,0474","3,6481","50,8575","4,6036","-27,3437"
2026 02 02 10:57:17:946,-3.9675,-6.70125,"0,266",12,2,"11,0474","3,6481","50,8575","4,6036","-39,0625"
2026 02 02 10:57:17:948,-3.9675,-6.78875,"0,266",12,2,"11,0474","3,6481","50,8575","4,6036","-50,7812"
2026 02 02 10:57:17:950,-3.9334,-6.78875,"0,266",12,2,"11,0474","3,6481","50,8575","4,6036","-62,5"
2026 02 02 10:57:17:952,-3.9675,-6.78875,"0,266",12,2,"11,0474","3,6481","50,8575","4,6036","-54,6875"
2026 02 02 10:57:17:954,-3.9334,-6.78875,"0,266",12,2,"11,0474","3,6481","50,8575","4,6036","-42,9687"
2026 02 02 10:57:17:956,-3.9334,-6.78875,"0,266",12,2,"11,0474","3,6481","50,8575","4,6036","-42,9687"
2026 02 02 10:57:17:958,-3.9675,-6.78875,"0,266",12,2,"11,0474","3,6481","50,8575","4,6036","-42,9687"
2026 02 02 10:57:17:960,-3.9334,-6.70125,"0,266",12,2,"11,0474","3,6481","50,8575","4,6036","-42,9687"
2026 02 02 10:57:17:962,-3.9985,-6.70125,"0,266",12,2,"11,0474","3,6481","50,8575","4,6036","-39,0625"
2026 02 02 10:57:17:964,-3.9334,-6.78875,"0,266",12,2,"11,0474","3,6481","50,8575","4,6036","-27,3437"
2026 02 02 10:57:17:966,-3.9675,-6.78875,"0,266",12,2,"11,0474","3,6481","50,8575","4,6036","-35,1562"
2026 02 02 10:57:17:968,-3.9985,-6.78875,"0,266",12,2,"11,0474","3,6481","50,8575","4,6036","-46,875"
2026 02 02 10:57:17:970,-3.9675,-6.70125,"0,266",12,2,"11,0474","3,6481","50,8575","4,6036","-58,5937"
2026 02 02 10:57:17:972,-3.9985,-6.78875,"0,266",12,2,"11,0474","3,6481","50,8575","4,6036","-62,5"
2026 02 02 10:57:17:974,-3.9675,-6.70125,"0,266",12,2,"11,0474","3,6481","50,8575","4,6036","-42,9687"
2026 02 02 10:57:17:976,-3.9675,-6.70125,"0,266",12,2,"11,0474","3,6481","50,8575","4,6036","-42,9687"
2026 02 02 10:57:17:978,-3.9985,-6.87625,"0,266",12,2,"11,0474","3,6481","50,8575","4,6036","-42,9687"
2026 02 02 10:57:17:980,-3.9675,-6.70125,"0,266",12,2,"11,0474","3,6481","50,8575","4,6036","-42,9687"
2026 02 02 10:57:17:982,-3.9675,-6.87625,"0,266",12,2,"11,0474","3,6481","50,8575","4,6036","-39,0625"
2026 02 02 10:57:17:984,-3.9334,-6.87625,"0,266",12,2,"11,0474","3,6481","50,8575","4,6036","-27,3437"
2026 02 02 10:57:17:986,-3.9675,-6.78875,"0,266",12,2,"11,0474","3,6481","50,8575","4,6036","-35,1562"
2026 02 02 10:57:17:988,-3.9675,-6.78875,"0,266",12,2,"11,0474","3,6481","50,8575","4,6036","-46,875"
2026 02 02 10:57:17:990,-3.9334,-6.78875,"0,266",12,2,"11,0474","3,6481","50,8575","4,6036","-62,5"
2026 02 02 10:57:17:992,-3.9334,-6.87625,"0,266",12,2,"11,0474","3,6481","50,8575","4,6036","-50,7812"
