sep=;



Timestamp;RMS velocitz spectrum ISO 10816 Y [mm/s];RMS acceleration Y [mg];RMS acceleration envelope Y [mg];RMS raw data with frequencz brands Y [mg];Kurtosis method Y [[1]];Peak to peak Y [mg];Crest factor Y [[1]];Analog raw input Y [mg];
2026 03 12 13:04:51:569;0,3;15;6;15,15;3,6;75,76;5;-7,81;
2026 03 12 13:04:51:571;0,3;15;6;15,15;3,6;75,76;5;11,72;
2026 03 12 13:04:51:573;0,3;15;6;15,15;3,6;75,76;5;11,72;
2026 03 12 13:04:51:575;0,3;15;6;15,15;3,6;75,76;5;-3,91;
2026 03 12 13:04:51:577;0,3;15;6;15,15;3,6;75,76;5;-19,53;
2026 03 12 13:04:51:579;0,3;15;6;15,15;3,6;75,76;5;-15,62;
2026 03 12 13:04:51:581;0,3;15;6;15,15;3,6;75,76;5;-7,81;
2026 03 12 13:04:51:583;0,3;15;6;15,15;3,6;75,76;5;-7,81;
2026 03 12 13:04:51:585;0,3;15;6;15,15;3,6;75,76;5;-7,81;
2026 03 12 13:04:51:587;0,3;15;6;15,15;3,6;75,76;5;-7,81;
2026 03 12 13:04:51:589;0,3;15;6;15,15;3,6;75,76;5;-7,81;
2026 03 12 13:04:51:591;0,3;15;6;15,15;3,6;75,76;5;11,72;
2026 03 12 13:04:51:593;0,3;15;6;15,15;3,6;75,76;5;11,72;
2026 03 12 13:04:51:595;0,3;15;6;15,15;3,6;75,76;5;-3,91;
2026 03 12 13:04:51:597;0,3;15;6;15,15;3,6;75,76;5;-19,53;
2026 03 12 13:04:51:599;0,3;15;6;15,15;3,6;75,76;5;-15,62;
2026 03 12 13:04:51:601;0,3;15;6;15,15;3,6;75,76;5;-7,81;
2026 03 12 13:04:51:603;0,3;15;6;15,15;3,6;75,76;5;-7,81;
2026 03 12 13:04:51:605;0,3;15;6;15,15;3,6;75,76;5;-7,81;
2026 03 12 13:04:51:607;0,3;15;6;15,15;3,6;75,76;5;-7,81;
2026 03 12 13:04:51:609;0,3;15;6;15,15;3,6;75,76;5;-7,81;
2026 03 12 13:04:51:611;0,3;15;6;15,15;3,6;75,76;5;15,63;
2026 03 12 13:04:51:613;0,3;15;6;15,15;3,6;75,76;5;15,63;
2026 03 12 13:04:51:615;0,3;15;6;15,15;3,6;75,76;5;-7,81;
2026 03 12 13:04:51:617;0,3;15;6;15,15;3,6;75,76;5;-19,53;
2026 03 12 13:04:51:619;0,3;15;6;15,15;3,6;75,76;5;-15,62;
2026 03 12 13:04:51:621;0,3;15;6;15,15;3,6;75,76;5;-11,72;
2026 03 12 13:04:51:623;0,3;15;6;15,15;3,6;75,76;5;-7,81;
2026 03 12 13:04:51:625;0,3;15;6;15,15;3,6;75,76;5;-7,81;
2026 03 12 13:04:51:627;0,3;15;6;15,15;3,6;75,76;5;-7,81;
2026 03 12 13:04:51:629;0,3;15;6;15,15;3,6;75,76;5;-3,91;
2026 03 12 13:04:51:631;0,3;15;6;15,15;3,6;75,76;5;15,63;
2026 03 12 13:04:51:633;0,3;15;6;15,15;3,6;75,76;5;15,63;
2026 03 12 13:04:51:635;0,3;15;6;15,15;3,6;75,76;5;-3,91;
2026 03 12 13:04:51:637;0,3;15;6;15,15;3,6;75,76;5;-19,53;
2026 03 12 13:04:51:639;0,3;15;6;15,15;3,6;75,76;5;-15,62;
2026 03 12 13:04:51:641;0,3;15;6;15,15;3,6;75,76;5;-7,81;
2026 03 12 13:04:51:643;0,3;15;6;15,15;3,6;75,76;5;-7,81;
2026 03 12 13:04:51:645;0,3;15;6;15,15;3,6;75,76;5;-7,81;
2026 03 12 13:04:51:647;0,3;15;6;15,15;3,6;75,76;5;-3,91;
2026 03 12 13:04:51:649;0,3;15;6;15,15;3,6;75,76;5;-7,81;
2026 03 12 13:04:51:651;0,3;15;6;15,15;3,6;75,76;5;15,63;
2026 03 12 13:04:51:653;0,3;15;6;15,15;3,6;75,76;5;15,63;
2026 03 12 13:04:51:655;0,3;15;6;15,15;3,6;75,76;5;-3,91;
2026 03 12 13:04:51:657;0,3;15;6;15,15;3,6;75,76;5;-19,53;
2026 03 12 13:04:51:659;0,3;15;6;15,15;3,6;75,76;5;-15,62;
2026 03 12 13:04:51:661;0,3;15;6;15,15;3,6;75,76;5;-11,72;
2026 03 12 13:04:51:663;0,3;15;6;15,15;3,6;75,76;5;-7,81;
2026 03 12 13:04:51:665;0,3;15;6;15,15;3,6;75,76;5;-7,81;
2026 03 12 13:04:51:667;0,3;15;6;15,15;3,6;75,76;5;-7,81;
2026 03 12 13:04:51:669;0,3;15;6;15,15;3,6;75,76;5;-3,91;
2026 03 12 13:04:51:671;0,3;15;6;15,15;3,6;75,76;5;15,63;
2026 03 12 13:04:51:673;0,3;15;6;15,15;3,6;75,76;5;11,72;
2026 03 12 13:04:51:675;0,3;15;6;15,15;3,6;75,76;5;-3,91;
2026 03 12 13:04:51:677;0,3;15;6;15,15;3,6;75,76;5;-15,62;
2026 03 12 13:04:51:679;0,3;15;6;15,15;3,6;75,76;5;-15,62;
2026 03 12 13:04:51:681;0,3;15;6;15,15;3,6;75,76;5;-7,81;
2026 03 12 13:04:51:683;0,3;15;6;15,15;3,6;75,76;5;-7,81;
2026 03 12 13:04:51:685;0,3;15;6;15,15;3,6;75,76;5;-7,81;
2026 03 12 13:04:51:687;0,3;15;6;15,15;3,6;75,76;5;-3,91;
2026 03 12 13:04:51:689;0,3;15;6;15,15;3,6;75,76;5;-3,91;
2026 03 12 13:04:51:691;0,3;15;6;15,15;3,6;75,76;5;15,63;
2026 03 12 13:04:51:693;0,3;15;6;15,15;3,6;75,76;5;11,72;
2026 03 12 13:04:51:695;0,3;15;6;15,15;3,6;75,76;5;-3,91;
2026 03 12 13:04:51:697;0,3;15;6;15,15;3,6;75,76;5;-15,62;
2026 03 12 13:04:51:699;0,3;15;6;15,15;3,6;75,76;5;-11,72;
2026 03 12 13:04:51:701;0,3;15;6;15,15;3,6;75,76;5;-7,81;
2026 03 12 13:04:51:703;0,3;15;6;15,15;3,6;75,76;5;-7,81;
2026 03 12 13:04:51:705;0,3;15;6;15,15;3,6;75,76;5;-7,81;
2026 03 12 13:04:51:707;0,3;15;6;15,15;3,6;75,76;5;-7,81;
2026 03 12 13:04:51:709;0,3;15;6;15,15;3,6;75,76;5;-3,91;
2026 03 12 13:04:51:711;0,3;15;6;15,08;4,33;77,55;5,14;15,63;
2026 03 12 13:04:51:713;0,3;15;6;15,08;4,33;77,55;5,14;15,63;
2026 03 12 13:04:51:715;0,3;15;6;15,08;4,33;77,55;5,14;-7,81;
2026 03 12 13:04:51:717;0,3;15;6;15,08;4,33;77,55;5,14;-15,62;
2026 03 12 13:04:51:719;0,3;15;6;15,08;4,33;77,55;5,14;-11,72;
2026 03 12 13:04:51:721;0,3;15;6;15,08;4,33;77,55;5,14;-7,81;
2026 03 12 13:04:51:723;0,3;15;6;15,08;4,33;77,55;5,14;-3,91;
2026 03 12 13:04:51:725;0,3;15;6;15,08;4,33;77,55;5,14;-7,81;
2026 03 12 13:04:51:727;0,3;15;6;15,08;4,33;77,55;5,14;-7,81;
2026 03 12 13:04:51:729;0,3;15;6;15,08;4,33;77,55;5,14;-3,91;
2026 03 12 13:04:51:731;0,3;15;6;15,08;4,33;77,55;5,14;15,63;
2026 03 12 13:04:51:733;0,3;15;6;15,08;4,33;77,55;5,14;15,63;
2026 03 12 13:04:51:735;0,3;15;6;15,08;4,33;77,55;5,14;-3,91;
2026 03 12 13:04:51:737;0,3;15;6;15,08;4,33;77,55;5,14;-15,62;
2026 03 12 13:04:51:739;0,3;15;6;15,08;4,33;77,55;5,14;-15,62;
2026 03 12 13:04:51:741;0,3;15;6;15,08;4,33;77,55;5,14;-7,81;
2026 03 12 13:04:51:743;0,3;15;6;15,08;4,33;77,55;5,14;-3,91;
2026 03 12 13:04:51:745;0,3;15;6;15,08;4,33;77,55;5,14;-7,81;
2026 03 12 13:04:51:747;0,3;15;6;15,08;4,33;77,55;5,14;-3,91;
2026 03 12 13:04:51:749;0,3;15;6;15,08;4,33;77,55;5,14;-7,81;
2026 03 12 13:04:51:751;0,3;15;6;15,08;4,33;77,55;5,14;15,63;
2026 03 12 13:04:51:753;0,3;15;6;15,08;4,33;77,55;5,14;15,63;
2026 03 12 13:04:51:755;0,3;15;6;15,08;4,33;77,55;5,14;-3,91;
2026 03 12 13:04:51:757;0,3;15;6;15,08;4,33;77,55;5,14;-15,62;
2026 03 12 13:04:51:759;0,3;15;6;15,08;4,33;77,55;5,14;-15,62;
2026 03 12 13:04:51:761;0,3;15;6;15,08;4,33;77,55;5,14;-7,81;
2026 03 12 13:04:51:763;0,3;15;6;15,08;4,33;77,55;5,14;-7,81;
2026 03 12 13:04:51:765;0,3;15;6;15,08;4,33;77,55;5,14;-7,81;
2026 03 12 13:04:51:767;0,3;15;6;15,08;4,33;77,55;5,14;-3,91;
2026 03 12 13:04:51:769;0,3;15;6;15,08;4,33;77,55;5,14;-7,81;
2026 03 12 13:04:51:771;0,3;15;6;15,08;4,33;77,55;5,14;15,63;
2026 03 12 13:04:51:773;0,3;15;6;15,08;4,33;77,55;5,14;11,72;
2026 03 12 13:04:51:775;0,3;15;6;15,08;4,33;77,55;5,14;-3,91;
2026 03 12 13:04:51:777;0,3;15;6;15,08;4,33;77,55;5,14;-15,62;
2026 03 12 13:04:51:779;0,3;15;6;15,08;4,33;77,55;5,14;-11,72;
2026 03 12 13:04:51:781;0,3;15;6;15,08;4,33;77,55;5,14;-7,81;
2026 03 12 13:04:51:783;0,3;15;6;15,08;4,33;77,55;5,14;-3,91;
2026 03 12 13:04:51:785;0,3;15;6;15,08;4,33;77,55;5,14;-3,91;
2026 03 12 13:04:51:787;0,3;15;6;15,08;4,33;77,55;5,14;-7,81;
2026 03 12 13:04:51:789;0,3;15;6;15,08;4,33;77,55;5,14;-7,81;
2026 03 12 13:04:51:791;0,3;15;6;15,08;4,33;77,55;5,14;15,63;
2026 03 12 13:04:51:793;0,3;15;6;15,08;4,33;77,55;5,14;11,72;
2026 03 12 13:04:51:795;0,3;15;6;15,08;4,33;77,55;5,14;-7,81;
2026 03 12 13:04:51:797;0,3;15;6;15,08;4,33;77,55;5,14;-15,62;
2026 03 12 13:04:51:799;0,3;15;6;15,08;4,33;77,55;5,14;-15,62;
2026 03 12 13:04:51:801;0,3;15;6;15,08;4,33;77,55;5,14;-7,81;
2026 03 12 13:04:51:803;0,3;15;6;15,08;4,33;77,55;5,14;-3,91;
2026 03 12 13:04:51:805;0,3;15;6;15,08;4,33;77,55;5,14;-11,72;
2026 03 12 13:04:51:807;0,3;15;6;15,08;4,33;77,55;5,14;-7,81;
2026 03 12 13:04:51:809;0,3;15;6;15,08;4,33;77,55;5,14;-7,81;
2026 03 12 13:04:51:811;0,3;15;6;15,08;4,33;77,55;5,14;15,63;
2026 03 12 13:04:51:813;0,3;15;6;15,08;4,33;77,55;5,14;11,72;
2026 03 12 13:04:51:815;0,3;15;6;15,08;4,33;77,55;5,14;-7,81;
2026 03 12 13:04:51:817;0,3;15;6;15,08;4,33;77,55;5,14;-23,44;
2026 03 12 13:04:51:819;0,3;15;6;15,08;4,33;77,55;5,14;-11,72;
2026 03 12 13:04:51:821;0,3;15;6;15,08;4,33;77,55;5,14;-7,81;
2026 03 12 13:04:51:823;0,3;15;6;15,08;4,33;77,55;5,14;-7,81;
2026 03 12 13:04:51:825;0,3;15;6;15,08;4,33;77,55;5,14;-7,81;
2026 03 12 13:04:51:827;0,3;15;6;15,08;4,33;77,55;5,14;-3,91;
2026 03 12 13:04:51:829;0,3;15;6;15,08;4,33;77,55;5,14;-7,81;
2026 03 12 13:04:51:831;0,3;15;6;15,08;4,33;77,55;5,14;15,63;
2026 03 12 13:04:51:833;0,3;15;6;15,08;4,33;77,55;5,14;15,63;
2026 03 12 13:04:51:835;0,3;15;6;15,08;4,33;77,55;5,14;-7,81;
2026 03 12 13:04:51:837;0,3;15;6;15,08;4,33;77,55;5,14;-19,53;
2026 03 12 13:04:51:839;0,3;15;6;15,08;4,33;77,55;5,14;-15,62;
2026 03 12 13:04:51:841;0,3;15;6;15,08;4,33;77,55;5,14;-7,81;
2026 03 12 13:04:51:843;0,3;15;6;15,08;4,33;77,55;5,14;-7,81;
2026 03 12 13:04:51:845;0,3;15;6;15,08;4,33;77,55;5,14;-7,81;
2026 03 12 13:04:51:847;0,3;15;6;15,08;4,33;77,55;5,14;-3,91;
2026 03 12 13:04:51:849;0,3;15;6;15,08;4,33;77,55;5,14;-7,81;
2026 03 12 13:04:51:851;0,3;15;6;15,08;4,33;77,55;5,14;15,63;
2026 03 12 13:04:51:853;0,3;15;6;15,08;4,33;77,55;5,14;11,72;
2026 03 12 13:04:51:855;0,3;15;6;15,08;4,33;77,55;5,14;-7,81;
2026 03 12 13:04:51:857;0,3;15;6;15,08;4,33;77,55;5,14;-19,53;
2026 03 12 13:04:51:859;0,3;15;6;15,08;4,33;77,55;5,14;-15,62;
2026 03 12 13:04:51:861;0,3;15;6;15,08;4,33;77,55;5,14;-7,81;
2026 03 12 13:04:51:863;0,3;15;6;15,08;4,33;77,55;5,14;-7,81;
2026 03 12 13:04:51:865;0,3;15;6;15,08;4,33;77,55;5,14;-7,81;
2026 03 12 13:04:51:867;0,3;15;6;15,08;4,33;77,55;5,14;-3,91;
2026 03 12 13:04:51:869;0,3;15;6;15,08;4,33;77,55;5,14;-7,81;
2026 03 12 13:04:51:871;0,3;15;6;15,08;4,33;77,55;5,14;15,63;
2026 03 12 13:04:51:873;0,3;15;6;15,08;4,33;77,55;5,14;11,72;
2026 03 12 13:04:51:875;0,3;15;6;15,08;4,33;77,55;5,14;-7,81;
2026 03 12 13:04:51:877;0,3;15;6;15,08;4,33;77,55;5,14;-23,44;
2026 03 12 13:04:51:879;0,3;15;6;15,08;4,33;77,55;5,14;-15,62;
2026 03 12 13:04:51:881;0,3;15;6;15,08;4,33;77,55;5,14;-7,81;
2026 03 12 13:04:51:883;0,3;15;6;15,08;4,33;77,55;5,14;-7,81;
2026 03 12 13:04:51:885;0,3;15;6;15,08;4,33;77,55;5,14;-7,81;
2026 03 12 13:04:51:887;0,3;15;6;15,08;4,33;77,55;5,14;-7,81;
2026 03 12 13:04:51:889;0,3;15;6;15,08;4,33;77,55;5,14;-7,81;
2026 03 12 13:04:51:891;0,3;15;6;15,08;4,33;77,55;5,14;11,72;
2026 03 12 13:04:51:893;0,3;15;6;15,08;4,33;77,55;5,14;11,72;
2026 03 12 13:04:51:895;0,3;15;6;15,08;4,33;77,55;5,14;-7,81;
2026 03 12 13:04:51:897;0,3;15;6;15,08;4,33;77,55;5,14;-23,44;
2026 03 12 13:04:51:899;0,3;15;6;15,08;4,33;77,55;5,14;-15,62;
2026 03 12 13:04:51:901;0,3;15;6;15,08;4,33;77,55;5,14;-7,81;
2026 03 12 13:04:51:903;0,3;15;6;15,08;4,33;77,55;5,14;-7,81;
2026 03 12 13:04:51:905;0,3;15;6;15,08;4,33;77,55;5,14;-7,81;
2026 03 12 13:04:51:907;0,3;15;6;15,08;4,33;77,55;5,14;-7,81;
2026 03 12 13:04:51:909;0,3;15;6;15,08;4,33;77,55;5,14;-7,81;
2026 03 12 13:04:51:911;0,3;15;6;15,08;4,33;77,55;5,14;15,63;
2026 03 12 13:04:51:913;0,3;15;6;15,08;4,33;77,55;5,14;3,91;
2026 03 12 13:04:51:915;0,3;15;6;15,08;4,33;77,55;5,14;-7,81;
2026 03 12 13:04:51:917;0,3;15;6;15,08;4,33;77,55;5,14;-27,34;
2026 03 12 13:04:51:919;0,3;15;6;15,08;4,33;77,55;5,14;-15,62;
2026 03 12 13:04:51:921;0,3;15;6;15,08;4,33;77,55;5,14;-7,81;
2026 03 12 13:04:51:923;0,3;15;6;15,08;4,33;77,55;5,14;-7,81;
2026 03 12 13:04:51:925;0,3;15;6;15,08;4,33;77,55;5,14;-7,81;
2026 03 12 13:04:51:927;0,3;15;6;15,08;4,33;77,55;5,14;-7,81;
2026 03 12 13:04:51:929;0,3;15;6;15,08;4,33;77,55;5,14;-7,81;
2026 03 12 13:04:51:931;0,3;15;6;15,08;4,33;77,55;5,14;15,63;
2026 03 12 13:04:51:933;0,3;15;6;15,08;4,33;77,55;5,14;7,81;
2026 03 12 13:04:51:935;0,3;15;6;15,08;4,33;77,55;5,14;-7,81;
2026 03 12 13:04:51:937;0,3;15;6;15,08;4,33;77,55;5,14;-23,44;
2026 03 12 13:04:51:939;0,3;15;6;15,08;4,33;77,55;5,14;-15,62;
2026 03 12 13:04:51:941;0,3;15;6;15,08;4,33;77,55;5,14;-7,81;
2026 03 12 13:04:51:943;0,3;15;6;15,08;4,33;77,55;5,14;-7,81;
2026 03 12 13:04:51:945;0,3;15;6;15,08;4,33;77,55;5,14;-7,81;
2026 03 12 13:04:51:947;0,3;15;6;15,08;4,33;77,55;5,14;-7,81;
2026 03 12 13:04:51:949;0,3;15;6;15,08;4,33;77,55;5,14;-7,81;
2026 03 12 13:04:51:951;0,3;15;6;15,08;4,33;77,55;5,14;15,63;
2026 03 12 13:04:51:953;0,3;15;6;15,08;4,33;77,55;5,14;15,63;
2026 03 12 13:04:51:955;0,3;15;6;15,08;4,33;77,55;5,14;-7,81;
2026 03 12 13:04:51:957;0,3;15;6;15,08;4,33;77,55;5,14;-19,53;
2026 03 12 13:04:51:959;0,3;15;6;15,08;4,33;77,55;5,14;-15,62;
2026 03 12 13:04:51:961;0,3;15;6;15,08;4,33;77,55;5,14;-7,81;
2026 03 12 13:04:51:963;0,3;15;6;15,08;4,33;77,55;5,14;-3,91;
2026 03 12 13:04:51:965;0,3;15;6;15,08;4,33;77,55;5,14;-7,81;
2026 03 12 13:04:51:967;0,3;15;6;15,08;4,33;77,55;5,14;-3,91;
2026 03 12 13:04:51:969;0,3;15;6;15,08;4,33;77,55;5,14;-7,81;
2026 03 12 13:04:51:971;0,3;15;6;15,08;4,33;77,55;5,14;15,63;
2026 03 12 13:04:51:973;0,3;15;6;15,08;4,33;77,55;5,14;15,63;
2026 03 12 13:04:51:975;0,3;15;6;15,08;4,33;77,55;5,14;-7,81;
2026 03 12 13:04:51:977;0,3;15;6;15,08;4,33;77,55;5,14;-19,53;
2026 03 12 13:04:51:979;0,3;15;6;15,08;4,33;77,55;5,14;-11,72;
2026 03 12 13:04:51:981;0,3;15;6;15,08;4,33;77,55;5,14;-7,81;
2026 03 12 13:04:51:983;0,3;15;6;15,08;4,33;77,55;5,14;-7,81;
2026 03 12 13:04:51:985;0,3;15;6;15,08;4,33;77,55;5,14;-7,81;
2026 03 12 13:04:51:987;0,3;15;6;15,08;4,33;77,55;5,14;-7,81;
2026 03 12 13:04:51:989;0,3;15;6;15,08;4,33;77,55;5,14;-3,91;
2026 03 12 13:04:51:991;0,3;15;6;15,08;4,33;77,55;5,14;15,63;
2026 03 12 13:04:51:993;0,3;15;6;15,08;4,33;77,55;5,14;15,63;
2026 03 12 13:04:51:995;0,3;15;6;15,08;4,33;77,55;5,14;-3,91;
2026 03 12 13:04:51:997;0,3;15;6;15,08;4,33;77,55;5,14;-23,44;
2026 03 12 13:04:51:999;0,3;15;6;15,08;4,33;77,55;5,14;-15,62;
2026 03 12 13:04:52:001;0,3;15;6;15,08;4,33;77,55;5,14;-7,81;
2026 03 12 13:04:52:003;0,3;15;6;15,08;4,33;77,55;5,14;-7,81;
2026 03 12 13:04:52:005;0,3;15;6;15,08;4,33;77,55;5,14;-7,81;
2026 03 12 13:04:52:007;0,3;15;6;15,08;4,33;77,55;5,14;-7,81;
2026 03 12 13:04:52:009;0,3;15;6;15,08;4,33;77,55;5,14;-7,81;
2026 03 12 13:04:52:011;0,3;14;6;14,14;3,42;77,39;5,47;15,63;
2026 03 12 13:04:52:013;0,3;14;6;14,14;3,42;77,39;5,47;11,72;
2026 03 12 13:04:52:015;0,3;14;6;14,14;3,42;77,39;5,47;-3,91;
2026 03 12 13:04:52:017;0,3;14;6;14,14;3,42;77,39;5,47;-23,44;
2026 03 12 13:04:52:019;0,3;14;6;14,14;3,42;77,39;5,47;-11,72;
2026 03 12 13:04:52:021;0,3;14;6;14,14;3,42;77,39;5,47;-7,81;
2026 03 12 13:04:52:023;0,3;14;6;14,14;3,42;77,39;5,47;-3,91;
2026 03 12 13:04:52:025;0,3;14;6;14,14;3,42;77,39;5,47;-7,81;
2026 03 12 13:04:52:027;0,3;14;6;14,14;3,42;77,39;5,47;-7,81;
2026 03 12 13:04:52:029;0,3;14;6;14,14;3,42;77,39;5,47;-7,81;
2026 03 12 13:04:52:031;0,3;14;6;14,14;3,42;77,39;5,47;15,63;
2026 03 12 13:04:52:033;0,3;14;6;14,14;3,42;77,39;5,47;11,72;
2026 03 12 13:04:52:035;0,3;14;6;14,14;3,42;77,39;5,47;-3,91;
2026 03 12 13:04:52:037;0,3;14;6;14,14;3,42;77,39;5,47;-19,53;
2026 03 12 13:04:52:039;0,3;14;6;14,14;3,42;77,39;5,47;-11,72;
2026 03 12 13:04:52:041;0,3;14;6;14,14;3,42;77,39;5,47;-7,81;
2026 03 12 13:04:52:043;0,3;14;6;14,14;3,42;77,39;5,47;-3,91;
2026 03 12 13:04:52:045;0,3;14;6;14,14;3,42;77,39;5,47;-7,81;
2026 03 12 13:04:52:047;0,3;14;6;14,14;3,42;77,39;5,47;-7,81;
2026 03 12 13:04:52:049;0,3;14;6;14,14;3,42;77,39;5,47;-3,91;
2026 03 12 13:04:52:051;0,3;14;6;14,14;3,42;77,39;5,47;15,63;
2026 03 12 13:04:52:053;0,3;14;6;14,14;3,42;77,39;5,47;11,72;
2026 03 12 13:04:52:055;0,3;14;6;14,14;3,42;77,39;5,47;-3,91;
2026 03 12 13:04:52:057;0,3;14;6;14,14;3,42;77,39;5,47;-19,53;
2026 03 12 13:04:52:059;0,3;14;6;14,14;3,42;77,39;5,47;-11,72;
2026 03 12 13:04:52:061;0,3;14;6;14,14;3,42;77,39;5,47;-7,81;
2026 03 12 13:04:52:063;0,3;14;6;14,14;3,42;77,39;5,47;-7,81;
2026 03 12 13:04:52:065;0,3;14;6;14,14;3,42;77,39;5,47;-7,81;
2026 03 12 13:04:52:067;0,3;14;6;14,14;3,42;77,39;5,47;-7,81;
2026 03 12 13:04:52:069;0,3;14;6;14,14;3,42;77,39;5,47;-7,81;
2026 03 12 13:04:52:071;0,3;14;6;14,14;3,42;77,39;5,47;15,63;
2026 03 12 13:04:52:073;0,3;14;6;14,14;3,42;77,39;5,47;11,72;
2026 03 12 13:04:52:075;0,3;14;6;14,14;3,42;77,39;5,47;-7,81;
2026 03 12 13:04:52:077;0,3;14;6;14,14;3,42;77,39;5,47;-23,44;
2026 03 12 13:04:52:079;0,3;14;6;14,14;3,42;77,39;5,47;-11,72;
2026 03 12 13:04:52:081;0,3;14;6;14,14;3,42;77,39;5,47;-7,81;
2026 03 12 13:04:52:083;0,3;14;6;14,14;3,42;77,39;5,47;-7,81;
2026 03 12 13:04:52:085;0,3;14;6;14,14;3,42;77,39;5,47;-3,91;
2026 03 12 13:04:52:087;0,3;14;6;14,14;3,42;77,39;5,47;-7,81;
2026 03 12 13:04:52:089;0,3;14;6;14,14;3,42;77,39;5,47;-7,81;
2026 03 12 13:04:52:091;0,3;14;6;14,14;3,42;77,39;5,47;19,53;
2026 03 12 13:04:52:093;0,3;14;6;14,14;3,42;77,39;5,47;11,72;
2026 03 12 13:04:52:095;0,3;14;6;14,14;3,42;77,39;5,47;-7,81;
2026 03 12 13:04:52:097;0,3;14;6;14,14;3,42;77,39;5,47;-23,44;
2026 03 12 13:04:52:099;0,3;14;6;14,14;3,42;77,39;5,47;-15,62;
2026 03 12 13:04:52:101;0,3;14;6;14,14;3,42;77,39;5,47;-7,81;
2026 03 12 13:04:52:103;0,3;14;6;14,14;3,42;77,39;5,47;-7,81;
2026 03 12 13:04:52:105;0,3;14;6;14,14;3,42;77,39;5,47;-7,81;
2026 03 12 13:04:52:107;0,3;14;6;14,14;3,42;77,39;5,47;-7,81;
2026 03 12 13:04:52:109;0,3;14;6;14,14;3,42;77,39;5,47;-7,81;
2026 03 12 13:04:52:111;0,3;14;6;14,14;3,42;77,39;5,47;15,63;
2026 03 12 13:04:52:113;0,3;14;6;14,14;3,42;77,39;5,47;11,72;
2026 03 12 13:04:52:115;0,3;14;6;14,14;3,42;77,39;5,47;-3,91;
2026 03 12 13:04:52:117;0,3;14;6;14,14;3,42;77,39;5,47;-23,44;
2026 03 12 13:04:52:119;0,3;14;6;14,14;3,42;77,39;5,47;-11,72;
2026 03 12 13:04:52:121;0,3;14;6;14,14;3,42;77,39;5,47;-7,81;
2026 03 12 13:04:52:123;0,3;14;6;14,14;3,42;77,39;5,47;-7,81;
2026 03 12 13:04:52:125;0,3;14;6;14,14;3,42;77,39;5,47;-3,91;
2026 03 12 13:04:52:127;0,3;14;6;14,14;3,42;77,39;5,47;-7,81;
2026 03 12 13:04:52:129;0,3;14;6;14,14;3,42;77,39;5,47;-7,81;
2026 03 12 13:04:52:131;0,3;14;6;14,14;3,42;77,39;5,47;15,63;
2026 03 12 13:04:52:133;0,3;14;6;14,14;3,42;77,39;5,47;11,72;
2026 03 12 13:04:52:135;0,3;14;6;14,14;3,42;77,39;5,47;-7,81;
2026 03 12 13:04:52:137;0,3;14;6;14,14;3,42;77,39;5,47;-23,44;
2026 03 12 13:04:52:139;0,3;14;6;14,14;3,42;77,39;5,47;-15,62;
2026 03 12 13:04:52:141;0,3;14;6;14,14;3,42;77,39;5,47;-11,72;
2026 03 12 13:04:52:143;0,3;14;6;14,14;3,42;77,39;5,47;-3,91;
2026 03 12 13:04:52:145;0,3;14;6;14,14;3,42;77,39;5,47;-7,81;
2026 03 12 13:04:52:147;0,3;14;6;14,14;3,42;77,39;5,47;-7,81;
2026 03 12 13:04:52:149;0,3;14;6;14,14;3,42;77,39;5,47;-3,91;
2026 03 12 13:04:52:151;0,3;14;6;14,14;3,42;77,39;5,47;15,63;
2026 03 12 13:04:52:153;0,3;14;6;14,14;3,42;77,39;5,47;11,72;
2026 03 12 13:04:52:155;0,3;14;6;14,14;3,42;77,39;5,47;-7,81;
2026 03 12 13:04:52:157;0,3;14;6;14,14;3,42;77,39;5,47;-27,34;
2026 03 12 13:04:52:159;0,3;14;6;14,14;3,42;77,39;5,47;-15,62;
2026 03 12 13:04:52:161;0,3;14;6;14,14;3,42;77,39;5,47;-7,81;
2026 03 12 13:04:52:163;0,3;14;6;14,14;3,42;77,39;5,47;-7,81;
2026 03 12 13:04:52:165;0,3;14;6;14,14;3,42;77,39;5,47;-7,81;
2026 03 12 13:04:52:167;0,3;14;6;14,14;3,42;77,39;5,47;-3,91;
2026 03 12 13:04:52:169;0,3;14;6;14,14;3,42;77,39;5,47;-7,81;
2026 03 12 13:04:52:171;0,3;14;6;14,14;3,42;77,39;5,47;11,72;
2026 03 12 13:04:52:173;0,3;14;6;14,14;3,42;77,39;5,47;7,81;
2026 03 12 13:04:52:175;0,3;14;6;14,14;3,42;77,39;5,47;-7,81;
2026 03 12 13:04:52:177;0,3;14;6;14,14;3,42;77,39;5,47;-27,34;
2026 03 12 13:04:52:179;0,3;14;6;14,14;3,42;77,39;5,47;-15,62;
2026 03 12 13:04:52:181;0,3;14;6;14,14;3,42;77,39;5,47;-7,81;
2026 03 12 13:04:52:183;0,3;14;6;14,14;3,42;77,39;5,47;-7,81;
2026 03 12 13:04:52:185;0,3;14;6;14,14;3,42;77,39;5,47;-7,81;
2026 03 12 13:04:52:187;0,3;14;6;14,14;3,42;77,39;5,47;-7,81;
2026 03 12 13:04:52:189;0,3;14;6;14,14;3,42;77,39;5,47;-7,81;
2026 03 12 13:04:52:191;0,3;14;6;14,14;3,42;77,39;5,47;15,63;
2026 03 12 13:04:52:193;0,3;14;6;14,14;3,42;77,39;5,47;11,72;
2026 03 12 13:04:52:195;0,3;14;6;14,14;3,42;77,39;5,47;-3,91;
2026 03 12 13:04:52:197;0,3;14;6;14,14;3,42;77,39;5,47;-23,44;
2026 03 12 13:04:52:199;0,3;14;6;14,14;3,42;77,39;5,47;-15,62;
2026 03 12 13:04:52:201;0,3;14;6;14,14;3,42;77,39;5,47;-7,81;
2026 03 12 13:04:52:203;0,3;14;6;14,14;3,42;77,39;5,47;-7,81;
2026 03 12 13:04:52:205;0,3;14;6;14,14;3,42;77,39;5,47;-7,81;
2026 03 12 13:04:52:207;0,3;14;6;14,14;3,42;77,39;5,47;-3,91;
2026 03 12 13:04:52:209;0,3;14;6;14,14;3,42;77,39;5,47;-7,81;
2026 03 12 13:04:52:211;0,3;14;6;14,14;3,42;77,39;5,47;15,63;
2026 03 12 13:04:52:213;0,3;14;6;14,14;3,42;77,39;5,47;15,63;
2026 03 12 13:04:52:215;0,3;14;6;14,14;3,42;77,39;5,47;-7,81;
2026 03 12 13:04:52:217;0,3;14;6;14,14;3,42;77,39;5,47;-23,44;
2026 03 12 13:04:52:219;0,3;14;6;14,14;3,42;77,39;5,47;-15,62;
2026 03 12 13:04:52:221;0,3;14;6;14,14;3,42;77,39;5,47;-7,81;
2026 03 12 13:04:52:223;0,3;14;6;14,14;3,42;77,39;5,47;-7,81;
2026 03 12 13:04:52:225;0,3;14;6;14,14;3,42;77,39;5,47;-7,81;
2026 03 12 13:04:52:227;0,3;14;6;14,14;3,42;77,39;5,47;-3,91;
2026 03 12 13:04:52:229;0,3;14;6;14,14;3,42;77,39;5,47;-7,81;
2026 03 12 13:04:52:231;0,3;14;6;14,14;3,42;77,39;5,47;19,53;
2026 03 12 13:04:52:233;0,3;14;6;14,14;3,42;77,39;5,47;19,53;
2026 03 12 13:04:52:235;0,3;14;6;14,14;3,42;77,39;5,47;-3,91;
2026 03 12 13:04:52:237;0,3;14;6;14,14;3,42;77,39;5,47;-23,44;
2026 03 12 13:04:52:239;0,3;14;6;14,14;3,42;77,39;5,47;-15,62;
2026 03 12 13:04:52:241;0,3;14;6;14,14;3,42;77,39;5,47;-7,81;
2026 03 12 13:04:52:243;0,3;14;6;14,14;3,42;77,39;5,47;-7,81;
2026 03 12 13:04:52:245;0,3;14;6;14,14;3,42;77,39;5,47;-3,91;
2026 03 12 13:04:52:247;0,3;14;6;14,14;3,42;77,39;5,47;-7,81;
2026 03 12 13:04:52:249;0,3;14;6;14,14;3,42;77,39;5,47;-7,81;
2026 03 12 13:04:52:251;0,3;14;6;14,14;3,42;77,39;5,47;19,53;
2026 03 12 13:04:52:253;0,3;14;6;14,14;3,42;77,39;5,47;15,63;
2026 03 12 13:04:52:255;0,3;14;6;14,14;3,42;77,39;5,47;-7,81;
2026 03 12 13:04:52:257;0,3;14;6;14,14;3,42;77,39;5,47;-19,53;
2026 03 12 13:04:52:259;0,3;14;6;14,14;3,42;77,39;5,47;-11,72;
2026 03 12 13:04:52:261;0,3;14;6;14,14;3,42;77,39;5,47;-7,81;
2026 03 12 13:04:52:263;0,3;14;6;14,14;3,42;77,39;5,47;-7,81;
2026 03 12 13:04:52:265;0,3;14;6;14,14;3,42;77,39;5,47;-7,81;
2026 03 12 13:04:52:267;0,3;14;6;14,14;3,42;77,39;5,47;-7,81;
2026 03 12 13:04:52:269;0,3;14;6;14,14;3,42;77,39;5,47;-7,81;
2026 03 12 13:04:52:271;0,3;14;6;14,14;3,42;77,39;5,47;15,63;
2026 03 12 13:04:52:273;0,3;14;6;14,14;3,42;77,39;5,47;11,72;
2026 03 12 13:04:52:275;0,3;14;6;14,14;3,42;77,39;5,47;-3,91;
2026 03 12 13:04:52:277;0,3;14;6;14,14;3,42;77,39;5,47;-19,53;
2026 03 12 13:04:52:279;0,3;14;6;14,14;3,42;77,39;5,47;-11,72;
2026 03 12 13:04:52:281;0,3;14;6;14,14;3,42;77,39;5,47;-7,81;
2026 03 12 13:04:52:283;0,3;14;6;14,14;3,42;77,39;5,47;-7,81;
2026 03 12 13:04:52:285;0,3;14;6;14,14;3,42;77,39;5,47;-7,81;
2026 03 12 13:04:52:287;0,3;14;6;14,14;3,42;77,39;5,47;-3,91;
2026 03 12 13:04:52:289;0,3;14;6;14,14;3,42;77,39;5,47;-7,81;
2026 03 12 13:04:52:291;0,3;14;6;14,14;3,42;77,39;5,47;15,63;
2026 03 12 13:04:52:293;0,3;14;6;14,14;3,42;77,39;5,47;15,63;
2026 03 12 13:04:52:295;0,3;14;6;14,14;3,42;77,39;5,47;-3,91;
2026 03 12 13:04:52:297;0,3;14;6;14,14;3,42;77,39;5,47;-19,53;
2026 03 12 13:04:52:299;0,3;14;6;14,14;3,42;77,39;5,47;-11,72;
2026 03 12 13:04:52:301;0,3;14;6;14,14;3,42;77,39;5,47;-7,81;
2026 03 12 13:04:52:303;0,3;14;6;14,14;3,42;77,39;5,47;-7,81;
2026 03 12 13:04:52:305;0,3;14;6;14,14;3,42;77,39;5,47;-7,81;
2026 03 12 13:04:52:307;0,3;14;6;14,14;3,42;77,39;5,47;-7,81;
2026 03 12 13:04:52:309;0,3;14;6;14,14;3,42;77,39;5,47;-3,91;
2026 03 12 13:04:52:311;0,3;13;4;13,24;1,1;62,03;4,68;15,63;
2026 03 12 13:04:52:313;0,3;13;4;13,24;1,1;62,03;4,68;15,63;
2026 03 12 13:04:52:315;0,3;13;4;13,24;1,1;62,03;4,68;-3,91;
2026 03 12 13:04:52:317;0,3;13;4;13,24;1,1;62,03;4,68;-19,53;
2026 03 12 13:04:52:319;0,3;13;4;13,24;1,1;62,03;4,68;-11,72;
2026 03 12 13:04:52:321;0,3;13;4;13,24;1,1;62,03;4,68;-7,81;
2026 03 12 13:04:52:323;0,3;13;4;13,24;1,1;62,03;4,68;-3,91;
2026 03 12 13:04:52:325;0,3;13;4;13,24;1,1;62,03;4,68;-7,81;
2026 03 12 13:04:52:327;0,3;13;4;13,24;1,1;62,03;4,68;-3,91;
2026 03 12 13:04:52:329;0,3;13;4;13,24;1,1;62,03;4,68;-7,81;
2026 03 12 13:04:52:331;0,3;13;4;13,24;1,1;62,03;4,68;15,63;
2026 03 12 13:04:52:333;0,3;13;4;13,24;1,1;62,03;4,68;15,63;
2026 03 12 13:04:52:335;0,3;13;4;13,24;1,1;62,03;4,68;-3,91;
2026 03 12 13:04:52:337;0,3;13;4;13,24;1,1;62,03;4,68;-19,53;
2026 03 12 13:04:52:339;0,3;13;4;13,24;1,1;62,03;4,68;-11,72;
2026 03 12 13:04:52:341;0,3;13;4;13,24;1,1;62,03;4,68;-7,81;
2026 03 12 13:04:52:343;0,3;13;4;13,24;1,1;62,03;4,68;-3,91;
2026 03 12 13:04:52:345;0,3;13;4;13,24;1,1;62,03;4,68;-7,81;
2026 03 12 13:04:52:347;0,3;13;4;13,24;1,1;62,03;4,68;-3,91;
2026 03 12 13:04:52:349;0,3;13;4;13,24;1,1;62,03;4,68;-7,81;
2026 03 12 13:04:52:351;0,3;13;4;13,24;1,1;62,03;4,68;15,63;
2026 03 12 13:04:52:353;0,3;13;4;13,24;1,1;62,03;4,68;15,63;
2026 03 12 13:04:52:355;0,3;13;4;13,24;1,1;62,03;4,68;-3,91;
2026 03 12 13:04:52:357;0,3;13;4;13,24;1,1;62,03;4,68;-23,44;
2026 03 12 13:04:52:359;0,3;13;4;13,24;1,1;62,03;4,68;-11,72;
2026 03 12 13:04:52:361;0,3;13;4;13,24;1,1;62,03;4,68;-7,81;
2026 03 12 13:04:52:363;0,3;13;4;13,24;1,1;62,03;4,68;-7,81;
2026 03 12 13:04:52:365;0,3;13;4;13,24;1,1;62,03;4,68;-3,91;
2026 03 12 13:04:52:367;0,3;13;4;13,24;1,1;62,03;4,68;-7,81;
2026 03 12 13:04:52:369;0,3;13;4;13,24;1,1;62,03;4,68;-7,81;
2026 03 12 13:04:52:371;0,3;13;4;13,24;1,1;62,03;4,68;15,63;
2026 03 12 13:04:52:373;0,3;13;4;13,24;1,1;62,03;4,68;15,63;
2026 03 12 13:04:52:375;0,3;13;4;13,24;1,1;62,03;4,68;-7,81;
2026 03 12 13:04:52:377;0,3;13;4;13,24;1,1;62,03;4,68;-23,44;
2026 03 12 13:04:52:379;0,3;13;4;13,24;1,1;62,03;4,68;-11,72;
2026 03 12 13:04:52:381;0,3;13;4;13,24;1,1;62,03;4,68;-7,81;
2026 03 12 13:04:52:383;0,3;13;4;13,24;1,1;62,03;4,68;-7,81;
2026 03 12 13:04:52:385;0,3;13;4;13,24;1,1;62,03;4,68;-3,91;
2026 03 12 13:04:52:387;0,3;13;4;13,24;1,1;62,03;4,68;-7,81;
2026 03 12 13:04:52:389;0,3;13;4;13,24;1,1;62,03;4,68;-7,81;
2026 03 12 13:04:52:391;0,3;13;4;13,24;1,1;62,03;4,68;15,63;
2026 03 12 13:04:52:393;0,3;13;4;13,24;1,1;62,03;4,68;11,72;
2026 03 12 13:04:52:395;0,3;13;4;13,24;1,1;62,03;4,68;-3,91;
2026 03 12 13:04:52:397;0,3;13;4;13,24;1,1;62,03;4,68;-23,44;
2026 03 12 13:04:52:399;0,3;13;4;13,24;1,1;62,03;4,68;-11,72;
2026 03 12 13:04:52:401;0,3;13;4;13,24;1,1;62,03;4,68;-7,81;
2026 03 12 13:04:52:403;0,3;13;4;13,24;1,1;62,03;4,68;-7,81;
2026 03 12 13:04:52:405;0,3;13;4;13,24;1,1;62,03;4,68;-7,81;
2026 03 12 13:04:52:407;0,3;13;4;13,24;1,1;62,03;4,68;-7,81;
2026 03 12 13:04:52:409;0,3;13;4;13,24;1,1;62,03;4,68;-7,81;
2026 03 12 13:04:52:411;0,3;13;4;13,24;1,1;62,03;4,68;15,63;
2026 03 12 13:04:52:413;0,3;13;4;13,24;1,1;62,03;4,68;11,72;
2026 03 12 13:04:52:415;0,3;13;4;13,24;1,1;62,03;4,68;-7,81;
2026 03 12 13:04:52:417;0,3;13;4;13,24;1,1;62,03;4,68;-27,34;
2026 03 12 13:04:52:419;0,3;13;4;13,24;1,1;62,03;4,68;-11,72;
2026 03 12 13:04:52:421;0,3;13;4;13,24;1,1;62,03;4,68;-7,81;
2026 03 12 13:04:52:423;0,3;13;4;13,24;1,1;62,03;4,68;-7,81;
2026 03 12 13:04:52:425;0,3;13;4;13,24;1,1;62,03;4,68;-3,91;
2026 03 12 13:04:52:427;0,3;13;4;13,24;1,1;62,03;4,68;-7,81;
2026 03 12 13:04:52:429;0,3;13;4;13,24;1,1;62,03;4,68;-7,81;
2026 03 12 13:04:52:431;0,3;13;4;13,24;1,1;62,03;4,68;15,63;
2026 03 12 13:04:52:433;0,3;13;4;13,24;1,1;62,03;4,68;11,72;
2026 03 12 13:04:52:435;0,3;13;4;13,24;1,1;62,03;4,68;-7,81;
2026 03 12 13:04:52:437;0,3;13;4;13,24;1,1;62,03;4,68;-23,44;
2026 03 12 13:04:52:439;0,3;13;4;13,24;1,1;62,03;4,68;-15,62;
2026 03 12 13:04:52:441;0,3;13;4;13,24;1,1;62,03;4,68;-7,81;
2026 03 12 13:04:52:443;0,3;13;4;13,24;1,1;62,03;4,68;-3,91;
2026 03 12 13:04:52:445;0,3;13;4;13,24;1,1;62,03;4,68;-7,81;
2026 03 12 13:04:52:447;0,3;13;4;13,24;1,1;62,03;4,68;-7,81;
2026 03 12 13:04:52:449;0,3;13;4;13,24;1,1;62,03;4,68;-7,81;
2026 03 12 13:04:52:451;0,3;13;4;13,24;1,1;62,03;4,68;15,63;
2026 03 12 13:04:52:453;0,3;13;4;13,24;1,1;62,03;4,68;15,63;
2026 03 12 13:04:52:455;0,3;13;4;13,24;1,1;62,03;4,68;-7,81;
2026 03 12 13:04:52:457;0,3;13;4;13,24;1,1;62,03;4,68;-19,53;
2026 03 12 13:04:52:459;0,3;13;4;13,24;1,1;62,03;4,68;-11,72;
2026 03 12 13:04:52:461;0,3;13;4;13,24;1,1;62,03;4,68;-7,81;
2026 03 12 13:04:52:463;0,3;13;4;13,24;1,1;62,03;4,68;-3,91;
2026 03 12 13:04:52:465;0,3;13;4;13,24;1,1;62,03;4,68;-7,81;
2026 03 12 13:04:52:467;0,3;13;4;13,24;1,1;62,03;4,68;-7,81;
2026 03 12 13:04:52:469;0,3;13;4;13,24;1,1;62,03;4,68;-3,91;
2026 03 12 13:04:52:471;0,3;13;4;13,24;1,1;62,03;4,68;15,63;
2026 03 12 13:04:52:473;0,3;13;4;13,24;1,1;62,03;4,68;19,53;
2026 03 12 13:04:52:475;0,3;13;4;13,24;1,1;62,03;4,68;-3,91;
2026 03 12 13:04:52:477;0,3;13;4;13,24;1,1;62,03;4,68;-19,53;
2026 03 12 13:04:52:479;0,3;13;4;13,24;1,1;62,03;4,68;-11,72;
2026 03 12 13:04:52:481;0,3;13;4;13,24;1,1;62,03;4,68;-7,81;
2026 03 12 13:04:52:483;0,3;13;4;13,24;1,1;62,03;4,68;-7,81;
2026 03 12 13:04:52:485;0,3;13;4;13,24;1,1;62,03;4,68;-7,81;
2026 03 12 13:04:52:487;0,3;13;4;13,24;1,1;62,03;4,68;-3,91;
2026 03 12 13:04:52:489;0,3;13;4;13,24;1,1;62,03;4,68;-7,81;
2026 03 12 13:04:52:491;0,3;13;4;13,24;1,1;62,03;4,68;19,53;
2026 03 12 13:04:52:493;0,3;13;4;13,24;1,1;62,03;4,68;23,44;
2026 03 12 13:04:52:495;0,3;13;4;13,24;1,1;62,03;4,68;-3,91;
2026 03 12 13:04:52:497;0,3;13;4;13,24;1,1;62,03;4,68;-19,53;
2026 03 12 13:04:52:499;0,3;13;4;13,24;1,1;62,03;4,68;-11,72;
2026 03 12 13:04:52:501;0,3;13;4;13,24;1,1;62,03;4,68;-7,81;
2026 03 12 13:04:52:503;0,3;13;4;13,24;1,1;62,03;4,68;-3,91;
2026 03 12 13:04:52:505;0,3;13;4;13,24;1,1;62,03;4,68;-7,81;
2026 03 12 13:04:52:507;0,3;13;4;13,24;1,1;62,03;4,68;-7,81;
2026 03 12 13:04:52:509;0,3;13;4;13,24;1,1;62,03;4,68;-3,91;
2026 03 12 13:04:52:511;0,3;13;4;13,24;1,1;62,03;4,68;15,63;
2026 03 12 13:04:52:513;0,3;13;4;13,24;1,1;62,03;4,68;15,63;
2026 03 12 13:04:52:515;0,3;13;4;13,24;1,1;62,03;4,68;-3,91;
2026 03 12 13:04:52:517;0,3;13;4;13,24;1,1;62,03;4,68;-23,44;
2026 03 12 13:04:52:519;0,3;13;4;13,24;1,1;62,03;4,68;-11,72;
2026 03 12 13:04:52:521;0,3;13;4;13,24;1,1;62,03;4,68;-7,81;
2026 03 12 13:04:52:523;0,3;13;4;13,24;1,1;62,03;4,68;-3,91;
2026 03 12 13:04:52:525;0,3;13;4;13,24;1,1;62,03;4,68;-7,81;
2026 03 12 13:04:52:527;0,3;13;4;13,24;1,1;62,03;4,68;-7,81;
2026 03 12 13:04:52:529;0,3;13;4;13,24;1,1;62,03;4,68;-7,81;
2026 03 12 13:04:52:531;0,3;13;4;13,24;1,1;62,03;4,68;15,63;
2026 03 12 13:04:52:533;0,3;13;4;13,24;1,1;62,03;4,68;15,63;
2026 03 12 13:04:52:535;0,3;13;4;13,24;1,1;62,03;4,68;-3,91;
2026 03 12 13:04:52:537;0,3;13;4;13,24;1,1;62,03;4,68;-19,53;
2026 03 12 13:04:52:539;0,3;13;4;13,24;1,1;62,03;4,68;-11,72;
2026 03 12 13:04:52:541;0,3;13;4;13,24;1,1;62,03;4,68;-7,81;
2026 03 12 13:04:52:543;0,3;13;4;13,24;1,1;62,03;4,68;-3,91;
2026 03 12 13:04:52:545;0,3;13;4;13,24;1,1;62,03;4,68;-7,81;
2026 03 12 13:04:52:547;0,3;13;4;13,24;1,1;62,03;4,68;-7,81;
2026 03 12 13:04:52:549;0,3;13;4;13,24;1,1;62,03;4,68;-7,81;
2026 03 12 13:04:52:551;0,3;13;4;13,24;1,1;62,03;4,68;15,63;
2026 03 12 13:04:52:553;0,3;13;4;13,24;1,1;62,03;4,68;15,63;
2026 03 12 13:04:52:555;0,3;13;4;13,24;1,1;62,03;4,68;-3,91;
2026 03 12 13:04:52:557;0,3;13;4;13,24;1,1;62,03;4,68;-19,53;
2026 03 12 13:04:52:559;0,3;13;4;13,24;1,1;62,03;4,68;-15,62;
2026 03 12 13:04:52:561;0,3;13;4;13,24;1,1;62,03;4,68;-7,81;
2026 03 12 13:04:52:563;0,3;13;4;13,24;1,1;62,03;4,68;-7,81;
2026 03 12 13:04:52:565;0,3;13;4;13,24;1,1;62,03;4,68;-7,81;
2026 03 12 13:04:52:567;0,3;13;4;13,24;1,1;62,03;4,68;-7,81;
2026 03 12 13:04:52:569;0,3;13;4;13,24;1,1;62,03;4,68;-7,81;
2026 03 12 13:04:52:571;0,3;13;4;13,24;1,1;62,03;4,68;15,63;
2026 03 12 13:04:52:573;0,3;13;4;13,24;1,1;62,03;4,68;15,63;
2026 03 12 13:04:52:575;0,3;13;4;13,24;1,1;62,03;4,68;-3,91;
2026 03 12 13:04:52:577;0,3;13;4;13,24;1,1;62,03;4,68;-19,53;
2026 03 12 13:04:52:579;0,3;13;4;13,24;1,1;62,03;4,68;-11,72;
2026 03 12 13:04:52:581;0,3;13;4;13,24;1,1;62,03;4,68;-3,91;
2026 03 12 13:04:52:583;0,3;13;4;13,24;1,1;62,03;4,68;-3,91;
2026 03 12 13:04:52:585;0,3;13;4;13,24;1,1;62,03;4,68;-7,81;
2026 03 12 13:04:52:587;0,3;13;4;13,24;1,1;62,03;4,68;-3,91;
2026 03 12 13:04:52:589;0,3;13;4;13,24;1,1;62,03;4,68;-3,91;
2026 03 12 13:04:52:591;0,3;13;4;13,24;1,1;62,03;4,68;15,63;
2026 03 12 13:04:52:593;0,3;13;4;13,24;1,1;62,03;4,68;15,63;
2026 03 12 13:04:52:595;0,3;13;4;13,24;1,1;62,03;4,68;-3,91;
2026 03 12 13:04:52:597;0,3;13;4;13,24;1,1;62,03;4,68;-19,53;
2026 03 12 13:04:52:599;0,3;13;4;13,24;1,1;62,03;4,68;-11,72;
2026 03 12 13:04:52:601;0,3;13;4;13,24;1,1;62,03;4,68;-7,81;
2026 03 12 13:04:52:603;0,3;13;4;13,24;1,1;62,03;4,68;-3,91;
2026 03 12 13:04:52:605;0,3;13;4;13,24;1,1;62,03;4,68;-7,81;
2026 03 12 13:04:52:607;0,3;13;4;13,24;1,1;62,03;4,68;-3,91;
2026 03 12 13:04:52:609;0,3;13;4;13,24;1,1;62,03;4,68;-7,81;
2026 03 12 13:04:52:611;0,3;13;4;13,24;1,1;62,03;4,68;15,63;
2026 03 12 13:04:52:613;0,3;13;3;13,06;0,72;44,77;3,43;19,53;
2026 03 12 13:04:52:615;0,3;13;3;13,06;0,72;44,77;3,43;-3,91;
2026 03 12 13:04:52:617;0,3;13;3;13,06;0,72;44,77;3,43;-23,44;
2026 03 12 13:04:52:619;0,3;13;3;13,06;0,72;44,77;3,43;-11,72;
2026 03 12 13:04:52:621;0,3;13;3;13,06;0,72;44,77;3,43;-7,81;
2026 03 12 13:04:52:623;0,3;13;3;13,06;0,72;44,77;3,43;-3,91;
2026 03 12 13:04:52:625;0,3;13;3;13,06;0,72;44,77;3,43;-7,81;
2026 03 12 13:04:52:627;0,3;13;3;13,06;0,72;44,77;3,43;-7,81;
2026 03 12 13:04:52:629;0,3;13;3;13,06;0,72;44,77;3,43;-3,91;
2026 03 12 13:04:52:631;0,3;13;3;13,06;0,72;44,77;3,43;15,63;
2026 03 12 13:04:52:633;0,3;13;3;13,06;0,72;44,77;3,43;15,63;
2026 03 12 13:04:52:635;0,3;13;3;13,06;0,72;44,77;3,43;-3,91;
2026 03 12 13:04:52:637;0,3;13;3;13,06;0,72;44,77;3,43;-23,44;
2026 03 12 13:04:52:639;0,3;13;3;13,06;0,72;44,77;3,43;-11,72;
2026 03 12 13:04:52:641;0,3;13;3;13,06;0,72;44,77;3,43;-7,81;
2026 03 12 13:04:52:643;0,3;13;3;13,06;0,72;44,77;3,43;-3,91;
2026 03 12 13:04:52:645;0,3;13;3;13,06;0,72;44,77;3,43;-3,91;
2026 03 12 13:04:52:647;0,3;13;3;13,06;0,72;44,77;3,43;-3,91;
2026 03 12 13:04:52:649;0,3;13;3;13,06;0,72;44,77;3,43;-3,91;
2026 03 12 13:04:52:651;0,3;13;3;13,06;0,72;44,77;3,43;15,63;
2026 03 12 13:04:52:653;0,3;13;3;13,06;0,72;44,77;3,43;15,63;
2026 03 12 13:04:52:655;0,3;13;3;13,06;0,72;44,77;3,43;-7,81;
2026 03 12 13:04:52:657;0,3;13;3;13,06;0,72;44,77;3,43;-23,44;
2026 03 12 13:04:52:659;0,3;13;3;13,06;0,72;44,77;3,43;-11,72;
2026 03 12 13:04:52:661;0,3;13;3;13,06;0,72;44,77;3,43;-7,81;
2026 03 12 13:04:52:663;0,3;13;3;13,06;0,72;44,77;3,43;-3,91;
2026 03 12 13:04:52:665;0,3;13;3;13,06;0,72;44,77;3,43;-7,81;
2026 03 12 13:04:52:667;0,3;13;3;13,06;0,72;44,77;3,43;-7,81;
2026 03 12 13:04:52:669;0,3;13;3;13,06;0,72;44,77;3,43;-3,91;
2026 03 12 13:04:52:671;0,3;13;3;13,06;0,72;44,77;3,43;15,63;
2026 03 12 13:04:52:673;0,3;13;3;13,06;0,72;44,77;3,43;15,63;
2026 03 12 13:04:52:675;0,3;13;3;13,06;0,72;44,77;3,43;-3,91;
2026 03 12 13:04:52:677;0,3;13;3;13,06;0,72;44,77;3,43;-27,34;
2026 03 12 13:04:52:679;0,3;13;3;13,06;0,72;44,77;3,43;-11,72;
2026 03 12 13:04:52:681;0,3;13;3;13,06;0,72;44,77;3,43;-3,91;
2026 03 12 13:04:52:683;0,3;13;3;13,06;0,72;44,77;3,43;-7,81;
2026 03 12 13:04:52:685;0,3;13;3;13,06;0,72;44,77;3,43;-3,91;
2026 03 12 13:04:52:687;0,3;13;3;13,06;0,72;44,77;3,43;-3,91;
2026 03 12 13:04:52:689;0,3;13;3;13,06;0,72;44,77;3,43;-3,91;
2026 03 12 13:04:52:691;0,3;13;3;13,06;0,72;44,77;3,43;15,63;
2026 03 12 13:04:52:693;0,3;13;3;13,06;0,72;44,77;3,43;15,63;
2026 03 12 13:04:52:695;0,3;13;3;13,06;0,72;44,77;3,43;-3,91;
2026 03 12 13:04:52:697;0,3;13;3;13,06;0,72;44,77;3,43;-27,34;
2026 03 12 13:04:52:699;0,3;13;3;13,06;0,72;44,77;3,43;-11,72;
2026 03 12 13:04:52:701;0,3;13;3;13,06;0,72;44,77;3,43;-7,81;
2026 03 12 13:04:52:703;0,3;13;3;13,06;0,72;44,77;3,43;-7,81;
2026 03 12 13:04:52:705;0,3;13;3;13,06;0,72;44,77;3,43;-7,81;
2026 03 12 13:04:52:707;0,3;13;3;13,06;0,72;44,77;3,43;-7,81;
2026 03 12 13:04:52:709;0,3;13;3;13,06;0,72;44,77;3,43;-7,81;
2026 03 12 13:04:52:711;0,3;13;3;13,06;0,72;44,77;3,43;15,63;
2026 03 12 13:04:52:713;0,3;13;3;13,06;0,72;44,77;3,43;15,63;
2026 03 12 13:04:52:715;0,3;13;3;13,06;0,72;44,77;3,43;-3,91;
2026 03 12 13:04:52:717;0,3;13;3;13,06;0,72;44,77;3,43;-23,44;
2026 03 12 13:04:52:719;0,3;13;3;13,06;0,72;44,77;3,43;-11,72;
2026 03 12 13:04:52:721;0,3;13;3;13,06;0,72;44,77;3,43;-7,81;
2026 03 12 13:04:52:723;0,3;13;3;13,06;0,72;44,77;3,43;-7,81;
2026 03 12 13:04:52:725;0,3;13;3;13,06;0,72;44,77;3,43;-7,81;
2026 03 12 13:04:52:727;0,3;13;3;13,06;0,72;44,77;3,43;-3,91;
2026 03 12 13:04:52:729;0,3;13;3;13,06;0,72;44,77;3,43;-7,81;
2026 03 12 13:04:52:731;0,3;13;3;13,06;0,72;44,77;3,43;19,53;
2026 03 12 13:04:52:733;0,3;13;3;13,06;0,72;44,77;3,43;19,53;
2026 03 12 13:04:52:735;0,3;13;3;13,06;0,72;44,77;3,43;-7,81;
2026 03 12 13:04:52:737;0,3;13;3;13,06;0,72;44,77;3,43;-19,53;
2026 03 12 13:04:52:739;0,3;13;3;13,06;0,72;44,77;3,43;-11,72;
2026 03 12 13:04:52:741;0,3;13;3;13,06;0,72;44,77;3,43;-3,91;
2026 03 12 13:04:52:743;0,3;13;3;13,06;0,72;44,77;3,43;-7,81;
2026 03 12 13:04:52:745;0,3;13;3;13,06;0,72;44,77;3,43;-7,81;
2026 03 12 13:04:52:747;0,3;13;3;13,06;0,72;44,77;3,43;-7,81;
2026 03 12 13:04:52:749;0,3;13;3;13,06;0,72;44,77;3,43;-7,81;
2026 03 12 13:04:52:751;0,3;13;3;13,06;0,72;44,77;3,43;19,53;
2026 03 12 13:04:52:753;0,3;13;3;13,06;0,72;44,77;3,43;23,44;
2026 03 12 13:04:52:755;0,3;13;3;13,06;0,72;44,77;3,43;-3,91;
2026 03 12 13:04:52:757;0,3;13;3;13,06;0,72;44,77;3,43;-19,53;
2026 03 12 13:04:52:759;0,3;13;3;13,06;0,72;44,77;3,43;-11,72;
2026 03 12 13:04:52:761;0,3;13;3;13,06;0,72;44,77;3,43;-7,81;
2026 03 12 13:04:52:763;0,3;13;3;13,06;0,72;44,77;3,43;-7,81;
2026 03 12 13:04:52:765;0,3;13;3;13,06;0,72;44,77;3,43;-7,81;
2026 03 12 13:04:52:767;0,3;13;3;13,06;0,72;44,77;3,43;-7,81;
2026 03 12 13:04:52:769;0,3;13;3;13,06;0,72;44,77;3,43;-7,81;
2026 03 12 13:04:52:771;0,3;13;3;13,06;0,72;44,77;3,43;19,53;
2026 03 12 13:04:52:773;0,3;13;3;13,06;0,72;44,77;3,43;19,53;
2026 03 12 13:04:52:775;0,3;13;3;13,06;0,72;44,77;3,43;-3,91;
2026 03 12 13:04:52:777;0,3;13;3;13,06;0,72;44,77;3,43;-23,44;
2026 03 12 13:04:52:779;0,3;13;3;13,06;0,72;44,77;3,43;-11,72;
2026 03 12 13:04:52:781;0,3;13;3;13,06;0,72;44,77;3,43;-7,81;
2026 03 12 13:04:52:783;0,3;13;3;13,06;0,72;44,77;3,43;-7,81;
2026 03 12 13:04:52:785;0,3;13;3;13,06;0,72;44,77;3,43;-7,81;
2026 03 12 13:04:52:787;0,3;13;3;13,06;0,72;44,77;3,43;-3,91;
2026 03 12 13:04:52:789;0,3;13;3;13,06;0,72;44,77;3,43;-7,81;
2026 03 12 13:04:52:791;0,3;13;3;13,06;0,72;44,77;3,43;15,63;
2026 03 12 13:04:52:793;0,3;13;3;13,06;0,72;44,77;3,43;15,63;
2026 03 12 13:04:52:795;0,3;13;3;13,06;0,72;44,77;3,43;-3,91;
2026 03 12 13:04:52:797;0,3;13;3;13,06;0,72;44,77;3,43;-23,44;
2026 03 12 13:04:52:799;0,3;13;3;13,06;0,72;44,77;3,43;-11,72;
2026 03 12 13:04:52:801;0,3;13;3;13,06;0,72;44,77;3,43;-7,81;
2026 03 12 13:04:52:803;0,3;13;3;13,06;0,72;44,77;3,43;-7,81;
2026 03 12 13:04:52:805;0,3;13;3;13,06;0,72;44,77;3,43;-3,91;
2026 03 12 13:04:52:807;0,3;13;3;13,06;0,72;44,77;3,43;-7,81;
2026 03 12 13:04:52:809;0,3;13;3;13,06;0,72;44,77;3,43;-7,81;
2026 03 12 13:04:52:811;0,3;13;3;13,06;0,72;44,77;3,43;19,53;
2026 03 12 13:04:52:813;0,3;13;3;13,06;0,72;44,77;3,43;11,72;
2026 03 12 13:04:52:815;0,3;13;3;13,06;0,72;44,77;3,43;-3,91;
2026 03 12 13:04:52:817;0,3;13;3;13,06;0,72;44,77;3,43;-19,53;
2026 03 12 13:04:52:819;0,3;13;3;13,06;0,72;44,77;3,43;-11,72;
2026 03 12 13:04:52:821;0,3;13;3;13,06;0,72;44,77;3,43;-7,81;
2026 03 12 13:04:52:823;0,3;13;3;13,06;0,72;44,77;3,43;-7,81;
2026 03 12 13:04:52:825;0,3;13;3;13,06;0,72;44,77;3,43;-7,81;
2026 03 12 13:04:52:827;0,3;13;3;13,06;0,72;44,77;3,43;-3,91;
2026 03 12 13:04:52:829;0,3;13;3;13,06;0,72;44,77;3,43;-7,81;
2026 03 12 13:04:52:831;0,3;13;3;13,06;0,72;44,77;3,43;15,63;
2026 03 12 13:04:52:833;0,3;13;3;13,06;0,72;44,77;3,43;15,63;
2026 03 12 13:04:52:835;0,3;13;3;13,06;0,72;44,77;3,43;-3,91;
2026 03 12 13:04:52:837;0,3;13;3;13,06;0,72;44,77;3,43;-23,44;
2026 03 12 13:04:52:839;0,3;13;3;13,06;0,72;44,77;3,43;-11,72;
2026 03 12 13:04:52:841;0,3;13;3;13,06;0,72;44,77;3,43;-7,81;
2026 03 12 13:04:52:843;0,3;13;3;13,06;0,72;44,77;3,43;-7,81;
2026 03 12 13:04:52:845;0,3;13;3;13,06;0,72;44,77;3,43;-7,81;
2026 03 12 13:04:52:847;0,3;13;3;13,06;0,72;44,77;3,43;-7,81;
2026 03 12 13:04:52:849;0,3;13;3;13,06;0,72;44,77;3,43;-3,91;
2026 03 12 13:04:52:851;0,3;13;3;13,06;0,72;44,77;3,43;15,63;
2026 03 12 13:04:52:853;0,3;13;3;13,06;0,72;44,77;3,43;15,63;
2026 03 12 13:04:52:855;0,3;13;3;13,06;0,72;44,77;3,43;-3,91;
2026 03 12 13:04:52:857;0,3;13;3;13,06;0,72;44,77;3,43;-23,44;
2026 03 12 13:04:52:859;0,3;13;3;13,06;0,72;44,77;3,43;-11,72;
2026 03 12 13:04:52:861;0,3;13;3;13,06;0,72;44,77;3,43;-3,91;
2026 03 12 13:04:52:863;0,3;13;3;13,06;0,72;44,77;3,43;-7,81;
2026 03 12 13:04:52:865;0,3;13;3;13,06;0,72;44,77;3,43;-7,81;
2026 03 12 13:04:52:867;0,3;13;3;13,06;0,72;44,77;3,43;-3,91;
2026 03 12 13:04:52:869;0,3;13;3;13,06;0,72;44,77;3,43;-7,81;
2026 03 12 13:04:52:871;0,3;13;3;13,06;0,72;44,77;3,43;19,53;
2026 03 12 13:04:52:873;0,3;13;3;13,06;0,72;44,77;3,43;19,53;
2026 03 12 13:04:52:875;0,3;13;3;13,06;0,72;44,77;3,43;-3,91;
2026 03 12 13:04:52:877;0,3;13;3;13,06;0,72;44,77;3,43;-23,44;
2026 03 12 13:04:52:879;0,3;13;3;13,06;0,72;44,77;3,43;-11,72;
2026 03 12 13:04:52:881;0,3;13;3;13,06;0,72;44,77;3,43;-7,81;
2026 03 12 13:04:52:883;0,3;13;3;13,06;0,72;44,77;3,43;-3,91;
2026 03 12 13:04:52:885;0,3;13;3;13,06;0,72;44,77;3,43;-7,81;
2026 03 12 13:04:52:887;0,3;13;3;13,06;0,72;44,77;3,43;-7,81;
2026 03 12 13:04:52:889;0,3;13;3;13,06;0,72;44,77;3,43;-3,91;
2026 03 12 13:04:52:891;0,3;13;3;13,06;0,72;44,77;3,43;19,53;
2026 03 12 13:04:52:893;0,3;13;3;13,06;0,72;44,77;3,43;15,63;
2026 03 12 13:04:52:895;0,3;13;3;13,06;0,72;44,77;3,43;-3,91;
2026 03 12 13:04:52:897;0,3;13;3;13,06;0,72;44,77;3,43;-27,34;
2026 03 12 13:04:52:899;0,3;13;3;13,06;0,72;44,77;3,43;-11,72;
2026 03 12 13:04:52:901;0,3;13;3;13,06;0,72;44,77;3,43;-3,91;
2026 03 12 13:04:52:903;0,3;13;3;13,06;0,72;44,77;3,43;-3,91;
2026 03 12 13:04:52:905;0,3;13;3;13,06;0,72;44,77;3,43;-7,81;
2026 03 12 13:04:52:907;0,3;13;3;13,06;0,72;44,77;3,43;-3,91;
2026 03 12 13:04:52:909;0,3;13;3;13,06;0,72;44,77;3,43;-7,81;
2026 03 12 13:04:52:911;0,3;13;2;13,05;0,71;43,06;3,3;15,63;
2026 03 12 13:04:52:913;0,3;13;2;13,05;0,71;43,06;3,3;15,63;
2026 03 12 13:04:52:915;0,3;13;2;13,05;0,71;43,06;3,3;-3,91;
2026 03 12 13:04:52:917;0,3;13;2;13,05;0,71;43,06;3,3;-27,34;
2026 03 12 13:04:52:919;0,3;13;2;13,05;0,71;43,06;3,3;-11,72;
2026 03 12 13:04:52:921;0,3;13;2;13,05;0,71;43,06;3,3;-7,81;
2026 03 12 13:04:52:923;0,3;13;2;13,05;0,71;43,06;3,3;-3,91;
2026 03 12 13:04:52:925;0,3;13;2;13,05;0,71;43,06;3,3;-7,81;
2026 03 12 13:04:52:927;0,3;13;2;13,05;0,71;43,06;3,3;-3,91;
2026 03 12 13:04:52:929;0,3;13;2;13,05;0,71;43,06;3,3;-7,81;
2026 03 12 13:04:52:931;0,3;13;2;13,05;0,71;43,06;3,3;15,63;
2026 03 12 13:04:52:933;0,3;13;2;13,05;0,71;43,06;3,3;15,63;
2026 03 12 13:04:52:935;0,3;13;2;13,05;0,71;43,06;3,3;-3,91;
2026 03 12 13:04:52:937;0,3;13;2;13,05;0,71;43,06;3,3;-31,25;
2026 03 12 13:04:52:939;0,3;13;2;13,05;0,71;43,06;3,3;-11,72;
2026 03 12 13:04:52:941;0,3;13;2;13,05;0,71;43,06;3,3;-3,91;
2026 03 12 13:04:52:943;0,3;13;2;13,05;0,71;43,06;3,3;-7,81;
2026 03 12 13:04:52:945;0,3;13;2;13,05;0,71;43,06;3,3;-3,91;
2026 03 12 13:04:52:947;0,3;13;2;13,05;0,71;43,06;3,3;-3,91;
2026 03 12 13:04:52:949;0,3;13;2;13,05;0,71;43,06;3,3;-3,91;
2026 03 12 13:04:52:951;0,3;13;2;13,05;0,71;43,06;3,3;19,53;
2026 03 12 13:04:52:953;0,3;13;2;13,05;0,71;43,06;3,3;15,63;
2026 03 12 13:04:52:955;0,3;13;2;13,05;0,71;43,06;3,3;-7,81;
2026 03 12 13:04:52:957;0,3;13;2;13,05;0,71;43,06;3,3;-31,25;
2026 03 12 13:04:52:959;0,3;13;2;13,05;0,71;43,06;3,3;-11,72;
2026 03 12 13:04:52:961;0,3;13;2;13,05;0,71;43,06;3,3;-7,81;
2026 03 12 13:04:52:963;0,3;13;2;13,05;0,71;43,06;3,3;-3,91;
2026 03 12 13:04:52:965;0,3;13;2;13,05;0,71;43,06;3,3;-7,81;
2026 03 12 13:04:52:967;0,3;13;2;13,05;0,71;43,06;3,3;-7,81;
2026 03 12 13:04:52:969;0,3;13;2;13,05;0,71;43,06;3,3;-3,91;
2026 03 12 13:04:52:971;0,3;13;2;13,05;0,71;43,06;3,3;15,63;
2026 03 12 13:04:52:973;0,3;13;2;13,05;0,71;43,06;3,3;15,63;
2026 03 12 13:04:52:975;0,3;13;2;13,05;0,71;43,06;3,3;-7,81;
2026 03 12 13:04:52:977;0,3;13;2;13,05;0,71;43,06;3,3;-31,25;
2026 03 12 13:04:52:979;0,3;13;2;13,05;0,71;43,06;3,3;-11,72;
2026 03 12 13:04:52:981;0,3;13;2;13,05;0,71;43,06;3,3;-7,81;
2026 03 12 13:04:52:983;0,3;13;2;13,05;0,71;43,06;3,3;-3,91;
2026 03 12 13:04:52:985;0,3;13;2;13,05;0,71;43,06;3,3;-7,81;
2026 03 12 13:04:52:987;0,3;13;2;13,05;0,71;43,06;3,3;-7,81;
2026 03 12 13:04:52:989;0,3;13;2;13,05;0,71;43,06;3,3;-7,81;
2026 03 12 13:04:52:991;0,3;13;2;13,05;0,71;43,06;3,3;19,53;
2026 03 12 13:04:52:993;0,3;13;2;13,05;0,71;43,06;3,3;19,53;
2026 03 12 13:04:52:995;0,3;13;2;13,05;0,71;43,06;3,3;-3,91;
2026 03 12 13:04:52:997;0,3;13;2;13,05;0,71;43,06;3,3;-23,44;
2026 03 12 13:04:52:999;0,3;13;2;13,05;0,71;43,06;3,3;-11,72;
2026 03 12 13:04:53:001;0,3;13;2;13,05;0,71;43,06;3,3;-7,81;
2026 03 12 13:04:53:003;0,3;13;2;13,05;0,71;43,06;3,3;-3,91;
2026 03 12 13:04:53:005;0,3;13;2;13,05;0,71;43,06;3,3;-7,81;
2026 03 12 13:04:53:007;0,3;13;2;13,05;0,71;43,06;3,3;-3,91;
2026 03 12 13:04:53:009;0,3;13;2;13,05;0,71;43,06;3,3;-7,81;
2026 03 12 13:04:53:011;0,3;13;2;13,05;0,71;43,06;3,3;15,63;
2026 03 12 13:04:53:013;0,3;13;2;13,05;0,71;43,06;3,3;23,44;
2026 03 12 13:04:53:015;0,3;13;2;13,05;0,71;43,06;3,3;-3,91;
2026 03 12 13:04:53:017;0,3;13;2;13,05;0,71;43,06;3,3;-23,44;
2026 03 12 13:04:53:019;0,3;13;2;13,05;0,71;43,06;3,3;-11,72;
2026 03 12 13:04:53:021;0,3;13;2;13,05;0,71;43,06;3,3;-7,81;
2026 03 12 13:04:53:023;0,3;13;2;13,05;0,71;43,06;3,3;-7,81;
2026 03 12 13:04:53:025;0,3;13;2;13,05;0,71;43,06;3,3;-3,91;
2026 03 12 13:04:53:027;0,3;13;2;13,05;0,71;43,06;3,3;-3,91;
2026 03 12 13:04:53:029;0,3;13;2;13,05;0,71;43,06;3,3;-7,81;
2026 03 12 13:04:53:031;0,3;13;2;13,05;0,71;43,06;3,3;19,53;
2026 03 12 13:04:53:033;0,3;13;2;13,05;0,71;43,06;3,3;19,53;
2026 03 12 13:04:53:035;0,3;13;2;13,05;0,71;43,06;3,3;-3,91;
2026 03 12 13:04:53:037;0,3;13;2;13,05;0,71;43,06;3,3;-23,44;
2026 03 12 13:04:53:039;0,3;13;2;13,05;0,71;43,06;3,3;-11,72;
2026 03 12 13:04:53:041;0,3;13;2;13,05;0,71;43,06;3,3;-7,81;
2026 03 12 13:04:53:043;0,3;13;2;13,05;0,71;43,06;3,3;-3,91;
2026 03 12 13:04:53:045;0,3;13;2;13,05;0,71;43,06;3,3;-7,81;
2026 03 12 13:04:53:047;0,3;13;2;13,05;0,71;43,06;3,3;-7,81;
2026 03 12 13:04:53:049;0,3;13;2;13,05;0,71;43,06;3,3;-3,91;
2026 03 12 13:04:53:051;0,3;13;2;13,05;0,71;43,06;3,3;15,63;
2026 03 12 13:04:53:053;0,3;13;2;13,05;0,71;43,06;3,3;15,63;
2026 03 12 13:04:53:055;0,3;13;2;13,05;0,71;43,06;3,3;-3,91;
2026 03 12 13:04:53:057;0,3;13;2;13,05;0,71;43,06;3,3;-23,44;
2026 03 12 13:04:53:059;0,3;13;2;13,05;0,71;43,06;3,3;-11,72;
2026 03 12 13:04:53:061;0,3;13;2;13,05;0,71;43,06;3,3;-7,81;
2026 03 12 13:04:53:063;0,3;13;2;13,05;0,71;43,06;3,3;-7,81;
2026 03 12 13:04:53:065;0,3;13;2;13,05;0,71;43,06;3,3;-7,81;
2026 03 12 13:04:53:067;0,3;13;2;13,05;0,71;43,06;3,3;-3,91;
2026 03 12 13:04:53:069;0,3;13;2;13,05;0,71;43,06;3,3;-3,91;
2026 03 12 13:04:53:071;0,3;13;2;13,05;0,71;43,06;3,3;15,63;
2026 03 12 13:04:53:073;0,3;13;2;13,05;0,71;43,06;3,3;15,63;
2026 03 12 13:04:53:075;0,3;13;2;13,05;0,71;43,06;3,3;-3,91;
2026 03 12 13:04:53:077;0,3;13;2;13,05;0,71;43,06;3,3;-27,34;
2026 03 12 13:04:53:079;0,3;13;2;13,05;0,71;43,06;3,3;-11,72;
2026 03 12 13:04:53:081;0,3;13;2;13,05;0,71;43,06;3,3;-3,91;
2026 03 12 13:04:53:083;0,3;13;2;13,05;0,71;43,06;3,3;-3,91;
2026 03 12 13:04:53:085;0,3;13;2;13,05;0,71;43,06;3,3;-7,81;
2026 03 12 13:04:53:087;0,3;13;2;13,05;0,71;43,06;3,3;-7,81;
2026 03 12 13:04:53:089;0,3;13;2;13,05;0,71;43,06;3,3;-7,81;
2026 03 12 13:04:53:091;0,3;13;2;13,05;0,71;43,06;3,3;15,63;
2026 03 12 13:04:53:093;0,3;13;2;13,05;0,71;43,06;3,3;11,72;
2026 03 12 13:04:53:095;0,3;13;2;13,05;0,71;43,06;3,3;-3,91;
2026 03 12 13:04:53:097;0,3;13;2;13,05;0,71;43,06;3,3;-27,34;
2026 03 12 13:04:53:099;0,3;13;2;13,05;0,71;43,06;3,3;-11,72;
2026 03 12 13:04:53:101;0,3;13;2;13,05;0,71;43,06;3,3;-7,81;
2026 03 12 13:04:53:103;0,3;13;2;13,05;0,71;43,06;3,3;-7,81;
2026 03 12 13:04:53:105;0,3;13;2;13,05;0,71;43,06;3,3;-7,81;
2026 03 12 13:04:53:107;0,3;13;2;13,05;0,71;43,06;3,3;-7,81;
2026 03 12 13:04:53:109;0,3;13;2;13,05;0,71;43,06;3,3;-7,81;
2026 03 12 13:04:53:111;0,3;13;2;13,05;0,71;43,06;3,3;15,63;
2026 03 12 13:04:53:113;0,3;13;2;13,05;0,71;43,06;3,3;15,63;
2026 03 12 13:04:53:115;0,3;13;2;13,05;0,71;43,06;3,3;-3,91;
2026 03 12 13:04:53:117;0,3;13;2;13,05;0,71;43,06;3,3;-19,53;
2026 03 12 13:04:53:119;0,3;13;2;13,05;0,71;43,06;3,3;-11,72;
2026 03 12 13:04:53:121;0,3;13;2;13,05;0,71;43,06;3,3;-7,81;
2026 03 12 13:04:53:123;0,3;13;2;13,05;0,71;43,06;3,3;-3,91;
2026 03 12 13:04:53:125;0,3;13;2;13,05;0,71;43,06;3,3;-7,81;
2026 03 12 13:04:53:127;0,3;13;2;13,05;0,71;43,06;3,3;-3,91;
2026 03 12 13:04:53:129;0,3;13;2;13,05;0,71;43,06;3,3;-3,91;
2026 03 12 13:04:53:131;0,3;13;2;13,05;0,71;43,06;3,3;15,63;
2026 03 12 13:04:53:133;0,3;13;2;13,05;0,71;43,06;3,3;15,63;
2026 03 12 13:04:53:135;0,3;13;2;13,05;0,71;43,06;3,3;-3,91;
2026 03 12 13:04:53:137;0,3;13;2;13,05;0,71;43,06;3,3;-23,44;
2026 03 12 13:04:53:139;0,3;13;2;13,05;0,71;43,06;3,3;-11,72;
2026 03 12 13:04:53:141;0,3;13;2;13,05;0,71;43,06;3,3;-7,81;
2026 03 12 13:04:53:143;0,3;13;2;13,05;0,71;43,06;3,3;-3,91;
2026 03 12 13:04:53:145;0,3;13;2;13,05;0,71;43,06;3,3;-7,81;
2026 03 12 13:04:53:147;0,3;13;2;13,05;0,71;43,06;3,3;-7,81;
2026 03 12 13:04:53:149;0,3;13;2;13,05;0,71;43,06;3,3;-7,81;
2026 03 12 13:04:53:151;0,3;13;2;13,05;0,71;43,06;3,3;15,63;
2026 03 12 13:04:53:153;0,3;13;2;13,05;0,71;43,06;3,3;15,63;
2026 03 12 13:04:53:155;0,3;13;2;13,05;0,71;43,06;3,3;-3,91;
2026 03 12 13:04:53:157;0,3;13;2;13,05;0,71;43,06;3,3;-19,53;
2026 03 12 13:04:53:159;0,3;13;2;13,05;0,71;43,06;3,3;-11,72;
2026 03 12 13:04:53:161;0,3;13;2;13,05;0,71;43,06;3,3;-3,91;
2026 03 12 13:04:53:163;0,3;13;2;13,05;0,71;43,06;3,3;-3,91;
2026 03 12 13:04:53:165;0,3;13;2;13,05;0,71;43,06;3,3;-7,81;
2026 03 12 13:04:53:167;0,3;13;2;13,05;0,71;43,06;3,3;-3,91;
2026 03 12 13:04:53:169;0,3;13;2;13,05;0,71;43,06;3,3;-7,81;
2026 03 12 13:04:53:171;0,3;13;2;13,05;0,71;43,06;3,3;15,63;
2026 03 12 13:04:53:173;0,3;13;2;13,05;0,71;43,06;3,3;19,53;
2026 03 12 13:04:53:175;0,3;13;2;13,05;0,71;43,06;3,3;-3,91;
2026 03 12 13:04:53:177;0,3;13;2;13,05;0,71;43,06;3,3;-23,44;
2026 03 12 13:04:53:179;0,3;13;2;13,05;0,71;43,06;3,3;-7,81;
2026 03 12 13:04:53:181;0,3;13;2;13,05;0,71;43,06;3,3;-7,81;
2026 03 12 13:04:53:183;0,3;13;2;13,05;0,71;43,06;3,3;-3,91;
2026 03 12 13:04:53:185;0,3;13;2;13,05;0,71;43,06;3,3;-7,81;
2026 03 12 13:04:53:187;0,3;13;2;13,05;0,71;43,06;3,3;-7,81;
2026 03 12 13:04:53:189;0,3;13;2;13,05;0,71;43,06;3,3;-7,81;
2026 03 12 13:04:53:191;0,3;13;2;13,05;0,71;43,06;3,3;15,63;
2026 03 12 13:04:53:193;0,3;13;2;13,05;0,71;43,06;3,3;15,63;
2026 03 12 13:04:53:195;0,3;13;2;13,05;0,71;43,06;3,3;-3,91;
2026 03 12 13:04:53:197;0,3;13;2;13,05;0,71;43,06;3,3;-23,44;
2026 03 12 13:04:53:199;0,3;13;2;13,05;0,71;43,06;3,3;-11,72;
2026 03 12 13:04:53:201;0,3;13;2;13,05;0,71;43,06;3,3;-3,91;
2026 03 12 13:04:53:203;0,3;13;2;13,05;0,71;43,06;3,3;-7,81;
2026 03 12 13:04:53:205;0,3;13;2;13,05;0,71;43,06;3,3;-3,91;
2026 03 12 13:04:53:207;0,3;13;2;13,05;0,71;43,06;3,3;-3,91;
2026 03 12 13:04:53:209;0,3;13;2;13,05;0,71;43,06;3,3;-7,81;
2026 03 12 13:04:53:211;0,3;13;2;13,06;0,71;42,83;3,28;19,53;
2026 03 12 13:04:53:213;0,3;13;2;13,06;0,71;42,83;3,28;15,63;
2026 03 12 13:04:53:215;0,3;13;2;13,06;0,71;42,83;3,28;-7,81;
2026 03 12 13:04:53:217;0,3;13;2;13,06;0,71;42,83;3,28;-23,44;
2026 03 12 13:04:53:219;0,3;13;2;13,06;0,71;42,83;3,28;-11,72;
2026 03 12 13:04:53:221;0,3;13;2;13,06;0,71;42,83;3,28;-7,81;
2026 03 12 13:04:53:223;0,3;13;2;13,06;0,71;42,83;3,28;-3,91;
2026 03 12 13:04:53:225;0,3;13;2;13,06;0,71;42,83;3,28;-7,81;
2026 03 12 13:04:53:227;0,3;13;2;13,06;0,71;42,83;3,28;-3,91;
2026 03 12 13:04:53:229;0,3;13;2;13,06;0,71;42,83;3,28;-3,91;
2026 03 12 13:04:53:231;0,3;13;2;13,06;0,71;42,83;3,28;19,53;
2026 03 12 13:04:53:233;0,3;13;2;13,06;0,71;42,83;3,28;11,72;
2026 03 12 13:04:53:235;0,3;13;2;13,06;0,71;42,83;3,28;-3,91;
2026 03 12 13:04:53:237;0,3;13;2;13,06;0,71;42,83;3,28;-27,34;
2026 03 12 13:04:53:239;0,3;13;2;13,06;0,71;42,83;3,28;-11,72;
2026 03 12 13:04:53:241;0,3;13;2;13,06;0,71;42,83;3,28;-7,81;
2026 03 12 13:04:53:243;0,3;13;2;13,06;0,71;42,83;3,28;-3,91;
2026 03 12 13:04:53:245;0,3;13;2;13,06;0,71;42,83;3,28;-7,81;
2026 03 12 13:04:53:247;0,3;13;2;13,06;0,71;42,83;3,28;-3,91;
2026 03 12 13:04:53:249;0,3;13;2;13,06;0,71;42,83;3,28;-7,81;
2026 03 12 13:04:53:251;0,3;13;2;13,06;0,71;42,83;3,28;19,53;
2026 03 12 13:04:53:253;0,3;13;2;13,06;0,71;42,83;3,28;15,63;
2026 03 12 13:04:53:255;0,3;13;2;13,06;0,71;42,83;3,28;-3,91;
2026 03 12 13:04:53:257;0,3;13;2;13,06;0,71;42,83;3,28;-23,44;
2026 03 12 13:04:53:259;0,3;13;2;13,06;0,71;42,83;3,28;-11,72;
2026 03 12 13:04:53:261;0,3;13;2;13,06;0,71;42,83;3,28;-7,81;
2026 03 12 13:04:53:263;0,3;13;2;13,06;0,71;42,83;3,28;-7,81;
2026 03 12 13:04:53:265;0,3;13;2;13,06;0,71;42,83;3,28;-3,91;
2026 03 12 13:04:53:267;0,3;13;2;13,06;0,71;42,83;3,28;-7,81;
2026 03 12 13:04:53:269;0,3;13;2;13,06;0,71;42,83;3,28;-7,81;
2026 03 12 13:04:53:271;0,3;13;2;13,06;0,71;42,83;3,28;15,63;
2026 03 12 13:04:53:273;0,3;13;2;13,06;0,71;42,83;3,28;19,53;
2026 03 12 13:04:53:275;0,3;13;2;13,06;0,71;42,83;3,28;-3,91;
2026 03 12 13:04:53:277;0,3;13;2;13,06;0,71;42,83;3,28;-19,53;
2026 03 12 13:04:53:279;0,3;13;2;13,06;0,71;42,83;3,28;-11,72;
2026 03 12 13:04:53:281;0,3;13;2;13,06;0,71;42,83;3,28;-7,81;
2026 03 12 13:04:53:283;0,3;13;2;13,06;0,71;42,83;3,28;-7,81;
2026 03 12 13:04:53:285;0,3;13;2;13,06;0,71;42,83;3,28;-7,81;
2026 03 12 13:04:53:287;0,3;13;2;13,06;0,71;42,83;3,28;-7,81;
2026 03 12 13:04:53:289;0,3;13;2;13,06;0,71;42,83;3,28;-7,81;
2026 03 12 13:04:53:291;0,3;13;2;13,06;0,71;42,83;3,28;19,53;
2026 03 12 13:04:53:293;0,3;13;2;13,06;0,71;42,83;3,28;19,53;
2026 03 12 13:04:53:295;0,3;13;2;13,06;0,71;42,83;3,28;-3,91;
2026 03 12 13:04:53:297;0,3;13;2;13,06;0,71;42,83;3,28;-19,53;
2026 03 12 13:04:53:299;0,3;13;2;13,06;0,71;42,83;3,28;-11,72;
2026 03 12 13:04:53:301;0,3;13;2;13,06;0,71;42,83;3,28;-7,81;
2026 03 12 13:04:53:303;0,3;13;2;13,06;0,71;42,83;3,28;-7,81;
2026 03 12 13:04:53:305;0,3;13;2;13,06;0,71;42,83;3,28;-3,91;
2026 03 12 13:04:53:307;0,3;13;2;13,06;0,71;42,83;3,28;-7,81;
2026 03 12 13:04:53:309;0,3;13;2;13,06;0,71;42,83;3,28;-7,81;
2026 03 12 13:04:53:311;0,3;13;2;13,06;0,71;42,83;3,28;19,53;
2026 03 12 13:04:53:313;0,3;13;2;13,06;0,71;42,83;3,28;19,53;
2026 03 12 13:04:53:315;0,3;13;2;13,06;0,71;42,83;3,28;-7,81;
2026 03 12 13:04:53:317;0,3;13;2;13,06;0,71;42,83;3,28;-19,53;
2026 03 12 13:04:53:319;0,3;13;2;13,06;0,71;42,83;3,28;-11,72;
2026 03 12 13:04:53:321;0,3;13;2;13,06;0,71;42,83;3,28;-7,81;
2026 03 12 13:04:53:323;0,3;13;2;13,06;0,71;42,83;3,28;-3,91;
2026 03 12 13:04:53:325;0,3;13;2;13,06;0,71;42,83;3,28;-7,81;
2026 03 12 13:04:53:327;0,3;13;2;13,06;0,71;42,83;3,28;-3,91;
2026 03 12 13:04:53:329;0,3;13;2;13,06;0,71;42,83;3,28;-7,81;
2026 03 12 13:04:53:331;0,3;13;2;13,06;0,71;42,83;3,28;19,53;
2026 03 12 13:04:53:333;0,3;13;2;13,06;0,71;42,83;3,28;15,63;
2026 03 12 13:04:53:335;0,3;13;2;13,06;0,71;42,83;3,28;-3,91;
2026 03 12 13:04:53:337;0,3;13;2;13,06;0,71;42,83;3,28;-19,53;
2026 03 12 13:04:53:339;0,3;13;2;13,06;0,71;42,83;3,28;-11,72;
2026 03 12 13:04:53:341;0,3;13;2;13,06;0,71;42,83;3,28;-7,81;
2026 03 12 13:04:53:343;0,3;13;2;13,06;0,71;42,83;3,28;-7,81;
2026 03 12 13:04:53:345;0,3;13;2;13,06;0,71;42,83;3,28;-7,81;
2026 03 12 13:04:53:347;0,3;13;2;13,06;0,71;42,83;3,28;-3,91;
2026 03 12 13:04:53:349;0,3;13;2;13,06;0,71;42,83;3,28;-7,81;
2026 03 12 13:04:53:351;0,3;13;2;13,06;0,71;42,83;3,28;15,63;
2026 03 12 13:04:53:353;0,3;13;2;13,06;0,71;42,83;3,28;11,72;
2026 03 12 13:04:53:355;0,3;13;2;13,06;0,71;42,83;3,28;-3,91;
2026 03 12 13:04:53:357;0,3;13;2;13,06;0,71;42,83;3,28;-19,53;
2026 03 12 13:04:53:359;0,3;13;2;13,06;0,71;42,83;3,28;-11,72;
2026 03 12 13:04:53:361;0,3;13;2;13,06;0,71;42,83;3,28;-3,91;
2026 03 12 13:04:53:363;0,3;13;2;13,06;0,71;42,83;3,28;-3,91;
2026 03 12 13:04:53:365;0,3;13;2;13,06;0,71;42,83;3,28;-7,81;
2026 03 12 13:04:53:367;0,3;13;2;13,06;0,71;42,83;3,28;-3,91;
2026 03 12 13:04:53:369;0,3;13;2;13,06;0,71;42,83;3,28;-7,81;
2026 03 12 13:04:53:371;0,3;13;2;13,06;0,71;42,83;3,28;15,63;
2026 03 12 13:04:53:373;0,3;13;2;13,06;0,71;42,83;3,28;11,72;
2026 03 12 13:04:53:375;0,3;13;2;13,06;0,71;42,83;3,28;-3,91;
2026 03 12 13:04:53:377;0,3;13;2;13,06;0,71;42,83;3,28;-19,53;
2026 03 12 13:04:53:379;0,3;13;2;13,06;0,71;42,83;3,28;-11,72;
2026 03 12 13:04:53:381;0,3;13;2;13,06;0,71;42,83;3,28;-7,81;
2026 03 12 13:04:53:383;0,3;13;2;13,06;0,71;42,83;3,28;-7,81;
2026 03 12 13:04:53:385;0,3;13;2;13,06;0,71;42,83;3,28;-7,81;
2026 03 12 13:04:53:387;0,3;13;2;13,06;0,71;42,83;3,28;-3,91;
2026 03 12 13:04:53:389;0,3;13;2;13,06;0,71;42,83;3,28;-7,81;
2026 03 12 13:04:53:391;0,3;13;2;13,06;0,71;42,83;3,28;15,63;
2026 03 12 13:04:53:393;0,3;13;2;13,06;0,71;42,83;3,28;11,72;
2026 03 12 13:04:53:395;0,3;13;2;13,06;0,71;42,83;3,28;-3,91;
2026 03 12 13:04:53:397;0,3;13;2;13,06;0,71;42,83;3,28;-19,53;
2026 03 12 13:04:53:399;0,3;13;2;13,06;0,71;42,83;3,28;-11,72;
2026 03 12 13:04:53:401;0,3;13;2;13,06;0,71;42,83;3,28;-7,81;
2026 03 12 13:04:53:403;0,3;13;2;13,06;0,71;42,83;3,28;-7,81;
2026 03 12 13:04:53:405;0,3;13;2;13,06;0,71;42,83;3,28;-7,81;
2026 03 12 13:04:53:407;0,3;13;2;13,06;0,71;42,83;3,28;-3,91;
2026 03 12 13:04:53:409;0,3;13;2;13,06;0,71;42,83;3,28;-7,81;
2026 03 12 13:04:53:411;0,3;13;2;13,06;0,71;42,83;3,28;19,53;
2026 03 12 13:04:53:413;0,3;13;2;13,06;0,71;42,83;3,28;15,63;
2026 03 12 13:04:53:415;0,3;13;2;13,06;0,71;42,83;3,28;-7,81;
2026 03 12 13:04:53:417;0,3;13;2;13,06;0,71;42,83;3,28;-23,44;
2026 03 12 13:04:53:419;0,3;13;2;13,06;0,71;42,83;3,28;-11,72;
2026 03 12 13:04:53:421;0,3;13;2;13,06;0,71;42,83;3,28;-7,81;
2026 03 12 13:04:53:423;0,3;13;2;13,06;0,71;42,83;3,28;-3,91;
2026 03 12 13:04:53:425;0,3;13;2;13,06;0,71;42,83;3,28;-7,81;
2026 03 12 13:04:53:427;0,3;13;2;13,06;0,71;42,83;3,28;-3,91;
2026 03 12 13:04:53:429;0,3;13;2;13,06;0,71;42,83;3,28;-3,91;
2026 03 12 13:04:53:431;0,3;13;2;13,06;0,71;42,83;3,28;19,53;
2026 03 12 13:04:53:433;0,3;13;2;13,06;0,71;42,83;3,28;11,72;
2026 03 12 13:04:53:435;0,3;13;2;13,06;0,71;42,83;3,28;-3,91;
2026 03 12 13:04:53:437;0,3;13;2;13,06;0,71;42,83;3,28;-23,44;
2026 03 12 13:04:53:439;0,3;13;2;13,06;0,71;42,83;3,28;-11,72;
2026 03 12 13:04:53:441;0,3;13;2;13,06;0,71;42,83;3,28;-3,91;
2026 03 12 13:04:53:443;0,3;13;2;13,06;0,71;42,83;3,28;-7,81;
2026 03 12 13:04:53:445;0,3;13;2;13,06;0,71;42,83;3,28;-3,91;
2026 03 12 13:04:53:447;0,3;13;2;13,06;0,71;42,83;3,28;-7,81;
2026 03 12 13:04:53:449;0,3;13;2;13,06;0,71;42,83;3,28;-7,81;
2026 03 12 13:04:53:451;0,3;13;2;13,06;0,71;42,83;3,28;19,53;
2026 03 12 13:04:53:453;0,3;13;2;13,06;0,71;42,83;3,28;11,72;
2026 03 12 13:04:53:455;0,3;13;2;13,06;0,71;42,83;3,28;-3,91;
2026 03 12 13:04:53:457;0,3;13;2;13,06;0,71;42,83;3,28;-23,44;
2026 03 12 13:04:53:459;0,3;13;2;13,06;0,71;42,83;3,28;-11,72;
2026 03 12 13:04:53:461;0,3;13;2;13,06;0,71;42,83;3,28;-7,81;
2026 03 12 13:04:53:463;0,3;13;2;13,06;0,71;42,83;3,28;-3,91;
2026 03 12 13:04:53:465;0,3;13;2;13,06;0,71;42,83;3,28;-7,81;
2026 03 12 13:04:53:467;0,3;13;2;13,06;0,71;42,83;3,28;-7,81;
2026 03 12 13:04:53:469;0,3;13;2;13,06;0,71;42,83;3,28;-7,81;
2026 03 12 13:04:53:471;0,3;13;2;13,06;0,71;42,83;3,28;19,53;
2026 03 12 13:04:53:473;0,3;13;2;13,06;0,71;42,83;3,28;11,72;
2026 03 12 13:04:53:475;0,3;13;2;13,06;0,71;42,83;3,28;-3,91;
2026 03 12 13:04:53:477;0,3;13;2;13,06;0,71;42,83;3,28;-23,44;
2026 03 12 13:04:53:479;0,3;13;2;13,06;0,71;42,83;3,28;-11,72;
2026 03 12 13:04:53:481;0,3;13;2;13,06;0,71;42,83;3,28;-7,81;
2026 03 12 13:04:53:483;0,3;13;2;13,06;0,71;42,83;3,28;-3,91;
2026 03 12 13:04:53:485;0,3;13;2;13,06;0,71;42,83;3,28;-7,81;
2026 03 12 13:04:53:487;0,3;13;2;13,06;0,71;42,83;3,28;-3,91;
2026 03 12 13:04:53:489;0,3;13;2;13,06;0,71;42,83;3,28;-3,91;
2026 03 12 13:04:53:491;0,3;13;2;13,06;0,71;42,83;3,28;19,53;
2026 03 12 13:04:53:493;0,3;13;2;13,06;0,71;42,83;3,28;11,72;
2026 03 12 13:04:53:495;0,3;13;2;13,06;0,71;42,83;3,28;-7,81;
2026 03 12 13:04:53:497;0,3;13;2;13,06;0,71;42,83;3,28;-27,34;
2026 03 12 13:04:53:499;0,3;13;2;13,06;0,71;42,83;3,28;-11,72;
2026 03 12 13:04:53:501;0,3;13;2;13,06;0,71;42,83;3,28;-3,91;
2026 03 12 13:04:53:503;0,3;13;2;13,06;0,71;42,83;3,28;-7,81;
2026 03 12 13:04:53:505;0,3;13;2;13,06;0,71;42,83;3,28;-7,81;
2026 03 12 13:04:53:507;0,3;13;2;13,06;0,71;42,83;3,28;-3,91;
2026 03 12 13:04:53:509;0,3;13;2;13,06;0,71;42,83;3,28;-7,81;
2026 03 12 13:04:53:511;0,3;13;2;13,06;0,71;42,83;3,28;19,53;
2026 03 12 13:04:53:513;0,3;13;2;13,06;0,72;42,85;3,28;15,63;
2026 03 12 13:04:53:515;0,3;13;2;13,06;0,72;42,85;3,28;-7,81;
2026 03 12 13:04:53:517;0,3;13;2;13,06;0,72;42,85;3,28;-27,34;
2026 03 12 13:04:53:519;0,3;13;2;13,06;0,72;42,85;3,28;-11,72;
2026 03 12 13:04:53:521;0,3;13;2;13,06;0,72;42,85;3,28;-7,81;
2026 03 12 13:04:53:523;0,3;13;2;13,06;0,72;42,85;3,28;-3,91;
2026 03 12 13:04:53:525;0,3;13;2;13,06;0,72;42,85;3,28;-3,91;
2026 03 12 13:04:53:527;0,3;13;2;13,06;0,72;42,85;3,28;-7,81;
2026 03 12 13:04:53:529;0,3;13;2;13,06;0,72;42,85;3,28;-3,91;
2026 03 12 13:04:53:531;0,3;13;2;13,06;0,72;42,85;3,28;19,53;
2026 03 12 13:04:53:533;0,3;13;2;13,06;0,72;42,85;3,28;11,72;
2026 03 12 13:04:53:535;0,3;13;2;13,06;0,72;42,85;3,28;-3,91;
2026 03 12 13:04:53:537;0,3;13;2;13,06;0,72;42,85;3,28;-27,34;
2026 03 12 13:04:53:539;0,3;13;2;13,06;0,72;42,85;3,28;-11,72;
2026 03 12 13:04:53:541;0,3;13;2;13,06;0,72;42,85;3,28;-7,81;
2026 03 12 13:04:53:543;0,3;13;2;13,06;0,72;42,85;3,28;-3,91;
2026 03 12 13:04:53:545;0,3;13;2;13,06;0,72;42,85;3,28;-7,81;
2026 03 12 13:04:53:547;0,3;13;2;13,06;0,72;42,85;3,28;-3,91;
2026 03 12 13:04:53:549;0,3;13;2;13,06;0,72;42,85;3,28;-7,81;
2026 03 12 13:04:53:551;0,3;13;2;13,06;0,72;42,85;3,28;19,53;
2026 03 12 13:04:53:553;0,3;13;2;13,06;0,72;42,85;3,28;15,63;
2026 03 12 13:04:53:555;0,3;13;2;13,06;0,72;42,85;3,28;-3,91;
2026 03 12 13:04:53:557;0,3;13;2;13,06;0,72;42,85;3,28;-23,44;
2026 03 12 13:04:53:559;0,3;13;2;13,06;0,72;42,85;3,28;-11,72;
2026 03 12 13:04:53:561;0,3;13;2;13,06;0,72;42,85;3,28;-7,81;
2026 03 12 13:04:53:563;0,3;13;2;13,06;0,72;42,85;3,28;-3,91;
2026 03 12 13:04:53:565;0,3;13;2;13,06;0,72;42,85;3,28;-3,91;
2026 03 12 13:04:53:567;0,3;13;2;13,06;0,72;42,85;3,28;-7,81;
2026 03 12 13:04:53:569;0,3;13;2;13,06;0,72;42,85;3,28;-7,81;
2026 03 12 13:04:53:571;0,3;13;2;13,06;0,72;42,85;3,28;23,44;
2026 03 12 13:04:53:573;0,3;13;2;13,06;0,72;42,85;3,28;15,63;
2026 03 12 13:04:53:575;0,3;13;2;13,06;0,72;42,85;3,28;-3,91;
2026 03 12 13:04:53:577;0,3;13;2;13,06;0,72;42,85;3,28;-23,44;
2026 03 12 13:04:53:579;0,3;13;2;13,06;0,72;42,85;3,28;-11,72;
2026 03 12 13:04:53:581;0,3;13;2;13,06;0,72;42,85;3,28;-7,81;
2026 03 12 13:04:53:583;0,3;13;2;13,06;0,72;42,85;3,28;-7,81;
2026 03 12 13:04:53:585;0,3;13;2;13,06;0,72;42,85;3,28;-7,81;
2026 03 12 13:04:53:587;0,3;13;2;13,06;0,72;42,85;3,28;-3,91;
2026 03 12 13:04:53:589;0,3;13;2;13,06;0,72;42,85;3,28;-7,81;
2026 03 12 13:04:53:591;0,3;13;2;13,06;0,72;42,85;3,28;19,53;
2026 03 12 13:04:53:593;0,3;13;2;13,06;0,72;42,85;3,28;15,63;
2026 03 12 13:04:53:595;0,3;13;2;13,06;0,72;42,85;3,28;-3,91;
2026 03 12 13:04:53:597;0,3;13;2;13,06;0,72;42,85;3,28;-23,44;
2026 03 12 13:04:53:599;0,3;13;2;13,06;0,72;42,85;3,28;-15,62;
2026 03 12 13:04:53:601;0,3;13;2;13,06;0,72;42,85;3,28;-7,81;
2026 03 12 13:04:53:603;0,3;13;2;13,06;0,72;42,85;3,28;-7,81;
2026 03 12 13:04:53:605;0,3;13;2;13,06;0,72;42,85;3,28;-7,81;
2026 03 12 13:04:53:607;0,3;13;2;13,06;0,72;42,85;3,28;-3,91;
2026 03 12 13:04:53:609;0,3;13;2;13,06;0,72;42,85;3,28;-7,81;
2026 03 12 13:04:53:611;0,3;13;2;13,06;0,72;42,85;3,28;19,53;
2026 03 12 13:04:53:613;0,3;13;2;13,06;0,72;42,85;3,28;7,81;
2026 03 12 13:04:53:615;0,3;13;2;13,06;0,72;42,85;3,28;-3,91;
2026 03 12 13:04:53:617;0,3;13;2;13,06;0,72;42,85;3,28;-23,44;
2026 03 12 13:04:53:619;0,3;13;2;13,06;0,72;42,85;3,28;-11,72;
2026 03 12 13:04:53:621;0,3;13;2;13,06;0,72;42,85;3,28;-7,81;
2026 03 12 13:04:53:623;0,3;13;2;13,06;0,72;42,85;3,28;-7,81;
2026 03 12 13:04:53:625;0,3;13;2;13,06;0,72;42,85;3,28;-7,81;
2026 03 12 13:04:53:627;0,3;13;2;13,06;0,72;42,85;3,28;-7,81;
2026 03 12 13:04:53:629;0,3;13;2;13,06;0,72;42,85;3,28;-3,91;
2026 03 12 13:04:53:631;0,3;13;2;13,06;0,72;42,85;3,28;19,53;
2026 03 12 13:04:53:633;0,3;13;2;13,06;0,72;42,85;3,28;7,81;
2026 03 12 13:04:53:635;0,3;13;2;13,06;0,72;42,85;3,28;-3,91;
2026 03 12 13:04:53:637;0,3;13;2;13,06;0,72;42,85;3,28;-27,34;
2026 03 12 13:04:53:639;0,3;13;2;13,06;0,72;42,85;3,28;-11,72;
2026 03 12 13:04:53:641;0,3;13;2;13,06;0,72;42,85;3,28;-7,81;
2026 03 12 13:04:53:643;0,3;13;2;13,06;0,72;42,85;3,28;-7,81;
2026 03 12 13:04:53:645;0,3;13;2;13,06;0,72;42,85;3,28;-7,81;
2026 03 12 13:04:53:647;0,3;13;2;13,06;0,72;42,85;3,28;-7,81;
2026 03 12 13:04:53:649;0,3;13;2;13,06;0,72;42,85;3,28;-7,81;
2026 03 12 13:04:53:651;0,3;13;2;13,06;0,72;42,85;3,28;19,53;
2026 03 12 13:04:53:653;0,3;13;2;13,06;0,72;42,85;3,28;7,81;
2026 03 12 13:04:53:655;0,3;13;2;13,06;0,72;42,85;3,28;-3,91;
2026 03 12 13:04:53:657;0,3;13;2;13,06;0,72;42,85;3,28;-23,44;
2026 03 12 13:04:53:659;0,3;13;2;13,06;0,72;42,85;3,28;-11,72;
2026 03 12 13:04:53:661;0,3;13;2;13,06;0,72;42,85;3,28;-7,81;
2026 03 12 13:04:53:663;0,3;13;2;13,06;0,72;42,85;3,28;-7,81;
2026 03 12 13:04:53:665;0,3;13;2;13,06;0,72;42,85;3,28;-7,81;
2026 03 12 13:04:53:667;0,3;13;2;13,06;0,72;42,85;3,28;-7,81;
2026 03 12 13:04:53:669;0,3;13;2;13,06;0,72;42,85;3,28;-7,81;
2026 03 12 13:04:53:671;0,3;13;2;13,06;0,72;42,85;3,28;19,53;
2026 03 12 13:04:53:673;0,3;13;2;13,06;0,72;42,85;3,28;7,81;
2026 03 12 13:04:53:675;0,3;13;2;13,06;0,72;42,85;3,28;-3,91;
2026 03 12 13:04:53:677;0,3;13;2;13,06;0,72;42,85;3,28;-27,34;
2026 03 12 13:04:53:679;0,3;13;2;13,06;0,72;42,85;3,28;-11,72;
2026 03 12 13:04:53:681;0,3;13;2;13,06;0,72;42,85;3,28;-7,81;
2026 03 12 13:04:53:683;0,3;13;2;13,06;0,72;42,85;3,28;-7,81;
2026 03 12 13:04:53:685;0,3;13;2;13,06;0,72;42,85;3,28;-3,91;
2026 03 12 13:04:53:687;0,3;13;2;13,06;0,72;42,85;3,28;-7,81;
2026 03 12 13:04:53:689;0,3;13;2;13,06;0,72;42,85;3,28;-7,81;
2026 03 12 13:04:53:691;0,3;13;2;13,06;0,72;42,85;3,28;19,53;
2026 03 12 13:04:53:693;0,3;13;2;13,06;0,72;42,85;3,28;7,81;
2026 03 12 13:04:53:695;0,3;13;2;13,06;0,72;42,85;3,28;-3,91;
2026 03 12 13:04:53:697;0,3;13;2;13,06;0,72;42,85;3,28;-23,44;
2026 03 12 13:04:53:699;0,3;13;2;13,06;0,72;42,85;3,28;-11,72;
2026 03 12 13:04:53:701;0,3;13;2;13,06;0,72;42,85;3,28;-7,81;
2026 03 12 13:04:53:703;0,3;13;2;13,06;0,72;42,85;3,28;-7,81;
2026 03 12 13:04:53:705;0,3;13;2;13,06;0,72;42,85;3,28;-7,81;
2026 03 12 13:04:53:707;0,3;13;2;13,06;0,72;42,85;3,28;-7,81;
2026 03 12 13:04:53:709;0,3;13;2;13,06;0,72;42,85;3,28;-7,81;
2026 03 12 13:04:53:711;0,3;13;2;13,06;0,72;42,85;3,28;19,53;
2026 03 12 13:04:53:713;0,3;13;2;13,06;0,72;42,85;3,28;7,81;
2026 03 12 13:04:53:715;0,3;13;2;13,06;0,72;42,85;3,28;-3,91;
2026 03 12 13:04:53:717;0,3;13;2;13,06;0,72;42,85;3,28;-23,44;
2026 03 12 13:04:53:719;0,3;13;2;13,06;0,72;42,85;3,28;-11,72;
2026 03 12 13:04:53:721;0,3;13;2;13,06;0,72;42,85;3,28;-7,81;
2026 03 12 13:04:53:723;0,3;13;2;13,06;0,72;42,85;3,28;-3,91;
2026 03 12 13:04:53:725;0,3;13;2;13,06;0,72;42,85;3,28;-7,81;
2026 03 12 13:04:53:727;0,3;13;2;13,06;0,72;42,85;3,28;-3,91;
2026 03 12 13:04:53:729;0,3;13;2;13,06;0,72;42,85;3,28;-3,91;
2026 03 12 13:04:53:731;0,3;13;2;13,06;0,72;42,85;3,28;19,53;
2026 03 12 13:04:53:733;0,3;13;2;13,06;0,72;42,85;3,28;11,72;
2026 03 12 13:04:53:735;0,3;13;2;13,06;0,72;42,85;3,28;-7,81;
2026 03 12 13:04:53:737;0,3;13;2;13,06;0,72;42,85;3,28;-27,34;
2026 03 12 13:04:53:739;0,3;13;2;13,06;0,72;42,85;3,28;-11,72;
2026 03 12 13:04:53:741;0,3;13;2;13,06;0,72;42,85;3,28;-7,81;
2026 03 12 13:04:53:743;0,3;13;2;13,06;0,72;42,85;3,28;-7,81;
2026 03 12 13:04:53:745;0,3;13;2;13,06;0,72;42,85;3,28;-7,81;
2026 03 12 13:04:53:747;0,3;13;2;13,06;0,72;42,85;3,28;-7,81;
2026 03 12 13:04:53:749;0,3;13;2;13,06;0,72;42,85;3,28;-7,81;
2026 03 12 13:04:53:751;0,3;13;2;13,06;0,72;42,85;3,28;19,53;
2026 03 12 13:04:53:753;0,3;13;2;13,06;0,72;42,85;3,28;7,81;
2026 03 12 13:04:53:755;0,3;13;2;13,06;0,72;42,85;3,28;-3,91;
2026 03 12 13:04:53:757;0,3;13;2;13,06;0,72;42,85;3,28;-27,34;
2026 03 12 13:04:53:759;0,3;13;2;13,06;0,72;42,85;3,28;-11,72;
2026 03 12 13:04:53:761;0,3;13;2;13,06;0,72;42,85;3,28;-7,81;
2026 03 12 13:04:53:763;0,3;13;2;13,06;0,72;42,85;3,28;-3,91;
2026 03 12 13:04:53:765;0,3;13;2;13,06;0,72;42,85;3,28;-7,81;
2026 03 12 13:04:53:767;0,3;13;2;13,06;0,72;42,85;3,28;-3,91;
2026 03 12 13:04:53:769;0,3;13;2;13,06;0,72;42,85;3,28;-3,91;
2026 03 12 13:04:53:771;0,3;13;2;13,06;0,72;42,85;3,28;23,44;
2026 03 12 13:04:53:773;0,3;13;2;13,06;0,72;42,85;3,28;11,72;
2026 03 12 13:04:53:775;0,3;13;2;13,06;0,72;42,85;3,28;-7,81;
2026 03 12 13:04:53:777;0,3;13;2;13,06;0,72;42,85;3,28;-27,34;
2026 03 12 13:04:53:779;0,3;13;2;13,06;0,72;42,85;3,28;-7,81;
2026 03 12 13:04:53:781;0,3;13;2;13,06;0,72;42,85;3,28;-7,81;
2026 03 12 13:04:53:783;0,3;13;2;13,06;0,72;42,85;3,28;-3,91;
2026 03 12 13:04:53:785;0,3;13;2;13,06;0,72;42,85;3,28;-7,81;
2026 03 12 13:04:53:787;0,3;13;2;13,06;0,72;42,85;3,28;-3,91;
2026 03 12 13:04:53:789;0,3;13;2;13,06;0,72;42,85;3,28;-3,91;
2026 03 12 13:04:53:791;0,3;13;2;13,06;0,72;42,85;3,28;23,44;
2026 03 12 13:04:53:793;0,3;13;2;13,06;0,72;42,85;3,28;7,81;
2026 03 12 13:04:53:795;0,3;13;2;13,06;0,72;42,85;3,28;-7,81;
2026 03 12 13:04:53:797;0,3;13;2;13,06;0,72;42,85;3,28;-27,34;
2026 03 12 13:04:53:799;0,3;13;2;13,06;0,72;42,85;3,28;-11,72;
2026 03 12 13:04:53:801;0,3;13;2;13,06;0,72;42,85;3,28;-7,81;
2026 03 12 13:04:53:803;0,3;13;2;13,06;0,72;42,85;3,28;-7,81;
2026 03 12 13:04:53:805;0,3;13;2;13,06;0,72;42,85;3,28;-3,91;
2026 03 12 13:04:53:807;0,3;13;2;13,06;0,72;42,85;3,28;-3,91;
2026 03 12 13:04:53:809;0,3;13;2;13,06;0,72;42,85;3,28;-3,91;
2026 03 12 13:04:53:811;0,3;13;2;13,06;0,73;44,04;3,37;23,44;
2026 03 12 13:04:53:813;0,3;13;2;13,06;0,73;44,04;3,37;7,81;
2026 03 12 13:04:53:815;0,3;13;2;13,06;0,73;44,04;3,37;-7,81;
2026 03 12 13:04:53:817;0,3;13;2;13,06;0,73;44,04;3,37;-27,34;
2026 03 12 13:04:53:819;0,3;13;2;13,06;0,73;44,04;3,37;-11,72;
2026 03 12 13:04:53:821;0,3;13;2;13,06;0,73;44,04;3,37;-3,91;
2026 03 12 13:04:53:823;0,3;13;2;13,06;0,73;44,04;3,37;-3,91;
2026 03 12 13:04:53:825;0,3;13;2;13,06;0,73;44,04;3,37;-7,81;
2026 03 12 13:04:53:827;0,3;13;2;13,06;0,73;44,04;3,37;-7,81;
2026 03 12 13:04:53:829;0,3;13;2;13,06;0,73;44,04;3,37;-3,91;
2026 03 12 13:04:53:831;0,3;13;2;13,06;0,73;44,04;3,37;23,44;
2026 03 12 13:04:53:833;0,3;13;2;13,06;0,73;44,04;3,37;11,72;
2026 03 12 13:04:53:835;0,3;13;2;13,06;0,73;44,04;3,37;-7,81;
2026 03 12 13:04:53:837;0,3;13;2;13,06;0,73;44,04;3,37;-19,53;
2026 03 12 13:04:53:839;0,3;13;2;13,06;0,73;44,04;3,37;-11,72;
2026 03 12 13:04:53:841;0,3;13;2;13,06;0,73;44,04;3,37;-7,81;
2026 03 12 13:04:53:843;0,3;13;2;13,06;0,73;44,04;3,37;-3,91;
2026 03 12 13:04:53:845;0,3;13;2;13,06;0,73;44,04;3,37;-3,91;
2026 03 12 13:04:53:847;0,3;13;2;13,06;0,73;44,04;3,37;-3,91;
2026 03 12 13:04:53:849;0,3;13;2;13,06;0,73;44,04;3,37;-7,81;
2026 03 12 13:04:53:851;0,3;13;2;13,06;0,73;44,04;3,37;23,44;
2026 03 12 13:04:53:853;0,3;13;2;13,06;0,73;44,04;3,37;15,63;
2026 03 12 13:04:53:855;0,3;13;2;13,06;0,73;44,04;3,37;-3,91;
2026 03 12 13:04:53:857;0,3;13;2;13,06;0,73;44,04;3,37;-19,53;
2026 03 12 13:04:53:859;0,3;13;2;13,06;0,73;44,04;3,37;-11,72;
2026 03 12 13:04:53:861;0,3;13;2;13,06;0,73;44,04;3,37;-7,81;
2026 03 12 13:04:53:863;0,3;13;2;13,06;0,73;44,04;3,37;-3,91;
2026 03 12 13:04:53:865;0,3;13;2;13,06;0,73;44,04;3,37;-7,81;
2026 03 12 13:04:53:867;0,3;13;2;13,06;0,73;44,04;3,37;-7,81;
2026 03 12 13:04:53:869;0,3;13;2;13,06;0,73;44,04;3,37;-7,81;
2026 03 12 13:04:53:871;0,3;13;2;13,06;0,73;44,04;3,37;23,44;
2026 03 12 13:04:53:873;0,3;13;2;13,06;0,73;44,04;3,37;11,72;
2026 03 12 13:04:53:875;0,3;13;2;13,06;0,73;44,04;3,37;-7,81;
2026 03 12 13:04:53:877;0,3;13;2;13,06;0,73;44,04;3,37;-23,44;
2026 03 12 13:04:53:879;0,3;13;2;13,06;0,73;44,04;3,37;-11,72;
2026 03 12 13:04:53:881;0,3;13;2;13,06;0,73;44,04;3,37;-7,81;
2026 03 12 13:04:53:883;0,3;13;2;13,06;0,73;44,04;3,37;-3,91;
2026 03 12 13:04:53:885;0,3;13;2;13,06;0,73;44,04;3,37;-7,81;
2026 03 12 13:04:53:887;0,3;13;2;13,06;0,73;44,04;3,37;-7,81;
2026 03 12 13:04:53:889;0,3;13;2;13,06;0,73;44,04;3,37;-7,81;
2026 03 12 13:04:53:891;0,3;13;2;13,06;0,73;44,04;3,37;23,44;
2026 03 12 13:04:53:893;0,3;13;2;13,06;0,73;44,04;3,37;7,81;
2026 03 12 13:04:53:895;0,3;13;2;13,06;0,73;44,04;3,37;-3,91;
2026 03 12 13:04:53:897;0,3;13;2;13,06;0,73;44,04;3,37;-23,44;
2026 03 12 13:04:53:899;0,3;13;2;13,06;0,73;44,04;3,37;-11,72;
2026 03 12 13:04:53:901;0,3;13;2;13,06;0,73;44,04;3,37;-7,81;
2026 03 12 13:04:53:903;0,3;13;2;13,06;0,73;44,04;3,37;-7,81;
2026 03 12 13:04:53:905;0,3;13;2;13,06;0,73;44,04;3,37;-7,81;
2026 03 12 13:04:53:907;0,3;13;2;13,06;0,73;44,04;3,37;-7,81;
2026 03 12 13:04:53:909;0,3;13;2;13,06;0,73;44,04;3,37;-3,91;
2026 03 12 13:04:53:911;0,3;13;2;13,06;0,73;44,04;3,37;19,53;
2026 03 12 13:04:53:913;0,3;13;2;13,06;0,73;44,04;3,37;3,91;
2026 03 12 13:04:53:915;0,3;13;2;13,06;0,73;44,04;3,37;-3,91;
2026 03 12 13:04:53:917;0,3;13;2;13,06;0,73;44,04;3,37;-23,44;
2026 03 12 13:04:53:919;0,3;13;2;13,06;0,73;44,04;3,37;-11,72;
2026 03 12 13:04:53:921;0,3;13;2;13,06;0,73;44,04;3,37;-7,81;
2026 03 12 13:04:53:923;0,3;13;2;13,06;0,73;44,04;3,37;-3,91;
2026 03 12 13:04:53:925;0,3;13;2;13,06;0,73;44,04;3,37;-7,81;
2026 03 12 13:04:53:927;0,3;13;2;13,06;0,73;44,04;3,37;-3,91;
2026 03 12 13:04:53:929;0,3;13;2;13,06;0,73;44,04;3,37;-7,81;
2026 03 12 13:04:53:931;0,3;13;2;13,06;0,73;44,04;3,37;23,44;
2026 03 12 13:04:53:933;0,3;13;2;13,06;0,73;44,04;3,37;3,91;
2026 03 12 13:04:53:935;0,3;13;2;13,06;0,73;44,04;3,37;-3,91;
2026 03 12 13:04:53:937;0,3;13;2;13,06;0,73;44,04;3,37;-23,44;
2026 03 12 13:04:53:939;0,3;13;2;13,06;0,73;44,04;3,37;-11,72;
2026 03 12 13:04:53:941;0,3;13;2;13,06;0,73;44,04;3,37;-7,81;
2026 03 12 13:04:53:943;0,3;13;2;13,06;0,73;44,04;3,37;-7,81;
2026 03 12 13:04:53:945;0,3;13;2;13,06;0,73;44,04;3,37;-7,81;
2026 03 12 13:04:53:947;0,3;13;2;13,06;0,73;44,04;3,37;-3,91;
2026 03 12 13:04:53:949;0,3;13;2;13,06;0,73;44,04;3,37;-7,81;
2026 03 12 13:04:53:951;0,3;13;2;13,06;0,73;44,04;3,37;19,53;
2026 03 12 13:04:53:953;0,3;13;2;13,06;0,73;44,04;3,37;3,91;
2026 03 12 13:04:53:955;0,3;13;2;13,06;0,73;44,04;3,37;-7,81;
2026 03 12 13:04:53:957;0,3;13;2;13,06;0,73;44,04;3,37;-23,44;
2026 03 12 13:04:53:959;0,3;13;2;13,06;0,73;44,04;3,37;-11,72;
2026 03 12 13:04:53:961;0,3;13;2;13,06;0,73;44,04;3,37;-3,91;
2026 03 12 13:04:53:963;0,3;13;2;13,06;0,73;44,04;3,37;-7,81;
2026 03 12 13:04:53:965;0,3;13;2;13,06;0,73;44,04;3,37;-7,81;
2026 03 12 13:04:53:967;0,3;13;2;13,06;0,73;44,04;3,37;-3,91;
2026 03 12 13:04:53:969;0,3;13;2;13,06;0,73;44,04;3,37;-7,81;
2026 03 12 13:04:53:971;0,3;13;2;13,06;0,73;44,04;3,37;23,44;
2026 03 12 13:04:53:973;0,3;13;2;13,06;0,73;44,04;3,37;3,91;
2026 03 12 13:04:53:975;0,3;13;2;13,06;0,73;44,04;3,37;-7,81;
2026 03 12 13:04:53:977;0,3;13;2;13,06;0,73;44,04;3,37;-23,44;
2026 03 12 13:04:53:979;0,3;13;2;13,06;0,73;44,04;3,37;-11,72;
2026 03 12 13:04:53:981;0,3;13;2;13,06;0,73;44,04;3,37;-7,81;
2026 03 12 13:04:53:983;0,3;13;2;13,06;0,73;44,04;3,37;-7,81;
2026 03 12 13:04:53:985;0,3;13;2;13,06;0,73;44,04;3,37;-7,81;
2026 03 12 13:04:53:987;0,3;13;2;13,06;0,73;44,04;3,37;-7,81;
2026 03 12 13:04:53:989;0,3;13;2;13,06;0,73;44,04;3,37;-7,81;
2026 03 12 13:04:53:991;0,3;13;2;13,06;0,73;44,04;3,37;23,44;
2026 03 12 13:04:53:993;0,3;13;2;13,06;0,73;44,04;3,37;7,81;
2026 03 12 13:04:53:995;0,3;13;2;13,06;0,73;44,04;3,37;-3,91;
2026 03 12 13:04:53:997;0,3;13;2;13,06;0,73;44,04;3,37;-23,44;
2026 03 12 13:04:53:999;0,3;13;2;13,06;0,73;44,04;3,37;-11,72;
2026 03 12 13:04:54:001;0,3;13;2;13,06;0,73;44,04;3,37;-7,81;
2026 03 12 13:04:54:003;0,3;13;2;13,06;0,73;44,04;3,37;-7,81;
2026 03 12 13:04:54:005;0,3;13;2;13,06;0,73;44,04;3,37;-7,81;
2026 03 12 13:04:54:007;0,3;13;2;13,06;0,73;44,04;3,37;-3,91;
2026 03 12 13:04:54:009;0,3;13;2;13,06;0,73;44,04;3,37;-7,81;
2026 03 12 13:04:54:011;0,3;13;2;13,06;0,73;44,04;3,37;23,44;
2026 03 12 13:04:54:013;0,3;13;2;13,06;0,73;44,04;3,37;3,91;
2026 03 12 13:04:54:015;0,3;13;2;13,06;0,73;44,04;3,37;-7,81;
2026 03 12 13:04:54:017;0,3;13;2;13,06;0,73;44,04;3,37;-23,44;
2026 03 12 13:04:54:019;0,3;13;2;13,06;0,73;44,04;3,37;-11,72;
2026 03 12 13:04:54:021;0,3;13;2;13,06;0,73;44,04;3,37;-7,81;
2026 03 12 13:04:54:023;0,3;13;2;13,06;0,73;44,04;3,37;-3,91;
2026 03 12 13:04:54:025;0,3;13;2;13,06;0,73;44,04;3,37;-7,81;
2026 03 12 13:04:54:027;0,3;13;2;13,06;0,73;44,04;3,37;-7,81;
2026 03 12 13:04:54:029;0,3;13;2;13,06;0,73;44,04;3,37;-3,91;
2026 03 12 13:04:54:031;0,3;13;2;13,06;0,73;44,04;3,37;23,44;
2026 03 12 13:04:54:033;0,3;13;2;13,06;0,73;44,04;3,37;7,81;
2026 03 12 13:04:54:035;0,3;13;2;13,06;0,73;44,04;3,37;-7,81;
2026 03 12 13:04:54:037;0,3;13;2;13,06;0,73;44,04;3,37;-23,44;
2026 03 12 13:04:54:039;0,3;13;2;13,06;0,73;44,04;3,37;-11,72;
2026 03 12 13:04:54:041;0,3;13;2;13,06;0,73;44,04;3,37;-7,81;
2026 03 12 13:04:54:043;0,3;13;2;13,06;0,73;44,04;3,37;-7,81;
2026 03 12 13:04:54:045;0,3;13;2;13,06;0,73;44,04;3,37;-3,91;
2026 03 12 13:04:54:047;0,3;13;2;13,06;0,73;44,04;3,37;-7,81;
2026 03 12 13:04:54:049;0,3;13;2;13,06;0,73;44,04;3,37;-7,81;
2026 03 12 13:04:54:051;0,3;13;2;13,06;0,73;44,04;3,37;23,44;
2026 03 12 13:04:54:053;0,3;13;2;13,06;0,73;44,04;3,37;3,91;
2026 03 12 13:04:54:055;0,3;13;2;13,06;0,73;44,04;3,37;-7,81;
2026 03 12 13:04:54:057;0,3;13;2;13,06;0,73;44,04;3,37;-27,34;
2026 03 12 13:04:54:059;0,3;13;2;13,06;0,73;44,04;3,37;-11,72;
2026 03 12 13:04:54:061;0,3;13;2;13,06;0,73;44,04;3,37;-3,91;
2026 03 12 13:04:54:063;0,3;13;2;13,06;0,73;44,04;3,37;-3,91;
2026 03 12 13:04:54:065;0,3;13;2;13,06;0,73;44,04;3,37;-7,81;
2026 03 12 13:04:54:067;0,3;13;2;13,06;0,73;44,04;3,37;-3,91;
2026 03 12 13:04:54:069;0,3;13;2;13,06;0,73;44,04;3,37;-7,81;
2026 03 12 13:04:54:071;0,3;13;2;13,06;0,73;44,04;3,37;23,44;
2026 03 12 13:04:54:073;0,3;13;2;13,06;0,73;44,04;3,37;7,81;
2026 03 12 13:04:54:075;0,3;13;2;13,06;0,73;44,04;3,37;-7,81;
2026 03 12 13:04:54:077;0,3;13;2;13,06;0,73;44,04;3,37;-27,34;
2026 03 12 13:04:54:079;0,3;13;2;13,06;0,73;44,04;3,37;-11,72;
2026 03 12 13:04:54:081;0,3;13;2;13,06;0,73;44,04;3,37;-7,81;
2026 03 12 13:04:54:083;0,3;13;2;13,06;0,73;44,04;3,37;-3,91;
2026 03 12 13:04:54:085;0,3;13;2;13,06;0,73;44,04;3,37;-7,81;
2026 03 12 13:04:54:087;0,3;13;2;13,06;0,73;44,04;3,37;-7,81;
2026 03 12 13:04:54:089;0,3;13;2;13,06;0,73;44,04;3,37;-7,81;
2026 03 12 13:04:54:091;0,3;13;2;13,06;0,73;44,04;3,37;23,44;
2026 03 12 13:04:54:093;0,3;13;2;13,06;0,73;44,04;3,37;3,91;
2026 03 12 13:04:54:095;0,3;13;2;13,06;0,73;44,04;3,37;-7,81;
2026 03 12 13:04:54:097;0,3;13;2;13,06;0,73;44,04;3,37;-27,34;
2026 03 12 13:04:54:099;0,3;13;2;13,06;0,73;44,04;3,37;-7,81;
2026 03 12 13:04:54:101;0,3;13;2;13,06;0,73;44,04;3,37;-7,81;
2026 03 12 13:04:54:103;0,3;13;2;13,06;0,73;44,04;3,37;-3,91;
2026 03 12 13:04:54:105;0,3;13;2;13,06;0,73;44,04;3,37;-7,81;
2026 03 12 13:04:54:107;0,3;13;2;13,06;0,73;44,04;3,37;-3,91;
2026 03 12 13:04:54:109;0,3;13;2;13,06;0,73;44,04;3,37;-7,81;
2026 03 12 13:04:54:111;0,3;13;2;13,06;0,73;44,04;3,37;23,44;
2026 03 12 13:04:54:113;0,3;13;2;13,03;0,74;46,13;3,54;7,81;
2026 03 12 13:04:54:115;0,3;13;2;13,03;0,74;46,13;3,54;-7,81;
2026 03 12 13:04:54:117;0,3;13;2;13,03;0,74;46,13;3,54;-23,44;
2026 03 12 13:04:54:119;0,3;13;2;13,03;0,74;46,13;3,54;-11,72;
2026 03 12 13:04:54:121;0,3;13;2;13,03;0,74;46,13;3,54;-7,81;
2026 03 12 13:04:54:123;0,3;13;2;13,03;0,74;46,13;3,54;-3,91;
2026 03 12 13:04:54:125;0,3;13;2;13,03;0,74;46,13;3,54;-7,81;
2026 03 12 13:04:54:127;0,3;13;2;13,03;0,74;46,13;3,54;-7,81;
2026 03 12 13:04:54:129;0,3;13;2;13,03;0,74;46,13;3,54;-3,91;
2026 03 12 13:04:54:131;0,3;13;2;13,03;0,74;46,13;3,54;23,44;
2026 03 12 13:04:54:133;0,3;13;2;13,03;0,74;46,13;3,54;7,81;
2026 03 12 13:04:54:135;0,3;13;2;13,03;0,74;46,13;3,54;-7,81;
2026 03 12 13:04:54:137;0,3;13;2;13,03;0,74;46,13;3,54;-15,62;
2026 03 12 13:04:54:139;0,3;13;2;13,03;0,74;46,13;3,54;-11,72;
2026 03 12 13:04:54:141;0,3;13;2;13,03;0,74;46,13;3,54;-3,91;
2026 03 12 13:04:54:143;0,3;13;2;13,03;0,74;46,13;3,54;-7,81;
2026 03 12 13:04:54:145;0,3;13;2;13,03;0,74;46,13;3,54;-3,91;
2026 03 12 13:04:54:147;0,3;13;2;13,03;0,74;46,13;3,54;-3,91;
2026 03 12 13:04:54:149;0,3;13;2;13,03;0,74;46,13;3,54;-7,81;
2026 03 12 13:04:54:151;0,3;13;2;13,03;0,74;46,13;3,54;27,34;
2026 03 12 13:04:54:153;0,3;13;2;13,03;0,74;46,13;3,54;11,72;
2026 03 12 13:04:54:155;0,3;13;2;13,03;0,74;46,13;3,54;-7,81;
2026 03 12 13:04:54:157;0,3;13;2;13,03;0,74;46,13;3,54;-19,53;
2026 03 12 13:04:54:159;0,3;13;2;13,03;0,74;46,13;3,54;-11,72;
2026 03 12 13:04:54:161;0,3;13;2;13,03;0,74;46,13;3,54;-7,81;
2026 03 12 13:04:54:163;0,3;13;2;13,03;0,74;46,13;3,54;-3,91;
2026 03 12 13:04:54:165;0,3;13;2;13,03;0,74;46,13;3,54;-7,81;
2026 03 12 13:04:54:167;0,3;13;2;13,03;0,74;46,13;3,54;-7,81;
2026 03 12 13:04:54:169;0,3;13;2;13,03;0,74;46,13;3,54;-3,91;
2026 03 12 13:04:54:171;0,3;13;2;13,03;0,74;46,13;3,54;23,44;
2026 03 12 13:04:54:173;0,3;13;2;13,03;0,74;46,13;3,54;7,81;
2026 03 12 13:04:54:175;0,3;13;2;13,03;0,74;46,13;3,54;-3,91;
2026 03 12 13:04:54:177;0,3;13;2;13,03;0,74;46,13;3,54;-19,53;
2026 03 12 13:04:54:179;0,3;13;2;13,03;0,74;46,13;3,54;-11,72;
2026 03 12 13:04:54:181;0,3;13;2;13,03;0,74;46,13;3,54;-3,91;
2026 03 12 13:04:54:183;0,3;13;2;13,03;0,74;46,13;3,54;-7,81;
2026 03 12 13:04:54:185;0,3;13;2;13,03;0,74;46,13;3,54;-7,81;
2026 03 12 13:04:54:187;0,3;13;2;13,03;0,74;46,13;3,54;-3,91;
2026 03 12 13:04:54:189;0,3;13;2;13,03;0,74;46,13;3,54;-7,81;
2026 03 12 13:04:54:191;0,3;13;2;13,03;0,74;46,13;3,54;27,34;
2026 03 12 13:04:54:193;0,3;13;2;13,03;0,74;46,13;3,54;3,91;
2026 03 12 13:04:54:195;0,3;13;2;13,03;0,74;46,13;3,54;-3,91;
2026 03 12 13:04:54:197;0,3;13;2;13,03;0,74;46,13;3,54;-23,44;
2026 03 12 13:04:54:199;0,3;13;2;13,03;0,74;46,13;3,54;-11,72;
2026 03 12 13:04:54:201;0,3;13;2;13,03;0,74;46,13;3,54;-7,81;
2026 03 12 13:04:54:203;0,3;13;2;13,03;0,74;46,13;3,54;-3,91;
2026 03 12 13:04:54:205;0,3;13;2;13,03;0,74;46,13;3,54;-7,81;
2026 03 12 13:04:54:207;0,3;13;2;13,03;0,74;46,13;3,54;-3,91;
2026 03 12 13:04:54:209;0,3;13;2;13,03;0,74;46,13;3,54;-7,81;
2026 03 12 13:04:54:211;0,3;13;2;13,03;0,74;46,13;3,54;23,44;
2026 03 12 13:04:54:213;0,3;13;2;13,03;0,74;46,13;3,54;3,91;
2026 03 12 13:04:54:215;0,3;13;2;13,03;0,74;46,13;3,54;-3,91;
2026 03 12 13:04:54:217;0,3;13;2;13,03;0,74;46,13;3,54;-23,44;
2026 03 12 13:04:54:219;0,3;13;2;13,03;0,74;46,13;3,54;-11,72;
2026 03 12 13:04:54:221;0,3;13;2;13,03;0,74;46,13;3,54;-7,81;
2026 03 12 13:04:54:223;0,3;13;2;13,03;0,74;46,13;3,54;-7,81;
2026 03 12 13:04:54:225;0,3;13;2;13,03;0,74;46,13;3,54;-7,81;
2026 03 12 13:04:54:227;0,3;13;2;13,03;0,74;46,13;3,54;-3,91;
2026 03 12 13:04:54:229;0,3;13;2;13,03;0,74;46,13;3,54;-7,81;
2026 03 12 13:04:54:231;0,3;13;2;13,03;0,74;46,13;3,54;23,44;
2026 03 12 13:04:54:233;0,3;13;2;13,03;0,74;46,13;3,54;0;
2026 03 12 13:04:54:235;0,3;13;2;13,03;0,74;46,13;3,54;-7,81;
2026 03 12 13:04:54:237;0,3;13;2;13,03;0,74;46,13;3,54;-19,53;
2026 03 12 13:04:54:239;0,3;13;2;13,03;0,74;46,13;3,54;-23,44;
2026 03 12 13:04:54:241;0,3;13;2;13,03;0,74;46,13;3,54;-7,81;
2026 03 12 13:04:54:243;0,3;13;2;13,03;0,74;46,13;3,54;-7,81;
2026 03 12 13:04:54:245;0,3;13;2;13,03;0,74;46,13;3,54;-7,81;
2026 03 12 13:04:54:247;0,3;13;2;13,03;0,74;46,13;3,54;-7,81;
2026 03 12 13:04:54:249;0,3;13;2;13,03;0,74;46,13;3,54;-3,91;
2026 03 12 13:04:54:251;0,3;13;2;13,03;0,74;46,13;3,54;23,44;
2026 03 12 13:04:54:253;0,3;13;2;13,03;0,74;46,13;3,54;0;
2026 03 12 13:04:54:255;0,3;13;2;13,03;0,74;46,13;3,54;-3,91;
2026 03 12 13:04:54:257;0,3;13;2;13,03;0,74;46,13;3,54;-19,53;
2026 03 12 13:04:54:259;0,3;13;2;13,03;0,74;46,13;3,54;-15,62;
2026 03 12 13:04:54:261;0,3;13;2;13,03;0,74;46,13;3,54;-7,81;
2026 03 12 13:04:54:263;0,3;13;2;13,03;0,74;46,13;3,54;-7,81;
2026 03 12 13:04:54:265;0,3;13;2;13,03;0,74;46,13;3,54;-7,81;
2026 03 12 13:04:54:267;0,3;13;2;13,03;0,74;46,13;3,54;-7,81;
2026 03 12 13:04:54:269;0,3;13;2;13,03;0,74;46,13;3,54;-7,81;
2026 03 12 13:04:54:271;0,3;13;2;13,03;0,74;46,13;3,54;27,34;
2026 03 12 13:04:54:273;0,3;13;2;13,03;0,74;46,13;3,54;3,91;
2026 03 12 13:04:54:275;0,3;13;2;13,03;0,74;46,13;3,54;-7,81;
2026 03 12 13:04:54:277;0,3;13;2;13,03;0,74;46,13;3,54;-23,44;
2026 03 12 13:04:54:279;0,3;13;2;13,03;0,74;46,13;3,54;-11,72;
2026 03 12 13:04:54:281;0,3;13;2;13,03;0,74;46,13;3,54;-7,81;
2026 03 12 13:04:54:283;0,3;13;2;13,03;0,74;46,13;3,54;-7,81;
2026 03 12 13:04:54:285;0,3;13;2;13,03;0,74;46,13;3,54;-7,81;
2026 03 12 13:04:54:287;0,3;13;2;13,03;0,74;46,13;3,54;-7,81;
2026 03 12 13:04:54:289;0,3;13;2;13,03;0,74;46,13;3,54;-7,81;
2026 03 12 13:04:54:291;0,3;13;2;13,03;0,74;46,13;3,54;27,34;
2026 03 12 13:04:54:293;0,3;13;2;13,03;0,74;46,13;3,54;3,91;
2026 03 12 13:04:54:295;0,3;13;2;13,03;0,74;46,13;3,54;-3,91;
2026 03 12 13:04:54:297;0,3;13;2;13,03;0,74;46,13;3,54;-23,44;
2026 03 12 13:04:54:299;0,3;13;2;13,03;0,74;46,13;3,54;-11,72;
2026 03 12 13:04:54:301;0,3;13;2;13,03;0,74;46,13;3,54;-7,81;
2026 03 12 13:04:54:303;0,3;13;2;13,03;0,74;46,13;3,54;-7,81;
2026 03 12 13:04:54:305;0,3;13;2;13,03;0,74;46,13;3,54;-3,91;
2026 03 12 13:04:54:307;0,3;13;2;13,03;0,74;46,13;3,54;-7,81;
2026 03 12 13:04:54:309;0,3;13;2;13,03;0,74;46,13;3,54;-7,81;
2026 03 12 13:04:54:311;0,3;13;2;13,03;0,74;46,13;3,54;27,34;
2026 03 12 13:04:54:313;0,3;13;2;13,03;0,74;46,13;3,54;3,91;
2026 03 12 13:04:54:315;0,3;13;2;13,03;0,74;46,13;3,54;-7,81;
2026 03 12 13:04:54:317;0,3;13;2;13,03;0,74;46,13;3,54;-23,44;
2026 03 12 13:04:54:319;0,3;13;2;13,03;0,74;46,13;3,54;-15,62;
2026 03 12 13:04:54:321;0,3;13;2;13,03;0,74;46,13;3,54;-7,81;
2026 03 12 13:04:54:323;0,3;13;2;13,03;0,74;46,13;3,54;-7,81;
2026 03 12 13:04:54:325;0,3;13;2;13,03;0,74;46,13;3,54;-7,81;
2026 03 12 13:04:54:327;0,3;13;2;13,03;0,74;46,13;3,54;-7,81;
2026 03 12 13:04:54:329;0,3;13;2;13,03;0,74;46,13;3,54;-7,81;
2026 03 12 13:04:54:331;0,3;13;2;13,03;0,74;46,13;3,54;27,34;
2026 03 12 13:04:54:333;0,3;13;2;13,03;0,74;46,13;3,54;0;
2026 03 12 13:04:54:335;0,3;13;2;13,03;0,74;46,13;3,54;-7,81;
2026 03 12 13:04:54:337;0,3;13;2;13,03;0,74;46,13;3,54;-27,34;
2026 03 12 13:04:54:339;0,3;13;2;13,03;0,74;46,13;3,54;-7,81;
2026 03 12 13:04:54:341;0,3;13;2;13,03;0,74;46,13;3,54;-7,81;
2026 03 12 13:04:54:343;0,3;13;2;13,03;0,74;46,13;3,54;-7,81;
2026 03 12 13:04:54:345;0,3;13;2;13,03;0,74;46,13;3,54;-7,81;
2026 03 12 13:04:54:347;0,3;13;2;13,03;0,74;46,13;3,54;-7,81;
2026 03 12 13:04:54:349;0,3;13;2;13,03;0,74;46,13;3,54;-3,91;
2026 03 12 13:04:54:351;0,3;13;2;13,03;0,74;46,13;3,54;27,34;
2026 03 12 13:04:54:353;0,3;13;2;13,03;0,74;46,13;3,54;3,91;
2026 03 12 13:04:54:355;0,3;13;2;13,03;0,74;46,13;3,54;-7,81;
2026 03 12 13:04:54:357;0,3;13;2;13,03;0,74;46,13;3,54;-23,44;
2026 03 12 13:04:54:359;0,3;13;2;13,03;0,74;46,13;3,54;-11,72;
2026 03 12 13:04:54:361;0,3;13;2;13,03;0,74;46,13;3,54;-7,81;
2026 03 12 13:04:54:363;0,3;13;2;13,03;0,74;46,13;3,54;-7,81;
2026 03 12 13:04:54:365;0,3;13;2;13,03;0,74;46,13;3,54;-7,81;
2026 03 12 13:04:54:367;0,3;13;2;13,03;0,74;46,13;3,54;-3,91;
2026 03 12 13:04:54:369;0,3;13;2;13,03;0,74;46,13;3,54;-7,81;
2026 03 12 13:04:54:371;0,3;13;2;13,03;0,74;46,13;3,54;27,34;
2026 03 12 13:04:54:373;0,3;13;2;13,03;0,74;46,13;3,54;3,91;
2026 03 12 13:04:54:375;0,3;13;2;13,03;0,74;46,13;3,54;-7,81;
2026 03 12 13:04:54:377;0,3;13;2;13,03;0,74;46,13;3,54;-27,34;
2026 03 12 13:04:54:379;0,3;13;2;13,03;0,74;46,13;3,54;-11,72;
2026 03 12 13:04:54:381;0,3;13;2;13,03;0,74;46,13;3,54;-7,81;
2026 03 12 13:04:54:383;0,3;13;2;13,03;0,74;46,13;3,54;-3,91;
2026 03 12 13:04:54:385;0,3;13;2;13,03;0,74;46,13;3,54;-7,81;
2026 03 12 13:04:54:387;0,3;13;2;13,03;0,74;46,13;3,54;-3,91;
2026 03 12 13:04:54:389;0,3;13;2;13,03;0,74;46,13;3,54;-7,81;
2026 03 12 13:04:54:391;0,3;13;2;13,03;0,74;46,13;3,54;27,34;
2026 03 12 13:04:54:393;0,3;13;2;13,03;0,74;46,13;3,54;3,91;
2026 03 12 13:04:54:395;0,3;13;2;13,03;0,74;46,13;3,54;-3,91;
2026 03 12 13:04:54:397;0,3;13;2;13,03;0,74;46,13;3,54;-27,34;
2026 03 12 13:04:54:399;0,3;13;2;13,03;0,74;46,13;3,54;-11,72;
2026 03 12 13:04:54:401;0,3;13;2;13,03;0,74;46,13;3,54;-7,81;
2026 03 12 13:04:54:403;0,3;13;2;13,03;0,74;46,13;3,54;-7,81;
2026 03 12 13:04:54:405;0,3;13;2;13,03;0,74;46,13;3,54;-7,81;
2026 03 12 13:04:54:407;0,3;13;2;13,03;0,74;46,13;3,54;-3,91;
2026 03 12 13:04:54:409;0,3;13;2;13,03;0,74;46,13;3,54;-7,81;
2026 03 12 13:04:54:411;0,3;13;2;13,03;0,74;46,13;3,54;27,34;
2026 03 12 13:04:54:413;0,3;13;2;13,03;0,68;46,22;3,55;7,81;
2026 03 12 13:04:54:415;0,3;13;2;13,03;0,68;46,22;3,55;-3,91;
2026 03 12 13:04:54:417;0,3;13;2;13,03;0,68;46,22;3,55;-19,53;
2026 03 12 13:04:54:419;0,3;13;2;13,03;0,68;46,22;3,55;-11,72;
2026 03 12 13:04:54:421;0,3;13;2;13,03;0,68;46,22;3,55;-3,91;
2026 03 12 13:04:54:423;0,3;13;2;13,03;0,68;46,22;3,55;-3,91;
2026 03 12 13:04:54:425;0,3;13;2;13,03;0,68;46,22;3,55;-7,81;
2026 03 12 13:04:54:427;0,3;13;2;13,03;0,68;46,22;3,55;-3,91;
2026 03 12 13:04:54:429;0,3;13;2;13,03;0,68;46,22;3,55;-7,81;
2026 03 12 13:04:54:431;0,3;13;2;13,03;0,68;46,22;3,55;27,34;
2026 03 12 13:04:54:433;0,3;13;2;13,03;0,68;46,22;3,55;7,81;
2026 03 12 13:04:54:435;0,3;13;2;13,03;0,68;46,22;3,55;-7,81;
2026 03 12 13:04:54:437;0,3;13;2;13,03;0,68;46,22;3,55;-19,53;
2026 03 12 13:04:54:439;0,3;13;2;13,03;0,68;46,22;3,55;-11,72;
2026 03 12 13:04:54:441;0,3;13;2;13,03;0,68;46,22;3,55;-3,91;
2026 03 12 13:04:54:443;0,3;13;2;13,03;0,68;46,22;3,55;-3,91;
2026 03 12 13:04:54:445;0,3;13;2;13,03;0,68;46,22;3,55;-7,81;
2026 03 12 13:04:54:447;0,3;13;2;13,03;0,68;46,22;3,55;-3,91;
2026 03 12 13:04:54:449;0,3;13;2;13,03;0,68;46,22;3,55;-7,81;
2026 03 12 13:04:54:451;0,3;13;2;13,03;0,68;46,22;3,55;27,34;
2026 03 12 13:04:54:453;0,3;13;2;13,03;0,68;46,22;3,55;7,81;
2026 03 12 13:04:54:455;0,3;13;2;13,03;0,68;46,22;3,55;-3,91;
2026 03 12 13:04:54:457;0,3;13;2;13,03;0,68;46,22;3,55;-19,53;
2026 03 12 13:04:54:459;0,3;13;2;13,03;0,68;46,22;3,55;-11,72;
2026 03 12 13:04:54:461;0,3;13;2;13,03;0,68;46,22;3,55;-7,81;
2026 03 12 13:04:54:463;0,3;13;2;13,03;0,68;46,22;3,55;-7,81;
2026 03 12 13:04:54:465;0,3;13;2;13,03;0,68;46,22;3,55;-3,91;
2026 03 12 13:04:54:467;0,3;13;2;13,03;0,68;46,22;3,55;-3,91;
2026 03 12 13:04:54:469;0,3;13;2;13,03;0,68;46,22;3,55;-7,81;
2026 03 12 13:04:54:471;0,3;13;2;13,03;0,68;46,22;3,55;27,34;
2026 03 12 13:04:54:473;0,3;13;2;13,03;0,68;46,22;3,55;3,91;
2026 03 12 13:04:54:475;0,3;13;2;13,03;0,68;46,22;3,55;-7,81;
2026 03 12 13:04:54:477;0,3;13;2;13,03;0,68;46,22;3,55;-23,44;
2026 03 12 13:04:54:479;0,3;13;2;13,03;0,68;46,22;3,55;-11,72;
2026 03 12 13:04:54:481;0,3;13;2;13,03;0,68;46,22;3,55;-7,81;
2026 03 12 13:04:54:483;0,3;13;2;13,03;0,68;46,22;3,55;-7,81;
2026 03 12 13:04:54:485;0,3;13;2;13,03;0,68;46,22;3,55;-7,81;
2026 03 12 13:04:54:487;0,3;13;2;13,03;0,68;46,22;3,55;-7,81;
2026 03 12 13:04:54:489;0,3;13;2;13,03;0,68;46,22;3,55;-3,91;
2026 03 12 13:04:54:491;0,3;13;2;13,03;0,68;46,22;3,55;23,44;
2026 03 12 13:04:54:493;0,3;13;2;13,03;0,68;46,22;3,55;0;
2026 03 12 13:04:54:495;0,3;13;2;13,03;0,68;46,22;3,55;-7,81;
2026 03 12 13:04:54:497;0,3;13;2;13,03;0,68;46,22;3,55;-23,44;
2026 03 12 13:04:54:499;0,3;13;2;13,03;0,68;46,22;3,55;-11,72;
2026 03 12 13:04:54:501;0,3;13;2;13,03;0,68;46,22;3,55;-7,81;
2026 03 12 13:04:54:503;0,3;13;2;13,03;0,68;46,22;3,55;-3,91;
2026 03 12 13:04:54:505;0,3;13;2;13,03;0,68;46,22;3,55;-7,81;
2026 03 12 13:04:54:507;0,3;13;2;13,03;0,68;46,22;3,55;-7,81;
2026 03 12 13:04:54:509;0,3;13;2;13,03;0,68;46,22;3,55;-7,81;
2026 03 12 13:04:54:511;0,3;13;2;13,03;0,68;46,22;3,55;27,34;
2026 03 12 13:04:54:513;0,3;13;2;13,03;0,68;46,22;3,55;0;
2026 03 12 13:04:54:515;0,3;13;2;13,03;0,68;46,22;3,55;-3,91;
2026 03 12 13:04:54:517;0,3;13;2;13,03;0,68;46,22;3,55;-23,44;
2026 03 12 13:04:54:519;0,3;13;2;13,03;0,68;46,22;3,55;-11,72;
2026 03 12 13:04:54:521;0,3;13;2;13,03;0,68;46,22;3,55;-3,91;
2026 03 12 13:04:54:523;0,3;13;2;13,03;0,68;46,22;3,55;-7,81;
2026 03 12 13:04:54:525;0,3;13;2;13,03;0,68;46,22;3,55;-7,81;
2026 03 12 13:04:54:527;0,3;13;2;13,03;0,68;46,22;3,55;-3,91;
2026 03 12 13:04:54:529;0,3;13;2;13,03;0,68;46,22;3,55;-7,81;
2026 03 12 13:04:54:531;0,3;13;2;13,03;0,68;46,22;3,55;27,34;
2026 03 12 13:04:54:533;0,3;13;2;13,03;0,68;46,22;3,55;0;
2026 03 12 13:04:54:535;0,3;13;2;13,03;0,68;46,22;3,55;-7,81;
2026 03 12 13:04:54:537;0,3;13;2;13,03;0,68;46,22;3,55;-23,44;
2026 03 12 13:04:54:539;0,3;13;2;13,03;0,68;46,22;3,55;-11,72;
2026 03 12 13:04:54:541;0,3;13;2;13,03;0,68;46,22;3,55;-7,81;
2026 03 12 13:04:54:543;0,3;13;2;13,03;0,68;46,22;3,55;-7,81;
2026 03 12 13:04:54:545;0,3;13;2;13,03;0,68;46,22;3,55;-7,81;
2026 03 12 13:04:54:547;0,3;13;2;13,03;0,68;46,22;3,55;-3,91;
2026 03 12 13:04:54:549;0,3;13;2;13,03;0,68;46,22;3,55;-7,81;
2026 03 12 13:04:54:551;0,3;13;2;13,03;0,68;46,22;3,55;27,34;
2026 03 12 13:04:54:553;0,3;13;2;13,03;0,68;46,22;3,55;3,91;
2026 03 12 13:04:54:555;0,3;13;2;13,03;0,68;46,22;3,55;-3,91;
2026 03 12 13:04:54:557;0,3;13;2;13,03;0,68;46,22;3,55;-23,44;
2026 03 12 13:04:54:559;0,3;13;2;13,03;0,68;46,22;3,55;-11,72;
2026 03 12 13:04:54:561;0,3;13;2;13,03;0,68;46,22;3,55;-3,91;
2026 03 12 13:04:54:563;0,3;13;2;13,03;0,68;46,22;3,55;-7,81;
2026 03 12 13:04:54:565;0,3;13;2;13,03;0,68;46,22;3,55;-7,81;
2026 03 12 13:04:54:567;0,3;13;2;13,03;0,68;46,22;3,55;-3,91;
2026 03 12 13:04:54:569;0,3;13;2;13,03;0,68;46,22;3,55;-7,81;
2026 03 12 13:04:54:571;0,3;13;2;13,03;0,68;46,22;3,55;27,34;
2026 03 12 13:04:54:573;0,3;13;2;13,03;0,68;46,22;3,55;3,91;
2026 03 12 13:04:54:575;0,3;13;2;13,03;0,68;46,22;3,55;-7,81;
2026 03 12 13:04:54:577;0,3;13;2;13,03;0,68;46,22;3,55;-23,44;
2026 03 12 13:04:54:579;0,3;13;2;13,03;0,68;46,22;3,55;-11,72;
2026 03 12 13:04:54:581;0,3;13;2;13,03;0,68;46,22;3,55;-7,81;
2026 03 12 13:04:54:583;0,3;13;2;13,03;0,68;46,22;3,55;-7,81;
2026 03 12 13:04:54:585;0,3;13;2;13,03;0,68;46,22;3,55;-7,81;
2026 03 12 13:04:54:587;0,3;13;2;13,03;0,68;46,22;3,55;-3,91;
2026 03 12 13:04:54:589;0,3;13;2;13,03;0,68;46,22;3,55;-7,81;
2026 03 12 13:04:54:591;0,3;13;2;13,03;0,68;46,22;3,55;27,34;
2026 03 12 13:04:54:593;0,3;13;2;13,03;0,68;46,22;3,55;3,91;
2026 03 12 13:04:54:595;0,3;13;2;13,03;0,68;46,22;3,55;-7,81;
2026 03 12 13:04:54:597;0,3;13;2;13,03;0,68;46,22;3,55;-23,44;
2026 03 12 13:04:54:599;0,3;13;2;13,03;0,68;46,22;3,55;-11,72;
2026 03 12 13:04:54:601;0,3;13;2;13,03;0,68;46,22;3,55;-7,81;
2026 03 12 13:04:54:603;0,3;13;2;13,03;0,68;46,22;3,55;-7,81;
2026 03 12 13:04:54:605;0,3;13;2;13,03;0,68;46,22;3,55;-7,81;
2026 03 12 13:04:54:607;0,3;13;2;13,03;0,68;46,22;3,55;-3,91;
2026 03 12 13:04:54:609;0,3;13;2;13,03;0,68;46,22;3,55;-3,91;
2026 03 12 13:04:54:611;0,3;13;2;13,03;0,68;46,22;3,55;27,34;
2026 03 12 13:04:54:613;0,3;13;2;13,03;0,68;46,22;3,55;3,91;
2026 03 12 13:04:54:615;0,3;13;2;13,03;0,68;46,22;3,55;-7,81;
2026 03 12 13:04:54:617;0,3;13;2;13,03;0,68;46,22;3,55;-27,34;
2026 03 12 13:04:54:619;0,3;13;2;13,03;0,68;46,22;3,55;-11,72;
2026 03 12 13:04:54:621;0,3;13;2;13,03;0,68;46,22;3,55;-7,81;
2026 03 12 13:04:54:623;0,3;13;2;13,03;0,68;46,22;3,55;-7,81;
2026 03 12 13:04:54:625;0,3;13;2;13,03;0,68;46,22;3,55;-7,81;
2026 03 12 13:04:54:627;0,3;13;2;13,03;0,68;46,22;3,55;-7,81;
2026 03 12 13:04:54:629;0,3;13;2;13,03;0,68;46,22;3,55;-7,81;
2026 03 12 13:04:54:631;0,3;13;2;13,03;0,68;46,22;3,55;27,34;
2026 03 12 13:04:54:633;0,3;13;2;13,03;0,68;46,22;3,55;3,91;
2026 03 12 13:04:54:635;0,3;13;2;13,03;0,68;46,22;3,55;-7,81;
2026 03 12 13:04:54:637;0,3;13;2;13,03;0,68;46,22;3,55;-27,34;
2026 03 12 13:04:54:639;0,3;13;2;13,03;0,68;46,22;3,55;-11,72;
2026 03 12 13:04:54:641;0,3;13;2;13,03;0,68;46,22;3,55;-3,91;
2026 03 12 13:04:54:643;0,3;13;2;13,03;0,68;46,22;3,55;-7,81;
2026 03 12 13:04:54:645;0,3;13;2;13,03;0,68;46,22;3,55;-7,81;
2026 03 12 13:04:54:647;0,3;13;2;13,03;0,68;46,22;3,55;-7,81;
2026 03 12 13:04:54:649;0,3;13;2;13,03;0,68;46,22;3,55;-3,91;
2026 03 12 13:04:54:651;0,3;13;2;13,03;0,68;46,22;3,55;23,44;
2026 03 12 13:04:54:653;0,3;13;2;13,03;0,68;46,22;3,55;3,91;
2026 03 12 13:04:54:655;0,3;13;2;13,03;0,68;46,22;3,55;-7,81;
2026 03 12 13:04:54:657;0,3;13;2;13,03;0,68;46,22;3,55;-27,34;
2026 03 12 13:04:54:659;0,3;13;2;13,03;0,68;46,22;3,55;-11,72;
2026 03 12 13:04:54:661;0,3;13;2;13,03;0,68;46,22;3,55;-7,81;
2026 03 12 13:04:54:663;0,3;13;2;13,03;0,68;46,22;3,55;-3,91;
2026 03 12 13:04:54:665;0,3;13;2;13,03;0,68;46,22;3,55;-7,81;
2026 03 12 13:04:54:667;0,3;13;2;13,03;0,68;46,22;3,55;-7,81;
2026 03 12 13:04:54:669;0,3;13;2;13,03;0,68;46,22;3,55;-7,81;
2026 03 12 13:04:54:671;0,3;13;2;13,03;0,68;46,22;3,55;23,44;
2026 03 12 13:04:54:673;0,3;13;2;13,03;0,68;46,22;3,55;0;
2026 03 12 13:04:54:675;0,3;13;2;13,03;0,68;46,22;3,55;-7,81;
2026 03 12 13:04:54:677;0,3;13;2;13,03;0,68;46,22;3,55;-27,34;
2026 03 12 13:04:54:679;0,3;13;2;13,03;0,68;46,22;3,55;-11,72;
2026 03 12 13:04:54:681;0,3;13;2;13,03;0,68;46,22;3,55;-7,81;
2026 03 12 13:04:54:683;0,3;13;2;13,03;0,68;46,22;3,55;-7,81;
2026 03 12 13:04:54:685;0,3;13;2;13,03;0,68;46,22;3,55;-3,91;
2026 03 12 13:04:54:687;0,3;13;2;13,03;0,68;46,22;3,55;-7,81;
2026 03 12 13:04:54:689;0,3;13;2;13,03;0,68;46,22;3,55;-3,91;
2026 03 12 13:04:54:691;0,3;13;2;13,03;0,68;46,22;3,55;23,44;
2026 03 12 13:04:54:693;0,3;13;2;13,03;0,68;46,22;3,55;3,91;
2026 03 12 13:04:54:695;0,3;13;2;13,03;0,68;46,22;3,55;-3,91;
2026 03 12 13:04:54:697;0,3;13;2;13,03;0,68;46,22;3,55;-23,44;
2026 03 12 13:04:54:699;0,3;13;2;13,03;0,68;46,22;3,55;-7,81;
2026 03 12 13:04:54:701;0,3;13;2;13,03;0,68;46,22;3,55;-7,81;
2026 03 12 13:04:54:703;0,3;13;2;13,03;0,68;46,22;3,55;-3,91;
2026 03 12 13:04:54:705;0,3;13;2;13,03;0,68;46,22;3,55;-7,81;
2026 03 12 13:04:54:707;0,3;13;2;13,03;0,68;46,22;3,55;-3,91;
2026 03 12 13:04:54:709;0,3;13;2;13,03;0,68;46,22;3,55;-7,81;
2026 03 12 13:04:54:711;0,3;13;2;13,03;0,71;44,14;3,39;23,44;
2026 03 12 13:04:54:713;0,3;13;2;13,03;0,71;44,14;3,39;7,81;
2026 03 12 13:04:54:715;0,3;13;2;13,03;0,71;44,14;3,39;-7,81;
2026 03 12 13:04:54:717;0,3;13;2;13,03;0,71;44,14;3,39;-19,53;
2026 03 12 13:04:54:719;0,3;13;2;13,03;0,71;44,14;3,39;-11,72;
2026 03 12 13:04:54:721;0,3;13;2;13,03;0,71;44,14;3,39;-7,81;
2026 03 12 13:04:54:723;0,3;13;2;13,03;0,71;44,14;3,39;-7,81;
2026 03 12 13:04:54:725;0,3;13;2;13,03;0,71;44,14;3,39;-7,81;
2026 03 12 13:04:54:727;0,3;13;2;13,03;0,71;44,14;3,39;-3,91;
2026 03 12 13:04:54:729;0,3;13;2;13,03;0,71;44,14;3,39;-7,81;
2026 03 12 13:04:54:731;0,3;13;2;13,03;0,71;44,14;3,39;27,34;
2026 03 12 13:04:54:733;0,3;13;2;13,03;0,71;44,14;3,39;7,81;
2026 03 12 13:04:54:735;0,3;13;2;13,03;0,71;44,14;3,39;-7,81;
2026 03 12 13:04:54:737;0,3;13;2;13,03;0,71;44,14;3,39;-19,53;
2026 03 12 13:04:54:739;0,3;13;2;13,03;0,71;44,14;3,39;-11,72;
2026 03 12 13:04:54:741;0,3;13;2;13,03;0,71;44,14;3,39;-7,81;
2026 03 12 13:04:54:743;0,3;13;2;13,03;0,71;44,14;3,39;-3,91;
2026 03 12 13:04:54:745;0,3;13;2;13,03;0,71;44,14;3,39;-7,81;
2026 03 12 13:04:54:747;0,3;13;2;13,03;0,71;44,14;3,39;-7,81;
2026 03 12 13:04:54:749;0,3;13;2;13,03;0,71;44,14;3,39;-3,91;
2026 03 12 13:04:54:751;0,3;13;2;13,03;0,71;44,14;3,39;27,34;
2026 03 12 13:04:54:753;0,3;13;2;13,03;0,71;44,14;3,39;3,91;
2026 03 12 13:04:54:755;0,3;13;2;13,03;0,71;44,14;3,39;-3,91;
2026 03 12 13:04:54:757;0,3;13;2;13,03;0,71;44,14;3,39;-23,44;
2026 03 12 13:04:54:759;0,3;13;2;13,03;0,71;44,14;3,39;-11,72;
2026 03 12 13:04:54:761;0,3;13;2;13,03;0,71;44,14;3,39;-3,91;
2026 03 12 13:04:54:763;0,3;13;2;13,03;0,71;44,14;3,39;-7,81;
2026 03 12 13:04:54:765;0,3;13;2;13,03;0,71;44,14;3,39;-7,81;
2026 03 12 13:04:54:767;0,3;13;2;13,03;0,71;44,14;3,39;-3,91;
2026 03 12 13:04:54:769;0,3;13;2;13,03;0,71;44,14;3,39;-7,81;
2026 03 12 13:04:54:771;0,3;13;2;13,03;0,71;44,14;3,39;23,44;
2026 03 12 13:04:54:773;0,3;13;2;13,03;0,71;44,14;3,39;0;
2026 03 12 13:04:54:775;0,3;13;2;13,03;0,71;44,14;3,39;-7,81;
2026 03 12 13:04:54:777;0,3;13;2;13,03;0,71;44,14;3,39;-19,53;
2026 03 12 13:04:54:779;0,3;13;2;13,03;0,71;44,14;3,39;-15,62;
2026 03 12 13:04:54:781;0,3;13;2;13,03;0,71;44,14;3,39;-7,81;
2026 03 12 13:04:54:783;0,3;13;2;13,03;0,71;44,14;3,39;-3,91;
2026 03 12 13:04:54:785;0,3;13;2;13,03;0,71;44,14;3,39;-7,81;
2026 03 12 13:04:54:787;0,3;13;2;13,03;0,71;44,14;3,39;-3,91;
2026 03 12 13:04:54:789;0,3;13;2;13,03;0,71;44,14;3,39;-3,91;
2026 03 12 13:04:54:791;0,3;13;2;13,03;0,71;44,14;3,39;23,44;
2026 03 12 13:04:54:793;0,3;13;2;13,03;0,71;44,14;3,39;0;
2026 03 12 13:04:54:795;0,3;13;2;13,03;0,71;44,14;3,39;-7,81;
2026 03 12 13:04:54:797;0,3;13;2;13,03;0,71;44,14;3,39;-27,34;
2026 03 12 13:04:54:799;0,3;13;2;13,03;0,71;44,14;3,39;-11,72;
2026 03 12 13:04:54:801;0,3;13;2;13,03;0,71;44,14;3,39;-11,72;
2026 03 12 13:04:54:803;0,3;13;2;13,03;0,71;44,14;3,39;-11,72;
2026 03 12 13:04:54:805;0,3;13;2;13,03;0,71;44,14;3,39;-27,34;
2026 03 12 13:04:54:807;0,3;13;2;13,03;0,71;44,14;3,39;-27,34;
2026 03 12 13:04:54:809;0,3;13;2;13,03;0,71;44,14;3,39;-19,53;
2026 03 12 13:04:54:811;0,3;13;2;13,03;0,71;44,14;3,39;27,34;
2026 03 12 13:04:54:813;0,3;13;2;13,03;0,71;44,14;3,39;-11,72;
2026 03 12 13:04:54:815;0,3;13;2;13,03;0,71;44,14;3,39;23,44;
2026 03 12 13:04:54:817;0,3;13;2;13,03;0,71;44,14;3,39;-191,41;
2026 03 12 13:04:54:819;0,3;13;2;13,03;0,71;44,14;3,39;46,88;
2026 03 12 13:04:54:821;0,3;13;2;13,03;0,71;44,14;3,39;15,63;
2026 03 12 13:04:54:823;0,3;13;2;13,03;0,71;44,14;3,39;-85,94;
2026 03 12 13:04:54:825;0,3;13;2;13,03;0,71;44,14;3,39;-54,69;
2026 03 12 13:04:54:827;0,3;13;2;13,03;0,71;44,14;3,39;85,94;
2026 03 12 13:04:54:829;0,3;13;2;13,03;0,71;44,14;3,39;15,63;
2026 03 12 13:04:54:831;0,3;13;2;13,03;0,71;44,14;3,39;-27,34;
2026 03 12 13:04:54:833;0,3;13;2;13,03;0,71;44,14;3,39;-46,87;
2026 03 12 13:04:54:835;0,3;13;2;13,03;0,71;44,14;3,39;7,81;
2026 03 12 13:04:54:837;0,3;13;2;13,03;0,71;44,14;3,39;-15,62;
2026 03 12 13:04:54:839;0,3;13;2;13,03;0,71;44,14;3,39;27,34;
2026 03 12 13:04:54:841;0,3;13;2;13,03;0,71;44,14;3,39;0;
2026 03 12 13:04:54:843;0,3;13;2;13,03;0,71;44,14;3,39;11,72;
2026 03 12 13:04:54:845;0,3;13;2;13,03;0,71;44,14;3,39;-31,25;
2026 03 12 13:04:54:847;0,3;13;2;13,03;0,71;44,14;3,39;35,16;
2026 03 12 13:04:54:849;0,3;13;2;13,03;0,71;44,14;3,39;7,81;
2026 03 12 13:04:54:851;0,3;13;2;13,03;0,71;44,14;3,39;50,78;
2026 03 12 13:04:54:853;0,3;13;2;13,03;0,71;44,14;3,39;-7,81;
2026 03 12 13:04:54:855;0,3;13;2;13,03;0,71;44,14;3,39;15,63;
2026 03 12 13:04:54:857;0,3;13;2;13,03;0,71;44,14;3,39;3,91;
2026 03 12 13:04:54:859;0,3;13;2;13,03;0,71;44,14;3,39;19,53;
2026 03 12 13:04:54:861;0,3;13;2;13,03;0,71;44,14;3,39;-7,81;
2026 03 12 13:04:54:863;0,3;13;2;13,03;0,71;44,14;3,39;-3,91;
2026 03 12 13:04:54:865;0,3;13;2;13,03;0,71;44,14;3,39;11,72;
2026 03 12 13:04:54:867;0,3;13;2;13,03;0,71;44,14;3,39;35,16;
2026 03 12 13:04:54:869;0,3;13;2;13,03;0,71;44,14;3,39;19,53;
2026 03 12 13:04:54:871;0,3;13;2;13,03;0,71;44,14;3,39;27,34;
2026 03 12 13:04:54:873;0,3;13;2;13,03;0,71;44,14;3,39;0;
2026 03 12 13:04:54:875;0,3;13;2;13,03;0,71;44,14;3,39;0;
2026 03 12 13:04:54:877;0,3;13;2;13,03;0,71;44,14;3,39;-15,62;
2026 03 12 13:04:54:879;0,3;13;2;13,03;0,71;44,14;3,39;-23,44;
2026 03 12 13:04:54:881;0,3;13;2;13,03;0,71;44,14;3,39;-27,34;
2026 03 12 13:04:54:883;0,3;13;2;13,03;0,71;44,14;3,39;27,34;
2026 03 12 13:04:54:885;0,3;13;2;13,03;0,71;44,14;3,39;11,72;
2026 03 12 13:04:54:887;0,3;13;2;13,03;0,71;44,14;3,39;-27,34;
2026 03 12 13:04:54:889;0,3;13;2;13,03;0,71;44,14;3,39;-27,34;
2026 03 12 13:04:54:891;0,3;13;2;13,03;0,71;44,14;3,39;50,78;
2026 03 12 13:04:54:893;0,3;13;2;13,03;0,71;44,14;3,39;-15,62;
2026 03 12 13:04:54:895;0,3;13;2;13,03;0,71;44,14;3,39;-39,06;
2026 03 12 13:04:54:897;0,3;13;2;13,03;0,71;44,14;3,39;-7,81;
2026 03 12 13:04:54:899;0,3;13;2;13,03;0,71;44,14;3,39;3,91;
2026 03 12 13:04:54:901;0,3;13;2;13,03;0,71;44,14;3,39;-66,41;
2026 03 12 13:04:54:903;0,3;13;2;13,03;0,71;44,14;3,39;-27,34;
2026 03 12 13:04:54:905;0,3;13;2;13,03;0,71;44,14;3,39;27,34;
2026 03 12 13:04:54:907;0,3;13;2;13,03;0,71;44,14;3,39;-31,25;
2026 03 12 13:04:54:909;0,3;13;2;13,03;0,71;44,14;3,39;-46,87;
2026 03 12 13:04:54:911;0,3;13;2;13,03;0,71;44,14;3,39;-31,25;
2026 03 12 13:04:54:913;0,3;13;2;13,03;0,71;44,14;3,39;-31,25;
2026 03 12 13:04:54:915;0,3;13;2;13,03;0,71;44,14;3,39;-7,81;
2026 03 12 13:04:54:917;0,3;13;2;13,03;0,71;44,14;3,39;-15,62;
2026 03 12 13:04:54:919;0,3;13;2;13,03;0,71;44,14;3,39;-42,97;
2026 03 12 13:04:54:921;0,3;13;2;13,03;0,71;44,14;3,39;-105,47;
2026 03 12 13:04:54:923;0,3;13;2;13,03;0,71;44,14;3,39;-97,66;
2026 03 12 13:04:54:925;0,3;13;2;13,03;0,71;44,14;3,39;-31,25;
2026 03 12 13:04:54:927;0,3;13;2;13,03;0,71;44,14;3,39;11,72;
2026 03 12 13:04:54:929;0,3;13;2;13,03;0,71;44,14;3,39;-3,91;
2026 03 12 13:04:54:931;0,3;13;2;13,03;0,71;44,14;3,39;-54,69;
2026 03 12 13:04:54:933;0,3;13;2;13,03;0,71;44,14;3,39;-109,37;
2026 03 12 13:04:54:935;0,3;13;2;13,03;0,71;44,14;3,39;-50,78;
2026 03 12 13:04:54:937;0,3;13;2;13,03;0,71;44,14;3,39;-31,25;
2026 03 12 13:04:54:939;0,3;13;2;13,03;0,71;44,14;3,39;-82,03;
2026 03 12 13:04:54:941;0,3;13;2;13,03;0,71;44,14;3,39;-109,37;
2026 03 12 13:04:54:943;0,3;13;2;13,03;0,71;44,14;3,39;-7,81;
2026 03 12 13:04:54:945;0,3;13;2;13,03;0,71;44,14;3,39;-46,87;
2026 03 12 13:04:54:947;0,3;13;2;13,03;0,71;44,14;3,39;-46,87;
2026 03 12 13:04:54:949;0,3;13;2;13,03;0,71;44,14;3,39;-89,84;
2026 03 12 13:04:54:951;0,3;13;2;13,03;0,71;44,14;3,39;3,91;
2026 03 12 13:04:54:953;0,3;13;2;13,03;0,71;44,14;3,39;-27,34;
2026 03 12 13:04:54:955;0,3;13;2;13,03;0,71;44,14;3,39;-54,69;
2026 03 12 13:04:54:957;0,3;13;2;13,03;0,71;44,14;3,39;-82,03;
2026 03 12 13:04:54:959;0,3;13;2;13,03;0,71;44,14;3,39;-66,41;
2026 03 12 13:04:54:961;0,3;13;2;13,03;0,71;44,14;3,39;-42,97;
2026 03 12 13:04:54:963;0,3;13;2;13,03;0,71;44,14;3,39;-35,16;
2026 03 12 13:04:54:965;0,3;13;2;13,03;0,71;44,14;3,39;-54,69;
2026 03 12 13:04:54:967;0,3;13;2;13,03;0,71;44,14;3,39;-19,53;
2026 03 12 13:04:54:969;0,3;13;2;13,03;0,71;44,14;3,39;-11,72;
2026 03 12 13:04:54:971;0,3;13;2;13,03;0,71;44,14;3,39;-46,87;
2026 03 12 13:04:54:973;0,3;13;2;13,03;0,71;44,14;3,39;-78,12;
2026 03 12 13:04:54:975;0,3;13;2;13,03;0,71;44,14;3,39;3,91;
2026 03 12 13:04:54:977;0,3;13;2;13,03;0,71;44,14;3,39;-93,75;
2026 03 12 13:04:54:979;0,3;13;2;13,03;0,71;44,14;3,39;-105,47;
2026 03 12 13:04:54:981;0,3;13;2;13,03;0,71;44,14;3,39;-58,59;
2026 03 12 13:04:54:983;0,3;13;2;13,03;0,71;44,14;3,39;74,22;
2026 03 12 13:04:54:985;0,3;13;2;13,03;0,71;44,14;3,39;-70,31;
2026 03 12 13:04:54:987;0,3;13;2;13,03;0,71;44,14;3,39;-144,53;
2026 03 12 13:04:54:989;0,3;13;2;13,03;0,71;44,14;3,39;-74,22;
2026 03 12 13:04:54:991;0,3;13;2;13,03;0,71;44,14;3,39;19,53;
2026 03 12 13:04:54:993;0,3;13;2;13,03;0,71;44,14;3,39;-74,22;
2026 03 12 13:04:54:995;0,3;13;2;13,03;0,71;44,14;3,39;-15,62;
2026 03 12 13:04:54:997;0,3;13;2;13,03;0,71;44,14;3,39;-31,25;
2026 03 12 13:04:54:999;0,3;13;2;13,03;0,71;44,14;3,39;-121,09;
2026 03 12 13:04:55:001;0,3;13;2;13,03;0,71;44,14;3,39;-128,91;
2026 03 12 13:04:55:003;0,3;13;2;13,03;0,71;44,14;3,39;-35,16;
2026 03 12 13:04:55:005;0,3;13;2;13,03;0,71;44,14;3,39;-35,16;
2026 03 12 13:04:55:007;0,3;13;2;13,03;0,71;44,14;3,39;-117,19;
2026 03 12 13:04:55:009;0,3;13;2;13,03;0,71;44,14;3,39;-62,5;
2026 03 12 13:04:55:011;0,3;13;2;13,05;0,75;44,16;3,38;31,25;
2026 03 12 13:04:55:013;0,3;13;2;13,05;0,75;44,16;3,38;-93,75;
2026 03 12 13:04:55:015;0,3;13;2;13,05;0,75;44,16;3,38;-89,84;
2026 03 12 13:04:55:017;0,3;13;2;13,05;0,75;44,16;3,38;-132,81;
2026 03 12 13:04:55:019;0,3;13;2;13,05;0,75;44,16;3,38;3,91;
2026 03 12 13:04:55:021;0,3;13;2;13,05;0,75;44,16;3,38;-62,5;
2026 03 12 13:04:55:023;0,3;13;2;13,05;0,75;44,16;3,38;-50,78;
2026 03 12 13:04:55:025;0,3;13;2;13,05;0,75;44,16;3,38;-93,75;
2026 03 12 13:04:55:027;0,3;13;2;13,05;0,75;44,16;3,38;-35,16;
2026 03 12 13:04:55:029;0,3;13;2;13,05;0,75;44,16;3,38;-58,59;
2026 03 12 13:04:55:031;0,3;13;2;13,05;0,75;44,16;3,38;-27,34;
2026 03 12 13:04:55:033;0,3;13;2;13,05;0,75;44,16;3,38;-136,72;
2026 03 12 13:04:55:035;0,3;13;2;13,05;0,75;44,16;3,38;-46,87;
2026 03 12 13:04:55:037;0,3;13;2;13,05;0,75;44,16;3,38;-3,91;
2026 03 12 13:04:55:039;0,3;13;2;13,05;0,75;44,16;3,38;-35,16;
2026 03 12 13:04:55:041;0,3;13;2;13,05;0,75;44,16;3,38;-191,41;
2026 03 12 13:04:55:043;0,3;13;2;13,05;0,75;44,16;3,38;-97,66;
2026 03 12 13:04:55:045;0,3;13;2;13,05;0,75;44,16;3,38;-66,41;
2026 03 12 13:04:55:047;0,3;13;2;13,05;0,75;44,16;3,38;-39,06;
2026 03 12 13:04:55:049;0,3;13;2;13,05;0,75;44,16;3,38;-89,84;
2026 03 12 13:04:55:051;0,3;13;2;13,05;0,75;44,16;3,38;27,34;
2026 03 12 13:04:55:053;0,3;13;2;13,05;0,75;44,16;3,38;-144,53;
2026 03 12 13:04:55:055;0,3;13;2;13,05;0,75;44,16;3,38;-125;
2026 03 12 13:04:55:057;0,3;13;2;13,05;0,75;44,16;3,38;-85,94;
2026 03 12 13:04:55:059;0,3;13;2;13,05;0,75;44,16;3,38;-42,97;
2026 03 12 13:04:55:061;0,3;13;2;13,05;0,75;44,16;3,38;-203,12;
2026 03 12 13:04:55:063;0,3;13;2;13,05;0,75;44,16;3,38;-101,56;
2026 03 12 13:04:55:065;0,3;13;2;13,05;0,75;44,16;3,38;3,91;
2026 03 12 13:04:55:067;0,3;13;2;13,05;0,75;44,16;3,38;-136,72;
2026 03 12 13:04:55:069;0,3;13;2;13,05;0,75;44,16;3,38;-195,31;
2026 03 12 13:04:55:071;0,3;13;2;13,05;0,75;44,16;3,38;-50,78;
2026 03 12 13:04:55:073;0,3;13;2;13,05;0,75;44,16;3,38;-39,06;
2026 03 12 13:04:55:075;0,3;13;2;13,05;0,75;44,16;3,38;-117,19;
2026 03 12 13:04:55:077;0,3;13;2;13,05;0,75;44,16;3,38;-128,91;
2026 03 12 13:04:55:079;0,3;13;2;13,05;0,75;44,16;3,38;-97,66;
2026 03 12 13:04:55:081;0,3;13;2;13,05;0,75;44,16;3,38;-167,97;
2026 03 12 13:04:55:083;0,3;13;2;13,05;0,75;44,16;3,38;-78,12;
2026 03 12 13:04:55:085;0,3;13;2;13,05;0,75;44,16;3,38;-58,59;
2026 03 12 13:04:55:087;0,3;13;2;13,05;0,75;44,16;3,38;-105,47;
2026 03 12 13:04:55:089;0,3;13;2;13,05;0,75;44,16;3,38;-164,06;
2026 03 12 13:04:55:091;0,3;13;2;13,05;0,75;44,16;3,38;54,69;
2026 03 12 13:04:55:093;0,3;13;2;13,05;0,75;44,16;3,38;-85,94;
2026 03 12 13:04:55:095;0,3;13;2;13,05;0,75;44,16;3,38;-199,22;
2026 03 12 13:04:55:097;0,3;13;2;13,05;0,75;44,16;3,38;-121,09;
2026 03 12 13:04:55:099;0,3;13;2;13,05;0,75;44,16;3,38;3,91;
2026 03 12 13:04:55:101;0,3;13;2;13,05;0,75;44,16;3,38;-121,09;
2026 03 12 13:04:55:103;0,3;13;2;13,05;0,75;44,16;3,38;-82,03;
2026 03 12 13:04:55:105;0,3;13;2;13,05;0,75;44,16;3,38;-62,5;
2026 03 12 13:04:55:107;0,3;13;2;13,05;0,75;44,16;3,38;-97,66;
2026 03 12 13:04:55:109;0,3;13;2;13,05;0,75;44,16;3,38;-144,53;
2026 03 12 13:04:55:111;0,3;13;2;13,05;0,75;44,16;3,38;-46,87;
2026 03 12 13:04:55:113;0,3;13;2;13,05;0,75;44,16;3,38;-82,03;
2026 03 12 13:04:55:115;0,3;13;2;13,05;0,75;44,16;3,38;-136,72;
2026 03 12 13:04:55:117;0,3;13;2;13,05;0,75;44,16;3,38;-74,22;
2026 03 12 13:04:55:119;0,3;13;2;13,05;0,75;44,16;3,38;-27,34;
2026 03 12 13:04:55:121;0,3;13;2;13,05;0,75;44,16;3,38;-167,97;
2026 03 12 13:04:55:123;0,3;13;2;13,05;0,75;44,16;3,38;-117,19;
2026 03 12 13:04:55:125;0,3;13;2;13,05;0,75;44,16;3,38;-101,56;
2026 03 12 13:04:55:127;0,3;13;2;13,05;0,75;44,16;3,38;-78,12;
2026 03 12 13:04:55:129;0,3;13;2;13,05;0,75;44,16;3,38;-97,66;
2026 03 12 13:04:55:131;0,3;13;2;13,05;0,75;44,16;3,38;-54,69;
2026 03 12 13:04:55:133;0,3;13;2;13,05;0,75;44,16;3,38;-140,62;
2026 03 12 13:04:55:135;0,3;13;2;13,05;0,75;44,16;3,38;-113,28;
2026 03 12 13:04:55:137;0,3;13;2;13,05;0,75;44,16;3,38;-101,56;
2026 03 12 13:04:55:139;0,3;13;2;13,05;0,75;44,16;3,38;-89,84;
2026 03 12 13:04:55:141;0,3;13;2;13,05;0,75;44,16;3,38;-179,69;
2026 03 12 13:04:55:143;0,3;13;2;13,05;0,75;44,16;3,38;-125;
2026 03 12 13:04:55:145;0,3;13;2;13,05;0,75;44,16;3,38;-46,87;
2026 03 12 13:04:55:147;0,3;13;2;13,05;0,75;44,16;3,38;-152,34;
2026 03 12 13:04:55:149;0,3;13;2;13,05;0,75;44,16;3,38;-160,16;
2026 03 12 13:04:55:151;0,3;13;2;13,05;0,75;44,16;3,38;-46,87;
2026 03 12 13:04:55:153;0,3;13;2;13,05;0,75;44,16;3,38;-50,78;
2026 03 12 13:04:55:155;0,3;13;2;13,05;0,75;44,16;3,38;-117,19;
2026 03 12 13:04:55:157;0,3;13;2;13,05;0,75;44,16;3,38;-93,75;
2026 03 12 13:04:55:159;0,3;13;2;13,05;0,75;44,16;3,38;-156,25;
2026 03 12 13:04:55:161;0,3;13;2;13,05;0,75;44,16;3,38;-167,97;
2026 03 12 13:04:55:163;0,3;13;2;13,05;0,75;44,16;3,38;-132,81;
2026 03 12 13:04:55:165;0,3;13;2;13,05;0,75;44,16;3,38;-23,44;
2026 03 12 13:04:55:167;0,3;13;2;13,05;0,75;44,16;3,38;-109,37;
2026 03 12 13:04:55:169;0,3;13;2;13,05;0,75;44,16;3,38;-210,94;
2026 03 12 13:04:55:171;0,3;13;2;13,05;0,75;44,16;3,38;-11,72;
2026 03 12 13:04:55:173;0,3;13;2;13,05;0,75;44,16;3,38;-74,22;
2026 03 12 13:04:55:175;0,3;13;2;13,05;0,75;44,16;3,38;-195,31;
2026 03 12 13:04:55:177;0,3;13;2;13,05;0,75;44,16;3,38;-164,06;
2026 03 12 13:04:55:179;0,3;13;2;13,05;0,75;44,16;3,38;-101,56;
2026 03 12 13:04:55:181;0,3;13;2;13,05;0,75;44,16;3,38;-78,12;
2026 03 12 13:04:55:183;0,3;13;2;13,05;0,75;44,16;3,38;-89,84;
2026 03 12 13:04:55:185;0,3;13;2;13,05;0,75;44,16;3,38;-128,91;
2026 03 12 13:04:55:187;0,3;13;2;13,05;0,75;44,16;3,38;-164,06;
2026 03 12 13:04:55:189;0,3;13;2;13,05;0,75;44,16;3,38;-128,91;
2026 03 12 13:04:55:191;0,3;13;2;13,05;0,75;44,16;3,38;-50,78;
2026 03 12 13:04:55:193;0,3;13;2;13,05;0,75;44,16;3,38;-113,28;
2026 03 12 13:04:55:195;0,3;13;2;13,05;0,75;44,16;3,38;-207,03;
2026 03 12 13:04:55:197;0,3;13;2;13,05;0,75;44,16;3,38;-144,53;
2026 03 12 13:04:55:199;0,3;13;2;13,05;0,75;44,16;3,38;-74,22;
2026 03 12 13:04:55:201;0,3;13;2;13,05;0,75;44,16;3,38;-175,78;
2026 03 12 13:04:55:203;0,3;13;2;13,05;0,75;44,16;3,38;-171,87;
2026 03 12 13:04:55:205;0,3;13;2;13,05;0,75;44,16;3,38;-82,03;
2026 03 12 13:04:55:207;0,3;13;2;13,05;0,75;44,16;3,38;-89,84;
2026 03 12 13:04:55:209;0,3;13;2;13,05;0,75;44,16;3,38;-132,81;
2026 03 12 13:04:55:211;0,3;13;2;13,05;0,75;44,16;3,38;-101,56;
2026 03 12 13:04:55:213;0,3;13;2;13,05;0,75;44,16;3,38;-144,53;
2026 03 12 13:04:55:215;0,3;13;2;13,05;0,75;44,16;3,38;-171,87;
2026 03 12 13:04:55:217;0,3;13;2;13,05;0,75;44,16;3,38;-85,94;
2026 03 12 13:04:55:219;0,3;13;2;13,05;0,75;44,16;3,38;-113,28;
2026 03 12 13:04:55:221;0,3;13;2;13,05;0,75;44,16;3,38;-113,28;
2026 03 12 13:04:55:223;0,3;13;2;13,05;0,75;44,16;3,38;-187,5;
2026 03 12 13:04:55:225;0,3;13;2;13,05;0,75;44,16;3,38;-82,03;
2026 03 12 13:04:55:227;0,3;13;2;13,05;0,75;44,16;3,38;-175,78;
2026 03 12 13:04:55:229;0,3;13;2;13,05;0,75;44,16;3,38;-171,87;
2026 03 12 13:04:55:231;0,3;13;2;13,05;0,75;44,16;3,38;-74,22;
2026 03 12 13:04:55:233;0,3;13;2;13,05;0,75;44,16;3,38;-46,87;
2026 03 12 13:04:55:235;0,3;13;2;13,05;0,75;44,16;3,38;-152,34;
2026 03 12 13:04:55:237;0,3;13;2;13,05;0,75;44,16;3,38;-78,12;
2026 03 12 13:04:55:239;0,3;13;2;13,05;0,75;44,16;3,38;-160,16;
2026 03 12 13:04:55:241;0,3;13;2;13,05;0,75;44,16;3,38;-164,06;
2026 03 12 13:04:55:243;0,3;13;2;13,05;0,75;44,16;3,38;-171,87;
2026 03 12 13:04:55:245;0,3;13;2;13,05;0,75;44,16;3,38;-78,12;
2026 03 12 13:04:55:247;0,3;13;2;13,05;0,75;44,16;3,38;-136,72;
2026 03 12 13:04:55:249;0,3;13;2;13,05;0,75;44,16;3,38;-140,62;
2026 03 12 13:04:55:251;0,3;13;2;13,05;0,75;44,16;3,38;-144,53;
2026 03 12 13:04:55:253;0,3;13;2;13,05;0,75;44,16;3,38;-11,72;
2026 03 12 13:04:55:255;0,3;13;2;13,05;0,75;44,16;3,38;-234,37;
2026 03 12 13:04:55:257;0,3;13;2;13,05;0,75;44,16;3,38;-187,5;
2026 03 12 13:04:55:259;0,3;13;2;13,05;0,75;44,16;3,38;-109,37;
2026 03 12 13:04:55:261;0,3;13;2;13,05;0,75;44,16;3,38;-85,94;
2026 03 12 13:04:55:263;0,3;13;2;13,05;0,75;44,16;3,38;-156,25;
2026 03 12 13:04:55:265;0,3;13;2;13,05;0,75;44,16;3,38;-50,78;
2026 03 12 13:04:55:267;0,3;13;2;13,05;0,75;44,16;3,38;-214,84;
2026 03 12 13:04:55:269;0,3;13;2;13,05;0,75;44,16;3,38;-148,44;
2026 03 12 13:04:55:271;0,3;13;2;13,05;0,75;44,16;3,38;-109,37;
2026 03 12 13:04:55:273;0,3;13;2;13,05;0,75;44,16;3,38;-58,59;
2026 03 12 13:04:55:275;0,3;13;2;13,05;0,75;44,16;3,38;-191,41;
2026 03 12 13:04:55:277;0,3;13;2;13,05;0,75;44,16;3,38;-222,66;
2026 03 12 13:04:55:279;0,3;13;2;13,05;0,75;44,16;3,38;-105,47;
2026 03 12 13:04:55:281;0,3;13;2;13,05;0,75;44,16;3,38;-121,09;
2026 03 12 13:04:55:283;0,3;13;2;13,05;0,75;44,16;3,38;-199,22;
2026 03 12 13:04:55:285;0,3;13;2;13,05;0,75;44,16;3,38;-128,91;
2026 03 12 13:04:55:287;0,3;13;2;13,05;0,75;44,16;3,38;-89,84;
2026 03 12 13:04:55:289;0,3;13;2;13,05;0,75;44,16;3,38;-160,16;
2026 03 12 13:04:55:291;0,3;13;2;13,05;0,75;44,16;3,38;-117,19;
2026 03 12 13:04:55:293;0,3;13;2;13,05;0,75;44,16;3,38;-167,97;
2026 03 12 13:04:55:295;0,3;13;2;13,05;0,75;44,16;3,38;-140,62;
2026 03 12 13:04:55:297;0,3;13;2;13,05;0,75;44,16;3,38;-156,25;
2026 03 12 13:04:55:299;0,3;13;2;13,05;0,75;44,16;3,38;-136,72;
2026 03 12 13:04:55:301;0,3;13;2;13,05;0,75;44,16;3,38;-109,37;
2026 03 12 13:04:55:303;0,3;13;2;13,05;0,75;44,16;3,38;-210,94;
2026 03 12 13:04:55:305;0,3;13;2;13,05;0,75;44,16;3,38;-156,25;
2026 03 12 13:04:55:307;0,3;13;2;13,05;0,75;44,16;3,38;-121,09;
2026 03 12 13:04:55:309;0,3;13;2;13,05;0,75;44,16;3,38;-214,84;
2026 03 12 13:04:55:311;0,3;13;2;13,05;0,75;44,16;3,38;-117,19;
2026 03 12 13:04:55:313;0,31;22;2;255999,98;-3;201,9;0;-125;
2026 03 12 13:04:55:315;0,31;22;2;255999,98;-3;201,9;0;-85,94;
2026 03 12 13:04:55:317;0,31;22;2;255999,98;-3;201,9;0;-117,19;
2026 03 12 13:04:55:319;0,31;22;2;255999,98;-3;201,9;0;-128,91;
2026 03 12 13:04:55:321;0,31;22;2;255999,98;-3;201,9;0;-218,75;
2026 03 12 13:04:55:323;0,31;22;2;255999,98;-3;201,9;0;-191,41;
2026 03 12 13:04:55:325;0,31;22;2;255999,98;-3;201,9;0;-132,81;
2026 03 12 13:04:55:327;0,31;22;2;255999,98;-3;201,9;0;-128,91;
2026 03 12 13:04:55:329;0,31;22;2;255999,98;-3;201,9;0;-164,06;
2026 03 12 13:04:55:331;0,31;22;2;255999,98;-3;201,9;0;-140,62;
2026 03 12 13:04:55:333;0,31;22;2;255999,98;-3;201,9;0;-89,84;
2026 03 12 13:04:55:335;0,31;22;2;255999,98;-3;201,9;0;-175,78;
2026 03 12 13:04:55:337;0,31;22;2;255999,98;-3;201,9;0;-195,31;
2026 03 12 13:04:55:339;0,31;22;2;255999,98;-3;201,9;0;-148,44;
2026 03 12 13:04:55:341;0,31;22;2;255999,98;-3;201,9;0;-140,62;
2026 03 12 13:04:55:343;0,31;22;2;255999,98;-3;201,9;0;-140,62;
2026 03 12 13:04:55:345;0,31;22;2;255999,98;-3;201,9;0;-160,16;
2026 03 12 13:04:55:347;0,31;22;2;255999,98;-3;201,9;0;-175,78;
2026 03 12 13:04:55:349;0,31;22;2;255999,98;-3;201,9;0;-164,06;
2026 03 12 13:04:55:351;0,31;22;2;255999,98;-3;201,9;0;-101,56;
2026 03 12 13:04:55:353;0,31;22;2;255999,98;-3;201,9;0;-101,56;
2026 03 12 13:04:55:355;0,31;22;2;255999,98;-3;201,9;0;-183,59;
2026 03 12 13:04:55:357;0,31;22;2;255999,98;-3;201,9;0;-230,47;
2026 03 12 13:04:55:359;0,31;22;2;255999,98;-3;201,9;0;-152,34;
2026 03 12 13:04:55:361;0,31;22;2;255999,98;-3;201,9;0;-125;
2026 03 12 13:04:55:363;0,31;22;2;255999,98;-3;201,9;0;-179,69;
2026 03 12 13:04:55:365;0,31;22;2;255999,98;-3;201,9;0;-164,06;
2026 03 12 13:04:55:367;0,31;22;2;255999,98;-3;201,9;0;-125;
2026 03 12 13:04:55:369;0,31;22;2;255999,98;-3;201,9;0;-152,34;
2026 03 12 13:04:55:371;0,31;22;2;255999,98;-3;201,9;0;-136,72;
2026 03 12 13:04:55:373;0,31;22;2;255999,98;-3;201,9;0;-152,34;
2026 03 12 13:04:55:375;0,31;22;2;255999,98;-3;201,9;0;-203,12;
2026 03 12 13:04:55:377;0,31;22;2;255999,98;-3;201,9;0;-207,03;
2026 03 12 13:04:55:379;0,31;22;2;255999,98;-3;201,9;0;-132,81;
2026 03 12 13:04:55:381;0,31;22;2;255999,98;-3;201,9;0;-101,56;
2026 03 12 13:04:55:383;0,31;22;2;255999,98;-3;201,9;0;-167,97;
2026 03 12 13:04:55:385;0,31;22;2;255999,98;-3;201,9;0;-175,78;
2026 03 12 13:04:55:387;0,31;22;2;255999,98;-3;201,9;0;-136,72;
2026 03 12 13:04:55:389;0,31;22;2;255999,98;-3;201,9;0;-230,47;
2026 03 12 13:04:55:391;0,31;22;2;255999,98;-3;201,9;0;-152,34;
2026 03 12 13:04:55:393;0,31;22;2;255999,98;-3;201,9;0;-117,19;
2026 03 12 13:04:55:395;0,31;22;2;255999,98;-3;201,9;0;-105,47;
2026 03 12 13:04:55:397;0,31;22;2;255999,98;-3;201,9;0;-199,22;
2026 03 12 13:04:55:399;0,31;22;2;255999,98;-3;201,9;0;-164,06;
2026 03 12 13:04:55:401;0,31;22;2;255999,98;-3;201,9;0;-171,87;
2026 03 12 13:04:55:403;0,31;22;2;255999,98;-3;201,9;0;-199,22;
2026 03 12 13:04:55:405;0,31;22;2;255999,98;-3;201,9;0;-164,06;
2026 03 12 13:04:55:407;0,31;22;2;255999,98;-3;201,9;0;-136,72;
2026 03 12 13:04:55:409;0,31;22;2;255999,98;-3;201,9;0;-207,03;
2026 03 12 13:04:55:411;0,31;22;2;255999,98;-3;201,9;0;-171,87;
2026 03 12 13:04:55:413;0,31;22;2;255999,98;-3;201,9;0;-97,66;
2026 03 12 13:04:55:415;0,31;22;2;255999,98;-3;201,9;0;-148,44;
2026 03 12 13:04:55:417;0,31;22;2;255999,98;-3;201,9;0;-203,12;
2026 03 12 13:04:55:419;0,31;22;2;255999,98;-3;201,9;0;-187,5;
2026 03 12 13:04:55:421;0,31;22;2;255999,98;-3;201,9;0;-164,06;
2026 03 12 13:04:55:423;0,31;22;2;255999,98;-3;201,9;0;-164,06;
2026 03 12 13:04:55:425;0,31;22;2;255999,98;-3;201,9;0;-175,78;
2026 03 12 13:04:55:427;0,31;22;2;255999,98;-3;201,9;0;-140,62;
2026 03 12 13:04:55:429;0,31;22;2;255999,98;-3;201,9;0;-183,59;
2026 03 12 13:04:55:431;0,31;22;2;255999,98;-3;201,9;0;-167,97;
2026 03 12 13:04:55:433;0,31;22;2;255999,98;-3;201,9;0;-70,31;
2026 03 12 13:04:55:435;0,31;22;2;255999,98;-3;201,9;0;-187,5;
2026 03 12 13:04:55:437;0,31;22;2;255999,98;-3;201,9;0;-203,12;
2026 03 12 13:04:55:439;0,31;22;2;255999,98;-3;201,9;0;-246,09;
2026 03 12 13:04:55:441;0,31;22;2;255999,98;-3;201,9;0;-152,34;
2026 03 12 13:04:55:443;0,31;22;2;255999,98;-3;201,9;0;-210,94;
2026 03 12 13:04:55:445;0,31;22;2;255999,98;-3;201,9;0;-156,25;
2026 03 12 13:04:55:447;0,31;22;2;255999,98;-3;201,9;0;-105,47;
2026 03 12 13:04:55:449;0,31;22;2;255999,98;-3;201,9;0;-97,66;
2026 03 12 13:04:55:451;0,31;22;2;255999,98;-3;201,9;0;-195,31;
2026 03 12 13:04:55:453;0,31;22;2;255999,98;-3;201,9;0;-175,78;
2026 03 12 13:04:55:455;0,31;22;2;255999,98;-3;201,9;0;-199,22;
2026 03 12 13:04:55:457;0,31;22;2;255999,98;-3;201,9;0;-195,31;
2026 03 12 13:04:55:459;0,31;22;2;255999,98;-3;201,9;0;-167,97;
2026 03 12 13:04:55:461;0,31;22;2;255999,98;-3;201,9;0;-128,91;
2026 03 12 13:04:55:463;0,31;22;2;255999,98;-3;201,9;0;-183,59;
2026 03 12 13:04:55:465;0,31;22;2;255999,98;-3;201,9;0;-152,34;
2026 03 12 13:04:55:467;0,31;22;2;255999,98;-3;201,9;0;-191,41;
2026 03 12 13:04:55:469;0,31;22;2;255999,98;-3;201,9;0;-167,97;
2026 03 12 13:04:55:471;0,31;22;2;255999,98;-3;201,9;0;-195,31;
2026 03 12 13:04:55:473;0,31;22;2;255999,98;-3;201,9;0;-187,5;
2026 03 12 13:04:55:475;0,31;22;2;255999,98;-3;201,9;0;-156,25;
2026 03 12 13:04:55:477;0,31;22;2;255999,98;-3;201,9;0;-132,81;
2026 03 12 13:04:55:479;0,31;22;2;255999,98;-3;201,9;0;-136,72;
2026 03 12 13:04:55:481;0,31;22;2;255999,98;-3;201,9;0;-167,97;
2026 03 12 13:04:55:483;0,31;22;2;255999,98;-3;201,9;0;-234,37;
2026 03 12 13:04:55:485;0,31;22;2;255999,98;-3;201,9;0;-199,22;
2026 03 12 13:04:55:487;0,31;22;2;255999,98;-3;201,9;0;-128,91;
2026 03 12 13:04:55:489;0,31;22;2;255999,98;-3;201,9;0;-160,16;
2026 03 12 13:04:55:491;0,31;22;2;255999,98;-3;201,9;0;-160,16;
2026 03 12 13:04:55:493;0,31;22;2;255999,98;-3;201,9;0;-160,16;
2026 03 12 13:04:55:495;0,31;22;2;255999,98;-3;201,9;0;-160,16;
2026 03 12 13:04:55:497;0,31;22;2;255999,98;-3;201,9;0;-183,59;
2026 03 12 13:04:55:499;0,31;22;2;255999,98;-3;201,9;0;-191,41;
2026 03 12 13:04:55:501;0,31;22;2;255999,98;-3;201,9;0;-199,22;
2026 03 12 13:04:55:503;0,31;22;2;255999,98;-3;201,9;0;-132,81;
2026 03 12 13:04:55:505;0,31;22;2;255999,98;-3;201,9;0;-203,12;
2026 03 12 13:04:55:507;0,31;22;2;255999,98;-3;201,9;0;-148,44;
2026 03 12 13:04:55:509;0,31;22;2;255999,98;-3;201,9;0;-128,91;
2026 03 12 13:04:55:511;0,31;22;2;255999,98;-3;201,9;0;-152,34;
2026 03 12 13:04:55:513;0,31;22;2;255999,98;-3;201,9;0;-128,91;
2026 03 12 13:04:55:515;0,31;22;2;255999,98;-3;201,9;0;-160,16;
2026 03 12 13:04:55:517;0,31;22;2;255999,98;-3;201,9;0;-230,47;
2026 03 12 13:04:55:519;0,31;22;2;255999,98;-3;201,9;0;-222,66;
2026 03 12 13:04:55:521;0,31;22;2;255999,98;-3;201,9;0;-160,16;
2026 03 12 13:04:55:523;0,31;22;2;255999,98;-3;201,9;0;-214,84;
2026 03 12 13:04:55:525;0,31;22;2;255999,98;-3;201,9;0;-187,5;
2026 03 12 13:04:55:527;0,31;22;2;255999,98;-3;201,9;0;-199,22;
2026 03 12 13:04:55:529;0,31;22;2;255999,98;-3;201,9;0;-113,28;
2026 03 12 13:04:55:531;0,31;22;2;255999,98;-3;201,9;0;-125;
2026 03 12 13:04:55:533;0,31;22;2;255999,98;-3;201,9;0;-191,41;
2026 03 12 13:04:55:535;0,31;22;2;255999,98;-3;201,9;0;-218,75;
2026 03 12 13:04:55:537;0,31;22;2;255999,98;-3;201,9;0;-253,91;
2026 03 12 13:04:55:539;0,31;22;2;255999,98;-3;201,9;0;-199,22;
2026 03 12 13:04:55:541;0,31;22;2;255999,98;-3;201,9;0;-117,19;
2026 03 12 13:04:55:543;0,31;22;2;255999,98;-3;201,9;0;-152,34;
2026 03 12 13:04:55:545;0,31;22;2;255999,98;-3;201,9;0;-187,5;
2026 03 12 13:04:55:547;0,31;22;2;255999,98;-3;201,9;0;-171,87;
2026 03 12 13:04:55:549;0,31;22;2;255999,98;-3;201,9;0;-160,16;
2026 03 12 13:04:55:551;0,31;22;2;255999,98;-3;201,9;0;-250;
2026 03 12 13:04:55:553;0,31;22;2;255999,98;-3;201,9;0;-164,06;
2026 03 12 13:04:55:555;0,31;22;2;255999,98;-3;201,9;0;-152,34;
2026 03 12 13:04:55:557;0,31;22;2;255999,98;-3;201,9;0;-148,44;
2026 03 12 13:04:55:559;0,31;22;2;255999,98;-3;201,9;0;-195,31;
2026 03 12 13:04:55:561;0,31;22;2;255999,98;-3;201,9;0;-140,62;
2026 03 12 13:04:55:563;0,31;22;2;255999,98;-3;201,9;0;-171,87;
2026 03 12 13:04:55:565;0,31;22;2;255999,98;-3;201,9;0;-214,84;
2026 03 12 13:04:55:567;0,31;22;2;255999,98;-3;201,9;0;-167,97;
2026 03 12 13:04:55:569;0,31;22;2;255999,98;-3;201,9;0;-207,03;
2026 03 12 13:04:55:571;0,31;22;2;255999,98;-3;201,9;0;-214,84;
2026 03 12 13:04:55:573;0,31;22;2;255999,98;-3;201,9;0;-195,31;
2026 03 12 13:04:55:575;0,31;22;2;255999,98;-3;201,9;0;-132,81;
2026 03 12 13:04:55:577;0,31;22;2;255999,98;-3;201,9;0;-160,16;
2026 03 12 13:04:55:579;0,31;22;2;255999,98;-3;201,9;0;-214,84;
2026 03 12 13:04:55:581;0,31;22;2;255999,98;-3;201,9;0;-242,19;
2026 03 12 13:04:55:583;0,31;22;2;255999,98;-3;201,9;0;-128,91;
2026 03 12 13:04:55:585;0,31;22;2;255999,98;-3;201,9;0;-191,41;
2026 03 12 13:04:55:587;0,31;22;2;255999,98;-3;201,9;0;-156,25;
2026 03 12 13:04:55:589;0,31;22;2;255999,98;-3;201,9;0;-191,41;
2026 03 12 13:04:55:591;0,31;22;2;255999,98;-3;201,9;0;-207,03;
2026 03 12 13:04:55:593;0,31;22;2;255999,98;-3;201,9;0;-191,41;
2026 03 12 13:04:55:595;0,31;22;2;255999,98;-3;201,9;0;-97,66;
2026 03 12 13:04:55:597;0,31;22;2;255999,98;-3;201,9;0;-187,5;
2026 03 12 13:04:55:599;0,31;22;2;255999,98;-3;201,9;0;-242,19;
2026 03 12 13:04:55:601;0,31;22;2;255999,98;-3;201,9;0;-207,03;
2026 03 12 13:04:55:603;0,31;22;2;255999,98;-3;201,9;0;-218,75;
2026 03 12 13:04:55:605;0,31;22;2;255999,98;-3;201,9;0;-253,91;
2026 03 12 13:04:55:607;0,31;22;2;255999,98;-3;201,9;0;-152,34;
2026 03 12 13:04:55:609;0,31;22;2;255999,98;-3;201,9;0;-89,84;
2026 03 12 13:04:55:611;0,43;50;4;255999,98;-3;216,51;0;-85,94;
2026 03 12 13:04:55:613;0,43;50;4;255999,98;-3;216,51;0;-250;
2026 03 12 13:04:55:615;0,43;50;4;255999,98;-3;216,51;0;-171,87;
2026 03 12 13:04:55:617;0,43;50;4;255999,98;-3;216,51;0;-246,09;
2026 03 12 13:04:55:619;0,43;50;4;255999,98;-3;216,51;0;-218,75;
2026 03 12 13:04:55:621;0,43;50;4;255999,98;-3;216,51;0;-187,5;
2026 03 12 13:04:55:623;0,43;50;4;255999,98;-3;216,51;0;-156,25;
2026 03 12 13:04:55:625;0,43;50;4;255999,98;-3;216,51;0;-179,69;
2026 03 12 13:04:55:627;0,43;50;4;255999,98;-3;216,51;0;-132,81;
2026 03 12 13:04:55:629;0,43;50;4;255999,98;-3;216,51;0;-152,34;
2026 03 12 13:04:55:631;0,43;50;4;255999,98;-3;216,51;0;-234,37;
2026 03 12 13:04:55:633;0,43;50;4;255999,98;-3;216,51;0;-246,09;
2026 03 12 13:04:55:635;0,43;50;4;255999,98;-3;216,51;0;-261,72;
2026 03 12 13:04:55:637;0,43;50;4;255999,98;-3;216,51;0;-136,72;
2026 03 12 13:04:55:639;0,43;50;4;255999,98;-3;216,51;0;-152,34;
2026 03 12 13:04:55:641;0,43;50;4;255999,98;-3;216,51;0;-105,47;
2026 03 12 13:04:55:643;0,43;50;4;255999,98;-3;216,51;0;-187,5;
2026 03 12 13:04:55:645;0,43;50;4;255999,98;-3;216,51;0;-257,81;
2026 03 12 13:04:55:647;0,43;50;4;255999,98;-3;216,51;0;-203,12;
2026 03 12 13:04:55:649;0,43;50;4;255999,98;-3;216,51;0;-175,78;
2026 03 12 13:04:55:651;0,43;50;4;255999,98;-3;216,51;0;-175,78;
2026 03 12 13:04:55:653;0,43;50;4;255999,98;-3;216,51;0;-222,66;
2026 03 12 13:04:55:655;0,43;50;4;255999,98;-3;216,51;0;-191,41;
2026 03 12 13:04:55:657;0,43;50;4;255999,98;-3;216,51;0;-203,12;
2026 03 12 13:04:55:659;0,43;50;4;255999,98;-3;216,51;0;-210,94;
2026 03 12 13:04:55:661;0,43;50;4;255999,98;-3;216,51;0;-152,34;
2026 03 12 13:04:55:663;0,43;50;4;255999,98;-3;216,51;0;-199,22;
2026 03 12 13:04:55:665;0,43;50;4;255999,98;-3;216,51;0;-195,31;
2026 03 12 13:04:55:667;0,43;50;4;255999,98;-3;216,51;0;-199,22;
2026 03 12 13:04:55:669;0,43;50;4;255999,98;-3;216,51;0;-164,06;
2026 03 12 13:04:55:671;0,43;50;4;255999,98;-3;216,51;0;-210,94;
2026 03 12 13:04:55:673;0,43;50;4;255999,98;-3;216,51;0;-183,59;
2026 03 12 13:04:55:675;0,43;50;4;255999,98;-3;216,51;0;-121,09;
2026 03 12 13:04:55:677;0,43;50;4;255999,98;-3;216,51;0;-164,06;
2026 03 12 13:04:55:679;0,43;50;4;255999,98;-3;216,51;0;-265,62;
2026 03 12 13:04:55:681;0,43;50;4;255999,98;-3;216,51;0;-222,66;
2026 03 12 13:04:55:683;0,43;50;4;255999,98;-3;216,51;0;-160,16;
2026 03 12 13:04:55:685;0,43;50;4;255999,98;-3;216,51;0;-261,72;
2026 03 12 13:04:55:687;0,43;50;4;255999,98;-3;216,51;0;-246,09;
2026 03 12 13:04:55:689;0,43;50;4;255999,98;-3;216,51;0;-136,72;
2026 03 12 13:04:55:691;0,43;50;4;255999,98;-3;216,51;0;-93,75;
2026 03 12 13:04:55:693;0,43;50;4;255999,98;-3;216,51;0;-179,69;
2026 03 12 13:04:55:695;0,43;50;4;255999,98;-3;216,51;0;-156,25;
2026 03 12 13:04:55:697;0,43;50;4;255999,98;-3;216,51;0;-265,62;
2026 03 12 13:04:55:699;0,43;50;4;255999,98;-3;216,51;0;-296,87;
2026 03 12 13:04:55:701;0,43;50;4;255999,98;-3;216,51;0;-246,09;
2026 03 12 13:04:55:703;0,43;50;4;255999,98;-3;216,51;0;-160,16;
2026 03 12 13:04:55:705;0,43;50;4;255999,98;-3;216,51;0;-191,41;
2026 03 12 13:04:55:707;0,43;50;4;255999,98;-3;216,51;0;-117,19;
2026 03 12 13:04:55:709;0,43;50;4;255999,98;-3;216,51;0;-144,53;
2026 03 12 13:04:55:711;0,43;50;4;255999,98;-3;216,51;0;-187,5;
2026 03 12 13:04:55:713;0,43;50;4;255999,98;-3;216,51;0;-273,44;
2026 03 12 13:04:55:715;0,43;50;4;255999,98;-3;216,51;0;-195,31;
2026 03 12 13:04:55:717;0,43;50;4;255999,98;-3;216,51;0;-171,87;
2026 03 12 13:04:55:719;0,43;50;4;255999,98;-3;216,51;0;-199,22;
2026 03 12 13:04:55:721;0,43;50;4;255999,98;-3;216,51;0;-164,06;
2026 03 12 13:04:55:723;0,43;50;4;255999,98;-3;216,51;0;-132,81;
2026 03 12 13:04:55:725;0,43;50;4;255999,98;-3;216,51;0;-214,84;
2026 03 12 13:04:55:727;0,43;50;4;255999,98;-3;216,51;0;-175,78;
2026 03 12 13:04:55:729;0,43;50;4;255999,98;-3;216,51;0;-195,31;
2026 03 12 13:04:55:731;0,43;50;4;255999,98;-3;216,51;0;-191,41;
2026 03 12 13:04:55:733;0,43;50;4;255999,98;-3;216,51;0;-257,81;
2026 03 12 13:04:55:735;0,43;50;4;255999,98;-3;216,51;0;-179,69;
2026 03 12 13:04:55:737;0,43;50;4;255999,98;-3;216,51;0;-164,06;
2026 03 12 13:04:55:739;0,43;50;4;255999,98;-3;216,51;0;-199,22;
2026 03 12 13:04:55:741;0,43;50;4;255999,98;-3;216,51;0;-207,03;
2026 03 12 13:04:55:743;0,43;50;4;255999,98;-3;216,51;0;-179,69;
2026 03 12 13:04:55:745;0,43;50;4;255999,98;-3;216,51;0;-156,25;
2026 03 12 13:04:55:747;0,43;50;4;255999,98;-3;216,51;0;-214,84;
2026 03 12 13:04:55:749;0,43;50;4;255999,98;-3;216,51;0;-187,5;
2026 03 12 13:04:55:751;0,43;50;4;255999,98;-3;216,51;0;-250;
2026 03 12 13:04:55:753;0,43;50;4;255999,98;-3;216,51;0;-242,19;
2026 03 12 13:04:55:755;0,43;50;4;255999,98;-3;216,51;0;-140,62;
2026 03 12 13:04:55:757;0,43;50;4;255999,98;-3;216,51;0;-148,44;
2026 03 12 13:04:55:759;0,43;50;4;255999,98;-3;216,51;0;-152,34;
2026 03 12 13:04:55:761;0,43;50;4;255999,98;-3;216,51;0;-230,47;
2026 03 12 13:04:55:763;0,43;50;4;255999,98;-3;216,51;0;-183,59;
2026 03 12 13:04:55:765;0,43;50;4;255999,98;-3;216,51;0;-289,06;
2026 03 12 13:04:55:767;0,43;50;4;255999,98;-3;216,51;0;-292,97;
2026 03 12 13:04:55:769;0,43;50;4;255999,98;-3;216,51;0;-179,69;
2026 03 12 13:04:55:771;0,43;50;4;255999,98;-3;216,51;0;-109,37;
2026 03 12 13:04:55:773;0,43;50;4;255999,98;-3;216,51;0;-85,94;
2026 03 12 13:04:55:775;0,43;50;4;255999,98;-3;216,51;0;-144,53;
2026 03 12 13:04:55:777;0,43;50;4;255999,98;-3;216,51;0;-250;
2026 03 12 13:04:55:779;0,43;50;4;255999,98;-3;216,51;0;-257,81;
2026 03 12 13:04:55:781;0,43;50;4;255999,98;-3;216,51;0;-214,84;
2026 03 12 13:04:55:783;0,43;50;4;255999,98;-3;216,51;0;-218,75;
2026 03 12 13:04:55:785;0,43;50;4;255999,98;-3;216,51;0;-187,5;
2026 03 12 13:04:55:787;0,43;50;4;255999,98;-3;216,51;0;-164,06;
2026 03 12 13:04:55:789;0,43;50;4;255999,98;-3;216,51;0;-140,62;
2026 03 12 13:04:55:791;0,43;50;4;255999,98;-3;216,51;0;-121,09;
2026 03 12 13:04:55:793;0,43;50;4;255999,98;-3;216,51;0;-277,34;
2026 03 12 13:04:55:795;0,43;50;4;255999,98;-3;216,51;0;-214,84;
2026 03 12 13:04:55:797;0,43;50;4;255999,98;-3;216,51;0;-265,62;
2026 03 12 13:04:55:799;0,43;50;4;255999,98;-3;216,51;0;-195,31;
2026 03 12 13:04:55:801;0,43;50;4;255999,98;-3;216,51;0;-144,53;
2026 03 12 13:04:55:803;0,43;50;4;255999,98;-3;216,51;0;-109,37;
2026 03 12 13:04:55:805;0,43;50;4;255999,98;-3;216,51;0;-203,12;
2026 03 12 13:04:55:807;0,43;50;4;255999,98;-3;216,51;0;-257,81;
2026 03 12 13:04:55:809;0,43;50;4;255999,98;-3;216,51;0;-164,06;
2026 03 12 13:04:55:811;0,43;50;4;255999,98;-3;216,51;0;-144,53;
2026 03 12 13:04:55:813;0,43;50;4;255999,98;-3;216,51;0;-214,84;
2026 03 12 13:04:55:815;0,43;50;4;255999,98;-3;216,51;0;-175,78;
2026 03 12 13:04:55:817;0,43;50;4;255999,98;-3;216,51;0;-269,53;
2026 03 12 13:04:55:819;0,43;50;4;255999,98;-3;216,51;0;-265,62;
2026 03 12 13:04:55:821;0,43;50;4;255999,98;-3;216,51;0;-144,53;
2026 03 12 13:04:55:823;0,43;50;4;255999,98;-3;216,51;0;-109,37;
2026 03 12 13:04:55:825;0,43;50;4;255999,98;-3;216,51;0;-222,66;
2026 03 12 13:04:55:827;0,43;50;4;255999,98;-3;216,51;0;-171,87;
2026 03 12 13:04:55:829;0,43;50;4;255999,98;-3;216,51;0;-195,31;
2026 03 12 13:04:55:831;0,43;50;4;255999,98;-3;216,51;0;-199,22;
2026 03 12 13:04:55:833;0,43;50;4;255999,98;-3;216,51;0;-222,66;
2026 03 12 13:04:55:835;0,43;50;4;255999,98;-3;216,51;0;-234,37;
2026 03 12 13:04:55:837;0,43;50;4;255999,98;-3;216,51;0;-140,62;
2026 03 12 13:04:55:839;0,43;50;4;255999,98;-3;216,51;0;-148,44;
2026 03 12 13:04:55:841;0,43;50;4;255999,98;-3;216,51;0;-195,31;
2026 03 12 13:04:55:843;0,43;50;4;255999,98;-3;216,51;0;-167,97;
2026 03 12 13:04:55:845;0,43;50;4;255999,98;-3;216,51;0;-253,91;
2026 03 12 13:04:55:847;0,43;50;4;255999,98;-3;216,51;0;-281,25;
2026 03 12 13:04:55:849;0,43;50;4;255999,98;-3;216,51;0;-226,56;
2026 03 12 13:04:55:851;0,43;50;4;255999,98;-3;216,51;0;-164,06;
2026 03 12 13:04:55:853;0,43;50;4;255999,98;-3;216,51;0;-156,25;
2026 03 12 13:04:55:855;0,43;50;4;255999,98;-3;216,51;0;-121,09;
2026 03 12 13:04:55:857;0,43;50;4;255999,98;-3;216,51;0;-183,59;
2026 03 12 13:04:55:859;0,43;50;4;255999,98;-3;216,51;0;-265,62;
2026 03 12 13:04:55:861;0,43;50;4;255999,98;-3;216,51;0;-226,56;
2026 03 12 13:04:55:863;0,43;50;4;255999,98;-3;216,51;0;-250;
2026 03 12 13:04:55:865;0,43;50;4;255999,98;-3;216,51;0;-242,19;
2026 03 12 13:04:55:867;0,43;50;4;255999,98;-3;216,51;0;-136,72;
2026 03 12 13:04:55:869;0,43;50;4;255999,98;-3;216,51;0;-160,16;
2026 03 12 13:04:55:871;0,43;50;4;255999,98;-3;216,51;0;-121,09;
2026 03 12 13:04:55:873;0,43;50;4;255999,98;-3;216,51;0;-246,09;
2026 03 12 13:04:55:875;0,43;50;4;255999,98;-3;216,51;0;-187,5;
2026 03 12 13:04:55:877;0,43;50;4;255999,98;-3;216,51;0;-210,94;
2026 03 12 13:04:55:879;0,43;50;4;255999,98;-3;216,51;0;-246,09;
2026 03 12 13:04:55:881;0,43;50;4;255999,98;-3;216,51;0;-214,84;
2026 03 12 13:04:55:883;0,43;50;4;255999,98;-3;216,51;0;-167,97;
2026 03 12 13:04:55:885;0,43;50;4;255999,98;-3;216,51;0;-179,69;
2026 03 12 13:04:55:887;0,43;50;4;255999,98;-3;216,51;0;-187,5;
2026 03 12 13:04:55:889;0,43;50;4;255999,98;-3;216,51;0;-187,5;
2026 03 12 13:04:55:891;0,43;50;4;255999,98;-3;216,51;0;-187,5;
2026 03 12 13:04:55:893;0,43;50;4;255999,98;-3;216,51;0;-171,87;
2026 03 12 13:04:55:895;0,43;50;4;255999,98;-3;216,51;0;-257,81;
2026 03 12 13:04:55:897;0,43;50;4;255999,98;-3;216,51;0;-238,28;
2026 03 12 13:04:55:899;0,43;50;4;255999,98;-3;216,51;0;-230,47;
2026 03 12 13:04:55:901;0,43;50;4;255999,98;-3;216,51;0;-226,56;
2026 03 12 13:04:55:903;0,43;50;4;255999,98;-3;216,51;0;-101,56;
2026 03 12 13:04:55:905;0,43;50;4;255999,98;-3;216,51;0;-230,47;
2026 03 12 13:04:55:907;0,43;50;4;255999,98;-3;216,51;0;-187,5;
2026 03 12 13:04:55:909;0,43;50;4;255999,98;-3;216,51;0;-128,91;
2026 03 12 13:04:55:911;0,69;43;6;57,77;-0,02;211,03;3,65;-179,69;
2026 03 12 13:04:55:913;0,69;43;6;57,77;-0,02;211,03;3,65;-257,81;
2026 03 12 13:04:55:915;0,69;43;6;57,77;-0,02;211,03;3,65;-257,81;
2026 03 12 13:04:55:917;0,69;43;6;57,77;-0,02;211,03;3,65;-214,84;
2026 03 12 13:04:55:919;0,69;43;6;57,77;-0,02;211,03;3,65;-222,66;
2026 03 12 13:04:55:921;0,69;43;6;57,77;-0,02;211,03;3,65;-132,81;
2026 03 12 13:04:55:923;0,69;43;6;57,77;-0,02;211,03;3,65;-167,97;
2026 03 12 13:04:55:925;0,69;43;6;57,77;-0,02;211,03;3,65;-183,59;
2026 03 12 13:04:55:927;0,69;43;6;57,77;-0,02;211,03;3,65;-273,44;
2026 03 12 13:04:55:929;0,69;43;6;57,77;-0,02;211,03;3,65;-226,56;
2026 03 12 13:04:55:931;0,69;43;6;57,77;-0,02;211,03;3,65;-207,03;
2026 03 12 13:04:55:933;0,69;43;6;57,77;-0,02;211,03;3,65;-171,87;
2026 03 12 13:04:55:935;0,69;43;6;57,77;-0,02;211,03;3,65;-93,75;
2026 03 12 13:04:55:937;0,69;43;6;57,77;-0,02;211,03;3,65;-203,12;
2026 03 12 13:04:55:939;0,69;43;6;57,77;-0,02;211,03;3,65;-203,12;
2026 03 12 13:04:55:941;0,69;43;6;57,77;-0,02;211,03;3,65;-171,87;
2026 03 12 13:04:55:943;0,69;43;6;57,77;-0,02;211,03;3,65;-226,56;
2026 03 12 13:04:55:945;0,69;43;6;57,77;-0,02;211,03;3,65;-210,94;
2026 03 12 13:04:55:947;0,69;43;6;57,77;-0,02;211,03;3,65;-253,91;
2026 03 12 13:04:55:949;0,69;43;6;57,77;-0,02;211,03;3,65;-195,31;
2026 03 12 13:04:55:951;0,69;43;6;57,77;-0,02;211,03;3,65;-97,66;
2026 03 12 13:04:55:953;0,69;43;6;57,77;-0,02;211,03;3,65;-210,94;
2026 03 12 13:04:55:955;0,69;43;6;57,77;-0,02;211,03;3,65;-234,37;
2026 03 12 13:04:55:957;0,69;43;6;57,77;-0,02;211,03;3,65;-187,5;
2026 03 12 13:04:55:959;0,69;43;6;57,77;-0,02;211,03;3,65;-277,34;
2026 03 12 13:04:55:961;0,69;43;6;57,77;-0,02;211,03;3,65;-195,31;
2026 03 12 13:04:55:963;0,69;43;6;57,77;-0,02;211,03;3,65;-167,97;
2026 03 12 13:04:55:965;0,69;43;6;57,77;-0,02;211,03;3,65;-171,87;
2026 03 12 13:04:55:967;0,69;43;6;57,77;-0,02;211,03;3,65;-179,69;
2026 03 12 13:04:55:969;0,69;43;6;57,77;-0,02;211,03;3,65;-203,12;
2026 03 12 13:04:55:971;0,69;43;6;57,77;-0,02;211,03;3,65;-210,94;
2026 03 12 13:04:55:973;0,69;43;6;57,77;-0,02;211,03;3,65;-156,25;
2026 03 12 13:04:55:975;0,69;43;6;57,77;-0,02;211,03;3,65;-210,94;
2026 03 12 13:04:55:977;0,69;43;6;57,77;-0,02;211,03;3,65;-179,69;
2026 03 12 13:04:55:979;0,69;43;6;57,77;-0,02;211,03;3,65;-210,94;
2026 03 12 13:04:55:981;0,69;43;6;57,77;-0,02;211,03;3,65;-269,53;
2026 03 12 13:04:55:983;0,69;43;6;57,77;-0,02;211,03;3,65;-160,16;
2026 03 12 13:04:55:985;0,69;43;6;57,77;-0,02;211,03;3,65;-214,84;
2026 03 12 13:04:55:987;0,69;43;6;57,77;-0,02;211,03;3,65;-226,56;
2026 03 12 13:04:55:989;0,69;43;6;57,77;-0,02;211,03;3,65;-156,25;
2026 03 12 13:04:55:991;0,69;43;6;57,77;-0,02;211,03;3,65;-156,25;
2026 03 12 13:04:55:993;0,69;43;6;57,77;-0,02;211,03;3,65;-214,84;
2026 03 12 13:04:55:995;0,69;43;6;57,77;-0,02;211,03;3,65;-187,5;
2026 03 12 13:04:55:997;0,69;43;6;57,77;-0,02;211,03;3,65;-195,31;
2026 03 12 13:04:55:999;0,69;43;6;57,77;-0,02;211,03;3,65;-234,37;
2026 03 12 13:04:56:001;0,69;43;6;57,77;-0,02;211,03;3,65;-199,22;
2026 03 12 13:04:56:003;0,69;43;6;57,77;-0,02;211,03;3,65;-238,28;
2026 03 12 13:04:56:005;0,69;43;6;57,77;-0,02;211,03;3,65;-97,66;
2026 03 12 13:04:56:007;0,69;43;6;57,77;-0,02;211,03;3,65;-214,84;
2026 03 12 13:04:56:009;0,69;43;6;57,77;-0,02;211,03;3,65;-230,47;
2026 03 12 13:04:56:011;0,69;43;6;57,77;-0,02;211,03;3,65;-152,34;
2026 03 12 13:04:56:013;0,69;43;6;57,77;-0,02;211,03;3,65;-253,91;
2026 03 12 13:04:56:015;0,69;43;6;57,77;-0,02;211,03;3,65;-171,87;
2026 03 12 13:04:56:017;0,69;43;6;57,77;-0,02;211,03;3,65;-140,62;
2026 03 12 13:04:56:019;0,69;43;6;57,77;-0,02;211,03;3,65;-226,56;
2026 03 12 13:04:56:021;0,69;43;6;57,77;-0,02;211,03;3,65;-207,03;
2026 03 12 13:04:56:023;0,69;43;6;57,77;-0,02;211,03;3,65;-179,69;
2026 03 12 13:04:56:025;0,69;43;6;57,77;-0,02;211,03;3,65;-238,28;
2026 03 12 13:04:56:027;0,69;43;6;57,77;-0,02;211,03;3,65;-261,72;
2026 03 12 13:04:56:029;0,69;43;6;57,77;-0,02;211,03;3,65;-167,97;
2026 03 12 13:04:56:031;0,69;43;6;57,77;-0,02;211,03;3,65;-144,53;
2026 03 12 13:04:56:033;0,69;43;6;57,77;-0,02;211,03;3,65;-164,06;
2026 03 12 13:04:56:035;0,69;43;6;57,77;-0,02;211,03;3,65;-214,84;
2026 03 12 13:04:56:037;0,69;43;6;57,77;-0,02;211,03;3,65;-203,12;
2026 03 12 13:04:56:039;0,69;43;6;57,77;-0,02;211,03;3,65;-257,81;
2026 03 12 13:04:56:041;0,69;43;6;57,77;-0,02;211,03;3,65;-207,03;
2026 03 12 13:04:56:043;0,69;43;6;57,77;-0,02;211,03;3,65;-171,87;
2026 03 12 13:04:56:045;0,69;43;6;57,77;-0,02;211,03;3,65;-171,87;
2026 03 12 13:04:56:047;0,69;43;6;57,77;-0,02;211,03;3,65;-175,78;
2026 03 12 13:04:56:049;0,69;43;6;57,77;-0,02;211,03;3,65;-203,12;
2026 03 12 13:04:56:051;0,69;43;6;57,77;-0,02;211,03;3,65;-144,53;
2026 03 12 13:04:56:053;0,69;43;6;57,77;-0,02;211,03;3,65;-218,75;
2026 03 12 13:04:56:055;0,69;43;6;57,77;-0,02;211,03;3,65;-257,81;
2026 03 12 13:04:56:057;0,69;43;6;57,77;-0,02;211,03;3,65;-214,84;
2026 03 12 13:04:56:059;0,69;43;6;57,77;-0,02;211,03;3,65;-203,12;
2026 03 12 13:04:56:061;0,69;43;6;57,77;-0,02;211,03;3,65;-183,59;
2026 03 12 13:04:56:063;0,69;43;6;57,77;-0,02;211,03;3,65;-140,62;
2026 03 12 13:04:56:065;0,69;43;6;57,77;-0,02;211,03;3,65;-191,41;
2026 03 12 13:04:56:067;0,69;43;6;57,77;-0,02;211,03;3,65;-250;
2026 03 12 13:04:56:069;0,69;43;6;57,77;-0,02;211,03;3,65;-140,62;
2026 03 12 13:04:56:071;0,69;43;6;57,77;-0,02;211,03;3,65;-128,91;
2026 03 12 13:04:56:073;0,69;43;6;57,77;-0,02;211,03;3,65;-230,47;
2026 03 12 13:04:56:075;0,69;43;6;57,77;-0,02;211,03;3,65;-183,59;
2026 03 12 13:04:56:077;0,69;43;6;57,77;-0,02;211,03;3,65;-207,03;
2026 03 12 13:04:56:079;0,69;43;6;57,77;-0,02;211,03;3,65;-226,56;
2026 03 12 13:04:56:081;0,69;43;6;57,77;-0,02;211,03;3,65;-210,94;
2026 03 12 13:04:56:083;0,69;43;6;57,77;-0,02;211,03;3,65;-203,12;
2026 03 12 13:04:56:085;0,69;43;6;57,77;-0,02;211,03;3,65;-171,87;
2026 03 12 13:04:56:087;0,69;43;6;57,77;-0,02;211,03;3,65;-207,03;
2026 03 12 13:04:56:089;0,69;43;6;57,77;-0,02;211,03;3,65;-253,91;
2026 03 12 13:04:56:091;0,69;43;6;57,77;-0,02;211,03;3,65;-187,5;
2026 03 12 13:04:56:093;0,69;43;6;57,77;-0,02;211,03;3,65;-230,47;
2026 03 12 13:04:56:095;0,69;43;6;57,77;-0,02;211,03;3,65;-148,44;
2026 03 12 13:04:56:097;0,69;43;6;57,77;-0,02;211,03;3,65;-160,16;
2026 03 12 13:04:56:099;0,69;43;6;57,77;-0,02;211,03;3,65;-167,97;
2026 03 12 13:04:56:101;0,69;43;6;57,77;-0,02;211,03;3,65;-156,25;
2026 03 12 13:04:56:103;0,69;43;6;57,77;-0,02;211,03;3,65;-167,97;
2026 03 12 13:04:56:105;0,69;43;6;57,77;-0,02;211,03;3,65;-277,34;
2026 03 12 13:04:56:107;0,69;43;6;57,77;-0,02;211,03;3,65;-214,84;
2026 03 12 13:04:56:109;0,69;43;6;57,77;-0,02;211,03;3,65;-175,78;
2026 03 12 13:04:56:111;0,69;43;6;57,77;-0,02;211,03;3,65;-152,34;
2026 03 12 13:04:56:113;0,69;43;6;57,77;-0,02;211,03;3,65;-156,25;
2026 03 12 13:04:56:115;0,69;43;6;57,77;-0,02;211,03;3,65;-218,75;
2026 03 12 13:04:56:117;0,69;43;6;57,77;-0,02;211,03;3,65;-199,22;
2026 03 12 13:04:56:119;0,69;43;6;57,77;-0,02;211,03;3,65;-226,56;
2026 03 12 13:04:56:121;0,69;43;6;57,77;-0,02;211,03;3,65;-265,62;
2026 03 12 13:04:56:123;0,69;43;6;57,77;-0,02;211,03;3,65;-195,31;
2026 03 12 13:04:56:125;0,69;43;6;57,77;-0,02;211,03;3,65;-132,81;
2026 03 12 13:04:56:127;0,69;43;6;57,77;-0,02;211,03;3,65;-132,81;
2026 03 12 13:04:56:129;0,69;43;6;57,77;-0,02;211,03;3,65;-187,5;
2026 03 12 13:04:56:131;0,69;43;6;57,77;-0,02;211,03;3,65;-191,41;
2026 03 12 13:04:56:133;0,69;43;6;57,77;-0,02;211,03;3,65;-214,84;
2026 03 12 13:04:56:135;0,69;43;6;57,77;-0,02;211,03;3,65;-164,06;
2026 03 12 13:04:56:137;0,69;43;6;57,77;-0,02;211,03;3,65;-257,81;
2026 03 12 13:04:56:139;0,69;43;6;57,77;-0,02;211,03;3,65;-214,84;
2026 03 12 13:04:56:141;0,69;43;6;57,77;-0,02;211,03;3,65;-164,06;
2026 03 12 13:04:56:143;0,69;43;6;57,77;-0,02;211,03;3,65;-179,69;
2026 03 12 13:04:56:145;0,69;43;6;57,77;-0,02;211,03;3,65;-207,03;
2026 03 12 13:04:56:147;0,69;43;6;57,77;-0,02;211,03;3,65;-218,75;
2026 03 12 13:04:56:149;0,69;43;6;57,77;-0,02;211,03;3,65;-183,59;
2026 03 12 13:04:56:151;0,69;43;6;57,77;-0,02;211,03;3,65;-179,69;
2026 03 12 13:04:56:153;0,69;43;6;57,77;-0,02;211,03;3,65;-191,41;
2026 03 12 13:04:56:155;0,69;43;6;57,77;-0,02;211,03;3,65;-195,31;
2026 03 12 13:04:56:157;0,69;43;6;57,77;-0,02;211,03;3,65;-207,03;
2026 03 12 13:04:56:159;0,69;43;6;57,77;-0,02;211,03;3,65;-152,34;
2026 03 12 13:04:56:161;0,69;43;6;57,77;-0,02;211,03;3,65;-210,94;
2026 03 12 13:04:56:163;0,69;43;6;57,77;-0,02;211,03;3,65;-175,78;
2026 03 12 13:04:56:165;0,69;43;6;57,77;-0,02;211,03;3,65;-152,34;
2026 03 12 13:04:56:167;0,69;43;6;57,77;-0,02;211,03;3,65;-203,12;
2026 03 12 13:04:56:169;0,69;43;6;57,77;-0,02;211,03;3,65;-234,37;
2026 03 12 13:04:56:171;0,69;43;6;57,77;-0,02;211,03;3,65;-203,12;
2026 03 12 13:04:56:173;0,69;43;6;57,77;-0,02;211,03;3,65;-183,59;
2026 03 12 13:04:56:175;0,69;43;6;57,77;-0,02;211,03;3,65;-164,06;
2026 03 12 13:04:56:177;0,69;43;6;57,77;-0,02;211,03;3,65;-199,22;
2026 03 12 13:04:56:179;0,69;43;6;57,77;-0,02;211,03;3,65;-167,97;
2026 03 12 13:04:56:181;0,69;43;6;57,77;-0,02;211,03;3,65;-167,97;
2026 03 12 13:04:56:183;0,69;43;6;57,77;-0,02;211,03;3,65;-226,56;
2026 03 12 13:04:56:185;0,69;43;6;57,77;-0,02;211,03;3,65;-234,37;
2026 03 12 13:04:56:187;0,69;43;6;57,77;-0,02;211,03;3,65;-207,03;
2026 03 12 13:04:56:189;0,69;43;6;57,77;-0,02;211,03;3,65;-257,81;
2026 03 12 13:04:56:191;0,69;43;6;57,77;-0,02;211,03;3,65;-117,19;
2026 03 12 13:04:56:193;0,69;43;6;57,77;-0,02;211,03;3,65;-136,72;
2026 03 12 13:04:56:195;0,69;43;6;57,77;-0,02;211,03;3,65;-195,31;
2026 03 12 13:04:56:197;0,69;43;6;57,77;-0,02;211,03;3,65;-207,03;
2026 03 12 13:04:56:199;0,69;43;6;57,77;-0,02;211,03;3,65;-183,59;
2026 03 12 13:04:56:201;0,69;43;6;57,77;-0,02;211,03;3,65;-253,91;
2026 03 12 13:04:56:203;0,69;43;6;57,77;-0,02;211,03;3,65;-226,56;
2026 03 12 13:04:56:205;0,69;43;6;57,77;-0,02;211,03;3,65;-171,87;
2026 03 12 13:04:56:207;0,69;43;6;57,77;-0,02;211,03;3,65;-152,34;
2026 03 12 13:04:56:209;0,69;43;6;57,77;-0,02;211,03;3,65;-164,06;
2026 03 12 13:04:56:211;0,78;45;6;46,69;-0,27;157,68;3,38;-191,41;
2026 03 12 13:04:56:213;0,78;45;6;46,69;-0,27;157,68;3,38;-144,53;
2026 03 12 13:04:56:215;0,78;45;6;46,69;-0,27;157,68;3,38;-214,84;
2026 03 12 13:04:56:217;0,78;45;6;46,69;-0,27;157,68;3,38;-277,34;
2026 03 12 13:04:56:219;0,78;45;6;46,69;-0,27;157,68;3,38;-230,47;
2026 03 12 13:04:56:221;0,78;45;6;46,69;-0,27;157,68;3,38;-207,03;
2026 03 12 13:04:56:223;0,78;45;6;46,69;-0,27;157,68;3,38;-195,31;
2026 03 12 13:04:56:225;0,78;45;6;46,69;-0,27;157,68;3,38;-117,19;
2026 03 12 13:04:56:227;0,78;45;6;46,69;-0,27;157,68;3,38;-183,59;
2026 03 12 13:04:56:229;0,78;45;6;46,69;-0,27;157,68;3,38;-207,03;
2026 03 12 13:04:56:231;0,78;45;6;46,69;-0,27;157,68;3,38;-121,09;
2026 03 12 13:04:56:233;0,78;45;6;46,69;-0,27;157,68;3,38;-179,69;
2026 03 12 13:04:56:235;0,78;45;6;46,69;-0,27;157,68;3,38;-246,09;
2026 03 12 13:04:56:237;0,78;45;6;46,69;-0,27;157,68;3,38;-222,66;
2026 03 12 13:04:56:239;0,78;45;6;46,69;-0,27;157,68;3,38;-160,16;
2026 03 12 13:04:56:241;0,78;45;6;46,69;-0,27;157,68;3,38;-171,87;
2026 03 12 13:04:56:243;0,78;45;6;46,69;-0,27;157,68;3,38;-179,69;
2026 03 12 13:04:56:245;0,78;45;6;46,69;-0,27;157,68;3,38;-171,87;
2026 03 12 13:04:56:247;0,78;45;6;46,69;-0,27;157,68;3,38;-175,78;
2026 03 12 13:04:56:249;0,78;45;6;46,69;-0,27;157,68;3,38;-238,28;
2026 03 12 13:04:56:251;0,78;45;6;46,69;-0,27;157,68;3,38;-234,37;
2026 03 12 13:04:56:253;0,78;45;6;46,69;-0,27;157,68;3,38;-218,75;
2026 03 12 13:04:56:255;0,78;45;6;46,69;-0,27;157,68;3,38;-195,31;
2026 03 12 13:04:56:257;0,78;45;6;46,69;-0,27;157,68;3,38;-105,47;
2026 03 12 13:04:56:259;0,78;45;6;46,69;-0,27;157,68;3,38;-132,81;
2026 03 12 13:04:56:261;0,78;45;6;46,69;-0,27;157,68;3,38;-191,41;
2026 03 12 13:04:56:263;0,78;45;6;46,69;-0,27;157,68;3,38;-171,87;
2026 03 12 13:04:56:265;0,78;45;6;46,69;-0,27;157,68;3,38;-171,87;
2026 03 12 13:04:56:267;0,78;45;6;46,69;-0,27;157,68;3,38;-230,47;
2026 03 12 13:04:56:269;0,78;45;6;46,69;-0,27;157,68;3,38;-222,66;
2026 03 12 13:04:56:271;0,78;45;6;46,69;-0,27;157,68;3,38;-128,91;
2026 03 12 13:04:56:273;0,78;45;6;46,69;-0,27;157,68;3,38;-140,62;
2026 03 12 13:04:56:275;0,78;45;6;46,69;-0,27;157,68;3,38;-167,97;
2026 03 12 13:04:56:277;0,78;45;6;46,69;-0,27;157,68;3,38;-214,84;
2026 03 12 13:04:56:279;0,78;45;6;46,69;-0,27;157,68;3,38;-230,47;
2026 03 12 13:04:56:281;0,78;45;6;46,69;-0,27;157,68;3,38;-230,47;
2026 03 12 13:04:56:283;0,78;45;6;46,69;-0,27;157,68;3,38;-257,81;
2026 03 12 13:04:56:285;0,78;45;6;46,69;-0,27;157,68;3,38;-207,03;
2026 03 12 13:04:56:287;0,78;45;6;46,69;-0,27;157,68;3,38;-183,59;
2026 03 12 13:04:56:289;0,78;45;6;46,69;-0,27;157,68;3,38;-109,37;
2026 03 12 13:04:56:291;0,78;45;6;46,69;-0,27;157,68;3,38;-140,62;
2026 03 12 13:04:56:293;0,78;45;6;46,69;-0,27;157,68;3,38;-160,16;
2026 03 12 13:04:56:295;0,78;45;6;46,69;-0,27;157,68;3,38;-183,59;
2026 03 12 13:04:56:297;0,78;45;6;46,69;-0,27;157,68;3,38;-191,41;
2026 03 12 13:04:56:299;0,78;45;6;46,69;-0,27;157,68;3,38;-234,37;
2026 03 12 13:04:56:301;0,78;45;6;46,69;-0,27;157,68;3,38;-242,19;
2026 03 12 13:04:56:303;0,78;45;6;46,69;-0,27;157,68;3,38;-125;
2026 03 12 13:04:56:305;0,78;45;6;46,69;-0,27;157,68;3,38;-156,25;
2026 03 12 13:04:56:307;0,78;45;6;46,69;-0,27;157,68;3,38;-199,22;
2026 03 12 13:04:56:309;0,78;45;6;46,69;-0,27;157,68;3,38;-191,41;
2026 03 12 13:04:56:311;0,78;45;6;46,69;-0,27;157,68;3,38;-171,87;
2026 03 12 13:04:56:313;0,78;45;6;46,69;-0,27;157,68;3,38;-210,94;
2026 03 12 13:04:56:315;0,78;45;6;46,69;-0,27;157,68;3,38;-238,28;
2026 03 12 13:04:56:317;0,78;45;6;46,69;-0,27;157,68;3,38;-207,03;
2026 03 12 13:04:56:319;0,78;45;6;46,69;-0,27;157,68;3,38;-214,84;
2026 03 12 13:04:56:321;0,78;45;6;46,69;-0,27;157,68;3,38;-113,28;
2026 03 12 13:04:56:323;0,78;45;6;46,69;-0,27;157,68;3,38;-148,44;
2026 03 12 13:04:56:325;0,78;45;6;46,69;-0,27;157,68;3,38;-164,06;
2026 03 12 13:04:56:327;0,78;45;6;46,69;-0,27;157,68;3,38;-164,06;
2026 03 12 13:04:56:329;0,78;45;6;46,69;-0,27;157,68;3,38;-203,12;
2026 03 12 13:04:56:331;0,78;45;6;46,69;-0,27;157,68;3,38;-175,78;
2026 03 12 13:04:56:333;0,78;45;6;46,69;-0,27;157,68;3,38;-218,75;
2026 03 12 13:04:56:335;0,78;45;6;46,69;-0,27;157,68;3,38;-214,84;
2026 03 12 13:04:56:337;0,78;45;6;46,69;-0,27;157,68;3,38;-191,41;
2026 03 12 13:04:56:339;0,78;45;6;46,69;-0,27;157,68;3,38;-167,97;
2026 03 12 13:04:56:341;0,78;45;6;46,69;-0,27;157,68;3,38;-167,97;
2026 03 12 13:04:56:343;0,78;45;6;46,69;-0,27;157,68;3,38;-167,97;
2026 03 12 13:04:56:345;0,78;45;6;46,69;-0,27;157,68;3,38;-187,5;
2026 03 12 13:04:56:347;0,78;45;6;46,69;-0,27;157,68;3,38;-210,94;
2026 03 12 13:04:56:349;0,78;45;6;46,69;-0,27;157,68;3,38;-207,03;
2026 03 12 13:04:56:351;0,78;45;6;46,69;-0,27;157,68;3,38;-214,84;
2026 03 12 13:04:56:353;0,78;45;6;46,69;-0,27;157,68;3,38;-164,06;
2026 03 12 13:04:56:355;0,78;45;6;46,69;-0,27;157,68;3,38;-97,66;
2026 03 12 13:04:56:357;0,78;45;6;46,69;-0,27;157,68;3,38;-171,87;
2026 03 12 13:04:56:359;0,78;45;6;46,69;-0,27;157,68;3,38;-203,12;
2026 03 12 13:04:56:361;0,78;45;6;46,69;-0,27;157,68;3,38;-171,87;
2026 03 12 13:04:56:363;0,78;45;6;46,69;-0,27;157,68;3,38;-222,66;
2026 03 12 13:04:56:365;0,78;45;6;46,69;-0,27;157,68;3,38;-246,09;
2026 03 12 13:04:56:367;0,78;45;6;46,69;-0,27;157,68;3,38;-187,5;
2026 03 12 13:04:56:369;0,78;45;6;46,69;-0,27;157,68;3,38;-152,34;
2026 03 12 13:04:56:371;0,78;45;6;46,69;-0,27;157,68;3,38;-148,44;
2026 03 12 13:04:56:373;0,78;45;6;46,69;-0,27;157,68;3,38;-160,16;
2026 03 12 13:04:56:375;0,78;45;6;46,69;-0,27;157,68;3,38;-136,72;
2026 03 12 13:04:56:377;0,78;45;6;46,69;-0,27;157,68;3,38;-171,87;
2026 03 12 13:04:56:379;0,78;45;6;46,69;-0,27;157,68;3,38;-230,47;
2026 03 12 13:04:56:381;0,78;45;6;46,69;-0,27;157,68;3,38;-234,37;
2026 03 12 13:04:56:383;0,78;45;6;46,69;-0,27;157,68;3,38;-191,41;
2026 03 12 13:04:56:385;0,78;45;6;46,69;-0,27;157,68;3,38;-191,41;
2026 03 12 13:04:56:387;0,78;45;6;46,69;-0,27;157,68;3,38;-132,81;
2026 03 12 13:04:56:389;0,78;45;6;46,69;-0,27;157,68;3,38;-125;
2026 03 12 13:04:56:391;0,78;45;6;46,69;-0,27;157,68;3,38;-179,69;
2026 03 12 13:04:56:393;0,78;45;6;46,69;-0,27;157,68;3,38;-183,59;
2026 03 12 13:04:56:395;0,78;45;6;46,69;-0,27;157,68;3,38;-171,87;
2026 03 12 13:04:56:397;0,78;45;6;46,69;-0,27;157,68;3,38;-207,03;
2026 03 12 13:04:56:399;0,78;45;6;46,69;-0,27;157,68;3,38;-203,12;
2026 03 12 13:04:56:401;0,78;45;6;46,69;-0,27;157,68;3,38;-136,72;
2026 03 12 13:04:56:403;0,78;45;6;46,69;-0,27;157,68;3,38;-152,34;
2026 03 12 13:04:56:405;0,78;45;6;46,69;-0,27;157,68;3,38;-187,5;
2026 03 12 13:04:56:407;0,78;45;6;46,69;-0,27;157,68;3,38;-171,87;
2026 03 12 13:04:56:409;0,78;45;6;46,69;-0,27;157,68;3,38;-128,91;
2026 03 12 13:04:56:411;0,78;45;6;46,69;-0,27;157,68;3,38;-167,97;
2026 03 12 13:04:56:413;0,78;45;6;46,69;-0,27;157,68;3,38;-195,31;
2026 03 12 13:04:56:415;0,78;45;6;46,69;-0,27;157,68;3,38;-203,12;
2026 03 12 13:04:56:417;0,78;45;6;46,69;-0,27;157,68;3,38;-230,47;
2026 03 12 13:04:56:419;0,78;45;6;46,69;-0,27;157,68;3,38;-199,22;
2026 03 12 13:04:56:421;0,78;45;6;46,69;-0,27;157,68;3,38;-203,12;
2026 03 12 13:04:56:423;0,78;45;6;46,69;-0,27;157,68;3,38;-187,5;
2026 03 12 13:04:56:425;0,78;45;6;46,69;-0,27;157,68;3,38;-160,16;
2026 03 12 13:04:56:427;0,78;45;6;46,69;-0,27;157,68;3,38;-179,69;
2026 03 12 13:04:56:429;0,78;45;6;46,69;-0,27;157,68;3,38;-144,53;
2026 03 12 13:04:56:431;0,78;45;6;46,69;-0,27;157,68;3,38;-164,06;
2026 03 12 13:04:56:433;0,78;45;6;46,69;-0,27;157,68;3,38;-222,66;
2026 03 12 13:04:56:435;0,78;45;6;46,69;-0,27;157,68;3,38;-148,44;
2026 03 12 13:04:56:437;0,78;45;6;46,69;-0,27;157,68;3,38;-187,5;
2026 03 12 13:04:56:439;0,78;45;6;46,69;-0,27;157,68;3,38;-210,94;
2026 03 12 13:04:56:441;0,78;45;6;46,69;-0,27;157,68;3,38;-164,06;
2026 03 12 13:04:56:443;0,78;45;6;46,69;-0,27;157,68;3,38;-187,5;
2026 03 12 13:04:56:445;0,78;45;6;46,69;-0,27;157,68;3,38;-222,66;
2026 03 12 13:04:56:447;0,78;45;6;46,69;-0,27;157,68;3,38;-187,5;
2026 03 12 13:04:56:449;0,78;45;6;46,69;-0,27;157,68;3,38;-218,75;
2026 03 12 13:04:56:451;0,78;45;6;46,69;-0,27;157,68;3,38;-132,81;
2026 03 12 13:04:56:453;0,78;45;6;46,69;-0,27;157,68;3,38;-156,25;
2026 03 12 13:04:56:455;0,78;45;6;46,69;-0,27;157,68;3,38;-207,03;
2026 03 12 13:04:56:457;0,78;45;6;46,69;-0,27;157,68;3,38;-195,31;
2026 03 12 13:04:56:459;0,78;45;6;46,69;-0,27;157,68;3,38;-171,87;
2026 03 12 13:04:56:461;0,78;45;6;46,69;-0,27;157,68;3,38;-175,78;
2026 03 12 13:04:56:463;0,78;45;6;46,69;-0,27;157,68;3,38;-191,41;
2026 03 12 13:04:56:465;0,78;45;6;46,69;-0,27;157,68;3,38;-218,75;
2026 03 12 13:04:56:467;0,78;45;6;46,69;-0,27;157,68;3,38;-214,84;
2026 03 12 13:04:56:469;0,78;45;6;46,69;-0,27;157,68;3,38;-152,34;
2026 03 12 13:04:56:471;0,78;45;6;46,69;-0,27;157,68;3,38;-175,78;
2026 03 12 13:04:56:473;0,78;45;6;46,69;-0,27;157,68;3,38;-203,12;
2026 03 12 13:04:56:475;0,78;45;6;46,69;-0,27;157,68;3,38;-160,16;
2026 03 12 13:04:56:477;0,78;45;6;46,69;-0,27;157,68;3,38;-203,12;
2026 03 12 13:04:56:479;0,78;45;6;46,69;-0,27;157,68;3,38;-222,66;
2026 03 12 13:04:56:481;0,78;45;6;46,69;-0,27;157,68;3,38;-214,84;
2026 03 12 13:04:56:483;0,78;45;6;46,69;-0,27;157,68;3,38;-199,22;
2026 03 12 13:04:56:485;0,78;45;6;46,69;-0,27;157,68;3,38;-214,84;
2026 03 12 13:04:56:487;0,78;45;6;46,69;-0,27;157,68;3,38;-246,09;
2026 03 12 13:04:56:489;0,78;45;6;46,69;-0,27;157,68;3,38;-207,03;
2026 03 12 13:04:56:491;0,78;45;6;46,69;-0,27;157,68;3,38;-203,12;
2026 03 12 13:04:56:493;0,78;45;6;46,69;-0,27;157,68;3,38;-214,84;
2026 03 12 13:04:56:495;0,78;45;6;46,69;-0,27;157,68;3,38;-234,37;
2026 03 12 13:04:56:497;0,78;45;6;46,69;-0,27;157,68;3,38;-226,56;
2026 03 12 13:04:56:499;0,78;45;6;46,69;-0,27;157,68;3,38;-210,94;
2026 03 12 13:04:56:501;0,78;45;6;46,69;-0,27;157,68;3,38;-222,66;
2026 03 12 13:04:56:503;0,78;45;6;46,69;-0,27;157,68;3,38;-210,94;
2026 03 12 13:04:56:505;0,78;45;6;46,69;-0,27;157,68;3,38;-175,78;
2026 03 12 13:04:56:507;0,78;45;6;46,69;-0,27;157,68;3,38;-238,28;
2026 03 12 13:04:56:509;0,78;45;6;46,69;-0,27;157,68;3,38;-187,5;
2026 03 12 13:04:56:511;0,77;44;6;44,24;-0,24;154,21;3,49;-203,12;
2026 03 12 13:04:56:513;0,77;44;6;44,24;-0,24;154,21;3,49;-195,31;
2026 03 12 13:04:56:515;0,77;44;6;44,24;-0,24;154,21;3,49;-226,56;
2026 03 12 13:04:56:517;0,77;44;6;44,24;-0,24;154,21;3,49;-253,91;
2026 03 12 13:04:56:519;0,77;44;6;44,24;-0,24;154,21;3,49;-218,75;
2026 03 12 13:04:56:521;0,77;44;6;44,24;-0,24;154,21;3,49;-226,56;
2026 03 12 13:04:56:523;0,77;44;6;44,24;-0,24;154,21;3,49;-234,37;
2026 03 12 13:04:56:525;0,77;44;6;44,24;-0,24;154,21;3,49;-191,41;
2026 03 12 13:04:56:527;0,77;44;6;44,24;-0,24;154,21;3,49;-156,25;
2026 03 12 13:04:56:529;0,77;44;6;44,24;-0,24;154,21;3,49;-175,78;
2026 03 12 13:04:56:531;0,77;44;6;44,24;-0,24;154,21;3,49;-167,97;
2026 03 12 13:04:56:533;0,77;44;6;44,24;-0,24;154,21;3,49;-132,81;
2026 03 12 13:04:56:535;0,77;44;6;44,24;-0,24;154,21;3,49;-175,78;
2026 03 12 13:04:56:537;0,77;44;6;44,24;-0,24;154,21;3,49;-210,94;
2026 03 12 13:04:56:539;0,77;44;6;44,24;-0,24;154,21;3,49;-218,75;
2026 03 12 13:04:56:541;0,77;44;6;44,24;-0,24;154,21;3,49;-222,66;
2026 03 12 13:04:56:543;0,77;44;6;44,24;-0,24;154,21;3,49;-218,75;
2026 03 12 13:04:56:545;0,77;44;6;44,24;-0,24;154,21;3,49;-269,53;
2026 03 12 13:04:56:547;0,77;44;6;44,24;-0,24;154,21;3,49;-218,75;
2026 03 12 13:04:56:549;0,77;44;6;44,24;-0,24;154,21;3,49;-207,03;
2026 03 12 13:04:56:551;0,77;44;6;44,24;-0,24;154,21;3,49;-199,22;
2026 03 12 13:04:56:553;0,77;44;6;44,24;-0,24;154,21;3,49;-175,78;
2026 03 12 13:04:56:555;0,77;44;6;44,24;-0,24;154,21;3,49;-191,41;
2026 03 12 13:04:56:557;0,77;44;6;44,24;-0,24;154,21;3,49;-218,75;
2026 03 12 13:04:56:559;0,77;44;6;44,24;-0,24;154,21;3,49;-171,87;
2026 03 12 13:04:56:561;0,77;44;6;44,24;-0,24;154,21;3,49;-187,5;
2026 03 12 13:04:56:563;0,77;44;6;44,24;-0,24;154,21;3,49;-203,12;
2026 03 12 13:04:56:565;0,77;44;6;44,24;-0,24;154,21;3,49;-218,75;
2026 03 12 13:04:56:567;0,77;44;6;44,24;-0,24;154,21;3,49;-214,84;
2026 03 12 13:04:56:569;0,77;44;6;44,24;-0,24;154,21;3,49;-238,28;
2026 03 12 13:04:56:571;0,77;44;6;44,24;-0,24;154,21;3,49;-281,25;
2026 03 12 13:04:56:573;0,77;44;6;44,24;-0,24;154,21;3,49;-226,56;
2026 03 12 13:04:56:575;0,77;44;6;44,24;-0,24;154,21;3,49;-250;
2026 03 12 13:04:56:577;0,77;44;6;44,24;-0,24;154,21;3,49;-261,72;
2026 03 12 13:04:56:579;0,77;44;6;44,24;-0,24;154,21;3,49;-238,28;
2026 03 12 13:04:56:581;0,77;44;6;44,24;-0,24;154,21;3,49;-207,03;
2026 03 12 13:04:56:583;0,77;44;6;44,24;-0,24;154,21;3,49;-183,59;
2026 03 12 13:04:56:585;0,77;44;6;44,24;-0,24;154,21;3,49;-214,84;
2026 03 12 13:04:56:587;0,77;44;6;44,24;-0,24;154,21;3,49;-226,56;
2026 03 12 13:04:56:589;0,77;44;6;44,24;-0,24;154,21;3,49;-195,31;
2026 03 12 13:04:56:591;0,77;44;6;44,24;-0,24;154,21;3,49;-191,41;
2026 03 12 13:04:56:593;0,77;44;6;44,24;-0,24;154,21;3,49;-207,03;
2026 03 12 13:04:56:595;0,77;44;6;44,24;-0,24;154,21;3,49;-246,09;
2026 03 12 13:04:56:597;0,77;44;6;44,24;-0,24;154,21;3,49;-261,72;
2026 03 12 13:04:56:599;0,77;44;6;44,24;-0,24;154,21;3,49;-250;
2026 03 12 13:04:56:601;0,77;44;6;44,24;-0,24;154,21;3,49;-261,72;
2026 03 12 13:04:56:603;0,77;44;6;44,24;-0,24;154,21;3,49;-234,37;
2026 03 12 13:04:56:605;0,77;44;6;44,24;-0,24;154,21;3,49;-222,66;
2026 03 12 13:04:56:607;0,77;44;6;44,24;-0,24;154,21;3,49;-199,22;
2026 03 12 13:04:56:609;0,77;44;6;44,24;-0,24;154,21;3,49;-199,22;
2026 03 12 13:04:56:611;0,77;44;6;44,24;-0,24;154,21;3,49;-164,06;
2026 03 12 13:04:56:613;0,77;44;6;44,24;-0,24;154,21;3,49;-171,87;
2026 03 12 13:04:56:615;0,77;44;6;44,24;-0,24;154,21;3,49;-199,22;
2026 03 12 13:04:56:617;0,77;44;6;44,24;-0,24;154,21;3,49;-210,94;
2026 03 12 13:04:56:619;0,77;44;6;44,24;-0,24;154,21;3,49;-218,75;
2026 03 12 13:04:56:621;0,77;44;6;44,24;-0,24;154,21;3,49;-218,75;
2026 03 12 13:04:56:623;0,77;44;6;44,24;-0,24;154,21;3,49;-195,31;
2026 03 12 13:04:56:625;0,77;44;6;44,24;-0,24;154,21;3,49;-253,91;
2026 03 12 13:04:56:627;0,77;44;6;44,24;-0,24;154,21;3,49;-246,09;
2026 03 12 13:04:56:629;0,77;44;6;44,24;-0,24;154,21;3,49;-253,91;
2026 03 12 13:04:56:631;0,77;44;6;44,24;-0,24;154,21;3,49;-195,31;
2026 03 12 13:04:56:633;0,77;44;6;44,24;-0,24;154,21;3,49;-207,03;
2026 03 12 13:04:56:635;0,77;44;6;44,24;-0,24;154,21;3,49;-218,75;
2026 03 12 13:04:56:637;0,77;44;6;44,24;-0,24;154,21;3,49;-187,5;
2026 03 12 13:04:56:639;0,77;44;6;44,24;-0,24;154,21;3,49;-199,22;
2026 03 12 13:04:56:641;0,77;44;6;44,24;-0,24;154,21;3,49;-199,22;
2026 03 12 13:04:56:643;0,77;44;6;44,24;-0,24;154,21;3,49;-207,03;
2026 03 12 13:04:56:645;0,77;44;6;44,24;-0,24;154,21;3,49;-199,22;
2026 03 12 13:04:56:647;0,77;44;6;44,24;-0,24;154,21;3,49;-222,66;
2026 03 12 13:04:56:649;0,77;44;6;44,24;-0,24;154,21;3,49;-250;
2026 03 12 13:04:56:651;0,77;44;6;44,24;-0,24;154,21;3,49;-226,56;
2026 03 12 13:04:56:653;0,77;44;6;44,24;-0,24;154,21;3,49;-261,72;
2026 03 12 13:04:56:655;0,77;44;6;44,24;-0,24;154,21;3,49;-273,44;
2026 03 12 13:04:56:657;0,77;44;6;44,24;-0,24;154,21;3,49;-281,25;
2026 03 12 13:04:56:659;0,77;44;6;44,24;-0,24;154,21;3,49;-246,09;
2026 03 12 13:04:56:661;0,77;44;6;44,24;-0,24;154,21;3,49;-207,03;
2026 03 12 13:04:56:663;0,77;44;6;44,24;-0,24;154,21;3,49;-191,41;
2026 03 12 13:04:56:665;0,77;44;6;44,24;-0,24;154,21;3,49;-203,12;
2026 03 12 13:04:56:667;0,77;44;6;44,24;-0,24;154,21;3,49;-183,59;
2026 03 12 13:04:56:669;0,77;44;6;44,24;-0,24;154,21;3,49;-199,22;
2026 03 12 13:04:56:671;0,77;44;6;44,24;-0,24;154,21;3,49;-160,16;
2026 03 12 13:04:56:673;0,77;44;6;44,24;-0,24;154,21;3,49;-187,5;
2026 03 12 13:04:56:675;0,77;44;6;44,24;-0,24;154,21;3,49;-218,75;
2026 03 12 13:04:56:677;0,77;44;6;44,24;-0,24;154,21;3,49;-273,44;
2026 03 12 13:04:56:679;0,77;44;6;44,24;-0,24;154,21;3,49;-285,16;
2026 03 12 13:04:56:681;0,77;44;6;44,24;-0,24;154,21;3,49;-246,09;
2026 03 12 13:04:56:683;0,77;44;6;44,24;-0,24;154,21;3,49;-246,09;
2026 03 12 13:04:56:685;0,77;44;6;44,24;-0,24;154,21;3,49;-242,19;
2026 03 12 13:04:56:687;0,77;44;6;44,24;-0,24;154,21;3,49;-203,12;
2026 03 12 13:04:56:689;0,77;44;6;44,24;-0,24;154,21;3,49;-207,03;
2026 03 12 13:04:56:691;0,77;44;6;44,24;-0,24;154,21;3,49;-183,59;
2026 03 12 13:04:56:693;0,77;44;6;44,24;-0,24;154,21;3,49;-167,97;
2026 03 12 13:04:56:695;0,77;44;6;44,24;-0,24;154,21;3,49;-164,06;
2026 03 12 13:04:56:697;0,77;44;6;44,24;-0,24;154,21;3,49;-199,22;
2026 03 12 13:04:56:699;0,77;44;6;44,24;-0,24;154,21;3,49;-183,59;
2026 03 12 13:04:56:701;0,77;44;6;44,24;-0,24;154,21;3,49;-210,94;
2026 03 12 13:04:56:703;0,77;44;6;44,24;-0,24;154,21;3,49;-214,84;
2026 03 12 13:04:56:705;0,77;44;6;44,24;-0,24;154,21;3,49;-257,81;
2026 03 12 13:04:56:707;0,77;44;6;44,24;-0,24;154,21;3,49;-265,62;
2026 03 12 13:04:56:709;0,77;44;6;44,24;-0,24;154,21;3,49;-242,19;
2026 03 12 13:04:56:711;0,77;44;6;44,24;-0,24;154,21;3,49;-226,56;
2026 03 12 13:04:56:713;0,77;44;6;44,24;-0,24;154,21;3,49;-210,94;
2026 03 12 13:04:56:715;0,77;44;6;44,24;-0,24;154,21;3,49;-203,12;
2026 03 12 13:04:56:717;0,77;44;6;44,24;-0,24;154,21;3,49;-210,94;
2026 03 12 13:04:56:719;0,77;44;6;44,24;-0,24;154,21;3,49;-203,12;
2026 03 12 13:04:56:721;0,77;44;6;44,24;-0,24;154,21;3,49;-179,69;
2026 03 12 13:04:56:723;0,77;44;6;44,24;-0,24;154,21;3,49;-183,59;
2026 03 12 13:04:56:725;0,77;44;6;44,24;-0,24;154,21;3,49;-203,12;
2026 03 12 13:04:56:727;0,77;44;6;44,24;-0,24;154,21;3,49;-199,22;
2026 03 12 13:04:56:729;0,77;44;6;44,24;-0,24;154,21;3,49;-203,12;
2026 03 12 13:04:56:731;0,77;44;6;44,24;-0,24;154,21;3,49;-277,34;
2026 03 12 13:04:56:733;0,77;44;6;44,24;-0,24;154,21;3,49;-218,75;
2026 03 12 13:04:56:735;0,77;44;6;44,24;-0,24;154,21;3,49;-300,78;
2026 03 12 13:04:56:737;0,77;44;6;44,24;-0,24;154,21;3,49;-250;
2026 03 12 13:04:56:739;0,77;44;6;44,24;-0,24;154,21;3,49;-250;
2026 03 12 13:04:56:741;0,77;44;6;44,24;-0,24;154,21;3,49;-230,47;
2026 03 12 13:04:56:743;0,77;44;6;44,24;-0,24;154,21;3,49;-171,87;
2026 03 12 13:04:56:745;0,77;44;6;44,24;-0,24;154,21;3,49;-160,16;
2026 03 12 13:04:56:747;0,77;44;6;44,24;-0,24;154,21;3,49;-171,87;
2026 03 12 13:04:56:749;0,77;44;6;44,24;-0,24;154,21;3,49;-214,84;
2026 03 12 13:04:56:751;0,77;44;6;44,24;-0,24;154,21;3,49;-171,87;
2026 03 12 13:04:56:753;0,77;44;6;44,24;-0,24;154,21;3,49;-148,44;
2026 03 12 13:04:56:755;0,77;44;6;44,24;-0,24;154,21;3,49;-218,75;
2026 03 12 13:04:56:757;0,77;44;6;44,24;-0,24;154,21;3,49;-265,62;
2026 03 12 13:04:56:759;0,77;44;6;44,24;-0,24;154,21;3,49;-277,34;
2026 03 12 13:04:56:761;0,77;44;6;44,24;-0,24;154,21;3,49;-218,75;
2026 03 12 13:04:56:763;0,77;44;6;44,24;-0,24;154,21;3,49;-246,09;
2026 03 12 13:04:56:765;0,77;44;6;44,24;-0,24;154,21;3,49;-238,28;
2026 03 12 13:04:56:767;0,77;44;6;44,24;-0,24;154,21;3,49;-195,31;
2026 03 12 13:04:56:769;0,77;44;6;44,24;-0,24;154,21;3,49;-195,31;
2026 03 12 13:04:56:771;0,77;44;6;44,24;-0,24;154,21;3,49;-136,72;
2026 03 12 13:04:56:773;0,77;44;6;44,24;-0,24;154,21;3,49;-175,78;
2026 03 12 13:04:56:775;0,77;44;6;44,24;-0,24;154,21;3,49;-175,78;
2026 03 12 13:04:56:777;0,77;44;6;44,24;-0,24;154,21;3,49;-214,84;
2026 03 12 13:04:56:779;0,77;44;6;44,24;-0,24;154,21;3,49;-203,12;
2026 03 12 13:04:56:781;0,77;44;6;44,24;-0,24;154,21;3,49;-199,22;
2026 03 12 13:04:56:783;0,77;44;6;44,24;-0,24;154,21;3,49;-218,75;
2026 03 12 13:04:56:785;0,77;44;6;44,24;-0,24;154,21;3,49;-246,09;
2026 03 12 13:04:56:787;0,77;44;6;44,24;-0,24;154,21;3,49;-250;
2026 03 12 13:04:56:789;0,77;44;6;44,24;-0,24;154,21;3,49;-246,09;
2026 03 12 13:04:56:791;0,77;44;6;44,24;-0,24;154,21;3,49;-234,37;
2026 03 12 13:04:56:793;0,77;44;6;44,24;-0,24;154,21;3,49;-210,94;
2026 03 12 13:04:56:795;0,77;44;6;44,24;-0,24;154,21;3,49;-210,94;
2026 03 12 13:04:56:797;0,77;44;6;44,24;-0,24;154,21;3,49;-230,47;
2026 03 12 13:04:56:799;0,77;44;6;44,24;-0,24;154,21;3,49;-191,41;
2026 03 12 13:04:56:801;0,77;44;6;44,24;-0,24;154,21;3,49;-171,87;
2026 03 12 13:04:56:803;0,77;44;6;44,24;-0,24;154,21;3,49;-167,97;
2026 03 12 13:04:56:805;0,77;44;6;44,24;-0,24;154,21;3,49;-179,69;
2026 03 12 13:04:56:807;0,77;44;6;44,24;-0,24;154,21;3,49;-191,41;
2026 03 12 13:04:56:809;0,77;44;6;44,24;-0,24;154,21;3,49;-187,5;
2026 03 12 13:04:56:811;0,82;40;6;40,04;-0,16;165,86;4,14;-242,19;
2026 03 12 13:04:56:813;0,82;40;6;40,04;-0,16;165,86;4,14;-218,75;
2026 03 12 13:04:56:815;0,82;40;6;40,04;-0,16;165,86;4,14;-250;
2026 03 12 13:04:56:817;0,82;40;6;40,04;-0,16;165,86;4,14;-246,09;
2026 03 12 13:04:56:819;0,82;40;6;40,04;-0,16;165,86;4,14;-257,81;
2026 03 12 13:04:56:821;0,82;40;6;40,04;-0,16;165,86;4,14;-210,94;
2026 03 12 13:04:56:823;0,82;40;6;40,04;-0,16;165,86;4,14;-195,31;
2026 03 12 13:04:56:825;0,82;40;6;40,04;-0,16;165,86;4,14;-183,59;
2026 03 12 13:04:56:827;0,82;40;6;40,04;-0,16;165,86;4,14;-171,87;
2026 03 12 13:04:56:829;0,82;40;6;40,04;-0,16;165,86;4,14;-156,25;
2026 03 12 13:04:56:831;0,82;40;6;40,04;-0,16;165,86;4,14;-167,97;
2026 03 12 13:04:56:833;0,82;40;6;40,04;-0,16;165,86;4,14;-152,34;
2026 03 12 13:04:56:835;0,82;40;6;40,04;-0,16;165,86;4,14;-214,84;
2026 03 12 13:04:56:837;0,82;40;6;40,04;-0,16;165,86;4,14;-226,56;
2026 03 12 13:04:56:839;0,82;40;6;40,04;-0,16;165,86;4,14;-250;
2026 03 12 13:04:56:841;0,82;40;6;40,04;-0,16;165,86;4,14;-242,19;
2026 03 12 13:04:56:843;0,82;40;6;40,04;-0,16;165,86;4,14;-234,37;
2026 03 12 13:04:56:845;0,82;40;6;40,04;-0,16;165,86;4,14;-214,84;
2026 03 12 13:04:56:847;0,82;40;6;40,04;-0,16;165,86;4,14;-207,03;
2026 03 12 13:04:56:849;0,82;40;6;40,04;-0,16;165,86;4,14;-203,12;
2026 03 12 13:04:56:851;0,82;40;6;40,04;-0,16;165,86;4,14;-160,16;
2026 03 12 13:04:56:853;0,82;40;6;40,04;-0,16;165,86;4,14;-183,59;
2026 03 12 13:04:56:855;0,82;40;6;40,04;-0,16;165,86;4,14;-175,78;
2026 03 12 13:04:56:857;0,82;40;6;40,04;-0,16;165,86;4,14;-218,75;
2026 03 12 13:04:56:859;0,82;40;6;40,04;-0,16;165,86;4,14;-218,75;
2026 03 12 13:04:56:861;0,82;40;6;40,04;-0,16;165,86;4,14;-191,41;
2026 03 12 13:04:56:863;0,82;40;6;40,04;-0,16;165,86;4,14;-191,41;
2026 03 12 13:04:56:865;0,82;40;6;40,04;-0,16;165,86;4,14;-214,84;
2026 03 12 13:04:56:867;0,82;40;6;40,04;-0,16;165,86;4,14;-257,81;
2026 03 12 13:04:56:869;0,82;40;6;40,04;-0,16;165,86;4,14;-230,47;
2026 03 12 13:04:56:871;0,82;40;6;40,04;-0,16;165,86;4,14;-195,31;
2026 03 12 13:04:56:873;0,82;40;6;40,04;-0,16;165,86;4,14;-250;
2026 03 12 13:04:56:875;0,82;40;6;40,04;-0,16;165,86;4,14;-226,56;
2026 03 12 13:04:56:877;0,82;40;6;40,04;-0,16;165,86;4,14;-222,66;
2026 03 12 13:04:56:879;0,82;40;6;40,04;-0,16;165,86;4,14;-214,84;
2026 03 12 13:04:56:881;0,82;40;6;40,04;-0,16;165,86;4,14;-167,97;
2026 03 12 13:04:56:883;0,82;40;6;40,04;-0,16;165,86;4,14;-160,16;
2026 03 12 13:04:56:885;0,82;40;6;40,04;-0,16;165,86;4,14;-191,41;
2026 03 12 13:04:56:887;0,82;40;6;40,04;-0,16;165,86;4,14;-191,41;
2026 03 12 13:04:56:889;0,82;40;6;40,04;-0,16;165,86;4,14;-187,5;
2026 03 12 13:04:56:891;0,82;40;6;40,04;-0,16;165,86;4,14;-210,94;
2026 03 12 13:04:56:893;0,82;40;6;40,04;-0,16;165,86;4,14;-242,19;
2026 03 12 13:04:56:895;0,82;40;6;40,04;-0,16;165,86;4,14;-253,91;
2026 03 12 13:04:56:897;0,82;40;6;40,04;-0,16;165,86;4,14;-273,44;
2026 03 12 13:04:56:899;0,82;40;6;40,04;-0,16;165,86;4,14;-257,81;
2026 03 12 13:04:56:901;0,82;40;6;40,04;-0,16;165,86;4,14;-214,84;
2026 03 12 13:04:56:903;0,82;40;6;40,04;-0,16;165,86;4,14;-195,31;
2026 03 12 13:04:56:905;0,82;40;6;40,04;-0,16;165,86;4,14;-183,59;
2026 03 12 13:04:56:907;0,82;40;6;40,04;-0,16;165,86;4,14;-183,59;
2026 03 12 13:04:56:909;0,82;40;6;40,04;-0,16;165,86;4,14;-156,25;
2026 03 12 13:04:56:911;0,82;40;6;40,04;-0,16;165,86;4,14;-160,16;
2026 03 12 13:04:56:913;0,82;40;6;40,04;-0,16;165,86;4,14;-183,59;
2026 03 12 13:04:56:915;0,82;40;6;40,04;-0,16;165,86;4,14;-175,78;
2026 03 12 13:04:56:917;0,82;40;6;40,04;-0,16;165,86;4,14;-234,37;
2026 03 12 13:04:56:919;0,82;40;6;40,04;-0,16;165,86;4,14;-253,91;
2026 03 12 13:04:56:921;0,82;40;6;40,04;-0,16;165,86;4,14;-222,66;
2026 03 12 13:04:56:923;0,82;40;6;40,04;-0,16;165,86;4,14;-246,09;
2026 03 12 13:04:56:925;0,82;40;6;40,04;-0,16;165,86;4,14;-230,47;
2026 03 12 13:04:56:927;0,82;40;6;40,04;-0,16;165,86;4,14;-203,12;
2026 03 12 13:04:56:929;0,82;40;6;40,04;-0,16;165,86;4,14;-222,66;
2026 03 12 13:04:56:931;0,82;40;6;40,04;-0,16;165,86;4,14;-148,44;
2026 03 12 13:04:56:933;0,82;40;6;40,04;-0,16;165,86;4,14;-187,5;
2026 03 12 13:04:56:935;0,82;40;6;40,04;-0,16;165,86;4,14;-160,16;
2026 03 12 13:04:56:937;0,82;40;6;40,04;-0,16;165,86;4,14;-160,16;
2026 03 12 13:04:56:939;0,82;40;6;40,04;-0,16;165,86;4,14;-183,59;
2026 03 12 13:04:56:941;0,82;40;6;40,04;-0,16;165,86;4,14;-175,78;
2026 03 12 13:04:56:943;0,82;40;6;40,04;-0,16;165,86;4,14;-199,22;
2026 03 12 13:04:56:945;0,82;40;6;40,04;-0,16;165,86;4,14;-199,22;
2026 03 12 13:04:56:947;0,82;40;6;40,04;-0,16;165,86;4,14;-230,47;
2026 03 12 13:04:56:949;0,82;40;6;40,04;-0,16;165,86;4,14;-253,91;
2026 03 12 13:04:56:951;0,82;40;6;40,04;-0,16;165,86;4,14;-191,41;
2026 03 12 13:04:56:953;0,82;40;6;40,04;-0,16;165,86;4,14;-242,19;
2026 03 12 13:04:56:955;0,82;40;6;40,04;-0,16;165,86;4,14;-199,22;
2026 03 12 13:04:56:957;0,82;40;6;40,04;-0,16;165,86;4,14;-207,03;
2026 03 12 13:04:56:959;0,82;40;6;40,04;-0,16;165,86;4,14;-179,69;
2026 03 12 13:04:56:961;0,82;40;6;40,04;-0,16;165,86;4,14;-160,16;
2026 03 12 13:04:56:963;0,82;40;6;40,04;-0,16;165,86;4,14;-132,81;
2026 03 12 13:04:56:965;0,82;40;6;40,04;-0,16;165,86;4,14;-121,09;
2026 03 12 13:04:56:967;0,82;40;6;40,04;-0,16;165,86;4,14;-175,78;
2026 03 12 13:04:56:969;0,82;40;6;40,04;-0,16;165,86;4,14;-187,5;
2026 03 12 13:04:56:971;0,82;40;6;40,04;-0,16;165,86;4,14;-203,12;
2026 03 12 13:04:56:973;0,82;40;6;40,04;-0,16;165,86;4,14;-210,94;
2026 03 12 13:04:56:975;0,82;40;6;40,04;-0,16;165,86;4,14;-195,31;
2026 03 12 13:04:56:977;0,82;40;6;40,04;-0,16;165,86;4,14;-246,09;
2026 03 12 13:04:56:979;0,82;40;6;40,04;-0,16;165,86;4,14;-234,37;
2026 03 12 13:04:56:981;0,82;40;6;40,04;-0,16;165,86;4,14;-195,31;
2026 03 12 13:04:56:983;0,82;40;6;40,04;-0,16;165,86;4,14;-171,87;
2026 03 12 13:04:56:985;0,82;40;6;40,04;-0,16;165,86;4,14;-144,53;
2026 03 12 13:04:56:987;0,82;40;6;40,04;-0,16;165,86;4,14;-175,78;
2026 03 12 13:04:56:989;0,82;40;6;40,04;-0,16;165,86;4,14;-136,72;
2026 03 12 13:04:56:991;0,82;40;6;40,04;-0,16;165,86;4,14;-117,19;
2026 03 12 13:04:56:993;0,82;40;6;40,04;-0,16;165,86;4,14;-140,62;
2026 03 12 13:04:56:995;0,82;40;6;40,04;-0,16;165,86;4,14;-179,69;
2026 03 12 13:04:56:997;0,82;40;6;40,04;-0,16;165,86;4,14;-218,75;
2026 03 12 13:04:56:999;0,82;40;6;40,04;-0,16;165,86;4,14;-187,5;
2026 03 12 13:04:57:001;0,82;40;6;40,04;-0,16;165,86;4,14;-222,66;
2026 03 12 13:04:57:003;0,82;40;6;40,04;-0,16;165,86;4,14;-226,56;
2026 03 12 13:04:57:005;0,82;40;6;40,04;-0,16;165,86;4,14;-214,84;
2026 03 12 13:04:57:007;0,82;40;6;40,04;-0,16;165,86;4,14;-191,41;
2026 03 12 13:04:57:009;0,82;40;6;40,04;-0,16;165,86;4,14;-179,69;
2026 03 12 13:04:57:011;0,82;40;6;40,04;-0,16;165,86;4,14;-128,91;
2026 03 12 13:04:57:013;0,82;40;6;40,04;-0,16;165,86;4,14;-152,34;
2026 03 12 13:04:57:015;0,82;40;6;40,04;-0,16;165,86;4,14;-132,81;
2026 03 12 13:04:57:017;0,82;40;6;40,04;-0,16;165,86;4,14;-167,97;
2026 03 12 13:04:57:019;0,82;40;6;40,04;-0,16;165,86;4,14;-187,5;
2026 03 12 13:04:57:021;0,82;40;6;40,04;-0,16;165,86;4,14;-160,16;
2026 03 12 13:04:57:023;0,82;40;6;40,04;-0,16;165,86;4,14;-214,84;
2026 03 12 13:04:57:025;0,82;40;6;40,04;-0,16;165,86;4,14;-230,47;
2026 03 12 13:04:57:027;0,82;40;6;40,04;-0,16;165,86;4,14;-195,31;
2026 03 12 13:04:57:029;0,82;40;6;40,04;-0,16;165,86;4,14;-210,94;
2026 03 12 13:04:57:031;0,82;40;6;40,04;-0,16;165,86;4,14;-187,5;
2026 03 12 13:04:57:033;0,82;40;6;40,04;-0,16;165,86;4,14;-191,41;
2026 03 12 13:04:57:035;0,82;40;6;40,04;-0,16;165,86;4,14;-148,44;
2026 03 12 13:04:57:037;0,82;40;6;40,04;-0,16;165,86;4,14;-152,34;
2026 03 12 13:04:57:039;0,82;40;6;40,04;-0,16;165,86;4,14;-175,78;
2026 03 12 13:04:57:041;0,82;40;6;40,04;-0,16;165,86;4,14;-148,44;
2026 03 12 13:04:57:043;0,82;40;6;40,04;-0,16;165,86;4,14;-117,19;
2026 03 12 13:04:57:045;0,82;40;6;40,04;-0,16;165,86;4,14;-140,62;
2026 03 12 13:04:57:047;0,82;40;6;40,04;-0,16;165,86;4,14;-160,16;
2026 03 12 13:04:57:049;0,82;40;6;40,04;-0,16;165,86;4,14;-187,5;
2026 03 12 13:04:57:051;0,82;40;6;40,04;-0,16;165,86;4,14;-164,06;
2026 03 12 13:04:57:053;0,82;40;6;40,04;-0,16;165,86;4,14;-214,84;
2026 03 12 13:04:57:055;0,82;40;6;40,04;-0,16;165,86;4,14;-195,31;
2026 03 12 13:04:57:057;0,82;40;6;40,04;-0,16;165,86;4,14;-230,47;
2026 03 12 13:04:57:059;0,82;40;6;40,04;-0,16;165,86;4,14;-203,12;
2026 03 12 13:04:57:061;0,82;40;6;40,04;-0,16;165,86;4,14;-183,59;
2026 03 12 13:04:57:063;0,82;40;6;40,04;-0,16;165,86;4,14;-164,06;
2026 03 12 13:04:57:065;0,82;40;6;40,04;-0,16;165,86;4,14;-121,09;
2026 03 12 13:04:57:067;0,82;40;6;40,04;-0,16;165,86;4,14;-167,97;
2026 03 12 13:04:57:069;0,82;40;6;40,04;-0,16;165,86;4,14;-144,53;
2026 03 12 13:04:57:071;0,82;40;6;40,04;-0,16;165,86;4,14;-97,66;
2026 03 12 13:04:57:073;0,82;40;6;40,04;-0,16;165,86;4,14;-156,25;
2026 03 12 13:04:57:075;0,82;40;6;40,04;-0,16;165,86;4,14;-136,72;
2026 03 12 13:04:57:077;0,82;40;6;40,04;-0,16;165,86;4,14;-222,66;
2026 03 12 13:04:57:079;0,82;40;6;40,04;-0,16;165,86;4,14;-171,87;
2026 03 12 13:04:57:081;0,82;40;6;40,04;-0,16;165,86;4,14;-195,31;
2026 03 12 13:04:57:083;0,82;40;6;40,04;-0,16;165,86;4,14;-191,41;
2026 03 12 13:04:57:085;0,82;40;6;40,04;-0,16;165,86;4,14;-187,5;
2026 03 12 13:04:57:087;0,82;40;6;40,04;-0,16;165,86;4,14;-167,97;
2026 03 12 13:04:57:089;0,82;40;6;40,04;-0,16;165,86;4,14;-156,25;
2026 03 12 13:04:57:091;0,82;40;6;40,04;-0,16;165,86;4,14;-113,28;
2026 03 12 13:04:57:093;0,82;40;6;40,04;-0,16;165,86;4,14;-136,72;
2026 03 12 13:04:57:095;0,82;40;6;40,04;-0,16;165,86;4,14;-136,72;
2026 03 12 13:04:57:097;0,82;40;6;40,04;-0,16;165,86;4,14;-164,06;
2026 03 12 13:04:57:099;0,82;40;6;40,04;-0,16;165,86;4,14;-164,06;
2026 03 12 13:04:57:101;0,82;40;6;40,04;-0,16;165,86;4,14;-156,25;
2026 03 12 13:04:57:103;0,82;40;6;40,04;-0,16;165,86;4,14;-156,25;
2026 03 12 13:04:57:105;0,82;40;6;40,04;-0,16;165,86;4,14;-203,12;
2026 03 12 13:04:57:107;0,82;40;6;40,04;-0,16;165,86;4,14;-175,78;
2026 03 12 13:04:57:109;0,82;40;6;40,04;-0,16;165,86;4,14;-191,41;
2026 03 12 13:04:57:111;0,82;39;7;43,17;0,05;172,68;4;-167,97;
2026 03 12 13:04:57:113;0,82;39;7;43,17;0,05;172,68;4;-164,06;
2026 03 12 13:04:57:115;0,82;39;7;43,17;0,05;172,68;4;-187,5;
2026 03 12 13:04:57:117;0,82;39;7;43,17;0,05;172,68;4;-148,44;
2026 03 12 13:04:57:119;0,82;39;7;43,17;0,05;172,68;4;-152,34;
2026 03 12 13:04:57:121;0,82;39;7;43,17;0,05;172,68;4;-140,62;
2026 03 12 13:04:57:123;0,82;39;7;43,17;0,05;172,68;4;-140,62;
2026 03 12 13:04:57:125;0,82;39;7;43,17;0,05;172,68;4;-132,81;
2026 03 12 13:04:57:127;0,82;39;7;43,17;0,05;172,68;4;-113,28;
2026 03 12 13:04:57:129;0,82;39;7;43,17;0,05;172,68;4;-148,44;
2026 03 12 13:04:57:131;0,82;39;7;43,17;0,05;172,68;4;-179,69;
2026 03 12 13:04:57:133;0,82;39;7;43,17;0,05;172,68;4;-167,97;
2026 03 12 13:04:57:135;0,82;39;7;43,17;0,05;172,68;4;-183,59;
2026 03 12 13:04:57:137;0,82;39;7;43,17;0,05;172,68;4;-191,41;
2026 03 12 13:04:57:139;0,82;39;7;43,17;0,05;172,68;4;-199,22;
2026 03 12 13:04:57:141;0,82;39;7;43,17;0,05;172,68;4;-156,25;
2026 03 12 13:04:57:143;0,82;39;7;43,17;0,05;172,68;4;-117,19;
2026 03 12 13:04:57:145;0,82;39;7;43,17;0,05;172,68;4;-97,66;
2026 03 12 13:04:57:147;0,82;39;7;43,17;0,05;172,68;4;-125;
2026 03 12 13:04:57:149;0,82;39;7;43,17;0,05;172,68;4;-109,37;
2026 03 12 13:04:57:151;0,82;39;7;43,17;0,05;172,68;4;-113,28;
2026 03 12 13:04:57:153;0,82;39;7;43,17;0,05;172,68;4;-97,66;
2026 03 12 13:04:57:155;0,82;39;7;43,17;0,05;172,68;4;-121,09;
2026 03 12 13:04:57:157;0,82;39;7;43,17;0,05;172,68;4;-183,59;
2026 03 12 13:04:57:159;0,82;39;7;43,17;0,05;172,68;4;-167,97;
2026 03 12 13:04:57:161;0,82;39;7;43,17;0,05;172,68;4;-175,78;
2026 03 12 13:04:57:163;0,82;39;7;43,17;0,05;172,68;4;-175,78;
2026 03 12 13:04:57:165;0,82;39;7;43,17;0,05;172,68;4;-175,78;
2026 03 12 13:04:57:167;0,82;39;7;43,17;0,05;172,68;4;-164,06;
2026 03 12 13:04:57:169;0,82;39;7;43,17;0,05;172,68;4;-148,44;
2026 03 12 13:04:57:171;0,82;39;7;43,17;0,05;172,68;4;-109,37;
2026 03 12 13:04:57:173;0,82;39;7;43,17;0,05;172,68;4;-85,94;
2026 03 12 13:04:57:175;0,82;39;7;43,17;0,05;172,68;4;-109,37;
2026 03 12 13:04:57:177;0,82;39;7;43,17;0,05;172,68;4;-132,81;
2026 03 12 13:04:57:179;0,82;39;7;43,17;0,05;172,68;4;-128,91;
2026 03 12 13:04:57:181;0,82;39;7;43,17;0,05;172,68;4;-148,44;
2026 03 12 13:04:57:183;0,82;39;7;43,17;0,05;172,68;4;-121,09;
2026 03 12 13:04:57:185;0,82;39;7;43,17;0,05;172,68;4;-160,16;
2026 03 12 13:04:57:187;0,82;39;7;43,17;0,05;172,68;4;-140,62;
2026 03 12 13:04:57:189;0,82;39;7;43,17;0,05;172,68;4;-160,16;
2026 03 12 13:04:57:191;0,82;39;7;43,17;0,05;172,68;4;-132,81;
2026 03 12 13:04:57:193;0,82;39;7;43,17;0,05;172,68;4;-156,25;
2026 03 12 13:04:57:195;0,82;39;7;43,17;0,05;172,68;4;-183,59;
2026 03 12 13:04:57:197;0,82;39;7;43,17;0,05;172,68;4;-144,53;
2026 03 12 13:04:57:199;0,82;39;7;43,17;0,05;172,68;4;-136,72;
2026 03 12 13:04:57:201;0,82;39;7;43,17;0,05;172,68;4;-97,66;
2026 03 12 13:04:57:203;0,82;39;7;43,17;0,05;172,68;4;-70,31;
2026 03 12 13:04:57:205;0,82;39;7;43,17;0,05;172,68;4;-113,28;
2026 03 12 13:04:57:207;0,82;39;7;43,17;0,05;172,68;4;-109,37;
2026 03 12 13:04:57:209;0,82;39;7;43,17;0,05;172,68;4;-82,03;
2026 03 12 13:04:57:211;0,82;39;7;43,17;0,05;172,68;4;-144,53;
2026 03 12 13:04:57:213;0,82;39;7;43,17;0,05;172,68;4;-148,44;
2026 03 12 13:04:57:215;0,82;39;7;43,17;0,05;172,68;4;-210,94;
2026 03 12 13:04:57:217;0,82;39;7;43,17;0,05;172,68;4;-156,25;
2026 03 12 13:04:57:219;0,82;39;7;43,17;0,05;172,68;4;-175,78;
2026 03 12 13:04:57:221;0,82;39;7;43,17;0,05;172,68;4;-167,97;
2026 03 12 13:04:57:223;0,82;39;7;43,17;0,05;172,68;4;-121,09;
2026 03 12 13:04:57:225;0,82;39;7;43,17;0,05;172,68;4;-113,28;
2026 03 12 13:04:57:227;0,82;39;7;43,17;0,05;172,68;4;-93,75;
2026 03 12 13:04:57:229;0,82;39;7;43,17;0,05;172,68;4;-66,41;
2026 03 12 13:04:57:231;0,82;39;7;43,17;0,05;172,68;4;-66,41;
2026 03 12 13:04:57:233;0,82;39;7;43,17;0,05;172,68;4;-97,66;
2026 03 12 13:04:57:235;0,82;39;7;43,17;0,05;172,68;4;-109,37;
2026 03 12 13:04:57:237;0,82;39;7;43,17;0,05;172,68;4;-109,37;
2026 03 12 13:04:57:239;0,82;39;7;43,17;0,05;172,68;4;-164,06;
2026 03 12 13:04:57:241;0,82;39;7;43,17;0,05;172,68;4;-167,97;
2026 03 12 13:04:57:243;0,82;39;7;43,17;0,05;172,68;4;-156,25;
2026 03 12 13:04:57:245;0,82;39;7;43,17;0,05;172,68;4;-125;
2026 03 12 13:04:57:247;0,82;39;7;43,17;0,05;172,68;4;-140,62;
2026 03 12 13:04:57:249;0,82;39;7;43,17;0,05;172,68;4;-132,81;
2026 03 12 13:04:57:251;0,82;39;7;43,17;0,05;172,68;4;-121,09;
2026 03 12 13:04:57:253;0,82;39;7;43,17;0,05;172,68;4;-109,37;
2026 03 12 13:04:57:255;0,82;39;7;43,17;0,05;172,68;4;-85,94;
2026 03 12 13:04:57:257;0,82;39;7;43,17;0,05;172,68;4;-105,47;
2026 03 12 13:04:57:259;0,82;39;7;43,17;0,05;172,68;4;-105,47;
2026 03 12 13:04:57:261;0,82;39;7;43,17;0,05;172,68;4;-62,5;
2026 03 12 13:04:57:263;0,82;39;7;43,17;0,05;172,68;4;-97,66;
2026 03 12 13:04:57:265;0,82;39;7;43,17;0,05;172,68;4;-74,22;
2026 03 12 13:04:57:267;0,82;39;7;43,17;0,05;172,68;4;-113,28;
2026 03 12 13:04:57:269;0,82;39;7;43,17;0,05;172,68;4;-128,91;
2026 03 12 13:04:57:271;0,82;39;7;43,17;0,05;172,68;4;-97,66;
2026 03 12 13:04:57:273;0,82;39;7;43,17;0,05;172,68;4;-117,19;
2026 03 12 13:04:57:275;0,82;39;7;43,17;0,05;172,68;4;-140,62;
2026 03 12 13:04:57:277;0,82;39;7;43,17;0,05;172,68;4;-140,62;
2026 03 12 13:04:57:279;0,82;39;7;43,17;0,05;172,68;4;-109,37;
2026 03 12 13:04:57:281;0,82;39;7;43,17;0,05;172,68;4;-105,47;
2026 03 12 13:04:57:283;0,82;39;7;43,17;0,05;172,68;4;-132,81;
2026 03 12 13:04:57:285;0,82;39;7;43,17;0,05;172,68;4;-105,47;
2026 03 12 13:04:57:287;0,82;39;7;43,17;0,05;172,68;4;-78,12;
2026 03 12 13:04:57:289;0,82;39;7;43,17;0,05;172,68;4;-62,5;
2026 03 12 13:04:57:291;0,82;39;7;43,17;0,05;172,68;4;-82,03;
2026 03 12 13:04:57:293;0,82;39;7;43,17;0,05;172,68;4;-85,94;
2026 03 12 13:04:57:295;0,82;39;7;43,17;0,05;172,68;4;-93,75;
2026 03 12 13:04:57:297;0,82;39;7;43,17;0,05;172,68;4;-97,66;
2026 03 12 13:04:57:299;0,82;39;7;43,17;0,05;172,68;4;-128,91;
2026 03 12 13:04:57:301;0,82;39;7;43,17;0,05;172,68;4;-117,19;
2026 03 12 13:04:57:303;0,82;39;7;43,17;0,05;172,68;4;-109,37;
2026 03 12 13:04:57:305;0,82;39;7;43,17;0,05;172,68;4;-89,84;
2026 03 12 13:04:57:307;0,82;39;7;43,17;0,05;172,68;4;-105,47;
2026 03 12 13:04:57:309;0,82;39;7;43,17;0,05;172,68;4;-101,56;
2026 03 12 13:04:57:311;0,82;39;7;43,17;0,05;172,68;4;-74,22;
2026 03 12 13:04:57:313;0,82;39;7;43,17;0,05;172,68;4;-66,41;
2026 03 12 13:04:57:315;0,82;39;7;43,17;0,05;172,68;4;-74,22;
2026 03 12 13:04:57:317;0,82;39;7;43,17;0,05;172,68;4;-101,56;
2026 03 12 13:04:57:319;0,82;39;7;43,17;0,05;172,68;4;-93,75;
2026 03 12 13:04:57:321;0,82;39;7;43,17;0,05;172,68;4;-74,22;
2026 03 12 13:04:57:323;0,82;39;7;43,17;0,05;172,68;4;-66,41;
2026 03 12 13:04:57:325;0,82;39;7;43,17;0,05;172,68;4;-74,22;
2026 03 12 13:04:57:327;0,82;39;7;43,17;0,05;172,68;4;-97,66;
2026 03 12 13:04:57:329;0,82;39;7;43,17;0,05;172,68;4;-89,84;
2026 03 12 13:04:57:331;0,82;39;7;43,17;0,05;172,68;4;-58,59;
2026 03 12 13:04:57:333;0,82;39;7;43,17;0,05;172,68;4;-78,12;
2026 03 12 13:04:57:335;0,82;39;7;43,17;0,05;172,68;4;-97,66;
2026 03 12 13:04:57:337;0,82;39;7;43,17;0,05;172,68;4;-105,47;
2026 03 12 13:04:57:339;0,82;39;7;43,17;0,05;172,68;4;-97,66;
2026 03 12 13:04:57:341;0,82;39;7;43,17;0,05;172,68;4;-66,41;
2026 03 12 13:04:57:343;0,82;39;7;43,17;0,05;172,68;4;-66,41;
2026 03 12 13:04:57:345;0,82;39;7;43,17;0,05;172,68;4;-78,12;
2026 03 12 13:04:57:347;0,82;39;7;43,17;0,05;172,68;4;-58,59;
2026 03 12 13:04:57:349;0,82;39;7;43,17;0,05;172,68;4;-66,41;
2026 03 12 13:04:57:351;0,82;39;7;43,17;0,05;172,68;4;-42,97;
2026 03 12 13:04:57:353;0,82;39;7;43,17;0,05;172,68;4;-54,69;
2026 03 12 13:04:57:355;0,82;39;7;43,17;0,05;172,68;4;-82,03;
2026 03 12 13:04:57:357;0,82;39;7;43,17;0,05;172,68;4;-105,47;
2026 03 12 13:04:57:359;0,82;39;7;43,17;0,05;172,68;4;-97,66;
2026 03 12 13:04:57:361;0,82;39;7;43,17;0,05;172,68;4;-74,22;
2026 03 12 13:04:57:363;0,82;39;7;43,17;0,05;172,68;4;-82,03;
2026 03 12 13:04:57:365;0,82;39;7;43,17;0,05;172,68;4;-82,03;
2026 03 12 13:04:57:367;0,82;39;7;43,17;0,05;172,68;4;-70,31;
2026 03 12 13:04:57:369;0,82;39;7;43,17;0,05;172,68;4;-66,41;
2026 03 12 13:04:57:371;0,82;39;7;43,17;0,05;172,68;4;-39,06;
2026 03 12 13:04:57:373;0,82;39;7;43,17;0,05;172,68;4;-50,78;
2026 03 12 13:04:57:375;0,82;39;7;43,17;0,05;172,68;4;-66,41;
2026 03 12 13:04:57:377;0,82;39;7;43,17;0,05;172,68;4;-74,22;
2026 03 12 13:04:57:379;0,82;39;7;43,17;0,05;172,68;4;-74,22;
2026 03 12 13:04:57:381;0,82;39;7;43,17;0,05;172,68;4;-66,41;
2026 03 12 13:04:57:383;0,82;39;7;43,17;0,05;172,68;4;-70,31;
2026 03 12 13:04:57:385;0,82;39;7;43,17;0,05;172,68;4;-74,22;
2026 03 12 13:04:57:387;0,82;39;7;43,17;0,05;172,68;4;-62,5;
2026 03 12 13:04:57:389;0,82;39;7;43,17;0,05;172,68;4;-66,41;
2026 03 12 13:04:57:391;0,82;39;7;43,17;0,05;172,68;4;-50,78;
2026 03 12 13:04:57:393;0,82;39;7;43,17;0,05;172,68;4;-58,59;
2026 03 12 13:04:57:395;0,82;39;7;43,17;0,05;172,68;4;-66,41;
2026 03 12 13:04:57:397;0,82;39;7;43,17;0,05;172,68;4;-78,12;
2026 03 12 13:04:57:399;0,82;39;7;43,17;0,05;172,68;4;-78,12;
2026 03 12 13:04:57:401;0,82;39;7;43,17;0,05;172,68;4;-46,87;
2026 03 12 13:04:57:403;0,82;39;7;43,17;0,05;172,68;4;-50,78;
2026 03 12 13:04:57:405;0,82;39;7;43,17;0,05;172,68;4;-50,78;
2026 03 12 13:04:57:407;0,82;39;7;43,17;0,05;172,68;4;-50,78;
2026 03 12 13:04:57:409;0,82;39;7;43,17;0,05;172,68;4;-54,69;
2026 03 12 13:04:57:411;0,9;46;12;48,58;0,34;291,34;6;-42,97;
2026 03 12 13:04:57:413;0,9;46;12;48,58;0,34;291,34;6;-58,59;
2026 03 12 13:04:57:415;0,9;46;12;48,58;0,34;291,34;6;-66,41;
2026 03 12 13:04:57:417;0,9;46;12;48,58;0,34;291,34;6;-82,03;
2026 03 12 13:04:57:419;0,9;46;12;48,58;0,34;291,34;6;-82,03;
2026 03 12 13:04:57:421;0,9;46;12;48,58;0,34;291,34;6;-58,59;
2026 03 12 13:04:57:423;0,9;46;12;48,58;0,34;291,34;6;-50,78;
2026 03 12 13:04:57:425;0,9;46;12;48,58;0,34;291,34;6;-50,78;
2026 03 12 13:04:57:427;0,9;46;12;48,58;0,34;291,34;6;-46,87;
2026 03 12 13:04:57:429;0,9;46;12;48,58;0,34;291,34;6;-42,97;
2026 03 12 13:04:57:431;0,9;46;12;48,58;0,34;291,34;6;-31,25;
2026 03 12 13:04:57:433;0,9;46;12;48,58;0,34;291,34;6;-42,97;
2026 03 12 13:04:57:435;0,9;46;12;48,58;0,34;291,34;6;-50,78;
2026 03 12 13:04:57:437;0,9;46;12;48,58;0,34;291,34;6;-70,31;
2026 03 12 13:04:57:439;0,9;46;12;48,58;0,34;291,34;6;-70,31;
2026 03 12 13:04:57:441;0,9;46;12;48,58;0,34;291,34;6;-50,78;
2026 03 12 13:04:57:443;0,9;46;12;48,58;0,34;291,34;6;-58,59;
2026 03 12 13:04:57:445;0,9;46;12;48,58;0,34;291,34;6;-50,78;
2026 03 12 13:04:57:447;0,9;46;12;48,58;0,34;291,34;6;-50,78;
2026 03 12 13:04:57:449;0,9;46;12;48,58;0,34;291,34;6;-50,78;
2026 03 12 13:04:57:451;0,9;46;12;48,58;0,34;291,34;6;-35,16;
2026 03 12 13:04:57:453;0,9;46;12;48,58;0,34;291,34;6;-39,06;
2026 03 12 13:04:57:455;0,9;46;12;48,58;0,34;291,34;6;-46,87;
2026 03 12 13:04:57:457;0,9;46;12;48,58;0,34;291,34;6;-58,59;
2026 03 12 13:04:57:459;0,9;46;12;48,58;0,34;291,34;6;-70,31;
2026 03 12 13:04:57:461;0,9;46;12;48,58;0,34;291,34;6;-42,97;
2026 03 12 13:04:57:463;0,9;46;12;48,58;0,34;291,34;6;-39,06;
2026 03 12 13:04:57:465;0,9;46;12;48,58;0,34;291,34;6;-46,87;
2026 03 12 13:04:57:467;0,9;46;12;48,58;0,34;291,34;6;-42,97;
2026 03 12 13:04:57:469;0,9;46;12;48,58;0,34;291,34;6;-42,97;
2026 03 12 13:04:57:471;0,9;46;12;48,58;0,34;291,34;6;-27,34;
2026 03 12 13:04:57:473;0,9;46;12;48,58;0,34;291,34;6;-35,16;
2026 03 12 13:04:57:475;0,9;46;12;48,58;0,34;291,34;6;-46,87;
2026 03 12 13:04:57:477;0,9;46;12;48,58;0,34;291,34;6;-54,69;
2026 03 12 13:04:57:479;0,9;46;12;48,58;0,34;291,34;6;-62,5;
2026 03 12 13:04:57:481;0,9;46;12;48,58;0,34;291,34;6;-39,06;
2026 03 12 13:04:57:483;0,9;46;12;48,58;0,34;291,34;6;-39,06;
2026 03 12 13:04:57:485;0,9;46;12;48,58;0,34;291,34;6;-39,06;
2026 03 12 13:04:57:487;0,9;46;12;48,58;0,34;291,34;6;-39,06;
2026 03 12 13:04:57:489;0,9;46;12;48,58;0,34;291,34;6;-35,16;
2026 03 12 13:04:57:491;0,9;46;12;48,58;0,34;291,34;6;-15,62;
2026 03 12 13:04:57:493;0,9;46;12;48,58;0,34;291,34;6;-31,25;
2026 03 12 13:04:57:495;0,9;46;12;48,58;0,34;291,34;6;-46,87;
2026 03 12 13:04:57:497;0,9;46;12;48,58;0,34;291,34;6;-54,69;
2026 03 12 13:04:57:499;0,9;46;12;48,58;0,34;291,34;6;-62,5;
2026 03 12 13:04:57:501;0,9;46;12;48,58;0,34;291,34;6;-42,97;
2026 03 12 13:04:57:503;0,9;46;12;48,58;0,34;291,34;6;-39,06;
2026 03 12 13:04:57:505;0,9;46;12;48,58;0,34;291,34;6;-39,06;
2026 03 12 13:04:57:507;0,9;46;12;48,58;0,34;291,34;6;-39,06;
2026 03 12 13:04:57:509;0,9;46;12;48,58;0,34;291,34;6;-35,16;
2026 03 12 13:04:57:511;0,9;46;12;48,58;0,34;291,34;6;-15,62;
2026 03 12 13:04:57:513;0,9;46;12;48,58;0,34;291,34;6;-31,25;
2026 03 12 13:04:57:515;0,9;46;12;48,58;0,34;291,34;6;-39,06;
2026 03 12 13:04:57:517;0,9;46;12;48,58;0,34;291,34;6;-50,78;
2026 03 12 13:04:57:519;0,9;46;12;48,58;0,34;291,34;6;-58,59;
2026 03 12 13:04:57:521;0,9;46;12;48,58;0,34;291,34;6;-35,16;
2026 03 12 13:04:57:523;0,9;46;12;48,58;0,34;291,34;6;-35,16;
2026 03 12 13:04:57:525;0,9;46;12;48,58;0,34;291,34;6;-35,16;
2026 03 12 13:04:57:527;0,9;46;12;48,58;0,34;291,34;6;-31,25;
2026 03 12 13:04:57:529;0,9;46;12;48,58;0,34;291,34;6;-31,25;
2026 03 12 13:04:57:531;0,9;46;12;48,58;0,34;291,34;6;-11,72;
2026 03 12 13:04:57:533;0,9;46;12;48,58;0,34;291,34;6;-27,34;
2026 03 12 13:04:57:535;0,9;46;12;48,58;0,34;291,34;6;-35,16;
2026 03 12 13:04:57:537;0,9;46;12;48,58;0,34;291,34;6;-54,69;
2026 03 12 13:04:57:539;0,9;46;12;48,58;0,34;291,34;6;-46,87;
2026 03 12 13:04:57:541;0,9;46;12;48,58;0,34;291,34;6;-27,34;
2026 03 12 13:04:57:543;0,9;46;12;48,58;0,34;291,34;6;-31,25;
2026 03 12 13:04:57:545;0,9;46;12;48,58;0,34;291,34;6;-27,34;
2026 03 12 13:04:57:547;0,9;46;12;48,58;0,34;291,34;6;-27,34;
2026 03 12 13:04:57:549;0,9;46;12;48,58;0,34;291,34;6;-23,44;
2026 03 12 13:04:57:551;0,9;46;12;48,58;0,34;291,34;6;-7,81;
2026 03 12 13:04:57:553;0,9;46;12;48,58;0,34;291,34;6;-23,44;
2026 03 12 13:04:57:555;0,9;46;12;48,58;0,34;291,34;6;-35,16;
2026 03 12 13:04:57:557;0,9;46;12;48,58;0,34;291,34;6;-46,87;
2026 03 12 13:04:57:559;0,9;46;12;48,58;0,34;291,34;6;-46,87;
2026 03 12 13:04:57:561;0,9;46;12;48,58;0,34;291,34;6;-31,25;
2026 03 12 13:04:57:563;0,9;46;12;48,58;0,34;291,34;6;-27,34;
2026 03 12 13:04:57:565;0,9;46;12;48,58;0,34;291,34;6;-27,34;
2026 03 12 13:04:57:567;0,9;46;12;48,58;0,34;291,34;6;-27,34;
2026 03 12 13:04:57:569;0,9;46;12;48,58;0,34;291,34;6;-23,44;
2026 03 12 13:04:57:571;0,9;46;12;48,58;0,34;291,34;6;-7,81;
2026 03 12 13:04:57:573;0,9;46;12;48,58;0,34;291,34;6;-19,53;
2026 03 12 13:04:57:575;0,9;46;12;48,58;0,34;291,34;6;-31,25;
2026 03 12 13:04:57:577;0,9;46;12;48,58;0,34;291,34;6;-39,06;
2026 03 12 13:04:57:579;0,9;46;12;48,58;0,34;291,34;6;-46,87;
2026 03 12 13:04:57:581;0,9;46;12;48,58;0,34;291,34;6;-23,44;
2026 03 12 13:04:57:583;0,9;46;12;48,58;0,34;291,34;6;-23,44;
2026 03 12 13:04:57:585;0,9;46;12;48,58;0,34;291,34;6;-23,44;
2026 03 12 13:04:57:587;0,9;46;12;48,58;0,34;291,34;6;-19,53;
2026 03 12 13:04:57:589;0,9;46;12;48,58;0,34;291,34;6;-19,53;
2026 03 12 13:04:57:591;0,9;46;12;48,58;0,34;291,34;6;-3,91;
2026 03 12 13:04:57:593;0,9;46;12;48,58;0,34;291,34;6;-15,62;
2026 03 12 13:04:57:595;0,9;46;12;48,58;0,34;291,34;6;-27,34;
2026 03 12 13:04:57:597;0,9;46;12;48,58;0,34;291,34;6;-39,06;
2026 03 12 13:04:57:599;0,9;46;12;48,58;0,34;291,34;6;-35,16;
2026 03 12 13:04:57:601;0,9;46;12;48,58;0,34;291,34;6;-19,53;
2026 03 12 13:04:57:603;0,9;46;12;48,58;0,34;291,34;6;-23,44;
2026 03 12 13:04:57:605;0,9;46;12;48,58;0,34;291,34;6;-19,53;
2026 03 12 13:04:57:607;0,9;46;12;48,58;0,34;291,34;6;-19,53;
2026 03 12 13:04:57:609;0,9;46;12;48,58;0,34;291,34;6;-19,53;
2026 03 12 13:04:57:611;0,9;46;12;48,58;0,34;291,34;6;0;
2026 03 12 13:04:57:613;0,9;46;12;48,58;0,34;291,34;6;-11,72;
2026 03 12 13:04:57:615;0,9;46;12;48,58;0,34;291,34;6;-23,44;
2026 03 12 13:04:57:617;0,9;46;12;48,58;0,34;291,34;6;-39,06;
2026 03 12 13:04:57:619;0,9;46;12;48,58;0,34;291,34;6;-42,97;
2026 03 12 13:04:57:621;0,9;46;12;48,58;0,34;291,34;6;-19,53;
2026 03 12 13:04:57:623;0,9;46;12;48,58;0,34;291,34;6;-15,62;
2026 03 12 13:04:57:625;0,9;46;12;48,58;0,34;291,34;6;-15,62;
2026 03 12 13:04:57:627;0,9;46;12;48,58;0,34;291,34;6;-15,62;
2026 03 12 13:04:57:629;0,9;46;12;48,58;0,34;291,34;6;-15,62;
2026 03 12 13:04:57:631;0,9;46;12;48,58;0,34;291,34;6;3,91;
2026 03 12 13:04:57:633;0,9;46;12;48,58;0,34;291,34;6;-7,81;
2026 03 12 13:04:57:635;0,9;46;12;48,58;0,34;291,34;6;-19,53;
2026 03 12 13:04:57:637;0,9;46;12;48,58;0,34;291,34;6;-35,16;
2026 03 12 13:04:57:639;0,9;46;12;48,58;0,34;291,34;6;-39,06;
2026 03 12 13:04:57:641;0,9;46;12;48,58;0,34;291,34;6;-15,62;
2026 03 12 13:04:57:643;0,9;46;12;48,58;0,34;291,34;6;-15,62;
2026 03 12 13:04:57:645;0,9;46;12;48,58;0,34;291,34;6;-15,62;
2026 03 12 13:04:57:647;0,9;46;12;48,58;0,34;291,34;6;-11,72;
2026 03 12 13:04:57:649;0,9;46;12;48,58;0,34;291,34;6;-11,72;
2026 03 12 13:04:57:651;0,9;46;12;48,58;0,34;291,34;6;7,81;
2026 03 12 13:04:57:653;0,9;46;12;48,58;0,34;291,34;6;-3,91;
2026 03 12 13:04:57:655;0,9;46;12;48,58;0,34;291,34;6;-19,53;
2026 03 12 13:04:57:657;0,9;46;12;48,58;0,34;291,34;6;-31,25;
2026 03 12 13:04:57:659;0,9;46;12;48,58;0,34;291,34;6;-35,16;
2026 03 12 13:04:57:661;0,9;46;12;48,58;0,34;291,34;6;-11,72;
2026 03 12 13:04:57:663;0,9;46;12;48,58;0,34;291,34;6;-11,72;
2026 03 12 13:04:57:665;0,9;46;12;48,58;0,34;291,34;6;-11,72;
2026 03 12 13:04:57:667;0,9;46;12;48,58;0,34;291,34;6;-11,72;
2026 03 12 13:04:57:669;0,9;46;12;48,58;0,34;291,34;6;-7,81;
2026 03 12 13:04:57:671;0,9;46;12;48,58;0,34;291,34;6;7,81;
2026 03 12 13:04:57:673;0,9;46;12;48,58;0,34;291,34;6;0;
2026 03 12 13:04:57:675;0,9;46;12;48,58;0,34;291,34;6;-15,62;
2026 03 12 13:04:57:677;0,9;46;12;48,58;0,34;291,34;6;-31,25;
2026 03 12 13:04:57:679;0,9;46;12;48,58;0,34;291,34;6;-31,25;
2026 03 12 13:04:57:681;0,9;46;12;48,58;0,34;291,34;6;-11,72;
2026 03 12 13:04:57:683;0,9;46;12;48,58;0,34;291,34;6;-7,81;
2026 03 12 13:04:57:685;0,9;46;12;48,58;0,34;291,34;6;-7,81;
2026 03 12 13:04:57:687;0,9;46;12;48,58;0,34;291,34;6;-7,81;
2026 03 12 13:04:57:689;0,9;46;12;48,58;0,34;291,34;6;-7,81;
2026 03 12 13:04:57:691;0,9;46;12;48,58;0,34;291,34;6;11,72;
2026 03 12 13:04:57:693;0,9;46;12;48,58;0,34;291,34;6;0;
2026 03 12 13:04:57:695;0,9;46;12;48,58;0,34;291,34;6;-15,62;
2026 03 12 13:04:57:697;0,9;46;12;48,58;0,34;291,34;6;-27,34;
2026 03 12 13:04:57:699;0,9;46;12;48,58;0,34;291,34;6;-27,34;
2026 03 12 13:04:57:701;0,9;46;12;48,58;0,34;291,34;6;-3,91;
2026 03 12 13:04:57:703;0,9;46;12;48,58;0,34;291,34;6;-3,91;
2026 03 12 13:04:57:705;0,9;46;12;48,58;0,34;291,34;6;-3,91;
2026 03 12 13:04:57:707;0,9;46;12;48,58;0,34;291,34;6;0;
2026 03 12 13:04:57:709;0,9;46;12;48,58;0,34;291,34;6;0;
2026 03 12 13:04:57:711;1,06;42;17;64,01;-0,56;275,54;4,3;11,72;
2026 03 12 13:04:57:713;1,06;42;17;64,01;-0,56;275,54;4,3;0;
2026 03 12 13:04:57:715;1,06;42;17;64,01;-0,56;275,54;4,3;-11,72;
2026 03 12 13:04:57:717;1,06;42;17;64,01;-0,56;275,54;4,3;-27,34;
2026 03 12 13:04:57:719;1,06;42;17;64,01;-0,56;275,54;4,3;-23,44;
2026 03 12 13:04:57:721;1,06;42;17;64,01;-0,56;275,54;4,3;-3,91;
2026 03 12 13:04:57:723;1,06;42;17;64,01;-0,56;275,54;4,3;-3,91;
2026 03 12 13:04:57:725;1,06;42;17;64,01;-0,56;275,54;4,3;-3,91;
2026 03 12 13:04:57:727;1,06;42;17;64,01;-0,56;275,54;4,3;0;
2026 03 12 13:04:57:729;1,06;42;17;64,01;-0,56;275,54;4,3;0;
2026 03 12 13:04:57:731;1,06;42;17;64,01;-0,56;275,54;4,3;11,72;
2026 03 12 13:04:57:733;1,06;42;17;64,01;-0,56;275,54;4,3;0;
2026 03 12 13:04:57:735;1,06;42;17;64,01;-0,56;275,54;4,3;-11,72;
2026 03 12 13:04:57:737;1,06;42;17;64,01;-0,56;275,54;4,3;-27,34;
2026 03 12 13:04:57:739;1,06;42;17;64,01;-0,56;275,54;4,3;-23,44;
2026 03 12 13:04:57:741;1,06;42;17;64,01;-0,56;275,54;4,3;-3,91;
2026 03 12 13:04:57:743;1,06;42;17;64,01;-0,56;275,54;4,3;0;
2026 03 12 13:04:57:745;1,06;42;17;64,01;-0,56;275,54;4,3;0;
2026 03 12 13:04:57:747;1,06;42;17;64,01;-0,56;275,54;4,3;0;
2026 03 12 13:04:57:749;1,06;42;17;64,01;-0,56;275,54;4,3;3,91;
2026 03 12 13:04:57:751;1,06;42;17;64,01;-0,56;275,54;4,3;19,53;
2026 03 12 13:04:57:753;1,06;42;17;64,01;-0,56;275,54;4,3;3,91;
2026 03 12 13:04:57:755;1,06;42;17;64,01;-0,56;275,54;4,3;-3,91;
2026 03 12 13:04:57:757;1,06;42;17;64,01;-0,56;275,54;4,3;-19,53;
2026 03 12 13:04:57:759;1,06;42;17;64,01;-0,56;275,54;4,3;-23,44;
2026 03 12 13:04:57:761;1,06;42;17;64,01;-0,56;275,54;4,3;0;
2026 03 12 13:04:57:763;1,06;42;17;64,01;-0,56;275,54;4,3;3,91;
2026 03 12 13:04:57:765;1,06;42;17;64,01;-0,56;275,54;4,3;0;
2026 03 12 13:04:57:767;1,06;42;17;64,01;-0,56;275,54;4,3;0;
2026 03 12 13:04:57:769;1,06;42;17;64,01;-0,56;275,54;4,3;3,91;
2026 03 12 13:04:57:771;1,06;42;17;64,01;-0,56;275,54;4,3;23,44;
2026 03 12 13:04:57:773;1,06;42;17;64,01;-0,56;275,54;4,3;3,91;
2026 03 12 13:04:57:775;1,06;42;17;64,01;-0,56;275,54;4,3;0;
2026 03 12 13:04:57:777;1,06;42;17;64,01;-0,56;275,54;4,3;-11,72;
2026 03 12 13:04:57:779;1,06;42;17;64,01;-0,56;275,54;4,3;-19,53;
2026 03 12 13:04:57:781;1,06;42;17;64,01;-0,56;275,54;4,3;3,91;
2026 03 12 13:04:57:783;1,06;42;17;64,01;-0,56;275,54;4,3;3,91;
2026 03 12 13:04:57:785;1,06;42;17;64,01;-0,56;275,54;4,3;3,91;
2026 03 12 13:04:57:787;1,06;42;17;64,01;-0,56;275,54;4,3;3,91;
2026 03 12 13:04:57:789;1,06;42;17;64,01;-0,56;275,54;4,3;7,81;
2026 03 12 13:04:57:791;1,06;42;17;64,01;-0,56;275,54;4,3;27,34;
2026 03 12 13:04:57:793;1,06;42;17;64,01;-0,56;275,54;4,3;11,72;
2026 03 12 13:04:57:795;1,06;42;17;64,01;-0,56;275,54;4,3;0;
2026 03 12 13:04:57:797;1,06;42;17;64,01;-0,56;275,54;4,3;-15,62;
2026 03 12 13:04:57:799;1,06;42;17;64,01;-0,56;275,54;4,3;-19,53;
2026 03 12 13:04:57:801;1,06;42;17;64,01;-0,56;275,54;4,3;7,81;
2026 03 12 13:04:57:803;1,06;42;17;64,01;-0,56;275,54;4,3;7,81;
2026 03 12 13:04:57:805;1,06;42;17;64,01;-0,56;275,54;4,3;3,91;
2026 03 12 13:04:57:807;1,06;42;17;64,01;-0,56;275,54;4,3;7,81;
2026 03 12 13:04:57:809;1,06;42;17;64,01;-0,56;275,54;4,3;7,81;
2026 03 12 13:04:57:811;1,06;42;17;64,01;-0,56;275,54;4,3;31,25;
2026 03 12 13:04:57:813;1,06;42;17;64,01;-0,56;275,54;4,3;11,72;
2026 03 12 13:04:57:815;1,06;42;17;64,01;-0,56;275,54;4,3;0;
2026 03 12 13:04:57:817;1,06;42;17;64,01;-0,56;275,54;4,3;-11,72;
2026 03 12 13:04:57:819;1,06;42;17;64,01;-0,56;275,54;4,3;-11,72;
2026 03 12 13:04:57:821;1,06;42;17;64,01;-0,56;275,54;4,3;7,81;
2026 03 12 13:04:57:823;1,06;42;17;64,01;-0,56;275,54;4,3;7,81;
2026 03 12 13:04:57:825;1,06;42;17;64,01;-0,56;275,54;4,3;7,81;
2026 03 12 13:04:57:827;1,06;42;17;64,01;-0,56;275,54;4,3;7,81;
2026 03 12 13:04:57:829;1,06;42;17;64,01;-0,56;275,54;4,3;11,72;
2026 03 12 13:04:57:831;1,06;42;17;64,01;-0,56;275,54;4,3;31,25;
2026 03 12 13:04:57:833;1,06;42;17;64,01;-0,56;275,54;4,3;15,63;
2026 03 12 13:04:57:835;1,06;42;17;64,01;-0,56;275,54;4,3;0;
2026 03 12 13:04:57:837;1,06;42;17;64,01;-0,56;275,54;4,3;-11,72;
2026 03 12 13:04:57:839;1,06;42;17;64,01;-0,56;275,54;4,3;-3,91;
2026 03 12 13:04:57:841;1,06;42;17;64,01;-0,56;275,54;4,3;11,72;
2026 03 12 13:04:57:843;1,06;42;17;64,01;-0,56;275,54;4,3;7,81;
2026 03 12 13:04:57:845;1,06;42;17;64,01;-0,56;275,54;4,3;11,72;
2026 03 12 13:04:57:847;1,06;42;17;64,01;-0,56;275,54;4,3;7,81;
2026 03 12 13:04:57:849;1,06;42;17;64,01;-0,56;275,54;4,3;11,72;
2026 03 12 13:04:57:851;1,06;42;17;64,01;-0,56;275,54;4,3;31,25;
2026 03 12 13:04:57:853;1,06;42;17;64,01;-0,56;275,54;4,3;15,63;
2026 03 12 13:04:57:855;1,06;42;17;64,01;-0,56;275,54;4,3;3,91;
2026 03 12 13:04:57:857;1,06;42;17;64,01;-0,56;275,54;4,3;-11,72;
2026 03 12 13:04:57:859;1,06;42;17;64,01;-0,56;275,54;4,3;-11,72;
2026 03 12 13:04:57:861;1,06;42;17;64,01;-0,56;275,54;4,3;11,72;
2026 03 12 13:04:57:863;1,06;42;17;64,01;-0,56;275,54;4,3;11,72;
2026 03 12 13:04:57:865;1,06;42;17;64,01;-0,56;275,54;4,3;11,72;
2026 03 12 13:04:57:867;1,06;42;17;64,01;-0,56;275,54;4,3;11,72;
2026 03 12 13:04:57:869;1,06;42;17;64,01;-0,56;275,54;4,3;15,63;
2026 03 12 13:04:57:871;1,06;42;17;64,01;-0,56;275,54;4,3;35,16;
2026 03 12 13:04:57:873;1,06;42;17;64,01;-0,56;275,54;4,3;15,63;
2026 03 12 13:04:57:875;1,06;42;17;64,01;-0,56;275,54;4,3;7,81;
2026 03 12 13:04:57:877;1,06;42;17;64,01;-0,56;275,54;4,3;-7,81;
2026 03 12 13:04:57:879;1,06;42;17;64,01;-0,56;275,54;4,3;-11,72;
2026 03 12 13:04:57:881;1,06;42;17;64,01;-0,56;275,54;4,3;11,72;
2026 03 12 13:04:57:883;1,06;42;17;64,01;-0,56;275,54;4,3;15,63;
2026 03 12 13:04:57:885;1,06;42;17;64,01;-0,56;275,54;4,3;15,63;
2026 03 12 13:04:57:887;1,06;42;17;64,01;-0,56;275,54;4,3;15,63;
2026 03 12 13:04:57:889;1,06;42;17;64,01;-0,56;275,54;4,3;15,63;
2026 03 12 13:04:57:891;1,06;42;17;64,01;-0,56;275,54;4,3;35,16;
2026 03 12 13:04:57:893;1,06;42;17;64,01;-0,56;275,54;4,3;19,53;
2026 03 12 13:04:57:895;1,06;42;17;64,01;-0,56;275,54;4,3;11,72;
2026 03 12 13:04:57:897;1,06;42;17;64,01;-0,56;275,54;4,3;-3,91;
2026 03 12 13:04:57:899;1,06;42;17;64,01;-0,56;275,54;4,3;-7,81;
2026 03 12 13:04:57:901;1,06;42;17;64,01;-0,56;275,54;4,3;15,63;
2026 03 12 13:04:57:903;1,06;42;17;64,01;-0,56;275,54;4,3;15,63;
2026 03 12 13:04:57:905;1,06;42;17;64,01;-0,56;275,54;4,3;15,63;
2026 03 12 13:04:57:907;1,06;42;17;64,01;-0,56;275,54;4,3;15,63;
2026 03 12 13:04:57:909;1,06;42;17;64,01;-0,56;275,54;4,3;19,53;
2026 03 12 13:04:57:911;1,06;42;17;64,01;-0,56;275,54;4,3;39,06;
2026 03 12 13:04:57:913;1,06;42;17;64,01;-0,56;275,54;4,3;23,44;
2026 03 12 13:04:57:915;1,06;42;17;64,01;-0,56;275,54;4,3;11,72;
2026 03 12 13:04:57:917;1,06;42;17;64,01;-0,56;275,54;4,3;-3,91;
2026 03 12 13:04:57:919;1,06;42;17;64,01;-0,56;275,54;4,3;-7,81;
2026 03 12 13:04:57:921;1,06;42;17;64,01;-0,56;275,54;4,3;19,53;
2026 03 12 13:04:57:923;1,06;42;17;64,01;-0,56;275,54;4,3;19,53;
2026 03 12 13:04:57:925;1,06;42;17;64,01;-0,56;275,54;4,3;15,63;
2026 03 12 13:04:57:927;1,06;42;17;64,01;-0,56;275,54;4,3;19,53;
2026 03 12 13:04:57:929;1,06;42;17;64,01;-0,56;275,54;4,3;23,44;
2026 03 12 13:04:57:931;1,06;42;17;64,01;-0,56;275,54;4,3;39,06;
2026 03 12 13:04:57:933;1,06;42;17;64,01;-0,56;275,54;4,3;23,44;
2026 03 12 13:04:57:935;1,06;42;17;64,01;-0,56;275,54;4,3;11,72;
2026 03 12 13:04:57:937;1,06;42;17;64,01;-0,56;275,54;4,3;0;
2026 03 12 13:04:57:939;1,06;42;17;64,01;-0,56;275,54;4,3;3,91;
2026 03 12 13:04:57:941;1,06;42;17;64,01;-0,56;275,54;4,3;19,53;
2026 03 12 13:04:57:943;1,06;42;17;64,01;-0,56;275,54;4,3;19,53;
2026 03 12 13:04:57:945;1,06;42;17;64,01;-0,56;275,54;4,3;15,63;
2026 03 12 13:04:57:947;1,06;42;17;64,01;-0,56;275,54;4,3;19,53;
2026 03 12 13:04:57:949;1,06;42;17;64,01;-0,56;275,54;4,3;23,44;
2026 03 12 13:04:57:951;1,06;42;17;64,01;-0,56;275,54;4,3;39,06;
2026 03 12 13:04:57:953;1,06;42;17;64,01;-0,56;275,54;4,3;23,44;
2026 03 12 13:04:57:955;1,06;42;17;64,01;-0,56;275,54;4,3;15,63;
2026 03 12 13:04:57:957;1,06;42;17;64,01;-0,56;275,54;4,3;0;
2026 03 12 13:04:57:959;1,06;42;17;64,01;-0,56;275,54;4,3;-7,81;
2026 03 12 13:04:57:961;1,06;42;17;64,01;-0,56;275,54;4,3;19,53;
2026 03 12 13:04:57:963;1,06;42;17;64,01;-0,56;275,54;4,3;19,53;
2026 03 12 13:04:57:965;1,06;42;17;64,01;-0,56;275,54;4,3;23,44;
2026 03 12 13:04:57:967;1,06;42;17;64,01;-0,56;275,54;4,3;19,53;
2026 03 12 13:04:57:969;1,06;42;17;64,01;-0,56;275,54;4,3;23,44;
2026 03 12 13:04:57:971;1,06;42;17;64,01;-0,56;275,54;4,3;42,97;
2026 03 12 13:04:57:973;1,06;42;17;64,01;-0,56;275,54;4,3;27,34;
2026 03 12 13:04:57:975;1,06;42;17;64,01;-0,56;275,54;4,3;15,63;
2026 03 12 13:04:57:977;1,06;42;17;64,01;-0,56;275,54;4,3;0;
2026 03 12 13:04:57:979;1,06;42;17;64,01;-0,56;275,54;4,3;0;
2026 03 12 13:04:57:981;1,06;42;17;64,01;-0,56;275,54;4,3;23,44;
2026 03 12 13:04:57:983;1,06;42;17;64,01;-0,56;275,54;4,3;23,44;
2026 03 12 13:04:57:985;1,06;42;17;64,01;-0,56;275,54;4,3;23,44;
2026 03 12 13:04:57:987;1,06;42;17;64,01;-0,56;275,54;4,3;23,44;
2026 03 12 13:04:57:989;1,06;42;17;64,01;-0,56;275,54;4,3;27,34;
2026 03 12 13:04:57:991;1,06;42;17;64,01;-0,56;275,54;4,3;42,97;
2026 03 12 13:04:57:993;1,06;42;17;64,01;-0,56;275,54;4,3;31,25;
2026 03 12 13:04:57:995;1,06;42;17;64,01;-0,56;275,54;4,3;15,63;
2026 03 12 13:04:57:997;1,06;42;17;64,01;-0,56;275,54;4,3;3,91;
2026 03 12 13:04:57:999;1,06;42;17;64,01;-0,56;275,54;4,3;3,91;
2026 03 12 13:04:58:001;1,06;42;17;64,01;-0,56;275,54;4,3;23,44;
2026 03 12 13:04:58:003;1,06;42;17;64,01;-0,56;275,54;4,3;27,34;
2026 03 12 13:04:58:005;1,06;42;17;64,01;-0,56;275,54;4,3;23,44;
2026 03 12 13:04:58:007;1,06;42;17;64,01;-0,56;275,54;4,3;27,34;
2026 03 12 13:04:58:009;1,06;42;17;64,01;-0,56;275,54;4,3;27,34;
2026 03 12 13:04:58:011;1,06;42;17;64,01;-0,56;275,54;4,3;42,97;
2026 03 12 13:04:58:013;1,09;17;18;53,21;0,55;259,05;4,87;31,25;
2026 03 12 13:04:58:015;1,09;17;18;53,21;0,55;259,05;4,87;19,53;
2026 03 12 13:04:58:017;1,09;17;18;53,21;0,55;259,05;4,87;0;
2026 03 12 13:04:58:019;1,09;17;18;53,21;0,55;259,05;4,87;3,91;
2026 03 12 13:04:58:021;1,09;17;18;53,21;0,55;259,05;4,87;27,34;
2026 03 12 13:04:58:023;1,09;17;18;53,21;0,55;259,05;4,87;27,34;
2026 03 12 13:04:58:025;1,09;17;18;53,21;0,55;259,05;4,87;27,34;
2026 03 12 13:04:58:027;1,09;17;18;53,21;0,55;259,05;4,87;27,34;
2026 03 12 13:04:58:029;1,09;17;18;53,21;0,55;259,05;4,87;31,25;
2026 03 12 13:04:58:031;1,09;17;18;53,21;0,55;259,05;4,87;42,97;
2026 03 12 13:04:58:033;1,09;17;18;53,21;0,55;259,05;4,87;27,34;
2026 03 12 13:04:58:035;1,09;17;18;53,21;0,55;259,05;4,87;19,53;
2026 03 12 13:04:58:037;1,09;17;18;53,21;0,55;259,05;4,87;0;
2026 03 12 13:04:58:039;1,09;17;18;53,21;0,55;259,05;4,87;7,81;
2026 03 12 13:04:58:041;1,09;17;18;53,21;0,55;259,05;4,87;27,34;
2026 03 12 13:04:58:043;1,09;17;18;53,21;0,55;259,05;4,87;27,34;
2026 03 12 13:04:58:045;1,09;17;18;53,21;0,55;259,05;4,87;31,25;
2026 03 12 13:04:58:047;1,09;17;18;53,21;0,55;259,05;4,87;27,34;
2026 03 12 13:04:58:049;1,09;17;18;53,21;0,55;259,05;4,87;35,16;
2026 03 12 13:04:58:051;1,09;17;18;53,21;0,55;259,05;4,87;46,88;
2026 03 12 13:04:58:053;1,09;17;18;53,21;0,55;259,05;4,87;27,34;
2026 03 12 13:04:58:055;1,09;17;18;53,21;0,55;259,05;4,87;19,53;
2026 03 12 13:04:58:057;1,09;17;18;53,21;0,55;259,05;4,87;3,91;
2026 03 12 13:04:58:059;1,09;17;18;53,21;0,55;259,05;4,87;7,81;
2026 03 12 13:04:58:061;1,09;17;18;53,21;0,55;259,05;4,87;27,34;
2026 03 12 13:04:58:063;1,09;17;18;53,21;0,55;259,05;4,87;31,25;
2026 03 12 13:04:58:065;1,09;17;18;53,21;0,55;259,05;4,87;31,25;
2026 03 12 13:04:58:067;1,09;17;18;53,21;0,55;259,05;4,87;27,34;
2026 03 12 13:04:58:069;1,09;17;18;53,21;0,55;259,05;4,87;31,25;
2026 03 12 13:04:58:071;1,09;17;18;53,21;0,55;259,05;4,87;46,88;
2026 03 12 13:04:58:073;1,09;17;18;53,21;0,55;259,05;4,87;35,16;
2026 03 12 13:04:58:075;1,09;17;18;53,21;0,55;259,05;4,87;23,44;
2026 03 12 13:04:58:077;1,09;17;18;53,21;0,55;259,05;4,87;7,81;
2026 03 12 13:04:58:079;1,09;17;18;53,21;0,55;259,05;4,87;7,81;
2026 03 12 13:04:58:081;1,09;17;18;53,21;0,55;259,05;4,87;31,25;
2026 03 12 13:04:58:083;1,09;17;18;53,21;0,55;259,05;4,87;31,25;
2026 03 12 13:04:58:085;1,09;17;18;53,21;0,55;259,05;4,87;31,25;
2026 03 12 13:04:58:087;1,09;17;18;53,21;0,55;259,05;4,87;31,25;
2026 03 12 13:04:58:089;1,09;17;18;53,21;0,55;259,05;4,87;35,16;
2026 03 12 13:04:58:091;1,09;17;18;53,21;0,55;259,05;4,87;50,78;
2026 03 12 13:04:58:093;1,09;17;18;53,21;0,55;259,05;4,87;39,06;
2026 03 12 13:04:58:095;1,09;17;18;53,21;0,55;259,05;4,87;27,34;
2026 03 12 13:04:58:097;1,09;17;18;53,21;0,55;259,05;4,87;15,63;
2026 03 12 13:04:58:099;1,09;17;18;53,21;0,55;259,05;4,87;7,81;
2026 03 12 13:04:58:101;1,09;17;18;53,21;0,55;259,05;4,87;31,25;
2026 03 12 13:04:58:103;1,09;17;18;53,21;0,55;259,05;4,87;31,25;
2026 03 12 13:04:58:105;1,09;17;18;53,21;0,55;259,05;4,87;31,25;
2026 03 12 13:04:58:107;1,09;17;18;53,21;0,55;259,05;4,87;31,25;
2026 03 12 13:04:58:109;1,09;17;18;53,21;0,55;259,05;4,87;35,16;
2026 03 12 13:04:58:111;1,09;17;18;53,21;0,55;259,05;4,87;54,69;
2026 03 12 13:04:58:113;1,09;17;18;53,21;0,55;259,05;4,87;42,97;
2026 03 12 13:04:58:115;1,09;17;18;53,21;0,55;259,05;4,87;27,34;
2026 03 12 13:04:58:117;1,09;17;18;53,21;0,55;259,05;4,87;11,72;
2026 03 12 13:04:58:119;1,09;17;18;53,21;0,55;259,05;4,87;7,81;
2026 03 12 13:04:58:121;1,09;17;18;53,21;0,55;259,05;4,87;31,25;
2026 03 12 13:04:58:123;1,09;17;18;53,21;0,55;259,05;4,87;31,25;
2026 03 12 13:04:58:125;1,09;17;18;53,21;0,55;259,05;4,87;35,16;
2026 03 12 13:04:58:127;1,09;17;18;53,21;0,55;259,05;4,87;35,16;
2026 03 12 13:04:58:129;1,09;17;18;53,21;0,55;259,05;4,87;35,16;
2026 03 12 13:04:58:131;1,09;17;18;53,21;0,55;259,05;4,87;54,69;
2026 03 12 13:04:58:133;1,09;17;18;53,21;0,55;259,05;4,87;39,06;
2026 03 12 13:04:58:135;1,09;17;18;53,21;0,55;259,05;4,87;27,34;
2026 03 12 13:04:58:137;1,09;17;18;53,21;0,55;259,05;4,87;11,72;
2026 03 12 13:04:58:139;1,09;17;18;53,21;0,55;259,05;4,87;7,81;
2026 03 12 13:04:58:141;1,09;17;18;53,21;0,55;259,05;4,87;35,16;
2026 03 12 13:04:58:143;1,09;17;18;53,21;0,55;259,05;4,87;35,16;
2026 03 12 13:04:58:145;1,09;17;18;53,21;0,55;259,05;4,87;35,16;
2026 03 12 13:04:58:147;1,09;17;18;53,21;0,55;259,05;4,87;35,16;
2026 03 12 13:04:58:149;1,09;17;18;53,21;0,55;259,05;4,87;39,06;
2026 03 12 13:04:58:151;1,09;17;18;53,21;0,55;259,05;4,87;54,69;
2026 03 12 13:04:58:153;1,09;17;18;53,21;0,55;259,05;4,87;39,06;
2026 03 12 13:04:58:155;1,09;17;18;53,21;0,55;259,05;4,87;27,34;
2026 03 12 13:04:58:157;1,09;17;18;53,21;0,55;259,05;4,87;11,72;
2026 03 12 13:04:58:159;1,09;17;18;53,21;0,55;259,05;4,87;11,72;
2026 03 12 13:04:58:161;1,09;17;18;53,21;0,55;259,05;4,87;35,16;
2026 03 12 13:04:58:163;1,09;17;18;53,21;0,55;259,05;4,87;35,16;
2026 03 12 13:04:58:165;1,09;17;18;53,21;0,55;259,05;4,87;35,16;
2026 03 12 13:04:58:167;1,09;17;18;53,21;0,55;259,05;4,87;35,16;
2026 03 12 13:04:58:169;1,09;17;18;53,21;0,55;259,05;4,87;42,97;
2026 03 12 13:04:58:171;1,09;17;18;53,21;0,55;259,05;4,87;54,69;
2026 03 12 13:04:58:173;1,09;17;18;53,21;0,55;259,05;4,87;42,97;
2026 03 12 13:04:58:175;1,09;17;18;53,21;0,55;259,05;4,87;27,34;
2026 03 12 13:04:58:177;1,09;17;18;53,21;0,55;259,05;4,87;11,72;
2026 03 12 13:04:58:179;1,09;17;18;53,21;0,55;259,05;4,87;11,72;
2026 03 12 13:04:58:181;1,09;17;18;53,21;0,55;259,05;4,87;35,16;
2026 03 12 13:04:58:183;1,09;17;18;53,21;0,55;259,05;4,87;35,16;
2026 03 12 13:04:58:185;1,09;17;18;53,21;0,55;259,05;4,87;35,16;
2026 03 12 13:04:58:187;1,09;17;18;53,21;0,55;259,05;4,87;39,06;
2026 03 12 13:04:58:189;1,09;17;18;53,21;0,55;259,05;4,87;42,97;
2026 03 12 13:04:58:191;1,09;17;18;53,21;0,55;259,05;4,87;58,59;
2026 03 12 13:04:58:193;1,09;17;18;53,21;0,55;259,05;4,87;42,97;
2026 03 12 13:04:58:195;1,09;17;18;53,21;0,55;259,05;4,87;27,34;
2026 03 12 13:04:58:197;1,09;17;18;53,21;0,55;259,05;4,87;15,63;
2026 03 12 13:04:58:199;1,09;17;18;53,21;0,55;259,05;4,87;11,72;
2026 03 12 13:04:58:201;1,09;17;18;53,21;0,55;259,05;4,87;35,16;
2026 03 12 13:04:58:203;1,09;17;18;53,21;0,55;259,05;4,87;39,06;
2026 03 12 13:04:58:205;1,09;17;18;53,21;0,55;259,05;4,87;35,16;
2026 03 12 13:04:58:207;1,09;17;18;53,21;0,55;259,05;4,87;39,06;
2026 03 12 13:04:58:209;1,09;17;18;53,21;0,55;259,05;4,87;42,97;
2026 03 12 13:04:58:211;1,09;17;18;53,21;0,55;259,05;4,87;58,59;
2026 03 12 13:04:58:213;1,09;17;18;53,21;0,55;259,05;4,87;46,88;
2026 03 12 13:04:58:215;1,09;17;18;53,21;0,55;259,05;4,87;31,25;
2026 03 12 13:04:58:217;1,09;17;18;53,21;0,55;259,05;4,87;19,53;
2026 03 12 13:04:58:219;1,09;17;18;53,21;0,55;259,05;4,87;15,63;
2026 03 12 13:04:58:221;1,09;17;18;53,21;0,55;259,05;4,87;39,06;
2026 03 12 13:04:58:223;1,09;17;18;53,21;0,55;259,05;4,87;39,06;
2026 03 12 13:04:58:225;1,09;17;18;53,21;0,55;259,05;4,87;39,06;
2026 03 12 13:04:58:227;1,09;17;18;53,21;0,55;259,05;4,87;39,06;
2026 03 12 13:04:58:229;1,09;17;18;53,21;0,55;259,05;4,87;42,97;
2026 03 12 13:04:58:231;1,09;17;18;53,21;0,55;259,05;4,87;58,59;
2026 03 12 13:04:58:233;1,09;17;18;53,21;0,55;259,05;4,87;46,88;
2026 03 12 13:04:58:235;1,09;17;18;53,21;0,55;259,05;4,87;31,25;
2026 03 12 13:04:58:237;1,09;17;18;53,21;0,55;259,05;4,87;19,53;
2026 03 12 13:04:58:239;1,09;17;18;53,21;0,55;259,05;4,87;11,72;
2026 03 12 13:04:58:241;1,09;17;18;53,21;0,55;259,05;4,87;39,06;
2026 03 12 13:04:58:243;1,09;17;18;53,21;0,55;259,05;4,87;39,06;
2026 03 12 13:04:58:245;1,09;17;18;53,21;0,55;259,05;4,87;39,06;
2026 03 12 13:04:58:247;1,09;17;18;53,21;0,55;259,05;4,87;39,06;
2026 03 12 13:04:58:249;1,09;17;18;53,21;0,55;259,05;4,87;42,97;
2026 03 12 13:04:58:251;1,09;17;18;53,21;0,55;259,05;4,87;58,59;
2026 03 12 13:04:58:253;1,09;17;18;53,21;0,55;259,05;4,87;46,88;
2026 03 12 13:04:58:255;1,09;17;18;53,21;0,55;259,05;4,87;35,16;
2026 03 12 13:04:58:257;1,09;17;18;53,21;0,55;259,05;4,87;19,53;
2026 03 12 13:04:58:259;1,09;17;18;53,21;0,55;259,05;4,87;11,72;
2026 03 12 13:04:58:261;1,09;17;18;53,21;0,55;259,05;4,87;39,06;
2026 03 12 13:04:58:263;1,09;17;18;53,21;0,55;259,05;4,87;39,06;
2026 03 12 13:04:58:265;1,09;17;18;53,21;0,55;259,05;4,87;39,06;
2026 03 12 13:04:58:267;1,09;17;18;53,21;0,55;259,05;4,87;39,06;
2026 03 12 13:04:58:269;1,09;17;18;53,21;0,55;259,05;4,87;46,88;
2026 03 12 13:04:58:271;1,09;17;18;53,21;0,55;259,05;4,87;58,59;
2026 03 12 13:04:58:273;1,09;17;18;53,21;0,55;259,05;4,87;46,88;
2026 03 12 13:04:58:275;1,09;17;18;53,21;0,55;259,05;4,87;35,16;
2026 03 12 13:04:58:277;1,09;17;18;53,21;0,55;259,05;4,87;23,44;
2026 03 12 13:04:58:279;1,09;17;18;53,21;0,55;259,05;4,87;15,63;
2026 03 12 13:04:58:281;1,09;17;18;53,21;0,55;259,05;4,87;42,97;
2026 03 12 13:04:58:283;1,09;17;18;53,21;0,55;259,05;4,87;42,97;
2026 03 12 13:04:58:285;1,09;17;18;53,21;0,55;259,05;4,87;42,97;
2026 03 12 13:04:58:287;1,09;17;18;53,21;0,55;259,05;4,87;42,97;
2026 03 12 13:04:58:289;1,09;17;18;53,21;0,55;259,05;4,87;50,78;
2026 03 12 13:04:58:291;1,09;17;18;53,21;0,55;259,05;4,87;62,5;
2026 03 12 13:04:58:293;1,09;17;18;53,21;0,55;259,05;4,87;50,78;
2026 03 12 13:04:58:295;1,09;17;18;53,21;0,55;259,05;4,87;35,16;
2026 03 12 13:04:58:297;1,09;17;18;53,21;0,55;259,05;4,87;19,53;
2026 03 12 13:04:58:299;1,09;17;18;53,21;0,55;259,05;4,87;15,63;
2026 03 12 13:04:58:301;1,09;17;18;53,21;0,55;259,05;4,87;42,97;
2026 03 12 13:04:58:303;1,09;17;18;53,21;0,55;259,05;4,87;42,97;
2026 03 12 13:04:58:305;1,09;17;18;53,21;0,55;259,05;4,87;39,06;
2026 03 12 13:04:58:307;1,09;17;18;53,21;0,55;259,05;4,87;42,97;
2026 03 12 13:04:58:309;1,09;17;18;53,21;0,55;259,05;4,87;46,88;
2026 03 12 13:04:58:311;0,87;13;14;27,3;-0,52;88,1;3,23;62,5;
2026 03 12 13:04:58:313;0,87;13;14;27,3;-0,52;88,1;3,23;50,78;
2026 03 12 13:04:58:315;0,87;13;14;27,3;-0,52;88,1;3,23;35,16;
2026 03 12 13:04:58:317;0,87;13;14;27,3;-0,52;88,1;3,23;23,44;
2026 03 12 13:04:58:319;0,87;13;14;27,3;-0,52;88,1;3,23;19,53;
2026 03 12 13:04:58:321;0,87;13;14;27,3;-0,52;88,1;3,23;42,97;
2026 03 12 13:04:58:323;0,87;13;14;27,3;-0,52;88,1;3,23;46,88;
2026 03 12 13:04:58:325;0,87;13;14;27,3;-0,52;88,1;3,23;42,97;
2026 03 12 13:04:58:327;0,87;13;14;27,3;-0,52;88,1;3,23;46,88;
2026 03 12 13:04:58:329;0,87;13;14;27,3;-0,52;88,1;3,23;50,78;
2026 03 12 13:04:58:331;0,87;13;14;27,3;-0,52;88,1;3,23;62,5;
2026 03 12 13:04:58:333;0,87;13;14;27,3;-0,52;88,1;3,23;46,88;
2026 03 12 13:04:58:335;0,87;13;14;27,3;-0,52;88,1;3,23;35,16;
2026 03 12 13:04:58:337;0,87;13;14;27,3;-0,52;88,1;3,23;23,44;
2026 03 12 13:04:58:339;0,87;13;14;27,3;-0,52;88,1;3,23;23,44;
2026 03 12 13:04:58:341;0,87;13;14;27,3;-0,52;88,1;3,23;42,97;
2026 03 12 13:04:58:343;0,87;13;14;27,3;-0,52;88,1;3,23;46,88;
2026 03 12 13:04:58:345;0,87;13;14;27,3;-0,52;88,1;3,23;46,88;
2026 03 12 13:04:58:347;0,87;13;14;27,3;-0,52;88,1;3,23;46,88;
2026 03 12 13:04:58:349;0,87;13;14;27,3;-0,52;88,1;3,23;50,78;
2026 03 12 13:04:58:351;0,87;13;14;27,3;-0,52;88,1;3,23;62,5;
2026 03 12 13:04:58:353;0,87;13;14;27,3;-0,52;88,1;3,23;46,88;
2026 03 12 13:04:58:355;0,87;13;14;27,3;-0,52;88,1;3,23;35,16;
2026 03 12 13:04:58:357;0,87;13;14;27,3;-0,52;88,1;3,23;23,44;
2026 03 12 13:04:58:359;0,87;13;14;27,3;-0,52;88,1;3,23;23,44;
2026 03 12 13:04:58:361;0,87;13;14;27,3;-0,52;88,1;3,23;42,97;
2026 03 12 13:04:58:363;0,87;13;14;27,3;-0,52;88,1;3,23;42,97;
2026 03 12 13:04:58:365;0,87;13;14;27,3;-0,52;88,1;3,23;42,97;
2026 03 12 13:04:58:367;0,87;13;14;27,3;-0,52;88,1;3,23;46,88;
2026 03 12 13:04:58:369;0,87;13;14;27,3;-0,52;88,1;3,23;50,78;
2026 03 12 13:04:58:371;0,87;13;14;27,3;-0,52;88,1;3,23;58,59;
2026 03 12 13:04:58:373;0,87;13;14;27,3;-0,52;88,1;3,23;46,88;
2026 03 12 13:04:58:375;0,87;13;14;27,3;-0,52;88,1;3,23;35,16;
2026 03 12 13:04:58:377;0,87;13;14;27,3;-0,52;88,1;3,23;19,53;
2026 03 12 13:04:58:379;0,87;13;14;27,3;-0,52;88,1;3,23;23,44;
2026 03 12 13:04:58:381;0,87;13;14;27,3;-0,52;88,1;3,23;46,88;
2026 03 12 13:04:58:383;0,87;13;14;27,3;-0,52;88,1;3,23;46,88;
2026 03 12 13:04:58:385;0,87;13;14;27,3;-0,52;88,1;3,23;42,97;
2026 03 12 13:04:58:387;0,87;13;14;27,3;-0,52;88,1;3,23;46,88;
2026 03 12 13:04:58:389;0,87;13;14;27,3;-0,52;88,1;3,23;50,78;
2026 03 12 13:04:58:391;0,87;13;14;27,3;-0,52;88,1;3,23;62,5;
2026 03 12 13:04:58:393;0,87;13;14;27,3;-0,52;88,1;3,23;50,78;
2026 03 12 13:04:58:395;0,87;13;14;27,3;-0,52;88,1;3,23;39,06;
2026 03 12 13:04:58:397;0,87;13;14;27,3;-0,52;88,1;3,23;27,34;
2026 03 12 13:04:58:399;0,87;13;14;27,3;-0,52;88,1;3,23;23,44;
2026 03 12 13:04:58:401;0,87;13;14;27,3;-0,52;88,1;3,23;46,88;
2026 03 12 13:04:58:403;0,87;13;14;27,3;-0,52;88,1;3,23;46,88;
2026 03 12 13:04:58:405;0,87;13;14;27,3;-0,52;88,1;3,23;46,88;
2026 03 12 13:04:58:407;0,87;13;14;27,3;-0,52;88,1;3,23;46,88;
2026 03 12 13:04:58:409;0,87;13;14;27,3;-0,52;88,1;3,23;50,78;
2026 03 12 13:04:58:411;0,87;13;14;27,3;-0,52;88,1;3,23;66,41;
2026 03 12 13:04:58:413;0,87;13;14;27,3;-0,52;88,1;3,23;54,69;
2026 03 12 13:04:58:415;0,87;13;14;27,3;-0,52;88,1;3,23;39,06;
2026 03 12 13:04:58:417;0,87;13;14;27,3;-0,52;88,1;3,23;27,34;
2026 03 12 13:04:58:419;0,87;13;14;27,3;-0,52;88,1;3,23;23,44;
2026 03 12 13:04:58:421;0,87;13;14;27,3;-0,52;88,1;3,23;42,97;
2026 03 12 13:04:58:423;0,87;13;14;27,3;-0,52;88,1;3,23;46,88;
2026 03 12 13:04:58:425;0,87;13;14;27,3;-0,52;88,1;3,23;46,88;
2026 03 12 13:04:58:427;0,87;13;14;27,3;-0,52;88,1;3,23;46,88;
2026 03 12 13:04:58:429;0,87;13;14;27,3;-0,52;88,1;3,23;54,69;
2026 03 12 13:04:58:431;0,87;13;14;27,3;-0,52;88,1;3,23;70,31;
2026 03 12 13:04:58:433;0,87;13;14;27,3;-0,52;88,1;3,23;58,59;
2026 03 12 13:04:58:435;0,87;13;14;27,3;-0,52;88,1;3,23;39,06;
2026 03 12 13:04:58:437;0,87;13;14;27,3;-0,52;88,1;3,23;27,34;
2026 03 12 13:04:58:439;0,87;13;14;27,3;-0,52;88,1;3,23;27,34;
2026 03 12 13:04:58:441;0,87;13;14;27,3;-0,52;88,1;3,23;46,88;
2026 03 12 13:04:58:443;0,87;13;14;27,3;-0,52;88,1;3,23;46,88;
2026 03 12 13:04:58:445;0,87;13;14;27,3;-0,52;88,1;3,23;46,88;
2026 03 12 13:04:58:447;0,87;13;14;27,3;-0,52;88,1;3,23;50,78;
2026 03 12 13:04:58:449;0,87;13;14;27,3;-0,52;88,1;3,23;54,69;
2026 03 12 13:04:58:451;0,87;13;14;27,3;-0,52;88,1;3,23;70,31;
2026 03 12 13:04:58:453;0,87;13;14;27,3;-0,52;88,1;3,23;58,59;
2026 03 12 13:04:58:455;0,87;13;14;27,3;-0,52;88,1;3,23;39,06;
2026 03 12 13:04:58:457;0,87;13;14;27,3;-0,52;88,1;3,23;27,34;
2026 03 12 13:04:58:459;0,87;13;14;27,3;-0,52;88,1;3,23;23,44;
2026 03 12 13:04:58:461;0,87;13;14;27,3;-0,52;88,1;3,23;46,88;
2026 03 12 13:04:58:463;0,87;13;14;27,3;-0,52;88,1;3,23;50,78;
2026 03 12 13:04:58:465;0,87;13;14;27,3;-0,52;88,1;3,23;46,88;
2026 03 12 13:04:58:467;0,87;13;14;27,3;-0,52;88,1;3,23;46,88;
2026 03 12 13:04:58:469;0,87;13;14;27,3;-0,52;88,1;3,23;54,69;
2026 03 12 13:04:58:471;0,87;13;14;27,3;-0,52;88,1;3,23;70,31;
2026 03 12 13:04:58:473;0,87;13;14;27,3;-0,52;88,1;3,23;54,69;
2026 03 12 13:04:58:475;0,87;13;14;27,3;-0,52;88,1;3,23;39,06;
2026 03 12 13:04:58:477;0,87;13;14;27,3;-0,52;88,1;3,23;23,44;
2026 03 12 13:04:58:479;0,87;13;14;27,3;-0,52;88,1;3,23;23,44;
2026 03 12 13:04:58:481;0,87;13;14;27,3;-0,52;88,1;3,23;46,88;
2026 03 12 13:04:58:483;0,87;13;14;27,3;-0,52;88,1;3,23;46,88;
2026 03 12 13:04:58:485;0,87;13;14;27,3;-0,52;88,1;3,23;50,78;
2026 03 12 13:04:58:487;0,87;13;14;27,3;-0,52;88,1;3,23;50,78;
2026 03 12 13:04:58:489;0,87;13;14;27,3;-0,52;88,1;3,23;54,69;
2026 03 12 13:04:58:491;0,87;13;14;27,3;-0,52;88,1;3,23;70,31;
2026 03 12 13:04:58:493;0,87;13;14;27,3;-0,52;88,1;3,23;54,69;
2026 03 12 13:04:58:495;0,87;13;14;27,3;-0,52;88,1;3,23;39,06;
2026 03 12 13:04:58:497;0,87;13;14;27,3;-0,52;88,1;3,23;23,44;
2026 03 12 13:04:58:499;0,87;13;14;27,3;-0,52;88,1;3,23;23,44;
2026 03 12 13:04:58:501;0,87;13;14;27,3;-0,52;88,1;3,23;46,88;
2026 03 12 13:04:58:503;0,87;13;14;27,3;-0,52;88,1;3,23;50,78;
2026 03 12 13:04:58:505;0,87;13;14;27,3;-0,52;88,1;3,23;46,88;
2026 03 12 13:04:58:507;0,87;13;14;27,3;-0,52;88,1;3,23;50,78;
2026 03 12 13:04:58:509;0,87;13;14;27,3;-0,52;88,1;3,23;54,69;
2026 03 12 13:04:58:511;0,87;13;14;27,3;-0,52;88,1;3,23;66,41;
2026 03 12 13:04:58:513;0,87;13;14;27,3;-0,52;88,1;3,23;54,69;
2026 03 12 13:04:58:515;0,87;13;14;27,3;-0,52;88,1;3,23;42,97;
2026 03 12 13:04:58:517;0,87;13;14;27,3;-0,52;88,1;3,23;27,34;
2026 03 12 13:04:58:519;0,87;13;14;27,3;-0,52;88,1;3,23;19,53;
2026 03 12 13:04:58:521;0,87;13;14;27,3;-0,52;88,1;3,23;50,78;
2026 03 12 13:04:58:523;0,87;13;14;27,3;-0,52;88,1;3,23;50,78;
2026 03 12 13:04:58:525;0,87;13;14;27,3;-0,52;88,1;3,23;50,78;
2026 03 12 13:04:58:527;0,87;13;14;27,3;-0,52;88,1;3,23;50,78;
2026 03 12 13:04:58:529;0,87;13;14;27,3;-0,52;88,1;3,23;58,59;
2026 03 12 13:04:58:531;0,87;13;14;27,3;-0,52;88,1;3,23;70,31;
2026 03 12 13:04:58:533;0,87;13;14;27,3;-0,52;88,1;3,23;58,59;
2026 03 12 13:04:58:535;0,87;13;14;27,3;-0,52;88,1;3,23;42,97;
2026 03 12 13:04:58:537;0,87;13;14;27,3;-0,52;88,1;3,23;27,34;
2026 03 12 13:04:58:539;0,87;13;14;27,3;-0,52;88,1;3,23;23,44;
2026 03 12 13:04:58:541;0,87;13;14;27,3;-0,52;88,1;3,23;50,78;
2026 03 12 13:04:58:543;0,87;13;14;27,3;-0,52;88,1;3,23;50,78;
2026 03 12 13:04:58:545;0,87;13;14;27,3;-0,52;88,1;3,23;50,78;
2026 03 12 13:04:58:547;0,87;13;14;27,3;-0,52;88,1;3,23;50,78;
2026 03 12 13:04:58:549;0,87;13;14;27,3;-0,52;88,1;3,23;54,69;
2026 03 12 13:04:58:551;0,87;13;14;27,3;-0,52;88,1;3,23;70,31;
2026 03 12 13:04:58:553;0,87;13;14;27,3;-0,52;88,1;3,23;54,69;
2026 03 12 13:04:58:555;0,87;13;14;27,3;-0,52;88,1;3,23;42,97;
2026 03 12 13:04:58:557;0,87;13;14;27,3;-0,52;88,1;3,23;27,34;
2026 03 12 13:04:58:559;0,87;13;14;27,3;-0,52;88,1;3,23;23,44;
2026 03 12 13:04:58:561;0,87;13;14;27,3;-0,52;88,1;3,23;50,78;
2026 03 12 13:04:58:563;0,87;13;14;27,3;-0,52;88,1;3,23;50,78;
2026 03 12 13:04:58:565;0,87;13;14;27,3;-0,52;88,1;3,23;50,78;
2026 03 12 13:04:58:567;0,87;13;14;27,3;-0,52;88,1;3,23;54,69;
2026 03 12 13:04:58:569;0,87;13;14;27,3;-0,52;88,1;3,23;58,59;
2026 03 12 13:04:58:571;0,87;13;14;27,3;-0,52;88,1;3,23;70,31;
2026 03 12 13:04:58:573;0,87;13;14;27,3;-0,52;88,1;3,23;58,59;
2026 03 12 13:04:58:575;0,87;13;14;27,3;-0,52;88,1;3,23;42,97;
2026 03 12 13:04:58:577;0,87;13;14;27,3;-0,52;88,1;3,23;31,25;
2026 03 12 13:04:58:579;0,87;13;14;27,3;-0,52;88,1;3,23;23,44;
2026 03 12 13:04:58:581;0,87;13;14;27,3;-0,52;88,1;3,23;50,78;
2026 03 12 13:04:58:583;0,87;13;14;27,3;-0,52;88,1;3,23;50,78;
2026 03 12 13:04:58:585;0,87;13;14;27,3;-0,52;88,1;3,23;50,78;
2026 03 12 13:04:58:587;0,87;13;14;27,3;-0,52;88,1;3,23;54,69;
2026 03 12 13:04:58:589;0,87;13;14;27,3;-0,52;88,1;3,23;62,5;
2026 03 12 13:04:58:591;0,87;13;14;27,3;-0,52;88,1;3,23;70,31;
2026 03 12 13:04:58:593;0,87;13;14;27,3;-0,52;88,1;3,23;58,59;
2026 03 12 13:04:58:595;0,87;13;14;27,3;-0,52;88,1;3,23;46,88;
2026 03 12 13:04:58:597;0,87;13;14;27,3;-0,52;88,1;3,23;31,25;
2026 03 12 13:04:58:599;0,87;13;14;27,3;-0,52;88,1;3,23;27,34;
2026 03 12 13:04:58:601;0,87;13;14;27,3;-0,52;88,1;3,23;50,78;
2026 03 12 13:04:58:603;0,87;13;14;27,3;-0,52;88,1;3,23;50,78;
2026 03 12 13:04:58:605;0,87;13;14;27,3;-0,52;88,1;3,23;50,78;
2026 03 12 13:04:58:607;0,87;13;14;27,3;-0,52;88,1;3,23;54,69;
2026 03 12 13:04:58:609;0,87;13;14;27,3;-0,52;88,1;3,23;62,5;
2026 03 12 13:04:58:611;0,87;13;14;27,3;-0,52;88,1;3,23;70,31;
2026 03 12 13:04:58:613;0,51;13;6;19,18;-0,12;62,88;3,28;58,59;
2026 03 12 13:04:58:615;0,51;13;6;19,18;-0,12;62,88;3,28;42,97;
2026 03 12 13:04:58:617;0,51;13;6;19,18;-0,12;62,88;3,28;31,25;
2026 03 12 13:04:58:619;0,51;13;6;19,18;-0,12;62,88;3,28;27,34;
2026 03 12 13:04:58:621;0,51;13;6;19,18;-0,12;62,88;3,28;50,78;
2026 03 12 13:04:58:623;0,51;13;6;19,18;-0,12;62,88;3,28;50,78;
2026 03 12 13:04:58:625;0,51;13;6;19,18;-0,12;62,88;3,28;50,78;
2026 03 12 13:04:58:627;0,51;13;6;19,18;-0,12;62,88;3,28;54,69;
2026 03 12 13:04:58:629;0,51;13;6;19,18;-0,12;62,88;3,28;62,5;
2026 03 12 13:04:58:631;0,51;13;6;19,18;-0,12;62,88;3,28;70,31;
2026 03 12 13:04:58:633;0,51;13;6;19,18;-0,12;62,88;3,28;58,59;
2026 03 12 13:04:58:635;0,51;13;6;19,18;-0,12;62,88;3,28;46,88;
2026 03 12 13:04:58:637;0,51;13;6;19,18;-0,12;62,88;3,28;27,34;
2026 03 12 13:04:58:639;0,51;13;6;19,18;-0,12;62,88;3,28;27,34;
2026 03 12 13:04:58:641;0,51;13;6;19,18;-0,12;62,88;3,28;50,78;
2026 03 12 13:04:58:643;0,51;13;6;19,18;-0,12;62,88;3,28;54,69;
2026 03 12 13:04:58:645;0,51;13;6;19,18;-0,12;62,88;3,28;54,69;
2026 03 12 13:04:58:647;0,51;13;6;19,18;-0,12;62,88;3,28;54,69;
2026 03 12 13:04:58:649;0,51;13;6;19,18;-0,12;62,88;3,28;58,59;
2026 03 12 13:04:58:651;0,51;13;6;19,18;-0,12;62,88;3,28;70,31;
2026 03 12 13:04:58:653;0,51;13;6;19,18;-0,12;62,88;3,28;58,59;
2026 03 12 13:04:58:655;0,51;13;6;19,18;-0,12;62,88;3,28;42,97;
2026 03 12 13:04:58:657;0,51;13;6;19,18;-0,12;62,88;3,28;27,34;
2026 03 12 13:04:58:659;0,51;13;6;19,18;-0,12;62,88;3,28;27,34;
2026 03 12 13:04:58:661;0,51;13;6;19,18;-0,12;62,88;3,28;54,69;
2026 03 12 13:04:58:663;0,51;13;6;19,18;-0,12;62,88;3,28;54,69;
2026 03 12 13:04:58:665;0,51;13;6;19,18;-0,12;62,88;3,28;54,69;
2026 03 12 13:04:58:667;0,51;13;6;19,18;-0,12;62,88;3,28;54,69;
2026 03 12 13:04:58:669;0,51;13;6;19,18;-0,12;62,88;3,28;58,59;
2026 03 12 13:04:58:671;0,51;13;6;19,18;-0,12;62,88;3,28;66,41;
2026 03 12 13:04:58:673;0,51;13;6;19,18;-0,12;62,88;3,28;54,69;
2026 03 12 13:04:58:675;0,51;13;6;19,18;-0,12;62,88;3,28;39,06;
2026 03 12 13:04:58:677;0,51;13;6;19,18;-0,12;62,88;3,28;23,44;
2026 03 12 13:04:58:679;0,51;13;6;19,18;-0,12;62,88;3,28;31,25;
2026 03 12 13:04:58:681;0,51;13;6;19,18;-0,12;62,88;3,28;50,78;
2026 03 12 13:04:58:683;0,51;13;6;19,18;-0,12;62,88;3,28;50,78;
2026 03 12 13:04:58:685;0,51;13;6;19,18;-0,12;62,88;3,28;54,69;
2026 03 12 13:04:58:687;0,51;13;6;19,18;-0,12;62,88;3,28;54,69;
2026 03 12 13:04:58:689;0,51;13;6;19,18;-0,12;62,88;3,28;62,5;
2026 03 12 13:04:58:691;0,51;13;6;19,18;-0,12;62,88;3,28;70,31;
2026 03 12 13:04:58:693;0,51;13;6;19,18;-0,12;62,88;3,28;58,59;
2026 03 12 13:04:58:695;0,51;13;6;19,18;-0,12;62,88;3,28;42,97;
2026 03 12 13:04:58:697;0,51;13;6;19,18;-0,12;62,88;3,28;27,34;
2026 03 12 13:04:58:699;0,51;13;6;19,18;-0,12;62,88;3,28;31,25;
2026 03 12 13:04:58:701;0,51;13;6;19,18;-0,12;62,88;3,28;54,69;
2026 03 12 13:04:58:703;0,51;13;6;19,18;-0,12;62,88;3,28;54,69;
2026 03 12 13:04:58:705;0,51;13;6;19,18;-0,12;62,88;3,28;50,78;
2026 03 12 13:04:58:707;0,51;13;6;19,18;-0,12;62,88;3,28;54,69;
2026 03 12 13:04:58:709;0,51;13;6;19,18;-0,12;62,88;3,28;62,5;
2026 03 12 13:04:58:711;0,51;13;6;19,18;-0,12;62,88;3,28;70,31;
2026 03 12 13:04:58:713;0,51;13;6;19,18;-0,12;62,88;3,28;58,59;
2026 03 12 13:04:58:715;0,51;13;6;19,18;-0,12;62,88;3,28;50,78;
2026 03 12 13:04:58:717;0,51;13;6;19,18;-0,12;62,88;3,28;31,25;
2026 03 12 13:04:58:719;0,51;13;6;19,18;-0,12;62,88;3,28;27,34;
2026 03 12 13:04:58:721;0,51;13;6;19,18;-0,12;62,88;3,28;54,69;
2026 03 12 13:04:58:723;0,51;13;6;19,18;-0,12;62,88;3,28;54,69;
2026 03 12 13:04:58:725;0,51;13;6;19,18;-0,12;62,88;3,28;54,69;
2026 03 12 13:04:58:727;0,51;13;6;19,18;-0,12;62,88;3,28;54,69;
2026 03 12 13:04:58:729;0,51;13;6;19,18;-0,12;62,88;3,28;62,5;
2026 03 12 13:04:58:731;0,51;13;6;19,18;-0,12;62,88;3,28;74,22;
2026 03 12 13:04:58:733;0,51;13;6;19,18;-0,12;62,88;3,28;62,5;
2026 03 12 13:04:58:735;0,51;13;6;19,18;-0,12;62,88;3,28;46,88;
2026 03 12 13:04:58:737;0,51;13;6;19,18;-0,12;62,88;3,28;35,16;
2026 03 12 13:04:58:739;0,51;13;6;19,18;-0,12;62,88;3,28;27,34;
2026 03 12 13:04:58:741;0,51;13;6;19,18;-0,12;62,88;3,28;54,69;
2026 03 12 13:04:58:743;0,51;13;6;19,18;-0,12;62,88;3,28;54,69;
2026 03 12 13:04:58:745;0,51;13;6;19,18;-0,12;62,88;3,28;54,69;
2026 03 12 13:04:58:747;0,51;13;6;19,18;-0,12;62,88;3,28;58,59;
2026 03 12 13:04:58:749;0,51;13;6;19,18;-0,12;62,88;3,28;62,5;
2026 03 12 13:04:58:751;0,51;13;6;19,18;-0,12;62,88;3,28;78,13;
2026 03 12 13:04:58:753;0,51;13;6;19,18;-0,12;62,88;3,28;62,5;
2026 03 12 13:04:58:755;0,51;13;6;19,18;-0,12;62,88;3,28;46,88;
2026 03 12 13:04:58:757;0,51;13;6;19,18;-0,12;62,88;3,28;31,25;
2026 03 12 13:04:58:759;0,51;13;6;19,18;-0,12;62,88;3,28;27,34;
2026 03 12 13:04:58:761;0,51;13;6;19,18;-0,12;62,88;3,28;54,69;
2026 03 12 13:04:58:763;0,51;13;6;19,18;-0,12;62,88;3,28;54,69;
2026 03 12 13:04:58:765;0,51;13;6;19,18;-0,12;62,88;3,28;54,69;
2026 03 12 13:04:58:767;0,51;13;6;19,18;-0,12;62,88;3,28;54,69;
2026 03 12 13:04:58:769;0,51;13;6;19,18;-0,12;62,88;3,28;62,5;
2026 03 12 13:04:58:771;0,51;13;6;19,18;-0,12;62,88;3,28;78,13;
2026 03 12 13:04:58:773;0,51;13;6;19,18;-0,12;62,88;3,28;62,5;
2026 03 12 13:04:58:775;0,51;13;6;19,18;-0,12;62,88;3,28;42,97;
2026 03 12 13:04:58:777;0,51;13;6;19,18;-0,12;62,88;3,28;31,25;
2026 03 12 13:04:58:779;0,51;13;6;19,18;-0,12;62,88;3,28;23,44;
2026 03 12 13:04:58:781;0,51;13;6;19,18;-0,12;62,88;3,28;54,69;
2026 03 12 13:04:58:783;0,51;13;6;19,18;-0,12;62,88;3,28;54,69;
2026 03 12 13:04:58:785;0,51;13;6;19,18;-0,12;62,88;3,28;54,69;
2026 03 12 13:04:58:787;0,51;13;6;19,18;-0,12;62,88;3,28;58,59;
2026 03 12 13:04:58:789;0,51;13;6;19,18;-0,12;62,88;3,28;66,41;
2026 03 12 13:04:58:791;0,51;13;6;19,18;-0,12;62,88;3,28;74,22;
2026 03 12 13:04:58:793;0,51;13;6;19,18;-0,12;62,88;3,28;62,5;
2026 03 12 13:04:58:795;0,51;13;6;19,18;-0,12;62,88;3,28;46,88;
2026 03 12 13:04:58:797;0,51;13;6;19,18;-0,12;62,88;3,28;27,34;
2026 03 12 13:04:58:799;0,51;13;6;19,18;-0,12;62,88;3,28;27,34;
2026 03 12 13:04:58:801;0,51;13;6;19,18;-0,12;62,88;3,28;54,69;
2026 03 12 13:04:58:803;0,51;13;6;19,18;-0,12;62,88;3,28;54,69;
2026 03 12 13:04:58:805;0,51;13;6;19,18;-0,12;62,88;3,28;54,69;
2026 03 12 13:04:58:807;0,51;13;6;19,18;-0,12;62,88;3,28;54,69;
2026 03 12 13:04:58:809;0,51;13;6;19,18;-0,12;62,88;3,28;62,5;
2026 03 12 13:04:58:811;0,51;13;6;19,18;-0,12;62,88;3,28;74,22;
2026 03 12 13:04:58:813;0,51;13;6;19,18;-0,12;62,88;3,28;58,59;
2026 03 12 13:04:58:815;0,51;13;6;19,18;-0,12;62,88;3,28;42,97;
2026 03 12 13:04:58:817;0,51;13;6;19,18;-0,12;62,88;3,28;27,34;
2026 03 12 13:04:58:819;0,51;13;6;19,18;-0,12;62,88;3,28;31,25;
2026 03 12 13:04:58:821;0,51;13;6;19,18;-0,12;62,88;3,28;54,69;
2026 03 12 13:04:58:823;0,51;13;6;19,18;-0,12;62,88;3,28;54,69;
2026 03 12 13:04:58:825;0,51;13;6;19,18;-0,12;62,88;3,28;54,69;
2026 03 12 13:04:58:827;0,51;13;6;19,18;-0,12;62,88;3,28;58,59;
2026 03 12 13:04:58:829;0,51;13;6;19,18;-0,12;62,88;3,28;66,41;
2026 03 12 13:04:58:831;0,51;13;6;19,18;-0,12;62,88;3,28;74,22;
2026 03 12 13:04:58:833;0,51;13;6;19,18;-0,12;62,88;3,28;66,41;
2026 03 12 13:04:58:835;0,51;13;6;19,18;-0,12;62,88;3,28;46,88;
2026 03 12 13:04:58:837;0,51;13;6;19,18;-0,12;62,88;3,28;27,34;
2026 03 12 13:04:58:839;0,51;13;6;19,18;-0,12;62,88;3,28;27,34;
2026 03 12 13:04:58:841;0,51;13;6;19,18;-0,12;62,88;3,28;54,69;
2026 03 12 13:04:58:843;0,51;13;6;19,18;-0,12;62,88;3,28;54,69;
2026 03 12 13:04:58:845;0,51;13;6;19,18;-0,12;62,88;3,28;54,69;
2026 03 12 13:04:58:847;0,51;13;6;19,18;-0,12;62,88;3,28;58,59;
2026 03 12 13:04:58:849;0,51;13;6;19,18;-0,12;62,88;3,28;66,41;
2026 03 12 13:04:58:851;0,51;13;6;19,18;-0,12;62,88;3,28;74,22;
2026 03 12 13:04:58:853;0,51;13;6;19,18;-0,12;62,88;3,28;62,5;
2026 03 12 13:04:58:855;0,51;13;6;19,18;-0,12;62,88;3,28;46,88;
2026 03 12 13:04:58:857;0,51;13;6;19,18;-0,12;62,88;3,28;31,25;
2026 03 12 13:04:58:859;0,51;13;6;19,18;-0,12;62,88;3,28;31,25;
2026 03 12 13:04:58:861;0,51;13;6;19,18;-0,12;62,88;3,28;54,69;
2026 03 12 13:04:58:863;0,51;13;6;19,18;-0,12;62,88;3,28;54,69;
2026 03 12 13:04:58:865;0,51;13;6;19,18;-0,12;62,88;3,28;54,69;
2026 03 12 13:04:58:867;0,51;13;6;19,18;-0,12;62,88;3,28;58,59;
2026 03 12 13:04:58:869;0,51;13;6;19,18;-0,12;62,88;3,28;66,41;
2026 03 12 13:04:58:871;0,51;13;6;19,18;-0,12;62,88;3,28;74,22;
2026 03 12 13:04:58:873;0,51;13;6;19,18;-0,12;62,88;3,28;62,5;
2026 03 12 13:04:58:875;0,51;13;6;19,18;-0,12;62,88;3,28;46,88;
2026 03 12 13:04:58:877;0,51;13;6;19,18;-0,12;62,88;3,28;31,25;
2026 03 12 13:04:58:879;0,51;13;6;19,18;-0,12;62,88;3,28;31,25;
2026 03 12 13:04:58:881;0,51;13;6;19,18;-0,12;62,88;3,28;54,69;
2026 03 12 13:04:58:883;0,51;13;6;19,18;-0,12;62,88;3,28;54,69;
2026 03 12 13:04:58:885;0,51;13;6;19,18;-0,12;62,88;3,28;58,59;
2026 03 12 13:04:58:887;0,51;13;6;19,18;-0,12;62,88;3,28;58,59;
2026 03 12 13:04:58:889;0,51;13;6;19,18;-0,12;62,88;3,28;66,41;
2026 03 12 13:04:58:891;0,51;13;6;19,18;-0,12;62,88;3,28;74,22;
2026 03 12 13:04:58:893;0,51;13;6;19,18;-0,12;62,88;3,28;66,41;
2026 03 12 13:04:58:895;0,51;13;6;19,18;-0,12;62,88;3,28;50,78;
2026 03 12 13:04:58:897;0,51;13;6;19,18;-0,12;62,88;3,28;31,25;
2026 03 12 13:04:58:899;0,51;13;6;19,18;-0,12;62,88;3,28;27,34;
2026 03 12 13:04:58:901;0,51;13;6;19,18;-0,12;62,88;3,28;58,59;
2026 03 12 13:04:58:903;0,51;13;6;19,18;-0,12;62,88;3,28;54,69;
2026 03 12 13:04:58:905;0,51;13;6;19,18;-0,12;62,88;3,28;54,69;
2026 03 12 13:04:58:907;0,51;13;6;19,18;-0,12;62,88;3,28;58,59;
2026 03 12 13:04:58:909;0,51;13;6;19,18;-0,12;62,88;3,28;66,41;
2026 03 12 13:04:58:911;0,31;13;2;15,26;0,37;57,33;3,76;74,22;
2026 03 12 13:04:58:913;0,31;13;2;15,26;0,37;57,33;3,76;62,5;
2026 03 12 13:04:58:915;0,31;13;2;15,26;0,37;57,33;3,76;46,88;
2026 03 12 13:04:58:917;0,31;13;2;15,26;0,37;57,33;3,76;31,25;
2026 03 12 13:04:58:919;0,31;13;2;15,26;0,37;57,33;3,76;27,34;
2026 03 12 13:04:58:921;0,31;13;2;15,26;0,37;57,33;3,76;58,59;
2026 03 12 13:04:58:923;0,31;13;2;15,26;0,37;57,33;3,76;58,59;
2026 03 12 13:04:58:925;0,31;13;2;15,26;0,37;57,33;3,76;58,59;
2026 03 12 13:04:58:927;0,31;13;2;15,26;0,37;57,33;3,76;58,59;
2026 03 12 13:04:58:929;0,31;13;2;15,26;0,37;57,33;3,76;66,41;
2026 03 12 13:04:58:931;0,31;13;2;15,26;0,37;57,33;3,76;74,22;
2026 03 12 13:04:58:933;0,31;13;2;15,26;0,37;57,33;3,76;66,41;
2026 03 12 13:04:58:935;0,31;13;2;15,26;0,37;57,33;3,76;46,88;
2026 03 12 13:04:58:937;0,31;13;2;15,26;0,37;57,33;3,76;31,25;
2026 03 12 13:04:58:939;0,31;13;2;15,26;0,37;57,33;3,76;31,25;
2026 03 12 13:04:58:941;0,31;13;2;15,26;0,37;57,33;3,76;58,59;
2026 03 12 13:04:58:943;0,31;13;2;15,26;0,37;57,33;3,76;58,59;
2026 03 12 13:04:58:945;0,31;13;2;15,26;0,37;57,33;3,76;58,59;
2026 03 12 13:04:58:947;0,31;13;2;15,26;0,37;57,33;3,76;58,59;
2026 03 12 13:04:58:949;0,31;13;2;15,26;0,37;57,33;3,76;70,31;
2026 03 12 13:04:58:951;0,31;13;2;15,26;0,37;57,33;3,76;74,22;
2026 03 12 13:04:58:953;0,31;13;2;15,26;0,37;57,33;3,76;62,5;
2026 03 12 13:04:58:955;0,31;13;2;15,26;0,37;57,33;3,76;46,88;
2026 03 12 13:04:58:957;0,31;13;2;15,26;0,37;57,33;3,76;31,25;
2026 03 12 13:04:58:959;0,31;13;2;15,26;0,37;57,33;3,76;31,25;
2026 03 12 13:04:58:961;0,31;13;2;15,26;0,37;57,33;3,76;54,69;
2026 03 12 13:04:58:963;0,31;13;2;15,26;0,37;57,33;3,76;58,59;
2026 03 12 13:04:58:965;0,31;13;2;15,26;0,37;57,33;3,76;58,59;
2026 03 12 13:04:58:967;0,31;13;2;15,26;0,37;57,33;3,76;58,59;
2026 03 12 13:04:58:969;0,31;13;2;15,26;0,37;57,33;3,76;66,41;
2026 03 12 13:04:58:971;0,31;13;2;15,26;0,37;57,33;3,76;70,31;
2026 03 12 13:04:58:973;0,31;13;2;15,26;0,37;57,33;3,76;58,59;
2026 03 12 13:04:58:975;0,31;13;2;15,26;0,37;57,33;3,76;42,97;
2026 03 12 13:04:58:977;0,31;13;2;15,26;0,37;57,33;3,76;31,25;
2026 03 12 13:04:58:979;0,31;13;2;15,26;0,37;57,33;3,76;31,25;
2026 03 12 13:04:58:981;0,31;13;2;15,26;0,37;57,33;3,76;54,69;
2026 03 12 13:04:58:983;0,31;13;2;15,26;0,37;57,33;3,76;54,69;
2026 03 12 13:04:58:985;0,31;13;2;15,26;0,37;57,33;3,76;54,69;
2026 03 12 13:04:58:987;0,31;13;2;15,26;0,37;57,33;3,76;58,59;
2026 03 12 13:04:58:989;0,31;13;2;15,26;0,37;57,33;3,76;70,31;
2026 03 12 13:04:58:991;0,31;13;2;15,26;0,37;57,33;3,76;70,31;
2026 03 12 13:04:58:993;0,31;13;2;15,26;0,37;57,33;3,76;58,59;
2026 03 12 13:04:58:995;0,31;13;2;15,26;0,37;57,33;3,76;42,97;
2026 03 12 13:04:58:997;0,31;13;2;15,26;0,37;57,33;3,76;31,25;
2026 03 12 13:04:58:999;0,31;13;2;15,26;0,37;57,33;3,76;35,16;
2026 03 12 13:04:59:001;0,31;13;2;15,26;0,37;57,33;3,76;54,69;
2026 03 12 13:04:59:003;0,31;13;2;15,26;0,37;57,33;3,76;58,59;
2026 03 12 13:04:59:005;0,31;13;2;15,26;0,37;57,33;3,76;58,59;
2026 03 12 13:04:59:007;0,31;13;2;15,26;0,37;57,33;3,76;58,59;
2026 03 12 13:04:59:009;0,31;13;2;15,26;0,37;57,33;3,76;66,41;
2026 03 12 13:04:59:011;0,31;13;2;15,26;0,37;57,33;3,76;70,31;
2026 03 12 13:04:59:013;0,31;13;2;15,26;0,37;57,33;3,76;62,5;
2026 03 12 13:04:59:015;0,31;13;2;15,26;0,37;57,33;3,76;46,88;
2026 03 12 13:04:59:017;0,31;13;2;15,26;0,37;57,33;3,76;27,34;
2026 03 12 13:04:59:019;0,31;13;2;15,26;0,37;57,33;3,76;35,16;
2026 03 12 13:04:59:021;0,31;13;2;15,26;0,37;57,33;3,76;58,59;
2026 03 12 13:04:59:023;0,31;13;2;15,26;0,37;57,33;3,76;58,59;
2026 03 12 13:04:59:025;0,31;13;2;15,26;0,37;57,33;3,76;54,69;
2026 03 12 13:04:59:027;0,31;13;2;15,26;0,37;57,33;3,76;58,59;
2026 03 12 13:04:59:029;0,31;13;2;15,26;0,37;57,33;3,76;66,41;
2026 03 12 13:04:59:031;0,31;13;2;15,26;0,37;57,33;3,76;74,22;
2026 03 12 13:04:59:033;0,31;13;2;15,26;0,37;57,33;3,76;62,5;
2026 03 12 13:04:59:035;0,31;13;2;15,26;0,37;57,33;3,76;50,78;
2026 03 12 13:04:59:037;0,31;13;2;15,26;0,37;57,33;3,76;35,16;
2026 03 12 13:04:59:039;0,31;13;2;15,26;0,37;57,33;3,76;31,25;
2026 03 12 13:04:59:041;0,31;13;2;15,26;0,37;57,33;3,76;54,69;
2026 03 12 13:04:59:043;0,31;13;2;15,26;0,37;57,33;3,76;58,59;
2026 03 12 13:04:59:045;0,31;13;2;15,26;0,37;57,33;3,76;54,69;
2026 03 12 13:04:59:047;0,31;13;2;15,26;0,37;57,33;3,76;58,59;
2026 03 12 13:04:59:049;0,31;13;2;15,26;0,37;57,33;3,76;66,41;
2026 03 12 13:04:59:051;0,31;13;2;15,26;0,37;57,33;3,76;74,22;
2026 03 12 13:04:59:053;0,31;13;2;15,26;0,37;57,33;3,76;66,41;
2026 03 12 13:04:59:055;0,31;13;2;15,26;0,37;57,33;3,76;50,78;
2026 03 12 13:04:59:057;0,31;13;2;15,26;0,37;57,33;3,76;35,16;
2026 03 12 13:04:59:059;0,31;13;2;15,26;0,37;57,33;3,76;27,34;
2026 03 12 13:04:59:061;0,31;13;2;15,26;0,37;57,33;3,76;54,69;
2026 03 12 13:04:59:063;0,31;13;2;15,26;0,37;57,33;3,76;58,59;
2026 03 12 13:04:59:065;0,31;13;2;15,26;0,37;57,33;3,76;54,69;
2026 03 12 13:04:59:067;0,31;13;2;15,26;0,37;57,33;3,76;58,59;
2026 03 12 13:04:59:069;0,31;13;2;15,26;0,37;57,33;3,76;66,41;
2026 03 12 13:04:59:071;0,31;13;2;15,26;0,37;57,33;3,76;78,13;
2026 03 12 13:04:59:073;0,31;13;2;15,26;0,37;57,33;3,76;66,41;
2026 03 12 13:04:59:075;0,31;13;2;15,26;0,37;57,33;3,76;46,88;
2026 03 12 13:04:59:077;0,31;13;2;15,26;0,37;57,33;3,76;35,16;
2026 03 12 13:04:59:079;0,31;13;2;15,26;0,37;57,33;3,76;27,34;
2026 03 12 13:04:59:081;0,31;13;2;15,26;0,37;57,33;3,76;58,59;
2026 03 12 13:04:59:083;0,31;13;2;15,26;0,37;57,33;3,76;54,69;
2026 03 12 13:04:59:085;0,31;13;2;15,26;0,37;57,33;3,76;54,69;
2026 03 12 13:04:59:087;0,31;13;2;15,26;0,37;57,33;3,76;58,59;
2026 03 12 13:04:59:089;0,31;13;2;15,26;0,37;57,33;3,76;70,31;
2026 03 12 13:04:59:091;0,31;13;2;15,26;0,37;57,33;3,76;78,13;
2026 03 12 13:04:59:093;0,31;13;2;15,26;0,37;57,33;3,76;66,41;
2026 03 12 13:04:59:095;0,31;13;2;15,26;0,37;57,33;3,76;46,88;
2026 03 12 13:04:59:097;0,31;13;2;15,26;0,37;57,33;3,76;35,16;
2026 03 12 13:04:59:099;0,31;13;2;15,26;0,37;57,33;3,76;27,34;
2026 03 12 13:04:59:101;0,31;13;2;15,26;0,37;57,33;3,76;54,69;
2026 03 12 13:04:59:103;0,31;13;2;15,26;0,37;57,33;3,76;58,59;
2026 03 12 13:04:59:105;0,31;13;2;15,26;0,37;57,33;3,76;54,69;
2026 03 12 13:04:59:107;0,31;13;2;15,26;0,37;57,33;3,76;58,59;
2026 03 12 13:04:59:109;0,31;13;2;15,26;0,37;57,33;3,76;70,31;
2026 03 12 13:04:59:111;0,31;13;2;15,26;0,37;57,33;3,76;74,22;
2026 03 12 13:04:59:113;0,31;13;2;15,26;0,37;57,33;3,76;66,41;
2026 03 12 13:04:59:115;0,31;13;2;15,26;0,37;57,33;3,76;46,88;
2026 03 12 13:04:59:117;0,31;13;2;15,26;0,37;57,33;3,76;31,25;
2026 03 12 13:04:59:119;0,31;13;2;15,26;0,37;57,33;3,76;31,25;
2026 03 12 13:04:59:121;0,31;13;2;15,26;0,37;57,33;3,76;54,69;
2026 03 12 13:04:59:123;0,31;13;2;15,26;0,37;57,33;3,76;54,69;
2026 03 12 13:04:59:125;0,31;13;2;15,26;0,37;57,33;3,76;54,69;
2026 03 12 13:04:59:127;0,31;13;2;15,26;0,37;57,33;3,76;62,5;
2026 03 12 13:04:59:129;0,31;13;2;15,26;0,37;57,33;3,76;66,41;
2026 03 12 13:04:59:131;0,31;13;2;15,26;0,37;57,33;3,76;78,13;
2026 03 12 13:04:59:133;0,31;13;2;15,26;0,37;57,33;3,76;66,41;
2026 03 12 13:04:59:135;0,31;13;2;15,26;0,37;57,33;3,76;46,88;
2026 03 12 13:04:59:137;0,31;13;2;15,26;0,37;57,33;3,76;31,25;
2026 03 12 13:04:59:139;0,31;13;2;15,26;0,37;57,33;3,76;27,34;
2026 03 12 13:04:59:141;0,31;13;2;15,26;0,37;57,33;3,76;58,59;
2026 03 12 13:04:59:143;0,31;13;2;15,26;0,37;57,33;3,76;58,59;
2026 03 12 13:04:59:145;0,31;13;2;15,26;0,37;57,33;3,76;54,69;
2026 03 12 13:04:59:147;0,31;13;2;15,26;0,37;57,33;3,76;58,59;
2026 03 12 13:04:59:149;0,31;13;2;15,26;0,37;57,33;3,76;70,31;
2026 03 12 13:04:59:151;0,31;13;2;15,26;0,37;57,33;3,76;74,22;
2026 03 12 13:04:59:153;0,31;13;2;15,26;0,37;57,33;3,76;62,5;
2026 03 12 13:04:59:155;0,31;13;2;15,26;0,37;57,33;3,76;50,78;
2026 03 12 13:04:59:157;0,31;13;2;15,26;0,37;57,33;3,76;35,16;
2026 03 12 13:04:59:159;0,31;13;2;15,26;0,37;57,33;3,76;31,25;
2026 03 12 13:04:59:161;0,31;13;2;15,26;0,37;57,33;3,76;54,69;
2026 03 12 13:04:59:163;0,31;13;2;15,26;0,37;57,33;3,76;58,59;
2026 03 12 13:04:59:165;0,31;13;2;15,26;0,37;57,33;3,76;58,59;
2026 03 12 13:04:59:167;0,31;13;2;15,26;0,37;57,33;3,76;58,59;
2026 03 12 13:04:59:169;0,31;13;2;15,26;0,37;57,33;3,76;66,41;
2026 03 12 13:04:59:171;0,31;13;2;15,26;0,37;57,33;3,76;78,13;
2026 03 12 13:04:59:173;0,31;13;2;15,26;0,37;57,33;3,76;66,41;
2026 03 12 13:04:59:175;0,31;13;2;15,26;0,37;57,33;3,76;50,78;
2026 03 12 13:04:59:177;0,31;13;2;15,26;0,37;57,33;3,76;31,25;
2026 03 12 13:04:59:179;0,31;13;2;15,26;0,37;57,33;3,76;31,25;
2026 03 12 13:04:59:181;0,31;13;2;15,26;0,37;57,33;3,76;58,59;
2026 03 12 13:04:59:183;0,31;13;2;15,26;0,37;57,33;3,76;58,59;
2026 03 12 13:04:59:185;0,31;13;2;15,26;0,37;57,33;3,76;58,59;
2026 03 12 13:04:59:187;0,31;13;2;15,26;0,37;57,33;3,76;58,59;
2026 03 12 13:04:59:189;0,31;13;2;15,26;0,37;57,33;3,76;70,31;
2026 03 12 13:04:59:191;0,31;13;2;15,26;0,37;57,33;3,76;78,13;
2026 03 12 13:04:59:193;0,31;13;2;15,26;0,37;57,33;3,76;66,41;
2026 03 12 13:04:59:195;0,31;13;2;15,26;0,37;57,33;3,76;46,88;
2026 03 12 13:04:59:197;0,31;13;2;15,26;0,37;57,33;3,76;35,16;
2026 03 12 13:04:59:199;0,31;13;2;15,26;0,37;57,33;3,76;31,25;
2026 03 12 13:04:59:201;0,31;13;2;15,26;0,37;57,33;3,76;58,59;
2026 03 12 13:04:59:203;0,31;13;2;15,26;0,37;57,33;3,76;58,59;
2026 03 12 13:04:59:205;0,31;13;2;15,26;0,37;57,33;3,76;58,59;
2026 03 12 13:04:59:207;0,31;13;2;15,26;0,37;57,33;3,76;58,59;
2026 03 12 13:04:59:209;0,31;13;2;15,26;0,37;57,33;3,76;70,31;
2026 03 12 13:04:59:211;0,31;13;2;15,26;0,37;57,33;3,76;78,13;
2026 03 12 13:04:59:213;0,3;13;2;13,69;0,68;47,18;3,45;66,41;
2026 03 12 13:04:59:215;0,3;13;2;13,69;0,68;47,18;3,45;50,78;
2026 03 12 13:04:59:217;0,3;13;2;13,69;0,68;47,18;3,45;35,16;
2026 03 12 13:04:59:219;0,3;13;2;13,69;0,68;47,18;3,45;31,25;
2026 03 12 13:04:59:221;0,3;13;2;13,69;0,68;47,18;3,45;54,69;
2026 03 12 13:04:59:223;0,3;13;2;13,69;0,68;47,18;3,45;58,59;
2026 03 12 13:04:59:225;0,3;13;2;13,69;0,68;47,18;3,45;58,59;
2026 03 12 13:04:59:227;0,3;13;2;13,69;0,68;47,18;3,45;58,59;
2026 03 12 13:04:59:229;0,3;13;2;13,69;0,68;47,18;3,45;70,31;
2026 03 12 13:04:59:231;0,3;13;2;13,69;0,68;47,18;3,45;74,22;
2026 03 12 13:04:59:233;0,3;13;2;13,69;0,68;47,18;3,45;66,41;
2026 03 12 13:04:59:235;0,3;13;2;13,69;0,68;47,18;3,45;46,88;
2026 03 12 13:04:59:237;0,3;13;2;13,69;0,68;47,18;3,45;35,16;
2026 03 12 13:04:59:239;0,3;13;2;13,69;0,68;47,18;3,45;31,25;
2026 03 12 13:04:59:241;0,3;13;2;13,69;0,68;47,18;3,45;58,59;
2026 03 12 13:04:59:243;0,3;13;2;13,69;0,68;47,18;3,45;58,59;
2026 03 12 13:04:59:245;0,3;13;2;13,69;0,68;47,18;3,45;58,59;
2026 03 12 13:04:59:247;0,3;13;2;13,69;0,68;47,18;3,45;58,59;
2026 03 12 13:04:59:249;0,3;13;2;13,69;0,68;47,18;3,45;70,31;
2026 03 12 13:04:59:251;0,3;13;2;13,69;0,68;47,18;3,45;74,22;
2026 03 12 13:04:59:253;0,3;13;2;13,69;0,68;47,18;3,45;66,41;
2026 03 12 13:04:59:255;0,3;13;2;13,69;0,68;47,18;3,45;46,88;
2026 03 12 13:04:59:257;0,3;13;2;13,69;0,68;47,18;3,45;31,25;
2026 03 12 13:04:59:259;0,3;13;2;13,69;0,68;47,18;3,45;31,25;
2026 03 12 13:04:59:261;0,3;13;2;13,69;0,68;47,18;3,45;54,69;
2026 03 12 13:04:59:263;0,3;13;2;13,69;0,68;47,18;3,45;58,59;
2026 03 12 13:04:59:265;0,3;13;2;13,69;0,68;47,18;3,45;58,59;
2026 03 12 13:04:59:267;0,3;13;2;13,69;0,68;47,18;3,45;58,59;
2026 03 12 13:04:59:269;0,3;13;2;13,69;0,68;47,18;3,45;70,31;
2026 03 12 13:04:59:271;0,3;13;2;13,69;0,68;47,18;3,45;74,22;
2026 03 12 13:04:59:273;0,3;13;2;13,69;0,68;47,18;3,45;62,5;
2026 03 12 13:04:59:275;0,3;13;2;13,69;0,68;47,18;3,45;46,88;
2026 03 12 13:04:59:277;0,3;13;2;13,69;0,68;47,18;3,45;31,25;
2026 03 12 13:04:59:279;0,3;13;2;13,69;0,68;47,18;3,45;31,25;
2026 03 12 13:04:59:281;0,3;13;2;13,69;0,68;47,18;3,45;58,59;
2026 03 12 13:04:59:283;0,3;13;2;13,69;0,68;47,18;3,45;58,59;
2026 03 12 13:04:59:285;0,3;13;2;13,69;0,68;47,18;3,45;54,69;
2026 03 12 13:04:59:287;0,3;13;2;13,69;0,68;47,18;3,45;58,59;
2026 03 12 13:04:59:289;0,3;13;2;13,69;0,68;47,18;3,45;70,31;
2026 03 12 13:04:59:291;0,3;13;2;13,69;0,68;47,18;3,45;70,31;
2026 03 12 13:04:59:293;0,3;13;2;13,69;0,68;47,18;3,45;62,5;
2026 03 12 13:04:59:295;0,3;13;2;13,69;0,68;47,18;3,45;46,88;
2026 03 12 13:04:59:297;0,3;13;2;13,69;0,68;47,18;3,45;31,25;
2026 03 12 13:04:59:299;0,3;13;2;13,69;0,68;47,18;3,45;31,25;
2026 03 12 13:04:59:301;0,3;13;2;13,69;0,68;47,18;3,45;54,69;
2026 03 12 13:04:59:303;0,3;13;2;13,69;0,68;47,18;3,45;58,59;
2026 03 12 13:04:59:305;0,3;13;2;13,69;0,68;47,18;3,45;54,69;
2026 03 12 13:04:59:307;0,3;13;2;13,69;0,68;47,18;3,45;58,59;
2026 03 12 13:04:59:309;0,3;13;2;13,69;0,68;47,18;3,45;70,31;
2026 03 12 13:04:59:311;0,3;13;2;13,69;0,68;47,18;3,45;70,31;
2026 03 12 13:04:59:313;0,3;13;2;13,69;0,68;47,18;3,45;62,5;
2026 03 12 13:04:59:315;0,3;13;2;13,69;0,68;47,18;3,45;42,97;
2026 03 12 13:04:59:317;0,3;13;2;13,69;0,68;47,18;3,45;31,25;
2026 03 12 13:04:59:319;0,3;13;2;13,69;0,68;47,18;3,45;31,25;
2026 03 12 13:04:59:321;0,3;13;2;13,69;0,68;47,18;3,45;58,59;
2026 03 12 13:04:59:323;0,3;13;2;13,69;0,68;47,18;3,45;58,59;
2026 03 12 13:04:59:325;0,3;13;2;13,69;0,68;47,18;3,45;54,69;
2026 03 12 13:04:59:327;0,3;13;2;13,69;0,68;47,18;3,45;58,59;
2026 03 12 13:04:59:329;0,3;13;2;13,69;0,68;47,18;3,45;70,31;
2026 03 12 13:04:59:331;0,3;13;2;13,69;0,68;47,18;3,45;74,22;
2026 03 12 13:04:59:333;0,3;13;2;13,69;0,68;47,18;3,45;62,5;
2026 03 12 13:04:59:335;0,3;13;2;13,69;0,68;47,18;3,45;46,88;
2026 03 12 13:04:59:337;0,3;13;2;13,69;0,68;47,18;3,45;31,25;
2026 03 12 13:04:59:339;0,3;13;2;13,69;0,68;47,18;3,45;35,16;
2026 03 12 13:04:59:341;0,3;13;2;13,69;0,68;47,18;3,45;54,69;
2026 03 12 13:04:59:343;0,3;13;2;13,69;0,68;47,18;3,45;58,59;
2026 03 12 13:04:59:345;0,3;13;2;13,69;0,68;47,18;3,45;54,69;
2026 03 12 13:04:59:347;0,3;13;2;13,69;0,68;47,18;3,45;58,59;
2026 03 12 13:04:59:349;0,3;13;2;13,69;0,68;47,18;3,45;70,31;
2026 03 12 13:04:59:351;0,3;13;2;13,69;0,68;47,18;3,45;74,22;
2026 03 12 13:04:59:353;0,3;13;2;13,69;0,68;47,18;3,45;66,41;
2026 03 12 13:04:59:355;0,3;13;2;13,69;0,68;47,18;3,45;50,78;
2026 03 12 13:04:59:357;0,3;13;2;13,69;0,68;47,18;3,45;35,16;
2026 03 12 13:04:59:359;0,3;13;2;13,69;0,68;47,18;3,45;31,25;
2026 03 12 13:04:59:361;0,3;13;2;13,69;0,68;47,18;3,45;58,59;
2026 03 12 13:04:59:363;0,3;13;2;13,69;0,68;47,18;3,45;58,59;
2026 03 12 13:04:59:365;0,3;13;2;13,69;0,68;47,18;3,45;58,59;
2026 03 12 13:04:59:367;0,3;13;2;13,69;0,68;47,18;3,45;58,59;
2026 03 12 13:04:59:369;0,3;13;2;13,69;0,68;47,18;3,45;70,31;
2026 03 12 13:04:59:371;0,3;13;2;13,69;0,68;47,18;3,45;78,13;
2026 03 12 13:04:59:373;0,3;13;2;13,69;0,68;47,18;3,45;66,41;
2026 03 12 13:04:59:375;0,3;13;2;13,69;0,68;47,18;3,45;50,78;
2026 03 12 13:04:59:377;0,3;13;2;13,69;0,68;47,18;3,45;35,16;
2026 03 12 13:04:59:379;0,3;13;2;13,69;0,68;47,18;3,45;27,34;
2026 03 12 13:04:59:381;0,3;13;2;13,69;0,68;47,18;3,45;54,69;
2026 03 12 13:04:59:383;0,3;13;2;13,69;0,68;47,18;3,45;58,59;
2026 03 12 13:04:59:385;0,3;13;2;13,69;0,68;47,18;3,45;58,59;
2026 03 12 13:04:59:387;0,3;13;2;13,69;0,68;47,18;3,45;58,59;
2026 03 12 13:04:59:389;0,3;13;2;13,69;0,68;47,18;3,45;70,31;
2026 03 12 13:04:59:391;0,3;13;2;13,69;0,68;47,18;3,45;78,13;
2026 03 12 13:04:59:393;0,3;13;2;13,69;0,68;47,18;3,45;66,41;
2026 03 12 13:04:59:395;0,3;13;2;13,69;0,68;47,18;3,45;46,88;
2026 03 12 13:04:59:397;0,3;13;2;13,69;0,68;47,18;3,45;35,16;
2026 03 12 13:04:59:399;0,3;13;2;13,69;0,68;47,18;3,45;27,34;
2026 03 12 13:04:59:401;0,3;13;2;13,69;0,68;47,18;3,45;58,59;
2026 03 12 13:04:59:403;0,3;13;2;13,69;0,68;47,18;3,45;58,59;
2026 03 12 13:04:59:405;0,3;13;2;13,69;0,68;47,18;3,45;54,69;
2026 03 12 13:04:59:407;0,3;13;2;13,69;0,68;47,18;3,45;58,59;
2026 03 12 13:04:59:409;0,3;13;2;13,69;0,68;47,18;3,45;70,31;
2026 03 12 13:04:59:411;0,3;13;2;13,69;0,68;47,18;3,45;78,13;
2026 03 12 13:04:59:413;0,3;13;2;13,69;0,68;47,18;3,45;66,41;
2026 03 12 13:04:59:415;0,3;13;2;13,69;0,68;47,18;3,45;46,88;
2026 03 12 13:04:59:417;0,3;13;2;13,69;0,68;47,18;3,45;31,25;
2026 03 12 13:04:59:419;0,3;13;2;13,69;0,68;47,18;3,45;27,34;
2026 03 12 13:04:59:421;0,3;13;2;13,69;0,68;47,18;3,45;54,69;
2026 03 12 13:04:59:423;0,3;13;2;13,69;0,68;47,18;3,45;58,59;
2026 03 12 13:04:59:425;0,3;13;2;13,69;0,68;47,18;3,45;54,69;
2026 03 12 13:04:59:427;0,3;13;2;13,69;0,68;47,18;3,45;58,59;
2026 03 12 13:04:59:429;0,3;13;2;13,69;0,68;47,18;3,45;70,31;
2026 03 12 13:04:59:431;0,3;13;2;13,69;0,68;47,18;3,45;78,13;
2026 03 12 13:04:59:433;0,3;13;2;13,69;0,68;47,18;3,45;66,41;
2026 03 12 13:04:59:435;0,3;13;2;13,69;0,68;47,18;3,45;46,88;
2026 03 12 13:04:59:437;0,3;13;2;13,69;0,68;47,18;3,45;31,25;
2026 03 12 13:04:59:439;0,3;13;2;13,69;0,68;47,18;3,45;27,34;
2026 03 12 13:04:59:441;0,3;13;2;13,69;0,68;47,18;3,45;54,69;
2026 03 12 13:04:59:443;0,3;13;2;13,69;0,68;47,18;3,45;58,59;
2026 03 12 13:04:59:445;0,3;13;2;13,69;0,68;47,18;3,45;54,69;
2026 03 12 13:04:59:447;0,3;13;2;13,69;0,68;47,18;3,45;58,59;
2026 03 12 13:04:59:449;0,3;13;2;13,69;0,68;47,18;3,45;70,31;
2026 03 12 13:04:59:451;0,3;13;2;13,69;0,68;47,18;3,45;74,22;
2026 03 12 13:04:59:453;0,3;13;2;13,69;0,68;47,18;3,45;62,5;
2026 03 12 13:04:59:455;0,3;13;2;13,69;0,68;47,18;3,45;46,88;
2026 03 12 13:04:59:457;0,3;13;2;13,69;0,68;47,18;3,45;31,25;
2026 03 12 13:04:59:459;0,3;13;2;13,69;0,68;47,18;3,45;27,34;
2026 03 12 13:04:59:461;0,3;13;2;13,69;0,68;47,18;3,45;54,69;
2026 03 12 13:04:59:463;0,3;13;2;13,69;0,68;47,18;3,45;58,59;
2026 03 12 13:04:59:465;0,3;13;2;13,69;0,68;47,18;3,45;58,59;
2026 03 12 13:04:59:467;0,3;13;2;13,69;0,68;47,18;3,45;58,59;
2026 03 12 13:04:59:469;0,3;13;2;13,69;0,68;47,18;3,45;70,31;
2026 03 12 13:04:59:471;0,3;13;2;13,69;0,68;47,18;3,45;74,22;
2026 03 12 13:04:59:473;0,3;13;2;13,69;0,68;47,18;3,45;66,41;
2026 03 12 13:04:59:475;0,3;13;2;13,69;0,68;47,18;3,45;50,78;
2026 03 12 13:04:59:477;0,3;13;2;13,69;0,68;47,18;3,45;35,16;
2026 03 12 13:04:59:479;0,3;13;2;13,69;0,68;47,18;3,45;31,25;
2026 03 12 13:04:59:481;0,3;13;2;13,69;0,68;47,18;3,45;54,69;
2026 03 12 13:04:59:483;0,3;13;2;13,69;0,68;47,18;3,45;58,59;
2026 03 12 13:04:59:485;0,3;13;2;13,69;0,68;47,18;3,45;58,59;
2026 03 12 13:04:59:487;0,3;13;2;13,69;0,68;47,18;3,45;58,59;
2026 03 12 13:04:59:489;0,3;13;2;13,69;0,68;47,18;3,45;70,31;
2026 03 12 13:04:59:491;0,3;13;2;13,69;0,68;47,18;3,45;74,22;
2026 03 12 13:04:59:493;0,3;13;2;13,69;0,68;47,18;3,45;66,41;
2026 03 12 13:04:59:495;0,3;13;2;13,69;0,68;47,18;3,45;50,78;
2026 03 12 13:04:59:497;0,3;13;2;13,69;0,68;47,18;3,45;35,16;
2026 03 12 13:04:59:499;0,3;13;2;13,69;0,68;47,18;3,45;27,34;
2026 03 12 13:04:59:501;0,3;13;2;13,69;0,68;47,18;3,45;54,69;
2026 03 12 13:04:59:503;0,3;13;2;13,69;0,68;47,18;3,45;58,59;
2026 03 12 13:04:59:505;0,3;13;2;13,69;0,68;47,18;3,45;58,59;
2026 03 12 13:04:59:507;0,3;13;2;13,69;0,68;47,18;3,45;58,59;
2026 03 12 13:04:59:509;0,3;13;2;13,69;0,68;47,18;3,45;70,31;
2026 03 12 13:04:59:511;0,3;13;2;13,69;0,68;47,18;3,45;74,22;
2026 03 12 13:04:59:513;0,3;13;2;13,18;0,77;44,17;3,35;66,41;
2026 03 12 13:04:59:515;0,3;13;2;13,18;0,77;44,17;3,35;46,88;
2026 03 12 13:04:59:517;0,3;13;2;13,18;0,77;44,17;3,35;35,16;
2026 03 12 13:04:59:519;0,3;13;2;13,18;0,77;44,17;3,35;23,44;
2026 03 12 13:04:59:521;0,3;13;2;13,18;0,77;44,17;3,35;58,59;
2026 03 12 13:04:59:523;0,3;13;2;13,18;0,77;44,17;3,35;58,59;
2026 03 12 13:04:59:525;0,3;13;2;13,18;0,77;44,17;3,35;58,59;
2026 03 12 13:04:59:527;0,3;13;2;13,18;0,77;44,17;3,35;58,59;
2026 03 12 13:04:59:529;0,3;13;2;13,18;0,77;44,17;3,35;70,31;
2026 03 12 13:04:59:531;0,3;13;2;13,18;0,77;44,17;3,35;74,22;
2026 03 12 13:04:59:533;0,3;13;2;13,18;0,77;44,17;3,35;66,41;
2026 03 12 13:04:59:535;0,3;13;2;13,18;0,77;44,17;3,35;46,88;
2026 03 12 13:04:59:537;0,3;13;2;13,18;0,77;44,17;3,35;31,25;
2026 03 12 13:04:59:539;0,3;13;2;13,18;0,77;44,17;3,35;35,16;
2026 03 12 13:04:59:541;0,3;13;2;13,18;0,77;44,17;3,35;54,69;
2026 03 12 13:04:59:543;0,3;13;2;13,18;0,77;44,17;3,35;58,59;
2026 03 12 13:04:59:545;0,3;13;2;13,18;0,77;44,17;3,35;58,59;
2026 03 12 13:04:59:547;0,3;13;2;13,18;0,77;44,17;3,35;58,59;
2026 03 12 13:04:59:549;0,3;13;2;13,18;0,77;44,17;3,35;70,31;
2026 03 12 13:04:59:551;0,3;13;2;13,18;0,77;44,17;3,35;74,22;
2026 03 12 13:04:59:553;0,3;13;2;13,18;0,77;44,17;3,35;66,41;
2026 03 12 13:04:59:555;0,3;13;2;13,18;0,77;44,17;3,35;46,88;
2026 03 12 13:04:59:557;0,3;13;2;13,18;0,77;44,17;3,35;31,25;
2026 03 12 13:04:59:559;0,3;13;2;13,18;0,77;44,17;3,35;31,25;
2026 03 12 13:04:59:561;0,3;13;2;13,18;0,77;44,17;3,35;58,59;
2026 03 12 13:04:59:563;0,3;13;2;13,18;0,77;44,17;3,35;54,69;
2026 03 12 13:04:59:565;0,3;13;2;13,18;0,77;44,17;3,35;58,59;
2026 03 12 13:04:59:567;0,3;13;2;13,18;0,77;44,17;3,35;58,59;
2026 03 12 13:04:59:569;0,3;13;2;13,18;0,77;44,17;3,35;70,31;
2026 03 12 13:04:59:571;0,3;13;2;13,18;0,77;44,17;3,35;74,22;
2026 03 12 13:04:59:573;0,3;13;2;13,18;0,77;44,17;3,35;62,5;
2026 03 12 13:04:59:575;0,3;13;2;13,18;0,77;44,17;3,35;46,88;
2026 03 12 13:04:59:577;0,3;13;2;13,18;0,77;44,17;3,35;31,25;
2026 03 12 13:04:59:579;0,3;13;2;13,18;0,77;44,17;3,35;35,16;
2026 03 12 13:04:59:581;0,3;13;2;13,18;0,77;44,17;3,35;58,59;
2026 03 12 13:04:59:583;0,3;13;2;13,18;0,77;44,17;3,35;54,69;
2026 03 12 13:04:59:585;0,3;13;2;13,18;0,77;44,17;3,35;54,69;
2026 03 12 13:04:59:587;0,3;13;2;13,18;0,77;44,17;3,35;58,59;
2026 03 12 13:04:59:589;0,3;13;2;13,18;0,77;44,17;3,35;70,31;
2026 03 12 13:04:59:591;0,3;13;2;13,18;0,77;44,17;3,35;70,31;
2026 03 12 13:04:59:593;0,3;13;2;13,18;0,77;44,17;3,35;66,41;
2026 03 12 13:04:59:595;0,3;13;2;13,18;0,77;44,17;3,35;42,97;
2026 03 12 13:04:59:597;0,3;13;2;13,18;0,77;44,17;3,35;31,25;
2026 03 12 13:04:59:599;0,3;13;2;13,18;0,77;44,17;3,35;35,16;
2026 03 12 13:04:59:601;0,3;13;2;13,18;0,77;44,17;3,35;58,59;
2026 03 12 13:04:59:603;0,3;13;2;13,18;0,77;44,17;3,35;54,69;
2026 03 12 13:04:59:605;0,3;13;2;13,18;0,77;44,17;3,35;58,59;
2026 03 12 13:04:59:607;0,3;13;2;13,18;0,77;44,17;3,35;58,59;
2026 03 12 13:04:59:609;0,3;13;2;13,18;0,77;44,17;3,35;70,31;
2026 03 12 13:04:59:611;0,3;13;2;13,18;0,77;44,17;3,35;70,31;
2026 03 12 13:04:59:613;0,3;13;2;13,18;0,77;44,17;3,35;62,5;
2026 03 12 13:04:59:615;0,3;13;2;13,18;0,77;44,17;3,35;42,97;
2026 03 12 13:04:59:617;0,3;13;2;13,18;0,77;44,17;3,35;31,25;
2026 03 12 13:04:59:619;0,3;13;2;13,18;0,77;44,17;3,35;31,25;
2026 03 12 13:04:59:621;0,3;13;2;13,18;0,77;44,17;3,35;54,69;
2026 03 12 13:04:59:623;0,3;13;2;13,18;0,77;44,17;3,35;58,59;
2026 03 12 13:04:59:625;0,3;13;2;13,18;0,77;44,17;3,35;54,69;
2026 03 12 13:04:59:627;0,3;13;2;13,18;0,77;44,17;3,35;58,59;
2026 03 12 13:04:59:629;0,3;13;2;13,18;0,77;44,17;3,35;70,31;
2026 03 12 13:04:59:631;0,3;13;2;13,18;0,77;44,17;3,35;66,41;
2026 03 12 13:04:59:633;0,3;13;2;13,18;0,77;44,17;3,35;62,5;
2026 03 12 13:04:59:635;0,3;13;2;13,18;0,77;44,17;3,35;42,97;
2026 03 12 13:04:59:637;0,3;13;2;13,18;0,77;44,17;3,35;27,34;
2026 03 12 13:04:59:639;0,3;13;2;13,18;0,77;44,17;3,35;31,25;
2026 03 12 13:04:59:641;0,3;13;2;13,18;0,77;44,17;3,35;54,69;
2026 03 12 13:04:59:643;0,3;13;2;13,18;0,77;44,17;3,35;54,69;
2026 03 12 13:04:59:645;0,3;13;2;13,18;0,77;44,17;3,35;54,69;
2026 03 12 13:04:59:647;0,3;13;2;13,18;0,77;44,17;3,35;58,59;
2026 03 12 13:04:59:649;0,3;13;2;13,18;0,77;44,17;3,35;70,31;
2026 03 12 13:04:59:651;0,3;13;2;13,18;0,77;44,17;3,35;70,31;
2026 03 12 13:04:59:653;0,3;13;2;13,18;0,77;44,17;3,35;62,5;
2026 03 12 13:04:59:655;0,3;13;2;13,18;0,77;44,17;3,35;46,88;
2026 03 12 13:04:59:657;0,3;13;2;13,18;0,77;44,17;3,35;27,34;
2026 03 12 13:04:59:659;0,3;13;2;13,18;0,77;44,17;3,35;35,16;
2026 03 12 13:04:59:661;0,3;13;2;13,18;0,77;44,17;3,35;54,69;
2026 03 12 13:04:59:663;0,3;13;2;13,18;0,77;44,17;3,35;54,69;
2026 03 12 13:04:59:665;0,3;13;2;13,18;0,77;44,17;3,35;54,69;
2026 03 12 13:04:59:667;0,3;13;2;13,18;0,77;44,17;3,35;58,59;
2026 03 12 13:04:59:669;0,3;13;2;13,18;0,77;44,17;3,35;70,31;
2026 03 12 13:04:59:671;0,3;13;2;13,18;0,77;44,17;3,35;74,22;
2026 03 12 13:04:59:673;0,3;13;2;13,18;0,77;44,17;3,35;66,41;
2026 03 12 13:04:59:675;0,3;13;2;13,18;0,77;44,17;3,35;46,88;
2026 03 12 13:04:59:677;0,3;13;2;13,18;0,77;44,17;3,35;31,25;
2026 03 12 13:04:59:679;0,3;13;2;13,18;0,77;44,17;3,35;27,34;
2026 03 12 13:04:59:681;0,3;13;2;13,18;0,77;44,17;3,35;54,69;
2026 03 12 13:04:59:683;0,3;13;2;13,18;0,77;44,17;3,35;54,69;
2026 03 12 13:04:59:685;0,3;13;2;13,18;0,77;44,17;3,35;54,69;
2026 03 12 13:04:59:687;0,3;13;2;13,18;0,77;44,17;3,35;58,59;
2026 03 12 13:04:59:689;0,3;13;2;13,18;0,77;44,17;3,35;66,41;
2026 03 12 13:04:59:691;0,3;13;2;13,18;0,77;44,17;3,35;78,13;
2026 03 12 13:04:59:693;0,3;13;2;13,18;0,77;44,17;3,35;66,41;
2026 03 12 13:04:59:695;0,3;13;2;13,18;0,77;44,17;3,35;46,88;
2026 03 12 13:04:59:697;0,3;13;2;13,18;0,77;44,17;3,35;31,25;
2026 03 12 13:04:59:699;0,3;13;2;13,18;0,77;44,17;3,35;23,44;
2026 03 12 13:04:59:701;0,3;13;2;13,18;0,77;44,17;3,35;54,69;
2026 03 12 13:04:59:703;0,3;13;2;13,18;0,77;44,17;3,35;54,69;
2026 03 12 13:04:59:705;0,3;13;2;13,18;0,77;44,17;3,35;54,69;
2026 03 12 13:04:59:707;0,3;13;2;13,18;0,77;44,17;3,35;58,59;
2026 03 12 13:04:59:709;0,3;13;2;13,18;0,77;44,17;3,35;70,31;
2026 03 12 13:04:59:711;0,3;13;2;13,18;0,77;44,17;3,35;74,22;
2026 03 12 13:04:59:713;0,3;13;2;13,18;0,77;44,17;3,35;66,41;
2026 03 12 13:04:59:715;0,3;13;2;13,18;0,77;44,17;3,35;42,97;
2026 03 12 13:04:59:717;0,3;13;2;13,18;0,77;44,17;3,35;31,25;
2026 03 12 13:04:59:719;0,3;13;2;13,18;0,77;44,17;3,35;27,34;
2026 03 12 13:04:59:721;0,3;13;2;13,18;0,77;44,17;3,35;54,69;
2026 03 12 13:04:59:723;0,3;13;2;13,18;0,77;44,17;3,35;54,69;
2026 03 12 13:04:59:725;0,3;13;2;13,18;0,77;44,17;3,35;54,69;
2026 03 12 13:04:59:727;0,3;13;2;13,18;0,77;44,17;3,35;58,59;
2026 03 12 13:04:59:729;0,3;13;2;13,18;0,77;44,17;3,35;70,31;
2026 03 12 13:04:59:731;0,3;13;2;13,18;0,77;44,17;3,35;74,22;
2026 03 12 13:04:59:733;0,3;13;2;13,18;0,77;44,17;3,35;66,41;
2026 03 12 13:04:59:735;0,3;13;2;13,18;0,77;44,17;3,35;46,88;
2026 03 12 13:04:59:737;0,3;13;2;13,18;0,77;44,17;3,35;27,34;
2026 03 12 13:04:59:739;0,3;13;2;13,18;0,77;44,17;3,35;27,34;
2026 03 12 13:04:59:741;0,3;13;2;13,18;0,77;44,17;3,35;54,69;
2026 03 12 13:04:59:743;0,3;13;2;13,18;0,77;44,17;3,35;54,69;
2026 03 12 13:04:59:745;0,3;13;2;13,18;0,77;44,17;3,35;54,69;
2026 03 12 13:04:59:747;0,3;13;2;13,18;0,77;44,17;3,35;58,59;
2026 03 12 13:04:59:749;0,3;13;2;13,18;0,77;44,17;3,35;66,41;
2026 03 12 13:04:59:751;0,3;13;2;13,18;0,77;44,17;3,35;74,22;
2026 03 12 13:04:59:753;0,3;13;2;13,18;0,77;44,17;3,35;62,5;
2026 03 12 13:04:59:755;0,3;13;2;13,18;0,77;44,17;3,35;42,97;
2026 03 12 13:04:59:757;0,3;13;2;13,18;0,77;44,17;3,35;27,34;
2026 03 12 13:04:59:759;0,3;13;2;13,18;0,77;44,17;3,35;27,34;
2026 03 12 13:04:59:761;0,3;13;2;13,18;0,77;44,17;3,35;54,69;
2026 03 12 13:04:59:763;0,3;13;2;13,18;0,77;44,17;3,35;54,69;
2026 03 12 13:04:59:765;0,3;13;2;13,18;0,77;44,17;3,35;54,69;
2026 03 12 13:04:59:767;0,3;13;2;13,18;0,77;44,17;3,35;58,59;
2026 03 12 13:04:59:769;0,3;13;2;13,18;0,77;44,17;3,35;66,41;
2026 03 12 13:04:59:771;0,3;13;2;13,18;0,77;44,17;3,35;74,22;
2026 03 12 13:04:59:773;0,3;13;2;13,18;0,77;44,17;3,35;66,41;
2026 03 12 13:04:59:775;0,3;13;2;13,18;0,77;44,17;3,35;46,88;
2026 03 12 13:04:59:777;0,3;13;2;13,18;0,77;44,17;3,35;27,34;
2026 03 12 13:04:59:779;0,3;13;2;13,18;0,77;44,17;3,35;31,25;
2026 03 12 13:04:59:781;0,3;13;2;13,18;0,77;44,17;3,35;54,69;
2026 03 12 13:04:59:783;0,3;13;2;13,18;0,77;44,17;3,35;54,69;
2026 03 12 13:04:59:785;0,3;13;2;13,18;0,77;44,17;3,35;54,69;
2026 03 12 13:04:59:787;0,3;13;2;13,18;0,77;44,17;3,35;58,59;
2026 03 12 13:04:59:789;0,3;13;2;13,18;0,77;44,17;3,35;66,41;
2026 03 12 13:04:59:791;0,3;13;2;13,18;0,77;44,17;3,35;74,22;
2026 03 12 13:04:59:793;0,3;13;2;13,18;0,77;44,17;3,35;66,41;
2026 03 12 13:04:59:795;0,3;13;2;13,18;0,77;44,17;3,35;46,88;
2026 03 12 13:04:59:797;0,3;13;2;13,18;0,77;44,17;3,35;27,34;
2026 03 12 13:04:59:799;0,3;13;2;13,18;0,77;44,17;3,35;31,25;
2026 03 12 13:04:59:801;0,3;13;2;13,18;0,77;44,17;3,35;50,78;
2026 03 12 13:04:59:803;0,3;13;2;13,18;0,77;44,17;3,35;54,69;
2026 03 12 13:04:59:805;0,3;13;2;13,18;0,77;44,17;3,35;58,59;
2026 03 12 13:04:59:807;0,3;13;2;13,18;0,77;44,17;3,35;58,59;
2026 03 12 13:04:59:809;0,3;13;2;13,18;0,77;44,17;3,35;66,41;
2026 03 12 13:04:59:811;0,3;13;2;13,09;0,81;42,88;3,28;74,22;
2026 03 12 13:04:59:813;0,3;13;2;13,09;0,81;42,88;3,28;66,41;
2026 03 12 13:04:59:815;0,3;13;2;13,09;0,81;42,88;3,28;46,88;
2026 03 12 13:04:59:817;0,3;13;2;13,09;0,81;42,88;3,28;27,34;
2026 03 12 13:04:59:819;0,3;13;2;13,09;0,81;42,88;3,28;31,25;
2026 03 12 13:04:59:821;0,3;13;2;13,09;0,81;42,88;3,28;54,69;
2026 03 12 13:04:59:823;0,3;13;2;13,09;0,81;42,88;3,28;54,69;
2026 03 12 13:04:59:825;0,3;13;2;13,09;0,81;42,88;3,28;54,69;
2026 03 12 13:04:59:827;0,3;13;2;13,09;0,81;42,88;3,28;58,59;
2026 03 12 13:04:59:829;0,3;13;2;13,09;0,81;42,88;3,28;66,41;
2026 03 12 13:04:59:831;0,3;13;2;13,09;0,81;42,88;3,28;74,22;
2026 03 12 13:04:59:833;0,3;13;2;13,09;0,81;42,88;3,28;62,5;
2026 03 12 13:04:59:835;0,3;13;2;13,09;0,81;42,88;3,28;42,97;
2026 03 12 13:04:59:837;0,3;13;2;13,09;0,81;42,88;3,28;31,25;
2026 03 12 13:04:59:839;0,3;13;2;13,09;0,81;42,88;3,28;31,25;
2026 03 12 13:04:59:841;0,3;13;2;13,09;0,81;42,88;3,28;54,69;
2026 03 12 13:04:59:843;0,3;13;2;13,09;0,81;42,88;3,28;54,69;
2026 03 12 13:04:59:845;0,3;13;2;13,09;0,81;42,88;3,28;54,69;
2026 03 12 13:04:59:847;0,3;13;2;13,09;0,81;42,88;3,28;58,59;
2026 03 12 13:04:59:849;0,3;13;2;13,09;0,81;42,88;3,28;66,41;
2026 03 12 13:04:59:851;0,3;13;2;13,09;0,81;42,88;3,28;70,31;
2026 03 12 13:04:59:853;0,3;13;2;13,09;0,81;42,88;3,28;62,5;
2026 03 12 13:04:59:855;0,3;13;2;13,09;0,81;42,88;3,28;42,97;
2026 03 12 13:04:59:857;0,3;13;2;13,09;0,81;42,88;3,28;27,34;
2026 03 12 13:04:59:859;0,3;13;2;13,09;0,81;42,88;3,28;31,25;
2026 03 12 13:04:59:861;0,3;13;2;13,09;0,81;42,88;3,28;54,69;
2026 03 12 13:04:59:863;0,3;13;2;13,09;0,81;42,88;3,28;54,69;
2026 03 12 13:04:59:865;0,3;13;2;13,09;0,81;42,88;3,28;50,78;
2026 03 12 13:04:59:867;0,3;13;2;13,09;0,81;42,88;3,28;54,69;
2026 03 12 13:04:59:869;0,3;13;2;13,09;0,81;42,88;3,28;66,41;
2026 03 12 13:04:59:871;0,3;13;2;13,09;0,81;42,88;3,28;70,31;
2026 03 12 13:04:59:873;0,3;13;2;13,09;0,81;42,88;3,28;62,5;
2026 03 12 13:04:59:875;0,3;13;2;13,09;0,81;42,88;3,28;42,97;
2026 03 12 13:04:59:877;0,3;13;2;13,09;0,81;42,88;3,28;27,34;
2026 03 12 13:04:59:879;0,3;13;2;13,09;0,81;42,88;3,28;27,34;
2026 03 12 13:04:59:881;0,3;13;2;13,09;0,81;42,88;3,28;54,69;
2026 03 12 13:04:59:883;0,3;13;2;13,09;0,81;42,88;3,28;54,69;
2026 03 12 13:04:59:885;0,3;13;2;13,09;0,81;42,88;3,28;54,69;
2026 03 12 13:04:59:887;0,3;13;2;13,09;0,81;42,88;3,28;58,59;
2026 03 12 13:04:59:889;0,3;13;2;13,09;0,81;42,88;3,28;66,41;
2026 03 12 13:04:59:891;0,3;13;2;13,09;0,81;42,88;3,28;70,31;
2026 03 12 13:04:59:893;0,3;13;2;13,09;0,81;42,88;3,28;58,59;
2026 03 12 13:04:59:895;0,3;13;2;13,09;0,81;42,88;3,28;42,97;
2026 03 12 13:04:59:897;0,3;13;2;13,09;0,81;42,88;3,28;27,34;
2026 03 12 13:04:59:899;0,3;13;2;13,09;0,81;42,88;3,28;31,25;
2026 03 12 13:04:59:901;0,3;13;2;13,09;0,81;42,88;3,28;50,78;
2026 03 12 13:04:59:903;0,3;13;2;13,09;0,81;42,88;3,28;54,69;
2026 03 12 13:04:59:905;0,3;13;2;13,09;0,81;42,88;3,28;54,69;
2026 03 12 13:04:59:907;0,3;13;2;13,09;0,81;42,88;3,28;54,69;
2026 03 12 13:04:59:909;0,3;13;2;13,09;0,81;42,88;3,28;66,41;
2026 03 12 13:04:59:911;0,3;13;2;13,09;0,81;42,88;3,28;70,31;
2026 03 12 13:04:59:913;0,3;13;2;13,09;0,81;42,88;3,28;58,59;
2026 03 12 13:04:59:915;0,3;13;2;13,09;0,81;42,88;3,28;39,06;
2026 03 12 13:04:59:917;0,3;13;2;13,09;0,81;42,88;3,28;27,34;
2026 03 12 13:04:59:919;0,3;13;2;13,09;0,81;42,88;3,28;27,34;
2026 03 12 13:04:59:921;0,3;13;2;13,09;0,81;42,88;3,28;50,78;
2026 03 12 13:04:59:923;0,3;13;2;13,09;0,81;42,88;3,28;54,69;
2026 03 12 13:04:59:925;0,3;13;2;13,09;0,81;42,88;3,28;54,69;
2026 03 12 13:04:59:927;0,3;13;2;13,09;0,81;42,88;3,28;54,69;
2026 03 12 13:04:59:929;0,3;13;2;13,09;0,81;42,88;3,28;70,31;
2026 03 12 13:04:59:931;0,3;13;2;13,09;0,81;42,88;3,28;66,41;
2026 03 12 13:04:59:933;0,3;13;2;13,09;0,81;42,88;3,28;58,59;
2026 03 12 13:04:59:935;0,3;13;2;13,09;0,81;42,88;3,28;39,06;
2026 03 12 13:04:59:937;0,3;13;2;13,09;0,81;42,88;3,28;27,34;
2026 03 12 13:04:59:939;0,3;13;2;13,09;0,81;42,88;3,28;27,34;
2026 03 12 13:04:59:941;0,3;13;2;13,09;0,81;42,88;3,28;50,78;
2026 03 12 13:04:59:943;0,3;13;2;13,09;0,81;42,88;3,28;54,69;
2026 03 12 13:04:59:945;0,3;13;2;13,09;0,81;42,88;3,28;50,78;
2026 03 12 13:04:59:947;0,3;13;2;13,09;0,81;42,88;3,28;54,69;
2026 03 12 13:04:59:949;0,3;13;2;13,09;0,81;42,88;3,28;66,41;
2026 03 12 13:04:59:951;0,3;13;2;13,09;0,81;42,88;3,28;66,41;
2026 03 12 13:04:59:953;0,3;13;2;13,09;0,81;42,88;3,28;58,59;
2026 03 12 13:04:59:955;0,3;13;2;13,09;0,81;42,88;3,28;42,97;
2026 03 12 13:04:59:957;0,3;13;2;13,09;0,81;42,88;3,28;27,34;
2026 03 12 13:04:59:959;0,3;13;2;13,09;0,81;42,88;3,28;27,34;
2026 03 12 13:04:59:961;0,3;13;2;13,09;0,81;42,88;3,28;50,78;
2026 03 12 13:04:59:963;0,3;13;2;13,09;0,81;42,88;3,28;50,78;
2026 03 12 13:04:59:965;0,3;13;2;13,09;0,81;42,88;3,28;54,69;
2026 03 12 13:04:59:967;0,3;13;2;13,09;0,81;42,88;3,28;54,69;
2026 03 12 13:04:59:969;0,3;13;2;13,09;0,81;42,88;3,28;66,41;
2026 03 12 13:04:59:971;0,3;13;2;13,09;0,81;42,88;3,28;70,31;
2026 03 12 13:04:59:973;0,3;13;2;13,09;0,81;42,88;3,28;58,59;
2026 03 12 13:04:59:975;0,3;13;2;13,09;0,81;42,88;3,28;46,88;
2026 03 12 13:04:59:977;0,3;13;2;13,09;0,81;42,88;3,28;31,25;
2026 03 12 13:04:59:979;0,3;13;2;13,09;0,81;42,88;3,28;27,34;
2026 03 12 13:04:59:981;0,3;13;2;13,09;0,81;42,88;3,28;50,78;
2026 03 12 13:04:59:983;0,3;13;2;13,09;0,81;42,88;3,28;54,69;
2026 03 12 13:04:59:985;0,3;13;2;13,09;0,81;42,88;3,28;54,69;
2026 03 12 13:04:59:987;0,3;13;2;13,09;0,81;42,88;3,28;54,69;
2026 03 12 13:04:59:989;0,3;13;2;13,09;0,81;42,88;3,28;66,41;
2026 03 12 13:04:59:991;0,3;13;2;13,09;0,81;42,88;3,28;74,22;
2026 03 12 13:04:59:993;0,3;13;2;13,09;0,81;42,88;3,28;62,5;
2026 03 12 13:04:59:995;0,3;13;2;13,09;0,81;42,88;3,28;46,88;
2026 03 12 13:04:59:997;0,3;13;2;13,09;0,81;42,88;3,28;27,34;
2026 03 12 13:04:59:999;0,3;13;2;13,09;0,81;42,88;3,28;23,44;
2026 03 12 13:05:00:001;0,3;13;2;13,09;0,81;42,88;3,28;50,78;
2026 03 12 13:05:00:003;0,3;13;2;13,09;0,81;42,88;3,28;50,78;
2026 03 12 13:05:00:005;0,3;13;2;13,09;0,81;42,88;3,28;54,69;
2026 03 12 13:05:00:007;0,3;13;2;13,09;0,81;42,88;3,28;54,69;
2026 03 12 13:05:00:009;0,3;13;2;13,09;0,81;42,88;3,28;66,41;
2026 03 12 13:05:00:011;0,3;13;2;13,09;0,81;42,88;3,28;74,22;
2026 03 12 13:05:00:013;0,3;13;2;13,09;0,81;42,88;3,28;62,5;
2026 03 12 13:05:00:015;0,3;13;2;13,09;0,81;42,88;3,28;42,97;
2026 03 12 13:05:00:017;0,3;13;2;13,09;0,81;42,88;3,28;27,34;
2026 03 12 13:05:00:019;0,3;13;2;13,09;0,81;42,88;3,28;27,34;
2026 03 12 13:05:00:021;0,3;13;2;13,09;0,81;42,88;3,28;54,69;
2026 03 12 13:05:00:023;0,3;13;2;13,09;0,81;42,88;3,28;50,78;
2026 03 12 13:05:00:025;0,3;13;2;13,09;0,81;42,88;3,28;50,78;
2026 03 12 13:05:00:027;0,3;13;2;13,09;0,81;42,88;3,28;54,69;
2026 03 12 13:05:00:029;0,3;13;2;13,09;0,81;42,88;3,28;70,31;
2026 03 12 13:05:00:031;0,3;13;2;13,09;0,81;42,88;3,28;74,22;
2026 03 12 13:05:00:033;0,3;13;2;13,09;0,81;42,88;3,28;62,5;
2026 03 12 13:05:00:035;0,3;13;2;13,09;0,81;42,88;3,28;42,97;
2026 03 12 13:05:00:037;0,3;13;2;13,09;0,81;42,88;3,28;27,34;
2026 03 12 13:05:00:039;0,3;13;2;13,09;0,81;42,88;3,28;23,44;
2026 03 12 13:05:00:041;0,3;13;2;13,09;0,81;42,88;3,28;50,78;
2026 03 12 13:05:00:043;0,3;13;2;13,09;0,81;42,88;3,28;50,78;
2026 03 12 13:05:00:045;0,3;13;2;13,09;0,81;42,88;3,28;50,78;
2026 03 12 13:05:00:047;0,3;13;2;13,09;0,81;42,88;3,28;54,69;
2026 03 12 13:05:00:049;0,3;13;2;13,09;0,81;42,88;3,28;66,41;
2026 03 12 13:05:00:051;0,3;13;2;13,09;0,81;42,88;3,28;70,31;
2026 03 12 13:05:00:053;0,3;13;2;13,09;0,81;42,88;3,28;62,5;
2026 03 12 13:05:00:055;0,3;13;2;13,09;0,81;42,88;3,28;42,97;
2026 03 12 13:05:00:057;0,3;13;2;13,09;0,81;42,88;3,28;23,44;
2026 03 12 13:05:00:059;0,3;13;2;13,09;0,81;42,88;3,28;23,44;
2026 03 12 13:05:00:061;0,3;13;2;13,09;0,81;42,88;3,28;50,78;
2026 03 12 13:05:00:063;0,3;13;2;13,09;0,81;42,88;3,28;50,78;
2026 03 12 13:05:00:065;0,3;13;2;13,09;0,81;42,88;3,28;50,78;
2026 03 12 13:05:00:067;0,3;13;2;13,09;0,81;42,88;3,28;54,69;
2026 03 12 13:05:00:069;0,3;13;2;13,09;0,81;42,88;3,28;66,41;
2026 03 12 13:05:00:071;0,3;13;2;13,09;0,81;42,88;3,28;70,31;
2026 03 12 13:05:00:073;0,3;13;2;13,09;0,81;42,88;3,28;62,5;
2026 03 12 13:05:00:075;0,3;13;2;13,09;0,81;42,88;3,28;42,97;
2026 03 12 13:05:00:077;0,3;13;2;13,09;0,81;42,88;3,28;27,34;
2026 03 12 13:05:00:079;0,3;13;2;13,09;0,81;42,88;3,28;27,34;
2026 03 12 13:05:00:081;0,3;13;2;13,09;0,81;42,88;3,28;50,78;
2026 03 12 13:05:00:083;0,3;13;2;13,09;0,81;42,88;3,28;50,78;
2026 03 12 13:05:00:085;0,3;13;2;13,09;0,81;42,88;3,28;50,78;
2026 03 12 13:05:00:087;0,3;13;2;13,09;0,81;42,88;3,28;54,69;
2026 03 12 13:05:00:089;0,3;13;2;13,09;0,81;42,88;3,28;66,41;
2026 03 12 13:05:00:091;0,3;13;2;13,09;0,81;42,88;3,28;70,31;
2026 03 12 13:05:00:093;0,3;13;2;13,09;0,81;42,88;3,28;62,5;
2026 03 12 13:05:00:095;0,3;13;2;13,09;0,81;42,88;3,28;42,97;
2026 03 12 13:05:00:097;0,3;13;2;13,09;0,81;42,88;3,28;23,44;
2026 03 12 13:05:00:099;0,3;13;2;13,09;0,81;42,88;3,28;27,34;
2026 03 12 13:05:00:101;0,3;13;2;13,09;0,81;42,88;3,28;50,78;
2026 03 12 13:05:00:103;0,3;13;2;13,09;0,81;42,88;3,28;50,78;
2026 03 12 13:05:00:105;0,3;13;2;13,09;0,81;42,88;3,28;50,78;
2026 03 12 13:05:00:107;0,3;13;2;13,09;0,81;42,88;3,28;54,69;
2026 03 12 13:05:00:109;0,3;13;2;13,09;0,81;42,88;3,28;66,41;
2026 03 12 13:05:00:111;0,3;13;2;13,11;0,78;42,45;3,24;70,31;
2026 03 12 13:05:00:113;0,3;13;2;13,11;0,78;42,45;3,24;62,5;
2026 03 12 13:05:00:115;0,3;13;2;13,11;0,78;42,45;3,24;42,97;
2026 03 12 13:05:00:117;0,3;13;2;13,11;0,78;42,45;3,24;27,34;
2026 03 12 13:05:00:119;0,3;13;2;13,11;0,78;42,45;3,24;27,34;
2026 03 12 13:05:00:121;0,3;13;2;13,11;0,78;42,45;3,24;50,78;
2026 03 12 13:05:00:123;0,3;13;2;13,11;0,78;42,45;3,24;54,69;
2026 03 12 13:05:00:125;0,3;13;2;13,11;0,78;42,45;3,24;50,78;
2026 03 12 13:05:00:127;0,3;13;2;13,11;0,78;42,45;3,24;54,69;
2026 03 12 13:05:00:129;0,3;13;2;13,11;0,78;42,45;3,24;70,31;
2026 03 12 13:05:00:131;0,3;13;2;13,11;0,78;42,45;3,24;70,31;
2026 03 12 13:05:00:133;0,3;13;2;13,11;0,78;42,45;3,24;62,5;
2026 03 12 13:05:00:135;0,3;13;2;13,11;0,78;42,45;3,24;42,97;
2026 03 12 13:05:00:137;0,3;13;2;13,11;0,78;42,45;3,24;27,34;
2026 03 12 13:05:00:139;0,3;13;2;13,11;0,78;42,45;3,24;27,34;
2026 03 12 13:05:00:141;0,3;13;2;13,11;0,78;42,45;3,24;50,78;
2026 03 12 13:05:00:143;0,3;13;2;13,11;0,78;42,45;3,24;50,78;
2026 03 12 13:05:00:145;0,3;13;2;13,11;0,78;42,45;3,24;50,78;
2026 03 12 13:05:00:147;0,3;13;2;13,11;0,78;42,45;3,24;54,69;
2026 03 12 13:05:00:149;0,3;13;2;13,11;0,78;42,45;3,24;66,41;
2026 03 12 13:05:00:151;0,3;13;2;13,11;0,78;42,45;3,24;70,31;
2026 03 12 13:05:00:153;0,3;13;2;13,11;0,78;42,45;3,24;58,59;
2026 03 12 13:05:00:155;0,3;13;2;13,11;0,78;42,45;3,24;42,97;
2026 03 12 13:05:00:157;0,3;13;2;13,11;0,78;42,45;3,24;27,34;
2026 03 12 13:05:00:159;0,3;13;2;13,11;0,78;42,45;3,24;23,44;
2026 03 12 13:05:00:161;0,3;13;2;13,11;0,78;42,45;3,24;50,78;
2026 03 12 13:05:00:163;0,3;13;2;13,11;0,78;42,45;3,24;50,78;
2026 03 12 13:05:00:165;0,3;13;2;13,11;0,78;42,45;3,24;50,78;
2026 03 12 13:05:00:167;0,3;13;2;13,11;0,78;42,45;3,24;54,69;
2026 03 12 13:05:00:169;0,3;13;2;13,11;0,78;42,45;3,24;66,41;
2026 03 12 13:05:00:171;0,3;13;2;13,11;0,78;42,45;3,24;70,31;
2026 03 12 13:05:00:173;0,3;13;2;13,11;0,78;42,45;3,24;58,59;
2026 03 12 13:05:00:175;0,3;13;2;13,11;0,78;42,45;3,24;39,06;
2026 03 12 13:05:00:177;0,3;13;2;13,11;0,78;42,45;3,24;23,44;
2026 03 12 13:05:00:179;0,3;13;2;13,11;0,78;42,45;3,24;23,44;
2026 03 12 13:05:00:181;0,3;13;2;13,11;0,78;42,45;3,24;50,78;
2026 03 12 13:05:00:183;0,3;13;2;13,11;0,78;42,45;3,24;50,78;
2026 03 12 13:05:00:185;0,3;13;2;13,11;0,78;42,45;3,24;50,78;
2026 03 12 13:05:00:187;0,3;13;2;13,11;0,78;42,45;3,24;50,78;
2026 03 12 13:05:00:189;0,3;13;2;13,11;0,78;42,45;3,24;66,41;
2026 03 12 13:05:00:191;0,3;13;2;13,11;0,78;42,45;3,24;70,31;
2026 03 12 13:05:00:193;0,3;13;2;13,11;0,78;42,45;3,24;58,59;
2026 03 12 13:05:00:195;0,3;13;2;13,11;0,78;42,45;3,24;39,06;
2026 03 12 13:05:00:197;0,3;13;2;13,11;0,78;42,45;3,24;23,44;
2026 03 12 13:05:00:199;0,3;13;2;13,11;0,78;42,45;3,24;27,34;
2026 03 12 13:05:00:201;0,3;13;2;13,11;0,78;42,45;3,24;50,78;
2026 03 12 13:05:00:203;0,3;13;2;13,11;0,78;42,45;3,24;50,78;
2026 03 12 13:05:00:205;0,3;13;2;13,11;0,78;42,45;3,24;50,78;
2026 03 12 13:05:00:207;0,3;13;2;13,11;0,78;42,45;3,24;50,78;
2026 03 12 13:05:00:209;0,3;13;2;13,11;0,78;42,45;3,24;66,41;
2026 03 12 13:05:00:211;0,3;13;2;13,11;0,78;42,45;3,24;66,41;
2026 03 12 13:05:00:213;0,3;13;2;13,11;0,78;42,45;3,24;58,59;
2026 03 12 13:05:00:215;0,3;13;2;13,11;0,78;42,45;3,24;39,06;
2026 03 12 13:05:00:217;0,3;13;2;13,11;0,78;42,45;3,24;23,44;
2026 03 12 13:05:00:219;0,3;13;2;13,11;0,78;42,45;3,24;27,34;
2026 03 12 13:05:00:221;0,3;13;2;13,11;0,78;42,45;3,24;50,78;
2026 03 12 13:05:00:223;0,3;13;2;13,11;0,78;42,45;3,24;50,78;
2026 03 12 13:05:00:225;0,3;13;2;13,11;0,78;42,45;3,24;50,78;
2026 03 12 13:05:00:227;0,3;13;2;13,11;0,78;42,45;3,24;54,69;
2026 03 12 13:05:00:229;0,3;13;2;13,11;0,78;42,45;3,24;66,41;
2026 03 12 13:05:00:231;0,3;13;2;13,11;0,78;42,45;3,24;66,41;
2026 03 12 13:05:00:233;0,3;13;2;13,11;0,78;42,45;3,24;54,69;
2026 03 12 13:05:00:235;0,3;13;2;13,11;0,78;42,45;3,24;39,06;
2026 03 12 13:05:00:237;0,3;13;2;13,11;0,78;42,45;3,24;23,44;
2026 03 12 13:05:00:239;0,3;13;2;13,11;0,78;42,45;3,24;23,44;
2026 03 12 13:05:00:241;0,3;13;2;13,11;0,78;42,45;3,24;50,78;
2026 03 12 13:05:00:243;0,3;13;2;13,11;0,78;42,45;3,24;50,78;
2026 03 12 13:05:00:245;0,3;13;2;13,11;0,78;42,45;3,24;50,78;
2026 03 12 13:05:00:247;0,3;13;2;13,11;0,78;42,45;3,24;54,69;
2026 03 12 13:05:00:249;0,3;13;2;13,11;0,78;42,45;3,24;66,41;
2026 03 12 13:05:00:251;0,3;13;2;13,11;0,78;42,45;3,24;62,5;
2026 03 12 13:05:00:253;0,3;13;2;13,11;0,78;42,45;3,24;54,69;
2026 03 12 13:05:00:255;0,3;13;2;13,11;0,78;42,45;3,24;35,16;
2026 03 12 13:05:00:257;0,3;13;2;13,11;0,78;42,45;3,24;23,44;
2026 03 12 13:05:00:259;0,3;13;2;13,11;0,78;42,45;3,24;19,53;
2026 03 12 13:05:00:261;0,3;13;2;13,11;0,78;42,45;3,24;50,78;
2026 03 12 13:05:00:263;0,3;13;2;13,11;0,78;42,45;3,24;50,78;
2026 03 12 13:05:00:265;0,3;13;2;13,11;0,78;42,45;3,24;50,78;
2026 03 12 13:05:00:267;0,3;13;2;13,11;0,78;42,45;3,24;50,78;
2026 03 12 13:05:00:269;0,3;13;2;13,11;0,78;42,45;3,24;66,41;
2026 03 12 13:05:00:271;0,3;13;2;13,11;0,78;42,45;3,24;62,5;
2026 03 12 13:05:00:273;0,3;13;2;13,11;0,78;42,45;3,24;54,69;
2026 03 12 13:05:00:275;0,3;13;2;13,11;0,78;42,45;3,24;39,06;
2026 03 12 13:05:00:277;0,3;13;2;13,11;0,78;42,45;3,24;23,44;
2026 03 12 13:05:00:279;0,3;13;2;13,11;0,78;42,45;3,24;23,44;
2026 03 12 13:05:00:281;0,3;13;2;13,11;0,78;42,45;3,24;50,78;
2026 03 12 13:05:00:283;0,3;13;2;13,11;0,78;42,45;3,24;50,78;
2026 03 12 13:05:00:285;0,3;13;2;13,11;0,78;42,45;3,24;50,78;
2026 03 12 13:05:00:287;0,3;13;2;13,11;0,78;42,45;3,24;50,78;
2026 03 12 13:05:00:289;0,3;13;2;13,11;0,78;42,45;3,24;62,5;
2026 03 12 13:05:00:291;0,3;13;2;13,11;0,78;42,45;3,24;66,41;
2026 03 12 13:05:00:293;0,3;13;2;13,11;0,78;42,45;3,24;54,69;
2026 03 12 13:05:00:295;0,3;13;2;13,11;0,78;42,45;3,24;39,06;
2026 03 12 13:05:00:297;0,3;13;2;13,11;0,78;42,45;3,24;23,44;
2026 03 12 13:05:00:299;0,3;13;2;13,11;0,78;42,45;3,24;15,63;
2026 03 12 13:05:00:301;0,3;13;2;13,11;0,78;42,45;3,24;50,78;
2026 03 12 13:05:00:303;0,3;13;2;13,11;0,78;42,45;3,24;50,78;
2026 03 12 13:05:00:305;0,3;13;2;13,11;0,78;42,45;3,24;46,88;
2026 03 12 13:05:00:307;0,3;13;2;13,11;0,78;42,45;3,24;50,78;
2026 03 12 13:05:00:309;0,3;13;2;13,11;0,78;42,45;3,24;62,5;
2026 03 12 13:05:00:311;0,3;13;2;13,11;0,78;42,45;3,24;70,31;
2026 03 12 13:05:00:313;0,3;13;2;13,11;0,78;42,45;3,24;58,59;
2026 03 12 13:05:00:315;0,3;13;2;13,11;0,78;42,45;3,24;42,97;
2026 03 12 13:05:00:317;0,3;13;2;13,11;0,78;42,45;3,24;27,34;
2026 03 12 13:05:00:319;0,3;13;2;13,11;0,78;42,45;3,24;23,44;
2026 03 12 13:05:00:321;0,3;13;2;13,11;0,78;42,45;3,24;50,78;
2026 03 12 13:05:00:323;0,3;13;2;13,11;0,78;42,45;3,24;50,78;
2026 03 12 13:05:00:325;0,3;13;2;13,11;0,78;42,45;3,24;50,78;
2026 03 12 13:05:00:327;0,3;13;2;13,11;0,78;42,45;3,24;50,78;
2026 03 12 13:05:00:329;0,3;13;2;13,11;0,78;42,45;3,24;66,41;
2026 03 12 13:05:00:331;0,3;13;2;13,11;0,78;42,45;3,24;70,31;
2026 03 12 13:05:00:333;0,3;13;2;13,11;0,78;42,45;3,24;58,59;
2026 03 12 13:05:00:335;0,3;13;2;13,11;0,78;42,45;3,24;39,06;
2026 03 12 13:05:00:337;0,3;13;2;13,11;0,78;42,45;3,24;27,34;
2026 03 12 13:05:00:339;0,3;13;2;13,11;0,78;42,45;3,24;19,53;
2026 03 12 13:05:00:341;0,3;13;2;13,11;0,78;42,45;3,24;50,78;
2026 03 12 13:05:00:343;0,3;13;2;13,11;0,78;42,45;3,24;50,78;
2026 03 12 13:05:00:345;0,3;13;2;13,11;0,78;42,45;3,24;46,88;
2026 03 12 13:05:00:347;0,3;13;2;13,11;0,78;42,45;3,24;50,78;
2026 03 12 13:05:00:349;0,3;13;2;13,11;0,78;42,45;3,24;66,41;
2026 03 12 13:05:00:351;0,3;13;2;13,11;0,78;42,45;3,24;70,31;
2026 03 12 13:05:00:353;0,3;13;2;13,11;0,78;42,45;3,24;58,59;
2026 03 12 13:05:00:355;0,3;13;2;13,11;0,78;42,45;3,24;39,06;
2026 03 12 13:05:00:357;0,3;13;2;13,11;0,78;42,45;3,24;23,44;
2026 03 12 13:05:00:359;0,3;13;2;13,11;0,78;42,45;3,24;23,44;
2026 03 12 13:05:00:361;0,3;13;2;13,11;0,78;42,45;3,24;50,78;
2026 03 12 13:05:00:363;0,3;13;2;13,11;0,78;42,45;3,24;50,78;
2026 03 12 13:05:00:365;0,3;13;2;13,11;0,78;42,45;3,24;50,78;
2026 03 12 13:05:00:367;0,3;13;2;13,11;0,78;42,45;3,24;54,69;
2026 03 12 13:05:00:369;0,3;13;2;13,11;0,78;42,45;3,24;66,41;
2026 03 12 13:05:00:371;0,3;13;2;13,11;0,78;42,45;3,24;70,31;
2026 03 12 13:05:00:373;0,3;13;2;13,11;0,78;42,45;3,24;58,59;
2026 03 12 13:05:00:375;0,3;13;2;13,11;0,78;42,45;3,24;39,06;
2026 03 12 13:05:00:377;0,3;13;2;13,11;0,78;42,45;3,24;23,44;
2026 03 12 13:05:00:379;0,3;13;2;13,11;0,78;42,45;3,24;19,53;
2026 03 12 13:05:00:381;0,3;13;2;13,11;0,78;42,45;3,24;46,88;
2026 03 12 13:05:00:383;0,3;13;2;13,11;0,78;42,45;3,24;50,78;
2026 03 12 13:05:00:385;0,3;13;2;13,11;0,78;42,45;3,24;50,78;
2026 03 12 13:05:00:387;0,3;13;2;13,11;0,78;42,45;3,24;50,78;
2026 03 12 13:05:00:389;0,3;13;2;13,11;0,78;42,45;3,24;62,5;
2026 03 12 13:05:00:391;0,3;13;2;13,11;0,78;42,45;3,24;70,31;
2026 03 12 13:05:00:393;0,3;13;2;13,11;0,78;42,45;3,24;58,59;
2026 03 12 13:05:00:395;0,3;13;2;13,11;0,78;42,45;3,24;39,06;
2026 03 12 13:05:00:397;0,3;13;2;13,11;0,78;42,45;3,24;23,44;
2026 03 12 13:05:00:399;0,3;13;2;13,11;0,78;42,45;3,24;23,44;
2026 03 12 13:05:00:401;0,3;13;2;13,11;0,78;42,45;3,24;46,88;
2026 03 12 13:05:00:403;0,3;13;2;13,11;0,78;42,45;3,24;50,78;
2026 03 12 13:05:00:405;0,3;13;2;13,11;0,78;42,45;3,24;46,88;
2026 03 12 13:05:00:407;0,3;13;2;13,11;0,78;42,45;3,24;50,78;
2026 03 12 13:05:00:409;0,3;13;2;13,11;0,78;42,45;3,24;66,41;
2026 03 12 13:05:00:411;0,3;13;2;13,15;0,77;44,37;3,37;66,41;
2026 03 12 13:05:00:413;0,3;13;2;13,15;0,77;44,37;3,37;58,59;
2026 03 12 13:05:00:415;0,3;13;2;13,15;0,77;44,37;3,37;39,06;
2026 03 12 13:05:00:417;0,3;13;2;13,15;0,77;44,37;3,37;23,44;
2026 03 12 13:05:00:419;0,3;13;2;13,15;0,77;44,37;3,37;23,44;
2026 03 12 13:05:00:421;0,3;13;2;13,15;0,77;44,37;3,37;46,88;
2026 03 12 13:05:00:423;0,3;13;2;13,15;0,77;44,37;3,37;50,78;
2026 03 12 13:05:00:425;0,3;13;2;13,15;0,77;44,37;3,37;46,88;
2026 03 12 13:05:00:427;0,3;13;2;13,15;0,77;44,37;3,37;50,78;
2026 03 12 13:05:00:429;0,3;13;2;13,15;0,77;44,37;3,37;62,5;
2026 03 12 13:05:00:431;0,3;13;2;13,15;0,77;44,37;3,37;66,41;
2026 03 12 13:05:00:433;0,3;13;2;13,15;0,77;44,37;3,37;58,59;
2026 03 12 13:05:00:435;0,3;13;2;13,15;0,77;44,37;3,37;39,06;
2026 03 12 13:05:00:437;0,3;13;2;13,15;0,77;44,37;3,37;23,44;
2026 03 12 13:05:00:439;0,3;13;2;13,15;0,77;44,37;3,37;23,44;
2026 03 12 13:05:00:441;0,3;13;2;13,15;0,77;44,37;3,37;50,78;
2026 03 12 13:05:00:443;0,3;13;2;13,15;0,77;44,37;3,37;50,78;
2026 03 12 13:05:00:445;0,3;13;2;13,15;0,77;44,37;3,37;50,78;
2026 03 12 13:05:00:447;0,3;13;2;13,15;0,77;44,37;3,37;50,78;
2026 03 12 13:05:00:449;0,3;13;2;13,15;0,77;44,37;3,37;66,41;
2026 03 12 13:05:00:451;0,3;13;2;13,15;0,77;44,37;3,37;66,41;
2026 03 12 13:05:00:453;0,3;13;2;13,15;0,77;44,37;3,37;58,59;
2026 03 12 13:05:00:455;0,3;13;2;13,15;0,77;44,37;3,37;39,06;
2026 03 12 13:05:00:457;0,3;13;2;13,15;0,77;44,37;3,37;23,44;
2026 03 12 13:05:00:459;0,3;13;2;13,15;0,77;44,37;3,37;19,53;
2026 03 12 13:05:00:461;0,3;13;2;13,15;0,77;44,37;3,37;46,88;
2026 03 12 13:05:00:463;0,3;13;2;13,15;0,77;44,37;3,37;50,78;
2026 03 12 13:05:00:465;0,3;13;2;13,15;0,77;44,37;3,37;46,88;
2026 03 12 13:05:00:467;0,3;13;2;13,15;0,77;44,37;3,37;50,78;
2026 03 12 13:05:00:469;0,3;13;2;13,15;0,77;44,37;3,37;62,5;
2026 03 12 13:05:00:471;0,3;13;2;13,15;0,77;44,37;3,37;66,41;
2026 03 12 13:05:00:473;0,3;13;2;13,15;0,77;44,37;3,37;54,69;
2026 03 12 13:05:00:475;0,3;13;2;13,15;0,77;44,37;3,37;39,06;
2026 03 12 13:05:00:477;0,3;13;2;13,15;0,77;44,37;3,37;23,44;
2026 03 12 13:05:00:479;0,3;13;2;13,15;0,77;44,37;3,37;23,44;
2026 03 12 13:05:00:481;0,3;13;2;13,15;0,77;44,37;3,37;46,88;
2026 03 12 13:05:00:483;0,3;13;2;13,15;0,77;44,37;3,37;50,78;
2026 03 12 13:05:00:485;0,3;13;2;13,15;0,77;44,37;3,37;46,88;
2026 03 12 13:05:00:487;0,3;13;2;13,15;0,77;44,37;3,37;50,78;
2026 03 12 13:05:00:489;0,3;13;2;13,15;0,77;44,37;3,37;66,41;
2026 03 12 13:05:00:491;0,3;13;2;13,15;0,77;44,37;3,37;66,41;
2026 03 12 13:05:00:493;0,3;13;2;13,15;0,77;44,37;3,37;54,69;
2026 03 12 13:05:00:495;0,3;13;2;13,15;0,77;44,37;3,37;35,16;
2026 03 12 13:05:00:497;0,3;13;2;13,15;0,77;44,37;3,37;23,44;
2026 03 12 13:05:00:499;0,3;13;2;13,15;0,77;44,37;3,37;23,44;
2026 03 12 13:05:00:501;0,3;13;2;13,15;0,77;44,37;3,37;46,88;
2026 03 12 13:05:00:503;0,3;13;2;13,15;0,77;44,37;3,37;46,88;
2026 03 12 13:05:00:505;0,3;13;2;13,15;0,77;44,37;3,37;46,88;
2026 03 12 13:05:00:507;0,3;13;2;13,15;0,77;44,37;3,37;50,78;
2026 03 12 13:05:00:509;0,3;13;2;13,15;0,77;44,37;3,37;62,5;
2026 03 12 13:05:00:511;0,3;13;2;13,15;0,77;44,37;3,37;66,41;
2026 03 12 13:05:00:513;0,3;13;2;13,15;0,77;44,37;3,37;54,69;
2026 03 12 13:05:00:515;0,3;13;2;13,15;0,77;44,37;3,37;39,06;
2026 03 12 13:05:00:517;0,3;13;2;13,15;0,77;44,37;3,37;23,44;
2026 03 12 13:05:00:519;0,3;13;2;13,15;0,77;44,37;3,37;23,44;
2026 03 12 13:05:00:521;0,3;13;2;13,15;0,77;44,37;3,37;46,88;
2026 03 12 13:05:00:523;0,3;13;2;13,15;0,77;44,37;3,37;46,88;
2026 03 12 13:05:00:525;0,3;13;2;13,15;0,77;44,37;3,37;46,88;
2026 03 12 13:05:00:527;0,3;13;2;13,15;0,77;44,37;3,37;50,78;
2026 03 12 13:05:00:529;0,3;13;2;13,15;0,77;44,37;3,37;62,5;
2026 03 12 13:05:00:531;0,3;13;2;13,15;0,77;44,37;3,37;66,41;
2026 03 12 13:05:00:533;0,3;13;2;13,15;0,77;44,37;3,37;58,59;
2026 03 12 13:05:00:535;0,3;13;2;13,15;0,77;44,37;3,37;35,16;
2026 03 12 13:05:00:537;0,3;13;2;13,15;0,77;44,37;3,37;19,53;
2026 03 12 13:05:00:539;0,3;13;2;13,15;0,77;44,37;3,37;23,44;
2026 03 12 13:05:00:541;0,3;13;2;13,15;0,77;44,37;3,37;46,88;
2026 03 12 13:05:00:543;0,3;13;2;13,15;0,77;44,37;3,37;46,88;
2026 03 12 13:05:00:545;0,3;13;2;13,15;0,77;44,37;3,37;46,88;
2026 03 12 13:05:00:547;0,3;13;2;13,15;0,77;44,37;3,37;50,78;
2026 03 12 13:05:00:549;0,3;13;2;13,15;0,77;44,37;3,37;62,5;
2026 03 12 13:05:00:551;0,3;13;2;13,15;0,77;44,37;3,37;66,41;
2026 03 12 13:05:00:553;0,3;13;2;13,15;0,77;44,37;3,37;54,69;
2026 03 12 13:05:00:555;0,3;13;2;13,15;0,77;44,37;3,37;35,16;
2026 03 12 13:05:00:557;0,3;13;2;13,15;0,77;44,37;3,37;19,53;
2026 03 12 13:05:00:559;0,3;13;2;13,15;0,77;44,37;3,37;19,53;
2026 03 12 13:05:00:561;0,3;13;2;13,15;0,77;44,37;3,37;46,88;
2026 03 12 13:05:00:563;0,3;13;2;13,15;0,77;44,37;3,37;46,88;
2026 03 12 13:05:00:565;0,3;13;2;13,15;0,77;44,37;3,37;46,88;
2026 03 12 13:05:00:567;0,3;13;2;13,15;0,77;44,37;3,37;50,78;
2026 03 12 13:05:00:569;0,3;13;2;13,15;0,77;44,37;3,37;62,5;
2026 03 12 13:05:00:571;0,3;13;2;13,15;0,77;44,37;3,37;58,59;
2026 03 12 13:05:00:573;0,3;13;2;13,15;0,77;44,37;3,37;50,78;
2026 03 12 13:05:00:575;0,3;13;2;13,15;0,77;44,37;3,37;31,25;
2026 03 12 13:05:00:577;0,3;13;2;13,15;0,77;44,37;3,37;19,53;
2026 03 12 13:05:00:579;0,3;13;2;13,15;0,77;44,37;3,37;19,53;
2026 03 12 13:05:00:581;0,3;13;2;13,15;0,77;44,37;3,37;46,88;
2026 03 12 13:05:00:583;0,3;13;2;13,15;0,77;44,37;3,37;46,88;
2026 03 12 13:05:00:585;0,3;13;2;13,15;0,77;44,37;3,37;46,88;
2026 03 12 13:05:00:587;0,3;13;2;13,15;0,77;44,37;3,37;50,78;
2026 03 12 13:05:00:589;0,3;13;2;13,15;0,77;44,37;3,37;62,5;
2026 03 12 13:05:00:591;0,3;13;2;13,15;0,77;44,37;3,37;62,5;
2026 03 12 13:05:00:593;0,3;13;2;13,15;0,77;44,37;3,37;54,69;
2026 03 12 13:05:00:595;0,3;13;2;13,15;0,77;44,37;3,37;35,16;
2026 03 12 13:05:00:597;0,3;13;2;13,15;0,77;44,37;3,37;19,53;
2026 03 12 13:05:00:599;0,3;13;2;13,15;0,77;44,37;3,37;19,53;
2026 03 12 13:05:00:601;0,3;13;2;13,15;0,77;44,37;3,37;46,88;
2026 03 12 13:05:00:603;0,3;13;2;13,15;0,77;44,37;3,37;46,88;
2026 03 12 13:05:00:605;0,3;13;2;13,15;0,77;44,37;3,37;46,88;
2026 03 12 13:05:00:607;0,3;13;2;13,15;0,77;44,37;3,37;50,78;
2026 03 12 13:05:00:609;0,3;13;2;13,15;0,77;44,37;3,37;62,5;
2026 03 12 13:05:00:611;0,3;13;2;13,15;0,77;44,37;3,37;62,5;
2026 03 12 13:05:00:613;0,3;13;2;13,15;0,77;44,37;3,37;54,69;
2026 03 12 13:05:00:615;0,3;13;2;13,15;0,77;44,37;3,37;39,06;
2026 03 12 13:05:00:617;0,3;13;2;13,15;0,77;44,37;3,37;19,53;
2026 03 12 13:05:00:619;0,3;13;2;13,15;0,77;44,37;3,37;23,44;
2026 03 12 13:05:00:621;0,3;13;2;13,15;0,77;44,37;3,37;46,88;
2026 03 12 13:05:00:623;0,3;13;2;13,15;0,77;44,37;3,37;46,88;
2026 03 12 13:05:00:625;0,3;13;2;13,15;0,77;44,37;3,37;46,88;
2026 03 12 13:05:00:627;0,3;13;2;13,15;0,77;44,37;3,37;46,88;
2026 03 12 13:05:00:629;0,3;13;2;13,15;0,77;44,37;3,37;62,5;
2026 03 12 13:05:00:631;0,3;13;2;13,15;0,77;44,37;3,37;62,5;
2026 03 12 13:05:00:633;0,3;13;2;13,15;0,77;44,37;3,37;54,69;
2026 03 12 13:05:00:635;0,3;13;2;13,15;0,77;44,37;3,37;39,06;
2026 03 12 13:05:00:637;0,3;13;2;13,15;0,77;44,37;3,37;23,44;
2026 03 12 13:05:00:639;0,3;13;2;13,15;0,77;44,37;3,37;19,53;
2026 03 12 13:05:00:641;0,3;13;2;13,15;0,77;44,37;3,37;46,88;
2026 03 12 13:05:00:643;0,3;13;2;13,15;0,77;44,37;3,37;46,88;
2026 03 12 13:05:00:645;0,3;13;2;13,15;0,77;44,37;3,37;46,88;
2026 03 12 13:05:00:647;0,3;13;2;13,15;0,77;44,37;3,37;50,78;
2026 03 12 13:05:00:649;0,3;13;2;13,15;0,77;44,37;3,37;62,5;
2026 03 12 13:05:00:651;0,3;13;2;13,15;0,77;44,37;3,37;66,41;
2026 03 12 13:05:00:653;0,3;13;2;13,15;0,77;44,37;3,37;58,59;
2026 03 12 13:05:00:655;0,3;13;2;13,15;0,77;44,37;3,37;35,16;
2026 03 12 13:05:00:657;0,3;13;2;13,15;0,77;44,37;3,37;23,44;
2026 03 12 13:05:00:659;0,3;13;2;13,15;0,77;44,37;3,37;19,53;
2026 03 12 13:05:00:661;0,3;13;2;13,15;0,77;44,37;3,37;46,88;
2026 03 12 13:05:00:663;0,3;13;2;13,15;0,77;44,37;3,37;46,88;
2026 03 12 13:05:00:665;0,3;13;2;13,15;0,77;44,37;3,37;46,88;
2026 03 12 13:05:00:667;0,3;13;2;13,15;0,77;44,37;3,37;50,78;
2026 03 12 13:05:00:669;0,3;13;2;13,15;0,77;44,37;3,37;62,5;
2026 03 12 13:05:00:671;0,3;13;2;13,15;0,77;44,37;3,37;66,41;
2026 03 12 13:05:00:673;0,3;13;2;13,15;0,77;44,37;3,37;54,69;
2026 03 12 13:05:00:675;0,3;13;2;13,15;0,77;44,37;3,37;35,16;
2026 03 12 13:05:00:677;0,3;13;2;13,15;0,77;44,37;3,37;23,44;
2026 03 12 13:05:00:679;0,3;13;2;13,15;0,77;44,37;3,37;19,53;
2026 03 12 13:05:00:681;0,3;13;2;13,15;0,77;44,37;3,37;46,88;
2026 03 12 13:05:00:683;0,3;13;2;13,15;0,77;44,37;3,37;46,88;
2026 03 12 13:05:00:685;0,3;13;2;13,15;0,77;44,37;3,37;46,88;
2026 03 12 13:05:00:687;0,3;13;2;13,15;0,77;44,37;3,37;50,78;
2026 03 12 13:05:00:689;0,3;13;2;13,15;0,77;44,37;3,37;62,5;
2026 03 12 13:05:00:691;0,3;13;2;13,15;0,77;44,37;3,37;62,5;
2026 03 12 13:05:00:693;0,3;13;2;13,15;0,77;44,37;3,37;54,69;
2026 03 12 13:05:00:695;0,3;13;2;13,15;0,77;44,37;3,37;35,16;
2026 03 12 13:05:00:697;0,3;13;2;13,15;0,77;44,37;3,37;19,53;
2026 03 12 13:05:00:699;0,3;13;2;13,15;0,77;44,37;3,37;19,53;
2026 03 12 13:05:00:701;0,3;13;2;13,15;0,77;44,37;3,37;46,88;
2026 03 12 13:05:00:703;0,3;13;2;13,15;0,77;44,37;3,37;46,88;
2026 03 12 13:05:00:705;0,3;13;2;13,15;0,77;44,37;3,37;46,88;
2026 03 12 13:05:00:707;0,3;13;2;13,15;0,77;44,37;3,37;50,78;
2026 03 12 13:05:00:709;0,3;13;2;13,15;0,77;44,37;3,37;62,5;
2026 03 12 13:05:00:711;0,3;13;2;13,21;0,8;46,14;3,49;66,41;
2026 03 12 13:05:00:713;0,3;13;2;13,21;0,8;46,14;3,49;54,69;
2026 03 12 13:05:00:715;0,3;13;2;13,21;0,8;46,14;3,49;35,16;
2026 03 12 13:05:00:717;0,3;13;2;13,21;0,8;46,14;3,49;19,53;
2026 03 12 13:05:00:719;0,3;13;2;13,21;0,8;46,14;3,49;19,53;
2026 03 12 13:05:00:721;0,3;13;2;13,21;0,8;46,14;3,49;46,88;
2026 03 12 13:05:00:723;0,3;13;2;13,21;0,8;46,14;3,49;46,88;
2026 03 12 13:05:00:725;0,3;13;2;13,21;0,8;46,14;3,49;46,88;
2026 03 12 13:05:00:727;0,3;13;2;13,21;0,8;46,14;3,49;46,88;
2026 03 12 13:05:00:729;0,3;13;2;13,21;0,8;46,14;3,49;62,5;
2026 03 12 13:05:00:731;0,3;13;2;13,21;0,8;46,14;3,49;62,5;
2026 03 12 13:05:00:733;0,3;13;2;13,21;0,8;46,14;3,49;54,69;
2026 03 12 13:05:00:735;0,3;13;2;13,21;0,8;46,14;3,49;39,06;
2026 03 12 13:05:00:737;0,3;13;2;13,21;0,8;46,14;3,49;19,53;
2026 03 12 13:05:00:739;0,3;13;2;13,21;0,8;46,14;3,49;19,53;
2026 03 12 13:05:00:741;0,3;13;2;13,21;0,8;46,14;3,49;46,88;
2026 03 12 13:05:00:743;0,3;13;2;13,21;0,8;46,14;3,49;46,88;
2026 03 12 13:05:00:745;0,3;13;2;13,21;0,8;46,14;3,49;46,88;
2026 03 12 13:05:00:747;0,3;13;2;13,21;0,8;46,14;3,49;50,78;
2026 03 12 13:05:00:749;0,3;13;2;13,21;0,8;46,14;3,49;62,5;
2026 03 12 13:05:00:751;0,3;13;2;13,21;0,8;46,14;3,49;62,5;
2026 03 12 13:05:00:753;0,3;13;2;13,21;0,8;46,14;3,49;54,69;
2026 03 12 13:05:00:755;0,3;13;2;13,21;0,8;46,14;3,49;39,06;
2026 03 12 13:05:00:757;0,3;13;2;13,21;0,8;46,14;3,49;19,53;
2026 03 12 13:05:00:759;0,3;13;2;13,21;0,8;46,14;3,49;19,53;
2026 03 12 13:05:00:761;0,3;13;2;13,21;0,8;46,14;3,49;42,97;
2026 03 12 13:05:00:763;0,3;13;2;13,21;0,8;46,14;3,49;46,88;
2026 03 12 13:05:00:765;0,3;13;2;13,21;0,8;46,14;3,49;46,88;
2026 03 12 13:05:00:767;0,3;13;2;13,21;0,8;46,14;3,49;46,88;
2026 03 12 13:05:00:769;0,3;13;2;13,21;0,8;46,14;3,49;62,5;
2026 03 12 13:05:00:771;0,3;13;2;13,21;0,8;46,14;3,49;62,5;
2026 03 12 13:05:00:773;0,3;13;2;13,21;0,8;46,14;3,49;54,69;
2026 03 12 13:05:00:775;0,3;13;2;13,21;0,8;46,14;3,49;35,16;
2026 03 12 13:05:00:777;0,3;13;2;13,21;0,8;46,14;3,49;19,53;
2026 03 12 13:05:00:779;0,3;13;2;13,21;0,8;46,14;3,49;19,53;
2026 03 12 13:05:00:781;0,3;13;2;13,21;0,8;46,14;3,49;42,97;
2026 03 12 13:05:00:783;0,3;13;2;13,21;0,8;46,14;3,49;46,88;
2026 03 12 13:05:00:785;0,3;13;2;13,21;0,8;46,14;3,49;46,88;
2026 03 12 13:05:00:787;0,3;13;2;13,21;0,8;46,14;3,49;46,88;
2026 03 12 13:05:00:789;0,3;13;2;13,21;0,8;46,14;3,49;62,5;
2026 03 12 13:05:00:791;0,3;13;2;13,21;0,8;46,14;3,49;62,5;
2026 03 12 13:05:00:793;0,3;13;2;13,21;0,8;46,14;3,49;54,69;
2026 03 12 13:05:00:795;0,3;13;2;13,21;0,8;46,14;3,49;35,16;
2026 03 12 13:05:00:797;0,3;13;2;13,21;0,8;46,14;3,49;19,53;
2026 03 12 13:05:00:799;0,3;13;2;13,21;0,8;46,14;3,49;19,53;
2026 03 12 13:05:00:801;0,3;13;2;13,21;0,8;46,14;3,49;42,97;
2026 03 12 13:05:00:803;0,3;13;2;13,21;0,8;46,14;3,49;46,88;
2026 03 12 13:05:00:805;0,3;13;2;13,21;0,8;46,14;3,49;42,97;
2026 03 12 13:05:00:807;0,3;13;2;13,21;0,8;46,14;3,49;46,88;
2026 03 12 13:05:00:809;0,3;13;2;13,21;0,8;46,14;3,49;62,5;
2026 03 12 13:05:00:811;0,3;13;2;13,21;0,8;46,14;3,49;62,5;
2026 03 12 13:05:00:813;0,3;13;2;13,21;0,8;46,14;3,49;50,78;
2026 03 12 13:05:00:815;0,3;13;2;13,21;0,8;46,14;3,49;31,25;
2026 03 12 13:05:00:817;0,3;13;2;13,21;0,8;46,14;3,49;19,53;
2026 03 12 13:05:00:819;0,3;13;2;13,21;0,8;46,14;3,49;19,53;
2026 03 12 13:05:00:821;0,3;13;2;13,21;0,8;46,14;3,49;46,88;
2026 03 12 13:05:00:823;0,3;13;2;13,21;0,8;46,14;3,49;46,88;
2026 03 12 13:05:00:825;0,3;13;2;13,21;0,8;46,14;3,49;42,97;
2026 03 12 13:05:00:827;0,3;13;2;13,21;0,8;46,14;3,49;46,88;
2026 03 12 13:05:00:829;0,3;13;2;13,21;0,8;46,14;3,49;62,5;
2026 03 12 13:05:00:831;0,3;13;2;13,21;0,8;46,14;3,49;62,5;
2026 03 12 13:05:00:833;0,3;13;2;13,21;0,8;46,14;3,49;50,78;
2026 03 12 13:05:00:835;0,3;13;2;13,21;0,8;46,14;3,49;31,25;
2026 03 12 13:05:00:837;0,3;13;2;13,21;0,8;46,14;3,49;19,53;
2026 03 12 13:05:00:839;0,3;13;2;13,21;0,8;46,14;3,49;11,72;
2026 03 12 13:05:00:841;0,3;13;2;13,21;0,8;46,14;3,49;42,97;
2026 03 12 13:05:00:843;0,3;13;2;13,21;0,8;46,14;3,49;46,88;
2026 03 12 13:05:00:845;0,3;13;2;13,21;0,8;46,14;3,49;42,97;
2026 03 12 13:05:00:847;0,3;13;2;13,21;0,8;46,14;3,49;46,88;
2026 03 12 13:05:00:849;0,3;13;2;13,21;0,8;46,14;3,49;58,59;
2026 03 12 13:05:00:851;0,3;13;2;13,21;0,8;46,14;3,49;62,5;
2026 03 12 13:05:00:853;0,3;13;2;13,21;0,8;46,14;3,49;50,78;
2026 03 12 13:05:00:855;0,3;13;2;13,21;0,8;46,14;3,49;31,25;
2026 03 12 13:05:00:857;0,3;13;2;13,21;0,8;46,14;3,49;19,53;
2026 03 12 13:05:00:859;0,3;13;2;13,21;0,8;46,14;3,49;19,53;
2026 03 12 13:05:00:861;0,3;13;2;13,21;0,8;46,14;3,49;42,97;
2026 03 12 13:05:00:863;0,3;13;2;13,21;0,8;46,14;3,49;46,88;
2026 03 12 13:05:00:865;0,3;13;2;13,21;0,8;46,14;3,49;42,97;
2026 03 12 13:05:00:867;0,3;13;2;13,21;0,8;46,14;3,49;46,88;
2026 03 12 13:05:00:869;0,3;13;2;13,21;0,8;46,14;3,49;62,5;
2026 03 12 13:05:00:871;0,3;13;2;13,21;0,8;46,14;3,49;58,59;
2026 03 12 13:05:00:873;0,3;13;2;13,21;0,8;46,14;3,49;50,78;
2026 03 12 13:05:00:875;0,3;13;2;13,21;0,8;46,14;3,49;31,25;
2026 03 12 13:05:00:877;0,3;13;2;13,21;0,8;46,14;3,49;15,63;
2026 03 12 13:05:00:879;0,3;13;2;13,21;0,8;46,14;3,49;11,72;
2026 03 12 13:05:00:881;0,3;13;2;13,21;0,8;46,14;3,49;42,97;
2026 03 12 13:05:00:883;0,3;13;2;13,21;0,8;46,14;3,49;42,97;
2026 03 12 13:05:00:885;0,3;13;2;13,21;0,8;46,14;3,49;42,97;
2026 03 12 13:05:00:887;0,3;13;2;13,21;0,8;46,14;3,49;46,88;
2026 03 12 13:05:00:889;0,3;13;2;13,21;0,8;46,14;3,49;62,5;
2026 03 12 13:05:00:891;0,3;13;2;13,21;0,8;46,14;3,49;54,69;
2026 03 12 13:05:00:893;0,3;13;2;13,21;0,8;46,14;3,49;46,88;
2026 03 12 13:05:00:895;0,3;13;2;13,21;0,8;46,14;3,49;31,25;
2026 03 12 13:05:00:897;0,3;13;2;13,21;0,8;46,14;3,49;19,53;
2026 03 12 13:05:00:899;0,3;13;2;13,21;0,8;46,14;3,49;15,63;
2026 03 12 13:05:00:901;0,3;13;2;13,21;0,8;46,14;3,49;42,97;
2026 03 12 13:05:00:903;0,3;13;2;13,21;0,8;46,14;3,49;46,88;
2026 03 12 13:05:00:905;0,3;13;2;13,21;0,8;46,14;3,49;42,97;
2026 03 12 13:05:00:907;0,3;13;2;13,21;0,8;46,14;3,49;46,88;
2026 03 12 13:05:00:909;0,3;13;2;13,21;0,8;46,14;3,49;62,5;
2026 03 12 13:05:00:911;0,3;13;2;13,21;0,8;46,14;3,49;58,59;
2026 03 12 13:05:00:913;0,3;13;2;13,21;0,8;46,14;3,49;46,88;
2026 03 12 13:05:00:915;0,3;13;2;13,21;0,8;46,14;3,49;31,25;
2026 03 12 13:05:00:917;0,3;13;2;13,21;0,8;46,14;3,49;15,63;
2026 03 12 13:05:00:919;0,3;13;2;13,21;0,8;46,14;3,49;19,53;
2026 03 12 13:05:00:921;0,3;13;2;13,21;0,8;46,14;3,49;42,97;
2026 03 12 13:05:00:923;0,3;13;2;13,21;0,8;46,14;3,49;42,97;
2026 03 12 13:05:00:925;0,3;13;2;13,21;0,8;46,14;3,49;42,97;
2026 03 12 13:05:00:927;0,3;13;2;13,21;0,8;46,14;3,49;46,88;
2026 03 12 13:05:00:929;0,3;13;2;13,21;0,8;46,14;3,49;58,59;
2026 03 12 13:05:00:931;0,3;13;2;13,21;0,8;46,14;3,49;58,59;
2026 03 12 13:05:00:933;0,3;13;2;13,21;0,8;46,14;3,49;50,78;
2026 03 12 13:05:00:935;0,3;13;2;13,21;0,8;46,14;3,49;35,16;
2026 03 12 13:05:00:937;0,3;13;2;13,21;0,8;46,14;3,49;15,63;
2026 03 12 13:05:00:939;0,3;13;2;13,21;0,8;46,14;3,49;19,53;
2026 03 12 13:05:00:941;0,3;13;2;13,21;0,8;46,14;3,49;42,97;
2026 03 12 13:05:00:943;0,3;13;2;13,21;0,8;46,14;3,49;42,97;
2026 03 12 13:05:00:945;0,3;13;2;13,21;0,8;46,14;3,49;42,97;
2026 03 12 13:05:00:947;0,3;13;2;13,21;0,8;46,14;3,49;42,97;
2026 03 12 13:05:00:949;0,3;13;2;13,21;0,8;46,14;3,49;58,59;
2026 03 12 13:05:00:951;0,3;13;2;13,21;0,8;46,14;3,49;62,5;
2026 03 12 13:05:00:953;0,3;13;2;13,21;0,8;46,14;3,49;54,69;
2026 03 12 13:05:00:955;0,3;13;2;13,21;0,8;46,14;3,49;35,16;
2026 03 12 13:05:00:957;0,3;13;2;13,21;0,8;46,14;3,49;19,53;
2026 03 12 13:05:00:959;0,3;13;2;13,21;0,8;46,14;3,49;15,63;
2026 03 12 13:05:00:961;0,3;13;2;13,21;0,8;46,14;3,49;42,97;
2026 03 12 13:05:00:963;0,3;13;2;13,21;0,8;46,14;3,49;42,97;
2026 03 12 13:05:00:965;0,3;13;2;13,21;0,8;46,14;3,49;42,97;
2026 03 12 13:05:00:967;0,3;13;2;13,21;0,8;46,14;3,49;46,88;
2026 03 12 13:05:00:969;0,3;13;2;13,21;0,8;46,14;3,49;62,5;
2026 03 12 13:05:00:971;0,3;13;2;13,21;0,8;46,14;3,49;62,5;
2026 03 12 13:05:00:973;0,3;13;2;13,21;0,8;46,14;3,49;54,69;
2026 03 12 13:05:00:975;0,3;13;2;13,21;0,8;46,14;3,49;31,25;
2026 03 12 13:05:00:977;0,3;13;2;13,21;0,8;46,14;3,49;19,53;
2026 03 12 13:05:00:979;0,3;13;2;13,21;0,8;46,14;3,49;15,63;
2026 03 12 13:05:00:981;0,3;13;2;13,21;0,8;46,14;3,49;42,97;
2026 03 12 13:05:00:983;0,3;13;2;13,21;0,8;46,14;3,49;46,88;
2026 03 12 13:05:00:985;0,3;13;2;13,21;0,8;46,14;3,49;42,97;
2026 03 12 13:05:00:987;0,3;13;2;13,21;0,8;46,14;3,49;46,88;
2026 03 12 13:05:00:989;0,3;13;2;13,21;0,8;46,14;3,49;62,5;
2026 03 12 13:05:00:991;0,3;13;2;13,21;0,8;46,14;3,49;66,41;
2026 03 12 13:05:00:993;0,3;13;2;13,21;0,8;46,14;3,49;54,69;
2026 03 12 13:05:00:995;0,3;13;2;13,21;0,8;46,14;3,49;35,16;
2026 03 12 13:05:00:997;0,3;13;2;13,21;0,8;46,14;3,49;19,53;
2026 03 12 13:05:00:999;0,3;13;2;13,21;0,8;46,14;3,49;19,53;
2026 03 12 13:05:01:001;0,3;13;2;13,21;0,8;46,14;3,49;42,97;
2026 03 12 13:05:01:003;0,3;13;2;13,21;0,8;46,14;3,49;42,97;
2026 03 12 13:05:01:005;0,3;13;2;13,21;0,8;46,14;3,49;42,97;
2026 03 12 13:05:01:007;0,3;13;2;13,21;0,8;46,14;3,49;46,88;
2026 03 12 13:05:01:009;0,3;13;2;13,21;0,8;46,14;3,49;62,5;
2026 03 12 13:05:01:011;0,3;13;2;13,21;0,8;46,14;3,49;62,5;
2026 03 12 13:05:01:013;0,3;13;2;13,18;0,78;46,92;3,56;50,78;
2026 03 12 13:05:01:015;0,3;13;2;13,18;0,78;46,92;3,56;31,25;
2026 03 12 13:05:01:017;0,3;13;2;13,18;0,78;46,92;3,56;15,63;
2026 03 12 13:05:01:019;0,3;13;2;13,18;0,78;46,92;3,56;15,63;
2026 03 12 13:05:01:021;0,3;13;2;13,18;0,78;46,92;3,56;42,97;
2026 03 12 13:05:01:023;0,3;13;2;13,18;0,78;46,92;3,56;46,88;
2026 03 12 13:05:01:025;0,3;13;2;13,18;0,78;46,92;3,56;42,97;
2026 03 12 13:05:01:027;0,3;13;2;13,18;0,78;46,92;3,56;46,88;
2026 03 12 13:05:01:029;0,3;13;2;13,18;0,78;46,92;3,56;62,5;
2026 03 12 13:05:01:031;0,3;13;2;13,18;0,78;46,92;3,56;62,5;
2026 03 12 13:05:01:033;0,3;13;2;13,18;0,78;46,92;3,56;50,78;
2026 03 12 13:05:01:035;0,3;13;2;13,18;0,78;46,92;3,56;31,25;
2026 03 12 13:05:01:037;0,3;13;2;13,18;0,78;46,92;3,56;19,53;
2026 03 12 13:05:01:039;0,3;13;2;13,18;0,78;46,92;3,56;15,63;
2026 03 12 13:05:01:041;0,3;13;2;13,18;0,78;46,92;3,56;42,97;
2026 03 12 13:05:01:043;0,3;13;2;13,18;0,78;46,92;3,56;42,97;
2026 03 12 13:05:01:045;0,3;13;2;13,18;0,78;46,92;3,56;42,97;
2026 03 12 13:05:01:047;0,3;13;2;13,18;0,78;46,92;3,56;46,88;
2026 03 12 13:05:01:049;0,3;13;2;13,18;0,78;46,92;3,56;62,5;
2026 03 12 13:05:01:051;0,3;13;2;13,18;0,78;46,92;3,56;58,59;
2026 03 12 13:05:01:053;0,3;13;2;13,18;0,78;46,92;3,56;50,78;
2026 03 12 13:05:01:055;0,3;13;2;13,18;0,78;46,92;3,56;35,16;
2026 03 12 13:05:01:057;0,3;13;2;13,18;0,78;46,92;3,56;15,63;
2026 03 12 13:05:01:059;0,3;13;2;13,18;0,78;46,92;3,56;19,53;
2026 03 12 13:05:01:061;0,3;13;2;13,18;0,78;46,92;3,56;42,97;
2026 03 12 13:05:01:063;0,3;13;2;13,18;0,78;46,92;3,56;42,97;
2026 03 12 13:05:01:065;0,3;13;2;13,18;0,78;46,92;3,56;42,97;
2026 03 12 13:05:01:067;0,3;13;2;13,18;0,78;46,92;3,56;46,88;
2026 03 12 13:05:01:069;0,3;13;2;13,18;0,78;46,92;3,56;58,59;
2026 03 12 13:05:01:071;0,3;13;2;13,18;0,78;46,92;3,56;58,59;
2026 03 12 13:05:01:073;0,3;13;2;13,18;0,78;46,92;3,56;50,78;
2026 03 12 13:05:01:075;0,3;13;2;13,18;0,78;46,92;3,56;35,16;
2026 03 12 13:05:01:077;0,3;13;2;13,18;0,78;46,92;3,56;15,63;
2026 03 12 13:05:01:079;0,3;13;2;13,18;0,78;46,92;3,56;15,63;
2026 03 12 13:05:01:081;0,3;13;2;13,18;0,78;46,92;3,56;42,97;
2026 03 12 13:05:01:083;0,3;13;2;13,18;0,78;46,92;3,56;42,97;
2026 03 12 13:05:01:085;0,3;13;2;13,18;0,78;46,92;3,56;42,97;
2026 03 12 13:05:01:087;0,3;13;2;13,18;0,78;46,92;3,56;46,88;
2026 03 12 13:05:01:089;0,3;13;2;13,18;0,78;46,92;3,56;58,59;
2026 03 12 13:05:01:091;0,3;13;2;13,18;0,78;46,92;3,56;62,5;
2026 03 12 13:05:01:093;0,3;13;2;13,18;0,78;46,92;3,56;50,78;
2026 03 12 13:05:01:095;0,3;13;2;13,18;0,78;46,92;3,56;35,16;
2026 03 12 13:05:01:097;0,3;13;2;13,18;0,78;46,92;3,56;15,63;
2026 03 12 13:05:01:099;0,3;13;2;13,18;0,78;46,92;3,56;15,63;
2026 03 12 13:05:01:101;0,3;13;2;13,18;0,78;46,92;3,56;42,97;
2026 03 12 13:05:01:103;0,3;13;2;13,18;0,78;46,92;3,56;42,97;
2026 03 12 13:05:01:105;0,3;13;2;13,18;0,78;46,92;3,56;39,06;
2026 03 12 13:05:01:107;0,3;13;2;13,18;0,78;46,92;3,56;46,88;
2026 03 12 13:05:01:109;0,3;13;2;13,18;0,78;46,92;3,56;62,5;
2026 03 12 13:05:01:111;0,3;13;2;13,18;0,78;46,92;3,56;62,5;
2026 03 12 13:05:01:113;0,3;13;2;13,18;0,78;46,92;3,56;50,78;
2026 03 12 13:05:01:115;0,3;13;2;13,18;0,78;46,92;3,56;27,34;
2026 03 12 13:05:01:117;0,3;13;2;13,18;0,78;46,92;3,56;15,63;
2026 03 12 13:05:01:119;0,3;13;2;13,18;0,78;46,92;3,56;15,63;
2026 03 12 13:05:01:121;0,3;13;2;13,18;0,78;46,92;3,56;42,97;
2026 03 12 13:05:01:123;0,3;13;2;13,18;0,78;46,92;3,56;42,97;
2026 03 12 13:05:01:125;0,3;13;2;13,18;0,78;46,92;3,56;39,06;
2026 03 12 13:05:01:127;0,3;13;2;13,18;0,78;46,92;3,56;42,97;
2026 03 12 13:05:01:129;0,3;13;2;13,18;0,78;46,92;3,56;62,5;
2026 03 12 13:05:01:131;0,3;13;2;13,18;0,78;46,92;3,56;58,59;
2026 03 12 13:05:01:133;0,3;13;2;13,18;0,78;46,92;3,56;46,88;
2026 03 12 13:05:01:135;0,3;13;2;13,18;0,78;46,92;3,56;27,34;
2026 03 12 13:05:01:137;0,3;13;2;13,18;0,78;46,92;3,56;15,63;
2026 03 12 13:05:01:139;0,3;13;2;13,18;0,78;46,92;3,56;15,63;
2026 03 12 13:05:01:141;0,3;13;2;13,18;0,78;46,92;3,56;42,97;
2026 03 12 13:05:01:143;0,3;13;2;13,18;0,78;46,92;3,56;42,97;
2026 03 12 13:05:01:145;0,3;13;2;13,18;0,78;46,92;3,56;42,97;
2026 03 12 13:05:01:147;0,3;13;2;13,18;0,78;46,92;3,56;42,97;
2026 03 12 13:05:01:149;0,3;13;2;13,18;0,78;46,92;3,56;58,59;
2026 03 12 13:05:01:151;0,3;13;2;13,18;0,78;46,92;3,56;58,59;
2026 03 12 13:05:01:153;0,3;13;2;13,18;0,78;46,92;3,56;50,78;
2026 03 12 13:05:01:155;0,3;13;2;13,18;0,78;46,92;3,56;27,34;
2026 03 12 13:05:01:157;0,3;13;2;13,18;0,78;46,92;3,56;15,63;
2026 03 12 13:05:01:159;0,3;13;2;13,18;0,78;46,92;3,56;15,63;
2026 03 12 13:05:01:161;0,3;13;2;13,18;0,78;46,92;3,56;42,97;
2026 03 12 13:05:01:163;0,3;13;2;13,18;0,78;46,92;3,56;42,97;
2026 03 12 13:05:01:165;0,3;13;2;13,18;0,78;46,92;3,56;39,06;
2026 03 12 13:05:01:167;0,3;13;2;13,18;0,78;46,92;3,56;42,97;
2026 03 12 13:05:01:169;0,3;13;2;13,18;0,78;46,92;3,56;58,59;
2026 03 12 13:05:01:171;0,3;13;2;13,18;0,78;46,92;3,56;58,59;
2026 03 12 13:05:01:173;0,3;13;2;13,18;0,78;46,92;3,56;50,78;
2026 03 12 13:05:01:175;0,3;13;2;13,18;0,78;46,92;3,56;27,34;
2026 03 12 13:05:01:177;0,3;13;2;13,18;0,78;46,92;3,56;11,72;
2026 03 12 13:05:01:179;0,3;13;2;13,18;0,78;46,92;3,56;15,63;
2026 03 12 13:05:01:181;0,3;13;2;13,18;0,78;46,92;3,56;39,06;
2026 03 12 13:05:01:183;0,3;13;2;13,18;0,78;46,92;3,56;42,97;
2026 03 12 13:05:01:185;0,3;13;2;13,18;0,78;46,92;3,56;39,06;
2026 03 12 13:05:01:187;0,3;13;2;13,18;0,78;46,92;3,56;42,97;
2026 03 12 13:05:01:189;0,3;13;2;13,18;0,78;46,92;3,56;58,59;
2026 03 12 13:05:01:191;0,3;13;2;13,18;0,78;46,92;3,56;58,59;
2026 03 12 13:05:01:193;0,3;13;2;13,18;0,78;46,92;3,56;46,88;
2026 03 12 13:05:01:195;0,3;13;2;13,18;0,78;46,92;3,56;27,34;
2026 03 12 13:05:01:197;0,3;13;2;13,18;0,78;46,92;3,56;15,63;
2026 03 12 13:05:01:199;0,3;13;2;13,18;0,78;46,92;3,56;15,63;
2026 03 12 13:05:01:201;0,3;13;2;13,18;0,78;46,92;3,56;42,97;
2026 03 12 13:05:01:203;0,3;13;2;13,18;0,78;46,92;3,56;42,97;
2026 03 12 13:05:01:205;0,3;13;2;13,18;0,78;46,92;3,56;39,06;
2026 03 12 13:05:01:207;0,3;13;2;13,18;0,78;46,92;3,56;42,97;
2026 03 12 13:05:01:209;0,3;13;2;13,18;0,78;46,92;3,56;58,59;
2026 03 12 13:05:01:211;0,3;13;2;13,18;0,78;46,92;3,56;54,69;
2026 03 12 13:05:01:213;0,3;13;2;13,18;0,78;46,92;3,56;46,88;
2026 03 12 13:05:01:215;0,3;13;2;13,18;0,78;46,92;3,56;23,44;
2026 03 12 13:05:01:217;0,3;13;2;13,18;0,78;46,92;3,56;15,63;
2026 03 12 13:05:01:219;0,3;13;2;13,18;0,78;46,92;3,56;11,72;
2026 03 12 13:05:01:221;0,3;13;2;13,18;0,78;46,92;3,56;39,06;
2026 03 12 13:05:01:223;0,3;13;2;13,18;0,78;46,92;3,56;42,97;
2026 03 12 13:05:01:225;0,3;13;2;13,18;0,78;46,92;3,56;39,06;
2026 03 12 13:05:01:227;0,3;13;2;13,18;0,78;46,92;3,56;46,88;
2026 03 12 13:05:01:229;0,3;13;2;13,18;0,78;46,92;3,56;62,5;
2026 03 12 13:05:01:231;0,3;13;2;13,18;0,78;46,92;3,56;54,69;
2026 03 12 13:05:01:233;0,3;13;2;13,18;0,78;46,92;3,56;42,97;
2026 03 12 13:05:01:235;0,3;13;2;13,18;0,78;46,92;3,56;23,44;
2026 03 12 13:05:01:237;0,3;13;2;13,18;0,78;46,92;3,56;15,63;
2026 03 12 13:05:01:239;0,3;13;2;13,18;0,78;46,92;3,56;11,72;
2026 03 12 13:05:01:241;0,3;13;2;13,18;0,78;46,92;3,56;39,06;
2026 03 12 13:05:01:243;0,3;13;2;13,18;0,78;46,92;3,56;42,97;
2026 03 12 13:05:01:245;0,3;13;2;13,18;0,78;46,92;3,56;42,97;
2026 03 12 13:05:01:247;0,3;13;2;13,18;0,78;46,92;3,56;42,97;
2026 03 12 13:05:01:249;0,3;13;2;13,18;0,78;46,92;3,56;58,59;
2026 03 12 13:05:01:251;0,3;13;2;13,18;0,78;46,92;3,56;58,59;
2026 03 12 13:05:01:253;0,3;13;2;13,18;0,78;46,92;3,56;50,78;
2026 03 12 13:05:01:255;0,3;13;2;13,18;0,78;46,92;3,56;31,25;
2026 03 12 13:05:01:257;0,3;13;2;13,18;0,78;46,92;3,56;15,63;
2026 03 12 13:05:01:259;0,3;13;2;13,18;0,78;46,92;3,56;15,63;
2026 03 12 13:05:01:261;0,3;13;2;13,18;0,78;46,92;3,56;42,97;
2026 03 12 13:05:01:263;0,3;13;2;13,18;0,78;46,92;3,56;39,06;
2026 03 12 13:05:01:265;0,3;13;2;13,18;0,78;46,92;3,56;42,97;
2026 03 12 13:05:01:267;0,3;13;2;13,18;0,78;46,92;3,56;42,97;
2026 03 12 13:05:01:269;0,3;13;2;13,18;0,78;46,92;3,56;58,59;
2026 03 12 13:05:01:271;0,3;13;2;13,18;0,78;46,92;3,56;58,59;
2026 03 12 13:05:01:273;0,3;13;2;13,18;0,78;46,92;3,56;50,78;
2026 03 12 13:05:01:275;0,3;13;2;13,18;0,78;46,92;3,56;31,25;
2026 03 12 13:05:01:277;0,3;13;2;13,18;0,78;46,92;3,56;15,63;
2026 03 12 13:05:01:279;0,3;13;2;13,18;0,78;46,92;3,56;11,72;
2026 03 12 13:05:01:281;0,3;13;2;13,18;0,78;46,92;3,56;39,06;
2026 03 12 13:05:01:283;0,3;13;2;13,18;0,78;46,92;3,56;42,97;
2026 03 12 13:05:01:285;0,3;13;2;13,18;0,78;46,92;3,56;42,97;
2026 03 12 13:05:01:287;0,3;13;2;13,18;0,78;46,92;3,56;42,97;
2026 03 12 13:05:01:289;0,3;13;2;13,18;0,78;46,92;3,56;62,5;
2026 03 12 13:05:01:291;0,3;13;2;13,18;0,78;46,92;3,56;62,5;
2026 03 12 13:05:01:293;0,3;13;2;13,18;0,78;46,92;3,56;50,78;
2026 03 12 13:05:01:295;0,3;13;2;13,18;0,78;46,92;3,56;31,25;
2026 03 12 13:05:01:297;0,3;13;2;13,18;0,78;46,92;3,56;15,63;
2026 03 12 13:05:01:299;0,3;13;2;13,18;0,78;46,92;3,56;11,72;
2026 03 12 13:05:01:301;0,3;13;2;13,18;0,78;46,92;3,56;39,06;
2026 03 12 13:05:01:303;0,3;13;2;13,18;0,78;46,92;3,56;42,97;
2026 03 12 13:05:01:305;0,3;13;2;13,18;0,78;46,92;3,56;39,06;
2026 03 12 13:05:01:307;0,3;13;2;13,18;0,78;46,92;3,56;42,97;
2026 03 12 13:05:01:309;0,3;13;2;13,18;0,78;46,92;3,56;62,5;
2026 03 12 13:05:01:311;0,3;13;2;13,18;0,78;46,92;3,56;62,5;
2026 03 12 13:05:01:313;0,3;13;2;13,2;0,8;45,38;3,44;50,78;
2026 03 12 13:05:01:315;0,3;13;2;13,2;0,8;45,38;3,44;27,34;
2026 03 12 13:05:01:317;0,3;13;2;13,2;0,8;45,38;3,44;15,63;
2026 03 12 13:05:01:319;0,3;13;2;13,2;0,8;45,38;3,44;11,72;
2026 03 12 13:05:01:321;0,3;13;2;13,2;0,8;45,38;3,44;39,06;
2026 03 12 13:05:01:323;0,3;13;2;13,2;0,8;45,38;3,44;42,97;
2026 03 12 13:05:01:325;0,3;13;2;13,2;0,8;45,38;3,44;42,97;
2026 03 12 13:05:01:327;0,3;13;2;13,2;0,8;45,38;3,44;42,97;
2026 03 12 13:05:01:329;0,3;13;2;13,2;0,8;45,38;3,44;58,59;
2026 03 12 13:05:01:331;0,3;13;2;13,2;0,8;45,38;3,44;58,59;
2026 03 12 13:05:01:333;0,3;13;2;13,2;0,8;45,38;3,44;50,78;
2026 03 12 13:05:01:335;0,3;13;2;13,2;0,8;45,38;3,44;27,34;
2026 03 12 13:05:01:337;0,3;13;2;13,2;0,8;45,38;3,44;15,63;
2026 03 12 13:05:01:339;0,3;13;2;13,2;0,8;45,38;3,44;11,72;
2026 03 12 13:05:01:341;0,3;13;2;13,2;0,8;45,38;3,44;39,06;
2026 03 12 13:05:01:343;0,3;13;2;13,2;0,8;45,38;3,44;42,97;
2026 03 12 13:05:01:345;0,3;13;2;13,2;0,8;45,38;3,44;39,06;
2026 03 12 13:05:01:347;0,3;13;2;13,2;0,8;45,38;3,44;42,97;
2026 03 12 13:05:01:349;0,3;13;2;13,2;0,8;45,38;3,44;58,59;
2026 03 12 13:05:01:351;0,3;13;2;13,2;0,8;45,38;3,44;58,59;
2026 03 12 13:05:01:353;0,3;13;2;13,2;0,8;45,38;3,44;46,88;
2026 03 12 13:05:01:355;0,3;13;2;13,2;0,8;45,38;3,44;27,34;
2026 03 12 13:05:01:357;0,3;13;2;13,2;0,8;45,38;3,44;11,72;
2026 03 12 13:05:01:359;0,3;13;2;13,2;0,8;45,38;3,44;15,63;
2026 03 12 13:05:01:361;0,3;13;2;13,2;0,8;45,38;3,44;39,06;
2026 03 12 13:05:01:363;0,3;13;2;13,2;0,8;45,38;3,44;39,06;
2026 03 12 13:05:01:365;0,3;13;2;13,2;0,8;45,38;3,44;39,06;
2026 03 12 13:05:01:367;0,3;13;2;13,2;0,8;45,38;3,44;42,97;
2026 03 12 13:05:01:369;0,3;13;2;13,2;0,8;45,38;3,44;54,69;
2026 03 12 13:05:01:371;0,3;13;2;13,2;0,8;45,38;3,44;58,59;
2026 03 12 13:05:01:373;0,3;13;2;13,2;0,8;45,38;3,44;46,88;
2026 03 12 13:05:01:375;0,3;13;2;13,2;0,8;45,38;3,44;31,25;
2026 03 12 13:05:01:377;0,3;13;2;13,2;0,8;45,38;3,44;11,72;
2026 03 12 13:05:01:379;0,3;13;2;13,2;0,8;45,38;3,44;11,72;
2026 03 12 13:05:01:381;0,3;13;2;13,2;0,8;45,38;3,44;39,06;
2026 03 12 13:05:01:383;0,3;13;2;13,2;0,8;45,38;3,44;39,06;
2026 03 12 13:05:01:385;0,3;13;2;13,2;0,8;45,38;3,44;39,06;
2026 03 12 13:05:01:387;0,3;13;2;13,2;0,8;45,38;3,44;42,97;
2026 03 12 13:05:01:389;0,3;13;2;13,2;0,8;45,38;3,44;58,59;
2026 03 12 13:05:01:391;0,3;13;2;13,2;0,8;45,38;3,44;54,69;
2026 03 12 13:05:01:393;0,3;13;2;13,2;0,8;45,38;3,44;50,78;
2026 03 12 13:05:01:395;0,3;13;2;13,2;0,8;45,38;3,44;31,25;
2026 03 12 13:05:01:397;0,3;13;2;13,2;0,8;45,38;3,44;11,72;
2026 03 12 13:05:01:399;0,3;13;2;13,2;0,8;45,38;3,44;11,72;
2026 03 12 13:05:01:401;0,3;13;2;13,2;0,8;45,38;3,44;39,06;
2026 03 12 13:05:01:403;0,3;13;2;13,2;0,8;45,38;3,44;39,06;
2026 03 12 13:05:01:405;0,3;13;2;13,2;0,8;45,38;3,44;39,06;
2026 03 12 13:05:01:407;0,3;13;2;13,2;0,8;45,38;3,44;42,97;
2026 03 12 13:05:01:409;0,3;13;2;13,2;0,8;45,38;3,44;58,59;
2026 03 12 13:05:01:411;0,3;13;2;13,2;0,8;45,38;3,44;58,59;
2026 03 12 13:05:01:413;0,3;13;2;13,2;0,8;45,38;3,44;46,88;
2026 03 12 13:05:01:415;0,3;13;2;13,2;0,8;45,38;3,44;27,34;
2026 03 12 13:05:01:417;0,3;13;2;13,2;0,8;45,38;3,44;15,63;
2026 03 12 13:05:01:419;0,3;13;2;13,2;0,8;45,38;3,44;11,72;
2026 03 12 13:05:01:421;0,3;13;2;13,2;0,8;45,38;3,44;39,06;
2026 03 12 13:05:01:423;0,3;13;2;13,2;0,8;45,38;3,44;39,06;
2026 03 12 13:05:01:425;0,3;13;2;13,2;0,8;45,38;3,44;39,06;
2026 03 12 13:05:01:427;0,3;13;2;13,2;0,8;45,38;3,44;39,06;
2026 03 12 13:05:01:429;0,3;13;2;13,2;0,8;45,38;3,44;54,69;
2026 03 12 13:05:01:431;0,3;13;2;13,2;0,8;45,38;3,44;58,59;
2026 03 12 13:05:01:433;0,3;13;2;13,2;0,8;45,38;3,44;46,88;
2026 03 12 13:05:01:435;0,3;13;2;13,2;0,8;45,38;3,44;27,34;
2026 03 12 13:05:01:437;0,3;13;2;13,2;0,8;45,38;3,44;11,72;
2026 03 12 13:05:01:439;0,3;13;2;13,2;0,8;45,38;3,44;7,81;
2026 03 12 13:05:01:441;0,3;13;2;13,2;0,8;45,38;3,44;39,06;
2026 03 12 13:05:01:443;0,3;13;2;13,2;0,8;45,38;3,44;39,06;
2026 03 12 13:05:01:445;0,3;13;2;13,2;0,8;45,38;3,44;39,06;
2026 03 12 13:05:01:447;0,3;13;2;13,2;0,8;45,38;3,44;42,97;
2026 03 12 13:05:01:449;0,3;13;2;13,2;0,8;45,38;3,44;58,59;
2026 03 12 13:05:01:451;0,3;13;2;13,2;0,8;45,38;3,44;54,69;
2026 03 12 13:05:01:453;0,3;13;2;13,2;0,8;45,38;3,44;46,88;
2026 03 12 13:05:01:455;0,3;13;2;13,2;0,8;45,38;3,44;27,34;
2026 03 12 13:05:01:457;0,3;13;2;13,2;0,8;45,38;3,44;11,72;
2026 03 12 13:05:01:459;0,3;13;2;13,2;0,8;45,38;3,44;11,72;
2026 03 12 13:05:01:461;0,3;13;2;13,2;0,8;45,38;3,44;39,06;
2026 03 12 13:05:01:463;0,3;13;2;13,2;0,8;45,38;3,44;39,06;
2026 03 12 13:05:01:465;0,3;13;2;13,2;0,8;45,38;3,44;39,06;
2026 03 12 13:05:01:467;0,3;13;2;13,2;0,8;45,38;3,44;39,06;
2026 03 12 13:05:01:469;0,3;13;2;13,2;0,8;45,38;3,44;54,69;
2026 03 12 13:05:01:471;0,3;13;2;13,2;0,8;45,38;3,44;54,69;
2026 03 12 13:05:01:473;0,3;13;2;13,2;0,8;45,38;3,44;46,88;
2026 03 12 13:05:01:475;0,3;13;2;13,2;0,8;45,38;3,44;23,44;
2026 03 12 13:05:01:477;0,3;13;2;13,2;0,8;45,38;3,44;11,72;
2026 03 12 13:05:01:479;0,3;13;2;13,2;0,8;45,38;3,44;11,72;
2026 03 12 13:05:01:481;0,3;13;2;13,2;0,8;45,38;3,44;39,06;
2026 03 12 13:05:01:483;0,3;13;2;13,2;0,8;45,38;3,44;39,06;
2026 03 12 13:05:01:485;0,3;13;2;13,2;0,8;45,38;3,44;39,06;
2026 03 12 13:05:01:487;0,3;13;2;13,2;0,8;45,38;3,44;42,97;
2026 03 12 13:05:01:489;0,3;13;2;13,2;0,8;45,38;3,44;54,69;
2026 03 12 13:05:01:491;0,3;13;2;13,2;0,8;45,38;3,44;54,69;
2026 03 12 13:05:01:493;0,3;13;2;13,2;0,8;45,38;3,44;42,97;
2026 03 12 13:05:01:495;0,3;13;2;13,2;0,8;45,38;3,44;27,34;
2026 03 12 13:05:01:497;0,3;13;2;13,2;0,8;45,38;3,44;11,72;
2026 03 12 13:05:01:499;0,3;13;2;13,2;0,8;45,38;3,44;7,81;
2026 03 12 13:05:01:501;0,3;13;2;13,2;0,8;45,38;3,44;39,06;
2026 03 12 13:05:01:503;0,3;13;2;13,2;0,8;45,38;3,44;39,06;
2026 03 12 13:05:01:505;0,3;13;2;13,2;0,8;45,38;3,44;35,16;
2026 03 12 13:05:01:507;0,3;13;2;13,2;0,8;45,38;3,44;39,06;
2026 03 12 13:05:01:509;0,3;13;2;13,2;0,8;45,38;3,44;58,59;
2026 03 12 13:05:01:511;0,3;13;2;13,2;0,8;45,38;3,44;50,78;
2026 03 12 13:05:01:513;0,3;13;2;13,2;0,8;45,38;3,44;42,97;
2026 03 12 13:05:01:515;0,3;13;2;13,2;0,8;45,38;3,44;19,53;
2026 03 12 13:05:01:517;0,3;13;2;13,2;0,8;45,38;3,44;11,72;
2026 03 12 13:05:01:519;0,3;13;2;13,2;0,8;45,38;3,44;11,72;
2026 03 12 13:05:01:521;0,3;13;2;13,2;0,8;45,38;3,44;35,16;
2026 03 12 13:05:01:523;0,3;13;2;13,2;0,8;45,38;3,44;39,06;
2026 03 12 13:05:01:525;0,3;13;2;13,2;0,8;45,38;3,44;39,06;
2026 03 12 13:05:01:527;0,3;13;2;13,2;0,8;45,38;3,44;39,06;
2026 03 12 13:05:01:529;0,3;13;2;13,2;0,8;45,38;3,44;58,59;
2026 03 12 13:05:01:531;0,3;13;2;13,2;0,8;45,38;3,44;50,78;
2026 03 12 13:05:01:533;0,3;13;2;13,2;0,8;45,38;3,44;42,97;
2026 03 12 13:05:01:535;0,3;13;2;13,2;0,8;45,38;3,44;19,53;
2026 03 12 13:05:01:537;0,3;13;2;13,2;0,8;45,38;3,44;11,72;
2026 03 12 13:05:01:539;0,3;13;2;13,2;0,8;45,38;3,44;7,81;
2026 03 12 13:05:01:541;0,3;13;2;13,2;0,8;45,38;3,44;39,06;
2026 03 12 13:05:01:543;0,3;13;2;13,2;0,8;45,38;3,44;39,06;
2026 03 12 13:05:01:545;0,3;13;2;13,2;0,8;45,38;3,44;35,16;
2026 03 12 13:05:01:547;0,3;13;2;13,2;0,8;45,38;3,44;39,06;
2026 03 12 13:05:01:549;0,3;13;2;13,2;0,8;45,38;3,44;58,59;
2026 03 12 13:05:01:551;0,3;13;2;13,2;0,8;45,38;3,44;50,78;
2026 03 12 13:05:01:553;0,3;13;2;13,2;0,8;45,38;3,44;42,97;
2026 03 12 13:05:01:555;0,3;13;2;13,2;0,8;45,38;3,44;23,44;
2026 03 12 13:05:01:557;0,3;13;2;13,2;0,8;45,38;3,44;11,72;
2026 03 12 13:05:01:559;0,3;13;2;13,2;0,8;45,38;3,44;7,81;
