Timestamp,Distance of optic sensor 0 [mm],Distance of optic sensor 1 [mm],RMS velocity spectrum ISO 10816 X [mm/s],RMS acceleration X [mg],RMS acceleration envelope X [mg],RMS raw data with frequency brands X [mg],Kurtosis method X [[1]],Peak to peak X [mg],Crest factor X [[1]],Analog raw input X [mg]
2026 03 12 13:04:51:569,-3.9675,-6.78875,"0,27",14,5,"13,66","3,82","69,61","5,1",0
2026 03 12 13:04:51:571,-3.9675,-6.78875,"0,27",14,5,"13,66","3,82","69,61","5,1","15,63"
2026 03 12 13:04:51:573,-3.9334,-6.78875,"0,27",14,5,"13,66","3,82","69,61","5,1","15,63"
2026 03 12 13:04:51:575,-3.9675,-6.87625,"0,27",14,5,"13,66","3,82","69,61","5,1",0
2026 03 12 13:04:51:577,-3.9675,-6.70125,"0,27",14,5,"13,66","3,82","69,61","5,1","-11,72"
2026 03 12 13:04:51:579,-3.9675,-6.78875,"0,27",14,5,"13,66","3,82","69,61","5,1","-7,81"
2026 03 12 13:04:51:581,-3.9334,-6.78875,"0,27",14,5,"13,66","3,82","69,61","5,1",0
2026 03 12 13:04:51:583,-3.9334,-6.78875,"0,27",14,5,"13,66","3,82","69,61","5,1",0
2026 03 12 13:04:51:585,-3.9675,-6.78875,"0,27",14,5,"13,66","3,82","69,61","5,1",0
2026 03 12 13:04:51:587,-3.9675,-6.78875,"0,27",14,5,"13,66","3,82","69,61","5,1",0
2026 03 12 13:04:51:589,-3.9985,-6.70125,"0,27",14,5,"13,66","3,82","69,61","5,1",0
2026 03 12 13:04:51:591,-3.9985,-6.70125,"0,27",14,5,"13,66","3,82","69,61","5,1","19,53"
2026 03 12 13:04:51:593,-3.9675,-6.78875,"0,27",14,5,"13,66","3,82","69,61","5,1","19,53"
2026 03 12 13:04:51:595,-3.9985,-6.78875,"0,27",14,5,"13,66","3,82","69,61","5,1",0
2026 03 12 13:04:51:597,-3.9334,-6.70125,"0,27",14,5,"13,66","3,82","69,61","5,1","-11,72"
2026 03 12 13:04:51:599,-3.9675,-6.70125,"0,27",14,5,"13,66","3,82","69,61","5,1","-7,81"
2026 03 12 13:04:51:601,-3.9675,-6.78875,"0,27",14,5,"13,66","3,82","69,61","5,1","-3,91"
2026 03 12 13:04:51:603,-3.9675,-6.70125,"0,27",14,5,"13,66","3,82","69,61","5,1",0
2026 03 12 13:04:51:605,-3.9675,-6.78875,"0,27",14,5,"13,66","3,82","69,61","5,1",0
2026 03 12 13:04:51:607,-3.9675,-6.70125,"0,27",14,5,"13,66","3,82","69,61","5,1",0
2026 03 12 13:04:51:609,-3.9985,-6.70125,"0,27",14,5,"13,66","3,82","69,61","5,1",0
2026 03 12 13:04:51:611,-3.9675,-6.78875,"0,27",14,5,"13,66","3,82","69,61","5,1","19,53"
2026 03 12 13:04:51:613,-3.9675,-6.70125,"0,27",14,5,"13,66","3,82","69,61","5,1","19,53"
2026 03 12 13:04:51:615,-3.9675,-6.78875,"0,27",14,5,"13,66","3,82","69,61","5,1",0
2026 03 12 13:04:51:617,-3.9675,-6.70125,"0,27",14,5,"13,66","3,82","69,61","5,1","-11,72"
2026 03 12 13:04:51:619,-3.9675,-6.78875,"0,27",14,5,"13,66","3,82","69,61","5,1","-7,81"
2026 03 12 13:04:51:621,-3.9675,-6.70125,"0,27",14,5,"13,66","3,82","69,61","5,1","-3,91"
2026 03 12 13:04:51:623,-3.9675,-6.78875,"0,27",14,5,"13,66","3,82","69,61","5,1",0
2026 03 12 13:04:51:625,-3.9985,-6.78875,"0,27",14,5,"13,66","3,82","69,61","5,1",0
2026 03 12 13:04:51:627,-3.9675,-6.78875,"0,27",14,5,"13,66","3,82","69,61","5,1",0
2026 03 12 13:04:51:629,-3.9675,-6.78875,"0,27",14,5,"13,66","3,82","69,61","5,1",0
2026 03 12 13:04:51:631,-3.9675,-6.70125,"0,27",14,5,"13,66","3,82","69,61","5,1","19,53"
2026 03 12 13:04:51:633,-3.9675,-6.78875,"0,27",14,5,"13,66","3,82","69,61","5,1","19,53"
2026 03 12 13:04:51:635,-3.9675,-6.87625,"0,27",14,5,"13,66","3,82","69,61","5,1",0
2026 03 12 13:04:51:637,-3.9675,-6.78875,"0,27",14,5,"13,66","3,82","69,61","5,1","-11,72"
2026 03 12 13:04:51:639,-3.9675,-6.78875,"0,27",14,5,"13,66","3,82","69,61","5,1","-7,81"
2026 03 12 13:04:51:641,-3.9334,-6.78875,"0,27",14,5,"13,66","3,82","69,61","5,1",0
2026 03 12 13:04:51:643,-3.9675,-6.78875,"0,27",14,5,"13,66","3,82","69,61","5,1",0
2026 03 12 13:04:51:645,-3.9675,-6.78875,"0,27",14,5,"13,66","3,82","69,61","5,1",0
2026 03 12 13:04:51:647,-3.9675,-6.78875,"0,27",14,5,"13,66","3,82","69,61","5,1",0
2026 03 12 13:04:51:649,-3.9675,-6.87625,"0,27",14,5,"13,66","3,82","69,61","5,1",0
2026 03 12 13:04:51:651,-3.9675,-6.87625,"0,27",14,5,"13,66","3,82","69,61","5,1","19,53"
2026 03 12 13:04:51:653,-3.9334,-6.78875,"0,27",14,5,"13,66","3,82","69,61","5,1","19,53"
2026 03 12 13:04:51:655,-3.9985,-6.78875,"0,27",14,5,"13,66","3,82","69,61","5,1",0
2026 03 12 13:04:51:657,-3.9675,-6.78875,"0,27",14,5,"13,66","3,82","69,61","5,1","-7,81"
2026 03 12 13:04:51:659,-3.9675,-6.78875,"0,27",14,5,"13,66","3,82","69,61","5,1","-7,81"
2026 03 12 13:04:51:661,-3.9334,-6.78875,"0,27",14,5,"13,66","3,82","69,61","5,1","-3,91"
2026 03 12 13:04:51:663,-3.9675,-6.70125,"0,27",14,5,"13,66","3,82","69,61","5,1",0
2026 03 12 13:04:51:665,-3.9675,-6.78875,"0,27",14,5,"13,66","3,82","69,61","5,1",0
2026 03 12 13:04:51:667,-3.9675,-6.87625,"0,27",14,5,"13,66","3,82","69,61","5,1",0
2026 03 12 13:04:51:669,-3.9675,-6.78875,"0,27",14,5,"13,66","3,82","69,61","5,1",0
2026 03 12 13:04:51:671,-3.9675,-6.78875,"0,27",14,5,"13,66","3,82","69,61","5,1","19,53"
2026 03 12 13:04:51:673,-3.9675,-6.78875,"0,27",14,5,"13,66","3,82","69,61","5,1","19,53"
2026 03 12 13:04:51:675,-3.9675,-6.87625,"0,27",14,5,"13,66","3,82","69,61","5,1",0
2026 03 12 13:04:51:677,-3.9675,-6.78875,"0,27",14,5,"13,66","3,82","69,61","5,1","-11,72"
2026 03 12 13:04:51:679,-3.9985,-6.70125,"0,27",14,5,"13,66","3,82","69,61","5,1","-7,81"
2026 03 12 13:04:51:681,-3.9675,-6.78875,"0,27",14,5,"13,66","3,82","69,61","5,1","-3,91"
2026 03 12 13:04:51:683,-3.9675,-6.87625,"0,27",14,5,"13,66","3,82","69,61","5,1",0
2026 03 12 13:04:51:685,-3.9675,-6.78875,"0,27",14,5,"13,66","3,82","69,61","5,1",0
2026 03 12 13:04:51:687,-3.9675,-6.78875,"0,27",14,5,"13,66","3,82","69,61","5,1",0
2026 03 12 13:04:51:689,-3.9985,-6.87625,"0,27",14,5,"13,66","3,82","69,61","5,1",0
2026 03 12 13:04:51:691,-3.9334,-6.78875,"0,27",14,5,"13,66","3,82","69,61","5,1","19,53"
2026 03 12 13:04:51:693,-3.9675,-6.78875,"0,27",14,5,"13,66","3,82","69,61","5,1","19,53"
2026 03 12 13:04:51:695,-3.9675,-6.87625,"0,27",14,5,"13,66","3,82","69,61","5,1","3,91"
2026 03 12 13:04:51:697,-3.9675,-6.70125,"0,27",14,5,"13,66","3,82","69,61","5,1","-7,81"
2026 03 12 13:04:51:699,-3.9334,-6.78875,"0,27",14,5,"13,66","3,82","69,61","5,1","-7,81"
2026 03 12 13:04:51:701,-3.9675,-6.78875,"0,27",14,5,"13,66","3,82","69,61","5,1",0
2026 03 12 13:04:51:703,-3.9675,-6.78875,"0,27",14,5,"13,66","3,82","69,61","5,1",0
2026 03 12 13:04:51:705,-3.9675,-6.78875,"0,27",14,5,"13,66","3,82","69,61","5,1",0
2026 03 12 13:04:51:707,-3.9675,-6.70125,"0,27",14,5,"13,66","3,82","69,61","5,1","3,91"
2026 03 12 13:04:51:709,-3.9675,-6.70125,"0,27",14,5,"13,66","3,82","69,61","5,1",0
2026 03 12 13:04:51:711,-3.9675,-6.78875,"0,27",14,5,"13,58","4,55","71,01","5,23","19,53"
2026 03 12 13:04:51:713,-3.9334,-6.78875,"0,27",14,5,"13,58","4,55","71,01","5,23","19,53"
2026 03 12 13:04:51:715,-3.9675,-6.70125,"0,27",14,5,"13,58","4,55","71,01","5,23","3,91"
2026 03 12 13:04:51:717,-3.9675,-6.78875,"0,27",14,5,"13,58","4,55","71,01","5,23","-11,72"
2026 03 12 13:04:51:719,-3.9675,-6.78875,"0,27",14,5,"13,58","4,55","71,01","5,23","-3,91"
2026 03 12 13:04:51:721,-3.9675,-6.78875,"0,27",14,5,"13,58","4,55","71,01","5,23",0
2026 03 12 13:04:51:723,-3.9675,-6.78875,"0,27",14,5,"13,58","4,55","71,01","5,23",0
2026 03 12 13:04:51:725,-3.9985,-6.78875,"0,27",14,5,"13,58","4,55","71,01","5,23",0
2026 03 12 13:04:51:727,-3.9675,-6.78875,"0,27",14,5,"13,58","4,55","71,01","5,23",0
2026 03 12 13:04:51:729,-3.9675,-6.78875,"0,27",14,5,"13,58","4,55","71,01","5,23",0
2026 03 12 13:04:51:731,-3.9985,-6.78875,"0,27",14,5,"13,58","4,55","71,01","5,23","19,53"
2026 03 12 13:04:51:733,-3.9985,-6.78875,"0,27",14,5,"13,58","4,55","71,01","5,23","19,53"
2026 03 12 13:04:51:735,-3.9675,-6.87625,"0,27",14,5,"13,58","4,55","71,01","5,23",0
2026 03 12 13:04:51:737,-3.9675,-6.87625,"0,27",14,5,"13,58","4,55","71,01","5,23","-7,81"
2026 03 12 13:04:51:739,-3.9675,-6.78875,"0,27",14,5,"13,58","4,55","71,01","5,23","-3,91"
2026 03 12 13:04:51:741,-3.9985,-6.78875,"0,27",14,5,"13,58","4,55","71,01","5,23",0
2026 03 12 13:04:51:743,-3.9675,-6.78875,"0,27",14,5,"13,58","4,55","71,01","5,23",0
2026 03 12 13:04:51:745,-3.9675,-6.70125,"0,27",14,5,"13,58","4,55","71,01","5,23",0
2026 03 12 13:04:51:747,-3.9334,-6.78875,"0,27",14,5,"13,58","4,55","71,01","5,23",0
2026 03 12 13:04:51:749,-3.9675,-6.78875,"0,27",14,5,"13,58","4,55","71,01","5,23",0
2026 03 12 13:04:51:751,-3.9985,-6.70125,"0,27",14,5,"13,58","4,55","71,01","5,23","19,53"
2026 03 12 13:04:51:753,-3.9675,-6.70125,"0,27",14,5,"13,58","4,55","71,01","5,23","15,63"
2026 03 12 13:04:51:755,-3.9675,-6.78875,"0,27",14,5,"13,58","4,55","71,01","5,23","3,91"
2026 03 12 13:04:51:757,-3.9675,-6.78875,"0,27",14,5,"13,58","4,55","71,01","5,23","-7,81"
2026 03 12 13:04:51:759,-3.9675,-6.78875,"0,27",14,5,"13,58","4,55","71,01","5,23","-7,81"
2026 03 12 13:04:51:761,-3.9334,-6.70125,"0,27",14,5,"13,58","4,55","71,01","5,23",0
2026 03 12 13:04:51:763,-3.9334,-6.78875,"0,27",14,5,"13,58","4,55","71,01","5,23",0
2026 03 12 13:04:51:765,-3.9985,-6.78875,"0,27",14,5,"13,58","4,55","71,01","5,23",0
2026 03 12 13:04:51:767,-3.9675,-6.70125,"0,27",14,5,"13,58","4,55","71,01","5,23",0
2026 03 12 13:04:51:769,-3.9675,-6.78875,"0,27",14,5,"13,58","4,55","71,01","5,23",0
2026 03 12 13:04:51:771,-3.9334,-6.78875,"0,27",14,5,"13,58","4,55","71,01","5,23","19,53"
2026 03 12 13:04:51:773,-3.9334,-6.78875,"0,27",14,5,"13,58","4,55","71,01","5,23","15,63"
2026 03 12 13:04:51:775,-3.9675,-6.70125,"0,27",14,5,"13,58","4,55","71,01","5,23",0
2026 03 12 13:04:51:777,-3.9675,-6.78875,"0,27",14,5,"13,58","4,55","71,01","5,23","-7,81"
2026 03 12 13:04:51:779,-3.9675,-6.78875,"0,27",14,5,"13,58","4,55","71,01","5,23","-7,81"
2026 03 12 13:04:51:781,-3.9675,-6.78875,"0,27",14,5,"13,58","4,55","71,01","5,23",0
2026 03 12 13:04:51:783,-3.9675,-6.78875,"0,27",14,5,"13,58","4,55","71,01","5,23",0
2026 03 12 13:04:51:785,-3.9985,-6.78875,"0,27",14,5,"13,58","4,55","71,01","5,23",0
2026 03 12 13:04:51:787,-3.9334,-6.70125,"0,27",14,5,"13,58","4,55","71,01","5,23",0
2026 03 12 13:04:51:789,-3.9675,-6.70125,"0,27",14,5,"13,58","4,55","71,01","5,23",0
2026 03 12 13:04:51:791,-3.9334,-6.78875,"0,27",14,5,"13,58","4,55","71,01","5,23","19,53"
2026 03 12 13:04:51:793,-3.9675,-6.78875,"0,27",14,5,"13,58","4,55","71,01","5,23","15,63"
2026 03 12 13:04:51:795,-3.9675,-6.78875,"0,27",14,5,"13,58","4,55","71,01","5,23",0
2026 03 12 13:04:51:797,-3.9675,-6.87625,"0,27",14,5,"13,58","4,55","71,01","5,23","-7,81"
2026 03 12 13:04:51:799,-3.9675,-6.70125,"0,27",14,5,"13,58","4,55","71,01","5,23","-7,81"
2026 03 12 13:04:51:801,-3.9675,-6.78875,"0,27",14,5,"13,58","4,55","71,01","5,23",0
2026 03 12 13:04:51:803,-3.9675,-6.70125,"0,27",14,5,"13,58","4,55","71,01","5,23",0
2026 03 12 13:04:51:805,-3.9675,-6.78875,"0,27",14,5,"13,58","4,55","71,01","5,23",0
2026 03 12 13:04:51:807,-3.9675,-6.78875,"0,27",14,5,"13,58","4,55","71,01","5,23",0
2026 03 12 13:04:51:809,-3.9675,-6.70125,"0,27",14,5,"13,58","4,55","71,01","5,23",0
2026 03 12 13:04:51:811,-3.9675,-6.78875,"0,27",14,5,"13,58","4,55","71,01","5,23","19,53"
2026 03 12 13:04:51:813,-3.9675,-6.78875,"0,27",14,5,"13,58","4,55","71,01","5,23","15,63"
2026 03 12 13:04:51:815,-3.9334,-6.78875,"0,27",14,5,"13,58","4,55","71,01","5,23",0
2026 03 12 13:04:51:817,-3.9675,-6.70125,"0,27",14,5,"13,58","4,55","71,01","5,23","-11,72"
2026 03 12 13:04:51:819,-3.9675,-6.78875,"0,27",14,5,"13,58","4,55","71,01","5,23","-7,81"
2026 03 12 13:04:51:821,-3.9675,-6.78875,"0,27",14,5,"13,58","4,55","71,01","5,23",0
2026 03 12 13:04:51:823,-3.9675,-6.70125,"0,27",14,5,"13,58","4,55","71,01","5,23",0
2026 03 12 13:04:51:825,-3.9675,-6.78875,"0,27",14,5,"13,58","4,55","71,01","5,23",0
2026 03 12 13:04:51:827,-3.9675,-6.78875,"0,27",14,5,"13,58","4,55","71,01","5,23",0
2026 03 12 13:04:51:829,-3.9985,-6.78875,"0,27",14,5,"13,58","4,55","71,01","5,23",0
2026 03 12 13:04:51:831,-3.9675,-6.78875,"0,27",14,5,"13,58","4,55","71,01","5,23","19,53"
2026 03 12 13:04:51:833,-3.9675,-6.78875,"0,27",14,5,"13,58","4,55","71,01","5,23","15,63"
2026 03 12 13:04:51:835,-3.9675,-6.87625,"0,27",14,5,"13,58","4,55","71,01","5,23",0
2026 03 12 13:04:51:837,-3.9675,-6.87625,"0,27",14,5,"13,58","4,55","71,01","5,23","-15,62"
2026 03 12 13:04:51:839,-3.9675,-6.87625,"0,27",14,5,"13,58","4,55","71,01","5,23","-7,81"
2026 03 12 13:04:51:841,-3.9675,-6.78875,"0,27",14,5,"13,58","4,55","71,01","5,23","-3,91"
2026 03 12 13:04:51:843,-3.9985,-6.70125,"0,27",14,5,"13,58","4,55","71,01","5,23",0
2026 03 12 13:04:51:845,-3.9675,-6.78875,"0,27",14,5,"13,58","4,55","71,01","5,23",0
2026 03 12 13:04:51:847,-3.9675,-6.78875,"0,27",14,5,"13,58","4,55","71,01","5,23",0
2026 03 12 13:04:51:849,-3.9675,-6.78875,"0,27",14,5,"13,58","4,55","71,01","5,23",0
2026 03 12 13:04:51:851,-3.9675,-6.78875,"0,27",14,5,"13,58","4,55","71,01","5,23","19,53"
2026 03 12 13:04:51:853,-3.9985,-6.70125,"0,27",14,5,"13,58","4,55","71,01","5,23","15,63"
2026 03 12 13:04:51:855,-3.9334,-6.70125,"0,27",14,5,"13,58","4,55","71,01","5,23",0
2026 03 12 13:04:51:857,-3.9334,-6.78875,"0,27",14,5,"13,58","4,55","71,01","5,23","-15,62"
2026 03 12 13:04:51:859,-3.9675,-6.78875,"0,27",14,5,"13,58","4,55","71,01","5,23","-7,81"
2026 03 12 13:04:51:861,-3.9675,-6.78875,"0,27",14,5,"13,58","4,55","71,01","5,23","-3,91"
2026 03 12 13:04:51:863,-3.9675,-6.78875,"0,27",14,5,"13,58","4,55","71,01","5,23",0
2026 03 12 13:04:51:865,-3.9985,-6.70125,"0,27",14,5,"13,58","4,55","71,01","5,23",0
2026 03 12 13:04:51:867,-3.9675,-6.78875,"0,27",14,5,"13,58","4,55","71,01","5,23",0
2026 03 12 13:04:51:869,-3.9675,-6.78875,"0,27",14,5,"13,58","4,55","71,01","5,23",0
2026 03 12 13:04:51:871,-3.9675,-6.87625,"0,27",14,5,"13,58","4,55","71,01","5,23","19,53"
2026 03 12 13:04:51:873,-3.9675,-6.78875,"0,27",14,5,"13,58","4,55","71,01","5,23","15,63"
2026 03 12 13:04:51:875,-3.9675,-6.70125,"0,27",14,5,"13,58","4,55","71,01","5,23",0
2026 03 12 13:04:51:877,-3.9675,-6.78875,"0,27",14,5,"13,58","4,55","71,01","5,23","-15,62"
2026 03 12 13:04:51:879,-3.9675,-6.78875,"0,27",14,5,"13,58","4,55","71,01","5,23","-7,81"
2026 03 12 13:04:51:881,-3.9985,-6.78875,"0,27",14,5,"13,58","4,55","71,01","5,23",0
2026 03 12 13:04:51:883,-3.9675,-6.78875,"0,27",14,5,"13,58","4,55","71,01","5,23",0
2026 03 12 13:04:51:885,-3.9334,-6.70125,"0,27",14,5,"13,58","4,55","71,01","5,23",0
2026 03 12 13:04:51:887,-3.9675,-6.78875,"0,27",14,5,"13,58","4,55","71,01","5,23",0
2026 03 12 13:04:51:889,-3.9675,-6.78875,"0,27",14,5,"13,58","4,55","71,01","5,23",0
2026 03 12 13:04:51:891,-3.9675,-6.78875,"0,27",14,5,"13,58","4,55","71,01","5,23","19,53"
2026 03 12 13:04:51:893,-3.9675,-6.78875,"0,27",14,5,"13,58","4,55","71,01","5,23","11,72"
2026 03 12 13:04:51:895,-3.9675,-6.70125,"0,27",14,5,"13,58","4,55","71,01","5,23",0
2026 03 12 13:04:51:897,-3.9675,-6.78875,"0,27",14,5,"13,58","4,55","71,01","5,23","-15,62"
2026 03 12 13:04:51:899,-3.9675,-6.78875,"0,27",14,5,"13,58","4,55","71,01","5,23","-7,81"
2026 03 12 13:04:51:901,-3.9334,-6.70125,"0,27",14,5,"13,58","4,55","71,01","5,23",0
2026 03 12 13:04:51:903,-3.9675,-6.78875,"0,27",14,5,"13,58","4,55","71,01","5,23",0
2026 03 12 13:04:51:905,-3.9675,-6.78875,"0,27",14,5,"13,58","4,55","71,01","5,23",0
2026 03 12 13:04:51:907,-3.9675,-6.78875,"0,27",14,5,"13,58","4,55","71,01","5,23",0
2026 03 12 13:04:51:909,-3.9675,-6.87625,"0,27",14,5,"13,58","4,55","71,01","5,23",0
2026 03 12 13:04:51:911,-3.9675,-6.78875,"0,27",14,5,"13,58","4,55","71,01","5,23","19,53"
2026 03 12 13:04:51:913,-3.9675,-6.70125,"0,27",14,5,"13,58","4,55","71,01","5,23","11,72"
2026 03 12 13:04:51:915,-3.9675,-6.70125,"0,27",14,5,"13,58","4,55","71,01","5,23",0
2026 03 12 13:04:51:917,-3.9675,-6.87625,"0,27",14,5,"13,58","4,55","71,01","5,23","-15,62"
2026 03 12 13:04:51:919,-3.9675,-6.78875,"0,27",14,5,"13,58","4,55","71,01","5,23","-7,81"
2026 03 12 13:04:51:921,-3.9675,-6.87625,"0,27",14,5,"13,58","4,55","71,01","5,23","-3,91"
2026 03 12 13:04:51:923,-3.9675,-6.87625,"0,27",14,5,"13,58","4,55","71,01","5,23",0
2026 03 12 13:04:51:925,-3.9675,-6.70125,"0,27",14,5,"13,58","4,55","71,01","5,23",0
2026 03 12 13:04:51:927,-3.9334,-6.87625,"0,27",14,5,"13,58","4,55","71,01","5,23",0
2026 03 12 13:04:51:929,-3.9334,-6.78875,"0,27",14,5,"13,58","4,55","71,01","5,23",0
2026 03 12 13:04:51:931,-3.9675,-6.70125,"0,27",14,5,"13,58","4,55","71,01","5,23","19,53"
2026 03 12 13:04:51:933,-3.9675,-6.87625,"0,27",14,5,"13,58","4,55","71,01","5,23","15,63"
2026 03 12 13:04:51:935,-3.9675,-6.78875,"0,27",14,5,"13,58","4,55","71,01","5,23",0
2026 03 12 13:04:51:937,-3.9334,-6.78875,"0,27",14,5,"13,58","4,55","71,01","5,23","-11,72"
2026 03 12 13:04:51:939,-3.9675,-6.78875,"0,27",14,5,"13,58","4,55","71,01","5,23","-7,81"
2026 03 12 13:04:51:941,-3.9675,-6.78875,"0,27",14,5,"13,58","4,55","71,01","5,23",0
2026 03 12 13:04:51:943,-3.9675,-6.78875,"0,27",14,5,"13,58","4,55","71,01","5,23",0
2026 03 12 13:04:51:945,-3.9675,-6.78875,"0,27",14,5,"13,58","4,55","71,01","5,23",0
2026 03 12 13:04:51:947,-3.9675,-6.78875,"0,27",14,5,"13,58","4,55","71,01","5,23",0
2026 03 12 13:04:51:949,-3.9675,-6.78875,"0,27",14,5,"13,58","4,55","71,01","5,23",0
2026 03 12 13:04:51:951,-3.9334,-6.78875,"0,27",14,5,"13,58","4,55","71,01","5,23","19,53"
2026 03 12 13:04:51:953,-3.9675,-6.70125,"0,27",14,5,"13,58","4,55","71,01","5,23","15,63"
2026 03 12 13:04:51:955,-3.9675,-6.70125,"0,27",14,5,"13,58","4,55","71,01","5,23",0
2026 03 12 13:04:51:957,-3.9334,-6.70125,"0,27",14,5,"13,58","4,55","71,01","5,23","-11,72"
2026 03 12 13:04:51:959,-3.9675,-6.78875,"0,27",14,5,"13,58","4,55","71,01","5,23","-7,81"
2026 03 12 13:04:51:961,-3.9675,-6.78875,"0,27",14,5,"13,58","4,55","71,01","5,23",0
2026 03 12 13:04:51:963,-3.9985,-6.70125,"0,27",14,5,"13,58","4,55","71,01","5,23",0
2026 03 12 13:04:51:965,-3.9675,-6.70125,"0,27",14,5,"13,58","4,55","71,01","5,23",0
2026 03 12 13:04:51:967,-3.9675,-6.70125,"0,27",14,5,"13,58","4,55","71,01","5,23",0
2026 03 12 13:04:51:969,-3.9985,-6.70125,"0,27",14,5,"13,58","4,55","71,01","5,23",0
2026 03 12 13:04:51:971,-3.9675,-6.78875,"0,27",14,5,"13,58","4,55","71,01","5,23","19,53"
2026 03 12 13:04:51:973,-3.9675,-6.78875,"0,27",14,5,"13,58","4,55","71,01","5,23","23,44"
2026 03 12 13:04:51:975,-3.9675,-6.78875,"0,27",14,5,"13,58","4,55","71,01","5,23",0
2026 03 12 13:04:51:977,-3.9985,-6.70125,"0,27",14,5,"13,58","4,55","71,01","5,23","-11,72"
2026 03 12 13:04:51:979,-3.9675,-6.78875,"0,27",14,5,"13,58","4,55","71,01","5,23","-7,81"
2026 03 12 13:04:51:981,-3.9675,-6.78875,"0,27",14,5,"13,58","4,55","71,01","5,23",0
2026 03 12 13:04:51:983,-3.9985,-6.78875,"0,27",14,5,"13,58","4,55","71,01","5,23",0
2026 03 12 13:04:51:985,-3.9985,-6.78875,"0,27",14,5,"13,58","4,55","71,01","5,23",0
2026 03 12 13:04:51:987,-3.9675,-6.78875,"0,27",14,5,"13,58","4,55","71,01","5,23",0
2026 03 12 13:04:51:989,-3.9675,-6.78875,"0,27",14,5,"13,58","4,55","71,01","5,23",0
2026 03 12 13:04:51:991,-3.9334,-6.78875,"0,27",14,5,"13,58","4,55","71,01","5,23","23,44"
2026 03 12 13:04:51:993,-3.9675,-6.78875,"0,27",14,5,"13,58","4,55","71,01","5,23","19,53"
2026 03 12 13:04:51:995,-3.9675,-6.70125,"0,27",14,5,"13,58","4,55","71,01","5,23","3,91"
2026 03 12 13:04:51:997,-3.9675,-6.70125,"0,27",14,5,"13,58","4,55","71,01","5,23","-11,72"
2026 03 12 13:04:51:999,-3.9675,-6.78875,"0,27",14,5,"13,58","4,55","71,01","5,23","-3,91"
2026 03 12 13:04:52:001,-3.9675,-6.70125,"0,27",14,5,"13,58","4,55","71,01","5,23",0
2026 03 12 13:04:52:003,-3.9675,-6.78875,"0,27",14,5,"13,58","4,55","71,01","5,23",0
2026 03 12 13:04:52:005,-3.9675,-6.78875,"0,27",14,5,"13,58","4,55","71,01","5,23",0
2026 03 12 13:04:52:007,-3.9675,-6.78875,"0,27",14,5,"13,58","4,55","71,01","5,23",0
2026 03 12 13:04:52:009,-3.9675,-6.70125,"0,27",14,5,"13,58","4,55","71,01","5,23",0
2026 03 12 13:04:52:011,-3.9675,-6.70125,"0,27",12,5,"12,71","3,54","70,82","5,57","19,53"
2026 03 12 13:04:52:013,-3.9675,-6.78875,"0,27",12,5,"12,71","3,54","70,82","5,57","19,53"
2026 03 12 13:04:52:015,-3.9675,-6.78875,"0,27",12,5,"12,71","3,54","70,82","5,57","3,91"
2026 03 12 13:04:52:017,-3.9985,-6.78875,"0,27",12,5,"12,71","3,54","70,82","5,57","-11,72"
2026 03 12 13:04:52:019,-3.9334,-6.78875,"0,27",12,5,"12,71","3,54","70,82","5,57","-3,91"
2026 03 12 13:04:52:021,-3.9985,-6.78875,"0,27",12,5,"12,71","3,54","70,82","5,57",0
2026 03 12 13:04:52:023,-3.9675,-6.70125,"0,27",12,5,"12,71","3,54","70,82","5,57",0
2026 03 12 13:04:52:025,-3.9985,-6.78875,"0,27",12,5,"12,71","3,54","70,82","5,57",0
2026 03 12 13:04:52:027,-3.9675,-6.87625,"0,27",12,5,"12,71","3,54","70,82","5,57",0
2026 03 12 13:04:52:029,-3.9985,-6.78875,"0,27",12,5,"12,71","3,54","70,82","5,57",0
2026 03 12 13:04:52:031,-3.9675,-6.78875,"0,27",12,5,"12,71","3,54","70,82","5,57","19,53"
2026 03 12 13:04:52:033,-3.9675,-6.78875,"0,27",12,5,"12,71","3,54","70,82","5,57","15,63"
2026 03 12 13:04:52:035,-3.9675,-6.78875,"0,27",12,5,"12,71","3,54","70,82","5,57","3,91"
2026 03 12 13:04:52:037,-3.9675,-6.87625,"0,27",12,5,"12,71","3,54","70,82","5,57","-11,72"
2026 03 12 13:04:52:039,-3.9985,-6.87625,"0,27",12,5,"12,71","3,54","70,82","5,57","-3,91"
2026 03 12 13:04:52:041,-3.9675,-6.78875,"0,27",12,5,"12,71","3,54","70,82","5,57",0
2026 03 12 13:04:52:043,-3.9675,-6.78875,"0,27",12,5,"12,71","3,54","70,82","5,57",0
2026 03 12 13:04:52:045,-3.9675,-6.78875,"0,27",12,5,"12,71","3,54","70,82","5,57",0
2026 03 12 13:04:52:047,-3.9334,-6.70125,"0,27",12,5,"12,71","3,54","70,82","5,57","3,91"
2026 03 12 13:04:52:049,-3.9675,-6.78875,"0,27",12,5,"12,71","3,54","70,82","5,57",0
2026 03 12 13:04:52:051,-3.9334,-6.78875,"0,27",12,5,"12,71","3,54","70,82","5,57","19,53"
2026 03 12 13:04:52:053,-3.9675,-6.78875,"0,27",12,5,"12,71","3,54","70,82","5,57","15,63"
2026 03 12 13:04:52:055,-3.9675,-6.78875,"0,27",12,5,"12,71","3,54","70,82","5,57",0
2026 03 12 13:04:52:057,-3.9675,-6.78875,"0,27",12,5,"12,71","3,54","70,82","5,57","-11,72"
2026 03 12 13:04:52:059,-3.9675,-6.78875,"0,27",12,5,"12,71","3,54","70,82","5,57","-7,81"
2026 03 12 13:04:52:061,-3.9675,-6.78875,"0,27",12,5,"12,71","3,54","70,82","5,57",0
2026 03 12 13:04:52:063,-3.9334,-6.78875,"0,27",12,5,"12,71","3,54","70,82","5,57",0
2026 03 12 13:04:52:065,-3.9985,-6.78875,"0,27",12,5,"12,71","3,54","70,82","5,57",0
2026 03 12 13:04:52:067,-3.9675,-6.78875,"0,27",12,5,"12,71","3,54","70,82","5,57",0
2026 03 12 13:04:52:069,-3.9675,-6.78875,"0,27",12,5,"12,71","3,54","70,82","5,57",0
2026 03 12 13:04:52:071,-3.9334,-6.78875,"0,27",12,5,"12,71","3,54","70,82","5,57","19,53"
2026 03 12 13:04:52:073,-3.9675,-6.78875,"0,27",12,5,"12,71","3,54","70,82","5,57","15,63"
2026 03 12 13:04:52:075,-3.9675,-6.87625,"0,27",12,5,"12,71","3,54","70,82","5,57","3,91"
2026 03 12 13:04:52:077,-3.9334,-6.87625,"0,27",12,5,"12,71","3,54","70,82","5,57","-11,72"
2026 03 12 13:04:52:079,-3.9985,-6.78875,"0,27",12,5,"12,71","3,54","70,82","5,57","-3,91"
2026 03 12 13:04:52:081,-3.9675,-6.78875,"0,27",12,5,"12,71","3,54","70,82","5,57",0
2026 03 12 13:04:52:083,-3.9675,-6.87625,"0,27",12,5,"12,71","3,54","70,82","5,57",0
2026 03 12 13:04:52:085,-3.9334,-6.78875,"0,27",12,5,"12,71","3,54","70,82","5,57",0
2026 03 12 13:04:52:087,-3.9675,-6.87625,"0,27",12,5,"12,71","3,54","70,82","5,57",0
2026 03 12 13:04:52:089,-3.9985,-6.78875,"0,27",12,5,"12,71","3,54","70,82","5,57",0
2026 03 12 13:04:52:091,-3.9985,-6.78875,"0,27",12,5,"12,71","3,54","70,82","5,57","19,53"
2026 03 12 13:04:52:093,-3.9675,-6.78875,"0,27",12,5,"12,71","3,54","70,82","5,57","19,53"
2026 03 12 13:04:52:095,-3.9985,-6.78875,"0,27",12,5,"12,71","3,54","70,82","5,57",0
2026 03 12 13:04:52:097,-3.9675,-6.78875,"0,27",12,5,"12,71","3,54","70,82","5,57","-15,62"
2026 03 12 13:04:52:099,-3.9675,-6.78875,"0,27",12,5,"12,71","3,54","70,82","5,57","-7,81"
2026 03 12 13:04:52:101,-3.9675,-6.78875,"0,27",12,5,"12,71","3,54","70,82","5,57",0
2026 03 12 13:04:52:103,-3.9675,-6.70125,"0,27",12,5,"12,71","3,54","70,82","5,57",0
2026 03 12 13:04:52:105,-3.9675,-6.70125,"0,27",12,5,"12,71","3,54","70,82","5,57",0
2026 03 12 13:04:52:107,-3.9985,-6.87625,"0,27",12,5,"12,71","3,54","70,82","5,57",0
2026 03 12 13:04:52:109,-3.9675,-6.78875,"0,27",12,5,"12,71","3,54","70,82","5,57",0
2026 03 12 13:04:52:111,-3.9675,-6.70125,"0,27",12,5,"12,71","3,54","70,82","5,57","19,53"
2026 03 12 13:04:52:113,-3.9985,-6.70125,"0,27",12,5,"12,71","3,54","70,82","5,57","15,63"
2026 03 12 13:04:52:115,-3.9675,-6.87625,"0,27",12,5,"12,71","3,54","70,82","5,57",0
2026 03 12 13:04:52:117,-3.9675,-6.78875,"0,27",12,5,"12,71","3,54","70,82","5,57","-15,62"
2026 03 12 13:04:52:119,-3.9985,-6.78875,"0,27",12,5,"12,71","3,54","70,82","5,57","-7,81"
2026 03 12 13:04:52:121,-3.9334,-6.78875,"0,27",12,5,"12,71","3,54","70,82","5,57",0
2026 03 12 13:04:52:123,-3.9675,-6.78875,"0,27",12,5,"12,71","3,54","70,82","5,57",0
2026 03 12 13:04:52:125,-3.9334,-6.78875,"0,27",12,5,"12,71","3,54","70,82","5,57",0
2026 03 12 13:04:52:127,-3.9675,-6.78875,"0,27",12,5,"12,71","3,54","70,82","5,57",0
2026 03 12 13:04:52:129,-3.9675,-6.70125,"0,27",12,5,"12,71","3,54","70,82","5,57",0
2026 03 12 13:04:52:131,-3.9675,-6.87625,"0,27",12,5,"12,71","3,54","70,82","5,57","19,53"
2026 03 12 13:04:52:133,-3.9675,-6.78875,"0,27",12,5,"12,71","3,54","70,82","5,57","15,63"
2026 03 12 13:04:52:135,-3.9675,-6.78875,"0,27",12,5,"12,71","3,54","70,82","5,57",0
2026 03 12 13:04:52:137,-3.9675,-6.78875,"0,27",12,5,"12,71","3,54","70,82","5,57","-15,62"
2026 03 12 13:04:52:139,-3.9675,-6.70125,"0,27",12,5,"12,71","3,54","70,82","5,57","-3,91"
2026 03 12 13:04:52:141,-3.9985,-6.78875,"0,27",12,5,"12,71","3,54","70,82","5,57",0
2026 03 12 13:04:52:143,-3.9675,-6.78875,"0,27",12,5,"12,71","3,54","70,82","5,57",0
2026 03 12 13:04:52:145,-3.9675,-6.78875,"0,27",12,5,"12,71","3,54","70,82","5,57",0
2026 03 12 13:04:52:147,-3.9985,-6.78875,"0,27",12,5,"12,71","3,54","70,82","5,57",0
2026 03 12 13:04:52:149,-3.9334,-6.70125,"0,27",12,5,"12,71","3,54","70,82","5,57",0
2026 03 12 13:04:52:151,-3.9675,-6.78875,"0,27",12,5,"12,71","3,54","70,82","5,57","19,53"
2026 03 12 13:04:52:153,-3.9675,-6.70125,"0,27",12,5,"12,71","3,54","70,82","5,57","15,63"
2026 03 12 13:04:52:155,-3.9675,-6.78875,"0,27",12,5,"12,71","3,54","70,82","5,57",0
2026 03 12 13:04:52:157,-3.9334,-6.70125,"0,27",12,5,"12,71","3,54","70,82","5,57","-19,53"
2026 03 12 13:04:52:159,-3.9675,-6.78875,"0,27",12,5,"12,71","3,54","70,82","5,57","-7,81"
2026 03 12 13:04:52:161,-3.9675,-6.78875,"0,27",12,5,"12,71","3,54","70,82","5,57",0
2026 03 12 13:04:52:163,-3.9334,-6.70125,"0,27",12,5,"12,71","3,54","70,82","5,57",0
2026 03 12 13:04:52:165,-3.9675,-6.70125,"0,27",12,5,"12,71","3,54","70,82","5,57",0
2026 03 12 13:04:52:167,-3.9675,-6.78875,"0,27",12,5,"12,71","3,54","70,82","5,57",0
2026 03 12 13:04:52:169,-3.9334,-6.78875,"0,27",12,5,"12,71","3,54","70,82","5,57",0
2026 03 12 13:04:52:171,-3.9675,-6.78875,"0,27",12,5,"12,71","3,54","70,82","5,57","15,63"
2026 03 12 13:04:52:173,-3.9675,-6.78875,"0,27",12,5,"12,71","3,54","70,82","5,57","15,63"
2026 03 12 13:04:52:175,-3.9675,-6.78875,"0,27",12,5,"12,71","3,54","70,82","5,57",0
2026 03 12 13:04:52:177,-3.9985,-6.78875,"0,27",12,5,"12,71","3,54","70,82","5,57","-15,62"
2026 03 12 13:04:52:179,-3.9675,-6.78875,"0,27",12,5,"12,71","3,54","70,82","5,57","-7,81"
2026 03 12 13:04:52:181,-3.9675,-6.78875,"0,27",12,5,"12,71","3,54","70,82","5,57",0
2026 03 12 13:04:52:183,-3.9675,-6.78875,"0,27",12,5,"12,71","3,54","70,82","5,57",0
2026 03 12 13:04:52:185,-3.9675,-6.87625,"0,27",12,5,"12,71","3,54","70,82","5,57",0
2026 03 12 13:04:52:187,-3.9334,-6.78875,"0,27",12,5,"12,71","3,54","70,82","5,57",0
2026 03 12 13:04:52:189,-3.9985,-6.78875,"0,27",12,5,"12,71","3,54","70,82","5,57",0
2026 03 12 13:04:52:191,-3.9334,-6.78875,"0,27",12,5,"12,71","3,54","70,82","5,57","19,53"
2026 03 12 13:04:52:193,-3.9675,-6.78875,"0,27",12,5,"12,71","3,54","70,82","5,57","19,53"
2026 03 12 13:04:52:195,-3.9675,-6.78875,"0,27",12,5,"12,71","3,54","70,82","5,57",0
2026 03 12 13:04:52:197,-3.9675,-6.78875,"0,27",12,5,"12,71","3,54","70,82","5,57","-11,72"
2026 03 12 13:04:52:199,-3.9675,-6.78875,"0,27",12,5,"12,71","3,54","70,82","5,57","-7,81"
2026 03 12 13:04:52:201,-3.9675,-6.70125,"0,27",12,5,"12,71","3,54","70,82","5,57",0
2026 03 12 13:04:52:203,-3.9675,-6.78875,"0,27",12,5,"12,71","3,54","70,82","5,57",0
2026 03 12 13:04:52:205,-3.9675,-6.70125,"0,27",12,5,"12,71","3,54","70,82","5,57",0
2026 03 12 13:04:52:207,-3.9675,-6.78875,"0,27",12,5,"12,71","3,54","70,82","5,57",0
2026 03 12 13:04:52:209,-3.9675,-6.70125,"0,27",12,5,"12,71","3,54","70,82","5,57",0
2026 03 12 13:04:52:211,-3.9675,-6.78875,"0,27",12,5,"12,71","3,54","70,82","5,57","19,53"
2026 03 12 13:04:52:213,-3.9334,-6.78875,"0,27",12,5,"12,71","3,54","70,82","5,57","23,44"
2026 03 12 13:04:52:215,-3.9985,-6.70125,"0,27",12,5,"12,71","3,54","70,82","5,57",0
2026 03 12 13:04:52:217,-3.9985,-6.78875,"0,27",12,5,"12,71","3,54","70,82","5,57","-11,72"
2026 03 12 13:04:52:219,-3.9675,-6.78875,"0,27",12,5,"12,71","3,54","70,82","5,57","-7,81"
2026 03 12 13:04:52:221,-3.9675,-6.78875,"0,27",12,5,"12,71","3,54","70,82","5,57",0
2026 03 12 13:04:52:223,-3.9675,-6.78875,"0,27",12,5,"12,71","3,54","70,82","5,57",0
2026 03 12 13:04:52:225,-3.9675,-6.70125,"0,27",12,5,"12,71","3,54","70,82","5,57",0
2026 03 12 13:04:52:227,-3.9675,-6.78875,"0,27",12,5,"12,71","3,54","70,82","5,57","3,91"
2026 03 12 13:04:52:229,-3.9675,-6.78875,"0,27",12,5,"12,71","3,54","70,82","5,57",0
2026 03 12 13:04:52:231,-3.9675,-6.87625,"0,27",12,5,"12,71","3,54","70,82","5,57","23,44"
2026 03 12 13:04:52:233,-3.9675,-6.78875,"0,27",12,5,"12,71","3,54","70,82","5,57","23,44"
2026 03 12 13:04:52:235,-3.9334,-6.78875,"0,27",12,5,"12,71","3,54","70,82","5,57",0
2026 03 12 13:04:52:237,-3.9675,-6.78875,"0,27",12,5,"12,71","3,54","70,82","5,57","-11,72"
2026 03 12 13:04:52:239,-3.9675,-6.78875,"0,27",12,5,"12,71","3,54","70,82","5,57","-3,91"
2026 03 12 13:04:52:241,-3.9985,-6.78875,"0,27",12,5,"12,71","3,54","70,82","5,57",0
2026 03 12 13:04:52:243,-3.9985,-6.78875,"0,27",12,5,"12,71","3,54","70,82","5,57",0
2026 03 12 13:04:52:245,-3.9985,-6.78875,"0,27",12,5,"12,71","3,54","70,82","5,57",0
2026 03 12 13:04:52:247,-3.9675,-6.70125,"0,27",12,5,"12,71","3,54","70,82","5,57",0
2026 03 12 13:04:52:249,-3.9675,-6.70125,"0,27",12,5,"12,71","3,54","70,82","5,57",0
2026 03 12 13:04:52:251,-3.9675,-6.70125,"0,27",12,5,"12,71","3,54","70,82","5,57","23,44"
2026 03 12 13:04:52:253,-3.9675,-6.78875,"0,27",12,5,"12,71","3,54","70,82","5,57","19,53"
2026 03 12 13:04:52:255,-3.9675,-6.78875,"0,27",12,5,"12,71","3,54","70,82","5,57",0
2026 03 12 13:04:52:257,-3.9675,-6.70125,"0,27",12,5,"12,71","3,54","70,82","5,57","-15,62"
2026 03 12 13:04:52:259,-3.9675,-6.70125,"0,27",12,5,"12,71","3,54","70,82","5,57","-7,81"
2026 03 12 13:04:52:261,-3.9675,-6.78875,"0,27",12,5,"12,71","3,54","70,82","5,57",0
2026 03 12 13:04:52:263,-3.9675,-6.78875,"0,27",12,5,"12,71","3,54","70,82","5,57",0
2026 03 12 13:04:52:265,-3.9675,-6.70125,"0,27",12,5,"12,71","3,54","70,82","5,57",0
2026 03 12 13:04:52:267,-3.9675,-6.78875,"0,27",12,5,"12,71","3,54","70,82","5,57",0
2026 03 12 13:04:52:269,-3.9675,-6.78875,"0,27",12,5,"12,71","3,54","70,82","5,57",0
2026 03 12 13:04:52:271,-3.9675,-6.70125,"0,27",12,5,"12,71","3,54","70,82","5,57","19,53"
2026 03 12 13:04:52:273,-3.9675,-6.78875,"0,27",12,5,"12,71","3,54","70,82","5,57","19,53"
2026 03 12 13:04:52:275,-3.9334,-6.78875,"0,27",12,5,"12,71","3,54","70,82","5,57",0
2026 03 12 13:04:52:277,-3.9675,-6.78875,"0,27",12,5,"12,71","3,54","70,82","5,57","-11,72"
2026 03 12 13:04:52:279,-3.9334,-6.78875,"0,27",12,5,"12,71","3,54","70,82","5,57","-3,91"
2026 03 12 13:04:52:281,-3.9334,-6.70125,"0,27",12,5,"12,71","3,54","70,82","5,57",0
2026 03 12 13:04:52:283,-3.9985,-6.78875,"0,27",12,5,"12,71","3,54","70,82","5,57",0
2026 03 12 13:04:52:285,-3.9675,-6.78875,"0,27",12,5,"12,71","3,54","70,82","5,57",0
2026 03 12 13:04:52:287,-3.9675,-6.78875,"0,27",12,5,"12,71","3,54","70,82","5,57",0
2026 03 12 13:04:52:289,-3.9334,-6.70125,"0,27",12,5,"12,71","3,54","70,82","5,57",0
2026 03 12 13:04:52:291,-3.9985,-6.78875,"0,27",12,5,"12,71","3,54","70,82","5,57","19,53"
2026 03 12 13:04:52:293,-3.9334,-6.70125,"0,27",12,5,"12,71","3,54","70,82","5,57","19,53"
2026 03 12 13:04:52:295,-3.9334,-6.70125,"0,27",12,5,"12,71","3,54","70,82","5,57","3,91"
2026 03 12 13:04:52:297,-3.9675,-6.78875,"0,27",12,5,"12,71","3,54","70,82","5,57","-11,72"
2026 03 12 13:04:52:299,-3.9675,-6.78875,"0,27",12,5,"12,71","3,54","70,82","5,57","-7,81"
2026 03 12 13:04:52:301,-3.9985,-6.78875,"0,27",12,5,"12,71","3,54","70,82","5,57",0
2026 03 12 13:04:52:303,-3.9675,-6.70125,"0,27",12,5,"12,71","3,54","70,82","5,57",0
2026 03 12 13:04:52:305,-3.9675,-6.78875,"0,27",12,5,"12,71","3,54","70,82","5,57",0
2026 03 12 13:04:52:307,-3.9675,-6.78875,"0,27",12,5,"12,71","3,54","70,82","5,57",0
2026 03 12 13:04:52:309,-3.9675,-6.78875,"0,27",12,5,"12,71","3,54","70,82","5,57",0
2026 03 12 13:04:52:311,-3.9675,-6.78875,"0,27",12,4,"11,84","1,18","56,85","4,8","19,53"
2026 03 12 13:04:52:313,-3.9675,-6.78875,"0,27",12,4,"11,84","1,18","56,85","4,8","19,53"
2026 03 12 13:04:52:315,-3.9675,-6.70125,"0,27",12,4,"11,84","1,18","56,85","4,8","3,91"
2026 03 12 13:04:52:317,-3.9675,-6.87625,"0,27",12,4,"11,84","1,18","56,85","4,8","-11,72"
2026 03 12 13:04:52:319,-3.9675,-6.78875,"0,27",12,4,"11,84","1,18","56,85","4,8","-3,91"
2026 03 12 13:04:52:321,-3.9334,-6.78875,"0,27",12,4,"11,84","1,18","56,85","4,8",0
2026 03 12 13:04:52:323,-3.9985,-6.78875,"0,27",12,4,"11,84","1,18","56,85","4,8",0
2026 03 12 13:04:52:325,-3.9675,-6.78875,"0,27",12,4,"11,84","1,18","56,85","4,8",0
2026 03 12 13:04:52:327,-3.9675,-6.78875,"0,27",12,4,"11,84","1,18","56,85","4,8","3,91"
2026 03 12 13:04:52:329,-3.9675,-6.78875,"0,27",12,4,"11,84","1,18","56,85","4,8",0
2026 03 12 13:04:52:331,-3.9675,-6.78875,"0,27",12,4,"11,84","1,18","56,85","4,8","19,53"
2026 03 12 13:04:52:333,-3.9675,-6.78875,"0,27",12,4,"11,84","1,18","56,85","4,8","19,53"
2026 03 12 13:04:52:335,-3.9985,-6.70125,"0,27",12,4,"11,84","1,18","56,85","4,8",0
2026 03 12 13:04:52:337,-3.9675,-6.78875,"0,27",12,4,"11,84","1,18","56,85","4,8","-11,72"
2026 03 12 13:04:52:339,-3.9675,-6.78875,"0,27",12,4,"11,84","1,18","56,85","4,8","-3,91"
2026 03 12 13:04:52:341,-3.9675,-6.78875,"0,27",12,4,"11,84","1,18","56,85","4,8",0
2026 03 12 13:04:52:343,-3.9675,-6.78875,"0,27",12,4,"11,84","1,18","56,85","4,8",0
2026 03 12 13:04:52:345,-3.9675,-6.78875,"0,27",12,4,"11,84","1,18","56,85","4,8",0
2026 03 12 13:04:52:347,-3.9675,-6.78875,"0,27",12,4,"11,84","1,18","56,85","4,8",0
2026 03 12 13:04:52:349,-3.9675,-6.78875,"0,27",12,4,"11,84","1,18","56,85","4,8",0
2026 03 12 13:04:52:351,-3.9675,-6.78875,"0,27",12,4,"11,84","1,18","56,85","4,8","19,53"
2026 03 12 13:04:52:353,-3.9675,-6.87625,"0,27",12,4,"11,84","1,18","56,85","4,8","19,53"
2026 03 12 13:04:52:355,-3.9675,-6.78875,"0,27",12,4,"11,84","1,18","56,85","4,8","3,91"
2026 03 12 13:04:52:357,-3.9985,-6.70125,"0,27",12,4,"11,84","1,18","56,85","4,8","-15,62"
2026 03 12 13:04:52:359,-3.9675,-6.87625,"0,27",12,4,"11,84","1,18","56,85","4,8","-3,91"
2026 03 12 13:04:52:361,-3.9675,-6.70125,"0,27",12,4,"11,84","1,18","56,85","4,8",0
2026 03 12 13:04:52:363,-3.9675,-6.78875,"0,27",12,4,"11,84","1,18","56,85","4,8",0
2026 03 12 13:04:52:365,-3.9675,-6.70125,"0,27",12,4,"11,84","1,18","56,85","4,8",0
2026 03 12 13:04:52:367,-3.9334,-6.78875,"0,27",12,4,"11,84","1,18","56,85","4,8",0
2026 03 12 13:04:52:369,-3.9675,-6.70125,"0,27",12,4,"11,84","1,18","56,85","4,8",0
2026 03 12 13:04:52:371,-3.9334,-6.78875,"0,27",12,4,"11,84","1,18","56,85","4,8","19,53"
2026 03 12 13:04:52:373,-3.9675,-6.78875,"0,27",12,4,"11,84","1,18","56,85","4,8","19,53"
2026 03 12 13:04:52:375,-3.9334,-6.78875,"0,27",12,4,"11,84","1,18","56,85","4,8","3,91"
2026 03 12 13:04:52:377,-3.9675,-6.78875,"0,27",12,4,"11,84","1,18","56,85","4,8","-11,72"
2026 03 12 13:04:52:379,-3.9675,-6.70125,"0,27",12,4,"11,84","1,18","56,85","4,8","-3,91"
2026 03 12 13:04:52:381,-3.9675,-6.78875,"0,27",12,4,"11,84","1,18","56,85","4,8",0
2026 03 12 13:04:52:383,-3.9675,-6.78875,"0,27",12,4,"11,84","1,18","56,85","4,8",0
2026 03 12 13:04:52:385,-3.9985,-6.70125,"0,27",12,4,"11,84","1,18","56,85","4,8",0
2026 03 12 13:04:52:387,-3.9334,-6.78875,"0,27",12,4,"11,84","1,18","56,85","4,8",0
2026 03 12 13:04:52:389,-3.9675,-6.78875,"0,27",12,4,"11,84","1,18","56,85","4,8",0
2026 03 12 13:04:52:391,-3.9675,-6.78875,"0,27",12,4,"11,84","1,18","56,85","4,8","19,53"
2026 03 12 13:04:52:393,-3.9675,-6.70125,"0,27",12,4,"11,84","1,18","56,85","4,8","19,53"
2026 03 12 13:04:52:395,-3.9675,-6.70125,"0,27",12,4,"11,84","1,18","56,85","4,8",0
2026 03 12 13:04:52:397,-3.9334,-6.78875,"0,27",12,4,"11,84","1,18","56,85","4,8","-15,62"
2026 03 12 13:04:52:399,-3.9675,-6.70125,"0,27",12,4,"11,84","1,18","56,85","4,8","-3,91"
2026 03 12 13:04:52:401,-3.9985,-6.70125,"0,27",12,4,"11,84","1,18","56,85","4,8",0
2026 03 12 13:04:52:403,-3.9675,-6.78875,"0,27",12,4,"11,84","1,18","56,85","4,8",0
2026 03 12 13:04:52:405,-3.9675,-6.70125,"0,27",12,4,"11,84","1,18","56,85","4,8",0
2026 03 12 13:04:52:407,-3.9675,-6.70125,"0,27",12,4,"11,84","1,18","56,85","4,8",0
2026 03 12 13:04:52:409,-3.9334,-6.78875,"0,27",12,4,"11,84","1,18","56,85","4,8",0
2026 03 12 13:04:52:411,-3.9334,-6.70125,"0,27",12,4,"11,84","1,18","56,85","4,8","19,53"
2026 03 12 13:04:52:413,-3.9675,-6.78875,"0,27",12,4,"11,84","1,18","56,85","4,8","15,63"
2026 03 12 13:04:52:415,-3.9675,-6.78875,"0,27",12,4,"11,84","1,18","56,85","4,8",0
2026 03 12 13:04:52:417,-3.9985,-6.78875,"0,27",12,4,"11,84","1,18","56,85","4,8","-15,62"
2026 03 12 13:04:52:419,-3.9675,-6.78875,"0,27",12,4,"11,84","1,18","56,85","4,8","-3,91"
2026 03 12 13:04:52:421,-3.9675,-6.78875,"0,27",12,4,"11,84","1,18","56,85","4,8",0
2026 03 12 13:04:52:423,-3.9675,-6.87625,"0,27",12,4,"11,84","1,18","56,85","4,8",0
2026 03 12 13:04:52:425,-3.9675,-6.78875,"0,27",12,4,"11,84","1,18","56,85","4,8",0
2026 03 12 13:04:52:427,-3.9675,-6.78875,"0,27",12,4,"11,84","1,18","56,85","4,8",0
2026 03 12 13:04:52:429,-3.9675,-6.78875,"0,27",12,4,"11,84","1,18","56,85","4,8",0
2026 03 12 13:04:52:431,-3.9675,-6.78875,"0,27",12,4,"11,84","1,18","56,85","4,8","19,53"
2026 03 12 13:04:52:433,-3.9675,-6.87625,"0,27",12,4,"11,84","1,18","56,85","4,8","15,63"
2026 03 12 13:04:52:435,-3.9675,-6.78875,"0,27",12,4,"11,84","1,18","56,85","4,8",0
2026 03 12 13:04:52:437,-3.9985,-6.78875,"0,27",12,4,"11,84","1,18","56,85","4,8","-15,62"
2026 03 12 13:04:52:439,-3.9675,-6.78875,"0,27",12,4,"11,84","1,18","56,85","4,8","-3,91"
2026 03 12 13:04:52:441,-3.9675,-6.78875,"0,27",12,4,"11,84","1,18","56,85","4,8",0
2026 03 12 13:04:52:443,-3.9675,-6.78875,"0,27",12,4,"11,84","1,18","56,85","4,8",0
2026 03 12 13:04:52:445,-3.9985,-6.78875,"0,27",12,4,"11,84","1,18","56,85","4,8",0
2026 03 12 13:04:52:447,-3.9675,-6.78875,"0,27",12,4,"11,84","1,18","56,85","4,8",0
2026 03 12 13:04:52:449,-3.9675,-6.78875,"0,27",12,4,"11,84","1,18","56,85","4,8",0
2026 03 12 13:04:52:451,-3.9675,-6.78875,"0,27",12,4,"11,84","1,18","56,85","4,8","19,53"
2026 03 12 13:04:52:453,-3.9675,-6.78875,"0,27",12,4,"11,84","1,18","56,85","4,8","19,53"
2026 03 12 13:04:52:455,-3.9675,-6.78875,"0,27",12,4,"11,84","1,18","56,85","4,8",0
2026 03 12 13:04:52:457,-3.9675,-6.78875,"0,27",12,4,"11,84","1,18","56,85","4,8","-11,72"
2026 03 12 13:04:52:459,-3.9675,-6.70125,"0,27",12,4,"11,84","1,18","56,85","4,8","-7,81"
2026 03 12 13:04:52:461,-3.9334,-6.70125,"0,27",12,4,"11,84","1,18","56,85","4,8",0
2026 03 12 13:04:52:463,-3.9334,-6.78875,"0,27",12,4,"11,84","1,18","56,85","4,8",0
2026 03 12 13:04:52:465,-3.9334,-6.78875,"0,27",12,4,"11,84","1,18","56,85","4,8",0
2026 03 12 13:04:52:467,-3.9675,-6.78875,"0,27",12,4,"11,84","1,18","56,85","4,8",0
2026 03 12 13:04:52:469,-3.9675,-6.78875,"0,27",12,4,"11,84","1,18","56,85","4,8",0
2026 03 12 13:04:52:471,-3.9675,-6.78875,"0,27",12,4,"11,84","1,18","56,85","4,8","23,44"
2026 03 12 13:04:52:473,-3.9334,-6.78875,"0,27",12,4,"11,84","1,18","56,85","4,8","23,44"
2026 03 12 13:04:52:475,-3.9334,-6.70125,"0,27",12,4,"11,84","1,18","56,85","4,8",0
2026 03 12 13:04:52:477,-3.9675,-6.78875,"0,27",12,4,"11,84","1,18","56,85","4,8","-11,72"
2026 03 12 13:04:52:479,-3.9334,-6.78875,"0,27",12,4,"11,84","1,18","56,85","4,8","-3,91"
2026 03 12 13:04:52:481,-3.9675,-6.70125,"0,27",12,4,"11,84","1,18","56,85","4,8",0
2026 03 12 13:04:52:483,-3.9675,-6.78875,"0,27",12,4,"11,84","1,18","56,85","4,8",0
2026 03 12 13:04:52:485,-3.9675,-6.78875,"0,27",12,4,"11,84","1,18","56,85","4,8",0
2026 03 12 13:04:52:487,-3.9334,-6.78875,"0,27",12,4,"11,84","1,18","56,85","4,8",0
2026 03 12 13:04:52:489,-3.9675,-6.87625,"0,27",12,4,"11,84","1,18","56,85","4,8",0
2026 03 12 13:04:52:491,-3.9675,-6.70125,"0,27",12,4,"11,84","1,18","56,85","4,8","19,53"
2026 03 12 13:04:52:493,-3.9985,-6.78875,"0,27",12,4,"11,84","1,18","56,85","4,8","23,44"
2026 03 12 13:04:52:495,-3.9985,-6.78875,"0,27",12,4,"11,84","1,18","56,85","4,8","3,91"
2026 03 12 13:04:52:497,-3.9334,-6.70125,"0,27",12,4,"11,84","1,18","56,85","4,8","-11,72"
2026 03 12 13:04:52:499,-3.9675,-6.70125,"0,27",12,4,"11,84","1,18","56,85","4,8","-3,91"
2026 03 12 13:04:52:501,-3.9985,-6.78875,"0,27",12,4,"11,84","1,18","56,85","4,8",0
2026 03 12 13:04:52:503,-3.9675,-6.70125,"0,27",12,4,"11,84","1,18","56,85","4,8",0
2026 03 12 13:04:52:505,-3.9985,-6.70125,"0,27",12,4,"11,84","1,18","56,85","4,8",0
2026 03 12 13:04:52:507,-3.9985,-6.78875,"0,27",12,4,"11,84","1,18","56,85","4,8",0
2026 03 12 13:04:52:509,-3.9675,-6.78875,"0,27",12,4,"11,84","1,18","56,85","4,8",0
2026 03 12 13:04:52:511,-3.9675,-6.70125,"0,27",12,4,"11,84","1,18","56,85","4,8","19,53"
2026 03 12 13:04:52:513,-3.9334,-6.78875,"0,27",12,4,"11,84","1,18","56,85","4,8","19,53"
2026 03 12 13:04:52:515,-3.9675,-6.70125,"0,27",12,4,"11,84","1,18","56,85","4,8","3,91"
2026 03 12 13:04:52:517,-3.9675,-6.70125,"0,27",12,4,"11,84","1,18","56,85","4,8","-11,72"
2026 03 12 13:04:52:519,-3.9675,-6.70125,"0,27",12,4,"11,84","1,18","56,85","4,8","-3,91"
2026 03 12 13:04:52:521,-3.9675,-6.78875,"0,27",12,4,"11,84","1,18","56,85","4,8",0
2026 03 12 13:04:52:523,-3.9985,-6.78875,"0,27",12,4,"11,84","1,18","56,85","4,8",0
2026 03 12 13:04:52:525,-3.9675,-6.78875,"0,27",12,4,"11,84","1,18","56,85","4,8",0
2026 03 12 13:04:52:527,-3.9675,-6.78875,"0,27",12,4,"11,84","1,18","56,85","4,8",0
2026 03 12 13:04:52:529,-3.9675,-6.78875,"0,27",12,4,"11,84","1,18","56,85","4,8",0
2026 03 12 13:04:52:531,-3.9675,-6.78875,"0,27",12,4,"11,84","1,18","56,85","4,8","19,53"
2026 03 12 13:04:52:533,-3.9675,-6.70125,"0,27",12,4,"11,84","1,18","56,85","4,8","19,53"
2026 03 12 13:04:52:535,-3.9985,-6.70125,"0,27",12,4,"11,84","1,18","56,85","4,8",0
2026 03 12 13:04:52:537,-3.9985,-6.78875,"0,27",12,4,"11,84","1,18","56,85","4,8","-11,72"
2026 03 12 13:04:52:539,-3.9675,-6.78875,"0,27",12,4,"11,84","1,18","56,85","4,8","-3,91"
2026 03 12 13:04:52:541,-3.9675,-6.78875,"0,27",12,4,"11,84","1,18","56,85","4,8",0
2026 03 12 13:04:52:543,-3.9675,-6.78875,"0,27",12,4,"11,84","1,18","56,85","4,8",0
2026 03 12 13:04:52:545,-3.9985,-6.78875,"0,27",12,4,"11,84","1,18","56,85","4,8",0
2026 03 12 13:04:52:547,-3.9675,-6.78875,"0,27",12,4,"11,84","1,18","56,85","4,8",0
2026 03 12 13:04:52:549,-3.9675,-6.78875,"0,27",12,4,"11,84","1,18","56,85","4,8",0
2026 03 12 13:04:52:551,-3.9675,-6.78875,"0,27",12,4,"11,84","1,18","56,85","4,8","19,53"
2026 03 12 13:04:52:553,-3.9675,-6.78875,"0,27",12,4,"11,84","1,18","56,85","4,8","19,53"
2026 03 12 13:04:52:555,-3.9334,-6.78875,"0,27",12,4,"11,84","1,18","56,85","4,8","3,91"
2026 03 12 13:04:52:557,-3.9334,-6.78875,"0,27",12,4,"11,84","1,18","56,85","4,8","-11,72"
2026 03 12 13:04:52:559,-3.9675,-6.78875,"0,27",12,4,"11,84","1,18","56,85","4,8","-3,91"
2026 03 12 13:04:52:561,-3.9985,-6.87625,"0,27",12,4,"11,84","1,18","56,85","4,8",0
2026 03 12 13:04:52:563,-3.9675,-6.78875,"0,27",12,4,"11,84","1,18","56,85","4,8",0
2026 03 12 13:04:52:565,-3.9985,-6.61375,"0,27",12,4,"11,84","1,18","56,85","4,8",0
2026 03 12 13:04:52:567,-3.9675,-6.78875,"0,27",12,4,"11,84","1,18","56,85","4,8",0
2026 03 12 13:04:52:569,-3.9985,-6.70125,"0,27",12,4,"11,84","1,18","56,85","4,8",0
2026 03 12 13:04:52:571,-3.9985,-6.78875,"0,27",12,4,"11,84","1,18","56,85","4,8","19,53"
2026 03 12 13:04:52:573,-3.9985,-6.78875,"0,27",12,4,"11,84","1,18","56,85","4,8","19,53"
2026 03 12 13:04:52:575,-3.9675,-6.78875,"0,27",12,4,"11,84","1,18","56,85","4,8",0
2026 03 12 13:04:52:577,-3.9675,-6.78875,"0,27",12,4,"11,84","1,18","56,85","4,8","-11,72"
2026 03 12 13:04:52:579,-3.9675,-6.78875,"0,27",12,4,"11,84","1,18","56,85","4,8","-3,91"
2026 03 12 13:04:52:581,-3.9675,-6.78875,"0,27",12,4,"11,84","1,18","56,85","4,8",0
2026 03 12 13:04:52:583,-3.9334,-6.78875,"0,27",12,4,"11,84","1,18","56,85","4,8",0
2026 03 12 13:04:52:585,-3.9675,-6.78875,"0,27",12,4,"11,84","1,18","56,85","4,8",0
2026 03 12 13:04:52:587,-3.9334,-6.78875,"0,27",12,4,"11,84","1,18","56,85","4,8",0
2026 03 12 13:04:52:589,-3.9334,-6.78875,"0,27",12,4,"11,84","1,18","56,85","4,8",0
2026 03 12 13:04:52:591,-3.9985,-6.78875,"0,27",12,4,"11,84","1,18","56,85","4,8","19,53"
2026 03 12 13:04:52:593,-3.9985,-6.78875,"0,27",12,4,"11,84","1,18","56,85","4,8","23,44"
2026 03 12 13:04:52:595,-3.9675,-6.70125,"0,27",12,4,"11,84","1,18","56,85","4,8","3,91"
2026 03 12 13:04:52:597,-3.9675,-6.70125,"0,27",12,4,"11,84","1,18","56,85","4,8","-11,72"
2026 03 12 13:04:52:599,-3.9985,-6.78875,"0,27",12,4,"11,84","1,18","56,85","4,8","-3,91"
2026 03 12 13:04:52:601,-3.9675,-6.78875,"0,27",12,4,"11,84","1,18","56,85","4,8",0
2026 03 12 13:04:52:603,-3.9334,-6.78875,"0,27",12,4,"11,84","1,18","56,85","4,8",0
2026 03 12 13:04:52:605,-3.9675,-6.78875,"0,27",12,4,"11,84","1,18","56,85","4,8",0
2026 03 12 13:04:52:607,-3.9675,-6.78875,"0,27",12,4,"11,84","1,18","56,85","4,8",0
2026 03 12 13:04:52:609,-3.9675,-6.70125,"0,27",12,4,"11,84","1,18","56,85","4,8","3,91"
2026 03 12 13:04:52:611,-3.9985,-6.78875,"0,27",12,4,"11,84","1,18","56,85","4,8","19,53"
2026 03 12 13:04:52:613,-3.9334,-6.78875,"0,27",12,3,"11,67","0,77","40,05","3,43","23,44"
2026 03 12 13:04:52:615,-3.9675,-6.70125,"0,27",12,3,"11,67","0,77","40,05","3,43","3,91"
2026 03 12 13:04:52:617,-3.9985,-6.78875,"0,27",12,3,"11,67","0,77","40,05","3,43","-15,62"
2026 03 12 13:04:52:619,-3.9675,-6.78875,"0,27",12,3,"11,67","0,77","40,05","3,43","-3,91"
2026 03 12 13:04:52:621,-3.9985,-6.78875,"0,27",12,3,"11,67","0,77","40,05","3,43",0
2026 03 12 13:04:52:623,-3.9675,-6.78875,"0,27",12,3,"11,67","0,77","40,05","3,43","3,91"
2026 03 12 13:04:52:625,-3.9985,-6.78875,"0,27",12,3,"11,67","0,77","40,05","3,43",0
2026 03 12 13:04:52:627,-3.9675,-6.78875,"0,27",12,3,"11,67","0,77","40,05","3,43",0
2026 03 12 13:04:52:629,-3.9985,-6.78875,"0,27",12,3,"11,67","0,77","40,05","3,43",0
2026 03 12 13:04:52:631,-3.9675,-6.70125,"0,27",12,3,"11,67","0,77","40,05","3,43","19,53"
2026 03 12 13:04:52:633,-3.9675,-6.78875,"0,27",12,3,"11,67","0,77","40,05","3,43","19,53"
2026 03 12 13:04:52:635,-3.9675,-6.87625,"0,27",12,3,"11,67","0,77","40,05","3,43","3,91"
2026 03 12 13:04:52:637,-3.9675,-6.78875,"0,27",12,3,"11,67","0,77","40,05","3,43","-15,62"
2026 03 12 13:04:52:639,-3.9675,-6.78875,"0,27",12,3,"11,67","0,77","40,05","3,43","-3,91"
2026 03 12 13:04:52:641,-3.9675,-6.78875,"0,27",12,3,"11,67","0,77","40,05","3,43",0
2026 03 12 13:04:52:643,-3.9675,-6.87625,"0,27",12,3,"11,67","0,77","40,05","3,43",0
2026 03 12 13:04:52:645,-3.9675,-6.70125,"0,27",12,3,"11,67","0,77","40,05","3,43",0
2026 03 12 13:04:52:647,-3.9675,-6.70125,"0,27",12,3,"11,67","0,77","40,05","3,43",0
2026 03 12 13:04:52:649,-3.9675,-6.70125,"0,27",12,3,"11,67","0,77","40,05","3,43",0
2026 03 12 13:04:52:651,-3.9675,-6.78875,"0,27",12,3,"11,67","0,77","40,05","3,43","19,53"
2026 03 12 13:04:52:653,-3.9675,-6.78875,"0,27",12,3,"11,67","0,77","40,05","3,43","19,53"
2026 03 12 13:04:52:655,-3.9334,-6.87625,"0,27",12,3,"11,67","0,77","40,05","3,43","3,91"
2026 03 12 13:04:52:657,-3.9675,-6.70125,"0,27",12,3,"11,67","0,77","40,05","3,43","-15,62"
2026 03 12 13:04:52:659,-3.9675,-6.78875,"0,27",12,3,"11,67","0,77","40,05","3,43","-3,91"
2026 03 12 13:04:52:661,-3.9675,-6.78875,"0,27",12,3,"11,67","0,77","40,05","3,43",0
2026 03 12 13:04:52:663,-3.9985,-6.70125,"0,27",12,3,"11,67","0,77","40,05","3,43",0
2026 03 12 13:04:52:665,-3.9675,-6.78875,"0,27",12,3,"11,67","0,77","40,05","3,43",0
2026 03 12 13:04:52:667,-3.9334,-6.70125,"0,27",12,3,"11,67","0,77","40,05","3,43",0
2026 03 12 13:04:52:669,-3.9675,-6.70125,"0,27",12,3,"11,67","0,77","40,05","3,43",0
2026 03 12 13:04:52:671,-3.9675,-6.70125,"0,27",12,3,"11,67","0,77","40,05","3,43","19,53"
2026 03 12 13:04:52:673,-3.9985,-6.70125,"0,27",12,3,"11,67","0,77","40,05","3,43","19,53"
2026 03 12 13:04:52:675,-3.9675,-6.78875,"0,27",12,3,"11,67","0,77","40,05","3,43",0
2026 03 12 13:04:52:677,-3.9675,-6.78875,"0,27",12,3,"11,67","0,77","40,05","3,43","-15,62"
2026 03 12 13:04:52:679,-3.9675,-6.87625,"0,27",12,3,"11,67","0,77","40,05","3,43","-3,91"
2026 03 12 13:04:52:681,-3.9675,-6.78875,"0,27",12,3,"11,67","0,77","40,05","3,43",0
2026 03 12 13:04:52:683,-3.9675,-6.87625,"0,27",12,3,"11,67","0,77","40,05","3,43",0
2026 03 12 13:04:52:685,-3.9675,-6.78875,"0,27",12,3,"11,67","0,77","40,05","3,43",0
2026 03 12 13:04:52:687,-3.9985,-6.87625,"0,27",12,3,"11,67","0,77","40,05","3,43",0
2026 03 12 13:04:52:689,-3.9675,-6.78875,"0,27",12,3,"11,67","0,77","40,05","3,43",0
2026 03 12 13:04:52:691,-3.9675,-6.78875,"0,27",12,3,"11,67","0,77","40,05","3,43","19,53"
2026 03 12 13:04:52:693,-3.9675,-6.70125,"0,27",12,3,"11,67","0,77","40,05","3,43","19,53"
2026 03 12 13:04:52:695,-3.9985,-6.78875,"0,27",12,3,"11,67","0,77","40,05","3,43",0
2026 03 12 13:04:52:697,-3.9675,-6.78875,"0,27",12,3,"11,67","0,77","40,05","3,43","-15,62"
2026 03 12 13:04:52:699,-3.9675,-6.70125,"0,27",12,3,"11,67","0,77","40,05","3,43","-3,91"
2026 03 12 13:04:52:701,-3.9985,-6.78875,"0,27",12,3,"11,67","0,77","40,05","3,43",0
2026 03 12 13:04:52:703,-3.9334,-6.70125,"0,27",12,3,"11,67","0,77","40,05","3,43",0
2026 03 12 13:04:52:705,-3.9675,-6.78875,"0,27",12,3,"11,67","0,77","40,05","3,43",0
2026 03 12 13:04:52:707,-3.9675,-6.70125,"0,27",12,3,"11,67","0,77","40,05","3,43",0
2026 03 12 13:04:52:709,-3.9675,-6.78875,"0,27",12,3,"11,67","0,77","40,05","3,43",0
2026 03 12 13:04:52:711,-3.9675,-6.78875,"0,27",12,3,"11,67","0,77","40,05","3,43","19,53"
2026 03 12 13:04:52:713,-3.9334,-6.78875,"0,27",12,3,"11,67","0,77","40,05","3,43","19,53"
2026 03 12 13:04:52:715,-3.9675,-6.78875,"0,27",12,3,"11,67","0,77","40,05","3,43",0
2026 03 12 13:04:52:717,-3.9675,-6.70125,"0,27",12,3,"11,67","0,77","40,05","3,43","-11,72"
2026 03 12 13:04:52:719,-3.9985,-6.78875,"0,27",12,3,"11,67","0,77","40,05","3,43","-3,91"
2026 03 12 13:04:52:721,-3.9675,-6.78875,"0,27",12,3,"11,67","0,77","40,05","3,43",0
2026 03 12 13:04:52:723,-3.9675,-6.78875,"0,27",12,3,"11,67","0,77","40,05","3,43",0
2026 03 12 13:04:52:725,-3.9675,-6.78875,"0,27",12,3,"11,67","0,77","40,05","3,43",0
2026 03 12 13:04:52:727,-3.9675,-6.78875,"0,27",12,3,"11,67","0,77","40,05","3,43",0
2026 03 12 13:04:52:729,-3.9675,-6.78875,"0,27",12,3,"11,67","0,77","40,05","3,43",0
2026 03 12 13:04:52:731,-3.9675,-6.78875,"0,27",12,3,"11,67","0,77","40,05","3,43","23,44"
2026 03 12 13:04:52:733,-3.9675,-6.78875,"0,27",12,3,"11,67","0,77","40,05","3,43","23,44"
2026 03 12 13:04:52:735,-3.9334,-6.87625,"0,27",12,3,"11,67","0,77","40,05","3,43",0
2026 03 12 13:04:52:737,-3.9675,-6.78875,"0,27",12,3,"11,67","0,77","40,05","3,43","-11,72"
2026 03 12 13:04:52:739,-3.9334,-6.78875,"0,27",12,3,"11,67","0,77","40,05","3,43","-3,91"
2026 03 12 13:04:52:741,-3.9675,-6.87625,"0,27",12,3,"11,67","0,77","40,05","3,43",0
2026 03 12 13:04:52:743,-3.9675,-6.70125,"0,27",12,3,"11,67","0,77","40,05","3,43",0
2026 03 12 13:04:52:745,-3.9675,-6.78875,"0,27",12,3,"11,67","0,77","40,05","3,43",0
2026 03 12 13:04:52:747,-3.9675,-6.78875,"0,27",12,3,"11,67","0,77","40,05","3,43",0
2026 03 12 13:04:52:749,-3.9334,-6.70125,"0,27",12,3,"11,67","0,77","40,05","3,43",0
2026 03 12 13:04:52:751,-3.9985,-6.87625,"0,27",12,3,"11,67","0,77","40,05","3,43","23,44"
2026 03 12 13:04:52:753,-3.9334,-6.78875,"0,27",12,3,"11,67","0,77","40,05","3,43","23,44"
2026 03 12 13:04:52:755,-3.9334,-6.78875,"0,27",12,3,"11,67","0,77","40,05","3,43",0
2026 03 12 13:04:52:757,-3.9675,-6.70125,"0,27",12,3,"11,67","0,77","40,05","3,43","-11,72"
2026 03 12 13:04:52:759,-3.9675,-6.70125,"0,27",12,3,"11,67","0,77","40,05","3,43","-3,91"
2026 03 12 13:04:52:761,-3.9985,-6.78875,"0,27",12,3,"11,67","0,77","40,05","3,43",0
2026 03 12 13:04:52:763,-3.9334,-6.78875,"0,27",12,3,"11,67","0,77","40,05","3,43",0
2026 03 12 13:04:52:765,-3.9985,-6.87625,"0,27",12,3,"11,67","0,77","40,05","3,43",0
2026 03 12 13:04:52:767,-3.9675,-6.78875,"0,27",12,3,"11,67","0,77","40,05","3,43",0
2026 03 12 13:04:52:769,-3.9334,-6.87625,"0,27",12,3,"11,67","0,77","40,05","3,43",0
2026 03 12 13:04:52:771,-3.9675,-6.78875,"0,27",12,3,"11,67","0,77","40,05","3,43","19,53"
2026 03 12 13:04:52:773,-3.9675,-6.78875,"0,27",12,3,"11,67","0,77","40,05","3,43","23,44"
2026 03 12 13:04:52:775,-3.9334,-6.78875,"0,27",12,3,"11,67","0,77","40,05","3,43","3,91"
2026 03 12 13:04:52:777,-3.9675,-6.78875,"0,27",12,3,"11,67","0,77","40,05","3,43","-15,62"
2026 03 12 13:04:52:779,-3.9675,-6.78875,"0,27",12,3,"11,67","0,77","40,05","3,43","-3,91"
2026 03 12 13:04:52:781,-3.9675,-6.78875,"0,27",12,3,"11,67","0,77","40,05","3,43",0
2026 03 12 13:04:52:783,-3.9675,-6.78875,"0,27",12,3,"11,67","0,77","40,05","3,43",0
2026 03 12 13:04:52:785,-3.9675,-6.78875,"0,27",12,3,"11,67","0,77","40,05","3,43",0
2026 03 12 13:04:52:787,-3.9675,-6.78875,"0,27",12,3,"11,67","0,77","40,05","3,43",0
2026 03 12 13:04:52:789,-3.9675,-6.87625,"0,27",12,3,"11,67","0,77","40,05","3,43",0
2026 03 12 13:04:52:791,-3.9675,-6.78875,"0,27",12,3,"11,67","0,77","40,05","3,43","23,44"
2026 03 12 13:04:52:793,-3.9675,-6.78875,"0,27",12,3,"11,67","0,77","40,05","3,43","19,53"
2026 03 12 13:04:52:795,-3.9675,-6.78875,"0,27",12,3,"11,67","0,77","40,05","3,43","3,91"
2026 03 12 13:04:52:797,-3.9985,-6.78875,"0,27",12,3,"11,67","0,77","40,05","3,43","-15,62"
2026 03 12 13:04:52:799,-3.9985,-6.78875,"0,27",12,3,"11,67","0,77","40,05","3,43","-3,91"
2026 03 12 13:04:52:801,-3.9985,-6.78875,"0,27",12,3,"11,67","0,77","40,05","3,43",0
2026 03 12 13:04:52:803,-3.9675,-6.87625,"0,27",12,3,"11,67","0,77","40,05","3,43",0
2026 03 12 13:04:52:805,-3.9985,-6.70125,"0,27",12,3,"11,67","0,77","40,05","3,43",0
2026 03 12 13:04:52:807,-3.9675,-6.70125,"0,27",12,3,"11,67","0,77","40,05","3,43",0
2026 03 12 13:04:52:809,-3.9334,-6.70125,"0,27",12,3,"11,67","0,77","40,05","3,43",0
2026 03 12 13:04:52:811,-3.9675,-6.78875,"0,27",12,3,"11,67","0,77","40,05","3,43","19,53"
2026 03 12 13:04:52:813,-3.9675,-6.78875,"0,27",12,3,"11,67","0,77","40,05","3,43","19,53"
2026 03 12 13:04:52:815,-3.9675,-6.78875,"0,27",12,3,"11,67","0,77","40,05","3,43",0
2026 03 12 13:04:52:817,-3.9675,-6.78875,"0,27",12,3,"11,67","0,77","40,05","3,43","-11,72"
2026 03 12 13:04:52:819,-3.9334,-6.78875,"0,27",12,3,"11,67","0,77","40,05","3,43","-3,91"
2026 03 12 13:04:52:821,-3.9675,-6.87625,"0,27",12,3,"11,67","0,77","40,05","3,43",0
2026 03 12 13:04:52:823,-3.9675,-6.78875,"0,27",12,3,"11,67","0,77","40,05","3,43",0
2026 03 12 13:04:52:825,-3.9985,-6.70125,"0,27",12,3,"11,67","0,77","40,05","3,43",0
2026 03 12 13:04:52:827,-3.9675,-6.78875,"0,27",12,3,"11,67","0,77","40,05","3,43",0
2026 03 12 13:04:52:829,-3.9675,-6.78875,"0,27",12,3,"11,67","0,77","40,05","3,43",0
2026 03 12 13:04:52:831,-3.9675,-6.78875,"0,27",12,3,"11,67","0,77","40,05","3,43","19,53"
2026 03 12 13:04:52:833,-3.9675,-6.70125,"0,27",12,3,"11,67","0,77","40,05","3,43","19,53"
2026 03 12 13:04:52:835,-3.9675,-6.78875,"0,27",12,3,"11,67","0,77","40,05","3,43","3,91"
2026 03 12 13:04:52:837,-3.9675,-6.70125,"0,27",12,3,"11,67","0,77","40,05","3,43","-15,62"
2026 03 12 13:04:52:839,-3.9675,-6.70125,"0,27",12,3,"11,67","0,77","40,05","3,43","-3,91"
2026 03 12 13:04:52:841,-3.9675,-6.87625,"0,27",12,3,"11,67","0,77","40,05","3,43",0
2026 03 12 13:04:52:843,-3.9985,-6.78875,"0,27",12,3,"11,67","0,77","40,05","3,43",0
2026 03 12 13:04:52:845,-3.9675,-6.78875,"0,27",12,3,"11,67","0,77","40,05","3,43",0
2026 03 12 13:04:52:847,-3.9675,-6.78875,"0,27",12,3,"11,67","0,77","40,05","3,43",0
2026 03 12 13:04:52:849,-3.9675,-6.70125,"0,27",12,3,"11,67","0,77","40,05","3,43",0
2026 03 12 13:04:52:851,-3.9675,-6.70125,"0,27",12,3,"11,67","0,77","40,05","3,43","23,44"
2026 03 12 13:04:52:853,-3.9334,-6.70125,"0,27",12,3,"11,67","0,77","40,05","3,43","19,53"
2026 03 12 13:04:52:855,-3.9675,-6.78875,"0,27",12,3,"11,67","0,77","40,05","3,43",0
2026 03 12 13:04:52:857,-3.9985,-6.78875,"0,27",12,3,"11,67","0,77","40,05","3,43","-15,62"
2026 03 12 13:04:52:859,-3.9675,-6.78875,"0,27",12,3,"11,67","0,77","40,05","3,43","-3,91"
2026 03 12 13:04:52:861,-3.9675,-6.78875,"0,27",12,3,"11,67","0,77","40,05","3,43",0
2026 03 12 13:04:52:863,-3.9334,-6.78875,"0,27",12,3,"11,67","0,77","40,05","3,43",0
2026 03 12 13:04:52:865,-3.9675,-6.78875,"0,27",12,3,"11,67","0,77","40,05","3,43",0
2026 03 12 13:04:52:867,-3.9985,-6.78875,"0,27",12,3,"11,67","0,77","40,05","3,43",0
2026 03 12 13:04:52:869,-3.9985,-6.78875,"0,27",12,3,"11,67","0,77","40,05","3,43",0
2026 03 12 13:04:52:871,-3.9675,-6.87625,"0,27",12,3,"11,67","0,77","40,05","3,43","23,44"
2026 03 12 13:04:52:873,-3.9675,-6.78875,"0,27",12,3,"11,67","0,77","40,05","3,43","23,44"
2026 03 12 13:04:52:875,-3.9985,-6.78875,"0,27",12,3,"11,67","0,77","40,05","3,43","3,91"
2026 03 12 13:04:52:877,-3.9675,-6.78875,"0,27",12,3,"11,67","0,77","40,05","3,43","-19,53"
2026 03 12 13:04:52:879,-3.9334,-6.70125,"0,27",12,3,"11,67","0,77","40,05","3,43","-3,91"
2026 03 12 13:04:52:881,-3.9675,-6.87625,"0,27",12,3,"11,67","0,77","40,05","3,43",0
2026 03 12 13:04:52:883,-3.9675,-6.78875,"0,27",12,3,"11,67","0,77","40,05","3,43","3,91"
2026 03 12 13:04:52:885,-3.9675,-6.78875,"0,27",12,3,"11,67","0,77","40,05","3,43",0
2026 03 12 13:04:52:887,-3.9675,-6.78875,"0,27",12,3,"11,67","0,77","40,05","3,43",0
2026 03 12 13:04:52:889,-3.9675,-6.78875,"0,27",12,3,"11,67","0,77","40,05","3,43",0
2026 03 12 13:04:52:891,-3.9675,-6.70125,"0,27",12,3,"11,67","0,77","40,05","3,43","23,44"
2026 03 12 13:04:52:893,-3.9334,-6.78875,"0,27",12,3,"11,67","0,77","40,05","3,43","23,44"
2026 03 12 13:04:52:895,-3.9675,-6.78875,"0,27",12,3,"11,67","0,77","40,05","3,43","3,91"
2026 03 12 13:04:52:897,-3.9985,-6.70125,"0,27",12,3,"11,67","0,77","40,05","3,43","-15,62"
2026 03 12 13:04:52:899,-3.9675,-6.70125,"0,27",12,3,"11,67","0,77","40,05","3,43","-3,91"
2026 03 12 13:04:52:901,-3.9675,-6.87625,"0,27",12,3,"11,67","0,77","40,05","3,43",0
2026 03 12 13:04:52:903,-3.9675,-6.78875,"0,27",12,3,"11,67","0,77","40,05","3,43",0
2026 03 12 13:04:52:905,-3.9675,-6.78875,"0,27",12,3,"11,67","0,77","40,05","3,43",0
2026 03 12 13:04:52:907,-3.9675,-6.78875,"0,27",12,3,"11,67","0,77","40,05","3,43","3,91"
2026 03 12 13:04:52:909,-3.9675,-6.78875,"0,27",12,3,"11,67","0,77","40,05","3,43",0
2026 03 12 13:04:52:911,-3.9675,-6.78875,"0,27",12,2,"11,69","0,74","39,92","3,42","19,53"
2026 03 12 13:04:52:913,-3.9675,-6.78875,"0,27",12,2,"11,69","0,74","39,92","3,42","19,53"
2026 03 12 13:04:52:915,-3.9675,-6.78875,"0,27",12,2,"11,69","0,74","39,92","3,42","3,91"
2026 03 12 13:04:52:917,-3.9985,-6.70125,"0,27",12,2,"11,69","0,74","39,92","3,42","-19,53"
2026 03 12 13:04:52:919,-3.9675,-6.78875,"0,27",12,2,"11,69","0,74","39,92","3,42","-3,91"
2026 03 12 13:04:52:921,-3.9334,-6.78875,"0,27",12,2,"11,69","0,74","39,92","3,42",0
2026 03 12 13:04:52:923,-3.9675,-6.78875,"0,27",12,2,"11,69","0,74","39,92","3,42",0
2026 03 12 13:04:52:925,-3.9675,-6.78875,"0,27",12,2,"11,69","0,74","39,92","3,42",0
2026 03 12 13:04:52:927,-3.9675,-6.78875,"0,27",12,2,"11,69","0,74","39,92","3,42",0
2026 03 12 13:04:52:929,-3.9675,-6.78875,"0,27",12,2,"11,69","0,74","39,92","3,42",0
2026 03 12 13:04:52:931,-3.9675,-6.78875,"0,27",12,2,"11,69","0,74","39,92","3,42","19,53"
2026 03 12 13:04:52:933,-3.9675,-6.78875,"0,27",12,2,"11,69","0,74","39,92","3,42","19,53"
2026 03 12 13:04:52:935,-3.9334,-6.78875,"0,27",12,2,"11,69","0,74","39,92","3,42",0
2026 03 12 13:04:52:937,-3.9024,-6.78875,"0,27",12,2,"11,69","0,74","39,92","3,42","-19,53"
2026 03 12 13:04:52:939,-3.9675,-6.70125,"0,27",12,2,"11,69","0,74","39,92","3,42","-3,91"
2026 03 12 13:04:52:941,-3.9675,-6.78875,"0,27",12,2,"11,69","0,74","39,92","3,42",0
2026 03 12 13:04:52:943,-3.9334,-6.70125,"0,27",12,2,"11,69","0,74","39,92","3,42",0
2026 03 12 13:04:52:945,-3.9675,-6.78875,"0,27",12,2,"11,69","0,74","39,92","3,42",0
2026 03 12 13:04:52:947,-3.9675,-6.78875,"0,27",12,2,"11,69","0,74","39,92","3,42","3,91"
2026 03 12 13:04:52:949,-3.9334,-6.70125,"0,27",12,2,"11,69","0,74","39,92","3,42",0
2026 03 12 13:04:52:951,-3.9675,-6.78875,"0,27",12,2,"11,69","0,74","39,92","3,42","23,44"
2026 03 12 13:04:52:953,-3.9675,-6.70125,"0,27",12,2,"11,69","0,74","39,92","3,42","19,53"
2026 03 12 13:04:52:955,-3.9675,-6.78875,"0,27",12,2,"11,69","0,74","39,92","3,42",0
2026 03 12 13:04:52:957,-3.9334,-6.70125,"0,27",12,2,"11,69","0,74","39,92","3,42","-23,44"
2026 03 12 13:04:52:959,-3.9675,-6.78875,"0,27",12,2,"11,69","0,74","39,92","3,42","-3,91"
2026 03 12 13:04:52:961,-3.9675,-6.78875,"0,27",12,2,"11,69","0,74","39,92","3,42",0
2026 03 12 13:04:52:963,-3.9675,-6.78875,"0,27",12,2,"11,69","0,74","39,92","3,42",0
2026 03 12 13:04:52:965,-3.9675,-6.78875,"0,27",12,2,"11,69","0,74","39,92","3,42",0
2026 03 12 13:04:52:967,-3.9334,-6.78875,"0,27",12,2,"11,69","0,74","39,92","3,42",0
2026 03 12 13:04:52:969,-3.9675,-6.78875,"0,27",12,2,"11,69","0,74","39,92","3,42",0
2026 03 12 13:04:52:971,-3.9675,-6.87625,"0,27",12,2,"11,69","0,74","39,92","3,42","19,53"
2026 03 12 13:04:52:973,-3.9985,-6.78875,"0,27",12,2,"11,69","0,74","39,92","3,42","19,53"
2026 03 12 13:04:52:975,-3.9985,-6.78875,"0,27",12,2,"11,69","0,74","39,92","3,42",0
2026 03 12 13:04:52:977,-3.9675,-6.78875,"0,27",12,2,"11,69","0,74","39,92","3,42","-19,53"
2026 03 12 13:04:52:979,-3.9985,-6.70125,"0,27",12,2,"11,69","0,74","39,92","3,42","-3,91"
2026 03 12 13:04:52:981,-3.9675,-6.78875,"0,27",12,2,"11,69","0,74","39,92","3,42",0
2026 03 12 13:04:52:983,-3.9675,-6.70125,"0,27",12,2,"11,69","0,74","39,92","3,42",0
2026 03 12 13:04:52:985,-3.9675,-6.78875,"0,27",12,2,"11,69","0,74","39,92","3,42",0
2026 03 12 13:04:52:987,-3.9675,-6.78875,"0,27",12,2,"11,69","0,74","39,92","3,42",0
2026 03 12 13:04:52:989,-3.9675,-6.78875,"0,27",12,2,"11,69","0,74","39,92","3,42",0
2026 03 12 13:04:52:991,-3.9334,-6.61375,"0,27",12,2,"11,69","0,74","39,92","3,42","19,53"
2026 03 12 13:04:52:993,-3.9675,-6.70125,"0,27",12,2,"11,69","0,74","39,92","3,42","19,53"
2026 03 12 13:04:52:995,-3.9675,-6.78875,"0,27",12,2,"11,69","0,74","39,92","3,42",0
2026 03 12 13:04:52:997,-3.9675,-6.78875,"0,27",12,2,"11,69","0,74","39,92","3,42","-15,62"
2026 03 12 13:04:52:999,-3.9675,-6.78875,"0,27",12,2,"11,69","0,74","39,92","3,42","-3,91"
2026 03 12 13:04:53:001,-3.9675,-6.70125,"0,27",12,2,"11,69","0,74","39,92","3,42",0
2026 03 12 13:04:53:003,-3.9675,-6.78875,"0,27",12,2,"11,69","0,74","39,92","3,42",0
2026 03 12 13:04:53:005,-3.9334,-6.70125,"0,27",12,2,"11,69","0,74","39,92","3,42",0
2026 03 12 13:04:53:007,-3.9675,-6.78875,"0,27",12,2,"11,69","0,74","39,92","3,42",0
2026 03 12 13:04:53:009,-3.9675,-6.78875,"0,27",12,2,"11,69","0,74","39,92","3,42",0
2026 03 12 13:04:53:011,-3.9675,-6.78875,"0,27",12,2,"11,69","0,74","39,92","3,42","23,44"
2026 03 12 13:04:53:013,-3.9675,-6.70125,"0,27",12,2,"11,69","0,74","39,92","3,42","23,44"
2026 03 12 13:04:53:015,-3.9675,-6.78875,"0,27",12,2,"11,69","0,74","39,92","3,42",0
2026 03 12 13:04:53:017,-3.9675,-6.78875,"0,27",12,2,"11,69","0,74","39,92","3,42","-15,62"
2026 03 12 13:04:53:019,-3.9985,-6.78875,"0,27",12,2,"11,69","0,74","39,92","3,42","-3,91"
2026 03 12 13:04:53:021,-3.9334,-6.78875,"0,27",12,2,"11,69","0,74","39,92","3,42",0
2026 03 12 13:04:53:023,-3.9985,-6.70125,"0,27",12,2,"11,69","0,74","39,92","3,42",0
2026 03 12 13:04:53:025,-3.9675,-6.78875,"0,27",12,2,"11,69","0,74","39,92","3,42",0
2026 03 12 13:04:53:027,-3.9985,-6.70125,"0,27",12,2,"11,69","0,74","39,92","3,42",0
2026 03 12 13:04:53:029,-3.9675,-6.78875,"0,27",12,2,"11,69","0,74","39,92","3,42",0
2026 03 12 13:04:53:031,-3.9675,-6.70125,"0,27",12,2,"11,69","0,74","39,92","3,42","23,44"
2026 03 12 13:04:53:033,-3.9675,-6.87625,"0,27",12,2,"11,69","0,74","39,92","3,42","23,44"
2026 03 12 13:04:53:035,-3.9675,-6.70125,"0,27",12,2,"11,69","0,74","39,92","3,42",0
2026 03 12 13:04:53:037,-3.9334,-6.78875,"0,27",12,2,"11,69","0,74","39,92","3,42","-19,53"
2026 03 12 13:04:53:039,-3.9675,-6.87625,"0,27",12,2,"11,69","0,74","39,92","3,42","-3,91"
2026 03 12 13:04:53:041,-3.9675,-6.78875,"0,27",12,2,"11,69","0,74","39,92","3,42",0
2026 03 12 13:04:53:043,-3.9985,-6.78875,"0,27",12,2,"11,69","0,74","39,92","3,42",0
2026 03 12 13:04:53:045,-3.9675,-6.70125,"0,27",12,2,"11,69","0,74","39,92","3,42",0
2026 03 12 13:04:53:047,-3.9675,-6.78875,"0,27",12,2,"11,69","0,74","39,92","3,42",0
2026 03 12 13:04:53:049,-3.9675,-6.87625,"0,27",12,2,"11,69","0,74","39,92","3,42",0
2026 03 12 13:04:53:051,-3.9675,-6.70125,"0,27",12,2,"11,69","0,74","39,92","3,42","23,44"
2026 03 12 13:04:53:053,-3.9334,-6.78875,"0,27",12,2,"11,69","0,74","39,92","3,42","23,44"
2026 03 12 13:04:53:055,-3.9675,-6.78875,"0,27",12,2,"11,69","0,74","39,92","3,42","3,91"
2026 03 12 13:04:53:057,-3.9334,-6.78875,"0,27",12,2,"11,69","0,74","39,92","3,42","-15,62"
2026 03 12 13:04:53:059,-3.9675,-6.70125,"0,27",12,2,"11,69","0,74","39,92","3,42","-3,91"
2026 03 12 13:04:53:061,-3.9334,-6.78875,"0,27",12,2,"11,69","0,74","39,92","3,42",0
2026 03 12 13:04:53:063,-3.9675,-6.78875,"0,27",12,2,"11,69","0,74","39,92","3,42",0
2026 03 12 13:04:53:065,-3.9675,-6.78875,"0,27",12,2,"11,69","0,74","39,92","3,42",0
2026 03 12 13:04:53:067,-3.9334,-6.87625,"0,27",12,2,"11,69","0,74","39,92","3,42",0
2026 03 12 13:04:53:069,-3.9675,-6.70125,"0,27",12,2,"11,69","0,74","39,92","3,42",0
2026 03 12 13:04:53:071,-3.9675,-6.78875,"0,27",12,2,"11,69","0,74","39,92","3,42","19,53"
2026 03 12 13:04:53:073,-3.9675,-6.70125,"0,27",12,2,"11,69","0,74","39,92","3,42","19,53"
2026 03 12 13:04:53:075,-3.9675,-6.70125,"0,27",12,2,"11,69","0,74","39,92","3,42",0
2026 03 12 13:04:53:077,-3.9334,-6.70125,"0,27",12,2,"11,69","0,74","39,92","3,42","-19,53"
2026 03 12 13:04:53:079,-3.9675,-6.78875,"0,27",12,2,"11,69","0,74","39,92","3,42","-3,91"
2026 03 12 13:04:53:081,-3.9675,-6.78875,"0,27",12,2,"11,69","0,74","39,92","3,42",0
2026 03 12 13:04:53:083,-3.9985,-6.78875,"0,27",12,2,"11,69","0,74","39,92","3,42",0
2026 03 12 13:04:53:085,-3.9675,-6.78875,"0,27",12,2,"11,69","0,74","39,92","3,42",0
2026 03 12 13:04:53:087,-3.9985,-6.78875,"0,27",12,2,"11,69","0,74","39,92","3,42",0
2026 03 12 13:04:53:089,-3.9334,-6.70125,"0,27",12,2,"11,69","0,74","39,92","3,42",0
2026 03 12 13:04:53:091,-3.9985,-6.70125,"0,27",12,2,"11,69","0,74","39,92","3,42","19,53"
2026 03 12 13:04:53:093,-3.9675,-6.78875,"0,27",12,2,"11,69","0,74","39,92","3,42","19,53"
2026 03 12 13:04:53:095,-3.9985,-6.78875,"0,27",12,2,"11,69","0,74","39,92","3,42",0
2026 03 12 13:04:53:097,-3.9675,-6.70125,"0,27",12,2,"11,69","0,74","39,92","3,42","-15,62"
2026 03 12 13:04:53:099,-3.9985,-6.70125,"0,27",12,2,"11,69","0,74","39,92","3,42","-3,91"
2026 03 12 13:04:53:101,-3.9675,-6.78875,"0,27",12,2,"11,69","0,74","39,92","3,42",0
2026 03 12 13:04:53:103,-3.9675,-6.70125,"0,27",12,2,"11,69","0,74","39,92","3,42",0
2026 03 12 13:04:53:105,-3.9675,-6.78875,"0,27",12,2,"11,69","0,74","39,92","3,42",0
2026 03 12 13:04:53:107,-3.9334,-6.78875,"0,27",12,2,"11,69","0,74","39,92","3,42",0
2026 03 12 13:04:53:109,-3.9675,-6.78875,"0,27",12,2,"11,69","0,74","39,92","3,42",0
2026 03 12 13:04:53:111,-3.9675,-6.78875,"0,27",12,2,"11,69","0,74","39,92","3,42","19,53"
2026 03 12 13:04:53:113,-3.9985,-6.78875,"0,27",12,2,"11,69","0,74","39,92","3,42","19,53"
2026 03 12 13:04:53:115,-3.9675,-6.87625,"0,27",12,2,"11,69","0,74","39,92","3,42",0
2026 03 12 13:04:53:117,-3.9675,-6.78875,"0,27",12,2,"11,69","0,74","39,92","3,42","-11,72"
2026 03 12 13:04:53:119,-3.9675,-6.78875,"0,27",12,2,"11,69","0,74","39,92","3,42","-3,91"
2026 03 12 13:04:53:121,-3.9675,-6.87625,"0,27",12,2,"11,69","0,74","39,92","3,42",0
2026 03 12 13:04:53:123,-3.9985,-6.70125,"0,27",12,2,"11,69","0,74","39,92","3,42",0
2026 03 12 13:04:53:125,-3.9675,-6.78875,"0,27",12,2,"11,69","0,74","39,92","3,42",0
2026 03 12 13:04:53:127,-3.9675,-6.78875,"0,27",12,2,"11,69","0,74","39,92","3,42",0
2026 03 12 13:04:53:129,-3.9334,-6.70125,"0,27",12,2,"11,69","0,74","39,92","3,42",0
2026 03 12 13:04:53:131,-3.9675,-6.78875,"0,27",12,2,"11,69","0,74","39,92","3,42","19,53"
2026 03 12 13:04:53:133,-3.9675,-6.70125,"0,27",12,2,"11,69","0,74","39,92","3,42","19,53"
2026 03 12 13:04:53:135,-3.9675,-6.70125,"0,27",12,2,"11,69","0,74","39,92","3,42","3,91"
2026 03 12 13:04:53:137,-3.9675,-6.78875,"0,27",12,2,"11,69","0,74","39,92","3,42","-15,62"
2026 03 12 13:04:53:139,-3.9334,-6.78875,"0,27",12,2,"11,69","0,74","39,92","3,42","-3,91"
2026 03 12 13:04:53:141,-3.9675,-6.70125,"0,27",12,2,"11,69","0,74","39,92","3,42",0
2026 03 12 13:04:53:143,-3.9675,-6.70125,"0,27",12,2,"11,69","0,74","39,92","3,42",0
2026 03 12 13:04:53:145,-3.9675,-6.78875,"0,27",12,2,"11,69","0,74","39,92","3,42",0
2026 03 12 13:04:53:147,-3.9675,-6.78875,"0,27",12,2,"11,69","0,74","39,92","3,42",0
2026 03 12 13:04:53:149,-3.9985,-6.78875,"0,27",12,2,"11,69","0,74","39,92","3,42",0
2026 03 12 13:04:53:151,-3.9985,-6.78875,"0,27",12,2,"11,69","0,74","39,92","3,42","19,53"
2026 03 12 13:04:53:153,-3.9985,-6.78875,"0,27",12,2,"11,69","0,74","39,92","3,42","19,53"
2026 03 12 13:04:53:155,-3.9675,-6.78875,"0,27",12,2,"11,69","0,74","39,92","3,42",0
2026 03 12 13:04:53:157,-3.9675,-6.87625,"0,27",12,2,"11,69","0,74","39,92","3,42","-15,62"
2026 03 12 13:04:53:159,-3.9675,-6.78875,"0,27",12,2,"11,69","0,74","39,92","3,42","-3,91"
2026 03 12 13:04:53:161,-3.9675,-6.78875,"0,27",12,2,"11,69","0,74","39,92","3,42",0
2026 03 12 13:04:53:163,-3.9334,-6.78875,"0,27",12,2,"11,69","0,74","39,92","3,42",0
2026 03 12 13:04:53:165,-3.9334,-6.78875,"0,27",12,2,"11,69","0,74","39,92","3,42",0
2026 03 12 13:04:53:167,-3.9985,-6.78875,"0,27",12,2,"11,69","0,74","39,92","3,42",0
2026 03 12 13:04:53:169,-3.9675,-6.70125,"0,27",12,2,"11,69","0,74","39,92","3,42",0
2026 03 12 13:04:53:171,-3.9675,-6.78875,"0,27",12,2,"11,69","0,74","39,92","3,42","19,53"
2026 03 12 13:04:53:173,-3.9675,-6.87625,"0,27",12,2,"11,69","0,74","39,92","3,42","19,53"
2026 03 12 13:04:53:175,-3.9675,-6.78875,"0,27",12,2,"11,69","0,74","39,92","3,42","3,91"
2026 03 12 13:04:53:177,-3.9675,-6.70125,"0,27",12,2,"11,69","0,74","39,92","3,42","-15,62"
2026 03 12 13:04:53:179,-3.9334,-6.78875,"0,27",12,2,"11,69","0,74","39,92","3,42","-3,91"
2026 03 12 13:04:53:181,-3.9334,-6.78875,"0,27",12,2,"11,69","0,74","39,92","3,42",0
2026 03 12 13:04:53:183,-3.9985,-6.78875,"0,27",12,2,"11,69","0,74","39,92","3,42",0
2026 03 12 13:04:53:185,-3.9985,-6.70125,"0,27",12,2,"11,69","0,74","39,92","3,42",0
2026 03 12 13:04:53:187,-3.9675,-6.70125,"0,27",12,2,"11,69","0,74","39,92","3,42","3,91"
2026 03 12 13:04:53:189,-3.9675,-6.70125,"0,27",12,2,"11,69","0,74","39,92","3,42",0
2026 03 12 13:04:53:191,-3.9675,-6.78875,"0,27",12,2,"11,69","0,74","39,92","3,42","19,53"
2026 03 12 13:04:53:193,-3.9675,-6.78875,"0,27",12,2,"11,69","0,74","39,92","3,42","19,53"
2026 03 12 13:04:53:195,-3.9675,-6.70125,"0,27",12,2,"11,69","0,74","39,92","3,42",0
2026 03 12 13:04:53:197,-3.9675,-6.78875,"0,27",12,2,"11,69","0,74","39,92","3,42","-15,62"
2026 03 12 13:04:53:199,-3.9675,-6.78875,"0,27",12,2,"11,69","0,74","39,92","3,42","-3,91"
2026 03 12 13:04:53:201,-3.9985,-6.78875,"0,27",12,2,"11,69","0,74","39,92","3,42",0
2026 03 12 13:04:53:203,-3.9675,-6.78875,"0,27",12,2,"11,69","0,74","39,92","3,42",0
2026 03 12 13:04:53:205,-3.9334,-6.78875,"0,27",12,2,"11,69","0,74","39,92","3,42",0
2026 03 12 13:04:53:207,-3.9675,-6.78875,"0,27",12,2,"11,69","0,74","39,92","3,42","3,91"
2026 03 12 13:04:53:209,-3.9675,-6.78875,"0,27",12,2,"11,69","0,74","39,92","3,42",0
2026 03 12 13:04:53:211,-3.9675,-6.70125,"0,27",12,2,"11,69","0,75","38,51","3,3","19,53"
2026 03 12 13:04:53:213,-3.9675,-6.78875,"0,27",12,2,"11,69","0,75","38,51","3,3","19,53"
2026 03 12 13:04:53:215,-3.9675,-6.78875,"0,27",12,2,"11,69","0,75","38,51","3,3","3,91"
2026 03 12 13:04:53:217,-3.9675,-6.70125,"0,27",12,2,"11,69","0,75","38,51","3,3","-15,62"
2026 03 12 13:04:53:219,-3.9675,-6.78875,"0,27",12,2,"11,69","0,75","38,51","3,3","-3,91"
2026 03 12 13:04:53:221,-3.9675,-6.87625,"0,27",12,2,"11,69","0,75","38,51","3,3",0
2026 03 12 13:04:53:223,-3.9675,-6.78875,"0,27",12,2,"11,69","0,75","38,51","3,3",0
2026 03 12 13:04:53:225,-3.9675,-6.78875,"0,27",12,2,"11,69","0,75","38,51","3,3",0
2026 03 12 13:04:53:227,-3.9334,-6.78875,"0,27",12,2,"11,69","0,75","38,51","3,3",0
2026 03 12 13:04:53:229,-3.9675,-6.78875,"0,27",12,2,"11,69","0,75","38,51","3,3",0
2026 03 12 13:04:53:231,-3.9675,-6.78875,"0,27",12,2,"11,69","0,75","38,51","3,3","23,44"
2026 03 12 13:04:53:233,-3.9675,-6.78875,"0,27",12,2,"11,69","0,75","38,51","3,3","19,53"
2026 03 12 13:04:53:235,-3.9675,-6.70125,"0,27",12,2,"11,69","0,75","38,51","3,3",0
2026 03 12 13:04:53:237,-3.9334,-6.78875,"0,27",12,2,"11,69","0,75","38,51","3,3","-15,62"
2026 03 12 13:04:53:239,-3.9675,-6.70125,"0,27",12,2,"11,69","0,75","38,51","3,3","-3,91"
2026 03 12 13:04:53:241,-3.9985,-6.78875,"0,27",12,2,"11,69","0,75","38,51","3,3",0
2026 03 12 13:04:53:243,-3.9675,-6.70125,"0,27",12,2,"11,69","0,75","38,51","3,3",0
2026 03 12 13:04:53:245,-3.9334,-6.78875,"0,27",12,2,"11,69","0,75","38,51","3,3",0
2026 03 12 13:04:53:247,-3.9334,-6.78875,"0,27",12,2,"11,69","0,75","38,51","3,3",0
2026 03 12 13:04:53:249,-3.9675,-6.78875,"0,27",12,2,"11,69","0,75","38,51","3,3",0
2026 03 12 13:04:53:251,-3.9675,-6.70125,"0,27",12,2,"11,69","0,75","38,51","3,3","19,53"
2026 03 12 13:04:53:253,-3.9675,-6.78875,"0,27",12,2,"11,69","0,75","38,51","3,3","19,53"
2026 03 12 13:04:53:255,-3.9675,-6.78875,"0,27",12,2,"11,69","0,75","38,51","3,3",0
2026 03 12 13:04:53:257,-3.9675,-6.78875,"0,27",12,2,"11,69","0,75","38,51","3,3","-15,62"
2026 03 12 13:04:53:259,-3.9675,-6.70125,"0,27",12,2,"11,69","0,75","38,51","3,3","-3,91"
2026 03 12 13:04:53:261,-3.9675,-6.78875,"0,27",12,2,"11,69","0,75","38,51","3,3",0
2026 03 12 13:04:53:263,-3.9675,-6.78875,"0,27",12,2,"11,69","0,75","38,51","3,3",0
2026 03 12 13:04:53:265,-3.9675,-6.78875,"0,27",12,2,"11,69","0,75","38,51","3,3",0
2026 03 12 13:04:53:267,-3.9985,-6.70125,"0,27",12,2,"11,69","0,75","38,51","3,3",0
2026 03 12 13:04:53:269,-3.9675,-6.87625,"0,27",12,2,"11,69","0,75","38,51","3,3",0
2026 03 12 13:04:53:271,-3.9675,-6.78875,"0,27",12,2,"11,69","0,75","38,51","3,3","19,53"
2026 03 12 13:04:53:273,-3.9675,-6.78875,"0,27",12,2,"11,69","0,75","38,51","3,3","23,44"
2026 03 12 13:04:53:275,-3.9675,-6.78875,"0,27",12,2,"11,69","0,75","38,51","3,3","3,91"
2026 03 12 13:04:53:277,-3.9675,-6.78875,"0,27",12,2,"11,69","0,75","38,51","3,3","-11,72"
2026 03 12 13:04:53:279,-3.9985,-6.70125,"0,27",12,2,"11,69","0,75","38,51","3,3","-3,91"
2026 03 12 13:04:53:281,-3.9675,-6.78875,"0,27",12,2,"11,69","0,75","38,51","3,3",0
2026 03 12 13:04:53:283,-3.9675,-6.78875,"0,27",12,2,"11,69","0,75","38,51","3,3",0
2026 03 12 13:04:53:285,-3.9675,-6.78875,"0,27",12,2,"11,69","0,75","38,51","3,3",0
2026 03 12 13:04:53:287,-3.9675,-6.78875,"0,27",12,2,"11,69","0,75","38,51","3,3",0
2026 03 12 13:04:53:289,-3.9675,-6.78875,"0,27",12,2,"11,69","0,75","38,51","3,3",0
2026 03 12 13:04:53:291,-3.9985,-6.70125,"0,27",12,2,"11,69","0,75","38,51","3,3","23,44"
2026 03 12 13:04:53:293,-3.9675,-6.70125,"0,27",12,2,"11,69","0,75","38,51","3,3","23,44"
2026 03 12 13:04:53:295,-3.9675,-6.70125,"0,27",12,2,"11,69","0,75","38,51","3,3","3,91"
2026 03 12 13:04:53:297,-3.9675,-6.78875,"0,27",12,2,"11,69","0,75","38,51","3,3","-11,72"
2026 03 12 13:04:53:299,-3.9675,-6.78875,"0,27",12,2,"11,69","0,75","38,51","3,3","-3,91"
2026 03 12 13:04:53:301,-3.9985,-6.78875,"0,27",12,2,"11,69","0,75","38,51","3,3",0
2026 03 12 13:04:53:303,-3.9675,-6.78875,"0,27",12,2,"11,69","0,75","38,51","3,3",0
2026 03 12 13:04:53:305,-3.9675,-6.78875,"0,27",12,2,"11,69","0,75","38,51","3,3",0
2026 03 12 13:04:53:307,-3.9675,-6.78875,"0,27",12,2,"11,69","0,75","38,51","3,3",0
2026 03 12 13:04:53:309,-3.9675,-6.78875,"0,27",12,2,"11,69","0,75","38,51","3,3",0
2026 03 12 13:04:53:311,-3.9675,-6.78875,"0,27",12,2,"11,69","0,75","38,51","3,3","23,44"
2026 03 12 13:04:53:313,-3.9985,-6.78875,"0,27",12,2,"11,69","0,75","38,51","3,3","23,44"
2026 03 12 13:04:53:315,-3.9675,-6.78875,"0,27",12,2,"11,69","0,75","38,51","3,3",0
2026 03 12 13:04:53:317,-3.9675,-6.87625,"0,27",12,2,"11,69","0,75","38,51","3,3","-11,72"
2026 03 12 13:04:53:319,-3.9334,-6.78875,"0,27",12,2,"11,69","0,75","38,51","3,3","-3,91"
2026 03 12 13:04:53:321,-3.9675,-6.78875,"0,27",12,2,"11,69","0,75","38,51","3,3",0
2026 03 12 13:04:53:323,-3.9675,-6.78875,"0,27",12,2,"11,69","0,75","38,51","3,3",0
2026 03 12 13:04:53:325,-3.9334,-6.70125,"0,27",12,2,"11,69","0,75","38,51","3,3",0
2026 03 12 13:04:53:327,-3.9675,-6.70125,"0,27",12,2,"11,69","0,75","38,51","3,3",0
2026 03 12 13:04:53:329,-3.9675,-6.78875,"0,27",12,2,"11,69","0,75","38,51","3,3",0
2026 03 12 13:04:53:331,-3.9675,-6.78875,"0,27",12,2,"11,69","0,75","38,51","3,3","23,44"
2026 03 12 13:04:53:333,-3.9675,-6.70125,"0,27",12,2,"11,69","0,75","38,51","3,3","19,53"
2026 03 12 13:04:53:335,-3.9675,-6.78875,"0,27",12,2,"11,69","0,75","38,51","3,3","3,91"
2026 03 12 13:04:53:337,-3.9675,-6.78875,"0,27",12,2,"11,69","0,75","38,51","3,3","-11,72"
2026 03 12 13:04:53:339,-3.9985,-6.78875,"0,27",12,2,"11,69","0,75","38,51","3,3","-3,91"
2026 03 12 13:04:53:341,-3.9675,-6.78875,"0,27",12,2,"11,69","0,75","38,51","3,3",0
2026 03 12 13:04:53:343,-3.9675,-6.70125,"0,27",12,2,"11,69","0,75","38,51","3,3",0
2026 03 12 13:04:53:345,-3.9675,-6.78875,"0,27",12,2,"11,69","0,75","38,51","3,3",0
2026 03 12 13:04:53:347,-3.9675,-6.78875,"0,27",12,2,"11,69","0,75","38,51","3,3",0
2026 03 12 13:04:53:349,-3.9675,-6.70125,"0,27",12,2,"11,69","0,75","38,51","3,3",0
2026 03 12 13:04:53:351,-3.9675,-6.78875,"0,27",12,2,"11,69","0,75","38,51","3,3","23,44"
2026 03 12 13:04:53:353,-3.9675,-6.70125,"0,27",12,2,"11,69","0,75","38,51","3,3","15,63"
2026 03 12 13:04:53:355,-3.9675,-6.78875,"0,27",12,2,"11,69","0,75","38,51","3,3","3,91"
2026 03 12 13:04:53:357,-3.9985,-6.78875,"0,27",12,2,"11,69","0,75","38,51","3,3","-11,72"
2026 03 12 13:04:53:359,-3.9675,-6.78875,"0,27",12,2,"11,69","0,75","38,51","3,3","-3,91"
2026 03 12 13:04:53:361,-3.9675,-6.78875,"0,27",12,2,"11,69","0,75","38,51","3,3",0
2026 03 12 13:04:53:363,-3.9675,-6.78875,"0,27",12,2,"11,69","0,75","38,51","3,3",0
2026 03 12 13:04:53:365,-3.9675,-6.78875,"0,27",12,2,"11,69","0,75","38,51","3,3",0
2026 03 12 13:04:53:367,-3.9334,-6.70125,"0,27",12,2,"11,69","0,75","38,51","3,3",0
2026 03 12 13:04:53:369,-3.9675,-6.78875,"0,27",12,2,"11,69","0,75","38,51","3,3","-3,91"
2026 03 12 13:04:53:371,-3.9675,-6.78875,"0,27",12,2,"11,69","0,75","38,51","3,3","19,53"
2026 03 12 13:04:53:373,-3.9675,-6.78875,"0,27",12,2,"11,69","0,75","38,51","3,3","15,63"
2026 03 12 13:04:53:375,-3.9334,-6.70125,"0,27",12,2,"11,69","0,75","38,51","3,3","3,91"
2026 03 12 13:04:53:377,-3.9675,-6.78875,"0,27",12,2,"11,69","0,75","38,51","3,3","-11,72"
2026 03 12 13:04:53:379,-3.9675,-6.78875,"0,27",12,2,"11,69","0,75","38,51","3,3","-3,91"
2026 03 12 13:04:53:381,-3.9675,-6.78875,"0,27",12,2,"11,69","0,75","38,51","3,3",0
2026 03 12 13:04:53:383,-3.9675,-6.78875,"0,27",12,2,"11,69","0,75","38,51","3,3",0
2026 03 12 13:04:53:385,-3.9675,-6.70125,"0,27",12,2,"11,69","0,75","38,51","3,3",0
2026 03 12 13:04:53:387,-3.9675,-6.70125,"0,27",12,2,"11,69","0,75","38,51","3,3",0
2026 03 12 13:04:53:389,-3.9985,-6.78875,"0,27",12,2,"11,69","0,75","38,51","3,3",0
2026 03 12 13:04:53:391,-3.9675,-6.70125,"0,27",12,2,"11,69","0,75","38,51","3,3","19,53"
2026 03 12 13:04:53:393,-3.9334,-6.70125,"0,27",12,2,"11,69","0,75","38,51","3,3","15,63"
2026 03 12 13:04:53:395,-3.9985,-6.70125,"0,27",12,2,"11,69","0,75","38,51","3,3",0
2026 03 12 13:04:53:397,-3.9675,-6.70125,"0,27",12,2,"11,69","0,75","38,51","3,3","-11,72"
2026 03 12 13:04:53:399,-3.9675,-6.70125,"0,27",12,2,"11,69","0,75","38,51","3,3","-3,91"
2026 03 12 13:04:53:401,-3.9985,-6.70125,"0,27",12,2,"11,69","0,75","38,51","3,3",0
2026 03 12 13:04:53:403,-3.9675,-6.78875,"0,27",12,2,"11,69","0,75","38,51","3,3",0
2026 03 12 13:04:53:405,-3.9675,-6.70125,"0,27",12,2,"11,69","0,75","38,51","3,3",0
2026 03 12 13:04:53:407,-3.9675,-6.78875,"0,27",12,2,"11,69","0,75","38,51","3,3",0
2026 03 12 13:04:53:409,-3.9675,-6.78875,"0,27",12,2,"11,69","0,75","38,51","3,3",0
2026 03 12 13:04:53:411,-3.9675,-6.87625,"0,27",12,2,"11,69","0,75","38,51","3,3","23,44"
2026 03 12 13:04:53:413,-3.9334,-6.87625,"0,27",12,2,"11,69","0,75","38,51","3,3","19,53"
2026 03 12 13:04:53:415,-3.9985,-6.78875,"0,27",12,2,"11,69","0,75","38,51","3,3",0
2026 03 12 13:04:53:417,-3.9334,-6.70125,"0,27",12,2,"11,69","0,75","38,51","3,3","-11,72"
2026 03 12 13:04:53:419,-3.9675,-6.78875,"0,27",12,2,"11,69","0,75","38,51","3,3","-3,91"
2026 03 12 13:04:53:421,-3.9675,-6.78875,"0,27",12,2,"11,69","0,75","38,51","3,3",0
2026 03 12 13:04:53:423,-3.9675,-6.78875,"0,27",12,2,"11,69","0,75","38,51","3,3",0
2026 03 12 13:04:53:425,-3.9675,-6.70125,"0,27",12,2,"11,69","0,75","38,51","3,3",0
2026 03 12 13:04:53:427,-3.9985,-6.78875,"0,27",12,2,"11,69","0,75","38,51","3,3",0
2026 03 12 13:04:53:429,-3.9985,-6.78875,"0,27",12,2,"11,69","0,75","38,51","3,3",0
2026 03 12 13:04:53:431,-3.9675,-6.78875,"0,27",12,2,"11,69","0,75","38,51","3,3","23,44"
2026 03 12 13:04:53:433,-3.9675,-6.78875,"0,27",12,2,"11,69","0,75","38,51","3,3","19,53"
2026 03 12 13:04:53:435,-3.9675,-6.78875,"0,27",12,2,"11,69","0,75","38,51","3,3",0
2026 03 12 13:04:53:437,-3.9675,-6.78875,"0,27",12,2,"11,69","0,75","38,51","3,3","-15,62"
2026 03 12 13:04:53:439,-3.9675,-6.78875,"0,27",12,2,"11,69","0,75","38,51","3,3","-3,91"
2026 03 12 13:04:53:441,-3.9334,-6.78875,"0,27",12,2,"11,69","0,75","38,51","3,3",0
2026 03 12 13:04:53:443,-3.9675,-6.78875,"0,27",12,2,"11,69","0,75","38,51","3,3",0
2026 03 12 13:04:53:445,-3.9675,-6.78875,"0,27",12,2,"11,69","0,75","38,51","3,3",0
2026 03 12 13:04:53:447,-3.9675,-6.78875,"0,27",12,2,"11,69","0,75","38,51","3,3",0
2026 03 12 13:04:53:449,-3.9675,-6.70125,"0,27",12,2,"11,69","0,75","38,51","3,3",0
2026 03 12 13:04:53:451,-3.9675,-6.78875,"0,27",12,2,"11,69","0,75","38,51","3,3","23,44"
2026 03 12 13:04:53:453,-3.9985,-6.70125,"0,27",12,2,"11,69","0,75","38,51","3,3","19,53"
2026 03 12 13:04:53:455,-3.9675,-6.78875,"0,27",12,2,"11,69","0,75","38,51","3,3",0
2026 03 12 13:04:53:457,-3.9675,-6.78875,"0,27",12,2,"11,69","0,75","38,51","3,3","-15,62"
2026 03 12 13:04:53:459,-3.9675,-6.78875,"0,27",12,2,"11,69","0,75","38,51","3,3","-3,91"
2026 03 12 13:04:53:461,-3.9985,-6.78875,"0,27",12,2,"11,69","0,75","38,51","3,3",0
2026 03 12 13:04:53:463,-3.9675,-6.78875,"0,27",12,2,"11,69","0,75","38,51","3,3",0
2026 03 12 13:04:53:465,-3.9675,-6.70125,"0,27",12,2,"11,69","0,75","38,51","3,3",0
2026 03 12 13:04:53:467,-3.9334,-6.70125,"0,27",12,2,"11,69","0,75","38,51","3,3",0
2026 03 12 13:04:53:469,-3.9675,-6.78875,"0,27",12,2,"11,69","0,75","38,51","3,3",0
2026 03 12 13:04:53:471,-3.9675,-6.87625,"0,27",12,2,"11,69","0,75","38,51","3,3","19,53"
2026 03 12 13:04:53:473,-3.9334,-6.78875,"0,27",12,2,"11,69","0,75","38,51","3,3","15,63"
2026 03 12 13:04:53:475,-3.9675,-6.78875,"0,27",12,2,"11,69","0,75","38,51","3,3",0
2026 03 12 13:04:53:477,-3.9675,-6.78875,"0,27",12,2,"11,69","0,75","38,51","3,3","-15,62"
2026 03 12 13:04:53:479,-3.9675,-6.78875,"0,27",12,2,"11,69","0,75","38,51","3,3","-3,91"
2026 03 12 13:04:53:481,-3.9334,-6.78875,"0,27",12,2,"11,69","0,75","38,51","3,3",0
2026 03 12 13:04:53:483,-3.9675,-6.78875,"0,27",12,2,"11,69","0,75","38,51","3,3",0
2026 03 12 13:04:53:485,-3.9675,-6.78875,"0,27",12,2,"11,69","0,75","38,51","3,3",0
2026 03 12 13:04:53:487,-3.9675,-6.78875,"0,27",12,2,"11,69","0,75","38,51","3,3",0
2026 03 12 13:04:53:489,-3.9675,-6.78875,"0,27",12,2,"11,69","0,75","38,51","3,3",0
2026 03 12 13:04:53:491,-3.9675,-6.78875,"0,27",12,2,"11,69","0,75","38,51","3,3","23,44"
2026 03 12 13:04:53:493,-3.9675,-6.70125,"0,27",12,2,"11,69","0,75","38,51","3,3","15,63"
2026 03 12 13:04:53:495,-3.9675,-6.78875,"0,27",12,2,"11,69","0,75","38,51","3,3",0
2026 03 12 13:04:53:497,-3.9985,-6.78875,"0,27",12,2,"11,69","0,75","38,51","3,3","-19,53"
2026 03 12 13:04:53:499,-3.9675,-6.78875,"0,27",12,2,"11,69","0,75","38,51","3,3","-3,91"
2026 03 12 13:04:53:501,-3.9675,-6.78875,"0,27",12,2,"11,69","0,75","38,51","3,3",0
2026 03 12 13:04:53:503,-3.9675,-6.78875,"0,27",12,2,"11,69","0,75","38,51","3,3","3,91"
2026 03 12 13:04:53:505,-3.9985,-6.78875,"0,27",12,2,"11,69","0,75","38,51","3,3",0
2026 03 12 13:04:53:507,-3.9675,-6.70125,"0,27",12,2,"11,69","0,75","38,51","3,3",0
2026 03 12 13:04:53:509,-3.9675,-6.78875,"0,27",12,2,"11,69","0,75","38,51","3,3",0
2026 03 12 13:04:53:511,-3.9985,-6.70125,"0,27",12,2,"11,69","0,75","38,51","3,3","23,44"
2026 03 12 13:04:53:513,-3.9675,-6.78875,"0,27",12,2,"11,7","0,77","39,43","3,37","19,53"
2026 03 12 13:04:53:515,-3.9985,-6.78875,"0,27",12,2,"11,7","0,77","39,43","3,37",0
2026 03 12 13:04:53:517,-3.9675,-6.78875,"0,27",12,2,"11,7","0,77","39,43","3,37","-19,53"
2026 03 12 13:04:53:519,-3.9675,-6.78875,"0,27",12,2,"11,7","0,77","39,43","3,37","-3,91"
2026 03 12 13:04:53:521,-3.9334,-6.87625,"0,27",12,2,"11,7","0,77","39,43","3,37",0
2026 03 12 13:04:53:523,-3.9985,-6.78875,"0,27",12,2,"11,7","0,77","39,43","3,37",0
2026 03 12 13:04:53:525,-3.9675,-6.78875,"0,27",12,2,"11,7","0,77","39,43","3,37",0
2026 03 12 13:04:53:527,-3.9675,-6.78875,"0,27",12,2,"11,7","0,77","39,43","3,37",0
2026 03 12 13:04:53:529,-3.9675,-6.87625,"0,27",12,2,"11,7","0,77","39,43","3,37",0
2026 03 12 13:04:53:531,-3.9334,-6.78875,"0,27",12,2,"11,7","0,77","39,43","3,37","23,44"
2026 03 12 13:04:53:533,-3.9334,-6.78875,"0,27",12,2,"11,7","0,77","39,43","3,37","15,63"
2026 03 12 13:04:53:535,-3.9985,-6.78875,"0,27",12,2,"11,7","0,77","39,43","3,37",0
2026 03 12 13:04:53:537,-3.9675,-6.78875,"0,27",12,2,"11,7","0,77","39,43","3,37","-19,53"
2026 03 12 13:04:53:539,-3.9334,-6.78875,"0,27",12,2,"11,7","0,77","39,43","3,37","-3,91"
2026 03 12 13:04:53:541,-3.9675,-6.78875,"0,27",12,2,"11,7","0,77","39,43","3,37",0
2026 03 12 13:04:53:543,-3.9675,-6.70125,"0,27",12,2,"11,7","0,77","39,43","3,37",0
2026 03 12 13:04:53:545,-3.9985,-6.70125,"0,27",12,2,"11,7","0,77","39,43","3,37",0
2026 03 12 13:04:53:547,-3.9675,-6.70125,"0,27",12,2,"11,7","0,77","39,43","3,37",0
2026 03 12 13:04:53:549,-3.9985,-6.78875,"0,27",12,2,"11,7","0,77","39,43","3,37",0
2026 03 12 13:04:53:551,-3.9675,-6.70125,"0,27",12,2,"11,7","0,77","39,43","3,37","23,44"
2026 03 12 13:04:53:553,-3.9334,-6.78875,"0,27",12,2,"11,7","0,77","39,43","3,37","19,53"
2026 03 12 13:04:53:555,-3.9675,-6.78875,"0,27",12,2,"11,7","0,77","39,43","3,37","3,91"
2026 03 12 13:04:53:557,-3.9675,-6.78875,"0,27",12,2,"11,7","0,77","39,43","3,37","-11,72"
2026 03 12 13:04:53:559,-3.9985,-6.87625,"0,27",12,2,"11,7","0,77","39,43","3,37","-3,91"
2026 03 12 13:04:53:561,-3.9675,-6.78875,"0,27",12,2,"11,7","0,77","39,43","3,37",0
2026 03 12 13:04:53:563,-3.9675,-6.78875,"0,27",12,2,"11,7","0,77","39,43","3,37",0
2026 03 12 13:04:53:565,-3.9675,-6.78875,"0,27",12,2,"11,7","0,77","39,43","3,37",0
2026 03 12 13:04:53:567,-3.9985,-6.87625,"0,27",12,2,"11,7","0,77","39,43","3,37",0
2026 03 12 13:04:53:569,-3.9985,-6.78875,"0,27",12,2,"11,7","0,77","39,43","3,37",0
2026 03 12 13:04:53:571,-3.9985,-6.78875,"0,27",12,2,"11,7","0,77","39,43","3,37","23,44"
2026 03 12 13:04:53:573,-3.9334,-6.78875,"0,27",12,2,"11,7","0,77","39,43","3,37","19,53"
2026 03 12 13:04:53:575,-3.9675,-6.78875,"0,27",12,2,"11,7","0,77","39,43","3,37",0
2026 03 12 13:04:53:577,-3.9675,-6.78875,"0,27",12,2,"11,7","0,77","39,43","3,37","-15,62"
2026 03 12 13:04:53:579,-3.9675,-6.70125,"0,27",12,2,"11,7","0,77","39,43","3,37","-3,91"
2026 03 12 13:04:53:581,-3.9675,-6.70125,"0,27",12,2,"11,7","0,77","39,43","3,37",0
2026 03 12 13:04:53:583,-3.9985,-6.78875,"0,27",12,2,"11,7","0,77","39,43","3,37",0
2026 03 12 13:04:53:585,-3.9675,-6.70125,"0,27",12,2,"11,7","0,77","39,43","3,37",0
2026 03 12 13:04:53:587,-3.9675,-6.78875,"0,27",12,2,"11,7","0,77","39,43","3,37",0
2026 03 12 13:04:53:589,-3.9675,-6.70125,"0,27",12,2,"11,7","0,77","39,43","3,37",0
2026 03 12 13:04:53:591,-3.9675,-6.70125,"0,27",12,2,"11,7","0,77","39,43","3,37","23,44"
2026 03 12 13:04:53:593,-3.9675,-6.70125,"0,27",12,2,"11,7","0,77","39,43","3,37","19,53"
2026 03 12 13:04:53:595,-3.9675,-6.78875,"0,27",12,2,"11,7","0,77","39,43","3,37",0
2026 03 12 13:04:53:597,-3.9675,-6.78875,"0,27",12,2,"11,7","0,77","39,43","3,37","-15,62"
2026 03 12 13:04:53:599,-3.9675,-6.70125,"0,27",12,2,"11,7","0,77","39,43","3,37","-7,81"
2026 03 12 13:04:53:601,-3.9334,-6.87625,"0,27",12,2,"11,7","0,77","39,43","3,37",0
2026 03 12 13:04:53:603,-3.9675,-6.78875,"0,27",12,2,"11,7","0,77","39,43","3,37",0
2026 03 12 13:04:53:605,-3.9985,-6.78875,"0,27",12,2,"11,7","0,77","39,43","3,37",0
2026 03 12 13:04:53:607,-3.9675,-6.78875,"0,27",12,2,"11,7","0,77","39,43","3,37",0
2026 03 12 13:04:53:609,-3.9675,-6.78875,"0,27",12,2,"11,7","0,77","39,43","3,37",0
2026 03 12 13:04:53:611,-3.9675,-6.70125,"0,27",12,2,"11,7","0,77","39,43","3,37","23,44"
2026 03 12 13:04:53:613,-3.9675,-6.78875,"0,27",12,2,"11,7","0,77","39,43","3,37","15,63"
2026 03 12 13:04:53:615,-3.9675,-6.78875,"0,27",12,2,"11,7","0,77","39,43","3,37",0
2026 03 12 13:04:53:617,-3.9675,-6.78875,"0,27",12,2,"11,7","0,77","39,43","3,37","-19,53"
2026 03 12 13:04:53:619,-3.9985,-6.78875,"0,27",12,2,"11,7","0,77","39,43","3,37","-3,91"
2026 03 12 13:04:53:621,-3.9675,-6.70125,"0,27",12,2,"11,7","0,77","39,43","3,37",0
2026 03 12 13:04:53:623,-3.9675,-6.78875,"0,27",12,2,"11,7","0,77","39,43","3,37",0
2026 03 12 13:04:53:625,-3.9675,-6.78875,"0,27",12,2,"11,7","0,77","39,43","3,37",0
2026 03 12 13:04:53:627,-3.9675,-6.78875,"0,27",12,2,"11,7","0,77","39,43","3,37",0
2026 03 12 13:04:53:629,-3.9675,-6.78875,"0,27",12,2,"11,7","0,77","39,43","3,37",0
2026 03 12 13:04:53:631,-3.9675,-6.70125,"0,27",12,2,"11,7","0,77","39,43","3,37","23,44"
2026 03 12 13:04:53:633,-3.9985,-6.78875,"0,27",12,2,"11,7","0,77","39,43","3,37","11,72"
2026 03 12 13:04:53:635,-3.9675,-6.70125,"0,27",12,2,"11,7","0,77","39,43","3,37",0
2026 03 12 13:04:53:637,-3.9675,-6.78875,"0,27",12,2,"11,7","0,77","39,43","3,37","-15,62"
2026 03 12 13:04:53:639,-3.9675,-6.70125,"0,27",12,2,"11,7","0,77","39,43","3,37","-3,91"
2026 03 12 13:04:53:641,-3.9675,-6.78875,"0,27",12,2,"11,7","0,77","39,43","3,37",0
2026 03 12 13:04:53:643,-3.9675,-6.70125,"0,27",12,2,"11,7","0,77","39,43","3,37",0
2026 03 12 13:04:53:645,-3.9675,-6.70125,"0,27",12,2,"11,7","0,77","39,43","3,37",0
2026 03 12 13:04:53:647,-3.9334,-6.70125,"0,27",12,2,"11,7","0,77","39,43","3,37",0
2026 03 12 13:04:53:649,-3.9675,-6.70125,"0,27",12,2,"11,7","0,77","39,43","3,37",0
2026 03 12 13:04:53:651,-3.9675,-6.78875,"0,27",12,2,"11,7","0,77","39,43","3,37","23,44"
2026 03 12 13:04:53:653,-3.9985,-6.78875,"0,27",12,2,"11,7","0,77","39,43","3,37","11,72"
2026 03 12 13:04:53:655,-3.9675,-6.78875,"0,27",12,2,"11,7","0,77","39,43","3,37",0
2026 03 12 13:04:53:657,-3.9675,-6.78875,"0,27",12,2,"11,7","0,77","39,43","3,37","-15,62"
2026 03 12 13:04:53:659,-3.9675,-6.78875,"0,27",12,2,"11,7","0,77","39,43","3,37","-3,91"
2026 03 12 13:04:53:661,-3.9675,-6.70125,"0,27",12,2,"11,7","0,77","39,43","3,37",0
2026 03 12 13:04:53:663,-3.9985,-6.87625,"0,27",12,2,"11,7","0,77","39,43","3,37",0
2026 03 12 13:04:53:665,-3.9675,-6.78875,"0,27",12,2,"11,7","0,77","39,43","3,37",0
2026 03 12 13:04:53:667,-3.9675,-6.78875,"0,27",12,2,"11,7","0,77","39,43","3,37",0
2026 03 12 13:04:53:669,-3.9675,-6.87625,"0,27",12,2,"11,7","0,77","39,43","3,37",0
2026 03 12 13:04:53:671,-3.9334,-6.78875,"0,27",12,2,"11,7","0,77","39,43","3,37","23,44"
2026 03 12 13:04:53:673,-3.9675,-6.87625,"0,27",12,2,"11,7","0,77","39,43","3,37","11,72"
2026 03 12 13:04:53:675,-3.9675,-6.87625,"0,27",12,2,"11,7","0,77","39,43","3,37",0
2026 03 12 13:04:53:677,-3.9675,-6.78875,"0,27",12,2,"11,7","0,77","39,43","3,37","-15,62"
2026 03 12 13:04:53:679,-3.9675,-6.78875,"0,27",12,2,"11,7","0,77","39,43","3,37","-3,91"
2026 03 12 13:04:53:681,-3.9985,-6.78875,"0,27",12,2,"11,7","0,77","39,43","3,37",0
2026 03 12 13:04:53:683,-3.9675,-6.78875,"0,27",12,2,"11,7","0,77","39,43","3,37",0
2026 03 12 13:04:53:685,-3.9675,-6.78875,"0,27",12,2,"11,7","0,77","39,43","3,37",0
2026 03 12 13:04:53:687,-3.9675,-6.78875,"0,27",12,2,"11,7","0,77","39,43","3,37",0
2026 03 12 13:04:53:689,-3.9675,-6.70125,"0,27",12,2,"11,7","0,77","39,43","3,37",0
2026 03 12 13:04:53:691,-3.9675,-6.78875,"0,27",12,2,"11,7","0,77","39,43","3,37","23,44"
2026 03 12 13:04:53:693,-3.9675,-6.78875,"0,27",12,2,"11,7","0,77","39,43","3,37","11,72"
2026 03 12 13:04:53:695,-3.9675,-6.78875,"0,27",12,2,"11,7","0,77","39,43","3,37",0
2026 03 12 13:04:53:697,-3.9675,-6.70125,"0,27",12,2,"11,7","0,77","39,43","3,37","-15,62"
2026 03 12 13:04:53:699,-3.9675,-6.78875,"0,27",12,2,"11,7","0,77","39,43","3,37","-3,91"
2026 03 12 13:04:53:701,-3.9675,-6.78875,"0,27",12,2,"11,7","0,77","39,43","3,37",0
2026 03 12 13:04:53:703,-3.9675,-6.78875,"0,27",12,2,"11,7","0,77","39,43","3,37",0
2026 03 12 13:04:53:705,-3.9675,-6.78875,"0,27",12,2,"11,7","0,77","39,43","3,37",0
2026 03 12 13:04:53:707,-3.9675,-6.87625,"0,27",12,2,"11,7","0,77","39,43","3,37",0
2026 03 12 13:04:53:709,-3.9675,-6.78875,"0,27",12,2,"11,7","0,77","39,43","3,37",0
2026 03 12 13:04:53:711,-3.9675,-6.78875,"0,27",12,2,"11,7","0,77","39,43","3,37","23,44"
2026 03 12 13:04:53:713,-3.9334,-6.78875,"0,27",12,2,"11,7","0,77","39,43","3,37","11,72"
2026 03 12 13:04:53:715,-3.9675,-6.70125,"0,27",12,2,"11,7","0,77","39,43","3,37",0
2026 03 12 13:04:53:717,-3.9675,-6.70125,"0,27",12,2,"11,7","0,77","39,43","3,37","-15,62"
2026 03 12 13:04:53:719,-3.9675,-6.87625,"0,27",12,2,"11,7","0,77","39,43","3,37","-3,91"
2026 03 12 13:04:53:721,-3.9675,-6.78875,"0,27",12,2,"11,7","0,77","39,43","3,37",0
2026 03 12 13:04:53:723,-3.9675,-6.78875,"0,27",12,2,"11,7","0,77","39,43","3,37",0
2026 03 12 13:04:53:725,-3.9675,-6.78875,"0,27",12,2,"11,7","0,77","39,43","3,37",0
2026 03 12 13:04:53:727,-3.9675,-6.70125,"0,27",12,2,"11,7","0,77","39,43","3,37",0
2026 03 12 13:04:53:729,-3.9675,-6.78875,"0,27",12,2,"11,7","0,77","39,43","3,37",0
2026 03 12 13:04:53:731,-3.9985,-6.78875,"0,27",12,2,"11,7","0,77","39,43","3,37","23,44"
2026 03 12 13:04:53:733,-3.9675,-6.78875,"0,27",12,2,"11,7","0,77","39,43","3,37","15,63"
2026 03 12 13:04:53:735,-3.9675,-6.70125,"0,27",12,2,"11,7","0,77","39,43","3,37",0
2026 03 12 13:04:53:737,-3.9675,-6.78875,"0,27",12,2,"11,7","0,77","39,43","3,37","-19,53"
2026 03 12 13:04:53:739,-3.9675,-6.70125,"0,27",12,2,"11,7","0,77","39,43","3,37","-3,91"
2026 03 12 13:04:53:741,-3.9675,-6.78875,"0,27",12,2,"11,7","0,77","39,43","3,37",0
2026 03 12 13:04:53:743,-3.9985,-6.70125,"0,27",12,2,"11,7","0,77","39,43","3,37",0
2026 03 12 13:04:53:745,-3.9675,-6.78875,"0,27",12,2,"11,7","0,77","39,43","3,37",0
2026 03 12 13:04:53:747,-3.9985,-6.70125,"0,27",12,2,"11,7","0,77","39,43","3,37",0
2026 03 12 13:04:53:749,-3.9675,-6.70125,"0,27",12,2,"11,7","0,77","39,43","3,37",0
2026 03 12 13:04:53:751,-3.9985,-6.78875,"0,27",12,2,"11,7","0,77","39,43","3,37","23,44"
2026 03 12 13:04:53:753,-3.9675,-6.78875,"0,27",12,2,"11,7","0,77","39,43","3,37","11,72"
2026 03 12 13:04:53:755,-3.9675,-6.78875,"0,27",12,2,"11,7","0,77","39,43","3,37",0
2026 03 12 13:04:53:757,-3.9675,-6.70125,"0,27",12,2,"11,7","0,77","39,43","3,37","-19,53"
2026 03 12 13:04:53:759,-3.9675,-6.78875,"0,27",12,2,"11,7","0,77","39,43","3,37","-3,91"
2026 03 12 13:04:53:761,-3.9675,-6.78875,"0,27",12,2,"11,7","0,77","39,43","3,37",0
2026 03 12 13:04:53:763,-3.9985,-6.78875,"0,27",12,2,"11,7","0,77","39,43","3,37",0
2026 03 12 13:04:53:765,-3.9675,-6.70125,"0,27",12,2,"11,7","0,77","39,43","3,37",0
2026 03 12 13:04:53:767,-3.9675,-6.70125,"0,27",12,2,"11,7","0,77","39,43","3,37",0
2026 03 12 13:04:53:769,-3.9675,-6.78875,"0,27",12,2,"11,7","0,77","39,43","3,37",0
2026 03 12 13:04:53:771,-3.9675,-6.87625,"0,27",12,2,"11,7","0,77","39,43","3,37","27,34"
2026 03 12 13:04:53:773,-3.9675,-6.70125,"0,27",12,2,"11,7","0,77","39,43","3,37","15,63"
2026 03 12 13:04:53:775,-3.9334,-6.78875,"0,27",12,2,"11,7","0,77","39,43","3,37",0
2026 03 12 13:04:53:777,-3.9334,-6.78875,"0,27",12,2,"11,7","0,77","39,43","3,37","-19,53"
2026 03 12 13:04:53:779,-3.9675,-6.87625,"0,27",12,2,"11,7","0,77","39,43","3,37","-3,91"
2026 03 12 13:04:53:781,-3.9985,-6.70125,"0,27",12,2,"11,7","0,77","39,43","3,37",0
2026 03 12 13:04:53:783,-3.9334,-6.78875,"0,27",12,2,"11,7","0,77","39,43","3,37",0
2026 03 12 13:04:53:785,-3.9675,-6.70125,"0,27",12,2,"11,7","0,77","39,43","3,37",0
2026 03 12 13:04:53:787,-3.9675,-6.61375,"0,27",12,2,"11,7","0,77","39,43","3,37",0
2026 03 12 13:04:53:789,-3.9334,-6.78875,"0,27",12,2,"11,7","0,77","39,43","3,37",0
2026 03 12 13:04:53:791,-3.9334,-6.70125,"0,27",12,2,"11,7","0,77","39,43","3,37","23,44"
2026 03 12 13:04:53:793,-3.9675,-6.78875,"0,27",12,2,"11,7","0,77","39,43","3,37","11,72"
2026 03 12 13:04:53:795,-3.9675,-6.78875,"0,27",12,2,"11,7","0,77","39,43","3,37",0
2026 03 12 13:04:53:797,-3.9675,-6.78875,"0,27",12,2,"11,7","0,77","39,43","3,37","-19,53"
2026 03 12 13:04:53:799,-3.9675,-6.78875,"0,27",12,2,"11,7","0,77","39,43","3,37","-3,91"
2026 03 12 13:04:53:801,-3.9675,-6.78875,"0,27",12,2,"11,7","0,77","39,43","3,37",0
2026 03 12 13:04:53:803,-3.9675,-6.78875,"0,27",12,2,"11,7","0,77","39,43","3,37",0
2026 03 12 13:04:53:805,-3.9675,-6.78875,"0,27",12,2,"11,7","0,77","39,43","3,37",0
2026 03 12 13:04:53:807,-3.9675,-6.70125,"0,27",12,2,"11,7","0,77","39,43","3,37",0
2026 03 12 13:04:53:809,-3.9675,-6.87625,"0,27",12,2,"11,7","0,77","39,43","3,37",0
2026 03 12 13:04:53:811,-3.9675,-6.78875,"0,27",12,2,"11,7","0,8","39,57","3,38","23,44"
2026 03 12 13:04:53:813,-3.9334,-6.78875,"0,27",12,2,"11,7","0,8","39,57","3,38","11,72"
2026 03 12 13:04:53:815,-3.9675,-6.87625,"0,27",12,2,"11,7","0,8","39,57","3,38",0
2026 03 12 13:04:53:817,-3.9675,-6.70125,"0,27",12,2,"11,7","0,8","39,57","3,38","-19,53"
2026 03 12 13:04:53:819,-3.9334,-6.78875,"0,27",12,2,"11,7","0,8","39,57","3,38","-3,91"
2026 03 12 13:04:53:821,-3.9675,-6.87625,"0,27",12,2,"11,7","0,8","39,57","3,38",0
2026 03 12 13:04:53:823,-3.9985,-6.70125,"0,27",12,2,"11,7","0,8","39,57","3,38",0
2026 03 12 13:04:53:825,-3.9334,-6.78875,"0,27",12,2,"11,7","0,8","39,57","3,38",0
2026 03 12 13:04:53:827,-3.9334,-6.70125,"0,27",12,2,"11,7","0,8","39,57","3,38",0
2026 03 12 13:04:53:829,-3.9675,-6.78875,"0,27",12,2,"11,7","0,8","39,57","3,38",0
2026 03 12 13:04:53:831,-3.9675,-6.70125,"0,27",12,2,"11,7","0,8","39,57","3,38","27,34"
2026 03 12 13:04:53:833,-3.9675,-6.78875,"0,27",12,2,"11,7","0,8","39,57","3,38","15,63"
2026 03 12 13:04:53:835,-3.9675,-6.78875,"0,27",12,2,"11,7","0,8","39,57","3,38","3,91"
2026 03 12 13:04:53:837,-3.9675,-6.78875,"0,27",12,2,"11,7","0,8","39,57","3,38","-15,62"
2026 03 12 13:04:53:839,-3.9334,-6.87625,"0,27",12,2,"11,7","0,8","39,57","3,38","-3,91"
2026 03 12 13:04:53:841,-3.9675,-6.70125,"0,27",12,2,"11,7","0,8","39,57","3,38",0
2026 03 12 13:04:53:843,-3.9675,-6.87625,"0,27",12,2,"11,7","0,8","39,57","3,38",0
2026 03 12 13:04:53:845,-3.9334,-6.70125,"0,27",12,2,"11,7","0,8","39,57","3,38",0
2026 03 12 13:04:53:847,-3.9675,-6.78875,"0,27",12,2,"11,7","0,8","39,57","3,38",0
2026 03 12 13:04:53:849,-3.9675,-6.78875,"0,27",12,2,"11,7","0,8","39,57","3,38",0
2026 03 12 13:04:53:851,-3.9334,-6.78875,"0,27",12,2,"11,7","0,8","39,57","3,38","27,34"
2026 03 12 13:04:53:853,-3.9675,-6.78875,"0,27",12,2,"11,7","0,8","39,57","3,38","19,53"
2026 03 12 13:04:53:855,-3.9334,-6.78875,"0,27",12,2,"11,7","0,8","39,57","3,38",0
2026 03 12 13:04:53:857,-3.9675,-6.78875,"0,27",12,2,"11,7","0,8","39,57","3,38","-11,72"
2026 03 12 13:04:53:859,-3.9675,-6.70125,"0,27",12,2,"11,7","0,8","39,57","3,38","-3,91"
2026 03 12 13:04:53:861,-3.9675,-6.78875,"0,27",12,2,"11,7","0,8","39,57","3,38",0
2026 03 12 13:04:53:863,-3.9675,-6.78875,"0,27",12,2,"11,7","0,8","39,57","3,38",0
2026 03 12 13:04:53:865,-3.9675,-6.78875,"0,27",12,2,"11,7","0,8","39,57","3,38",0
2026 03 12 13:04:53:867,-3.9985,-6.78875,"0,27",12,2,"11,7","0,8","39,57","3,38",0
2026 03 12 13:04:53:869,-3.9675,-6.78875,"0,27",12,2,"11,7","0,8","39,57","3,38",0
2026 03 12 13:04:53:871,-3.9675,-6.78875,"0,27",12,2,"11,7","0,8","39,57","3,38","27,34"
2026 03 12 13:04:53:873,-3.9334,-6.78875,"0,27",12,2,"11,7","0,8","39,57","3,38","15,63"
2026 03 12 13:04:53:875,-3.9334,-6.78875,"0,27",12,2,"11,7","0,8","39,57","3,38",0
2026 03 12 13:04:53:877,-3.9675,-6.70125,"0,27",12,2,"11,7","0,8","39,57","3,38","-11,72"
2026 03 12 13:04:53:879,-3.9985,-6.78875,"0,27",12,2,"11,7","0,8","39,57","3,38","-3,91"
2026 03 12 13:04:53:881,-3.9675,-6.78875,"0,27",12,2,"11,7","0,8","39,57","3,38",0
2026 03 12 13:04:53:883,-3.9334,-6.70125,"0,27",12,2,"11,7","0,8","39,57","3,38",0
2026 03 12 13:04:53:885,-3.9675,-6.70125,"0,27",12,2,"11,7","0,8","39,57","3,38",0
2026 03 12 13:04:53:887,-3.9675,-6.78875,"0,27",12,2,"11,7","0,8","39,57","3,38",0
2026 03 12 13:04:53:889,-3.9334,-6.70125,"0,27",12,2,"11,7","0,8","39,57","3,38",0
2026 03 12 13:04:53:891,-3.9675,-6.70125,"0,27",12,2,"11,7","0,8","39,57","3,38","23,44"
2026 03 12 13:04:53:893,-3.9334,-6.78875,"0,27",12,2,"11,7","0,8","39,57","3,38","11,72"
2026 03 12 13:04:53:895,-3.9985,-6.70125,"0,27",12,2,"11,7","0,8","39,57","3,38",0
2026 03 12 13:04:53:897,-3.9675,-6.78875,"0,27",12,2,"11,7","0,8","39,57","3,38","-15,62"
2026 03 12 13:04:53:899,-3.9675,-6.70125,"0,27",12,2,"11,7","0,8","39,57","3,38","-3,91"
2026 03 12 13:04:53:901,-3.9675,-6.78875,"0,27",12,2,"11,7","0,8","39,57","3,38",0
2026 03 12 13:04:53:903,-3.9334,-6.70125,"0,27",12,2,"11,7","0,8","39,57","3,38",0
2026 03 12 13:04:53:905,-3.9985,-6.78875,"0,27",12,2,"11,7","0,8","39,57","3,38",0
2026 03 12 13:04:53:907,-3.9675,-6.78875,"0,27",12,2,"11,7","0,8","39,57","3,38",0
2026 03 12 13:04:53:909,-3.9985,-6.78875,"0,27",12,2,"11,7","0,8","39,57","3,38",0
2026 03 12 13:04:53:911,-3.9675,-6.78875,"0,27",12,2,"11,7","0,8","39,57","3,38","23,44"
2026 03 12 13:04:53:913,-3.9675,-6.78875,"0,27",12,2,"11,7","0,8","39,57","3,38","7,81"
2026 03 12 13:04:53:915,-3.9334,-6.78875,"0,27",12,2,"11,7","0,8","39,57","3,38",0
2026 03 12 13:04:53:917,-3.9675,-6.87625,"0,27",12,2,"11,7","0,8","39,57","3,38","-15,62"
2026 03 12 13:04:53:919,-3.9675,-6.87625,"0,27",12,2,"11,7","0,8","39,57","3,38","-3,91"
2026 03 12 13:04:53:921,-3.9985,-6.78875,"0,27",12,2,"11,7","0,8","39,57","3,38",0
2026 03 12 13:04:53:923,-3.9675,-6.70125,"0,27",12,2,"11,7","0,8","39,57","3,38",0
2026 03 12 13:04:53:925,-3.9334,-6.78875,"0,27",12,2,"11,7","0,8","39,57","3,38",0
2026 03 12 13:04:53:927,-3.9675,-6.78875,"0,27",12,2,"11,7","0,8","39,57","3,38",0
2026 03 12 13:04:53:929,-3.9675,-6.70125,"0,27",12,2,"11,7","0,8","39,57","3,38",0
2026 03 12 13:04:53:931,-3.9985,-6.78875,"0,27",12,2,"11,7","0,8","39,57","3,38","27,34"
2026 03 12 13:04:53:933,-3.9675,-6.78875,"0,27",12,2,"11,7","0,8","39,57","3,38","7,81"
2026 03 12 13:04:53:935,-3.9985,-6.78875,"0,27",12,2,"11,7","0,8","39,57","3,38",0
2026 03 12 13:04:53:937,-4.0295,-6.78875,"0,27",12,2,"11,7","0,8","39,57","3,38","-15,62"
2026 03 12 13:04:53:939,-3.9675,-6.70125,"0,27",12,2,"11,7","0,8","39,57","3,38","-3,91"
2026 03 12 13:04:53:941,-3.9675,-6.78875,"0,27",12,2,"11,7","0,8","39,57","3,38",0
2026 03 12 13:04:53:943,-3.9675,-6.87625,"0,27",12,2,"11,7","0,8","39,57","3,38",0
2026 03 12 13:04:53:945,-3.9675,-6.87625,"0,27",12,2,"11,7","0,8","39,57","3,38",0
2026 03 12 13:04:53:947,-3.9985,-6.78875,"0,27",12,2,"11,7","0,8","39,57","3,38",0
2026 03 12 13:04:53:949,-3.9334,-6.78875,"0,27",12,2,"11,7","0,8","39,57","3,38",0
2026 03 12 13:04:53:951,-3.9675,-6.78875,"0,27",12,2,"11,7","0,8","39,57","3,38","23,44"
2026 03 12 13:04:53:953,-3.9675,-6.70125,"0,27",12,2,"11,7","0,8","39,57","3,38","7,81"
2026 03 12 13:04:53:955,-3.9675,-6.78875,"0,27",12,2,"11,7","0,8","39,57","3,38",0
2026 03 12 13:04:53:957,-3.9675,-6.78875,"0,27",12,2,"11,7","0,8","39,57","3,38","-15,62"
2026 03 12 13:04:53:959,-3.9675,-6.78875,"0,27",12,2,"11,7","0,8","39,57","3,38","-3,91"
2026 03 12 13:04:53:961,-3.9675,-6.78875,"0,27",12,2,"11,7","0,8","39,57","3,38",0
2026 03 12 13:04:53:963,-3.9675,-6.78875,"0,27",12,2,"11,7","0,8","39,57","3,38",0
2026 03 12 13:04:53:965,-3.9675,-6.78875,"0,27",12,2,"11,7","0,8","39,57","3,38",0
2026 03 12 13:04:53:967,-3.9675,-6.78875,"0,27",12,2,"11,7","0,8","39,57","3,38",0
2026 03 12 13:04:53:969,-3.9985,-6.78875,"0,27",12,2,"11,7","0,8","39,57","3,38",0
2026 03 12 13:04:53:971,-3.9675,-6.70125,"0,27",12,2,"11,7","0,8","39,57","3,38","23,44"
2026 03 12 13:04:53:973,-3.9675,-6.70125,"0,27",12,2,"11,7","0,8","39,57","3,38","11,72"
2026 03 12 13:04:53:975,-3.9334,-6.78875,"0,27",12,2,"11,7","0,8","39,57","3,38",0
2026 03 12 13:04:53:977,-3.9675,-6.78875,"0,27",12,2,"11,7","0,8","39,57","3,38","-15,62"
2026 03 12 13:04:53:979,-3.9675,-6.70125,"0,27",12,2,"11,7","0,8","39,57","3,38","-3,91"
2026 03 12 13:04:53:981,-3.9334,-6.78875,"0,27",12,2,"11,7","0,8","39,57","3,38",0
2026 03 12 13:04:53:983,-3.9675,-6.78875,"0,27",12,2,"11,7","0,8","39,57","3,38",0
2026 03 12 13:04:53:985,-3.9675,-6.78875,"0,27",12,2,"11,7","0,8","39,57","3,38",0
2026 03 12 13:04:53:987,-3.9675,-6.70125,"0,27",12,2,"11,7","0,8","39,57","3,38",0
2026 03 12 13:04:53:989,-3.9675,-6.70125,"0,27",12,2,"11,7","0,8","39,57","3,38",0
2026 03 12 13:04:53:991,-3.9334,-6.78875,"0,27",12,2,"11,7","0,8","39,57","3,38","23,44"
2026 03 12 13:04:53:993,-3.9675,-6.78875,"0,27",12,2,"11,7","0,8","39,57","3,38","11,72"
2026 03 12 13:04:53:995,-3.9675,-6.70125,"0,27",12,2,"11,7","0,8","39,57","3,38",0
2026 03 12 13:04:53:997,-3.9675,-6.87625,"0,27",12,2,"11,7","0,8","39,57","3,38","-15,62"
2026 03 12 13:04:53:999,-3.9675,-6.78875,"0,27",12,2,"11,7","0,8","39,57","3,38","-3,91"
2026 03 12 13:04:54:001,-3.9675,-6.78875,"0,27",12,2,"11,7","0,8","39,57","3,38",0
2026 03 12 13:04:54:003,-3.9334,-6.78875,"0,27",12,2,"11,7","0,8","39,57","3,38",0
2026 03 12 13:04:54:005,-3.9675,-6.78875,"0,27",12,2,"11,7","0,8","39,57","3,38",0
2026 03 12 13:04:54:007,-3.9675,-6.87625,"0,27",12,2,"11,7","0,8","39,57","3,38",0
2026 03 12 13:04:54:009,-3.9675,-6.78875,"0,27",12,2,"11,7","0,8","39,57","3,38",0
2026 03 12 13:04:54:011,-3.9675,-6.70125,"0,27",12,2,"11,7","0,8","39,57","3,38","23,44"
2026 03 12 13:04:54:013,-3.9675,-6.78875,"0,27",12,2,"11,7","0,8","39,57","3,38","7,81"
2026 03 12 13:04:54:015,-3.9675,-6.70125,"0,27",12,2,"11,7","0,8","39,57","3,38",0
2026 03 12 13:04:54:017,-3.9675,-6.78875,"0,27",12,2,"11,7","0,8","39,57","3,38","-19,53"
2026 03 12 13:04:54:019,-3.9334,-6.87625,"0,27",12,2,"11,7","0,8","39,57","3,38","-3,91"
2026 03 12 13:04:54:021,-3.9675,-6.78875,"0,27",12,2,"11,7","0,8","39,57","3,38",0
2026 03 12 13:04:54:023,-3.9334,-6.78875,"0,27",12,2,"11,7","0,8","39,57","3,38",0
2026 03 12 13:04:54:025,-3.9675,-6.78875,"0,27",12,2,"11,7","0,8","39,57","3,38",0
2026 03 12 13:04:54:027,-3.9675,-6.78875,"0,27",12,2,"11,7","0,8","39,57","3,38",0
2026 03 12 13:04:54:029,-3.9675,-6.78875,"0,27",12,2,"11,7","0,8","39,57","3,38",0
2026 03 12 13:04:54:031,-3.9675,-6.70125,"0,27",12,2,"11,7","0,8","39,57","3,38","27,34"
2026 03 12 13:04:54:033,-3.9985,-6.87625,"0,27",12,2,"11,7","0,8","39,57","3,38","11,72"
2026 03 12 13:04:54:035,-3.9675,-6.78875,"0,27",12,2,"11,7","0,8","39,57","3,38",0
2026 03 12 13:04:54:037,-3.9675,-6.70125,"0,27",12,2,"11,7","0,8","39,57","3,38","-15,62"
2026 03 12 13:04:54:039,-3.9675,-6.78875,"0,27",12,2,"11,7","0,8","39,57","3,38","-3,91"
2026 03 12 13:04:54:041,-3.9675,-6.78875,"0,27",12,2,"11,7","0,8","39,57","3,38",0
2026 03 12 13:04:54:043,-3.9675,-6.78875,"0,27",12,2,"11,7","0,8","39,57","3,38",0
2026 03 12 13:04:54:045,-3.9675,-6.78875,"0,27",12,2,"11,7","0,8","39,57","3,38",0
2026 03 12 13:04:54:047,-3.9675,-6.78875,"0,27",12,2,"11,7","0,8","39,57","3,38",0
2026 03 12 13:04:54:049,-3.9675,-6.78875,"0,27",12,2,"11,7","0,8","39,57","3,38",0
2026 03 12 13:04:54:051,-3.9675,-6.78875,"0,27",12,2,"11,7","0,8","39,57","3,38","23,44"
2026 03 12 13:04:54:053,-3.9675,-6.78875,"0,27",12,2,"11,7","0,8","39,57","3,38","11,72"
2026 03 12 13:04:54:055,-3.9675,-6.87625,"0,27",12,2,"11,7","0,8","39,57","3,38",0
2026 03 12 13:04:54:057,-3.9675,-6.78875,"0,27",12,2,"11,7","0,8","39,57","3,38","-15,62"
2026 03 12 13:04:54:059,-3.9675,-6.78875,"0,27",12,2,"11,7","0,8","39,57","3,38","-3,91"
2026 03 12 13:04:54:061,-3.9675,-6.78875,"0,27",12,2,"11,7","0,8","39,57","3,38",0
2026 03 12 13:04:54:063,-3.9985,-6.78875,"0,27",12,2,"11,7","0,8","39,57","3,38",0
2026 03 12 13:04:54:065,-3.9985,-6.70125,"0,27",12,2,"11,7","0,8","39,57","3,38",0
2026 03 12 13:04:54:067,-3.9985,-6.78875,"0,27",12,2,"11,7","0,8","39,57","3,38",0
2026 03 12 13:04:54:069,-3.9675,-6.87625,"0,27",12,2,"11,7","0,8","39,57","3,38",0
2026 03 12 13:04:54:071,-3.9675,-6.70125,"0,27",12,2,"11,7","0,8","39,57","3,38","27,34"
2026 03 12 13:04:54:073,-3.9675,-6.70125,"0,27",12,2,"11,7","0,8","39,57","3,38","11,72"
2026 03 12 13:04:54:075,-3.9675,-6.70125,"0,27",12,2,"11,7","0,8","39,57","3,38",0
2026 03 12 13:04:54:077,-3.9675,-6.78875,"0,27",12,2,"11,7","0,8","39,57","3,38","-15,62"
2026 03 12 13:04:54:079,-3.9675,-6.70125,"0,27",12,2,"11,7","0,8","39,57","3,38","-3,91"
2026 03 12 13:04:54:081,-3.9675,-6.70125,"0,27",12,2,"11,7","0,8","39,57","3,38",0
2026 03 12 13:04:54:083,-3.9334,-6.70125,"0,27",12,2,"11,7","0,8","39,57","3,38",0
2026 03 12 13:04:54:085,-3.9675,-6.78875,"0,27",12,2,"11,7","0,8","39,57","3,38",0
2026 03 12 13:04:54:087,-3.9675,-6.70125,"0,27",12,2,"11,7","0,8","39,57","3,38",0
2026 03 12 13:04:54:089,-3.9985,-6.70125,"0,27",12,2,"11,7","0,8","39,57","3,38",0
2026 03 12 13:04:54:091,-3.9334,-6.70125,"0,27",12,2,"11,7","0,8","39,57","3,38","27,34"
2026 03 12 13:04:54:093,-3.9985,-6.78875,"0,27",12,2,"11,7","0,8","39,57","3,38","7,81"
2026 03 12 13:04:54:095,-3.9675,-6.78875,"0,27",12,2,"11,7","0,8","39,57","3,38",0
2026 03 12 13:04:54:097,-3.9675,-6.78875,"0,27",12,2,"11,7","0,8","39,57","3,38","-19,53"
2026 03 12 13:04:54:099,-3.9675,-6.78875,"0,27",12,2,"11,7","0,8","39,57","3,38","-3,91"
2026 03 12 13:04:54:101,-3.9675,-6.78875,"0,27",12,2,"11,7","0,8","39,57","3,38",0
2026 03 12 13:04:54:103,-3.9334,-6.78875,"0,27",12,2,"11,7","0,8","39,57","3,38",0
2026 03 12 13:04:54:105,-3.9675,-6.78875,"0,27",12,2,"11,7","0,8","39,57","3,38",0
2026 03 12 13:04:54:107,-3.9985,-6.78875,"0,27",12,2,"11,7","0,8","39,57","3,38",0
2026 03 12 13:04:54:109,-3.9985,-6.78875,"0,27",12,2,"11,7","0,8","39,57","3,38",0
2026 03 12 13:04:54:111,-3.9675,-6.78875,"0,27",12,2,"11,7","0,8","39,57","3,38","27,34"
2026 03 12 13:04:54:113,-3.9334,-6.78875,"0,27",12,2,"11,67","0,75","41,02","3,51","11,72"
2026 03 12 13:04:54:115,-3.9675,-6.78875,"0,27",12,2,"11,67","0,75","41,02","3,51",0
2026 03 12 13:04:54:117,-3.9675,-6.78875,"0,27",12,2,"11,67","0,75","41,02","3,51","-11,72"
2026 03 12 13:04:54:119,-3.9985,-6.87625,"0,27",12,2,"11,67","0,75","41,02","3,51","-3,91"
2026 03 12 13:04:54:121,-3.9675,-6.78875,"0,27",12,2,"11,67","0,75","41,02","3,51",0
2026 03 12 13:04:54:123,-3.9675,-6.78875,"0,27",12,2,"11,67","0,75","41,02","3,51",0
2026 03 12 13:04:54:125,-3.9675,-6.78875,"0,27",12,2,"11,67","0,75","41,02","3,51",0
2026 03 12 13:04:54:127,-3.9675,-6.78875,"0,27",12,2,"11,67","0,75","41,02","3,51","3,91"
2026 03 12 13:04:54:129,-3.9675,-6.78875,"0,27",12,2,"11,67","0,75","41,02","3,51",0
2026 03 12 13:04:54:131,-3.9985,-6.70125,"0,27",12,2,"11,67","0,75","41,02","3,51","27,34"
2026 03 12 13:04:54:133,-3.9334,-6.70125,"0,27",12,2,"11,67","0,75","41,02","3,51","15,63"
2026 03 12 13:04:54:135,-3.9675,-6.78875,"0,27",12,2,"11,67","0,75","41,02","3,51",0
2026 03 12 13:04:54:137,-3.9334,-6.70125,"0,27",12,2,"11,67","0,75","41,02","3,51","-11,72"
2026 03 12 13:04:54:139,-3.9675,-6.78875,"0,27",12,2,"11,67","0,75","41,02","3,51","-3,91"
2026 03 12 13:04:54:141,-3.9675,-6.70125,"0,27",12,2,"11,67","0,75","41,02","3,51",0
2026 03 12 13:04:54:143,-3.9675,-6.78875,"0,27",12,2,"11,67","0,75","41,02","3,51",0
2026 03 12 13:04:54:145,-3.9675,-6.78875,"0,27",12,2,"11,67","0,75","41,02","3,51",0
2026 03 12 13:04:54:147,-3.9675,-6.78875,"0,27",12,2,"11,67","0,75","41,02","3,51",0
2026 03 12 13:04:54:149,-3.9675,-6.78875,"0,27",12,2,"11,67","0,75","41,02","3,51",0
2026 03 12 13:04:54:151,-3.9675,-6.70125,"0,27",12,2,"11,67","0,75","41,02","3,51","31,25"
2026 03 12 13:04:54:153,-3.9675,-6.78875,"0,27",12,2,"11,67","0,75","41,02","3,51","15,63"
2026 03 12 13:04:54:155,-3.9675,-6.70125,"0,27",12,2,"11,67","0,75","41,02","3,51",0
2026 03 12 13:04:54:157,-3.9675,-6.78875,"0,27",12,2,"11,67","0,75","41,02","3,51","-11,72"
2026 03 12 13:04:54:159,-3.9675,-6.78875,"0,27",12,2,"11,67","0,75","41,02","3,51","-3,91"
2026 03 12 13:04:54:161,-3.9675,-6.78875,"0,27",12,2,"11,67","0,75","41,02","3,51",0
2026 03 12 13:04:54:163,-3.9675,-6.70125,"0,27",12,2,"11,67","0,75","41,02","3,51",0
2026 03 12 13:04:54:165,-3.9985,-6.70125,"0,27",12,2,"11,67","0,75","41,02","3,51","-3,91"
2026 03 12 13:04:54:167,-3.9675,-6.78875,"0,27",12,2,"11,67","0,75","41,02","3,51",0
2026 03 12 13:04:54:169,-3.9985,-6.78875,"0,27",12,2,"11,67","0,75","41,02","3,51",0
2026 03 12 13:04:54:171,-3.9675,-6.78875,"0,27",12,2,"11,67","0,75","41,02","3,51","27,34"
2026 03 12 13:04:54:173,-3.9675,-6.70125,"0,27",12,2,"11,67","0,75","41,02","3,51","11,72"
2026 03 12 13:04:54:175,-3.9675,-6.78875,"0,27",12,2,"11,67","0,75","41,02","3,51",0
2026 03 12 13:04:54:177,-3.9675,-6.70125,"0,27",12,2,"11,67","0,75","41,02","3,51","-11,72"
2026 03 12 13:04:54:179,-3.9675,-6.78875,"0,27",12,2,"11,67","0,75","41,02","3,51","-3,91"
2026 03 12 13:04:54:181,-3.9985,-6.78875,"0,27",12,2,"11,67","0,75","41,02","3,51",0
2026 03 12 13:04:54:183,-3.9985,-6.70125,"0,27",12,2,"11,67","0,75","41,02","3,51",0
2026 03 12 13:04:54:185,-3.9675,-6.78875,"0,27",12,2,"11,67","0,75","41,02","3,51",0
2026 03 12 13:04:54:187,-3.9675,-6.70125,"0,27",12,2,"11,67","0,75","41,02","3,51",0
2026 03 12 13:04:54:189,-3.9675,-6.70125,"0,27",12,2,"11,67","0,75","41,02","3,51",0
2026 03 12 13:04:54:191,-3.9675,-6.78875,"0,27",12,2,"11,67","0,75","41,02","3,51","27,34"
2026 03 12 13:04:54:193,-3.9675,-6.78875,"0,27",12,2,"11,67","0,75","41,02","3,51","7,81"
2026 03 12 13:04:54:195,-3.9334,-6.78875,"0,27",12,2,"11,67","0,75","41,02","3,51",0
2026 03 12 13:04:54:197,-3.9985,-6.78875,"0,27",12,2,"11,67","0,75","41,02","3,51","-15,62"
2026 03 12 13:04:54:199,-3.9334,-6.78875,"0,27",12,2,"11,67","0,75","41,02","3,51","-3,91"
2026 03 12 13:04:54:201,-3.9675,-6.78875,"0,27",12,2,"11,67","0,75","41,02","3,51",0
2026 03 12 13:04:54:203,-3.9675,-6.78875,"0,27",12,2,"11,67","0,75","41,02","3,51",0
2026 03 12 13:04:54:205,-3.9334,-6.78875,"0,27",12,2,"11,67","0,75","41,02","3,51",0
2026 03 12 13:04:54:207,-3.9675,-6.78875,"0,27",12,2,"11,67","0,75","41,02","3,51",0
2026 03 12 13:04:54:209,-3.9675,-6.70125,"0,27",12,2,"11,67","0,75","41,02","3,51",0
2026 03 12 13:04:54:211,-3.9675,-6.78875,"0,27",12,2,"11,67","0,75","41,02","3,51","27,34"
2026 03 12 13:04:54:213,-3.9675,-6.70125,"0,27",12,2,"11,67","0,75","41,02","3,51","7,81"
2026 03 12 13:04:54:215,-3.9675,-6.78875,"0,27",12,2,"11,67","0,75","41,02","3,51",0
2026 03 12 13:04:54:217,-3.9334,-6.78875,"0,27",12,2,"11,67","0,75","41,02","3,51","-15,62"
2026 03 12 13:04:54:219,-3.9675,-6.70125,"0,27",12,2,"11,67","0,75","41,02","3,51","-3,91"
2026 03 12 13:04:54:221,-3.9985,-6.70125,"0,27",12,2,"11,67","0,75","41,02","3,51",0
2026 03 12 13:04:54:223,-3.9675,-6.78875,"0,27",12,2,"11,67","0,75","41,02","3,51",0
2026 03 12 13:04:54:225,-3.9675,-6.78875,"0,27",12,2,"11,67","0,75","41,02","3,51",0
2026 03 12 13:04:54:227,-3.9675,-6.78875,"0,27",12,2,"11,67","0,75","41,02","3,51",0
2026 03 12 13:04:54:229,-3.9985,-6.78875,"0,27",12,2,"11,67","0,75","41,02","3,51",0
2026 03 12 13:04:54:231,-3.9985,-6.78875,"0,27",12,2,"11,67","0,75","41,02","3,51","27,34"
2026 03 12 13:04:54:233,-3.9675,-6.78875,"0,27",12,2,"11,67","0,75","41,02","3,51","7,81"
2026 03 12 13:04:54:235,-3.9334,-6.70125,"0,27",12,2,"11,67","0,75","41,02","3,51",0
2026 03 12 13:04:54:237,-3.9675,-6.70125,"0,27",12,2,"11,67","0,75","41,02","3,51","-11,72"
2026 03 12 13:04:54:239,-3.9985,-6.78875,"0,27",12,2,"11,67","0,75","41,02","3,51","-15,62"
2026 03 12 13:04:54:241,-3.9675,-6.70125,"0,27",12,2,"11,67","0,75","41,02","3,51",0
2026 03 12 13:04:54:243,-3.9985,-6.78875,"0,27",12,2,"11,67","0,75","41,02","3,51",0
2026 03 12 13:04:54:245,-3.9675,-6.78875,"0,27",12,2,"11,67","0,75","41,02","3,51",0
2026 03 12 13:04:54:247,-3.9985,-6.78875,"0,27",12,2,"11,67","0,75","41,02","3,51",0
2026 03 12 13:04:54:249,-3.9985,-6.78875,"0,27",12,2,"11,67","0,75","41,02","3,51",0
2026 03 12 13:04:54:251,-3.9675,-6.78875,"0,27",12,2,"11,67","0,75","41,02","3,51","27,34"
2026 03 12 13:04:54:253,-3.9985,-6.78875,"0,27",12,2,"11,67","0,75","41,02","3,51","3,91"
2026 03 12 13:04:54:255,-3.9675,-6.70125,"0,27",12,2,"11,67","0,75","41,02","3,51",0
2026 03 12 13:04:54:257,-3.9675,-6.87625,"0,27",12,2,"11,67","0,75","41,02","3,51","-11,72"
2026 03 12 13:04:54:259,-3.9675,-6.78875,"0,27",12,2,"11,67","0,75","41,02","3,51","-7,81"
2026 03 12 13:04:54:261,-3.9675,-6.78875,"0,27",12,2,"11,67","0,75","41,02","3,51",0
2026 03 12 13:04:54:263,-3.9675,-6.78875,"0,27",12,2,"11,67","0,75","41,02","3,51",0
2026 03 12 13:04:54:265,-3.9675,-6.78875,"0,27",12,2,"11,67","0,75","41,02","3,51",0
2026 03 12 13:04:54:267,-3.9675,-6.70125,"0,27",12,2,"11,67","0,75","41,02","3,51",0
2026 03 12 13:04:54:269,-3.9675,-6.78875,"0,27",12,2,"11,67","0,75","41,02","3,51",0
2026 03 12 13:04:54:271,-3.9675,-6.78875,"0,27",12,2,"11,67","0,75","41,02","3,51","27,34"
2026 03 12 13:04:54:273,-3.9675,-6.78875,"0,27",12,2,"11,67","0,75","41,02","3,51","7,81"
2026 03 12 13:04:54:275,-3.9675,-6.78875,"0,27",12,2,"11,67","0,75","41,02","3,51",0
2026 03 12 13:04:54:277,-3.9675,-6.78875,"0,27",12,2,"11,67","0,75","41,02","3,51","-15,62"
2026 03 12 13:04:54:279,-3.9675,-6.70125,"0,27",12,2,"11,67","0,75","41,02","3,51","-3,91"
2026 03 12 13:04:54:281,-3.9675,-6.78875,"0,27",12,2,"11,67","0,75","41,02","3,51",0
2026 03 12 13:04:54:283,-3.9675,-6.70125,"0,27",12,2,"11,67","0,75","41,02","3,51",0
2026 03 12 13:04:54:285,-3.9334,-6.70125,"0,27",12,2,"11,67","0,75","41,02","3,51",0
2026 03 12 13:04:54:287,-3.9675,-6.78875,"0,27",12,2,"11,67","0,75","41,02","3,51",0
2026 03 12 13:04:54:289,-3.9985,-6.70125,"0,27",12,2,"11,67","0,75","41,02","3,51",0
2026 03 12 13:04:54:291,-3.9675,-6.78875,"0,27",12,2,"11,67","0,75","41,02","3,51","31,25"
2026 03 12 13:04:54:293,-3.9985,-6.78875,"0,27",12,2,"11,67","0,75","41,02","3,51","7,81"
2026 03 12 13:04:54:295,-3.9675,-6.78875,"0,27",12,2,"11,67","0,75","41,02","3,51",0
2026 03 12 13:04:54:297,-3.9985,-6.78875,"0,27",12,2,"11,67","0,75","41,02","3,51","-15,62"
2026 03 12 13:04:54:299,-3.9675,-6.78875,"0,27",12,2,"11,67","0,75","41,02","3,51","-3,91"
2026 03 12 13:04:54:301,-3.9675,-6.70125,"0,27",12,2,"11,67","0,75","41,02","3,51",0
2026 03 12 13:04:54:303,-3.9675,-6.78875,"0,27",12,2,"11,67","0,75","41,02","3,51",0
2026 03 12 13:04:54:305,-3.9985,-6.78875,"0,27",12,2,"11,67","0,75","41,02","3,51",0
2026 03 12 13:04:54:307,-3.9675,-6.78875,"0,27",12,2,"11,67","0,75","41,02","3,51",0
2026 03 12 13:04:54:309,-3.9675,-6.78875,"0,27",12,2,"11,67","0,75","41,02","3,51",0
2026 03 12 13:04:54:311,-3.9985,-6.78875,"0,27",12,2,"11,67","0,75","41,02","3,51","31,25"
2026 03 12 13:04:54:313,-3.9675,-6.70125,"0,27",12,2,"11,67","0,75","41,02","3,51","7,81"
2026 03 12 13:04:54:315,-3.9985,-6.78875,"0,27",12,2,"11,67","0,75","41,02","3,51",0
2026 03 12 13:04:54:317,-3.9334,-6.87625,"0,27",12,2,"11,67","0,75","41,02","3,51","-15,62"
2026 03 12 13:04:54:319,-3.9675,-6.78875,"0,27",12,2,"11,67","0,75","41,02","3,51","-7,81"
2026 03 12 13:04:54:321,-3.9675,-6.87625,"0,27",12,2,"11,67","0,75","41,02","3,51","-3,91"
2026 03 12 13:04:54:323,-3.9334,-6.78875,"0,27",12,2,"11,67","0,75","41,02","3,51",0
2026 03 12 13:04:54:325,-3.9675,-6.78875,"0,27",12,2,"11,67","0,75","41,02","3,51",0
2026 03 12 13:04:54:327,-3.9675,-6.78875,"0,27",12,2,"11,67","0,75","41,02","3,51",0
2026 03 12 13:04:54:329,-3.9675,-6.78875,"0,27",12,2,"11,67","0,75","41,02","3,51",0
2026 03 12 13:04:54:331,-3.9334,-6.78875,"0,27",12,2,"11,67","0,75","41,02","3,51","31,25"
2026 03 12 13:04:54:333,-3.9675,-6.78875,"0,27",12,2,"11,67","0,75","41,02","3,51","7,81"
2026 03 12 13:04:54:335,-3.9675,-6.78875,"0,27",12,2,"11,67","0,75","41,02","3,51",0
2026 03 12 13:04:54:337,-3.9675,-6.78875,"0,27",12,2,"11,67","0,75","41,02","3,51","-15,62"
2026 03 12 13:04:54:339,-3.9675,-6.78875,"0,27",12,2,"11,67","0,75","41,02","3,51","-3,91"
2026 03 12 13:04:54:341,-3.9675,-6.78875,"0,27",12,2,"11,67","0,75","41,02","3,51","-3,91"
2026 03 12 13:04:54:343,-3.9334,-6.87625,"0,27",12,2,"11,67","0,75","41,02","3,51",0
2026 03 12 13:04:54:345,-3.9675,-6.78875,"0,27",12,2,"11,67","0,75","41,02","3,51",0
2026 03 12 13:04:54:347,-3.9675,-6.70125,"0,27",12,2,"11,67","0,75","41,02","3,51",0
2026 03 12 13:04:54:349,-3.9675,-6.78875,"0,27",12,2,"11,67","0,75","41,02","3,51",0
2026 03 12 13:04:54:351,-3.9675,-6.78875,"0,27",12,2,"11,67","0,75","41,02","3,51","31,25"
2026 03 12 13:04:54:353,-3.9675,-6.78875,"0,27",12,2,"11,67","0,75","41,02","3,51","7,81"
2026 03 12 13:04:54:355,-3.9675,-6.78875,"0,27",12,2,"11,67","0,75","41,02","3,51","-3,91"
2026 03 12 13:04:54:357,-3.9675,-6.78875,"0,27",12,2,"11,67","0,75","41,02","3,51","-19,53"
2026 03 12 13:04:54:359,-3.9675,-6.78875,"0,27",12,2,"11,67","0,75","41,02","3,51","-3,91"
2026 03 12 13:04:54:361,-3.9675,-6.70125,"0,27",12,2,"11,67","0,75","41,02","3,51",0
2026 03 12 13:04:54:363,-3.9675,-6.78875,"0,27",12,2,"11,67","0,75","41,02","3,51",0
2026 03 12 13:04:54:365,-3.9675,-6.78875,"0,27",12,2,"11,67","0,75","41,02","3,51",0
2026 03 12 13:04:54:367,-3.9675,-6.78875,"0,27",12,2,"11,67","0,75","41,02","3,51",0
2026 03 12 13:04:54:369,-3.9675,-6.78875,"0,27",12,2,"11,67","0,75","41,02","3,51",0
2026 03 12 13:04:54:371,-3.9675,-6.78875,"0,27",12,2,"11,67","0,75","41,02","3,51","27,34"
2026 03 12 13:04:54:373,-3.9675,-6.70125,"0,27",12,2,"11,67","0,75","41,02","3,51","7,81"
2026 03 12 13:04:54:375,-3.9675,-6.78875,"0,27",12,2,"11,67","0,75","41,02","3,51",0
2026 03 12 13:04:54:377,-3.9675,-6.78875,"0,27",12,2,"11,67","0,75","41,02","3,51","-19,53"
2026 03 12 13:04:54:379,-3.9985,-6.87625,"0,27",12,2,"11,67","0,75","41,02","3,51","-3,91"
2026 03 12 13:04:54:381,-3.9675,-6.78875,"0,27",12,2,"11,67","0,75","41,02","3,51",0
2026 03 12 13:04:54:383,-3.9675,-6.78875,"0,27",12,2,"11,67","0,75","41,02","3,51",0
2026 03 12 13:04:54:385,-3.9334,-6.78875,"0,27",12,2,"11,67","0,75","41,02","3,51",0
2026 03 12 13:04:54:387,-3.9985,-6.78875,"0,27",12,2,"11,67","0,75","41,02","3,51",0
2026 03 12 13:04:54:389,-3.9675,-6.70125,"0,27",12,2,"11,67","0,75","41,02","3,51",0
2026 03 12 13:04:54:391,-3.9675,-6.87625,"0,27",12,2,"11,67","0,75","41,02","3,51","31,25"
2026 03 12 13:04:54:393,-3.9675,-6.78875,"0,27",12,2,"11,67","0,75","41,02","3,51","7,81"
2026 03 12 13:04:54:395,-3.9334,-6.78875,"0,27",12,2,"11,67","0,75","41,02","3,51",0
2026 03 12 13:04:54:397,-3.9675,-6.70125,"0,27",12,2,"11,67","0,75","41,02","3,51","-19,53"
2026 03 12 13:04:54:399,-3.9675,-6.70125,"0,27",12,2,"11,67","0,75","41,02","3,51","-3,91"
2026 03 12 13:04:54:401,-3.9675,-6.78875,"0,27",12,2,"11,67","0,75","41,02","3,51",0
2026 03 12 13:04:54:403,-3.9675,-6.78875,"0,27",12,2,"11,67","0,75","41,02","3,51",0
2026 03 12 13:04:54:405,-3.9675,-6.87625,"0,27",12,2,"11,67","0,75","41,02","3,51",0
2026 03 12 13:04:54:407,-3.9675,-6.78875,"0,27",12,2,"11,67","0,75","41,02","3,51",0
2026 03 12 13:04:54:409,-3.9675,-6.78875,"0,27",12,2,"11,67","0,75","41,02","3,51",0
2026 03 12 13:04:54:411,-3.9334,-6.78875,"0,27",12,2,"11,67","0,75","41,02","3,51","27,34"
2026 03 12 13:04:54:413,-3.9675,-6.78875,"0,27",12,2,"11,66","0,74","41,26","3,54","11,72"
2026 03 12 13:04:54:415,-3.9675,-6.78875,"0,27",12,2,"11,66","0,74","41,26","3,54",0
2026 03 12 13:04:54:417,-3.9675,-6.70125,"0,27",12,2,"11,66","0,74","41,26","3,54","-15,62"
2026 03 12 13:04:54:419,-3.9675,-6.78875,"0,27",12,2,"11,66","0,74","41,26","3,54","-3,91"
2026 03 12 13:04:54:421,-3.9985,-6.78875,"0,27",12,2,"11,66","0,74","41,26","3,54",0
2026 03 12 13:04:54:423,-3.9675,-6.78875,"0,27",12,2,"11,66","0,74","41,26","3,54",0
2026 03 12 13:04:54:425,-3.9675,-6.70125,"0,27",12,2,"11,66","0,74","41,26","3,54",0
2026 03 12 13:04:54:427,-3.9675,-6.78875,"0,27",12,2,"11,66","0,74","41,26","3,54",0
2026 03 12 13:04:54:429,-3.9675,-6.70125,"0,27",12,2,"11,66","0,74","41,26","3,54",0
2026 03 12 13:04:54:431,-3.9675,-6.70125,"0,27",12,2,"11,66","0,74","41,26","3,54","31,25"
2026 03 12 13:04:54:433,-3.9675,-6.78875,"0,27",12,2,"11,66","0,74","41,26","3,54","11,72"
2026 03 12 13:04:54:435,-3.9675,-6.78875,"0,27",12,2,"11,66","0,74","41,26","3,54",0
2026 03 12 13:04:54:437,-3.9675,-6.78875,"0,27",12,2,"11,66","0,74","41,26","3,54","-11,72"
2026 03 12 13:04:54:439,-3.9675,-6.78875,"0,27",12,2,"11,66","0,74","41,26","3,54","-3,91"
2026 03 12 13:04:54:441,-3.9675,-6.78875,"0,27",12,2,"11,66","0,74","41,26","3,54",0
2026 03 12 13:04:54:443,-3.9985,-6.78875,"0,27",12,2,"11,66","0,74","41,26","3,54",0
2026 03 12 13:04:54:445,-3.9334,-6.78875,"0,27",12,2,"11,66","0,74","41,26","3,54",0
2026 03 12 13:04:54:447,-3.9675,-6.78875,"0,27",12,2,"11,66","0,74","41,26","3,54",0
2026 03 12 13:04:54:449,-3.9675,-6.78875,"0,27",12,2,"11,66","0,74","41,26","3,54",0
2026 03 12 13:04:54:451,-3.9334,-6.78875,"0,27",12,2,"11,66","0,74","41,26","3,54","31,25"
2026 03 12 13:04:54:453,-3.9675,-6.70125,"0,27",12,2,"11,66","0,74","41,26","3,54","11,72"
2026 03 12 13:04:54:455,-3.9675,-6.78875,"0,27",12,2,"11,66","0,74","41,26","3,54",0
2026 03 12 13:04:54:457,-3.9334,-6.78875,"0,27",12,2,"11,66","0,74","41,26","3,54","-11,72"
2026 03 12 13:04:54:459,-3.9675,-6.87625,"0,27",12,2,"11,66","0,74","41,26","3,54","-3,91"
2026 03 12 13:04:54:461,-3.9675,-6.78875,"0,27",12,2,"11,66","0,74","41,26","3,54",0
2026 03 12 13:04:54:463,-3.9675,-6.78875,"0,27",12,2,"11,66","0,74","41,26","3,54",0
2026 03 12 13:04:54:465,-3.9675,-6.87625,"0,27",12,2,"11,66","0,74","41,26","3,54","-3,91"
2026 03 12 13:04:54:467,-3.9675,-6.78875,"0,27",12,2,"11,66","0,74","41,26","3,54",0
2026 03 12 13:04:54:469,-3.9675,-6.78875,"0,27",12,2,"11,66","0,74","41,26","3,54",0
2026 03 12 13:04:54:471,-3.9334,-6.78875,"0,27",12,2,"11,66","0,74","41,26","3,54","31,25"
2026 03 12 13:04:54:473,-3.9675,-6.78875,"0,27",12,2,"11,66","0,74","41,26","3,54","7,81"
2026 03 12 13:04:54:475,-3.9675,-6.78875,"0,27",12,2,"11,66","0,74","41,26","3,54",0
2026 03 12 13:04:54:477,-3.9675,-6.70125,"0,27",12,2,"11,66","0,74","41,26","3,54","-15,62"
2026 03 12 13:04:54:479,-3.9985,-6.78875,"0,27",12,2,"11,66","0,74","41,26","3,54","-3,91"
2026 03 12 13:04:54:481,-3.9675,-6.78875,"0,27",12,2,"11,66","0,74","41,26","3,54",0
2026 03 12 13:04:54:483,-3.9985,-6.78875,"0,27",12,2,"11,66","0,74","41,26","3,54",0
2026 03 12 13:04:54:485,-3.9675,-6.70125,"0,27",12,2,"11,66","0,74","41,26","3,54",0
2026 03 12 13:04:54:487,-3.9675,-6.78875,"0,27",12,2,"11,66","0,74","41,26","3,54",0
2026 03 12 13:04:54:489,-3.9675,-6.70125,"0,27",12,2,"11,66","0,74","41,26","3,54",0
2026 03 12 13:04:54:491,-3.9675,-6.78875,"0,27",12,2,"11,66","0,74","41,26","3,54","31,25"
2026 03 12 13:04:54:493,-3.9675,-6.78875,"0,27",12,2,"11,66","0,74","41,26","3,54","7,81"
2026 03 12 13:04:54:495,-3.9985,-6.87625,"0,27",12,2,"11,66","0,74","41,26","3,54",0
2026 03 12 13:04:54:497,-3.9675,-6.78875,"0,27",12,2,"11,66","0,74","41,26","3,54","-15,62"
2026 03 12 13:04:54:499,-3.9675,-6.78875,"0,27",12,2,"11,66","0,74","41,26","3,54","-7,81"
2026 03 12 13:04:54:501,-3.9334,-6.78875,"0,27",12,2,"11,66","0,74","41,26","3,54","-3,91"
2026 03 12 13:04:54:503,-3.9334,-6.78875,"0,27",12,2,"11,66","0,74","41,26","3,54",0
2026 03 12 13:04:54:505,-3.9675,-6.87625,"0,27",12,2,"11,66","0,74","41,26","3,54",0
2026 03 12 13:04:54:507,-3.9675,-6.70125,"0,27",12,2,"11,66","0,74","41,26","3,54",0
2026 03 12 13:04:54:509,-3.9675,-6.78875,"0,27",12,2,"11,66","0,74","41,26","3,54",0
2026 03 12 13:04:54:511,-3.9675,-6.78875,"0,27",12,2,"11,66","0,74","41,26","3,54","31,25"
2026 03 12 13:04:54:513,-3.9675,-6.78875,"0,27",12,2,"11,66","0,74","41,26","3,54","3,91"
2026 03 12 13:04:54:515,-3.9334,-6.70125,"0,27",12,2,"11,66","0,74","41,26","3,54",0
2026 03 12 13:04:54:517,-3.9675,-6.78875,"0,27",12,2,"11,66","0,74","41,26","3,54","-15,62"
2026 03 12 13:04:54:519,-3.9675,-6.78875,"0,27",12,2,"11,66","0,74","41,26","3,54","-3,91"
2026 03 12 13:04:54:521,-3.9675,-6.61375,"0,27",12,2,"11,66","0,74","41,26","3,54",0
2026 03 12 13:04:54:523,-3.9675,-6.70125,"0,27",12,2,"11,66","0,74","41,26","3,54",0
2026 03 12 13:04:54:525,-3.9985,-6.78875,"0,27",12,2,"11,66","0,74","41,26","3,54",0
2026 03 12 13:04:54:527,-3.9675,-6.78875,"0,27",12,2,"11,66","0,74","41,26","3,54",0
2026 03 12 13:04:54:529,-3.9675,-6.78875,"0,27",12,2,"11,66","0,74","41,26","3,54",0
2026 03 12 13:04:54:531,-3.9675,-6.70125,"0,27",12,2,"11,66","0,74","41,26","3,54","27,34"
2026 03 12 13:04:54:533,-3.9985,-6.87625,"0,27",12,2,"11,66","0,74","41,26","3,54","3,91"
2026 03 12 13:04:54:535,-3.9675,-6.78875,"0,27",12,2,"11,66","0,74","41,26","3,54",0
2026 03 12 13:04:54:537,-3.9675,-6.78875,"0,27",12,2,"11,66","0,74","41,26","3,54","-15,62"
2026 03 12 13:04:54:539,-3.9675,-6.78875,"0,27",12,2,"11,66","0,74","41,26","3,54","-3,91"
2026 03 12 13:04:54:541,-3.9675,-6.78875,"0,27",12,2,"11,66","0,74","41,26","3,54",0
2026 03 12 13:04:54:543,-3.9675,-6.78875,"0,27",12,2,"11,66","0,74","41,26","3,54",0
2026 03 12 13:04:54:545,-3.9985,-6.78875,"0,27",12,2,"11,66","0,74","41,26","3,54",0
2026 03 12 13:04:54:547,-3.9675,-6.78875,"0,27",12,2,"11,66","0,74","41,26","3,54",0
2026 03 12 13:04:54:549,-3.9675,-6.78875,"0,27",12,2,"11,66","0,74","41,26","3,54",0
2026 03 12 13:04:54:551,-3.9334,-6.78875,"0,27",12,2,"11,66","0,74","41,26","3,54","31,25"
2026 03 12 13:04:54:553,-3.9675,-6.78875,"0,27",12,2,"11,66","0,74","41,26","3,54","7,81"
2026 03 12 13:04:54:555,-3.9334,-6.78875,"0,27",12,2,"11,66","0,74","41,26","3,54",0
2026 03 12 13:04:54:557,-3.9334,-6.78875,"0,27",12,2,"11,66","0,74","41,26","3,54","-15,62"
2026 03 12 13:04:54:559,-3.9985,-6.78875,"0,27",12,2,"11,66","0,74","41,26","3,54","-3,91"
2026 03 12 13:04:54:561,-3.9675,-6.78875,"0,27",12,2,"11,66","0,74","41,26","3,54",0
2026 03 12 13:04:54:563,-3.9334,-6.78875,"0,27",12,2,"11,66","0,74","41,26","3,54",0
2026 03 12 13:04:54:565,-3.9675,-6.78875,"0,27",12,2,"11,66","0,74","41,26","3,54",0
2026 03 12 13:04:54:567,-3.9675,-6.78875,"0,27",12,2,"11,66","0,74","41,26","3,54",0
2026 03 12 13:04:54:569,-3.9334,-6.70125,"0,27",12,2,"11,66","0,74","41,26","3,54",0
2026 03 12 13:04:54:571,-3.9675,-6.78875,"0,27",12,2,"11,66","0,74","41,26","3,54","31,25"
2026 03 12 13:04:54:573,-3.9334,-6.70125,"0,27",12,2,"11,66","0,74","41,26","3,54","7,81"
2026 03 12 13:04:54:575,-3.9675,-6.78875,"0,27",12,2,"11,66","0,74","41,26","3,54",0
2026 03 12 13:04:54:577,-3.9985,-6.78875,"0,27",12,2,"11,66","0,74","41,26","3,54","-15,62"
2026 03 12 13:04:54:579,-3.9675,-6.78875,"0,27",12,2,"11,66","0,74","41,26","3,54","-3,91"
2026 03 12 13:04:54:581,-3.9675,-6.70125,"0,27",12,2,"11,66","0,74","41,26","3,54",0
2026 03 12 13:04:54:583,-3.9675,-6.78875,"0,27",12,2,"11,66","0,74","41,26","3,54","-3,91"
2026 03 12 13:04:54:585,-3.9675,-6.70125,"0,27",12,2,"11,66","0,74","41,26","3,54","-3,91"
2026 03 12 13:04:54:587,-3.9675,-6.70125,"0,27",12,2,"11,66","0,74","41,26","3,54",0
2026 03 12 13:04:54:589,-3.9675,-6.70125,"0,27",12,2,"11,66","0,74","41,26","3,54",0
2026 03 12 13:04:54:591,-3.9675,-6.78875,"0,27",12,2,"11,66","0,74","41,26","3,54","31,25"
2026 03 12 13:04:54:593,-3.9675,-6.70125,"0,27",12,2,"11,66","0,74","41,26","3,54","7,81"
2026 03 12 13:04:54:595,-3.9675,-6.78875,"0,27",12,2,"11,66","0,74","41,26","3,54",0
2026 03 12 13:04:54:597,-3.9675,-6.78875,"0,27",12,2,"11,66","0,74","41,26","3,54","-15,62"
2026 03 12 13:04:54:599,-3.9675,-6.70125,"0,27",12,2,"11,66","0,74","41,26","3,54","-3,91"
2026 03 12 13:04:54:601,-3.9675,-6.78875,"0,27",12,2,"11,66","0,74","41,26","3,54",0
2026 03 12 13:04:54:603,-3.9675,-6.78875,"0,27",12,2,"11,66","0,74","41,26","3,54",0
2026 03 12 13:04:54:605,-3.9675,-6.78875,"0,27",12,2,"11,66","0,74","41,26","3,54",0
2026 03 12 13:04:54:607,-3.9675,-6.78875,"0,27",12,2,"11,66","0,74","41,26","3,54",0
2026 03 12 13:04:54:609,-3.9675,-6.78875,"0,27",12,2,"11,66","0,74","41,26","3,54","-3,91"
2026 03 12 13:04:54:611,-3.9334,-6.78875,"0,27",12,2,"11,66","0,74","41,26","3,54","27,34"
2026 03 12 13:04:54:613,-3.9675,-6.78875,"0,27",12,2,"11,66","0,74","41,26","3,54","7,81"
2026 03 12 13:04:54:615,-3.9985,-6.78875,"0,27",12,2,"11,66","0,74","41,26","3,54",0
2026 03 12 13:04:54:617,-3.9985,-6.78875,"0,27",12,2,"11,66","0,74","41,26","3,54","-15,62"
2026 03 12 13:04:54:619,-3.9675,-6.78875,"0,27",12,2,"11,66","0,74","41,26","3,54","-7,81"
2026 03 12 13:04:54:621,-3.9334,-6.78875,"0,27",12,2,"11,66","0,74","41,26","3,54",0
2026 03 12 13:04:54:623,-3.9675,-6.70125,"0,27",12,2,"11,66","0,74","41,26","3,54",0
2026 03 12 13:04:54:625,-3.9675,-6.78875,"0,27",12,2,"11,66","0,74","41,26","3,54",0
2026 03 12 13:04:54:627,-3.9675,-6.78875,"0,27",12,2,"11,66","0,74","41,26","3,54",0
2026 03 12 13:04:54:629,-3.9675,-6.78875,"0,27",12,2,"11,66","0,74","41,26","3,54",0
2026 03 12 13:04:54:631,-3.9675,-6.70125,"0,27",12,2,"11,66","0,74","41,26","3,54","27,34"
2026 03 12 13:04:54:633,-3.9675,-6.78875,"0,27",12,2,"11,66","0,74","41,26","3,54","7,81"
2026 03 12 13:04:54:635,-3.9675,-6.70125,"0,27",12,2,"11,66","0,74","41,26","3,54",0
2026 03 12 13:04:54:637,-3.9675,-6.78875,"0,27",12,2,"11,66","0,74","41,26","3,54","-15,62"
2026 03 12 13:04:54:639,-3.9675,-6.87625,"0,27",12,2,"11,66","0,74","41,26","3,54","-7,81"
2026 03 12 13:04:54:641,-3.9675,-6.78875,"0,27",12,2,"11,66","0,74","41,26","3,54","-3,91"
2026 03 12 13:04:54:643,-3.9675,-6.78875,"0,27",12,2,"11,66","0,74","41,26","3,54",0
2026 03 12 13:04:54:645,-3.9675,-6.61375,"0,27",12,2,"11,66","0,74","41,26","3,54",0
2026 03 12 13:04:54:647,-3.9675,-6.78875,"0,27",12,2,"11,66","0,74","41,26","3,54",0
2026 03 12 13:04:54:649,-3.9675,-6.78875,"0,27",12,2,"11,66","0,74","41,26","3,54","-3,91"
2026 03 12 13:04:54:651,-3.9985,-6.78875,"0,27",12,2,"11,66","0,74","41,26","3,54","27,34"
2026 03 12 13:04:54:653,-3.9675,-6.78875,"0,27",12,2,"11,66","0,74","41,26","3,54","7,81"
2026 03 12 13:04:54:655,-3.9675,-6.87625,"0,27",12,2,"11,66","0,74","41,26","3,54","-3,91"
2026 03 12 13:04:54:657,-3.9675,-6.78875,"0,27",12,2,"11,66","0,74","41,26","3,54","-19,53"
2026 03 12 13:04:54:659,-3.9985,-6.87625,"0,27",12,2,"11,66","0,74","41,26","3,54","-3,91"
2026 03 12 13:04:54:661,-3.9334,-6.78875,"0,27",12,2,"11,66","0,74","41,26","3,54",0
2026 03 12 13:04:54:663,-3.9334,-6.70125,"0,27",12,2,"11,66","0,74","41,26","3,54",0
2026 03 12 13:04:54:665,-3.9675,-6.78875,"0,27",12,2,"11,66","0,74","41,26","3,54",0
2026 03 12 13:04:54:667,-3.9985,-6.78875,"0,27",12,2,"11,66","0,74","41,26","3,54",0
2026 03 12 13:04:54:669,-3.9675,-6.78875,"0,27",12,2,"11,66","0,74","41,26","3,54",0
2026 03 12 13:04:54:671,-3.9675,-6.70125,"0,27",12,2,"11,66","0,74","41,26","3,54","27,34"
2026 03 12 13:04:54:673,-3.9675,-6.78875,"0,27",12,2,"11,66","0,74","41,26","3,54","7,81"
2026 03 12 13:04:54:675,-3.9985,-6.70125,"0,27",12,2,"11,66","0,74","41,26","3,54","-3,91"
2026 03 12 13:04:54:677,-3.9334,-6.78875,"0,27",12,2,"11,66","0,74","41,26","3,54","-19,53"
2026 03 12 13:04:54:679,-3.9675,-6.78875,"0,27",12,2,"11,66","0,74","41,26","3,54","-3,91"
2026 03 12 13:04:54:681,-3.9675,-6.78875,"0,27",12,2,"11,66","0,74","41,26","3,54",0
2026 03 12 13:04:54:683,-3.9675,-6.70125,"0,27",12,2,"11,66","0,74","41,26","3,54",0
2026 03 12 13:04:54:685,-3.9675,-6.78875,"0,27",12,2,"11,66","0,74","41,26","3,54",0
2026 03 12 13:04:54:687,-3.9675,-6.70125,"0,27",12,2,"11,66","0,74","41,26","3,54",0
2026 03 12 13:04:54:689,-3.9675,-6.78875,"0,27",12,2,"11,66","0,74","41,26","3,54",0
2026 03 12 13:04:54:691,-3.9675,-6.70125,"0,27",12,2,"11,66","0,74","41,26","3,54","27,34"
2026 03 12 13:04:54:693,-3.9675,-6.70125,"0,27",12,2,"11,66","0,74","41,26","3,54","7,81"
2026 03 12 13:04:54:695,-3.9985,-6.70125,"0,27",12,2,"11,66","0,74","41,26","3,54",0
2026 03 12 13:04:54:697,-3.9675,-6.78875,"0,27",12,2,"11,66","0,74","41,26","3,54","-15,62"
2026 03 12 13:04:54:699,-3.9334,-6.87625,"0,27",12,2,"11,66","0,74","41,26","3,54","-3,91"
2026 03 12 13:04:54:701,-3.9675,-6.78875,"0,27",12,2,"11,66","0,74","41,26","3,54",0
2026 03 12 13:04:54:703,-3.9675,-6.78875,"0,27",12,2,"11,66","0,74","41,26","3,54",0
2026 03 12 13:04:54:705,-3.9675,-6.78875,"0,27",12,2,"11,66","0,74","41,26","3,54",0
2026 03 12 13:04:54:707,-3.9675,-6.78875,"0,27",12,2,"11,66","0,74","41,26","3,54",0
2026 03 12 13:04:54:709,-3.9675,-6.78875,"0,27",12,2,"11,66","0,74","41,26","3,54",0
2026 03 12 13:04:54:711,-3.9675,-6.78875,"0,27",12,2,"11,67","0,77","40,68","3,48","27,34"
2026 03 12 13:04:54:713,-3.9675,-6.78875,"0,27",12,2,"11,67","0,77","40,68","3,48","11,72"
2026 03 12 13:04:54:715,-3.9675,-6.78875,"0,27",12,2,"11,67","0,77","40,68","3,48",0
2026 03 12 13:04:54:717,-3.9675,-6.78875,"0,27",12,2,"11,67","0,77","40,68","3,48","-11,72"
2026 03 12 13:04:54:719,-3.9675,-6.78875,"0,27",12,2,"11,67","0,77","40,68","3,48","-3,91"
2026 03 12 13:04:54:721,-3.9675,-6.70125,"0,27",12,2,"11,67","0,77","40,68","3,48",0
2026 03 12 13:04:54:723,-3.9985,-6.78875,"0,27",12,2,"11,67","0,77","40,68","3,48",0
2026 03 12 13:04:54:725,-3.9675,-6.70125,"0,27",12,2,"11,67","0,77","40,68","3,48",0
2026 03 12 13:04:54:727,-3.9675,-6.70125,"0,27",12,2,"11,67","0,77","40,68","3,48",0
2026 03 12 13:04:54:729,-3.9675,-6.70125,"0,27",12,2,"11,67","0,77","40,68","3,48",0
2026 03 12 13:04:54:731,-3.9675,-6.70125,"0,27",12,2,"11,67","0,77","40,68","3,48","27,34"
2026 03 12 13:04:54:733,-3.9985,-6.78875,"0,27",12,2,"11,67","0,77","40,68","3,48","11,72"
2026 03 12 13:04:54:735,-3.9985,-6.70125,"0,27",12,2,"11,67","0,77","40,68","3,48",0
2026 03 12 13:04:54:737,-3.9675,-6.70125,"0,27",12,2,"11,67","0,77","40,68","3,48","-11,72"
2026 03 12 13:04:54:739,-3.9675,-6.78875,"0,27",12,2,"11,67","0,77","40,68","3,48","-7,81"
2026 03 12 13:04:54:741,-3.9675,-6.70125,"0,27",12,2,"11,67","0,77","40,68","3,48",0
2026 03 12 13:04:54:743,-3.9675,-6.78875,"0,27",12,2,"11,67","0,77","40,68","3,48",0
2026 03 12 13:04:54:745,-3.9675,-6.78875,"0,27",12,2,"11,67","0,77","40,68","3,48",0
2026 03 12 13:04:54:747,-3.9675,-6.87625,"0,27",12,2,"11,67","0,77","40,68","3,48",0
2026 03 12 13:04:54:749,-3.9985,-6.78875,"0,27",12,2,"11,67","0,77","40,68","3,48",0
2026 03 12 13:04:54:751,-3.9675,-6.78875,"0,27",12,2,"11,67","0,77","40,68","3,48","31,25"
2026 03 12 13:04:54:753,-3.9675,-6.78875,"0,27",12,2,"11,67","0,77","40,68","3,48","11,72"
2026 03 12 13:04:54:755,-3.9675,-6.78875,"0,27",12,2,"11,67","0,77","40,68","3,48",0
2026 03 12 13:04:54:757,-3.9675,-6.70125,"0,27",12,2,"11,67","0,77","40,68","3,48","-11,72"
2026 03 12 13:04:54:759,-3.9675,-6.87625,"0,27",12,2,"11,67","0,77","40,68","3,48","-3,91"
2026 03 12 13:04:54:761,-3.9675,-6.78875,"0,27",12,2,"11,67","0,77","40,68","3,48",0
2026 03 12 13:04:54:763,-3.9985,-6.78875,"0,27",12,2,"11,67","0,77","40,68","3,48",0
2026 03 12 13:04:54:765,-3.9985,-6.78875,"0,27",12,2,"11,67","0,77","40,68","3,48",0
2026 03 12 13:04:54:767,-3.9675,-6.70125,"0,27",12,2,"11,67","0,77","40,68","3,48",0
2026 03 12 13:04:54:769,-3.9675,-6.70125,"0,27",12,2,"11,67","0,77","40,68","3,48",0
2026 03 12 13:04:54:771,-3.9334,-6.70125,"0,27",12,2,"11,67","0,77","40,68","3,48","31,25"
2026 03 12 13:04:54:773,-3.9675,-6.70125,"0,27",12,2,"11,67","0,77","40,68","3,48","7,81"
2026 03 12 13:04:54:775,-3.9334,-6.78875,"0,27",12,2,"11,67","0,77","40,68","3,48",0
2026 03 12 13:04:54:777,-3.9675,-6.70125,"0,27",12,2,"11,67","0,77","40,68","3,48","-15,62"
2026 03 12 13:04:54:779,-3.9675,-6.78875,"0,27",12,2,"11,67","0,77","40,68","3,48","-7,81"
2026 03 12 13:04:54:781,-3.9675,-6.70125,"0,27",12,2,"11,67","0,77","40,68","3,48","-3,91"
2026 03 12 13:04:54:783,-3.9675,-6.78875,"0,27",12,2,"11,67","0,77","40,68","3,48",0
2026 03 12 13:04:54:785,-3.9675,-6.78875,"0,27",12,2,"11,67","0,77","40,68","3,48",0
2026 03 12 13:04:54:787,-3.9985,-6.78875,"0,27",12,2,"11,67","0,77","40,68","3,48",0
2026 03 12 13:04:54:789,-3.9675,-6.78875,"0,27",12,2,"11,67","0,77","40,68","3,48",0
2026 03 12 13:04:54:791,-3.9675,-6.78875,"0,27",12,2,"11,67","0,77","40,68","3,48","27,34"
2026 03 12 13:04:54:793,-3.9675,-6.78875,"0,27",12,2,"11,67","0,77","40,68","3,48","3,91"
2026 03 12 13:04:54:795,-3.9985,-6.78875,"0,27",12,2,"11,67","0,77","40,68","3,48",0
2026 03 12 13:04:54:797,-3.9334,-6.78875,"0,27",12,2,"11,67","0,77","40,68","3,48","-15,62"
2026 03 12 13:04:54:799,-3.9675,-6.78875,"0,27",12,2,"11,67","0,77","40,68","3,48","-3,91"
2026 03 12 13:04:54:801,-3.9675,-6.78875,"0,27",12,2,"11,67","0,77","40,68","3,48",0
2026 03 12 13:04:54:803,-3.9675,-6.78875,"0,27",12,2,"11,67","0,77","40,68","3,48",0
2026 03 12 13:04:54:805,-3.9675,-6.70125,"0,27",12,2,"11,67","0,77","40,68","3,48","-3,91"
2026 03 12 13:04:54:807,-3.9334,-6.70125,"0,27",12,2,"11,67","0,77","40,68","3,48",0
2026 03 12 13:04:54:809,-3.9675,-6.78875,"0,27",12,2,"11,67","0,77","40,68","3,48",0
2026 03 12 13:04:54:811,-3.9334,-6.78875,"0,27",12,2,"11,67","0,77","40,68","3,48","31,25"
2026 03 12 13:04:54:813,-3.9334,-6.70125,"0,27",12,2,"11,67","0,77","40,68","3,48","7,81"
2026 03 12 13:04:54:815,-3.9675,-6.87625,"0,27",12,2,"11,67","0,77","40,68","3,48","74,22"
2026 03 12 13:04:54:817,-3.9675,-6.70125,"0,27",12,2,"11,67","0,77","40,68","3,48","54,69"
2026 03 12 13:04:54:819,-3.9675,-6.78875,"0,27",12,2,"11,67","0,77","40,68","3,48","-23,44"
2026 03 12 13:04:54:821,-3.9675,-6.78875,"0,27",12,2,"11,67","0,77","40,68","3,48","-23,44"
2026 03 12 13:04:54:823,-3.9985,-6.78875,"0,27",12,2,"11,67","0,77","40,68","3,48","3,91"
2026 03 12 13:04:54:825,-3.9675,-6.78875,"0,27",12,2,"11,67","0,77","40,68","3,48","7,81"
2026 03 12 13:04:54:827,-3.9675,-6.70125,"0,27",12,2,"11,67","0,77","40,68","3,48",0
2026 03 12 13:04:54:829,-3.9334,-6.78875,"0,27",12,2,"11,67","0,77","40,68","3,48","-3,91"
2026 03 12 13:04:54:831,-3.9334,-6.78875,"0,27",12,2,"11,67","0,77","40,68","3,48","31,25"
2026 03 12 13:04:54:833,-3.9675,-6.70125,"0,27",12,2,"11,67","0,77","40,68","3,48","11,72"
2026 03 12 13:04:54:835,-3.9675,-6.70125,"0,27",12,2,"11,67","0,77","40,68","3,48","3,91"
2026 03 12 13:04:54:837,-3.9675,-6.78875,"0,27",12,2,"11,67","0,77","40,68","3,48","-7,81"
2026 03 12 13:04:54:839,-3.9675,-6.70125,"0,27",12,2,"11,67","0,77","40,68","3,48",0
2026 03 12 13:04:54:841,-3.9675,-6.78875,"0,27",12,2,"11,67","0,77","40,68","3,48","19,53"
2026 03 12 13:04:54:843,-3.9334,-6.78875,"0,27",12,2,"11,67","0,77","40,68","3,48","-15,62"
2026 03 12 13:04:54:845,-3.9675,-6.78875,"0,27",12,2,"11,67","0,77","40,68","3,48","11,72"
2026 03 12 13:04:54:847,-3.9334,-6.78875,"0,27",12,2,"11,67","0,77","40,68","3,48",0
2026 03 12 13:04:54:849,-3.9675,-6.78875,"0,27",12,2,"11,67","0,77","40,68","3,48",0
2026 03 12 13:04:54:851,-3.9675,-6.78875,"0,27",12,2,"11,67","0,77","40,68","3,48","27,34"
2026 03 12 13:04:54:853,-3.9675,-6.78875,"0,27",12,2,"11,67","0,77","40,68","3,48","23,44"
2026 03 12 13:04:54:855,-3.9675,-6.78875,"0,27",12,2,"11,67","0,77","40,68","3,48","7,81"
2026 03 12 13:04:54:857,-3.9675,-6.78875,"0,27",12,2,"11,67","0,77","40,68","3,48","-7,81"
2026 03 12 13:04:54:859,-3.9985,-6.70125,"0,27",12,2,"11,67","0,77","40,68","3,48","-3,91"
2026 03 12 13:04:54:861,-3.9675,-6.78875,"0,27",12,2,"11,67","0,77","40,68","3,48","3,91"
2026 03 12 13:04:54:863,-3.9675,-6.78875,"0,27",12,2,"11,67","0,77","40,68","3,48",0
2026 03 12 13:04:54:865,-3.9675,-6.78875,"0,27",12,2,"11,67","0,77","40,68","3,48","7,81"
2026 03 12 13:04:54:867,-3.9675,-6.78875,"0,27",12,2,"11,67","0,77","40,68","3,48","7,81"
2026 03 12 13:04:54:869,-3.9675,-6.70125,"0,27",12,2,"11,67","0,77","40,68","3,48","7,81"
2026 03 12 13:04:54:871,-3.9675,-6.78875,"0,27",12,2,"11,67","0,77","40,68","3,48","27,34"
2026 03 12 13:04:54:873,-3.9675,-6.70125,"0,27",12,2,"11,67","0,77","40,68","3,48","15,63"
2026 03 12 13:04:54:875,-3.9675,-6.78875,"0,27",12,2,"11,67","0,77","40,68","3,48",0
2026 03 12 13:04:54:877,-3.9334,-6.78875,"0,27",12,2,"11,67","0,77","40,68","3,48","-31,25"
2026 03 12 13:04:54:879,-3.9675,-6.70125,"0,27",12,2,"11,67","0,77","40,68","3,48","-15,62"
2026 03 12 13:04:54:881,-3.9675,-6.78875,"0,27",12,2,"11,67","0,77","40,68","3,48",0
2026 03 12 13:04:54:883,-3.9675,-6.78875,"0,27",12,2,"11,67","0,77","40,68","3,48","-3,91"
2026 03 12 13:04:54:885,-3.9675,-6.70125,"0,27",12,2,"11,67","0,77","40,68","3,48","-3,91"
2026 03 12 13:04:54:887,-3.9675,-6.70125,"0,27",12,2,"11,67","0,77","40,68","3,48","7,81"
2026 03 12 13:04:54:889,-3.9675,-6.78875,"0,27",12,2,"11,67","0,77","40,68","3,48","11,72"
2026 03 12 13:04:54:891,-3.9675,-6.70125,"0,27",12,2,"11,67","0,77","40,68","3,48","31,25"
2026 03 12 13:04:54:893,-3.9675,-6.78875,"0,27",12,2,"11,67","0,77","40,68","3,48","11,72"
2026 03 12 13:04:54:895,-3.9675,-6.78875,"0,27",12,2,"11,67","0,77","40,68","3,48","3,91"
2026 03 12 13:04:54:897,-3.9985,-6.70125,"0,27",12,2,"11,67","0,77","40,68","3,48","-11,72"
2026 03 12 13:04:54:899,-3.9675,-6.78875,"0,27",12,2,"11,67","0,77","40,68","3,48","-11,72"
2026 03 12 13:04:54:901,-3.9675,-6.78875,"0,27",12,2,"11,67","0,77","40,68","3,48",0
2026 03 12 13:04:54:903,-3.9675,-6.70125,"0,27",12,2,"11,67","0,77","40,68","3,48","7,81"
2026 03 12 13:04:54:905,-3.9675,-6.78875,"0,27",12,2,"11,67","0,77","40,68","3,48","11,72"
2026 03 12 13:04:54:907,-3.9675,-6.70125,"0,27",12,2,"11,67","0,77","40,68","3,48","15,63"
2026 03 12 13:04:54:909,-3.9985,-6.78875,"0,27",12,2,"11,67","0,77","40,68","3,48","-7,81"
2026 03 12 13:04:54:911,-3.9675,-6.78875,"0,27",12,2,"11,67","0,77","40,68","3,48","19,53"
2026 03 12 13:04:54:913,-3.9675,-6.78875,"0,27",12,2,"11,67","0,77","40,68","3,48","11,72"
2026 03 12 13:04:54:915,-3.9675,-6.78875,"0,27",12,2,"11,67","0,77","40,68","3,48",0
2026 03 12 13:04:54:917,-3.9675,-6.78875,"0,27",12,2,"11,67","0,77","40,68","3,48","-23,44"
2026 03 12 13:04:54:919,-3.9675,-6.78875,"0,27",12,2,"11,67","0,77","40,68","3,48","-3,91"
2026 03 12 13:04:54:921,-3.9675,-6.78875,"0,27",12,2,"11,67","0,77","40,68","3,48","3,91"
2026 03 12 13:04:54:923,-3.9334,-6.70125,"0,27",12,2,"11,67","0,77","40,68","3,48","-7,81"
2026 03 12 13:04:54:925,-3.9334,-6.78875,"0,27",12,2,"11,67","0,77","40,68","3,48","-11,72"
2026 03 12 13:04:54:927,-3.9675,-6.70125,"0,27",12,2,"11,67","0,77","40,68","3,48","-3,91"
2026 03 12 13:04:54:929,-3.9334,-6.78875,"0,27",12,2,"11,67","0,77","40,68","3,48",0
2026 03 12 13:04:54:931,-3.9675,-6.70125,"0,27",12,2,"11,67","0,77","40,68","3,48","27,34"
2026 03 12 13:04:54:933,-3.9675,-6.70125,"0,27",12,2,"11,67","0,77","40,68","3,48","19,53"
2026 03 12 13:04:54:935,-3.9675,-6.78875,"0,27",12,2,"11,67","0,77","40,68","3,48","3,91"
2026 03 12 13:04:54:937,-3.9985,-6.78875,"0,27",12,2,"11,67","0,77","40,68","3,48","-15,62"
2026 03 12 13:04:54:939,-3.9675,-6.78875,"0,27",12,2,"11,67","0,77","40,68","3,48","3,91"
2026 03 12 13:04:54:941,-3.9334,-6.78875,"0,27",12,2,"11,67","0,77","40,68","3,48","15,63"
2026 03 12 13:04:54:943,-3.9675,-6.78875,"0,27",12,2,"11,67","0,77","40,68","3,48","-11,72"
2026 03 12 13:04:54:945,-3.9334,-6.78875,"0,27",12,2,"11,67","0,77","40,68","3,48","-11,72"
2026 03 12 13:04:54:947,-3.9675,-6.78875,"0,27",12,2,"11,67","0,77","40,68","3,48","11,72"
2026 03 12 13:04:54:949,-3.9334,-6.78875,"0,27",12,2,"11,67","0,77","40,68","3,48",0
2026 03 12 13:04:54:951,-3.9675,-6.78875,"0,27",12,2,"11,67","0,77","40,68","3,48","15,63"
2026 03 12 13:04:54:953,-3.9985,-6.78875,"0,27",12,2,"11,67","0,77","40,68","3,48","7,81"
2026 03 12 13:04:54:955,-3.9675,-6.78875,"0,27",12,2,"11,67","0,77","40,68","3,48",0
2026 03 12 13:04:54:957,-3.9675,-6.78875,"0,27",12,2,"11,67","0,77","40,68","3,48","-23,44"
2026 03 12 13:04:54:959,-3.9985,-6.78875,"0,27",12,2,"11,67","0,77","40,68","3,48","-3,91"
2026 03 12 13:04:54:961,-3.9675,-6.78875,"0,27",12,2,"11,67","0,77","40,68","3,48","-7,81"
2026 03 12 13:04:54:963,-3.9985,-6.78875,"0,27",12,2,"11,67","0,77","40,68","3,48","15,63"
2026 03 12 13:04:54:965,-3.9985,-6.78875,"0,27",12,2,"11,67","0,77","40,68","3,48","3,91"
2026 03 12 13:04:54:967,-3.9675,-6.70125,"0,27",12,2,"11,67","0,77","40,68","3,48","-15,62"
2026 03 12 13:04:54:969,-3.9675,-6.78875,"0,27",12,2,"11,67","0,77","40,68","3,48","-7,81"
2026 03 12 13:04:54:971,-3.9675,-6.70125,"0,27",12,2,"11,67","0,77","40,68","3,48","54,69"
2026 03 12 13:04:54:973,-3.9985,-6.78875,"0,27",12,2,"11,67","0,77","40,68","3,48","19,53"
2026 03 12 13:04:54:975,-3.9334,-6.70125,"0,27",12,2,"11,67","0,77","40,68","3,48","-23,44"
2026 03 12 13:04:54:977,-3.9675,-6.78875,"0,27",12,2,"11,67","0,77","40,68","3,48","-15,62"
2026 03 12 13:04:54:979,-3.9675,-6.78875,"0,27",12,2,"11,67","0,77","40,68","3,48","-7,81"
2026 03 12 13:04:54:981,-3.9675,-6.78875,"0,27",12,2,"11,67","0,77","40,68","3,48","7,81"
2026 03 12 13:04:54:983,-3.9675,-6.78875,"0,27",12,2,"11,67","0,77","40,68","3,48","-15,62"
2026 03 12 13:04:54:985,-3.9334,-6.78875,"0,27",12,2,"11,67","0,77","40,68","3,48","15,63"
2026 03 12 13:04:54:987,-3.9675,-6.87625,"0,27",12,2,"11,67","0,77","40,68","3,48","7,81"
2026 03 12 13:04:54:989,-3.9334,-6.78875,"0,27",12,2,"11,67","0,77","40,68","3,48","11,72"
2026 03 12 13:04:54:991,-3.9675,-6.78875,"0,27",12,2,"11,67","0,77","40,68","3,48","-19,53"
2026 03 12 13:04:54:993,-3.9675,-6.70125,"0,27",12,2,"11,67","0,77","40,68","3,48","-15,62"
2026 03 12 13:04:54:995,-3.9675,-6.78875,"0,27",12,2,"11,67","0,77","40,68","3,48","-3,91"
2026 03 12 13:04:54:997,-3.9675,-6.78875,"0,27",12,2,"11,67","0,77","40,68","3,48","-7,81"
2026 03 12 13:04:54:999,-3.9675,-6.70125,"0,27",12,2,"11,67","0,77","40,68","3,48","7,81"
2026 03 12 13:04:55:001,-3.9675,-6.70125,"0,27",12,2,"11,67","0,77","40,68","3,48","50,78"
2026 03 12 13:04:55:003,-3.9985,-6.78875,"0,27",12,2,"11,67","0,77","40,68","3,48",0
2026 03 12 13:04:55:005,-3.9675,-6.78875,"0,27",12,2,"11,67","0,77","40,68","3,48",0
2026 03 12 13:04:55:007,-3.9675,-6.78875,"0,27",12,2,"11,67","0,77","40,68","3,48","27,34"
2026 03 12 13:04:55:009,-3.9675,-6.78875,"0,27",12,2,"11,67","0,77","40,68","3,48",0
2026 03 12 13:04:55:011,-3.9675,-6.70125,"0,27",12,2,"11,69","0,79","40,27","3,45","-27,34"
2026 03 12 13:04:55:013,-3.9675,-6.70125,"0,27",12,2,"11,69","0,79","40,27","3,45","11,72"
2026 03 12 13:04:55:015,-3.9334,-6.78875,"0,27",12,2,"11,69","0,79","40,27","3,45","27,34"
2026 03 12 13:04:55:017,-3.9675,-6.78875,"0,27",12,2,"11,69","0,79","40,27","3,45","39,06"
2026 03 12 13:04:55:019,-3.9675,-6.78875,"0,27",12,2,"11,69","0,79","40,27","3,45","19,53"
2026 03 12 13:04:55:021,-3.9675,-6.78875,"0,27",12,2,"11,69","0,79","40,27","3,45","35,16"
2026 03 12 13:04:55:023,-3.9985,-6.70125,"0,27",12,2,"11,69","0,79","40,27","3,45","3,91"
2026 03 12 13:04:55:025,-3.9985,-6.78875,"0,27",12,2,"11,69","0,79","40,27","3,45","-7,81"
2026 03 12 13:04:55:027,-3.9675,-6.70125,"0,27",12,2,"11,69","0,79","40,27","3,45","-15,62"
2026 03 12 13:04:55:029,-3.9334,-6.78875,"0,27",12,2,"11,69","0,79","40,27","3,45","7,81"
2026 03 12 13:04:55:031,-3.9334,-6.78875,"0,27",12,2,"11,69","0,79","40,27","3,45","23,44"
2026 03 12 13:04:55:033,-3.9675,-6.70125,"0,27",12,2,"11,69","0,79","40,27","3,45","46,88"
2026 03 12 13:04:55:035,-3.9675,-6.87625,"0,27",12,2,"11,69","0,79","40,27","3,45","19,53"
2026 03 12 13:04:55:037,-3.9675,-6.78875,"0,27",12,2,"11,69","0,79","40,27","3,45","-11,72"
2026 03 12 13:04:55:039,-3.9985,-6.61375,"0,27",12,2,"11,69","0,79","40,27","3,45","-11,72"
2026 03 12 13:04:55:041,-3.9675,-6.87625,"0,27",12,2,"11,69","0,79","40,27","3,45","31,25"
2026 03 12 13:04:55:043,-3.9334,-6.78875,"0,27",12,2,"11,69","0,79","40,27","3,45","19,53"
2026 03 12 13:04:55:045,-3.9675,-6.78875,"0,27",12,2,"11,69","0,79","40,27","3,45","7,81"
2026 03 12 13:04:55:047,-3.9675,-6.78875,"0,27",12,2,"11,69","0,79","40,27","3,45","7,81"
2026 03 12 13:04:55:049,-3.9675,-6.78875,"0,27",12,2,"11,69","0,79","40,27","3,45",0
2026 03 12 13:04:55:051,-3.9675,-6.78875,"0,27",12,2,"11,69","0,79","40,27","3,45","3,91"
2026 03 12 13:04:55:053,-3.9675,-6.70125,"0,27",12,2,"11,69","0,79","40,27","3,45","11,72"
2026 03 12 13:04:55:055,-3.9675,-6.87625,"0,27",12,2,"11,69","0,79","40,27","3,45","11,72"
2026 03 12 13:04:55:057,-3.9675,-6.78875,"0,27",12,2,"11,69","0,79","40,27","3,45",0
2026 03 12 13:04:55:059,-3.9675,-6.78875,"0,27",12,2,"11,69","0,79","40,27","3,45","39,06"
2026 03 12 13:04:55:061,-3.9675,-6.78875,"0,27",12,2,"11,69","0,79","40,27","3,45","39,06"
2026 03 12 13:04:55:063,-3.9675,-6.78875,"0,27",12,2,"11,69","0,79","40,27","3,45","-7,81"
2026 03 12 13:04:55:065,-3.9675,-6.78875,"0,27",12,2,"11,69","0,79","40,27","3,45","-54,69"
2026 03 12 13:04:55:067,-3.9675,-6.78875,"0,27",12,2,"11,69","0,79","40,27","3,45",0
2026 03 12 13:04:55:069,-3.9675,-6.70125,"0,27",12,2,"11,69","0,79","40,27","3,45","46,88"
2026 03 12 13:04:55:071,-3.9675,-6.78875,"0,27",12,2,"11,69","0,79","40,27","3,45","85,94"
2026 03 12 13:04:55:073,-3.9675,-6.70125,"0,27",12,2,"11,69","0,79","40,27","3,45","11,72"
2026 03 12 13:04:55:075,-3.9675,-6.78875,"0,27",12,2,"11,69","0,79","40,27","3,45","19,53"
2026 03 12 13:04:55:077,-3.9334,-6.70125,"0,27",12,2,"11,69","0,79","40,27","3,45","-23,44"
2026 03 12 13:04:55:079,-3.9675,-6.70125,"0,27",12,2,"11,69","0,79","40,27","3,45","-35,16"
2026 03 12 13:04:55:081,-3.9334,-6.78875,"0,27",12,2,"11,69","0,79","40,27","3,45","15,63"
2026 03 12 13:04:55:083,-3.9675,-6.70125,"0,27",12,2,"11,69","0,79","40,27","3,45","19,53"
2026 03 12 13:04:55:085,-3.9334,-6.78875,"0,27",12,2,"11,69","0,79","40,27","3,45","27,34"
2026 03 12 13:04:55:087,-3.9675,-6.78875,"0,27",12,2,"11,69","0,79","40,27","3,45","54,69"
2026 03 12 13:04:55:089,-3.9675,-6.70125,"0,27",12,2,"11,69","0,79","40,27","3,45","-7,81"
2026 03 12 13:04:55:091,-3.9985,-6.78875,"0,27",12,2,"11,69","0,79","40,27","3,45","-19,53"
2026 03 12 13:04:55:093,-3.9985,-6.78875,"0,27",12,2,"11,69","0,79","40,27","3,45","-19,53"
2026 03 12 13:04:55:095,-3.9675,-6.70125,"0,27",12,2,"11,69","0,79","40,27","3,45","27,34"
2026 03 12 13:04:55:097,-3.9675,-6.78875,"0,27",12,2,"11,69","0,79","40,27","3,45","11,72"
2026 03 12 13:04:55:099,-3.9675,-6.78875,"0,27",12,2,"11,69","0,79","40,27","3,45","39,06"
2026 03 12 13:04:55:101,-3.9334,-6.70125,"0,27",12,2,"11,69","0,79","40,27","3,45","27,34"
2026 03 12 13:04:55:103,-3.9675,-6.70125,"0,27",12,2,"11,69","0,79","40,27","3,45","11,72"
2026 03 12 13:04:55:105,-3.9334,-6.78875,"0,27",12,2,"11,69","0,79","40,27","3,45","-50,78"
2026 03 12 13:04:55:107,-3.9675,-6.78875,"0,27",12,2,"11,69","0,79","40,27","3,45","-15,62"
2026 03 12 13:04:55:109,-3.9675,-6.78875,"0,27",12,2,"11,69","0,79","40,27","3,45","31,25"
2026 03 12 13:04:55:111,-3.9675,-6.78875,"0,27",12,2,"11,69","0,79","40,27","3,45","31,25"
2026 03 12 13:04:55:113,-3.9675,-6.78875,"0,27",12,2,"11,69","0,79","40,27","3,45","35,16"
2026 03 12 13:04:55:115,-3.9334,-6.78875,"0,27",12,2,"11,69","0,79","40,27","3,45","27,34"
2026 03 12 13:04:55:117,-3.9675,-6.87625,"0,27",12,2,"11,69","0,79","40,27","3,45","-46,87"
2026 03 12 13:04:55:119,-3.9675,-6.78875,"0,27",12,2,"11,69","0,79","40,27","3,45","-23,44"
2026 03 12 13:04:55:121,-3.9675,-6.78875,"0,27",12,2,"11,69","0,79","40,27","3,45","15,63"
2026 03 12 13:04:55:123,-3.9675,-6.78875,"0,27",12,2,"11,69","0,79","40,27","3,45","62,5"
2026 03 12 13:04:55:125,-3.9334,-6.70125,"0,27",12,2,"11,69","0,79","40,27","3,45","58,59"
2026 03 12 13:04:55:127,-3.9675,-6.78875,"0,27",12,2,"11,69","0,79","40,27","3,45","23,44"
2026 03 12 13:04:55:129,-3.9675,-6.70125,"0,27",12,2,"11,69","0,79","40,27","3,45","-7,81"
2026 03 12 13:04:55:131,-3.9675,-6.70125,"0,27",12,2,"11,69","0,79","40,27","3,45","-15,62"
2026 03 12 13:04:55:133,-3.9985,-6.78875,"0,27",12,2,"11,69","0,79","40,27","3,45","7,81"
2026 03 12 13:04:55:135,-3.9675,-6.70125,"0,27",12,2,"11,69","0,79","40,27","3,45","31,25"
2026 03 12 13:04:55:137,-3.9675,-6.70125,"0,27",12,2,"11,69","0,79","40,27","3,45","39,06"
2026 03 12 13:04:55:139,-3.9675,-6.87625,"0,27",12,2,"11,69","0,79","40,27","3,45","23,44"
2026 03 12 13:04:55:141,-3.9675,-6.78875,"0,27",12,2,"11,69","0,79","40,27","3,45","23,44"
2026 03 12 13:04:55:143,-3.9985,-6.78875,"0,27",12,2,"11,69","0,79","40,27","3,45","-19,53"
2026 03 12 13:04:55:145,-3.9675,-6.78875,"0,27",12,2,"11,69","0,79","40,27","3,45","-62,5"
2026 03 12 13:04:55:147,-3.9675,-6.87625,"0,27",12,2,"11,69","0,79","40,27","3,45","7,81"
2026 03 12 13:04:55:149,-3.9334,-6.78875,"0,27",12,2,"11,69","0,79","40,27","3,45","46,88"
2026 03 12 13:04:55:151,-3.9675,-6.78875,"0,27",12,2,"11,69","0,79","40,27","3,45","66,41"
2026 03 12 13:04:55:153,-3.9334,-6.78875,"0,27",12,2,"11,69","0,79","40,27","3,45","50,78"
2026 03 12 13:04:55:155,-3.9675,-6.78875,"0,27",12,2,"11,69","0,79","40,27","3,45","31,25"
2026 03 12 13:04:55:157,-3.9675,-6.87625,"0,27",12,2,"11,69","0,79","40,27","3,45","-50,78"
2026 03 12 13:04:55:159,-3.9675,-6.78875,"0,27",12,2,"11,69","0,79","40,27","3,45","-39,06"
2026 03 12 13:04:55:161,-3.9675,-6.87625,"0,27",12,2,"11,69","0,79","40,27","3,45",0
2026 03 12 13:04:55:163,-3.9985,-6.78875,"0,27",12,2,"11,69","0,79","40,27","3,45","11,72"
2026 03 12 13:04:55:165,-3.9675,-6.78875,"0,27",12,2,"11,69","0,79","40,27","3,45","19,53"
2026 03 12 13:04:55:167,-3.9675,-6.78875,"0,27",12,2,"11,69","0,79","40,27","3,45","50,78"
2026 03 12 13:04:55:169,-3.9675,-6.70125,"0,27",12,2,"11,69","0,79","40,27","3,45","54,69"
2026 03 12 13:04:55:171,-3.9675,-6.70125,"0,27",12,2,"11,69","0,79","40,27","3,45","3,91"
2026 03 12 13:04:55:173,-3.9675,-6.78875,"0,27",12,2,"11,69","0,79","40,27","3,45","-62,5"
2026 03 12 13:04:55:175,-3.9675,-6.78875,"0,27",12,2,"11,69","0,79","40,27","3,45","15,63"
2026 03 12 13:04:55:177,-3.9675,-6.61375,"0,27",12,2,"11,69","0,79","40,27","3,45","50,78"
2026 03 12 13:04:55:179,-3.9675,-6.78875,"0,27",12,2,"11,69","0,79","40,27","3,45","23,44"
2026 03 12 13:04:55:181,-3.9985,-6.78875,"0,27",12,2,"11,69","0,79","40,27","3,45","11,72"
2026 03 12 13:04:55:183,-3.9675,-6.70125,"0,27",12,2,"11,69","0,79","40,27","3,45",0
2026 03 12 13:04:55:185,-3.9675,-6.70125,"0,27",12,2,"11,69","0,79","40,27","3,45",0
2026 03 12 13:04:55:187,-3.9675,-6.78875,"0,27",12,2,"11,69","0,79","40,27","3,45","11,72"
2026 03 12 13:04:55:189,-3.9675,-6.78875,"0,27",12,2,"11,69","0,79","40,27","3,45","31,25"
2026 03 12 13:04:55:191,-3.9675,-6.78875,"0,27",12,2,"11,69","0,79","40,27","3,45","31,25"
2026 03 12 13:04:55:193,-3.9675,-6.78875,"0,27",12,2,"11,69","0,79","40,27","3,45","19,53"
2026 03 12 13:04:55:195,-3.9985,-6.70125,"0,27",12,2,"11,69","0,79","40,27","3,45","31,25"
2026 03 12 13:04:55:197,-3.9675,-6.78875,"0,27",12,2,"11,69","0,79","40,27","3,45","-19,53"
2026 03 12 13:04:55:199,-3.9675,-6.78875,"0,27",12,2,"11,69","0,79","40,27","3,45","-31,25"
2026 03 12 13:04:55:201,-3.9675,-6.78875,"0,27",12,2,"11,69","0,79","40,27","3,45","39,06"
2026 03 12 13:04:55:203,-3.9675,-6.87625,"0,27",12,2,"11,69","0,79","40,27","3,45","70,31"
2026 03 12 13:04:55:205,-3.9675,-6.78875,"0,27",12,2,"11,69","0,79","40,27","3,45","3,91"
2026 03 12 13:04:55:207,-3.9675,-6.78875,"0,27",12,2,"11,69","0,79","40,27","3,45","15,63"
2026 03 12 13:04:55:209,-3.9675,-6.70125,"0,27",12,2,"11,69","0,79","40,27","3,45","-11,72"
2026 03 12 13:04:55:211,-3.9675,-6.70125,"0,27",12,2,"11,69","0,79","40,27","3,45","15,63"
2026 03 12 13:04:55:213,-3.9675,-6.78875,"0,27",12,2,"11,69","0,79","40,27","3,45","-27,34"
2026 03 12 13:04:55:215,-3.9675,-6.70125,"0,27",12,2,"11,69","0,79","40,27","3,45","3,91"
2026 03 12 13:04:55:217,-3.9675,-6.78875,"0,27",12,2,"11,69","0,79","40,27","3,45","15,63"
2026 03 12 13:04:55:219,-3.9675,-6.87625,"0,27",12,2,"11,69","0,79","40,27","3,45","66,41"
2026 03 12 13:04:55:221,-3.9675,-6.70125,"0,27",12,2,"11,69","0,79","40,27","3,45","42,97"
2026 03 12 13:04:55:223,-3.9334,-6.70125,"0,27",12,2,"11,69","0,79","40,27","3,45","42,97"
2026 03 12 13:04:55:225,-3.9675,-6.78875,"0,27",12,2,"11,69","0,79","40,27","3,45","-39,06"
2026 03 12 13:04:55:227,-3.9675,-6.70125,"0,27",12,2,"11,69","0,79","40,27","3,45","7,81"
2026 03 12 13:04:55:229,-3.9675,-6.70125,"0,27",12,2,"11,69","0,79","40,27","3,45","15,63"
2026 03 12 13:04:55:231,-3.9675,-6.78875,"0,27",12,2,"11,69","0,79","40,27","3,45","42,97"
2026 03 12 13:04:55:233,-3.9675,-6.70125,"0,27",12,2,"11,69","0,79","40,27","3,45","27,34"
2026 03 12 13:04:55:235,-3.9675,-6.78875,"0,27",12,2,"11,69","0,79","40,27","3,45","58,59"
2026 03 12 13:04:55:237,-3.9675,-6.70125,"0,27",12,2,"11,69","0,79","40,27","3,45","-39,06"
2026 03 12 13:04:55:239,-3.9675,-6.87625,"0,27",12,2,"11,69","0,79","40,27","3,45","-27,34"
2026 03 12 13:04:55:241,-3.9334,-6.70125,"0,27",12,2,"11,69","0,79","40,27","3,45","27,34"
2026 03 12 13:04:55:243,-3.9675,-6.78875,"0,27",12,2,"11,69","0,79","40,27","3,45","31,25"
2026 03 12 13:04:55:245,-3.9985,-6.78875,"0,27",12,2,"11,69","0,79","40,27","3,45","7,81"
2026 03 12 13:04:55:247,-3.9675,-6.78875,"0,27",12,2,"11,69","0,79","40,27","3,45","42,97"
2026 03 12 13:04:55:249,-3.9675,-6.78875,"0,27",12,2,"11,69","0,79","40,27","3,45","46,88"
2026 03 12 13:04:55:251,-3.9675,-6.70125,"0,27",12,2,"11,69","0,79","40,27","3,45","27,34"
2026 03 12 13:04:55:253,-3.9675,-6.78875,"0,27",12,2,"11,69","0,79","40,27","3,45","-7,81"
2026 03 12 13:04:55:255,-3.9985,-6.78875,"0,27",12,2,"11,69","0,79","40,27","3,45","42,97"
2026 03 12 13:04:55:257,-3.9675,-6.78875,"0,27",12,2,"11,69","0,79","40,27","3,45","19,53"
2026 03 12 13:04:55:259,-3.9675,-6.70125,"0,27",12,2,"11,69","0,79","40,27","3,45","-19,53"
2026 03 12 13:04:55:261,-3.9985,-6.78875,"0,27",12,2,"11,69","0,79","40,27","3,45","15,63"
2026 03 12 13:04:55:263,-3.9675,-6.78875,"0,27",12,2,"11,69","0,79","40,27","3,45","19,53"
2026 03 12 13:04:55:265,-3.9334,-6.78875,"0,27",12,2,"11,69","0,79","40,27","3,45","3,91"
2026 03 12 13:04:55:267,-3.9675,-6.78875,"0,27",12,2,"11,69","0,79","40,27","3,45","11,72"
2026 03 12 13:04:55:269,-3.9675,-6.78875,"0,27",12,2,"11,69","0,79","40,27","3,45","42,97"
2026 03 12 13:04:55:271,-3.9675,-6.78875,"0,27",12,2,"11,69","0,79","40,27","3,45","50,78"
2026 03 12 13:04:55:273,-3.9675,-6.78875,"0,27",12,2,"11,69","0,79","40,27","3,45","11,72"
2026 03 12 13:04:55:275,-3.9985,-6.70125,"0,27",12,2,"11,69","0,79","40,27","3,45","42,97"
2026 03 12 13:04:55:277,-3.9675,-6.78875,"0,27",12,2,"11,69","0,79","40,27","3,45","19,53"
2026 03 12 13:04:55:279,-3.9675,-6.78875,"0,27",12,2,"11,69","0,79","40,27","3,45","-31,25"
2026 03 12 13:04:55:281,-3.9675,-6.70125,"0,27",12,2,"11,69","0,79","40,27","3,45","27,34"
2026 03 12 13:04:55:283,-3.9675,-6.70125,"0,27",12,2,"11,69","0,79","40,27","3,45","42,97"
2026 03 12 13:04:55:285,-3.9675,-6.78875,"0,27",12,2,"11,69","0,79","40,27","3,45","66,41"
2026 03 12 13:04:55:287,-3.9675,-6.78875,"0,27",12,2,"11,69","0,79","40,27","3,45",0
2026 03 12 13:04:55:289,-3.9675,-6.78875,"0,27",12,2,"11,69","0,79","40,27","3,45","46,88"
2026 03 12 13:04:55:291,-3.9675,-6.70125,"0,27",12,2,"11,69","0,79","40,27","3,45","15,63"
2026 03 12 13:04:55:293,-3.9675,-6.87625,"0,27",12,2,"11,69","0,79","40,27","3,45","27,34"
2026 03 12 13:04:55:295,-3.9985,-6.70125,"0,27",12,2,"11,69","0,79","40,27","3,45","7,81"
2026 03 12 13:04:55:297,-3.9675,-6.78875,"0,27",12,2,"11,69","0,79","40,27","3,45","42,97"
2026 03 12 13:04:55:299,-3.9675,-6.70125,"0,27",12,2,"11,69","0,79","40,27","3,45","27,34"
2026 03 12 13:04:55:301,-3.9675,-6.87625,"0,27",12,2,"11,69","0,79","40,27","3,45","46,88"
2026 03 12 13:04:55:303,-3.9985,-6.78875,"0,27",12,2,"11,69","0,79","40,27","3,45","35,16"
2026 03 12 13:04:55:305,-3.9675,-6.78875,"0,27",12,2,"11,69","0,79","40,27","3,45","11,72"
2026 03 12 13:04:55:307,-3.9675,-6.78875,"0,27",12,2,"11,69","0,79","40,27","3,45","-31,25"
2026 03 12 13:04:55:309,-3.9675,-6.70125,"0,27",12,2,"11,69","0,79","40,27","3,45","46,88"
2026 03 12 13:04:55:311,-3.9334,-6.78875,"0,27",12,2,"11,69","0,79","40,27","3,45","62,5"
2026 03 12 13:04:55:313,-3.9675,-6.78875,"0,27",14,2,"15,78","2,33","98,6","6,25","82,03"
2026 03 12 13:04:55:315,-3.9334,-6.78875,"0,27",14,2,"15,78","2,33","98,6","6,25","42,97"
2026 03 12 13:04:55:317,-3.9675,-6.78875,"0,27",14,2,"15,78","2,33","98,6","6,25","35,16"
2026 03 12 13:04:55:319,-3.9675,-6.78875,"0,27",14,2,"15,78","2,33","98,6","6,25","-11,72"
2026 03 12 13:04:55:321,-3.9675,-6.78875,"0,27",14,2,"15,78","2,33","98,6","6,25","42,97"
2026 03 12 13:04:55:323,-3.9334,-6.70125,"0,27",14,2,"15,78","2,33","98,6","6,25","19,53"
2026 03 12 13:04:55:325,-3.9675,-6.78875,"0,27",14,2,"15,78","2,33","98,6","6,25","23,44"
2026 03 12 13:04:55:327,-3.9985,-6.70125,"0,27",14,2,"15,78","2,33","98,6","6,25","35,16"
2026 03 12 13:04:55:329,-3.9675,-6.78875,"0,27",14,2,"15,78","2,33","98,6","6,25","82,03"
2026 03 12 13:04:55:331,-3.9985,-6.70125,"0,27",14,2,"15,78","2,33","98,6","6,25","58,59"
2026 03 12 13:04:55:333,-3.9675,-6.78875,"0,27",14,2,"15,78","2,33","98,6","6,25","23,44"
2026 03 12 13:04:55:335,-3.9675,-6.78875,"0,27",14,2,"15,78","2,33","98,6","6,25","11,72"
2026 03 12 13:04:55:337,-3.9675,-6.78875,"0,27",14,2,"15,78","2,33","98,6","6,25","7,81"
2026 03 12 13:04:55:339,-3.9985,-6.78875,"0,27",14,2,"15,78","2,33","98,6","6,25","3,91"
2026 03 12 13:04:55:341,-3.9675,-6.78875,"0,27",14,2,"15,78","2,33","98,6","6,25","50,78"
2026 03 12 13:04:55:343,-3.9675,-6.78875,"0,27",14,2,"15,78","2,33","98,6","6,25","58,59"
2026 03 12 13:04:55:345,-3.9334,-6.70125,"0,27",14,2,"15,78","2,33","98,6","6,25","27,34"
2026 03 12 13:04:55:347,-3.9334,-6.70125,"0,27",14,2,"15,78","2,33","98,6","6,25","39,06"
2026 03 12 13:04:55:349,-3.9334,-6.78875,"0,27",14,2,"15,78","2,33","98,6","6,25","74,22"
2026 03 12 13:04:55:351,-3.9675,-6.78875,"0,27",14,2,"15,78","2,33","98,6","6,25","50,78"
2026 03 12 13:04:55:353,-3.9675,-6.78875,"0,27",14,2,"15,78","2,33","98,6","6,25","27,34"
2026 03 12 13:04:55:355,-3.9675,-6.78875,"0,27",14,2,"15,78","2,33","98,6","6,25","35,16"
2026 03 12 13:04:55:357,-3.9675,-6.78875,"0,27",14,2,"15,78","2,33","98,6","6,25","42,97"
2026 03 12 13:04:55:359,-3.9985,-6.87625,"0,27",14,2,"15,78","2,33","98,6","6,25","-23,44"
2026 03 12 13:04:55:361,-3.9675,-6.78875,"0,27",14,2,"15,78","2,33","98,6","6,25","-23,44"
2026 03 12 13:04:55:363,-3.9675,-6.78875,"0,27",14,2,"15,78","2,33","98,6","6,25","54,69"
2026 03 12 13:04:55:365,-3.9334,-6.78875,"0,27",14,2,"15,78","2,33","98,6","6,25","82,03"
2026 03 12 13:04:55:367,-3.9334,-6.78875,"0,27",14,2,"15,78","2,33","98,6","6,25","46,88"
2026 03 12 13:04:55:369,-3.9675,-6.78875,"0,27",14,2,"15,78","2,33","98,6","6,25","66,41"
2026 03 12 13:04:55:371,-3.9985,-6.78875,"0,27",14,2,"15,78","2,33","98,6","6,25","46,88"
2026 03 12 13:04:55:373,-3.9675,-6.78875,"0,27",14,2,"15,78","2,33","98,6","6,25","-15,62"
2026 03 12 13:04:55:375,-3.9675,-6.78875,"0,27",14,2,"15,78","2,33","98,6","6,25",0
2026 03 12 13:04:55:377,-3.9675,-6.78875,"0,27",14,2,"15,78","2,33","98,6","6,25","39,06"
2026 03 12 13:04:55:379,-3.9985,-6.78875,"0,27",14,2,"15,78","2,33","98,6","6,25","39,06"
2026 03 12 13:04:55:381,-3.9675,-6.78875,"0,27",14,2,"15,78","2,33","98,6","6,25","58,59"
2026 03 12 13:04:55:383,-3.9675,-6.87625,"0,27",14,2,"15,78","2,33","98,6","6,25","85,94"
2026 03 12 13:04:55:385,-3.9334,-6.78875,"0,27",14,2,"15,78","2,33","98,6","6,25","39,06"
2026 03 12 13:04:55:387,-3.9675,-6.78875,"0,27",14,2,"15,78","2,33","98,6","6,25","-19,53"
2026 03 12 13:04:55:389,-3.9985,-6.78875,"0,27",14,2,"15,78","2,33","98,6","6,25","23,44"
2026 03 12 13:04:55:391,-3.9675,-6.70125,"0,27",14,2,"15,78","2,33","98,6","6,25","78,13"
2026 03 12 13:04:55:393,-3.9675,-6.87625,"0,27",14,2,"15,78","2,33","98,6","6,25","19,53"
2026 03 12 13:04:55:395,-3.9985,-6.78875,"0,27",14,2,"15,78","2,33","98,6","6,25","58,59"
2026 03 12 13:04:55:397,-3.9334,-6.78875,"0,27",14,2,"15,78","2,33","98,6","6,25","66,41"
2026 03 12 13:04:55:399,-3.9675,-6.87625,"0,27",14,2,"15,78","2,33","98,6","6,25","3,91"
2026 03 12 13:04:55:401,-3.9675,-6.78875,"0,27",14,2,"15,78","2,33","98,6","6,25","23,44"
2026 03 12 13:04:55:403,-3.9675,-6.87625,"0,27",14,2,"15,78","2,33","98,6","6,25","31,25"
2026 03 12 13:04:55:405,-3.9675,-6.78875,"0,27",14,2,"15,78","2,33","98,6","6,25","15,63"
2026 03 12 13:04:55:407,-3.9675,-6.78875,"0,27",14,2,"15,78","2,33","98,6","6,25","15,63"
2026 03 12 13:04:55:409,-3.9675,-6.78875,"0,27",14,2,"15,78","2,33","98,6","6,25","74,22"
2026 03 12 13:04:55:411,-3.9985,-6.78875,"0,27",14,2,"15,78","2,33","98,6","6,25","97,66"
2026 03 12 13:04:55:413,-3.9334,-6.78875,"0,27",14,2,"15,78","2,33","98,6","6,25","19,53"
2026 03 12 13:04:55:415,-3.9334,-6.87625,"0,27",14,2,"15,78","2,33","98,6","6,25","11,72"
2026 03 12 13:04:55:417,-3.9675,-6.70125,"0,27",14,2,"15,78","2,33","98,6","6,25","35,16"
2026 03 12 13:04:55:419,-3.9675,-6.70125,"0,27",14,2,"15,78","2,33","98,6","6,25","58,59"
2026 03 12 13:04:55:421,-3.9985,-6.70125,"0,27",14,2,"15,78","2,33","98,6","6,25","27,34"
2026 03 12 13:04:55:423,-3.9675,-6.78875,"0,27",14,2,"15,78","2,33","98,6","6,25","35,16"
2026 03 12 13:04:55:425,-3.9675,-6.78875,"0,27",14,2,"15,78","2,33","98,6","6,25","7,81"
2026 03 12 13:04:55:427,-3.9675,-6.78875,"0,27",14,2,"15,78","2,33","98,6","6,25","23,44"
2026 03 12 13:04:55:429,-3.9675,-6.78875,"0,27",14,2,"15,78","2,33","98,6","6,25","35,16"
2026 03 12 13:04:55:431,-3.9675,-6.70125,"0,27",14,2,"15,78","2,33","98,6","6,25","89,84"
2026 03 12 13:04:55:433,-3.9675,-6.78875,"0,27",14,2,"15,78","2,33","98,6","6,25","42,97"
2026 03 12 13:04:55:435,-3.9985,-6.78875,"0,27",14,2,"15,78","2,33","98,6","6,25","58,59"
2026 03 12 13:04:55:437,-3.9675,-6.78875,"0,27",14,2,"15,78","2,33","98,6","6,25","7,81"
2026 03 12 13:04:55:439,-3.9675,-6.78875,"0,27",14,2,"15,78","2,33","98,6","6,25","15,63"
2026 03 12 13:04:55:441,-3.9985,-6.78875,"0,27",14,2,"15,78","2,33","98,6","6,25","-19,53"
2026 03 12 13:04:55:443,-3.9985,-6.78875,"0,27",14,2,"15,78","2,33","98,6","6,25","74,22"
2026 03 12 13:04:55:445,-3.9675,-6.78875,"0,27",14,2,"15,78","2,33","98,6","6,25","82,03"
2026 03 12 13:04:55:447,-3.9334,-6.78875,"0,27",14,2,"15,78","2,33","98,6","6,25","78,13"
2026 03 12 13:04:55:449,-3.9675,-6.78875,"0,27",14,2,"15,78","2,33","98,6","6,25","50,78"
2026 03 12 13:04:55:451,-3.9675,-6.78875,"0,27",14,2,"15,78","2,33","98,6","6,25","85,94"
2026 03 12 13:04:55:453,-3.9985,-6.78875,"0,27",14,2,"15,78","2,33","98,6","6,25","3,91"
2026 03 12 13:04:55:455,-3.9675,-6.70125,"0,27",14,2,"15,78","2,33","98,6","6,25","-7,81"
2026 03 12 13:04:55:457,-3.9675,-6.78875,"0,27",14,2,"15,78","2,33","98,6","6,25","-23,44"
2026 03 12 13:04:55:459,-3.9675,-6.78875,"0,27",14,2,"15,78","2,33","98,6","6,25","11,72"
2026 03 12 13:04:55:461,-3.9675,-6.78875,"0,27",14,2,"15,78","2,33","98,6","6,25","39,06"
2026 03 12 13:04:55:463,-3.9334,-6.78875,"0,27",14,2,"15,78","2,33","98,6","6,25","89,84"
2026 03 12 13:04:55:465,-3.9675,-6.78875,"0,27",14,2,"15,78","2,33","98,6","6,25","46,88"
2026 03 12 13:04:55:467,-3.9675,-6.70125,"0,27",14,2,"15,78","2,33","98,6","6,25","35,16"
2026 03 12 13:04:55:469,-3.9675,-6.70125,"0,27",14,2,"15,78","2,33","98,6","6,25","-19,53"
2026 03 12 13:04:55:471,-3.9675,-6.78875,"0,27",14,2,"15,78","2,33","98,6","6,25","82,03"
2026 03 12 13:04:55:473,-3.9675,-6.78875,"0,27",14,2,"15,78","2,33","98,6","6,25","46,88"
2026 03 12 13:04:55:475,-3.9675,-6.78875,"0,27",14,2,"15,78","2,33","98,6","6,25","74,22"
2026 03 12 13:04:55:477,-3.9675,-6.78875,"0,27",14,2,"15,78","2,33","98,6","6,25","46,88"
2026 03 12 13:04:55:479,-3.9675,-6.78875,"0,27",14,2,"15,78","2,33","98,6","6,25","46,88"
2026 03 12 13:04:55:481,-3.9334,-6.78875,"0,27",14,2,"15,78","2,33","98,6","6,25","23,44"
2026 03 12 13:04:55:483,-3.9675,-6.78875,"0,27",14,2,"15,78","2,33","98,6","6,25","27,34"
2026 03 12 13:04:55:485,-3.9675,-6.78875,"0,27",14,2,"15,78","2,33","98,6","6,25","15,63"
2026 03 12 13:04:55:487,-3.9334,-6.70125,"0,27",14,2,"15,78","2,33","98,6","6,25","15,63"
2026 03 12 13:04:55:489,-3.9675,-6.70125,"0,27",14,2,"15,78","2,33","98,6","6,25","27,34"
2026 03 12 13:04:55:491,-3.9985,-6.78875,"0,27",14,2,"15,78","2,33","98,6","6,25","93,75"
2026 03 12 13:04:55:493,-3.9675,-6.70125,"0,27",14,2,"15,78","2,33","98,6","6,25","74,22"
2026 03 12 13:04:55:495,-3.9985,-6.78875,"0,27",14,2,"15,78","2,33","98,6","6,25","42,97"
2026 03 12 13:04:55:497,-3.9985,-6.78875,"0,27",14,2,"15,78","2,33","98,6","6,25","35,16"
2026 03 12 13:04:55:499,-3.9675,-6.78875,"0,27",14,2,"15,78","2,33","98,6","6,25","78,13"
2026 03 12 13:04:55:501,-3.9985,-6.78875,"0,27",14,2,"15,78","2,33","98,6","6,25","7,81"
2026 03 12 13:04:55:503,-3.9675,-6.78875,"0,27",14,2,"15,78","2,33","98,6","6,25","11,72"
2026 03 12 13:04:55:505,-3.9675,-6.78875,"0,27",14,2,"15,78","2,33","98,6","6,25","7,81"
2026 03 12 13:04:55:507,-3.9675,-6.78875,"0,27",14,2,"15,78","2,33","98,6","6,25","54,69"
2026 03 12 13:04:55:509,-3.9985,-6.78875,"0,27",14,2,"15,78","2,33","98,6","6,25","39,06"
2026 03 12 13:04:55:511,-3.9334,-6.78875,"0,27",14,2,"15,78","2,33","98,6","6,25","109,38"
2026 03 12 13:04:55:513,-3.9334,-6.78875,"0,27",14,2,"15,78","2,33","98,6","6,25","50,78"
2026 03 12 13:04:55:515,-3.9334,-6.70125,"0,27",14,2,"15,78","2,33","98,6","6,25","19,53"
2026 03 12 13:04:55:517,-3.9675,-6.78875,"0,27",14,2,"15,78","2,33","98,6","6,25","11,72"
2026 03 12 13:04:55:519,-3.9675,-6.78875,"0,27",14,2,"15,78","2,33","98,6","6,25","62,5"
2026 03 12 13:04:55:521,-3.9675,-6.78875,"0,27",14,2,"15,78","2,33","98,6","6,25","15,63"
2026 03 12 13:04:55:523,-3.9985,-6.78875,"0,27",14,2,"15,78","2,33","98,6","6,25","31,25"
2026 03 12 13:04:55:525,-3.9675,-6.70125,"0,27",14,2,"15,78","2,33","98,6","6,25","74,22"
2026 03 12 13:04:55:527,-3.9675,-6.70125,"0,27",14,2,"15,78","2,33","98,6","6,25","82,03"
2026 03 12 13:04:55:529,-3.9675,-6.70125,"0,27",14,2,"15,78","2,33","98,6","6,25","23,44"
2026 03 12 13:04:55:531,-3.9675,-6.78875,"0,27",14,2,"15,78","2,33","98,6","6,25","85,94"
2026 03 12 13:04:55:533,-3.9675,-6.70125,"0,27",14,2,"15,78","2,33","98,6","6,25","31,25"
2026 03 12 13:04:55:535,-3.9675,-6.78875,"0,27",14,2,"15,78","2,33","98,6","6,25","3,91"
2026 03 12 13:04:55:537,-3.9675,-6.78875,"0,27",14,2,"15,78","2,33","98,6","6,25","7,81"
2026 03 12 13:04:55:539,-3.9675,-6.78875,"0,27",14,2,"15,78","2,33","98,6","6,25","35,16"
2026 03 12 13:04:55:541,-3.9675,-6.70125,"0,27",14,2,"15,78","2,33","98,6","6,25","39,06"
2026 03 12 13:04:55:543,-3.9675,-6.78875,"0,27",14,2,"15,78","2,33","98,6","6,25","82,03"
2026 03 12 13:04:55:545,-3.9985,-6.87625,"0,27",14,2,"15,78","2,33","98,6","6,25",125
2026 03 12 13:04:55:547,-3.9675,-6.70125,"0,27",14,2,"15,78","2,33","98,6","6,25","93,75"
2026 03 12 13:04:55:549,-3.9675,-6.87625,"0,27",14,2,"15,78","2,33","98,6","6,25","11,72"
2026 03 12 13:04:55:551,-3.9675,-6.70125,"0,27",14,2,"15,78","2,33","98,6","6,25","82,03"
2026 03 12 13:04:55:553,-3.9675,-6.78875,"0,27",14,2,"15,78","2,33","98,6","6,25","70,31"
2026 03 12 13:04:55:555,-3.9675,-6.78875,"0,27",14,2,"15,78","2,33","98,6","6,25","19,53"
2026 03 12 13:04:55:557,-3.9675,-6.87625,"0,27",14,2,"15,78","2,33","98,6","6,25","23,44"
2026 03 12 13:04:55:559,-3.9675,-6.78875,"0,27",14,2,"15,78","2,33","98,6","6,25","70,31"
2026 03 12 13:04:55:561,-3.9334,-6.78875,"0,27",14,2,"15,78","2,33","98,6","6,25","50,78"
2026 03 12 13:04:55:563,-3.9985,-6.70125,"0,27",14,2,"15,78","2,33","98,6","6,25","50,78"
2026 03 12 13:04:55:565,-3.9675,-6.78875,"0,27",14,2,"15,78","2,33","98,6","6,25","58,59"
2026 03 12 13:04:55:567,-3.9675,-6.70125,"0,27",14,2,"15,78","2,33","98,6","6,25","11,72"
2026 03 12 13:04:55:569,-3.9675,-6.78875,"0,27",14,2,"15,78","2,33","98,6","6,25","-3,91"
2026 03 12 13:04:55:571,-3.9675,-6.70125,"0,27",14,2,"15,78","2,33","98,6","6,25","85,94"
2026 03 12 13:04:55:573,-3.9675,-6.70125,"0,27",14,2,"15,78","2,33","98,6","6,25","97,66"
2026 03 12 13:04:55:575,-3.9675,-6.78875,"0,27",14,2,"15,78","2,33","98,6","6,25","46,88"
2026 03 12 13:04:55:577,-3.9675,-6.70125,"0,27",14,2,"15,78","2,33","98,6","6,25","62,5"
2026 03 12 13:04:55:579,-3.9675,-6.78875,"0,27",14,2,"15,78","2,33","98,6","6,25","128,91"
2026 03 12 13:04:55:581,-3.9675,-6.78875,"0,27",14,2,"15,78","2,33","98,6","6,25","82,03"
2026 03 12 13:04:55:583,-3.9675,-6.61375,"0,27",14,2,"15,78","2,33","98,6","6,25","-3,91"
2026 03 12 13:04:55:585,-3.9675,-6.70125,"0,27",14,2,"15,78","2,33","98,6","6,25","39,06"
2026 03 12 13:04:55:587,-3.9334,-6.78875,"0,27",14,2,"15,78","2,33","98,6","6,25",0
2026 03 12 13:04:55:589,-3.9985,-6.78875,"0,27",14,2,"15,78","2,33","98,6","6,25","35,16"
2026 03 12 13:04:55:591,-3.9675,-6.78875,"0,27",14,2,"15,78","2,33","98,6","6,25","74,22"
2026 03 12 13:04:55:593,-3.9675,-6.78875,"0,27",14,2,"15,78","2,33","98,6","6,25","93,75"
2026 03 12 13:04:55:595,-3.9985,-6.78875,"0,27",14,2,"15,78","2,33","98,6","6,25","31,25"
2026 03 12 13:04:55:597,-3.9675,-6.87625,"0,27",14,2,"15,78","2,33","98,6","6,25","46,88"
2026 03 12 13:04:55:599,-3.9675,-6.78875,"0,27",14,2,"15,78","2,33","98,6","6,25","85,94"
2026 03 12 13:04:55:601,-3.9675,-6.87625,"0,27",14,2,"15,78","2,33","98,6","6,25","3,91"
2026 03 12 13:04:55:603,-3.9675,-6.78875,"0,27",14,2,"15,78","2,33","98,6","6,25",0
2026 03 12 13:04:55:605,-3.9675,-6.78875,"0,27",14,2,"15,78","2,33","98,6","6,25","89,84"
2026 03 12 13:04:55:607,-3.9675,-6.78875,"0,27",14,2,"15,78","2,33","98,6","6,25","121,09"
2026 03 12 13:04:55:609,-3.9675,-6.78875,"0,27",14,2,"15,78","2,33","98,6","6,25","78,13"
2026 03 12 13:04:55:611,-3.9675,-6.78875,"0,28",28,3,"28,56","0,67","116,81","4,09","105,47"
2026 03 12 13:04:55:613,-3.9675,-6.78875,"0,28",28,3,"28,56","0,67","116,81","4,09","128,91"
2026 03 12 13:04:55:615,-3.9675,-6.70125,"0,28",28,3,"28,56","0,67","116,81","4,09","7,81"
2026 03 12 13:04:55:617,-3.9675,-6.70125,"0,28",28,3,"28,56","0,67","116,81","4,09","-15,62"
2026 03 12 13:04:55:619,-3.9985,-6.78875,"0,28",28,3,"28,56","0,67","116,81","4,09","15,63"
2026 03 12 13:04:55:621,-3.9675,-6.78875,"0,28",28,3,"28,56","0,67","116,81","4,09","54,69"
2026 03 12 13:04:55:623,-3.9985,-6.78875,"0,28",28,3,"28,56","0,67","116,81","4,09","66,41"
2026 03 12 13:04:55:625,-3.9985,-6.70125,"0,28",28,3,"28,56","0,67","116,81","4,09","109,38"
2026 03 12 13:04:55:627,-3.9675,-6.87625,"0,28",28,3,"28,56","0,67","116,81","4,09",125
2026 03 12 13:04:55:629,-3.9985,-6.78875,"0,28",28,3,"28,56","0,67","116,81","4,09","39,06"
2026 03 12 13:04:55:631,-3.9675,-6.78875,"0,28",28,3,"28,56","0,67","116,81","4,09","89,84"
2026 03 12 13:04:55:633,-3.9675,-6.70125,"0,28",28,3,"28,56","0,67","116,81","4,09","62,5"
2026 03 12 13:04:55:635,-3.9675,-6.78875,"0,28",28,3,"28,56","0,67","116,81","4,09","46,88"
2026 03 12 13:04:55:637,-3.9675,-6.70125,"0,28",28,3,"28,56","0,67","116,81","4,09","23,44"
2026 03 12 13:04:55:639,-3.9675,-6.78875,"0,28",28,3,"28,56","0,67","116,81","4,09","117,19"
2026 03 12 13:04:55:641,-3.9675,-6.78875,"0,28",28,3,"28,56","0,67","116,81","4,09","82,03"
2026 03 12 13:04:55:643,-3.9985,-6.70125,"0,28",28,3,"28,56","0,67","116,81","4,09","50,78"
2026 03 12 13:04:55:645,-3.9675,-6.78875,"0,28",28,3,"28,56","0,67","116,81","4,09","128,91"
2026 03 12 13:04:55:647,-3.9675,-6.87625,"0,28",28,3,"28,56","0,67","116,81","4,09","78,13"
2026 03 12 13:04:55:649,-3.9675,-6.78875,"0,28",28,3,"28,56","0,67","116,81","4,09","23,44"
2026 03 12 13:04:55:651,-3.9675,-6.78875,"0,28",28,3,"28,56","0,67","116,81","4,09","50,78"
2026 03 12 13:04:55:653,-3.9675,-6.78875,"0,28",28,3,"28,56","0,67","116,81","4,09","93,75"
2026 03 12 13:04:55:655,-3.9334,-6.78875,"0,28",28,3,"28,56","0,67","116,81","4,09","39,06"
2026 03 12 13:04:55:657,-3.9675,-6.78875,"0,28",28,3,"28,56","0,67","116,81","4,09","39,06"
2026 03 12 13:04:55:659,-3.9675,-6.78875,"0,28",28,3,"28,56","0,67","116,81","4,09","121,09"
2026 03 12 13:04:55:661,-3.9675,-6.78875,"0,28",28,3,"28,56","0,67","116,81","4,09","105,47"
2026 03 12 13:04:55:663,-3.9985,-6.78875,"0,28",28,3,"28,56","0,67","116,81","4,09","54,69"
2026 03 12 13:04:55:665,-3.9675,-6.87625,"0,28",28,3,"28,56","0,67","116,81","4,09","46,88"
2026 03 12 13:04:55:667,-3.9985,-6.78875,"0,28",28,3,"28,56","0,67","116,81","4,09","46,88"
2026 03 12 13:04:55:669,-3.9985,-6.78875,"0,28",28,3,"28,56","0,67","116,81","4,09","-3,91"
2026 03 12 13:04:55:671,-3.9334,-6.70125,"0,28",28,3,"28,56","0,67","116,81","4,09","93,75"
2026 03 12 13:04:55:673,-3.9675,-6.78875,"0,28",28,3,"28,56","0,67","116,81","4,09","140,63"
2026 03 12 13:04:55:675,-3.9675,-6.78875,"0,28",28,3,"28,56","0,67","116,81","4,09","70,31"
2026 03 12 13:04:55:677,-3.9675,-6.78875,"0,28",28,3,"28,56","0,67","116,81","4,09","62,5"
2026 03 12 13:04:55:679,-3.9675,-6.78875,"0,28",28,3,"28,56","0,67","116,81","4,09","105,47"
2026 03 12 13:04:55:681,-3.9675,-6.78875,"0,28",28,3,"28,56","0,67","116,81","4,09","50,78"
2026 03 12 13:04:55:683,-3.9675,-6.78875,"0,28",28,3,"28,56","0,67","116,81","4,09","-31,25"
2026 03 12 13:04:55:685,-3.9675,-6.70125,"0,28",28,3,"28,56","0,67","116,81","4,09","31,25"
2026 03 12 13:04:55:687,-3.9675,-6.70125,"0,28",28,3,"28,56","0,67","116,81","4,09","109,38"
2026 03 12 13:04:55:689,-3.9675,-6.78875,"0,28",28,3,"28,56","0,67","116,81","4,09","58,59"
2026 03 12 13:04:55:691,-3.9985,-6.78875,"0,28",28,3,"28,56","0,67","116,81","4,09","105,47"
2026 03 12 13:04:55:693,-3.9675,-6.78875,"0,28",28,3,"28,56","0,67","116,81","4,09","140,63"
2026 03 12 13:04:55:695,-3.9675,-6.78875,"0,28",28,3,"28,56","0,67","116,81","4,09","62,5"
2026 03 12 13:04:55:697,-3.9675,-6.78875,"0,28",28,3,"28,56","0,67","116,81","4,09","-11,72"
2026 03 12 13:04:55:699,-3.9985,-6.78875,"0,28",28,3,"28,56","0,67","116,81","4,09","23,44"
2026 03 12 13:04:55:701,-3.9675,-6.78875,"0,28",28,3,"28,56","0,67","116,81","4,09","89,84"
2026 03 12 13:04:55:703,-3.9675,-6.78875,"0,28",28,3,"28,56","0,67","116,81","4,09","15,63"
2026 03 12 13:04:55:705,-3.9675,-6.78875,"0,28",28,3,"28,56","0,67","116,81","4,09",125
2026 03 12 13:04:55:707,-3.9334,-6.87625,"0,28",28,3,"28,56","0,67","116,81","4,09","144,53"
2026 03 12 13:04:55:709,-3.9675,-6.78875,"0,28",28,3,"28,56","0,67","116,81","4,09","89,84"
2026 03 12 13:04:55:711,-3.9334,-6.87625,"0,28",28,3,"28,56","0,67","116,81","4,09","70,31"
2026 03 12 13:04:55:713,-3.9675,-6.78875,"0,28",28,3,"28,56","0,67","116,81","4,09","109,38"
2026 03 12 13:04:55:715,-3.9675,-6.78875,"0,28",28,3,"28,56","0,67","116,81","4,09","42,97"
2026 03 12 13:04:55:717,-3.9675,-6.78875,"0,28",28,3,"28,56","0,67","116,81","4,09","-7,81"
2026 03 12 13:04:55:719,-3.9985,-6.78875,"0,28",28,3,"28,56","0,67","116,81","4,09","82,03"
2026 03 12 13:04:55:721,-3.9675,-6.78875,"0,28",28,3,"28,56","0,67","116,81","4,09","105,47"
2026 03 12 13:04:55:723,-3.9675,-6.78875,"0,28",28,3,"28,56","0,67","116,81","4,09","11,72"
2026 03 12 13:04:55:725,-3.9985,-6.70125,"0,28",28,3,"28,56","0,67","116,81","4,09","82,03"
2026 03 12 13:04:55:727,-3.9675,-6.70125,"0,28",28,3,"28,56","0,67","116,81","4,09","113,28"
2026 03 12 13:04:55:729,-3.9985,-6.87625,"0,28",28,3,"28,56","0,67","116,81","4,09","31,25"
2026 03 12 13:04:55:731,-3.9675,-6.70125,"0,28",28,3,"28,56","0,67","116,81","4,09","39,06"
2026 03 12 13:04:55:733,-3.9675,-6.78875,"0,28",28,3,"28,56","0,67","116,81","4,09","82,03"
2026 03 12 13:04:55:735,-3.9985,-6.78875,"0,28",28,3,"28,56","0,67","116,81","4,09","46,88"
2026 03 12 13:04:55:737,-3.9675,-6.78875,"0,28",28,3,"28,56","0,67","116,81","4,09","27,34"
2026 03 12 13:04:55:739,-3.9675,-6.78875,"0,28",28,3,"28,56","0,67","116,81","4,09","109,38"
2026 03 12 13:04:55:741,-3.9985,-6.78875,"0,28",28,3,"28,56","0,67","116,81","4,09","175,78"
2026 03 12 13:04:55:743,-3.9985,-6.78875,"0,28",28,3,"28,56","0,67","116,81","4,09","97,66"
2026 03 12 13:04:55:745,-3.9675,-6.70125,"0,28",28,3,"28,56","0,67","116,81","4,09","42,97"
2026 03 12 13:04:55:747,-3.9675,-6.78875,"0,28",28,3,"28,56","0,67","116,81","4,09","66,41"
2026 03 12 13:04:55:749,-3.9675,-6.78875,"0,28",28,3,"28,56","0,67","116,81","4,09","-19,53"
2026 03 12 13:04:55:751,-3.9675,-6.78875,"0,28",28,3,"28,56","0,67","116,81","4,09","3,91"
2026 03 12 13:04:55:753,-3.9675,-6.78875,"0,28",28,3,"28,56","0,67","116,81","4,09","89,84"
2026 03 12 13:04:55:755,-3.9675,-6.78875,"0,28",28,3,"28,56","0,67","116,81","4,09","85,94"
2026 03 12 13:04:55:757,-3.9675,-6.78875,"0,28",28,3,"28,56","0,67","116,81","4,09","70,31"
2026 03 12 13:04:55:759,-3.9985,-6.78875,"0,28",28,3,"28,56","0,67","116,81","4,09","113,28"
2026 03 12 13:04:55:761,-3.9675,-6.78875,"0,28",28,3,"28,56","0,67","116,81","4,09","117,19"
2026 03 12 13:04:55:763,-3.9675,-6.78875,"0,28",28,3,"28,56","0,67","116,81","4,09","27,34"
2026 03 12 13:04:55:765,-3.9675,-6.70125,"0,28",28,3,"28,56","0,67","116,81","4,09","23,44"
2026 03 12 13:04:55:767,-3.9985,-6.78875,"0,28",28,3,"28,56","0,67","116,81","4,09","105,47"
2026 03 12 13:04:55:769,-3.9675,-6.70125,"0,28",28,3,"28,56","0,67","116,81","4,09","78,13"
2026 03 12 13:04:55:771,-3.9675,-6.70125,"0,28",28,3,"28,56","0,67","116,81","4,09","109,38"
2026 03 12 13:04:55:773,-3.9334,-6.70125,"0,28",28,3,"28,56","0,67","116,81","4,09","132,81"
2026 03 12 13:04:55:775,-3.9675,-6.78875,"0,28",28,3,"28,56","0,67","116,81","4,09","113,28"
2026 03 12 13:04:55:777,-3.9675,-6.78875,"0,28",28,3,"28,56","0,67","116,81","4,09","15,63"
2026 03 12 13:04:55:779,-3.9675,-6.78875,"0,28",28,3,"28,56","0,67","116,81","4,09","46,88"
2026 03 12 13:04:55:781,-3.9675,-6.78875,"0,28",28,3,"28,56","0,67","116,81","4,09","31,25"
2026 03 12 13:04:55:783,-3.9334,-6.78875,"0,28",28,3,"28,56","0,67","116,81","4,09","-3,91"
2026 03 12 13:04:55:785,-3.9675,-6.78875,"0,28",28,3,"28,56","0,67","116,81","4,09","78,13"
2026 03 12 13:04:55:787,-3.9675,-6.78875,"0,28",28,3,"28,56","0,67","116,81","4,09","97,66"
2026 03 12 13:04:55:789,-3.9675,-6.70125,"0,28",28,3,"28,56","0,67","116,81","4,09","85,94"
2026 03 12 13:04:55:791,-3.9675,-6.78875,"0,28",28,3,"28,56","0,67","116,81","4,09","117,19"
2026 03 12 13:04:55:793,-3.9675,-6.78875,"0,28",28,3,"28,56","0,67","116,81","4,09","132,81"
2026 03 12 13:04:55:795,-3.9675,-6.78875,"0,28",28,3,"28,56","0,67","116,81","4,09","70,31"
2026 03 12 13:04:55:797,-3.9675,-6.87625,"0,28",28,3,"28,56","0,67","116,81","4,09","3,91"
2026 03 12 13:04:55:799,-3.9985,-6.78875,"0,28",28,3,"28,56","0,67","116,81","4,09","70,31"
2026 03 12 13:04:55:801,-3.9675,-6.87625,"0,28",28,3,"28,56","0,67","116,81","4,09","89,84"
2026 03 12 13:04:55:803,-3.9675,-6.78875,"0,28",28,3,"28,56","0,67","116,81","4,09","42,97"
2026 03 12 13:04:55:805,-3.9675,-6.78875,"0,28",28,3,"28,56","0,67","116,81","4,09","93,75"
2026 03 12 13:04:55:807,-3.9675,-6.70125,"0,28",28,3,"28,56","0,67","116,81","4,09","167,97"
2026 03 12 13:04:55:809,-3.9675,-6.70125,"0,28",28,3,"28,56","0,67","116,81","4,09","70,31"
2026 03 12 13:04:55:811,-3.9675,-6.78875,"0,28",28,3,"28,56","0,67","116,81","4,09","39,06"
2026 03 12 13:04:55:813,-3.9675,-6.78875,"0,28",28,3,"28,56","0,67","116,81","4,09","85,94"
2026 03 12 13:04:55:815,-3.9675,-6.78875,"0,28",28,3,"28,56","0,67","116,81","4,09","42,97"
2026 03 12 13:04:55:817,-3.9675,-6.70125,"0,28",28,3,"28,56","0,67","116,81","4,09","42,97"
2026 03 12 13:04:55:819,-3.9675,-6.78875,"0,28",28,3,"28,56","0,67","116,81","4,09","54,69"
2026 03 12 13:04:55:821,-3.9675,-6.78875,"0,28",28,3,"28,56","0,67","116,81","4,09","121,09"
2026 03 12 13:04:55:823,-3.9675,-6.78875,"0,28",28,3,"28,56","0,67","116,81","4,09","70,31"
2026 03 12 13:04:55:825,-3.9675,-6.78875,"0,28",28,3,"28,56","0,67","116,81","4,09","128,91"
2026 03 12 13:04:55:827,-3.9675,-6.78875,"0,28",28,3,"28,56","0,67","116,81","4,09","105,47"
2026 03 12 13:04:55:829,-3.9675,-6.70125,"0,28",28,3,"28,56","0,67","116,81","4,09","50,78"
2026 03 12 13:04:55:831,-3.9675,-6.78875,"0,28",28,3,"28,56","0,67","116,81","4,09","15,63"
2026 03 12 13:04:55:833,-3.9675,-6.70125,"0,28",28,3,"28,56","0,67","116,81","4,09","82,03"
2026 03 12 13:04:55:835,-3.9675,-6.78875,"0,28",28,3,"28,56","0,67","116,81","4,09","97,66"
2026 03 12 13:04:55:837,-3.9675,-6.78875,"0,28",28,3,"28,56","0,67","116,81","4,09","27,34"
2026 03 12 13:04:55:839,-3.9675,-6.87625,"0,28",28,3,"28,56","0,67","116,81","4,09","85,94"
2026 03 12 13:04:55:841,-3.9675,-6.78875,"0,28",28,3,"28,56","0,67","116,81","4,09","183,59"
2026 03 12 13:04:55:843,-3.9675,-6.70125,"0,28",28,3,"28,56","0,67","116,81","4,09","70,31"
2026 03 12 13:04:55:845,-3.9675,-6.78875,"0,28",28,3,"28,56","0,67","116,81","4,09","39,06"
2026 03 12 13:04:55:847,-3.9675,-6.78875,"0,28",28,3,"28,56","0,67","116,81","4,09","78,13"
2026 03 12 13:04:55:849,-3.9675,-6.78875,"0,28",28,3,"28,56","0,67","116,81","4,09","85,94"
2026 03 12 13:04:55:851,-3.9675,-6.70125,"0,28",28,3,"28,56","0,67","116,81","4,09","74,22"
2026 03 12 13:04:55:853,-3.9675,-6.78875,"0,28",28,3,"28,56","0,67","116,81","4,09","85,94"
2026 03 12 13:04:55:855,-3.9334,-6.78875,"0,28",28,3,"28,56","0,67","116,81","4,09","113,28"
2026 03 12 13:04:55:857,-3.9675,-6.78875,"0,28",28,3,"28,56","0,67","116,81","4,09","66,41"
2026 03 12 13:04:55:859,-3.9675,-6.78875,"0,28",28,3,"28,56","0,67","116,81","4,09","54,69"
2026 03 12 13:04:55:861,-3.9675,-6.78875,"0,28",28,3,"28,56","0,67","116,81","4,09","105,47"
2026 03 12 13:04:55:863,-3.9675,-6.78875,"0,28",28,3,"28,56","0,67","116,81","4,09","62,5"
2026 03 12 13:04:55:865,-3.9985,-6.78875,"0,28",28,3,"28,56","0,67","116,81","4,09","50,78"
2026 03 12 13:04:55:867,-3.9675,-6.78875,"0,28",28,3,"28,56","0,67","116,81","4,09","74,22"
2026 03 12 13:04:55:869,-3.9334,-6.78875,"0,28",28,3,"28,56","0,67","116,81","4,09","144,53"
2026 03 12 13:04:55:871,-3.9675,-6.78875,"0,28",28,3,"28,56","0,67","116,81","4,09","85,94"
2026 03 12 13:04:55:873,-3.9985,-6.78875,"0,28",28,3,"28,56","0,67","116,81","4,09","156,25"
2026 03 12 13:04:55:875,-3.9985,-6.78875,"0,28",28,3,"28,56","0,67","116,81","4,09","109,38"
2026 03 12 13:04:55:877,-3.9675,-6.78875,"0,28",28,3,"28,56","0,67","116,81","4,09","62,5"
2026 03 12 13:04:55:879,-3.9675,-6.78875,"0,28",28,3,"28,56","0,67","116,81","4,09","19,53"
2026 03 12 13:04:55:881,-3.9675,-6.70125,"0,28",28,3,"28,56","0,67","116,81","4,09","85,94"
2026 03 12 13:04:55:883,-3.9675,-6.70125,"0,28",28,3,"28,56","0,67","116,81","4,09","74,22"
2026 03 12 13:04:55:885,-3.9675,-6.70125,"0,28",28,3,"28,56","0,67","116,81","4,09","39,06"
2026 03 12 13:04:55:887,-3.9675,-6.78875,"0,28",28,3,"28,56","0,67","116,81","4,09","89,84"
2026 03 12 13:04:55:889,-3.9675,-6.78875,"0,28",28,3,"28,56","0,67","116,81","4,09","136,72"
2026 03 12 13:04:55:891,-3.9334,-6.78875,"0,28",28,3,"28,56","0,67","116,81","4,09","74,22"
2026 03 12 13:04:55:893,-3.9675,-6.70125,"0,28",28,3,"28,56","0,67","116,81","4,09","54,69"
2026 03 12 13:04:55:895,-3.9675,-6.78875,"0,28",28,3,"28,56","0,67","116,81","4,09","132,81"
2026 03 12 13:04:55:897,-3.9675,-6.78875,"0,28",28,3,"28,56","0,67","116,81","4,09","31,25"
2026 03 12 13:04:55:899,-3.9675,-6.78875,"0,28",28,3,"28,56","0,67","116,81","4,09","39,06"
2026 03 12 13:04:55:901,-3.9675,-6.78875,"0,28",28,3,"28,56","0,67","116,81","4,09","140,63"
2026 03 12 13:04:55:903,-3.9334,-6.78875,"0,28",28,3,"28,56","0,67","116,81","4,09","117,19"
2026 03 12 13:04:55:905,-3.9675,-6.70125,"0,28",28,3,"28,56","0,67","116,81","4,09","160,16"
2026 03 12 13:04:55:907,-3.9675,-6.70125,"0,28",28,3,"28,56","0,67","116,81","4,09","117,19"
2026 03 12 13:04:55:909,-3.9985,-6.78875,"0,28",28,3,"28,56","0,67","116,81","4,09","85,94"
2026 03 12 13:04:55:911,-3.9334,-6.78875,"0,38",33,6,"39,03","0,13","157,33","4,03","50,78"
2026 03 12 13:04:55:913,-3.9675,-6.87625,"0,38",33,6,"39,03","0,13","157,33","4,03","27,34"
2026 03 12 13:04:55:915,-3.9334,-6.78875,"0,38",33,6,"39,03","0,13","157,33","4,03","89,84"
2026 03 12 13:04:55:917,-3.9675,-6.70125,"0,38",33,6,"39,03","0,13","157,33","4,03","7,81"
2026 03 12 13:04:55:919,-3.9675,-6.78875,"0,38",33,6,"39,03","0,13","157,33","4,03","93,75"
2026 03 12 13:04:55:921,-3.9675,-6.70125,"0,38",33,6,"39,03","0,13","157,33","4,03","136,72"
2026 03 12 13:04:55:923,-3.9675,-6.78875,"0,38",33,6,"39,03","0,13","157,33","4,03","152,34"
2026 03 12 13:04:55:925,-3.9985,-6.70125,"0,38",33,6,"39,03","0,13","157,33","4,03","70,31"
2026 03 12 13:04:55:927,-3.9675,-6.78875,"0,38",33,6,"39,03","0,13","157,33","4,03","117,19"
2026 03 12 13:04:55:929,-3.9334,-6.78875,"0,38",33,6,"39,03","0,13","157,33","4,03","97,66"
2026 03 12 13:04:55:931,-3.9675,-6.70125,"0,38",33,6,"39,03","0,13","157,33","4,03","105,47"
2026 03 12 13:04:55:933,-3.9334,-6.78875,"0,38",33,6,"39,03","0,13","157,33","4,03","101,56"
2026 03 12 13:04:55:935,-3.9675,-6.78875,"0,38",33,6,"39,03","0,13","157,33","4,03","113,28"
2026 03 12 13:04:55:937,-3.9985,-6.78875,"0,38",33,6,"39,03","0,13","157,33","4,03","140,63"
2026 03 12 13:04:55:939,-3.9985,-6.78875,"0,38",33,6,"39,03","0,13","157,33","4,03","78,13"
2026 03 12 13:04:55:941,-3.9675,-6.78875,"0,38",33,6,"39,03","0,13","157,33","4,03","74,22"
2026 03 12 13:04:55:943,-3.9985,-6.78875,"0,38",33,6,"39,03","0,13","157,33","4,03","78,13"
2026 03 12 13:04:55:945,-3.9675,-6.78875,"0,38",33,6,"39,03","0,13","157,33","4,03","7,81"
2026 03 12 13:04:55:947,-3.9675,-6.78875,"0,38",33,6,"39,03","0,13","157,33","4,03","97,66"
2026 03 12 13:04:55:949,-3.9675,-6.78875,"0,38",33,6,"39,03","0,13","157,33","4,03","89,84"
2026 03 12 13:04:55:951,-3.9675,-6.78875,"0,38",33,6,"39,03","0,13","157,33","4,03","66,41"
2026 03 12 13:04:55:953,-3.9675,-6.78875,"0,38",33,6,"39,03","0,13","157,33","4,03","121,09"
2026 03 12 13:04:55:955,-3.9675,-6.78875,"0,38",33,6,"39,03","0,13","157,33","4,03","167,97"
2026 03 12 13:04:55:957,-3.9675,-6.78875,"0,38",33,6,"39,03","0,13","157,33","4,03","70,31"
2026 03 12 13:04:55:959,-3.9985,-6.87625,"0,38",33,6,"39,03","0,13","157,33","4,03","101,56"
2026 03 12 13:04:55:961,-3.9675,-6.78875,"0,38",33,6,"39,03","0,13","157,33","4,03","109,38"
2026 03 12 13:04:55:963,-3.9675,-6.87625,"0,38",33,6,"39,03","0,13","157,33","4,03","89,84"
2026 03 12 13:04:55:965,-3.9675,-6.78875,"0,38",33,6,"39,03","0,13","157,33","4,03","62,5"
2026 03 12 13:04:55:967,-3.9985,-6.78875,"0,38",33,6,"39,03","0,13","157,33","4,03","89,84"
2026 03 12 13:04:55:969,-3.9675,-6.70125,"0,38",33,6,"39,03","0,13","157,33","4,03","89,84"
2026 03 12 13:04:55:971,-3.9675,-6.78875,"0,38",33,6,"39,03","0,13","157,33","4,03","148,44"
2026 03 12 13:04:55:973,-3.9675,-6.78875,"0,38",33,6,"39,03","0,13","157,33","4,03","89,84"
2026 03 12 13:04:55:975,-3.9675,-6.78875,"0,38",33,6,"39,03","0,13","157,33","4,03","121,09"
2026 03 12 13:04:55:977,-3.9675,-6.78875,"0,38",33,6,"39,03","0,13","157,33","4,03","70,31"
2026 03 12 13:04:55:979,-3.9675,-6.78875,"0,38",33,6,"39,03","0,13","157,33","4,03","54,69"
2026 03 12 13:04:55:981,-3.9675,-6.78875,"0,38",33,6,"39,03","0,13","157,33","4,03","117,19"
2026 03 12 13:04:55:983,-3.9985,-6.87625,"0,38",33,6,"39,03","0,13","157,33","4,03","62,5"
2026 03 12 13:04:55:985,-3.9675,-6.78875,"0,38",33,6,"39,03","0,13","157,33","4,03","109,38"
2026 03 12 13:04:55:987,-3.9675,-6.78875,"0,38",33,6,"39,03","0,13","157,33","4,03","136,72"
2026 03 12 13:04:55:989,-3.9334,-6.78875,"0,38",33,6,"39,03","0,13","157,33","4,03","101,56"
2026 03 12 13:04:55:991,-3.9675,-6.70125,"0,38",33,6,"39,03","0,13","157,33","4,03","109,38"
2026 03 12 13:04:55:993,-3.9985,-6.78875,"0,38",33,6,"39,03","0,13","157,33","4,03","113,28"
2026 03 12 13:04:55:995,-3.9675,-6.78875,"0,38",33,6,"39,03","0,13","157,33","4,03","62,5"
2026 03 12 13:04:55:997,-3.9985,-6.78875,"0,38",33,6,"39,03","0,13","157,33","4,03","82,03"
2026 03 12 13:04:55:999,-3.9675,-6.78875,"0,38",33,6,"39,03","0,13","157,33","4,03","82,03"
2026 03 12 13:04:56:001,-3.9985,-6.78875,"0,38",33,6,"39,03","0,13","157,33","4,03","89,84"
2026 03 12 13:04:56:003,-3.9334,-6.78875,"0,38",33,6,"39,03","0,13","157,33","4,03","160,16"
2026 03 12 13:04:56:005,-3.9675,-6.78875,"0,38",33,6,"39,03","0,13","157,33","4,03","50,78"
2026 03 12 13:04:56:007,-3.9675,-6.78875,"0,38",33,6,"39,03","0,13","157,33","4,03","105,47"
2026 03 12 13:04:56:009,-3.9675,-6.78875,"0,38",33,6,"39,03","0,13","157,33","4,03","132,81"
2026 03 12 13:04:56:011,-3.9985,-6.78875,"0,38",33,6,"39,03","0,13","157,33","4,03","85,94"
2026 03 12 13:04:56:013,-3.9675,-6.78875,"0,38",33,6,"39,03","0,13","157,33","4,03","121,09"
2026 03 12 13:04:56:015,-3.9675,-6.78875,"0,38",33,6,"39,03","0,13","157,33","4,03","74,22"
2026 03 12 13:04:56:017,-3.9675,-6.78875,"0,38",33,6,"39,03","0,13","157,33","4,03","70,31"
2026 03 12 13:04:56:019,-3.9675,-6.78875,"0,38",33,6,"39,03","0,13","157,33","4,03","82,03"
2026 03 12 13:04:56:021,-3.9334,-6.70125,"0,38",33,6,"39,03","0,13","157,33","4,03","85,94"
2026 03 12 13:04:56:023,-3.9334,-6.70125,"0,38",33,6,"39,03","0,13","157,33","4,03","70,31"
2026 03 12 13:04:56:025,-3.9675,-6.78875,"0,38",33,6,"39,03","0,13","157,33","4,03","93,75"
2026 03 12 13:04:56:027,-3.9334,-6.61375,"0,38",33,6,"39,03","0,13","157,33","4,03","93,75"
2026 03 12 13:04:56:029,-3.9675,-6.61375,"0,38",33,6,"39,03","0,13","157,33","4,03","89,84"
2026 03 12 13:04:56:031,-3.9675,-6.70125,"0,38",33,6,"39,03","0,13","157,33","4,03","152,34"
2026 03 12 13:04:56:033,-3.9334,-6.87625,"0,38",33,6,"39,03","0,13","157,33","4,03","109,38"
2026 03 12 13:04:56:035,-3.9675,-6.70125,"0,38",33,6,"39,03","0,13","157,33","4,03","144,53"
2026 03 12 13:04:56:037,-3.9675,-6.78875,"0,38",33,6,"39,03","0,13","157,33","4,03","82,03"
2026 03 12 13:04:56:039,-3.9675,-6.78875,"0,38",33,6,"39,03","0,13","157,33","4,03","136,72"
2026 03 12 13:04:56:041,-3.9675,-6.78875,"0,38",33,6,"39,03","0,13","157,33","4,03","85,94"
2026 03 12 13:04:56:043,-3.9675,-6.78875,"0,38",33,6,"39,03","0,13","157,33","4,03","82,03"
2026 03 12 13:04:56:045,-3.9675,-6.78875,"0,38",33,6,"39,03","0,13","157,33","4,03","66,41"
2026 03 12 13:04:56:047,-3.9985,-6.87625,"0,38",33,6,"39,03","0,13","157,33","4,03","35,16"
2026 03 12 13:04:56:049,-3.9985,-6.70125,"0,38",33,6,"39,03","0,13","157,33","4,03","89,84"
2026 03 12 13:04:56:051,-3.9675,-6.78875,"0,38",33,6,"39,03","0,13","157,33","4,03","89,84"
2026 03 12 13:04:56:053,-3.9675,-6.78875,"0,38",33,6,"39,03","0,13","157,33","4,03","78,13"
2026 03 12 13:04:56:055,-3.9675,-6.78875,"0,38",33,6,"39,03","0,13","157,33","4,03","101,56"
2026 03 12 13:04:56:057,-3.9675,-6.78875,"0,38",33,6,"39,03","0,13","157,33","4,03","82,03"
2026 03 12 13:04:56:059,-3.9675,-6.70125,"0,38",33,6,"39,03","0,13","157,33","4,03","117,19"
2026 03 12 13:04:56:061,-3.9334,-6.78875,"0,38",33,6,"39,03","0,13","157,33","4,03","105,47"
2026 03 12 13:04:56:063,-3.9985,-6.78875,"0,38",33,6,"39,03","0,13","157,33","4,03","113,28"
2026 03 12 13:04:56:065,-3.9675,-6.78875,"0,38",33,6,"39,03","0,13","157,33","4,03","101,56"
2026 03 12 13:04:56:067,-3.9675,-6.78875,"0,38",33,6,"39,03","0,13","157,33","4,03","136,72"
2026 03 12 13:04:56:069,-3.9675,-6.78875,"0,38",33,6,"39,03","0,13","157,33","4,03","101,56"
2026 03 12 13:04:56:071,-3.9675,-6.78875,"0,38",33,6,"39,03","0,13","157,33","4,03","93,75"
2026 03 12 13:04:56:073,-3.9334,-6.70125,"0,38",33,6,"39,03","0,13","157,33","4,03","78,13"
2026 03 12 13:04:56:075,-3.9985,-6.78875,"0,38",33,6,"39,03","0,13","157,33","4,03","70,31"
2026 03 12 13:04:56:077,-3.9985,-6.78875,"0,38",33,6,"39,03","0,13","157,33","4,03","66,41"
2026 03 12 13:04:56:079,-3.9675,-6.87625,"0,38",33,6,"39,03","0,13","157,33","4,03","58,59"
2026 03 12 13:04:56:081,-3.9675,-6.78875,"0,38",33,6,"39,03","0,13","157,33","4,03","58,59"
2026 03 12 13:04:56:083,-3.9675,-6.70125,"0,38",33,6,"39,03","0,13","157,33","4,03","144,53"
2026 03 12 13:04:56:085,-3.9675,-6.78875,"0,38",33,6,"39,03","0,13","157,33","4,03","113,28"
2026 03 12 13:04:56:087,-3.9675,-6.78875,"0,38",33,6,"39,03","0,13","157,33","4,03","132,81"
2026 03 12 13:04:56:089,-3.9675,-6.87625,"0,38",33,6,"39,03","0,13","157,33","4,03","117,19"
2026 03 12 13:04:56:091,-3.9985,-6.70125,"0,38",33,6,"39,03","0,13","157,33","4,03","128,91"
2026 03 12 13:04:56:093,-3.9675,-6.78875,"0,38",33,6,"39,03","0,13","157,33","4,03","128,91"
2026 03 12 13:04:56:095,-3.9675,-6.70125,"0,38",33,6,"39,03","0,13","157,33","4,03","97,66"
2026 03 12 13:04:56:097,-3.9675,-6.78875,"0,38",33,6,"39,03","0,13","157,33","4,03","78,13"
2026 03 12 13:04:56:099,-3.9985,-6.78875,"0,38",33,6,"39,03","0,13","157,33","4,03",125
2026 03 12 13:04:56:101,-3.9334,-6.70125,"0,38",33,6,"39,03","0,13","157,33","4,03","89,84"
2026 03 12 13:04:56:103,-3.9675,-6.70125,"0,38",33,6,"39,03","0,13","157,33","4,03","89,84"
2026 03 12 13:04:56:105,-3.9675,-6.78875,"0,38",33,6,"39,03","0,13","157,33","4,03","101,56"
2026 03 12 13:04:56:107,-3.9985,-6.70125,"0,38",33,6,"39,03","0,13","157,33","4,03","78,13"
2026 03 12 13:04:56:109,-3.9675,-6.78875,"0,38",33,6,"39,03","0,13","157,33","4,03","70,31"
2026 03 12 13:04:56:111,-3.9675,-6.78875,"0,38",33,6,"39,03","0,13","157,33","4,03","121,09"
2026 03 12 13:04:56:113,-3.9334,-6.78875,"0,38",33,6,"39,03","0,13","157,33","4,03","70,31"
2026 03 12 13:04:56:115,-3.9675,-6.78875,"0,38",33,6,"39,03","0,13","157,33","4,03","132,81"
2026 03 12 13:04:56:117,-3.9334,-6.78875,"0,38",33,6,"39,03","0,13","157,33","4,03","62,5"
2026 03 12 13:04:56:119,-3.9675,-6.70125,"0,38",33,6,"39,03","0,13","157,33","4,03","101,56"
2026 03 12 13:04:56:121,-3.9675,-6.70125,"0,38",33,6,"39,03","0,13","157,33","4,03","128,91"
2026 03 12 13:04:56:123,-3.9675,-6.70125,"0,38",33,6,"39,03","0,13","157,33","4,03",125
2026 03 12 13:04:56:125,-3.9675,-6.78875,"0,38",33,6,"39,03","0,13","157,33","4,03","74,22"
2026 03 12 13:04:56:127,-3.9985,-6.70125,"0,38",33,6,"39,03","0,13","157,33","4,03","97,66"
2026 03 12 13:04:56:129,-3.9985,-6.78875,"0,38",33,6,"39,03","0,13","157,33","4,03","136,72"
2026 03 12 13:04:56:131,-3.9675,-6.61375,"0,38",33,6,"39,03","0,13","157,33","4,03","140,63"
2026 03 12 13:04:56:133,-3.9985,-6.78875,"0,38",33,6,"39,03","0,13","157,33","4,03","128,91"
2026 03 12 13:04:56:135,-3.9985,-6.78875,"0,38",33,6,"39,03","0,13","157,33","4,03","70,31"
2026 03 12 13:04:56:137,-3.9675,-6.70125,"0,38",33,6,"39,03","0,13","157,33","4,03","144,53"
2026 03 12 13:04:56:139,-3.9675,-6.78875,"0,38",33,6,"39,03","0,13","157,33","4,03","97,66"
2026 03 12 13:04:56:141,-3.9675,-6.70125,"0,38",33,6,"39,03","0,13","157,33","4,03","89,84"
2026 03 12 13:04:56:143,-3.9334,-6.78875,"0,38",33,6,"39,03","0,13","157,33","4,03",125
2026 03 12 13:04:56:145,-3.9675,-6.78875,"0,38",33,6,"39,03","0,13","157,33","4,03","93,75"
2026 03 12 13:04:56:147,-3.9675,-6.78875,"0,38",33,6,"39,03","0,13","157,33","4,03","97,66"
2026 03 12 13:04:56:149,-3.9675,-6.70125,"0,38",33,6,"39,03","0,13","157,33","4,03","66,41"
2026 03 12 13:04:56:151,-3.9985,-6.78875,"0,38",33,6,"39,03","0,13","157,33","4,03","109,38"
2026 03 12 13:04:56:153,-3.9675,-6.87625,"0,38",33,6,"39,03","0,13","157,33","4,03","78,13"
2026 03 12 13:04:56:155,-3.9675,-6.78875,"0,38",33,6,"39,03","0,13","157,33","4,03","128,91"
2026 03 12 13:04:56:157,-3.9675,-6.78875,"0,38",33,6,"39,03","0,13","157,33","4,03","97,66"
2026 03 12 13:04:56:159,-3.9985,-6.78875,"0,38",33,6,"39,03","0,13","157,33","4,03","74,22"
2026 03 12 13:04:56:161,-3.9675,-6.70125,"0,38",33,6,"39,03","0,13","157,33","4,03","140,63"
2026 03 12 13:04:56:163,-3.9675,-6.78875,"0,38",33,6,"39,03","0,13","157,33","4,03","132,81"
2026 03 12 13:04:56:165,-3.9675,-6.78875,"0,38",33,6,"39,03","0,13","157,33","4,03","160,16"
2026 03 12 13:04:56:167,-3.9675,-6.70125,"0,38",33,6,"39,03","0,13","157,33","4,03","93,75"
2026 03 12 13:04:56:169,-3.9985,-6.78875,"0,38",33,6,"39,03","0,13","157,33","4,03","117,19"
2026 03 12 13:04:56:171,-3.9985,-6.78875,"0,38",33,6,"39,03","0,13","157,33","4,03","117,19"
2026 03 12 13:04:56:173,-3.9675,-6.78875,"0,38",33,6,"39,03","0,13","157,33","4,03","132,81"
2026 03 12 13:04:56:175,-3.9675,-6.70125,"0,38",33,6,"39,03","0,13","157,33","4,03","85,94"
2026 03 12 13:04:56:177,-3.9675,-6.78875,"0,38",33,6,"39,03","0,13","157,33","4,03","85,94"
2026 03 12 13:04:56:179,-3.9675,-6.78875,"0,38",33,6,"39,03","0,13","157,33","4,03","89,84"
2026 03 12 13:04:56:181,-3.9985,-6.70125,"0,38",33,6,"39,03","0,13","157,33","4,03","101,56"
2026 03 12 13:04:56:183,-3.9675,-6.78875,"0,38",33,6,"39,03","0,13","157,33","4,03","93,75"
2026 03 12 13:04:56:185,-3.9675,-6.78875,"0,38",33,6,"39,03","0,13","157,33","4,03","101,56"
2026 03 12 13:04:56:187,-3.9675,-6.70125,"0,38",33,6,"39,03","0,13","157,33","4,03","97,66"
2026 03 12 13:04:56:189,-3.9675,-6.78875,"0,38",33,6,"39,03","0,13","157,33","4,03","160,16"
2026 03 12 13:04:56:191,-3.9985,-6.78875,"0,38",33,6,"39,03","0,13","157,33","4,03","171,88"
2026 03 12 13:04:56:193,-3.9675,-6.70125,"0,38",33,6,"39,03","0,13","157,33","4,03","136,72"
2026 03 12 13:04:56:195,-3.9675,-6.78875,"0,38",33,6,"39,03","0,13","157,33","4,03","160,16"
2026 03 12 13:04:56:197,-3.9985,-6.70125,"0,38",33,6,"39,03","0,13","157,33","4,03","128,91"
2026 03 12 13:04:56:199,-3.9675,-6.87625,"0,38",33,6,"39,03","0,13","157,33","4,03","101,56"
2026 03 12 13:04:56:201,-3.9675,-6.78875,"0,38",33,6,"39,03","0,13","157,33","4,03","144,53"
2026 03 12 13:04:56:203,-3.9675,-6.87625,"0,38",33,6,"39,03","0,13","157,33","4,03","105,47"
2026 03 12 13:04:56:205,-3.9334,-6.70125,"0,38",33,6,"39,03","0,13","157,33","4,03","113,28"
2026 03 12 13:04:56:207,-3.9675,-6.78875,"0,38",33,6,"39,03","0,13","157,33","4,03","74,22"
2026 03 12 13:04:56:209,-3.9334,-6.78875,"0,38",33,6,"39,03","0,13","157,33","4,03","113,28"
2026 03 12 13:04:56:211,-3.9675,-6.78875,"0,54",43,8,"45,33","-0,24","174,82","3,86","117,19"
2026 03 12 13:04:56:213,-3.9985,-6.87625,"0,54",43,8,"45,33","-0,24","174,82","3,86","78,13"
2026 03 12 13:04:56:215,-3.9985,-6.78875,"0,54",43,8,"45,33","-0,24","174,82","3,86","85,94"
2026 03 12 13:04:56:217,-3.9675,-6.78875,"0,54",43,8,"45,33","-0,24","174,82","3,86","156,25"
2026 03 12 13:04:56:219,-3.9675,-6.70125,"0,54",43,8,"45,33","-0,24","174,82","3,86","97,66"
2026 03 12 13:04:56:221,-3.9675,-6.78875,"0,54",43,8,"45,33","-0,24","174,82","3,86",125
2026 03 12 13:04:56:223,-3.9985,-6.70125,"0,54",43,8,"45,33","-0,24","174,82","3,86","156,25"
2026 03 12 13:04:56:225,-3.9675,-6.70125,"0,54",43,8,"45,33","-0,24","174,82","3,86","105,47"
2026 03 12 13:04:56:227,-3.9985,-6.78875,"0,54",43,8,"45,33","-0,24","174,82","3,86","175,78"
2026 03 12 13:04:56:229,-3.9675,-6.78875,"0,54",43,8,"45,33","-0,24","174,82","3,86","171,88"
2026 03 12 13:04:56:231,-4.0295,-6.70125,"0,54",43,8,"45,33","-0,24","174,82","3,86","109,38"
2026 03 12 13:04:56:233,-3.9985,-6.78875,"0,54",43,8,"45,33","-0,24","174,82","3,86","109,38"
2026 03 12 13:04:56:235,-3.9675,-6.70125,"0,54",43,8,"45,33","-0,24","174,82","3,86","109,38"
2026 03 12 13:04:56:237,-3.9675,-6.70125,"0,54",43,8,"45,33","-0,24","174,82","3,86","54,69"
2026 03 12 13:04:56:239,-3.9675,-6.70125,"0,54",43,8,"45,33","-0,24","174,82","3,86","66,41"
2026 03 12 13:04:56:241,-3.9985,-6.78875,"0,54",43,8,"45,33","-0,24","174,82","3,86","109,38"
2026 03 12 13:04:56:243,-3.9985,-6.78875,"0,54",43,8,"45,33","-0,24","174,82","3,86","109,38"
2026 03 12 13:04:56:245,-3.9985,-6.78875,"0,54",43,8,"45,33","-0,24","174,82","3,86","132,81"
2026 03 12 13:04:56:247,-3.9675,-6.78875,"0,54",43,8,"45,33","-0,24","174,82","3,86","89,84"
2026 03 12 13:04:56:249,-3.9985,-6.70125,"0,54",43,8,"45,33","-0,24","174,82","3,86","167,97"
2026 03 12 13:04:56:251,-3.9675,-6.78875,"0,54",43,8,"45,33","-0,24","174,82","3,86","140,63"
2026 03 12 13:04:56:253,-3.9675,-6.78875,"0,54",43,8,"45,33","-0,24","174,82","3,86","175,78"
2026 03 12 13:04:56:255,-3.9675,-6.78875,"0,54",43,8,"45,33","-0,24","174,82","3,86","152,34"
2026 03 12 13:04:56:257,-3.9675,-6.78875,"0,54",43,8,"45,33","-0,24","174,82","3,86","109,38"
2026 03 12 13:04:56:259,-3.9675,-6.78875,"0,54",43,8,"45,33","-0,24","174,82","3,86","136,72"
2026 03 12 13:04:56:261,-3.9675,-6.70125,"0,54",43,8,"45,33","-0,24","174,82","3,86","152,34"
2026 03 12 13:04:56:263,-3.9675,-6.78875,"0,54",43,8,"45,33","-0,24","174,82","3,86","109,38"
2026 03 12 13:04:56:265,-3.9675,-6.78875,"0,54",43,8,"45,33","-0,24","174,82","3,86","74,22"
2026 03 12 13:04:56:267,-3.9675,-6.70125,"0,54",43,8,"45,33","-0,24","174,82","3,86","109,38"
2026 03 12 13:04:56:269,-3.9675,-6.78875,"0,54",43,8,"45,33","-0,24","174,82","3,86","132,81"
2026 03 12 13:04:56:271,-3.9675,-6.78875,"0,54",43,8,"45,33","-0,24","174,82","3,86","148,44"
2026 03 12 13:04:56:273,-3.9334,-6.70125,"0,54",43,8,"45,33","-0,24","174,82","3,86","117,19"
2026 03 12 13:04:56:275,-3.9675,-6.70125,"0,54",43,8,"45,33","-0,24","174,82","3,86","93,75"
2026 03 12 13:04:56:277,-3.9334,-6.70125,"0,54",43,8,"45,33","-0,24","174,82","3,86","101,56"
2026 03 12 13:04:56:279,-3.9675,-6.70125,"0,54",43,8,"45,33","-0,24","174,82","3,86","121,09"
2026 03 12 13:04:56:281,-3.9334,-6.70125,"0,54",43,8,"45,33","-0,24","174,82","3,86","132,81"
2026 03 12 13:04:56:283,-3.9675,-6.70125,"0,54",43,8,"45,33","-0,24","174,82","3,86","101,56"
2026 03 12 13:04:56:285,-3.9675,-6.70125,"0,54",43,8,"45,33","-0,24","174,82","3,86","144,53"
2026 03 12 13:04:56:287,-3.9985,-6.78875,"0,54",43,8,"45,33","-0,24","174,82","3,86",125
2026 03 12 13:04:56:289,-3.9985,-6.78875,"0,54",43,8,"45,33","-0,24","174,82","3,86","105,47"
2026 03 12 13:04:56:291,-3.9675,-6.78875,"0,54",43,8,"45,33","-0,24","174,82","3,86","132,81"
2026 03 12 13:04:56:293,-3.9675,-6.70125,"0,54",43,8,"45,33","-0,24","174,82","3,86","148,44"
2026 03 12 13:04:56:295,-3.9675,-6.78875,"0,54",43,8,"45,33","-0,24","174,82","3,86","121,09"
2026 03 12 13:04:56:297,-3.9675,-6.87625,"0,54",43,8,"45,33","-0,24","174,82","3,86","93,75"
2026 03 12 13:04:56:299,-3.9985,-6.70125,"0,54",43,8,"45,33","-0,24","174,82","3,86","105,47"
2026 03 12 13:04:56:301,-3.9675,-6.78875,"0,54",43,8,"45,33","-0,24","174,82","3,86","148,44"
2026 03 12 13:04:56:303,-3.9675,-6.70125,"0,54",43,8,"45,33","-0,24","174,82","3,86","117,19"
2026 03 12 13:04:56:305,-3.9675,-6.78875,"0,54",43,8,"45,33","-0,24","174,82","3,86","113,28"
2026 03 12 13:04:56:307,-3.9985,-6.70125,"0,54",43,8,"45,33","-0,24","174,82","3,86","121,09"
2026 03 12 13:04:56:309,-3.9675,-6.78875,"0,54",43,8,"45,33","-0,24","174,82","3,86","128,91"
2026 03 12 13:04:56:311,-3.9675,-6.87625,"0,54",43,8,"45,33","-0,24","174,82","3,86","113,28"
2026 03 12 13:04:56:313,-3.9675,-6.78875,"0,54",43,8,"45,33","-0,24","174,82","3,86","101,56"
2026 03 12 13:04:56:315,-3.9675,-6.78875,"0,54",43,8,"45,33","-0,24","174,82","3,86","58,59"
2026 03 12 13:04:56:317,-3.9334,-6.78875,"0,54",43,8,"45,33","-0,24","174,82","3,86","93,75"
2026 03 12 13:04:56:319,-3.9675,-6.70125,"0,54",43,8,"45,33","-0,24","174,82","3,86","117,19"
2026 03 12 13:04:56:321,-3.9675,-6.70125,"0,54",43,8,"45,33","-0,24","174,82","3,86","121,09"
2026 03 12 13:04:56:323,-3.9675,-6.70125,"0,54",43,8,"45,33","-0,24","174,82","3,86","164,06"
2026 03 12 13:04:56:325,-3.9675,-6.70125,"0,54",43,8,"45,33","-0,24","174,82","3,86","164,06"
2026 03 12 13:04:56:327,-3.9985,-6.78875,"0,54",43,8,"45,33","-0,24","174,82","3,86","121,09"
2026 03 12 13:04:56:329,-3.9675,-6.70125,"0,54",43,8,"45,33","-0,24","174,82","3,86","121,09"
2026 03 12 13:04:56:331,-3.9675,-6.78875,"0,54",43,8,"45,33","-0,24","174,82","3,86","101,56"
2026 03 12 13:04:56:333,-3.9334,-6.78875,"0,54",43,8,"45,33","-0,24","174,82","3,86",125
2026 03 12 13:04:56:335,-3.9675,-6.78875,"0,54",43,8,"45,33","-0,24","174,82","3,86",125
2026 03 12 13:04:56:337,-3.9675,-6.70125,"0,54",43,8,"45,33","-0,24","174,82","3,86","89,84"
2026 03 12 13:04:56:339,-3.9675,-6.78875,"0,54",43,8,"45,33","-0,24","174,82","3,86","85,94"
2026 03 12 13:04:56:341,-3.9675,-6.78875,"0,54",43,8,"45,33","-0,24","174,82","3,86","46,88"
2026 03 12 13:04:56:343,-3.9675,-6.70125,"0,54",43,8,"45,33","-0,24","174,82","3,86","82,03"
2026 03 12 13:04:56:345,-3.9675,-6.78875,"0,54",43,8,"45,33","-0,24","174,82","3,86","89,84"
2026 03 12 13:04:56:347,-3.9675,-6.70125,"0,54",43,8,"45,33","-0,24","174,82","3,86",125
2026 03 12 13:04:56:349,-3.9675,-6.78875,"0,54",43,8,"45,33","-0,24","174,82","3,86","82,03"
2026 03 12 13:04:56:351,-3.9675,-6.87625,"0,54",43,8,"45,33","-0,24","174,82","3,86","183,59"
2026 03 12 13:04:56:353,-3.9675,-6.78875,"0,54",43,8,"45,33","-0,24","174,82","3,86","191,41"
2026 03 12 13:04:56:355,-3.9985,-6.78875,"0,54",43,8,"45,33","-0,24","174,82","3,86","121,09"
2026 03 12 13:04:56:357,-3.9675,-6.78875,"0,54",43,8,"45,33","-0,24","174,82","3,86","179,69"
2026 03 12 13:04:56:359,-3.9675,-6.70125,"0,54",43,8,"45,33","-0,24","174,82","3,86","148,44"
2026 03 12 13:04:56:361,-3.9675,-6.78875,"0,54",43,8,"45,33","-0,24","174,82","3,86","140,63"
2026 03 12 13:04:56:363,-3.9985,-6.78875,"0,54",43,8,"45,33","-0,24","174,82","3,86","144,53"
2026 03 12 13:04:56:365,-3.9334,-6.78875,"0,54",43,8,"45,33","-0,24","174,82","3,86","109,38"
2026 03 12 13:04:56:367,-3.9675,-6.78875,"0,54",43,8,"45,33","-0,24","174,82","3,86","82,03"
2026 03 12 13:04:56:369,-3.9675,-6.78875,"0,54",43,8,"45,33","-0,24","174,82","3,86","93,75"
2026 03 12 13:04:56:371,-3.9675,-6.78875,"0,54",43,8,"45,33","-0,24","174,82","3,86","113,28"
2026 03 12 13:04:56:373,-3.9675,-6.70125,"0,54",43,8,"45,33","-0,24","174,82","3,86","113,28"
2026 03 12 13:04:56:375,-3.9675,-6.78875,"0,54",43,8,"45,33","-0,24","174,82","3,86","101,56"
2026 03 12 13:04:56:377,-3.9675,-6.70125,"0,54",43,8,"45,33","-0,24","174,82","3,86","85,94"
2026 03 12 13:04:56:379,-3.9334,-6.78875,"0,54",43,8,"45,33","-0,24","174,82","3,86","171,88"
2026 03 12 13:04:56:381,-3.9675,-6.78875,"0,54",43,8,"45,33","-0,24","174,82","3,86","148,44"
2026 03 12 13:04:56:383,-3.9675,-6.70125,"0,54",43,8,"45,33","-0,24","174,82","3,86","117,19"
2026 03 12 13:04:56:385,-3.9675,-6.78875,"0,54",43,8,"45,33","-0,24","174,82","3,86","148,44"
2026 03 12 13:04:56:387,-3.9334,-6.78875,"0,54",43,8,"45,33","-0,24","174,82","3,86","160,16"
2026 03 12 13:04:56:389,-3.9334,-6.78875,"0,54",43,8,"45,33","-0,24","174,82","3,86","144,53"
2026 03 12 13:04:56:391,-3.9675,-6.70125,"0,54",43,8,"45,33","-0,24","174,82","3,86","179,69"
2026 03 12 13:04:56:393,-3.9675,-6.78875,"0,54",43,8,"45,33","-0,24","174,82","3,86","164,06"
2026 03 12 13:04:56:395,-3.9985,-6.70125,"0,54",43,8,"45,33","-0,24","174,82","3,86","62,5"
2026 03 12 13:04:56:397,-3.9675,-6.78875,"0,54",43,8,"45,33","-0,24","174,82","3,86","82,03"
2026 03 12 13:04:56:399,-3.9675,-6.70125,"0,54",43,8,"45,33","-0,24","174,82","3,86","109,38"
2026 03 12 13:04:56:401,-3.9675,-6.70125,"0,54",43,8,"45,33","-0,24","174,82","3,86","97,66"
2026 03 12 13:04:56:403,-3.9675,-6.78875,"0,54",43,8,"45,33","-0,24","174,82","3,86","93,75"
2026 03 12 13:04:56:405,-3.9675,-6.78875,"0,54",43,8,"45,33","-0,24","174,82","3,86","156,25"
2026 03 12 13:04:56:407,-3.9675,-6.78875,"0,54",43,8,"45,33","-0,24","174,82","3,86","128,91"
2026 03 12 13:04:56:409,-3.9675,-6.78875,"0,54",43,8,"45,33","-0,24","174,82","3,86","117,19"
2026 03 12 13:04:56:411,-3.9675,-6.70125,"0,54",43,8,"45,33","-0,24","174,82","3,86","199,22"
2026 03 12 13:04:56:413,-3.9675,-6.78875,"0,54",43,8,"45,33","-0,24","174,82","3,86","156,25"
2026 03 12 13:04:56:415,-3.9675,-6.70125,"0,54",43,8,"45,33","-0,24","174,82","3,86","148,44"
2026 03 12 13:04:56:417,-3.9675,-6.70125,"0,54",43,8,"45,33","-0,24","174,82","3,86","101,56"
2026 03 12 13:04:56:419,-3.9985,-6.78875,"0,54",43,8,"45,33","-0,24","174,82","3,86","97,66"
2026 03 12 13:04:56:421,-3.9675,-6.70125,"0,54",43,8,"45,33","-0,24","174,82","3,86","164,06"
2026 03 12 13:04:56:423,-3.9675,-6.70125,"0,54",43,8,"45,33","-0,24","174,82","3,86","128,91"
2026 03 12 13:04:56:425,-3.9334,-6.78875,"0,54",43,8,"45,33","-0,24","174,82","3,86","109,38"
2026 03 12 13:04:56:427,-3.9675,-6.70125,"0,54",43,8,"45,33","-0,24","174,82","3,86","183,59"
2026 03 12 13:04:56:429,-3.9985,-6.78875,"0,54",43,8,"45,33","-0,24","174,82","3,86",125
2026 03 12 13:04:56:431,-3.9675,-6.87625,"0,54",43,8,"45,33","-0,24","174,82","3,86","128,91"
2026 03 12 13:04:56:433,-3.9675,-6.87625,"0,54",43,8,"45,33","-0,24","174,82","3,86","207,03"
2026 03 12 13:04:56:435,-3.9675,-6.78875,"0,54",43,8,"45,33","-0,24","174,82","3,86","105,47"
2026 03 12 13:04:56:437,-3.9675,-6.87625,"0,54",43,8,"45,33","-0,24","174,82","3,86","144,53"
2026 03 12 13:04:56:439,-3.9675,-6.78875,"0,54",43,8,"45,33","-0,24","174,82","3,86","140,63"
2026 03 12 13:04:56:441,-3.9985,-6.78875,"0,54",43,8,"45,33","-0,24","174,82","3,86","101,56"
2026 03 12 13:04:56:443,-3.9675,-6.78875,"0,54",43,8,"45,33","-0,24","174,82","3,86","179,69"
2026 03 12 13:04:56:445,-3.9675,-6.78875,"0,54",43,8,"45,33","-0,24","174,82","3,86","117,19"
2026 03 12 13:04:56:447,-3.9985,-6.78875,"0,54",43,8,"45,33","-0,24","174,82","3,86","78,13"
2026 03 12 13:04:56:449,-3.9675,-6.78875,"0,54",43,8,"45,33","-0,24","174,82","3,86","171,88"
2026 03 12 13:04:56:451,-3.9675,-6.70125,"0,54",43,8,"45,33","-0,24","174,82","3,86","164,06"
2026 03 12 13:04:56:453,-3.9675,-6.70125,"0,54",43,8,"45,33","-0,24","174,82","3,86","97,66"
2026 03 12 13:04:56:455,-3.9334,-6.78875,"0,54",43,8,"45,33","-0,24","174,82","3,86","140,63"
2026 03 12 13:04:56:457,-3.9675,-6.70125,"0,54",43,8,"45,33","-0,24","174,82","3,86","109,38"
2026 03 12 13:04:56:459,-3.9334,-6.78875,"0,54",43,8,"45,33","-0,24","174,82","3,86","109,38"
2026 03 12 13:04:56:461,-3.9675,-6.70125,"0,54",43,8,"45,33","-0,24","174,82","3,86","152,34"
2026 03 12 13:04:56:463,-3.9675,-6.70125,"0,54",43,8,"45,33","-0,24","174,82","3,86","117,19"
2026 03 12 13:04:56:465,-3.9985,-6.78875,"0,54",43,8,"45,33","-0,24","174,82","3,86","175,78"
2026 03 12 13:04:56:467,-3.9675,-6.78875,"0,54",43,8,"45,33","-0,24","174,82","3,86","128,91"
2026 03 12 13:04:56:469,-3.9675,-6.70125,"0,54",43,8,"45,33","-0,24","174,82","3,86","89,84"
2026 03 12 13:04:56:471,-3.9675,-6.78875,"0,54",43,8,"45,33","-0,24","174,82","3,86","183,59"
2026 03 12 13:04:56:473,-3.9334,-6.78875,"0,54",43,8,"45,33","-0,24","174,82","3,86","210,94"
2026 03 12 13:04:56:475,-3.9675,-6.70125,"0,54",43,8,"45,33","-0,24","174,82","3,86","117,19"
2026 03 12 13:04:56:477,-3.9675,-6.70125,"0,54",43,8,"45,33","-0,24","174,82","3,86","113,28"
2026 03 12 13:04:56:479,-3.9675,-6.78875,"0,54",43,8,"45,33","-0,24","174,82","3,86","148,44"
2026 03 12 13:04:56:481,-3.9675,-6.78875,"0,54",43,8,"45,33","-0,24","174,82","3,86","152,34"
2026 03 12 13:04:56:483,-3.9334,-6.78875,"0,54",43,8,"45,33","-0,24","174,82","3,86","156,25"
2026 03 12 13:04:56:485,-3.9675,-6.70125,"0,54",43,8,"45,33","-0,24","174,82","3,86","121,09"
2026 03 12 13:04:56:487,-3.9985,-6.78875,"0,54",43,8,"45,33","-0,24","174,82","3,86","160,16"
2026 03 12 13:04:56:489,-3.9985,-6.78875,"0,54",43,8,"45,33","-0,24","174,82","3,86","167,97"
2026 03 12 13:04:56:491,-3.9985,-6.78875,"0,54",43,8,"45,33","-0,24","174,82","3,86","191,41"
2026 03 12 13:04:56:493,-3.9675,-6.70125,"0,54",43,8,"45,33","-0,24","174,82","3,86","171,88"
2026 03 12 13:04:56:495,-3.9675,-6.78875,"0,54",43,8,"45,33","-0,24","174,82","3,86","171,88"
2026 03 12 13:04:56:497,-3.9675,-6.78875,"0,54",43,8,"45,33","-0,24","174,82","3,86","136,72"
2026 03 12 13:04:56:499,-3.9675,-6.78875,"0,54",43,8,"45,33","-0,24","174,82","3,86","113,28"
2026 03 12 13:04:56:501,-3.9675,-6.78875,"0,54",43,8,"45,33","-0,24","174,82","3,86","195,31"
2026 03 12 13:04:56:503,-3.9675,-6.78875,"0,54",43,8,"45,33","-0,24","174,82","3,86","187,5"
2026 03 12 13:04:56:505,-3.9675,-6.78875,"0,54",43,8,"45,33","-0,24","174,82","3,86","152,34"
2026 03 12 13:04:56:507,-3.9675,-6.70125,"0,54",43,8,"45,33","-0,24","174,82","3,86","191,41"
2026 03 12 13:04:56:509,-3.9675,-6.78875,"0,54",43,8,"45,33","-0,24","174,82","3,86","171,88"
2026 03 12 13:04:56:511,-3.9675,-6.70125,"0,69",40,8,"43,62","0,12","166,6","3,82","144,53"
2026 03 12 13:04:56:513,-3.9675,-6.70125,"0,69",40,8,"43,62","0,12","166,6","3,82","183,59"
2026 03 12 13:04:56:515,-3.9985,-6.70125,"0,69",40,8,"43,62","0,12","166,6","3,82","171,88"
2026 03 12 13:04:56:517,-3.9985,-6.78875,"0,69",40,8,"43,62","0,12","166,6","3,82",125
2026 03 12 13:04:56:519,-3.9675,-6.78875,"0,69",40,8,"43,62","0,12","166,6","3,82","136,72"
2026 03 12 13:04:56:521,-3.9675,-6.70125,"0,69",40,8,"43,62","0,12","166,6","3,82","160,16"
2026 03 12 13:04:56:523,-3.9675,-6.70125,"0,69",40,8,"43,62","0,12","166,6","3,82","183,59"
2026 03 12 13:04:56:525,-3.9675,-6.78875,"0,69",40,8,"43,62","0,12","166,6","3,82",125
2026 03 12 13:04:56:527,-3.9675,-6.78875,"0,69",40,8,"43,62","0,12","166,6","3,82","148,44"
2026 03 12 13:04:56:529,-3.9675,-6.70125,"0,69",40,8,"43,62","0,12","166,6","3,82","179,69"
2026 03 12 13:04:56:531,-3.9334,-6.78875,"0,69",40,8,"43,62","0,12","166,6","3,82","179,69"
2026 03 12 13:04:56:533,-3.9675,-6.70125,"0,69",40,8,"43,62","0,12","166,6","3,82","128,91"
2026 03 12 13:04:56:535,-3.9675,-6.70125,"0,69",40,8,"43,62","0,12","166,6","3,82","187,5"
2026 03 12 13:04:56:537,-3.9675,-6.70125,"0,69",40,8,"43,62","0,12","166,6","3,82","156,25"
2026 03 12 13:04:56:539,-3.9675,-6.78875,"0,69",40,8,"43,62","0,12","166,6","3,82","144,53"
2026 03 12 13:04:56:541,-3.9675,-6.78875,"0,69",40,8,"43,62","0,12","166,6","3,82","179,69"
2026 03 12 13:04:56:543,-3.9985,-6.78875,"0,69",40,8,"43,62","0,12","166,6","3,82","128,91"
2026 03 12 13:04:56:545,-3.9675,-6.70125,"0,69",40,8,"43,62","0,12","166,6","3,82","152,34"
2026 03 12 13:04:56:547,-3.9675,-6.78875,"0,69",40,8,"43,62","0,12","166,6","3,82","183,59"
2026 03 12 13:04:56:549,-3.9675,-6.78875,"0,69",40,8,"43,62","0,12","166,6","3,82","179,69"
2026 03 12 13:04:56:551,-3.9675,-6.78875,"0,69",40,8,"43,62","0,12","166,6","3,82","218,75"
2026 03 12 13:04:56:553,-3.9675,-6.78875,"0,69",40,8,"43,62","0,12","166,6","3,82","156,25"
2026 03 12 13:04:56:555,-3.9334,-6.70125,"0,69",40,8,"43,62","0,12","166,6","3,82","160,16"
2026 03 12 13:04:56:557,-3.9334,-6.78875,"0,69",40,8,"43,62","0,12","166,6","3,82","183,59"
2026 03 12 13:04:56:559,-3.9675,-6.70125,"0,69",40,8,"43,62","0,12","166,6","3,82","136,72"
2026 03 12 13:04:56:561,-3.9675,-6.70125,"0,69",40,8,"43,62","0,12","166,6","3,82","214,84"
2026 03 12 13:04:56:563,-3.9675,-6.78875,"0,69",40,8,"43,62","0,12","166,6","3,82","187,5"
2026 03 12 13:04:56:565,-3.9334,-6.78875,"0,69",40,8,"43,62","0,12","166,6","3,82","187,5"
2026 03 12 13:04:56:567,-3.9985,-6.78875,"0,69",40,8,"43,62","0,12","166,6","3,82","152,34"
2026 03 12 13:04:56:569,-3.9334,-6.78875,"0,69",40,8,"43,62","0,12","166,6","3,82","195,31"
2026 03 12 13:04:56:571,-3.9675,-6.78875,"0,69",40,8,"43,62","0,12","166,6","3,82","195,31"
2026 03 12 13:04:56:573,-3.9334,-6.78875,"0,69",40,8,"43,62","0,12","166,6","3,82","203,13"
2026 03 12 13:04:56:575,-3.9334,-6.78875,"0,69",40,8,"43,62","0,12","166,6","3,82","175,78"
2026 03 12 13:04:56:577,-3.9675,-6.78875,"0,69",40,8,"43,62","0,12","166,6","3,82","156,25"
2026 03 12 13:04:56:579,-3.9675,-6.70125,"0,69",40,8,"43,62","0,12","166,6","3,82","191,41"
2026 03 12 13:04:56:581,-3.9675,-6.78875,"0,69",40,8,"43,62","0,12","166,6","3,82","191,41"
2026 03 12 13:04:56:583,-3.9985,-6.70125,"0,69",40,8,"43,62","0,12","166,6","3,82","203,13"
2026 03 12 13:04:56:585,-3.9675,-6.87625,"0,69",40,8,"43,62","0,12","166,6","3,82","203,13"
2026 03 12 13:04:56:587,-3.9675,-6.70125,"0,69",40,8,"43,62","0,12","166,6","3,82","167,97"
2026 03 12 13:04:56:589,-3.9985,-6.78875,"0,69",40,8,"43,62","0,12","166,6","3,82","191,41"
2026 03 12 13:04:56:591,-3.9675,-6.78875,"0,69",40,8,"43,62","0,12","166,6","3,82","164,06"
2026 03 12 13:04:56:593,-3.9675,-6.78875,"0,69",40,8,"43,62","0,12","166,6","3,82","183,59"
2026 03 12 13:04:56:595,-3.9675,-6.87625,"0,69",40,8,"43,62","0,12","166,6","3,82","191,41"
2026 03 12 13:04:56:597,-3.9985,-6.78875,"0,69",40,8,"43,62","0,12","166,6","3,82","152,34"
2026 03 12 13:04:56:599,-3.9334,-6.78875,"0,69",40,8,"43,62","0,12","166,6","3,82","183,59"
2026 03 12 13:04:56:601,-3.9334,-6.78875,"0,69",40,8,"43,62","0,12","166,6","3,82","218,75"
2026 03 12 13:04:56:603,-3.9675,-6.87625,"0,69",40,8,"43,62","0,12","166,6","3,82","210,94"
2026 03 12 13:04:56:605,-3.9675,-6.78875,"0,69",40,8,"43,62","0,12","166,6","3,82","167,97"
2026 03 12 13:04:56:607,-3.9334,-6.78875,"0,69",40,8,"43,62","0,12","166,6","3,82","164,06"
2026 03 12 13:04:56:609,-3.9675,-6.70125,"0,69",40,8,"43,62","0,12","166,6","3,82","191,41"
2026 03 12 13:04:56:611,-3.9985,-6.70125,"0,69",40,8,"43,62","0,12","166,6","3,82","214,84"
2026 03 12 13:04:56:613,-3.9334,-6.70125,"0,69",40,8,"43,62","0,12","166,6","3,82","210,94"
2026 03 12 13:04:56:615,-3.9334,-6.70125,"0,69",40,8,"43,62","0,12","166,6","3,82","214,84"
2026 03 12 13:04:56:617,-3.9675,-6.70125,"0,69",40,8,"43,62","0,12","166,6","3,82","191,41"
2026 03 12 13:04:56:619,-3.9675,-6.78875,"0,69",40,8,"43,62","0,12","166,6","3,82","199,22"
2026 03 12 13:04:56:621,-3.9675,-6.70125,"0,69",40,8,"43,62","0,12","166,6","3,82","210,94"
2026 03 12 13:04:56:623,-3.9675,-6.78875,"0,69",40,8,"43,62","0,12","166,6","3,82","167,97"
2026 03 12 13:04:56:625,-3.9675,-6.70125,"0,69",40,8,"43,62","0,12","166,6","3,82","203,13"
2026 03 12 13:04:56:627,-3.9675,-6.70125,"0,69",40,8,"43,62","0,12","166,6","3,82","246,09"
2026 03 12 13:04:56:629,-3.9675,-6.78875,"0,69",40,8,"43,62","0,12","166,6","3,82","179,69"
2026 03 12 13:04:56:631,-3.9675,-6.70125,"0,69",40,8,"43,62","0,12","166,6","3,82","214,84"
2026 03 12 13:04:56:633,-3.9675,-6.78875,"0,69",40,8,"43,62","0,12","166,6","3,82","210,94"
2026 03 12 13:04:56:635,-3.9675,-6.78875,"0,69",40,8,"43,62","0,12","166,6","3,82","187,5"
2026 03 12 13:04:56:637,-3.9675,-6.78875,"0,69",40,8,"43,62","0,12","166,6","3,82","210,94"
2026 03 12 13:04:56:639,-3.9334,-6.78875,"0,69",40,8,"43,62","0,12","166,6","3,82","156,25"
2026 03 12 13:04:56:641,-3.9675,-6.78875,"0,69",40,8,"43,62","0,12","166,6","3,82","214,84"
2026 03 12 13:04:56:643,-3.9675,-6.78875,"0,69",40,8,"43,62","0,12","166,6","3,82","214,84"
2026 03 12 13:04:56:645,-3.9675,-6.87625,"0,69",40,8,"43,62","0,12","166,6","3,82","214,84"
2026 03 12 13:04:56:647,-3.9675,-6.70125,"0,69",40,8,"43,62","0,12","166,6","3,82","203,13"
2026 03 12 13:04:56:649,-3.9675,-6.78875,"0,69",40,8,"43,62","0,12","166,6","3,82","195,31"
2026 03 12 13:04:56:651,-3.9675,-6.70125,"0,69",40,8,"43,62","0,12","166,6","3,82","242,19"
2026 03 12 13:04:56:653,-3.9675,-6.78875,"0,69",40,8,"43,62","0,12","166,6","3,82","234,38"
2026 03 12 13:04:56:655,-3.9675,-6.78875,"0,69",40,8,"43,62","0,12","166,6","3,82","253,91"
2026 03 12 13:04:56:657,-3.9985,-6.78875,"0,69",40,8,"43,62","0,12","166,6","3,82","257,81"
2026 03 12 13:04:56:659,-3.9675,-6.78875,"0,69",40,8,"43,62","0,12","166,6","3,82","152,34"
2026 03 12 13:04:56:661,-3.9675,-6.78875,"0,69",40,8,"43,62","0,12","166,6","3,82","210,94"
2026 03 12 13:04:56:663,-3.9985,-6.70125,"0,69",40,8,"43,62","0,12","166,6","3,82","214,84"
2026 03 12 13:04:56:665,-3.9675,-6.78875,"0,69",40,8,"43,62","0,12","166,6","3,82","210,94"
2026 03 12 13:04:56:667,-3.9675,-6.70125,"0,69",40,8,"43,62","0,12","166,6","3,82","210,94"
2026 03 12 13:04:56:669,-3.9675,-6.87625,"0,69",40,8,"43,62","0,12","166,6","3,82","242,19"
2026 03 12 13:04:56:671,-3.9675,-6.78875,"0,69",40,8,"43,62","0,12","166,6","3,82","230,47"
2026 03 12 13:04:56:673,-3.9675,-6.78875,"0,69",40,8,"43,62","0,12","166,6","3,82","230,47"
2026 03 12 13:04:56:675,-3.9675,-6.70125,"0,69",40,8,"43,62","0,12","166,6","3,82","234,38"
2026 03 12 13:04:56:677,-3.9675,-6.70125,"0,69",40,8,"43,62","0,12","166,6","3,82","214,84"
2026 03 12 13:04:56:679,-3.9675,-6.78875,"0,69",40,8,"43,62","0,12","166,6","3,82","230,47"
2026 03 12 13:04:56:681,-3.9985,-6.78875,"0,69",40,8,"43,62","0,12","166,6","3,82","222,66"
2026 03 12 13:04:56:683,-3.9675,-6.78875,"0,69",40,8,"43,62","0,12","166,6","3,82","226,56"
2026 03 12 13:04:56:685,-3.9985,-6.70125,"0,69",40,8,"43,62","0,12","166,6","3,82","230,47"
2026 03 12 13:04:56:687,-3.9334,-6.70125,"0,69",40,8,"43,62","0,12","166,6","3,82","199,22"
2026 03 12 13:04:56:689,-3.9334,-6.70125,"0,69",40,8,"43,62","0,12","166,6","3,82","238,28"
2026 03 12 13:04:56:691,-3.9675,-6.78875,"0,69",40,8,"43,62","0,12","166,6","3,82","222,66"
2026 03 12 13:04:56:693,-3.9675,-6.70125,"0,69",40,8,"43,62","0,12","166,6","3,82","226,56"
2026 03 12 13:04:56:695,-3.9985,-6.78875,"0,69",40,8,"43,62","0,12","166,6","3,82","222,66"
2026 03 12 13:04:56:697,-3.9985,-6.70125,"0,69",40,8,"43,62","0,12","166,6","3,82","210,94"
2026 03 12 13:04:56:699,-3.9675,-6.70125,"0,69",40,8,"43,62","0,12","166,6","3,82","222,66"
2026 03 12 13:04:56:701,-3.9675,-6.87625,"0,69",40,8,"43,62","0,12","166,6","3,82",250
2026 03 12 13:04:56:703,-3.9675,-6.87625,"0,69",40,8,"43,62","0,12","166,6","3,82","246,09"
2026 03 12 13:04:56:705,-3.9334,-6.78875,"0,69",40,8,"43,62","0,12","166,6","3,82","269,53"
2026 03 12 13:04:56:707,-3.9985,-6.78875,"0,69",40,8,"43,62","0,12","166,6","3,82","238,28"
2026 03 12 13:04:56:709,-3.9675,-6.78875,"0,69",40,8,"43,62","0,12","166,6","3,82",250
2026 03 12 13:04:56:711,-3.9675,-6.78875,"0,69",40,8,"43,62","0,12","166,6","3,82","214,84"
2026 03 12 13:04:56:713,-3.9675,-6.70125,"0,69",40,8,"43,62","0,12","166,6","3,82","257,81"
2026 03 12 13:04:56:715,-3.9675,-6.70125,"0,69",40,8,"43,62","0,12","166,6","3,82","203,13"
2026 03 12 13:04:56:717,-3.9675,-6.70125,"0,69",40,8,"43,62","0,12","166,6","3,82","214,84"
2026 03 12 13:04:56:719,-3.9675,-6.70125,"0,69",40,8,"43,62","0,12","166,6","3,82","210,94"
2026 03 12 13:04:56:721,-3.9675,-6.78875,"0,69",40,8,"43,62","0,12","166,6","3,82","230,47"
2026 03 12 13:04:56:723,-3.9675,-6.78875,"0,69",40,8,"43,62","0,12","166,6","3,82","218,75"
2026 03 12 13:04:56:725,-3.9675,-6.70125,"0,69",40,8,"43,62","0,12","166,6","3,82","234,38"
2026 03 12 13:04:56:727,-3.9334,-6.78875,"0,69",40,8,"43,62","0,12","166,6","3,82","234,38"
2026 03 12 13:04:56:729,-3.9675,-6.70125,"0,69",40,8,"43,62","0,12","166,6","3,82","214,84"
2026 03 12 13:04:56:731,-3.9675,-6.70125,"0,69",40,8,"43,62","0,12","166,6","3,82","269,53"
2026 03 12 13:04:56:733,-3.9675,-6.78875,"0,69",40,8,"43,62","0,12","166,6","3,82","289,06"
2026 03 12 13:04:56:735,-3.9675,-6.87625,"0,69",40,8,"43,62","0,12","166,6","3,82","242,19"
2026 03 12 13:04:56:737,-3.9675,-6.78875,"0,69",40,8,"43,62","0,12","166,6","3,82","257,81"
2026 03 12 13:04:56:739,-3.9985,-6.78875,"0,69",40,8,"43,62","0,12","166,6","3,82","214,84"
2026 03 12 13:04:56:741,-3.9985,-6.78875,"0,69",40,8,"43,62","0,12","166,6","3,82","226,56"
2026 03 12 13:04:56:743,-3.9675,-6.70125,"0,69",40,8,"43,62","0,12","166,6","3,82","242,19"
2026 03 12 13:04:56:745,-3.9675,-6.78875,"0,69",40,8,"43,62","0,12","166,6","3,82","242,19"
2026 03 12 13:04:56:747,-3.9675,-6.78875,"0,69",40,8,"43,62","0,12","166,6","3,82",250
2026 03 12 13:04:56:749,-3.9675,-6.78875,"0,69",40,8,"43,62","0,12","166,6","3,82","234,38"
2026 03 12 13:04:56:751,-3.9675,-6.78875,"0,69",40,8,"43,62","0,12","166,6","3,82",250
2026 03 12 13:04:56:753,-3.9675,-6.70125,"0,69",40,8,"43,62","0,12","166,6","3,82","269,53"
2026 03 12 13:04:56:755,-3.9675,-6.78875,"0,69",40,8,"43,62","0,12","166,6","3,82","238,28"
2026 03 12 13:04:56:757,-3.9985,-6.78875,"0,69",40,8,"43,62","0,12","166,6","3,82","261,72"
2026 03 12 13:04:56:759,-3.9675,-6.78875,"0,69",40,8,"43,62","0,12","166,6","3,82","285,16"
2026 03 12 13:04:56:761,-3.9675,-6.78875,"0,69",40,8,"43,62","0,12","166,6","3,82","230,47"
2026 03 12 13:04:56:763,-3.9675,-6.78875,"0,69",40,8,"43,62","0,12","166,6","3,82","257,81"
2026 03 12 13:04:56:765,-3.9675,-6.78875,"0,69",40,8,"43,62","0,12","166,6","3,82","238,28"
2026 03 12 13:04:56:767,-3.9675,-6.78875,"0,69",40,8,"43,62","0,12","166,6","3,82","210,94"
2026 03 12 13:04:56:769,-3.9675,-6.78875,"0,69",40,8,"43,62","0,12","166,6","3,82","238,28"
2026 03 12 13:04:56:771,-3.9985,-6.78875,"0,69",40,8,"43,62","0,12","166,6","3,82","285,16"
2026 03 12 13:04:56:773,-3.9675,-6.70125,"0,69",40,8,"43,62","0,12","166,6","3,82","257,81"
2026 03 12 13:04:56:775,-3.9675,-6.78875,"0,69",40,8,"43,62","0,12","166,6","3,82","265,63"
2026 03 12 13:04:56:777,-3.9985,-6.78875,"0,69",40,8,"43,62","0,12","166,6","3,82","222,66"
2026 03 12 13:04:56:779,-3.9675,-6.70125,"0,69",40,8,"43,62","0,12","166,6","3,82","257,81"
2026 03 12 13:04:56:781,-3.9334,-6.78875,"0,69",40,8,"43,62","0,12","166,6","3,82","253,91"
2026 03 12 13:04:56:783,-3.9675,-6.78875,"0,69",40,8,"43,62","0,12","166,6","3,82","304,69"
2026 03 12 13:04:56:785,-3.9675,-6.78875,"0,69",40,8,"43,62","0,12","166,6","3,82","312,5"
2026 03 12 13:04:56:787,-3.9675,-6.78875,"0,69",40,8,"43,62","0,12","166,6","3,82","289,06"
2026 03 12 13:04:56:789,-3.9675,-6.70125,"0,69",40,8,"43,62","0,12","166,6","3,82","285,16"
2026 03 12 13:04:56:791,-3.9675,-6.78875,"0,69",40,8,"43,62","0,12","166,6","3,82","269,53"
2026 03 12 13:04:56:793,-3.9334,-6.78875,"0,69",40,8,"43,62","0,12","166,6","3,82","253,91"
2026 03 12 13:04:56:795,-3.9675,-6.78875,"0,69",40,8,"43,62","0,12","166,6","3,82",250
2026 03 12 13:04:56:797,-3.9675,-6.78875,"0,69",40,8,"43,62","0,12","166,6","3,82","210,94"
2026 03 12 13:04:56:799,-3.9334,-6.78875,"0,69",40,8,"43,62","0,12","166,6","3,82",250
2026 03 12 13:04:56:801,-3.9675,-6.78875,"0,69",40,8,"43,62","0,12","166,6","3,82","289,06"
2026 03 12 13:04:56:803,-3.9675,-6.70125,"0,69",40,8,"43,62","0,12","166,6","3,82","269,53"
2026 03 12 13:04:56:805,-3.9675,-6.78875,"0,69",40,8,"43,62","0,12","166,6","3,82","289,06"
2026 03 12 13:04:56:807,-3.9334,-6.78875,"0,69",40,8,"43,62","0,12","166,6","3,82","304,69"
2026 03 12 13:04:56:809,-3.9334,-6.78875,"0,69",40,8,"43,62","0,12","166,6","3,82","285,16"
2026 03 12 13:04:56:811,-3.9985,-6.70125,"0,81",33,9,"40,94","0,15","182,75","4,46","339,84"
2026 03 12 13:04:56:813,-3.9675,-6.78875,"0,81",33,9,"40,94","0,15","182,75","4,46","289,06"
2026 03 12 13:04:56:815,-3.9675,-6.70125,"0,81",33,9,"40,94","0,15","182,75","4,46","273,44"
2026 03 12 13:04:56:817,-3.9675,-6.78875,"0,81",33,9,"40,94","0,15","182,75","4,46","269,53"
2026 03 12 13:04:56:819,-3.9675,-6.78875,"0,81",33,9,"40,94","0,15","182,75","4,46","179,69"
2026 03 12 13:04:56:821,-3.9985,-6.78875,"0,81",33,9,"40,94","0,15","182,75","4,46","242,19"
2026 03 12 13:04:56:823,-3.9675,-6.78875,"0,81",33,9,"40,94","0,15","182,75","4,46","265,63"
2026 03 12 13:04:56:825,-3.9985,-6.78875,"0,81",33,9,"40,94","0,15","182,75","4,46","238,28"
2026 03 12 13:04:56:827,-3.9675,-6.78875,"0,81",33,9,"40,94","0,15","182,75","4,46","292,97"
2026 03 12 13:04:56:829,-3.9675,-6.78875,"0,81",33,9,"40,94","0,15","182,75","4,46","273,44"
2026 03 12 13:04:56:831,-3.9675,-6.78875,"0,81",33,9,"40,94","0,15","182,75","4,46","289,06"
2026 03 12 13:04:56:833,-3.9334,-6.78875,"0,81",33,9,"40,94","0,15","182,75","4,46","265,63"
2026 03 12 13:04:56:835,-3.9675,-6.78875,"0,81",33,9,"40,94","0,15","182,75","4,46","281,25"
2026 03 12 13:04:56:837,-3.9675,-6.78875,"0,81",33,9,"40,94","0,15","182,75","4,46","308,59"
2026 03 12 13:04:56:839,-3.9675,-6.78875,"0,81",33,9,"40,94","0,15","182,75","4,46","292,97"
2026 03 12 13:04:56:841,-3.9675,-6.70125,"0,81",33,9,"40,94","0,15","182,75","4,46","292,97"
2026 03 12 13:04:56:843,-3.9675,-6.78875,"0,81",33,9,"40,94","0,15","182,75","4,46","273,44"
2026 03 12 13:04:56:845,-3.9675,-6.70125,"0,81",33,9,"40,94","0,15","182,75","4,46","273,44"
2026 03 12 13:04:56:847,-3.9675,-6.78875,"0,81",33,9,"40,94","0,15","182,75","4,46","257,81"
2026 03 12 13:04:56:849,-3.9675,-6.70125,"0,81",33,9,"40,94","0,15","182,75","4,46","253,91"
2026 03 12 13:04:56:851,-3.9334,-6.78875,"0,81",33,9,"40,94","0,15","182,75","4,46","308,59"
2026 03 12 13:04:56:853,-3.9675,-6.78875,"0,81",33,9,"40,94","0,15","182,75","4,46","300,78"
2026 03 12 13:04:56:855,-3.9334,-6.78875,"0,81",33,9,"40,94","0,15","182,75","4,46","285,16"
2026 03 12 13:04:56:857,-3.9675,-6.78875,"0,81",33,9,"40,94","0,15","182,75","4,46",250
2026 03 12 13:04:56:859,-3.9985,-6.70125,"0,81",33,9,"40,94","0,15","182,75","4,46","273,44"
2026 03 12 13:04:56:861,-3.9675,-6.78875,"0,81",33,9,"40,94","0,15","182,75","4,46","281,25"
2026 03 12 13:04:56:863,-3.9334,-6.70125,"0,81",33,9,"40,94","0,15","182,75","4,46","316,41"
2026 03 12 13:04:56:865,-3.9334,-6.78875,"0,81",33,9,"40,94","0,15","182,75","4,46","339,84"
2026 03 12 13:04:56:867,-3.9675,-6.70125,"0,81",33,9,"40,94","0,15","182,75","4,46","292,97"
2026 03 12 13:04:56:869,-3.9675,-6.78875,"0,81",33,9,"40,94","0,15","182,75","4,46","292,97"
2026 03 12 13:04:56:871,-3.9675,-6.78875,"0,81",33,9,"40,94","0,15","182,75","4,46","292,97"
2026 03 12 13:04:56:873,-3.9675,-6.78875,"0,81",33,9,"40,94","0,15","182,75","4,46","261,72"
2026 03 12 13:04:56:875,-3.9675,-6.78875,"0,81",33,9,"40,94","0,15","182,75","4,46","277,34"
2026 03 12 13:04:56:877,-3.9675,-6.70125,"0,81",33,9,"40,94","0,15","182,75","4,46","242,19"
2026 03 12 13:04:56:879,-3.9334,-6.78875,"0,81",33,9,"40,94","0,15","182,75","4,46","316,41"
2026 03 12 13:04:56:881,-3.9985,-6.78875,"0,81",33,9,"40,94","0,15","182,75","4,46","253,91"
2026 03 12 13:04:56:883,-3.9675,-6.78875,"0,81",33,9,"40,94","0,15","182,75","4,46","300,78"
2026 03 12 13:04:56:885,-3.9334,-6.78875,"0,81",33,9,"40,94","0,15","182,75","4,46","324,22"
2026 03 12 13:04:56:887,-3.9675,-6.78875,"0,81",33,9,"40,94","0,15","182,75","4,46","285,16"
2026 03 12 13:04:56:889,-3.9675,-6.70125,"0,81",33,9,"40,94","0,15","182,75","4,46","324,22"
2026 03 12 13:04:56:891,-3.9675,-6.78875,"0,81",33,9,"40,94","0,15","182,75","4,46","332,03"
2026 03 12 13:04:56:893,-3.9675,-6.78875,"0,81",33,9,"40,94","0,15","182,75","4,46","304,69"
2026 03 12 13:04:56:895,-3.9985,-6.78875,"0,81",33,9,"40,94","0,15","182,75","4,46","289,06"
2026 03 12 13:04:56:897,-3.9985,-6.78875,"0,81",33,9,"40,94","0,15","182,75","4,46","289,06"
2026 03 12 13:04:56:899,-3.9985,-6.70125,"0,81",33,9,"40,94","0,15","182,75","4,46","238,28"
2026 03 12 13:04:56:901,-3.9675,-6.70125,"0,81",33,9,"40,94","0,15","182,75","4,46","277,34"
2026 03 12 13:04:56:903,-3.9675,-6.70125,"0,81",33,9,"40,94","0,15","182,75","4,46","277,34"
2026 03 12 13:04:56:905,-3.9334,-6.78875,"0,81",33,9,"40,94","0,15","182,75","4,46","292,97"
2026 03 12 13:04:56:907,-3.9675,-6.70125,"0,81",33,9,"40,94","0,15","182,75","4,46","343,75"
2026 03 12 13:04:56:909,-3.9675,-6.78875,"0,81",33,9,"40,94","0,15","182,75","4,46","292,97"
2026 03 12 13:04:56:911,-3.9675,-6.78875,"0,81",33,9,"40,94","0,15","182,75","4,46","328,13"
2026 03 12 13:04:56:913,-3.9675,-6.70125,"0,81",33,9,"40,94","0,15","182,75","4,46","304,69"
2026 03 12 13:04:56:915,-3.9675,-6.70125,"0,81",33,9,"40,94","0,15","182,75","4,46","289,06"
2026 03 12 13:04:56:917,-3.9675,-6.70125,"0,81",33,9,"40,94","0,15","182,75","4,46","324,22"
2026 03 12 13:04:56:919,-3.9675,-6.78875,"0,81",33,9,"40,94","0,15","182,75","4,46","308,59"
2026 03 12 13:04:56:921,-3.9675,-6.78875,"0,81",33,9,"40,94","0,15","182,75","4,46","292,97"
2026 03 12 13:04:56:923,-3.9675,-6.78875,"0,81",33,9,"40,94","0,15","182,75","4,46","304,69"
2026 03 12 13:04:56:925,-3.9675,-6.78875,"0,81",33,9,"40,94","0,15","182,75","4,46","281,25"
2026 03 12 13:04:56:927,-3.9334,-6.70125,"0,81",33,9,"40,94","0,15","182,75","4,46","296,88"
2026 03 12 13:04:56:929,-3.9675,-6.70125,"0,81",33,9,"40,94","0,15","182,75","4,46","308,59"
2026 03 12 13:04:56:931,-3.9675,-6.78875,"0,81",33,9,"40,94","0,15","182,75","4,46","296,88"
2026 03 12 13:04:56:933,-3.9334,-6.78875,"0,81",33,9,"40,94","0,15","182,75","4,46","296,88"
2026 03 12 13:04:56:935,-3.9675,-6.70125,"0,81",33,9,"40,94","0,15","182,75","4,46","335,94"
2026 03 12 13:04:56:937,-3.9985,-6.78875,"0,81",33,9,"40,94","0,15","182,75","4,46","292,97"
2026 03 12 13:04:56:939,-3.9675,-6.78875,"0,81",33,9,"40,94","0,15","182,75","4,46","308,59"
2026 03 12 13:04:56:941,-3.9675,-6.70125,"0,81",33,9,"40,94","0,15","182,75","4,46","316,41"
2026 03 12 13:04:56:943,-3.9675,-6.78875,"0,81",33,9,"40,94","0,15","182,75","4,46","316,41"
2026 03 12 13:04:56:945,-3.9675,-6.87625,"0,81",33,9,"40,94","0,15","182,75","4,46","335,94"
2026 03 12 13:04:56:947,-3.9675,-6.70125,"0,81",33,9,"40,94","0,15","182,75","4,46","312,5"
2026 03 12 13:04:56:949,-3.9334,-6.78875,"0,81",33,9,"40,94","0,15","182,75","4,46","324,22"
2026 03 12 13:04:56:951,-3.9675,-6.78875,"0,81",33,9,"40,94","0,15","182,75","4,46","332,03"
2026 03 12 13:04:56:953,-3.9675,-6.78875,"0,81",33,9,"40,94","0,15","182,75","4,46","277,34"
2026 03 12 13:04:56:955,-3.9985,-6.78875,"0,81",33,9,"40,94","0,15","182,75","4,46","304,69"
2026 03 12 13:04:56:957,-3.9675,-6.78875,"0,81",33,9,"40,94","0,15","182,75","4,46","281,25"
2026 03 12 13:04:56:959,-3.9675,-6.78875,"0,81",33,9,"40,94","0,15","182,75","4,46","300,78"
2026 03 12 13:04:56:961,-3.9985,-6.78875,"0,81",33,9,"40,94","0,15","182,75","4,46","328,13"
2026 03 12 13:04:56:963,-3.9675,-6.70125,"0,81",33,9,"40,94","0,15","182,75","4,46","316,41"
2026 03 12 13:04:56:965,-3.9675,-6.78875,"0,81",33,9,"40,94","0,15","182,75","4,46","335,94"
2026 03 12 13:04:56:967,-3.9985,-6.78875,"0,81",33,9,"40,94","0,15","182,75","4,46","351,56"
2026 03 12 13:04:56:969,-3.9675,-6.78875,"0,81",33,9,"40,94","0,15","182,75","4,46","316,41"
2026 03 12 13:04:56:971,-3.9675,-6.78875,"0,81",33,9,"40,94","0,15","182,75","4,46","343,75"
2026 03 12 13:04:56:973,-3.9675,-6.70125,"0,81",33,9,"40,94","0,15","182,75","4,46","339,84"
2026 03 12 13:04:56:975,-3.9675,-6.78875,"0,81",33,9,"40,94","0,15","182,75","4,46","332,03"
2026 03 12 13:04:56:977,-3.9675,-6.78875,"0,81",33,9,"40,94","0,15","182,75","4,46","292,97"
2026 03 12 13:04:56:979,-3.9985,-6.70125,"0,81",33,9,"40,94","0,15","182,75","4,46","320,31"
2026 03 12 13:04:56:981,-3.9675,-6.70125,"0,81",33,9,"40,94","0,15","182,75","4,46","328,13"
2026 03 12 13:04:56:983,-3.9675,-6.78875,"0,81",33,9,"40,94","0,15","182,75","4,46","300,78"
2026 03 12 13:04:56:985,-3.9675,-6.78875,"0,81",33,9,"40,94","0,15","182,75","4,46","296,88"
2026 03 12 13:04:56:987,-3.9985,-6.78875,"0,81",33,9,"40,94","0,15","182,75","4,46","351,56"
2026 03 12 13:04:56:989,-3.9675,-6.78875,"0,81",33,9,"40,94","0,15","182,75","4,46","316,41"
2026 03 12 13:04:56:991,-3.9675,-6.70125,"0,81",33,9,"40,94","0,15","182,75","4,46","320,31"
2026 03 12 13:04:56:993,-3.9985,-6.78875,"0,81",33,9,"40,94","0,15","182,75","4,46","378,91"
2026 03 12 13:04:56:995,-3.9985,-6.78875,"0,81",33,9,"40,94","0,15","182,75","4,46","339,84"
2026 03 12 13:04:56:997,-3.9985,-6.78875,"0,81",33,9,"40,94","0,15","182,75","4,46","281,25"
2026 03 12 13:04:56:999,-3.9675,-6.70125,"0,81",33,9,"40,94","0,15","182,75","4,46","312,5"
2026 03 12 13:04:57:001,-3.9675,-6.78875,"0,81",33,9,"40,94","0,15","182,75","4,46","339,84"
2026 03 12 13:04:57:003,-3.9675,-6.78875,"0,81",33,9,"40,94","0,15","182,75","4,46","324,22"
2026 03 12 13:04:57:005,-3.9985,-6.78875,"0,81",33,9,"40,94","0,15","182,75","4,46","335,94"
2026 03 12 13:04:57:007,-3.9985,-6.70125,"0,81",33,9,"40,94","0,15","182,75","4,46","332,03"
2026 03 12 13:04:57:009,-3.9675,-6.70125,"0,81",33,9,"40,94","0,15","182,75","4,46","328,13"
2026 03 12 13:04:57:011,-3.9985,-6.78875,"0,81",33,9,"40,94","0,15","182,75","4,46","324,22"
2026 03 12 13:04:57:013,-3.9675,-6.78875,"0,81",33,9,"40,94","0,15","182,75","4,46","328,13"
2026 03 12 13:04:57:015,-3.9675,-6.70125,"0,81",33,9,"40,94","0,15","182,75","4,46","324,22"
2026 03 12 13:04:57:017,-3.9675,-6.70125,"0,81",33,9,"40,94","0,15","182,75","4,46","269,53"
2026 03 12 13:04:57:019,-3.9675,-6.78875,"0,81",33,9,"40,94","0,15","182,75","4,46","316,41"
2026 03 12 13:04:57:021,-3.9334,-6.78875,"0,81",33,9,"40,94","0,15","182,75","4,46","367,19"
2026 03 12 13:04:57:023,-3.9334,-6.87625,"0,81",33,9,"40,94","0,15","182,75","4,46","324,22"
2026 03 12 13:04:57:025,-3.9675,-6.78875,"0,81",33,9,"40,94","0,15","182,75","4,46","289,06"
2026 03 12 13:04:57:027,-3.9675,-6.87625,"0,81",33,9,"40,94","0,15","182,75","4,46","332,03"
2026 03 12 13:04:57:029,-3.9675,-6.78875,"0,81",33,9,"40,94","0,15","182,75","4,46","382,81"
2026 03 12 13:04:57:031,-3.9675,-6.70125,"0,81",33,9,"40,94","0,15","182,75","4,46","371,09"
2026 03 12 13:04:57:033,-3.9334,-6.78875,"0,81",33,9,"40,94","0,15","182,75","4,46","285,16"
2026 03 12 13:04:57:035,-3.9675,-6.78875,"0,81",33,9,"40,94","0,15","182,75","4,46","324,22"
2026 03 12 13:04:57:037,-3.9675,-6.87625,"0,81",33,9,"40,94","0,15","182,75","4,46","304,69"
2026 03 12 13:04:57:039,-3.9675,-6.78875,"0,81",33,9,"40,94","0,15","182,75","4,46","300,78"
2026 03 12 13:04:57:041,-3.9334,-6.78875,"0,81",33,9,"40,94","0,15","182,75","4,46","324,22"
2026 03 12 13:04:57:043,-3.9334,-6.70125,"0,81",33,9,"40,94","0,15","182,75","4,46","332,03"
2026 03 12 13:04:57:045,-3.9675,-6.78875,"0,81",33,9,"40,94","0,15","182,75","4,46","347,66"
2026 03 12 13:04:57:047,-3.9675,-6.87625,"0,81",33,9,"40,94","0,15","182,75","4,46","343,75"
2026 03 12 13:04:57:049,-3.9675,-6.78875,"0,81",33,9,"40,94","0,15","182,75","4,46","335,94"
2026 03 12 13:04:57:051,-3.9675,-6.78875,"0,81",33,9,"40,94","0,15","182,75","4,46","371,09"
2026 03 12 13:04:57:053,-3.9985,-6.78875,"0,81",33,9,"40,94","0,15","182,75","4,46","351,56"
2026 03 12 13:04:57:055,-3.9334,-6.78875,"0,81",33,9,"40,94","0,15","182,75","4,46","343,75"
2026 03 12 13:04:57:057,-3.9334,-6.78875,"0,81",33,9,"40,94","0,15","182,75","4,46","359,38"
2026 03 12 13:04:57:059,-3.9334,-6.78875,"0,81",33,9,"40,94","0,15","182,75","4,46","347,66"
2026 03 12 13:04:57:061,-3.9675,-6.78875,"0,81",33,9,"40,94","0,15","182,75","4,46","320,31"
2026 03 12 13:04:57:063,-3.9675,-6.78875,"0,81",33,9,"40,94","0,15","182,75","4,46","343,75"
2026 03 12 13:04:57:065,-3.9334,-6.78875,"0,81",33,9,"40,94","0,15","182,75","4,46","347,66"
2026 03 12 13:04:57:067,-3.9675,-6.78875,"0,81",33,9,"40,94","0,15","182,75","4,46","339,84"
2026 03 12 13:04:57:069,-3.9675,-6.78875,"0,81",33,9,"40,94","0,15","182,75","4,46","335,94"
2026 03 12 13:04:57:071,-3.9675,-6.78875,"0,81",33,9,"40,94","0,15","182,75","4,46","371,09"
2026 03 12 13:04:57:073,-3.9675,-6.78875,"0,81",33,9,"40,94","0,15","182,75","4,46",375
2026 03 12 13:04:57:075,-3.9675,-6.78875,"0,81",33,9,"40,94","0,15","182,75","4,46","343,75"
2026 03 12 13:04:57:077,-3.9675,-6.78875,"0,81",33,9,"40,94","0,15","182,75","4,46","335,94"
2026 03 12 13:04:57:079,-3.9675,-6.70125,"0,81",33,9,"40,94","0,15","182,75","4,46","351,56"
2026 03 12 13:04:57:081,-3.9675,-6.78875,"0,81",33,9,"40,94","0,15","182,75","4,46","339,84"
2026 03 12 13:04:57:083,-3.9675,-6.78875,"0,81",33,9,"40,94","0,15","182,75","4,46","343,75"
2026 03 12 13:04:57:085,-3.9675,-6.78875,"0,81",33,9,"40,94","0,15","182,75","4,46","347,66"
2026 03 12 13:04:57:087,-3.9675,-6.78875,"0,81",33,9,"40,94","0,15","182,75","4,46","347,66"
2026 03 12 13:04:57:089,-3.9334,-6.78875,"0,81",33,9,"40,94","0,15","182,75","4,46","339,84"
2026 03 12 13:04:57:091,-3.9675,-6.87625,"0,81",33,9,"40,94","0,15","182,75","4,46","324,22"
2026 03 12 13:04:57:093,-3.9675,-6.70125,"0,81",33,9,"40,94","0,15","182,75","4,46","386,72"
2026 03 12 13:04:57:095,-3.9675,-6.78875,"0,81",33,9,"40,94","0,15","182,75","4,46","343,75"
2026 03 12 13:04:57:097,-3.9985,-6.78875,"0,81",33,9,"40,94","0,15","182,75","4,46","300,78"
2026 03 12 13:04:57:099,-3.9675,-6.78875,"0,81",33,9,"40,94","0,15","182,75","4,46","335,94"
2026 03 12 13:04:57:101,-3.9334,-6.70125,"0,81",33,9,"40,94","0,15","182,75","4,46","371,09"
2026 03 12 13:04:57:103,-3.9675,-6.78875,"0,81",33,9,"40,94","0,15","182,75","4,46","335,94"
2026 03 12 13:04:57:105,-3.9334,-6.70125,"0,81",33,9,"40,94","0,15","182,75","4,46","382,81"
2026 03 12 13:04:57:107,-3.9675,-6.78875,"0,81",33,9,"40,94","0,15","182,75","4,46","363,28"
2026 03 12 13:04:57:109,-3.9675,-6.78875,"0,81",33,9,"40,94","0,15","182,75","4,46","351,56"
2026 03 12 13:04:57:111,-3.9985,-6.78875,"0,83",40,9,"255999,98",-3,"231,29",0,"355,47"
2026 03 12 13:04:57:113,-3.9334,-6.70125,"0,83",40,9,"255999,98",-3,"231,29",0,"320,31"
2026 03 12 13:04:57:115,-3.9675,-6.70125,"0,83",40,9,"255999,98",-3,"231,29",0,"355,47"
2026 03 12 13:04:57:117,-3.9334,-6.70125,"0,83",40,9,"255999,98",-3,"231,29",0,"312,5"
2026 03 12 13:04:57:119,-3.9334,-6.78875,"0,83",40,9,"255999,98",-3,"231,29",0,"296,88"
2026 03 12 13:04:57:121,-3.9675,-6.78875,"0,83",40,9,"255999,98",-3,"231,29",0,"355,47"
2026 03 12 13:04:57:123,-3.9675,-6.78875,"0,83",40,9,"255999,98",-3,"231,29",0,"371,09"
2026 03 12 13:04:57:125,-3.9675,-6.70125,"0,83",40,9,"255999,98",-3,"231,29",0,"339,84"
2026 03 12 13:04:57:127,-3.9675,-6.78875,"0,83",40,9,"255999,98",-3,"231,29",0,"367,19"
2026 03 12 13:04:57:129,-3.9334,-6.70125,"0,83",40,9,"255999,98",-3,"231,29",0,"371,09"
2026 03 12 13:04:57:131,-3.9334,-6.78875,"0,83",40,9,"255999,98",-3,"231,29",0,"410,16"
2026 03 12 13:04:57:133,-3.9675,-6.87625,"0,83",40,9,"255999,98",-3,"231,29",0,"371,09"
2026 03 12 13:04:57:135,-3.9675,-6.78875,"0,83",40,9,"255999,98",-3,"231,29",0,375
2026 03 12 13:04:57:137,-3.9675,-6.70125,"0,83",40,9,"255999,98",-3,"231,29",0,"332,03"
2026 03 12 13:04:57:139,-3.9675,-6.78875,"0,83",40,9,"255999,98",-3,"231,29",0,"359,38"
2026 03 12 13:04:57:141,-3.9675,-6.78875,"0,83",40,9,"255999,98",-3,"231,29",0,375
2026 03 12 13:04:57:143,-3.9675,-6.70125,"0,83",40,9,"255999,98",-3,"231,29",0,"324,22"
2026 03 12 13:04:57:145,-3.9675,-6.78875,"0,83",40,9,"255999,98",-3,"231,29",0,"316,41"
2026 03 12 13:04:57:147,-3.9985,-6.87625,"0,83",40,9,"255999,98",-3,"231,29",0,"351,56"
2026 03 12 13:04:57:149,-3.9675,-6.78875,"0,83",40,9,"255999,98",-3,"231,29",0,"382,81"
2026 03 12 13:04:57:151,-3.9675,-6.78875,"0,83",40,9,"255999,98",-3,"231,29",0,"410,16"
2026 03 12 13:04:57:153,-3.9985,-6.78875,"0,83",40,9,"255999,98",-3,"231,29",0,"359,38"
2026 03 12 13:04:57:155,-3.9675,-6.78875,"0,83",40,9,"255999,98",-3,"231,29",0,"355,47"
2026 03 12 13:04:57:157,-3.9675,-6.78875,"0,83",40,9,"255999,98",-3,"231,29",0,"378,91"
2026 03 12 13:04:57:159,-3.9675,-6.78875,"0,83",40,9,"255999,98",-3,"231,29",0,"402,34"
2026 03 12 13:04:57:161,-3.9334,-6.70125,"0,83",40,9,"255999,98",-3,"231,29",0,"363,28"
2026 03 12 13:04:57:163,-3.9675,-6.70125,"0,83",40,9,"255999,98",-3,"231,29",0,"367,19"
2026 03 12 13:04:57:165,-3.9675,-6.78875,"0,83",40,9,"255999,98",-3,"231,29",0,"359,38"
2026 03 12 13:04:57:167,-3.9675,-6.78875,"0,83",40,9,"255999,98",-3,"231,29",0,"378,91"
2026 03 12 13:04:57:169,-3.9675,-6.78875,"0,83",40,9,"255999,98",-3,"231,29",0,"367,19"
2026 03 12 13:04:57:171,-3.9675,-6.78875,"0,83",40,9,"255999,98",-3,"231,29",0,"363,28"
2026 03 12 13:04:57:173,-3.9675,-6.78875,"0,83",40,9,"255999,98",-3,"231,29",0,"355,47"
2026 03 12 13:04:57:175,-3.9675,-6.78875,"0,83",40,9,"255999,98",-3,"231,29",0,375
2026 03 12 13:04:57:177,-3.9675,-6.78875,"0,83",40,9,"255999,98",-3,"231,29",0,"355,47"
2026 03 12 13:04:57:179,-3.9675,-6.78875,"0,83",40,9,"255999,98",-3,"231,29",0,"355,47"
2026 03 12 13:04:57:181,-3.9334,-6.78875,"0,83",40,9,"255999,98",-3,"231,29",0,"386,72"
2026 03 12 13:04:57:183,-3.9334,-6.78875,"0,83",40,9,"255999,98",-3,"231,29",0,"359,38"
2026 03 12 13:04:57:185,-3.9675,-6.78875,"0,83",40,9,"255999,98",-3,"231,29",0,"390,63"
2026 03 12 13:04:57:187,-3.9334,-6.78875,"0,83",40,9,"255999,98",-3,"231,29",0,"425,78"
2026 03 12 13:04:57:189,-3.9675,-6.78875,"0,83",40,9,"255999,98",-3,"231,29",0,"371,09"
2026 03 12 13:04:57:191,-3.9675,-6.70125,"0,83",40,9,"255999,98",-3,"231,29",0,"335,94"
2026 03 12 13:04:57:193,-3.9334,-6.78875,"0,83",40,9,"255999,98",-3,"231,29",0,"339,84"
2026 03 12 13:04:57:195,-3.9675,-6.78875,"0,83",40,9,"255999,98",-3,"231,29",0,"421,88"
2026 03 12 13:04:57:197,-3.9675,-6.78875,"0,83",40,9,"255999,98",-3,"231,29",0,"332,03"
2026 03 12 13:04:57:199,-3.9675,-6.78875,"0,83",40,9,"255999,98",-3,"231,29",0,"238,28"
2026 03 12 13:04:57:201,-3.9675,-6.70125,"0,83",40,9,"255999,98",-3,"231,29",0,"390,63"
2026 03 12 13:04:57:203,-3.9985,-6.70125,"0,83",40,9,"255999,98",-3,"231,29",0,"429,69"
2026 03 12 13:04:57:205,-3.9675,-6.78875,"0,83",40,9,"255999,98",-3,"231,29",0,"359,38"
2026 03 12 13:04:57:207,-3.9675,-6.78875,"0,83",40,9,"255999,98",-3,"231,29",0,"367,19"
2026 03 12 13:04:57:209,-3.9675,-6.70125,"0,83",40,9,"255999,98",-3,"231,29",0,"402,34"
2026 03 12 13:04:57:211,-3.9675,-6.78875,"0,83",40,9,"255999,98",-3,"231,29",0,"390,63"
2026 03 12 13:04:57:213,-3.9675,-6.78875,"0,83",40,9,"255999,98",-3,"231,29",0,"359,38"
2026 03 12 13:04:57:215,-3.9675,-6.78875,"0,83",40,9,"255999,98",-3,"231,29",0,"394,53"
2026 03 12 13:04:57:217,-3.9675,-6.78875,"0,83",40,9,"255999,98",-3,"231,29",0,"394,53"
2026 03 12 13:04:57:219,-3.9675,-6.78875,"0,83",40,9,"255999,98",-3,"231,29",0,"343,75"
2026 03 12 13:04:57:221,-3.9675,-6.78875,"0,83",40,9,"255999,98",-3,"231,29",0,"367,19"
2026 03 12 13:04:57:223,-3.9675,-6.70125,"0,83",40,9,"255999,98",-3,"231,29",0,"414,06"
2026 03 12 13:04:57:225,-3.9675,-6.78875,"0,83",40,9,"255999,98",-3,"231,29",0,"371,09"
2026 03 12 13:04:57:227,-3.9675,-6.70125,"0,83",40,9,"255999,98",-3,"231,29",0,"324,22"
2026 03 12 13:04:57:229,-3.9675,-6.70125,"0,83",40,9,"255999,98",-3,"231,29",0,375
2026 03 12 13:04:57:231,-3.9675,-6.78875,"0,83",40,9,"255999,98",-3,"231,29",0,"445,31"
2026 03 12 13:04:57:233,-3.9675,-6.78875,"0,83",40,9,"255999,98",-3,"231,29",0,"367,19"
2026 03 12 13:04:57:235,-3.9675,-6.78875,"0,83",40,9,"255999,98",-3,"231,29",0,"355,47"
2026 03 12 13:04:57:237,-3.9675,-6.70125,"0,83",40,9,"255999,98",-3,"231,29",0,"402,34"
2026 03 12 13:04:57:239,-3.9985,-6.70125,"0,83",40,9,"255999,98",-3,"231,29",0,"347,66"
2026 03 12 13:04:57:241,-3.9334,-6.78875,"0,83",40,9,"255999,98",-3,"231,29",0,"339,84"
2026 03 12 13:04:57:243,-3.9334,-6.78875,"0,83",40,9,"255999,98",-3,"231,29",0,"410,16"
2026 03 12 13:04:57:245,-3.9675,-6.70125,"0,83",40,9,"255999,98",-3,"231,29",0,"386,72"
2026 03 12 13:04:57:247,-3.9675,-6.78875,"0,83",40,9,"255999,98",-3,"231,29",0,"355,47"
2026 03 12 13:04:57:249,-3.9675,-6.78875,"0,83",40,9,"255999,98",-3,"231,29",0,"371,09"
2026 03 12 13:04:57:251,-3.9675,-6.78875,"0,83",40,9,"255999,98",-3,"231,29",0,"433,59"
2026 03 12 13:04:57:253,-3.9675,-6.78875,"0,83",40,9,"255999,98",-3,"231,29",0,"378,91"
2026 03 12 13:04:57:255,-3.9675,-6.78875,"0,83",40,9,"255999,98",-3,"231,29",0,"347,66"
2026 03 12 13:04:57:257,-3.9675,-6.70125,"0,83",40,9,"255999,98",-3,"231,29",0,375
2026 03 12 13:04:57:259,-3.9675,-6.78875,"0,83",40,9,"255999,98",-3,"231,29",0,"363,28"
2026 03 12 13:04:57:261,-3.9334,-6.70125,"0,83",40,9,"255999,98",-3,"231,29",0,"371,09"
2026 03 12 13:04:57:263,-3.9985,-6.78875,"0,83",40,9,"255999,98",-3,"231,29",0,"382,81"
2026 03 12 13:04:57:265,-3.9675,-6.78875,"0,83",40,9,"255999,98",-3,"231,29",0,"406,25"
2026 03 12 13:04:57:267,-3.9985,-6.70125,"0,83",40,9,"255999,98",-3,"231,29",0,"386,72"
2026 03 12 13:04:57:269,-3.9675,-6.78875,"0,83",40,9,"255999,98",-3,"231,29",0,"367,19"
2026 03 12 13:04:57:271,-3.9675,-6.70125,"0,83",40,9,"255999,98",-3,"231,29",0,"359,38"
2026 03 12 13:04:57:273,-3.9675,-6.70125,"0,83",40,9,"255999,98",-3,"231,29",0,"386,72"
2026 03 12 13:04:57:275,-3.9675,-6.70125,"0,83",40,9,"255999,98",-3,"231,29",0,"371,09"
2026 03 12 13:04:57:277,-3.9334,-6.78875,"0,83",40,9,"255999,98",-3,"231,29",0,"339,84"
2026 03 12 13:04:57:279,-3.9675,-6.78875,"0,83",40,9,"255999,98",-3,"231,29",0,"363,28"
2026 03 12 13:04:57:281,-3.9675,-6.78875,"0,83",40,9,"255999,98",-3,"231,29",0,"398,44"
2026 03 12 13:04:57:283,-3.9985,-6.78875,"0,83",40,9,"255999,98",-3,"231,29",0,"378,91"
2026 03 12 13:04:57:285,-3.9675,-6.70125,"0,83",40,9,"255999,98",-3,"231,29",0,"355,47"
2026 03 12 13:04:57:287,-3.9675,-6.78875,"0,83",40,9,"255999,98",-3,"231,29",0,"390,63"
2026 03 12 13:04:57:289,-3.9675,-6.78875,"0,83",40,9,"255999,98",-3,"231,29",0,"402,34"
2026 03 12 13:04:57:291,-3.9675,-6.70125,"0,83",40,9,"255999,98",-3,"231,29",0,"394,53"
2026 03 12 13:04:57:293,-3.9675,-6.78875,"0,83",40,9,"255999,98",-3,"231,29",0,"355,47"
2026 03 12 13:04:57:295,-3.9675,-6.78875,"0,83",40,9,"255999,98",-3,"231,29",0,"363,28"
2026 03 12 13:04:57:297,-3.9334,-6.78875,"0,83",40,9,"255999,98",-3,"231,29",0,"359,38"
2026 03 12 13:04:57:299,-3.9334,-6.78875,"0,83",40,9,"255999,98",-3,"231,29",0,"351,56"
2026 03 12 13:04:57:301,-3.9675,-6.78875,"0,83",40,9,"255999,98",-3,"231,29",0,"355,47"
2026 03 12 13:04:57:303,-3.9675,-6.78875,"0,83",40,9,"255999,98",-3,"231,29",0,375
2026 03 12 13:04:57:305,-3.9675,-6.78875,"0,83",40,9,"255999,98",-3,"231,29",0,"371,09"
2026 03 12 13:04:57:307,-3.9675,-6.78875,"0,83",40,9,"255999,98",-3,"231,29",0,"367,19"
2026 03 12 13:04:57:309,-3.9675,-6.70125,"0,83",40,9,"255999,98",-3,"231,29",0,"359,38"
2026 03 12 13:04:57:311,-3.9675,-6.70125,"0,83",40,9,"255999,98",-3,"231,29",0,"402,34"
2026 03 12 13:04:57:313,-3.9675,-6.78875,"0,83",40,9,"255999,98",-3,"231,29",0,375
2026 03 12 13:04:57:315,-3.9675,-6.70125,"0,83",40,9,"255999,98",-3,"231,29",0,"359,38"
2026 03 12 13:04:57:317,-3.9675,-6.78875,"0,83",40,9,"255999,98",-3,"231,29",0,"367,19"
2026 03 12 13:04:57:319,-3.9675,-6.70125,"0,83",40,9,"255999,98",-3,"231,29",0,"347,66"
2026 03 12 13:04:57:321,-3.9675,-6.70125,"0,83",40,9,"255999,98",-3,"231,29",0,"339,84"
2026 03 12 13:04:57:323,-3.9675,-6.78875,"0,83",40,9,"255999,98",-3,"231,29",0,"355,47"
2026 03 12 13:04:57:325,-3.9334,-6.70125,"0,83",40,9,"255999,98",-3,"231,29",0,"378,91"
2026 03 12 13:04:57:327,-3.9675,-6.78875,"0,83",40,9,"255999,98",-3,"231,29",0,"355,47"
2026 03 12 13:04:57:329,-3.9334,-6.78875,"0,83",40,9,"255999,98",-3,"231,29",0,"355,47"
2026 03 12 13:04:57:331,-3.9985,-6.78875,"0,83",40,9,"255999,98",-3,"231,29",0,"394,53"
2026 03 12 13:04:57:333,-3.9675,-6.78875,"0,83",40,9,"255999,98",-3,"231,29",0,"378,91"
2026 03 12 13:04:57:335,-3.9985,-6.78875,"0,83",40,9,"255999,98",-3,"231,29",0,"347,66"
2026 03 12 13:04:57:337,-3.9675,-6.78875,"0,83",40,9,"255999,98",-3,"231,29",0,"347,66"
2026 03 12 13:04:57:339,-3.9675,-6.78875,"0,83",40,9,"255999,98",-3,"231,29",0,"351,56"
2026 03 12 13:04:57:341,-3.9675,-6.78875,"0,83",40,9,"255999,98",-3,"231,29",0,"351,56"
2026 03 12 13:04:57:343,-3.9334,-6.78875,"0,83",40,9,"255999,98",-3,"231,29",0,"351,56"
2026 03 12 13:04:57:345,-3.9675,-6.70125,"0,83",40,9,"255999,98",-3,"231,29",0,"363,28"
2026 03 12 13:04:57:347,-3.9985,-6.78875,"0,83",40,9,"255999,98",-3,"231,29",0,"367,19"
2026 03 12 13:04:57:349,-3.9334,-6.78875,"0,83",40,9,"255999,98",-3,"231,29",0,"347,66"
2026 03 12 13:04:57:351,-3.9675,-6.70125,"0,83",40,9,"255999,98",-3,"231,29",0,"359,38"
2026 03 12 13:04:57:353,-3.9675,-6.78875,"0,83",40,9,"255999,98",-3,"231,29",0,"367,19"
2026 03 12 13:04:57:355,-3.9675,-6.78875,"0,83",40,9,"255999,98",-3,"231,29",0,"351,56"
2026 03 12 13:04:57:357,-3.9675,-6.70125,"0,83",40,9,"255999,98",-3,"231,29",0,"332,03"
2026 03 12 13:04:57:359,-3.9675,-6.78875,"0,83",40,9,"255999,98",-3,"231,29",0,"332,03"
2026 03 12 13:04:57:361,-3.9334,-6.70125,"0,83",40,9,"255999,98",-3,"231,29",0,"351,56"
2026 03 12 13:04:57:363,-3.9334,-6.70125,"0,83",40,9,"255999,98",-3,"231,29",0,"343,75"
2026 03 12 13:04:57:365,-3.9675,-6.78875,"0,83",40,9,"255999,98",-3,"231,29",0,"347,66"
2026 03 12 13:04:57:367,-3.9334,-6.70125,"0,83",40,9,"255999,98",-3,"231,29",0,"351,56"
2026 03 12 13:04:57:369,-3.9675,-6.70125,"0,83",40,9,"255999,98",-3,"231,29",0,"339,84"
2026 03 12 13:04:57:371,-3.9675,-6.78875,"0,83",40,9,"255999,98",-3,"231,29",0,"359,38"
2026 03 12 13:04:57:373,-3.9334,-6.78875,"0,83",40,9,"255999,98",-3,"231,29",0,"359,38"
2026 03 12 13:04:57:375,-3.9675,-6.87625,"0,83",40,9,"255999,98",-3,"231,29",0,"339,84"
2026 03 12 13:04:57:377,-3.9334,-6.70125,"0,83",40,9,"255999,98",-3,"231,29",0,"320,31"
2026 03 12 13:04:57:379,-3.9675,-6.78875,"0,83",40,9,"255999,98",-3,"231,29",0,"324,22"
2026 03 12 13:04:57:381,-3.9334,-6.87625,"0,83",40,9,"255999,98",-3,"231,29",0,"343,75"
2026 03 12 13:04:57:383,-3.9675,-6.78875,"0,83",40,9,"255999,98",-3,"231,29",0,"339,84"
2026 03 12 13:04:57:385,-3.9675,-6.78875,"0,83",40,9,"255999,98",-3,"231,29",0,"339,84"
2026 03 12 13:04:57:387,-3.9985,-6.78875,"0,83",40,9,"255999,98",-3,"231,29",0,"339,84"
2026 03 12 13:04:57:389,-3.9985,-6.78875,"0,83",40,9,"255999,98",-3,"231,29",0,"328,13"
2026 03 12 13:04:57:391,-3.9675,-6.78875,"0,83",40,9,"255999,98",-3,"231,29",0,"343,75"
2026 03 12 13:04:57:393,-3.9675,-6.78875,"0,83",40,9,"255999,98",-3,"231,29",0,"343,75"
2026 03 12 13:04:57:395,-3.9985,-6.78875,"0,83",40,9,"255999,98",-3,"231,29",0,"332,03"
2026 03 12 13:04:57:397,-3.9675,-6.78875,"0,83",40,9,"255999,98",-3,"231,29",0,"308,59"
2026 03 12 13:04:57:399,-3.9675,-6.78875,"0,83",40,9,"255999,98",-3,"231,29",0,"300,78"
2026 03 12 13:04:57:401,-3.9985,-6.70125,"0,83",40,9,"255999,98",-3,"231,29",0,"332,03"
2026 03 12 13:04:57:403,-3.9985,-6.78875,"0,83",40,9,"255999,98",-3,"231,29",0,"324,22"
2026 03 12 13:04:57:405,-3.9675,-6.78875,"0,83",40,9,"255999,98",-3,"231,29",0,"316,41"
2026 03 12 13:04:57:407,-3.9675,-6.70125,"0,83",40,9,"255999,98",-3,"231,29",0,"324,22"
2026 03 12 13:04:57:409,-3.9985,-6.70125,"0,83",40,9,"255999,98",-3,"231,29",0,"324,22"
2026 03 12 13:04:57:411,-3.9985,-6.78875,"0,8",41,13,"73,43","-0,61","241,5","3,29","328,13"
2026 03 12 13:04:57:413,-3.9675,-6.70125,"0,8",41,13,"73,43","-0,61","241,5","3,29","320,31"
2026 03 12 13:04:57:415,-3.9985,-6.78875,"0,8",41,13,"73,43","-0,61","241,5","3,29","308,59"
2026 03 12 13:04:57:417,-3.9675,-6.70125,"0,8",41,13,"73,43","-0,61","241,5","3,29","292,97"
2026 03 12 13:04:57:419,-3.9675,-6.70125,"0,8",41,13,"73,43","-0,61","241,5","3,29","285,16"
2026 03 12 13:04:57:421,-3.9675,-6.78875,"0,8",41,13,"73,43","-0,61","241,5","3,29","312,5"
2026 03 12 13:04:57:423,-3.9675,-6.78875,"0,8",41,13,"73,43","-0,61","241,5","3,29","320,31"
2026 03 12 13:04:57:425,-3.9675,-6.78875,"0,8",41,13,"73,43","-0,61","241,5","3,29","308,59"
2026 03 12 13:04:57:427,-3.9675,-6.78875,"0,8",41,13,"73,43","-0,61","241,5","3,29","308,59"
2026 03 12 13:04:57:429,-3.9675,-6.70125,"0,8",41,13,"73,43","-0,61","241,5","3,29","312,5"
2026 03 12 13:04:57:431,-3.9334,-6.87625,"0,8",41,13,"73,43","-0,61","241,5","3,29","324,22"
2026 03 12 13:04:57:433,-3.9985,-6.70125,"0,8",41,13,"73,43","-0,61","241,5","3,29","308,59"
2026 03 12 13:04:57:435,-3.9675,-6.78875,"0,8",41,13,"73,43","-0,61","241,5","3,29","300,78"
2026 03 12 13:04:57:437,-3.9675,-6.78875,"0,8",41,13,"73,43","-0,61","241,5","3,29","281,25"
2026 03 12 13:04:57:439,-3.9675,-6.78875,"0,8",41,13,"73,43","-0,61","241,5","3,29","285,16"
2026 03 12 13:04:57:441,-3.9675,-6.70125,"0,8",41,13,"73,43","-0,61","241,5","3,29","312,5"
2026 03 12 13:04:57:443,-3.9675,-6.87625,"0,8",41,13,"73,43","-0,61","241,5","3,29","308,59"
2026 03 12 13:04:57:445,-3.9675,-6.70125,"0,8",41,13,"73,43","-0,61","241,5","3,29","304,69"
2026 03 12 13:04:57:447,-3.9675,-6.78875,"0,8",41,13,"73,43","-0,61","241,5","3,29","300,78"
2026 03 12 13:04:57:449,-3.9675,-6.78875,"0,8",41,13,"73,43","-0,61","241,5","3,29","304,69"
2026 03 12 13:04:57:451,-3.9675,-6.70125,"0,8",41,13,"73,43","-0,61","241,5","3,29","320,31"
2026 03 12 13:04:57:453,-3.9675,-6.70125,"0,8",41,13,"73,43","-0,61","241,5","3,29","304,69"
2026 03 12 13:04:57:455,-3.9675,-6.78875,"0,8",41,13,"73,43","-0,61","241,5","3,29","296,88"
2026 03 12 13:04:57:457,-3.9675,-6.78875,"0,8",41,13,"73,43","-0,61","241,5","3,29","277,34"
2026 03 12 13:04:57:459,-3.9675,-6.78875,"0,8",41,13,"73,43","-0,61","241,5","3,29","265,63"
2026 03 12 13:04:57:461,-3.9675,-6.70125,"0,8",41,13,"73,43","-0,61","241,5","3,29","296,88"
2026 03 12 13:04:57:463,-3.9675,-6.70125,"0,8",41,13,"73,43","-0,61","241,5","3,29","292,97"
2026 03 12 13:04:57:465,-3.9985,-6.78875,"0,8",41,13,"73,43","-0,61","241,5","3,29","285,16"
2026 03 12 13:04:57:467,-3.9675,-6.70125,"0,8",41,13,"73,43","-0,61","241,5","3,29","285,16"
2026 03 12 13:04:57:469,-3.9985,-6.70125,"0,8",41,13,"73,43","-0,61","241,5","3,29","285,16"
2026 03 12 13:04:57:471,-3.9675,-6.78875,"0,8",41,13,"73,43","-0,61","241,5","3,29","292,97"
2026 03 12 13:04:57:473,-3.9675,-6.78875,"0,8",41,13,"73,43","-0,61","241,5","3,29","285,16"
2026 03 12 13:04:57:475,-3.9334,-6.78875,"0,8",41,13,"73,43","-0,61","241,5","3,29","273,44"
2026 03 12 13:04:57:477,-3.9675,-6.70125,"0,8",41,13,"73,43","-0,61","241,5","3,29","265,63"
2026 03 12 13:04:57:479,-3.9334,-6.78875,"0,8",41,13,"73,43","-0,61","241,5","3,29",250
2026 03 12 13:04:57:481,-3.9334,-6.78875,"0,8",41,13,"73,43","-0,61","241,5","3,29","273,44"
2026 03 12 13:04:57:483,-3.9675,-6.87625,"0,8",41,13,"73,43","-0,61","241,5","3,29","277,34"
2026 03 12 13:04:57:485,-3.9675,-6.78875,"0,8",41,13,"73,43","-0,61","241,5","3,29","269,53"
2026 03 12 13:04:57:487,-3.9675,-6.78875,"0,8",41,13,"73,43","-0,61","241,5","3,29","269,53"
2026 03 12 13:04:57:489,-3.9985,-6.78875,"0,8",41,13,"73,43","-0,61","241,5","3,29","273,44"
2026 03 12 13:04:57:491,-3.9985,-6.78875,"0,8",41,13,"73,43","-0,61","241,5","3,29","289,06"
2026 03 12 13:04:57:493,-3.9675,-6.78875,"0,8",41,13,"73,43","-0,61","241,5","3,29","277,34"
2026 03 12 13:04:57:495,-3.9985,-6.78875,"0,8",41,13,"73,43","-0,61","241,5","3,29","265,63"
2026 03 12 13:04:57:497,-3.9675,-6.78875,"0,8",41,13,"73,43","-0,61","241,5","3,29",250
2026 03 12 13:04:57:499,-3.9985,-6.78875,"0,8",41,13,"73,43","-0,61","241,5","3,29",250
2026 03 12 13:04:57:501,-3.9675,-6.78875,"0,8",41,13,"73,43","-0,61","241,5","3,29","265,63"
2026 03 12 13:04:57:503,-3.9675,-6.70125,"0,8",41,13,"73,43","-0,61","241,5","3,29","265,63"
2026 03 12 13:04:57:505,-3.9675,-6.70125,"0,8",41,13,"73,43","-0,61","241,5","3,29","265,63"
2026 03 12 13:04:57:507,-3.9675,-6.78875,"0,8",41,13,"73,43","-0,61","241,5","3,29","261,72"
2026 03 12 13:04:57:509,-3.9675,-6.70125,"0,8",41,13,"73,43","-0,61","241,5","3,29","265,63"
2026 03 12 13:04:57:511,-3.9675,-6.78875,"0,8",41,13,"73,43","-0,61","241,5","3,29","281,25"
2026 03 12 13:04:57:513,-3.9675,-6.70125,"0,8",41,13,"73,43","-0,61","241,5","3,29","265,63"
2026 03 12 13:04:57:515,-3.9675,-6.70125,"0,8",41,13,"73,43","-0,61","241,5","3,29","253,91"
2026 03 12 13:04:57:517,-3.9675,-6.70125,"0,8",41,13,"73,43","-0,61","241,5","3,29","242,19"
2026 03 12 13:04:57:519,-3.9675,-6.78875,"0,8",41,13,"73,43","-0,61","241,5","3,29","238,28"
2026 03 12 13:04:57:521,-3.9985,-6.70125,"0,8",41,13,"73,43","-0,61","241,5","3,29","257,81"
2026 03 12 13:04:57:523,-3.9675,-6.70125,"0,8",41,13,"73,43","-0,61","241,5","3,29","257,81"
2026 03 12 13:04:57:525,-3.9675,-6.78875,"0,8",41,13,"73,43","-0,61","241,5","3,29","253,91"
2026 03 12 13:04:57:527,-3.9675,-6.70125,"0,8",41,13,"73,43","-0,61","241,5","3,29",250
2026 03 12 13:04:57:529,-3.9675,-6.70125,"0,8",41,13,"73,43","-0,61","241,5","3,29",250
2026 03 12 13:04:57:531,-3.9334,-6.87625,"0,8",41,13,"73,43","-0,61","241,5","3,29","269,53"
2026 03 12 13:04:57:533,-3.9675,-6.78875,"0,8",41,13,"73,43","-0,61","241,5","3,29",250
2026 03 12 13:04:57:535,-3.9675,-6.78875,"0,8",41,13,"73,43","-0,61","241,5","3,29","242,19"
2026 03 12 13:04:57:537,-3.9675,-6.70125,"0,8",41,13,"73,43","-0,61","241,5","3,29","222,66"
2026 03 12 13:04:57:539,-3.9675,-6.78875,"0,8",41,13,"73,43","-0,61","241,5","3,29","230,47"
2026 03 12 13:04:57:541,-3.9675,-6.78875,"0,8",41,13,"73,43","-0,61","241,5","3,29","242,19"
2026 03 12 13:04:57:543,-3.9675,-6.70125,"0,8",41,13,"73,43","-0,61","241,5","3,29","238,28"
2026 03 12 13:04:57:545,-3.9334,-6.78875,"0,8",41,13,"73,43","-0,61","241,5","3,29","242,19"
2026 03 12 13:04:57:547,-3.9675,-6.78875,"0,8",41,13,"73,43","-0,61","241,5","3,29","238,28"
2026 03 12 13:04:57:549,-3.9675,-6.70125,"0,8",41,13,"73,43","-0,61","241,5","3,29","238,28"
2026 03 12 13:04:57:551,-3.9675,-6.78875,"0,8",41,13,"73,43","-0,61","241,5","3,29","253,91"
2026 03 12 13:04:57:553,-3.9675,-6.70125,"0,8",41,13,"73,43","-0,61","241,5","3,29","238,28"
2026 03 12 13:04:57:555,-3.9675,-6.78875,"0,8",41,13,"73,43","-0,61","241,5","3,29","226,56"
2026 03 12 13:04:57:557,-3.9334,-6.78875,"0,8",41,13,"73,43","-0,61","241,5","3,29","210,94"
2026 03 12 13:04:57:559,-3.9675,-6.70125,"0,8",41,13,"73,43","-0,61","241,5","3,29","210,94"
2026 03 12 13:04:57:561,-3.9675,-6.78875,"0,8",41,13,"73,43","-0,61","241,5","3,29","234,38"
2026 03 12 13:04:57:563,-3.9675,-6.70125,"0,8",41,13,"73,43","-0,61","241,5","3,29","230,47"
2026 03 12 13:04:57:565,-3.9675,-6.70125,"0,8",41,13,"73,43","-0,61","241,5","3,29","226,56"
2026 03 12 13:04:57:567,-3.9675,-6.70125,"0,8",41,13,"73,43","-0,61","241,5","3,29","230,47"
2026 03 12 13:04:57:569,-3.9675,-6.78875,"0,8",41,13,"73,43","-0,61","241,5","3,29","230,47"
2026 03 12 13:04:57:571,-3.9334,-6.78875,"0,8",41,13,"73,43","-0,61","241,5","3,29","246,09"
2026 03 12 13:04:57:573,-3.9675,-6.70125,"0,8",41,13,"73,43","-0,61","241,5","3,29","234,38"
2026 03 12 13:04:57:575,-3.9675,-6.87625,"0,8",41,13,"73,43","-0,61","241,5","3,29","218,75"
2026 03 12 13:04:57:577,-3.9675,-6.78875,"0,8",41,13,"73,43","-0,61","241,5","3,29","207,03"
2026 03 12 13:04:57:579,-3.9675,-6.70125,"0,8",41,13,"73,43","-0,61","241,5","3,29","203,13"
2026 03 12 13:04:57:581,-3.9985,-6.78875,"0,8",41,13,"73,43","-0,61","241,5","3,29","222,66"
2026 03 12 13:04:57:583,-3.9985,-6.70125,"0,8",41,13,"73,43","-0,61","241,5","3,29","218,75"
2026 03 12 13:04:57:585,-3.9675,-6.78875,"0,8",41,13,"73,43","-0,61","241,5","3,29","218,75"
2026 03 12 13:04:57:587,-3.9675,-6.70125,"0,8",41,13,"73,43","-0,61","241,5","3,29","222,66"
2026 03 12 13:04:57:589,-3.9675,-6.78875,"0,8",41,13,"73,43","-0,61","241,5","3,29","222,66"
2026 03 12 13:04:57:591,-3.9675,-6.70125,"0,8",41,13,"73,43","-0,61","241,5","3,29","238,28"
2026 03 12 13:04:57:593,-3.9675,-6.78875,"0,8",41,13,"73,43","-0,61","241,5","3,29","222,66"
2026 03 12 13:04:57:595,-3.9334,-6.70125,"0,8",41,13,"73,43","-0,61","241,5","3,29","210,94"
2026 03 12 13:04:57:597,-3.9675,-6.70125,"0,8",41,13,"73,43","-0,61","241,5","3,29","195,31"
2026 03 12 13:04:57:599,-3.9675,-6.78875,"0,8",41,13,"73,43","-0,61","241,5","3,29","199,22"
2026 03 12 13:04:57:601,-3.9675,-6.70125,"0,8",41,13,"73,43","-0,61","241,5","3,29","214,84"
2026 03 12 13:04:57:603,-3.9675,-6.78875,"0,8",41,13,"73,43","-0,61","241,5","3,29","210,94"
2026 03 12 13:04:57:605,-3.9675,-6.78875,"0,8",41,13,"73,43","-0,61","241,5","3,29","210,94"
2026 03 12 13:04:57:607,-3.9675,-6.70125,"0,8",41,13,"73,43","-0,61","241,5","3,29","210,94"
2026 03 12 13:04:57:609,-3.9675,-6.78875,"0,8",41,13,"73,43","-0,61","241,5","3,29","210,94"
2026 03 12 13:04:57:611,-3.9985,-6.78875,"0,8",41,13,"73,43","-0,61","241,5","3,29","222,66"
2026 03 12 13:04:57:613,-3.9675,-6.78875,"0,8",41,13,"73,43","-0,61","241,5","3,29","214,84"
2026 03 12 13:04:57:615,-3.9675,-6.78875,"0,8",41,13,"73,43","-0,61","241,5","3,29","203,13"
2026 03 12 13:04:57:617,-3.9675,-6.78875,"0,8",41,13,"73,43","-0,61","241,5","3,29","187,5"
2026 03 12 13:04:57:619,-3.9985,-6.70125,"0,8",41,13,"73,43","-0,61","241,5","3,29","183,59"
2026 03 12 13:04:57:621,-3.9985,-6.78875,"0,8",41,13,"73,43","-0,61","241,5","3,29","199,22"
2026 03 12 13:04:57:623,-3.9675,-6.78875,"0,8",41,13,"73,43","-0,61","241,5","3,29","195,31"
2026 03 12 13:04:57:625,-3.9675,-6.87625,"0,8",41,13,"73,43","-0,61","241,5","3,29","195,31"
2026 03 12 13:04:57:627,-3.9675,-6.78875,"0,8",41,13,"73,43","-0,61","241,5","3,29","203,13"
2026 03 12 13:04:57:629,-3.9675,-6.78875,"0,8",41,13,"73,43","-0,61","241,5","3,29","199,22"
2026 03 12 13:04:57:631,-3.9675,-6.78875,"0,8",41,13,"73,43","-0,61","241,5","3,29","210,94"
2026 03 12 13:04:57:633,-3.9675,-6.78875,"0,8",41,13,"73,43","-0,61","241,5","3,29","199,22"
2026 03 12 13:04:57:635,-3.9675,-6.78875,"0,8",41,13,"73,43","-0,61","241,5","3,29","191,41"
2026 03 12 13:04:57:637,-3.9675,-6.78875,"0,8",41,13,"73,43","-0,61","241,5","3,29","171,88"
2026 03 12 13:04:57:639,-3.9334,-6.70125,"0,8",41,13,"73,43","-0,61","241,5","3,29","167,97"
2026 03 12 13:04:57:641,-3.9675,-6.78875,"0,8",41,13,"73,43","-0,61","241,5","3,29","195,31"
2026 03 12 13:04:57:643,-3.9985,-6.78875,"0,8",41,13,"73,43","-0,61","241,5","3,29","191,41"
2026 03 12 13:04:57:645,-3.9985,-6.78875,"0,8",41,13,"73,43","-0,61","241,5","3,29","187,5"
2026 03 12 13:04:57:647,-3.9675,-6.70125,"0,8",41,13,"73,43","-0,61","241,5","3,29","187,5"
2026 03 12 13:04:57:649,-3.9675,-6.78875,"0,8",41,13,"73,43","-0,61","241,5","3,29","187,5"
2026 03 12 13:04:57:651,-3.9675,-6.78875,"0,8",41,13,"73,43","-0,61","241,5","3,29","203,13"
2026 03 12 13:04:57:653,-3.9334,-6.70125,"0,8",41,13,"73,43","-0,61","241,5","3,29","195,31"
2026 03 12 13:04:57:655,-3.9334,-6.78875,"0,8",41,13,"73,43","-0,61","241,5","3,29","179,69"
2026 03 12 13:04:57:657,-3.9334,-6.78875,"0,8",41,13,"73,43","-0,61","241,5","3,29","167,97"
2026 03 12 13:04:57:659,-3.9675,-6.70125,"0,8",41,13,"73,43","-0,61","241,5","3,29","164,06"
2026 03 12 13:04:57:661,-3.9675,-6.70125,"0,8",41,13,"73,43","-0,61","241,5","3,29","183,59"
2026 03 12 13:04:57:663,-3.9985,-6.78875,"0,8",41,13,"73,43","-0,61","241,5","3,29","183,59"
2026 03 12 13:04:57:665,-3.9675,-6.70125,"0,8",41,13,"73,43","-0,61","241,5","3,29","183,59"
2026 03 12 13:04:57:667,-3.9675,-6.78875,"0,8",41,13,"73,43","-0,61","241,5","3,29","183,59"
2026 03 12 13:04:57:669,-3.9675,-6.78875,"0,8",41,13,"73,43","-0,61","241,5","3,29","183,59"
2026 03 12 13:04:57:671,-3.9675,-6.87625,"0,8",41,13,"73,43","-0,61","241,5","3,29","195,31"
2026 03 12 13:04:57:673,-3.9675,-6.78875,"0,8",41,13,"73,43","-0,61","241,5","3,29","191,41"
2026 03 12 13:04:57:675,-3.9675,-6.78875,"0,8",41,13,"73,43","-0,61","241,5","3,29","171,88"
2026 03 12 13:04:57:677,-3.9985,-6.78875,"0,8",41,13,"73,43","-0,61","241,5","3,29","160,16"
2026 03 12 13:04:57:679,-3.9675,-6.70125,"0,8",41,13,"73,43","-0,61","241,5","3,29","160,16"
2026 03 12 13:04:57:681,-3.9675,-6.78875,"0,8",41,13,"73,43","-0,61","241,5","3,29","171,88"
2026 03 12 13:04:57:683,-3.9675,-6.78875,"0,8",41,13,"73,43","-0,61","241,5","3,29","175,78"
2026 03 12 13:04:57:685,-3.9675,-6.78875,"0,8",41,13,"73,43","-0,61","241,5","3,29","171,88"
2026 03 12 13:04:57:687,-3.9675,-6.70125,"0,8",41,13,"73,43","-0,61","241,5","3,29","171,88"
2026 03 12 13:04:57:689,-3.9675,-6.70125,"0,8",41,13,"73,43","-0,61","241,5","3,29","171,88"
2026 03 12 13:04:57:691,-3.9334,-6.70125,"0,8",41,13,"73,43","-0,61","241,5","3,29","191,41"
2026 03 12 13:04:57:693,-3.9675,-6.78875,"0,8",41,13,"73,43","-0,61","241,5","3,29","175,78"
2026 03 12 13:04:57:695,-3.9675,-6.78875,"0,8",41,13,"73,43","-0,61","241,5","3,29","160,16"
2026 03 12 13:04:57:697,-3.9985,-6.70125,"0,8",41,13,"73,43","-0,61","241,5","3,29","148,44"
2026 03 12 13:04:57:699,-3.9985,-6.78875,"0,8",41,13,"73,43","-0,61","241,5","3,29","144,53"
2026 03 12 13:04:57:701,-3.9675,-6.70125,"0,8",41,13,"73,43","-0,61","241,5","3,29","160,16"
2026 03 12 13:04:57:703,-3.9675,-6.78875,"0,8",41,13,"73,43","-0,61","241,5","3,29","164,06"
2026 03 12 13:04:57:705,-3.9675,-6.70125,"0,8",41,13,"73,43","-0,61","241,5","3,29","160,16"
2026 03 12 13:04:57:707,-3.9675,-6.70125,"0,8",41,13,"73,43","-0,61","241,5","3,29","160,16"
2026 03 12 13:04:57:709,-3.9675,-6.78875,"0,8",41,13,"73,43","-0,61","241,5","3,29","160,16"
2026 03 12 13:04:57:711,-3.9675,-6.70125,"0,71",40,18,"47,53","0,41","212,75","4,48","175,78"
2026 03 12 13:04:57:713,-3.9334,-6.78875,"0,71",40,18,"47,53","0,41","212,75","4,48","164,06"
2026 03 12 13:04:57:715,-3.9675,-6.78875,"0,71",40,18,"47,53","0,41","212,75","4,48","148,44"
2026 03 12 13:04:57:717,-3.9675,-6.78875,"0,71",40,18,"47,53","0,41","212,75","4,48","136,72"
2026 03 12 13:04:57:719,-3.9675,-6.78875,"0,71",40,18,"47,53","0,41","212,75","4,48","136,72"
2026 03 12 13:04:57:721,-3.9675,-6.70125,"0,71",40,18,"47,53","0,41","212,75","4,48","156,25"
2026 03 12 13:04:57:723,-3.9675,-6.78875,"0,71",40,18,"47,53","0,41","212,75","4,48","156,25"
2026 03 12 13:04:57:725,-3.9675,-6.78875,"0,71",40,18,"47,53","0,41","212,75","4,48","156,25"
2026 03 12 13:04:57:727,-3.9675,-6.78875,"0,71",40,18,"47,53","0,41","212,75","4,48","156,25"
2026 03 12 13:04:57:729,-3.9675,-6.78875,"0,71",40,18,"47,53","0,41","212,75","4,48","160,16"
2026 03 12 13:04:57:731,-3.9334,-6.78875,"0,71",40,18,"47,53","0,41","212,75","4,48","167,97"
2026 03 12 13:04:57:733,-3.9675,-6.70125,"0,71",40,18,"47,53","0,41","212,75","4,48","156,25"
2026 03 12 13:04:57:735,-3.9675,-6.70125,"0,71",40,18,"47,53","0,41","212,75","4,48","144,53"
2026 03 12 13:04:57:737,-3.9675,-6.78875,"0,71",40,18,"47,53","0,41","212,75","4,48","132,81"
2026 03 12 13:04:57:739,-3.9675,-6.70125,"0,71",40,18,"47,53","0,41","212,75","4,48","132,81"
2026 03 12 13:04:57:741,-3.9675,-6.78875,"0,71",40,18,"47,53","0,41","212,75","4,48","152,34"
2026 03 12 13:04:57:743,-3.9985,-6.78875,"0,71",40,18,"47,53","0,41","212,75","4,48","148,44"
2026 03 12 13:04:57:745,-3.9675,-6.70125,"0,71",40,18,"47,53","0,41","212,75","4,48","148,44"
2026 03 12 13:04:57:747,-3.9675,-6.78875,"0,71",40,18,"47,53","0,41","212,75","4,48","148,44"
2026 03 12 13:04:57:749,-3.9985,-6.78875,"0,71",40,18,"47,53","0,41","212,75","4,48","152,34"
2026 03 12 13:04:57:751,-3.9675,-6.78875,"0,71",40,18,"47,53","0,41","212,75","4,48","160,16"
2026 03 12 13:04:57:753,-3.9985,-6.78875,"0,71",40,18,"47,53","0,41","212,75","4,48","148,44"
2026 03 12 13:04:57:755,-3.9334,-6.78875,"0,71",40,18,"47,53","0,41","212,75","4,48","136,72"
2026 03 12 13:04:57:757,-3.9985,-6.78875,"0,71",40,18,"47,53","0,41","212,75","4,48","121,09"
2026 03 12 13:04:57:759,-3.9675,-6.78875,"0,71",40,18,"47,53","0,41","212,75","4,48","121,09"
2026 03 12 13:04:57:761,-3.9675,-6.70125,"0,71",40,18,"47,53","0,41","212,75","4,48","140,63"
2026 03 12 13:04:57:763,-3.9675,-6.78875,"0,71",40,18,"47,53","0,41","212,75","4,48","136,72"
2026 03 12 13:04:57:765,-3.9675,-6.78875,"0,71",40,18,"47,53","0,41","212,75","4,48","136,72"
2026 03 12 13:04:57:767,-3.9334,-6.70125,"0,71",40,18,"47,53","0,41","212,75","4,48","136,72"
2026 03 12 13:04:57:769,-3.9675,-6.78875,"0,71",40,18,"47,53","0,41","212,75","4,48","140,63"
2026 03 12 13:04:57:771,-3.9675,-6.78875,"0,71",40,18,"47,53","0,41","212,75","4,48","152,34"
2026 03 12 13:04:57:773,-3.9675,-6.70125,"0,71",40,18,"47,53","0,41","212,75","4,48","136,72"
2026 03 12 13:04:57:775,-3.9985,-6.87625,"0,71",40,18,"47,53","0,41","212,75","4,48","132,81"
2026 03 12 13:04:57:777,-3.9675,-6.70125,"0,71",40,18,"47,53","0,41","212,75","4,48","121,09"
2026 03 12 13:04:57:779,-3.9675,-6.78875,"0,71",40,18,"47,53","0,41","212,75","4,48","113,28"
2026 03 12 13:04:57:781,-3.9675,-6.78875,"0,71",40,18,"47,53","0,41","212,75","4,48","132,81"
2026 03 12 13:04:57:783,-3.9985,-6.78875,"0,71",40,18,"47,53","0,41","212,75","4,48","132,81"
2026 03 12 13:04:57:785,-3.9675,-6.78875,"0,71",40,18,"47,53","0,41","212,75","4,48","132,81"
2026 03 12 13:04:57:787,-3.9675,-6.78875,"0,71",40,18,"47,53","0,41","212,75","4,48","132,81"
2026 03 12 13:04:57:789,-3.9675,-6.78875,"0,71",40,18,"47,53","0,41","212,75","4,48","132,81"
2026 03 12 13:04:57:791,-3.9675,-6.70125,"0,71",40,18,"47,53","0,41","212,75","4,48","148,44"
2026 03 12 13:04:57:793,-3.9675,-6.70125,"0,71",40,18,"47,53","0,41","212,75","4,48","136,72"
2026 03 12 13:04:57:795,-3.9675,-6.70125,"0,71",40,18,"47,53","0,41","212,75","4,48",125
2026 03 12 13:04:57:797,-3.9675,-6.70125,"0,71",40,18,"47,53","0,41","212,75","4,48","113,28"
2026 03 12 13:04:57:799,-3.9675,-6.78875,"0,71",40,18,"47,53","0,41","212,75","4,48","105,47"
2026 03 12 13:04:57:801,-3.9675,-6.61375,"0,71",40,18,"47,53","0,41","212,75","4,48",125
2026 03 12 13:04:57:803,-3.9675,-6.70125,"0,71",40,18,"47,53","0,41","212,75","4,48",125
2026 03 12 13:04:57:805,-3.9985,-6.78875,"0,71",40,18,"47,53","0,41","212,75","4,48",125
2026 03 12 13:04:57:807,-3.9675,-6.70125,"0,71",40,18,"47,53","0,41","212,75","4,48","128,91"
2026 03 12 13:04:57:809,-3.9675,-6.87625,"0,71",40,18,"47,53","0,41","212,75","4,48",125
2026 03 12 13:04:57:811,-3.9985,-6.70125,"0,71",40,18,"47,53","0,41","212,75","4,48","144,53"
2026 03 12 13:04:57:813,-3.9675,-6.70125,"0,71",40,18,"47,53","0,41","212,75","4,48","128,91"
2026 03 12 13:04:57:815,-3.9675,-6.70125,"0,71",40,18,"47,53","0,41","212,75","4,48","117,19"
2026 03 12 13:04:57:817,-3.9675,-6.78875,"0,71",40,18,"47,53","0,41","212,75","4,48","105,47"
2026 03 12 13:04:57:819,-3.9675,-6.78875,"0,71",40,18,"47,53","0,41","212,75","4,48","101,56"
2026 03 12 13:04:57:821,-3.9675,-6.78875,"0,71",40,18,"47,53","0,41","212,75","4,48","121,09"
2026 03 12 13:04:57:823,-3.9675,-6.78875,"0,71",40,18,"47,53","0,41","212,75","4,48","121,09"
2026 03 12 13:04:57:825,-3.9675,-6.70125,"0,71",40,18,"47,53","0,41","212,75","4,48","121,09"
2026 03 12 13:04:57:827,-3.9334,-6.78875,"0,71",40,18,"47,53","0,41","212,75","4,48","117,19"
2026 03 12 13:04:57:829,-3.9675,-6.78875,"0,71",40,18,"47,53","0,41","212,75","4,48","121,09"
2026 03 12 13:04:57:831,-3.9675,-6.87625,"0,71",40,18,"47,53","0,41","212,75","4,48","132,81"
2026 03 12 13:04:57:833,-3.9675,-6.78875,"0,71",40,18,"47,53","0,41","212,75","4,48","117,19"
2026 03 12 13:04:57:835,-3.9675,-6.87625,"0,71",40,18,"47,53","0,41","212,75","4,48","109,38"
2026 03 12 13:04:57:837,-3.9675,-6.78875,"0,71",40,18,"47,53","0,41","212,75","4,48","93,75"
2026 03 12 13:04:57:839,-3.9675,-6.78875,"0,71",40,18,"47,53","0,41","212,75","4,48","97,66"
2026 03 12 13:04:57:841,-3.9675,-6.78875,"0,71",40,18,"47,53","0,41","212,75","4,48","109,38"
2026 03 12 13:04:57:843,-3.9334,-6.70125,"0,71",40,18,"47,53","0,41","212,75","4,48","109,38"
2026 03 12 13:04:57:845,-3.9675,-6.78875,"0,71",40,18,"47,53","0,41","212,75","4,48","109,38"
2026 03 12 13:04:57:847,-3.9675,-6.78875,"0,71",40,18,"47,53","0,41","212,75","4,48","109,38"
2026 03 12 13:04:57:849,-3.9675,-6.78875,"0,71",40,18,"47,53","0,41","212,75","4,48","109,38"
2026 03 12 13:04:57:851,-3.9675,-6.78875,"0,71",40,18,"47,53","0,41","212,75","4,48",125
2026 03 12 13:04:57:853,-3.9675,-6.70125,"0,71",40,18,"47,53","0,41","212,75","4,48","109,38"
2026 03 12 13:04:57:855,-3.9675,-6.70125,"0,71",40,18,"47,53","0,41","212,75","4,48","101,56"
2026 03 12 13:04:57:857,-3.9675,-6.78875,"0,71",40,18,"47,53","0,41","212,75","4,48","85,94"
2026 03 12 13:04:57:859,-3.9334,-6.78875,"0,71",40,18,"47,53","0,41","212,75","4,48","82,03"
2026 03 12 13:04:57:861,-3.9675,-6.78875,"0,71",40,18,"47,53","0,41","212,75","4,48","105,47"
2026 03 12 13:04:57:863,-3.9985,-6.70125,"0,71",40,18,"47,53","0,41","212,75","4,48","105,47"
2026 03 12 13:04:57:865,-3.9675,-6.78875,"0,71",40,18,"47,53","0,41","212,75","4,48","105,47"
2026 03 12 13:04:57:867,-3.9675,-6.78875,"0,71",40,18,"47,53","0,41","212,75","4,48","101,56"
2026 03 12 13:04:57:869,-3.9675,-6.78875,"0,71",40,18,"47,53","0,41","212,75","4,48","101,56"
2026 03 12 13:04:57:871,-3.9675,-6.61375,"0,71",40,18,"47,53","0,41","212,75","4,48","121,09"
2026 03 12 13:04:57:873,-3.9675,-6.78875,"0,71",40,18,"47,53","0,41","212,75","4,48","105,47"
2026 03 12 13:04:57:875,-3.9675,-6.78875,"0,71",40,18,"47,53","0,41","212,75","4,48","93,75"
2026 03 12 13:04:57:877,-3.9675,-6.87625,"0,71",40,18,"47,53","0,41","212,75","4,48","78,13"
2026 03 12 13:04:57:879,-3.9675,-6.78875,"0,71",40,18,"47,53","0,41","212,75","4,48","78,13"
2026 03 12 13:04:57:881,-3.9675,-6.78875,"0,71",40,18,"47,53","0,41","212,75","4,48","97,66"
2026 03 12 13:04:57:883,-3.9334,-6.78875,"0,71",40,18,"47,53","0,41","212,75","4,48","97,66"
2026 03 12 13:04:57:885,-3.9675,-6.78875,"0,71",40,18,"47,53","0,41","212,75","4,48","97,66"
2026 03 12 13:04:57:887,-3.9675,-6.78875,"0,71",40,18,"47,53","0,41","212,75","4,48","97,66"
2026 03 12 13:04:57:889,-3.9675,-6.78875,"0,71",40,18,"47,53","0,41","212,75","4,48","101,56"
2026 03 12 13:04:57:891,-3.9675,-6.87625,"0,71",40,18,"47,53","0,41","212,75","4,48","113,28"
2026 03 12 13:04:57:893,-3.9675,-6.78875,"0,71",40,18,"47,53","0,41","212,75","4,48","97,66"
2026 03 12 13:04:57:895,-3.9675,-6.78875,"0,71",40,18,"47,53","0,41","212,75","4,48","89,84"
2026 03 12 13:04:57:897,-3.9675,-6.70125,"0,71",40,18,"47,53","0,41","212,75","4,48","74,22"
2026 03 12 13:04:57:899,-3.9675,-6.78875,"0,71",40,18,"47,53","0,41","212,75","4,48","70,31"
2026 03 12 13:04:57:901,-3.9675,-6.70125,"0,71",40,18,"47,53","0,41","212,75","4,48","93,75"
2026 03 12 13:04:57:903,-3.9675,-6.70125,"0,71",40,18,"47,53","0,41","212,75","4,48","93,75"
2026 03 12 13:04:57:905,-3.9675,-6.78875,"0,71",40,18,"47,53","0,41","212,75","4,48","89,84"
2026 03 12 13:04:57:907,-3.9675,-6.70125,"0,71",40,18,"47,53","0,41","212,75","4,48","89,84"
2026 03 12 13:04:57:909,-3.9675,-6.78875,"0,71",40,18,"47,53","0,41","212,75","4,48","93,75"
2026 03 12 13:04:57:911,-3.9675,-6.78875,"0,71",40,18,"47,53","0,41","212,75","4,48","105,47"
2026 03 12 13:04:57:913,-3.9675,-6.70125,"0,71",40,18,"47,53","0,41","212,75","4,48","93,75"
2026 03 12 13:04:57:915,-3.9985,-6.70125,"0,71",40,18,"47,53","0,41","212,75","4,48","85,94"
2026 03 12 13:04:57:917,-3.9985,-6.78875,"0,71",40,18,"47,53","0,41","212,75","4,48","66,41"
2026 03 12 13:04:57:919,-3.9675,-6.87625,"0,71",40,18,"47,53","0,41","212,75","4,48","66,41"
2026 03 12 13:04:57:921,-3.9675,-6.70125,"0,71",40,18,"47,53","0,41","212,75","4,48","85,94"
2026 03 12 13:04:57:923,-3.9675,-6.78875,"0,71",40,18,"47,53","0,41","212,75","4,48","85,94"
2026 03 12 13:04:57:925,-3.9675,-6.78875,"0,71",40,18,"47,53","0,41","212,75","4,48","85,94"
2026 03 12 13:04:57:927,-3.9675,-6.78875,"0,71",40,18,"47,53","0,41","212,75","4,48","85,94"
2026 03 12 13:04:57:929,-3.9675,-6.78875,"0,71",40,18,"47,53","0,41","212,75","4,48","85,94"
2026 03 12 13:04:57:931,-3.9675,-6.78875,"0,71",40,18,"47,53","0,41","212,75","4,48","101,56"
2026 03 12 13:04:57:933,-3.9675,-6.78875,"0,71",40,18,"47,53","0,41","212,75","4,48","85,94"
2026 03 12 13:04:57:935,-3.9675,-6.78875,"0,71",40,18,"47,53","0,41","212,75","4,48","78,13"
2026 03 12 13:04:57:937,-3.9985,-6.78875,"0,71",40,18,"47,53","0,41","212,75","4,48","62,5"
2026 03 12 13:04:57:939,-3.9675,-6.78875,"0,71",40,18,"47,53","0,41","212,75","4,48","66,41"
2026 03 12 13:04:57:941,-3.9675,-6.78875,"0,71",40,18,"47,53","0,41","212,75","4,48","82,03"
2026 03 12 13:04:57:943,-3.9675,-6.70125,"0,71",40,18,"47,53","0,41","212,75","4,48","78,13"
2026 03 12 13:04:57:945,-3.9675,-6.70125,"0,71",40,18,"47,53","0,41","212,75","4,48","78,13"
2026 03 12 13:04:57:947,-3.9675,-6.70125,"0,71",40,18,"47,53","0,41","212,75","4,48","78,13"
2026 03 12 13:04:57:949,-3.9985,-6.70125,"0,71",40,18,"47,53","0,41","212,75","4,48","82,03"
2026 03 12 13:04:57:951,-3.9675,-6.78875,"0,71",40,18,"47,53","0,41","212,75","4,48","97,66"
2026 03 12 13:04:57:953,-3.9334,-6.78875,"0,71",40,18,"47,53","0,41","212,75","4,48","82,03"
2026 03 12 13:04:57:955,-3.9675,-6.70125,"0,71",40,18,"47,53","0,41","212,75","4,48","74,22"
2026 03 12 13:04:57:957,-3.9675,-6.78875,"0,71",40,18,"47,53","0,41","212,75","4,48","54,69"
2026 03 12 13:04:57:959,-3.9675,-6.70125,"0,71",40,18,"47,53","0,41","212,75","4,48","54,69"
2026 03 12 13:04:57:961,-3.9334,-6.78875,"0,71",40,18,"47,53","0,41","212,75","4,48","74,22"
2026 03 12 13:04:57:963,-3.9675,-6.78875,"0,71",40,18,"47,53","0,41","212,75","4,48","74,22"
2026 03 12 13:04:57:965,-3.9675,-6.78875,"0,71",40,18,"47,53","0,41","212,75","4,48","74,22"
2026 03 12 13:04:57:967,-3.9675,-6.70125,"0,71",40,18,"47,53","0,41","212,75","4,48","74,22"
2026 03 12 13:04:57:969,-3.9675,-6.70125,"0,71",40,18,"47,53","0,41","212,75","4,48","78,13"
2026 03 12 13:04:57:971,-3.9985,-6.78875,"0,71",40,18,"47,53","0,41","212,75","4,48","93,75"
2026 03 12 13:04:57:973,-3.9675,-6.70125,"0,71",40,18,"47,53","0,41","212,75","4,48","78,13"
2026 03 12 13:04:57:975,-3.9675,-6.78875,"0,71",40,18,"47,53","0,41","212,75","4,48","66,41"
2026 03 12 13:04:57:977,-3.9675,-6.70125,"0,71",40,18,"47,53","0,41","212,75","4,48","50,78"
2026 03 12 13:04:57:979,-3.9675,-6.78875,"0,71",40,18,"47,53","0,41","212,75","4,48","46,88"
2026 03 12 13:04:57:981,-3.9675,-6.78875,"0,71",40,18,"47,53","0,41","212,75","4,48","66,41"
2026 03 12 13:04:57:983,-3.9675,-6.70125,"0,71",40,18,"47,53","0,41","212,75","4,48","70,31"
2026 03 12 13:04:57:985,-3.9675,-6.78875,"0,71",40,18,"47,53","0,41","212,75","4,48","70,31"
2026 03 12 13:04:57:987,-3.9675,-6.78875,"0,71",40,18,"47,53","0,41","212,75","4,48","66,41"
2026 03 12 13:04:57:989,-3.9675,-6.78875,"0,71",40,18,"47,53","0,41","212,75","4,48","70,31"
2026 03 12 13:04:57:991,-3.9675,-6.70125,"0,71",40,18,"47,53","0,41","212,75","4,48","82,03"
2026 03 12 13:04:57:993,-3.9675,-6.78875,"0,71",40,18,"47,53","0,41","212,75","4,48","70,31"
2026 03 12 13:04:57:995,-3.9985,-6.70125,"0,71",40,18,"47,53","0,41","212,75","4,48","58,59"
2026 03 12 13:04:57:997,-3.9985,-6.70125,"0,71",40,18,"47,53","0,41","212,75","4,48","42,97"
2026 03 12 13:04:57:999,-3.9675,-6.78875,"0,71",40,18,"47,53","0,41","212,75","4,48","46,88"
2026 03 12 13:04:58:001,-3.9675,-6.70125,"0,71",40,18,"47,53","0,41","212,75","4,48","62,5"
2026 03 12 13:04:58:003,-3.9675,-6.70125,"0,71",40,18,"47,53","0,41","212,75","4,48","66,41"
2026 03 12 13:04:58:005,-3.9675,-6.78875,"0,71",40,18,"47,53","0,41","212,75","4,48","66,41"
2026 03 12 13:04:58:007,-3.9675,-6.78875,"0,71",40,18,"47,53","0,41","212,75","4,48","62,5"
2026 03 12 13:04:58:009,-3.9334,-6.70125,"0,71",40,18,"47,53","0,41","212,75","4,48","62,5"
2026 03 12 13:04:58:011,-3.9675,-6.70125,"0,71",40,18,"47,53","0,41","212,75","4,48","78,13"
2026 03 12 13:04:58:013,-3.9985,-6.78875,"0,59",15,19,"81,85","-1,11","213,62","2,61","66,41"
2026 03 12 13:04:58:015,-3.9675,-6.70125,"0,59",15,19,"81,85","-1,11","213,62","2,61","54,69"
2026 03 12 13:04:58:017,-3.9675,-6.87625,"0,59",15,19,"81,85","-1,11","213,62","2,61","39,06"
2026 03 12 13:04:58:019,-3.9675,-6.70125,"0,59",15,19,"81,85","-1,11","213,62","2,61","42,97"
2026 03 12 13:04:58:021,-3.9675,-6.70125,"0,59",15,19,"81,85","-1,11","213,62","2,61","58,59"
2026 03 12 13:04:58:023,-3.9675,-6.70125,"0,59",15,19,"81,85","-1,11","213,62","2,61","58,59"
2026 03 12 13:04:58:025,-3.9675,-6.70125,"0,59",15,19,"81,85","-1,11","213,62","2,61","58,59"
2026 03 12 13:04:58:027,-3.9675,-6.78875,"0,59",15,19,"81,85","-1,11","213,62","2,61","62,5"
2026 03 12 13:04:58:029,-3.9675,-6.78875,"0,59",15,19,"81,85","-1,11","213,62","2,61","62,5"
2026 03 12 13:04:58:031,-3.9675,-6.78875,"0,59",15,19,"81,85","-1,11","213,62","2,61","70,31"
2026 03 12 13:04:58:033,-3.9675,-6.78875,"0,59",15,19,"81,85","-1,11","213,62","2,61","58,59"
2026 03 12 13:04:58:035,-3.9675,-6.78875,"0,59",15,19,"81,85","-1,11","213,62","2,61","46,88"
2026 03 12 13:04:58:037,-3.9334,-6.78875,"0,59",15,19,"81,85","-1,11","213,62","2,61","31,25"
2026 03 12 13:04:58:039,-3.9675,-6.70125,"0,59",15,19,"81,85","-1,11","213,62","2,61","35,16"
2026 03 12 13:04:58:041,-3.9675,-6.78875,"0,59",15,19,"81,85","-1,11","213,62","2,61","58,59"
2026 03 12 13:04:58:043,-3.9675,-6.70125,"0,59",15,19,"81,85","-1,11","213,62","2,61","54,69"
2026 03 12 13:04:58:045,-3.9675,-6.78875,"0,59",15,19,"81,85","-1,11","213,62","2,61","54,69"
2026 03 12 13:04:58:047,-3.9985,-6.70125,"0,59",15,19,"81,85","-1,11","213,62","2,61","54,69"
2026 03 12 13:04:58:049,-3.9675,-6.70125,"0,59",15,19,"81,85","-1,11","213,62","2,61","54,69"
2026 03 12 13:04:58:051,-3.9675,-6.78875,"0,59",15,19,"81,85","-1,11","213,62","2,61","66,41"
2026 03 12 13:04:58:053,-3.9675,-6.70125,"0,59",15,19,"81,85","-1,11","213,62","2,61","50,78"
2026 03 12 13:04:58:055,-3.9675,-6.70125,"0,59",15,19,"81,85","-1,11","213,62","2,61","42,97"
2026 03 12 13:04:58:057,-3.9985,-6.70125,"0,59",15,19,"81,85","-1,11","213,62","2,61","27,34"
2026 03 12 13:04:58:059,-3.9985,-6.78875,"0,59",15,19,"81,85","-1,11","213,62","2,61","31,25"
2026 03 12 13:04:58:061,-3.9675,-6.78875,"0,59",15,19,"81,85","-1,11","213,62","2,61","46,88"
2026 03 12 13:04:58:063,-3.9675,-6.78875,"0,59",15,19,"81,85","-1,11","213,62","2,61","50,78"
2026 03 12 13:04:58:065,-3.9675,-6.78875,"0,59",15,19,"81,85","-1,11","213,62","2,61","46,88"
2026 03 12 13:04:58:067,-3.9675,-6.78875,"0,59",15,19,"81,85","-1,11","213,62","2,61","46,88"
2026 03 12 13:04:58:069,-3.9675,-6.70125,"0,59",15,19,"81,85","-1,11","213,62","2,61","46,88"
2026 03 12 13:04:58:071,-3.9675,-6.70125,"0,59",15,19,"81,85","-1,11","213,62","2,61","62,5"
2026 03 12 13:04:58:073,-3.9675,-6.78875,"0,59",15,19,"81,85","-1,11","213,62","2,61","50,78"
2026 03 12 13:04:58:075,-3.9675,-6.78875,"0,59",15,19,"81,85","-1,11","213,62","2,61","39,06"
2026 03 12 13:04:58:077,-3.9675,-6.78875,"0,59",15,19,"81,85","-1,11","213,62","2,61","27,34"
2026 03 12 13:04:58:079,-3.9675,-6.78875,"0,59",15,19,"81,85","-1,11","213,62","2,61","23,44"
2026 03 12 13:04:58:081,-3.9675,-6.78875,"0,59",15,19,"81,85","-1,11","213,62","2,61","42,97"
2026 03 12 13:04:58:083,-3.9985,-6.78875,"0,59",15,19,"81,85","-1,11","213,62","2,61","42,97"
2026 03 12 13:04:58:085,-3.9675,-6.78875,"0,59",15,19,"81,85","-1,11","213,62","2,61","42,97"
2026 03 12 13:04:58:087,-3.9675,-6.78875,"0,59",15,19,"81,85","-1,11","213,62","2,61","42,97"
2026 03 12 13:04:58:089,-3.9675,-6.70125,"0,59",15,19,"81,85","-1,11","213,62","2,61","46,88"
2026 03 12 13:04:58:091,-3.9334,-6.70125,"0,59",15,19,"81,85","-1,11","213,62","2,61","62,5"
2026 03 12 13:04:58:093,-3.9985,-6.78875,"0,59",15,19,"81,85","-1,11","213,62","2,61","50,78"
2026 03 12 13:04:58:095,-3.9675,-6.78875,"0,59",15,19,"81,85","-1,11","213,62","2,61","35,16"
2026 03 12 13:04:58:097,-3.9675,-6.78875,"0,59",15,19,"81,85","-1,11","213,62","2,61","27,34"
2026 03 12 13:04:58:099,-3.9334,-6.78875,"0,59",15,19,"81,85","-1,11","213,62","2,61","19,53"
2026 03 12 13:04:58:101,-3.9675,-6.70125,"0,59",15,19,"81,85","-1,11","213,62","2,61","39,06"
2026 03 12 13:04:58:103,-3.9985,-6.70125,"0,59",15,19,"81,85","-1,11","213,62","2,61","39,06"
2026 03 12 13:04:58:105,-3.9675,-6.78875,"0,59",15,19,"81,85","-1,11","213,62","2,61","39,06"
2026 03 12 13:04:58:107,-3.9675,-6.70125,"0,59",15,19,"81,85","-1,11","213,62","2,61","39,06"
2026 03 12 13:04:58:109,-3.9675,-6.70125,"0,59",15,19,"81,85","-1,11","213,62","2,61","42,97"
2026 03 12 13:04:58:111,-3.9675,-6.78875,"0,59",15,19,"81,85","-1,11","213,62","2,61","54,69"
2026 03 12 13:04:58:113,-3.9985,-6.70125,"0,59",15,19,"81,85","-1,11","213,62","2,61","46,88"
2026 03 12 13:04:58:115,-3.9675,-6.78875,"0,59",15,19,"81,85","-1,11","213,62","2,61","31,25"
2026 03 12 13:04:58:117,-3.9675,-6.78875,"0,59",15,19,"81,85","-1,11","213,62","2,61","19,53"
2026 03 12 13:04:58:119,-3.9334,-6.78875,"0,59",15,19,"81,85","-1,11","213,62","2,61","11,72"
2026 03 12 13:04:58:121,-3.9985,-6.78875,"0,59",15,19,"81,85","-1,11","213,62","2,61","35,16"
2026 03 12 13:04:58:123,-3.9334,-6.70125,"0,59",15,19,"81,85","-1,11","213,62","2,61","35,16"
2026 03 12 13:04:58:125,-3.9675,-6.78875,"0,59",15,19,"81,85","-1,11","213,62","2,61","35,16"
2026 03 12 13:04:58:127,-3.9675,-6.78875,"0,59",15,19,"81,85","-1,11","213,62","2,61","35,16"
2026 03 12 13:04:58:129,-3.9675,-6.78875,"0,59",15,19,"81,85","-1,11","213,62","2,61","39,06"
2026 03 12 13:04:58:131,-3.9675,-6.78875,"0,59",15,19,"81,85","-1,11","213,62","2,61","54,69"
2026 03 12 13:04:58:133,-3.9675,-6.87625,"0,59",15,19,"81,85","-1,11","213,62","2,61","39,06"
2026 03 12 13:04:58:135,-3.9675,-6.87625,"0,59",15,19,"81,85","-1,11","213,62","2,61","27,34"
2026 03 12 13:04:58:137,-3.9675,-6.70125,"0,59",15,19,"81,85","-1,11","213,62","2,61","11,72"
2026 03 12 13:04:58:139,-3.9985,-6.78875,"0,59",15,19,"81,85","-1,11","213,62","2,61","7,81"
2026 03 12 13:04:58:141,-3.9334,-6.78875,"0,59",15,19,"81,85","-1,11","213,62","2,61","31,25"
2026 03 12 13:04:58:143,-3.9675,-6.78875,"0,59",15,19,"81,85","-1,11","213,62","2,61","31,25"
2026 03 12 13:04:58:145,-3.9675,-6.70125,"0,59",15,19,"81,85","-1,11","213,62","2,61","27,34"
2026 03 12 13:04:58:147,-3.9334,-6.78875,"0,59",15,19,"81,85","-1,11","213,62","2,61","31,25"
2026 03 12 13:04:58:149,-3.9675,-6.78875,"0,59",15,19,"81,85","-1,11","213,62","2,61","35,16"
2026 03 12 13:04:58:151,-3.9675,-6.78875,"0,59",15,19,"81,85","-1,11","213,62","2,61","46,88"
2026 03 12 13:04:58:153,-3.9334,-6.70125,"0,59",15,19,"81,85","-1,11","213,62","2,61","35,16"
2026 03 12 13:04:58:155,-3.9334,-6.70125,"0,59",15,19,"81,85","-1,11","213,62","2,61","19,53"
2026 03 12 13:04:58:157,-3.9985,-6.70125,"0,59",15,19,"81,85","-1,11","213,62","2,61","7,81"
2026 03 12 13:04:58:159,-3.9675,-6.70125,"0,59",15,19,"81,85","-1,11","213,62","2,61","3,91"
2026 03 12 13:04:58:161,-3.9675,-6.70125,"0,59",15,19,"81,85","-1,11","213,62","2,61","27,34"
2026 03 12 13:04:58:163,-3.9675,-6.78875,"0,59",15,19,"81,85","-1,11","213,62","2,61","27,34"
2026 03 12 13:04:58:165,-3.9985,-6.78875,"0,59",15,19,"81,85","-1,11","213,62","2,61","27,34"
2026 03 12 13:04:58:167,-3.9675,-6.70125,"0,59",15,19,"81,85","-1,11","213,62","2,61","27,34"
2026 03 12 13:04:58:169,-3.9675,-6.78875,"0,59",15,19,"81,85","-1,11","213,62","2,61","27,34"
2026 03 12 13:04:58:171,-3.9675,-6.70125,"0,59",15,19,"81,85","-1,11","213,62","2,61","42,97"
2026 03 12 13:04:58:173,-3.9675,-6.70125,"0,59",15,19,"81,85","-1,11","213,62","2,61","31,25"
2026 03 12 13:04:58:175,-3.9985,-6.78875,"0,59",15,19,"81,85","-1,11","213,62","2,61","19,53"
2026 03 12 13:04:58:177,-3.9675,-6.78875,"0,59",15,19,"81,85","-1,11","213,62","2,61",0
2026 03 12 13:04:58:179,-3.9985,-6.78875,"0,59",15,19,"81,85","-1,11","213,62","2,61",0
2026 03 12 13:04:58:181,-3.9675,-6.78875,"0,59",15,19,"81,85","-1,11","213,62","2,61","23,44"
2026 03 12 13:04:58:183,-3.9675,-6.78875,"0,59",15,19,"81,85","-1,11","213,62","2,61","23,44"
2026 03 12 13:04:58:185,-3.9675,-6.70125,"0,59",15,19,"81,85","-1,11","213,62","2,61","23,44"
2026 03 12 13:04:58:187,-3.9985,-6.78875,"0,59",15,19,"81,85","-1,11","213,62","2,61","23,44"
2026 03 12 13:04:58:189,-3.9334,-6.78875,"0,59",15,19,"81,85","-1,11","213,62","2,61","27,34"
2026 03 12 13:04:58:191,-3.9675,-6.78875,"0,59",15,19,"81,85","-1,11","213,62","2,61","39,06"
2026 03 12 13:04:58:193,-3.9675,-6.78875,"0,59",15,19,"81,85","-1,11","213,62","2,61","23,44"
2026 03 12 13:04:58:195,-3.9675,-6.78875,"0,59",15,19,"81,85","-1,11","213,62","2,61","11,72"
2026 03 12 13:04:58:197,-3.9675,-6.78875,"0,59",15,19,"81,85","-1,11","213,62","2,61",0
2026 03 12 13:04:58:199,-3.9675,-6.78875,"0,59",15,19,"81,85","-1,11","213,62","2,61","-3,91"
2026 03 12 13:04:58:201,-3.9985,-6.78875,"0,59",15,19,"81,85","-1,11","213,62","2,61","15,63"
2026 03 12 13:04:58:203,-3.9675,-6.78875,"0,59",15,19,"81,85","-1,11","213,62","2,61","19,53"
2026 03 12 13:04:58:205,-3.9675,-6.78875,"0,59",15,19,"81,85","-1,11","213,62","2,61","15,63"
2026 03 12 13:04:58:207,-3.9334,-6.78875,"0,59",15,19,"81,85","-1,11","213,62","2,61","19,53"
2026 03 12 13:04:58:209,-3.9675,-6.70125,"0,59",15,19,"81,85","-1,11","213,62","2,61","23,44"
2026 03 12 13:04:58:211,-3.9675,-6.70125,"0,59",15,19,"81,85","-1,11","213,62","2,61","31,25"
2026 03 12 13:04:58:213,-3.9675,-6.70125,"0,59",15,19,"81,85","-1,11","213,62","2,61","23,44"
2026 03 12 13:04:58:215,-3.9334,-6.78875,"0,59",15,19,"81,85","-1,11","213,62","2,61","7,81"
2026 03 12 13:04:58:217,-3.9675,-6.78875,"0,59",15,19,"81,85","-1,11","213,62","2,61",0
2026 03 12 13:04:58:219,-3.9675,-6.78875,"0,59",15,19,"81,85","-1,11","213,62","2,61","-3,91"
2026 03 12 13:04:58:221,-3.9985,-6.78875,"0,59",15,19,"81,85","-1,11","213,62","2,61","15,63"
2026 03 12 13:04:58:223,-3.9675,-6.87625,"0,59",15,19,"81,85","-1,11","213,62","2,61","15,63"
2026 03 12 13:04:58:225,-3.9675,-6.78875,"0,59",15,19,"81,85","-1,11","213,62","2,61","15,63"
2026 03 12 13:04:58:227,-3.9675,-6.78875,"0,59",15,19,"81,85","-1,11","213,62","2,61","11,72"
2026 03 12 13:04:58:229,-3.9675,-6.78875,"0,59",15,19,"81,85","-1,11","213,62","2,61","19,53"
2026 03 12 13:04:58:231,-3.9675,-6.78875,"0,59",15,19,"81,85","-1,11","213,62","2,61","31,25"
2026 03 12 13:04:58:233,-3.9675,-6.78875,"0,59",15,19,"81,85","-1,11","213,62","2,61","19,53"
2026 03 12 13:04:58:235,-3.9675,-6.78875,"0,59",15,19,"81,85","-1,11","213,62","2,61","7,81"
2026 03 12 13:04:58:237,-3.9675,-6.78875,"0,59",15,19,"81,85","-1,11","213,62","2,61","-3,91"
2026 03 12 13:04:58:239,-3.9675,-6.70125,"0,59",15,19,"81,85","-1,11","213,62","2,61","-11,72"
2026 03 12 13:04:58:241,-3.9985,-6.78875,"0,59",15,19,"81,85","-1,11","213,62","2,61","11,72"
2026 03 12 13:04:58:243,-3.9334,-6.70125,"0,59",15,19,"81,85","-1,11","213,62","2,61","11,72"
2026 03 12 13:04:58:245,-3.9675,-6.70125,"0,59",15,19,"81,85","-1,11","213,62","2,61","11,72"
2026 03 12 13:04:58:247,-3.9985,-6.78875,"0,59",15,19,"81,85","-1,11","213,62","2,61","11,72"
2026 03 12 13:04:58:249,-3.9675,-6.70125,"0,59",15,19,"81,85","-1,11","213,62","2,61","15,63"
2026 03 12 13:04:58:251,-3.9675,-6.78875,"0,59",15,19,"81,85","-1,11","213,62","2,61","27,34"
2026 03 12 13:04:58:253,-3.9334,-6.78875,"0,59",15,19,"81,85","-1,11","213,62","2,61","15,63"
2026 03 12 13:04:58:255,-3.9675,-6.78875,"0,59",15,19,"81,85","-1,11","213,62","2,61","3,91"
2026 03 12 13:04:58:257,-3.9675,-6.70125,"0,59",15,19,"81,85","-1,11","213,62","2,61","-7,81"
2026 03 12 13:04:58:259,-3.9334,-6.78875,"0,59",15,19,"81,85","-1,11","213,62","2,61","-15,62"
2026 03 12 13:04:58:261,-3.9985,-6.87625,"0,59",15,19,"81,85","-1,11","213,62","2,61","7,81"
2026 03 12 13:04:58:263,-3.9334,-6.78875,"0,59",15,19,"81,85","-1,11","213,62","2,61","7,81"
2026 03 12 13:04:58:265,-3.9675,-6.78875,"0,59",15,19,"81,85","-1,11","213,62","2,61","7,81"
2026 03 12 13:04:58:267,-3.9675,-6.78875,"0,59",15,19,"81,85","-1,11","213,62","2,61","7,81"
2026 03 12 13:04:58:269,-3.9675,-6.78875,"0,59",15,19,"81,85","-1,11","213,62","2,61","15,63"
2026 03 12 13:04:58:271,-3.9985,-6.78875,"0,59",15,19,"81,85","-1,11","213,62","2,61","23,44"
2026 03 12 13:04:58:273,-3.9334,-6.78875,"0,59",15,19,"81,85","-1,11","213,62","2,61","11,72"
2026 03 12 13:04:58:275,-3.9675,-6.78875,"0,59",15,19,"81,85","-1,11","213,62","2,61",0
2026 03 12 13:04:58:277,-3.9675,-6.70125,"0,59",15,19,"81,85","-1,11","213,62","2,61","-15,62"
2026 03 12 13:04:58:279,-3.9675,-6.78875,"0,59",15,19,"81,85","-1,11","213,62","2,61","-19,53"
2026 03 12 13:04:58:281,-3.9675,-6.78875,"0,59",15,19,"81,85","-1,11","213,62","2,61","7,81"
2026 03 12 13:04:58:283,-3.9675,-6.78875,"0,59",15,19,"81,85","-1,11","213,62","2,61","3,91"
2026 03 12 13:04:58:285,-3.9675,-6.78875,"0,59",15,19,"81,85","-1,11","213,62","2,61","3,91"
2026 03 12 13:04:58:287,-3.9675,-6.78875,"0,59",15,19,"81,85","-1,11","213,62","2,61","3,91"
2026 03 12 13:04:58:289,-3.9985,-6.78875,"0,59",15,19,"81,85","-1,11","213,62","2,61","11,72"
2026 03 12 13:04:58:291,-3.9675,-6.78875,"0,59",15,19,"81,85","-1,11","213,62","2,61","19,53"
2026 03 12 13:04:58:293,-3.9985,-6.78875,"0,59",15,19,"81,85","-1,11","213,62","2,61","11,72"
2026 03 12 13:04:58:295,-3.9985,-6.78875,"0,59",15,19,"81,85","-1,11","213,62","2,61","-3,91"
2026 03 12 13:04:58:297,-3.9985,-6.78875,"0,59",15,19,"81,85","-1,11","213,62","2,61","-15,62"
2026 03 12 13:04:58:299,-3.9675,-6.70125,"0,59",15,19,"81,85","-1,11","213,62","2,61","-23,44"
2026 03 12 13:04:58:301,-3.9675,-6.78875,"0,59",15,19,"81,85","-1,11","213,62","2,61",0
2026 03 12 13:04:58:303,-3.9675,-6.78875,"0,59",15,19,"81,85","-1,11","213,62","2,61","3,91"
2026 03 12 13:04:58:305,-3.9675,-6.70125,"0,59",15,19,"81,85","-1,11","213,62","2,61",0
2026 03 12 13:04:58:307,-3.9985,-6.78875,"0,59",15,19,"81,85","-1,11","213,62","2,61",0
2026 03 12 13:04:58:309,-3.9675,-6.78875,"0,59",15,19,"81,85","-1,11","213,62","2,61","3,91"
2026 03 12 13:04:58:311,-3.9675,-6.78875,"0,46",12,14,"77,88","-1,02","185,24","2,38","19,53"
2026 03 12 13:04:58:313,-3.9334,-6.78875,"0,46",12,14,"77,88","-1,02","185,24","2,38","3,91"
2026 03 12 13:04:58:315,-3.9675,-6.78875,"0,46",12,14,"77,88","-1,02","185,24","2,38","-7,81"
2026 03 12 13:04:58:317,-3.9675,-6.70125,"0,46",12,14,"77,88","-1,02","185,24","2,38","-19,53"
2026 03 12 13:04:58:319,-3.9675,-6.78875,"0,46",12,14,"77,88","-1,02","185,24","2,38","-23,44"
2026 03 12 13:04:58:321,-3.9675,-6.87625,"0,46",12,14,"77,88","-1,02","185,24","2,38",0
2026 03 12 13:04:58:323,-3.9675,-6.78875,"0,46",12,14,"77,88","-1,02","185,24","2,38",0
2026 03 12 13:04:58:325,-3.9675,-6.78875,"0,46",12,14,"77,88","-1,02","185,24","2,38","-3,91"
2026 03 12 13:04:58:327,-3.9675,-6.78875,"0,46",12,14,"77,88","-1,02","185,24","2,38",0
2026 03 12 13:04:58:329,-3.9985,-6.87625,"0,46",12,14,"77,88","-1,02","185,24","2,38",0
2026 03 12 13:04:58:331,-3.9675,-6.78875,"0,46",12,14,"77,88","-1,02","185,24","2,38","11,72"
2026 03 12 13:04:58:333,-3.9334,-6.78875,"0,46",12,14,"77,88","-1,02","185,24","2,38",0
2026 03 12 13:04:58:335,-3.9675,-6.78875,"0,46",12,14,"77,88","-1,02","185,24","2,38","-11,72"
2026 03 12 13:04:58:337,-3.9675,-6.78875,"0,46",12,14,"77,88","-1,02","185,24","2,38","-23,44"
2026 03 12 13:04:58:339,-3.9334,-6.78875,"0,46",12,14,"77,88","-1,02","185,24","2,38","-23,44"
2026 03 12 13:04:58:341,-3.9675,-6.78875,"0,46",12,14,"77,88","-1,02","185,24","2,38","-3,91"
2026 03 12 13:04:58:343,-3.9675,-6.78875,"0,46",12,14,"77,88","-1,02","185,24","2,38","-3,91"
2026 03 12 13:04:58:345,-3.9675,-6.78875,"0,46",12,14,"77,88","-1,02","185,24","2,38","-3,91"
2026 03 12 13:04:58:347,-3.9675,-6.70125,"0,46",12,14,"77,88","-1,02","185,24","2,38","-3,91"
2026 03 12 13:04:58:349,-3.9985,-6.87625,"0,46",12,14,"77,88","-1,02","185,24","2,38",0
2026 03 12 13:04:58:351,-3.9675,-6.78875,"0,46",12,14,"77,88","-1,02","185,24","2,38","7,81"
2026 03 12 13:04:58:353,-3.9675,-6.78875,"0,46",12,14,"77,88","-1,02","185,24","2,38","-3,91"
2026 03 12 13:04:58:355,-3.9985,-6.78875,"0,46",12,14,"77,88","-1,02","185,24","2,38","-15,62"
2026 03 12 13:04:58:357,-3.9675,-6.78875,"0,46",12,14,"77,88","-1,02","185,24","2,38","-31,25"
2026 03 12 13:04:58:359,-3.9675,-6.78875,"0,46",12,14,"77,88","-1,02","185,24","2,38","-31,25"
2026 03 12 13:04:58:361,-3.9675,-6.78875,"0,46",12,14,"77,88","-1,02","185,24","2,38","-7,81"
2026 03 12 13:04:58:363,-3.9675,-6.78875,"0,46",12,14,"77,88","-1,02","185,24","2,38","-7,81"
2026 03 12 13:04:58:365,-3.9985,-6.78875,"0,46",12,14,"77,88","-1,02","185,24","2,38","-7,81"
2026 03 12 13:04:58:367,-3.9985,-6.78875,"0,46",12,14,"77,88","-1,02","185,24","2,38","-11,72"
2026 03 12 13:04:58:369,-3.9334,-6.78875,"0,46",12,14,"77,88","-1,02","185,24","2,38","-3,91"
2026 03 12 13:04:58:371,-3.9675,-6.87625,"0,46",12,14,"77,88","-1,02","185,24","2,38","3,91"
2026 03 12 13:04:58:373,-3.9334,-6.78875,"0,46",12,14,"77,88","-1,02","185,24","2,38","-7,81"
2026 03 12 13:04:58:375,-3.9675,-6.78875,"0,46",12,14,"77,88","-1,02","185,24","2,38","-15,62"
2026 03 12 13:04:58:377,-3.9675,-6.70125,"0,46",12,14,"77,88","-1,02","185,24","2,38","-31,25"
2026 03 12 13:04:58:379,-3.9675,-6.78875,"0,46",12,14,"77,88","-1,02","185,24","2,38","-27,34"
2026 03 12 13:04:58:381,-3.9675,-6.87625,"0,46",12,14,"77,88","-1,02","185,24","2,38","-11,72"
2026 03 12 13:04:58:383,-3.9985,-6.78875,"0,46",12,14,"77,88","-1,02","185,24","2,38","-11,72"
2026 03 12 13:04:58:385,-3.9675,-6.87625,"0,46",12,14,"77,88","-1,02","185,24","2,38","-11,72"
2026 03 12 13:04:58:387,-3.9334,-6.70125,"0,46",12,14,"77,88","-1,02","185,24","2,38","-11,72"
2026 03 12 13:04:58:389,-3.9334,-6.87625,"0,46",12,14,"77,88","-1,02","185,24","2,38","-7,81"
2026 03 12 13:04:58:391,-3.9334,-6.78875,"0,46",12,14,"77,88","-1,02","185,24","2,38","3,91"
2026 03 12 13:04:58:393,-3.9675,-6.70125,"0,46",12,14,"77,88","-1,02","185,24","2,38","-7,81"
2026 03 12 13:04:58:395,-3.9675,-6.78875,"0,46",12,14,"77,88","-1,02","185,24","2,38","-15,62"
2026 03 12 13:04:58:397,-3.9675,-6.70125,"0,46",12,14,"77,88","-1,02","185,24","2,38","-31,25"
2026 03 12 13:04:58:399,-3.9675,-6.78875,"0,46",12,14,"77,88","-1,02","185,24","2,38","-31,25"
2026 03 12 13:04:58:401,-3.9675,-6.78875,"0,46",12,14,"77,88","-1,02","185,24","2,38","-11,72"
2026 03 12 13:04:58:403,-3.9675,-6.70125,"0,46",12,14,"77,88","-1,02","185,24","2,38","-11,72"
2026 03 12 13:04:58:405,-3.9334,-6.78875,"0,46",12,14,"77,88","-1,02","185,24","2,38","-15,62"
2026 03 12 13:04:58:407,-3.9675,-6.78875,"0,46",12,14,"77,88","-1,02","185,24","2,38","-15,62"
2026 03 12 13:04:58:409,-3.9675,-6.70125,"0,46",12,14,"77,88","-1,02","185,24","2,38","-11,72"
2026 03 12 13:04:58:411,-3.9675,-6.87625,"0,46",12,14,"77,88","-1,02","185,24","2,38","3,91"
2026 03 12 13:04:58:413,-3.9675,-6.70125,"0,46",12,14,"77,88","-1,02","185,24","2,38","-7,81"
2026 03 12 13:04:58:415,-3.9675,-6.78875,"0,46",12,14,"77,88","-1,02","185,24","2,38","-19,53"
2026 03 12 13:04:58:417,-3.9985,-6.78875,"0,46",12,14,"77,88","-1,02","185,24","2,38","-31,25"
2026 03 12 13:04:58:419,-3.9675,-6.78875,"0,46",12,14,"77,88","-1,02","185,24","2,38","-39,06"
2026 03 12 13:04:58:421,-3.9334,-6.70125,"0,46",12,14,"77,88","-1,02","185,24","2,38","-15,62"
2026 03 12 13:04:58:423,-3.9675,-6.87625,"0,46",12,14,"77,88","-1,02","185,24","2,38","-15,62"
2026 03 12 13:04:58:425,-3.9675,-6.70125,"0,46",12,14,"77,88","-1,02","185,24","2,38","-19,53"
2026 03 12 13:04:58:427,-3.9334,-6.78875,"0,46",12,14,"77,88","-1,02","185,24","2,38","-15,62"
2026 03 12 13:04:58:429,-3.9985,-6.78875,"0,46",12,14,"77,88","-1,02","185,24","2,38","-15,62"
2026 03 12 13:04:58:431,-3.9675,-6.70125,"0,46",12,14,"77,88","-1,02","185,24","2,38",0
2026 03 12 13:04:58:433,-3.9675,-6.70125,"0,46",12,14,"77,88","-1,02","185,24","2,38","-7,81"
2026 03 12 13:04:58:435,-3.9675,-6.78875,"0,46",12,14,"77,88","-1,02","185,24","2,38","-23,44"
2026 03 12 13:04:58:437,-3.9675,-6.70125,"0,46",12,14,"77,88","-1,02","185,24","2,38","-39,06"
2026 03 12 13:04:58:439,-3.9334,-6.70125,"0,46",12,14,"77,88","-1,02","185,24","2,38","-35,16"
2026 03 12 13:04:58:441,-3.9334,-6.70125,"0,46",12,14,"77,88","-1,02","185,24","2,38","-19,53"
2026 03 12 13:04:58:443,-3.9675,-6.70125,"0,46",12,14,"77,88","-1,02","185,24","2,38","-19,53"
2026 03 12 13:04:58:445,-3.9985,-6.78875,"0,46",12,14,"77,88","-1,02","185,24","2,38","-23,44"
2026 03 12 13:04:58:447,-3.9334,-6.78875,"0,46",12,14,"77,88","-1,02","185,24","2,38","-19,53"
2026 03 12 13:04:58:449,-3.9675,-6.78875,"0,46",12,14,"77,88","-1,02","185,24","2,38","-15,62"
2026 03 12 13:04:58:451,-3.9675,-6.78875,"0,46",12,14,"77,88","-1,02","185,24","2,38",0
2026 03 12 13:04:58:453,-3.9675,-6.78875,"0,46",12,14,"77,88","-1,02","185,24","2,38","-11,72"
2026 03 12 13:04:58:455,-3.9334,-6.78875,"0,46",12,14,"77,88","-1,02","185,24","2,38","-27,34"
2026 03 12 13:04:58:457,-3.9675,-6.70125,"0,46",12,14,"77,88","-1,02","185,24","2,38","-42,97"
2026 03 12 13:04:58:459,-3.9675,-6.78875,"0,46",12,14,"77,88","-1,02","185,24","2,38","-42,97"
2026 03 12 13:04:58:461,-3.9675,-6.78875,"0,46",12,14,"77,88","-1,02","185,24","2,38","-23,44"
2026 03 12 13:04:58:463,-3.9675,-6.70125,"0,46",12,14,"77,88","-1,02","185,24","2,38","-19,53"
2026 03 12 13:04:58:465,-3.9985,-6.78875,"0,46",12,14,"77,88","-1,02","185,24","2,38","-23,44"
2026 03 12 13:04:58:467,-3.9675,-6.78875,"0,46",12,14,"77,88","-1,02","185,24","2,38","-19,53"
2026 03 12 13:04:58:469,-3.9675,-6.70125,"0,46",12,14,"77,88","-1,02","185,24","2,38","-15,62"
2026 03 12 13:04:58:471,-3.9675,-6.78875,"0,46",12,14,"77,88","-1,02","185,24","2,38","-3,91"
2026 03 12 13:04:58:473,-3.9675,-6.78875,"0,46",12,14,"77,88","-1,02","185,24","2,38","-15,62"
2026 03 12 13:04:58:475,-3.9985,-6.78875,"0,46",12,14,"77,88","-1,02","185,24","2,38","-31,25"
2026 03 12 13:04:58:477,-3.9675,-6.78875,"0,46",12,14,"77,88","-1,02","185,24","2,38","-42,97"
2026 03 12 13:04:58:479,-3.9675,-6.78875,"0,46",12,14,"77,88","-1,02","185,24","2,38","-42,97"
2026 03 12 13:04:58:481,-3.9985,-6.78875,"0,46",12,14,"77,88","-1,02","185,24","2,38","-23,44"
2026 03 12 13:04:58:483,-3.9675,-6.78875,"0,46",12,14,"77,88","-1,02","185,24","2,38","-23,44"
2026 03 12 13:04:58:485,-3.9675,-6.78875,"0,46",12,14,"77,88","-1,02","185,24","2,38","-23,44"
2026 03 12 13:04:58:487,-3.9334,-6.78875,"0,46",12,14,"77,88","-1,02","185,24","2,38","-23,44"
2026 03 12 13:04:58:489,-3.9675,-6.78875,"0,46",12,14,"77,88","-1,02","185,24","2,38","-19,53"
2026 03 12 13:04:58:491,-3.9675,-6.70125,"0,46",12,14,"77,88","-1,02","185,24","2,38","-7,81"
2026 03 12 13:04:58:493,-3.9334,-6.78875,"0,46",12,14,"77,88","-1,02","185,24","2,38","-19,53"
2026 03 12 13:04:58:495,-3.9675,-6.78875,"0,46",12,14,"77,88","-1,02","185,24","2,38","-35,16"
2026 03 12 13:04:58:497,-3.9675,-6.70125,"0,46",12,14,"77,88","-1,02","185,24","2,38","-46,87"
2026 03 12 13:04:58:499,-3.9334,-6.78875,"0,46",12,14,"77,88","-1,02","185,24","2,38","-50,78"
2026 03 12 13:04:58:501,-3.9675,-6.78875,"0,46",12,14,"77,88","-1,02","185,24","2,38","-27,34"
2026 03 12 13:04:58:503,-3.9675,-6.78875,"0,46",12,14,"77,88","-1,02","185,24","2,38","-27,34"
2026 03 12 13:04:58:505,-3.9675,-6.78875,"0,46",12,14,"77,88","-1,02","185,24","2,38","-27,34"
2026 03 12 13:04:58:507,-3.9985,-6.78875,"0,46",12,14,"77,88","-1,02","185,24","2,38","-27,34"
2026 03 12 13:04:58:509,-3.9985,-6.78875,"0,46",12,14,"77,88","-1,02","185,24","2,38","-19,53"
2026 03 12 13:04:58:511,-3.9675,-6.70125,"0,46",12,14,"77,88","-1,02","185,24","2,38","-7,81"
2026 03 12 13:04:58:513,-3.9675,-6.78875,"0,46",12,14,"77,88","-1,02","185,24","2,38","-23,44"
2026 03 12 13:04:58:515,-3.9675,-6.70125,"0,46",12,14,"77,88","-1,02","185,24","2,38","-35,16"
2026 03 12 13:04:58:517,-3.9675,-6.70125,"0,46",12,14,"77,88","-1,02","185,24","2,38","-50,78"
2026 03 12 13:04:58:519,-3.9675,-6.78875,"0,46",12,14,"77,88","-1,02","185,24","2,38","-54,69"
2026 03 12 13:04:58:521,-3.9675,-6.78875,"0,46",12,14,"77,88","-1,02","185,24","2,38","-27,34"
2026 03 12 13:04:58:523,-3.9675,-6.78875,"0,46",12,14,"77,88","-1,02","185,24","2,38","-27,34"
2026 03 12 13:04:58:525,-3.9675,-6.78875,"0,46",12,14,"77,88","-1,02","185,24","2,38","-27,34"
2026 03 12 13:04:58:527,-3.9675,-6.78875,"0,46",12,14,"77,88","-1,02","185,24","2,38","-27,34"
2026 03 12 13:04:58:529,-3.9675,-6.78875,"0,46",12,14,"77,88","-1,02","185,24","2,38","-19,53"
2026 03 12 13:04:58:531,-3.9675,-6.78875,"0,46",12,14,"77,88","-1,02","185,24","2,38","-11,72"
2026 03 12 13:04:58:533,-3.9675,-6.87625,"0,46",12,14,"77,88","-1,02","185,24","2,38","-23,44"
2026 03 12 13:04:58:535,-3.9985,-6.78875,"0,46",12,14,"77,88","-1,02","185,24","2,38","-35,16"
2026 03 12 13:04:58:537,-3.9675,-6.70125,"0,46",12,14,"77,88","-1,02","185,24","2,38","-50,78"
2026 03 12 13:04:58:539,-3.9675,-6.78875,"0,46",12,14,"77,88","-1,02","185,24","2,38","-54,69"
2026 03 12 13:04:58:541,-3.9675,-6.87625,"0,46",12,14,"77,88","-1,02","185,24","2,38","-31,25"
2026 03 12 13:04:58:543,-3.9334,-6.78875,"0,46",12,14,"77,88","-1,02","185,24","2,38","-31,25"
2026 03 12 13:04:58:545,-3.9675,-6.87625,"0,46",12,14,"77,88","-1,02","185,24","2,38","-35,16"
2026 03 12 13:04:58:547,-3.9675,-6.78875,"0,46",12,14,"77,88","-1,02","185,24","2,38","-31,25"
2026 03 12 13:04:58:549,-3.9675,-6.87625,"0,46",12,14,"77,88","-1,02","185,24","2,38","-27,34"
2026 03 12 13:04:58:551,-3.9334,-6.78875,"0,46",12,14,"77,88","-1,02","185,24","2,38","-15,62"
2026 03 12 13:04:58:553,-3.9675,-6.78875,"0,46",12,14,"77,88","-1,02","185,24","2,38","-27,34"
2026 03 12 13:04:58:555,-3.9675,-6.70125,"0,46",12,14,"77,88","-1,02","185,24","2,38","-39,06"
2026 03 12 13:04:58:557,-3.9675,-6.70125,"0,46",12,14,"77,88","-1,02","185,24","2,38","-54,69"
2026 03 12 13:04:58:559,-3.9675,-6.70125,"0,46",12,14,"77,88","-1,02","185,24","2,38","-54,69"
2026 03 12 13:04:58:561,-3.9675,-6.78875,"0,46",12,14,"77,88","-1,02","185,24","2,38","-35,16"
2026 03 12 13:04:58:563,-3.9675,-6.78875,"0,46",12,14,"77,88","-1,02","185,24","2,38","-35,16"
2026 03 12 13:04:58:565,-3.9675,-6.78875,"0,46",12,14,"77,88","-1,02","185,24","2,38","-35,16"
2026 03 12 13:04:58:567,-3.9675,-6.78875,"0,46",12,14,"77,88","-1,02","185,24","2,38","-31,25"
2026 03 12 13:04:58:569,-3.9675,-6.78875,"0,46",12,14,"77,88","-1,02","185,24","2,38","-27,34"
2026 03 12 13:04:58:571,-3.9675,-6.78875,"0,46",12,14,"77,88","-1,02","185,24","2,38","-15,62"
2026 03 12 13:04:58:573,-3.9675,-6.78875,"0,46",12,14,"77,88","-1,02","185,24","2,38","-27,34"
2026 03 12 13:04:58:575,-3.9985,-6.78875,"0,46",12,14,"77,88","-1,02","185,24","2,38","-39,06"
2026 03 12 13:04:58:577,-3.9675,-6.78875,"0,46",12,14,"77,88","-1,02","185,24","2,38","-54,69"
2026 03 12 13:04:58:579,-3.9675,-6.70125,"0,46",12,14,"77,88","-1,02","185,24","2,38","-58,59"
2026 03 12 13:04:58:581,-3.9675,-6.78875,"0,46",12,14,"77,88","-1,02","185,24","2,38","-35,16"
2026 03 12 13:04:58:583,-3.9675,-6.78875,"0,46",12,14,"77,88","-1,02","185,24","2,38","-35,16"
2026 03 12 13:04:58:585,-3.9675,-6.70125,"0,46",12,14,"77,88","-1,02","185,24","2,38","-35,16"
2026 03 12 13:04:58:587,-3.9675,-6.87625,"0,46",12,14,"77,88","-1,02","185,24","2,38","-35,16"
2026 03 12 13:04:58:589,-3.9675,-6.78875,"0,46",12,14,"77,88","-1,02","185,24","2,38","-27,34"
2026 03 12 13:04:58:591,-3.9675,-6.78875,"0,46",12,14,"77,88","-1,02","185,24","2,38","-19,53"
2026 03 12 13:04:58:593,-3.9675,-6.78875,"0,46",12,14,"77,88","-1,02","185,24","2,38","-31,25"
2026 03 12 13:04:58:595,-3.9985,-6.78875,"0,46",12,14,"77,88","-1,02","185,24","2,38","-42,97"
2026 03 12 13:04:58:597,-3.9675,-6.78875,"0,46",12,14,"77,88","-1,02","185,24","2,38","-58,59"
2026 03 12 13:04:58:599,-3.9675,-6.70125,"0,46",12,14,"77,88","-1,02","185,24","2,38","-58,59"
2026 03 12 13:04:58:601,-3.9675,-6.78875,"0,46",12,14,"77,88","-1,02","185,24","2,38","-35,16"
2026 03 12 13:04:58:603,-3.9675,-6.78875,"0,46",12,14,"77,88","-1,02","185,24","2,38","-35,16"
2026 03 12 13:04:58:605,-3.9675,-6.78875,"0,46",12,14,"77,88","-1,02","185,24","2,38","-39,06"
2026 03 12 13:04:58:607,-3.9675,-6.78875,"0,46",12,14,"77,88","-1,02","185,24","2,38","-35,16"
2026 03 12 13:04:58:609,-3.9334,-6.78875,"0,46",12,14,"77,88","-1,02","185,24","2,38","-27,34"
2026 03 12 13:04:58:611,-3.9675,-6.70125,"0,46",12,14,"77,88","-1,02","185,24","2,38","-23,44"
2026 03 12 13:04:58:613,-3.9985,-6.78875,"0,36",12,7,"49,27","-0,93","126,65","2,57","-31,25"
2026 03 12 13:04:58:615,-3.9675,-6.78875,"0,36",12,7,"49,27","-0,93","126,65","2,57","-46,87"
2026 03 12 13:04:58:617,-3.9675,-6.70125,"0,36",12,7,"49,27","-0,93","126,65","2,57","-58,59"
2026 03 12 13:04:58:619,-3.9675,-6.70125,"0,36",12,7,"49,27","-0,93","126,65","2,57","-62,5"
2026 03 12 13:04:58:621,-3.9675,-6.78875,"0,36",12,7,"49,27","-0,93","126,65","2,57","-39,06"
2026 03 12 13:04:58:623,-3.9675,-6.78875,"0,36",12,7,"49,27","-0,93","126,65","2,57","-39,06"
2026 03 12 13:04:58:625,-3.9985,-6.78875,"0,36",12,7,"49,27","-0,93","126,65","2,57","-39,06"
2026 03 12 13:04:58:627,-3.9675,-6.70125,"0,36",12,7,"49,27","-0,93","126,65","2,57","-39,06"
2026 03 12 13:04:58:629,-3.9675,-6.70125,"0,36",12,7,"49,27","-0,93","126,65","2,57","-31,25"
2026 03 12 13:04:58:631,-3.9675,-6.70125,"0,36",12,7,"49,27","-0,93","126,65","2,57","-23,44"
2026 03 12 13:04:58:633,-3.9675,-6.70125,"0,36",12,7,"49,27","-0,93","126,65","2,57","-35,16"
2026 03 12 13:04:58:635,-3.9675,-6.78875,"0,36",12,7,"49,27","-0,93","126,65","2,57","-46,87"
2026 03 12 13:04:58:637,-3.9675,-6.78875,"0,36",12,7,"49,27","-0,93","126,65","2,57","-58,59"
2026 03 12 13:04:58:639,-3.9675,-6.78875,"0,36",12,7,"49,27","-0,93","126,65","2,57","-62,5"
2026 03 12 13:04:58:641,-3.9675,-6.78875,"0,36",12,7,"49,27","-0,93","126,65","2,57","-39,06"
2026 03 12 13:04:58:643,-3.9675,-6.78875,"0,36",12,7,"49,27","-0,93","126,65","2,57","-39,06"
2026 03 12 13:04:58:645,-3.9675,-6.78875,"0,36",12,7,"49,27","-0,93","126,65","2,57","-42,97"
2026 03 12 13:04:58:647,-3.9675,-6.70125,"0,36",12,7,"49,27","-0,93","126,65","2,57","-39,06"
2026 03 12 13:04:58:649,-3.9675,-6.78875,"0,36",12,7,"49,27","-0,93","126,65","2,57","-35,16"
2026 03 12 13:04:58:651,-3.9675,-6.78875,"0,36",12,7,"49,27","-0,93","126,65","2,57","-27,34"
2026 03 12 13:04:58:653,-3.9675,-6.78875,"0,36",12,7,"49,27","-0,93","126,65","2,57","-39,06"
2026 03 12 13:04:58:655,-3.9985,-6.78875,"0,36",12,7,"49,27","-0,93","126,65","2,57","-54,69"
2026 03 12 13:04:58:657,-3.9985,-6.78875,"0,36",12,7,"49,27","-0,93","126,65","2,57","-66,41"
2026 03 12 13:04:58:659,-3.9334,-6.78875,"0,36",12,7,"49,27","-0,93","126,65","2,57","-66,41"
2026 03 12 13:04:58:661,-3.9985,-6.70125,"0,36",12,7,"49,27","-0,93","126,65","2,57","-42,97"
2026 03 12 13:04:58:663,-3.9675,-6.70125,"0,36",12,7,"49,27","-0,93","126,65","2,57","-42,97"
2026 03 12 13:04:58:665,-3.9675,-6.70125,"0,36",12,7,"49,27","-0,93","126,65","2,57","-42,97"
2026 03 12 13:04:58:667,-3.9334,-6.78875,"0,36",12,7,"49,27","-0,93","126,65","2,57","-42,97"
2026 03 12 13:04:58:669,-3.9675,-6.78875,"0,36",12,7,"49,27","-0,93","126,65","2,57","-35,16"
2026 03 12 13:04:58:671,-3.9675,-6.70125,"0,36",12,7,"49,27","-0,93","126,65","2,57","-27,34"
2026 03 12 13:04:58:673,-3.9334,-6.78875,"0,36",12,7,"49,27","-0,93","126,65","2,57","-39,06"
2026 03 12 13:04:58:675,-3.9675,-6.78875,"0,36",12,7,"49,27","-0,93","126,65","2,57","-54,69"
2026 03 12 13:04:58:677,-3.9675,-6.78875,"0,36",12,7,"49,27","-0,93","126,65","2,57","-70,31"
2026 03 12 13:04:58:679,-3.9985,-6.70125,"0,36",12,7,"49,27","-0,93","126,65","2,57","-62,5"
2026 03 12 13:04:58:681,-3.9675,-6.78875,"0,36",12,7,"49,27","-0,93","126,65","2,57","-42,97"
2026 03 12 13:04:58:683,-3.9675,-6.78875,"0,36",12,7,"49,27","-0,93","126,65","2,57","-46,87"
2026 03 12 13:04:58:685,-3.9675,-6.78875,"0,36",12,7,"49,27","-0,93","126,65","2,57","-42,97"
2026 03 12 13:04:58:687,-3.9334,-6.70125,"0,36",12,7,"49,27","-0,93","126,65","2,57","-42,97"
2026 03 12 13:04:58:689,-3.9675,-6.78875,"0,36",12,7,"49,27","-0,93","126,65","2,57","-39,06"
2026 03 12 13:04:58:691,-3.9675,-6.70125,"0,36",12,7,"49,27","-0,93","126,65","2,57","-31,25"
2026 03 12 13:04:58:693,-3.9675,-6.70125,"0,36",12,7,"49,27","-0,93","126,65","2,57","-39,06"
2026 03 12 13:04:58:695,-3.9675,-6.70125,"0,36",12,7,"49,27","-0,93","126,65","2,57","-50,78"
2026 03 12 13:04:58:697,-3.9675,-6.70125,"0,36",12,7,"49,27","-0,93","126,65","2,57","-70,31"
2026 03 12 13:04:58:699,-3.9675,-6.78875,"0,36",12,7,"49,27","-0,93","126,65","2,57","-66,41"
2026 03 12 13:04:58:701,-3.9985,-6.78875,"0,36",12,7,"49,27","-0,93","126,65","2,57","-46,87"
2026 03 12 13:04:58:703,-3.9985,-6.70125,"0,36",12,7,"49,27","-0,93","126,65","2,57","-46,87"
2026 03 12 13:04:58:705,-3.9675,-6.78875,"0,36",12,7,"49,27","-0,93","126,65","2,57","-42,97"
2026 03 12 13:04:58:707,-3.9675,-6.78875,"0,36",12,7,"49,27","-0,93","126,65","2,57","-46,87"
2026 03 12 13:04:58:709,-3.9675,-6.78875,"0,36",12,7,"49,27","-0,93","126,65","2,57","-39,06"
2026 03 12 13:04:58:711,-3.9334,-6.70125,"0,36",12,7,"49,27","-0,93","126,65","2,57","-31,25"
2026 03 12 13:04:58:713,-3.9675,-6.78875,"0,36",12,7,"49,27","-0,93","126,65","2,57","-42,97"
2026 03 12 13:04:58:715,-3.9675,-6.78875,"0,36",12,7,"49,27","-0,93","126,65","2,57","-50,78"
2026 03 12 13:04:58:717,-3.9675,-6.78875,"0,36",12,7,"49,27","-0,93","126,65","2,57","-66,41"
2026 03 12 13:04:58:719,-3.9334,-6.70125,"0,36",12,7,"49,27","-0,93","126,65","2,57","-70,31"
2026 03 12 13:04:58:721,-3.9675,-6.78875,"0,36",12,7,"49,27","-0,93","126,65","2,57","-46,87"
2026 03 12 13:04:58:723,-3.9675,-6.78875,"0,36",12,7,"49,27","-0,93","126,65","2,57","-46,87"
2026 03 12 13:04:58:725,-3.9675,-6.70125,"0,36",12,7,"49,27","-0,93","126,65","2,57","-46,87"
2026 03 12 13:04:58:727,-3.9675,-6.78875,"0,36",12,7,"49,27","-0,93","126,65","2,57","-46,87"
2026 03 12 13:04:58:729,-3.9675,-6.78875,"0,36",12,7,"49,27","-0,93","126,65","2,57","-39,06"
2026 03 12 13:04:58:731,-3.9675,-6.78875,"0,36",12,7,"49,27","-0,93","126,65","2,57","-27,34"
2026 03 12 13:04:58:733,-3.9334,-6.78875,"0,36",12,7,"49,27","-0,93","126,65","2,57","-42,97"
2026 03 12 13:04:58:735,-3.9675,-6.78875,"0,36",12,7,"49,27","-0,93","126,65","2,57","-54,69"
2026 03 12 13:04:58:737,-3.9675,-6.70125,"0,36",12,7,"49,27","-0,93","126,65","2,57","-66,41"
2026 03 12 13:04:58:739,-3.9675,-6.78875,"0,36",12,7,"49,27","-0,93","126,65","2,57","-70,31"
2026 03 12 13:04:58:741,-3.9675,-6.78875,"0,36",12,7,"49,27","-0,93","126,65","2,57","-50,78"
2026 03 12 13:04:58:743,-3.9675,-6.78875,"0,36",12,7,"49,27","-0,93","126,65","2,57","-50,78"
2026 03 12 13:04:58:745,-3.9985,-6.70125,"0,36",12,7,"49,27","-0,93","126,65","2,57","-50,78"
2026 03 12 13:04:58:747,-3.9675,-6.78875,"0,36",12,7,"49,27","-0,93","126,65","2,57","-46,87"
2026 03 12 13:04:58:749,-3.9675,-6.78875,"0,36",12,7,"49,27","-0,93","126,65","2,57","-42,97"
2026 03 12 13:04:58:751,-3.9675,-6.78875,"0,36",12,7,"49,27","-0,93","126,65","2,57","-27,34"
2026 03 12 13:04:58:753,-3.9675,-6.70125,"0,36",12,7,"49,27","-0,93","126,65","2,57","-42,97"
2026 03 12 13:04:58:755,-3.9675,-6.78875,"0,36",12,7,"49,27","-0,93","126,65","2,57","-58,59"
2026 03 12 13:04:58:757,-3.9675,-6.70125,"0,36",12,7,"49,27","-0,93","126,65","2,57","-70,31"
2026 03 12 13:04:58:759,-3.9675,-6.78875,"0,36",12,7,"49,27","-0,93","126,65","2,57","-74,22"
2026 03 12 13:04:58:761,-3.9675,-6.78875,"0,36",12,7,"49,27","-0,93","126,65","2,57","-54,69"
2026 03 12 13:04:58:763,-3.9675,-6.87625,"0,36",12,7,"49,27","-0,93","126,65","2,57","-50,78"
2026 03 12 13:04:58:765,-3.9675,-6.78875,"0,36",12,7,"49,27","-0,93","126,65","2,57","-50,78"
2026 03 12 13:04:58:767,-3.9675,-6.78875,"0,36",12,7,"49,27","-0,93","126,65","2,57","-50,78"
2026 03 12 13:04:58:769,-3.9675,-6.87625,"0,36",12,7,"49,27","-0,93","126,65","2,57","-42,97"
2026 03 12 13:04:58:771,-3.9675,-6.78875,"0,36",12,7,"49,27","-0,93","126,65","2,57","-31,25"
2026 03 12 13:04:58:773,-3.9675,-6.78875,"0,36",12,7,"49,27","-0,93","126,65","2,57","-46,87"
2026 03 12 13:04:58:775,-3.9675,-6.78875,"0,36",12,7,"49,27","-0,93","126,65","2,57","-58,59"
2026 03 12 13:04:58:777,-3.9985,-6.70125,"0,36",12,7,"49,27","-0,93","126,65","2,57","-74,22"
2026 03 12 13:04:58:779,-3.9675,-6.78875,"0,36",12,7,"49,27","-0,93","126,65","2,57","-78,12"
2026 03 12 13:04:58:781,-3.9675,-6.78875,"0,36",12,7,"49,27","-0,93","126,65","2,57","-54,69"
2026 03 12 13:04:58:783,-3.9675,-6.78875,"0,36",12,7,"49,27","-0,93","126,65","2,57","-54,69"
2026 03 12 13:04:58:785,-3.9334,-6.78875,"0,36",12,7,"49,27","-0,93","126,65","2,57","-50,78"
2026 03 12 13:04:58:787,-3.9675,-6.78875,"0,36",12,7,"49,27","-0,93","126,65","2,57","-50,78"
2026 03 12 13:04:58:789,-3.9334,-6.78875,"0,36",12,7,"49,27","-0,93","126,65","2,57","-46,87"
2026 03 12 13:04:58:791,-3.9334,-6.78875,"0,36",12,7,"49,27","-0,93","126,65","2,57","-35,16"
2026 03 12 13:04:58:793,-3.9675,-6.78875,"0,36",12,7,"49,27","-0,93","126,65","2,57","-46,87"
2026 03 12 13:04:58:795,-3.9675,-6.78875,"0,36",12,7,"49,27","-0,93","126,65","2,57","-58,59"
2026 03 12 13:04:58:797,-3.9675,-6.70125,"0,36",12,7,"49,27","-0,93","126,65","2,57","-78,12"
2026 03 12 13:04:58:799,-3.9675,-6.78875,"0,36",12,7,"49,27","-0,93","126,65","2,57","-78,12"
2026 03 12 13:04:58:801,-3.9675,-6.70125,"0,36",12,7,"49,27","-0,93","126,65","2,57","-54,69"
2026 03 12 13:04:58:803,-3.9675,-6.70125,"0,36",12,7,"49,27","-0,93","126,65","2,57","-54,69"
2026 03 12 13:04:58:805,-3.9675,-6.78875,"0,36",12,7,"49,27","-0,93","126,65","2,57","-54,69"
2026 03 12 13:04:58:807,-3.9675,-6.70125,"0,36",12,7,"49,27","-0,93","126,65","2,57","-50,78"
2026 03 12 13:04:58:809,-3.9675,-6.70125,"0,36",12,7,"49,27","-0,93","126,65","2,57","-46,87"
2026 03 12 13:04:58:811,-3.9675,-6.70125,"0,36",12,7,"49,27","-0,93","126,65","2,57","-35,16"
2026 03 12 13:04:58:813,-3.9675,-6.70125,"0,36",12,7,"49,27","-0,93","126,65","2,57","-46,87"
2026 03 12 13:04:58:815,-3.9675,-6.78875,"0,36",12,7,"49,27","-0,93","126,65","2,57","-66,41"
2026 03 12 13:04:58:817,-3.9675,-6.78875,"0,36",12,7,"49,27","-0,93","126,65","2,57","-78,12"
2026 03 12 13:04:58:819,-3.9675,-6.70125,"0,36",12,7,"49,27","-0,93","126,65","2,57","-78,12"
2026 03 12 13:04:58:821,-3.9675,-6.87625,"0,36",12,7,"49,27","-0,93","126,65","2,57","-54,69"
2026 03 12 13:04:58:823,-3.9675,-6.78875,"0,36",12,7,"49,27","-0,93","126,65","2,57","-54,69"
2026 03 12 13:04:58:825,-3.9675,-6.70125,"0,36",12,7,"49,27","-0,93","126,65","2,57","-54,69"
2026 03 12 13:04:58:827,-3.9334,-6.78875,"0,36",12,7,"49,27","-0,93","126,65","2,57","-50,78"
2026 03 12 13:04:58:829,-3.9675,-6.78875,"0,36",12,7,"49,27","-0,93","126,65","2,57","-46,87"
2026 03 12 13:04:58:831,-3.9675,-6.78875,"0,36",12,7,"49,27","-0,93","126,65","2,57","-39,06"
2026 03 12 13:04:58:833,-3.9675,-6.78875,"0,36",12,7,"49,27","-0,93","126,65","2,57","-46,87"
2026 03 12 13:04:58:835,-3.9985,-6.78875,"0,36",12,7,"49,27","-0,93","126,65","2,57","-62,5"
2026 03 12 13:04:58:837,-3.9675,-6.78875,"0,36",12,7,"49,27","-0,93","126,65","2,57","-82,03"
2026 03 12 13:04:58:839,-3.9675,-6.70125,"0,36",12,7,"49,27","-0,93","126,65","2,57","-82,03"
2026 03 12 13:04:58:841,-3.9675,-6.78875,"0,36",12,7,"49,27","-0,93","126,65","2,57","-54,69"
2026 03 12 13:04:58:843,-3.9675,-6.70125,"0,36",12,7,"49,27","-0,93","126,65","2,57","-58,59"
2026 03 12 13:04:58:845,-3.9675,-6.70125,"0,36",12,7,"49,27","-0,93","126,65","2,57","-58,59"
2026 03 12 13:04:58:847,-3.9675,-6.78875,"0,36",12,7,"49,27","-0,93","126,65","2,57","-54,69"
2026 03 12 13:04:58:849,-3.9675,-6.78875,"0,36",12,7,"49,27","-0,93","126,65","2,57","-50,78"
2026 03 12 13:04:58:851,-3.9334,-6.78875,"0,36",12,7,"49,27","-0,93","126,65","2,57","-42,97"
2026 03 12 13:04:58:853,-3.9675,-6.70125,"0,36",12,7,"49,27","-0,93","126,65","2,57","-50,78"
2026 03 12 13:04:58:855,-3.9675,-6.70125,"0,36",12,7,"49,27","-0,93","126,65","2,57","-66,41"
2026 03 12 13:04:58:857,-3.9334,-6.78875,"0,36",12,7,"49,27","-0,93","126,65","2,57","-82,03"
2026 03 12 13:04:58:859,-3.9675,-6.70125,"0,36",12,7,"49,27","-0,93","126,65","2,57","-82,03"
2026 03 12 13:04:58:861,-3.9675,-6.70125,"0,36",12,7,"49,27","-0,93","126,65","2,57","-58,59"
2026 03 12 13:04:58:863,-3.9675,-6.70125,"0,36",12,7,"49,27","-0,93","126,65","2,57","-58,59"
2026 03 12 13:04:58:865,-3.9985,-6.70125,"0,36",12,7,"49,27","-0,93","126,65","2,57","-58,59"
2026 03 12 13:04:58:867,-3.9675,-6.78875,"0,36",12,7,"49,27","-0,93","126,65","2,57","-54,69"
2026 03 12 13:04:58:869,-3.9985,-6.78875,"0,36",12,7,"49,27","-0,93","126,65","2,57","-50,78"
2026 03 12 13:04:58:871,-3.9675,-6.78875,"0,36",12,7,"49,27","-0,93","126,65","2,57","-42,97"
2026 03 12 13:04:58:873,-3.9675,-6.78875,"0,36",12,7,"49,27","-0,93","126,65","2,57","-50,78"
2026 03 12 13:04:58:875,-3.9334,-6.78875,"0,36",12,7,"49,27","-0,93","126,65","2,57","-66,41"
2026 03 12 13:04:58:877,-3.9675,-6.78875,"0,36",12,7,"49,27","-0,93","126,65","2,57","-78,12"
2026 03 12 13:04:58:879,-3.9675,-6.78875,"0,36",12,7,"49,27","-0,93","126,65","2,57","-82,03"
2026 03 12 13:04:58:881,-3.9985,-6.78875,"0,36",12,7,"49,27","-0,93","126,65","2,57","-58,59"
2026 03 12 13:04:58:883,-3.9985,-6.78875,"0,36",12,7,"49,27","-0,93","126,65","2,57","-58,59"
2026 03 12 13:04:58:885,-3.9675,-6.70125,"0,36",12,7,"49,27","-0,93","126,65","2,57","-58,59"
2026 03 12 13:04:58:887,-3.9675,-6.70125,"0,36",12,7,"49,27","-0,93","126,65","2,57","-54,69"
2026 03 12 13:04:58:889,-3.9675,-6.78875,"0,36",12,7,"49,27","-0,93","126,65","2,57","-46,87"
2026 03 12 13:04:58:891,-3.9675,-6.70125,"0,36",12,7,"49,27","-0,93","126,65","2,57","-42,97"
2026 03 12 13:04:58:893,-3.9675,-6.78875,"0,36",12,7,"49,27","-0,93","126,65","2,57","-50,78"
2026 03 12 13:04:58:895,-3.9985,-6.78875,"0,36",12,7,"49,27","-0,93","126,65","2,57","-66,41"
2026 03 12 13:04:58:897,-3.9675,-6.70125,"0,36",12,7,"49,27","-0,93","126,65","2,57","-82,03"
2026 03 12 13:04:58:899,-3.9675,-6.78875,"0,36",12,7,"49,27","-0,93","126,65","2,57","-82,03"
2026 03 12 13:04:58:901,-3.9675,-6.78875,"0,36",12,7,"49,27","-0,93","126,65","2,57","-58,59"
2026 03 12 13:04:58:903,-3.9675,-6.70125,"0,36",12,7,"49,27","-0,93","126,65","2,57","-58,59"
2026 03 12 13:04:58:905,-3.9675,-6.70125,"0,36",12,7,"49,27","-0,93","126,65","2,57","-58,59"
2026 03 12 13:04:58:907,-3.9985,-6.70125,"0,36",12,7,"49,27","-0,93","126,65","2,57","-54,69"
2026 03 12 13:04:58:909,-3.9675,-6.78875,"0,36",12,7,"49,27","-0,93","126,65","2,57","-50,78"
2026 03 12 13:04:58:911,-3.9675,-6.78875,"0,3",12,2,"31,71","-0,75","94,7","2,99","-42,97"
2026 03 12 13:04:58:913,-3.9675,-6.78875,"0,3",12,2,"31,71","-0,75","94,7","2,99","-50,78"
2026 03 12 13:04:58:915,-3.9675,-6.78875,"0,3",12,2,"31,71","-0,75","94,7","2,99","-66,41"
2026 03 12 13:04:58:917,-3.9334,-6.61375,"0,3",12,2,"31,71","-0,75","94,7","2,99","-82,03"
2026 03 12 13:04:58:919,-3.9675,-6.78875,"0,3",12,2,"31,71","-0,75","94,7","2,99","-85,94"
2026 03 12 13:04:58:921,-3.9985,-6.78875,"0,3",12,2,"31,71","-0,75","94,7","2,99","-58,59"
2026 03 12 13:04:58:923,-3.9675,-6.70125,"0,3",12,2,"31,71","-0,75","94,7","2,99","-58,59"
2026 03 12 13:04:58:925,-3.9675,-6.70125,"0,3",12,2,"31,71","-0,75","94,7","2,99","-58,59"
2026 03 12 13:04:58:927,-3.9334,-6.70125,"0,3",12,2,"31,71","-0,75","94,7","2,99","-58,59"
2026 03 12 13:04:58:929,-3.9675,-6.78875,"0,3",12,2,"31,71","-0,75","94,7","2,99","-50,78"
2026 03 12 13:04:58:931,-3.9675,-6.70125,"0,3",12,2,"31,71","-0,75","94,7","2,99","-42,97"
2026 03 12 13:04:58:933,-3.9334,-6.78875,"0,3",12,2,"31,71","-0,75","94,7","2,99","-54,69"
2026 03 12 13:04:58:935,-3.9334,-6.78875,"0,3",12,2,"31,71","-0,75","94,7","2,99","-66,41"
2026 03 12 13:04:58:937,-3.9334,-6.78875,"0,3",12,2,"31,71","-0,75","94,7","2,99","-85,94"
2026 03 12 13:04:58:939,-3.9675,-6.70125,"0,3",12,2,"31,71","-0,75","94,7","2,99","-82,03"
2026 03 12 13:04:58:941,-3.9675,-6.78875,"0,3",12,2,"31,71","-0,75","94,7","2,99","-58,59"
2026 03 12 13:04:58:943,-3.9675,-6.70125,"0,3",12,2,"31,71","-0,75","94,7","2,99","-62,5"
2026 03 12 13:04:58:945,-3.9675,-6.70125,"0,3",12,2,"31,71","-0,75","94,7","2,99","-62,5"
2026 03 12 13:04:58:947,-3.9675,-6.70125,"0,3",12,2,"31,71","-0,75","94,7","2,99","-58,59"
2026 03 12 13:04:58:949,-3.9675,-6.70125,"0,3",12,2,"31,71","-0,75","94,7","2,99","-54,69"
2026 03 12 13:04:58:951,-3.9675,-6.78875,"0,3",12,2,"31,71","-0,75","94,7","2,99","-46,87"
2026 03 12 13:04:58:953,-3.9675,-6.78875,"0,3",12,2,"31,71","-0,75","94,7","2,99","-54,69"
2026 03 12 13:04:58:955,-3.9985,-6.78875,"0,3",12,2,"31,71","-0,75","94,7","2,99","-70,31"
2026 03 12 13:04:58:957,-3.9675,-6.78875,"0,3",12,2,"31,71","-0,75","94,7","2,99","-85,94"
2026 03 12 13:04:58:959,-3.9985,-6.78875,"0,3",12,2,"31,71","-0,75","94,7","2,99","-82,03"
2026 03 12 13:04:58:961,-3.9675,-6.87625,"0,3",12,2,"31,71","-0,75","94,7","2,99","-62,5"
2026 03 12 13:04:58:963,-3.9334,-6.70125,"0,3",12,2,"31,71","-0,75","94,7","2,99","-62,5"
2026 03 12 13:04:58:965,-3.9985,-6.70125,"0,3",12,2,"31,71","-0,75","94,7","2,99","-62,5"
2026 03 12 13:04:58:967,-3.9675,-6.78875,"0,3",12,2,"31,71","-0,75","94,7","2,99","-58,59"
2026 03 12 13:04:58:969,-3.9334,-6.70125,"0,3",12,2,"31,71","-0,75","94,7","2,99","-54,69"
2026 03 12 13:04:58:971,-3.9675,-6.78875,"0,3",12,2,"31,71","-0,75","94,7","2,99","-50,78"
2026 03 12 13:04:58:973,-3.9675,-6.87625,"0,3",12,2,"31,71","-0,75","94,7","2,99","-58,59"
2026 03 12 13:04:58:975,-3.9985,-6.78875,"0,3",12,2,"31,71","-0,75","94,7","2,99","-74,22"
2026 03 12 13:04:58:977,-3.9675,-6.78875,"0,3",12,2,"31,71","-0,75","94,7","2,99","-85,94"
2026 03 12 13:04:58:979,-3.9675,-6.70125,"0,3",12,2,"31,71","-0,75","94,7","2,99","-85,94"
2026 03 12 13:04:58:981,-3.9985,-6.70125,"0,3",12,2,"31,71","-0,75","94,7","2,99","-66,41"
2026 03 12 13:04:58:983,-3.9675,-6.87625,"0,3",12,2,"31,71","-0,75","94,7","2,99","-66,41"
2026 03 12 13:04:58:985,-3.9675,-6.78875,"0,3",12,2,"31,71","-0,75","94,7","2,99","-62,5"
2026 03 12 13:04:58:987,-3.9675,-6.78875,"0,3",12,2,"31,71","-0,75","94,7","2,99","-58,59"
2026 03 12 13:04:58:989,-3.9334,-6.70125,"0,3",12,2,"31,71","-0,75","94,7","2,99","-54,69"
2026 03 12 13:04:58:991,-3.9675,-6.78875,"0,3",12,2,"31,71","-0,75","94,7","2,99","-50,78"
2026 03 12 13:04:58:993,-3.9675,-6.70125,"0,3",12,2,"31,71","-0,75","94,7","2,99","-62,5"
2026 03 12 13:04:58:995,-3.9675,-6.70125,"0,3",12,2,"31,71","-0,75","94,7","2,99","-74,22"
2026 03 12 13:04:58:997,-3.9675,-6.78875,"0,3",12,2,"31,71","-0,75","94,7","2,99","-89,84"
2026 03 12 13:04:58:999,-3.9675,-6.78875,"0,3",12,2,"31,71","-0,75","94,7","2,99","-85,94"
2026 03 12 13:04:59:001,-3.9675,-6.78875,"0,3",12,2,"31,71","-0,75","94,7","2,99","-66,41"
2026 03 12 13:04:59:003,-3.9675,-6.78875,"0,3",12,2,"31,71","-0,75","94,7","2,99","-66,41"
2026 03 12 13:04:59:005,-3.9675,-6.70125,"0,3",12,2,"31,71","-0,75","94,7","2,99","-62,5"
2026 03 12 13:04:59:007,-3.9675,-6.61375,"0,3",12,2,"31,71","-0,75","94,7","2,99","-62,5"
2026 03 12 13:04:59:009,-3.9675,-6.78875,"0,3",12,2,"31,71","-0,75","94,7","2,99","-58,59"
2026 03 12 13:04:59:011,-3.9675,-6.78875,"0,3",12,2,"31,71","-0,75","94,7","2,99","-50,78"
2026 03 12 13:04:59:013,-3.9675,-6.78875,"0,3",12,2,"31,71","-0,75","94,7","2,99","-62,5"
2026 03 12 13:04:59:015,-3.9675,-6.87625,"0,3",12,2,"31,71","-0,75","94,7","2,99","-74,22"
2026 03 12 13:04:59:017,-3.9675,-6.70125,"0,3",12,2,"31,71","-0,75","94,7","2,99","-89,84"
2026 03 12 13:04:59:019,-3.9675,-6.70125,"0,3",12,2,"31,71","-0,75","94,7","2,99","-85,94"
2026 03 12 13:04:59:021,-3.9675,-6.70125,"0,3",12,2,"31,71","-0,75","94,7","2,99","-66,41"
2026 03 12 13:04:59:023,-3.9675,-6.78875,"0,3",12,2,"31,71","-0,75","94,7","2,99","-66,41"
2026 03 12 13:04:59:025,-3.9985,-6.78875,"0,3",12,2,"31,71","-0,75","94,7","2,99","-66,41"
2026 03 12 13:04:59:027,-3.9675,-6.78875,"0,3",12,2,"31,71","-0,75","94,7","2,99","-62,5"
2026 03 12 13:04:59:029,-3.9675,-6.78875,"0,3",12,2,"31,71","-0,75","94,7","2,99","-58,59"
2026 03 12 13:04:59:031,-3.9675,-6.78875,"0,3",12,2,"31,71","-0,75","94,7","2,99","-50,78"
2026 03 12 13:04:59:033,-3.9675,-6.78875,"0,3",12,2,"31,71","-0,75","94,7","2,99","-58,59"
2026 03 12 13:04:59:035,-3.9675,-6.78875,"0,3",12,2,"31,71","-0,75","94,7","2,99","-70,31"
2026 03 12 13:04:59:037,-3.9675,-6.70125,"0,3",12,2,"31,71","-0,75","94,7","2,99","-85,94"
2026 03 12 13:04:59:039,-3.9675,-6.78875,"0,3",12,2,"31,71","-0,75","94,7","2,99","-89,84"
2026 03 12 13:04:59:041,-3.9675,-6.87625,"0,3",12,2,"31,71","-0,75","94,7","2,99","-66,41"
2026 03 12 13:04:59:043,-3.9985,-6.78875,"0,3",12,2,"31,71","-0,75","94,7","2,99","-66,41"
2026 03 12 13:04:59:045,-3.9985,-6.70125,"0,3",12,2,"31,71","-0,75","94,7","2,99","-66,41"
2026 03 12 13:04:59:047,-3.9675,-6.70125,"0,3",12,2,"31,71","-0,75","94,7","2,99","-66,41"
2026 03 12 13:04:59:049,-3.9334,-6.70125,"0,3",12,2,"31,71","-0,75","94,7","2,99","-58,59"
2026 03 12 13:04:59:051,-3.9985,-6.78875,"0,3",12,2,"31,71","-0,75","94,7","2,99","-50,78"
2026 03 12 13:04:59:053,-3.9675,-6.78875,"0,3",12,2,"31,71","-0,75","94,7","2,99","-58,59"
2026 03 12 13:04:59:055,-3.9675,-6.78875,"0,3",12,2,"31,71","-0,75","94,7","2,99","-74,22"
2026 03 12 13:04:59:057,-3.9675,-6.70125,"0,3",12,2,"31,71","-0,75","94,7","2,99","-85,94"
2026 03 12 13:04:59:059,-3.9675,-6.70125,"0,3",12,2,"31,71","-0,75","94,7","2,99","-93,75"
2026 03 12 13:04:59:061,-3.9985,-6.78875,"0,3",12,2,"31,71","-0,75","94,7","2,99","-66,41"
2026 03 12 13:04:59:063,-3.9675,-6.78875,"0,3",12,2,"31,71","-0,75","94,7","2,99","-66,41"
2026 03 12 13:04:59:065,-3.9675,-6.78875,"0,3",12,2,"31,71","-0,75","94,7","2,99","-66,41"
2026 03 12 13:04:59:067,-3.9675,-6.78875,"0,3",12,2,"31,71","-0,75","94,7","2,99","-66,41"
2026 03 12 13:04:59:069,-3.9334,-6.78875,"0,3",12,2,"31,71","-0,75","94,7","2,99","-58,59"
2026 03 12 13:04:59:071,-3.9675,-6.78875,"0,3",12,2,"31,71","-0,75","94,7","2,99","-50,78"
2026 03 12 13:04:59:073,-3.9675,-6.70125,"0,3",12,2,"31,71","-0,75","94,7","2,99","-58,59"
2026 03 12 13:04:59:075,-3.9985,-6.70125,"0,3",12,2,"31,71","-0,75","94,7","2,99","-78,12"
2026 03 12 13:04:59:077,-3.9675,-6.78875,"0,3",12,2,"31,71","-0,75","94,7","2,99","-89,84"
2026 03 12 13:04:59:079,-3.9334,-6.78875,"0,3",12,2,"31,71","-0,75","94,7","2,99","-93,75"
2026 03 12 13:04:59:081,-3.9675,-6.70125,"0,3",12,2,"31,71","-0,75","94,7","2,99","-66,41"
2026 03 12 13:04:59:083,-3.9334,-6.70125,"0,3",12,2,"31,71","-0,75","94,7","2,99","-70,31"
2026 03 12 13:04:59:085,-3.9675,-6.78875,"0,3",12,2,"31,71","-0,75","94,7","2,99","-70,31"
2026 03 12 13:04:59:087,-3.9675,-6.78875,"0,3",12,2,"31,71","-0,75","94,7","2,99","-66,41"
2026 03 12 13:04:59:089,-3.9985,-6.70125,"0,3",12,2,"31,71","-0,75","94,7","2,99","-54,69"
2026 03 12 13:04:59:091,-3.9675,-6.78875,"0,3",12,2,"31,71","-0,75","94,7","2,99","-50,78"
2026 03 12 13:04:59:093,-3.9675,-6.70125,"0,3",12,2,"31,71","-0,75","94,7","2,99","-62,5"
2026 03 12 13:04:59:095,-3.9334,-6.78875,"0,3",12,2,"31,71","-0,75","94,7","2,99","-78,12"
2026 03 12 13:04:59:097,-3.9675,-6.78875,"0,3",12,2,"31,71","-0,75","94,7","2,99","-89,84"
2026 03 12 13:04:59:099,-3.9334,-6.70125,"0,3",12,2,"31,71","-0,75","94,7","2,99","-93,75"
2026 03 12 13:04:59:101,-3.9675,-6.78875,"0,3",12,2,"31,71","-0,75","94,7","2,99","-70,31"
2026 03 12 13:04:59:103,-3.9334,-6.61375,"0,3",12,2,"31,71","-0,75","94,7","2,99","-70,31"
2026 03 12 13:04:59:105,-3.9675,-6.70125,"0,3",12,2,"31,71","-0,75","94,7","2,99","-70,31"
2026 03 12 13:04:59:107,-3.9675,-6.70125,"0,3",12,2,"31,71","-0,75","94,7","2,99","-66,41"
2026 03 12 13:04:59:109,-3.9675,-6.78875,"0,3",12,2,"31,71","-0,75","94,7","2,99","-58,59"
2026 03 12 13:04:59:111,-3.9675,-6.78875,"0,3",12,2,"31,71","-0,75","94,7","2,99","-50,78"
2026 03 12 13:04:59:113,-3.9675,-6.78875,"0,3",12,2,"31,71","-0,75","94,7","2,99","-62,5"
2026 03 12 13:04:59:115,-3.9334,-6.70125,"0,3",12,2,"31,71","-0,75","94,7","2,99","-78,12"
2026 03 12 13:04:59:117,-3.9675,-6.78875,"0,3",12,2,"31,71","-0,75","94,7","2,99","-93,75"
2026 03 12 13:04:59:119,-3.9985,-6.78875,"0,3",12,2,"31,71","-0,75","94,7","2,99","-89,84"
2026 03 12 13:04:59:121,-3.9675,-6.78875,"0,3",12,2,"31,71","-0,75","94,7","2,99","-70,31"
2026 03 12 13:04:59:123,-3.9334,-6.78875,"0,3",12,2,"31,71","-0,75","94,7","2,99","-70,31"
2026 03 12 13:04:59:125,-3.9675,-6.78875,"0,3",12,2,"31,71","-0,75","94,7","2,99","-70,31"
2026 03 12 13:04:59:127,-3.9675,-6.70125,"0,3",12,2,"31,71","-0,75","94,7","2,99","-66,41"
2026 03 12 13:04:59:129,-3.9334,-6.78875,"0,3",12,2,"31,71","-0,75","94,7","2,99","-62,5"
2026 03 12 13:04:59:131,-3.9334,-6.78875,"0,3",12,2,"31,71","-0,75","94,7","2,99","-50,78"
2026 03 12 13:04:59:133,-3.9675,-6.70125,"0,3",12,2,"31,71","-0,75","94,7","2,99","-62,5"
2026 03 12 13:04:59:135,-3.9675,-6.78875,"0,3",12,2,"31,71","-0,75","94,7","2,99","-82,03"
2026 03 12 13:04:59:137,-3.9675,-6.78875,"0,3",12,2,"31,71","-0,75","94,7","2,99","-93,75"
2026 03 12 13:04:59:139,-3.9675,-6.78875,"0,3",12,2,"31,71","-0,75","94,7","2,99","-93,75"
2026 03 12 13:04:59:141,-3.9985,-6.70125,"0,3",12,2,"31,71","-0,75","94,7","2,99","-70,31"
2026 03 12 13:04:59:143,-3.9675,-6.78875,"0,3",12,2,"31,71","-0,75","94,7","2,99","-70,31"
2026 03 12 13:04:59:145,-3.9675,-6.70125,"0,3",12,2,"31,71","-0,75","94,7","2,99","-66,41"
2026 03 12 13:04:59:147,-3.9675,-6.70125,"0,3",12,2,"31,71","-0,75","94,7","2,99","-70,31"
2026 03 12 13:04:59:149,-3.9675,-6.78875,"0,3",12,2,"31,71","-0,75","94,7","2,99","-58,59"
2026 03 12 13:04:59:151,-3.9334,-6.70125,"0,3",12,2,"31,71","-0,75","94,7","2,99","-54,69"
2026 03 12 13:04:59:153,-3.9675,-6.61375,"0,3",12,2,"31,71","-0,75","94,7","2,99","-66,41"
2026 03 12 13:04:59:155,-3.9675,-6.78875,"0,3",12,2,"31,71","-0,75","94,7","2,99","-78,12"
2026 03 12 13:04:59:157,-3.9675,-6.78875,"0,3",12,2,"31,71","-0,75","94,7","2,99","-89,84"
2026 03 12 13:04:59:159,-3.9675,-6.78875,"0,3",12,2,"31,71","-0,75","94,7","2,99","-97,66"
2026 03 12 13:04:59:161,-3.9675,-6.78875,"0,3",12,2,"31,71","-0,75","94,7","2,99","-74,22"
2026 03 12 13:04:59:163,-3.9675,-6.78875,"0,3",12,2,"31,71","-0,75","94,7","2,99","-70,31"
2026 03 12 13:04:59:165,-3.9675,-6.70125,"0,3",12,2,"31,71","-0,75","94,7","2,99","-70,31"
2026 03 12 13:04:59:167,-3.9675,-6.70125,"0,3",12,2,"31,71","-0,75","94,7","2,99","-70,31"
2026 03 12 13:04:59:169,-3.9675,-6.78875,"0,3",12,2,"31,71","-0,75","94,7","2,99","-58,59"
2026 03 12 13:04:59:171,-3.9334,-6.87625,"0,3",12,2,"31,71","-0,75","94,7","2,99","-54,69"
2026 03 12 13:04:59:173,-3.9675,-6.78875,"0,3",12,2,"31,71","-0,75","94,7","2,99","-66,41"
2026 03 12 13:04:59:175,-3.9675,-6.87625,"0,3",12,2,"31,71","-0,75","94,7","2,99","-78,12"
2026 03 12 13:04:59:177,-3.9675,-6.78875,"0,3",12,2,"31,71","-0,75","94,7","2,99","-89,84"
2026 03 12 13:04:59:179,-3.9675,-6.70125,"0,3",12,2,"31,71","-0,75","94,7","2,99","-97,66"
2026 03 12 13:04:59:181,-3.9675,-6.78875,"0,3",12,2,"31,71","-0,75","94,7","2,99","-70,31"
2026 03 12 13:04:59:183,-3.9675,-6.87625,"0,3",12,2,"31,71","-0,75","94,7","2,99","-70,31"
2026 03 12 13:04:59:185,-3.9675,-6.87625,"0,3",12,2,"31,71","-0,75","94,7","2,99","-70,31"
2026 03 12 13:04:59:187,-3.9334,-6.87625,"0,3",12,2,"31,71","-0,75","94,7","2,99","-70,31"
2026 03 12 13:04:59:189,-3.9985,-6.78875,"0,3",12,2,"31,71","-0,75","94,7","2,99","-58,59"
2026 03 12 13:04:59:191,-3.9675,-6.78875,"0,3",12,2,"31,71","-0,75","94,7","2,99","-50,78"
2026 03 12 13:04:59:193,-3.9675,-6.78875,"0,3",12,2,"31,71","-0,75","94,7","2,99","-62,5"
2026 03 12 13:04:59:195,-3.9675,-6.70125,"0,3",12,2,"31,71","-0,75","94,7","2,99","-78,12"
2026 03 12 13:04:59:197,-3.9334,-6.78875,"0,3",12,2,"31,71","-0,75","94,7","2,99","-89,84"
2026 03 12 13:04:59:199,-3.9675,-6.70125,"0,3",12,2,"31,71","-0,75","94,7","2,99","-97,66"
2026 03 12 13:04:59:201,-3.9675,-6.70125,"0,3",12,2,"31,71","-0,75","94,7","2,99","-74,22"
2026 03 12 13:04:59:203,-3.9675,-6.70125,"0,3",12,2,"31,71","-0,75","94,7","2,99","-70,31"
2026 03 12 13:04:59:205,-3.9675,-6.78875,"0,3",12,2,"31,71","-0,75","94,7","2,99","-70,31"
2026 03 12 13:04:59:207,-3.9334,-6.78875,"0,3",12,2,"31,71","-0,75","94,7","2,99","-70,31"
2026 03 12 13:04:59:209,-3.9675,-6.70125,"0,3",12,2,"31,71","-0,75","94,7","2,99","-62,5"
2026 03 12 13:04:59:211,-3.9675,-6.70125,"0,3",12,2,"31,71","-0,75","94,7","2,99","-50,78"
2026 03 12 13:04:59:213,-3.9675,-6.78875,"0,27",12,2,"21,19","-0,42","74,13","3,5","-62,5"
2026 03 12 13:04:59:215,-3.9675,-6.70125,"0,27",12,2,"21,19","-0,42","74,13","3,5","-82,03"
2026 03 12 13:04:59:217,-3.9675,-6.78875,"0,27",12,2,"21,19","-0,42","74,13","3,5","-93,75"
2026 03 12 13:04:59:219,-3.9675,-6.78875,"0,27",12,2,"21,19","-0,42","74,13","3,5","-93,75"
2026 03 12 13:04:59:221,-3.9675,-6.78875,"0,27",12,2,"21,19","-0,42","74,13","3,5","-74,22"
2026 03 12 13:04:59:223,-3.9675,-6.78875,"0,27",12,2,"21,19","-0,42","74,13","3,5","-70,31"
2026 03 12 13:04:59:225,-3.9675,-6.78875,"0,27",12,2,"21,19","-0,42","74,13","3,5","-70,31"
2026 03 12 13:04:59:227,-3.9675,-6.78875,"0,27",12,2,"21,19","-0,42","74,13","3,5","-70,31"
2026 03 12 13:04:59:229,-3.9675,-6.78875,"0,27",12,2,"21,19","-0,42","74,13","3,5","-62,5"
2026 03 12 13:04:59:231,-3.9675,-6.78875,"0,27",12,2,"21,19","-0,42","74,13","3,5","-54,69"
2026 03 12 13:04:59:233,-3.9675,-6.78875,"0,27",12,2,"21,19","-0,42","74,13","3,5","-62,5"
2026 03 12 13:04:59:235,-3.9675,-6.70125,"0,27",12,2,"21,19","-0,42","74,13","3,5","-82,03"
2026 03 12 13:04:59:237,-3.9334,-6.78875,"0,27",12,2,"21,19","-0,42","74,13","3,5","-89,84"
2026 03 12 13:04:59:239,-3.9675,-6.70125,"0,27",12,2,"21,19","-0,42","74,13","3,5","-93,75"
2026 03 12 13:04:59:241,-3.9985,-6.78875,"0,27",12,2,"21,19","-0,42","74,13","3,5","-74,22"
2026 03 12 13:04:59:243,-3.9675,-6.70125,"0,27",12,2,"21,19","-0,42","74,13","3,5","-74,22"
2026 03 12 13:04:59:245,-3.9675,-6.78875,"0,27",12,2,"21,19","-0,42","74,13","3,5","-70,31"
2026 03 12 13:04:59:247,-3.9985,-6.78875,"0,27",12,2,"21,19","-0,42","74,13","3,5","-74,22"
2026 03 12 13:04:59:249,-3.9985,-6.78875,"0,27",12,2,"21,19","-0,42","74,13","3,5","-62,5"
2026 03 12 13:04:59:251,-3.9334,-6.70125,"0,27",12,2,"21,19","-0,42","74,13","3,5","-54,69"
2026 03 12 13:04:59:253,-3.9985,-6.78875,"0,27",12,2,"21,19","-0,42","74,13","3,5","-66,41"
2026 03 12 13:04:59:255,-3.9675,-6.70125,"0,27",12,2,"21,19","-0,42","74,13","3,5","-82,03"
2026 03 12 13:04:59:257,-3.9675,-6.70125,"0,27",12,2,"21,19","-0,42","74,13","3,5","-93,75"
2026 03 12 13:04:59:259,-3.9675,-6.78875,"0,27",12,2,"21,19","-0,42","74,13","3,5","-97,66"
2026 03 12 13:04:59:261,-3.9675,-6.78875,"0,27",12,2,"21,19","-0,42","74,13","3,5","-78,12"
2026 03 12 13:04:59:263,-3.9675,-6.78875,"0,27",12,2,"21,19","-0,42","74,13","3,5","-74,22"
2026 03 12 13:04:59:265,-3.9675,-6.78875,"0,27",12,2,"21,19","-0,42","74,13","3,5","-70,31"
2026 03 12 13:04:59:267,-3.9334,-6.78875,"0,27",12,2,"21,19","-0,42","74,13","3,5","-74,22"
2026 03 12 13:04:59:269,-3.9675,-6.70125,"0,27",12,2,"21,19","-0,42","74,13","3,5","-62,5"
2026 03 12 13:04:59:271,-3.9675,-6.78875,"0,27",12,2,"21,19","-0,42","74,13","3,5","-58,59"
2026 03 12 13:04:59:273,-3.9675,-6.78875,"0,27",12,2,"21,19","-0,42","74,13","3,5","-70,31"
2026 03 12 13:04:59:275,-3.9675,-6.78875,"0,27",12,2,"21,19","-0,42","74,13","3,5","-82,03"
2026 03 12 13:04:59:277,-3.9675,-6.70125,"0,27",12,2,"21,19","-0,42","74,13","3,5","-93,75"
2026 03 12 13:04:59:279,-3.9675,-6.70125,"0,27",12,2,"21,19","-0,42","74,13","3,5","-97,66"
2026 03 12 13:04:59:281,-3.9675,-6.70125,"0,27",12,2,"21,19","-0,42","74,13","3,5","-74,22"
2026 03 12 13:04:59:283,-3.9675,-6.70125,"0,27",12,2,"21,19","-0,42","74,13","3,5","-74,22"
2026 03 12 13:04:59:285,-3.9675,-6.61375,"0,27",12,2,"21,19","-0,42","74,13","3,5","-74,22"
2026 03 12 13:04:59:287,-3.9985,-6.78875,"0,27",12,2,"21,19","-0,42","74,13","3,5","-74,22"
2026 03 12 13:04:59:289,-3.9985,-6.87625,"0,27",12,2,"21,19","-0,42","74,13","3,5","-62,5"
2026 03 12 13:04:59:291,-3.9675,-6.78875,"0,27",12,2,"21,19","-0,42","74,13","3,5","-58,59"
2026 03 12 13:04:59:293,-3.9985,-6.70125,"0,27",12,2,"21,19","-0,42","74,13","3,5","-70,31"
2026 03 12 13:04:59:295,-3.9675,-6.70125,"0,27",12,2,"21,19","-0,42","74,13","3,5","-85,94"
2026 03 12 13:04:59:297,-3.9675,-6.70125,"0,27",12,2,"21,19","-0,42","74,13","3,5","-97,66"
2026 03 12 13:04:59:299,-3.9675,-6.78875,"0,27",12,2,"21,19","-0,42","74,13","3,5","-97,66"
2026 03 12 13:04:59:301,-3.9675,-6.78875,"0,27",12,2,"21,19","-0,42","74,13","3,5","-78,12"
2026 03 12 13:04:59:303,-3.9675,-6.78875,"0,27",12,2,"21,19","-0,42","74,13","3,5","-74,22"
2026 03 12 13:04:59:305,-3.9675,-6.78875,"0,27",12,2,"21,19","-0,42","74,13","3,5","-74,22"
2026 03 12 13:04:59:307,-3.9675,-6.78875,"0,27",12,2,"21,19","-0,42","74,13","3,5","-74,22"
2026 03 12 13:04:59:309,-3.9675,-6.70125,"0,27",12,2,"21,19","-0,42","74,13","3,5","-62,5"
2026 03 12 13:04:59:311,-3.9675,-6.70125,"0,27",12,2,"21,19","-0,42","74,13","3,5","-62,5"
2026 03 12 13:04:59:313,-3.9334,-6.78875,"0,27",12,2,"21,19","-0,42","74,13","3,5","-70,31"
2026 03 12 13:04:59:315,-3.9675,-6.78875,"0,27",12,2,"21,19","-0,42","74,13","3,5","-85,94"
2026 03 12 13:04:59:317,-3.9675,-6.78875,"0,27",12,2,"21,19","-0,42","74,13","3,5","-97,66"
2026 03 12 13:04:59:319,-3.9675,-6.70125,"0,27",12,2,"21,19","-0,42","74,13","3,5","-97,66"
2026 03 12 13:04:59:321,-3.9675,-6.70125,"0,27",12,2,"21,19","-0,42","74,13","3,5","-74,22"
2026 03 12 13:04:59:323,-3.9675,-6.78875,"0,27",12,2,"21,19","-0,42","74,13","3,5","-74,22"
2026 03 12 13:04:59:325,-3.9675,-6.78875,"0,27",12,2,"21,19","-0,42","74,13","3,5","-74,22"
2026 03 12 13:04:59:327,-3.9675,-6.78875,"0,27",12,2,"21,19","-0,42","74,13","3,5","-74,22"
2026 03 12 13:04:59:329,-3.9334,-6.78875,"0,27",12,2,"21,19","-0,42","74,13","3,5","-62,5"
2026 03 12 13:04:59:331,-3.9675,-6.78875,"0,27",12,2,"21,19","-0,42","74,13","3,5","-62,5"
2026 03 12 13:04:59:333,-3.9675,-6.70125,"0,27",12,2,"21,19","-0,42","74,13","3,5","-70,31"
2026 03 12 13:04:59:335,-3.9675,-6.70125,"0,27",12,2,"21,19","-0,42","74,13","3,5","-85,94"
2026 03 12 13:04:59:337,-3.9675,-6.78875,"0,27",12,2,"21,19","-0,42","74,13","3,5","-101,56"
2026 03 12 13:04:59:339,-3.9675,-6.70125,"0,27",12,2,"21,19","-0,42","74,13","3,5","-97,66"
2026 03 12 13:04:59:341,-3.9675,-6.70125,"0,27",12,2,"21,19","-0,42","74,13","3,5","-74,22"
2026 03 12 13:04:59:343,-3.9675,-6.78875,"0,27",12,2,"21,19","-0,42","74,13","3,5","-74,22"
2026 03 12 13:04:59:345,-3.9675,-6.70125,"0,27",12,2,"21,19","-0,42","74,13","3,5","-74,22"
2026 03 12 13:04:59:347,-3.9675,-6.78875,"0,27",12,2,"21,19","-0,42","74,13","3,5","-78,12"
2026 03 12 13:04:59:349,-3.9985,-6.78875,"0,27",12,2,"21,19","-0,42","74,13","3,5","-62,5"
2026 03 12 13:04:59:351,-3.9675,-6.70125,"0,27",12,2,"21,19","-0,42","74,13","3,5","-58,59"
2026 03 12 13:04:59:353,-3.9334,-6.78875,"0,27",12,2,"21,19","-0,42","74,13","3,5","-70,31"
2026 03 12 13:04:59:355,-3.9334,-6.78875,"0,27",12,2,"21,19","-0,42","74,13","3,5","-82,03"
2026 03 12 13:04:59:357,-3.9334,-6.70125,"0,27",12,2,"21,19","-0,42","74,13","3,5","-93,75"
2026 03 12 13:04:59:359,-3.9334,-6.78875,"0,27",12,2,"21,19","-0,42","74,13","3,5","-97,66"
2026 03 12 13:04:59:361,-3.9985,-6.87625,"0,27",12,2,"21,19","-0,42","74,13","3,5","-74,22"
2026 03 12 13:04:59:363,-3.9985,-6.70125,"0,27",12,2,"21,19","-0,42","74,13","3,5","-74,22"
2026 03 12 13:04:59:365,-3.9675,-6.78875,"0,27",12,2,"21,19","-0,42","74,13","3,5","-78,12"
2026 03 12 13:04:59:367,-3.9675,-6.78875,"0,27",12,2,"21,19","-0,42","74,13","3,5","-74,22"
2026 03 12 13:04:59:369,-3.9675,-6.78875,"0,27",12,2,"21,19","-0,42","74,13","3,5","-66,41"
2026 03 12 13:04:59:371,-3.9675,-6.78875,"0,27",12,2,"21,19","-0,42","74,13","3,5","-58,59"
2026 03 12 13:04:59:373,-3.9675,-6.78875,"0,27",12,2,"21,19","-0,42","74,13","3,5","-66,41"
2026 03 12 13:04:59:375,-3.9675,-6.78875,"0,27",12,2,"21,19","-0,42","74,13","3,5","-82,03"
2026 03 12 13:04:59:377,-3.9675,-6.78875,"0,27",12,2,"21,19","-0,42","74,13","3,5","-97,66"
2026 03 12 13:04:59:379,-3.9675,-6.78875,"0,27",12,2,"21,19","-0,42","74,13","3,5","-105,47"
2026 03 12 13:04:59:381,-3.9985,-6.78875,"0,27",12,2,"21,19","-0,42","74,13","3,5","-74,22"
2026 03 12 13:04:59:383,-3.9675,-6.78875,"0,27",12,2,"21,19","-0,42","74,13","3,5","-74,22"
2026 03 12 13:04:59:385,-3.9675,-6.78875,"0,27",12,2,"21,19","-0,42","74,13","3,5","-78,12"
2026 03 12 13:04:59:387,-3.9675,-6.78875,"0,27",12,2,"21,19","-0,42","74,13","3,5","-74,22"
2026 03 12 13:04:59:389,-3.9334,-6.70125,"0,27",12,2,"21,19","-0,42","74,13","3,5","-66,41"
2026 03 12 13:04:59:391,-3.9985,-6.70125,"0,27",12,2,"21,19","-0,42","74,13","3,5","-58,59"
2026 03 12 13:04:59:393,-3.9334,-6.78875,"0,27",12,2,"21,19","-0,42","74,13","3,5","-66,41"
2026 03 12 13:04:59:395,-3.9675,-6.70125,"0,27",12,2,"21,19","-0,42","74,13","3,5","-85,94"
2026 03 12 13:04:59:397,-3.9675,-6.78875,"0,27",12,2,"21,19","-0,42","74,13","3,5","-93,75"
2026 03 12 13:04:59:399,-3.9985,-6.78875,"0,27",12,2,"21,19","-0,42","74,13","3,5","-105,47"
2026 03 12 13:04:59:401,-3.9675,-6.70125,"0,27",12,2,"21,19","-0,42","74,13","3,5","-78,12"
2026 03 12 13:04:59:403,-3.9985,-6.70125,"0,27",12,2,"21,19","-0,42","74,13","3,5","-78,12"
2026 03 12 13:04:59:405,-3.9675,-6.78875,"0,27",12,2,"21,19","-0,42","74,13","3,5","-74,22"
2026 03 12 13:04:59:407,-3.9675,-6.70125,"0,27",12,2,"21,19","-0,42","74,13","3,5","-74,22"
2026 03 12 13:04:59:409,-3.9675,-6.70125,"0,27",12,2,"21,19","-0,42","74,13","3,5","-62,5"
2026 03 12 13:04:59:411,-3.9675,-6.78875,"0,27",12,2,"21,19","-0,42","74,13","3,5","-58,59"
2026 03 12 13:04:59:413,-3.9334,-6.87625,"0,27",12,2,"21,19","-0,42","74,13","3,5","-66,41"
2026 03 12 13:04:59:415,-3.9675,-6.78875,"0,27",12,2,"21,19","-0,42","74,13","3,5","-85,94"
2026 03 12 13:04:59:417,-3.9675,-6.78875,"0,27",12,2,"21,19","-0,42","74,13","3,5","-97,66"
2026 03 12 13:04:59:419,-3.9675,-6.70125,"0,27",12,2,"21,19","-0,42","74,13","3,5","-101,56"
2026 03 12 13:04:59:421,-3.9675,-6.78875,"0,27",12,2,"21,19","-0,42","74,13","3,5","-78,12"
2026 03 12 13:04:59:423,-3.9675,-6.70125,"0,27",12,2,"21,19","-0,42","74,13","3,5","-78,12"
2026 03 12 13:04:59:425,-3.9675,-6.78875,"0,27",12,2,"21,19","-0,42","74,13","3,5","-78,12"
2026 03 12 13:04:59:427,-3.9985,-6.78875,"0,27",12,2,"21,19","-0,42","74,13","3,5","-74,22"
2026 03 12 13:04:59:429,-3.9334,-6.70125,"0,27",12,2,"21,19","-0,42","74,13","3,5","-62,5"
2026 03 12 13:04:59:431,-3.9334,-6.78875,"0,27",12,2,"21,19","-0,42","74,13","3,5","-62,5"
2026 03 12 13:04:59:433,-3.9675,-6.78875,"0,27",12,2,"21,19","-0,42","74,13","3,5","-70,31"
2026 03 12 13:04:59:435,-3.9675,-6.70125,"0,27",12,2,"21,19","-0,42","74,13","3,5","-85,94"
2026 03 12 13:04:59:437,-3.9334,-6.70125,"0,27",12,2,"21,19","-0,42","74,13","3,5","-97,66"
2026 03 12 13:04:59:439,-3.9985,-6.70125,"0,27",12,2,"21,19","-0,42","74,13","3,5","-105,47"
2026 03 12 13:04:59:441,-3.9675,-6.78875,"0,27",12,2,"21,19","-0,42","74,13","3,5","-78,12"
2026 03 12 13:04:59:443,-3.9985,-6.70125,"0,27",12,2,"21,19","-0,42","74,13","3,5","-78,12"
2026 03 12 13:04:59:445,-3.9985,-6.70125,"0,27",12,2,"21,19","-0,42","74,13","3,5","-78,12"
2026 03 12 13:04:59:447,-3.9985,-6.70125,"0,27",12,2,"21,19","-0,42","74,13","3,5","-74,22"
2026 03 12 13:04:59:449,-3.9985,-6.78875,"0,27",12,2,"21,19","-0,42","74,13","3,5","-66,41"
2026 03 12 13:04:59:451,-3.9985,-6.78875,"0,27",12,2,"21,19","-0,42","74,13","3,5","-62,5"
2026 03 12 13:04:59:453,-3.9985,-6.70125,"0,27",12,2,"21,19","-0,42","74,13","3,5","-74,22"
2026 03 12 13:04:59:455,-3.9675,-6.70125,"0,27",12,2,"21,19","-0,42","74,13","3,5","-85,94"
2026 03 12 13:04:59:457,-3.9985,-6.70125,"0,27",12,2,"21,19","-0,42","74,13","3,5","-101,56"
2026 03 12 13:04:59:459,-3.9675,-6.78875,"0,27",12,2,"21,19","-0,42","74,13","3,5","-101,56"
2026 03 12 13:04:59:461,-3.9675,-6.70125,"0,27",12,2,"21,19","-0,42","74,13","3,5","-78,12"
2026 03 12 13:04:59:463,-3.9675,-6.78875,"0,27",12,2,"21,19","-0,42","74,13","3,5","-78,12"
2026 03 12 13:04:59:465,-3.9675,-6.78875,"0,27",12,2,"21,19","-0,42","74,13","3,5","-78,12"
2026 03 12 13:04:59:467,-3.9334,-6.78875,"0,27",12,2,"21,19","-0,42","74,13","3,5","-74,22"
2026 03 12 13:04:59:469,-3.9675,-6.78875,"0,27",12,2,"21,19","-0,42","74,13","3,5","-66,41"
2026 03 12 13:04:59:471,-3.9675,-6.78875,"0,27",12,2,"21,19","-0,42","74,13","3,5","-62,5"
2026 03 12 13:04:59:473,-3.9675,-6.78875,"0,27",12,2,"21,19","-0,42","74,13","3,5","-70,31"
2026 03 12 13:04:59:475,-3.9675,-6.78875,"0,27",12,2,"21,19","-0,42","74,13","3,5","-85,94"
2026 03 12 13:04:59:477,-3.9675,-6.78875,"0,27",12,2,"21,19","-0,42","74,13","3,5","-97,66"
2026 03 12 13:04:59:479,-3.9675,-6.70125,"0,27",12,2,"21,19","-0,42","74,13","3,5","-101,56"
2026 03 12 13:04:59:481,-3.9675,-6.70125,"0,27",12,2,"21,19","-0,42","74,13","3,5","-78,12"
2026 03 12 13:04:59:483,-3.9985,-6.87625,"0,27",12,2,"21,19","-0,42","74,13","3,5","-78,12"
2026 03 12 13:04:59:485,-3.9675,-6.78875,"0,27",12,2,"21,19","-0,42","74,13","3,5","-78,12"
2026 03 12 13:04:59:487,-3.9675,-6.78875,"0,27",12,2,"21,19","-0,42","74,13","3,5","-74,22"
2026 03 12 13:04:59:489,-3.9675,-6.78875,"0,27",12,2,"21,19","-0,42","74,13","3,5","-66,41"
2026 03 12 13:04:59:491,-3.9675,-6.78875,"0,27",12,2,"21,19","-0,42","74,13","3,5","-58,59"
2026 03 12 13:04:59:493,-3.9675,-6.78875,"0,27",12,2,"21,19","-0,42","74,13","3,5","-66,41"
2026 03 12 13:04:59:495,-3.9334,-6.70125,"0,27",12,2,"21,19","-0,42","74,13","3,5","-85,94"
2026 03 12 13:04:59:497,-3.9334,-6.70125,"0,27",12,2,"21,19","-0,42","74,13","3,5","-97,66"
2026 03 12 13:04:59:499,-3.9675,-6.70125,"0,27",12,2,"21,19","-0,42","74,13","3,5","-101,56"
2026 03 12 13:04:59:501,-3.9675,-6.70125,"0,27",12,2,"21,19","-0,42","74,13","3,5","-78,12"
2026 03 12 13:04:59:503,-3.9675,-6.70125,"0,27",12,2,"21,19","-0,42","74,13","3,5","-78,12"
2026 03 12 13:04:59:505,-3.9675,-6.78875,"0,27",12,2,"21,19","-0,42","74,13","3,5","-78,12"
2026 03 12 13:04:59:507,-3.9675,-6.78875,"0,27",12,2,"21,19","-0,42","74,13","3,5","-74,22"
2026 03 12 13:04:59:509,-3.9675,-6.78875,"0,27",12,2,"21,19","-0,42","74,13","3,5","-66,41"
2026 03 12 13:04:59:511,-3.9675,-6.78875,"0,27",12,2,"21,19","-0,42","74,13","3,5","-62,5"
2026 03 12 13:04:59:513,-3.9675,-6.78875,"0,27",12,2,"15,55","0,05","56,56","3,64","-70,31"
2026 03 12 13:04:59:515,-3.9985,-6.78875,"0,27",12,2,"15,55","0,05","56,56","3,64","-89,84"
2026 03 12 13:04:59:517,-3.9334,-6.78875,"0,27",12,2,"15,55","0,05","56,56","3,64","-97,66"
2026 03 12 13:04:59:519,-3.9675,-6.78875,"0,27",12,2,"15,55","0,05","56,56","3,64","-105,47"
2026 03 12 13:04:59:521,-3.9985,-6.87625,"0,27",12,2,"15,55","0,05","56,56","3,64","-78,12"
2026 03 12 13:04:59:523,-3.9334,-6.70125,"0,27",12,2,"15,55","0,05","56,56","3,64","-82,03"
2026 03 12 13:04:59:525,-3.9675,-6.87625,"0,27",12,2,"15,55","0,05","56,56","3,64","-74,22"
2026 03 12 13:04:59:527,-3.9675,-6.78875,"0,27",12,2,"15,55","0,05","56,56","3,64","-74,22"
2026 03 12 13:04:59:529,-3.9675,-6.78875,"0,27",12,2,"15,55","0,05","56,56","3,64","-66,41"
2026 03 12 13:04:59:531,-3.9675,-6.78875,"0,27",12,2,"15,55","0,05","56,56","3,64","-58,59"
2026 03 12 13:04:59:533,-3.9334,-6.70125,"0,27",12,2,"15,55","0,05","56,56","3,64","-70,31"
2026 03 12 13:04:59:535,-3.9675,-6.70125,"0,27",12,2,"15,55","0,05","56,56","3,64","-85,94"
2026 03 12 13:04:59:537,-3.9675,-6.78875,"0,27",12,2,"15,55","0,05","56,56","3,64","-101,56"
2026 03 12 13:04:59:539,-3.9985,-6.87625,"0,27",12,2,"15,55","0,05","56,56","3,64","-97,66"
2026 03 12 13:04:59:541,-3.9675,-6.70125,"0,27",12,2,"15,55","0,05","56,56","3,64","-78,12"
2026 03 12 13:04:59:543,-3.9985,-6.70125,"0,27",12,2,"15,55","0,05","56,56","3,64","-82,03"
2026 03 12 13:04:59:545,-3.9985,-6.78875,"0,27",12,2,"15,55","0,05","56,56","3,64","-78,12"
2026 03 12 13:04:59:547,-3.9334,-6.78875,"0,27",12,2,"15,55","0,05","56,56","3,64","-74,22"
2026 03 12 13:04:59:549,-3.9985,-6.78875,"0,27",12,2,"15,55","0,05","56,56","3,64","-66,41"
2026 03 12 13:04:59:551,-3.9675,-6.78875,"0,27",12,2,"15,55","0,05","56,56","3,64","-62,5"
2026 03 12 13:04:59:553,-3.9675,-6.78875,"0,27",12,2,"15,55","0,05","56,56","3,64","-70,31"
2026 03 12 13:04:59:555,-3.9675,-6.70125,"0,27",12,2,"15,55","0,05","56,56","3,64","-89,84"
2026 03 12 13:04:59:557,-3.9675,-6.78875,"0,27",12,2,"15,55","0,05","56,56","3,64","-101,56"
2026 03 12 13:04:59:559,-3.9675,-6.78875,"0,27",12,2,"15,55","0,05","56,56","3,64","-101,56"
2026 03 12 13:04:59:561,-3.9675,-6.78875,"0,27",12,2,"15,55","0,05","56,56","3,64","-78,12"
2026 03 12 13:04:59:563,-3.9675,-6.70125,"0,27",12,2,"15,55","0,05","56,56","3,64","-78,12"
2026 03 12 13:04:59:565,-3.9675,-6.70125,"0,27",12,2,"15,55","0,05","56,56","3,64","-78,12"
2026 03 12 13:04:59:567,-3.9675,-6.87625,"0,27",12,2,"15,55","0,05","56,56","3,64","-74,22"
2026 03 12 13:04:59:569,-3.9675,-6.78875,"0,27",12,2,"15,55","0,05","56,56","3,64","-70,31"
2026 03 12 13:04:59:571,-3.9675,-6.70125,"0,27",12,2,"15,55","0,05","56,56","3,64","-62,5"
2026 03 12 13:04:59:573,-3.9675,-6.78875,"0,27",12,2,"15,55","0,05","56,56","3,64","-70,31"
2026 03 12 13:04:59:575,-3.9675,-6.78875,"0,27",12,2,"15,55","0,05","56,56","3,64","-89,84"
2026 03 12 13:04:59:577,-3.9675,-6.78875,"0,27",12,2,"15,55","0,05","56,56","3,64","-105,47"
2026 03 12 13:04:59:579,-3.9675,-6.70125,"0,27",12,2,"15,55","0,05","56,56","3,64","-97,66"
2026 03 12 13:04:59:581,-3.9675,-6.70125,"0,27",12,2,"15,55","0,05","56,56","3,64","-78,12"
2026 03 12 13:04:59:583,-3.9675,-6.78875,"0,27",12,2,"15,55","0,05","56,56","3,64","-78,12"
2026 03 12 13:04:59:585,-3.9985,-6.78875,"0,27",12,2,"15,55","0,05","56,56","3,64","-78,12"
2026 03 12 13:04:59:587,-3.9675,-6.78875,"0,27",12,2,"15,55","0,05","56,56","3,64","-78,12"
2026 03 12 13:04:59:589,-3.9675,-6.78875,"0,27",12,2,"15,55","0,05","56,56","3,64","-66,41"
2026 03 12 13:04:59:591,-3.9675,-6.70125,"0,27",12,2,"15,55","0,05","56,56","3,64","-66,41"
2026 03 12 13:04:59:593,-3.9675,-6.70125,"0,27",12,2,"15,55","0,05","56,56","3,64","-70,31"
2026 03 12 13:04:59:595,-3.9985,-6.78875,"0,27",12,2,"15,55","0,05","56,56","3,64","-89,84"
2026 03 12 13:04:59:597,-3.9675,-6.78875,"0,27",12,2,"15,55","0,05","56,56","3,64","-101,56"
2026 03 12 13:04:59:599,-3.9675,-6.70125,"0,27",12,2,"15,55","0,05","56,56","3,64","-97,66"
2026 03 12 13:04:59:601,-3.9675,-6.70125,"0,27",12,2,"15,55","0,05","56,56","3,64","-78,12"
2026 03 12 13:04:59:603,-3.9675,-6.78875,"0,27",12,2,"15,55","0,05","56,56","3,64","-78,12"
2026 03 12 13:04:59:605,-3.9675,-6.78875,"0,27",12,2,"15,55","0,05","56,56","3,64","-78,12"
2026 03 12 13:04:59:607,-3.9675,-6.78875,"0,27",12,2,"15,55","0,05","56,56","3,64","-78,12"
2026 03 12 13:04:59:609,-3.9985,-6.78875,"0,27",12,2,"15,55","0,05","56,56","3,64","-66,41"
2026 03 12 13:04:59:611,-3.9675,-6.78875,"0,27",12,2,"15,55","0,05","56,56","3,64","-66,41"
2026 03 12 13:04:59:613,-3.9334,-6.70125,"0,27",12,2,"15,55","0,05","56,56","3,64","-74,22"
2026 03 12 13:04:59:615,-3.9675,-6.78875,"0,27",12,2,"15,55","0,05","56,56","3,64","-89,84"
2026 03 12 13:04:59:617,-3.9334,-6.78875,"0,27",12,2,"15,55","0,05","56,56","3,64","-101,56"
2026 03 12 13:04:59:619,-3.9675,-6.78875,"0,27",12,2,"15,55","0,05","56,56","3,64","-101,56"
2026 03 12 13:04:59:621,-3.9334,-6.87625,"0,27",12,2,"15,55","0,05","56,56","3,64","-78,12"
2026 03 12 13:04:59:623,-3.9985,-6.78875,"0,27",12,2,"15,55","0,05","56,56","3,64","-78,12"
2026 03 12 13:04:59:625,-3.9675,-6.78875,"0,27",12,2,"15,55","0,05","56,56","3,64","-82,03"
2026 03 12 13:04:59:627,-3.9985,-6.70125,"0,27",12,2,"15,55","0,05","56,56","3,64","-78,12"
2026 03 12 13:04:59:629,-3.9675,-6.78875,"0,27",12,2,"15,55","0,05","56,56","3,64","-66,41"
2026 03 12 13:04:59:631,-3.9675,-6.78875,"0,27",12,2,"15,55","0,05","56,56","3,64","-70,31"
2026 03 12 13:04:59:633,-3.9334,-6.78875,"0,27",12,2,"15,55","0,05","56,56","3,64","-74,22"
2026 03 12 13:04:59:635,-3.9985,-6.78875,"0,27",12,2,"15,55","0,05","56,56","3,64","-89,84"
2026 03 12 13:04:59:637,-3.9334,-6.70125,"0,27",12,2,"15,55","0,05","56,56","3,64","-105,47"
2026 03 12 13:04:59:639,-3.9675,-6.78875,"0,27",12,2,"15,55","0,05","56,56","3,64","-101,56"
2026 03 12 13:04:59:641,-3.9675,-6.70125,"0,27",12,2,"15,55","0,05","56,56","3,64","-82,03"
2026 03 12 13:04:59:643,-3.9675,-6.70125,"0,27",12,2,"15,55","0,05","56,56","3,64","-82,03"
2026 03 12 13:04:59:645,-3.9675,-6.70125,"0,27",12,2,"15,55","0,05","56,56","3,64","-78,12"
2026 03 12 13:04:59:647,-3.9675,-6.78875,"0,27",12,2,"15,55","0,05","56,56","3,64","-78,12"
2026 03 12 13:04:59:649,-3.9985,-6.78875,"0,27",12,2,"15,55","0,05","56,56","3,64","-66,41"
2026 03 12 13:04:59:651,-3.9334,-6.78875,"0,27",12,2,"15,55","0,05","56,56","3,64","-66,41"
2026 03 12 13:04:59:653,-3.9675,-6.78875,"0,27",12,2,"15,55","0,05","56,56","3,64","-74,22"
2026 03 12 13:04:59:655,-3.9334,-6.70125,"0,27",12,2,"15,55","0,05","56,56","3,64","-89,84"
2026 03 12 13:04:59:657,-3.9675,-6.70125,"0,27",12,2,"15,55","0,05","56,56","3,64","-105,47"
2026 03 12 13:04:59:659,-3.9675,-6.78875,"0,27",12,2,"15,55","0,05","56,56","3,64","-101,56"
2026 03 12 13:04:59:661,-3.9334,-6.70125,"0,27",12,2,"15,55","0,05","56,56","3,64","-82,03"
2026 03 12 13:04:59:663,-3.9675,-6.78875,"0,27",12,2,"15,55","0,05","56,56","3,64","-78,12"
2026 03 12 13:04:59:665,-3.9675,-6.78875,"0,27",12,2,"15,55","0,05","56,56","3,64","-82,03"
2026 03 12 13:04:59:667,-3.9675,-6.70125,"0,27",12,2,"15,55","0,05","56,56","3,64","-78,12"
2026 03 12 13:04:59:669,-3.9985,-6.78875,"0,27",12,2,"15,55","0,05","56,56","3,64","-66,41"
2026 03 12 13:04:59:671,-3.9675,-6.78875,"0,27",12,2,"15,55","0,05","56,56","3,64","-66,41"
2026 03 12 13:04:59:673,-3.9334,-6.78875,"0,27",12,2,"15,55","0,05","56,56","3,64","-70,31"
2026 03 12 13:04:59:675,-3.9675,-6.70125,"0,27",12,2,"15,55","0,05","56,56","3,64","-85,94"
2026 03 12 13:04:59:677,-3.9675,-6.70125,"0,27",12,2,"15,55","0,05","56,56","3,64","-101,56"
2026 03 12 13:04:59:679,-3.9675,-6.78875,"0,27",12,2,"15,55","0,05","56,56","3,64","-105,47"
2026 03 12 13:04:59:681,-3.9675,-6.70125,"0,27",12,2,"15,55","0,05","56,56","3,64","-82,03"
2026 03 12 13:04:59:683,-3.9675,-6.87625,"0,27",12,2,"15,55","0,05","56,56","3,64","-82,03"
2026 03 12 13:04:59:685,-3.9675,-6.70125,"0,27",12,2,"15,55","0,05","56,56","3,64","-82,03"
2026 03 12 13:04:59:687,-3.9675,-6.70125,"0,27",12,2,"15,55","0,05","56,56","3,64","-78,12"
2026 03 12 13:04:59:689,-3.9985,-6.70125,"0,27",12,2,"15,55","0,05","56,56","3,64","-70,31"
2026 03 12 13:04:59:691,-3.9675,-6.78875,"0,27",12,2,"15,55","0,05","56,56","3,64","-62,5"
2026 03 12 13:04:59:693,-3.9334,-6.70125,"0,27",12,2,"15,55","0,05","56,56","3,64","-70,31"
2026 03 12 13:04:59:695,-3.9675,-6.78875,"0,27",12,2,"15,55","0,05","56,56","3,64","-89,84"
2026 03 12 13:04:59:697,-3.9675,-6.78875,"0,27",12,2,"15,55","0,05","56,56","3,64","-97,66"
2026 03 12 13:04:59:699,-3.9985,-6.70125,"0,27",12,2,"15,55","0,05","56,56","3,64","-109,37"
2026 03 12 13:04:59:701,-3.9675,-6.78875,"0,27",12,2,"15,55","0,05","56,56","3,64","-82,03"
2026 03 12 13:04:59:703,-3.9675,-6.78875,"0,27",12,2,"15,55","0,05","56,56","3,64","-78,12"
2026 03 12 13:04:59:705,-3.9675,-6.70125,"0,27",12,2,"15,55","0,05","56,56","3,64","-82,03"
2026 03 12 13:04:59:707,-3.9675,-6.70125,"0,27",12,2,"15,55","0,05","56,56","3,64","-78,12"
2026 03 12 13:04:59:709,-3.9675,-6.78875,"0,27",12,2,"15,55","0,05","56,56","3,64","-66,41"
2026 03 12 13:04:59:711,-3.9675,-6.78875,"0,27",12,2,"15,55","0,05","56,56","3,64","-62,5"
2026 03 12 13:04:59:713,-3.9675,-6.78875,"0,27",12,2,"15,55","0,05","56,56","3,64","-74,22"
2026 03 12 13:04:59:715,-3.9675,-6.78875,"0,27",12,2,"15,55","0,05","56,56","3,64","-89,84"
2026 03 12 13:04:59:717,-3.9985,-6.70125,"0,27",12,2,"15,55","0,05","56,56","3,64","-101,56"
2026 03 12 13:04:59:719,-3.9985,-6.70125,"0,27",12,2,"15,55","0,05","56,56","3,64","-105,47"
2026 03 12 13:04:59:721,-3.9985,-6.78875,"0,27",12,2,"15,55","0,05","56,56","3,64","-82,03"
2026 03 12 13:04:59:723,-3.9334,-6.70125,"0,27",12,2,"15,55","0,05","56,56","3,64","-78,12"
2026 03 12 13:04:59:725,-3.9334,-6.78875,"0,27",12,2,"15,55","0,05","56,56","3,64","-82,03"
2026 03 12 13:04:59:727,-3.9334,-6.78875,"0,27",12,2,"15,55","0,05","56,56","3,64","-78,12"
2026 03 12 13:04:59:729,-3.9675,-6.78875,"0,27",12,2,"15,55","0,05","56,56","3,64","-70,31"
2026 03 12 13:04:59:731,-3.9675,-6.70125,"0,27",12,2,"15,55","0,05","56,56","3,64","-62,5"
2026 03 12 13:04:59:733,-3.9675,-6.78875,"0,27",12,2,"15,55","0,05","56,56","3,64","-70,31"
2026 03 12 13:04:59:735,-3.9675,-6.78875,"0,27",12,2,"15,55","0,05","56,56","3,64","-85,94"
2026 03 12 13:04:59:737,-3.9675,-6.70125,"0,27",12,2,"15,55","0,05","56,56","3,64","-101,56"
2026 03 12 13:04:59:739,-3.9334,-6.78875,"0,27",12,2,"15,55","0,05","56,56","3,64","-105,47"
2026 03 12 13:04:59:741,-3.9675,-6.70125,"0,27",12,2,"15,55","0,05","56,56","3,64","-82,03"
2026 03 12 13:04:59:743,-3.9675,-6.78875,"0,27",12,2,"15,55","0,05","56,56","3,64","-78,12"
2026 03 12 13:04:59:745,-3.9675,-6.70125,"0,27",12,2,"15,55","0,05","56,56","3,64","-82,03"
2026 03 12 13:04:59:747,-3.9675,-6.78875,"0,27",12,2,"15,55","0,05","56,56","3,64","-78,12"
2026 03 12 13:04:59:749,-3.9985,-6.70125,"0,27",12,2,"15,55","0,05","56,56","3,64","-70,31"
2026 03 12 13:04:59:751,-3.9675,-6.70125,"0,27",12,2,"15,55","0,05","56,56","3,64","-62,5"
2026 03 12 13:04:59:753,-3.9675,-6.70125,"0,27",12,2,"15,55","0,05","56,56","3,64","-74,22"
2026 03 12 13:04:59:755,-3.9675,-6.70125,"0,27",12,2,"15,55","0,05","56,56","3,64","-89,84"
2026 03 12 13:04:59:757,-3.9985,-6.70125,"0,27",12,2,"15,55","0,05","56,56","3,64","-105,47"
2026 03 12 13:04:59:759,-3.9675,-6.78875,"0,27",12,2,"15,55","0,05","56,56","3,64","-105,47"
2026 03 12 13:04:59:761,-3.9675,-6.78875,"0,27",12,2,"15,55","0,05","56,56","3,64","-82,03"
2026 03 12 13:04:59:763,-3.9675,-6.78875,"0,27",12,2,"15,55","0,05","56,56","3,64","-78,12"
2026 03 12 13:04:59:765,-3.9985,-6.78875,"0,27",12,2,"15,55","0,05","56,56","3,64","-78,12"
2026 03 12 13:04:59:767,-3.9675,-6.78875,"0,27",12,2,"15,55","0,05","56,56","3,64","-78,12"
2026 03 12 13:04:59:769,-3.9675,-6.78875,"0,27",12,2,"15,55","0,05","56,56","3,64","-66,41"
2026 03 12 13:04:59:771,-3.9675,-6.78875,"0,27",12,2,"15,55","0,05","56,56","3,64","-62,5"
2026 03 12 13:04:59:773,-3.9334,-6.70125,"0,27",12,2,"15,55","0,05","56,56","3,64","-70,31"
2026 03 12 13:04:59:775,-3.9334,-6.78875,"0,27",12,2,"15,55","0,05","56,56","3,64","-89,84"
2026 03 12 13:04:59:777,-3.9985,-6.78875,"0,27",12,2,"15,55","0,05","56,56","3,64","-101,56"
2026 03 12 13:04:59:779,-3.9675,-6.78875,"0,27",12,2,"15,55","0,05","56,56","3,64","-101,56"
2026 03 12 13:04:59:781,-3.9985,-6.78875,"0,27",12,2,"15,55","0,05","56,56","3,64","-78,12"
2026 03 12 13:04:59:783,-3.9334,-6.78875,"0,27",12,2,"15,55","0,05","56,56","3,64","-82,03"
2026 03 12 13:04:59:785,-3.9675,-6.70125,"0,27",12,2,"15,55","0,05","56,56","3,64","-78,12"
2026 03 12 13:04:59:787,-3.9675,-6.78875,"0,27",12,2,"15,55","0,05","56,56","3,64","-78,12"
2026 03 12 13:04:59:789,-3.9985,-6.78875,"0,27",12,2,"15,55","0,05","56,56","3,64","-70,31"
2026 03 12 13:04:59:791,-3.9334,-6.78875,"0,27",12,2,"15,55","0,05","56,56","3,64","-62,5"
2026 03 12 13:04:59:793,-3.9675,-6.78875,"0,27",12,2,"15,55","0,05","56,56","3,64","-74,22"
2026 03 12 13:04:59:795,-3.9675,-6.70125,"0,27",12,2,"15,55","0,05","56,56","3,64","-85,94"
2026 03 12 13:04:59:797,-3.9675,-6.70125,"0,27",12,2,"15,55","0,05","56,56","3,64","-101,56"
2026 03 12 13:04:59:799,-3.9675,-6.78875,"0,27",12,2,"15,55","0,05","56,56","3,64","-101,56"
2026 03 12 13:04:59:801,-3.9675,-6.78875,"0,27",12,2,"15,55","0,05","56,56","3,64","-82,03"
2026 03 12 13:04:59:803,-3.9675,-6.70125,"0,27",12,2,"15,55","0,05","56,56","3,64","-82,03"
2026 03 12 13:04:59:805,-3.9675,-6.70125,"0,27",12,2,"15,55","0,05","56,56","3,64","-78,12"
2026 03 12 13:04:59:807,-3.9985,-6.78875,"0,27",12,2,"15,55","0,05","56,56","3,64","-74,22"
2026 03 12 13:04:59:809,-3.9675,-6.78875,"0,27",12,2,"15,55","0,05","56,56","3,64","-70,31"
2026 03 12 13:04:59:811,-3.9675,-6.78875,"0,27",12,2,"12,95","0,52","47,62","3,68","-62,5"
2026 03 12 13:04:59:813,-3.9985,-6.78875,"0,27",12,2,"12,95","0,52","47,62","3,68","-70,31"
2026 03 12 13:04:59:815,-3.9675,-6.78875,"0,27",12,2,"12,95","0,52","47,62","3,68","-89,84"
2026 03 12 13:04:59:817,-3.9985,-6.78875,"0,27",12,2,"12,95","0,52","47,62","3,68","-101,56"
2026 03 12 13:04:59:819,-3.9675,-6.87625,"0,27",12,2,"12,95","0,52","47,62","3,68","-101,56"
2026 03 12 13:04:59:821,-3.9334,-6.78875,"0,27",12,2,"12,95","0,52","47,62","3,68","-78,12"
2026 03 12 13:04:59:823,-3.9334,-6.70125,"0,27",12,2,"12,95","0,52","47,62","3,68","-82,03"
2026 03 12 13:04:59:825,-3.9334,-6.78875,"0,27",12,2,"12,95","0,52","47,62","3,68","-78,12"
2026 03 12 13:04:59:827,-3.9675,-6.78875,"0,27",12,2,"12,95","0,52","47,62","3,68","-74,22"
2026 03 12 13:04:59:829,-3.9675,-6.78875,"0,27",12,2,"12,95","0,52","47,62","3,68","-70,31"
2026 03 12 13:04:59:831,-3.9675,-6.78875,"0,27",12,2,"12,95","0,52","47,62","3,68","-62,5"
2026 03 12 13:04:59:833,-3.9675,-6.78875,"0,27",12,2,"12,95","0,52","47,62","3,68","-70,31"
2026 03 12 13:04:59:835,-3.9985,-6.78875,"0,27",12,2,"12,95","0,52","47,62","3,68","-89,84"
2026 03 12 13:04:59:837,-3.9675,-6.78875,"0,27",12,2,"12,95","0,52","47,62","3,68","-101,56"
2026 03 12 13:04:59:839,-3.9334,-6.87625,"0,27",12,2,"12,95","0,52","47,62","3,68","-97,66"
2026 03 12 13:04:59:841,-3.9985,-6.70125,"0,27",12,2,"12,95","0,52","47,62","3,68","-78,12"
2026 03 12 13:04:59:843,-3.9675,-6.78875,"0,27",12,2,"12,95","0,52","47,62","3,68","-82,03"
2026 03 12 13:04:59:845,-3.9675,-6.70125,"0,27",12,2,"12,95","0,52","47,62","3,68","-78,12"
2026 03 12 13:04:59:847,-3.9675,-6.78875,"0,27",12,2,"12,95","0,52","47,62","3,68","-78,12"
2026 03 12 13:04:59:849,-3.9675,-6.70125,"0,27",12,2,"12,95","0,52","47,62","3,68","-70,31"
2026 03 12 13:04:59:851,-3.9675,-6.78875,"0,27",12,2,"12,95","0,52","47,62","3,68","-62,5"
2026 03 12 13:04:59:853,-3.9985,-6.78875,"0,27",12,2,"12,95","0,52","47,62","3,68","-70,31"
2026 03 12 13:04:59:855,-3.9675,-6.70125,"0,27",12,2,"12,95","0,52","47,62","3,68","-89,84"
2026 03 12 13:04:59:857,-3.9675,-6.78875,"0,27",12,2,"12,95","0,52","47,62","3,68","-105,47"
2026 03 12 13:04:59:859,-3.9675,-6.78875,"0,27",12,2,"12,95","0,52","47,62","3,68","-97,66"
2026 03 12 13:04:59:861,-3.9675,-6.78875,"0,27",12,2,"12,95","0,52","47,62","3,68","-82,03"
2026 03 12 13:04:59:863,-3.9675,-6.78875,"0,27",12,2,"12,95","0,52","47,62","3,68","-78,12"
2026 03 12 13:04:59:865,-3.9985,-6.78875,"0,27",12,2,"12,95","0,52","47,62","3,68","-82,03"
2026 03 12 13:04:59:867,-3.9675,-6.78875,"0,27",12,2,"12,95","0,52","47,62","3,68","-78,12"
2026 03 12 13:04:59:869,-3.9334,-6.78875,"0,27",12,2,"12,95","0,52","47,62","3,68","-66,41"
2026 03 12 13:04:59:871,-3.9675,-6.70125,"0,27",12,2,"12,95","0,52","47,62","3,68","-62,5"
2026 03 12 13:04:59:873,-3.9675,-6.70125,"0,27",12,2,"12,95","0,52","47,62","3,68","-74,22"
2026 03 12 13:04:59:875,-3.9675,-6.78875,"0,27",12,2,"12,95","0,52","47,62","3,68","-89,84"
2026 03 12 13:04:59:877,-3.9334,-6.70125,"0,27",12,2,"12,95","0,52","47,62","3,68","-101,56"
2026 03 12 13:04:59:879,-3.9675,-6.78875,"0,27",12,2,"12,95","0,52","47,62","3,68","-101,56"
2026 03 12 13:04:59:881,-3.9675,-6.70125,"0,27",12,2,"12,95","0,52","47,62","3,68","-82,03"
2026 03 12 13:04:59:883,-3.9334,-6.78875,"0,27",12,2,"12,95","0,52","47,62","3,68","-78,12"
2026 03 12 13:04:59:885,-3.9675,-6.78875,"0,27",12,2,"12,95","0,52","47,62","3,68","-78,12"
2026 03 12 13:04:59:887,-3.9675,-6.78875,"0,27",12,2,"12,95","0,52","47,62","3,68","-78,12"
2026 03 12 13:04:59:889,-4.0295,-6.78875,"0,27",12,2,"12,95","0,52","47,62","3,68","-66,41"
2026 03 12 13:04:59:891,-3.9675,-6.78875,"0,27",12,2,"12,95","0,52","47,62","3,68","-66,41"
2026 03 12 13:04:59:893,-3.9675,-6.78875,"0,27",12,2,"12,95","0,52","47,62","3,68","-74,22"
2026 03 12 13:04:59:895,-3.9334,-6.78875,"0,27",12,2,"12,95","0,52","47,62","3,68","-89,84"
2026 03 12 13:04:59:897,-3.9675,-6.78875,"0,27",12,2,"12,95","0,52","47,62","3,68","-101,56"
2026 03 12 13:04:59:899,-3.9985,-6.70125,"0,27",12,2,"12,95","0,52","47,62","3,68","-101,56"
2026 03 12 13:04:59:901,-3.9675,-6.78875,"0,27",12,2,"12,95","0,52","47,62","3,68","-82,03"
2026 03 12 13:04:59:903,-3.9985,-6.61375,"0,27",12,2,"12,95","0,52","47,62","3,68","-78,12"
2026 03 12 13:04:59:905,-3.9985,-6.78875,"0,27",12,2,"12,95","0,52","47,62","3,68","-78,12"
2026 03 12 13:04:59:907,-3.9675,-6.78875,"0,27",12,2,"12,95","0,52","47,62","3,68","-82,03"
2026 03 12 13:04:59:909,-3.9675,-6.70125,"0,27",12,2,"12,95","0,52","47,62","3,68","-70,31"
2026 03 12 13:04:59:911,-3.9675,-6.78875,"0,27",12,2,"12,95","0,52","47,62","3,68","-66,41"
2026 03 12 13:04:59:913,-3.9675,-6.70125,"0,27",12,2,"12,95","0,52","47,62","3,68","-74,22"
2026 03 12 13:04:59:915,-3.9675,-6.78875,"0,27",12,2,"12,95","0,52","47,62","3,68","-93,75"
2026 03 12 13:04:59:917,-3.9675,-6.70125,"0,27",12,2,"12,95","0,52","47,62","3,68","-101,56"
2026 03 12 13:04:59:919,-3.9334,-6.70125,"0,27",12,2,"12,95","0,52","47,62","3,68","-101,56"
2026 03 12 13:04:59:921,-3.9675,-6.78875,"0,27",12,2,"12,95","0,52","47,62","3,68","-82,03"
2026 03 12 13:04:59:923,-3.9675,-6.70125,"0,27",12,2,"12,95","0,52","47,62","3,68","-78,12"
2026 03 12 13:04:59:925,-3.9675,-6.87625,"0,27",12,2,"12,95","0,52","47,62","3,68","-78,12"
2026 03 12 13:04:59:927,-3.9675,-6.78875,"0,27",12,2,"12,95","0,52","47,62","3,68","-78,12"
2026 03 12 13:04:59:929,-3.9334,-6.78875,"0,27",12,2,"12,95","0,52","47,62","3,68","-66,41"
2026 03 12 13:04:59:931,-3.9675,-6.78875,"0,27",12,2,"12,95","0,52","47,62","3,68","-70,31"
2026 03 12 13:04:59:933,-3.9675,-6.70125,"0,27",12,2,"12,95","0,52","47,62","3,68","-78,12"
2026 03 12 13:04:59:935,-3.9675,-6.78875,"0,27",12,2,"12,95","0,52","47,62","3,68","-93,75"
2026 03 12 13:04:59:937,-3.9985,-6.70125,"0,27",12,2,"12,95","0,52","47,62","3,68","-105,47"
2026 03 12 13:04:59:939,-3.9675,-6.70125,"0,27",12,2,"12,95","0,52","47,62","3,68","-105,47"
2026 03 12 13:04:59:941,-3.9985,-6.78875,"0,27",12,2,"12,95","0,52","47,62","3,68","-82,03"
2026 03 12 13:04:59:943,-3.9675,-6.78875,"0,27",12,2,"12,95","0,52","47,62","3,68","-82,03"
2026 03 12 13:04:59:945,-3.9985,-6.78875,"0,27",12,2,"12,95","0,52","47,62","3,68","-78,12"
2026 03 12 13:04:59:947,-3.9675,-6.78875,"0,27",12,2,"12,95","0,52","47,62","3,68","-78,12"
2026 03 12 13:04:59:949,-3.9985,-6.70125,"0,27",12,2,"12,95","0,52","47,62","3,68","-66,41"
2026 03 12 13:04:59:951,-3.9675,-6.78875,"0,27",12,2,"12,95","0,52","47,62","3,68","-66,41"
2026 03 12 13:04:59:953,-3.9675,-6.78875,"0,27",12,2,"12,95","0,52","47,62","3,68","-78,12"
2026 03 12 13:04:59:955,-3.9675,-6.70125,"0,27",12,2,"12,95","0,52","47,62","3,68","-89,84"
2026 03 12 13:04:59:957,-3.9675,-6.70125,"0,27",12,2,"12,95","0,52","47,62","3,68","-105,47"
2026 03 12 13:04:59:959,-3.9334,-6.78875,"0,27",12,2,"12,95","0,52","47,62","3,68","-101,56"
2026 03 12 13:04:59:961,-3.9675,-6.78875,"0,27",12,2,"12,95","0,52","47,62","3,68","-82,03"
2026 03 12 13:04:59:963,-3.9675,-6.78875,"0,27",12,2,"12,95","0,52","47,62","3,68","-78,12"
2026 03 12 13:04:59:965,-3.9675,-6.70125,"0,27",12,2,"12,95","0,52","47,62","3,68","-82,03"
2026 03 12 13:04:59:967,-3.9675,-6.78875,"0,27",12,2,"12,95","0,52","47,62","3,68","-82,03"
2026 03 12 13:04:59:969,-3.9675,-6.78875,"0,27",12,2,"12,95","0,52","47,62","3,68","-70,31"
2026 03 12 13:04:59:971,-3.9675,-6.78875,"0,27",12,2,"12,95","0,52","47,62","3,68","-62,5"
2026 03 12 13:04:59:973,-3.9675,-6.78875,"0,27",12,2,"12,95","0,52","47,62","3,68","-74,22"
2026 03 12 13:04:59:975,-3.9675,-6.78875,"0,27",12,2,"12,95","0,52","47,62","3,68","-89,84"
2026 03 12 13:04:59:977,-3.9985,-6.78875,"0,27",12,2,"12,95","0,52","47,62","3,68","-101,56"
2026 03 12 13:04:59:979,-3.9675,-6.78875,"0,27",12,2,"12,95","0,52","47,62","3,68","-101,56"
2026 03 12 13:04:59:981,-3.9675,-6.70125,"0,27",12,2,"12,95","0,52","47,62","3,68","-82,03"
2026 03 12 13:04:59:983,-3.9675,-6.70125,"0,27",12,2,"12,95","0,52","47,62","3,68","-82,03"
2026 03 12 13:04:59:985,-3.9675,-6.70125,"0,27",12,2,"12,95","0,52","47,62","3,68","-82,03"
2026 03 12 13:04:59:987,-3.9675,-6.70125,"0,27",12,2,"12,95","0,52","47,62","3,68","-78,12"
2026 03 12 13:04:59:989,-3.9675,-6.70125,"0,27",12,2,"12,95","0,52","47,62","3,68","-66,41"
2026 03 12 13:04:59:991,-3.9675,-6.70125,"0,27",12,2,"12,95","0,52","47,62","3,68","-62,5"
2026 03 12 13:04:59:993,-3.9675,-6.78875,"0,27",12,2,"12,95","0,52","47,62","3,68","-74,22"
2026 03 12 13:04:59:995,-3.9985,-6.78875,"0,27",12,2,"12,95","0,52","47,62","3,68","-85,94"
2026 03 12 13:04:59:997,-3.9675,-6.70125,"0,27",12,2,"12,95","0,52","47,62","3,68","-97,66"
2026 03 12 13:04:59:999,-3.9675,-6.70125,"0,27",12,2,"12,95","0,52","47,62","3,68","-105,47"
2026 03 12 13:05:00:001,-3.9675,-6.78875,"0,27",12,2,"12,95","0,52","47,62","3,68","-82,03"
2026 03 12 13:05:00:003,-3.9675,-6.70125,"0,27",12,2,"12,95","0,52","47,62","3,68","-78,12"
2026 03 12 13:05:00:005,-3.9675,-6.78875,"0,27",12,2,"12,95","0,52","47,62","3,68","-82,03"
2026 03 12 13:05:00:007,-3.9334,-6.78875,"0,27",12,2,"12,95","0,52","47,62","3,68","-78,12"
2026 03 12 13:05:00:009,-3.9334,-6.78875,"0,27",12,2,"12,95","0,52","47,62","3,68","-66,41"
2026 03 12 13:05:00:011,-3.9334,-6.70125,"0,27",12,2,"12,95","0,52","47,62","3,68","-62,5"
2026 03 12 13:05:00:013,-3.9675,-6.78875,"0,27",12,2,"12,95","0,52","47,62","3,68","-74,22"
2026 03 12 13:05:00:015,-3.9985,-6.78875,"0,27",12,2,"12,95","0,52","47,62","3,68","-89,84"
2026 03 12 13:05:00:017,-3.9334,-6.78875,"0,27",12,2,"12,95","0,52","47,62","3,68","-101,56"
2026 03 12 13:05:00:019,-3.9675,-6.78875,"0,27",12,2,"12,95","0,52","47,62","3,68","-105,47"
2026 03 12 13:05:00:021,-3.9675,-6.87625,"0,27",12,2,"12,95","0,52","47,62","3,68","-82,03"
2026 03 12 13:05:00:023,-3.9675,-6.70125,"0,27",12,2,"12,95","0,52","47,62","3,68","-82,03"
2026 03 12 13:05:00:025,-3.9675,-6.78875,"0,27",12,2,"12,95","0,52","47,62","3,68","-78,12"
2026 03 12 13:05:00:027,-3.9675,-6.70125,"0,27",12,2,"12,95","0,52","47,62","3,68","-78,12"
2026 03 12 13:05:00:029,-3.9985,-6.78875,"0,27",12,2,"12,95","0,52","47,62","3,68","-66,41"
2026 03 12 13:05:00:031,-3.9675,-6.78875,"0,27",12,2,"12,95","0,52","47,62","3,68","-62,5"
2026 03 12 13:05:00:033,-3.9675,-6.70125,"0,27",12,2,"12,95","0,52","47,62","3,68","-74,22"
2026 03 12 13:05:00:035,-3.9675,-6.78875,"0,27",12,2,"12,95","0,52","47,62","3,68","-89,84"
2026 03 12 13:05:00:037,-3.9675,-6.78875,"0,27",12,2,"12,95","0,52","47,62","3,68","-101,56"
2026 03 12 13:05:00:039,-3.9675,-6.61375,"0,27",12,2,"12,95","0,52","47,62","3,68","-105,47"
2026 03 12 13:05:00:041,-3.9675,-6.78875,"0,27",12,2,"12,95","0,52","47,62","3,68","-82,03"
2026 03 12 13:05:00:043,-3.9675,-6.78875,"0,27",12,2,"12,95","0,52","47,62","3,68","-82,03"
2026 03 12 13:05:00:045,-3.9675,-6.78875,"0,27",12,2,"12,95","0,52","47,62","3,68","-78,12"
2026 03 12 13:05:00:047,-3.9675,-6.70125,"0,27",12,2,"12,95","0,52","47,62","3,68","-78,12"
2026 03 12 13:05:00:049,-3.9675,-6.70125,"0,27",12,2,"12,95","0,52","47,62","3,68","-66,41"
2026 03 12 13:05:00:051,-3.9675,-6.70125,"0,27",12,2,"12,95","0,52","47,62","3,68","-62,5"
2026 03 12 13:05:00:053,-3.9675,-6.78875,"0,27",12,2,"12,95","0,52","47,62","3,68","-74,22"
2026 03 12 13:05:00:055,-3.9675,-6.78875,"0,27",12,2,"12,95","0,52","47,62","3,68","-89,84"
2026 03 12 13:05:00:057,-3.9675,-6.78875,"0,27",12,2,"12,95","0,52","47,62","3,68","-105,47"
2026 03 12 13:05:00:059,-3.9675,-6.70125,"0,27",12,2,"12,95","0,52","47,62","3,68","-105,47"
2026 03 12 13:05:00:061,-3.9985,-6.78875,"0,27",12,2,"12,95","0,52","47,62","3,68","-78,12"
2026 03 12 13:05:00:063,-3.9675,-6.78875,"0,27",12,2,"12,95","0,52","47,62","3,68","-78,12"
2026 03 12 13:05:00:065,-3.9675,-6.78875,"0,27",12,2,"12,95","0,52","47,62","3,68","-82,03"
2026 03 12 13:05:00:067,-3.9675,-6.78875,"0,27",12,2,"12,95","0,52","47,62","3,68","-78,12"
2026 03 12 13:05:00:069,-3.9675,-6.78875,"0,27",12,2,"12,95","0,52","47,62","3,68","-66,41"
2026 03 12 13:05:00:071,-3.9985,-6.78875,"0,27",12,2,"12,95","0,52","47,62","3,68","-62,5"
2026 03 12 13:05:00:073,-3.9675,-6.70125,"0,27",12,2,"12,95","0,52","47,62","3,68","-70,31"
2026 03 12 13:05:00:075,-3.9675,-6.78875,"0,27",12,2,"12,95","0,52","47,62","3,68","-85,94"
2026 03 12 13:05:00:077,-3.9675,-6.78875,"0,27",12,2,"12,95","0,52","47,62","3,68","-105,47"
2026 03 12 13:05:00:079,-3.9675,-6.78875,"0,27",12,2,"12,95","0,52","47,62","3,68","-105,47"
2026 03 12 13:05:00:081,-3.9675,-6.78875,"0,27",12,2,"12,95","0,52","47,62","3,68","-82,03"
2026 03 12 13:05:00:083,-3.9675,-6.78875,"0,27",12,2,"12,95","0,52","47,62","3,68","-78,12"
2026 03 12 13:05:00:085,-3.9675,-6.70125,"0,27",12,2,"12,95","0,52","47,62","3,68","-82,03"
2026 03 12 13:05:00:087,-3.9675,-6.78875,"0,27",12,2,"12,95","0,52","47,62","3,68","-78,12"
2026 03 12 13:05:00:089,-3.9675,-6.70125,"0,27",12,2,"12,95","0,52","47,62","3,68","-70,31"
2026 03 12 13:05:00:091,-3.9675,-6.70125,"0,27",12,2,"12,95","0,52","47,62","3,68","-62,5"
2026 03 12 13:05:00:093,-3.9675,-6.78875,"0,27",12,2,"12,95","0,52","47,62","3,68","-70,31"
2026 03 12 13:05:00:095,-3.9334,-6.70125,"0,27",12,2,"12,95","0,52","47,62","3,68","-85,94"
2026 03 12 13:05:00:097,-3.9334,-6.78875,"0,27",12,2,"12,95","0,52","47,62","3,68","-101,56"
2026 03 12 13:05:00:099,-3.9675,-6.78875,"0,27",12,2,"12,95","0,52","47,62","3,68","-101,56"
2026 03 12 13:05:00:101,-3.9675,-6.70125,"0,27",12,2,"12,95","0,52","47,62","3,68","-78,12"
2026 03 12 13:05:00:103,-3.9334,-6.78875,"0,27",12,2,"12,95","0,52","47,62","3,68","-78,12"
2026 03 12 13:05:00:105,-3.9675,-6.78875,"0,27",12,2,"12,95","0,52","47,62","3,68","-82,03"
2026 03 12 13:05:00:107,-3.9675,-6.78875,"0,27",12,2,"12,95","0,52","47,62","3,68","-78,12"
2026 03 12 13:05:00:109,-3.9675,-6.87625,"0,27",12,2,"12,95","0,52","47,62","3,68","-66,41"
2026 03 12 13:05:00:111,-3.9675,-6.78875,"0,27",12,2,"12,02","0,76","43,29","3,6","-62,5"
2026 03 12 13:05:00:113,-3.9675,-6.78875,"0,27",12,2,"12,02","0,76","43,29","3,6","-70,31"
2026 03 12 13:05:00:115,-3.9675,-6.70125,"0,27",12,2,"12,02","0,76","43,29","3,6","-85,94"
2026 03 12 13:05:00:117,-3.9675,-6.78875,"0,27",12,2,"12,02","0,76","43,29","3,6","-105,47"
2026 03 12 13:05:00:119,-3.9675,-6.78875,"0,27",12,2,"12,02","0,76","43,29","3,6","-101,56"
2026 03 12 13:05:00:121,-3.9334,-6.70125,"0,27",12,2,"12,02","0,76","43,29","3,6","-82,03"
2026 03 12 13:05:00:123,-3.9675,-6.70125,"0,27",12,2,"12,02","0,76","43,29","3,6","-78,12"
2026 03 12 13:05:00:125,-3.9675,-6.78875,"0,27",12,2,"12,02","0,76","43,29","3,6","-78,12"
2026 03 12 13:05:00:127,-3.9675,-6.78875,"0,27",12,2,"12,02","0,76","43,29","3,6","-78,12"
2026 03 12 13:05:00:129,-3.9675,-6.78875,"0,27",12,2,"12,02","0,76","43,29","3,6","-62,5"
2026 03 12 13:05:00:131,-3.9334,-6.78875,"0,27",12,2,"12,02","0,76","43,29","3,6","-66,41"
2026 03 12 13:05:00:133,-3.9675,-6.78875,"0,27",12,2,"12,02","0,76","43,29","3,6","-70,31"
2026 03 12 13:05:00:135,-3.9675,-6.78875,"0,27",12,2,"12,02","0,76","43,29","3,6","-85,94"
2026 03 12 13:05:00:137,-3.9675,-6.78875,"0,27",12,2,"12,02","0,76","43,29","3,6","-101,56"
2026 03 12 13:05:00:139,-3.9675,-6.70125,"0,27",12,2,"12,02","0,76","43,29","3,6","-105,47"
2026 03 12 13:05:00:141,-3.9675,-6.70125,"0,27",12,2,"12,02","0,76","43,29","3,6","-78,12"
2026 03 12 13:05:00:143,-3.9675,-6.78875,"0,27",12,2,"12,02","0,76","43,29","3,6","-78,12"
2026 03 12 13:05:00:145,-3.9675,-6.70125,"0,27",12,2,"12,02","0,76","43,29","3,6","-78,12"
2026 03 12 13:05:00:147,-3.9675,-6.78875,"0,27",12,2,"12,02","0,76","43,29","3,6","-78,12"
2026 03 12 13:05:00:149,-3.9985,-6.78875,"0,27",12,2,"12,02","0,76","43,29","3,6","-66,41"
2026 03 12 13:05:00:151,-3.9675,-6.78875,"0,27",12,2,"12,02","0,76","43,29","3,6","-62,5"
2026 03 12 13:05:00:153,-3.9675,-6.70125,"0,27",12,2,"12,02","0,76","43,29","3,6","-74,22"
2026 03 12 13:05:00:155,-3.9675,-6.87625,"0,27",12,2,"12,02","0,76","43,29","3,6","-89,84"
2026 03 12 13:05:00:157,-3.9675,-6.78875,"0,27",12,2,"12,02","0,76","43,29","3,6","-101,56"
2026 03 12 13:05:00:159,-3.9675,-6.70125,"0,27",12,2,"12,02","0,76","43,29","3,6","-105,47"
2026 03 12 13:05:00:161,-3.9985,-6.78875,"0,27",12,2,"12,02","0,76","43,29","3,6","-82,03"
2026 03 12 13:05:00:163,-3.9334,-6.78875,"0,27",12,2,"12,02","0,76","43,29","3,6","-78,12"
2026 03 12 13:05:00:165,-3.9675,-6.78875,"0,27",12,2,"12,02","0,76","43,29","3,6","-82,03"
2026 03 12 13:05:00:167,-3.9675,-6.78875,"0,27",12,2,"12,02","0,76","43,29","3,6","-78,12"
2026 03 12 13:05:00:169,-3.9675,-6.78875,"0,27",12,2,"12,02","0,76","43,29","3,6","-66,41"
2026 03 12 13:05:00:171,-3.9675,-6.78875,"0,27",12,2,"12,02","0,76","43,29","3,6","-62,5"
2026 03 12 13:05:00:173,-3.9675,-6.70125,"0,27",12,2,"12,02","0,76","43,29","3,6","-70,31"
2026 03 12 13:05:00:175,-3.9675,-6.78875,"0,27",12,2,"12,02","0,76","43,29","3,6","-89,84"
2026 03 12 13:05:00:177,-3.9675,-6.78875,"0,27",12,2,"12,02","0,76","43,29","3,6","-101,56"
2026 03 12 13:05:00:179,-3.9675,-6.78875,"0,27",12,2,"12,02","0,76","43,29","3,6","-101,56"
2026 03 12 13:05:00:181,-3.9675,-6.70125,"0,27",12,2,"12,02","0,76","43,29","3,6","-82,03"
2026 03 12 13:05:00:183,-3.9675,-6.70125,"0,27",12,2,"12,02","0,76","43,29","3,6","-78,12"
2026 03 12 13:05:00:185,-3.9985,-6.78875,"0,27",12,2,"12,02","0,76","43,29","3,6","-82,03"
2026 03 12 13:05:00:187,-3.9985,-6.70125,"0,27",12,2,"12,02","0,76","43,29","3,6","-78,12"
2026 03 12 13:05:00:189,-3.9675,-6.78875,"0,27",12,2,"12,02","0,76","43,29","3,6","-66,41"
2026 03 12 13:05:00:191,-3.9675,-6.78875,"0,27",12,2,"12,02","0,76","43,29","3,6","-62,5"
2026 03 12 13:05:00:193,-3.9985,-6.70125,"0,27",12,2,"12,02","0,76","43,29","3,6","-70,31"
2026 03 12 13:05:00:195,-3.9675,-6.78875,"0,27",12,2,"12,02","0,76","43,29","3,6","-89,84"
2026 03 12 13:05:00:197,-3.9675,-6.78875,"0,27",12,2,"12,02","0,76","43,29","3,6","-101,56"
2026 03 12 13:05:00:199,-3.9985,-6.70125,"0,27",12,2,"12,02","0,76","43,29","3,6","-101,56"
2026 03 12 13:05:00:201,-3.9334,-6.78875,"0,27",12,2,"12,02","0,76","43,29","3,6","-82,03"
2026 03 12 13:05:00:203,-3.9675,-6.87625,"0,27",12,2,"12,02","0,76","43,29","3,6","-78,12"
2026 03 12 13:05:00:205,-3.9675,-6.87625,"0,27",12,2,"12,02","0,76","43,29","3,6","-82,03"
2026 03 12 13:05:00:207,-3.9675,-6.78875,"0,27",12,2,"12,02","0,76","43,29","3,6","-78,12"
2026 03 12 13:05:00:209,-3.9334,-6.78875,"0,27",12,2,"12,02","0,76","43,29","3,6","-66,41"
2026 03 12 13:05:00:211,-3.9334,-6.78875,"0,27",12,2,"12,02","0,76","43,29","3,6","-66,41"
2026 03 12 13:05:00:213,-3.9675,-6.70125,"0,27",12,2,"12,02","0,76","43,29","3,6","-74,22"
2026 03 12 13:05:00:215,-3.9334,-6.78875,"0,27",12,2,"12,02","0,76","43,29","3,6","-89,84"
2026 03 12 13:05:00:217,-3.9675,-6.70125,"0,27",12,2,"12,02","0,76","43,29","3,6","-101,56"
2026 03 12 13:05:00:219,-3.9675,-6.78875,"0,27",12,2,"12,02","0,76","43,29","3,6","-101,56"
2026 03 12 13:05:00:221,-3.9675,-6.70125,"0,27",12,2,"12,02","0,76","43,29","3,6","-82,03"
2026 03 12 13:05:00:223,-3.9675,-6.78875,"0,27",12,2,"12,02","0,76","43,29","3,6","-78,12"
2026 03 12 13:05:00:225,-3.9334,-6.78875,"0,27",12,2,"12,02","0,76","43,29","3,6","-78,12"
2026 03 12 13:05:00:227,-3.9675,-6.70125,"0,27",12,2,"12,02","0,76","43,29","3,6","-78,12"
2026 03 12 13:05:00:229,-3.9675,-6.70125,"0,27",12,2,"12,02","0,76","43,29","3,6","-66,41"
2026 03 12 13:05:00:231,-3.9675,-6.78875,"0,27",12,2,"12,02","0,76","43,29","3,6","-66,41"
2026 03 12 13:05:00:233,-3.9675,-6.70125,"0,27",12,2,"12,02","0,76","43,29","3,6","-74,22"
2026 03 12 13:05:00:235,-3.9675,-6.70125,"0,27",12,2,"12,02","0,76","43,29","3,6","-89,84"
2026 03 12 13:05:00:237,-3.9985,-6.70125,"0,27",12,2,"12,02","0,76","43,29","3,6","-105,47"
2026 03 12 13:05:00:239,-3.9675,-6.78875,"0,27",12,2,"12,02","0,76","43,29","3,6","-101,56"
2026 03 12 13:05:00:241,-3.9675,-6.70125,"0,27",12,2,"12,02","0,76","43,29","3,6","-82,03"
2026 03 12 13:05:00:243,-3.9985,-6.78875,"0,27",12,2,"12,02","0,76","43,29","3,6","-78,12"
2026 03 12 13:05:00:245,-3.9985,-6.78875,"0,27",12,2,"12,02","0,76","43,29","3,6","-78,12"
2026 03 12 13:05:00:247,-3.9675,-6.78875,"0,27",12,2,"12,02","0,76","43,29","3,6","-78,12"
2026 03 12 13:05:00:249,-3.9334,-6.78875,"0,27",12,2,"12,02","0,76","43,29","3,6","-66,41"
2026 03 12 13:05:00:251,-3.9985,-6.87625,"0,27",12,2,"12,02","0,76","43,29","3,6","-66,41"
2026 03 12 13:05:00:253,-3.9675,-6.78875,"0,27",12,2,"12,02","0,76","43,29","3,6","-74,22"
2026 03 12 13:05:00:255,-3.9675,-6.70125,"0,27",12,2,"12,02","0,76","43,29","3,6","-93,75"
2026 03 12 13:05:00:257,-3.9985,-6.78875,"0,27",12,2,"12,02","0,76","43,29","3,6","-101,56"
2026 03 12 13:05:00:259,-3.9985,-6.78875,"0,27",12,2,"12,02","0,76","43,29","3,6","-105,47"
2026 03 12 13:05:00:261,-3.9675,-6.78875,"0,27",12,2,"12,02","0,76","43,29","3,6","-82,03"
2026 03 12 13:05:00:263,-3.9675,-6.78875,"0,27",12,2,"12,02","0,76","43,29","3,6","-78,12"
2026 03 12 13:05:00:265,-3.9675,-6.70125,"0,27",12,2,"12,02","0,76","43,29","3,6","-78,12"
2026 03 12 13:05:00:267,-3.9675,-6.70125,"0,27",12,2,"12,02","0,76","43,29","3,6","-78,12"
2026 03 12 13:05:00:269,-3.9334,-6.70125,"0,27",12,2,"12,02","0,76","43,29","3,6","-66,41"
2026 03 12 13:05:00:271,-3.9675,-6.70125,"0,27",12,2,"12,02","0,76","43,29","3,6","-66,41"
2026 03 12 13:05:00:273,-3.9334,-6.87625,"0,27",12,2,"12,02","0,76","43,29","3,6","-78,12"
2026 03 12 13:05:00:275,-3.9675,-6.70125,"0,27",12,2,"12,02","0,76","43,29","3,6","-89,84"
2026 03 12 13:05:00:277,-3.9985,-6.78875,"0,27",12,2,"12,02","0,76","43,29","3,6","-101,56"
2026 03 12 13:05:00:279,-3.9675,-6.70125,"0,27",12,2,"12,02","0,76","43,29","3,6","-101,56"
2026 03 12 13:05:00:281,-3.9675,-6.70125,"0,27",12,2,"12,02","0,76","43,29","3,6","-82,03"
2026 03 12 13:05:00:283,-3.9985,-6.78875,"0,27",12,2,"12,02","0,76","43,29","3,6","-78,12"
2026 03 12 13:05:00:285,-3.9675,-6.78875,"0,27",12,2,"12,02","0,76","43,29","3,6","-78,12"
2026 03 12 13:05:00:287,-3.9675,-6.78875,"0,27",12,2,"12,02","0,76","43,29","3,6","-78,12"
2026 03 12 13:05:00:289,-3.9675,-6.70125,"0,27",12,2,"12,02","0,76","43,29","3,6","-66,41"
2026 03 12 13:05:00:291,-3.9985,-6.78875,"0,27",12,2,"12,02","0,76","43,29","3,6","-66,41"
2026 03 12 13:05:00:293,-3.9675,-6.70125,"0,27",12,2,"12,02","0,76","43,29","3,6","-74,22"
2026 03 12 13:05:00:295,-3.9675,-6.87625,"0,27",12,2,"12,02","0,76","43,29","3,6","-85,94"
2026 03 12 13:05:00:297,-3.9675,-6.87625,"0,27",12,2,"12,02","0,76","43,29","3,6","-101,56"
2026 03 12 13:05:00:299,-3.9675,-6.78875,"0,27",12,2,"12,02","0,76","43,29","3,6","-109,37"
2026 03 12 13:05:00:301,-3.9675,-6.78875,"0,27",12,2,"12,02","0,76","43,29","3,6","-82,03"
2026 03 12 13:05:00:303,-3.9675,-6.70125,"0,27",12,2,"12,02","0,76","43,29","3,6","-78,12"
2026 03 12 13:05:00:305,-3.9675,-6.87625,"0,27",12,2,"12,02","0,76","43,29","3,6","-78,12"
2026 03 12 13:05:00:307,-3.9675,-6.78875,"0,27",12,2,"12,02","0,76","43,29","3,6","-78,12"
2026 03 12 13:05:00:309,-3.9675,-6.70125,"0,27",12,2,"12,02","0,76","43,29","3,6","-70,31"
2026 03 12 13:05:00:311,-3.9675,-6.78875,"0,27",12,2,"12,02","0,76","43,29","3,6","-58,59"
2026 03 12 13:05:00:313,-3.9985,-6.78875,"0,27",12,2,"12,02","0,76","43,29","3,6","-70,31"
2026 03 12 13:05:00:315,-3.9675,-6.78875,"0,27",12,2,"12,02","0,76","43,29","3,6","-85,94"
2026 03 12 13:05:00:317,-3.9675,-6.70125,"0,27",12,2,"12,02","0,76","43,29","3,6","-97,66"
2026 03 12 13:05:00:319,-3.9675,-6.87625,"0,27",12,2,"12,02","0,76","43,29","3,6","-105,47"
2026 03 12 13:05:00:321,-3.9985,-6.78875,"0,27",12,2,"12,02","0,76","43,29","3,6","-78,12"
2026 03 12 13:05:00:323,-3.9675,-6.70125,"0,27",12,2,"12,02","0,76","43,29","3,6","-78,12"
2026 03 12 13:05:00:325,-3.9675,-6.70125,"0,27",12,2,"12,02","0,76","43,29","3,6","-78,12"
2026 03 12 13:05:00:327,-3.9675,-6.70125,"0,27",12,2,"12,02","0,76","43,29","3,6","-78,12"
2026 03 12 13:05:00:329,-3.9675,-6.78875,"0,27",12,2,"12,02","0,76","43,29","3,6","-66,41"
2026 03 12 13:05:00:331,-3.9334,-6.70125,"0,27",12,2,"12,02","0,76","43,29","3,6","-58,59"
2026 03 12 13:05:00:333,-3.9675,-6.78875,"0,27",12,2,"12,02","0,76","43,29","3,6","-70,31"
2026 03 12 13:05:00:335,-3.9675,-6.78875,"0,27",12,2,"12,02","0,76","43,29","3,6","-89,84"
2026 03 12 13:05:00:337,-3.9675,-6.78875,"0,27",12,2,"12,02","0,76","43,29","3,6","-97,66"
2026 03 12 13:05:00:339,-3.9985,-6.70125,"0,27",12,2,"12,02","0,76","43,29","3,6","-105,47"
2026 03 12 13:05:00:341,-3.9675,-6.78875,"0,27",12,2,"12,02","0,76","43,29","3,6","-78,12"
2026 03 12 13:05:00:343,-3.9985,-6.87625,"0,27",12,2,"12,02","0,76","43,29","3,6","-78,12"
2026 03 12 13:05:00:345,-3.9675,-6.78875,"0,27",12,2,"12,02","0,76","43,29","3,6","-78,12"
2026 03 12 13:05:00:347,-3.9985,-6.78875,"0,27",12,2,"12,02","0,76","43,29","3,6","-78,12"
2026 03 12 13:05:00:349,-3.9675,-6.70125,"0,27",12,2,"12,02","0,76","43,29","3,6","-66,41"
2026 03 12 13:05:00:351,-3.9675,-6.78875,"0,27",12,2,"12,02","0,76","43,29","3,6","-58,59"
2026 03 12 13:05:00:353,-3.9675,-6.78875,"0,27",12,2,"12,02","0,76","43,29","3,6","-70,31"
2026 03 12 13:05:00:355,-3.9675,-6.70125,"0,27",12,2,"12,02","0,76","43,29","3,6","-89,84"
2026 03 12 13:05:00:357,-3.9675,-6.78875,"0,27",12,2,"12,02","0,76","43,29","3,6","-101,56"
2026 03 12 13:05:00:359,-3.9334,-6.78875,"0,27",12,2,"12,02","0,76","43,29","3,6","-101,56"
2026 03 12 13:05:00:361,-3.9985,-6.78875,"0,27",12,2,"12,02","0,76","43,29","3,6","-78,12"
2026 03 12 13:05:00:363,-3.9675,-6.78875,"0,27",12,2,"12,02","0,76","43,29","3,6","-78,12"
2026 03 12 13:05:00:365,-3.9985,-6.78875,"0,27",12,2,"12,02","0,76","43,29","3,6","-78,12"
2026 03 12 13:05:00:367,-3.9334,-6.70125,"0,27",12,2,"12,02","0,76","43,29","3,6","-78,12"
2026 03 12 13:05:00:369,-3.9334,-6.78875,"0,27",12,2,"12,02","0,76","43,29","3,6","-62,5"
2026 03 12 13:05:00:371,-3.9985,-6.78875,"0,27",12,2,"12,02","0,76","43,29","3,6","-58,59"
2026 03 12 13:05:00:373,-3.9675,-6.70125,"0,27",12,2,"12,02","0,76","43,29","3,6","-70,31"
2026 03 12 13:05:00:375,-3.9985,-6.78875,"0,27",12,2,"12,02","0,76","43,29","3,6","-89,84"
2026 03 12 13:05:00:377,-3.9675,-6.78875,"0,27",12,2,"12,02","0,76","43,29","3,6","-101,56"
2026 03 12 13:05:00:379,-3.9675,-6.78875,"0,27",12,2,"12,02","0,76","43,29","3,6","-101,56"
2026 03 12 13:05:00:381,-3.9675,-6.78875,"0,27",12,2,"12,02","0,76","43,29","3,6","-78,12"
2026 03 12 13:05:00:383,-3.9675,-6.78875,"0,27",12,2,"12,02","0,76","43,29","3,6","-78,12"
2026 03 12 13:05:00:385,-3.9675,-6.78875,"0,27",12,2,"12,02","0,76","43,29","3,6","-78,12"
2026 03 12 13:05:00:387,-3.9675,-6.78875,"0,27",12,2,"12,02","0,76","43,29","3,6","-74,22"
2026 03 12 13:05:00:389,-3.9675,-6.78875,"0,27",12,2,"12,02","0,76","43,29","3,6","-66,41"
2026 03 12 13:05:00:391,-3.9675,-6.78875,"0,27",12,2,"12,02","0,76","43,29","3,6","-62,5"
2026 03 12 13:05:00:393,-3.9675,-6.78875,"0,27",12,2,"12,02","0,76","43,29","3,6","-70,31"
2026 03 12 13:05:00:395,-3.9675,-6.78875,"0,27",12,2,"12,02","0,76","43,29","3,6","-85,94"
2026 03 12 13:05:00:397,-3.9675,-6.87625,"0,27",12,2,"12,02","0,76","43,29","3,6","-101,56"
2026 03 12 13:05:00:399,-3.9675,-6.78875,"0,27",12,2,"12,02","0,76","43,29","3,6","-101,56"
2026 03 12 13:05:00:401,-3.9675,-6.78875,"0,27",12,2,"12,02","0,76","43,29","3,6","-78,12"
2026 03 12 13:05:00:403,-3.9675,-6.70125,"0,27",12,2,"12,02","0,76","43,29","3,6","-78,12"
2026 03 12 13:05:00:405,-3.9675,-6.78875,"0,27",12,2,"12,02","0,76","43,29","3,6","-78,12"
2026 03 12 13:05:00:407,-3.9985,-6.87625,"0,27",12,2,"12,02","0,76","43,29","3,6","-78,12"
2026 03 12 13:05:00:409,-3.9675,-6.78875,"0,27",12,2,"12,02","0,76","43,29","3,6","-62,5"
2026 03 12 13:05:00:411,-3.9675,-6.78875,"0,27",12,2,"11,78","0,81","41,41","3,52","-62,5"
2026 03 12 13:05:00:413,-3.9675,-6.78875,"0,27",12,2,"11,78","0,81","41,41","3,52","-70,31"
2026 03 12 13:05:00:415,-3.9675,-6.70125,"0,27",12,2,"11,78","0,81","41,41","3,52","-85,94"
2026 03 12 13:05:00:417,-3.9675,-6.78875,"0,27",12,2,"11,78","0,81","41,41","3,52","-101,56"
2026 03 12 13:05:00:419,-3.9985,-6.70125,"0,27",12,2,"11,78","0,81","41,41","3,52","-101,56"
2026 03 12 13:05:00:421,-3.9675,-6.78875,"0,27",12,2,"11,78","0,81","41,41","3,52","-78,12"
2026 03 12 13:05:00:423,-3.9675,-6.78875,"0,27",12,2,"11,78","0,81","41,41","3,52","-74,22"
2026 03 12 13:05:00:425,-3.9675,-6.78875,"0,27",12,2,"11,78","0,81","41,41","3,52","-78,12"
2026 03 12 13:05:00:427,-3.9675,-6.78875,"0,27",12,2,"11,78","0,81","41,41","3,52","-78,12"
2026 03 12 13:05:00:429,-3.9675,-6.70125,"0,27",12,2,"11,78","0,81","41,41","3,52","-62,5"
2026 03 12 13:05:00:431,-3.9675,-6.78875,"0,27",12,2,"11,78","0,81","41,41","3,52","-62,5"
2026 03 12 13:05:00:433,-3.9675,-6.70125,"0,27",12,2,"11,78","0,81","41,41","3,52","-70,31"
2026 03 12 13:05:00:435,-3.9675,-6.70125,"0,27",12,2,"11,78","0,81","41,41","3,52","-85,94"
2026 03 12 13:05:00:437,-3.9675,-6.70125,"0,27",12,2,"11,78","0,81","41,41","3,52","-101,56"
2026 03 12 13:05:00:439,-3.9675,-6.78875,"0,27",12,2,"11,78","0,81","41,41","3,52","-101,56"
2026 03 12 13:05:00:441,-3.9985,-6.78875,"0,27",12,2,"11,78","0,81","41,41","3,52","-78,12"
2026 03 12 13:05:00:443,-3.9675,-6.70125,"0,27",12,2,"11,78","0,81","41,41","3,52","-78,12"
2026 03 12 13:05:00:445,-3.9675,-6.78875,"0,27",12,2,"11,78","0,81","41,41","3,52","-78,12"
2026 03 12 13:05:00:447,-3.9675,-6.78875,"0,27",12,2,"11,78","0,81","41,41","3,52","-74,22"
2026 03 12 13:05:00:449,-3.9675,-6.78875,"0,27",12,2,"11,78","0,81","41,41","3,52","-62,5"
2026 03 12 13:05:00:451,-3.9675,-6.78875,"0,27",12,2,"11,78","0,81","41,41","3,52","-62,5"
2026 03 12 13:05:00:453,-3.9334,-6.78875,"0,27",12,2,"11,78","0,81","41,41","3,52","-70,31"
2026 03 12 13:05:00:455,-3.9334,-6.78875,"0,27",12,2,"11,78","0,81","41,41","3,52","-85,94"
2026 03 12 13:05:00:457,-3.9675,-6.70125,"0,27",12,2,"11,78","0,81","41,41","3,52","-97,66"
2026 03 12 13:05:00:459,-3.9675,-6.78875,"0,27",12,2,"11,78","0,81","41,41","3,52","-101,56"
2026 03 12 13:05:00:461,-3.9675,-6.78875,"0,27",12,2,"11,78","0,81","41,41","3,52","-78,12"
2026 03 12 13:05:00:463,-3.9675,-6.78875,"0,27",12,2,"11,78","0,81","41,41","3,52","-78,12"
2026 03 12 13:05:00:465,-3.9334,-6.78875,"0,27",12,2,"11,78","0,81","41,41","3,52","-78,12"
2026 03 12 13:05:00:467,-3.9675,-6.70125,"0,27",12,2,"11,78","0,81","41,41","3,52","-78,12"
2026 03 12 13:05:00:469,-3.9675,-6.78875,"0,27",12,2,"11,78","0,81","41,41","3,52","-62,5"
2026 03 12 13:05:00:471,-3.9675,-6.78875,"0,27",12,2,"11,78","0,81","41,41","3,52","-58,59"
2026 03 12 13:05:00:473,-3.9334,-6.70125,"0,27",12,2,"11,78","0,81","41,41","3,52","-70,31"
2026 03 12 13:05:00:475,-3.9675,-6.78875,"0,27",12,2,"11,78","0,81","41,41","3,52","-85,94"
2026 03 12 13:05:00:477,-3.9675,-6.78875,"0,27",12,2,"11,78","0,81","41,41","3,52","-97,66"
2026 03 12 13:05:00:479,-3.9985,-6.70125,"0,27",12,2,"11,78","0,81","41,41","3,52","-101,56"
2026 03 12 13:05:00:481,-3.9675,-6.78875,"0,27",12,2,"11,78","0,81","41,41","3,52","-78,12"
2026 03 12 13:05:00:483,-3.9675,-6.78875,"0,27",12,2,"11,78","0,81","41,41","3,52","-78,12"
2026 03 12 13:05:00:485,-3.9675,-6.78875,"0,27",12,2,"11,78","0,81","41,41","3,52","-78,12"
2026 03 12 13:05:00:487,-3.9675,-6.78875,"0,27",12,2,"11,78","0,81","41,41","3,52","-78,12"
2026 03 12 13:05:00:489,-3.9675,-6.70125,"0,27",12,2,"11,78","0,81","41,41","3,52","-62,5"
2026 03 12 13:05:00:491,-3.9334,-6.78875,"0,27",12,2,"11,78","0,81","41,41","3,52","-58,59"
2026 03 12 13:05:00:493,-3.9675,-6.70125,"0,27",12,2,"11,78","0,81","41,41","3,52","-70,31"
2026 03 12 13:05:00:495,-3.9675,-6.78875,"0,27",12,2,"11,78","0,81","41,41","3,52","-89,84"
2026 03 12 13:05:00:497,-3.9985,-6.87625,"0,27",12,2,"11,78","0,81","41,41","3,52","-101,56"
2026 03 12 13:05:00:499,-3.9675,-6.87625,"0,27",12,2,"11,78","0,81","41,41","3,52","-101,56"
2026 03 12 13:05:00:501,-3.9675,-6.78875,"0,27",12,2,"11,78","0,81","41,41","3,52","-78,12"
2026 03 12 13:05:00:503,-3.9985,-6.78875,"0,27",12,2,"11,78","0,81","41,41","3,52","-74,22"
2026 03 12 13:05:00:505,-3.9675,-6.78875,"0,27",12,2,"11,78","0,81","41,41","3,52","-78,12"
2026 03 12 13:05:00:507,-3.9675,-6.78875,"0,27",12,2,"11,78","0,81","41,41","3,52","-74,22"
2026 03 12 13:05:00:509,-3.9334,-6.78875,"0,27",12,2,"11,78","0,81","41,41","3,52","-66,41"
2026 03 12 13:05:00:511,-3.9334,-6.78875,"0,27",12,2,"11,78","0,81","41,41","3,52","-62,5"
2026 03 12 13:05:00:513,-3.9985,-6.70125,"0,27",12,2,"11,78","0,81","41,41","3,52","-70,31"
2026 03 12 13:05:00:515,-3.9334,-6.78875,"0,27",12,2,"11,78","0,81","41,41","3,52","-89,84"
2026 03 12 13:05:00:517,-3.9675,-6.78875,"0,27",12,2,"11,78","0,81","41,41","3,52","-97,66"
2026 03 12 13:05:00:519,-3.9675,-6.78875,"0,27",12,2,"11,78","0,81","41,41","3,52","-97,66"
2026 03 12 13:05:00:521,-3.9675,-6.78875,"0,27",12,2,"11,78","0,81","41,41","3,52","-78,12"
2026 03 12 13:05:00:523,-3.9675,-6.78875,"0,27",12,2,"11,78","0,81","41,41","3,52","-78,12"
2026 03 12 13:05:00:525,-3.9334,-6.70125,"0,27",12,2,"11,78","0,81","41,41","3,52","-78,12"
2026 03 12 13:05:00:527,-3.9985,-6.70125,"0,27",12,2,"11,78","0,81","41,41","3,52","-78,12"
2026 03 12 13:05:00:529,-3.9675,-6.78875,"0,27",12,2,"11,78","0,81","41,41","3,52","-66,41"
2026 03 12 13:05:00:531,-3.9985,-6.78875,"0,27",12,2,"11,78","0,81","41,41","3,52","-62,5"
2026 03 12 13:05:00:533,-3.9334,-6.70125,"0,27",12,2,"11,78","0,81","41,41","3,52","-70,31"
2026 03 12 13:05:00:535,-3.9675,-6.70125,"0,27",12,2,"11,78","0,81","41,41","3,52","-85,94"
2026 03 12 13:05:00:537,-3.9675,-6.78875,"0,27",12,2,"11,78","0,81","41,41","3,52","-101,56"
2026 03 12 13:05:00:539,-3.9675,-6.78875,"0,27",12,2,"11,78","0,81","41,41","3,52","-97,66"
2026 03 12 13:05:00:541,-3.9334,-6.78875,"0,27",12,2,"11,78","0,81","41,41","3,52","-78,12"
2026 03 12 13:05:00:543,-3.9675,-6.78875,"0,27",12,2,"11,78","0,81","41,41","3,52","-78,12"
2026 03 12 13:05:00:545,-3.9675,-6.78875,"0,27",12,2,"11,78","0,81","41,41","3,52","-78,12"
2026 03 12 13:05:00:547,-3.9985,-6.78875,"0,27",12,2,"11,78","0,81","41,41","3,52","-74,22"
2026 03 12 13:05:00:549,-3.9675,-6.61375,"0,27",12,2,"11,78","0,81","41,41","3,52","-62,5"
2026 03 12 13:05:00:551,-3.9675,-6.70125,"0,27",12,2,"11,78","0,81","41,41","3,52","-58,59"
2026 03 12 13:05:00:553,-3.9334,-6.70125,"0,27",12,2,"11,78","0,81","41,41","3,52","-70,31"
2026 03 12 13:05:00:555,-3.9985,-6.78875,"0,27",12,2,"11,78","0,81","41,41","3,52","-89,84"
2026 03 12 13:05:00:557,-3.9985,-6.78875,"0,27",12,2,"11,78","0,81","41,41","3,52","-97,66"
2026 03 12 13:05:00:559,-3.9334,-6.70125,"0,27",12,2,"11,78","0,81","41,41","3,52","-101,56"
2026 03 12 13:05:00:561,-3.9334,-6.78875,"0,27",12,2,"11,78","0,81","41,41","3,52","-78,12"
2026 03 12 13:05:00:563,-3.9985,-6.78875,"0,27",12,2,"11,78","0,81","41,41","3,52","-74,22"
2026 03 12 13:05:00:565,-3.9334,-6.70125,"0,27",12,2,"11,78","0,81","41,41","3,52","-78,12"
2026 03 12 13:05:00:567,-3.9675,-6.70125,"0,27",12,2,"11,78","0,81","41,41","3,52","-74,22"
2026 03 12 13:05:00:569,-3.9985,-6.70125,"0,27",12,2,"11,78","0,81","41,41","3,52","-62,5"
2026 03 12 13:05:00:571,-3.9675,-6.78875,"0,27",12,2,"11,78","0,81","41,41","3,52","-66,41"
2026 03 12 13:05:00:573,-3.9675,-6.70125,"0,27",12,2,"11,78","0,81","41,41","3,52","-70,31"
2026 03 12 13:05:00:575,-3.9675,-6.78875,"0,27",12,2,"11,78","0,81","41,41","3,52","-89,84"
2026 03 12 13:05:00:577,-3.9675,-6.70125,"0,27",12,2,"11,78","0,81","41,41","3,52","-97,66"
2026 03 12 13:05:00:579,-3.9675,-6.78875,"0,27",12,2,"11,78","0,81","41,41","3,52","-101,56"
2026 03 12 13:05:00:581,-3.9675,-6.78875,"0,27",12,2,"11,78","0,81","41,41","3,52","-78,12"
2026 03 12 13:05:00:583,-3.9985,-6.70125,"0,27",12,2,"11,78","0,81","41,41","3,52","-78,12"
2026 03 12 13:05:00:585,-3.9675,-6.78875,"0,27",12,2,"11,78","0,81","41,41","3,52","-78,12"
2026 03 12 13:05:00:587,-3.9675,-6.78875,"0,27",12,2,"11,78","0,81","41,41","3,52","-74,22"
2026 03 12 13:05:00:589,-3.9675,-6.78875,"0,27",12,2,"11,78","0,81","41,41","3,52","-62,5"
2026 03 12 13:05:00:591,-3.9675,-6.70125,"0,27",12,2,"11,78","0,81","41,41","3,52","-66,41"
2026 03 12 13:05:00:593,-3.9675,-6.78875,"0,27",12,2,"11,78","0,81","41,41","3,52","-70,31"
2026 03 12 13:05:00:595,-3.9675,-6.70125,"0,27",12,2,"11,78","0,81","41,41","3,52","-89,84"
2026 03 12 13:05:00:597,-3.9675,-6.78875,"0,27",12,2,"11,78","0,81","41,41","3,52","-101,56"
2026 03 12 13:05:00:599,-3.9675,-6.78875,"0,27",12,2,"11,78","0,81","41,41","3,52","-101,56"
2026 03 12 13:05:00:601,-3.9675,-6.70125,"0,27",12,2,"11,78","0,81","41,41","3,52","-78,12"
2026 03 12 13:05:00:603,-3.9675,-6.78875,"0,27",12,2,"11,78","0,81","41,41","3,52","-74,22"
2026 03 12 13:05:00:605,-3.9675,-6.78875,"0,27",12,2,"11,78","0,81","41,41","3,52","-78,12"
2026 03 12 13:05:00:607,-3.9675,-6.78875,"0,27",12,2,"11,78","0,81","41,41","3,52","-74,22"
2026 03 12 13:05:00:609,-3.9675,-6.78875,"0,27",12,2,"11,78","0,81","41,41","3,52","-62,5"
2026 03 12 13:05:00:611,-3.9675,-6.78875,"0,27",12,2,"11,78","0,81","41,41","3,52","-62,5"
2026 03 12 13:05:00:613,-3.9675,-6.78875,"0,27",12,2,"11,78","0,81","41,41","3,52","-70,31"
2026 03 12 13:05:00:615,-3.9985,-6.78875,"0,27",12,2,"11,78","0,81","41,41","3,52","-82,03"
2026 03 12 13:05:00:617,-3.9675,-6.70125,"0,27",12,2,"11,78","0,81","41,41","3,52","-101,56"
2026 03 12 13:05:00:619,-3.9675,-6.70125,"0,27",12,2,"11,78","0,81","41,41","3,52","-97,66"
2026 03 12 13:05:00:621,-3.9334,-6.70125,"0,27",12,2,"11,78","0,81","41,41","3,52","-78,12"
2026 03 12 13:05:00:623,-3.9675,-6.70125,"0,27",12,2,"11,78","0,81","41,41","3,52","-74,22"
2026 03 12 13:05:00:625,-3.9675,-6.70125,"0,27",12,2,"11,78","0,81","41,41","3,52","-78,12"
2026 03 12 13:05:00:627,-3.9675,-6.70125,"0,27",12,2,"11,78","0,81","41,41","3,52","-74,22"
2026 03 12 13:05:00:629,-3.9675,-6.78875,"0,27",12,2,"11,78","0,81","41,41","3,52","-62,5"
2026 03 12 13:05:00:631,-3.9675,-6.78875,"0,27",12,2,"11,78","0,81","41,41","3,52","-58,59"
2026 03 12 13:05:00:633,-3.9675,-6.78875,"0,27",12,2,"11,78","0,81","41,41","3,52","-70,31"
2026 03 12 13:05:00:635,-3.9675,-6.70125,"0,27",12,2,"11,78","0,81","41,41","3,52","-82,03"
2026 03 12 13:05:00:637,-3.9675,-6.70125,"0,27",12,2,"11,78","0,81","41,41","3,52","-97,66"
2026 03 12 13:05:00:639,-3.9675,-6.70125,"0,27",12,2,"11,78","0,81","41,41","3,52","-101,56"
2026 03 12 13:05:00:641,-3.9985,-6.78875,"0,27",12,2,"11,78","0,81","41,41","3,52","-78,12"
2026 03 12 13:05:00:643,-3.9675,-6.78875,"0,27",12,2,"11,78","0,81","41,41","3,52","-74,22"
2026 03 12 13:05:00:645,-3.9675,-6.78875,"0,27",12,2,"11,78","0,81","41,41","3,52","-78,12"
2026 03 12 13:05:00:647,-3.9675,-6.70125,"0,27",12,2,"11,78","0,81","41,41","3,52","-74,22"
2026 03 12 13:05:00:649,-3.9675,-6.78875,"0,27",12,2,"11,78","0,81","41,41","3,52","-58,59"
2026 03 12 13:05:00:651,-3.9675,-6.78875,"0,27",12,2,"11,78","0,81","41,41","3,52","-58,59"
2026 03 12 13:05:00:653,-3.9675,-6.70125,"0,27",12,2,"11,78","0,81","41,41","3,52","-66,41"
2026 03 12 13:05:00:655,-3.9675,-6.78875,"0,27",12,2,"11,78","0,81","41,41","3,52","-85,94"
2026 03 12 13:05:00:657,-3.9675,-6.78875,"0,27",12,2,"11,78","0,81","41,41","3,52","-97,66"
2026 03 12 13:05:00:659,-3.9675,-6.78875,"0,27",12,2,"11,78","0,81","41,41","3,52","-101,56"
2026 03 12 13:05:00:661,-3.9675,-6.70125,"0,27",12,2,"11,78","0,81","41,41","3,52","-78,12"
2026 03 12 13:05:00:663,-3.9334,-6.78875,"0,27",12,2,"11,78","0,81","41,41","3,52","-74,22"
2026 03 12 13:05:00:665,-3.9675,-6.70125,"0,27",12,2,"11,78","0,81","41,41","3,52","-74,22"
2026 03 12 13:05:00:667,-3.9985,-6.78875,"0,27",12,2,"11,78","0,81","41,41","3,52","-74,22"
2026 03 12 13:05:00:669,-3.9675,-6.70125,"0,27",12,2,"11,78","0,81","41,41","3,52","-62,5"
2026 03 12 13:05:00:671,-3.9985,-6.78875,"0,27",12,2,"11,78","0,81","41,41","3,52","-54,69"
2026 03 12 13:05:00:673,-3.9675,-6.70125,"0,27",12,2,"11,78","0,81","41,41","3,52","-66,41"
2026 03 12 13:05:00:675,-3.9985,-6.78875,"0,27",12,2,"11,78","0,81","41,41","3,52","-85,94"
2026 03 12 13:05:00:677,-3.9675,-6.78875,"0,27",12,2,"11,78","0,81","41,41","3,52","-97,66"
2026 03 12 13:05:00:679,-3.9334,-6.78875,"0,27",12,2,"11,78","0,81","41,41","3,52","-97,66"
2026 03 12 13:05:00:681,-3.9675,-6.78875,"0,27",12,2,"11,78","0,81","41,41","3,52","-78,12"
2026 03 12 13:05:00:683,-3.9334,-6.78875,"0,27",12,2,"11,78","0,81","41,41","3,52","-74,22"
2026 03 12 13:05:00:685,-3.9675,-6.78875,"0,27",12,2,"11,78","0,81","41,41","3,52","-78,12"
2026 03 12 13:05:00:687,-3.9334,-6.61375,"0,27",12,2,"11,78","0,81","41,41","3,52","-74,22"
2026 03 12 13:05:00:689,-3.9675,-6.78875,"0,27",12,2,"11,78","0,81","41,41","3,52","-62,5"
2026 03 12 13:05:00:691,-3.9985,-6.78875,"0,27",12,2,"11,78","0,81","41,41","3,52","-58,59"
2026 03 12 13:05:00:693,-3.9675,-6.78875,"0,27",12,2,"11,78","0,81","41,41","3,52","-66,41"
2026 03 12 13:05:00:695,-3.9675,-6.78875,"0,27",12,2,"11,78","0,81","41,41","3,52","-85,94"
2026 03 12 13:05:00:697,-3.9985,-6.78875,"0,27",12,2,"11,78","0,81","41,41","3,52","-97,66"
2026 03 12 13:05:00:699,-3.9675,-6.78875,"0,27",12,2,"11,78","0,81","41,41","3,52","-97,66"
2026 03 12 13:05:00:701,-3.9675,-6.78875,"0,27",12,2,"11,78","0,81","41,41","3,52","-74,22"
2026 03 12 13:05:00:703,-3.9675,-6.70125,"0,27",12,2,"11,78","0,81","41,41","3,52","-74,22"
2026 03 12 13:05:00:705,-3.9675,-6.70125,"0,27",12,2,"11,78","0,81","41,41","3,52","-74,22"
2026 03 12 13:05:00:707,-3.9675,-6.78875,"0,27",12,2,"11,78","0,81","41,41","3,52","-74,22"
2026 03 12 13:05:00:709,-3.9334,-6.70125,"0,27",12,2,"11,78","0,81","41,41","3,52","-58,59"
2026 03 12 13:05:00:711,-3.9675,-6.78875,"0,27",12,2,"11,81","0,85","41,09","3,48","-58,59"
2026 03 12 13:05:00:713,-3.9675,-6.70125,"0,27",12,2,"11,81","0,85","41,09","3,48","-66,41"
2026 03 12 13:05:00:715,-3.9334,-6.70125,"0,27",12,2,"11,81","0,85","41,09","3,48","-85,94"
2026 03 12 13:05:00:717,-3.9675,-6.78875,"0,27",12,2,"11,81","0,85","41,09","3,48","-97,66"
2026 03 12 13:05:00:719,-3.9675,-6.70125,"0,27",12,2,"11,81","0,85","41,09","3,48","-97,66"
2026 03 12 13:05:00:721,-3.9675,-6.78875,"0,27",12,2,"11,81","0,85","41,09","3,48","-74,22"
2026 03 12 13:05:00:723,-3.9675,-6.70125,"0,27",12,2,"11,81","0,85","41,09","3,48","-74,22"
2026 03 12 13:05:00:725,-3.9675,-6.78875,"0,27",12,2,"11,81","0,85","41,09","3,48","-74,22"
2026 03 12 13:05:00:727,-3.9675,-6.87625,"0,27",12,2,"11,81","0,85","41,09","3,48","-74,22"
2026 03 12 13:05:00:729,-3.9334,-6.78875,"0,27",12,2,"11,81","0,85","41,09","3,48","-62,5"
2026 03 12 13:05:00:731,-3.9675,-6.70125,"0,27",12,2,"11,81","0,85","41,09","3,48","-58,59"
2026 03 12 13:05:00:733,-3.9675,-6.78875,"0,27",12,2,"11,81","0,85","41,09","3,48","-66,41"
2026 03 12 13:05:00:735,-3.9675,-6.78875,"0,27",12,2,"11,81","0,85","41,09","3,48","-82,03"
2026 03 12 13:05:00:737,-3.9675,-6.78875,"0,27",12,2,"11,81","0,85","41,09","3,48","-97,66"
2026 03 12 13:05:00:739,-3.9675,-6.70125,"0,27",12,2,"11,81","0,85","41,09","3,48","-97,66"
2026 03 12 13:05:00:741,-3.9675,-6.78875,"0,27",12,2,"11,81","0,85","41,09","3,48","-78,12"
2026 03 12 13:05:00:743,-3.9675,-6.78875,"0,27",12,2,"11,81","0,85","41,09","3,48","-74,22"
2026 03 12 13:05:00:745,-3.9334,-6.70125,"0,27",12,2,"11,81","0,85","41,09","3,48","-74,22"
2026 03 12 13:05:00:747,-3.9334,-6.70125,"0,27",12,2,"11,81","0,85","41,09","3,48","-70,31"
2026 03 12 13:05:00:749,-3.9675,-6.78875,"0,27",12,2,"11,81","0,85","41,09","3,48","-58,59"
2026 03 12 13:05:00:751,-3.9675,-6.78875,"0,27",12,2,"11,81","0,85","41,09","3,48","-58,59"
2026 03 12 13:05:00:753,-3.9675,-6.78875,"0,27",12,2,"11,81","0,85","41,09","3,48","-66,41"
2026 03 12 13:05:00:755,-3.9675,-6.78875,"0,27",12,2,"11,81","0,85","41,09","3,48","-82,03"
2026 03 12 13:05:00:757,-3.9985,-6.78875,"0,27",12,2,"11,81","0,85","41,09","3,48","-97,66"
2026 03 12 13:05:00:759,-3.9675,-6.70125,"0,27",12,2,"11,81","0,85","41,09","3,48","-97,66"
2026 03 12 13:05:00:761,-3.9675,-6.78875,"0,27",12,2,"11,81","0,85","41,09","3,48","-74,22"
2026 03 12 13:05:00:763,-3.9675,-6.78875,"0,27",12,2,"11,81","0,85","41,09","3,48","-74,22"
2026 03 12 13:05:00:765,-3.9675,-6.70125,"0,27",12,2,"11,81","0,85","41,09","3,48","-74,22"
2026 03 12 13:05:00:767,-3.9985,-6.70125,"0,27",12,2,"11,81","0,85","41,09","3,48","-74,22"
2026 03 12 13:05:00:769,-3.9675,-6.70125,"0,27",12,2,"11,81","0,85","41,09","3,48","-62,5"
2026 03 12 13:05:00:771,-3.9675,-6.70125,"0,27",12,2,"11,81","0,85","41,09","3,48","-58,59"
2026 03 12 13:05:00:773,-3.9675,-6.70125,"0,27",12,2,"11,81","0,85","41,09","3,48","-66,41"
2026 03 12 13:05:00:775,-3.9675,-6.78875,"0,27",12,2,"11,81","0,85","41,09","3,48","-82,03"
2026 03 12 13:05:00:777,-3.9675,-6.70125,"0,27",12,2,"11,81","0,85","41,09","3,48","-97,66"
2026 03 12 13:05:00:779,-3.9985,-6.78875,"0,27",12,2,"11,81","0,85","41,09","3,48","-97,66"
2026 03 12 13:05:00:781,-3.9675,-6.78875,"0,27",12,2,"11,81","0,85","41,09","3,48","-74,22"
2026 03 12 13:05:00:783,-3.9675,-6.70125,"0,27",12,2,"11,81","0,85","41,09","3,48","-74,22"
2026 03 12 13:05:00:785,-3.9985,-6.78875,"0,27",12,2,"11,81","0,85","41,09","3,48","-74,22"
2026 03 12 13:05:00:787,-3.9675,-6.78875,"0,27",12,2,"11,81","0,85","41,09","3,48","-74,22"
2026 03 12 13:05:00:789,-3.9675,-6.78875,"0,27",12,2,"11,81","0,85","41,09","3,48","-58,59"
2026 03 12 13:05:00:791,-3.9675,-6.78875,"0,27",12,2,"11,81","0,85","41,09","3,48","-58,59"
2026 03 12 13:05:00:793,-3.9675,-6.78875,"0,27",12,2,"11,81","0,85","41,09","3,48","-66,41"
2026 03 12 13:05:00:795,-3.9985,-6.78875,"0,27",12,2,"11,81","0,85","41,09","3,48","-85,94"
2026 03 12 13:05:00:797,-3.9675,-6.78875,"0,27",12,2,"11,81","0,85","41,09","3,48","-97,66"
2026 03 12 13:05:00:799,-3.9334,-6.78875,"0,27",12,2,"11,81","0,85","41,09","3,48","-97,66"
2026 03 12 13:05:00:801,-3.9985,-6.78875,"0,27",12,2,"11,81","0,85","41,09","3,48","-74,22"
2026 03 12 13:05:00:803,-3.9675,-6.70125,"0,27",12,2,"11,81","0,85","41,09","3,48","-74,22"
2026 03 12 13:05:00:805,-3.9675,-6.70125,"0,27",12,2,"11,81","0,85","41,09","3,48","-74,22"
2026 03 12 13:05:00:807,-3.9675,-6.78875,"0,27",12,2,"11,81","0,85","41,09","3,48","-74,22"
2026 03 12 13:05:00:809,-3.9675,-6.70125,"0,27",12,2,"11,81","0,85","41,09","3,48","-58,59"
2026 03 12 13:05:00:811,-3.9675,-6.78875,"0,27",12,2,"11,81","0,85","41,09","3,48","-58,59"
2026 03 12 13:05:00:813,-3.9334,-6.70125,"0,27",12,2,"11,81","0,85","41,09","3,48","-70,31"
2026 03 12 13:05:00:815,-3.9334,-6.70125,"0,27",12,2,"11,81","0,85","41,09","3,48","-85,94"
2026 03 12 13:05:00:817,-3.9675,-6.78875,"0,27",12,2,"11,81","0,85","41,09","3,48","-97,66"
2026 03 12 13:05:00:819,-3.9985,-6.78875,"0,27",12,2,"11,81","0,85","41,09","3,48","-97,66"
2026 03 12 13:05:00:821,-3.9675,-6.78875,"0,27",12,2,"11,81","0,85","41,09","3,48","-78,12"
2026 03 12 13:05:00:823,-3.9334,-6.70125,"0,27",12,2,"11,81","0,85","41,09","3,48","-74,22"
2026 03 12 13:05:00:825,-3.9334,-6.70125,"0,27",12,2,"11,81","0,85","41,09","3,48","-74,22"
2026 03 12 13:05:00:827,-3.9985,-6.78875,"0,27",12,2,"11,81","0,85","41,09","3,48","-70,31"
2026 03 12 13:05:00:829,-3.9675,-6.61375,"0,27",12,2,"11,81","0,85","41,09","3,48","-58,59"
2026 03 12 13:05:00:831,-3.9334,-6.70125,"0,27",12,2,"11,81","0,85","41,09","3,48","-58,59"
2026 03 12 13:05:00:833,-3.9334,-6.78875,"0,27",12,2,"11,81","0,85","41,09","3,48","-66,41"
2026 03 12 13:05:00:835,-3.9985,-6.87625,"0,27",12,2,"11,81","0,85","41,09","3,48","-85,94"
2026 03 12 13:05:00:837,-3.9675,-6.70125,"0,27",12,2,"11,81","0,85","41,09","3,48","-97,66"
2026 03 12 13:05:00:839,-3.9675,-6.70125,"0,27",12,2,"11,81","0,85","41,09","3,48","-101,56"
2026 03 12 13:05:00:841,-3.9675,-6.70125,"0,27",12,2,"11,81","0,85","41,09","3,48","-74,22"
2026 03 12 13:05:00:843,-3.9334,-6.78875,"0,27",12,2,"11,81","0,85","41,09","3,48","-74,22"
2026 03 12 13:05:00:845,-3.9675,-6.78875,"0,27",12,2,"11,81","0,85","41,09","3,48","-78,12"
2026 03 12 13:05:00:847,-3.9675,-6.78875,"0,27",12,2,"11,81","0,85","41,09","3,48","-74,22"
2026 03 12 13:05:00:849,-3.9675,-6.70125,"0,27",12,2,"11,81","0,85","41,09","3,48","-58,59"
2026 03 12 13:05:00:851,-3.9675,-6.78875,"0,27",12,2,"11,81","0,85","41,09","3,48","-62,5"
2026 03 12 13:05:00:853,-3.9334,-6.78875,"0,27",12,2,"11,81","0,85","41,09","3,48","-70,31"
2026 03 12 13:05:00:855,-3.9675,-6.78875,"0,27",12,2,"11,81","0,85","41,09","3,48","-85,94"
2026 03 12 13:05:00:857,-3.9675,-6.70125,"0,27",12,2,"11,81","0,85","41,09","3,48","-97,66"
2026 03 12 13:05:00:859,-3.9675,-6.78875,"0,27",12,2,"11,81","0,85","41,09","3,48","-97,66"
2026 03 12 13:05:00:861,-3.9675,-6.70125,"0,27",12,2,"11,81","0,85","41,09","3,48","-74,22"
2026 03 12 13:05:00:863,-3.9334,-6.78875,"0,27",12,2,"11,81","0,85","41,09","3,48","-74,22"
2026 03 12 13:05:00:865,-3.9675,-6.70125,"0,27",12,2,"11,81","0,85","41,09","3,48","-74,22"
2026 03 12 13:05:00:867,-3.9675,-6.70125,"0,27",12,2,"11,81","0,85","41,09","3,48","-70,31"
2026 03 12 13:05:00:869,-3.9985,-6.70125,"0,27",12,2,"11,81","0,85","41,09","3,48","-58,59"
2026 03 12 13:05:00:871,-3.9675,-6.78875,"0,27",12,2,"11,81","0,85","41,09","3,48","-62,5"
2026 03 12 13:05:00:873,-3.9675,-6.70125,"0,27",12,2,"11,81","0,85","41,09","3,48","-66,41"
2026 03 12 13:05:00:875,-3.9675,-6.70125,"0,27",12,2,"11,81","0,85","41,09","3,48","-85,94"
2026 03 12 13:05:00:877,-3.9675,-6.70125,"0,27",12,2,"11,81","0,85","41,09","3,48","-97,66"
2026 03 12 13:05:00:879,-3.9675,-6.78875,"0,27",12,2,"11,81","0,85","41,09","3,48","-105,47"
2026 03 12 13:05:00:881,-3.9334,-6.70125,"0,27",12,2,"11,81","0,85","41,09","3,48","-74,22"
2026 03 12 13:05:00:883,-3.9675,-6.78875,"0,27",12,2,"11,81","0,85","41,09","3,48","-74,22"
2026 03 12 13:05:00:885,-3.9675,-6.78875,"0,27",12,2,"11,81","0,85","41,09","3,48","-74,22"
2026 03 12 13:05:00:887,-3.9675,-6.87625,"0,27",12,2,"11,81","0,85","41,09","3,48","-70,31"
2026 03 12 13:05:00:889,-3.9675,-6.78875,"0,27",12,2,"11,81","0,85","41,09","3,48","-58,59"
2026 03 12 13:05:00:891,-3.9675,-6.78875,"0,27",12,2,"11,81","0,85","41,09","3,48","-62,5"
2026 03 12 13:05:00:893,-3.9675,-6.78875,"0,27",12,2,"11,81","0,85","41,09","3,48","-70,31"
2026 03 12 13:05:00:895,-3.9675,-6.78875,"0,27",12,2,"11,81","0,85","41,09","3,48","-85,94"
2026 03 12 13:05:00:897,-3.9675,-6.78875,"0,27",12,2,"11,81","0,85","41,09","3,48","-97,66"
2026 03 12 13:05:00:899,-3.9675,-6.78875,"0,27",12,2,"11,81","0,85","41,09","3,48","-97,66"
2026 03 12 13:05:00:901,-3.9675,-6.78875,"0,27",12,2,"11,81","0,85","41,09","3,48","-74,22"
2026 03 12 13:05:00:903,-3.9675,-6.78875,"0,27",12,2,"11,81","0,85","41,09","3,48","-74,22"
2026 03 12 13:05:00:905,-3.9985,-6.78875,"0,27",12,2,"11,81","0,85","41,09","3,48","-74,22"
2026 03 12 13:05:00:907,-3.9675,-6.70125,"0,27",12,2,"11,81","0,85","41,09","3,48","-70,31"
2026 03 12 13:05:00:909,-3.9675,-6.78875,"0,27",12,2,"11,81","0,85","41,09","3,48","-58,59"
2026 03 12 13:05:00:911,-3.9985,-6.70125,"0,27",12,2,"11,81","0,85","41,09","3,48","-62,5"
2026 03 12 13:05:00:913,-3.9675,-6.78875,"0,27",12,2,"11,81","0,85","41,09","3,48","-70,31"
2026 03 12 13:05:00:915,-3.9675,-6.70125,"0,27",12,2,"11,81","0,85","41,09","3,48","-85,94"
2026 03 12 13:05:00:917,-3.9675,-6.78875,"0,27",12,2,"11,81","0,85","41,09","3,48","-97,66"
2026 03 12 13:05:00:919,-3.9675,-6.70125,"0,27",12,2,"11,81","0,85","41,09","3,48","-93,75"
2026 03 12 13:05:00:921,-3.9675,-6.70125,"0,27",12,2,"11,81","0,85","41,09","3,48","-74,22"
2026 03 12 13:05:00:923,-3.9334,-6.70125,"0,27",12,2,"11,81","0,85","41,09","3,48","-74,22"
2026 03 12 13:05:00:925,-3.9675,-6.78875,"0,27",12,2,"11,81","0,85","41,09","3,48","-74,22"
2026 03 12 13:05:00:927,-3.9675,-6.70125,"0,27",12,2,"11,81","0,85","41,09","3,48","-70,31"
2026 03 12 13:05:00:929,-3.9985,-6.78875,"0,27",12,2,"11,81","0,85","41,09","3,48","-58,59"
2026 03 12 13:05:00:931,-3.9675,-6.70125,"0,27",12,2,"11,81","0,85","41,09","3,48","-58,59"
2026 03 12 13:05:00:933,-3.9675,-6.78875,"0,27",12,2,"11,81","0,85","41,09","3,48","-66,41"
2026 03 12 13:05:00:935,-3.9334,-6.70125,"0,27",12,2,"11,81","0,85","41,09","3,48","-82,03"
2026 03 12 13:05:00:937,-3.9334,-6.78875,"0,27",12,2,"11,81","0,85","41,09","3,48","-93,75"
2026 03 12 13:05:00:939,-3.9675,-6.78875,"0,27",12,2,"11,81","0,85","41,09","3,48","-97,66"
2026 03 12 13:05:00:941,-3.9675,-6.70125,"0,27",12,2,"11,81","0,85","41,09","3,48","-74,22"
2026 03 12 13:05:00:943,-3.9675,-6.78875,"0,27",12,2,"11,81","0,85","41,09","3,48","-74,22"
2026 03 12 13:05:00:945,-3.9675,-6.78875,"0,27",12,2,"11,81","0,85","41,09","3,48","-74,22"
2026 03 12 13:05:00:947,-3.9985,-6.70125,"0,27",12,2,"11,81","0,85","41,09","3,48","-70,31"
2026 03 12 13:05:00:949,-3.9985,-6.78875,"0,27",12,2,"11,81","0,85","41,09","3,48","-58,59"
2026 03 12 13:05:00:951,-3.9675,-6.70125,"0,27",12,2,"11,81","0,85","41,09","3,48","-54,69"
2026 03 12 13:05:00:953,-3.9675,-6.78875,"0,27",12,2,"11,81","0,85","41,09","3,48","-62,5"
2026 03 12 13:05:00:955,-3.9675,-6.70125,"0,27",12,2,"11,81","0,85","41,09","3,48","-82,03"
2026 03 12 13:05:00:957,-3.9675,-6.78875,"0,27",12,2,"11,81","0,85","41,09","3,48","-93,75"
2026 03 12 13:05:00:959,-3.9675,-6.70125,"0,27",12,2,"11,81","0,85","41,09","3,48","-97,66"
2026 03 12 13:05:00:961,-3.9675,-6.70125,"0,27",12,2,"11,81","0,85","41,09","3,48","-74,22"
2026 03 12 13:05:00:963,-3.9675,-6.78875,"0,27",12,2,"11,81","0,85","41,09","3,48","-74,22"
2026 03 12 13:05:00:965,-3.9675,-6.70125,"0,27",12,2,"11,81","0,85","41,09","3,48","-74,22"
2026 03 12 13:05:00:967,-3.9675,-6.70125,"0,27",12,2,"11,81","0,85","41,09","3,48","-70,31"
2026 03 12 13:05:00:969,-3.9334,-6.70125,"0,27",12,2,"11,81","0,85","41,09","3,48","-54,69"
2026 03 12 13:05:00:971,-3.9675,-6.70125,"0,27",12,2,"11,81","0,85","41,09","3,48","-54,69"
2026 03 12 13:05:00:973,-3.9675,-6.70125,"0,27",12,2,"11,81","0,85","41,09","3,48","-62,5"
2026 03 12 13:05:00:975,-3.9675,-6.78875,"0,27",12,2,"11,81","0,85","41,09","3,48","-82,03"
2026 03 12 13:05:00:977,-3.9334,-6.78875,"0,27",12,2,"11,81","0,85","41,09","3,48","-93,75"
2026 03 12 13:05:00:979,-3.9334,-6.78875,"0,27",12,2,"11,81","0,85","41,09","3,48","-97,66"
2026 03 12 13:05:00:981,-3.9675,-6.78875,"0,27",12,2,"11,81","0,85","41,09","3,48","-74,22"
2026 03 12 13:05:00:983,-3.9985,-6.78875,"0,27",12,2,"11,81","0,85","41,09","3,48","-74,22"
2026 03 12 13:05:00:985,-3.9675,-6.78875,"0,27",12,2,"11,81","0,85","41,09","3,48","-70,31"
2026 03 12 13:05:00:987,-3.9985,-6.78875,"0,27",12,2,"11,81","0,85","41,09","3,48","-70,31"
2026 03 12 13:05:00:989,-3.9675,-6.78875,"0,27",12,2,"11,81","0,85","41,09","3,48","-54,69"
2026 03 12 13:05:00:991,-3.9334,-6.70125,"0,27",12,2,"11,81","0,85","41,09","3,48","-50,78"
2026 03 12 13:05:00:993,-3.9675,-6.87625,"0,27",12,2,"11,81","0,85","41,09","3,48","-62,5"
2026 03 12 13:05:00:995,-3.9675,-6.78875,"0,27",12,2,"11,81","0,85","41,09","3,48","-85,94"
2026 03 12 13:05:00:997,-3.9675,-6.70125,"0,27",12,2,"11,81","0,85","41,09","3,48","-93,75"
2026 03 12 13:05:00:999,-3.9675,-6.78875,"0,27",12,2,"11,81","0,85","41,09","3,48","-93,75"
2026 03 12 13:05:01:001,-3.9675,-6.78875,"0,27",12,2,"11,81","0,85","41,09","3,48","-74,22"
2026 03 12 13:05:01:003,-3.9985,-6.70125,"0,27",12,2,"11,81","0,85","41,09","3,48","-70,31"
2026 03 12 13:05:01:005,-3.9675,-6.70125,"0,27",12,2,"11,81","0,85","41,09","3,48","-70,31"
2026 03 12 13:05:01:007,-3.9675,-6.78875,"0,27",12,2,"11,81","0,85","41,09","3,48","-70,31"
2026 03 12 13:05:01:009,-3.9334,-6.78875,"0,27",12,2,"11,81","0,85","41,09","3,48","-54,69"
2026 03 12 13:05:01:011,-3.9675,-6.78875,"0,27",12,2,"11,81","0,85","41,09","3,48","-54,69"
2026 03 12 13:05:01:013,-3.9675,-6.78875,"0,27",12,2,"11,84","0,78","40,91","3,45","-62,5"
2026 03 12 13:05:01:015,-3.9675,-6.78875,"0,27",12,2,"11,84","0,78","40,91","3,45","-82,03"
2026 03 12 13:05:01:017,-3.9675,-6.70125,"0,27",12,2,"11,84","0,78","40,91","3,45","-93,75"
2026 03 12 13:05:01:019,-3.9675,-6.78875,"0,27",12,2,"11,84","0,78","40,91","3,45","-93,75"
2026 03 12 13:05:01:021,-3.9675,-6.70125,"0,27",12,2,"11,84","0,78","40,91","3,45","-74,22"
2026 03 12 13:05:01:023,-3.9675,-6.70125,"0,27",12,2,"11,84","0,78","40,91","3,45","-70,31"
2026 03 12 13:05:01:025,-3.9675,-6.70125,"0,27",12,2,"11,84","0,78","40,91","3,45","-70,31"
2026 03 12 13:05:01:027,-3.9334,-6.78875,"0,27",12,2,"11,84","0,78","40,91","3,45","-70,31"
2026 03 12 13:05:01:029,-3.9675,-6.70125,"0,27",12,2,"11,84","0,78","40,91","3,45","-54,69"
2026 03 12 13:05:01:031,-3.9675,-6.78875,"0,27",12,2,"11,84","0,78","40,91","3,45","-54,69"
2026 03 12 13:05:01:033,-3.9675,-6.78875,"0,27",12,2,"11,84","0,78","40,91","3,45","-66,41"
2026 03 12 13:05:01:035,-3.9675,-6.70125,"0,27",12,2,"11,84","0,78","40,91","3,45","-82,03"
2026 03 12 13:05:01:037,-3.9675,-6.78875,"0,27",12,2,"11,84","0,78","40,91","3,45","-93,75"
2026 03 12 13:05:01:039,-3.9334,-6.78875,"0,27",12,2,"11,84","0,78","40,91","3,45","-93,75"
2026 03 12 13:05:01:041,-3.9675,-6.70125,"0,27",12,2,"11,84","0,78","40,91","3,45","-70,31"
2026 03 12 13:05:01:043,-3.9334,-6.70125,"0,27",12,2,"11,84","0,78","40,91","3,45","-70,31"
2026 03 12 13:05:01:045,-3.9675,-6.78875,"0,27",12,2,"11,84","0,78","40,91","3,45","-70,31"
2026 03 12 13:05:01:047,-3.9985,-6.78875,"0,27",12,2,"11,84","0,78","40,91","3,45","-70,31"
2026 03 12 13:05:01:049,-3.9985,-6.78875,"0,27",12,2,"11,84","0,78","40,91","3,45","-54,69"
2026 03 12 13:05:01:051,-3.9675,-6.78875,"0,27",12,2,"11,84","0,78","40,91","3,45","-54,69"
2026 03 12 13:05:01:053,-3.9675,-6.70125,"0,27",12,2,"11,84","0,78","40,91","3,45","-62,5"
2026 03 12 13:05:01:055,-3.9985,-6.87625,"0,27",12,2,"11,84","0,78","40,91","3,45","-82,03"
2026 03 12 13:05:01:057,-3.9675,-6.78875,"0,27",12,2,"11,84","0,78","40,91","3,45","-97,66"
2026 03 12 13:05:01:059,-3.9985,-6.70125,"0,27",12,2,"11,84","0,78","40,91","3,45","-93,75"
2026 03 12 13:05:01:061,-3.9985,-6.78875,"0,27",12,2,"11,84","0,78","40,91","3,45","-74,22"
2026 03 12 13:05:01:063,-3.9675,-6.70125,"0,27",12,2,"11,84","0,78","40,91","3,45","-70,31"
2026 03 12 13:05:01:065,-3.9675,-6.70125,"0,27",12,2,"11,84","0,78","40,91","3,45","-70,31"
2026 03 12 13:05:01:067,-3.9675,-6.70125,"0,27",12,2,"11,84","0,78","40,91","3,45","-70,31"
2026 03 12 13:05:01:069,-3.9675,-6.78875,"0,27",12,2,"11,84","0,78","40,91","3,45","-54,69"
2026 03 12 13:05:01:071,-3.9675,-6.78875,"0,27",12,2,"11,84","0,78","40,91","3,45","-58,59"
2026 03 12 13:05:01:073,-3.9675,-6.78875,"0,27",12,2,"11,84","0,78","40,91","3,45","-66,41"
2026 03 12 13:05:01:075,-3.9675,-6.70125,"0,27",12,2,"11,84","0,78","40,91","3,45","-78,12"
2026 03 12 13:05:01:077,-3.9675,-6.70125,"0,27",12,2,"11,84","0,78","40,91","3,45","-93,75"
2026 03 12 13:05:01:079,-3.9675,-6.70125,"0,27",12,2,"11,84","0,78","40,91","3,45","-93,75"
2026 03 12 13:05:01:081,-3.9985,-6.78875,"0,27",12,2,"11,84","0,78","40,91","3,45","-70,31"
2026 03 12 13:05:01:083,-3.9675,-6.78875,"0,27",12,2,"11,84","0,78","40,91","3,45","-70,31"
2026 03 12 13:05:01:085,-3.9675,-6.78875,"0,27",12,2,"11,84","0,78","40,91","3,45","-70,31"
2026 03 12 13:05:01:087,-3.9985,-6.70125,"0,27",12,2,"11,84","0,78","40,91","3,45","-70,31"
2026 03 12 13:05:01:089,-3.9675,-6.78875,"0,27",12,2,"11,84","0,78","40,91","3,45","-58,59"
2026 03 12 13:05:01:091,-3.9675,-6.78875,"0,27",12,2,"11,84","0,78","40,91","3,45","-54,69"
2026 03 12 13:05:01:093,-3.9675,-6.78875,"0,27",12,2,"11,84","0,78","40,91","3,45","-62,5"
2026 03 12 13:05:01:095,-3.9675,-6.78875,"0,27",12,2,"11,84","0,78","40,91","3,45","-78,12"
2026 03 12 13:05:01:097,-3.9334,-6.87625,"0,27",12,2,"11,84","0,78","40,91","3,45","-93,75"
2026 03 12 13:05:01:099,-3.9985,-6.87625,"0,27",12,2,"11,84","0,78","40,91","3,45","-93,75"
2026 03 12 13:05:01:101,-3.9334,-6.78875,"0,27",12,2,"11,84","0,78","40,91","3,45","-70,31"
2026 03 12 13:05:01:103,-3.9675,-6.78875,"0,27",12,2,"11,84","0,78","40,91","3,45","-70,31"
2026 03 12 13:05:01:105,-3.9675,-6.78875,"0,27",12,2,"11,84","0,78","40,91","3,45","-70,31"
2026 03 12 13:05:01:107,-3.9334,-6.78875,"0,27",12,2,"11,84","0,78","40,91","3,45","-70,31"
2026 03 12 13:05:01:109,-3.9334,-6.78875,"0,27",12,2,"11,84","0,78","40,91","3,45","-54,69"
2026 03 12 13:05:01:111,-3.9985,-6.70125,"0,27",12,2,"11,84","0,78","40,91","3,45","-54,69"
2026 03 12 13:05:01:113,-3.9985,-6.70125,"0,27",12,2,"11,84","0,78","40,91","3,45","-62,5"
2026 03 12 13:05:01:115,-3.9675,-6.78875,"0,27",12,2,"11,84","0,78","40,91","3,45","-78,12"
2026 03 12 13:05:01:117,-3.9675,-6.87625,"0,27",12,2,"11,84","0,78","40,91","3,45","-93,75"
2026 03 12 13:05:01:119,-3.9675,-6.78875,"0,27",12,2,"11,84","0,78","40,91","3,45","-97,66"
2026 03 12 13:05:01:121,-3.9675,-6.78875,"0,27",12,2,"11,84","0,78","40,91","3,45","-70,31"
2026 03 12 13:05:01:123,-3.9675,-6.87625,"0,27",12,2,"11,84","0,78","40,91","3,45","-70,31"
2026 03 12 13:05:01:125,-3.9334,-6.78875,"0,27",12,2,"11,84","0,78","40,91","3,45","-70,31"
2026 03 12 13:05:01:127,-3.9675,-6.78875,"0,27",12,2,"11,84","0,78","40,91","3,45","-70,31"
2026 03 12 13:05:01:129,-3.9675,-6.78875,"0,27",12,2,"11,84","0,78","40,91","3,45","-54,69"
2026 03 12 13:05:01:131,-3.9675,-6.78875,"0,27",12,2,"11,84","0,78","40,91","3,45","-54,69"
2026 03 12 13:05:01:133,-3.9675,-6.78875,"0,27",12,2,"11,84","0,78","40,91","3,45","-62,5"
2026 03 12 13:05:01:135,-3.9675,-6.87625,"0,27",12,2,"11,84","0,78","40,91","3,45","-85,94"
2026 03 12 13:05:01:137,-3.9675,-6.70125,"0,27",12,2,"11,84","0,78","40,91","3,45","-93,75"
2026 03 12 13:05:01:139,-3.9675,-6.78875,"0,27",12,2,"11,84","0,78","40,91","3,45","-93,75"
2026 03 12 13:05:01:141,-3.9985,-6.78875,"0,27",12,2,"11,84","0,78","40,91","3,45","-70,31"
2026 03 12 13:05:01:143,-3.9334,-6.78875,"0,27",12,2,"11,84","0,78","40,91","3,45","-70,31"
2026 03 12 13:05:01:145,-3.9675,-6.78875,"0,27",12,2,"11,84","0,78","40,91","3,45","-70,31"
2026 03 12 13:05:01:147,-3.9675,-6.78875,"0,27",12,2,"11,84","0,78","40,91","3,45","-70,31"
2026 03 12 13:05:01:149,-3.9675,-6.78875,"0,27",12,2,"11,84","0,78","40,91","3,45","-54,69"
2026 03 12 13:05:01:151,-3.9675,-6.78875,"0,27",12,2,"11,84","0,78","40,91","3,45","-54,69"
2026 03 12 13:05:01:153,-3.9985,-6.78875,"0,27",12,2,"11,84","0,78","40,91","3,45","-62,5"
2026 03 12 13:05:01:155,-3.9675,-6.70125,"0,27",12,2,"11,84","0,78","40,91","3,45","-82,03"
2026 03 12 13:05:01:157,-3.9985,-6.78875,"0,27",12,2,"11,84","0,78","40,91","3,45","-93,75"
2026 03 12 13:05:01:159,-3.9985,-6.78875,"0,27",12,2,"11,84","0,78","40,91","3,45","-93,75"
2026 03 12 13:05:01:161,-3.9675,-6.78875,"0,27",12,2,"11,84","0,78","40,91","3,45","-70,31"
2026 03 12 13:05:01:163,-3.9675,-6.70125,"0,27",12,2,"11,84","0,78","40,91","3,45","-70,31"
2026 03 12 13:05:01:165,-3.9675,-6.70125,"0,27",12,2,"11,84","0,78","40,91","3,45","-70,31"
2026 03 12 13:05:01:167,-3.9675,-6.70125,"0,27",12,2,"11,84","0,78","40,91","3,45","-66,41"
2026 03 12 13:05:01:169,-3.9985,-6.70125,"0,27",12,2,"11,84","0,78","40,91","3,45","-54,69"
2026 03 12 13:05:01:171,-3.9675,-6.70125,"0,27",12,2,"11,84","0,78","40,91","3,45","-54,69"
2026 03 12 13:05:01:173,-3.9675,-6.78875,"0,27",12,2,"11,84","0,78","40,91","3,45","-62,5"
2026 03 12 13:05:01:175,-3.9675,-6.70125,"0,27",12,2,"11,84","0,78","40,91","3,45","-82,03"
2026 03 12 13:05:01:177,-3.9675,-6.70125,"0,27",12,2,"11,84","0,78","40,91","3,45","-97,66"
2026 03 12 13:05:01:179,-3.9985,-6.78875,"0,27",12,2,"11,84","0,78","40,91","3,45","-89,84"
2026 03 12 13:05:01:181,-3.9675,-6.78875,"0,27",12,2,"11,84","0,78","40,91","3,45","-70,31"
2026 03 12 13:05:01:183,-3.9334,-6.78875,"0,27",12,2,"11,84","0,78","40,91","3,45","-70,31"
2026 03 12 13:05:01:185,-3.9675,-6.78875,"0,27",12,2,"11,84","0,78","40,91","3,45","-70,31"
2026 03 12 13:05:01:187,-3.9675,-6.70125,"0,27",12,2,"11,84","0,78","40,91","3,45","-66,41"
2026 03 12 13:05:01:189,-3.9675,-6.78875,"0,27",12,2,"11,84","0,78","40,91","3,45","-54,69"
2026 03 12 13:05:01:191,-3.9675,-6.78875,"0,27",12,2,"11,84","0,78","40,91","3,45","-58,59"
2026 03 12 13:05:01:193,-3.9675,-6.78875,"0,27",12,2,"11,84","0,78","40,91","3,45","-62,5"
2026 03 12 13:05:01:195,-3.9675,-6.70125,"0,27",12,2,"11,84","0,78","40,91","3,45","-82,03"
2026 03 12 13:05:01:197,-3.9675,-6.70125,"0,27",12,2,"11,84","0,78","40,91","3,45","-93,75"
2026 03 12 13:05:01:199,-3.9675,-6.78875,"0,27",12,2,"11,84","0,78","40,91","3,45","-93,75"
2026 03 12 13:05:01:201,-3.9675,-6.78875,"0,27",12,2,"11,84","0,78","40,91","3,45","-70,31"
2026 03 12 13:05:01:203,-3.9675,-6.78875,"0,27",12,2,"11,84","0,78","40,91","3,45","-70,31"
2026 03 12 13:05:01:205,-3.9675,-6.78875,"0,27",12,2,"11,84","0,78","40,91","3,45","-70,31"
2026 03 12 13:05:01:207,-3.9675,-6.70125,"0,27",12,2,"11,84","0,78","40,91","3,45","-66,41"
2026 03 12 13:05:01:209,-3.9675,-6.70125,"0,27",12,2,"11,84","0,78","40,91","3,45","-54,69"
2026 03 12 13:05:01:211,-3.9675,-6.78875,"0,27",12,2,"11,84","0,78","40,91","3,45","-58,59"
2026 03 12 13:05:01:213,-3.9675,-6.78875,"0,27",12,2,"11,84","0,78","40,91","3,45","-62,5"
2026 03 12 13:05:01:215,-3.9675,-6.70125,"0,27",12,2,"11,84","0,78","40,91","3,45","-85,94"
2026 03 12 13:05:01:217,-3.9334,-6.78875,"0,27",12,2,"11,84","0,78","40,91","3,45","-93,75"
2026 03 12 13:05:01:219,-3.9675,-6.78875,"0,27",12,2,"11,84","0,78","40,91","3,45","-93,75"
2026 03 12 13:05:01:221,-3.9334,-6.78875,"0,27",12,2,"11,84","0,78","40,91","3,45","-70,31"
2026 03 12 13:05:01:223,-3.9675,-6.78875,"0,27",12,2,"11,84","0,78","40,91","3,45","-70,31"
2026 03 12 13:05:01:225,-3.9675,-6.78875,"0,27",12,2,"11,84","0,78","40,91","3,45","-70,31"
2026 03 12 13:05:01:227,-3.9334,-6.78875,"0,27",12,2,"11,84","0,78","40,91","3,45","-66,41"
2026 03 12 13:05:01:229,-3.9675,-6.70125,"0,27",12,2,"11,84","0,78","40,91","3,45","-50,78"
2026 03 12 13:05:01:231,-3.9675,-6.70125,"0,27",12,2,"11,84","0,78","40,91","3,45","-58,59"
2026 03 12 13:05:01:233,-3.9675,-6.78875,"0,27",12,2,"11,84","0,78","40,91","3,45","-70,31"
2026 03 12 13:05:01:235,-3.9675,-6.78875,"0,27",12,2,"11,84","0,78","40,91","3,45","-82,03"
2026 03 12 13:05:01:237,-3.9675,-6.70125,"0,27",12,2,"11,84","0,78","40,91","3,45","-93,75"
2026 03 12 13:05:01:239,-3.9675,-6.78875,"0,27",12,2,"11,84","0,78","40,91","3,45","-93,75"
2026 03 12 13:05:01:241,-3.9675,-6.78875,"0,27",12,2,"11,84","0,78","40,91","3,45","-70,31"
2026 03 12 13:05:01:243,-3.9675,-6.78875,"0,27",12,2,"11,84","0,78","40,91","3,45","-66,41"
2026 03 12 13:05:01:245,-3.9675,-6.70125,"0,27",12,2,"11,84","0,78","40,91","3,45","-70,31"
2026 03 12 13:05:01:247,-3.9675,-6.78875,"0,27",12,2,"11,84","0,78","40,91","3,45","-66,41"
2026 03 12 13:05:01:249,-3.9675,-6.78875,"0,27",12,2,"11,84","0,78","40,91","3,45","-54,69"
2026 03 12 13:05:01:251,-3.9334,-6.78875,"0,27",12,2,"11,84","0,78","40,91","3,45","-54,69"
2026 03 12 13:05:01:253,-3.9675,-6.70125,"0,27",12,2,"11,84","0,78","40,91","3,45","-58,59"
2026 03 12 13:05:01:255,-3.9675,-6.87625,"0,27",12,2,"11,84","0,78","40,91","3,45","-78,12"
2026 03 12 13:05:01:257,-3.9675,-6.70125,"0,27",12,2,"11,84","0,78","40,91","3,45","-93,75"
2026 03 12 13:05:01:259,-3.9675,-6.70125,"0,27",12,2,"11,84","0,78","40,91","3,45","-89,84"
2026 03 12 13:05:01:261,-3.9334,-6.78875,"0,27",12,2,"11,84","0,78","40,91","3,45","-70,31"
2026 03 12 13:05:01:263,-3.9675,-6.70125,"0,27",12,2,"11,84","0,78","40,91","3,45","-70,31"
2026 03 12 13:05:01:265,-3.9675,-6.78875,"0,27",12,2,"11,84","0,78","40,91","3,45","-66,41"
2026 03 12 13:05:01:267,-3.9675,-6.70125,"0,27",12,2,"11,84","0,78","40,91","3,45","-70,31"
2026 03 12 13:05:01:269,-3.9675,-6.70125,"0,27",12,2,"11,84","0,78","40,91","3,45","-54,69"
2026 03 12 13:05:01:271,-3.9675,-6.78875,"0,27",12,2,"11,84","0,78","40,91","3,45","-50,78"
2026 03 12 13:05:01:273,-3.9675,-6.78875,"0,27",12,2,"11,84","0,78","40,91","3,45","-62,5"
2026 03 12 13:05:01:275,-3.9675,-6.78875,"0,27",12,2,"11,84","0,78","40,91","3,45","-78,12"
2026 03 12 13:05:01:277,-3.9675,-6.78875,"0,27",12,2,"11,84","0,78","40,91","3,45","-89,84"
2026 03 12 13:05:01:279,-3.9675,-6.78875,"0,27",12,2,"11,84","0,78","40,91","3,45","-93,75"
2026 03 12 13:05:01:281,-3.9675,-6.78875,"0,27",12,2,"11,84","0,78","40,91","3,45","-70,31"
2026 03 12 13:05:01:283,-3.9675,-6.78875,"0,27",12,2,"11,84","0,78","40,91","3,45","-66,41"
2026 03 12 13:05:01:285,-3.9675,-6.78875,"0,27",12,2,"11,84","0,78","40,91","3,45","-66,41"
2026 03 12 13:05:01:287,-3.9334,-6.78875,"0,27",12,2,"11,84","0,78","40,91","3,45","-66,41"
2026 03 12 13:05:01:289,-3.9675,-6.78875,"0,27",12,2,"11,84","0,78","40,91","3,45","-50,78"
2026 03 12 13:05:01:291,-3.9675,-6.78875,"0,27",12,2,"11,84","0,78","40,91","3,45","-50,78"
2026 03 12 13:05:01:293,-3.9675,-6.78875,"0,27",12,2,"11,84","0,78","40,91","3,45","-62,5"
2026 03 12 13:05:01:295,-3.9675,-6.78875,"0,27",12,2,"11,84","0,78","40,91","3,45","-78,12"
2026 03 12 13:05:01:297,-3.9675,-6.78875,"0,27",12,2,"11,84","0,78","40,91","3,45","-89,84"
2026 03 12 13:05:01:299,-3.9675,-6.70125,"0,27",12,2,"11,84","0,78","40,91","3,45","-93,75"
2026 03 12 13:05:01:301,-3.9675,-6.70125,"0,27",12,2,"11,84","0,78","40,91","3,45","-70,31"
2026 03 12 13:05:01:303,-3.9675,-6.78875,"0,27",12,2,"11,84","0,78","40,91","3,45","-66,41"
2026 03 12 13:05:01:305,-3.9985,-6.78875,"0,27",12,2,"11,84","0,78","40,91","3,45","-70,31"
2026 03 12 13:05:01:307,-3.9675,-6.70125,"0,27",12,2,"11,84","0,78","40,91","3,45","-66,41"
2026 03 12 13:05:01:309,-3.9675,-6.70125,"0,27",12,2,"11,84","0,78","40,91","3,45","-50,78"
2026 03 12 13:05:01:311,-3.9334,-6.70125,"0,27",12,2,"11,84","0,78","40,91","3,45","-50,78"
2026 03 12 13:05:01:313,-3.9675,-6.70125,"0,27",12,2,"11,95","0,82","43,79","3,67","-62,5"
2026 03 12 13:05:01:315,-3.9675,-6.70125,"0,27",12,2,"11,95","0,82","43,79","3,67","-78,12"
2026 03 12 13:05:01:317,-3.9675,-6.78875,"0,27",12,2,"11,95","0,82","43,79","3,67","-89,84"
2026 03 12 13:05:01:319,-3.9675,-6.78875,"0,27",12,2,"11,95","0,82","43,79","3,67","-93,75"
2026 03 12 13:05:01:321,-3.9334,-6.78875,"0,27",12,2,"11,95","0,82","43,79","3,67","-70,31"
2026 03 12 13:05:01:323,-3.9985,-6.70125,"0,27",12,2,"11,95","0,82","43,79","3,67","-66,41"
2026 03 12 13:05:01:325,-3.9675,-6.78875,"0,27",12,2,"11,95","0,82","43,79","3,67","-66,41"
2026 03 12 13:05:01:327,-3.9675,-6.70125,"0,27",12,2,"11,95","0,82","43,79","3,67","-66,41"
2026 03 12 13:05:01:329,-3.9675,-6.78875,"0,27",12,2,"11,95","0,82","43,79","3,67","-50,78"
2026 03 12 13:05:01:331,-3.9675,-6.70125,"0,27",12,2,"11,95","0,82","43,79","3,67","-50,78"
2026 03 12 13:05:01:333,-3.9985,-6.70125,"0,27",12,2,"11,95","0,82","43,79","3,67","-62,5"
2026 03 12 13:05:01:335,-3.9334,-6.78875,"0,27",12,2,"11,95","0,82","43,79","3,67","-78,12"
2026 03 12 13:05:01:337,-3.9675,-6.78875,"0,27",12,2,"11,95","0,82","43,79","3,67","-89,84"
2026 03 12 13:05:01:339,-3.9675,-6.78875,"0,27",12,2,"11,95","0,82","43,79","3,67","-93,75"
2026 03 12 13:05:01:341,-3.9334,-6.78875,"0,27",12,2,"11,95","0,82","43,79","3,67","-70,31"
2026 03 12 13:05:01:343,-3.9675,-6.70125,"0,27",12,2,"11,95","0,82","43,79","3,67","-66,41"
2026 03 12 13:05:01:345,-3.9334,-6.78875,"0,27",12,2,"11,95","0,82","43,79","3,67","-66,41"
2026 03 12 13:05:01:347,-3.9985,-6.78875,"0,27",12,2,"11,95","0,82","43,79","3,67","-66,41"
2026 03 12 13:05:01:349,-3.9675,-6.70125,"0,27",12,2,"11,95","0,82","43,79","3,67","-50,78"
2026 03 12 13:05:01:351,-3.9675,-6.70125,"0,27",12,2,"11,95","0,82","43,79","3,67","-50,78"
2026 03 12 13:05:01:353,-3.9675,-6.70125,"0,27",12,2,"11,95","0,82","43,79","3,67","-62,5"
2026 03 12 13:05:01:355,-3.9675,-6.70125,"0,27",12,2,"11,95","0,82","43,79","3,67","-78,12"
2026 03 12 13:05:01:357,-3.9675,-6.78875,"0,27",12,2,"11,95","0,82","43,79","3,67","-89,84"
2026 03 12 13:05:01:359,-3.9675,-6.70125,"0,27",12,2,"11,95","0,82","43,79","3,67","-89,84"
2026 03 12 13:05:01:361,-3.9985,-6.70125,"0,27",12,2,"11,95","0,82","43,79","3,67","-70,31"
2026 03 12 13:05:01:363,-3.9675,-6.70125,"0,27",12,2,"11,95","0,82","43,79","3,67","-66,41"
2026 03 12 13:05:01:365,-3.9985,-6.78875,"0,27",12,2,"11,95","0,82","43,79","3,67","-70,31"
2026 03 12 13:05:01:367,-3.9675,-6.78875,"0,27",12,2,"11,95","0,82","43,79","3,67","-66,41"
2026 03 12 13:05:01:369,-3.9675,-6.78875,"0,27",12,2,"11,95","0,82","43,79","3,67","-50,78"
2026 03 12 13:05:01:371,-3.9334,-6.78875,"0,27",12,2,"11,95","0,82","43,79","3,67","-50,78"
2026 03 12 13:05:01:373,-3.9675,-6.78875,"0,27",12,2,"11,95","0,82","43,79","3,67","-62,5"
2026 03 12 13:05:01:375,-3.9985,-6.70125,"0,27",12,2,"11,95","0,82","43,79","3,67","-78,12"
2026 03 12 13:05:01:377,-3.9675,-6.78875,"0,27",12,2,"11,95","0,82","43,79","3,67","-89,84"
2026 03 12 13:05:01:379,-3.9675,-6.78875,"0,27",12,2,"11,95","0,82","43,79","3,67","-93,75"
2026 03 12 13:05:01:381,-3.9985,-6.78875,"0,27",12,2,"11,95","0,82","43,79","3,67","-70,31"
2026 03 12 13:05:01:383,-3.9675,-6.78875,"0,27",12,2,"11,95","0,82","43,79","3,67","-66,41"
2026 03 12 13:05:01:385,-3.9675,-6.87625,"0,27",12,2,"11,95","0,82","43,79","3,67","-66,41"
2026 03 12 13:05:01:387,-3.9675,-6.87625,"0,27",12,2,"11,95","0,82","43,79","3,67","-66,41"
2026 03 12 13:05:01:389,-3.9675,-6.78875,"0,27",12,2,"11,95","0,82","43,79","3,67","-54,69"
2026 03 12 13:05:01:391,-3.9675,-6.78875,"0,27",12,2,"11,95","0,82","43,79","3,67","-50,78"
2026 03 12 13:05:01:393,-3.9985,-6.78875,"0,27",12,2,"11,95","0,82","43,79","3,67","-58,59"
2026 03 12 13:05:01:395,-3.9334,-6.70125,"0,27",12,2,"11,95","0,82","43,79","3,67","-78,12"
2026 03 12 13:05:01:397,-3.9675,-6.78875,"0,27",12,2,"11,95","0,82","43,79","3,67","-93,75"
2026 03 12 13:05:01:399,-3.9675,-6.78875,"0,27",12,2,"11,95","0,82","43,79","3,67","-93,75"
2026 03 12 13:05:01:401,-3.9985,-6.78875,"0,27",12,2,"11,95","0,82","43,79","3,67","-66,41"
2026 03 12 13:05:01:403,-3.9675,-6.78875,"0,27",12,2,"11,95","0,82","43,79","3,67","-66,41"
2026 03 12 13:05:01:405,-3.9985,-6.70125,"0,27",12,2,"11,95","0,82","43,79","3,67","-66,41"
2026 03 12 13:05:01:407,-3.9334,-6.78875,"0,27",12,2,"11,95","0,82","43,79","3,67","-66,41"
2026 03 12 13:05:01:409,-3.9675,-6.78875,"0,27",12,2,"11,95","0,82","43,79","3,67","-50,78"
2026 03 12 13:05:01:411,-3.9334,-6.70125,"0,27",12,2,"11,95","0,82","43,79","3,67","-50,78"
2026 03 12 13:05:01:413,-3.9675,-6.78875,"0,27",12,2,"11,95","0,82","43,79","3,67","-58,59"
2026 03 12 13:05:01:415,-3.9675,-6.78875,"0,27",12,2,"11,95","0,82","43,79","3,67","-78,12"
2026 03 12 13:05:01:417,-3.9675,-6.70125,"0,27",12,2,"11,95","0,82","43,79","3,67","-89,84"
2026 03 12 13:05:01:419,-3.9675,-6.78875,"0,27",12,2,"11,95","0,82","43,79","3,67","-89,84"
2026 03 12 13:05:01:421,-3.9675,-6.70125,"0,27",12,2,"11,95","0,82","43,79","3,67","-66,41"
2026 03 12 13:05:01:423,-3.9675,-6.78875,"0,27",12,2,"11,95","0,82","43,79","3,67","-66,41"
2026 03 12 13:05:01:425,-3.9675,-6.78875,"0,27",12,2,"11,95","0,82","43,79","3,67","-66,41"
2026 03 12 13:05:01:427,-3.9675,-6.70125,"0,27",12,2,"11,95","0,82","43,79","3,67","-66,41"
2026 03 12 13:05:01:429,-3.9334,-6.78875,"0,27",12,2,"11,95","0,82","43,79","3,67","-50,78"
2026 03 12 13:05:01:431,-3.9675,-6.78875,"0,27",12,2,"11,95","0,82","43,79","3,67","-50,78"
2026 03 12 13:05:01:433,-3.9675,-6.70125,"0,27",12,2,"11,95","0,82","43,79","3,67","-62,5"
2026 03 12 13:05:01:435,-3.9675,-6.78875,"0,27",12,2,"11,95","0,82","43,79","3,67","-78,12"
2026 03 12 13:05:01:437,-3.9675,-6.78875,"0,27",12,2,"11,95","0,82","43,79","3,67","-89,84"
2026 03 12 13:05:01:439,-3.9675,-6.78875,"0,27",12,2,"11,95","0,82","43,79","3,67","-93,75"
2026 03 12 13:05:01:441,-3.9675,-6.78875,"0,27",12,2,"11,95","0,82","43,79","3,67","-70,31"
2026 03 12 13:05:01:443,-3.9675,-6.87625,"0,27",12,2,"11,95","0,82","43,79","3,67","-66,41"
2026 03 12 13:05:01:445,-3.9675,-6.78875,"0,27",12,2,"11,95","0,82","43,79","3,67","-66,41"
2026 03 12 13:05:01:447,-3.9334,-6.70125,"0,27",12,2,"11,95","0,82","43,79","3,67","-66,41"
2026 03 12 13:05:01:449,-3.9985,-6.78875,"0,27",12,2,"11,95","0,82","43,79","3,67","-50,78"
2026 03 12 13:05:01:451,-3.9675,-6.78875,"0,27",12,2,"11,95","0,82","43,79","3,67","-50,78"
2026 03 12 13:05:01:453,-3.9985,-6.78875,"0,27",12,2,"11,95","0,82","43,79","3,67","-58,59"
2026 03 12 13:05:01:455,-3.9675,-6.70125,"0,27",12,2,"11,95","0,82","43,79","3,67","-78,12"
2026 03 12 13:05:01:457,-3.9334,-6.78875,"0,27",12,2,"11,95","0,82","43,79","3,67","-89,84"
2026 03 12 13:05:01:459,-3.9675,-6.70125,"0,27",12,2,"11,95","0,82","43,79","3,67","-93,75"
2026 03 12 13:05:01:461,-3.9675,-6.78875,"0,27",12,2,"11,95","0,82","43,79","3,67","-66,41"
2026 03 12 13:05:01:463,-3.9675,-6.87625,"0,27",12,2,"11,95","0,82","43,79","3,67","-66,41"
2026 03 12 13:05:01:465,-3.9675,-6.78875,"0,27",12,2,"11,95","0,82","43,79","3,67","-66,41"
2026 03 12 13:05:01:467,-3.9675,-6.78875,"0,27",12,2,"11,95","0,82","43,79","3,67","-62,5"
2026 03 12 13:05:01:469,-3.9334,-6.78875,"0,27",12,2,"11,95","0,82","43,79","3,67","-50,78"
2026 03 12 13:05:01:471,-3.9675,-6.70125,"0,27",12,2,"11,95","0,82","43,79","3,67","-50,78"
2026 03 12 13:05:01:473,-3.9675,-6.70125,"0,27",12,2,"11,95","0,82","43,79","3,67","-62,5"
2026 03 12 13:05:01:475,-3.9675,-6.78875,"0,27",12,2,"11,95","0,82","43,79","3,67","-82,03"
2026 03 12 13:05:01:477,-3.9675,-6.78875,"0,27",12,2,"11,95","0,82","43,79","3,67","-89,84"
2026 03 12 13:05:01:479,-3.9675,-6.87625,"0,27",12,2,"11,95","0,82","43,79","3,67","-89,84"
2026 03 12 13:05:01:481,-3.9675,-6.78875,"0,27",12,2,"11,95","0,82","43,79","3,67","-70,31"
2026 03 12 13:05:01:483,-3.9675,-6.87625,"0,27",12,2,"11,95","0,82","43,79","3,67","-66,41"
2026 03 12 13:05:01:485,-3.9334,-6.78875,"0,27",12,2,"11,95","0,82","43,79","3,67","-66,41"
2026 03 12 13:05:01:487,-3.9675,-6.78875,"0,27",12,2,"11,95","0,82","43,79","3,67","-62,5"
2026 03 12 13:05:01:489,-3.9675,-6.78875,"0,27",12,2,"11,95","0,82","43,79","3,67","-50,78"
2026 03 12 13:05:01:491,-3.9675,-6.87625,"0,27",12,2,"11,95","0,82","43,79","3,67","-50,78"
2026 03 12 13:05:01:493,-3.9675,-6.78875,"0,27",12,2,"11,95","0,82","43,79","3,67","-62,5"
2026 03 12 13:05:01:495,-3.9334,-6.78875,"0,27",12,2,"11,95","0,82","43,79","3,67","-78,12"
2026 03 12 13:05:01:497,-3.9675,-6.70125,"0,27",12,2,"11,95","0,82","43,79","3,67","-89,84"
2026 03 12 13:05:01:499,-3.9675,-6.70125,"0,27",12,2,"11,95","0,82","43,79","3,67","-89,84"
2026 03 12 13:05:01:501,-3.9675,-6.78875,"0,27",12,2,"11,95","0,82","43,79","3,67","-66,41"
2026 03 12 13:05:01:503,-3.9985,-6.78875,"0,27",12,2,"11,95","0,82","43,79","3,67","-66,41"
2026 03 12 13:05:01:505,-3.9675,-6.78875,"0,27",12,2,"11,95","0,82","43,79","3,67","-66,41"
2026 03 12 13:05:01:507,-3.9985,-6.78875,"0,27",12,2,"11,95","0,82","43,79","3,67","-66,41"
2026 03 12 13:05:01:509,-3.9334,-6.78875,"0,27",12,2,"11,95","0,82","43,79","3,67","-46,87"
2026 03 12 13:05:01:511,-3.9675,-6.70125,"0,27",12,2,"11,95","0,82","43,79","3,67","-54,69"
2026 03 12 13:05:01:513,-3.9985,-6.70125,"0,27",12,2,"11,95","0,82","43,79","3,67","-62,5"
2026 03 12 13:05:01:515,-3.9675,-6.70125,"0,27",12,2,"11,95","0,82","43,79","3,67","-78,12"
2026 03 12 13:05:01:517,-3.9985,-6.70125,"0,27",12,2,"11,95","0,82","43,79","3,67","-89,84"
2026 03 12 13:05:01:519,-3.9985,-6.87625,"0,27",12,2,"11,95","0,82","43,79","3,67","-93,75"
2026 03 12 13:05:01:521,-3.9675,-6.78875,"0,27",12,2,"11,95","0,82","43,79","3,67","-66,41"
2026 03 12 13:05:01:523,-3.9675,-6.70125,"0,27",12,2,"11,95","0,82","43,79","3,67","-66,41"
2026 03 12 13:05:01:525,-3.9675,-6.78875,"0,27",12,2,"11,95","0,82","43,79","3,67","-66,41"
2026 03 12 13:05:01:527,-3.9675,-6.78875,"0,27",12,2,"11,95","0,82","43,79","3,67","-62,5"
2026 03 12 13:05:01:529,-3.9675,-6.78875,"0,27",12,2,"11,95","0,82","43,79","3,67","-46,87"
2026 03 12 13:05:01:531,-3.9675,-6.78875,"0,27",12,2,"11,95","0,82","43,79","3,67","-54,69"
2026 03 12 13:05:01:533,-3.9334,-6.78875,"0,27",12,2,"11,95","0,82","43,79","3,67","-66,41"
2026 03 12 13:05:01:535,-3.9675,-6.78875,"0,27",12,2,"11,95","0,82","43,79","3,67","-78,12"
2026 03 12 13:05:01:537,-3.9985,-6.78875,"0,27",12,2,"11,95","0,82","43,79","3,67","-89,84"
2026 03 12 13:05:01:539,-3.9675,-6.70125,"0,27",12,2,"11,95","0,82","43,79","3,67","-93,75"
2026 03 12 13:05:01:541,-3.9985,-6.70125,"0,27",12,2,"11,95","0,82","43,79","3,67","-66,41"
2026 03 12 13:05:01:543,-3.9675,-6.78875,"0,27",12,2,"11,95","0,82","43,79","3,67","-66,41"
2026 03 12 13:05:01:545,-3.9985,-6.78875,"0,27",12,2,"11,95","0,82","43,79","3,67","-70,31"
2026 03 12 13:05:01:547,-3.9675,-6.70125,"0,27",12,2,"11,95","0,82","43,79","3,67","-66,41"
2026 03 12 13:05:01:549,-3.9675,-6.78875,"0,27",12,2,"11,95","0,82","43,79","3,67","-46,87"
2026 03 12 13:05:01:551,-3.9675,-6.70125,"0,27",12,2,"11,95","0,82","43,79","3,67","-54,69"
2026 03 12 13:05:01:553,-3.9985,-6.78875,"0,27",12,2,"11,95","0,82","43,79","3,67","-62,5"
2026 03 12 13:05:01:555,-4.0295,-6.78875,"0,27",12,2,"11,95","0,82","43,79","3,67","-78,12"
2026 03 12 13:05:01:557,-3.9675,-6.78875,"0,27",12,2,"11,95","0,82","43,79","3,67","-89,84"
2026 03 12 13:05:01:559,-3.9675,-6.70125,"0,27",12,2,"11,95","0,82","43,79","3,67","-93,75"
2026 03 12 13:05:01:561,-3.9675,-6.70125,"0,27",12,2,"11,95","0,82","43,79","3,67","-66,41"
2026 03 12 13:05:01:563,-3.9985,-6.78875,"0,27",12,2,"11,95","0,82","43,79","3,67","-66,41"
2026 03 12 13:05:01:565,-3.9985,-6.70125,"0,27",12,2,"11,95","0,82","43,79","3,67","-66,41"
2026 03 12 13:05:01:567,-3.9675,-6.70125,"0,27",12,2,"11,95","0,82","43,79","3,67","-66,41"
