Timestamp,Distance of optic sensor 0 [mm],Distance of optic sensor 1 [mm],RMS velocity spectrum ISO 10816 X [mm/s],RMS acceleration X [mg],RMS acceleration envelope X [mg],RMS raw data with frequency brands X [mg],Kurtosis method X [[1]],Peak to peak X [mg],Crest factor X [[1]],Analog raw input X [mg]
2026 02 20 11:40:19:730,-3.9675,-6.78875,"0,271",10,0,0,-3,"36,087","3,402823466385289e+38","-11,7187"
2026 02 20 11:40:19:732,-3.9675,-6.78875,"0,271",10,0,0,-3,"36,087","3,402823466385289e+38","-19,5312"
2026 02 20 11:40:19:734,-3.9675,-6.78875,"0,271",10,0,0,-3,"36,087","3,402823466385289e+38","3,9063"
2026 02 20 11:40:19:736,-3.9675,-6.78875,"0,271",10,0,0,-3,"36,087","3,402823466385289e+38","3,9063"
2026 02 20 11:40:19:738,-3.9675,-6.87625,"0,271",10,0,0,-3,"36,087","3,402823466385289e+38","3,9063"
2026 02 20 11:40:19:740,-3.9675,-6.70125,"0,271",10,0,0,-3,"36,087","3,402823466385289e+38","3,9063"
2026 02 20 11:40:19:742,-3.9985,-6.87625,"0,271",10,0,0,-3,"36,087","3,402823466385289e+38","27,3438"
2026 02 20 11:40:19:744,-3.9675,-6.78875,"0,271",10,0,0,-3,"36,087","3,402823466385289e+38","15,625"
2026 02 20 11:40:19:746,-3.9675,-6.78875,"0,271",10,0,0,-3,"36,087","3,402823466385289e+38","3,9063"
2026 02 20 11:40:19:748,-3.9985,-6.78875,"0,271",10,0,0,-3,"36,087","3,402823466385289e+38","-7,8125"
2026 02 20 11:40:19:750,-3.9675,-6.78875,"0,271",10,0,0,-3,"36,087","3,402823466385289e+38","-11,7187"
2026 02 20 11:40:19:752,-3.9675,-6.70125,"0,271",10,0,0,-3,"36,087","3,402823466385289e+38","-23,4375"
2026 02 20 11:40:19:754,-3.9675,-6.87625,"0,271",10,0,0,-3,"36,087","3,402823466385289e+38","3,9063"
2026 02 20 11:40:19:756,-3.9675,-6.78875,"0,271",10,0,0,-3,"36,087","3,402823466385289e+38","3,9063"
2026 02 20 11:40:19:758,-3.9675,-6.70125,"0,271",10,0,0,-3,"36,087","3,402823466385289e+38","3,9063"
2026 02 20 11:40:19:760,-3.9675,-6.70125,"0,271",10,0,0,-3,"36,087","3,402823466385289e+38","3,9063"
2026 02 20 11:40:19:762,-3.9675,-6.78875,"0,271",10,0,0,-3,"36,087","3,402823466385289e+38","27,3438"
2026 02 20 11:40:19:764,-3.9675,-6.78875,"0,271",10,0,0,-3,"36,087","3,402823466385289e+38","15,625"
2026 02 20 11:40:19:766,-3.9675,-6.70125,"0,271",10,0,0,-3,"36,087","3,402823466385289e+38","7,8125"
2026 02 20 11:40:19:768,-3.9675,-6.78875,"0,271",10,0,0,-3,"36,087","3,402823466385289e+38","-7,8125"
2026 02 20 11:40:19:770,-3.9675,-6.70125,"0,271",10,0,0,-3,"36,087","3,402823466385289e+38","-11,7187"
2026 02 20 11:40:19:772,-3.9675,-6.78875,"0,271",10,0,0,-3,"36,087","3,402823466385289e+38","-19,5312"
2026 02 20 11:40:19:774,-3.9334,-6.78875,"0,271",10,0,0,-3,"36,087","3,402823466385289e+38","3,9063"
2026 02 20 11:40:19:776,-3.9334,-6.78875,"0,271",10,0,0,-3,"36,087","3,402823466385289e+38","3,9063"
2026 02 20 11:40:19:778,-3.9675,-6.78875,"0,271",10,0,0,-3,"36,087","3,402823466385289e+38","3,9063"
2026 02 20 11:40:19:780,-3.9675,-6.78875,"0,271",10,0,0,-3,"36,087","3,402823466385289e+38","3,9063"
2026 02 20 11:40:19:782,-3.9675,-6.70125,"0,271",10,0,0,-3,"36,087","3,402823466385289e+38","27,3438"
2026 02 20 11:40:19:784,-3.9675,-6.70125,"0,271",10,0,0,-3,"36,087","3,402823466385289e+38","15,625"
2026 02 20 11:40:19:786,-3.9334,-6.78875,"0,271",10,0,0,-3,"36,087","3,402823466385289e+38","7,8125"
2026 02 20 11:40:19:788,-3.9675,-6.78875,"0,271",10,0,0,-3,"36,087","3,402823466385289e+38","-7,8125"
2026 02 20 11:40:19:790,-3.9675,-6.78875,"0,271",10,0,0,-3,"36,087","3,402823466385289e+38","-11,7187"
2026 02 20 11:40:19:792,-3.9675,-6.78875,"0,271",10,0,0,-3,"36,087","3,402823466385289e+38","-19,5312"
2026 02 20 11:40:19:794,-3.9675,-6.78875,"0,271",10,0,0,-3,"36,087","3,402823466385289e+38","3,9063"
2026 02 20 11:40:19:796,-3.9675,-6.70125,"0,271",10,0,0,-3,"36,087","3,402823466385289e+38","3,9063"
2026 02 20 11:40:19:798,-3.9675,-6.78875,"0,271",10,0,0,-3,"36,087","3,402823466385289e+38","3,9063"
2026 02 20 11:40:19:800,-3.9985,-6.78875,"0,271",10,0,0,-3,"36,087","3,402823466385289e+38","3,9063"
2026 02 20 11:40:19:802,-3.9675,-6.78875,"0,271",10,0,0,-3,"36,087","3,402823466385289e+38","27,3438"
2026 02 20 11:40:19:804,-3.9675,-6.78875,"0,271",10,0,0,-3,"36,087","3,402823466385289e+38","19,5313"
2026 02 20 11:40:19:806,-3.9675,-6.70125,"0,271",10,0,0,-3,"36,087","3,402823466385289e+38","7,8125"
2026 02 20 11:40:19:808,-3.9334,-6.78875,"0,271",10,0,0,-3,"36,087","3,402823466385289e+38","-7,8125"
2026 02 20 11:40:19:810,-3.9675,-6.70125,"0,271",10,0,0,-3,"36,087","3,402823466385289e+38","-11,7187"
2026 02 20 11:40:19:812,-3.9675,-6.78875,"0,271",10,0,0,-3,"36,087","3,402823466385289e+38","-23,4375"
2026 02 20 11:40:19:814,-3.9334,-6.87625,"0,271",10,0,0,-3,"36,087","3,402823466385289e+38","3,9063"
2026 02 20 11:40:19:816,-3.9675,-6.70125,"0,271",10,0,0,-3,"36,087","3,402823466385289e+38","3,9063"
2026 02 20 11:40:19:818,-3.9675,-6.70125,"0,271",10,0,0,-3,"36,087","3,402823466385289e+38","3,9063"
2026 02 20 11:40:19:820,-3.9675,-6.78875,"0,271",10,0,0,-3,"36,087","3,402823466385289e+38","3,9063"
2026 02 20 11:40:19:822,-3.9675,-6.70125,"0,271",10,0,0,-3,"36,087","3,402823466385289e+38","23,4375"
2026 02 20 11:40:19:824,-3.9985,-6.78875,"0,271",10,0,0,-3,"36,087","3,402823466385289e+38","15,625"
2026 02 20 11:40:19:826,-3.9675,-6.70125,"0,271",10,0,0,-3,"36,087","3,402823466385289e+38","7,8125"
2026 02 20 11:40:19:828,-3.9675,-6.78875,"0,271",10,0,0,-3,"36,087","3,402823466385289e+38","-7,8125"
2026 02 20 11:40:19:830,-3.9675,-6.70125,"0,271",10,0,0,-3,"36,087","3,402823466385289e+38","-11,7187"
2026 02 20 11:40:19:832,-3.9675,-6.78875,"0,271",10,0,0,-3,"36,087","3,402823466385289e+38","-19,5312"
2026 02 20 11:40:19:834,-3.9334,-6.78875,"0,271",10,0,0,-3,"36,087","3,402823466385289e+38","3,9063"
2026 02 20 11:40:19:836,-3.9334,-6.78875,"0,271",10,0,0,-3,"36,087","3,402823466385289e+38","3,9063"
2026 02 20 11:40:19:838,-3.9675,-6.87625,"0,271",10,0,0,-3,"36,087","3,402823466385289e+38","3,9063"
2026 02 20 11:40:19:840,-3.9675,-6.78875,"0,271",10,0,0,-3,"36,087","3,402823466385289e+38","7,8125"
2026 02 20 11:40:19:842,-3.9334,-6.78875,"0,271",10,0,0,-3,"36,087","3,402823466385289e+38","27,3438"
2026 02 20 11:40:19:844,-3.9985,-6.70125,"0,271",10,0,0,-3,"36,087","3,402823466385289e+38","15,625"
2026 02 20 11:40:19:846,-3.9675,-6.78875,"0,271",10,0,0,-3,"36,087","3,402823466385289e+38","7,8125"
2026 02 20 11:40:19:848,-3.9675,-6.70125,"0,271",10,0,0,-3,"36,087","3,402823466385289e+38","-3,9062"
2026 02 20 11:40:19:850,-3.9675,-6.87625,"0,271",10,0,0,-3,"36,087","3,402823466385289e+38","-7,8125"
2026 02 20 11:40:19:852,-3.9334,-6.78875,"0,271",10,0,0,-3,"36,087","3,402823466385289e+38","-19,5312"
2026 02 20 11:40:19:854,-3.9675,-6.78875,"0,271",10,0,0,-3,"36,087","3,402823466385289e+38","3,9063"
2026 02 20 11:40:19:856,-3.9675,-6.78875,"0,271",10,0,0,-3,"36,087","3,402823466385289e+38","3,9063"
2026 02 20 11:40:19:858,-3.9675,-6.70125,"0,271",10,0,0,-3,"36,087","3,402823466385289e+38","3,9063"
2026 02 20 11:40:19:860,-3.9675,-6.70125,"0,271",10,0,0,-3,"36,087","3,402823466385289e+38","7,8125"
2026 02 20 11:40:19:862,-3.9334,-6.78875,"0,271",10,0,0,-3,"36,087","3,402823466385289e+38","27,3438"
2026 02 20 11:40:19:864,-3.9675,-6.78875,"0,271",10,0,0,-3,"36,087","3,402823466385289e+38","19,5313"
2026 02 20 11:40:19:866,-3.9675,-6.78875,"0,271",10,0,0,-3,"36,087","3,402823466385289e+38","7,8125"
2026 02 20 11:40:19:868,-3.9985,-6.78875,"0,271",10,0,0,-3,"36,087","3,402823466385289e+38","-7,8125"
2026 02 20 11:40:19:870,-3.9675,-6.78875,"0,271",10,0,0,-3,"36,087","3,402823466385289e+38","-11,7187"
2026 02 20 11:40:19:872,-3.9675,-6.78875,"0,271",10,0,0,-3,"36,087","3,402823466385289e+38","-23,4375"
2026 02 20 11:40:19:874,-3.9675,-6.78875,"0,271",10,0,0,-3,"36,087","3,402823466385289e+38","3,9063"
2026 02 20 11:40:19:876,-3.9675,-6.70125,"0,271",10,0,0,-3,"36,087","3,402823466385289e+38","3,9063"
2026 02 20 11:40:19:878,-3.9675,-6.78875,"0,271",10,0,0,-3,"36,087","3,402823466385289e+38","3,9063"
2026 02 20 11:40:19:880,-3.9675,-6.78875,"0,271",10,0,0,-3,"36,087","3,402823466385289e+38","3,9063"
2026 02 20 11:40:19:882,-3.9675,-6.78875,"0,271",10,0,0,-3,"36,087","3,402823466385289e+38","23,4375"
2026 02 20 11:40:19:884,-3.9334,-6.78875,"0,271",10,0,0,-3,"36,087","3,402823466385289e+38","15,625"
2026 02 20 11:40:19:886,-3.9675,-6.78875,"0,271",10,0,0,-3,"36,087","3,402823466385289e+38","7,8125"
2026 02 20 11:40:19:888,-3.9675,-6.78875,"0,271",10,0,0,-3,"36,087","3,402823466385289e+38","-3,9062"
2026 02 20 11:40:19:890,-3.9675,-6.70125,"0,271",10,0,0,-3,"36,087","3,402823466385289e+38","-11,7187"
2026 02 20 11:40:19:892,-3.9334,-6.78875,"0,271",10,0,0,-3,"36,087","3,402823466385289e+38","-19,5312"
2026 02 20 11:40:19:894,-3.9675,-6.78875,"0,271",10,0,0,-3,"36,087","3,402823466385289e+38","3,9063"
2026 02 20 11:40:19:896,-3.9675,-6.87625,"0,271",10,0,0,-3,"36,087","3,402823466385289e+38","3,9063"
2026 02 20 11:40:19:898,-3.9675,-6.78875,"0,271",10,0,0,-3,"36,087","3,402823466385289e+38","3,9063"
2026 02 20 11:40:19:900,-3.9985,-6.78875,"0,271",10,0,0,-3,"36,087","3,402823466385289e+38","3,9063"
2026 02 20 11:40:19:902,-3.9985,-6.78875,"0,271",10,0,0,-3,"36,087","3,402823466385289e+38","27,3438"
2026 02 20 11:40:19:904,-3.9675,-6.70125,"0,271",10,0,0,-3,"36,087","3,402823466385289e+38","15,625"
2026 02 20 11:40:19:906,-3.9675,-6.78875,"0,271",10,0,0,-3,"36,087","3,402823466385289e+38","7,8125"
2026 02 20 11:40:19:908,-3.9675,-6.78875,"0,271",10,0,0,-3,"36,087","3,402823466385289e+38","-7,8125"
2026 02 20 11:40:19:910,-3.9675,-6.70125,"0,271",10,0,0,-3,"36,087","3,402823466385289e+38","-7,8125"
2026 02 20 11:40:19:912,-3.9675,-6.78875,"0,271",10,0,0,-3,"36,087","3,402823466385289e+38","-19,5312"
2026 02 20 11:40:19:914,-3.9334,-6.78875,"0,271",10,0,0,-3,"36,087","3,402823466385289e+38","3,9063"
2026 02 20 11:40:19:916,-3.9675,-6.70125,"0,271",10,0,0,-3,"36,087","3,402823466385289e+38","3,9063"
2026 02 20 11:40:19:918,-3.9675,-6.78875,"0,271",10,0,0,-3,"36,087","3,402823466385289e+38","3,9063"
2026 02 20 11:40:19:920,-3.9675,-6.70125,"0,271",10,0,0,-3,"36,087","3,402823466385289e+38","3,9063"
2026 02 20 11:40:19:922,-3.9985,-6.78875,"0,271",10,0,0,-3,"36,087","3,402823466385289e+38","27,3438"
2026 02 20 11:40:19:924,-3.9675,-6.78875,"0,271",10,0,0,-3,"36,087","3,402823466385289e+38","19,5313"
2026 02 20 11:40:19:926,-3.9675,-6.78875,"0,271",10,0,0,-3,"36,087","3,402823466385289e+38","7,8125"
2026 02 20 11:40:19:928,-3.9675,-6.70125,"0,271",10,0,0,-3,"36,087","3,402823466385289e+38","-3,9062"
2026 02 20 11:40:19:930,-3.9985,-6.70125,"0,271",10,0,0,-3,"36,087","3,402823466385289e+38","-7,8125"
2026 02 20 11:40:19:932,-3.9675,-6.70125,"0,271",10,0,0,-3,"36,087","3,402823466385289e+38","-19,5312"
2026 02 20 11:40:19:934,-3.9675,-6.78875,"0,271",10,0,0,-3,"36,087","3,402823466385289e+38","3,9063"
2026 02 20 11:40:19:936,-3.9675,-6.87625,"0,271",10,0,0,-3,"36,087","3,402823466385289e+38","3,9063"
2026 02 20 11:40:19:938,-3.9675,-6.78875,"0,271",10,0,0,-3,"36,087","3,402823466385289e+38","3,9063"
2026 02 20 11:40:19:940,-3.9675,-6.70125,"0,271",10,0,0,-3,"36,087","3,402823466385289e+38","3,9063"
2026 02 20 11:40:19:942,-3.9675,-6.78875,"0,271",10,0,0,-3,"36,087","3,402823466385289e+38","27,3438"
2026 02 20 11:40:19:944,-3.9675,-6.70125,"0,271",10,0,0,-3,"36,087","3,402823466385289e+38","23,4375"
2026 02 20 11:40:19:946,-3.9675,-6.78875,"0,271",10,0,0,-3,"36,087","3,402823466385289e+38","7,8125"
2026 02 20 11:40:19:948,-3.9675,-6.78875,"0,271",10,0,0,-3,"36,087","3,402823466385289e+38","-7,8125"
2026 02 20 11:40:19:950,-3.9675,-6.78875,"0,271",10,0,0,-3,"36,087","3,402823466385289e+38","-7,8125"
2026 02 20 11:40:19:952,-3.9334,-6.78875,"0,271",10,0,0,-3,"36,6974","3,402823466385289e+38","-23,4375"
2026 02 20 11:40:19:954,-3.9675,-6.78875,"0,271",10,0,0,-3,"36,6974","3,402823466385289e+38","3,9063"
2026 02 20 11:40:19:956,-3.9675,-6.78875,"0,271",10,0,0,-3,"36,6974","3,402823466385289e+38","3,9063"
2026 02 20 11:40:19:958,-3.9334,-6.78875,"0,271",10,0,0,-3,"36,6974","3,402823466385289e+38","3,9063"
2026 02 20 11:40:19:960,-3.9675,-6.78875,"0,271",10,0,0,-3,"36,6974","3,402823466385289e+38","7,8125"
2026 02 20 11:40:19:962,-3.9675,-6.78875,"0,271",10,0,0,-3,"36,6974","3,402823466385289e+38","27,3438"
2026 02 20 11:40:19:964,-3.9985,-6.70125,"0,271",10,0,0,-3,"36,6974","3,402823466385289e+38","15,625"
2026 02 20 11:40:19:966,-3.9675,-6.78875,"0,271",10,0,0,-3,"36,6974","3,402823466385289e+38","7,8125"
2026 02 20 11:40:19:968,-3.9675,-6.78875,"0,271",10,0,0,-3,"36,6974","3,402823466385289e+38","-7,8125"
2026 02 20 11:40:19:970,-3.9675,-6.70125,"0,271",10,0,0,-3,"36,6974","3,402823466385289e+38","-7,8125"
2026 02 20 11:40:19:972,-3.9675,-6.70125,"0,271",10,0,0,-3,"36,6974","3,402823466385289e+38","-19,5312"
2026 02 20 11:40:19:974,-4.0295,-6.70125,"0,271",10,0,0,-3,"36,6974","3,402823466385289e+38","7,8125"
2026 02 20 11:40:19:976,-3.9675,-6.70125,"0,271",10,0,0,-3,"36,6974","3,402823466385289e+38","7,8125"
2026 02 20 11:40:19:978,-3.9985,-6.78875,"0,271",10,0,0,-3,"36,6974","3,402823466385289e+38","3,9063"
2026 02 20 11:40:19:980,-3.9985,-6.78875,"0,271",10,0,0,-3,"36,6974","3,402823466385289e+38","7,8125"
2026 02 20 11:40:19:982,-3.9675,-6.78875,"0,271",10,0,0,-3,"36,6974","3,402823466385289e+38","27,3438"
2026 02 20 11:40:19:984,-3.9675,-6.78875,"0,271",10,0,0,-3,"36,6974","3,402823466385289e+38","19,5313"
2026 02 20 11:40:19:986,-3.9675,-6.78875,"0,271",10,0,0,-3,"36,6974","3,402823466385289e+38","7,8125"
2026 02 20 11:40:19:988,-3.9985,-6.78875,"0,271",10,0,0,-3,"36,6974","3,402823466385289e+38","-3,9062"
2026 02 20 11:40:19:990,-3.9675,-6.78875,"0,271",10,0,0,-3,"36,6974","3,402823466385289e+38","-7,8125"
2026 02 20 11:40:19:992,-3.9675,-6.87625,"0,271",10,0,0,-3,"36,6974","3,402823466385289e+38","-15,625"
2026 02 20 11:40:19:994,-3.9985,-6.78875,"0,271",10,0,0,-3,"36,6974","3,402823466385289e+38","3,9063"
2026 02 20 11:40:19:996,-3.9675,-6.78875,"0,271",10,0,0,-3,"36,6974","3,402823466385289e+38","3,9063"
2026 02 20 11:40:19:998,-3.9675,-6.78875,"0,271",10,0,0,-3,"36,6974","3,402823466385289e+38","3,9063"
2026 02 20 11:40:20:000,-3.9675,-6.78875,"0,271",10,0,0,-3,"36,6974","3,402823466385289e+38","7,8125"
2026 02 20 11:40:20:002,-3.9985,-6.70125,"0,271",10,0,0,-3,"36,6974","3,402823466385289e+38","27,3438"
2026 02 20 11:40:20:004,-3.9675,-6.78875,"0,271",10,0,0,-3,"36,6974","3,402823466385289e+38","19,5313"
2026 02 20 11:40:20:006,-3.9675,-6.70125,"0,271",10,0,0,-3,"36,6974","3,402823466385289e+38","7,8125"
2026 02 20 11:40:20:008,-3.9675,-6.70125,"0,271",10,0,0,-3,"36,6974","3,402823466385289e+38","-7,8125"
2026 02 20 11:40:20:010,-3.9675,-6.78875,"0,271",10,0,0,-3,"36,6974","3,402823466385289e+38","-7,8125"
2026 02 20 11:40:20:012,-3.9675,-6.78875,"0,271",10,0,0,-3,"36,6974","3,402823466385289e+38","-19,5312"
2026 02 20 11:40:20:014,-3.9985,-6.70125,"0,271",10,0,0,-3,"36,6974","3,402823466385289e+38","3,9063"
2026 02 20 11:40:20:016,-3.9675,-6.78875,"0,271",10,0,0,-3,"36,6974","3,402823466385289e+38","3,9063"
2026 02 20 11:40:20:018,-3.9675,-6.70125,"0,271",10,0,0,-3,"36,6974","3,402823466385289e+38","3,9063"
2026 02 20 11:40:20:020,-3.9985,-6.78875,"0,271",10,0,0,-3,"36,6974","3,402823466385289e+38","3,9063"
2026 02 20 11:40:20:022,-3.9675,-6.70125,"0,271",10,0,0,-3,"36,6974","3,402823466385289e+38","27,3438"
2026 02 20 11:40:20:024,-3.9675,-6.78875,"0,271",10,0,0,-3,"36,6974","3,402823466385289e+38","19,5313"
2026 02 20 11:40:20:026,-3.9675,-6.70125,"0,271",10,0,0,-3,"36,6974","3,402823466385289e+38","7,8125"
2026 02 20 11:40:20:028,-3.9675,-6.78875,"0,271",10,0,0,-3,"36,6974","3,402823466385289e+38","-7,8125"
2026 02 20 11:40:20:030,-3.9675,-6.78875,"0,271",10,0,0,-3,"36,6974","3,402823466385289e+38","-7,8125"
2026 02 20 11:40:20:032,-3.9675,-6.78875,"0,271",10,0,0,-3,"36,6974","3,402823466385289e+38","-15,625"
2026 02 20 11:40:20:034,-3.9334,-6.78875,"0,271",10,0,0,-3,"36,6974","3,402823466385289e+38","3,9063"
2026 02 20 11:40:20:036,-3.9675,-6.70125,"0,271",10,0,0,-3,"36,6974","3,402823466385289e+38","3,9063"
2026 02 20 11:40:20:038,-3.9675,-6.70125,"0,271",10,0,0,-3,"36,6974","3,402823466385289e+38","3,9063"
2026 02 20 11:40:20:040,-3.9985,-6.78875,"0,271",10,0,0,-3,"36,6974","3,402823466385289e+38","3,9063"
2026 02 20 11:40:20:042,-3.9675,-6.78875,"0,271",10,0,0,-3,"36,6974","3,402823466385289e+38","23,4375"
2026 02 20 11:40:20:044,-3.9675,-6.78875,"0,271",10,0,0,-3,"36,6974","3,402823466385289e+38","15,625"
2026 02 20 11:40:20:046,-3.9334,-6.78875,"0,271",10,0,0,-3,"36,6974","3,402823466385289e+38","7,8125"
2026 02 20 11:40:20:048,-3.9675,-6.78875,"0,271",10,0,0,-3,"36,6974","3,402823466385289e+38","-7,8125"
2026 02 20 11:40:20:050,-3.9675,-6.70125,"0,271",10,0,0,-3,"36,6974","3,402823466385289e+38","-7,8125"
2026 02 20 11:40:20:052,-3.9675,-6.78875,"0,271",10,0,0,-3,"36,6974","3,402823466385289e+38","-15,625"
2026 02 20 11:40:20:054,-3.9985,-6.70125,"0,271",10,0,0,-3,"36,6974","3,402823466385289e+38","3,9063"
2026 02 20 11:40:20:056,-3.9675,-6.70125,"0,271",10,0,0,-3,"36,6974","3,402823466385289e+38","3,9063"
2026 02 20 11:40:20:058,-3.9985,-6.70125,"0,271",10,0,0,-3,"36,6974","3,402823466385289e+38","3,9063"
2026 02 20 11:40:20:060,-3.9675,-6.78875,"0,271",10,0,0,-3,"36,6974","3,402823466385289e+38","7,8125"
2026 02 20 11:40:20:062,-3.9334,-6.78875,"0,271",10,0,0,-3,"36,6974","3,402823466385289e+38","27,3438"
2026 02 20 11:40:20:064,-3.9675,-6.78875,"0,271",10,0,0,-3,"36,6974","3,402823466385289e+38","19,5313"
2026 02 20 11:40:20:066,-3.9334,-6.78875,"0,271",10,0,0,-3,"36,6974","3,402823466385289e+38","7,8125"
2026 02 20 11:40:20:068,-3.9334,-6.78875,"0,271",10,0,0,-3,"36,6974","3,402823466385289e+38","-7,8125"
2026 02 20 11:40:20:070,-3.9675,-6.70125,"0,271",10,0,0,-3,"36,6974","3,402823466385289e+38","-7,8125"
2026 02 20 11:40:20:072,-3.9675,-6.78875,"0,271",10,0,0,-3,"36,6974","3,402823466385289e+38","-15,625"
2026 02 20 11:40:20:074,-3.9675,-6.70125,"0,271",10,0,0,-3,"36,6974","3,402823466385289e+38","3,9063"
2026 02 20 11:40:20:076,-3.9675,-6.78875,"0,271",10,0,0,-3,"36,6974","3,402823466385289e+38","3,9063"
2026 02 20 11:40:20:078,-3.9675,-6.70125,"0,271",10,0,0,-3,"36,6974","3,402823466385289e+38","3,9063"
2026 02 20 11:40:20:080,-3.9985,-6.78875,"0,271",10,0,0,-3,"36,6974","3,402823466385289e+38","3,9063"
2026 02 20 11:40:20:082,-3.9675,-6.78875,"0,271",10,0,0,-3,"36,6974","3,402823466385289e+38","23,4375"
2026 02 20 11:40:20:084,-3.9675,-6.78875,"0,271",10,0,0,-3,"36,6974","3,402823466385289e+38","19,5313"
2026 02 20 11:40:20:086,-3.9675,-6.78875,"0,271",10,0,0,-3,"36,6974","3,402823466385289e+38","7,8125"
2026 02 20 11:40:20:088,-3.9675,-6.78875,"0,271",10,0,0,-3,"36,6974","3,402823466385289e+38","-7,8125"
2026 02 20 11:40:20:090,-3.9675,-6.78875,"0,271",10,0,0,-3,"36,6974","3,402823466385289e+38","-7,8125"
2026 02 20 11:40:20:092,-3.9675,-6.78875,"0,271",10,0,0,-3,"36,6974","3,402823466385289e+38","-15,625"
2026 02 20 11:40:20:094,-3.9675,-6.78875,"0,271",10,0,0,-3,"36,6974","3,402823466385289e+38","3,9063"
2026 02 20 11:40:20:096,-3.9675,-6.87625,"0,271",10,0,0,-3,"36,6974","3,402823466385289e+38","3,9063"
2026 02 20 11:40:20:098,-3.9675,-6.78875,"0,271",10,0,0,-3,"36,6974","3,402823466385289e+38","3,9063"
2026 02 20 11:40:20:100,-3.9675,-6.78875,"0,271",10,0,0,-3,"36,6974","3,402823466385289e+38","7,8125"
2026 02 20 11:40:20:102,-3.9675,-6.78875,"0,271",10,0,0,-3,"36,6974","3,402823466385289e+38","27,3438"
2026 02 20 11:40:20:104,-3.9675,-6.78875,"0,271",10,0,0,-3,"36,6974","3,402823466385289e+38","15,625"
2026 02 20 11:40:20:106,-3.9675,-6.78875,"0,271",10,0,0,-3,"36,6974","3,402823466385289e+38","7,8125"
2026 02 20 11:40:20:108,-3.9675,-6.78875,"0,271",10,0,0,-3,"36,6974","3,402823466385289e+38","-3,9062"
2026 02 20 11:40:20:110,-3.9985,-6.78875,"0,271",10,0,0,-3,"36,6974","3,402823466385289e+38","-7,8125"
2026 02 20 11:40:20:112,-3.9675,-6.78875,"0,271",10,0,0,-3,"36,6974","3,402823466385289e+38","-15,625"
2026 02 20 11:40:20:114,-3.9675,-6.70125,"0,271",10,0,0,-3,"36,6974","3,402823466385289e+38","3,9063"
2026 02 20 11:40:20:116,-3.9675,-6.70125,"0,271",10,0,0,-3,"36,6974","3,402823466385289e+38","3,9063"
2026 02 20 11:40:20:118,-3.9675,-6.78875,"0,271",10,0,0,-3,"36,6974","3,402823466385289e+38","3,9063"
2026 02 20 11:40:20:120,-3.9675,-6.78875,"0,271",10,0,0,-3,"36,6974","3,402823466385289e+38","7,8125"
2026 02 20 11:40:20:122,-3.9675,-6.78875,"0,271",10,0,0,-3,"36,6974","3,402823466385289e+38","27,3438"
2026 02 20 11:40:20:124,-3.9675,-6.78875,"0,271",10,0,0,-3,"36,6974","3,402823466385289e+38","15,625"
2026 02 20 11:40:20:126,-3.9675,-6.70125,"0,271",10,0,0,-3,"36,6974","3,402823466385289e+38","7,8125"
2026 02 20 11:40:20:128,-3.9675,-6.78875,"0,271",10,0,0,-3,"36,6974","3,402823466385289e+38","-3,9062"
2026 02 20 11:40:20:130,-3.9985,-6.78875,"0,271",10,0,0,-3,"36,6974","3,402823466385289e+38","-7,8125"
2026 02 20 11:40:20:132,-3.9675,-6.78875,"0,271",10,0,0,-3,"36,6974","3,402823466385289e+38","-15,625"
2026 02 20 11:40:20:134,-3.9334,-6.78875,"0,271",10,0,0,-3,"36,6974","3,402823466385289e+38","3,9063"
2026 02 20 11:40:20:136,-3.9675,-6.78875,"0,271",10,0,0,-3,"36,6974","3,402823466385289e+38","3,9063"
2026 02 20 11:40:20:138,-3.9675,-6.70125,"0,271",10,0,0,-3,"36,6974","3,402823466385289e+38","3,9063"
2026 02 20 11:40:20:140,-3.9675,-6.78875,"0,271",10,0,0,-3,"36,6974","3,402823466385289e+38","7,8125"
2026 02 20 11:40:20:142,-3.9675,-6.78875,"0,271",10,0,0,-3,"36,6974","3,402823466385289e+38","27,3438"
2026 02 20 11:40:20:144,-3.9985,-6.78875,"0,271",10,0,0,-3,"36,6974","3,402823466385289e+38","19,5313"
2026 02 20 11:40:20:146,-3.9675,-6.78875,"0,271",10,0,0,-3,"36,6974","3,402823466385289e+38","7,8125"
2026 02 20 11:40:20:148,-3.9334,-6.78875,"0,271",10,0,0,-3,"36,6974","3,402823466385289e+38","-3,9062"
2026 02 20 11:40:20:150,-3.9675,-6.78875,"0,271",10,0,0,-3,"36,6974","3,402823466385289e+38","-7,8125"
2026 02 20 11:40:20:152,-3.9675,-6.87625,"0,271",10,0,0,-3,"36,6974","3,402823466385289e+38","-15,625"
2026 02 20 11:40:20:154,-3.9675,-6.78875,"0,271",10,0,0,-3,"36,6974","3,402823466385289e+38","3,9063"
2026 02 20 11:40:20:156,-3.9675,-6.78875,"0,271",10,0,0,-3,"36,6974","3,402823466385289e+38","3,9063"
2026 02 20 11:40:20:158,-3.9675,-6.70125,"0,271",10,0,0,-3,"36,6974","3,402823466385289e+38","3,9063"
2026 02 20 11:40:20:160,-3.9985,-6.70125,"0,271",10,0,0,-3,"36,6974","3,402823466385289e+38","7,8125"
2026 02 20 11:40:20:162,-3.9334,-6.78875,"0,271",10,0,0,-3,"36,6974","3,402823466385289e+38","23,4375"
2026 02 20 11:40:20:164,-3.9675,-6.78875,"0,271",10,0,0,-3,"36,6974","3,402823466385289e+38","23,4375"
2026 02 20 11:40:20:166,-3.9675,-6.78875,"0,271",10,0,0,-3,"36,6974","3,402823466385289e+38","7,8125"
2026 02 20 11:40:20:168,-3.9334,-6.70125,"0,271",10,0,0,-3,"36,6974","3,402823466385289e+38","-7,8125"
2026 02 20 11:40:20:170,-3.9675,-6.78875,"0,271",10,0,0,-3,"36,6974","3,402823466385289e+38","-7,8125"
2026 02 20 11:40:20:172,-3.9985,-6.78875,"0,271",10,0,0,-3,"36,6974","3,402823466385289e+38","-15,625"
2026 02 20 11:40:20:174,-3.9334,-6.78875,"0,271",10,0,0,-3,"36,6974","3,402823466385289e+38","3,9063"
2026 02 20 11:40:20:176,-3.9985,-6.78875,"0,271",10,0,0,-3,"36,6974","3,402823466385289e+38","3,9063"
2026 02 20 11:40:20:178,-3.9675,-6.78875,"0,271",10,0,0,-3,"36,6974","3,402823466385289e+38","3,9063"
2026 02 20 11:40:20:180,-3.9334,-6.70125,"0,271",10,0,0,-3,"36,6974","3,402823466385289e+38","3,9063"
2026 02 20 11:40:20:182,-3.9675,-6.70125,"0,271",10,0,0,-3,"36,6974","3,402823466385289e+38","27,3438"
2026 02 20 11:40:20:184,-3.9675,-6.78875,"0,271",10,0,0,-3,"36,6974","3,402823466385289e+38","19,5313"
2026 02 20 11:40:20:186,-3.9675,-6.78875,"0,271",10,0,0,-3,"36,6974","3,402823466385289e+38","7,8125"
2026 02 20 11:40:20:188,-3.9675,-6.78875,"0,271",10,0,0,-3,"36,6974","3,402823466385289e+38","-3,9062"
2026 02 20 11:40:20:190,-3.9334,-6.78875,"0,271",10,0,0,-3,"36,6974","3,402823466385289e+38","-3,9062"
2026 02 20 11:40:20:192,-3.9675,-6.78875,"0,271",10,0,0,-3,"36,6974","3,402823466385289e+38","-11,7187"
2026 02 20 11:40:20:194,-3.9675,-6.87625,"0,271",10,0,0,-3,"36,6974","3,402823466385289e+38","3,9063"
2026 02 20 11:40:20:196,-3.9675,-6.87625,"0,271",10,0,0,-3,"36,6974","3,402823466385289e+38","3,9063"
2026 02 20 11:40:20:198,-3.9675,-6.78875,"0,271",10,0,0,-3,"36,6974","3,402823466385289e+38","3,9063"
2026 02 20 11:40:20:200,-3.9675,-6.78875,"0,271",10,0,0,-3,"36,6974","3,402823466385289e+38","3,9063"
2026 02 20 11:40:20:202,-3.9675,-6.78875,"0,271",10,0,0,-3,"36,6974","3,402823466385289e+38","23,4375"
2026 02 20 11:40:20:204,-3.9675,-6.87625,"0,271",10,0,0,-3,"36,6974","3,402823466385289e+38","19,5313"
2026 02 20 11:40:20:206,-3.9675,-6.78875,"0,271",10,0,0,-3,"36,6974","3,402823466385289e+38","7,8125"
2026 02 20 11:40:20:208,-3.9675,-6.78875,"0,271",10,0,0,-3,"36,6974","3,402823466385289e+38","-3,9062"
2026 02 20 11:40:20:210,-3.9675,-6.78875,"0,271",10,0,0,-3,"36,6974","3,402823466385289e+38","-3,9062"
2026 02 20 11:40:20:212,-3.9675,-6.78875,"0,271",10,0,0,-3,"36,6974","3,402823466385289e+38","-15,625"
2026 02 20 11:40:20:214,-3.9675,-6.78875,"0,271",10,0,0,-3,"36,6974","3,402823466385289e+38","3,9063"
2026 02 20 11:40:20:216,-3.9985,-6.78875,"0,271",10,0,0,-3,"36,6974","3,402823466385289e+38","3,9063"
2026 02 20 11:40:20:218,-3.9675,-6.70125,"0,271",10,0,0,-3,"36,6974","3,402823466385289e+38","3,9063"
2026 02 20 11:40:20:220,-3.9985,-6.78875,"0,271",10,0,0,-3,"36,6974","3,402823466385289e+38","3,9063"
2026 02 20 11:40:20:222,-3.9334,-6.70125,"0,271",10,0,0,-3,"36,6974","3,402823466385289e+38","23,4375"
2026 02 20 11:40:20:224,-3.9334,-6.78875,"0,271",10,0,0,-3,"36,6974","3,402823466385289e+38","19,5313"
2026 02 20 11:40:20:226,-3.9675,-6.87625,"0,271",10,0,0,-3,"36,6974","3,402823466385289e+38","7,8125"
2026 02 20 11:40:20:228,-3.9675,-6.78875,"0,271",10,0,0,-3,"36,6974","3,402823466385289e+38","-3,9062"
2026 02 20 11:40:20:230,-3.9675,-6.78875,"0,271",10,0,0,-3,"36,6974","3,402823466385289e+38","-7,8125"
2026 02 20 11:40:20:232,-3.9675,-6.78875,"0,271",10,0,0,-3,"36,6974","3,402823466385289e+38","-11,7187"
2026 02 20 11:40:20:234,-3.9675,-6.78875,"0,271",10,0,0,-3,"36,6974","3,402823466385289e+38","3,9063"
2026 02 20 11:40:20:236,-3.9675,-6.78875,"0,271",10,0,0,-3,"36,6974","3,402823466385289e+38","3,9063"
2026 02 20 11:40:20:238,-3.9675,-6.78875,"0,271",10,0,0,-3,"36,6974","3,402823466385289e+38","3,9063"
2026 02 20 11:40:20:240,-3.9675,-6.78875,"0,271",10,0,0,-3,"36,6974","3,402823466385289e+38","7,8125"
2026 02 20 11:40:20:242,-3.9675,-6.78875,"0,271",10,0,0,-3,"36,6974","3,402823466385289e+38","27,3438"
2026 02 20 11:40:20:244,-3.9675,-6.70125,"0,271",10,0,0,-3,"36,6974","3,402823466385289e+38","15,625"
2026 02 20 11:40:20:246,-3.9985,-6.78875,"0,271",10,0,0,-3,"36,6974","3,402823466385289e+38","7,8125"
2026 02 20 11:40:20:248,-3.9675,-6.78875,"0,271",10,0,0,-3,"36,6974","3,402823466385289e+38","-3,9062"
2026 02 20 11:40:20:250,-3.9334,-6.70125,"0,271",10,0,0,-3,"36,6974","3,402823466385289e+38","-3,9062"
2026 02 20 11:40:20:252,-3.9675,-6.78875,"0,271",10,0,0,-3,"36,9415","3,402823466385289e+38","-11,7187"
2026 02 20 11:40:20:254,-3.9334,-6.78875,"0,271",10,0,0,-3,"36,9415","3,402823466385289e+38","3,9063"
2026 02 20 11:40:20:256,-3.9985,-6.78875,"0,271",10,0,0,-3,"36,9415","3,402823466385289e+38","3,9063"
2026 02 20 11:40:20:258,-3.9675,-6.78875,"0,271",10,0,0,-3,"36,9415","3,402823466385289e+38","3,9063"
2026 02 20 11:40:20:260,-3.9675,-6.78875,"0,271",10,0,0,-3,"36,9415","3,402823466385289e+38","7,8125"
2026 02 20 11:40:20:262,-3.9675,-6.78875,"0,271",10,0,0,-3,"36,9415","3,402823466385289e+38","27,3438"
2026 02 20 11:40:20:264,-3.9675,-6.78875,"0,271",10,0,0,-3,"36,9415","3,402823466385289e+38","19,5313"
2026 02 20 11:40:20:266,-3.9675,-6.70125,"0,271",10,0,0,-3,"36,9415","3,402823466385289e+38","7,8125"
2026 02 20 11:40:20:268,-3.9675,-6.70125,"0,271",10,0,0,-3,"36,9415","3,402823466385289e+38","-3,9062"
2026 02 20 11:40:20:270,-3.9675,-6.78875,"0,271",10,0,0,-3,"36,9415","3,402823466385289e+38","-3,9062"
2026 02 20 11:40:20:272,-3.9985,-6.78875,"0,271",10,0,0,-3,"36,9415","3,402823466385289e+38","-7,8125"
2026 02 20 11:40:20:274,-3.9985,-6.78875,"0,271",10,0,0,-3,"36,9415","3,402823466385289e+38","3,9063"
2026 02 20 11:40:20:276,-3.9334,-6.78875,"0,271",10,0,0,-3,"36,9415","3,402823466385289e+38","7,8125"
2026 02 20 11:40:20:278,-3.9675,-6.70125,"0,271",10,0,0,-3,"36,9415","3,402823466385289e+38","3,9063"
2026 02 20 11:40:20:280,-3.9675,-6.70125,"0,271",10,0,0,-3,"36,9415","3,402823466385289e+38","7,8125"
2026 02 20 11:40:20:282,-3.9334,-6.78875,"0,271",10,0,0,-3,"36,9415","3,402823466385289e+38","27,3438"
2026 02 20 11:40:20:284,-3.9675,-6.78875,"0,271",10,0,0,-3,"36,9415","3,402823466385289e+38","19,5313"
2026 02 20 11:40:20:286,-3.9675,-6.78875,"0,271",10,0,0,-3,"36,9415","3,402823466385289e+38","7,8125"
2026 02 20 11:40:20:288,-3.9985,-6.78875,"0,271",10,0,0,-3,"36,9415","3,402823466385289e+38","-3,9062"
2026 02 20 11:40:20:290,-3.9675,-6.70125,"0,271",10,0,0,-3,"36,9415","3,402823466385289e+38","-3,9062"
2026 02 20 11:40:20:292,-3.9675,-6.78875,"0,271",10,0,0,-3,"36,9415","3,402823466385289e+38","-7,8125"
2026 02 20 11:40:20:294,-3.9334,-6.78875,"0,271",10,0,0,-3,"36,9415","3,402823466385289e+38","3,9063"
2026 02 20 11:40:20:296,-3.9985,-6.70125,"0,271",10,0,0,-3,"36,9415","3,402823466385289e+38","3,9063"
2026 02 20 11:40:20:298,-3.9675,-6.70125,"0,271",10,0,0,-3,"36,9415","3,402823466385289e+38","3,9063"
2026 02 20 11:40:20:300,-3.9675,-6.78875,"0,271",10,0,0,-3,"36,9415","3,402823466385289e+38","3,9063"
2026 02 20 11:40:20:302,-3.9985,-6.70125,"0,271",10,0,0,-3,"36,9415","3,402823466385289e+38","27,3438"
2026 02 20 11:40:20:304,-3.9675,-6.70125,"0,271",10,0,0,-3,"36,9415","3,402823466385289e+38","19,5313"
2026 02 20 11:40:20:306,-3.9675,-6.78875,"0,271",10,0,0,-3,"36,9415","3,402823466385289e+38","7,8125"
2026 02 20 11:40:20:308,-3.9675,-6.78875,"0,271",10,0,0,-3,"36,9415","3,402823466385289e+38","-7,8125"
2026 02 20 11:40:20:310,-3.9675,-6.70125,"0,271",10,0,0,-3,"36,9415","3,402823466385289e+38","-3,9062"
2026 02 20 11:40:20:312,-3.9675,-6.78875,"0,271",10,0,0,-3,"36,9415","3,402823466385289e+38","-7,8125"
2026 02 20 11:40:20:314,-3.9985,-6.78875,"0,271",10,0,0,-3,"36,9415","3,402823466385289e+38","3,9063"
2026 02 20 11:40:20:316,-3.9675,-6.70125,"0,271",10,0,0,-3,"36,9415","3,402823466385289e+38","3,9063"
2026 02 20 11:40:20:318,-3.9675,-6.70125,"0,271",10,0,0,-3,"36,9415","3,402823466385289e+38","3,9063"
2026 02 20 11:40:20:320,-3.9675,-6.78875,"0,271",10,0,0,-3,"36,9415","3,402823466385289e+38","7,8125"
2026 02 20 11:40:20:322,-3.9675,-6.78875,"0,271",10,0,0,-3,"36,9415","3,402823466385289e+38","27,3438"
2026 02 20 11:40:20:324,-3.9985,-6.87625,"0,271",10,0,0,-3,"36,9415","3,402823466385289e+38","19,5313"
2026 02 20 11:40:20:326,-3.9985,-6.78875,"0,271",10,0,0,-3,"36,9415","3,402823466385289e+38","7,8125"
2026 02 20 11:40:20:328,-3.9675,-6.78875,"0,271",10,0,0,-3,"36,9415","3,402823466385289e+38","-3,9062"
2026 02 20 11:40:20:330,-3.9985,-6.78875,"0,271",10,0,0,-3,"36,9415","3,402823466385289e+38","-3,9062"
2026 02 20 11:40:20:332,-3.9675,-6.78875,"0,271",10,0,0,-3,"36,9415","3,402823466385289e+38","-7,8125"
2026 02 20 11:40:20:334,-3.9334,-6.78875,"0,271",10,0,0,-3,"36,9415","3,402823466385289e+38","3,9063"
2026 02 20 11:40:20:336,-3.9675,-6.78875,"0,271",10,0,0,-3,"36,9415","3,402823466385289e+38","3,9063"
2026 02 20 11:40:20:338,-3.9985,-6.78875,"0,271",10,0,0,-3,"36,9415","3,402823466385289e+38","3,9063"
2026 02 20 11:40:20:340,-3.9675,-6.78875,"0,271",10,0,0,-3,"36,9415","3,402823466385289e+38","7,8125"
2026 02 20 11:40:20:342,-3.9675,-6.78875,"0,271",10,0,0,-3,"36,9415","3,402823466385289e+38","23,4375"
2026 02 20 11:40:20:344,-3.9675,-6.78875,"0,271",10,0,0,-3,"36,9415","3,402823466385289e+38","19,5313"
2026 02 20 11:40:20:346,-3.9675,-6.78875,"0,271",10,0,0,-3,"36,9415","3,402823466385289e+38","7,8125"
2026 02 20 11:40:20:348,-3.9675,-6.78875,"0,271",10,0,0,-3,"36,9415","3,402823466385289e+38","-3,9062"
2026 02 20 11:40:20:350,-3.9985,-6.70125,"0,271",10,0,0,-3,"36,9415","3,402823466385289e+38","-3,9062"
2026 02 20 11:40:20:352,-3.9675,-6.78875,"0,271",10,0,0,-3,"36,9415","3,402823466385289e+38","-3,9062"
2026 02 20 11:40:20:354,-3.9675,-6.78875,"0,271",10,0,0,-3,"36,9415","3,402823466385289e+38","3,9063"
2026 02 20 11:40:20:356,-3.9675,-6.78875,"0,271",10,0,0,-3,"36,9415","3,402823466385289e+38","3,9063"
2026 02 20 11:40:20:358,-3.9675,-6.78875,"0,271",10,0,0,-3,"36,9415","3,402823466385289e+38","3,9063"
2026 02 20 11:40:20:360,-3.9675,-6.78875,"0,271",10,0,0,-3,"36,9415","3,402823466385289e+38","7,8125"
2026 02 20 11:40:20:362,-3.9985,-6.70125,"0,271",10,0,0,-3,"36,9415","3,402823466385289e+38","23,4375"
2026 02 20 11:40:20:364,-3.9675,-6.70125,"0,271",10,0,0,-3,"36,9415","3,402823466385289e+38","23,4375"
2026 02 20 11:40:20:366,-3.9675,-6.78875,"0,271",10,0,0,-3,"36,9415","3,402823466385289e+38","7,8125"
2026 02 20 11:40:20:368,-3.9334,-6.87625,"0,271",10,0,0,-3,"36,9415","3,402823466385289e+38","-7,8125"
2026 02 20 11:40:20:370,-3.9675,-6.78875,"0,271",10,0,0,-3,"36,9415","3,402823466385289e+38","-3,9062"
2026 02 20 11:40:20:372,-3.9675,-6.70125,"0,271",10,0,0,-3,"36,9415","3,402823466385289e+38","-7,8125"
2026 02 20 11:40:20:374,-3.9985,-6.70125,"0,271",10,0,0,-3,"36,9415","3,402823466385289e+38","3,9063"
2026 02 20 11:40:20:376,-3.9675,-6.78875,"0,271",10,0,0,-3,"36,9415","3,402823466385289e+38","3,9063"
2026 02 20 11:40:20:378,-3.9334,-6.78875,"0,271",10,0,0,-3,"36,9415","3,402823466385289e+38","3,9063"
2026 02 20 11:40:20:380,-3.9675,-6.78875,"0,271",10,0,0,-3,"36,9415","3,402823466385289e+38","7,8125"
2026 02 20 11:40:20:382,-3.9675,-6.70125,"0,271",10,0,0,-3,"36,9415","3,402823466385289e+38","23,4375"
2026 02 20 11:40:20:384,-3.9675,-6.61375,"0,271",10,0,0,-3,"36,9415","3,402823466385289e+38","19,5313"
2026 02 20 11:40:20:386,-3.9334,-6.87625,"0,271",10,0,0,-3,"36,9415","3,402823466385289e+38","7,8125"
2026 02 20 11:40:20:388,-3.9675,-6.87625,"0,271",10,0,0,-3,"36,9415","3,402823466385289e+38","-7,8125"
2026 02 20 11:40:20:390,-3.9675,-6.78875,"0,271",10,0,0,-3,"36,9415","3,402823466385289e+38","-3,9062"
2026 02 20 11:40:20:392,-3.9675,-6.78875,"0,271",10,0,0,-3,"36,9415","3,402823466385289e+38","-3,9062"
2026 02 20 11:40:20:394,-3.9675,-6.70125,"0,271",10,0,0,-3,"36,9415","3,402823466385289e+38","3,9063"
2026 02 20 11:40:20:396,-3.9675,-6.78875,"0,271",10,0,0,-3,"36,9415","3,402823466385289e+38","3,9063"
2026 02 20 11:40:20:398,-3.9985,-6.70125,"0,271",10,0,0,-3,"36,9415","3,402823466385289e+38","3,9063"
2026 02 20 11:40:20:400,-3.9675,-6.70125,"0,271",10,0,0,-3,"36,9415","3,402823466385289e+38","3,9063"
2026 02 20 11:40:20:402,-3.9675,-6.70125,"0,271",10,0,0,-3,"36,9415","3,402823466385289e+38","23,4375"
2026 02 20 11:40:20:404,-3.9675,-6.70125,"0,271",10,0,0,-3,"36,9415","3,402823466385289e+38","19,5313"
2026 02 20 11:40:20:406,-3.9675,-6.78875,"0,271",10,0,0,-3,"36,9415","3,402823466385289e+38","7,8125"
2026 02 20 11:40:20:408,-3.9334,-6.78875,"0,271",10,0,0,-3,"36,9415","3,402823466385289e+38","-3,9062"
2026 02 20 11:40:20:410,-3.9985,-6.78875,"0,271",10,0,0,-3,"36,9415","3,402823466385289e+38","-3,9062"
2026 02 20 11:40:20:412,-3.9675,-6.78875,"0,271",10,0,0,-3,"36,9415","3,402823466385289e+38","-3,9062"
2026 02 20 11:40:20:414,-3.9675,-6.78875,"0,271",10,0,0,-3,"36,9415","3,402823466385289e+38","3,9063"
2026 02 20 11:40:20:416,-3.9334,-6.70125,"0,271",10,0,0,-3,"36,9415","3,402823466385289e+38","3,9063"
2026 02 20 11:40:20:418,-3.9985,-6.78875,"0,271",10,0,0,-3,"36,9415","3,402823466385289e+38","3,9063"
2026 02 20 11:40:20:420,-3.9675,-6.78875,"0,271",10,0,0,-3,"36,9415","3,402823466385289e+38","3,9063"
2026 02 20 11:40:20:422,-3.9675,-6.70125,"0,271",10,0,0,-3,"36,9415","3,402823466385289e+38","23,4375"
2026 02 20 11:40:20:424,-3.9675,-6.61375,"0,271",10,0,0,-3,"36,9415","3,402823466385289e+38","19,5313"
2026 02 20 11:40:20:426,-3.9675,-6.78875,"0,271",10,0,0,-3,"36,9415","3,402823466385289e+38","7,8125"
2026 02 20 11:40:20:428,-3.9675,-6.78875,"0,271",10,0,0,-3,"36,9415","3,402823466385289e+38","-3,9062"
2026 02 20 11:40:20:430,-3.9675,-6.78875,"0,271",10,0,0,-3,"36,9415","3,402823466385289e+38","-3,9062"
2026 02 20 11:40:20:432,-3.9675,-6.78875,"0,271",10,0,0,-3,"36,9415","3,402823466385289e+38","-3,9062"
2026 02 20 11:40:20:434,-3.9334,-6.70125,"0,271",10,0,0,-3,"36,9415","3,402823466385289e+38","3,9063"
2026 02 20 11:40:20:436,-3.9334,-6.87625,"0,271",10,0,0,-3,"36,9415","3,402823466385289e+38","3,9063"
2026 02 20 11:40:20:438,-3.9675,-6.78875,"0,271",10,0,0,-3,"36,9415","3,402823466385289e+38","3,9063"
2026 02 20 11:40:20:440,-3.9334,-6.78875,"0,271",10,0,0,-3,"36,9415","3,402823466385289e+38","3,9063"
2026 02 20 11:40:20:442,-3.9675,-6.78875,"0,271",10,0,0,-3,"36,9415","3,402823466385289e+38","27,3438"
2026 02 20 11:40:20:444,-3.9334,-6.78875,"0,271",10,0,0,-3,"36,9415","3,402823466385289e+38","23,4375"
2026 02 20 11:40:20:446,-3.9675,-6.78875,"0,271",10,0,0,-3,"36,9415","3,402823466385289e+38","3,9063"
2026 02 20 11:40:20:448,-3.9675,-6.78875,"0,271",10,0,0,-3,"36,9415","3,402823466385289e+38","-7,8125"
2026 02 20 11:40:20:450,-3.9675,-6.78875,"0,271",10,0,0,-3,"36,9415","3,402823466385289e+38","-3,9062"
2026 02 20 11:40:20:452,-3.9675,-6.78875,"0,271",10,0,0,-3,"36,9415","3,402823466385289e+38","-3,9062"
2026 02 20 11:40:20:454,-3.9675,-6.78875,"0,271",10,0,0,-3,"36,9415","3,402823466385289e+38","3,9063"
2026 02 20 11:40:20:456,-3.9675,-6.61375,"0,271",10,0,0,-3,"36,9415","3,402823466385289e+38","3,9063"
2026 02 20 11:40:20:458,-3.9675,-6.78875,"0,271",10,0,0,-3,"36,9415","3,402823466385289e+38","3,9063"
2026 02 20 11:40:20:460,-3.9675,-6.70125,"0,271",10,0,0,-3,"36,9415","3,402823466385289e+38","3,9063"
2026 02 20 11:40:20:462,-3.9985,-6.70125,"0,271",10,0,0,-3,"36,9415","3,402823466385289e+38","23,4375"
2026 02 20 11:40:20:464,-3.9675,-6.70125,"0,271",10,0,0,-3,"36,9415","3,402823466385289e+38","19,5313"
2026 02 20 11:40:20:466,-3.9985,-6.70125,"0,271",10,0,0,-3,"36,9415","3,402823466385289e+38","7,8125"
2026 02 20 11:40:20:468,-3.9675,-6.78875,"0,271",10,0,0,-3,"36,9415","3,402823466385289e+38","-7,8125"
2026 02 20 11:40:20:470,-3.9675,-6.78875,"0,271",10,0,0,-3,"36,9415","3,402823466385289e+38","-3,9062"
2026 02 20 11:40:20:472,-3.9334,-6.78875,"0,271",10,0,0,-3,"36,9415","3,402823466385289e+38","-3,9062"
2026 02 20 11:40:20:474,-3.9985,-6.78875,"0,271",10,0,0,-3,"36,9415","3,402823466385289e+38","3,9063"
2026 02 20 11:40:20:476,-3.9675,-6.78875,"0,271",10,0,0,-3,"36,9415","3,402823466385289e+38","3,9063"
2026 02 20 11:40:20:478,-3.9675,-6.78875,"0,271",10,0,0,-3,"36,9415","3,402823466385289e+38","3,9063"
2026 02 20 11:40:20:480,-3.9675,-6.78875,"0,271",10,0,0,-3,"36,9415","3,402823466385289e+38","3,9063"
2026 02 20 11:40:20:482,-3.9675,-6.78875,"0,271",10,0,0,-3,"36,9415","3,402823466385289e+38","23,4375"
2026 02 20 11:40:20:484,-3.9985,-6.78875,"0,271",10,0,0,-3,"36,9415","3,402823466385289e+38","19,5313"
2026 02 20 11:40:20:486,-3.9675,-6.78875,"0,271",10,0,0,-3,"36,9415","3,402823466385289e+38","7,8125"
2026 02 20 11:40:20:488,-3.9675,-6.78875,"0,271",10,0,0,-3,"36,9415","3,402823466385289e+38","-7,8125"
2026 02 20 11:40:20:490,-3.9675,-6.78875,"0,271",10,0,0,-3,"36,9415","3,402823466385289e+38","-3,9062"
2026 02 20 11:40:20:492,-3.9675,-6.78875,"0,271",10,0,0,-3,"36,9415","3,402823466385289e+38","-3,9062"
2026 02 20 11:40:20:494,-3.9675,-6.78875,"0,271",10,0,0,-3,"36,9415","3,402823466385289e+38","3,9063"
2026 02 20 11:40:20:496,-3.9675,-6.70125,"0,271",10,0,0,-3,"36,9415","3,402823466385289e+38","3,9063"
2026 02 20 11:40:20:498,-3.9334,-6.78875,"0,271",10,0,0,-3,"36,9415","3,402823466385289e+38","3,9063"
2026 02 20 11:40:20:500,-3.9675,-6.78875,"0,271",10,0,0,-3,"36,9415","3,402823466385289e+38","7,8125"
2026 02 20 11:40:20:502,-3.9675,-6.70125,"0,271",10,0,0,-3,"36,9415","3,402823466385289e+38","23,4375"
2026 02 20 11:40:20:504,-3.9334,-6.78875,"0,271",10,0,0,-3,"36,9415","3,402823466385289e+38","19,5313"
2026 02 20 11:40:20:506,-3.9985,-6.70125,"0,271",10,0,0,-3,"36,9415","3,402823466385289e+38","7,8125"
2026 02 20 11:40:20:508,-3.9675,-6.70125,"0,271",10,0,0,-3,"36,9415","3,402823466385289e+38","-7,8125"
2026 02 20 11:40:20:510,-3.9334,-6.78875,"0,271",10,0,0,-3,"36,9415","3,402823466385289e+38","-3,9062"
2026 02 20 11:40:20:512,-3.9675,-6.70125,"0,271",10,0,0,-3,"36,9415","3,402823466385289e+38",0
2026 02 20 11:40:20:514,-3.9675,-6.78875,"0,271",10,0,0,-3,"36,9415","3,402823466385289e+38","3,9063"
2026 02 20 11:40:20:516,-3.9675,-6.70125,"0,271",10,0,0,-3,"36,9415","3,402823466385289e+38","3,9063"
2026 02 20 11:40:20:518,-3.9675,-6.78875,"0,271",10,0,0,-3,"36,9415","3,402823466385289e+38","3,9063"
2026 02 20 11:40:20:520,-3.9675,-6.70125,"0,271",10,0,0,-3,"36,9415","3,402823466385289e+38","3,9063"
2026 02 20 11:40:20:522,-3.9675,-6.78875,"0,271",10,0,0,-3,"36,9415","3,402823466385289e+38","27,3438"
2026 02 20 11:40:20:524,-3.9675,-6.78875,"0,271",10,0,0,-3,"36,9415","3,402823466385289e+38","19,5313"
2026 02 20 11:40:20:526,-3.9675,-6.78875,"0,271",10,0,0,-3,"36,9415","3,402823466385289e+38","7,8125"
2026 02 20 11:40:20:528,-3.9985,-6.70125,"0,271",10,0,0,-3,"36,9415","3,402823466385289e+38","-7,8125"
2026 02 20 11:40:20:530,-3.9985,-6.78875,"0,271",10,0,0,-3,"36,9415","3,402823466385289e+38","-3,9062"
2026 02 20 11:40:20:532,-3.9675,-6.78875,"0,271",10,0,0,-3,"36,9415","3,402823466385289e+38",0
2026 02 20 11:40:20:534,-3.9985,-6.78875,"0,271",10,0,0,-3,"36,9415","3,402823466385289e+38","3,9063"
2026 02 20 11:40:20:536,-3.9675,-6.70125,"0,271",10,0,0,-3,"36,9415","3,402823466385289e+38","7,8125"
2026 02 20 11:40:20:538,-3.9675,-6.78875,"0,271",10,0,0,-3,"36,9415","3,402823466385289e+38","3,9063"
2026 02 20 11:40:20:540,-3.9675,-6.78875,"0,271",10,0,0,-3,"36,9415","3,402823466385289e+38","7,8125"
2026 02 20 11:40:20:542,-3.9675,-6.70125,"0,271",10,0,0,-3,"36,9415","3,402823466385289e+38","27,3438"
2026 02 20 11:40:20:544,-3.9675,-6.78875,"0,271",10,0,0,-3,"36,9415","3,402823466385289e+38","19,5313"
2026 02 20 11:40:20:546,-3.9675,-6.78875,"0,271",10,0,0,-3,"36,9415","3,402823466385289e+38","7,8125"
2026 02 20 11:40:20:548,-3.9985,-6.78875,"0,271",10,0,0,-3,"36,9415","3,402823466385289e+38","-7,8125"
2026 02 20 11:40:20:550,-3.9985,-6.78875,"0,271",10,0,0,-3,"36,9415","3,402823466385289e+38","-3,9062"
2026 02 20 11:40:20:552,-3.9675,-6.78875,"0,271",10,0,0,-3,"36,9415","3,402823466385289e+38",0
2026 02 20 11:40:20:554,-3.9675,-6.70125,"0,271",10,0,0,-3,"35,9192","3,402823466385289e+38","3,9063"
2026 02 20 11:40:20:556,-3.9334,-6.78875,"0,271",10,0,0,-3,"35,9192","3,402823466385289e+38","7,8125"
2026 02 20 11:40:20:558,-3.9334,-6.78875,"0,271",10,0,0,-3,"35,9192","3,402823466385289e+38","3,9063"
2026 02 20 11:40:20:560,-3.9675,-6.70125,"0,271",10,0,0,-3,"35,9192","3,402823466385289e+38","3,9063"
2026 02 20 11:40:20:562,-3.9675,-6.78875,"0,271",10,0,0,-3,"35,9192","3,402823466385289e+38","27,3438"
2026 02 20 11:40:20:564,-3.9675,-6.70125,"0,271",10,0,0,-3,"35,9192","3,402823466385289e+38","23,4375"
2026 02 20 11:40:20:566,-3.9675,-6.70125,"0,271",10,0,0,-3,"35,9192","3,402823466385289e+38","7,8125"
2026 02 20 11:40:20:568,-3.9675,-6.78875,"0,271",10,0,0,-3,"35,9192","3,402823466385289e+38","-3,9062"
2026 02 20 11:40:20:570,-3.9675,-6.78875,"0,271",10,0,0,-3,"35,9192","3,402823466385289e+38",0
2026 02 20 11:40:20:572,-3.9675,-6.70125,"0,271",10,0,0,-3,"35,9192","3,402823466385289e+38","3,9063"
2026 02 20 11:40:20:574,-3.9675,-6.78875,"0,271",10,0,0,-3,"35,9192","3,402823466385289e+38","7,8125"
2026 02 20 11:40:20:576,-3.9985,-6.78875,"0,271",10,0,0,-3,"35,9192","3,402823466385289e+38","7,8125"
2026 02 20 11:40:20:578,-3.9675,-6.70125,"0,271",10,0,0,-3,"35,9192","3,402823466385289e+38","7,8125"
2026 02 20 11:40:20:580,-3.9675,-6.78875,"0,271",10,0,0,-3,"35,9192","3,402823466385289e+38","7,8125"
2026 02 20 11:40:20:582,-3.9985,-6.70125,"0,271",10,0,0,-3,"35,9192","3,402823466385289e+38","27,3438"
2026 02 20 11:40:20:584,-3.9675,-6.70125,"0,271",10,0,0,-3,"35,9192","3,402823466385289e+38","23,4375"
2026 02 20 11:40:20:586,-3.9985,-6.70125,"0,271",10,0,0,-3,"35,9192","3,402823466385289e+38","7,8125"
2026 02 20 11:40:20:588,-3.9985,-6.87625,"0,271",10,0,0,-3,"35,9192","3,402823466385289e+38","-7,8125"
2026 02 20 11:40:20:590,-3.9675,-6.78875,"0,271",10,0,0,-3,"35,9192","3,402823466385289e+38",0
2026 02 20 11:40:20:592,-3.9334,-6.78875,"0,271",10,0,0,-3,"35,9192","3,402823466385289e+38",0
2026 02 20 11:40:20:594,-3.9334,-6.78875,"0,271",10,0,0,-3,"35,9192","3,402823466385289e+38","3,9063"
2026 02 20 11:40:20:596,-3.9985,-6.70125,"0,271",10,0,0,-3,"35,9192","3,402823466385289e+38","7,8125"
2026 02 20 11:40:20:598,-3.9675,-6.78875,"0,271",10,0,0,-3,"35,9192","3,402823466385289e+38","3,9063"
2026 02 20 11:40:20:600,-3.9675,-6.78875,"0,271",10,0,0,-3,"35,9192","3,402823466385289e+38","7,8125"
2026 02 20 11:40:20:602,-3.9985,-6.78875,"0,271",10,0,0,-3,"35,9192","3,402823466385289e+38","23,4375"
2026 02 20 11:40:20:604,-3.9675,-6.78875,"0,271",10,0,0,-3,"35,9192","3,402823466385289e+38","19,5313"
2026 02 20 11:40:20:606,-3.9985,-6.70125,"0,271",10,0,0,-3,"35,9192","3,402823466385289e+38","3,9063"
2026 02 20 11:40:20:608,-3.9985,-6.70125,"0,271",10,0,0,-3,"35,9192","3,402823466385289e+38","-7,8125"
2026 02 20 11:40:20:610,-3.9985,-6.70125,"0,271",10,0,0,-3,"35,9192","3,402823466385289e+38",0
2026 02 20 11:40:20:612,-3.9675,-6.70125,"0,271",10,0,0,-3,"35,9192","3,402823466385289e+38","3,9063"
2026 02 20 11:40:20:614,-3.9675,-6.78875,"0,271",10,0,0,-3,"35,9192","3,402823466385289e+38","3,9063"
2026 02 20 11:40:20:616,-3.9675,-6.78875,"0,271",10,0,0,-3,"35,9192","3,402823466385289e+38","7,8125"
2026 02 20 11:40:20:618,-3.9675,-6.70125,"0,271",10,0,0,-3,"35,9192","3,402823466385289e+38","3,9063"
2026 02 20 11:40:20:620,-3.9675,-6.78875,"0,271",10,0,0,-3,"35,9192","3,402823466385289e+38","7,8125"
2026 02 20 11:40:20:622,-3.9675,-6.70125,"0,271",10,0,0,-3,"35,9192","3,402823466385289e+38","27,3438"
2026 02 20 11:40:20:624,-3.9675,-6.78875,"0,271",10,0,0,-3,"35,9192","3,402823466385289e+38","23,4375"
2026 02 20 11:40:20:626,-3.9675,-6.78875,"0,271",10,0,0,-3,"35,9192","3,402823466385289e+38","7,8125"
2026 02 20 11:40:20:628,-3.9675,-6.70125,"0,271",10,0,0,-3,"35,9192","3,402823466385289e+38","-3,9062"
2026 02 20 11:40:20:630,-3.9675,-6.70125,"0,271",10,0,0,-3,"35,9192","3,402823466385289e+38",0
2026 02 20 11:40:20:632,-3.9675,-6.70125,"0,271",10,0,0,-3,"35,9192","3,402823466385289e+38","3,9063"
2026 02 20 11:40:20:634,-3.9334,-6.78875,"0,271",10,0,0,-3,"35,9192","3,402823466385289e+38","3,9063"
2026 02 20 11:40:20:636,-3.9675,-6.78875,"0,271",10,0,0,-3,"35,9192","3,402823466385289e+38","7,8125"
2026 02 20 11:40:20:638,-3.9675,-6.78875,"0,271",10,0,0,-3,"35,9192","3,402823466385289e+38","3,9063"
2026 02 20 11:40:20:640,-3.9985,-6.78875,"0,271",10,0,0,-3,"35,9192","3,402823466385289e+38","7,8125"
2026 02 20 11:40:20:642,-3.9675,-6.78875,"0,271",10,0,0,-3,"35,9192","3,402823466385289e+38","27,3438"
2026 02 20 11:40:20:644,-3.9675,-6.70125,"0,271",10,0,0,-3,"35,9192","3,402823466385289e+38","23,4375"
2026 02 20 11:40:20:646,-3.9675,-6.78875,"0,271",10,0,0,-3,"35,9192","3,402823466385289e+38","3,9063"
2026 02 20 11:40:20:648,-3.9985,-6.70125,"0,271",10,0,0,-3,"35,9192","3,402823466385289e+38","-7,8125"
2026 02 20 11:40:20:650,-3.9334,-6.78875,"0,271",10,0,0,-3,"35,9192","3,402823466385289e+38","-3,9062"
2026 02 20 11:40:20:652,-3.9675,-6.78875,"0,271",10,0,0,-3,"35,9192","3,402823466385289e+38","3,9063"
2026 02 20 11:40:20:654,-3.9675,-6.78875,"0,271",10,0,0,-3,"35,9192","3,402823466385289e+38","3,9063"
2026 02 20 11:40:20:656,-3.9675,-6.78875,"0,271",10,0,0,-3,"35,9192","3,402823466385289e+38","7,8125"
2026 02 20 11:40:20:658,-3.9334,-6.70125,"0,271",10,0,0,-3,"35,9192","3,402823466385289e+38","3,9063"
2026 02 20 11:40:20:660,-3.9675,-6.70125,"0,271",10,0,0,-3,"35,9192","3,402823466385289e+38","3,9063"
2026 02 20 11:40:20:662,-3.9675,-6.78875,"0,271",10,0,0,-3,"35,9192","3,402823466385289e+38","27,3438"
2026 02 20 11:40:20:664,-3.9675,-6.78875,"0,271",10,0,0,-3,"35,9192","3,402823466385289e+38","19,5313"
2026 02 20 11:40:20:666,-3.9675,-6.70125,"0,271",10,0,0,-3,"35,9192","3,402823466385289e+38","3,9063"
2026 02 20 11:40:20:668,-3.9675,-6.78875,"0,271",10,0,0,-3,"35,9192","3,402823466385289e+38","-3,9062"
2026 02 20 11:40:20:670,-3.9675,-6.78875,"0,271",10,0,0,-3,"35,9192","3,402823466385289e+38",0
2026 02 20 11:40:20:672,-3.9675,-6.70125,"0,271",10,0,0,-3,"35,9192","3,402823466385289e+38","3,9063"
2026 02 20 11:40:20:674,-3.9675,-6.78875,"0,271",10,0,0,-3,"35,9192","3,402823466385289e+38","3,9063"
2026 02 20 11:40:20:676,-3.9675,-6.87625,"0,271",10,0,0,-3,"35,9192","3,402823466385289e+38","3,9063"
2026 02 20 11:40:20:678,-3.9675,-6.78875,"0,271",10,0,0,-3,"35,9192","3,402823466385289e+38","3,9063"
2026 02 20 11:40:20:680,-3.9334,-6.78875,"0,271",10,0,0,-3,"35,9192","3,402823466385289e+38","7,8125"
2026 02 20 11:40:20:682,-3.9675,-6.70125,"0,271",10,0,0,-3,"35,9192","3,402823466385289e+38","27,3438"
2026 02 20 11:40:20:684,-3.9985,-6.78875,"0,271",10,0,0,-3,"35,9192","3,402823466385289e+38","19,5313"
2026 02 20 11:40:20:686,-3.9675,-6.78875,"0,271",10,0,0,-3,"35,9192","3,402823466385289e+38","7,8125"
2026 02 20 11:40:20:688,-3.9675,-6.78875,"0,271",10,0,0,-3,"35,9192","3,402823466385289e+38","-3,9062"
2026 02 20 11:40:20:690,-3.9675,-6.70125,"0,271",10,0,0,-3,"35,9192","3,402823466385289e+38",0
2026 02 20 11:40:20:692,-3.9675,-6.78875,"0,271",10,0,0,-3,"35,9192","3,402823466385289e+38","3,9063"
2026 02 20 11:40:20:694,-3.9675,-6.70125,"0,271",10,0,0,-3,"35,9192","3,402823466385289e+38","3,9063"
2026 02 20 11:40:20:696,-3.9675,-6.78875,"0,271",10,0,0,-3,"35,9192","3,402823466385289e+38","3,9063"
2026 02 20 11:40:20:698,-3.9675,-6.70125,"0,271",10,0,0,-3,"35,9192","3,402823466385289e+38","3,9063"
2026 02 20 11:40:20:700,-3.9675,-6.78875,"0,271",10,0,0,-3,"35,9192","3,402823466385289e+38","3,9063"
2026 02 20 11:40:20:702,-3.9334,-6.70125,"0,271",10,0,0,-3,"35,9192","3,402823466385289e+38","23,4375"
2026 02 20 11:40:20:704,-3.9675,-6.61375,"0,271",10,0,0,-3,"35,9192","3,402823466385289e+38","19,5313"
2026 02 20 11:40:20:706,-3.9675,-6.70125,"0,271",10,0,0,-3,"35,9192","3,402823466385289e+38","7,8125"
2026 02 20 11:40:20:708,-3.9675,-6.70125,"0,271",10,0,0,-3,"35,9192","3,402823466385289e+38","-3,9062"
2026 02 20 11:40:20:710,-3.9675,-6.78875,"0,271",10,0,0,-3,"35,9192","3,402823466385289e+38",0
2026 02 20 11:40:20:712,-3.9675,-6.70125,"0,271",10,0,0,-3,"35,9192","3,402823466385289e+38","3,9063"
2026 02 20 11:40:20:714,-3.9675,-6.78875,"0,271",10,0,0,-3,"35,9192","3,402823466385289e+38","3,9063"
2026 02 20 11:40:20:716,-3.9675,-6.70125,"0,271",10,0,0,-3,"35,9192","3,402823466385289e+38","3,9063"
2026 02 20 11:40:20:718,-3.9675,-6.78875,"0,271",10,0,0,-3,"35,9192","3,402823466385289e+38","7,8125"
2026 02 20 11:40:20:720,-3.9985,-6.78875,"0,271",10,0,0,-3,"35,9192","3,402823466385289e+38","7,8125"
2026 02 20 11:40:20:722,-3.9675,-6.78875,"0,271",10,0,0,-3,"35,9192","3,402823466385289e+38","27,3438"
2026 02 20 11:40:20:724,-3.9675,-6.78875,"0,271",10,0,0,-3,"35,9192","3,402823466385289e+38","23,4375"
2026 02 20 11:40:20:726,-3.9675,-6.78875,"0,271",10,0,0,-3,"35,9192","3,402823466385289e+38","3,9063"
2026 02 20 11:40:20:728,-3.9675,-6.78875,"0,271",10,0,0,-3,"35,9192","3,402823466385289e+38","-7,8125"
2026 02 20 11:40:20:730,-3.9675,-6.87625,"0,271",10,0,0,-3,"35,9192","3,402823466385289e+38","-3,9062"
2026 02 20 11:40:20:732,-3.9675,-6.70125,"0,271",10,0,0,-3,"35,9192","3,402823466385289e+38","3,9063"
2026 02 20 11:40:20:734,-3.9675,-6.70125,"0,271",10,0,0,-3,"35,9192","3,402823466385289e+38","3,9063"
2026 02 20 11:40:20:736,-3.9675,-6.78875,"0,271",10,0,0,-3,"35,9192","3,402823466385289e+38","3,9063"
2026 02 20 11:40:20:738,-3.9675,-6.70125,"0,271",10,0,0,-3,"35,9192","3,402823466385289e+38","3,9063"
2026 02 20 11:40:20:740,-3.9985,-6.78875,"0,271",10,0,0,-3,"35,9192","3,402823466385289e+38","3,9063"
2026 02 20 11:40:20:742,-3.9985,-6.78875,"0,271",10,0,0,-3,"35,9192","3,402823466385289e+38","23,4375"
2026 02 20 11:40:20:744,-3.9675,-6.78875,"0,271",10,0,0,-3,"35,9192","3,402823466385289e+38","23,4375"
2026 02 20 11:40:20:746,-3.9675,-6.70125,"0,271",10,0,0,-3,"35,9192","3,402823466385289e+38","3,9063"
2026 02 20 11:40:20:748,-3.9334,-6.78875,"0,271",10,0,0,-3,"35,9192","3,402823466385289e+38","-7,8125"
2026 02 20 11:40:20:750,-3.9334,-6.78875,"0,271",10,0,0,-3,"35,9192","3,402823466385289e+38","-3,9062"
2026 02 20 11:40:20:752,-3.9675,-6.70125,"0,271",10,0,0,-3,"35,9192","3,402823466385289e+38","3,9063"
2026 02 20 11:40:20:754,-3.9675,-6.78875,"0,271",10,0,0,-3,"35,9192","3,402823466385289e+38","3,9063"
2026 02 20 11:40:20:756,-3.9675,-6.78875,"0,271",10,0,0,-3,"35,9192","3,402823466385289e+38","3,9063"
2026 02 20 11:40:20:758,-3.9334,-6.78875,"0,271",10,0,0,-3,"35,9192","3,402823466385289e+38","3,9063"
2026 02 20 11:40:20:760,-3.9334,-6.78875,"0,271",10,0,0,-3,"35,9192","3,402823466385289e+38","3,9063"
2026 02 20 11:40:20:762,-3.9675,-6.78875,"0,271",10,0,0,-3,"35,9192","3,402823466385289e+38","23,4375"
2026 02 20 11:40:20:764,-3.9675,-6.78875,"0,271",10,0,0,-3,"35,9192","3,402823466385289e+38","19,5313"
2026 02 20 11:40:20:766,-3.9675,-6.78875,"0,271",10,0,0,-3,"35,9192","3,402823466385289e+38","7,8125"
2026 02 20 11:40:20:768,-3.9675,-6.78875,"0,271",10,0,0,-3,"35,9192","3,402823466385289e+38","-7,8125"
2026 02 20 11:40:20:770,-3.9675,-6.78875,"0,271",10,0,0,-3,"35,9192","3,402823466385289e+38","-3,9062"
2026 02 20 11:40:20:772,-3.9675,-6.78875,"0,271",10,0,0,-3,"35,9192","3,402823466385289e+38","3,9063"
2026 02 20 11:40:20:774,-3.9675,-6.78875,"0,271",10,0,0,-3,"35,9192","3,402823466385289e+38","3,9063"
2026 02 20 11:40:20:776,-3.9675,-6.78875,"0,271",10,0,0,-3,"35,9192","3,402823466385289e+38","3,9063"
2026 02 20 11:40:20:778,-3.9675,-6.78875,"0,271",10,0,0,-3,"35,9192","3,402823466385289e+38","3,9063"
2026 02 20 11:40:20:780,-3.9675,-6.78875,"0,271",10,0,0,-3,"35,9192","3,402823466385289e+38","3,9063"
2026 02 20 11:40:20:782,-3.9675,-6.70125,"0,271",10,0,0,-3,"35,9192","3,402823466385289e+38","23,4375"
2026 02 20 11:40:20:784,-3.9675,-6.78875,"0,271",10,0,0,-3,"35,9192","3,402823466385289e+38","23,4375"
2026 02 20 11:40:20:786,-3.9675,-6.87625,"0,271",10,0,0,-3,"35,9192","3,402823466385289e+38","7,8125"
2026 02 20 11:40:20:788,-3.9675,-6.70125,"0,271",10,0,0,-3,"35,9192","3,402823466385289e+38","-3,9062"
2026 02 20 11:40:20:790,-3.9985,-6.78875,"0,271",10,0,0,-3,"35,9192","3,402823466385289e+38",0
2026 02 20 11:40:20:792,-3.9675,-6.70125,"0,271",10,0,0,-3,"35,9192","3,402823466385289e+38","3,9063"
2026 02 20 11:40:20:794,-3.9334,-6.70125,"0,271",10,0,0,-3,"35,9192","3,402823466385289e+38","3,9063"
2026 02 20 11:40:20:796,-3.9675,-6.70125,"0,271",10,0,0,-3,"35,9192","3,402823466385289e+38","3,9063"
2026 02 20 11:40:20:798,-3.9675,-6.78875,"0,271",10,0,0,-3,"35,9192","3,402823466385289e+38","3,9063"
2026 02 20 11:40:20:800,-3.9985,-6.78875,"0,271",10,0,0,-3,"35,9192","3,402823466385289e+38","3,9063"
2026 02 20 11:40:20:802,-3.9985,-6.70125,"0,271",10,0,0,-3,"35,9192","3,402823466385289e+38","27,3438"
2026 02 20 11:40:20:804,-3.9675,-6.70125,"0,271",10,0,0,-3,"35,9192","3,402823466385289e+38","27,3438"
2026 02 20 11:40:20:806,-3.9675,-6.78875,"0,271",10,0,0,-3,"35,9192","3,402823466385289e+38","3,9063"
2026 02 20 11:40:20:808,-3.9334,-6.70125,"0,271",10,0,0,-3,"35,9192","3,402823466385289e+38","-7,8125"
2026 02 20 11:40:20:810,-3.9675,-6.70125,"0,271",10,0,0,-3,"35,9192","3,402823466385289e+38",0
2026 02 20 11:40:20:812,-3.9675,-6.70125,"0,271",10,0,0,-3,"35,9192","3,402823466385289e+38","3,9063"
2026 02 20 11:40:20:814,-3.9675,-6.70125,"0,271",10,0,0,-3,"35,9192","3,402823466385289e+38","3,9063"
2026 02 20 11:40:20:816,-3.9334,-6.70125,"0,271",10,0,0,-3,"35,9192","3,402823466385289e+38","3,9063"
2026 02 20 11:40:20:818,-3.9675,-6.70125,"0,271",10,0,0,-3,"35,9192","3,402823466385289e+38","3,9063"
2026 02 20 11:40:20:820,-3.9675,-6.78875,"0,271",10,0,0,-3,"35,9192","3,402823466385289e+38","7,8125"
2026 02 20 11:40:20:822,-3.9675,-6.70125,"0,271",10,0,0,-3,"35,9192","3,402823466385289e+38","23,4375"
2026 02 20 11:40:20:824,-3.9675,-6.78875,"0,271",10,0,0,-3,"35,9192","3,402823466385289e+38","23,4375"
2026 02 20 11:40:20:826,-3.9985,-6.78875,"0,271",10,0,0,-3,"35,9192","3,402823466385289e+38","7,8125"
2026 02 20 11:40:20:828,-3.9675,-6.70125,"0,271",10,0,0,-3,"35,9192","3,402823466385289e+38","-7,8125"
2026 02 20 11:40:20:830,-3.9985,-6.78875,"0,271",10,0,0,-3,"35,9192","3,402823466385289e+38",0
2026 02 20 11:40:20:832,-3.9675,-6.78875,"0,271",10,0,0,-3,"35,9192","3,402823466385289e+38","3,9063"
2026 02 20 11:40:20:834,-3.9334,-6.78875,"0,271",10,0,0,-3,"35,9192","3,402823466385289e+38","3,9063"
2026 02 20 11:40:20:836,-3.9675,-6.70125,"0,271",10,0,0,-3,"35,9192","3,402823466385289e+38","7,8125"
2026 02 20 11:40:20:838,-3.9985,-6.87625,"0,271",10,0,0,-3,"35,9192","3,402823466385289e+38","7,8125"
2026 02 20 11:40:20:840,-3.9675,-6.78875,"0,271",10,0,0,-3,"35,9192","3,402823466385289e+38","7,8125"
2026 02 20 11:40:20:842,-3.9675,-6.87625,"0,271",10,0,0,-3,"35,9192","3,402823466385289e+38","23,4375"
2026 02 20 11:40:20:844,-3.9675,-6.78875,"0,271",10,0,0,-3,"35,9192","3,402823466385289e+38","23,4375"
2026 02 20 11:40:20:846,-3.9675,-6.78875,"0,271",10,0,0,-3,"35,9192","3,402823466385289e+38","7,8125"
2026 02 20 11:40:20:848,-3.9675,-6.70125,"0,271",10,0,0,-3,"35,9192","3,402823466385289e+38","-7,8125"
2026 02 20 11:40:20:850,-3.9675,-6.70125,"0,271",10,0,0,-3,"35,9192","3,402823466385289e+38",0
2026 02 20 11:40:20:852,-3.9675,-6.78875,"0,271",10,0,0,-3,"35,9192","3,402823466385289e+38","3,9063"
2026 02 20 11:40:20:854,-3.9675,-6.78875,"0,271",10,0,0,-3,"36,1328","3,402823466385289e+38","3,9063"
2026 02 20 11:40:20:856,-3.9675,-6.78875,"0,271",10,0,0,-3,"36,1328","3,402823466385289e+38","3,9063"
2026 02 20 11:40:20:858,-3.9675,-6.70125,"0,271",10,0,0,-3,"36,1328","3,402823466385289e+38","3,9063"
2026 02 20 11:40:20:860,-3.9334,-6.78875,"0,271",10,0,0,-3,"36,1328","3,402823466385289e+38","3,9063"
2026 02 20 11:40:20:862,-3.9675,-6.70125,"0,271",10,0,0,-3,"36,1328","3,402823466385289e+38","27,3438"
2026 02 20 11:40:20:864,-3.9985,-6.70125,"0,271",10,0,0,-3,"36,1328","3,402823466385289e+38","27,3438"
2026 02 20 11:40:20:866,-3.9334,-6.70125,"0,271",10,0,0,-3,"36,1328","3,402823466385289e+38","7,8125"
2026 02 20 11:40:20:868,-3.9985,-6.70125,"0,271",10,0,0,-3,"36,1328","3,402823466385289e+38","-7,8125"
2026 02 20 11:40:20:870,-3.9334,-6.78875,"0,271",10,0,0,-3,"36,1328","3,402823466385289e+38",0
2026 02 20 11:40:20:872,-3.9675,-6.78875,"0,271",10,0,0,-3,"36,1328","3,402823466385289e+38","3,9063"
2026 02 20 11:40:20:874,-3.9675,-6.78875,"0,271",10,0,0,-3,"36,1328","3,402823466385289e+38","3,9063"
2026 02 20 11:40:20:876,-3.9675,-6.78875,"0,271",10,0,0,-3,"36,1328","3,402823466385289e+38","7,8125"
2026 02 20 11:40:20:878,-3.9985,-6.78875,"0,271",10,0,0,-3,"36,1328","3,402823466385289e+38","7,8125"
2026 02 20 11:40:20:880,-3.9985,-6.78875,"0,271",10,0,0,-3,"36,1328","3,402823466385289e+38","7,8125"
2026 02 20 11:40:20:882,-3.9334,-6.70125,"0,271",10,0,0,-3,"36,1328","3,402823466385289e+38","27,3438"
2026 02 20 11:40:20:884,-3.9675,-6.78875,"0,271",10,0,0,-3,"36,1328","3,402823466385289e+38","27,3438"
2026 02 20 11:40:20:886,-3.9675,-6.87625,"0,271",10,0,0,-3,"36,1328","3,402823466385289e+38","7,8125"
2026 02 20 11:40:20:888,-3.9675,-6.78875,"0,271",10,0,0,-3,"36,1328","3,402823466385289e+38","-7,8125"
2026 02 20 11:40:20:890,-3.9985,-6.70125,"0,271",10,0,0,-3,"36,1328","3,402823466385289e+38",0
2026 02 20 11:40:20:892,-3.9675,-6.78875,"0,271",10,0,0,-3,"36,1328","3,402823466385289e+38","3,9063"
2026 02 20 11:40:20:894,-3.9985,-6.78875,"0,271",10,0,0,-3,"36,1328","3,402823466385289e+38","3,9063"
2026 02 20 11:40:20:896,-3.9675,-6.78875,"0,271",10,0,0,-3,"36,1328","3,402823466385289e+38","7,8125"
2026 02 20 11:40:20:898,-3.9675,-6.78875,"0,271",10,0,0,-3,"36,1328","3,402823466385289e+38","3,9063"
2026 02 20 11:40:20:900,-3.9334,-6.70125,"0,271",10,0,0,-3,"36,1328","3,402823466385289e+38","7,8125"
2026 02 20 11:40:20:902,-3.9985,-6.70125,"0,271",10,0,0,-3,"36,1328","3,402823466385289e+38","27,3438"
2026 02 20 11:40:20:904,-3.9675,-6.78875,"0,271",10,0,0,-3,"36,1328","3,402823466385289e+38","23,4375"
2026 02 20 11:40:20:906,-3.9675,-6.78875,"0,271",10,0,0,-3,"36,1328","3,402823466385289e+38","3,9063"
2026 02 20 11:40:20:908,-3.9985,-6.78875,"0,271",10,0,0,-3,"36,1328","3,402823466385289e+38","-11,7187"
2026 02 20 11:40:20:910,-3.9675,-6.78875,"0,271",10,0,0,-3,"36,1328","3,402823466385289e+38",0
2026 02 20 11:40:20:912,-3.9985,-6.78875,"0,271",10,0,0,-3,"36,1328","3,402823466385289e+38","3,9063"
2026 02 20 11:40:20:914,-3.9675,-6.78875,"0,271",10,0,0,-3,"36,1328","3,402823466385289e+38","3,9063"
2026 02 20 11:40:20:916,-3.9675,-6.70125,"0,271",10,0,0,-3,"36,1328","3,402823466385289e+38","7,8125"
2026 02 20 11:40:20:918,-3.9985,-6.78875,"0,271",10,0,0,-3,"36,1328","3,402823466385289e+38","7,8125"
2026 02 20 11:40:20:920,-3.9675,-6.78875,"0,271",10,0,0,-3,"36,1328","3,402823466385289e+38","3,9063"
2026 02 20 11:40:20:922,-3.9675,-6.78875,"0,271",10,0,0,-3,"36,1328","3,402823466385289e+38","23,4375"
2026 02 20 11:40:20:924,-3.9985,-6.70125,"0,271",10,0,0,-3,"36,1328","3,402823466385289e+38","23,4375"
2026 02 20 11:40:20:926,-3.9675,-6.78875,"0,271",10,0,0,-3,"36,1328","3,402823466385289e+38","7,8125"
2026 02 20 11:40:20:928,-3.9675,-6.78875,"0,271",10,0,0,-3,"36,1328","3,402823466385289e+38","-7,8125"
2026 02 20 11:40:20:930,-3.9985,-6.78875,"0,271",10,0,0,-3,"36,1328","3,402823466385289e+38",0
2026 02 20 11:40:20:932,-3.9675,-6.70125,"0,271",10,0,0,-3,"36,1328","3,402823466385289e+38","3,9063"
2026 02 20 11:40:20:934,-3.9675,-6.78875,"0,271",10,0,0,-3,"36,1328","3,402823466385289e+38","3,9063"
2026 02 20 11:40:20:936,-3.9334,-6.78875,"0,271",10,0,0,-3,"36,1328","3,402823466385289e+38","3,9063"
2026 02 20 11:40:20:938,-3.9675,-6.78875,"0,271",10,0,0,-3,"36,1328","3,402823466385289e+38","3,9063"
2026 02 20 11:40:20:940,-3.9675,-6.70125,"0,271",10,0,0,-3,"36,1328","3,402823466385289e+38","3,9063"
2026 02 20 11:40:20:942,-3.9334,-6.78875,"0,271",10,0,0,-3,"36,1328","3,402823466385289e+38","27,3438"
2026 02 20 11:40:20:944,-3.9675,-6.87625,"0,271",10,0,0,-3,"36,1328","3,402823466385289e+38","27,3438"
2026 02 20 11:40:20:946,-3.9985,-6.78875,"0,271",10,0,0,-3,"36,1328","3,402823466385289e+38","3,9063"
2026 02 20 11:40:20:948,-3.9985,-6.78875,"0,271",10,0,0,-3,"36,1328","3,402823466385289e+38","-7,8125"
2026 02 20 11:40:20:950,-3.9985,-6.78875,"0,271",10,0,0,-3,"36,1328","3,402823466385289e+38",0
2026 02 20 11:40:20:952,-3.9675,-6.78875,"0,271",10,0,0,-3,"36,1328","3,402823466385289e+38","3,9063"
2026 02 20 11:40:20:954,-3.9675,-6.70125,"0,271",10,0,0,-3,"36,1328","3,402823466385289e+38","3,9063"
2026 02 20 11:40:20:956,-3.9675,-6.70125,"0,271",10,0,0,-3,"36,1328","3,402823466385289e+38","7,8125"
2026 02 20 11:40:20:958,-3.9334,-6.87625,"0,271",10,0,0,-3,"36,1328","3,402823466385289e+38","3,9063"
2026 02 20 11:40:20:960,-3.9675,-6.78875,"0,271",10,0,0,-3,"36,1328","3,402823466385289e+38","3,9063"
2026 02 20 11:40:20:962,-3.9334,-6.78875,"0,271",10,0,0,-3,"36,1328","3,402823466385289e+38","23,4375"
2026 02 20 11:40:20:964,-3.9985,-6.70125,"0,271",10,0,0,-3,"36,1328","3,402823466385289e+38","23,4375"
2026 02 20 11:40:20:966,-3.9334,-6.78875,"0,271",10,0,0,-3,"36,1328","3,402823466385289e+38","3,9063"
2026 02 20 11:40:20:968,-3.9675,-6.78875,"0,271",10,0,0,-3,"36,1328","3,402823466385289e+38","-11,7187"
2026 02 20 11:40:20:970,-3.9675,-6.70125,"0,271",10,0,0,-3,"36,1328","3,402823466385289e+38",0
2026 02 20 11:40:20:972,-3.9675,-6.87625,"0,271",10,0,0,-3,"36,1328","3,402823466385289e+38","3,9063"
2026 02 20 11:40:20:974,-3.9334,-6.78875,"0,271",10,0,0,-3,"36,1328","3,402823466385289e+38","3,9063"
2026 02 20 11:40:20:976,-3.9985,-6.78875,"0,271",10,0,0,-3,"36,1328","3,402823466385289e+38","7,8125"
2026 02 20 11:40:20:978,-3.9985,-6.78875,"0,271",10,0,0,-3,"36,1328","3,402823466385289e+38","3,9063"
2026 02 20 11:40:20:980,-3.9675,-6.78875,"0,271",10,0,0,-3,"36,1328","3,402823466385289e+38","7,8125"
2026 02 20 11:40:20:982,-3.9675,-6.78875,"0,271",10,0,0,-3,"36,1328","3,402823466385289e+38","23,4375"
2026 02 20 11:40:20:984,-3.9675,-6.78875,"0,271",10,0,0,-3,"36,1328","3,402823466385289e+38","23,4375"
2026 02 20 11:40:20:986,-3.9334,-6.78875,"0,271",10,0,0,-3,"36,1328","3,402823466385289e+38","7,8125"
2026 02 20 11:40:20:988,-3.9675,-6.78875,"0,271",10,0,0,-3,"36,1328","3,402823466385289e+38","-11,7187"
2026 02 20 11:40:20:990,-3.9334,-6.70125,"0,271",10,0,0,-3,"36,1328","3,402823466385289e+38",0
2026 02 20 11:40:20:992,-3.9675,-6.78875,"0,271",10,0,0,-3,"36,1328","3,402823466385289e+38","3,9063"
2026 02 20 11:40:20:994,-3.9675,-6.70125,"0,271",10,0,0,-3,"36,1328","3,402823466385289e+38","3,9063"
2026 02 20 11:40:20:996,-3.9675,-6.70125,"0,271",10,0,0,-3,"36,1328","3,402823466385289e+38","3,9063"
2026 02 20 11:40:20:998,-3.9675,-6.78875,"0,271",10,0,0,-3,"36,1328","3,402823466385289e+38","3,9063"
2026 02 20 11:40:21:000,-3.9675,-6.78875,"0,271",10,0,0,-3,"36,1328","3,402823466385289e+38","3,9063"
2026 02 20 11:40:21:002,-3.9675,-6.78875,"0,271",10,0,0,-3,"36,1328","3,402823466385289e+38","23,4375"
2026 02 20 11:40:21:004,-3.9675,-6.70125,"0,271",10,0,0,-3,"36,1328","3,402823466385289e+38","23,4375"
2026 02 20 11:40:21:006,-3.9675,-6.78875,"0,271",10,0,0,-3,"36,1328","3,402823466385289e+38","7,8125"
2026 02 20 11:40:21:008,-3.9675,-6.70125,"0,271",10,0,0,-3,"36,1328","3,402823466385289e+38","-11,7187"
2026 02 20 11:40:21:010,-3.9675,-6.70125,"0,271",10,0,0,-3,"36,1328","3,402823466385289e+38",0
2026 02 20 11:40:21:012,-3.9675,-6.70125,"0,271",10,0,0,-3,"36,1328","3,402823466385289e+38","3,9063"
2026 02 20 11:40:21:014,-3.9675,-6.70125,"0,271",10,0,0,-3,"36,1328","3,402823466385289e+38","3,9063"
2026 02 20 11:40:21:016,-3.9675,-6.70125,"0,271",10,0,0,-3,"36,1328","3,402823466385289e+38","3,9063"
2026 02 20 11:40:21:018,-3.9675,-6.78875,"0,271",10,0,0,-3,"36,1328","3,402823466385289e+38","3,9063"
2026 02 20 11:40:21:020,-3.9675,-6.78875,"0,271",10,0,0,-3,"36,1328","3,402823466385289e+38","3,9063"
2026 02 20 11:40:21:022,-3.9675,-6.87625,"0,271",10,0,0,-3,"36,1328","3,402823466385289e+38","23,4375"
2026 02 20 11:40:21:024,-3.9985,-6.78875,"0,271",10,0,0,-3,"36,1328","3,402823466385289e+38","23,4375"
2026 02 20 11:40:21:026,-3.9675,-6.70125,"0,271",10,0,0,-3,"36,1328","3,402823466385289e+38","3,9063"
2026 02 20 11:40:21:028,-3.9675,-6.70125,"0,271",10,0,0,-3,"36,1328","3,402823466385289e+38","-11,7187"
2026 02 20 11:40:21:030,-3.9985,-6.87625,"0,271",10,0,0,-3,"36,1328","3,402823466385289e+38",0
2026 02 20 11:40:21:032,-3.9675,-6.78875,"0,271",10,0,0,-3,"36,1328","3,402823466385289e+38","7,8125"
2026 02 20 11:40:21:034,-3.9675,-6.78875,"0,271",10,0,0,-3,"36,1328","3,402823466385289e+38","3,9063"
2026 02 20 11:40:21:036,-3.9985,-6.70125,"0,271",10,0,0,-3,"36,1328","3,402823466385289e+38","3,9063"
2026 02 20 11:40:21:038,-3.9675,-6.70125,"0,271",10,0,0,-3,"36,1328","3,402823466385289e+38","3,9063"
2026 02 20 11:40:21:040,-3.9675,-6.78875,"0,271",10,0,0,-3,"36,1328","3,402823466385289e+38","7,8125"
2026 02 20 11:40:21:042,-3.9985,-6.70125,"0,271",10,0,0,-3,"36,1328","3,402823466385289e+38","23,4375"
2026 02 20 11:40:21:044,-3.9675,-6.78875,"0,271",10,0,0,-3,"36,1328","3,402823466385289e+38","23,4375"
2026 02 20 11:40:21:046,-3.9675,-6.70125,"0,271",10,0,0,-3,"36,1328","3,402823466385289e+38","7,8125"
2026 02 20 11:40:21:048,-3.9334,-6.70125,"0,271",10,0,0,-3,"36,1328","3,402823466385289e+38","-7,8125"
2026 02 20 11:40:21:050,-3.9985,-6.70125,"0,271",10,0,0,-3,"36,1328","3,402823466385289e+38",0
2026 02 20 11:40:21:052,-3.9675,-6.78875,"0,271",10,0,0,-3,"36,1328","3,402823466385289e+38","3,9063"
2026 02 20 11:40:21:054,-3.9334,-6.70125,"0,271",10,0,0,-3,"36,1328","3,402823466385289e+38","3,9063"
2026 02 20 11:40:21:056,-3.9675,-6.70125,"0,271",10,0,0,-3,"36,1328","3,402823466385289e+38","3,9063"
2026 02 20 11:40:21:058,-3.9675,-6.70125,"0,271",10,0,0,-3,"36,1328","3,402823466385289e+38","3,9063"
2026 02 20 11:40:21:060,-3.9675,-6.78875,"0,271",10,0,0,-3,"36,1328","3,402823466385289e+38","3,9063"
2026 02 20 11:40:21:062,-3.9675,-6.78875,"0,271",10,0,0,-3,"36,1328","3,402823466385289e+38","27,3438"
2026 02 20 11:40:21:064,-3.9675,-6.78875,"0,271",10,0,0,-3,"36,1328","3,402823466385289e+38","23,4375"
2026 02 20 11:40:21:066,-3.9985,-6.70125,"0,271",10,0,0,-3,"36,1328","3,402823466385289e+38","7,8125"
2026 02 20 11:40:21:068,-3.9675,-6.70125,"0,271",10,0,0,-3,"36,1328","3,402823466385289e+38","-7,8125"
2026 02 20 11:40:21:070,-3.9675,-6.70125,"0,271",10,0,0,-3,"36,1328","3,402823466385289e+38",0
2026 02 20 11:40:21:072,-3.9334,-6.78875,"0,271",10,0,0,-3,"36,1328","3,402823466385289e+38","7,8125"
2026 02 20 11:40:21:074,-3.9334,-6.78875,"0,271",10,0,0,-3,"36,1328","3,402823466385289e+38","3,9063"
2026 02 20 11:40:21:076,-3.9675,-6.70125,"0,271",10,0,0,-3,"36,1328","3,402823466385289e+38","7,8125"
2026 02 20 11:40:21:078,-3.9675,-6.70125,"0,271",10,0,0,-3,"36,1328","3,402823466385289e+38","3,9063"
2026 02 20 11:40:21:080,-3.9334,-6.78875,"0,271",10,0,0,-3,"36,1328","3,402823466385289e+38","7,8125"
2026 02 20 11:40:21:082,-3.9675,-6.70125,"0,271",10,0,0,-3,"36,1328","3,402823466385289e+38","23,4375"
2026 02 20 11:40:21:084,-3.9675,-6.78875,"0,271",10,0,0,-3,"36,1328","3,402823466385289e+38","27,3438"
2026 02 20 11:40:21:086,-3.9675,-6.78875,"0,271",10,0,0,-3,"36,1328","3,402823466385289e+38","3,9063"
2026 02 20 11:40:21:088,-3.9675,-6.78875,"0,271",10,0,0,-3,"36,1328","3,402823466385289e+38","-11,7187"
2026 02 20 11:40:21:090,-3.9675,-6.78875,"0,271",10,0,0,-3,"36,1328","3,402823466385289e+38",0
2026 02 20 11:40:21:092,-3.9675,-6.70125,"0,271",10,0,0,-3,"36,1328","3,402823466385289e+38","3,9063"
2026 02 20 11:40:21:094,-3.9675,-6.78875,"0,271",10,0,0,-3,"36,1328","3,402823466385289e+38","3,9063"
2026 02 20 11:40:21:096,-3.9985,-6.70125,"0,271",10,0,0,-3,"36,1328","3,402823466385289e+38","3,9063"
2026 02 20 11:40:21:098,-3.9675,-6.70125,"0,271",10,0,0,-3,"36,1328","3,402823466385289e+38","3,9063"
2026 02 20 11:40:21:100,-3.9675,-6.78875,"0,271",10,0,0,-3,"36,1328","3,402823466385289e+38","3,9063"
2026 02 20 11:40:21:102,-3.9985,-6.78875,"0,271",10,0,0,-3,"36,1328","3,402823466385289e+38","23,4375"
2026 02 20 11:40:21:104,-3.9675,-6.70125,"0,271",10,0,0,-3,"36,1328","3,402823466385289e+38","27,3438"
2026 02 20 11:40:21:106,-3.9675,-6.78875,"0,271",10,0,0,-3,"36,1328","3,402823466385289e+38","3,9063"
2026 02 20 11:40:21:108,-3.9985,-6.70125,"0,271",10,0,0,-3,"36,1328","3,402823466385289e+38","-7,8125"
2026 02 20 11:40:21:110,-3.9985,-6.70125,"0,271",10,0,0,-3,"36,1328","3,402823466385289e+38",0
2026 02 20 11:40:21:112,-3.9675,-6.78875,"0,271",10,0,0,-3,"36,1328","3,402823466385289e+38","3,9063"
2026 02 20 11:40:21:114,-3.9675,-6.70125,"0,271",10,0,0,-3,"36,1328","3,402823466385289e+38","3,9063"
2026 02 20 11:40:21:116,-3.9675,-6.78875,"0,271",10,0,0,-3,"36,1328","3,402823466385289e+38","7,8125"
2026 02 20 11:40:21:118,-3.9675,-6.70125,"0,271",10,0,0,-3,"36,1328","3,402823466385289e+38","3,9063"
2026 02 20 11:40:21:120,-3.9334,-6.78875,"0,271",10,0,0,-3,"36,1328","3,402823466385289e+38","3,9063"
2026 02 20 11:40:21:122,-3.9675,-6.70125,"0,271",10,0,0,-3,"36,1328","3,402823466385289e+38","27,3438"
2026 02 20 11:40:21:124,-3.9675,-6.78875,"0,271",10,0,0,-3,"36,1328","3,402823466385289e+38","23,4375"
2026 02 20 11:40:21:126,-3.9675,-6.78875,"0,271",10,0,0,-3,"36,1328","3,402823466385289e+38","7,8125"
2026 02 20 11:40:21:128,-3.9985,-6.78875,"0,271",10,0,0,-3,"36,1328","3,402823466385289e+38","-7,8125"
2026 02 20 11:40:21:130,-3.9334,-6.70125,"0,271",10,0,0,-3,"36,1328","3,402823466385289e+38",0
2026 02 20 11:40:21:132,-3.9334,-6.70125,"0,271",10,0,0,-3,"36,1328","3,402823466385289e+38","7,8125"
2026 02 20 11:40:21:134,-3.9334,-6.78875,"0,271",10,0,0,-3,"36,1328","3,402823466385289e+38","3,9063"
2026 02 20 11:40:21:136,-3.9675,-6.70125,"0,271",10,0,0,-3,"36,1328","3,402823466385289e+38","7,8125"
2026 02 20 11:40:21:138,-3.9675,-6.78875,"0,271",10,0,0,-3,"36,1328","3,402823466385289e+38","3,9063"
2026 02 20 11:40:21:140,-3.9675,-6.78875,"0,271",10,0,0,-3,"36,1328","3,402823466385289e+38","7,8125"
2026 02 20 11:40:21:142,-3.9675,-6.78875,"0,271",10,0,0,-3,"36,1328","3,402823466385289e+38","23,4375"
2026 02 20 11:40:21:144,-3.9675,-6.70125,"0,271",10,0,0,-3,"36,1328","3,402823466385289e+38","23,4375"
2026 02 20 11:40:21:146,-3.9675,-6.78875,"0,271",10,0,0,-3,"36,1328","3,402823466385289e+38","7,8125"
2026 02 20 11:40:21:148,-3.9675,-6.70125,"0,271",10,0,0,-3,"36,1328","3,402823466385289e+38","-11,7187"
2026 02 20 11:40:21:150,-3.9334,-6.70125,"0,271",10,0,0,-3,"36,1328","3,402823466385289e+38",0
2026 02 20 11:40:21:152,-3.9675,-6.87625,"0,271",10,0,0,-3,"37,2314","3,402823466385289e+38","7,8125"
2026 02 20 11:40:21:154,-3.9675,-6.78875,"0,271",10,0,0,-3,"37,2314","3,402823466385289e+38","3,9063"
2026 02 20 11:40:21:156,-3.9675,-6.70125,"0,271",10,0,0,-3,"37,2314","3,402823466385289e+38","7,8125"
2026 02 20 11:40:21:158,-3.9985,-6.70125,"0,271",10,0,0,-3,"37,2314","3,402823466385289e+38","3,9063"
2026 02 20 11:40:21:160,-3.9675,-6.70125,"0,271",10,0,0,-3,"37,2314","3,402823466385289e+38","3,9063"
2026 02 20 11:40:21:162,-3.9675,-6.78875,"0,271",10,0,0,-3,"37,2314","3,402823466385289e+38","23,4375"
2026 02 20 11:40:21:164,-3.9985,-6.70125,"0,271",10,0,0,-3,"37,2314","3,402823466385289e+38","27,3438"
2026 02 20 11:40:21:166,-3.9675,-6.70125,"0,271",10,0,0,-3,"37,2314","3,402823466385289e+38","7,8125"
2026 02 20 11:40:21:168,-3.9675,-6.78875,"0,271",10,0,0,-3,"37,2314","3,402823466385289e+38","-7,8125"
2026 02 20 11:40:21:170,-3.9675,-6.78875,"0,271",10,0,0,-3,"37,2314","3,402823466385289e+38",0
2026 02 20 11:40:21:172,-3.9675,-6.78875,"0,271",10,0,0,-3,"37,2314","3,402823466385289e+38","7,8125"
2026 02 20 11:40:21:174,-3.9675,-6.78875,"0,271",10,0,0,-3,"37,2314","3,402823466385289e+38","7,8125"
2026 02 20 11:40:21:176,-3.9675,-6.87625,"0,271",10,0,0,-3,"37,2314","3,402823466385289e+38","7,8125"
2026 02 20 11:40:21:178,-3.9675,-6.78875,"0,271",10,0,0,-3,"37,2314","3,402823466385289e+38","7,8125"
2026 02 20 11:40:21:180,-3.9675,-6.78875,"0,271",10,0,0,-3,"37,2314","3,402823466385289e+38","7,8125"
2026 02 20 11:40:21:182,-3.9675,-6.78875,"0,271",10,0,0,-3,"37,2314","3,402823466385289e+38","27,3438"
2026 02 20 11:40:21:184,-3.9675,-6.78875,"0,271",10,0,0,-3,"37,2314","3,402823466385289e+38","23,4375"
2026 02 20 11:40:21:186,-3.9675,-6.70125,"0,271",10,0,0,-3,"37,2314","3,402823466385289e+38","7,8125"
2026 02 20 11:40:21:188,-3.9334,-6.78875,"0,271",10,0,0,-3,"37,2314","3,402823466385289e+38","-7,8125"
2026 02 20 11:40:21:190,-3.9334,-6.78875,"0,271",10,0,0,-3,"37,2314","3,402823466385289e+38",0
2026 02 20 11:40:21:192,-3.9985,-6.78875,"0,271",10,0,0,-3,"37,2314","3,402823466385289e+38","7,8125"
2026 02 20 11:40:21:194,-3.9675,-6.78875,"0,271",10,0,0,-3,"37,2314","3,402823466385289e+38","7,8125"
2026 02 20 11:40:21:196,-3.9675,-6.78875,"0,271",10,0,0,-3,"37,2314","3,402823466385289e+38","7,8125"
2026 02 20 11:40:21:198,-3.9675,-6.78875,"0,271",10,0,0,-3,"37,2314","3,402823466385289e+38","3,9063"
2026 02 20 11:40:21:200,-3.9675,-6.78875,"0,271",10,0,0,-3,"37,2314","3,402823466385289e+38","7,8125"
2026 02 20 11:40:21:202,-3.9334,-6.78875,"0,271",10,0,0,-3,"37,2314","3,402823466385289e+38","27,3438"
2026 02 20 11:40:21:204,-3.9675,-6.70125,"0,271",10,0,0,-3,"37,2314","3,402823466385289e+38","19,5313"
2026 02 20 11:40:21:206,-3.9334,-6.78875,"0,271",10,0,0,-3,"37,2314","3,402823466385289e+38","7,8125"
2026 02 20 11:40:21:208,-3.9675,-6.78875,"0,271",10,0,0,-3,"37,2314","3,402823466385289e+38","-7,8125"
2026 02 20 11:40:21:210,-3.9675,-6.78875,"0,271",10,0,0,-3,"37,2314","3,402823466385289e+38",0
2026 02 20 11:40:21:212,-3.9675,-6.78875,"0,271",10,0,0,-3,"37,2314","3,402823466385289e+38","3,9063"
2026 02 20 11:40:21:214,-3.9675,-6.78875,"0,271",10,0,0,-3,"37,2314","3,402823466385289e+38","3,9063"
2026 02 20 11:40:21:216,-3.9675,-6.78875,"0,271",10,0,0,-3,"37,2314","3,402823466385289e+38","3,9063"
2026 02 20 11:40:21:218,-3.9985,-6.70125,"0,271",10,0,0,-3,"37,2314","3,402823466385289e+38","3,9063"
2026 02 20 11:40:21:220,-3.9675,-6.70125,"0,271",10,0,0,-3,"37,2314","3,402823466385289e+38","7,8125"
2026 02 20 11:40:21:222,-3.9675,-6.78875,"0,271",10,0,0,-3,"37,2314","3,402823466385289e+38","23,4375"
2026 02 20 11:40:21:224,-3.9675,-6.78875,"0,271",10,0,0,-3,"37,2314","3,402823466385289e+38","31,25"
2026 02 20 11:40:21:226,-3.9334,-6.78875,"0,271",10,0,0,-3,"37,2314","3,402823466385289e+38","7,8125"
2026 02 20 11:40:21:228,-3.9985,-6.78875,"0,271",10,0,0,-3,"37,2314","3,402823466385289e+38","-7,8125"
2026 02 20 11:40:21:230,-3.9334,-6.78875,"0,271",10,0,0,-3,"37,2314","3,402823466385289e+38",0
2026 02 20 11:40:21:232,-3.9334,-6.78875,"0,271",10,0,0,-3,"37,2314","3,402823466385289e+38","3,9063"
2026 02 20 11:40:21:234,-3.9675,-6.87625,"0,271",10,0,0,-3,"37,2314","3,402823466385289e+38","3,9063"
2026 02 20 11:40:21:236,-3.9675,-6.78875,"0,271",10,0,0,-3,"37,2314","3,402823466385289e+38","3,9063"
2026 02 20 11:40:21:238,-3.9675,-6.78875,"0,271",10,0,0,-3,"37,2314","3,402823466385289e+38","3,9063"
2026 02 20 11:40:21:240,-3.9675,-6.78875,"0,271",10,0,0,-3,"37,2314","3,402823466385289e+38","3,9063"
2026 02 20 11:40:21:242,-3.9334,-6.78875,"0,271",10,0,0,-3,"37,2314","3,402823466385289e+38","23,4375"
2026 02 20 11:40:21:244,-3.9675,-6.70125,"0,271",10,0,0,-3,"37,2314","3,402823466385289e+38","19,5313"
2026 02 20 11:40:21:246,-3.9675,-6.78875,"0,271",10,0,0,-3,"37,2314","3,402823466385289e+38","3,9063"
2026 02 20 11:40:21:248,-3.9675,-6.70125,"0,271",10,0,0,-3,"37,2314","3,402823466385289e+38","-7,8125"
2026 02 20 11:40:21:250,-3.9334,-6.78875,"0,271",10,0,0,-3,"37,2314","3,402823466385289e+38",0
2026 02 20 11:40:21:252,-3.9675,-6.61375,"0,271",10,0,0,-3,"37,2314","3,402823466385289e+38","7,8125"
2026 02 20 11:40:21:254,-3.9985,-6.78875,"0,271",10,0,0,-3,"37,2314","3,402823466385289e+38","7,8125"
2026 02 20 11:40:21:256,-3.9334,-6.78875,"0,271",10,0,0,-3,"37,2314","3,402823466385289e+38","7,8125"
2026 02 20 11:40:21:258,-3.9985,-6.78875,"0,271",10,0,0,-3,"37,2314","3,402823466385289e+38","3,9063"
2026 02 20 11:40:21:260,-3.9675,-6.78875,"0,271",10,0,0,-3,"37,2314","3,402823466385289e+38","3,9063"
2026 02 20 11:40:21:262,-3.9675,-6.78875,"0,271",10,0,0,-3,"37,2314","3,402823466385289e+38","23,4375"
2026 02 20 11:40:21:264,-3.9334,-6.78875,"0,271",10,0,0,-3,"37,2314","3,402823466385289e+38","19,5313"
2026 02 20 11:40:21:266,-3.9675,-6.70125,"0,271",10,0,0,-3,"37,2314","3,402823466385289e+38","7,8125"
2026 02 20 11:40:21:268,-3.9675,-6.70125,"0,271",10,0,0,-3,"37,2314","3,402823466385289e+38","-7,8125"
2026 02 20 11:40:21:270,-3.9675,-6.70125,"0,271",10,0,0,-3,"37,2314","3,402823466385289e+38",0
2026 02 20 11:40:21:272,-3.9675,-6.78875,"0,271",10,0,0,-3,"37,2314","3,402823466385289e+38","3,9063"
2026 02 20 11:40:21:274,-3.9675,-6.78875,"0,271",10,0,0,-3,"37,2314","3,402823466385289e+38","3,9063"
2026 02 20 11:40:21:276,-3.9675,-6.78875,"0,271",10,0,0,-3,"37,2314","3,402823466385289e+38","7,8125"
2026 02 20 11:40:21:278,-3.9985,-6.70125,"0,271",10,0,0,-3,"37,2314","3,402823466385289e+38","7,8125"
2026 02 20 11:40:21:280,-3.9675,-6.70125,"0,271",10,0,0,-3,"37,2314","3,402823466385289e+38","7,8125"
2026 02 20 11:40:21:282,-3.9985,-6.78875,"0,271",10,0,0,-3,"37,2314","3,402823466385289e+38","23,4375"
2026 02 20 11:40:21:284,-3.9675,-6.78875,"0,271",10,0,0,-3,"37,2314","3,402823466385289e+38","27,3438"
2026 02 20 11:40:21:286,-3.9675,-6.78875,"0,271",10,0,0,-3,"37,2314","3,402823466385289e+38","3,9063"
2026 02 20 11:40:21:288,-3.9675,-6.78875,"0,271",10,0,0,-3,"37,2314","3,402823466385289e+38","-7,8125"
2026 02 20 11:40:21:290,-3.9985,-6.78875,"0,271",10,0,0,-3,"37,2314","3,402823466385289e+38",0
2026 02 20 11:40:21:292,-3.9675,-6.70125,"0,271",10,0,0,-3,"37,2314","3,402823466385289e+38","3,9063"
2026 02 20 11:40:21:294,-3.9675,-6.70125,"0,271",10,0,0,-3,"37,2314","3,402823466385289e+38","3,9063"
2026 02 20 11:40:21:296,-3.9675,-6.70125,"0,271",10,0,0,-3,"37,2314","3,402823466385289e+38","3,9063"
2026 02 20 11:40:21:298,-3.9985,-6.78875,"0,271",10,0,0,-3,"37,2314","3,402823466385289e+38","3,9063"
2026 02 20 11:40:21:300,-3.9675,-6.78875,"0,271",10,0,0,-3,"37,2314","3,402823466385289e+38","7,8125"
2026 02 20 11:40:21:302,-3.9675,-6.78875,"0,271",10,0,0,-3,"37,2314","3,402823466385289e+38","27,3438"
2026 02 20 11:40:21:304,-3.9985,-6.78875,"0,271",10,0,0,-3,"37,2314","3,402823466385289e+38","23,4375"
2026 02 20 11:40:21:306,-3.9675,-6.70125,"0,271",10,0,0,-3,"37,2314","3,402823466385289e+38","3,9063"
2026 02 20 11:40:21:308,-3.9675,-6.78875,"0,271",10,0,0,-3,"37,2314","3,402823466385289e+38","-7,8125"
2026 02 20 11:40:21:310,-3.9675,-6.70125,"0,271",10,0,0,-3,"37,2314","3,402823466385289e+38",0
2026 02 20 11:40:21:312,-3.9675,-6.78875,"0,271",10,0,0,-3,"37,2314","3,402823466385289e+38","3,9063"
2026 02 20 11:40:21:314,-3.9675,-6.78875,"0,271",10,0,0,-3,"37,2314","3,402823466385289e+38","3,9063"
2026 02 20 11:40:21:316,-3.9675,-6.61375,"0,271",10,0,0,-3,"37,2314","3,402823466385289e+38","3,9063"
2026 02 20 11:40:21:318,-3.9675,-6.70125,"0,271",10,0,0,-3,"37,2314","3,402823466385289e+38","3,9063"
2026 02 20 11:40:21:320,-3.9675,-6.78875,"0,271",10,0,0,-3,"37,2314","3,402823466385289e+38","3,9063"
2026 02 20 11:40:21:322,-3.9675,-6.78875,"0,271",10,0,0,-3,"37,2314","3,402823466385289e+38","23,4375"
2026 02 20 11:40:21:324,-3.9334,-6.78875,"0,271",10,0,0,-3,"37,2314","3,402823466385289e+38","19,5313"
2026 02 20 11:40:21:326,-3.9675,-6.78875,"0,271",10,0,0,-3,"37,2314","3,402823466385289e+38","7,8125"
2026 02 20 11:40:21:328,-3.9675,-6.78875,"0,271",10,0,0,-3,"37,2314","3,402823466385289e+38","-7,8125"
2026 02 20 11:40:21:330,-3.9675,-6.70125,"0,271",10,0,0,-3,"37,2314","3,402823466385289e+38",0
2026 02 20 11:40:21:332,-3.9675,-6.78875,"0,271",10,0,0,-3,"37,2314","3,402823466385289e+38","7,8125"
2026 02 20 11:40:21:334,-3.9985,-6.78875,"0,271",10,0,0,-3,"37,2314","3,402823466385289e+38","3,9063"
2026 02 20 11:40:21:336,-3.9675,-6.87625,"0,271",10,0,0,-3,"37,2314","3,402823466385289e+38","3,9063"
2026 02 20 11:40:21:338,-3.9675,-6.70125,"0,271",10,0,0,-3,"37,2314","3,402823466385289e+38","3,9063"
2026 02 20 11:40:21:340,-3.9675,-6.70125,"0,271",10,0,0,-3,"37,2314","3,402823466385289e+38","3,9063"
2026 02 20 11:40:21:342,-3.9675,-6.78875,"0,271",10,0,0,-3,"37,2314","3,402823466385289e+38","23,4375"
2026 02 20 11:40:21:344,-3.9675,-6.78875,"0,271",10,0,0,-3,"37,2314","3,402823466385289e+38","23,4375"
2026 02 20 11:40:21:346,-3.9675,-6.78875,"0,271",10,0,0,-3,"37,2314","3,402823466385289e+38","3,9063"
2026 02 20 11:40:21:348,-3.9675,-6.78875,"0,271",10,0,0,-3,"37,2314","3,402823466385289e+38","-7,8125"
2026 02 20 11:40:21:350,-3.9675,-6.78875,"0,271",10,0,0,-3,"37,2314","3,402823466385289e+38",0
2026 02 20 11:40:21:352,-3.9334,-6.87625,"0,271",10,0,0,-3,"37,2314","3,402823466385289e+38","7,8125"
2026 02 20 11:40:21:354,-3.9675,-6.78875,"0,271",10,0,0,-3,"37,2314","3,402823466385289e+38","3,9063"
2026 02 20 11:40:21:356,-3.9675,-6.78875,"0,271",10,0,0,-3,"37,2314","3,402823466385289e+38","7,8125"
2026 02 20 11:40:21:358,-3.9675,-6.78875,"0,271",10,0,0,-3,"37,2314","3,402823466385289e+38","3,9063"
2026 02 20 11:40:21:360,-3.9675,-6.78875,"0,271",10,0,0,-3,"37,2314","3,402823466385289e+38","3,9063"
2026 02 20 11:40:21:362,-3.9985,-6.78875,"0,271",10,0,0,-3,"37,2314","3,402823466385289e+38","23,4375"
2026 02 20 11:40:21:364,-3.9334,-6.78875,"0,271",10,0,0,-3,"37,2314","3,402823466385289e+38","19,5313"
2026 02 20 11:40:21:366,-3.9675,-6.78875,"0,271",10,0,0,-3,"37,2314","3,402823466385289e+38","3,9063"
2026 02 20 11:40:21:368,-3.9675,-6.78875,"0,271",10,0,0,-3,"37,2314","3,402823466385289e+38","-11,7187"
2026 02 20 11:40:21:370,-3.9675,-6.78875,"0,271",10,0,0,-3,"37,2314","3,402823466385289e+38",0
2026 02 20 11:40:21:372,-3.9334,-6.78875,"0,271",10,0,0,-3,"37,2314","3,402823466385289e+38","7,8125"
2026 02 20 11:40:21:374,-3.9675,-6.87625,"0,271",10,0,0,-3,"37,2314","3,402823466385289e+38","7,8125"
2026 02 20 11:40:21:376,-3.9675,-6.78875,"0,271",10,0,0,-3,"37,2314","3,402823466385289e+38","7,8125"
2026 02 20 11:40:21:378,-3.9675,-6.78875,"0,271",10,0,0,-3,"37,2314","3,402823466385289e+38","3,9063"
2026 02 20 11:40:21:380,-3.9675,-6.78875,"0,271",10,0,0,-3,"37,2314","3,402823466385289e+38","7,8125"
2026 02 20 11:40:21:382,-3.9675,-6.78875,"0,271",10,0,0,-3,"37,2314","3,402823466385289e+38","27,3438"
2026 02 20 11:40:21:384,-3.9675,-6.78875,"0,271",10,0,0,-3,"37,2314","3,402823466385289e+38","19,5313"
2026 02 20 11:40:21:386,-3.9675,-6.78875,"0,271",10,0,0,-3,"37,2314","3,402823466385289e+38","3,9063"
2026 02 20 11:40:21:388,-3.9675,-6.78875,"0,271",10,0,0,-3,"37,2314","3,402823466385289e+38","-11,7187"
2026 02 20 11:40:21:390,-3.9675,-6.70125,"0,271",10,0,0,-3,"37,2314","3,402823466385289e+38",0
2026 02 20 11:40:21:392,-3.9675,-6.70125,"0,271",10,0,0,-3,"37,2314","3,402823466385289e+38","3,9063"
2026 02 20 11:40:21:394,-3.9675,-6.70125,"0,271",10,0,0,-3,"37,2314","3,402823466385289e+38","3,9063"
2026 02 20 11:40:21:396,-3.9675,-6.70125,"0,271",10,0,0,-3,"37,2314","3,402823466385289e+38","7,8125"
2026 02 20 11:40:21:398,-3.9675,-6.78875,"0,271",10,0,0,-3,"37,2314","3,402823466385289e+38","3,9063"
2026 02 20 11:40:21:400,-3.9675,-6.78875,"0,271",10,0,0,-3,"37,2314","3,402823466385289e+38","7,8125"
2026 02 20 11:40:21:402,-3.9675,-6.78875,"0,271",10,0,0,-3,"37,2314","3,402823466385289e+38","23,4375"
2026 02 20 11:40:21:404,-3.9334,-6.78875,"0,271",10,0,0,-3,"37,2314","3,402823466385289e+38","23,4375"
2026 02 20 11:40:21:406,-3.9675,-6.70125,"0,271",10,0,0,-3,"37,2314","3,402823466385289e+38","7,8125"
2026 02 20 11:40:21:408,-3.9334,-6.70125,"0,271",10,0,0,-3,"37,2314","3,402823466385289e+38","-7,8125"
2026 02 20 11:40:21:410,-3.9675,-6.78875,"0,271",10,0,0,-3,"37,2314","3,402823466385289e+38",0
2026 02 20 11:40:21:412,-3.9334,-6.70125,"0,271",10,0,0,-3,"37,2314","3,402823466385289e+38","7,8125"
2026 02 20 11:40:21:414,-3.9675,-6.78875,"0,271",10,0,0,-3,"37,2314","3,402823466385289e+38","7,8125"
2026 02 20 11:40:21:416,-3.9675,-6.78875,"0,271",10,0,0,-3,"37,2314","3,402823466385289e+38","7,8125"
2026 02 20 11:40:21:418,-3.9675,-6.78875,"0,271",10,0,0,-3,"37,2314","3,402823466385289e+38","7,8125"
2026 02 20 11:40:21:420,-3.9675,-6.78875,"0,271",10,0,0,-3,"37,2314","3,402823466385289e+38","7,8125"
2026 02 20 11:40:21:422,-3.9675,-6.78875,"0,271",10,0,0,-3,"37,2314","3,402823466385289e+38","23,4375"
2026 02 20 11:40:21:424,-3.9675,-6.78875,"0,271",10,0,0,-3,"37,2314","3,402823466385289e+38","15,625"
2026 02 20 11:40:21:426,-3.9675,-6.70125,"0,271",10,0,0,-3,"37,2314","3,402823466385289e+38","7,8125"
2026 02 20 11:40:21:428,-3.9675,-6.78875,"0,271",10,0,0,-3,"37,2314","3,402823466385289e+38","-7,8125"
2026 02 20 11:40:21:430,-3.9675,-6.70125,"0,271",10,0,0,-3,"37,2314","3,402823466385289e+38",0
2026 02 20 11:40:21:432,-3.9675,-6.78875,"0,271",10,0,0,-3,"37,2314","3,402823466385289e+38","7,8125"
2026 02 20 11:40:21:434,-3.9675,-6.78875,"0,271",10,0,0,-3,"37,2314","3,402823466385289e+38","3,9063"
2026 02 20 11:40:21:436,-3.9675,-6.70125,"0,271",10,0,0,-3,"37,2314","3,402823466385289e+38","7,8125"
2026 02 20 11:40:21:438,-3.9675,-6.78875,"0,271",10,0,0,-3,"37,2314","3,402823466385289e+38","3,9063"
2026 02 20 11:40:21:440,-3.9675,-6.78875,"0,271",10,0,0,-3,"37,2314","3,402823466385289e+38","7,8125"
2026 02 20 11:40:21:442,-3.9675,-6.70125,"0,271",10,0,0,-3,"37,2314","3,402823466385289e+38","27,3438"
2026 02 20 11:40:21:444,-3.9675,-6.78875,"0,271",10,0,0,-3,"37,2314","3,402823466385289e+38","23,4375"
2026 02 20 11:40:21:446,-3.9675,-6.78875,"0,271",10,0,0,-3,"37,2314","3,402823466385289e+38","3,9063"
2026 02 20 11:40:21:448,-3.9675,-6.78875,"0,271",10,0,0,-3,"37,2314","3,402823466385289e+38","-7,8125"
2026 02 20 11:40:21:450,-3.9985,-6.78875,"0,271",10,0,0,-3,"37,2314","3,402823466385289e+38",0
2026 02 20 11:40:21:452,-3.9675,-6.78875,"0,271",10,0,0,-3,"37,2314","3,402823466385289e+38","7,8125"
2026 02 20 11:40:21:454,-3.9675,-6.78875,"0,271",10,0,0,-3,"37,735","3,402823466385289e+38","3,9063"
2026 02 20 11:40:21:456,-3.9675,-6.78875,"0,271",10,0,0,-3,"37,735","3,402823466385289e+38","7,8125"
2026 02 20 11:40:21:458,-3.9675,-6.78875,"0,271",10,0,0,-3,"37,735","3,402823466385289e+38","7,8125"
2026 02 20 11:40:21:460,-3.9675,-6.70125,"0,271",10,0,0,-3,"37,735","3,402823466385289e+38","7,8125"
2026 02 20 11:40:21:462,-3.9985,-6.78875,"0,271",10,0,0,-3,"37,735","3,402823466385289e+38","23,4375"
2026 02 20 11:40:21:464,-3.9675,-6.78875,"0,271",10,0,0,-3,"37,735","3,402823466385289e+38","23,4375"
2026 02 20 11:40:21:466,-3.9675,-6.78875,"0,271",10,0,0,-3,"37,735","3,402823466385289e+38","7,8125"
2026 02 20 11:40:21:468,-3.9675,-6.78875,"0,271",10,0,0,-3,"37,735","3,402823466385289e+38","-7,8125"
2026 02 20 11:40:21:470,-3.9334,-6.78875,"0,271",10,0,0,-3,"37,735","3,402823466385289e+38",0
2026 02 20 11:40:21:472,-3.9675,-6.78875,"0,271",10,0,0,-3,"37,735","3,402823466385289e+38","3,9063"
2026 02 20 11:40:21:474,-3.9675,-6.78875,"0,271",10,0,0,-3,"37,735","3,402823466385289e+38","3,9063"
2026 02 20 11:40:21:476,-3.9675,-6.78875,"0,271",10,0,0,-3,"37,735","3,402823466385289e+38","7,8125"
2026 02 20 11:40:21:478,-3.9675,-6.87625,"0,271",10,0,0,-3,"37,735","3,402823466385289e+38","7,8125"
2026 02 20 11:40:21:480,-3.9985,-6.78875,"0,271",10,0,0,-3,"37,735","3,402823466385289e+38","7,8125"
2026 02 20 11:40:21:482,-3.9675,-6.70125,"0,271",10,0,0,-3,"37,735","3,402823466385289e+38","27,3438"
2026 02 20 11:40:21:484,-3.9334,-6.78875,"0,271",10,0,0,-3,"37,735","3,402823466385289e+38","19,5313"
2026 02 20 11:40:21:486,-3.9675,-6.78875,"0,271",10,0,0,-3,"37,735","3,402823466385289e+38","7,8125"
2026 02 20 11:40:21:488,-3.9334,-6.78875,"0,271",10,0,0,-3,"37,735","3,402823466385289e+38","-7,8125"
2026 02 20 11:40:21:490,-3.9675,-6.70125,"0,271",10,0,0,-3,"37,735","3,402823466385289e+38","3,9063"
2026 02 20 11:40:21:492,-3.9675,-6.78875,"0,271",10,0,0,-3,"37,735","3,402823466385289e+38","7,8125"
2026 02 20 11:40:21:494,-3.9334,-6.78875,"0,271",10,0,0,-3,"37,735","3,402823466385289e+38","3,9063"
2026 02 20 11:40:21:496,-3.9675,-6.70125,"0,271",10,0,0,-3,"37,735","3,402823466385289e+38","3,9063"
2026 02 20 11:40:21:498,-3.9675,-6.70125,"0,271",10,0,0,-3,"37,735","3,402823466385289e+38","3,9063"
2026 02 20 11:40:21:500,-3.9675,-6.70125,"0,271",10,0,0,-3,"37,735","3,402823466385289e+38","7,8125"
2026 02 20 11:40:21:502,-3.9675,-6.78875,"0,271",10,0,0,-3,"37,735","3,402823466385289e+38","27,3438"
2026 02 20 11:40:21:504,-3.9334,-6.78875,"0,271",10,0,0,-3,"37,735","3,402823466385289e+38","19,5313"
2026 02 20 11:40:21:506,-3.9675,-6.78875,"0,271",10,0,0,-3,"37,735","3,402823466385289e+38","7,8125"
2026 02 20 11:40:21:508,-3.9675,-6.78875,"0,271",10,0,0,-3,"37,735","3,402823466385289e+38","-11,7187"
2026 02 20 11:40:21:510,-3.9675,-6.70125,"0,271",10,0,0,-3,"37,735","3,402823466385289e+38",0
2026 02 20 11:40:21:512,-3.9675,-6.78875,"0,271",10,0,0,-3,"37,735","3,402823466385289e+38","7,8125"
2026 02 20 11:40:21:514,-3.9334,-6.78875,"0,271",10,0,0,-3,"37,735","3,402823466385289e+38","3,9063"
2026 02 20 11:40:21:516,-3.9675,-6.78875,"0,271",10,0,0,-3,"37,735","3,402823466385289e+38","7,8125"
2026 02 20 11:40:21:518,-3.9334,-6.78875,"0,271",10,0,0,-3,"37,735","3,402823466385289e+38","3,9063"
2026 02 20 11:40:21:520,-3.9334,-6.78875,"0,271",10,0,0,-3,"37,735","3,402823466385289e+38","3,9063"
2026 02 20 11:40:21:522,-3.9675,-6.78875,"0,271",10,0,0,-3,"37,735","3,402823466385289e+38","23,4375"
2026 02 20 11:40:21:524,-3.9675,-6.78875,"0,271",10,0,0,-3,"37,735","3,402823466385289e+38","23,4375"
2026 02 20 11:40:21:526,-3.9675,-6.78875,"0,271",10,0,0,-3,"37,735","3,402823466385289e+38","3,9063"
2026 02 20 11:40:21:528,-3.9675,-6.78875,"0,271",10,0,0,-3,"37,735","3,402823466385289e+38","-7,8125"
2026 02 20 11:40:21:530,-3.9675,-6.70125,"0,271",10,0,0,-3,"37,735","3,402823466385289e+38",0
2026 02 20 11:40:21:532,-3.9675,-6.78875,"0,271",10,0,0,-3,"37,735","3,402823466385289e+38","3,9063"
2026 02 20 11:40:21:534,-3.9334,-6.78875,"0,271",10,0,0,-3,"37,735","3,402823466385289e+38","3,9063"
2026 02 20 11:40:21:536,-3.9334,-6.78875,"0,271",10,0,0,-3,"37,735","3,402823466385289e+38","3,9063"
2026 02 20 11:40:21:538,-3.9675,-6.78875,"0,271",10,0,0,-3,"37,735","3,402823466385289e+38","3,9063"
2026 02 20 11:40:21:540,-3.9675,-6.78875,"0,271",10,0,0,-3,"37,735","3,402823466385289e+38","3,9063"
2026 02 20 11:40:21:542,-3.9675,-6.78875,"0,271",10,0,0,-3,"37,735","3,402823466385289e+38","27,3438"
2026 02 20 11:40:21:544,-3.9675,-6.87625,"0,271",10,0,0,-3,"37,735","3,402823466385289e+38","15,625"
2026 02 20 11:40:21:546,-3.9675,-6.70125,"0,271",10,0,0,-3,"37,735","3,402823466385289e+38","3,9063"
2026 02 20 11:40:21:548,-3.9675,-6.78875,"0,271",10,0,0,-3,"37,735","3,402823466385289e+38","-11,7187"
2026 02 20 11:40:21:550,-3.9675,-6.87625,"0,271",10,0,0,-3,"37,735","3,402823466385289e+38",0
2026 02 20 11:40:21:552,-3.9675,-6.78875,"0,271",10,0,0,-3,"37,735","3,402823466385289e+38","3,9063"
2026 02 20 11:40:21:554,-3.9985,-6.70125,"0,271",10,0,0,-3,"37,735","3,402823466385289e+38","3,9063"
2026 02 20 11:40:21:556,-3.9675,-6.78875,"0,271",10,0,0,-3,"37,735","3,402823466385289e+38","7,8125"
2026 02 20 11:40:21:558,-3.9675,-6.70125,"0,271",10,0,0,-3,"37,735","3,402823466385289e+38","3,9063"
2026 02 20 11:40:21:560,-3.9675,-6.70125,"0,271",10,0,0,-3,"37,735","3,402823466385289e+38","7,8125"
2026 02 20 11:40:21:562,-3.9675,-6.70125,"0,271",10,0,0,-3,"37,735","3,402823466385289e+38","27,3438"
2026 02 20 11:40:21:564,-3.9675,-6.78875,"0,271",10,0,0,-3,"37,735","3,402823466385289e+38","15,625"
2026 02 20 11:40:21:566,-3.9675,-6.78875,"0,271",10,0,0,-3,"37,735","3,402823466385289e+38","3,9063"
2026 02 20 11:40:21:568,-3.9675,-6.78875,"0,271",10,0,0,-3,"37,735","3,402823466385289e+38","-11,7187"
2026 02 20 11:40:21:570,-3.9675,-6.78875,"0,271",10,0,0,-3,"37,735","3,402823466385289e+38",0
2026 02 20 11:40:21:572,-3.9675,-6.78875,"0,271",10,0,0,-3,"37,735","3,402823466385289e+38","7,8125"
2026 02 20 11:40:21:574,-3.9675,-6.78875,"0,271",10,0,0,-3,"37,735","3,402823466385289e+38","7,8125"
2026 02 20 11:40:21:576,-3.9675,-6.78875,"0,271",10,0,0,-3,"37,735","3,402823466385289e+38","7,8125"
2026 02 20 11:40:21:578,-3.9675,-6.78875,"0,271",10,0,0,-3,"37,735","3,402823466385289e+38","3,9063"
2026 02 20 11:40:21:580,-3.9675,-6.78875,"0,271",10,0,0,-3,"37,735","3,402823466385289e+38","7,8125"
2026 02 20 11:40:21:582,-3.9675,-6.78875,"0,271",10,0,0,-3,"37,735","3,402823466385289e+38","27,3438"
2026 02 20 11:40:21:584,-3.9675,-6.70125,"0,271",10,0,0,-3,"37,735","3,402823466385289e+38","23,4375"
2026 02 20 11:40:21:586,-3.9675,-6.78875,"0,271",10,0,0,-3,"37,735","3,402823466385289e+38","3,9063"
2026 02 20 11:40:21:588,-3.9675,-6.70125,"0,271",10,0,0,-3,"37,735","3,402823466385289e+38","-11,7187"
2026 02 20 11:40:21:590,-3.9675,-6.78875,"0,271",10,0,0,-3,"37,735","3,402823466385289e+38",0
2026 02 20 11:40:21:592,-3.9675,-6.61375,"0,271",10,0,0,-3,"37,735","3,402823466385289e+38","7,8125"
2026 02 20 11:40:21:594,-3.9675,-6.70125,"0,271",10,0,0,-3,"37,735","3,402823466385289e+38","3,9063"
2026 02 20 11:40:21:596,-3.9675,-6.70125,"0,271",10,0,0,-3,"37,735","3,402823466385289e+38","7,8125"
2026 02 20 11:40:21:598,-3.9675,-6.78875,"0,271",10,0,0,-3,"37,735","3,402823466385289e+38","7,8125"
2026 02 20 11:40:21:600,-3.9675,-6.78875,"0,271",10,0,0,-3,"37,735","3,402823466385289e+38","7,8125"
2026 02 20 11:40:21:602,-3.9985,-6.70125,"0,271",10,0,0,-3,"37,735","3,402823466385289e+38","27,3438"
2026 02 20 11:40:21:604,-3.9985,-6.70125,"0,271",10,0,0,-3,"37,735","3,402823466385289e+38","15,625"
2026 02 20 11:40:21:606,-3.9675,-6.78875,"0,271",10,0,0,-3,"37,735","3,402823466385289e+38","3,9063"
2026 02 20 11:40:21:608,-3.9985,-6.78875,"0,271",10,0,0,-3,"37,735","3,402823466385289e+38","-11,7187"
2026 02 20 11:40:21:610,-3.9675,-6.70125,"0,271",10,0,0,-3,"37,735","3,402823466385289e+38",0
2026 02 20 11:40:21:612,-3.9675,-6.78875,"0,271",10,0,0,-3,"37,735","3,402823466385289e+38","3,9063"
2026 02 20 11:40:21:614,-3.9675,-6.78875,"0,271",10,0,0,-3,"37,735","3,402823466385289e+38","3,9063"
2026 02 20 11:40:21:616,-3.9985,-6.78875,"0,271",10,0,0,-3,"37,735","3,402823466385289e+38","3,9063"
2026 02 20 11:40:21:618,-3.9985,-6.78875,"0,271",10,0,0,-3,"37,735","3,402823466385289e+38","3,9063"
2026 02 20 11:40:21:620,-3.9675,-6.78875,"0,271",10,0,0,-3,"37,735","3,402823466385289e+38","7,8125"
2026 02 20 11:40:21:622,-3.9675,-6.70125,"0,271",10,0,0,-3,"37,735","3,402823466385289e+38","27,3438"
2026 02 20 11:40:21:624,-3.9985,-6.78875,"0,271",10,0,0,-3,"37,735","3,402823466385289e+38","15,625"
2026 02 20 11:40:21:626,-3.9675,-6.78875,"0,271",10,0,0,-3,"37,735","3,402823466385289e+38","3,9063"
2026 02 20 11:40:21:628,-3.9675,-6.78875,"0,271",10,0,0,-3,"37,735","3,402823466385289e+38","-11,7187"
2026 02 20 11:40:21:630,-3.9985,-6.70125,"0,271",10,0,0,-3,"37,735","3,402823466385289e+38",0
2026 02 20 11:40:21:632,-3.9675,-6.87625,"0,271",10,0,0,-3,"37,735","3,402823466385289e+38","3,9063"
2026 02 20 11:40:21:634,-3.9985,-6.87625,"0,271",10,0,0,-3,"37,735","3,402823466385289e+38","7,8125"
2026 02 20 11:40:21:636,-3.9675,-6.70125,"0,271",10,0,0,-3,"37,735","3,402823466385289e+38","7,8125"
2026 02 20 11:40:21:638,-3.9675,-6.70125,"0,271",10,0,0,-3,"37,735","3,402823466385289e+38","3,9063"
2026 02 20 11:40:21:640,-3.9675,-6.78875,"0,271",10,0,0,-3,"37,735","3,402823466385289e+38","3,9063"
2026 02 20 11:40:21:642,-3.9675,-6.78875,"0,271",10,0,0,-3,"37,735","3,402823466385289e+38","27,3438"
2026 02 20 11:40:21:644,-3.9675,-6.78875,"0,271",10,0,0,-3,"37,735","3,402823466385289e+38","19,5313"
2026 02 20 11:40:21:646,-3.9334,-6.78875,"0,271",10,0,0,-3,"37,735","3,402823466385289e+38","3,9063"
2026 02 20 11:40:21:648,-3.9675,-6.78875,"0,271",10,0,0,-3,"37,735","3,402823466385289e+38","-3,9062"
2026 02 20 11:40:21:650,-3.9334,-6.70125,"0,271",10,0,0,-3,"37,735","3,402823466385289e+38",0
2026 02 20 11:40:21:652,-3.9675,-6.78875,"0,271",10,0,0,-3,"37,735","3,402823466385289e+38","3,9063"
2026 02 20 11:40:21:654,-3.9985,-6.70125,"0,271",10,0,0,-3,"37,735","3,402823466385289e+38","3,9063"
2026 02 20 11:40:21:656,-3.9675,-6.78875,"0,271",10,0,0,-3,"37,735","3,402823466385289e+38","7,8125"
2026 02 20 11:40:21:658,-3.9675,-6.70125,"0,271",10,0,0,-3,"37,735","3,402823466385289e+38","3,9063"
2026 02 20 11:40:21:660,-3.9675,-6.70125,"0,271",10,0,0,-3,"37,735","3,402823466385289e+38","7,8125"
2026 02 20 11:40:21:662,-3.9675,-6.78875,"0,271",10,0,0,-3,"37,735","3,402823466385289e+38","31,25"
2026 02 20 11:40:21:664,-3.9675,-6.78875,"0,271",10,0,0,-3,"37,735","3,402823466385289e+38","19,5313"
2026 02 20 11:40:21:666,-3.9985,-6.78875,"0,271",10,0,0,-3,"37,735","3,402823466385289e+38","3,9063"
2026 02 20 11:40:21:668,-3.9675,-6.78875,"0,271",10,0,0,-3,"37,735","3,402823466385289e+38","-7,8125"
2026 02 20 11:40:21:670,-3.9675,-6.78875,"0,271",10,0,0,-3,"37,735","3,402823466385289e+38",0
2026 02 20 11:40:21:672,-3.9675,-6.78875,"0,271",10,0,0,-3,"37,735","3,402823466385289e+38","7,8125"
2026 02 20 11:40:21:674,-3.9675,-6.78875,"0,271",10,0,0,-3,"37,735","3,402823466385289e+38","7,8125"
2026 02 20 11:40:21:676,-3.9675,-6.78875,"0,271",10,0,0,-3,"37,735","3,402823466385289e+38","7,8125"
2026 02 20 11:40:21:678,-3.9675,-6.70125,"0,271",10,0,0,-3,"37,735","3,402823466385289e+38","7,8125"
2026 02 20 11:40:21:680,-3.9675,-6.78875,"0,271",10,0,0,-3,"37,735","3,402823466385289e+38","7,8125"
2026 02 20 11:40:21:682,-3.9675,-6.78875,"0,271",10,0,0,-3,"37,735","3,402823466385289e+38","31,25"
2026 02 20 11:40:21:684,-3.9675,-6.78875,"0,271",10,0,0,-3,"37,735","3,402823466385289e+38","15,625"
2026 02 20 11:40:21:686,-3.9675,-6.78875,"0,271",10,0,0,-3,"37,735","3,402823466385289e+38","3,9063"
2026 02 20 11:40:21:688,-3.9675,-6.70125,"0,271",10,0,0,-3,"37,735","3,402823466385289e+38","-11,7187"
2026 02 20 11:40:21:690,-3.9675,-6.70125,"0,271",10,0,0,-3,"37,735","3,402823466385289e+38",0
2026 02 20 11:40:21:692,-3.9985,-6.78875,"0,271",10,0,0,-3,"37,735","3,402823466385289e+38","7,8125"
2026 02 20 11:40:21:694,-3.9675,-6.78875,"0,271",10,0,0,-3,"37,735","3,402823466385289e+38","3,9063"
2026 02 20 11:40:21:696,-3.9985,-6.70125,"0,271",10,0,0,-3,"37,735","3,402823466385289e+38","3,9063"
2026 02 20 11:40:21:698,-3.9675,-6.78875,"0,271",10,0,0,-3,"37,735","3,402823466385289e+38","3,9063"
2026 02 20 11:40:21:700,-3.9675,-6.70125,"0,271",10,0,0,-3,"37,735","3,402823466385289e+38","3,9063"
2026 02 20 11:40:21:702,-3.9675,-6.70125,"0,271",10,0,0,-3,"37,735","3,402823466385289e+38","27,3438"
2026 02 20 11:40:21:704,-3.9675,-6.78875,"0,271",10,0,0,-3,"37,735","3,402823466385289e+38","15,625"
2026 02 20 11:40:21:706,-3.9675,-6.70125,"0,271",10,0,0,-3,"37,735","3,402823466385289e+38","3,9063"
2026 02 20 11:40:21:708,-3.9985,-6.78875,"0,271",10,0,0,-3,"37,735","3,402823466385289e+38","-7,8125"
2026 02 20 11:40:21:710,-3.9675,-6.78875,"0,271",10,0,0,-3,"37,735","3,402823466385289e+38",0
2026 02 20 11:40:21:712,-3.9675,-6.70125,"0,271",10,0,0,-3,"37,735","3,402823466385289e+38","7,8125"
2026 02 20 11:40:21:714,-3.9985,-6.78875,"0,271",10,0,0,-3,"37,735","3,402823466385289e+38","3,9063"
2026 02 20 11:40:21:716,-3.9675,-6.78875,"0,271",10,0,0,-3,"37,735","3,402823466385289e+38","3,9063"
2026 02 20 11:40:21:718,-3.9675,-6.78875,"0,271",10,0,0,-3,"37,735","3,402823466385289e+38","3,9063"
2026 02 20 11:40:21:720,-3.9675,-6.78875,"0,271",10,0,0,-3,"37,735","3,402823466385289e+38","7,8125"
2026 02 20 11:40:21:722,-3.9675,-6.78875,"0,271",10,0,0,-3,"37,735","3,402823466385289e+38","31,25"
2026 02 20 11:40:21:724,-3.9675,-6.78875,"0,271",10,0,0,-3,"37,735","3,402823466385289e+38","15,625"
2026 02 20 11:40:21:726,-3.9675,-6.78875,"0,271",10,0,0,-3,"37,735","3,402823466385289e+38","3,9063"
2026 02 20 11:40:21:728,-3.9675,-6.78875,"0,271",10,0,0,-3,"37,735","3,402823466385289e+38","-11,7187"
2026 02 20 11:40:21:730,-3.9675,-6.78875,"0,271",10,0,0,-3,"37,735","3,402823466385289e+38","3,9063"
2026 02 20 11:40:21:732,-3.9675,-6.70125,"0,271",10,0,0,-3,"37,735","3,402823466385289e+38","7,8125"
2026 02 20 11:40:21:734,-3.9675,-6.78875,"0,271",10,0,0,-3,"37,735","3,402823466385289e+38","7,8125"
2026 02 20 11:40:21:736,-3.9675,-6.78875,"0,271",10,0,0,-3,"37,735","3,402823466385289e+38","7,8125"
2026 02 20 11:40:21:738,-3.9675,-6.70125,"0,271",10,0,0,-3,"37,735","3,402823466385289e+38","7,8125"
2026 02 20 11:40:21:740,-3.9985,-6.78875,"0,271",10,0,0,-3,"37,735","3,402823466385289e+38","7,8125"
2026 02 20 11:40:21:742,-3.9675,-6.78875,"0,271",10,0,0,-3,"37,735","3,402823466385289e+38","31,25"
2026 02 20 11:40:21:744,-3.9334,-6.87625,"0,271",10,0,0,-3,"37,735","3,402823466385289e+38","15,625"
2026 02 20 11:40:21:746,-3.9985,-6.87625,"0,271",10,0,0,-3,"37,735","3,402823466385289e+38","7,8125"
2026 02 20 11:40:21:748,-3.9675,-6.70125,"0,271",10,0,0,-3,"37,735","3,402823466385289e+38","-11,7187"
2026 02 20 11:40:21:750,-3.9985,-6.78875,"0,271",10,0,0,-3,"37,735","3,402823466385289e+38",0
2026 02 20 11:40:21:752,-3.9675,-6.70125,"0,271",10,0,0,-3,"37,735","3,402823466385289e+38","7,8125"
2026 02 20 11:40:21:754,-3.9675,-6.70125,"0,271",10,0,0,-3,"37,5824","3,402823466385289e+38","7,8125"
2026 02 20 11:40:21:756,-3.9675,-6.78875,"0,271",10,0,0,-3,"37,5824","3,402823466385289e+38","7,8125"
2026 02 20 11:40:21:758,-3.9334,-6.70125,"0,271",10,0,0,-3,"37,5824","3,402823466385289e+38","7,8125"
2026 02 20 11:40:21:760,-3.9985,-6.70125,"0,271",10,0,0,-3,"37,5824","3,402823466385289e+38","7,8125"
2026 02 20 11:40:21:762,-3.9985,-6.78875,"0,271",10,0,0,-3,"37,5824","3,402823466385289e+38","31,25"
2026 02 20 11:40:21:764,-3.9675,-6.70125,"0,271",10,0,0,-3,"37,5824","3,402823466385289e+38","19,5313"
2026 02 20 11:40:21:766,-3.9334,-6.78875,"0,271",10,0,0,-3,"37,5824","3,402823466385289e+38","7,8125"
2026 02 20 11:40:21:768,-3.9675,-6.78875,"0,271",10,0,0,-3,"37,5824","3,402823466385289e+38","-7,8125"
2026 02 20 11:40:21:770,-3.9675,-6.87625,"0,271",10,0,0,-3,"37,5824","3,402823466385289e+38","-3,9062"
2026 02 20 11:40:21:772,-3.9675,-6.78875,"0,271",10,0,0,-3,"37,5824","3,402823466385289e+38","7,8125"
2026 02 20 11:40:21:774,-3.9675,-6.78875,"0,271",10,0,0,-3,"37,5824","3,402823466385289e+38","3,9063"
2026 02 20 11:40:21:776,-3.9675,-6.78875,"0,271",10,0,0,-3,"37,5824","3,402823466385289e+38","7,8125"
2026 02 20 11:40:21:778,-3.9675,-6.70125,"0,271",10,0,0,-3,"37,5824","3,402823466385289e+38","7,8125"
2026 02 20 11:40:21:780,-3.9675,-6.70125,"0,271",10,0,0,-3,"37,5824","3,402823466385289e+38","7,8125"
2026 02 20 11:40:21:782,-3.9675,-6.78875,"0,271",10,0,0,-3,"37,5824","3,402823466385289e+38","31,25"
2026 02 20 11:40:21:784,-3.9675,-6.78875,"0,271",10,0,0,-3,"37,5824","3,402823466385289e+38","15,625"
2026 02 20 11:40:21:786,-3.9675,-6.78875,"0,271",10,0,0,-3,"37,5824","3,402823466385289e+38","3,9063"
2026 02 20 11:40:21:788,-3.9675,-6.78875,"0,271",10,0,0,-3,"37,5824","3,402823466385289e+38","-7,8125"
2026 02 20 11:40:21:790,-3.9985,-6.78875,"0,271",10,0,0,-3,"37,5824","3,402823466385289e+38",0
2026 02 20 11:40:21:792,-3.9675,-6.78875,"0,271",10,0,0,-3,"37,5824","3,402823466385289e+38","7,8125"
2026 02 20 11:40:21:794,-3.9675,-6.70125,"0,271",10,0,0,-3,"37,5824","3,402823466385289e+38","7,8125"
2026 02 20 11:40:21:796,-3.9675,-6.78875,"0,271",10,0,0,-3,"37,5824","3,402823466385289e+38","7,8125"
2026 02 20 11:40:21:798,-3.9675,-6.70125,"0,271",10,0,0,-3,"37,5824","3,402823466385289e+38","7,8125"
2026 02 20 11:40:21:800,-3.9675,-6.70125,"0,271",10,0,0,-3,"37,5824","3,402823466385289e+38","7,8125"
2026 02 20 11:40:21:802,-3.9985,-6.70125,"0,271",10,0,0,-3,"37,5824","3,402823466385289e+38","35,1563"
2026 02 20 11:40:21:804,-3.9675,-6.70125,"0,271",10,0,0,-3,"37,5824","3,402823466385289e+38","15,625"
2026 02 20 11:40:21:806,-3.9985,-6.70125,"0,271",10,0,0,-3,"37,5824","3,402823466385289e+38","3,9063"
2026 02 20 11:40:21:808,-3.9334,-6.70125,"0,271",10,0,0,-3,"37,5824","3,402823466385289e+38","-11,7187"
2026 02 20 11:40:21:810,-3.9334,-6.70125,"0,271",10,0,0,-3,"37,5824","3,402823466385289e+38","-3,9062"
2026 02 20 11:40:21:812,-3.9334,-6.70125,"0,271",10,0,0,-3,"37,5824","3,402823466385289e+38","3,9063"
2026 02 20 11:40:21:814,-3.9985,-6.78875,"0,271",10,0,0,-3,"37,5824","3,402823466385289e+38","3,9063"
2026 02 20 11:40:21:816,-3.9675,-6.70125,"0,271",10,0,0,-3,"37,5824","3,402823466385289e+38","3,9063"
2026 02 20 11:40:21:818,-3.9675,-6.78875,"0,271",10,0,0,-3,"37,5824","3,402823466385289e+38","7,8125"
2026 02 20 11:40:21:820,-3.9985,-6.70125,"0,271",10,0,0,-3,"37,5824","3,402823466385289e+38","7,8125"
2026 02 20 11:40:21:822,-3.9985,-6.78875,"0,271",10,0,0,-3,"37,5824","3,402823466385289e+38","31,25"
2026 02 20 11:40:21:824,-3.9985,-6.78875,"0,271",10,0,0,-3,"37,5824","3,402823466385289e+38","15,625"
2026 02 20 11:40:21:826,-3.9675,-6.78875,"0,271",10,0,0,-3,"37,5824","3,402823466385289e+38","3,9063"
2026 02 20 11:40:21:828,-3.9675,-6.78875,"0,271",10,0,0,-3,"37,5824","3,402823466385289e+38","-7,8125"
2026 02 20 11:40:21:830,-3.9675,-6.78875,"0,271",10,0,0,-3,"37,5824","3,402823466385289e+38",0
2026 02 20 11:40:21:832,-3.9675,-6.70125,"0,271",10,0,0,-3,"37,5824","3,402823466385289e+38","7,8125"
2026 02 20 11:40:21:834,-3.9334,-6.78875,"0,271",10,0,0,-3,"37,5824","3,402823466385289e+38","3,9063"
2026 02 20 11:40:21:836,-3.9334,-6.78875,"0,271",10,0,0,-3,"37,5824","3,402823466385289e+38","3,9063"
2026 02 20 11:40:21:838,-3.9334,-6.78875,"0,271",10,0,0,-3,"37,5824","3,402823466385289e+38","3,9063"
2026 02 20 11:40:21:840,-3.9675,-6.78875,"0,271",10,0,0,-3,"37,5824","3,402823466385289e+38","3,9063"
2026 02 20 11:40:21:842,-3.9675,-6.70125,"0,271",10,0,0,-3,"37,5824","3,402823466385289e+38","31,25"
2026 02 20 11:40:21:844,-3.9675,-6.70125,"0,271",10,0,0,-3,"37,5824","3,402823466385289e+38","15,625"
2026 02 20 11:40:21:846,-3.9675,-6.78875,"0,271",10,0,0,-3,"37,5824","3,402823466385289e+38","3,9063"
2026 02 20 11:40:21:848,-3.9675,-6.70125,"0,271",10,0,0,-3,"37,5824","3,402823466385289e+38","-7,8125"
2026 02 20 11:40:21:850,-3.9985,-6.70125,"0,271",10,0,0,-3,"37,5824","3,402823466385289e+38",0
2026 02 20 11:40:21:852,-3.9985,-6.78875,"0,271",10,0,0,-3,"37,5824","3,402823466385289e+38","3,9063"
2026 02 20 11:40:21:854,-3.9675,-6.78875,"0,271",10,0,0,-3,"37,5824","3,402823466385289e+38","3,9063"
2026 02 20 11:40:21:856,-3.9675,-6.70125,"0,271",10,0,0,-3,"37,5824","3,402823466385289e+38","7,8125"
2026 02 20 11:40:21:858,-3.9675,-6.78875,"0,271",10,0,0,-3,"37,5824","3,402823466385289e+38","3,9063"
2026 02 20 11:40:21:860,-3.9675,-6.78875,"0,271",10,0,0,-3,"37,5824","3,402823466385289e+38","7,8125"
2026 02 20 11:40:21:862,-3.9675,-6.78875,"0,271",10,0,0,-3,"37,5824","3,402823466385289e+38","35,1563"
2026 02 20 11:40:21:864,-3.9675,-6.78875,"0,271",10,0,0,-3,"37,5824","3,402823466385289e+38","15,625"
2026 02 20 11:40:21:866,-3.9675,-6.78875,"0,271",10,0,0,-3,"37,5824","3,402823466385289e+38","3,9063"
2026 02 20 11:40:21:868,-3.9985,-6.78875,"0,271",10,0,0,-3,"37,5824","3,402823466385289e+38","-11,7187"
2026 02 20 11:40:21:870,-3.9985,-6.70125,"0,271",10,0,0,-3,"37,5824","3,402823466385289e+38",0
2026 02 20 11:40:21:872,-3.9675,-6.78875,"0,271",10,0,0,-3,"37,5824","3,402823466385289e+38","7,8125"
2026 02 20 11:40:21:874,-3.9334,-6.87625,"0,271",10,0,0,-3,"37,5824","3,402823466385289e+38","3,9063"
2026 02 20 11:40:21:876,-3.9675,-6.87625,"0,271",10,0,0,-3,"37,5824","3,402823466385289e+38","7,8125"
2026 02 20 11:40:21:878,-3.9675,-6.78875,"0,271",10,0,0,-3,"37,5824","3,402823466385289e+38","3,9063"
2026 02 20 11:40:21:880,-3.9675,-6.70125,"0,271",10,0,0,-3,"37,5824","3,402823466385289e+38","7,8125"
2026 02 20 11:40:21:882,-3.9675,-6.78875,"0,271",10,0,0,-3,"37,5824","3,402823466385289e+38","31,25"
2026 02 20 11:40:21:884,-3.9985,-6.78875,"0,271",10,0,0,-3,"37,5824","3,402823466385289e+38","15,625"
2026 02 20 11:40:21:886,-3.9675,-6.78875,"0,271",10,0,0,-3,"37,5824","3,402823466385289e+38","3,9063"
2026 02 20 11:40:21:888,-3.9675,-6.78875,"0,271",10,0,0,-3,"37,5824","3,402823466385289e+38","-11,7187"
2026 02 20 11:40:21:890,-3.9334,-6.70125,"0,271",10,0,0,-3,"37,5824","3,402823466385289e+38",0
2026 02 20 11:40:21:892,-3.9675,-6.70125,"0,271",10,0,0,-3,"37,5824","3,402823466385289e+38","3,9063"
2026 02 20 11:40:21:894,-3.9675,-6.78875,"0,271",10,0,0,-3,"37,5824","3,402823466385289e+38","3,9063"
2026 02 20 11:40:21:896,-3.9675,-6.70125,"0,271",10,0,0,-3,"37,5824","3,402823466385289e+38","3,9063"
2026 02 20 11:40:21:898,-3.9675,-6.70125,"0,271",10,0,0,-3,"37,5824","3,402823466385289e+38","3,9063"
2026 02 20 11:40:21:900,-3.9334,-6.78875,"0,271",10,0,0,-3,"37,5824","3,402823466385289e+38","3,9063"
2026 02 20 11:40:21:902,-3.9334,-6.70125,"0,271",10,0,0,-3,"37,5824","3,402823466385289e+38","31,25"
2026 02 20 11:40:21:904,-3.9675,-6.70125,"0,271",10,0,0,-3,"37,5824","3,402823466385289e+38","15,625"
2026 02 20 11:40:21:906,-3.9675,-6.70125,"0,271",10,0,0,-3,"37,5824","3,402823466385289e+38","3,9063"
2026 02 20 11:40:21:908,-3.9675,-6.70125,"0,271",10,0,0,-3,"37,5824","3,402823466385289e+38","-11,7187"
2026 02 20 11:40:21:910,-3.9675,-6.78875,"0,271",10,0,0,-3,"37,5824","3,402823466385289e+38",0
2026 02 20 11:40:21:912,-3.9675,-6.78875,"0,271",10,0,0,-3,"37,5824","3,402823466385289e+38","3,9063"
2026 02 20 11:40:21:914,-3.9675,-6.78875,"0,271",10,0,0,-3,"37,5824","3,402823466385289e+38","3,9063"
2026 02 20 11:40:21:916,-3.9334,-6.78875,"0,271",10,0,0,-3,"37,5824","3,402823466385289e+38","3,9063"
2026 02 20 11:40:21:918,-3.9675,-6.70125,"0,271",10,0,0,-3,"37,5824","3,402823466385289e+38","3,9063"
2026 02 20 11:40:21:920,-3.9675,-6.78875,"0,271",10,0,0,-3,"37,5824","3,402823466385289e+38","3,9063"
2026 02 20 11:40:21:922,-3.9675,-6.70125,"0,271",10,0,0,-3,"37,5824","3,402823466385289e+38","31,25"
2026 02 20 11:40:21:924,-3.9675,-6.78875,"0,271",10,0,0,-3,"37,5824","3,402823466385289e+38","15,625"
2026 02 20 11:40:21:926,-3.9675,-6.70125,"0,271",10,0,0,-3,"37,5824","3,402823466385289e+38","3,9063"
2026 02 20 11:40:21:928,-3.9675,-6.78875,"0,271",10,0,0,-3,"37,5824","3,402823466385289e+38","-7,8125"
2026 02 20 11:40:21:930,-3.9675,-6.78875,"0,271",10,0,0,-3,"37,5824","3,402823466385289e+38",0
2026 02 20 11:40:21:932,-3.9985,-6.70125,"0,271",10,0,0,-3,"37,5824","3,402823466385289e+38","7,8125"
2026 02 20 11:40:21:934,-3.9675,-6.70125,"0,271",10,0,0,-3,"37,5824","3,402823466385289e+38","3,9063"
2026 02 20 11:40:21:936,-3.9334,-6.78875,"0,271",10,0,0,-3,"37,5824","3,402823466385289e+38","3,9063"
2026 02 20 11:40:21:938,-3.9985,-6.70125,"0,271",10,0,0,-3,"37,5824","3,402823466385289e+38","7,8125"
2026 02 20 11:40:21:940,-3.9675,-6.70125,"0,271",10,0,0,-3,"37,5824","3,402823466385289e+38","7,8125"
2026 02 20 11:40:21:942,-3.9985,-6.70125,"0,271",10,0,0,-3,"37,5824","3,402823466385289e+38","31,25"
2026 02 20 11:40:21:944,-3.9675,-6.70125,"0,271",10,0,0,-3,"37,5824","3,402823466385289e+38","15,625"
2026 02 20 11:40:21:946,-3.9675,-6.70125,"0,271",10,0,0,-3,"37,5824","3,402823466385289e+38",0
2026 02 20 11:40:21:948,-3.9675,-6.78875,"0,271",10,0,0,-3,"37,5824","3,402823466385289e+38","-11,7187"
2026 02 20 11:40:21:950,-3.9334,-6.70125,"0,271",10,0,0,-3,"37,5824","3,402823466385289e+38",0
2026 02 20 11:40:21:952,-3.9985,-6.87625,"0,271",10,0,0,-3,"37,5824","3,402823466385289e+38","7,8125"
2026 02 20 11:40:21:954,-3.9334,-6.70125,"0,271",10,0,0,-3,"37,5824","3,402823466385289e+38","3,9063"
2026 02 20 11:40:21:956,-3.9675,-6.70125,"0,271",10,0,0,-3,"37,5824","3,402823466385289e+38","7,8125"
2026 02 20 11:40:21:958,-3.9675,-6.78875,"0,271",10,0,0,-3,"37,5824","3,402823466385289e+38","3,9063"
2026 02 20 11:40:21:960,-3.9675,-6.78875,"0,271",10,0,0,-3,"37,5824","3,402823466385289e+38","7,8125"
2026 02 20 11:40:21:962,-3.9675,-6.78875,"0,271",10,0,0,-3,"37,5824","3,402823466385289e+38","31,25"
2026 02 20 11:40:21:964,-3.9675,-6.70125,"0,271",10,0,0,-3,"37,5824","3,402823466385289e+38","15,625"
2026 02 20 11:40:21:966,-3.9675,-6.78875,"0,271",10,0,0,-3,"37,5824","3,402823466385289e+38","3,9063"
2026 02 20 11:40:21:968,-3.9675,-6.78875,"0,271",10,0,0,-3,"37,5824","3,402823466385289e+38","-11,7187"
2026 02 20 11:40:21:970,-3.9675,-6.78875,"0,271",10,0,0,-3,"37,5824","3,402823466385289e+38",0
2026 02 20 11:40:21:972,-3.9675,-6.78875,"0,271",10,0,0,-3,"37,5824","3,402823466385289e+38","7,8125"
2026 02 20 11:40:21:974,-3.9985,-6.78875,"0,271",10,0,0,-3,"37,5824","3,402823466385289e+38","7,8125"
2026 02 20 11:40:21:976,-3.9675,-6.78875,"0,271",10,0,0,-3,"37,5824","3,402823466385289e+38","7,8125"
2026 02 20 11:40:21:978,-3.9675,-6.78875,"0,271",10,0,0,-3,"37,5824","3,402823466385289e+38","3,9063"
2026 02 20 11:40:21:980,-3.9675,-6.78875,"0,271",10,0,0,-3,"37,5824","3,402823466385289e+38","3,9063"
2026 02 20 11:40:21:982,-3.9334,-6.70125,"0,271",10,0,0,-3,"37,5824","3,402823466385289e+38","31,25"
2026 02 20 11:40:21:984,-3.9675,-6.78875,"0,271",10,0,0,-3,"37,5824","3,402823466385289e+38","15,625"
2026 02 20 11:40:21:986,-3.9334,-6.78875,"0,271",10,0,0,-3,"37,5824","3,402823466385289e+38","3,9063"
2026 02 20 11:40:21:988,-3.9675,-6.78875,"0,271",10,0,0,-3,"37,5824","3,402823466385289e+38","-11,7187"
2026 02 20 11:40:21:990,-3.9675,-6.78875,"0,271",10,0,0,-3,"37,5824","3,402823466385289e+38",0
2026 02 20 11:40:21:992,-3.9675,-6.70125,"0,271",10,0,0,-3,"37,5824","3,402823466385289e+38","7,8125"
2026 02 20 11:40:21:994,-3.9675,-6.70125,"0,271",10,0,0,-3,"37,5824","3,402823466385289e+38","3,9063"
2026 02 20 11:40:21:996,-3.9675,-6.78875,"0,271",10,0,0,-3,"37,5824","3,402823466385289e+38","7,8125"
2026 02 20 11:40:21:998,-3.9334,-6.78875,"0,271",10,0,0,-3,"37,5824","3,402823466385289e+38","3,9063"
2026 02 20 11:40:22:000,-3.9675,-6.78875,"0,271",10,0,0,-3,"37,5824","3,402823466385289e+38","7,8125"
2026 02 20 11:40:22:002,-3.9675,-6.78875,"0,271",10,0,0,-3,"37,5824","3,402823466385289e+38","31,25"
2026 02 20 11:40:22:004,-3.9675,-6.78875,"0,271",10,0,0,-3,"37,5824","3,402823466385289e+38","15,625"
2026 02 20 11:40:22:006,-3.9675,-6.78875,"0,271",10,0,0,-3,"37,5824","3,402823466385289e+38",0
2026 02 20 11:40:22:008,-3.9675,-6.78875,"0,271",10,0,0,-3,"37,5824","3,402823466385289e+38","-11,7187"
2026 02 20 11:40:22:010,-3.9985,-6.78875,"0,271",10,0,0,-3,"37,5824","3,402823466385289e+38",0
2026 02 20 11:40:22:012,-3.9985,-6.70125,"0,271",10,0,0,-3,"37,5824","3,402823466385289e+38","7,8125"
2026 02 20 11:40:22:014,-3.9675,-6.70125,"0,271",10,0,0,-3,"37,5824","3,402823466385289e+38","7,8125"
2026 02 20 11:40:22:016,-3.9675,-6.78875,"0,271",10,0,0,-3,"37,5824","3,402823466385289e+38","7,8125"
2026 02 20 11:40:22:018,-3.9675,-6.78875,"0,271",10,0,0,-3,"37,5824","3,402823466385289e+38","7,8125"
2026 02 20 11:40:22:020,-3.9675,-6.78875,"0,271",10,0,0,-3,"37,5824","3,402823466385289e+38","7,8125"
2026 02 20 11:40:22:022,-3.9675,-6.78875,"0,271",10,0,0,-3,"37,5824","3,402823466385289e+38","31,25"
2026 02 20 11:40:22:024,-3.9675,-6.78875,"0,271",10,0,0,-3,"37,5824","3,402823466385289e+38","15,625"
2026 02 20 11:40:22:026,-3.9675,-6.78875,"0,271",10,0,0,-3,"37,5824","3,402823466385289e+38","3,9063"
2026 02 20 11:40:22:028,-3.9675,-6.70125,"0,271",10,0,0,-3,"37,5824","3,402823466385289e+38","-7,8125"
2026 02 20 11:40:22:030,-3.9985,-6.78875,"0,271",10,0,0,-3,"37,5824","3,402823466385289e+38","-11,7187"
2026 02 20 11:40:22:032,-3.9675,-6.78875,"0,271",10,0,0,-3,"37,5824","3,402823466385289e+38","7,8125"
2026 02 20 11:40:22:034,-3.9334,-6.78875,"0,271",10,0,0,-3,"37,5824","3,402823466385289e+38","7,8125"
2026 02 20 11:40:22:036,-3.9985,-6.78875,"0,271",10,0,0,-3,"37,5824","3,402823466385289e+38","7,8125"
2026 02 20 11:40:22:038,-3.9675,-6.78875,"0,271",10,0,0,-3,"37,5824","3,402823466385289e+38","7,8125"
2026 02 20 11:40:22:040,-3.9985,-6.70125,"0,271",10,0,0,-3,"37,5824","3,402823466385289e+38","7,8125"
2026 02 20 11:40:22:042,-3.9675,-6.78875,"0,271",10,0,0,-3,"37,5824","3,402823466385289e+38","35,1563"
2026 02 20 11:40:22:044,-3.9675,-6.70125,"0,271",10,0,0,-3,"37,5824","3,402823466385289e+38","15,625"
2026 02 20 11:40:22:046,-3.9675,-6.70125,"0,271",10,0,0,-3,"37,5824","3,402823466385289e+38","3,9063"
2026 02 20 11:40:22:048,-3.9675,-6.70125,"0,271",10,0,0,-3,"37,5824","3,402823466385289e+38","-7,8125"
2026 02 20 11:40:22:050,-3.9675,-6.70125,"0,271",10,0,0,-3,"37,5824","3,402823466385289e+38","3,9063"
2026 02 20 11:40:22:052,-3.9675,-6.78875,"0,272",10,0,0,-3,"38,8947","3,402823466385289e+38","7,8125"
2026 02 20 11:40:22:054,-3.9675,-6.70125,"0,272",10,0,0,-3,"38,8947","3,402823466385289e+38","3,9063"
2026 02 20 11:40:22:056,-3.9675,-6.78875,"0,272",10,0,0,-3,"38,8947","3,402823466385289e+38","3,9063"
2026 02 20 11:40:22:058,-3.9334,-6.78875,"0,272",10,0,0,-3,"38,8947","3,402823466385289e+38","3,9063"
2026 02 20 11:40:22:060,-3.9334,-6.78875,"0,272",10,0,0,-3,"38,8947","3,402823466385289e+38","7,8125"
2026 02 20 11:40:22:062,-3.9675,-6.70125,"0,272",10,0,0,-3,"38,8947","3,402823466385289e+38","31,25"
2026 02 20 11:40:22:064,-3.9675,-6.78875,"0,272",10,0,0,-3,"38,8947","3,402823466385289e+38","15,625"
2026 02 20 11:40:22:066,-3.9675,-6.70125,"0,272",10,0,0,-3,"38,8947","3,402823466385289e+38","3,9063"
2026 02 20 11:40:22:068,-3.9675,-6.87625,"0,272",10,0,0,-3,"38,8947","3,402823466385289e+38","-7,8125"
2026 02 20 11:40:22:070,-3.9985,-6.78875,"0,272",10,0,0,-3,"38,8947","3,402823466385289e+38",0
2026 02 20 11:40:22:072,-3.9675,-6.78875,"0,272",10,0,0,-3,"38,8947","3,402823466385289e+38","7,8125"
2026 02 20 11:40:22:074,-3.9675,-6.78875,"0,272",10,0,0,-3,"38,8947","3,402823466385289e+38","3,9063"
2026 02 20 11:40:22:076,-3.9675,-6.70125,"0,272",10,0,0,-3,"38,8947","3,402823466385289e+38","7,8125"
2026 02 20 11:40:22:078,-3.9985,-6.78875,"0,272",10,0,0,-3,"38,8947","3,402823466385289e+38","3,9063"
2026 02 20 11:40:22:080,-3.9675,-6.78875,"0,272",10,0,0,-3,"38,8947","3,402823466385289e+38","7,8125"
2026 02 20 11:40:22:082,-3.9675,-6.70125,"0,272",10,0,0,-3,"38,8947","3,402823466385289e+38","31,25"
2026 02 20 11:40:22:084,-3.9985,-6.70125,"0,272",10,0,0,-3,"38,8947","3,402823466385289e+38","15,625"
2026 02 20 11:40:22:086,-3.9334,-6.78875,"0,272",10,0,0,-3,"38,8947","3,402823466385289e+38","3,9063"
2026 02 20 11:40:22:088,-3.9675,-6.78875,"0,272",10,0,0,-3,"38,8947","3,402823466385289e+38","-11,7187"
2026 02 20 11:40:22:090,-3.9675,-6.70125,"0,272",10,0,0,-3,"38,8947","3,402823466385289e+38",0
2026 02 20 11:40:22:092,-3.9334,-6.70125,"0,272",10,0,0,-3,"38,8947","3,402823466385289e+38","7,8125"
2026 02 20 11:40:22:094,-3.9675,-6.70125,"0,272",10,0,0,-3,"38,8947","3,402823466385289e+38","7,8125"
2026 02 20 11:40:22:096,-3.9675,-6.78875,"0,272",10,0,0,-3,"38,8947","3,402823466385289e+38","7,8125"
2026 02 20 11:40:22:098,-3.9675,-6.70125,"0,272",10,0,0,-3,"38,8947","3,402823466385289e+38","3,9063"
2026 02 20 11:40:22:100,-3.9985,-6.78875,"0,272",10,0,0,-3,"38,8947","3,402823466385289e+38","7,8125"
2026 02 20 11:40:22:102,-3.9675,-6.70125,"0,272",10,0,0,-3,"38,8947","3,402823466385289e+38","27,3438"
2026 02 20 11:40:22:104,-3.9675,-6.78875,"0,272",10,0,0,-3,"38,8947","3,402823466385289e+38","15,625"
2026 02 20 11:40:22:106,-3.9675,-6.70125,"0,272",10,0,0,-3,"38,8947","3,402823466385289e+38","3,9063"
2026 02 20 11:40:22:108,-3.9675,-6.78875,"0,272",10,0,0,-3,"38,8947","3,402823466385289e+38","-11,7187"
2026 02 20 11:40:22:110,-3.9675,-6.78875,"0,272",10,0,0,-3,"38,8947","3,402823466385289e+38",0
2026 02 20 11:40:22:112,-3.9334,-6.70125,"0,272",10,0,0,-3,"38,8947","3,402823466385289e+38","3,9063"
2026 02 20 11:40:22:114,-3.9675,-6.70125,"0,272",10,0,0,-3,"38,8947","3,402823466385289e+38","3,9063"
2026 02 20 11:40:22:116,-3.9985,-6.78875,"0,272",10,0,0,-3,"38,8947","3,402823466385289e+38","7,8125"
2026 02 20 11:40:22:118,-3.9675,-6.70125,"0,272",10,0,0,-3,"38,8947","3,402823466385289e+38","3,9063"
2026 02 20 11:40:22:120,-3.9675,-6.78875,"0,272",10,0,0,-3,"38,8947","3,402823466385289e+38","3,9063"
2026 02 20 11:40:22:122,-3.9334,-6.70125,"0,272",10,0,0,-3,"38,8947","3,402823466385289e+38","31,25"
2026 02 20 11:40:22:124,-3.9334,-6.78875,"0,272",10,0,0,-3,"38,8947","3,402823466385289e+38","15,625"
2026 02 20 11:40:22:126,-3.9675,-6.70125,"0,272",10,0,0,-3,"38,8947","3,402823466385289e+38","3,9063"
2026 02 20 11:40:22:128,-3.9675,-6.78875,"0,272",10,0,0,-3,"38,8947","3,402823466385289e+38","-11,7187"
2026 02 20 11:40:22:130,-3.9675,-6.78875,"0,272",10,0,0,-3,"38,8947","3,402823466385289e+38",0
2026 02 20 11:40:22:132,-3.9334,-6.70125,"0,272",10,0,0,-3,"38,8947","3,402823466385289e+38","3,9063"
2026 02 20 11:40:22:134,-3.9675,-6.87625,"0,272",10,0,0,-3,"38,8947","3,402823466385289e+38","3,9063"
2026 02 20 11:40:22:136,-3.9675,-6.78875,"0,272",10,0,0,-3,"38,8947","3,402823466385289e+38","3,9063"
2026 02 20 11:40:22:138,-3.9675,-6.70125,"0,272",10,0,0,-3,"38,8947","3,402823466385289e+38","3,9063"
2026 02 20 11:40:22:140,-3.9985,-6.70125,"0,272",10,0,0,-3,"38,8947","3,402823466385289e+38","7,8125"
2026 02 20 11:40:22:142,-3.9985,-6.70125,"0,272",10,0,0,-3,"38,8947","3,402823466385289e+38","31,25"
2026 02 20 11:40:22:144,-3.9675,-6.78875,"0,272",10,0,0,-3,"38,8947","3,402823466385289e+38","15,625"
2026 02 20 11:40:22:146,-3.9985,-6.70125,"0,272",10,0,0,-3,"38,8947","3,402823466385289e+38",0
2026 02 20 11:40:22:148,-3.9675,-6.70125,"0,272",10,0,0,-3,"38,8947","3,402823466385289e+38","-11,7187"
2026 02 20 11:40:22:150,-3.9985,-6.78875,"0,272",10,0,0,-3,"38,8947","3,402823466385289e+38","-3,9062"
2026 02 20 11:40:22:152,-3.9985,-6.70125,"0,272",10,0,0,-3,"38,8947","3,402823466385289e+38","3,9063"
2026 02 20 11:40:22:154,-3.9334,-6.70125,"0,272",10,0,0,-3,"38,8947","3,402823466385289e+38","3,9063"
2026 02 20 11:40:22:156,-3.9675,-6.70125,"0,272",10,0,0,-3,"38,8947","3,402823466385289e+38","3,9063"
2026 02 20 11:40:22:158,-3.9675,-6.78875,"0,272",10,0,0,-3,"38,8947","3,402823466385289e+38","3,9063"
2026 02 20 11:40:22:160,-3.9675,-6.70125,"0,272",10,0,0,-3,"38,8947","3,402823466385289e+38","7,8125"
2026 02 20 11:40:22:162,-3.9334,-6.70125,"0,272",10,0,0,-3,"38,8947","3,402823466385289e+38","31,25"
2026 02 20 11:40:22:164,-3.9675,-6.70125,"0,272",10,0,0,-3,"38,8947","3,402823466385289e+38","15,625"
2026 02 20 11:40:22:166,-3.9675,-6.78875,"0,272",10,0,0,-3,"38,8947","3,402823466385289e+38","3,9063"
2026 02 20 11:40:22:168,-3.9675,-6.70125,"0,272",10,0,0,-3,"38,8947","3,402823466385289e+38","-11,7187"
2026 02 20 11:40:22:170,-3.9675,-6.70125,"0,272",10,0,0,-3,"38,8947","3,402823466385289e+38","-3,9062"
2026 02 20 11:40:22:172,-3.9675,-6.78875,"0,272",10,0,0,-3,"38,8947","3,402823466385289e+38","7,8125"
2026 02 20 11:40:22:174,-3.9675,-6.70125,"0,272",10,0,0,-3,"38,8947","3,402823466385289e+38","3,9063"
2026 02 20 11:40:22:176,-3.9675,-6.78875,"0,272",10,0,0,-3,"38,8947","3,402823466385289e+38","7,8125"
2026 02 20 11:40:22:178,-3.9675,-6.70125,"0,272",10,0,0,-3,"38,8947","3,402823466385289e+38","3,9063"
2026 02 20 11:40:22:180,-3.9985,-6.70125,"0,272",10,0,0,-3,"38,8947","3,402823466385289e+38","3,9063"
2026 02 20 11:40:22:182,-3.9675,-6.87625,"0,272",10,0,0,-3,"38,8947","3,402823466385289e+38","27,3438"
2026 02 20 11:40:22:184,-3.9985,-6.78875,"0,272",10,0,0,-3,"38,8947","3,402823466385289e+38","15,625"
2026 02 20 11:40:22:186,-3.9985,-6.78875,"0,272",10,0,0,-3,"38,8947","3,402823466385289e+38","3,9063"
2026 02 20 11:40:22:188,-3.9334,-6.78875,"0,272",10,0,0,-3,"38,8947","3,402823466385289e+38","-11,7187"
2026 02 20 11:40:22:190,-3.9675,-6.78875,"0,272",10,0,0,-3,"38,8947","3,402823466385289e+38","-3,9062"
2026 02 20 11:40:22:192,-3.9675,-6.78875,"0,272",10,0,0,-3,"38,8947","3,402823466385289e+38","7,8125"
2026 02 20 11:40:22:194,-3.9334,-6.78875,"0,272",10,0,0,-3,"38,8947","3,402823466385289e+38","3,9063"
2026 02 20 11:40:22:196,-3.9675,-6.78875,"0,272",10,0,0,-3,"38,8947","3,402823466385289e+38","3,9063"
2026 02 20 11:40:22:198,-3.9985,-6.70125,"0,272",10,0,0,-3,"38,8947","3,402823466385289e+38","3,9063"
2026 02 20 11:40:22:200,-3.9675,-6.78875,"0,272",10,0,0,-3,"38,8947","3,402823466385289e+38","7,8125"
2026 02 20 11:40:22:202,-3.9675,-6.70125,"0,272",10,0,0,-3,"38,8947","3,402823466385289e+38","31,25"
2026 02 20 11:40:22:204,-3.9675,-6.78875,"0,272",10,0,0,-3,"38,8947","3,402823466385289e+38","15,625"
2026 02 20 11:40:22:206,-3.9675,-6.78875,"0,272",10,0,0,-3,"38,8947","3,402823466385289e+38","3,9063"
2026 02 20 11:40:22:208,-3.9675,-6.70125,"0,272",10,0,0,-3,"38,8947","3,402823466385289e+38","-7,8125"
2026 02 20 11:40:22:210,-3.9675,-6.70125,"0,272",10,0,0,-3,"38,8947","3,402823466385289e+38","-3,9062"
2026 02 20 11:40:22:212,-3.9675,-6.70125,"0,272",10,0,0,-3,"38,8947","3,402823466385289e+38","3,9063"
2026 02 20 11:40:22:214,-3.9675,-6.70125,"0,272",10,0,0,-3,"38,8947","3,402823466385289e+38","3,9063"
2026 02 20 11:40:22:216,-3.9675,-6.78875,"0,272",10,0,0,-3,"38,8947","3,402823466385289e+38","7,8125"
2026 02 20 11:40:22:218,-3.9675,-6.78875,"0,272",10,0,0,-3,"38,8947","3,402823466385289e+38","3,9063"
2026 02 20 11:40:22:220,-3.9675,-6.78875,"0,272",10,0,0,-3,"38,8947","3,402823466385289e+38","3,9063"
2026 02 20 11:40:22:222,-3.9675,-6.70125,"0,272",10,0,0,-3,"38,8947","3,402823466385289e+38","27,3438"
2026 02 20 11:40:22:224,-3.9675,-6.70125,"0,272",10,0,0,-3,"38,8947","3,402823466385289e+38","11,7188"
2026 02 20 11:40:22:226,-3.9675,-6.78875,"0,272",10,0,0,-3,"38,8947","3,402823466385289e+38",0
2026 02 20 11:40:22:228,-3.9675,-6.78875,"0,272",10,0,0,-3,"38,8947","3,402823466385289e+38","-11,7187"
2026 02 20 11:40:22:230,-3.9675,-6.70125,"0,272",10,0,0,-3,"38,8947","3,402823466385289e+38","-3,9062"
2026 02 20 11:40:22:232,-3.9675,-6.78875,"0,272",10,0,0,-3,"38,8947","3,402823466385289e+38","3,9063"
2026 02 20 11:40:22:234,-3.9675,-6.87625,"0,272",10,0,0,-3,"38,8947","3,402823466385289e+38","7,8125"
2026 02 20 11:40:22:236,-3.9675,-6.87625,"0,272",10,0,0,-3,"38,8947","3,402823466385289e+38","7,8125"
2026 02 20 11:40:22:238,-3.9985,-6.78875,"0,272",10,0,0,-3,"38,8947","3,402823466385289e+38","7,8125"
2026 02 20 11:40:22:240,-3.9334,-6.78875,"0,272",10,0,0,-3,"38,8947","3,402823466385289e+38","7,8125"
2026 02 20 11:40:22:242,-3.9675,-6.70125,"0,272",10,0,0,-3,"38,8947","3,402823466385289e+38","27,3438"
2026 02 20 11:40:22:244,-3.9675,-6.78875,"0,272",10,0,0,-3,"38,8947","3,402823466385289e+38","11,7188"
2026 02 20 11:40:22:246,-3.9985,-6.78875,"0,272",10,0,0,-3,"38,8947","3,402823466385289e+38","3,9063"
2026 02 20 11:40:22:248,-3.9675,-6.78875,"0,272",10,0,0,-3,"38,8947","3,402823466385289e+38","-11,7187"
2026 02 20 11:40:22:250,-3.9334,-6.70125,"0,272",10,0,0,-3,"38,8947","3,402823466385289e+38","-3,9062"
2026 02 20 11:40:22:252,-3.9675,-6.78875,"0,272",10,0,0,-3,"38,8947","3,402823466385289e+38","3,9063"
2026 02 20 11:40:22:254,-3.9675,-6.78875,"0,272",10,0,0,-3,"38,8947","3,402823466385289e+38","3,9063"
2026 02 20 11:40:22:256,-3.9675,-6.78875,"0,272",10,0,0,-3,"38,8947","3,402823466385289e+38","3,9063"
2026 02 20 11:40:22:258,-3.9675,-6.70125,"0,272",10,0,0,-3,"38,8947","3,402823466385289e+38","3,9063"
2026 02 20 11:40:22:260,-3.9675,-6.70125,"0,272",10,0,0,-3,"38,8947","3,402823466385289e+38","3,9063"
2026 02 20 11:40:22:262,-3.9675,-6.78875,"0,272",10,0,0,-3,"38,8947","3,402823466385289e+38","27,3438"
2026 02 20 11:40:22:264,-3.9985,-6.78875,"0,272",10,0,0,-3,"38,8947","3,402823466385289e+38","15,625"
2026 02 20 11:40:22:266,-3.9985,-6.70125,"0,272",10,0,0,-3,"38,8947","3,402823466385289e+38","3,9063"
2026 02 20 11:40:22:268,-3.9675,-6.78875,"0,272",10,0,0,-3,"38,8947","3,402823466385289e+38","-11,7187"
2026 02 20 11:40:22:270,-3.9675,-6.78875,"0,272",10,0,0,-3,"38,8947","3,402823466385289e+38","-3,9062"
2026 02 20 11:40:22:272,-3.9675,-6.70125,"0,272",10,0,0,-3,"38,8947","3,402823466385289e+38","7,8125"
2026 02 20 11:40:22:274,-3.9334,-6.78875,"0,272",10,0,0,-3,"38,8947","3,402823466385289e+38","3,9063"
2026 02 20 11:40:22:276,-3.9334,-6.87625,"0,272",10,0,0,-3,"38,8947","3,402823466385289e+38","3,9063"
2026 02 20 11:40:22:278,-3.9675,-6.78875,"0,272",10,0,0,-3,"38,8947","3,402823466385289e+38","3,9063"
2026 02 20 11:40:22:280,-3.9675,-6.70125,"0,272",10,0,0,-3,"38,8947","3,402823466385289e+38","3,9063"
2026 02 20 11:40:22:282,-3.9985,-6.78875,"0,272",10,0,0,-3,"38,8947","3,402823466385289e+38","27,3438"
2026 02 20 11:40:22:284,-3.9675,-6.78875,"0,272",10,0,0,-3,"38,8947","3,402823466385289e+38","11,7188"
2026 02 20 11:40:22:286,-3.9675,-6.78875,"0,272",10,0,0,-3,"38,8947","3,402823466385289e+38","3,9063"
2026 02 20 11:40:22:288,-3.9675,-6.78875,"0,272",10,0,0,-3,"38,8947","3,402823466385289e+38","-7,8125"
2026 02 20 11:40:22:290,-3.9675,-6.78875,"0,272",10,0,0,-3,"38,8947","3,402823466385289e+38",0
2026 02 20 11:40:22:292,-3.9334,-6.78875,"0,272",10,0,0,-3,"38,8947","3,402823466385289e+38","7,8125"
2026 02 20 11:40:22:294,-3.9675,-6.78875,"0,272",10,0,0,-3,"38,8947","3,402823466385289e+38","3,9063"
2026 02 20 11:40:22:296,-3.9675,-6.78875,"0,272",10,0,0,-3,"38,8947","3,402823466385289e+38","7,8125"
2026 02 20 11:40:22:298,-3.9675,-6.70125,"0,272",10,0,0,-3,"38,8947","3,402823466385289e+38","3,9063"
2026 02 20 11:40:22:300,-3.9675,-6.78875,"0,272",10,0,0,-3,"38,8947","3,402823466385289e+38","7,8125"
2026 02 20 11:40:22:302,-3.9675,-6.78875,"0,272",10,0,0,-3,"38,8947","3,402823466385289e+38","27,3438"
2026 02 20 11:40:22:304,-3.9985,-6.78875,"0,272",10,0,0,-3,"38,8947","3,402823466385289e+38","11,7188"
2026 02 20 11:40:22:306,-3.9675,-6.78875,"0,272",10,0,0,-3,"38,8947","3,402823466385289e+38","3,9063"
2026 02 20 11:40:22:308,-3.9675,-6.70125,"0,272",10,0,0,-3,"38,8947","3,402823466385289e+38","-11,7187"
2026 02 20 11:40:22:310,-3.9675,-6.78875,"0,272",10,0,0,-3,"38,8947","3,402823466385289e+38","-3,9062"
2026 02 20 11:40:22:312,-3.9675,-6.70125,"0,272",10,0,0,-3,"38,8947","3,402823466385289e+38","7,8125"
2026 02 20 11:40:22:314,-3.9675,-6.78875,"0,272",10,0,0,-3,"38,8947","3,402823466385289e+38","3,9063"
2026 02 20 11:40:22:316,-3.9675,-6.78875,"0,272",10,0,0,-3,"38,8947","3,402823466385289e+38","3,9063"
2026 02 20 11:40:22:318,-3.9985,-6.78875,"0,272",10,0,0,-3,"38,8947","3,402823466385289e+38","3,9063"
2026 02 20 11:40:22:320,-3.9985,-6.78875,"0,272",10,0,0,-3,"38,8947","3,402823466385289e+38","7,8125"
2026 02 20 11:40:22:322,-3.9675,-6.70125,"0,272",10,0,0,-3,"38,8947","3,402823466385289e+38","27,3438"
2026 02 20 11:40:22:324,-3.9675,-6.78875,"0,272",10,0,0,-3,"38,8947","3,402823466385289e+38","15,625"
2026 02 20 11:40:22:326,-3.9675,-6.78875,"0,272",10,0,0,-3,"38,8947","3,402823466385289e+38","3,9063"
2026 02 20 11:40:22:328,-3.9675,-6.78875,"0,272",10,0,0,-3,"38,8947","3,402823466385289e+38","-11,7187"
2026 02 20 11:40:22:330,-3.9334,-6.87625,"0,272",10,0,0,-3,"38,8947","3,402823466385289e+38","-3,9062"
2026 02 20 11:40:22:332,-3.9334,-6.78875,"0,272",10,0,0,-3,"38,8947","3,402823466385289e+38","3,9063"
2026 02 20 11:40:22:334,-3.9675,-6.87625,"0,272",10,0,0,-3,"38,8947","3,402823466385289e+38","3,9063"
2026 02 20 11:40:22:336,-3.9334,-6.70125,"0,272",10,0,0,-3,"38,8947","3,402823466385289e+38","3,9063"
2026 02 20 11:40:22:338,-3.9985,-6.78875,"0,272",10,0,0,-3,"38,8947","3,402823466385289e+38","3,9063"
2026 02 20 11:40:22:340,-3.9675,-6.78875,"0,272",10,0,0,-3,"38,8947","3,402823466385289e+38","7,8125"
2026 02 20 11:40:22:342,-3.9675,-6.78875,"0,272",10,0,0,-3,"38,8947","3,402823466385289e+38","27,3438"
2026 02 20 11:40:22:344,-3.9675,-6.70125,"0,272",10,0,0,-3,"38,8947","3,402823466385289e+38","15,625"
2026 02 20 11:40:22:346,-3.9675,-6.70125,"0,272",10,0,0,-3,"38,8947","3,402823466385289e+38","3,9063"
2026 02 20 11:40:22:348,-3.9985,-6.78875,"0,272",10,0,0,-3,"38,8947","3,402823466385289e+38","-7,8125"
2026 02 20 11:40:22:350,-3.9675,-6.70125,"0,272",10,0,0,-3,"38,8947","3,402823466385289e+38",0
2026 02 20 11:40:22:352,-3.9334,-6.78875,"0,272",10,0,0,-3,"38,8947","3,402823466385289e+38","7,8125"
2026 02 20 11:40:22:354,-3.9675,-6.78875,"0,272",10,0,0,-3,"39,2609","3,402823466385289e+38","7,8125"
2026 02 20 11:40:22:356,-3.9675,-6.78875,"0,272",10,0,0,-3,"39,2609","3,402823466385289e+38","7,8125"
2026 02 20 11:40:22:358,-3.9675,-6.78875,"0,272",10,0,0,-3,"39,2609","3,402823466385289e+38","7,8125"
2026 02 20 11:40:22:360,-3.9675,-6.78875,"0,272",10,0,0,-3,"39,2609","3,402823466385289e+38","7,8125"
2026 02 20 11:40:22:362,-3.9675,-6.87625,"0,272",10,0,0,-3,"39,2609","3,402823466385289e+38","27,3438"
2026 02 20 11:40:22:364,-3.9675,-6.87625,"0,272",10,0,0,-3,"39,2609","3,402823466385289e+38","15,625"
2026 02 20 11:40:22:366,-3.9334,-6.70125,"0,272",10,0,0,-3,"39,2609","3,402823466385289e+38","3,9063"
2026 02 20 11:40:22:368,-3.9675,-6.87625,"0,272",10,0,0,-3,"39,2609","3,402823466385289e+38","-11,7187"
2026 02 20 11:40:22:370,-3.9985,-6.87625,"0,272",10,0,0,-3,"39,2609","3,402823466385289e+38","-3,9062"
2026 02 20 11:40:22:372,-3.9675,-6.78875,"0,272",10,0,0,-3,"39,2609","3,402823466385289e+38","7,8125"
2026 02 20 11:40:22:374,-3.9334,-6.78875,"0,272",10,0,0,-3,"39,2609","3,402823466385289e+38","7,8125"
2026 02 20 11:40:22:376,-3.9675,-6.78875,"0,272",10,0,0,-3,"39,2609","3,402823466385289e+38","7,8125"
2026 02 20 11:40:22:378,-4.0295,-6.78875,"0,272",10,0,0,-3,"39,2609","3,402823466385289e+38","7,8125"
2026 02 20 11:40:22:380,-3.9675,-6.70125,"0,272",10,0,0,-3,"39,2609","3,402823466385289e+38","7,8125"
2026 02 20 11:40:22:382,-3.9675,-6.70125,"0,272",10,0,0,-3,"39,2609","3,402823466385289e+38","27,3438"
2026 02 20 11:40:22:384,-3.9675,-6.78875,"0,272",10,0,0,-3,"39,2609","3,402823466385289e+38","15,625"
2026 02 20 11:40:22:386,-3.9675,-6.78875,"0,272",10,0,0,-3,"39,2609","3,402823466385289e+38","3,9063"
2026 02 20 11:40:22:388,-3.9985,-6.78875,"0,272",10,0,0,-3,"39,2609","3,402823466385289e+38","-7,8125"
2026 02 20 11:40:22:390,-3.9675,-6.78875,"0,272",10,0,0,-3,"39,2609","3,402823466385289e+38","-3,9062"
2026 02 20 11:40:22:392,-3.9675,-6.70125,"0,272",10,0,0,-3,"39,2609","3,402823466385289e+38","7,8125"
2026 02 20 11:40:22:394,-3.9675,-6.78875,"0,272",10,0,0,-3,"39,2609","3,402823466385289e+38","3,9063"
2026 02 20 11:40:22:396,-3.9675,-6.70125,"0,272",10,0,0,-3,"39,2609","3,402823466385289e+38","7,8125"
2026 02 20 11:40:22:398,-3.9675,-6.78875,"0,272",10,0,0,-3,"39,2609","3,402823466385289e+38","3,9063"
2026 02 20 11:40:22:400,-3.9675,-6.70125,"0,272",10,0,0,-3,"39,2609","3,402823466385289e+38","3,9063"
2026 02 20 11:40:22:402,-3.9675,-6.70125,"0,272",10,0,0,-3,"39,2609","3,402823466385289e+38","27,3438"
2026 02 20 11:40:22:404,-3.9334,-6.78875,"0,272",10,0,0,-3,"39,2609","3,402823466385289e+38","15,625"
2026 02 20 11:40:22:406,-3.9985,-6.70125,"0,272",10,0,0,-3,"39,2609","3,402823466385289e+38","3,9063"
2026 02 20 11:40:22:408,-3.9675,-6.78875,"0,272",10,0,0,-3,"39,2609","3,402823466385289e+38","-11,7187"
2026 02 20 11:40:22:410,-3.9675,-6.70125,"0,272",10,0,0,-3,"39,2609","3,402823466385289e+38","-7,8125"
2026 02 20 11:40:22:412,-3.9675,-6.70125,"0,272",10,0,0,-3,"39,2609","3,402823466385289e+38","3,9063"
2026 02 20 11:40:22:414,-3.9675,-6.78875,"0,272",10,0,0,-3,"39,2609","3,402823466385289e+38","3,9063"
2026 02 20 11:40:22:416,-3.9675,-6.78875,"0,272",10,0,0,-3,"39,2609","3,402823466385289e+38","7,8125"
2026 02 20 11:40:22:418,-3.9675,-6.78875,"0,272",10,0,0,-3,"39,2609","3,402823466385289e+38","3,9063"
2026 02 20 11:40:22:420,-3.9334,-6.78875,"0,272",10,0,0,-3,"39,2609","3,402823466385289e+38","7,8125"
2026 02 20 11:40:22:422,-3.9675,-6.78875,"0,272",10,0,0,-3,"39,2609","3,402823466385289e+38","27,3438"
2026 02 20 11:40:22:424,-3.9675,-6.78875,"0,272",10,0,0,-3,"39,2609","3,402823466385289e+38","11,7188"
2026 02 20 11:40:22:426,-3.9985,-6.78875,"0,272",10,0,0,-3,"39,2609","3,402823466385289e+38","3,9063"
2026 02 20 11:40:22:428,-3.9675,-6.78875,"0,272",10,0,0,-3,"39,2609","3,402823466385289e+38","-7,8125"
2026 02 20 11:40:22:430,-3.9675,-6.61375,"0,272",10,0,0,-3,"39,2609","3,402823466385289e+38","-3,9062"
2026 02 20 11:40:22:432,-3.9985,-6.70125,"0,272",10,0,0,-3,"39,2609","3,402823466385289e+38","7,8125"
2026 02 20 11:40:22:434,-3.9675,-6.78875,"0,272",10,0,0,-3,"39,2609","3,402823466385289e+38","7,8125"
2026 02 20 11:40:22:436,-3.9675,-6.78875,"0,272",10,0,0,-3,"39,2609","3,402823466385289e+38","7,8125"
2026 02 20 11:40:22:438,-3.9675,-6.70125,"0,272",10,0,0,-3,"39,2609","3,402823466385289e+38","7,8125"
2026 02 20 11:40:22:440,-3.9675,-6.70125,"0,272",10,0,0,-3,"39,2609","3,402823466385289e+38","7,8125"
2026 02 20 11:40:22:442,-3.9985,-6.70125,"0,272",10,0,0,-3,"39,2609","3,402823466385289e+38","27,3438"
2026 02 20 11:40:22:444,-3.9675,-6.78875,"0,272",10,0,0,-3,"39,2609","3,402823466385289e+38","15,625"
2026 02 20 11:40:22:446,-3.9675,-6.78875,"0,272",10,0,0,-3,"39,2609","3,402823466385289e+38",0
2026 02 20 11:40:22:448,-3.9675,-6.78875,"0,272",10,0,0,-3,"39,2609","3,402823466385289e+38","-11,7187"
2026 02 20 11:40:22:450,-3.9675,-6.78875,"0,272",10,0,0,-3,"39,2609","3,402823466385289e+38","-11,7187"
2026 02 20 11:40:22:452,-3.9334,-6.70125,"0,272",10,0,0,-3,"39,2609","3,402823466385289e+38","7,8125"
2026 02 20 11:40:22:454,-3.9675,-6.70125,"0,272",10,0,0,-3,"39,2609","3,402823466385289e+38","7,8125"
2026 02 20 11:40:22:456,-3.9675,-6.78875,"0,272",10,0,0,-3,"39,2609","3,402823466385289e+38","7,8125"
2026 02 20 11:40:22:458,-3.9675,-6.78875,"0,272",10,0,0,-3,"39,2609","3,402823466385289e+38","7,8125"
2026 02 20 11:40:22:460,-3.9675,-6.78875,"0,272",10,0,0,-3,"39,2609","3,402823466385289e+38","7,8125"
2026 02 20 11:40:22:462,-3.9675,-6.78875,"0,272",10,0,0,-3,"39,2609","3,402823466385289e+38","23,4375"
2026 02 20 11:40:22:464,-3.9675,-6.70125,"0,272",10,0,0,-3,"39,2609","3,402823466385289e+38","15,625"
2026 02 20 11:40:22:466,-3.9675,-6.78875,"0,272",10,0,0,-3,"39,2609","3,402823466385289e+38","3,9063"
2026 02 20 11:40:22:468,-3.9985,-6.70125,"0,272",10,0,0,-3,"39,2609","3,402823466385289e+38","-11,7187"
2026 02 20 11:40:22:470,-3.9675,-6.78875,"0,272",10,0,0,-3,"39,2609","3,402823466385289e+38","-7,8125"
2026 02 20 11:40:22:472,-3.9675,-6.78875,"0,272",10,0,0,-3,"39,2609","3,402823466385289e+38","3,9063"
2026 02 20 11:40:22:474,-3.9334,-6.78875,"0,272",10,0,0,-3,"39,2609","3,402823466385289e+38","3,9063"
2026 02 20 11:40:22:476,-3.9985,-6.78875,"0,272",10,0,0,-3,"39,2609","3,402823466385289e+38","3,9063"
2026 02 20 11:40:22:478,-3.9675,-6.78875,"0,272",10,0,0,-3,"39,2609","3,402823466385289e+38","3,9063"
2026 02 20 11:40:22:480,-3.9675,-6.78875,"0,272",10,0,0,-3,"39,2609","3,402823466385289e+38","3,9063"
2026 02 20 11:40:22:482,-3.9675,-6.70125,"0,272",10,0,0,-3,"39,2609","3,402823466385289e+38","23,4375"
2026 02 20 11:40:22:484,-3.9675,-6.78875,"0,272",10,0,0,-3,"39,2609","3,402823466385289e+38","15,625"
2026 02 20 11:40:22:486,-3.9675,-6.78875,"0,272",10,0,0,-3,"39,2609","3,402823466385289e+38","3,9063"
2026 02 20 11:40:22:488,-3.9675,-6.78875,"0,272",10,0,0,-3,"39,2609","3,402823466385289e+38","-11,7187"
2026 02 20 11:40:22:490,-3.9675,-6.70125,"0,272",10,0,0,-3,"39,2609","3,402823466385289e+38","-7,8125"
2026 02 20 11:40:22:492,-3.9675,-6.78875,"0,272",10,0,0,-3,"39,2609","3,402823466385289e+38","3,9063"
2026 02 20 11:40:22:494,-3.9334,-6.78875,"0,272",10,0,0,-3,"39,2609","3,402823466385289e+38","3,9063"
2026 02 20 11:40:22:496,-3.9675,-6.87625,"0,272",10,0,0,-3,"39,2609","3,402823466385289e+38","3,9063"
2026 02 20 11:40:22:498,-3.9985,-6.78875,"0,272",10,0,0,-3,"39,2609","3,402823466385289e+38","3,9063"
2026 02 20 11:40:22:500,-3.9985,-6.70125,"0,272",10,0,0,-3,"39,2609","3,402823466385289e+38","7,8125"
2026 02 20 11:40:22:502,-3.9675,-6.70125,"0,272",10,0,0,-3,"39,2609","3,402823466385289e+38","27,3438"
2026 02 20 11:40:22:504,-3.9675,-6.78875,"0,272",10,0,0,-3,"39,2609","3,402823466385289e+38","11,7188"
2026 02 20 11:40:22:506,-3.9985,-6.70125,"0,272",10,0,0,-3,"39,2609","3,402823466385289e+38",0
2026 02 20 11:40:22:508,-3.9675,-6.70125,"0,272",10,0,0,-3,"39,2609","3,402823466385289e+38","-11,7187"
2026 02 20 11:40:22:510,-3.9675,-6.78875,"0,272",10,0,0,-3,"39,2609","3,402823466385289e+38","-7,8125"
2026 02 20 11:40:22:512,-3.9985,-6.70125,"0,272",10,0,0,-3,"39,2609","3,402823466385289e+38","7,8125"
2026 02 20 11:40:22:514,-3.9334,-6.70125,"0,272",10,0,0,-3,"39,2609","3,402823466385289e+38","7,8125"
2026 02 20 11:40:22:516,-3.9675,-6.78875,"0,272",10,0,0,-3,"39,2609","3,402823466385289e+38","7,8125"
2026 02 20 11:40:22:518,-3.9675,-6.70125,"0,272",10,0,0,-3,"39,2609","3,402823466385289e+38","3,9063"
2026 02 20 11:40:22:520,-3.9675,-6.78875,"0,272",10,0,0,-3,"39,2609","3,402823466385289e+38","7,8125"
2026 02 20 11:40:22:522,-3.9985,-6.78875,"0,272",10,0,0,-3,"39,2609","3,402823466385289e+38","27,3438"
2026 02 20 11:40:22:524,-3.9675,-6.78875,"0,272",10,0,0,-3,"39,2609","3,402823466385289e+38","11,7188"
2026 02 20 11:40:22:526,-3.9985,-6.78875,"0,272",10,0,0,-3,"39,2609","3,402823466385289e+38","3,9063"
2026 02 20 11:40:22:528,-3.9675,-6.78875,"0,272",10,0,0,-3,"39,2609","3,402823466385289e+38","-11,7187"
2026 02 20 11:40:22:530,-3.9675,-6.70125,"0,272",10,0,0,-3,"39,2609","3,402823466385289e+38",0
2026 02 20 11:40:22:532,-3.9334,-6.70125,"0,272",10,0,0,-3,"39,2609","3,402823466385289e+38","3,9063"
2026 02 20 11:40:22:534,-3.9985,-6.78875,"0,272",10,0,0,-3,"39,2609","3,402823466385289e+38","7,8125"
2026 02 20 11:40:22:536,-3.9675,-6.70125,"0,272",10,0,0,-3,"39,2609","3,402823466385289e+38","7,8125"
2026 02 20 11:40:22:538,-3.9675,-6.78875,"0,272",10,0,0,-3,"39,2609","3,402823466385289e+38","7,8125"
2026 02 20 11:40:22:540,-3.9675,-6.78875,"0,272",10,0,0,-3,"39,2609","3,402823466385289e+38","7,8125"
2026 02 20 11:40:22:542,-3.9985,-6.70125,"0,272",10,0,0,-3,"39,2609","3,402823466385289e+38","23,4375"
2026 02 20 11:40:22:544,-3.9334,-6.78875,"0,272",10,0,0,-3,"39,2609","3,402823466385289e+38","15,625"
2026 02 20 11:40:22:546,-3.9675,-6.70125,"0,272",10,0,0,-3,"39,2609","3,402823466385289e+38","3,9063"
2026 02 20 11:40:22:548,-3.9675,-6.78875,"0,272",10,0,0,-3,"39,2609","3,402823466385289e+38","-7,8125"
2026 02 20 11:40:22:550,-3.9985,-6.70125,"0,272",10,0,0,-3,"39,2609","3,402823466385289e+38","-7,8125"
2026 02 20 11:40:22:552,-3.9675,-6.70125,"0,272",10,0,0,-3,"39,2609","3,402823466385289e+38","3,9063"
2026 02 20 11:40:22:554,-3.9675,-6.78875,"0,272",10,0,0,-3,"39,2609","3,402823466385289e+38","3,9063"
2026 02 20 11:40:22:556,-3.9675,-6.70125,"0,272",10,0,0,-3,"39,2609","3,402823466385289e+38","3,9063"
2026 02 20 11:40:22:558,-3.9675,-6.70125,"0,272",10,0,0,-3,"39,2609","3,402823466385289e+38","3,9063"
2026 02 20 11:40:22:560,-3.9985,-6.78875,"0,272",10,0,0,-3,"39,2609","3,402823466385289e+38","7,8125"
2026 02 20 11:40:22:562,-3.9675,-6.78875,"0,272",10,0,0,-3,"39,2609","3,402823466385289e+38","23,4375"
2026 02 20 11:40:22:564,-3.9675,-6.78875,"0,272",10,0,0,-3,"39,2609","3,402823466385289e+38","15,625"
2026 02 20 11:40:22:566,-3.9675,-6.70125,"0,272",10,0,0,-3,"39,2609","3,402823466385289e+38","3,9063"
2026 02 20 11:40:22:568,-3.9985,-6.78875,"0,272",10,0,0,-3,"39,2609","3,402823466385289e+38","-7,8125"
2026 02 20 11:40:22:570,-3.9675,-6.78875,"0,272",10,0,0,-3,"39,2609","3,402823466385289e+38","-7,8125"
2026 02 20 11:40:22:572,-3.9675,-6.78875,"0,272",10,0,0,-3,"39,2609","3,402823466385289e+38","3,9063"
2026 02 20 11:40:22:574,-3.9675,-6.78875,"0,272",10,0,0,-3,"39,2609","3,402823466385289e+38","3,9063"
2026 02 20 11:40:22:576,-3.9985,-6.78875,"0,272",10,0,0,-3,"39,2609","3,402823466385289e+38","7,8125"
2026 02 20 11:40:22:578,-3.9675,-6.78875,"0,272",10,0,0,-3,"39,2609","3,402823466385289e+38","3,9063"
2026 02 20 11:40:22:580,-3.9334,-6.70125,"0,272",10,0,0,-3,"39,2609","3,402823466385289e+38","7,8125"
2026 02 20 11:40:22:582,-3.9675,-6.78875,"0,272",10,0,0,-3,"39,2609","3,402823466385289e+38","23,4375"
2026 02 20 11:40:22:584,-3.9675,-6.70125,"0,272",10,0,0,-3,"39,2609","3,402823466385289e+38","15,625"
2026 02 20 11:40:22:586,-3.9675,-6.78875,"0,272",10,0,0,-3,"39,2609","3,402823466385289e+38",0
2026 02 20 11:40:22:588,-3.9675,-6.70125,"0,272",10,0,0,-3,"39,2609","3,402823466385289e+38","-15,625"
2026 02 20 11:40:22:590,-3.9675,-6.78875,"0,272",10,0,0,-3,"39,2609","3,402823466385289e+38","-11,7187"
2026 02 20 11:40:22:592,-3.9985,-6.70125,"0,272",10,0,0,-3,"39,2609","3,402823466385289e+38","3,9063"
2026 02 20 11:40:22:594,-3.9675,-6.78875,"0,272",10,0,0,-3,"39,2609","3,402823466385289e+38","3,9063"
2026 02 20 11:40:22:596,-3.9675,-6.70125,"0,272",10,0,0,-3,"39,2609","3,402823466385289e+38","3,9063"
2026 02 20 11:40:22:598,-3.9675,-6.70125,"0,272",10,0,0,-3,"39,2609","3,402823466385289e+38","3,9063"
2026 02 20 11:40:22:600,-3.9334,-6.78875,"0,272",10,0,0,-3,"39,2609","3,402823466385289e+38","3,9063"
2026 02 20 11:40:22:602,-3.9675,-6.78875,"0,272",10,0,0,-3,"39,2609","3,402823466385289e+38","23,4375"
2026 02 20 11:40:22:604,-3.9334,-6.70125,"0,272",10,0,0,-3,"39,2609","3,402823466385289e+38","15,625"
2026 02 20 11:40:22:606,-3.9675,-6.78875,"0,272",10,0,0,-3,"39,2609","3,402823466385289e+38",0
2026 02 20 11:40:22:608,-3.9675,-6.78875,"0,272",10,0,0,-3,"39,2609","3,402823466385289e+38","-11,7187"
2026 02 20 11:40:22:610,-3.9985,-6.70125,"0,272",10,0,0,-3,"39,2609","3,402823466385289e+38",0
2026 02 20 11:40:22:612,-3.9675,-6.78875,"0,272",10,0,0,-3,"39,2609","3,402823466385289e+38","7,8125"
2026 02 20 11:40:22:614,-3.9675,-6.70125,"0,272",10,0,0,-3,"39,2609","3,402823466385289e+38","7,8125"
2026 02 20 11:40:22:616,-3.9675,-6.70125,"0,272",10,0,0,-3,"39,2609","3,402823466385289e+38","7,8125"
2026 02 20 11:40:22:618,-3.9675,-6.78875,"0,272",10,0,0,-3,"39,2609","3,402823466385289e+38","3,9063"
2026 02 20 11:40:22:620,-3.9675,-6.78875,"0,272",10,0,0,-3,"39,2609","3,402823466385289e+38","7,8125"
2026 02 20 11:40:22:622,-3.9675,-6.70125,"0,272",10,0,0,-3,"39,2609","3,402823466385289e+38","23,4375"
2026 02 20 11:40:22:624,-3.9675,-6.78875,"0,272",10,0,0,-3,"39,2609","3,402823466385289e+38","15,625"
2026 02 20 11:40:22:626,-3.9675,-6.78875,"0,272",10,0,0,-3,"39,2609","3,402823466385289e+38","3,9063"
2026 02 20 11:40:22:628,-3.9334,-6.78875,"0,272",10,0,0,-3,"39,2609","3,402823466385289e+38","-11,7187"
2026 02 20 11:40:22:630,-3.9675,-6.78875,"0,272",10,0,0,-3,"39,2609","3,402823466385289e+38","-7,8125"
2026 02 20 11:40:22:632,-3.9985,-6.78875,"0,272",10,0,0,-3,"39,2609","3,402823466385289e+38","7,8125"
2026 02 20 11:40:22:634,-3.9675,-6.78875,"0,272",10,0,0,-3,"39,2609","3,402823466385289e+38","7,8125"
2026 02 20 11:40:22:636,-3.9675,-6.78875,"0,272",10,0,0,-3,"39,2609","3,402823466385289e+38","7,8125"
2026 02 20 11:40:22:638,-3.9675,-6.78875,"0,272",10,0,0,-3,"39,2609","3,402823466385289e+38","7,8125"
2026 02 20 11:40:22:640,-3.9675,-6.70125,"0,272",10,0,0,-3,"39,2609","3,402823466385289e+38","7,8125"
2026 02 20 11:40:22:642,-3.9675,-6.78875,"0,272",10,0,0,-3,"39,2609","3,402823466385289e+38","27,3438"
2026 02 20 11:40:22:644,-3.9675,-6.78875,"0,272",10,0,0,-3,"39,2609","3,402823466385289e+38","15,625"
2026 02 20 11:40:22:646,-3.9675,-6.78875,"0,272",10,0,0,-3,"39,2609","3,402823466385289e+38","3,9063"
2026 02 20 11:40:22:648,-3.9675,-6.70125,"0,272",10,0,0,-3,"39,2609","3,402823466385289e+38","-7,8125"
2026 02 20 11:40:22:650,-3.9675,-6.78875,"0,272",10,0,0,-3,"39,2609","3,402823466385289e+38",0
2026 02 20 11:40:22:652,-3.9675,-6.70125,"0,272",10,0,0,-3,"39,2609","3,402823466385289e+38","7,8125"
2026 02 20 11:40:22:654,-3.9985,-6.78875,"0,274",10,0,0,-3,"39,3066","3,402823466385289e+38","7,8125"
2026 02 20 11:40:22:656,-3.9985,-6.78875,"0,274",10,0,0,-3,"39,3066","3,402823466385289e+38","7,8125"
2026 02 20 11:40:22:658,-3.9675,-6.78875,"0,274",10,0,0,-3,"39,3066","3,402823466385289e+38","3,9063"
2026 02 20 11:40:22:660,-3.9675,-6.70125,"0,274",10,0,0,-3,"39,3066","3,402823466385289e+38","7,8125"
2026 02 20 11:40:22:662,-3.9334,-6.78875,"0,274",10,0,0,-3,"39,3066","3,402823466385289e+38","27,3438"
2026 02 20 11:40:22:664,-3.9675,-6.78875,"0,274",10,0,0,-3,"39,3066","3,402823466385289e+38","15,625"
2026 02 20 11:40:22:666,-3.9675,-6.78875,"0,274",10,0,0,-3,"39,3066","3,402823466385289e+38",0
2026 02 20 11:40:22:668,-3.9675,-6.78875,"0,274",10,0,0,-3,"39,3066","3,402823466385289e+38","-11,7187"
2026 02 20 11:40:22:670,-3.9334,-6.78875,"0,274",10,0,0,-3,"39,3066","3,402823466385289e+38","-7,8125"
2026 02 20 11:40:22:672,-3.9675,-6.78875,"0,274",10,0,0,-3,"39,3066","3,402823466385289e+38","7,8125"
2026 02 20 11:40:22:674,-3.9675,-6.78875,"0,274",10,0,0,-3,"39,3066","3,402823466385289e+38","7,8125"
2026 02 20 11:40:22:676,-3.9675,-6.70125,"0,274",10,0,0,-3,"39,3066","3,402823466385289e+38","7,8125"
2026 02 20 11:40:22:678,-3.9675,-6.78875,"0,274",10,0,0,-3,"39,3066","3,402823466385289e+38","3,9063"
2026 02 20 11:40:22:680,-3.9985,-6.78875,"0,274",10,0,0,-3,"39,3066","3,402823466385289e+38","7,8125"
2026 02 20 11:40:22:682,-3.9675,-6.78875,"0,274",10,0,0,-3,"39,3066","3,402823466385289e+38","23,4375"
2026 02 20 11:40:22:684,-3.9675,-6.78875,"0,274",10,0,0,-3,"39,3066","3,402823466385289e+38","15,625"
2026 02 20 11:40:22:686,-3.9675,-6.78875,"0,274",10,0,0,-3,"39,3066","3,402823466385289e+38","3,9063"
2026 02 20 11:40:22:688,-3.9985,-6.78875,"0,274",10,0,0,-3,"39,3066","3,402823466385289e+38","-11,7187"
2026 02 20 11:40:22:690,-3.9675,-6.78875,"0,274",10,0,0,-3,"39,3066","3,402823466385289e+38","-11,7187"
2026 02 20 11:40:22:692,-3.9675,-6.78875,"0,274",10,0,0,-3,"39,3066","3,402823466385289e+38","7,8125"
2026 02 20 11:40:22:694,-3.9675,-6.78875,"0,274",10,0,0,-3,"39,3066","3,402823466385289e+38","3,9063"
2026 02 20 11:40:22:696,-3.9334,-6.70125,"0,274",10,0,0,-3,"39,3066","3,402823466385289e+38","7,8125"
2026 02 20 11:40:22:698,-3.9334,-6.70125,"0,274",10,0,0,-3,"39,3066","3,402823466385289e+38","7,8125"
2026 02 20 11:40:22:700,-3.9675,-6.70125,"0,274",10,0,0,-3,"39,3066","3,402823466385289e+38","3,9063"
2026 02 20 11:40:22:702,-3.9334,-6.70125,"0,274",10,0,0,-3,"39,3066","3,402823466385289e+38","23,4375"
2026 02 20 11:40:22:704,-3.9334,-6.78875,"0,274",10,0,0,-3,"39,3066","3,402823466385289e+38","15,625"
2026 02 20 11:40:22:706,-3.9675,-6.70125,"0,274",10,0,0,-3,"39,3066","3,402823466385289e+38","3,9063"
2026 02 20 11:40:22:708,-3.9675,-6.78875,"0,274",10,0,0,-3,"39,3066","3,402823466385289e+38","-11,7187"
2026 02 20 11:40:22:710,-3.9675,-6.70125,"0,274",10,0,0,-3,"39,3066","3,402823466385289e+38","-11,7187"
2026 02 20 11:40:22:712,-3.9675,-6.78875,"0,274",10,0,0,-3,"39,3066","3,402823466385289e+38","3,9063"
2026 02 20 11:40:22:714,-3.9675,-6.78875,"0,274",10,0,0,-3,"39,3066","3,402823466385289e+38","3,9063"
2026 02 20 11:40:22:716,-3.9985,-6.70125,"0,274",10,0,0,-3,"39,3066","3,402823466385289e+38","7,8125"
2026 02 20 11:40:22:718,-3.9675,-6.78875,"0,274",10,0,0,-3,"39,3066","3,402823466385289e+38","3,9063"
2026 02 20 11:40:22:720,-3.9334,-6.78875,"0,274",10,0,0,-3,"39,3066","3,402823466385289e+38","7,8125"
2026 02 20 11:40:22:722,-3.9675,-6.78875,"0,274",10,0,0,-3,"39,3066","3,402823466385289e+38","23,4375"
2026 02 20 11:40:22:724,-3.9675,-6.78875,"0,274",10,0,0,-3,"39,3066","3,402823466385289e+38","15,625"
2026 02 20 11:40:22:726,-3.9675,-6.78875,"0,274",10,0,0,-3,"39,3066","3,402823466385289e+38",0
2026 02 20 11:40:22:728,-3.9675,-6.78875,"0,274",10,0,0,-3,"39,3066","3,402823466385289e+38","-11,7187"
2026 02 20 11:40:22:730,-3.9334,-6.78875,"0,274",10,0,0,-3,"39,3066","3,402823466385289e+38","-11,7187"
2026 02 20 11:40:22:732,-3.9334,-6.78875,"0,274",10,0,0,-3,"39,3066","3,402823466385289e+38","7,8125"
2026 02 20 11:40:22:734,-4.0295,-6.78875,"0,274",10,0,0,-3,"39,3066","3,402823466385289e+38","7,8125"
2026 02 20 11:40:22:736,-3.9675,-6.78875,"0,274",10,0,0,-3,"39,3066","3,402823466385289e+38","7,8125"
2026 02 20 11:40:22:738,-3.9985,-6.78875,"0,274",10,0,0,-3,"39,3066","3,402823466385289e+38","3,9063"
2026 02 20 11:40:22:740,-3.9675,-6.70125,"0,274",10,0,0,-3,"39,3066","3,402823466385289e+38","7,8125"
2026 02 20 11:40:22:742,-3.9675,-6.70125,"0,274",10,0,0,-3,"39,3066","3,402823466385289e+38","23,4375"
2026 02 20 11:40:22:744,-3.9675,-6.78875,"0,274",10,0,0,-3,"39,3066","3,402823466385289e+38","11,7188"
2026 02 20 11:40:22:746,-3.9334,-6.78875,"0,274",10,0,0,-3,"39,3066","3,402823466385289e+38",0
2026 02 20 11:40:22:748,-3.9675,-6.78875,"0,274",10,0,0,-3,"39,3066","3,402823466385289e+38","-11,7187"
2026 02 20 11:40:22:750,-3.9675,-6.87625,"0,274",10,0,0,-3,"39,3066","3,402823466385289e+38","-11,7187"
2026 02 20 11:40:22:752,-3.9334,-6.70125,"0,274",10,0,0,-3,"39,3066","3,402823466385289e+38","7,8125"
2026 02 20 11:40:22:754,-3.9675,-6.78875,"0,274",10,0,0,-3,"39,3066","3,402823466385289e+38","3,9063"
2026 02 20 11:40:22:756,-3.9675,-6.78875,"0,274",10,0,0,-3,"39,3066","3,402823466385289e+38","7,8125"
2026 02 20 11:40:22:758,-3.9985,-6.70125,"0,274",10,0,0,-3,"39,3066","3,402823466385289e+38","3,9063"
2026 02 20 11:40:22:760,-3.9675,-6.78875,"0,274",10,0,0,-3,"39,3066","3,402823466385289e+38","7,8125"
2026 02 20 11:40:22:762,-3.9675,-6.87625,"0,274",10,0,0,-3,"39,3066","3,402823466385289e+38","23,4375"
2026 02 20 11:40:22:764,-3.9334,-6.78875,"0,274",10,0,0,-3,"39,3066","3,402823466385289e+38","11,7188"
2026 02 20 11:40:22:766,-3.9675,-6.78875,"0,274",10,0,0,-3,"39,3066","3,402823466385289e+38","3,9063"
2026 02 20 11:40:22:768,-3.9334,-6.70125,"0,274",10,0,0,-3,"39,3066","3,402823466385289e+38","-11,7187"
2026 02 20 11:40:22:770,-3.9675,-6.70125,"0,274",10,0,0,-3,"39,3066","3,402823466385289e+38","-15,625"
2026 02 20 11:40:22:772,-3.9985,-6.70125,"0,274",10,0,0,-3,"39,3066","3,402823466385289e+38","3,9063"
2026 02 20 11:40:22:774,-3.9675,-6.78875,"0,274",10,0,0,-3,"39,3066","3,402823466385289e+38","7,8125"
2026 02 20 11:40:22:776,-3.9675,-6.78875,"0,274",10,0,0,-3,"39,3066","3,402823466385289e+38","7,8125"
2026 02 20 11:40:22:778,-3.9985,-6.78875,"0,274",10,0,0,-3,"39,3066","3,402823466385289e+38","3,9063"
2026 02 20 11:40:22:780,-3.9675,-6.78875,"0,274",10,0,0,-3,"39,3066","3,402823466385289e+38","3,9063"
2026 02 20 11:40:22:782,-3.9675,-6.78875,"0,274",10,0,0,-3,"39,3066","3,402823466385289e+38","23,4375"
2026 02 20 11:40:22:784,-3.9675,-6.70125,"0,274",10,0,0,-3,"39,3066","3,402823466385289e+38","11,7188"
2026 02 20 11:40:22:786,-3.9675,-6.78875,"0,274",10,0,0,-3,"39,3066","3,402823466385289e+38",0
2026 02 20 11:40:22:788,-3.9675,-6.78875,"0,274",10,0,0,-3,"39,3066","3,402823466385289e+38","-11,7187"
2026 02 20 11:40:22:790,-3.9675,-6.70125,"0,274",10,0,0,-3,"39,3066","3,402823466385289e+38","-11,7187"
2026 02 20 11:40:22:792,-3.9675,-6.78875,"0,274",10,0,0,-3,"39,3066","3,402823466385289e+38","7,8125"
2026 02 20 11:40:22:794,-3.9675,-6.70125,"0,274",10,0,0,-3,"39,3066","3,402823466385289e+38","3,9063"
2026 02 20 11:40:22:796,-3.9675,-6.70125,"0,274",10,0,0,-3,"39,3066","3,402823466385289e+38","3,9063"
2026 02 20 11:40:22:798,-3.9675,-6.70125,"0,274",10,0,0,-3,"39,3066","3,402823466385289e+38","3,9063"
2026 02 20 11:40:22:800,-3.9675,-6.78875,"0,274",10,0,0,-3,"39,3066","3,402823466385289e+38","7,8125"
2026 02 20 11:40:22:802,-3.9675,-6.78875,"0,274",10,0,0,-3,"39,3066","3,402823466385289e+38","23,4375"
2026 02 20 11:40:22:804,-3.9675,-6.78875,"0,274",10,0,0,-3,"39,3066","3,402823466385289e+38","11,7188"
2026 02 20 11:40:22:806,-3.9985,-6.70125,"0,274",10,0,0,-3,"39,3066","3,402823466385289e+38",0
2026 02 20 11:40:22:808,-3.9675,-6.78875,"0,274",10,0,0,-3,"39,3066","3,402823466385289e+38","-11,7187"
2026 02 20 11:40:22:810,-3.9675,-6.70125,"0,274",10,0,0,-3,"39,3066","3,402823466385289e+38","-11,7187"
2026 02 20 11:40:22:812,-3.9675,-6.70125,"0,274",10,0,0,-3,"39,3066","3,402823466385289e+38","3,9063"
2026 02 20 11:40:22:814,-3.9675,-6.78875,"0,274",10,0,0,-3,"39,3066","3,402823466385289e+38","3,9063"
2026 02 20 11:40:22:816,-3.9675,-6.78875,"0,274",10,0,0,-3,"39,3066","3,402823466385289e+38","3,9063"
2026 02 20 11:40:22:818,-3.9675,-6.78875,"0,274",10,0,0,-3,"39,3066","3,402823466385289e+38","3,9063"
2026 02 20 11:40:22:820,-3.9675,-6.70125,"0,274",10,0,0,-3,"39,3066","3,402823466385289e+38","7,8125"
2026 02 20 11:40:22:822,-3.9334,-6.78875,"0,274",10,0,0,-3,"39,3066","3,402823466385289e+38","23,4375"
2026 02 20 11:40:22:824,-3.9334,-6.70125,"0,274",10,0,0,-3,"39,3066","3,402823466385289e+38","11,7188"
2026 02 20 11:40:22:826,-3.9675,-6.70125,"0,274",10,0,0,-3,"39,3066","3,402823466385289e+38",0
2026 02 20 11:40:22:828,-3.9675,-6.78875,"0,274",10,0,0,-3,"39,3066","3,402823466385289e+38","-11,7187"
2026 02 20 11:40:22:830,-3.9675,-6.78875,"0,274",10,0,0,-3,"39,3066","3,402823466385289e+38","-11,7187"
2026 02 20 11:40:22:832,-3.9675,-6.70125,"0,274",10,0,0,-3,"39,3066","3,402823466385289e+38","7,8125"
2026 02 20 11:40:22:834,-3.9985,-6.70125,"0,274",10,0,0,-3,"39,3066","3,402823466385289e+38","3,9063"
2026 02 20 11:40:22:836,-3.9675,-6.78875,"0,274",10,0,0,-3,"39,3066","3,402823466385289e+38","3,9063"
2026 02 20 11:40:22:838,-3.9675,-6.78875,"0,274",10,0,0,-3,"39,3066","3,402823466385289e+38","3,9063"
2026 02 20 11:40:22:840,-3.9675,-6.78875,"0,274",10,0,0,-3,"39,3066","3,402823466385289e+38","7,8125"
2026 02 20 11:40:22:842,-3.9675,-6.70125,"0,274",10,0,0,-3,"39,3066","3,402823466385289e+38","23,4375"
2026 02 20 11:40:22:844,-3.9675,-6.78875,"0,274",10,0,0,-3,"39,3066","3,402823466385289e+38","11,7188"
2026 02 20 11:40:22:846,-3.9675,-6.78875,"0,274",10,0,0,-3,"39,3066","3,402823466385289e+38",0
2026 02 20 11:40:22:848,-3.9675,-6.70125,"0,274",10,0,0,-3,"39,3066","3,402823466385289e+38","-11,7187"
2026 02 20 11:40:22:850,-3.9675,-6.78875,"0,274",10,0,0,-3,"39,3066","3,402823466385289e+38","-11,7187"
2026 02 20 11:40:22:852,-3.9675,-6.70125,"0,274",10,0,0,-3,"39,3066","3,402823466385289e+38","3,9063"
2026 02 20 11:40:22:854,-3.9334,-6.61375,"0,274",10,0,0,-3,"39,3066","3,402823466385289e+38","3,9063"
2026 02 20 11:40:22:856,-3.9675,-6.70125,"0,274",10,0,0,-3,"39,3066","3,402823466385289e+38","3,9063"
2026 02 20 11:40:22:858,-3.9675,-6.78875,"0,274",10,0,0,-3,"39,3066","3,402823466385289e+38","3,9063"
2026 02 20 11:40:22:860,-3.9675,-6.78875,"0,274",10,0,0,-3,"39,3066","3,402823466385289e+38","7,8125"
2026 02 20 11:40:22:862,-3.9675,-6.70125,"0,274",10,0,0,-3,"39,3066","3,402823466385289e+38","23,4375"
2026 02 20 11:40:22:864,-3.9334,-6.70125,"0,274",10,0,0,-3,"39,3066","3,402823466385289e+38","11,7188"
2026 02 20 11:40:22:866,-3.9675,-6.70125,"0,274",10,0,0,-3,"39,3066","3,402823466385289e+38",0
2026 02 20 11:40:22:868,-3.9334,-6.70125,"0,274",10,0,0,-3,"39,3066","3,402823466385289e+38","-11,7187"
2026 02 20 11:40:22:870,-3.9985,-6.70125,"0,274",10,0,0,-3,"39,3066","3,402823466385289e+38","-15,625"
2026 02 20 11:40:22:872,-3.9675,-6.78875,"0,274",10,0,0,-3,"39,3066","3,402823466385289e+38","7,8125"
2026 02 20 11:40:22:874,-3.9985,-6.78875,"0,274",10,0,0,-3,"39,3066","3,402823466385289e+38","7,8125"
2026 02 20 11:40:22:876,-3.9675,-6.78875,"0,274",10,0,0,-3,"39,3066","3,402823466385289e+38","7,8125"
2026 02 20 11:40:22:878,-3.9675,-6.78875,"0,274",10,0,0,-3,"39,3066","3,402823466385289e+38","3,9063"
2026 02 20 11:40:22:880,-3.9675,-6.78875,"0,274",10,0,0,-3,"39,3066","3,402823466385289e+38","7,8125"
2026 02 20 11:40:22:882,-3.9334,-6.78875,"0,274",10,0,0,-3,"39,3066","3,402823466385289e+38","27,3438"
2026 02 20 11:40:22:884,-3.9675,-6.78875,"0,274",10,0,0,-3,"39,3066","3,402823466385289e+38","11,7188"
2026 02 20 11:40:22:886,-3.9675,-6.78875,"0,274",10,0,0,-3,"39,3066","3,402823466385289e+38","-3,9062"
2026 02 20 11:40:22:888,-3.9675,-6.78875,"0,274",10,0,0,-3,"39,3066","3,402823466385289e+38","-11,7187"
2026 02 20 11:40:22:890,-3.9675,-6.78875,"0,274",10,0,0,-3,"39,3066","3,402823466385289e+38","-15,625"
2026 02 20 11:40:22:892,-3.9675,-6.87625,"0,274",10,0,0,-3,"39,3066","3,402823466385289e+38","7,8125"
2026 02 20 11:40:22:894,-3.9675,-6.70125,"0,274",10,0,0,-3,"39,3066","3,402823466385289e+38","3,9063"
2026 02 20 11:40:22:896,-3.9675,-6.78875,"0,274",10,0,0,-3,"39,3066","3,402823466385289e+38","3,9063"
2026 02 20 11:40:22:898,-3.9675,-6.70125,"0,274",10,0,0,-3,"39,3066","3,402823466385289e+38","3,9063"
2026 02 20 11:40:22:900,-3.9675,-6.70125,"0,274",10,0,0,-3,"39,3066","3,402823466385289e+38","7,8125"
2026 02 20 11:40:22:902,-3.9675,-6.78875,"0,274",10,0,0,-3,"39,3066","3,402823466385289e+38","23,4375"
2026 02 20 11:40:22:904,-3.9334,-6.78875,"0,274",10,0,0,-3,"39,3066","3,402823466385289e+38","11,7188"
2026 02 20 11:40:22:906,-3.9675,-6.70125,"0,274",10,0,0,-3,"39,3066","3,402823466385289e+38",0
2026 02 20 11:40:22:908,-3.9675,-6.70125,"0,274",10,0,0,-3,"39,3066","3,402823466385289e+38","-11,7187"
2026 02 20 11:40:22:910,-3.9675,-6.70125,"0,274",10,0,0,-3,"39,3066","3,402823466385289e+38","-15,625"
2026 02 20 11:40:22:912,-3.9675,-6.70125,"0,274",10,0,0,-3,"39,3066","3,402823466385289e+38","3,9063"
2026 02 20 11:40:22:914,-3.9675,-6.78875,"0,274",10,0,0,-3,"39,3066","3,402823466385289e+38","7,8125"
2026 02 20 11:40:22:916,-3.9675,-6.87625,"0,274",10,0,0,-3,"39,3066","3,402823466385289e+38","7,8125"
2026 02 20 11:40:22:918,-3.9675,-6.78875,"0,274",10,0,0,-3,"39,3066","3,402823466385289e+38","3,9063"
2026 02 20 11:40:22:920,-3.9985,-6.70125,"0,274",10,0,0,-3,"39,3066","3,402823466385289e+38","7,8125"
2026 02 20 11:40:22:922,-3.9334,-6.70125,"0,274",10,0,0,-3,"39,3066","3,402823466385289e+38","23,4375"
2026 02 20 11:40:22:924,-3.9985,-6.70125,"0,274",10,0,0,-3,"39,3066","3,402823466385289e+38","11,7188"
2026 02 20 11:40:22:926,-3.9675,-6.70125,"0,274",10,0,0,-3,"39,3066","3,402823466385289e+38","3,9063"
2026 02 20 11:40:22:928,-3.9675,-6.78875,"0,274",10,0,0,-3,"39,3066","3,402823466385289e+38","-11,7187"
2026 02 20 11:40:22:930,-3.9675,-6.78875,"0,274",10,0,0,-3,"39,3066","3,402823466385289e+38","-11,7187"
2026 02 20 11:40:22:932,-3.9675,-6.70125,"0,274",10,0,0,-3,"39,3066","3,402823466385289e+38","7,8125"
2026 02 20 11:40:22:934,-3.9675,-6.70125,"0,274",10,0,0,-3,"39,3066","3,402823466385289e+38","7,8125"
2026 02 20 11:40:22:936,-3.9675,-6.70125,"0,274",10,0,0,-3,"39,3066","3,402823466385289e+38","7,8125"
2026 02 20 11:40:22:938,-3.9334,-6.70125,"0,274",10,0,0,-3,"39,3066","3,402823466385289e+38","7,8125"
2026 02 20 11:40:22:940,-3.9675,-6.78875,"0,274",10,0,0,-3,"39,3066","3,402823466385289e+38","7,8125"
2026 02 20 11:40:22:942,-3.9675,-6.78875,"0,274",10,0,0,-3,"39,3066","3,402823466385289e+38","27,3438"
2026 02 20 11:40:22:944,-3.9675,-6.70125,"0,274",10,0,0,-3,"39,3066","3,402823466385289e+38","11,7188"
2026 02 20 11:40:22:946,-3.9675,-6.70125,"0,274",10,0,0,-3,"39,3066","3,402823466385289e+38",0
2026 02 20 11:40:22:948,-3.9334,-6.70125,"0,274",10,0,0,-3,"39,3066","3,402823466385289e+38","-15,625"
2026 02 20 11:40:22:950,-3.9675,-6.70125,"0,274",10,0,0,-3,"39,3066","3,402823466385289e+38","-11,7187"
2026 02 20 11:40:22:952,-3.9675,-6.70125,"0,274",10,0,0,-3,"39,3066","3,402823466385289e+38","7,8125"
2026 02 20 11:40:22:954,-3.9985,-6.78875,"0,274",10,0,0,-3,"38,208","3,402823466385289e+38","7,8125"
2026 02 20 11:40:22:956,-3.9985,-6.70125,"0,274",10,0,0,-3,"38,208","3,402823466385289e+38","7,8125"
2026 02 20 11:40:22:958,-3.9675,-6.70125,"0,274",10,0,0,-3,"38,208","3,402823466385289e+38","7,8125"
2026 02 20 11:40:22:960,-3.9334,-6.78875,"0,274",10,0,0,-3,"38,208","3,402823466385289e+38","7,8125"
2026 02 20 11:40:22:962,-3.9675,-6.78875,"0,274",10,0,0,-3,"38,208","3,402823466385289e+38","23,4375"
2026 02 20 11:40:22:964,-3.9675,-6.78875,"0,274",10,0,0,-3,"38,208","3,402823466385289e+38","11,7188"
2026 02 20 11:40:22:966,-3.9675,-6.78875,"0,274",10,0,0,-3,"38,208","3,402823466385289e+38",0
2026 02 20 11:40:22:968,-3.9675,-6.78875,"0,274",10,0,0,-3,"38,208","3,402823466385289e+38","-11,7187"
2026 02 20 11:40:22:970,-3.9985,-6.78875,"0,274",10,0,0,-3,"38,208","3,402823466385289e+38","-15,625"
2026 02 20 11:40:22:972,-3.9675,-6.78875,"0,274",10,0,0,-3,"38,208","3,402823466385289e+38","7,8125"
2026 02 20 11:40:22:974,-3.9675,-6.70125,"0,274",10,0,0,-3,"38,208","3,402823466385289e+38","3,9063"
2026 02 20 11:40:22:976,-3.9675,-6.78875,"0,274",10,0,0,-3,"38,208","3,402823466385289e+38","7,8125"
2026 02 20 11:40:22:978,-3.9675,-6.78875,"0,274",10,0,0,-3,"38,208","3,402823466385289e+38","3,9063"
2026 02 20 11:40:22:980,-3.9675,-6.70125,"0,274",10,0,0,-3,"38,208","3,402823466385289e+38","11,7188"
2026 02 20 11:40:22:982,-3.9675,-6.78875,"0,274",10,0,0,-3,"38,208","3,402823466385289e+38","23,4375"
2026 02 20 11:40:22:984,-3.9675,-6.78875,"0,274",10,0,0,-3,"38,208","3,402823466385289e+38","11,7188"
2026 02 20 11:40:22:986,-3.9675,-6.78875,"0,274",10,0,0,-3,"38,208","3,402823466385289e+38",0
2026 02 20 11:40:22:988,-3.9675,-6.78875,"0,274",10,0,0,-3,"38,208","3,402823466385289e+38","-11,7187"
2026 02 20 11:40:22:990,-3.9985,-6.78875,"0,274",10,0,0,-3,"38,208","3,402823466385289e+38","-15,625"
2026 02 20 11:40:22:992,-3.9985,-6.78875,"0,274",10,0,0,-3,"38,208","3,402823466385289e+38","7,8125"
2026 02 20 11:40:22:994,-3.9675,-6.78875,"0,274",10,0,0,-3,"38,208","3,402823466385289e+38","3,9063"
2026 02 20 11:40:22:996,-3.9675,-6.78875,"0,274",10,0,0,-3,"38,208","3,402823466385289e+38","7,8125"
2026 02 20 11:40:22:998,-3.9334,-6.70125,"0,274",10,0,0,-3,"38,208","3,402823466385289e+38","7,8125"
2026 02 20 11:40:23:000,-3.9675,-6.70125,"0,274",10,0,0,-3,"38,208","3,402823466385289e+38","7,8125"
2026 02 20 11:40:23:002,-3.9985,-6.78875,"0,274",10,0,0,-3,"38,208","3,402823466385289e+38","23,4375"
2026 02 20 11:40:23:004,-3.9985,-6.78875,"0,274",10,0,0,-3,"38,208","3,402823466385289e+38","15,625"
2026 02 20 11:40:23:006,-3.9675,-6.70125,"0,274",10,0,0,-3,"38,208","3,402823466385289e+38",0
2026 02 20 11:40:23:008,-3.9334,-6.78875,"0,274",10,0,0,-3,"38,208","3,402823466385289e+38","-7,8125"
2026 02 20 11:40:23:010,-3.9985,-6.70125,"0,274",10,0,0,-3,"38,208","3,402823466385289e+38","-15,625"
2026 02 20 11:40:23:012,-3.9675,-6.70125,"0,274",10,0,0,-3,"38,208","3,402823466385289e+38","7,8125"
2026 02 20 11:40:23:014,-3.9985,-6.78875,"0,274",10,0,0,-3,"38,208","3,402823466385289e+38","7,8125"
2026 02 20 11:40:23:016,-3.9985,-6.78875,"0,274",10,0,0,-3,"38,208","3,402823466385289e+38","7,8125"
2026 02 20 11:40:23:018,-3.9675,-6.78875,"0,274",10,0,0,-3,"38,208","3,402823466385289e+38","7,8125"
2026 02 20 11:40:23:020,-3.9675,-6.78875,"0,274",10,0,0,-3,"38,208","3,402823466385289e+38","11,7188"
2026 02 20 11:40:23:022,-3.9985,-6.78875,"0,274",10,0,0,-3,"38,208","3,402823466385289e+38","23,4375"
2026 02 20 11:40:23:024,-3.9675,-6.70125,"0,274",10,0,0,-3,"38,208","3,402823466385289e+38","11,7188"
2026 02 20 11:40:23:026,-3.9675,-6.78875,"0,274",10,0,0,-3,"38,208","3,402823466385289e+38","-3,9062"
2026 02 20 11:40:23:028,-3.9675,-6.70125,"0,274",10,0,0,-3,"38,208","3,402823466385289e+38","-11,7187"
2026 02 20 11:40:23:030,-3.9675,-6.78875,"0,274",10,0,0,-3,"38,208","3,402823466385289e+38","-19,5312"
2026 02 20 11:40:23:032,-3.9675,-6.78875,"0,274",10,0,0,-3,"38,208","3,402823466385289e+38","7,8125"
2026 02 20 11:40:23:034,-3.9675,-6.78875,"0,274",10,0,0,-3,"38,208","3,402823466385289e+38","3,9063"
2026 02 20 11:40:23:036,-3.9675,-6.78875,"0,274",10,0,0,-3,"38,208","3,402823466385289e+38","7,8125"
2026 02 20 11:40:23:038,-3.9675,-6.78875,"0,274",10,0,0,-3,"38,208","3,402823466385289e+38","7,8125"
2026 02 20 11:40:23:040,-3.9334,-6.78875,"0,274",10,0,0,-3,"38,208","3,402823466385289e+38","7,8125"
2026 02 20 11:40:23:042,-3.9675,-6.78875,"0,274",10,0,0,-3,"38,208","3,402823466385289e+38","23,4375"
2026 02 20 11:40:23:044,-3.9675,-6.78875,"0,274",10,0,0,-3,"38,208","3,402823466385289e+38","11,7188"
2026 02 20 11:40:23:046,-3.9675,-6.70125,"0,274",10,0,0,-3,"38,208","3,402823466385289e+38",0
2026 02 20 11:40:23:048,-3.9334,-6.70125,"0,274",10,0,0,-3,"38,208","3,402823466385289e+38","-11,7187"
2026 02 20 11:40:23:050,-3.9675,-6.78875,"0,274",10,0,0,-3,"38,208","3,402823466385289e+38","-15,625"
2026 02 20 11:40:23:052,-3.9334,-6.78875,"0,274",10,0,0,-3,"38,208","3,402823466385289e+38","7,8125"
2026 02 20 11:40:23:054,-3.9675,-6.70125,"0,274",10,0,0,-3,"38,208","3,402823466385289e+38","3,9063"
2026 02 20 11:40:23:056,-3.9675,-6.78875,"0,274",10,0,0,-3,"38,208","3,402823466385289e+38","7,8125"
2026 02 20 11:40:23:058,-3.9675,-6.70125,"0,274",10,0,0,-3,"38,208","3,402823466385289e+38","3,9063"
2026 02 20 11:40:23:060,-3.9985,-6.70125,"0,274",10,0,0,-3,"38,208","3,402823466385289e+38","11,7188"
2026 02 20 11:40:23:062,-3.9675,-6.70125,"0,274",10,0,0,-3,"38,208","3,402823466385289e+38","23,4375"
2026 02 20 11:40:23:064,-3.9675,-6.78875,"0,274",10,0,0,-3,"38,208","3,402823466385289e+38","11,7188"
2026 02 20 11:40:23:066,-3.9675,-6.78875,"0,274",10,0,0,-3,"38,208","3,402823466385289e+38",0
2026 02 20 11:40:23:068,-3.9675,-6.78875,"0,274",10,0,0,-3,"38,208","3,402823466385289e+38","-11,7187"
2026 02 20 11:40:23:070,-3.9675,-6.70125,"0,274",10,0,0,-3,"38,208","3,402823466385289e+38","-15,625"
2026 02 20 11:40:23:072,-3.9675,-6.70125,"0,274",10,0,0,-3,"38,208","3,402823466385289e+38","7,8125"
2026 02 20 11:40:23:074,-3.9675,-6.70125,"0,274",10,0,0,-3,"38,208","3,402823466385289e+38","3,9063"
2026 02 20 11:40:23:076,-3.9334,-6.70125,"0,274",10,0,0,-3,"38,208","3,402823466385289e+38","7,8125"
2026 02 20 11:40:23:078,-3.9675,-6.78875,"0,274",10,0,0,-3,"38,208","3,402823466385289e+38","7,8125"
2026 02 20 11:40:23:080,-3.9675,-6.70125,"0,274",10,0,0,-3,"38,208","3,402823466385289e+38","11,7188"
2026 02 20 11:40:23:082,-3.9985,-6.78875,"0,274",10,0,0,-3,"38,208","3,402823466385289e+38","27,3438"
2026 02 20 11:40:23:084,-3.9675,-6.78875,"0,274",10,0,0,-3,"38,208","3,402823466385289e+38","15,625"
2026 02 20 11:40:23:086,-3.9675,-6.78875,"0,274",10,0,0,-3,"38,208","3,402823466385289e+38",0
2026 02 20 11:40:23:088,-3.9675,-6.78875,"0,274",10,0,0,-3,"38,208","3,402823466385289e+38","-15,625"
2026 02 20 11:40:23:090,-3.9334,-6.78875,"0,274",10,0,0,-3,"38,208","3,402823466385289e+38","-15,625"
2026 02 20 11:40:23:092,-3.9675,-6.78875,"0,274",10,0,0,-3,"38,208","3,402823466385289e+38","7,8125"
2026 02 20 11:40:23:094,-3.9675,-6.70125,"0,274",10,0,0,-3,"38,208","3,402823466385289e+38","3,9063"
2026 02 20 11:40:23:096,-3.9675,-6.70125,"0,274",10,0,0,-3,"38,208","3,402823466385289e+38","7,8125"
2026 02 20 11:40:23:098,-3.9334,-6.70125,"0,274",10,0,0,-3,"38,208","3,402823466385289e+38","3,9063"
2026 02 20 11:40:23:100,-3.9675,-6.70125,"0,274",10,0,0,-3,"38,208","3,402823466385289e+38","11,7188"
2026 02 20 11:40:23:102,-3.9985,-6.78875,"0,274",10,0,0,-3,"38,208","3,402823466385289e+38","23,4375"
2026 02 20 11:40:23:104,-3.9675,-6.70125,"0,274",10,0,0,-3,"38,208","3,402823466385289e+38","11,7188"
2026 02 20 11:40:23:106,-3.9675,-6.78875,"0,274",10,0,0,-3,"38,208","3,402823466385289e+38",0
2026 02 20 11:40:23:108,-3.9675,-6.78875,"0,274",10,0,0,-3,"38,208","3,402823466385289e+38","-15,625"
2026 02 20 11:40:23:110,-3.9675,-6.70125,"0,274",10,0,0,-3,"38,208","3,402823466385289e+38","-15,625"
2026 02 20 11:40:23:112,-3.9985,-6.70125,"0,274",10,0,0,-3,"38,208","3,402823466385289e+38","7,8125"
2026 02 20 11:40:23:114,-3.9675,-6.70125,"0,274",10,0,0,-3,"38,208","3,402823466385289e+38","3,9063"
2026 02 20 11:40:23:116,-3.9675,-6.78875,"0,274",10,0,0,-3,"38,208","3,402823466385289e+38","3,9063"
2026 02 20 11:40:23:118,-3.9334,-6.78875,"0,274",10,0,0,-3,"38,208","3,402823466385289e+38","3,9063"
2026 02 20 11:40:23:120,-3.9675,-6.70125,"0,274",10,0,0,-3,"38,208","3,402823466385289e+38","11,7188"
2026 02 20 11:40:23:122,-3.9334,-6.78875,"0,274",10,0,0,-3,"38,208","3,402823466385289e+38","23,4375"
2026 02 20 11:40:23:124,-3.9675,-6.87625,"0,274",10,0,0,-3,"38,208","3,402823466385289e+38","11,7188"
2026 02 20 11:40:23:126,-3.9675,-6.78875,"0,274",10,0,0,-3,"38,208","3,402823466385289e+38",0
2026 02 20 11:40:23:128,-3.9024,-6.78875,"0,274",10,0,0,-3,"38,208","3,402823466385289e+38","-11,7187"
2026 02 20 11:40:23:130,-3.9675,-6.70125,"0,274",10,0,0,-3,"38,208","3,402823466385289e+38","-19,5312"
2026 02 20 11:40:23:132,-3.9675,-6.78875,"0,274",10,0,0,-3,"38,208","3,402823466385289e+38","3,9063"
2026 02 20 11:40:23:134,-3.9675,-6.78875,"0,274",10,0,0,-3,"38,208","3,402823466385289e+38","3,9063"
2026 02 20 11:40:23:136,-3.9675,-6.70125,"0,274",10,0,0,-3,"38,208","3,402823466385289e+38","7,8125"
2026 02 20 11:40:23:138,-3.9675,-6.70125,"0,274",10,0,0,-3,"38,208","3,402823466385289e+38","7,8125"
2026 02 20 11:40:23:140,-3.9675,-6.70125,"0,274",10,0,0,-3,"38,208","3,402823466385289e+38","11,7188"
2026 02 20 11:40:23:142,-3.9675,-6.78875,"0,274",10,0,0,-3,"38,208","3,402823466385289e+38","23,4375"
2026 02 20 11:40:23:144,-3.9675,-6.78875,"0,274",10,0,0,-3,"38,208","3,402823466385289e+38","11,7188"
2026 02 20 11:40:23:146,-3.9675,-6.78875,"0,274",10,0,0,-3,"38,208","3,402823466385289e+38",0
2026 02 20 11:40:23:148,-3.9675,-6.78875,"0,274",10,0,0,-3,"38,208","3,402823466385289e+38","-11,7187"
2026 02 20 11:40:23:150,-3.9675,-6.78875,"0,274",10,0,0,-3,"38,208","3,402823466385289e+38","-15,625"
2026 02 20 11:40:23:152,-3.9675,-6.70125,"0,274",10,0,0,-3,"38,208","3,402823466385289e+38","7,8125"
2026 02 20 11:40:23:154,-3.9334,-6.78875,"0,274",10,0,0,-3,"38,208","3,402823466385289e+38","3,9063"
2026 02 20 11:40:23:156,-3.9675,-6.78875,"0,274",10,0,0,-3,"38,208","3,402823466385289e+38","7,8125"
2026 02 20 11:40:23:158,-3.9675,-6.70125,"0,274",10,0,0,-3,"38,208","3,402823466385289e+38","7,8125"
2026 02 20 11:40:23:160,-3.9675,-6.78875,"0,274",10,0,0,-3,"38,208","3,402823466385289e+38","11,7188"
2026 02 20 11:40:23:162,-3.9675,-6.78875,"0,274",10,0,0,-3,"38,208","3,402823466385289e+38","23,4375"
2026 02 20 11:40:23:164,-3.9675,-6.78875,"0,274",10,0,0,-3,"38,208","3,402823466385289e+38","11,7188"
2026 02 20 11:40:23:166,-3.9985,-6.78875,"0,274",10,0,0,-3,"38,208","3,402823466385289e+38","-3,9062"
2026 02 20 11:40:23:168,-3.9334,-6.70125,"0,274",10,0,0,-3,"38,208","3,402823466385289e+38","-15,625"
2026 02 20 11:40:23:170,-3.9675,-6.87625,"0,274",10,0,0,-3,"38,208","3,402823466385289e+38","-15,625"
2026 02 20 11:40:23:172,-3.9675,-6.78875,"0,274",10,0,0,-3,"38,208","3,402823466385289e+38","7,8125"
2026 02 20 11:40:23:174,-3.9675,-6.78875,"0,274",10,0,0,-3,"38,208","3,402823466385289e+38","7,8125"
2026 02 20 11:40:23:176,-3.9985,-6.78875,"0,274",10,0,0,-3,"38,208","3,402823466385289e+38","7,8125"
2026 02 20 11:40:23:178,-3.9675,-6.78875,"0,274",10,0,0,-3,"38,208","3,402823466385289e+38","7,8125"
2026 02 20 11:40:23:180,-3.9675,-6.78875,"0,274",10,0,0,-3,"38,208","3,402823466385289e+38","15,625"
2026 02 20 11:40:23:182,-3.9985,-6.78875,"0,274",10,0,0,-3,"38,208","3,402823466385289e+38","23,4375"
2026 02 20 11:40:23:184,-3.9675,-6.78875,"0,274",10,0,0,-3,"38,208","3,402823466385289e+38","11,7188"
2026 02 20 11:40:23:186,-3.9675,-6.70125,"0,274",10,0,0,-3,"38,208","3,402823466385289e+38",0
2026 02 20 11:40:23:188,-3.9675,-6.78875,"0,274",10,0,0,-3,"38,208","3,402823466385289e+38","-15,625"
2026 02 20 11:40:23:190,-3.9675,-6.70125,"0,274",10,0,0,-3,"38,208","3,402823466385289e+38","-19,5312"
2026 02 20 11:40:23:192,-3.9675,-6.70125,"0,274",10,0,0,-3,"38,208","3,402823466385289e+38","3,9063"
2026 02 20 11:40:23:194,-3.9675,-6.70125,"0,274",10,0,0,-3,"38,208","3,402823466385289e+38","3,9063"
2026 02 20 11:40:23:196,-3.9334,-6.70125,"0,274",10,0,0,-3,"38,208","3,402823466385289e+38","3,9063"
2026 02 20 11:40:23:198,-3.9675,-6.78875,"0,274",10,0,0,-3,"38,208","3,402823466385289e+38","7,8125"
2026 02 20 11:40:23:200,-3.9334,-6.78875,"0,274",10,0,0,-3,"38,208","3,402823466385289e+38","11,7188"
2026 02 20 11:40:23:202,-3.9675,-6.70125,"0,274",10,0,0,-3,"38,208","3,402823466385289e+38","23,4375"
2026 02 20 11:40:23:204,-3.9675,-6.78875,"0,274",10,0,0,-3,"38,208","3,402823466385289e+38","15,625"
2026 02 20 11:40:23:206,-3.9675,-6.70125,"0,274",10,0,0,-3,"38,208","3,402823466385289e+38",0
2026 02 20 11:40:23:208,-3.9675,-6.70125,"0,274",10,0,0,-3,"38,208","3,402823466385289e+38","-15,625"
2026 02 20 11:40:23:210,-3.9675,-6.78875,"0,274",10,0,0,-3,"38,208","3,402823466385289e+38","-15,625"
2026 02 20 11:40:23:212,-3.9675,-6.87625,"0,274",10,0,0,-3,"38,208","3,402823466385289e+38","7,8125"
2026 02 20 11:40:23:214,-3.9985,-6.70125,"0,274",10,0,0,-3,"38,208","3,402823466385289e+38","3,9063"
2026 02 20 11:40:23:216,-3.9675,-6.78875,"0,274",10,0,0,-3,"38,208","3,402823466385289e+38","7,8125"
2026 02 20 11:40:23:218,-3.9675,-6.78875,"0,274",10,0,0,-3,"38,208","3,402823466385289e+38","7,8125"
2026 02 20 11:40:23:220,-3.9675,-6.78875,"0,274",10,0,0,-3,"38,208","3,402823466385289e+38","15,625"
2026 02 20 11:40:23:222,-3.9675,-6.78875,"0,274",10,0,0,-3,"38,208","3,402823466385289e+38","23,4375"
2026 02 20 11:40:23:224,-3.9675,-6.87625,"0,274",10,0,0,-3,"38,208","3,402823466385289e+38","11,7188"
2026 02 20 11:40:23:226,-3.9334,-6.70125,"0,274",10,0,0,-3,"38,208","3,402823466385289e+38",0
2026 02 20 11:40:23:228,-3.9675,-6.78875,"0,274",10,0,0,-3,"38,208","3,402823466385289e+38","-15,625"
2026 02 20 11:40:23:230,-3.9985,-6.78875,"0,274",10,0,0,-3,"38,208","3,402823466385289e+38","-19,5312"
2026 02 20 11:40:23:232,-3.9985,-6.78875,"0,274",10,0,0,-3,"38,208","3,402823466385289e+38","7,8125"
2026 02 20 11:40:23:234,-3.9675,-6.78875,"0,274",10,0,0,-3,"38,208","3,402823466385289e+38","7,8125"
2026 02 20 11:40:23:236,-3.9675,-6.70125,"0,274",10,0,0,-3,"38,208","3,402823466385289e+38","7,8125"
2026 02 20 11:40:23:238,-3.9334,-6.70125,"0,274",10,0,0,-3,"38,208","3,402823466385289e+38","7,8125"
2026 02 20 11:40:23:240,-3.9675,-6.78875,"0,274",10,0,0,-3,"38,208","3,402823466385289e+38","15,625"
2026 02 20 11:40:23:242,-3.9675,-6.78875,"0,274",10,0,0,-3,"38,208","3,402823466385289e+38","27,3438"
2026 02 20 11:40:23:244,-3.9985,-6.78875,"0,274",10,0,0,-3,"38,208","3,402823466385289e+38","11,7188"
2026 02 20 11:40:23:246,-3.9675,-6.78875,"0,274",10,0,0,-3,"38,208","3,402823466385289e+38",0
2026 02 20 11:40:23:248,-3.9675,-6.78875,"0,274",10,0,0,-3,"38,208","3,402823466385289e+38","-15,625"
2026 02 20 11:40:23:250,-3.9675,-6.70125,"0,274",10,0,0,-3,"38,208","3,402823466385289e+38","-19,5312"
2026 02 20 11:40:23:252,-3.9675,-6.70125,"0,274",10,0,0,-3,"38,208","3,402823466385289e+38","7,8125"
2026 02 20 11:40:23:254,-3.9334,-6.78875,"0,274",10,0,0,-3,"38,2385","3,402823466385289e+38","7,8125"
2026 02 20 11:40:23:256,-3.9675,-6.78875,"0,274",10,0,0,-3,"38,2385","3,402823466385289e+38","7,8125"
2026 02 20 11:40:23:258,-3.9334,-6.78875,"0,274",10,0,0,-3,"38,2385","3,402823466385289e+38","7,8125"
2026 02 20 11:40:23:260,-3.9675,-6.70125,"0,274",10,0,0,-3,"38,2385","3,402823466385289e+38","15,625"
2026 02 20 11:40:23:262,-3.9675,-6.78875,"0,274",10,0,0,-3,"38,2385","3,402823466385289e+38","23,4375"
2026 02 20 11:40:23:264,-3.9675,-6.78875,"0,274",10,0,0,-3,"38,2385","3,402823466385289e+38","15,625"
2026 02 20 11:40:23:266,-3.9675,-6.78875,"0,274",10,0,0,-3,"38,2385","3,402823466385289e+38",0
2026 02 20 11:40:23:268,-3.9675,-6.78875,"0,274",10,0,0,-3,"38,2385","3,402823466385289e+38","-15,625"
2026 02 20 11:40:23:270,-3.9334,-6.70125,"0,274",10,0,0,-3,"38,2385","3,402823466385289e+38","-19,5312"
2026 02 20 11:40:23:272,-3.9675,-6.70125,"0,274",10,0,0,-3,"38,2385","3,402823466385289e+38","7,8125"
2026 02 20 11:40:23:274,-3.9334,-6.70125,"0,274",10,0,0,-3,"38,2385","3,402823466385289e+38","7,8125"
2026 02 20 11:40:23:276,-3.9675,-6.70125,"0,274",10,0,0,-3,"38,2385","3,402823466385289e+38","7,8125"
2026 02 20 11:40:23:278,-3.9675,-6.78875,"0,274",10,0,0,-3,"38,2385","3,402823466385289e+38","7,8125"
2026 02 20 11:40:23:280,-3.9334,-6.70125,"0,274",10,0,0,-3,"38,2385","3,402823466385289e+38","19,5313"
2026 02 20 11:40:23:282,-3.9985,-6.78875,"0,274",10,0,0,-3,"38,2385","3,402823466385289e+38","23,4375"
2026 02 20 11:40:23:284,-3.9675,-6.78875,"0,274",10,0,0,-3,"38,2385","3,402823466385289e+38","15,625"
2026 02 20 11:40:23:286,-3.9675,-6.70125,"0,274",10,0,0,-3,"38,2385","3,402823466385289e+38",0
2026 02 20 11:40:23:288,-3.9675,-6.78875,"0,274",10,0,0,-3,"38,2385","3,402823466385289e+38","-15,625"
2026 02 20 11:40:23:290,-3.9985,-6.78875,"0,274",10,0,0,-3,"38,2385","3,402823466385289e+38","-19,5312"
2026 02 20 11:40:23:292,-3.9675,-6.70125,"0,274",10,0,0,-3,"38,2385","3,402823466385289e+38","7,8125"
2026 02 20 11:40:23:294,-3.9675,-6.70125,"0,274",10,0,0,-3,"38,2385","3,402823466385289e+38","7,8125"
2026 02 20 11:40:23:296,-3.9675,-6.70125,"0,274",10,0,0,-3,"38,2385","3,402823466385289e+38","3,9063"
2026 02 20 11:40:23:298,-3.9675,-6.87625,"0,274",10,0,0,-3,"38,2385","3,402823466385289e+38","7,8125"
2026 02 20 11:40:23:300,-3.9675,-6.70125,"0,274",10,0,0,-3,"38,2385","3,402823466385289e+38","15,625"
2026 02 20 11:40:23:302,-3.9985,-6.70125,"0,274",10,0,0,-3,"38,2385","3,402823466385289e+38","23,4375"
2026 02 20 11:40:23:304,-3.9675,-6.78875,"0,274",10,0,0,-3,"38,2385","3,402823466385289e+38","11,7188"
2026 02 20 11:40:23:306,-3.9985,-6.70125,"0,274",10,0,0,-3,"38,2385","3,402823466385289e+38",0
2026 02 20 11:40:23:308,-3.9675,-6.78875,"0,274",10,0,0,-3,"38,2385","3,402823466385289e+38","-15,625"
2026 02 20 11:40:23:310,-3.9675,-6.78875,"0,274",10,0,0,-3,"38,2385","3,402823466385289e+38","-19,5312"
2026 02 20 11:40:23:312,-3.9675,-6.78875,"0,274",10,0,0,-3,"38,2385","3,402823466385289e+38","7,8125"
2026 02 20 11:40:23:314,-3.9675,-6.70125,"0,274",10,0,0,-3,"38,2385","3,402823466385289e+38","7,8125"
2026 02 20 11:40:23:316,-3.9675,-6.78875,"0,274",10,0,0,-3,"38,2385","3,402823466385289e+38","7,8125"
2026 02 20 11:40:23:318,-3.9675,-6.78875,"0,274",10,0,0,-3,"38,2385","3,402823466385289e+38","7,8125"
2026 02 20 11:40:23:320,-3.9334,-6.70125,"0,274",10,0,0,-3,"38,2385","3,402823466385289e+38","19,5313"
2026 02 20 11:40:23:322,-3.9675,-6.78875,"0,274",10,0,0,-3,"38,2385","3,402823466385289e+38","19,5313"
2026 02 20 11:40:23:324,-3.9675,-6.78875,"0,274",10,0,0,-3,"38,2385","3,402823466385289e+38","11,7188"
2026 02 20 11:40:23:326,-3.9675,-6.78875,"0,274",10,0,0,-3,"38,2385","3,402823466385289e+38","-3,9062"
2026 02 20 11:40:23:328,-3.9675,-6.78875,"0,274",10,0,0,-3,"38,2385","3,402823466385289e+38","-15,625"
2026 02 20 11:40:23:330,-3.9675,-6.78875,"0,274",10,0,0,-3,"38,2385","3,402823466385289e+38","-19,5312"
2026 02 20 11:40:23:332,-3.9675,-6.78875,"0,274",10,0,0,-3,"38,2385","3,402823466385289e+38","7,8125"
2026 02 20 11:40:23:334,-3.9675,-6.87625,"0,274",10,0,0,-3,"38,2385","3,402823466385289e+38","3,9063"
2026 02 20 11:40:23:336,-3.9675,-6.70125,"0,274",10,0,0,-3,"38,2385","3,402823466385289e+38","7,8125"
2026 02 20 11:40:23:338,-3.9985,-6.78875,"0,274",10,0,0,-3,"38,2385","3,402823466385289e+38","7,8125"
2026 02 20 11:40:23:340,-3.9675,-6.78875,"0,274",10,0,0,-3,"38,2385","3,402823466385289e+38","19,5313"
2026 02 20 11:40:23:342,-3.9675,-6.78875,"0,274",10,0,0,-3,"38,2385","3,402823466385289e+38","23,4375"
2026 02 20 11:40:23:344,-3.9675,-6.78875,"0,274",10,0,0,-3,"38,2385","3,402823466385289e+38","11,7188"
2026 02 20 11:40:23:346,-3.9675,-6.78875,"0,274",10,0,0,-3,"38,2385","3,402823466385289e+38",0
2026 02 20 11:40:23:348,-3.9675,-6.78875,"0,274",10,0,0,-3,"38,2385","3,402823466385289e+38","-15,625"
2026 02 20 11:40:23:350,-3.9675,-6.70125,"0,274",10,0,0,-3,"38,2385","3,402823466385289e+38","-19,5312"
2026 02 20 11:40:23:352,-3.9675,-6.70125,"0,274",10,0,0,-3,"38,2385","3,402823466385289e+38","3,9063"
2026 02 20 11:40:23:354,-3.9985,-6.70125,"0,274",10,0,0,-3,"38,2385","3,402823466385289e+38","3,9063"
2026 02 20 11:40:23:356,-3.9675,-6.70125,"0,274",10,0,0,-3,"38,2385","3,402823466385289e+38","7,8125"
2026 02 20 11:40:23:358,-3.9985,-6.78875,"0,274",10,0,0,-3,"38,2385","3,402823466385289e+38","7,8125"
2026 02 20 11:40:23:360,-3.9675,-6.70125,"0,274",10,0,0,-3,"38,2385","3,402823466385289e+38","15,625"
2026 02 20 11:40:23:362,-3.9985,-6.70125,"0,274",10,0,0,-3,"38,2385","3,402823466385289e+38","23,4375"
2026 02 20 11:40:23:364,-3.9985,-6.78875,"0,274",10,0,0,-3,"38,2385","3,402823466385289e+38","11,7188"
2026 02 20 11:40:23:366,-3.9675,-6.70125,"0,274",10,0,0,-3,"38,2385","3,402823466385289e+38",0
2026 02 20 11:40:23:368,-3.9675,-6.78875,"0,274",10,0,0,-3,"38,2385","3,402823466385289e+38","-15,625"
2026 02 20 11:40:23:370,-3.9675,-6.78875,"0,274",10,0,0,-3,"38,2385","3,402823466385289e+38","-19,5312"
2026 02 20 11:40:23:372,-3.9334,-6.70125,"0,274",10,0,0,-3,"38,2385","3,402823466385289e+38","3,9063"
2026 02 20 11:40:23:374,-3.9675,-6.78875,"0,274",10,0,0,-3,"38,2385","3,402823466385289e+38","3,9063"
2026 02 20 11:40:23:376,-3.9675,-6.78875,"0,274",10,0,0,-3,"38,2385","3,402823466385289e+38","7,8125"
2026 02 20 11:40:23:378,-3.9675,-6.78875,"0,274",10,0,0,-3,"38,2385","3,402823466385289e+38","3,9063"
2026 02 20 11:40:23:380,-3.9675,-6.70125,"0,274",10,0,0,-3,"38,2385","3,402823466385289e+38","19,5313"
2026 02 20 11:40:23:382,-3.9675,-6.78875,"0,274",10,0,0,-3,"38,2385","3,402823466385289e+38","23,4375"
2026 02 20 11:40:23:384,-3.9675,-6.78875,"0,274",10,0,0,-3,"38,2385","3,402823466385289e+38","11,7188"
2026 02 20 11:40:23:386,-3.9334,-6.78875,"0,274",10,0,0,-3,"38,2385","3,402823466385289e+38","-3,9062"
2026 02 20 11:40:23:388,-3.9675,-6.70125,"0,274",10,0,0,-3,"38,2385","3,402823466385289e+38","-15,625"
2026 02 20 11:40:23:390,-3.9985,-6.70125,"0,274",10,0,0,-3,"38,2385","3,402823466385289e+38","-19,5312"
2026 02 20 11:40:23:392,-3.9675,-6.78875,"0,274",10,0,0,-3,"38,2385","3,402823466385289e+38","7,8125"
2026 02 20 11:40:23:394,-3.9675,-6.70125,"0,274",10,0,0,-3,"38,2385","3,402823466385289e+38","3,9063"
2026 02 20 11:40:23:396,-3.9334,-6.78875,"0,274",10,0,0,-3,"38,2385","3,402823466385289e+38","7,8125"
2026 02 20 11:40:23:398,-3.9985,-6.70125,"0,274",10,0,0,-3,"38,2385","3,402823466385289e+38","7,8125"
2026 02 20 11:40:23:400,-3.9675,-6.70125,"0,274",10,0,0,-3,"38,2385","3,402823466385289e+38","19,5313"
2026 02 20 11:40:23:402,-3.9675,-6.78875,"0,274",10,0,0,-3,"38,2385","3,402823466385289e+38","19,5313"
2026 02 20 11:40:23:404,-3.9985,-6.78875,"0,274",10,0,0,-3,"38,2385","3,402823466385289e+38","11,7188"
2026 02 20 11:40:23:406,-3.9675,-6.78875,"0,274",10,0,0,-3,"38,2385","3,402823466385289e+38","-3,9062"
2026 02 20 11:40:23:408,-3.9675,-6.70125,"0,274",10,0,0,-3,"38,2385","3,402823466385289e+38","-15,625"
2026 02 20 11:40:23:410,-3.9675,-6.78875,"0,274",10,0,0,-3,"38,2385","3,402823466385289e+38","-19,5312"
2026 02 20 11:40:23:412,-3.9675,-6.78875,"0,274",10,0,0,-3,"38,2385","3,402823466385289e+38","3,9063"
2026 02 20 11:40:23:414,-3.9985,-6.70125,"0,274",10,0,0,-3,"38,2385","3,402823466385289e+38","3,9063"
2026 02 20 11:40:23:416,-3.9675,-6.78875,"0,274",10,0,0,-3,"38,2385","3,402823466385289e+38","3,9063"
2026 02 20 11:40:23:418,-3.9675,-6.78875,"0,274",10,0,0,-3,"38,2385","3,402823466385289e+38","7,8125"
2026 02 20 11:40:23:420,-3.9675,-6.78875,"0,274",10,0,0,-3,"38,2385","3,402823466385289e+38","19,5313"
2026 02 20 11:40:23:422,-3.9675,-6.78875,"0,274",10,0,0,-3,"38,2385","3,402823466385289e+38","19,5313"
2026 02 20 11:40:23:424,-3.9985,-6.78875,"0,274",10,0,0,-3,"38,2385","3,402823466385289e+38","11,7188"
2026 02 20 11:40:23:426,-3.9675,-6.78875,"0,274",10,0,0,-3,"38,2385","3,402823466385289e+38","-3,9062"
2026 02 20 11:40:23:428,-3.9675,-6.78875,"0,274",10,0,0,-3,"38,2385","3,402823466385289e+38","-15,625"
2026 02 20 11:40:23:430,-3.9675,-6.70125,"0,274",10,0,0,-3,"38,2385","3,402823466385289e+38","-23,4375"
2026 02 20 11:40:23:432,-3.9675,-6.70125,"0,274",10,0,0,-3,"38,2385","3,402823466385289e+38","7,8125"
2026 02 20 11:40:23:434,-3.9675,-6.78875,"0,274",10,0,0,-3,"38,2385","3,402823466385289e+38","3,9063"
2026 02 20 11:40:23:436,-3.9675,-6.87625,"0,274",10,0,0,-3,"38,2385","3,402823466385289e+38","7,8125"
2026 02 20 11:40:23:438,-3.9675,-6.70125,"0,274",10,0,0,-3,"38,2385","3,402823466385289e+38","7,8125"
2026 02 20 11:40:23:440,-3.9334,-6.70125,"0,274",10,0,0,-3,"38,2385","3,402823466385289e+38","23,4375"
2026 02 20 11:40:23:442,-3.9675,-6.70125,"0,274",10,0,0,-3,"38,2385","3,402823466385289e+38","23,4375"
2026 02 20 11:40:23:444,-3.9675,-6.78875,"0,274",10,0,0,-3,"38,2385","3,402823466385289e+38","11,7188"
2026 02 20 11:40:23:446,-3.9675,-6.78875,"0,274",10,0,0,-3,"38,2385","3,402823466385289e+38",0
2026 02 20 11:40:23:448,-3.9675,-6.78875,"0,274",10,0,0,-3,"38,2385","3,402823466385289e+38","-15,625"
2026 02 20 11:40:23:450,-3.9675,-6.70125,"0,274",10,0,0,-3,"38,2385","3,402823466385289e+38","-19,5312"
2026 02 20 11:40:23:452,-3.9675,-6.78875,"0,274",10,0,0,-3,"38,2385","3,402823466385289e+38","7,8125"
2026 02 20 11:40:23:454,-3.9675,-6.70125,"0,274",10,0,0,-3,"38,2385","3,402823466385289e+38","3,9063"
2026 02 20 11:40:23:456,-3.9985,-6.78875,"0,274",10,0,0,-3,"38,2385","3,402823466385289e+38","7,8125"
2026 02 20 11:40:23:458,-3.9985,-6.70125,"0,274",10,0,0,-3,"38,2385","3,402823466385289e+38","7,8125"
2026 02 20 11:40:23:460,-3.9985,-6.78875,"0,274",10,0,0,-3,"38,2385","3,402823466385289e+38","19,5313"
2026 02 20 11:40:23:462,-3.9675,-6.70125,"0,274",10,0,0,-3,"38,2385","3,402823466385289e+38","19,5313"
2026 02 20 11:40:23:464,-3.9675,-6.70125,"0,274",10,0,0,-3,"38,2385","3,402823466385289e+38","11,7188"
2026 02 20 11:40:23:466,-3.9675,-6.70125,"0,274",10,0,0,-3,"38,2385","3,402823466385289e+38","-3,9062"
2026 02 20 11:40:23:468,-3.9985,-6.87625,"0,274",10,0,0,-3,"38,2385","3,402823466385289e+38","-15,625"
2026 02 20 11:40:23:470,-3.9675,-6.78875,"0,274",10,0,0,-3,"38,2385","3,402823466385289e+38","-23,4375"
2026 02 20 11:40:23:472,-3.9675,-6.70125,"0,274",10,0,0,-3,"38,2385","3,402823466385289e+38","7,8125"
2026 02 20 11:40:23:474,-3.9675,-6.78875,"0,274",10,0,0,-3,"38,2385","3,402823466385289e+38","7,8125"
2026 02 20 11:40:23:476,-3.9675,-6.78875,"0,274",10,0,0,-3,"38,2385","3,402823466385289e+38","7,8125"
2026 02 20 11:40:23:478,-3.9334,-6.78875,"0,274",10,0,0,-3,"38,2385","3,402823466385289e+38","7,8125"
2026 02 20 11:40:23:480,-3.9675,-6.78875,"0,274",10,0,0,-3,"38,2385","3,402823466385289e+38","23,4375"
2026 02 20 11:40:23:482,-3.9985,-6.70125,"0,274",10,0,0,-3,"38,2385","3,402823466385289e+38","19,5313"
2026 02 20 11:40:23:484,-3.9675,-6.70125,"0,274",10,0,0,-3,"38,2385","3,402823466385289e+38","11,7188"
2026 02 20 11:40:23:486,-3.9675,-6.78875,"0,274",10,0,0,-3,"38,2385","3,402823466385289e+38","-3,9062"
2026 02 20 11:40:23:488,-3.9675,-6.78875,"0,274",10,0,0,-3,"38,2385","3,402823466385289e+38","-15,625"
2026 02 20 11:40:23:490,-3.9675,-6.78875,"0,274",10,0,0,-3,"38,2385","3,402823466385289e+38","-23,4375"
2026 02 20 11:40:23:492,-3.9675,-6.78875,"0,274",10,0,0,-3,"38,2385","3,402823466385289e+38","7,8125"
2026 02 20 11:40:23:494,-3.9675,-6.61375,"0,274",10,0,0,-3,"38,2385","3,402823466385289e+38","3,9063"
2026 02 20 11:40:23:496,-3.9675,-6.78875,"0,274",10,0,0,-3,"38,2385","3,402823466385289e+38","7,8125"
2026 02 20 11:40:23:498,-3.9675,-6.78875,"0,274",10,0,0,-3,"38,2385","3,402823466385289e+38","7,8125"
2026 02 20 11:40:23:500,-3.9675,-6.70125,"0,274",10,0,0,-3,"38,2385","3,402823466385289e+38","23,4375"
2026 02 20 11:40:23:502,-3.9675,-6.78875,"0,274",10,0,0,-3,"38,2385","3,402823466385289e+38","23,4375"
2026 02 20 11:40:23:504,-3.9675,-6.70125,"0,274",10,0,0,-3,"38,2385","3,402823466385289e+38","15,625"
2026 02 20 11:40:23:506,-3.9675,-6.78875,"0,274",10,0,0,-3,"38,2385","3,402823466385289e+38",0
2026 02 20 11:40:23:508,-3.9675,-6.70125,"0,274",10,0,0,-3,"38,2385","3,402823466385289e+38","-15,625"
2026 02 20 11:40:23:510,-3.9675,-6.70125,"0,274",10,0,0,-3,"38,2385","3,402823466385289e+38","-27,3437"
2026 02 20 11:40:23:512,-3.9675,-6.78875,"0,274",10,0,0,-3,"38,2385","3,402823466385289e+38","7,8125"
2026 02 20 11:40:23:514,-3.9675,-6.78875,"0,274",10,0,0,-3,"38,2385","3,402823466385289e+38","3,9063"
2026 02 20 11:40:23:516,-3.9675,-6.78875,"0,274",10,0,0,-3,"38,2385","3,402823466385289e+38","7,8125"
2026 02 20 11:40:23:518,-3.9675,-6.78875,"0,274",10,0,0,-3,"38,2385","3,402823466385289e+38","7,8125"
2026 02 20 11:40:23:520,-3.9675,-6.87625,"0,274",10,0,0,-3,"38,2385","3,402823466385289e+38","23,4375"
2026 02 20 11:40:23:522,-3.9334,-6.78875,"0,274",10,0,0,-3,"38,2385","3,402823466385289e+38","23,4375"
2026 02 20 11:40:23:524,-3.9675,-6.78875,"0,274",10,0,0,-3,"38,2385","3,402823466385289e+38","11,7188"
2026 02 20 11:40:23:526,-3.9675,-6.78875,"0,274",10,0,0,-3,"38,2385","3,402823466385289e+38","-3,9062"
2026 02 20 11:40:23:528,-3.9675,-6.78875,"0,274",10,0,0,-3,"38,2385","3,402823466385289e+38","-15,625"
2026 02 20 11:40:23:530,-3.9675,-6.87625,"0,274",10,0,0,-3,"38,2385","3,402823466385289e+38","-23,4375"
2026 02 20 11:40:23:532,-3.9334,-6.78875,"0,274",10,0,0,-3,"38,2385","3,402823466385289e+38","7,8125"
2026 02 20 11:40:23:534,-3.9675,-6.70125,"0,274",10,0,0,-3,"38,2385","3,402823466385289e+38","7,8125"
2026 02 20 11:40:23:536,-3.9675,-6.70125,"0,274",10,0,0,-3,"38,2385","3,402823466385289e+38","7,8125"
2026 02 20 11:40:23:538,-3.9985,-6.78875,"0,274",10,0,0,-3,"38,2385","3,402823466385289e+38","7,8125"
2026 02 20 11:40:23:540,-3.9675,-6.70125,"0,274",10,0,0,-3,"38,2385","3,402823466385289e+38","23,4375"
2026 02 20 11:40:23:542,-3.9985,-6.78875,"0,274",10,0,0,-3,"38,2385","3,402823466385289e+38","19,5313"
2026 02 20 11:40:23:544,-3.9675,-6.78875,"0,274",10,0,0,-3,"38,2385","3,402823466385289e+38","11,7188"
2026 02 20 11:40:23:546,-3.9985,-6.78875,"0,274",10,0,0,-3,"38,2385","3,402823466385289e+38","-3,9062"
2026 02 20 11:40:23:548,-3.9675,-6.70125,"0,274",10,0,0,-3,"38,2385","3,402823466385289e+38","-15,625"
2026 02 20 11:40:23:550,-3.9334,-6.78875,"0,274",10,0,0,-3,"38,2385","3,402823466385289e+38","-27,3437"
2026 02 20 11:40:23:552,-3.9675,-6.78875,"0,274",10,0,0,-3,"38,2385","3,402823466385289e+38","7,8125"
2026 02 20 11:40:23:554,-3.9675,-6.78875,"0,275",10,0,0,-3,"38,1317","3,402823466385289e+38","3,9063"
2026 02 20 11:40:23:556,-3.9675,-6.78875,"0,275",10,0,0,-3,"38,1317","3,402823466385289e+38","7,8125"
2026 02 20 11:40:23:558,-3.9334,-6.78875,"0,275",10,0,0,-3,"38,1317","3,402823466385289e+38","7,8125"
2026 02 20 11:40:23:560,-3.9675,-6.78875,"0,275",10,0,0,-3,"38,1317","3,402823466385289e+38","23,4375"
2026 02 20 11:40:23:562,-3.9675,-6.78875,"0,275",10,0,0,-3,"38,1317","3,402823466385289e+38","19,5313"
2026 02 20 11:40:23:564,-3.9675,-6.70125,"0,275",10,0,0,-3,"38,1317","3,402823466385289e+38","11,7188"
2026 02 20 11:40:23:566,-3.9675,-6.70125,"0,275",10,0,0,-3,"38,1317","3,402823466385289e+38",0
2026 02 20 11:40:23:568,-3.9675,-6.87625,"0,275",10,0,0,-3,"38,1317","3,402823466385289e+38","-15,625"
2026 02 20 11:40:23:570,-3.9985,-6.78875,"0,275",10,0,0,-3,"38,1317","3,402823466385289e+38","-23,4375"
2026 02 20 11:40:23:572,-3.9675,-6.78875,"0,275",10,0,0,-3,"38,1317","3,402823466385289e+38","7,8125"
2026 02 20 11:40:23:574,-3.9675,-6.78875,"0,275",10,0,0,-3,"38,1317","3,402823466385289e+38","7,8125"
2026 02 20 11:40:23:576,-3.9675,-6.78875,"0,275",10,0,0,-3,"38,1317","3,402823466385289e+38","7,8125"
2026 02 20 11:40:23:578,-3.9675,-6.78875,"0,275",10,0,0,-3,"38,1317","3,402823466385289e+38","7,8125"
2026 02 20 11:40:23:580,-3.9675,-6.78875,"0,275",10,0,0,-3,"38,1317","3,402823466385289e+38","23,4375"
2026 02 20 11:40:23:582,-3.9675,-6.70125,"0,275",10,0,0,-3,"38,1317","3,402823466385289e+38","19,5313"
2026 02 20 11:40:23:584,-3.9675,-6.78875,"0,275",10,0,0,-3,"38,1317","3,402823466385289e+38","11,7188"
2026 02 20 11:40:23:586,-3.9675,-6.70125,"0,275",10,0,0,-3,"38,1317","3,402823466385289e+38","-3,9062"
2026 02 20 11:40:23:588,-3.9675,-6.78875,"0,275",10,0,0,-3,"38,1317","3,402823466385289e+38","-15,625"
2026 02 20 11:40:23:590,-3.9985,-6.78875,"0,275",10,0,0,-3,"38,1317","3,402823466385289e+38","-23,4375"
2026 02 20 11:40:23:592,-3.9985,-6.78875,"0,275",10,0,0,-3,"38,1317","3,402823466385289e+38","7,8125"
2026 02 20 11:40:23:594,-3.9675,-6.70125,"0,275",10,0,0,-3,"38,1317","3,402823466385289e+38","7,8125"
2026 02 20 11:40:23:596,-3.9985,-6.78875,"0,275",10,0,0,-3,"38,1317","3,402823466385289e+38","7,8125"
2026 02 20 11:40:23:598,-3.9675,-6.70125,"0,275",10,0,0,-3,"38,1317","3,402823466385289e+38","7,8125"
2026 02 20 11:40:23:600,-3.9334,-6.78875,"0,275",10,0,0,-3,"38,1317","3,402823466385289e+38","23,4375"
2026 02 20 11:40:23:602,-3.9985,-6.70125,"0,275",10,0,0,-3,"38,1317","3,402823466385289e+38","19,5313"
2026 02 20 11:40:23:604,-3.9675,-6.78875,"0,275",10,0,0,-3,"38,1317","3,402823466385289e+38","11,7188"
2026 02 20 11:40:23:606,-3.9675,-6.78875,"0,275",10,0,0,-3,"38,1317","3,402823466385289e+38","-3,9062"
2026 02 20 11:40:23:608,-3.9675,-6.70125,"0,275",10,0,0,-3,"38,1317","3,402823466385289e+38","-15,625"
2026 02 20 11:40:23:610,-3.9985,-6.78875,"0,275",10,0,0,-3,"38,1317","3,402823466385289e+38","-19,5312"
2026 02 20 11:40:23:612,-3.9985,-6.70125,"0,275",10,0,0,-3,"38,1317","3,402823466385289e+38","7,8125"
2026 02 20 11:40:23:614,-3.9334,-6.70125,"0,275",10,0,0,-3,"38,1317","3,402823466385289e+38","3,9063"
2026 02 20 11:40:23:616,-3.9675,-6.78875,"0,275",10,0,0,-3,"38,1317","3,402823466385289e+38","7,8125"
2026 02 20 11:40:23:618,-3.9675,-6.78875,"0,275",10,0,0,-3,"38,1317","3,402823466385289e+38","7,8125"
2026 02 20 11:40:23:620,-3.9675,-6.78875,"0,275",10,0,0,-3,"38,1317","3,402823466385289e+38","23,4375"
2026 02 20 11:40:23:622,-3.9675,-6.70125,"0,275",10,0,0,-3,"38,1317","3,402823466385289e+38","19,5313"
2026 02 20 11:40:23:624,-3.9675,-6.87625,"0,275",10,0,0,-3,"38,1317","3,402823466385289e+38","11,7188"
2026 02 20 11:40:23:626,-3.9985,-6.78875,"0,275",10,0,0,-3,"38,1317","3,402823466385289e+38","-3,9062"
2026 02 20 11:40:23:628,-3.9675,-6.87625,"0,275",10,0,0,-3,"38,1317","3,402823466385289e+38","-15,625"
2026 02 20 11:40:23:630,-3.9334,-6.78875,"0,275",10,0,0,-3,"38,1317","3,402823466385289e+38","-23,4375"
2026 02 20 11:40:23:632,-3.9675,-6.70125,"0,275",10,0,0,-3,"38,1317","3,402823466385289e+38","7,8125"
2026 02 20 11:40:23:634,-3.9675,-6.78875,"0,275",10,0,0,-3,"38,1317","3,402823466385289e+38","7,8125"
2026 02 20 11:40:23:636,-3.9675,-6.78875,"0,275",10,0,0,-3,"38,1317","3,402823466385289e+38","7,8125"
2026 02 20 11:40:23:638,-3.9334,-6.78875,"0,275",10,0,0,-3,"38,1317","3,402823466385289e+38","7,8125"
2026 02 20 11:40:23:640,-3.9675,-6.78875,"0,275",10,0,0,-3,"38,1317","3,402823466385289e+38","23,4375"
2026 02 20 11:40:23:642,-3.9675,-6.78875,"0,275",10,0,0,-3,"38,1317","3,402823466385289e+38","19,5313"
2026 02 20 11:40:23:644,-3.9985,-6.70125,"0,275",10,0,0,-3,"38,1317","3,402823466385289e+38","11,7188"
2026 02 20 11:40:23:646,-3.9675,-6.78875,"0,275",10,0,0,-3,"38,1317","3,402823466385289e+38",0
2026 02 20 11:40:23:648,-3.9675,-6.78875,"0,275",10,0,0,-3,"38,1317","3,402823466385289e+38","-15,625"
2026 02 20 11:40:23:650,-3.9675,-6.70125,"0,275",10,0,0,-3,"38,1317","3,402823466385289e+38","-19,5312"
2026 02 20 11:40:23:652,-3.9675,-6.78875,"0,275",10,0,0,-3,"38,1317","3,402823466385289e+38","7,8125"
2026 02 20 11:40:23:654,-3.9334,-6.70125,"0,275",10,0,0,-3,"38,1317","3,402823466385289e+38","7,8125"
2026 02 20 11:40:23:656,-3.9675,-6.61375,"0,275",10,0,0,-3,"38,1317","3,402823466385289e+38","7,8125"
2026 02 20 11:40:23:658,-3.9675,-6.78875,"0,275",10,0,0,-3,"38,1317","3,402823466385289e+38","7,8125"
2026 02 20 11:40:23:660,-3.9675,-6.70125,"0,275",10,0,0,-3,"38,1317","3,402823466385289e+38","23,4375"
2026 02 20 11:40:23:662,-3.9675,-6.70125,"0,275",10,0,0,-3,"38,1317","3,402823466385289e+38","19,5313"
2026 02 20 11:40:23:664,-3.9985,-6.61375,"0,275",10,0,0,-3,"38,1317","3,402823466385289e+38","11,7188"
2026 02 20 11:40:23:666,-3.9985,-6.78875,"0,275",10,0,0,-3,"38,1317","3,402823466385289e+38","-3,9062"
2026 02 20 11:40:23:668,-3.9675,-6.70125,"0,275",10,0,0,-3,"38,1317","3,402823466385289e+38","-15,625"
2026 02 20 11:40:23:670,-3.9675,-6.70125,"0,275",10,0,0,-3,"38,1317","3,402823466385289e+38","-23,4375"
2026 02 20 11:40:23:672,-3.9675,-6.78875,"0,275",10,0,0,-3,"38,1317","3,402823466385289e+38","7,8125"
2026 02 20 11:40:23:674,-3.9675,-6.70125,"0,275",10,0,0,-3,"38,1317","3,402823466385289e+38","3,9063"
2026 02 20 11:40:23:676,-3.9675,-6.78875,"0,275",10,0,0,-3,"38,1317","3,402823466385289e+38","3,9063"
2026 02 20 11:40:23:678,-3.9675,-6.70125,"0,275",10,0,0,-3,"38,1317","3,402823466385289e+38","7,8125"
2026 02 20 11:40:23:680,-3.9675,-6.78875,"0,275",10,0,0,-3,"38,1317","3,402823466385289e+38","27,3438"
2026 02 20 11:40:23:682,-3.9334,-6.78875,"0,275",10,0,0,-3,"38,1317","3,402823466385289e+38","19,5313"
2026 02 20 11:40:23:684,-3.9675,-6.78875,"0,275",10,0,0,-3,"38,1317","3,402823466385289e+38","11,7188"
2026 02 20 11:40:23:686,-3.9334,-6.78875,"0,275",10,0,0,-3,"38,1317","3,402823466385289e+38","-3,9062"
2026 02 20 11:40:23:688,-3.9334,-6.78875,"0,275",10,0,0,-3,"38,1317","3,402823466385289e+38","-15,625"
2026 02 20 11:40:23:690,-3.9334,-6.78875,"0,275",10,0,0,-3,"38,1317","3,402823466385289e+38","-19,5312"
2026 02 20 11:40:23:692,-3.9334,-6.87625,"0,275",10,0,0,-3,"38,1317","3,402823466385289e+38","7,8125"
2026 02 20 11:40:23:694,-3.9675,-6.78875,"0,275",10,0,0,-3,"38,1317","3,402823466385289e+38","3,9063"
2026 02 20 11:40:23:696,-3.9675,-6.78875,"0,275",10,0,0,-3,"38,1317","3,402823466385289e+38","7,8125"
2026 02 20 11:40:23:698,-3.9675,-6.78875,"0,275",10,0,0,-3,"38,1317","3,402823466385289e+38","7,8125"
2026 02 20 11:40:23:700,-3.9675,-6.78875,"0,275",10,0,0,-3,"38,1317","3,402823466385289e+38","27,3438"
2026 02 20 11:40:23:702,-3.9985,-6.70125,"0,275",10,0,0,-3,"38,1317","3,402823466385289e+38","19,5313"
2026 02 20 11:40:23:704,-3.9675,-6.78875,"0,275",10,0,0,-3,"38,1317","3,402823466385289e+38","11,7188"
2026 02 20 11:40:23:706,-3.9675,-6.70125,"0,275",10,0,0,-3,"38,1317","3,402823466385289e+38","-3,9062"
2026 02 20 11:40:23:708,-3.9985,-6.70125,"0,275",10,0,0,-3,"38,1317","3,402823466385289e+38","-15,625"
2026 02 20 11:40:23:710,-3.9334,-6.70125,"0,275",10,0,0,-3,"38,1317","3,402823466385289e+38","-23,4375"
2026 02 20 11:40:23:712,-3.9675,-6.78875,"0,275",10,0,0,-3,"38,1317","3,402823466385289e+38","3,9063"
2026 02 20 11:40:23:714,-3.9675,-6.70125,"0,275",10,0,0,-3,"38,1317","3,402823466385289e+38","3,9063"
2026 02 20 11:40:23:716,-3.9675,-6.70125,"0,275",10,0,0,-3,"38,1317","3,402823466385289e+38","7,8125"
2026 02 20 11:40:23:718,-3.9675,-6.78875,"0,275",10,0,0,-3,"38,1317","3,402823466385289e+38","7,8125"
2026 02 20 11:40:23:720,-3.9675,-6.70125,"0,275",10,0,0,-3,"38,1317","3,402823466385289e+38","23,4375"
2026 02 20 11:40:23:722,-3.9985,-6.78875,"0,275",10,0,0,-3,"38,1317","3,402823466385289e+38","19,5313"
2026 02 20 11:40:23:724,-3.9675,-6.70125,"0,275",10,0,0,-3,"38,1317","3,402823466385289e+38","15,625"
2026 02 20 11:40:23:726,-3.9675,-6.78875,"0,275",10,0,0,-3,"38,1317","3,402823466385289e+38","-3,9062"
2026 02 20 11:40:23:728,-3.9675,-6.70125,"0,275",10,0,0,-3,"38,1317","3,402823466385289e+38","-15,625"
2026 02 20 11:40:23:730,-3.9675,-6.78875,"0,275",10,0,0,-3,"38,1317","3,402823466385289e+38","-23,4375"
2026 02 20 11:40:23:732,-3.9675,-6.70125,"0,275",10,0,0,-3,"38,1317","3,402823466385289e+38","7,8125"
2026 02 20 11:40:23:734,-3.9334,-6.78875,"0,275",10,0,0,-3,"38,1317","3,402823466385289e+38","3,9063"
2026 02 20 11:40:23:736,-3.9985,-6.70125,"0,275",10,0,0,-3,"38,1317","3,402823466385289e+38","7,8125"
2026 02 20 11:40:23:738,-3.9675,-6.78875,"0,275",10,0,0,-3,"38,1317","3,402823466385289e+38","7,8125"
2026 02 20 11:40:23:740,-3.9675,-6.78875,"0,275",10,0,0,-3,"38,1317","3,402823466385289e+38","23,4375"
2026 02 20 11:40:23:742,-3.9334,-6.70125,"0,275",10,0,0,-3,"38,1317","3,402823466385289e+38","19,5313"
2026 02 20 11:40:23:744,-3.9675,-6.70125,"0,275",10,0,0,-3,"38,1317","3,402823466385289e+38","11,7188"
2026 02 20 11:40:23:746,-3.9334,-6.70125,"0,275",10,0,0,-3,"38,1317","3,402823466385289e+38","-3,9062"
2026 02 20 11:40:23:748,-3.9675,-6.78875,"0,275",10,0,0,-3,"38,1317","3,402823466385289e+38","-15,625"
2026 02 20 11:40:23:750,-3.9675,-6.70125,"0,275",10,0,0,-3,"38,1317","3,402823466385289e+38","-19,5312"
2026 02 20 11:40:23:752,-3.9675,-6.70125,"0,275",10,0,0,-3,"38,1317","3,402823466385289e+38","7,8125"
2026 02 20 11:40:23:754,-3.9675,-6.78875,"0,275",10,0,0,-3,"38,1317","3,402823466385289e+38","3,9063"
2026 02 20 11:40:23:756,-3.9334,-6.78875,"0,275",10,0,0,-3,"38,1317","3,402823466385289e+38","3,9063"
2026 02 20 11:40:23:758,-3.9675,-6.70125,"0,275",10,0,0,-3,"38,1317","3,402823466385289e+38","7,8125"
2026 02 20 11:40:23:760,-3.9985,-6.78875,"0,275",10,0,0,-3,"38,1317","3,402823466385289e+38","27,3438"
2026 02 20 11:40:23:762,-3.9675,-6.70125,"0,275",10,0,0,-3,"38,1317","3,402823466385289e+38","19,5313"
2026 02 20 11:40:23:764,-3.9675,-6.78875,"0,275",10,0,0,-3,"38,1317","3,402823466385289e+38","11,7188"
2026 02 20 11:40:23:766,-3.9675,-6.70125,"0,275",10,0,0,-3,"38,1317","3,402823466385289e+38","-3,9062"
2026 02 20 11:40:23:768,-3.9675,-6.78875,"0,275",10,0,0,-3,"38,1317","3,402823466385289e+38","-15,625"
2026 02 20 11:40:23:770,-3.9334,-6.78875,"0,275",10,0,0,-3,"38,1317","3,402823466385289e+38","-19,5312"
2026 02 20 11:40:23:772,-3.9675,-6.70125,"0,275",10,0,0,-3,"38,1317","3,402823466385289e+38","7,8125"
2026 02 20 11:40:23:774,-3.9675,-6.78875,"0,275",10,0,0,-3,"38,1317","3,402823466385289e+38","3,9063"
2026 02 20 11:40:23:776,-3.9675,-6.78875,"0,275",10,0,0,-3,"38,1317","3,402823466385289e+38","3,9063"
2026 02 20 11:40:23:778,-3.9675,-6.78875,"0,275",10,0,0,-3,"38,1317","3,402823466385289e+38","7,8125"
2026 02 20 11:40:23:780,-3.9985,-6.70125,"0,275",10,0,0,-3,"38,1317","3,402823466385289e+38","27,3438"
2026 02 20 11:40:23:782,-3.9675,-6.78875,"0,275",10,0,0,-3,"38,1317","3,402823466385289e+38","19,5313"
2026 02 20 11:40:23:784,-3.9675,-6.70125,"0,275",10,0,0,-3,"38,1317","3,402823466385289e+38","11,7188"
2026 02 20 11:40:23:786,-3.9985,-6.78875,"0,275",10,0,0,-3,"38,1317","3,402823466385289e+38",0
2026 02 20 11:40:23:788,-3.9675,-6.70125,"0,275",10,0,0,-3,"38,1317","3,402823466385289e+38","-15,625"
2026 02 20 11:40:23:790,-3.9675,-6.78875,"0,275",10,0,0,-3,"38,1317","3,402823466385289e+38","-31,25"
2026 02 20 11:40:23:792,-3.9675,-6.70125,"0,275",10,0,0,-3,"38,1317","3,402823466385289e+38","7,8125"
2026 02 20 11:40:23:794,-3.9675,-6.70125,"0,275",10,0,0,-3,"38,1317","3,402823466385289e+38","7,8125"
2026 02 20 11:40:23:796,-3.9675,-6.78875,"0,275",10,0,0,-3,"38,1317","3,402823466385289e+38","7,8125"
2026 02 20 11:40:23:798,-3.9985,-6.78875,"0,275",10,0,0,-3,"38,1317","3,402823466385289e+38","7,8125"
2026 02 20 11:40:23:800,-3.9985,-6.78875,"0,275",10,0,0,-3,"38,1317","3,402823466385289e+38","27,3438"
2026 02 20 11:40:23:802,-3.9024,-6.70125,"0,275",10,0,0,-3,"38,1317","3,402823466385289e+38","19,5313"
2026 02 20 11:40:23:804,-3.9675,-6.78875,"0,275",10,0,0,-3,"38,1317","3,402823466385289e+38","11,7188"
2026 02 20 11:40:23:806,-3.9675,-6.78875,"0,275",10,0,0,-3,"38,1317","3,402823466385289e+38","-3,9062"
2026 02 20 11:40:23:808,-3.9985,-6.70125,"0,275",10,0,0,-3,"38,1317","3,402823466385289e+38","-15,625"
2026 02 20 11:40:23:810,-3.9675,-6.78875,"0,275",10,0,0,-3,"38,1317","3,402823466385289e+38","-23,4375"
2026 02 20 11:40:23:812,-3.9675,-6.78875,"0,275",10,0,0,-3,"38,1317","3,402823466385289e+38","7,8125"
2026 02 20 11:40:23:814,-3.9985,-6.78875,"0,275",10,0,0,-3,"38,1317","3,402823466385289e+38","3,9063"
2026 02 20 11:40:23:816,-3.9675,-6.78875,"0,275",10,0,0,-3,"38,1317","3,402823466385289e+38","7,8125"
2026 02 20 11:40:23:818,-3.9985,-6.78875,"0,275",10,0,0,-3,"38,1317","3,402823466385289e+38","7,8125"
2026 02 20 11:40:23:820,-3.9675,-6.78875,"0,275",10,0,0,-3,"38,1317","3,402823466385289e+38","27,3438"
2026 02 20 11:40:23:822,-3.9675,-6.78875,"0,275",10,0,0,-3,"38,1317","3,402823466385289e+38","19,5313"
2026 02 20 11:40:23:824,-3.9675,-6.78875,"0,275",10,0,0,-3,"38,1317","3,402823466385289e+38","7,8125"
2026 02 20 11:40:23:826,-3.9675,-6.87625,"0,275",10,0,0,-3,"38,1317","3,402823466385289e+38","-3,9062"
2026 02 20 11:40:23:828,-3.9675,-6.70125,"0,275",10,0,0,-3,"38,1317","3,402823466385289e+38","-15,625"
2026 02 20 11:40:23:830,-3.9675,-6.78875,"0,275",10,0,0,-3,"38,1317","3,402823466385289e+38","-19,5312"
2026 02 20 11:40:23:832,-3.9675,-6.70125,"0,275",10,0,0,-3,"38,1317","3,402823466385289e+38","7,8125"
2026 02 20 11:40:23:834,-3.9675,-6.78875,"0,275",10,0,0,-3,"38,1317","3,402823466385289e+38","7,8125"
2026 02 20 11:40:23:836,-3.9985,-6.70125,"0,275",10,0,0,-3,"38,1317","3,402823466385289e+38","7,8125"
2026 02 20 11:40:23:838,-3.9675,-6.70125,"0,275",10,0,0,-3,"38,1317","3,402823466385289e+38","7,8125"
2026 02 20 11:40:23:840,-3.9985,-6.78875,"0,275",10,0,0,-3,"38,1317","3,402823466385289e+38","27,3438"
2026 02 20 11:40:23:842,-3.9675,-6.78875,"0,275",10,0,0,-3,"38,1317","3,402823466385289e+38","19,5313"
2026 02 20 11:40:23:844,-3.9675,-6.70125,"0,275",10,0,0,-3,"38,1317","3,402823466385289e+38","11,7188"
2026 02 20 11:40:23:846,-3.9675,-6.78875,"0,275",10,0,0,-3,"38,1317","3,402823466385289e+38","-3,9062"
2026 02 20 11:40:23:848,-3.9675,-6.70125,"0,275",10,0,0,-3,"38,1317","3,402823466385289e+38","-15,625"
2026 02 20 11:40:23:850,-3.9675,-6.70125,"0,275",10,0,0,-3,"38,1317","3,402823466385289e+38","-27,3437"
2026 02 20 11:40:23:852,-3.9675,-6.78875,"0,273",10,0,0,-3,"38,9404","3,402823466385289e+38","7,8125"
2026 02 20 11:40:23:854,-3.9675,-6.78875,"0,273",10,0,0,-3,"38,9404","3,402823466385289e+38","3,9063"
2026 02 20 11:40:23:856,-3.9675,-6.70125,"0,273",10,0,0,-3,"38,9404","3,402823466385289e+38","7,8125"
2026 02 20 11:40:23:858,-3.9985,-6.78875,"0,273",10,0,0,-3,"38,9404","3,402823466385289e+38","7,8125"
2026 02 20 11:40:23:860,-3.9675,-6.78875,"0,273",10,0,0,-3,"38,9404","3,402823466385289e+38","27,3438"
2026 02 20 11:40:23:862,-3.9334,-6.70125,"0,273",10,0,0,-3,"38,9404","3,402823466385289e+38","19,5313"
2026 02 20 11:40:23:864,-3.9675,-6.70125,"0,273",10,0,0,-3,"38,9404","3,402823466385289e+38","11,7188"
2026 02 20 11:40:23:866,-3.9675,-6.78875,"0,273",10,0,0,-3,"38,9404","3,402823466385289e+38",0
2026 02 20 11:40:23:868,-3.9675,-6.78875,"0,273",10,0,0,-3,"38,9404","3,402823466385289e+38","-11,7187"
2026 02 20 11:40:23:870,-3.9675,-6.70125,"0,273",10,0,0,-3,"38,9404","3,402823466385289e+38","-19,5312"
2026 02 20 11:40:23:872,-3.9334,-6.78875,"0,273",10,0,0,-3,"38,9404","3,402823466385289e+38","7,8125"
2026 02 20 11:40:23:874,-3.9675,-6.78875,"0,273",10,0,0,-3,"38,9404","3,402823466385289e+38","3,9063"
2026 02 20 11:40:23:876,-3.9675,-6.70125,"0,273",10,0,0,-3,"38,9404","3,402823466385289e+38","7,8125"
2026 02 20 11:40:23:878,-3.9675,-6.78875,"0,273",10,0,0,-3,"38,9404","3,402823466385289e+38","7,8125"
2026 02 20 11:40:23:880,-3.9675,-6.78875,"0,273",10,0,0,-3,"38,9404","3,402823466385289e+38","27,3438"
2026 02 20 11:40:23:882,-3.9985,-6.78875,"0,273",10,0,0,-3,"38,9404","3,402823466385289e+38","19,5313"
2026 02 20 11:40:23:884,-3.9675,-6.78875,"0,273",10,0,0,-3,"38,9404","3,402823466385289e+38","11,7188"
2026 02 20 11:40:23:886,-3.9675,-6.78875,"0,273",10,0,0,-3,"38,9404","3,402823466385289e+38","-7,8125"
2026 02 20 11:40:23:888,-3.9675,-6.78875,"0,273",10,0,0,-3,"38,9404","3,402823466385289e+38","-15,625"
2026 02 20 11:40:23:890,-3.9985,-6.70125,"0,273",10,0,0,-3,"38,9404","3,402823466385289e+38","-19,5312"
2026 02 20 11:40:23:892,-3.9985,-6.78875,"0,273",10,0,0,-3,"38,9404","3,402823466385289e+38","7,8125"
2026 02 20 11:40:23:894,-3.9675,-6.70125,"0,273",10,0,0,-3,"38,9404","3,402823466385289e+38","7,8125"
2026 02 20 11:40:23:896,-3.9675,-6.70125,"0,273",10,0,0,-3,"38,9404","3,402823466385289e+38","7,8125"
2026 02 20 11:40:23:898,-3.9675,-6.78875,"0,273",10,0,0,-3,"38,9404","3,402823466385289e+38","7,8125"
2026 02 20 11:40:23:900,-3.9675,-6.78875,"0,273",10,0,0,-3,"38,9404","3,402823466385289e+38","27,3438"
2026 02 20 11:40:23:902,-3.9675,-6.70125,"0,273",10,0,0,-3,"38,9404","3,402823466385289e+38","15,625"
2026 02 20 11:40:23:904,-3.9334,-6.70125,"0,273",10,0,0,-3,"38,9404","3,402823466385289e+38","11,7188"
2026 02 20 11:40:23:906,-3.9675,-6.78875,"0,273",10,0,0,-3,"38,9404","3,402823466385289e+38","-3,9062"
2026 02 20 11:40:23:908,-3.9675,-6.78875,"0,273",10,0,0,-3,"38,9404","3,402823466385289e+38","-15,625"
2026 02 20 11:40:23:910,-3.9675,-6.78875,"0,273",10,0,0,-3,"38,9404","3,402823466385289e+38","-19,5312"
2026 02 20 11:40:23:912,-3.9675,-6.78875,"0,273",10,0,0,-3,"38,9404","3,402823466385289e+38","3,9063"
2026 02 20 11:40:23:914,-3.9675,-6.70125,"0,273",10,0,0,-3,"38,9404","3,402823466385289e+38","7,8125"
2026 02 20 11:40:23:916,-3.9675,-6.78875,"0,273",10,0,0,-3,"38,9404","3,402823466385289e+38","7,8125"
2026 02 20 11:40:23:918,-3.9675,-6.78875,"0,273",10,0,0,-3,"38,9404","3,402823466385289e+38","7,8125"
2026 02 20 11:40:23:920,-3.9334,-6.70125,"0,273",10,0,0,-3,"38,9404","3,402823466385289e+38","27,3438"
2026 02 20 11:40:23:922,-3.9675,-6.78875,"0,273",10,0,0,-3,"38,9404","3,402823466385289e+38","19,5313"
2026 02 20 11:40:23:924,-3.9675,-6.70125,"0,273",10,0,0,-3,"38,9404","3,402823466385289e+38","11,7188"
2026 02 20 11:40:23:926,-3.9675,-6.87625,"0,273",10,0,0,-3,"38,9404","3,402823466385289e+38",0
2026 02 20 11:40:23:928,-3.9675,-6.78875,"0,273",10,0,0,-3,"38,9404","3,402823466385289e+38","-11,7187"
2026 02 20 11:40:23:930,-3.9985,-6.70125,"0,273",10,0,0,-3,"38,9404","3,402823466385289e+38","-23,4375"
2026 02 20 11:40:23:932,-3.9334,-6.78875,"0,273",10,0,0,-3,"38,9404","3,402823466385289e+38","7,8125"
2026 02 20 11:40:23:934,-3.9985,-6.78875,"0,273",10,0,0,-3,"38,9404","3,402823466385289e+38","3,9063"
2026 02 20 11:40:23:936,-3.9675,-6.78875,"0,273",10,0,0,-3,"38,9404","3,402823466385289e+38","7,8125"
2026 02 20 11:40:23:938,-3.9985,-6.70125,"0,273",10,0,0,-3,"38,9404","3,402823466385289e+38","7,8125"
2026 02 20 11:40:23:940,-3.9675,-6.70125,"0,273",10,0,0,-3,"38,9404","3,402823466385289e+38","27,3438"
2026 02 20 11:40:23:942,-3.9675,-6.78875,"0,273",10,0,0,-3,"38,9404","3,402823466385289e+38","19,5313"
2026 02 20 11:40:23:944,-3.9985,-6.70125,"0,273",10,0,0,-3,"38,9404","3,402823466385289e+38","11,7188"
2026 02 20 11:40:23:946,-3.9334,-6.78875,"0,273",10,0,0,-3,"38,9404","3,402823466385289e+38","-3,9062"
2026 02 20 11:40:23:948,-3.9675,-6.70125,"0,273",10,0,0,-3,"38,9404","3,402823466385289e+38","-15,625"
2026 02 20 11:40:23:950,-3.9675,-6.78875,"0,273",10,0,0,-3,"38,9404","3,402823466385289e+38","-23,4375"
2026 02 20 11:40:23:952,-3.9985,-6.70125,"0,273",10,0,0,-3,"38,9404","3,402823466385289e+38","7,8125"
2026 02 20 11:40:23:954,-3.9334,-6.78875,"0,273",10,0,0,-3,"38,9404","3,402823466385289e+38","3,9063"
2026 02 20 11:40:23:956,-3.9675,-6.78875,"0,273",10,0,0,-3,"38,9404","3,402823466385289e+38","3,9063"
2026 02 20 11:40:23:958,-3.9675,-6.70125,"0,273",10,0,0,-3,"38,9404","3,402823466385289e+38","7,8125"
2026 02 20 11:40:23:960,-3.9675,-6.70125,"0,273",10,0,0,-3,"38,9404","3,402823466385289e+38","27,3438"
2026 02 20 11:40:23:962,-3.9675,-6.78875,"0,273",10,0,0,-3,"38,9404","3,402823466385289e+38","19,5313"
2026 02 20 11:40:23:964,-3.9675,-6.70125,"0,273",10,0,0,-3,"38,9404","3,402823466385289e+38","7,8125"
2026 02 20 11:40:23:966,-3.9675,-6.78875,"0,273",10,0,0,-3,"38,9404","3,402823466385289e+38","-7,8125"
2026 02 20 11:40:23:968,-3.9675,-6.78875,"0,273",10,0,0,-3,"38,9404","3,402823466385289e+38","-11,7187"
2026 02 20 11:40:23:970,-3.9675,-6.78875,"0,273",10,0,0,-3,"38,9404","3,402823466385289e+38","-23,4375"
2026 02 20 11:40:23:972,-3.9675,-6.78875,"0,273",10,0,0,-3,"38,9404","3,402823466385289e+38","3,9063"
2026 02 20 11:40:23:974,-3.9675,-6.78875,"0,273",10,0,0,-3,"38,9404","3,402823466385289e+38","3,9063"
2026 02 20 11:40:23:976,-3.9675,-6.87625,"0,273",10,0,0,-3,"38,9404","3,402823466385289e+38","3,9063"
2026 02 20 11:40:23:978,-3.9675,-6.70125,"0,273",10,0,0,-3,"38,9404","3,402823466385289e+38","3,9063"
2026 02 20 11:40:23:980,-3.9675,-6.78875,"0,273",10,0,0,-3,"38,9404","3,402823466385289e+38","27,3438"
2026 02 20 11:40:23:982,-3.9675,-6.87625,"0,273",10,0,0,-3,"38,9404","3,402823466385289e+38","19,5313"
2026 02 20 11:40:23:984,-3.9675,-6.78875,"0,273",10,0,0,-3,"38,9404","3,402823466385289e+38","11,7188"
2026 02 20 11:40:23:986,-3.9675,-6.78875,"0,273",10,0,0,-3,"38,9404","3,402823466385289e+38","-3,9062"
2026 02 20 11:40:23:988,-3.9334,-6.78875,"0,273",10,0,0,-3,"38,9404","3,402823466385289e+38","-11,7187"
2026 02 20 11:40:23:990,-3.9334,-6.70125,"0,273",10,0,0,-3,"38,9404","3,402823466385289e+38","-19,5312"
2026 02 20 11:40:23:992,-3.9334,-6.78875,"0,273",10,0,0,-3,"38,9404","3,402823466385289e+38","7,8125"
2026 02 20 11:40:23:994,-3.9985,-6.78875,"0,273",10,0,0,-3,"38,9404","3,402823466385289e+38","7,8125"
2026 02 20 11:40:23:996,-3.9675,-6.78875,"0,273",10,0,0,-3,"38,9404","3,402823466385289e+38","7,8125"
2026 02 20 11:40:23:998,-3.9334,-6.78875,"0,273",10,0,0,-3,"38,9404","3,402823466385289e+38","7,8125"
2026 02 20 11:40:24:000,-3.9675,-6.78875,"0,273",10,0,0,-3,"38,9404","3,402823466385289e+38","27,3438"
2026 02 20 11:40:24:002,-3.9675,-6.70125,"0,273",10,0,0,-3,"38,9404","3,402823466385289e+38","19,5313"
2026 02 20 11:40:24:004,-3.9675,-6.70125,"0,273",10,0,0,-3,"38,9404","3,402823466385289e+38","11,7188"
2026 02 20 11:40:24:006,-3.9675,-6.70125,"0,273",10,0,0,-3,"38,9404","3,402823466385289e+38","-3,9062"
2026 02 20 11:40:24:008,-3.9675,-6.70125,"0,273",10,0,0,-3,"38,9404","3,402823466385289e+38","-11,7187"
2026 02 20 11:40:24:010,-3.9985,-6.70125,"0,273",10,0,0,-3,"38,9404","3,402823466385289e+38","-19,5312"
2026 02 20 11:40:24:012,-3.9675,-6.70125,"0,273",10,0,0,-3,"38,9404","3,402823466385289e+38","3,9063"
2026 02 20 11:40:24:014,-3.9675,-6.70125,"0,273",10,0,0,-3,"38,9404","3,402823466385289e+38","3,9063"
2026 02 20 11:40:24:016,-3.9675,-6.70125,"0,273",10,0,0,-3,"38,9404","3,402823466385289e+38","7,8125"
2026 02 20 11:40:24:018,-3.9675,-6.78875,"0,273",10,0,0,-3,"38,9404","3,402823466385289e+38","7,8125"
2026 02 20 11:40:24:020,-3.9675,-6.78875,"0,273",10,0,0,-3,"38,9404","3,402823466385289e+38","27,3438"
2026 02 20 11:40:24:022,-3.9675,-6.78875,"0,273",10,0,0,-3,"38,9404","3,402823466385289e+38","19,5313"
2026 02 20 11:40:24:024,-3.9675,-6.70125,"0,273",10,0,0,-3,"38,9404","3,402823466385289e+38","11,7188"
2026 02 20 11:40:24:026,-3.9985,-6.70125,"0,273",10,0,0,-3,"38,9404","3,402823466385289e+38","-7,8125"
2026 02 20 11:40:24:028,-3.9675,-6.70125,"0,273",10,0,0,-3,"38,9404","3,402823466385289e+38","-15,625"
2026 02 20 11:40:24:030,-3.9334,-6.87625,"0,273",10,0,0,-3,"38,9404","3,402823466385289e+38","-23,4375"
2026 02 20 11:40:24:032,-3.9334,-6.70125,"0,273",10,0,0,-3,"38,9404","3,402823466385289e+38","7,8125"
2026 02 20 11:40:24:034,-3.9675,-6.70125,"0,273",10,0,0,-3,"38,9404","3,402823466385289e+38","3,9063"
2026 02 20 11:40:24:036,-3.9675,-6.78875,"0,273",10,0,0,-3,"38,9404","3,402823466385289e+38","7,8125"
2026 02 20 11:40:24:038,-3.9985,-6.78875,"0,273",10,0,0,-3,"38,9404","3,402823466385289e+38","7,8125"
2026 02 20 11:40:24:040,-3.9675,-6.78875,"0,273",10,0,0,-3,"38,9404","3,402823466385289e+38","27,3438"
2026 02 20 11:40:24:042,-3.9334,-6.70125,"0,273",10,0,0,-3,"38,9404","3,402823466385289e+38","15,625"
2026 02 20 11:40:24:044,-3.9675,-6.78875,"0,273",10,0,0,-3,"38,9404","3,402823466385289e+38","11,7188"
2026 02 20 11:40:24:046,-3.9675,-6.78875,"0,273",10,0,0,-3,"38,9404","3,402823466385289e+38","-7,8125"
2026 02 20 11:40:24:048,-3.9675,-6.70125,"0,273",10,0,0,-3,"38,9404","3,402823466385289e+38","-15,625"
2026 02 20 11:40:24:050,-3.9334,-6.70125,"0,273",10,0,0,-3,"38,9404","3,402823466385289e+38","-27,3437"
2026 02 20 11:40:24:052,-3.9675,-6.78875,"0,273",10,0,0,-3,"38,9404","3,402823466385289e+38","3,9063"
2026 02 20 11:40:24:054,-3.9675,-6.70125,"0,273",10,0,0,-3,"38,9404","3,402823466385289e+38","3,9063"
2026 02 20 11:40:24:056,-3.9985,-6.70125,"0,273",10,0,0,-3,"38,9404","3,402823466385289e+38","7,8125"
2026 02 20 11:40:24:058,-3.9675,-6.70125,"0,273",10,0,0,-3,"38,9404","3,402823466385289e+38","7,8125"
2026 02 20 11:40:24:060,-3.9334,-6.78875,"0,273",10,0,0,-3,"38,9404","3,402823466385289e+38","27,3438"
2026 02 20 11:40:24:062,-3.9985,-6.78875,"0,273",10,0,0,-3,"38,9404","3,402823466385289e+38","19,5313"
2026 02 20 11:40:24:064,-3.9675,-6.78875,"0,273",10,0,0,-3,"38,9404","3,402823466385289e+38","11,7188"
2026 02 20 11:40:24:066,-3.9675,-6.78875,"0,273",10,0,0,-3,"38,9404","3,402823466385289e+38","-3,9062"
2026 02 20 11:40:24:068,-3.9675,-6.78875,"0,273",10,0,0,-3,"38,9404","3,402823466385289e+38","-15,625"
2026 02 20 11:40:24:070,-3.9334,-6.78875,"0,273",10,0,0,-3,"38,9404","3,402823466385289e+38","-19,5312"
2026 02 20 11:40:24:072,-3.9675,-6.78875,"0,273",10,0,0,-3,"38,9404","3,402823466385289e+38","3,9063"
2026 02 20 11:40:24:074,-3.9675,-6.70125,"0,273",10,0,0,-3,"38,9404","3,402823466385289e+38","7,8125"
2026 02 20 11:40:24:076,-3.9675,-6.78875,"0,273",10,0,0,-3,"38,9404","3,402823466385289e+38","7,8125"
2026 02 20 11:40:24:078,-3.9675,-6.70125,"0,273",10,0,0,-3,"38,9404","3,402823466385289e+38","3,9063"
2026 02 20 11:40:24:080,-3.9675,-6.78875,"0,273",10,0,0,-3,"38,9404","3,402823466385289e+38","27,3438"
2026 02 20 11:40:24:082,-3.9675,-6.70125,"0,273",10,0,0,-3,"38,9404","3,402823466385289e+38","19,5313"
2026 02 20 11:40:24:084,-3.9985,-6.78875,"0,273",10,0,0,-3,"38,9404","3,402823466385289e+38","11,7188"
2026 02 20 11:40:24:086,-3.9985,-6.87625,"0,273",10,0,0,-3,"38,9404","3,402823466385289e+38","-3,9062"
2026 02 20 11:40:24:088,-3.9675,-6.78875,"0,273",10,0,0,-3,"38,9404","3,402823466385289e+38","-11,7187"
2026 02 20 11:40:24:090,-3.9675,-6.78875,"0,273",10,0,0,-3,"38,9404","3,402823466385289e+38","-23,4375"
2026 02 20 11:40:24:092,-3.9675,-6.78875,"0,273",10,0,0,-3,"38,9404","3,402823466385289e+38","3,9063"
2026 02 20 11:40:24:094,-3.9675,-6.87625,"0,273",10,0,0,-3,"38,9404","3,402823466385289e+38","3,9063"
2026 02 20 11:40:24:096,-3.9675,-6.87625,"0,273",10,0,0,-3,"38,9404","3,402823466385289e+38","3,9063"
2026 02 20 11:40:24:098,-3.9675,-6.70125,"0,273",10,0,0,-3,"38,9404","3,402823466385289e+38","3,9063"
2026 02 20 11:40:24:100,-3.9334,-6.78875,"0,273",10,0,0,-3,"38,9404","3,402823466385289e+38","27,3438"
2026 02 20 11:40:24:102,-3.9675,-6.78875,"0,273",10,0,0,-3,"38,9404","3,402823466385289e+38","23,4375"
2026 02 20 11:40:24:104,-3.9675,-6.78875,"0,273",10,0,0,-3,"38,9404","3,402823466385289e+38","11,7188"
2026 02 20 11:40:24:106,-3.9334,-6.70125,"0,273",10,0,0,-3,"38,9404","3,402823466385289e+38","-7,8125"
2026 02 20 11:40:24:108,-3.9675,-6.70125,"0,273",10,0,0,-3,"38,9404","3,402823466385289e+38","-15,625"
2026 02 20 11:40:24:110,-3.9675,-6.78875,"0,273",10,0,0,-3,"38,9404","3,402823466385289e+38","-27,3437"
2026 02 20 11:40:24:112,-3.9675,-6.70125,"0,273",10,0,0,-3,"38,9404","3,402823466385289e+38","7,8125"
2026 02 20 11:40:24:114,-3.9675,-6.78875,"0,273",10,0,0,-3,"38,9404","3,402823466385289e+38","3,9063"
2026 02 20 11:40:24:116,-3.9675,-6.70125,"0,273",10,0,0,-3,"38,9404","3,402823466385289e+38","3,9063"
2026 02 20 11:40:24:118,-3.9675,-6.78875,"0,273",10,0,0,-3,"38,9404","3,402823466385289e+38","7,8125"
2026 02 20 11:40:24:120,-3.9675,-6.78875,"0,273",10,0,0,-3,"38,9404","3,402823466385289e+38","27,3438"
2026 02 20 11:40:24:122,-3.9675,-6.70125,"0,273",10,0,0,-3,"38,9404","3,402823466385289e+38","15,625"
2026 02 20 11:40:24:124,-3.9675,-6.70125,"0,273",10,0,0,-3,"38,9404","3,402823466385289e+38","11,7188"
2026 02 20 11:40:24:126,-3.9675,-6.70125,"0,273",10,0,0,-3,"38,9404","3,402823466385289e+38","-3,9062"
2026 02 20 11:40:24:128,-3.9675,-6.78875,"0,273",10,0,0,-3,"38,9404","3,402823466385289e+38","-11,7187"
2026 02 20 11:40:24:130,-3.9985,-6.70125,"0,273",10,0,0,-3,"38,9404","3,402823466385289e+38","-19,5312"
2026 02 20 11:40:24:132,-3.9675,-6.78875,"0,273",10,0,0,-3,"38,9404","3,402823466385289e+38","7,8125"
2026 02 20 11:40:24:134,-3.9675,-6.78875,"0,273",10,0,0,-3,"38,9404","3,402823466385289e+38","3,9063"
2026 02 20 11:40:24:136,-3.9675,-6.78875,"0,273",10,0,0,-3,"38,9404","3,402823466385289e+38","7,8125"
2026 02 20 11:40:24:138,-3.9985,-6.78875,"0,273",10,0,0,-3,"38,9404","3,402823466385289e+38","7,8125"
2026 02 20 11:40:24:140,-3.9675,-6.87625,"0,273",10,0,0,-3,"38,9404","3,402823466385289e+38","27,3438"
2026 02 20 11:40:24:142,-3.9675,-6.78875,"0,273",10,0,0,-3,"38,9404","3,402823466385289e+38","19,5313"
2026 02 20 11:40:24:144,-3.9675,-6.70125,"0,273",10,0,0,-3,"38,9404","3,402823466385289e+38","11,7188"
2026 02 20 11:40:24:146,-3.9985,-6.78875,"0,273",10,0,0,-3,"38,9404","3,402823466385289e+38","-3,9062"
2026 02 20 11:40:24:148,-3.9675,-6.70125,"0,273",10,0,0,-3,"38,9404","3,402823466385289e+38","-11,7187"
2026 02 20 11:40:24:150,-3.9675,-6.78875,"0,273",10,0,0,-3,"38,9404","3,402823466385289e+38","-19,5312"
2026 02 20 11:40:24:152,-3.9675,-6.70125,"0,271",10,0,0,-3,"41,1682","3,402823466385289e+38","7,8125"
2026 02 20 11:40:24:154,-3.9675,-6.78875,"0,271",10,0,0,-3,"41,1682","3,402823466385289e+38","3,9063"
2026 02 20 11:40:24:156,-3.9675,-6.70125,"0,271",10,0,0,-3,"41,1682","3,402823466385289e+38","7,8125"
2026 02 20 11:40:24:158,-3.9334,-6.78875,"0,271",10,0,0,-3,"41,1682","3,402823466385289e+38","7,8125"
2026 02 20 11:40:24:160,-3.9334,-6.78875,"0,271",10,0,0,-3,"41,1682","3,402823466385289e+38","27,3438"
2026 02 20 11:40:24:162,-3.9985,-6.78875,"0,271",10,0,0,-3,"41,1682","3,402823466385289e+38","19,5313"
2026 02 20 11:40:24:164,-3.9334,-6.78875,"0,271",10,0,0,-3,"41,1682","3,402823466385289e+38","11,7188"
2026 02 20 11:40:24:166,-3.9334,-6.78875,"0,271",10,0,0,-3,"41,1682","3,402823466385289e+38","-3,9062"
2026 02 20 11:40:24:168,-3.9675,-6.70125,"0,271",10,0,0,-3,"41,1682","3,402823466385289e+38","-11,7187"
2026 02 20 11:40:24:170,-3.9334,-6.70125,"0,271",10,0,0,-3,"41,1682","3,402823466385289e+38","-19,5312"
2026 02 20 11:40:24:172,-3.9985,-6.78875,"0,271",10,0,0,-3,"41,1682","3,402823466385289e+38","7,8125"
2026 02 20 11:40:24:174,-3.9675,-6.78875,"0,271",10,0,0,-3,"41,1682","3,402823466385289e+38","7,8125"
2026 02 20 11:40:24:176,-3.9675,-6.87625,"0,271",10,0,0,-3,"41,1682","3,402823466385289e+38","7,8125"
2026 02 20 11:40:24:178,-3.9334,-6.78875,"0,271",10,0,0,-3,"41,1682","3,402823466385289e+38","7,8125"
2026 02 20 11:40:24:180,-3.9675,-6.87625,"0,271",10,0,0,-3,"41,1682","3,402823466385289e+38","27,3438"
2026 02 20 11:40:24:182,-3.9675,-6.78875,"0,271",10,0,0,-3,"41,1682","3,402823466385289e+38","23,4375"
2026 02 20 11:40:24:184,-3.9334,-6.78875,"0,271",10,0,0,-3,"41,1682","3,402823466385289e+38","7,8125"
2026 02 20 11:40:24:186,-3.9675,-6.78875,"0,271",10,0,0,-3,"41,1682","3,402823466385289e+38","-3,9062"
2026 02 20 11:40:24:188,-3.9334,-6.78875,"0,271",10,0,0,-3,"41,1682","3,402823466385289e+38","-11,7187"
2026 02 20 11:40:24:190,-3.9985,-6.78875,"0,271",10,0,0,-3,"41,1682","3,402823466385289e+38","-19,5312"
2026 02 20 11:40:24:192,-3.9334,-6.70125,"0,271",10,0,0,-3,"41,1682","3,402823466385289e+38","7,8125"
2026 02 20 11:40:24:194,-3.9675,-6.78875,"0,271",10,0,0,-3,"41,1682","3,402823466385289e+38","3,9063"
2026 02 20 11:40:24:196,-3.9675,-6.70125,"0,271",10,0,0,-3,"41,1682","3,402823466385289e+38","7,8125"
2026 02 20 11:40:24:198,-3.9675,-6.70125,"0,271",10,0,0,-3,"41,1682","3,402823466385289e+38","7,8125"
2026 02 20 11:40:24:200,-3.9675,-6.70125,"0,271",10,0,0,-3,"41,1682","3,402823466385289e+38","27,3438"
2026 02 20 11:40:24:202,-3.9675,-6.70125,"0,271",10,0,0,-3,"41,1682","3,402823466385289e+38","19,5313"
2026 02 20 11:40:24:204,-3.9675,-6.78875,"0,271",10,0,0,-3,"41,1682","3,402823466385289e+38","11,7188"
2026 02 20 11:40:24:206,-3.9985,-6.70125,"0,271",10,0,0,-3,"41,1682","3,402823466385289e+38","-3,9062"
2026 02 20 11:40:24:208,-3.9675,-6.78875,"0,271",10,0,0,-3,"41,1682","3,402823466385289e+38","-11,7187"
2026 02 20 11:40:24:210,-3.9675,-6.78875,"0,271",10,0,0,-3,"41,1682","3,402823466385289e+38","-19,5312"
2026 02 20 11:40:24:212,-3.9675,-6.70125,"0,271",10,0,0,-3,"41,1682","3,402823466385289e+38","7,8125"
2026 02 20 11:40:24:214,-3.9985,-6.78875,"0,271",10,0,0,-3,"41,1682","3,402823466385289e+38","3,9063"
2026 02 20 11:40:24:216,-3.9675,-6.87625,"0,271",10,0,0,-3,"41,1682","3,402823466385289e+38","7,8125"
2026 02 20 11:40:24:218,-3.9675,-6.87625,"0,271",10,0,0,-3,"41,1682","3,402823466385289e+38","7,8125"
2026 02 20 11:40:24:220,-3.9675,-6.78875,"0,271",10,0,0,-3,"41,1682","3,402823466385289e+38","27,3438"
2026 02 20 11:40:24:222,-3.9675,-6.87625,"0,271",10,0,0,-3,"41,1682","3,402823466385289e+38","19,5313"
2026 02 20 11:40:24:224,-3.9675,-6.78875,"0,271",10,0,0,-3,"41,1682","3,402823466385289e+38","11,7188"
2026 02 20 11:40:24:226,-3.9675,-6.70125,"0,271",10,0,0,-3,"41,1682","3,402823466385289e+38","-3,9062"
2026 02 20 11:40:24:228,-3.9675,-6.70125,"0,271",10,0,0,-3,"41,1682","3,402823466385289e+38","-11,7187"
2026 02 20 11:40:24:230,-3.9675,-6.70125,"0,271",10,0,0,-3,"41,1682","3,402823466385289e+38","-19,5312"
2026 02 20 11:40:24:232,-3.9675,-6.78875,"0,271",10,0,0,-3,"41,1682","3,402823466385289e+38","3,9063"
2026 02 20 11:40:24:234,-3.9675,-6.78875,"0,271",10,0,0,-3,"41,1682","3,402823466385289e+38","7,8125"
2026 02 20 11:40:24:236,-3.9675,-6.70125,"0,271",10,0,0,-3,"41,1682","3,402823466385289e+38","7,8125"
2026 02 20 11:40:24:238,-3.9675,-6.78875,"0,271",10,0,0,-3,"41,1682","3,402823466385289e+38","7,8125"
2026 02 20 11:40:24:240,-3.9675,-6.78875,"0,271",10,0,0,-3,"41,1682","3,402823466385289e+38","27,3438"
2026 02 20 11:40:24:242,-3.9675,-6.78875,"0,271",10,0,0,-3,"41,1682","3,402823466385289e+38","19,5313"
2026 02 20 11:40:24:244,-3.9675,-6.70125,"0,271",10,0,0,-3,"41,1682","3,402823466385289e+38","7,8125"
2026 02 20 11:40:24:246,-3.9675,-6.70125,"0,271",10,0,0,-3,"41,1682","3,402823466385289e+38","-7,8125"
2026 02 20 11:40:24:248,-3.9675,-6.70125,"0,271",10,0,0,-3,"41,1682","3,402823466385289e+38","-11,7187"
2026 02 20 11:40:24:250,-3.9675,-6.78875,"0,271",10,0,0,-3,"41,1682","3,402823466385289e+38","-23,4375"
2026 02 20 11:40:24:252,-3.9985,-6.70125,"0,271",10,0,0,-3,"41,1682","3,402823466385289e+38","7,8125"
2026 02 20 11:40:24:254,-3.9675,-6.78875,"0,271",10,0,0,-3,"41,1682","3,402823466385289e+38","3,9063"
2026 02 20 11:40:24:256,-3.9675,-6.78875,"0,271",10,0,0,-3,"41,1682","3,402823466385289e+38","3,9063"
2026 02 20 11:40:24:258,-3.9675,-6.70125,"0,271",10,0,0,-3,"41,1682","3,402823466385289e+38","3,9063"
2026 02 20 11:40:24:260,-3.9675,-6.70125,"0,271",10,0,0,-3,"41,1682","3,402823466385289e+38","27,3438"
2026 02 20 11:40:24:262,-3.9675,-6.78875,"0,271",10,0,0,-3,"41,1682","3,402823466385289e+38","15,625"
2026 02 20 11:40:24:264,-3.9675,-6.78875,"0,271",10,0,0,-3,"41,1682","3,402823466385289e+38","7,8125"
2026 02 20 11:40:24:266,-3.9985,-6.78875,"0,271",10,0,0,-3,"41,1682","3,402823466385289e+38","-7,8125"
2026 02 20 11:40:24:268,-3.9675,-6.78875,"0,271",10,0,0,-3,"41,1682","3,402823466385289e+38","-11,7187"
2026 02 20 11:40:24:270,-3.9675,-6.78875,"0,271",10,0,0,-3,"41,1682","3,402823466385289e+38","-19,5312"
2026 02 20 11:40:24:272,-3.9675,-6.78875,"0,271",10,0,0,-3,"41,1682","3,402823466385289e+38","7,8125"
2026 02 20 11:40:24:274,-3.9334,-6.78875,"0,271",10,0,0,-3,"41,1682","3,402823466385289e+38","3,9063"
2026 02 20 11:40:24:276,-3.9675,-6.70125,"0,271",10,0,0,-3,"41,1682","3,402823466385289e+38","7,8125"
2026 02 20 11:40:24:278,-3.9675,-6.78875,"0,271",10,0,0,-3,"41,1682","3,402823466385289e+38","7,8125"
2026 02 20 11:40:24:280,-3.9334,-6.78875,"0,271",10,0,0,-3,"41,1682","3,402823466385289e+38","27,3438"
2026 02 20 11:40:24:282,-3.9675,-6.78875,"0,271",10,0,0,-3,"41,1682","3,402823466385289e+38","15,625"
2026 02 20 11:40:24:284,-3.9675,-6.78875,"0,271",10,0,0,-3,"41,1682","3,402823466385289e+38","11,7188"
2026 02 20 11:40:24:286,-3.9675,-6.78875,"0,271",10,0,0,-3,"41,1682","3,402823466385289e+38","-3,9062"
2026 02 20 11:40:24:288,-3.9675,-6.78875,"0,271",10,0,0,-3,"41,1682","3,402823466385289e+38","-11,7187"
2026 02 20 11:40:24:290,-3.9675,-6.87625,"0,271",10,0,0,-3,"41,1682","3,402823466385289e+38","-19,5312"
2026 02 20 11:40:24:292,-3.9675,-6.78875,"0,271",10,0,0,-3,"41,1682","3,402823466385289e+38","3,9063"
2026 02 20 11:40:24:294,-3.9675,-6.78875,"0,271",10,0,0,-3,"41,1682","3,402823466385289e+38","3,9063"
2026 02 20 11:40:24:296,-3.9675,-6.78875,"0,271",10,0,0,-3,"41,1682","3,402823466385289e+38","7,8125"
2026 02 20 11:40:24:298,-3.9985,-6.70125,"0,271",10,0,0,-3,"41,1682","3,402823466385289e+38","3,9063"
2026 02 20 11:40:24:300,-3.9675,-6.78875,"0,271",10,0,0,-3,"41,1682","3,402823466385289e+38","27,3438"
2026 02 20 11:40:24:302,-3.9675,-6.70125,"0,271",10,0,0,-3,"41,1682","3,402823466385289e+38","19,5313"
2026 02 20 11:40:24:304,-3.9985,-6.78875,"0,271",10,0,0,-3,"41,1682","3,402823466385289e+38","11,7188"
2026 02 20 11:40:24:306,-3.9985,-6.70125,"0,271",10,0,0,-3,"41,1682","3,402823466385289e+38","-3,9062"
2026 02 20 11:40:24:308,-3.9675,-6.70125,"0,271",10,0,0,-3,"41,1682","3,402823466385289e+38","-11,7187"
2026 02 20 11:40:24:310,-3.9675,-6.70125,"0,271",10,0,0,-3,"41,1682","3,402823466385289e+38","-19,5312"
2026 02 20 11:40:24:312,-3.9675,-6.61375,"0,271",10,0,0,-3,"41,1682","3,402823466385289e+38","3,9063"
2026 02 20 11:40:24:314,-3.9675,-6.78875,"0,271",10,0,0,-3,"41,1682","3,402823466385289e+38","3,9063"
2026 02 20 11:40:24:316,-3.9675,-6.70125,"0,271",10,0,0,-3,"41,1682","3,402823466385289e+38","3,9063"
2026 02 20 11:40:24:318,-3.9675,-6.78875,"0,271",10,0,0,-3,"41,1682","3,402823466385289e+38","3,9063"
2026 02 20 11:40:24:320,-3.9985,-6.78875,"0,271",10,0,0,-3,"41,1682","3,402823466385289e+38","27,3438"
2026 02 20 11:40:24:322,-3.9675,-6.78875,"0,271",10,0,0,-3,"41,1682","3,402823466385289e+38","19,5313"
2026 02 20 11:40:24:324,-3.9985,-6.70125,"0,271",10,0,0,-3,"41,1682","3,402823466385289e+38","7,8125"
2026 02 20 11:40:24:326,-3.9675,-6.78875,"0,271",10,0,0,-3,"41,1682","3,402823466385289e+38","-7,8125"
2026 02 20 11:40:24:328,-3.9334,-6.78875,"0,271",10,0,0,-3,"41,1682","3,402823466385289e+38","-11,7187"
2026 02 20 11:40:24:330,-3.9334,-6.78875,"0,271",10,0,0,-3,"41,1682","3,402823466385289e+38","-19,5312"
2026 02 20 11:40:24:332,-3.9675,-6.78875,"0,271",10,0,0,-3,"41,1682","3,402823466385289e+38","3,9063"
2026 02 20 11:40:24:334,-3.9675,-6.78875,"0,271",10,0,0,-3,"41,1682","3,402823466385289e+38","3,9063"
2026 02 20 11:40:24:336,-3.9675,-6.78875,"0,271",10,0,0,-3,"41,1682","3,402823466385289e+38","3,9063"
2026 02 20 11:40:24:338,-3.9675,-6.78875,"0,271",10,0,0,-3,"41,1682","3,402823466385289e+38","7,8125"
2026 02 20 11:40:24:340,-3.9675,-6.78875,"0,271",10,0,0,-3,"41,1682","3,402823466385289e+38","27,3438"
2026 02 20 11:40:24:342,-3.9675,-6.78875,"0,271",10,0,0,-3,"41,1682","3,402823466385289e+38","15,625"
2026 02 20 11:40:24:344,-3.9675,-6.78875,"0,271",10,0,0,-3,"41,1682","3,402823466385289e+38","7,8125"
2026 02 20 11:40:24:346,-3.9675,-6.78875,"0,271",10,0,0,-3,"41,1682","3,402823466385289e+38","-7,8125"
2026 02 20 11:40:24:348,-3.9334,-6.78875,"0,271",10,0,0,-3,"41,1682","3,402823466385289e+38","-11,7187"
2026 02 20 11:40:24:350,-3.9985,-6.70125,"0,271",10,0,0,-3,"41,1682","3,402823466385289e+38","-19,5312"
2026 02 20 11:40:24:352,-3.9675,-6.70125,"0,271",10,0,0,-3,"41,1682","3,402823466385289e+38","3,9063"
2026 02 20 11:40:24:354,-3.9675,-6.70125,"0,271",10,0,0,-3,"41,1682","3,402823466385289e+38","3,9063"
2026 02 20 11:40:24:356,-3.9675,-6.70125,"0,271",10,0,0,-3,"41,1682","3,402823466385289e+38","3,9063"
2026 02 20 11:40:24:358,-3.9675,-6.78875,"0,271",10,0,0,-3,"41,1682","3,402823466385289e+38","7,8125"
2026 02 20 11:40:24:360,-3.9334,-6.70125,"0,271",10,0,0,-3,"41,1682","3,402823466385289e+38","27,3438"
2026 02 20 11:40:24:362,-3.9675,-6.78875,"0,271",10,0,0,-3,"41,1682","3,402823466385289e+38","19,5313"
2026 02 20 11:40:24:364,-3.9675,-6.78875,"0,271",10,0,0,-3,"41,1682","3,402823466385289e+38","11,7188"
2026 02 20 11:40:24:366,-3.9675,-6.78875,"0,271",10,0,0,-3,"41,1682","3,402823466385289e+38","-3,9062"
2026 02 20 11:40:24:368,-3.9675,-6.70125,"0,271",10,0,0,-3,"41,1682","3,402823466385289e+38","-11,7187"
2026 02 20 11:40:24:370,-3.9675,-6.78875,"0,271",10,0,0,-3,"41,1682","3,402823466385289e+38","-19,5312"
2026 02 20 11:40:24:372,-3.9675,-6.78875,"0,271",10,0,0,-3,"41,1682","3,402823466385289e+38","7,8125"
2026 02 20 11:40:24:374,-3.9675,-6.78875,"0,271",10,0,0,-3,"41,1682","3,402823466385289e+38","3,9063"
2026 02 20 11:40:24:376,-3.9675,-6.70125,"0,271",10,0,0,-3,"41,1682","3,402823466385289e+38","3,9063"
2026 02 20 11:40:24:378,-3.9675,-6.87625,"0,271",10,0,0,-3,"41,1682","3,402823466385289e+38","3,9063"
2026 02 20 11:40:24:380,-3.9675,-6.78875,"0,271",10,0,0,-3,"41,1682","3,402823466385289e+38","27,3438"
2026 02 20 11:40:24:382,-3.9334,-6.78875,"0,271",10,0,0,-3,"41,1682","3,402823466385289e+38","19,5313"
2026 02 20 11:40:24:384,-3.9675,-6.61375,"0,271",10,0,0,-3,"41,1682","3,402823466385289e+38","11,7188"
2026 02 20 11:40:24:386,-3.9985,-6.78875,"0,271",10,0,0,-3,"41,1682","3,402823466385289e+38","-3,9062"
2026 02 20 11:40:24:388,-3.9675,-6.78875,"0,271",10,0,0,-3,"41,1682","3,402823466385289e+38","-11,7187"
2026 02 20 11:40:24:390,-3.9675,-6.78875,"0,271",10,0,0,-3,"41,1682","3,402823466385289e+38","-19,5312"
2026 02 20 11:40:24:392,-3.9675,-6.70125,"0,271",10,0,0,-3,"41,1682","3,402823466385289e+38","3,9063"
2026 02 20 11:40:24:394,-3.9985,-6.70125,"0,271",10,0,0,-3,"41,1682","3,402823466385289e+38","3,9063"
2026 02 20 11:40:24:396,-3.9675,-6.78875,"0,271",10,0,0,-3,"41,1682","3,402823466385289e+38","3,9063"
2026 02 20 11:40:24:398,-3.9675,-6.70125,"0,271",10,0,0,-3,"41,1682","3,402823466385289e+38","3,9063"
2026 02 20 11:40:24:400,-3.9675,-6.70125,"0,271",10,0,0,-3,"41,1682","3,402823466385289e+38","27,3438"
2026 02 20 11:40:24:402,-3.9675,-6.78875,"0,271",10,0,0,-3,"41,1682","3,402823466385289e+38","19,5313"
2026 02 20 11:40:24:404,-3.9334,-6.70125,"0,271",10,0,0,-3,"41,1682","3,402823466385289e+38","7,8125"
2026 02 20 11:40:24:406,-3.9985,-6.78875,"0,271",10,0,0,-3,"41,1682","3,402823466385289e+38","-7,8125"
2026 02 20 11:40:24:408,-3.9675,-6.78875,"0,271",10,0,0,-3,"41,1682","3,402823466385289e+38","-11,7187"
2026 02 20 11:40:24:410,-3.9675,-6.78875,"0,271",10,0,0,-3,"41,1682","3,402823466385289e+38","-23,4375"
2026 02 20 11:40:24:412,-3.9985,-6.78875,"0,271",10,0,0,-3,"41,1682","3,402823466385289e+38","7,8125"
2026 02 20 11:40:24:414,-3.9985,-6.78875,"0,271",10,0,0,-3,"41,1682","3,402823466385289e+38","7,8125"
2026 02 20 11:40:24:416,-3.9334,-6.70125,"0,271",10,0,0,-3,"41,1682","3,402823466385289e+38","3,9063"
2026 02 20 11:40:24:418,-3.9675,-6.78875,"0,271",10,0,0,-3,"41,1682","3,402823466385289e+38","3,9063"
2026 02 20 11:40:24:420,-3.9334,-6.78875,"0,271",10,0,0,-3,"41,1682","3,402823466385289e+38","27,3438"
2026 02 20 11:40:24:422,-3.9675,-6.87625,"0,271",10,0,0,-3,"41,1682","3,402823466385289e+38","19,5313"
2026 02 20 11:40:24:424,-3.9334,-6.78875,"0,271",10,0,0,-3,"41,1682","3,402823466385289e+38","11,7188"
2026 02 20 11:40:24:426,-3.9675,-6.78875,"0,271",10,0,0,-3,"41,1682","3,402823466385289e+38","-3,9062"
2026 02 20 11:40:24:428,-3.9675,-6.78875,"0,271",10,0,0,-3,"41,1682","3,402823466385289e+38","-7,8125"
2026 02 20 11:40:24:430,-3.9675,-6.78875,"0,271",10,0,0,-3,"41,1682","3,402823466385289e+38","-19,5312"
2026 02 20 11:40:24:432,-3.9675,-6.78875,"0,271",10,0,0,-3,"41,1682","3,402823466385289e+38","7,8125"
2026 02 20 11:40:24:434,-3.9675,-6.78875,"0,271",10,0,0,-3,"41,1682","3,402823466385289e+38","3,9063"
2026 02 20 11:40:24:436,-3.9675,-6.78875,"0,271",10,0,0,-3,"41,1682","3,402823466385289e+38","7,8125"
2026 02 20 11:40:24:438,-3.9675,-6.78875,"0,271",10,0,0,-3,"41,1682","3,402823466385289e+38","7,8125"
2026 02 20 11:40:24:440,-3.9675,-6.70125,"0,271",10,0,0,-3,"41,1682","3,402823466385289e+38","27,3438"
2026 02 20 11:40:24:442,-3.9675,-6.87625,"0,271",10,0,0,-3,"41,1682","3,402823466385289e+38","19,5313"
2026 02 20 11:40:24:444,-3.9675,-6.87625,"0,271",10,0,0,-3,"41,1682","3,402823466385289e+38","11,7188"
2026 02 20 11:40:24:446,-3.9985,-6.78875,"0,271",10,0,0,-3,"41,1682","3,402823466385289e+38","-3,9062"
2026 02 20 11:40:24:448,-3.9675,-6.78875,"0,271",10,0,0,-3,"41,1682","3,402823466385289e+38","-7,8125"
2026 02 20 11:40:24:450,-3.9675,-6.70125,"0,271",10,0,0,-3,"41,1682","3,402823466385289e+38","-19,5312"
2026 02 20 11:40:24:452,-3.9675,-6.87625,"0,271",10,0,0,-3,"41,1682","3,402823466385289e+38","7,8125"
2026 02 20 11:40:24:454,-3.9334,-6.78875,"0,272",10,0,0,-3,"41,0614","3,402823466385289e+38","7,8125"
2026 02 20 11:40:24:456,-3.9675,-6.78875,"0,272",10,0,0,-3,"41,0614","3,402823466385289e+38","7,8125"
2026 02 20 11:40:24:458,-3.9334,-6.78875,"0,272",10,0,0,-3,"41,0614","3,402823466385289e+38","7,8125"
2026 02 20 11:40:24:460,-3.9675,-6.78875,"0,272",10,0,0,-3,"41,0614","3,402823466385289e+38","27,3438"
2026 02 20 11:40:24:462,-3.9675,-6.78875,"0,272",10,0,0,-3,"41,0614","3,402823466385289e+38","19,5313"
2026 02 20 11:40:24:464,-3.9675,-6.70125,"0,272",10,0,0,-3,"41,0614","3,402823466385289e+38","11,7188"
2026 02 20 11:40:24:466,-3.9675,-6.78875,"0,272",10,0,0,-3,"41,0614","3,402823466385289e+38","-7,8125"
2026 02 20 11:40:24:468,-3.9675,-6.70125,"0,272",10,0,0,-3,"41,0614","3,402823466385289e+38","-7,8125"
2026 02 20 11:40:24:470,-3.9675,-6.70125,"0,272",10,0,0,-3,"41,0614","3,402823466385289e+38","-19,5312"
2026 02 20 11:40:24:472,-3.9675,-6.70125,"0,272",10,0,0,-3,"41,0614","3,402823466385289e+38","7,8125"
2026 02 20 11:40:24:474,-3.9675,-6.78875,"0,272",10,0,0,-3,"41,0614","3,402823466385289e+38","3,9063"
2026 02 20 11:40:24:476,-3.9675,-6.78875,"0,272",10,0,0,-3,"41,0614","3,402823466385289e+38","7,8125"
2026 02 20 11:40:24:478,-3.9675,-6.78875,"0,272",10,0,0,-3,"41,0614","3,402823466385289e+38","7,8125"
2026 02 20 11:40:24:480,-3.9675,-6.78875,"0,272",10,0,0,-3,"41,0614","3,402823466385289e+38","27,3438"
2026 02 20 11:40:24:482,-3.9675,-6.78875,"0,272",10,0,0,-3,"41,0614","3,402823466385289e+38","15,625"
2026 02 20 11:40:24:484,-3.9334,-6.78875,"0,272",10,0,0,-3,"41,0614","3,402823466385289e+38","7,8125"
2026 02 20 11:40:24:486,-3.9675,-6.78875,"0,272",10,0,0,-3,"41,0614","3,402823466385289e+38","-7,8125"
2026 02 20 11:40:24:488,-3.9675,-6.78875,"0,272",10,0,0,-3,"41,0614","3,402823466385289e+38","-7,8125"
2026 02 20 11:40:24:490,-3.9334,-6.78875,"0,272",10,0,0,-3,"41,0614","3,402823466385289e+38","-19,5312"
2026 02 20 11:40:24:492,-3.9675,-6.78875,"0,272",10,0,0,-3,"41,0614","3,402823466385289e+38","7,8125"
2026 02 20 11:40:24:494,-3.9675,-6.78875,"0,272",10,0,0,-3,"41,0614","3,402823466385289e+38","3,9063"
2026 02 20 11:40:24:496,-3.9675,-6.78875,"0,272",10,0,0,-3,"41,0614","3,402823466385289e+38","7,8125"
2026 02 20 11:40:24:498,-3.9334,-6.78875,"0,272",10,0,0,-3,"41,0614","3,402823466385289e+38","7,8125"
2026 02 20 11:40:24:500,-3.9675,-6.78875,"0,272",10,0,0,-3,"41,0614","3,402823466385289e+38","27,3438"
2026 02 20 11:40:24:502,-3.9334,-6.78875,"0,272",10,0,0,-3,"41,0614","3,402823466385289e+38","19,5313"
2026 02 20 11:40:24:504,-3.9675,-6.78875,"0,272",10,0,0,-3,"41,0614","3,402823466385289e+38","7,8125"
2026 02 20 11:40:24:506,-3.9985,-6.78875,"0,272",10,0,0,-3,"41,0614","3,402823466385289e+38","-3,9062"
2026 02 20 11:40:24:508,-3.9675,-6.78875,"0,272",10,0,0,-3,"41,0614","3,402823466385289e+38","-7,8125"
2026 02 20 11:40:24:510,-3.9675,-6.70125,"0,272",10,0,0,-3,"41,0614","3,402823466385289e+38","-19,5312"
2026 02 20 11:40:24:512,-3.9675,-6.61375,"0,272",10,0,0,-3,"41,0614","3,402823466385289e+38","7,8125"
2026 02 20 11:40:24:514,-3.9675,-6.78875,"0,272",10,0,0,-3,"41,0614","3,402823466385289e+38","3,9063"
2026 02 20 11:40:24:516,-3.9675,-6.70125,"0,272",10,0,0,-3,"41,0614","3,402823466385289e+38","3,9063"
2026 02 20 11:40:24:518,-3.9675,-6.78875,"0,272",10,0,0,-3,"41,0614","3,402823466385289e+38","3,9063"
2026 02 20 11:40:24:520,-3.9334,-6.78875,"0,272",10,0,0,-3,"41,0614","3,402823466385289e+38","27,3438"
2026 02 20 11:40:24:522,-3.9675,-6.78875,"0,272",10,0,0,-3,"41,0614","3,402823466385289e+38","19,5313"
2026 02 20 11:40:24:524,-3.9675,-6.78875,"0,272",10,0,0,-3,"41,0614","3,402823466385289e+38","11,7188"
2026 02 20 11:40:24:526,-3.9675,-6.87625,"0,272",10,0,0,-3,"41,0614","3,402823466385289e+38","-7,8125"
2026 02 20 11:40:24:528,-3.9985,-6.87625,"0,272",10,0,0,-3,"41,0614","3,402823466385289e+38","-7,8125"
2026 02 20 11:40:24:530,-3.9675,-6.70125,"0,272",10,0,0,-3,"41,0614","3,402823466385289e+38","-23,4375"
2026 02 20 11:40:24:532,-3.9675,-6.78875,"0,272",10,0,0,-3,"41,0614","3,402823466385289e+38","7,8125"
2026 02 20 11:40:24:534,-3.9334,-6.78875,"0,272",10,0,0,-3,"41,0614","3,402823466385289e+38","3,9063"
2026 02 20 11:40:24:536,-3.9675,-6.78875,"0,272",10,0,0,-3,"41,0614","3,402823466385289e+38","7,8125"
2026 02 20 11:40:24:538,-3.9675,-6.87625,"0,272",10,0,0,-3,"41,0614","3,402823466385289e+38","3,9063"
2026 02 20 11:40:24:540,-3.9675,-6.78875,"0,272",10,0,0,-3,"41,0614","3,402823466385289e+38","27,3438"
2026 02 20 11:40:24:542,-3.9675,-6.70125,"0,272",10,0,0,-3,"41,0614","3,402823466385289e+38","19,5313"
2026 02 20 11:40:24:544,-3.9675,-6.78875,"0,272",10,0,0,-3,"41,0614","3,402823466385289e+38","7,8125"
2026 02 20 11:40:24:546,-3.9334,-6.70125,"0,272",10,0,0,-3,"41,0614","3,402823466385289e+38","-7,8125"
2026 02 20 11:40:24:548,-3.9675,-6.70125,"0,272",10,0,0,-3,"41,0614","3,402823466385289e+38","-7,8125"
2026 02 20 11:40:24:550,-3.9334,-6.78875,"0,272",10,0,0,-3,"41,0614","3,402823466385289e+38","-19,5312"
2026 02 20 11:40:24:552,-3.9675,-6.78875,"0,272",10,0,0,-3,"41,0614","3,402823466385289e+38","3,9063"
2026 02 20 11:40:24:554,-3.9675,-6.78875,"0,272",10,0,0,-3,"41,0614","3,402823466385289e+38","3,9063"
2026 02 20 11:40:24:556,-3.9985,-6.78875,"0,272",10,0,0,-3,"41,0614","3,402823466385289e+38","3,9063"
2026 02 20 11:40:24:558,-3.9334,-6.70125,"0,272",10,0,0,-3,"41,0614","3,402823466385289e+38","3,9063"
2026 02 20 11:40:24:560,-3.9675,-6.70125,"0,272",10,0,0,-3,"41,0614","3,402823466385289e+38","27,3438"
2026 02 20 11:40:24:562,-3.9675,-6.70125,"0,272",10,0,0,-3,"41,0614","3,402823466385289e+38","19,5313"
2026 02 20 11:40:24:564,-3.9675,-6.78875,"0,272",10,0,0,-3,"41,0614","3,402823466385289e+38","11,7188"
2026 02 20 11:40:24:566,-3.9675,-6.78875,"0,272",10,0,0,-3,"41,0614","3,402823466385289e+38","-7,8125"
2026 02 20 11:40:24:568,-3.9334,-6.78875,"0,272",10,0,0,-3,"41,0614","3,402823466385289e+38","-7,8125"
2026 02 20 11:40:24:570,-3.9675,-6.78875,"0,272",10,0,0,-3,"41,0614","3,402823466385289e+38","-19,5312"
2026 02 20 11:40:24:572,-3.9985,-6.78875,"0,272",10,0,0,-3,"41,0614","3,402823466385289e+38","7,8125"
2026 02 20 11:40:24:574,-3.9675,-6.78875,"0,272",10,0,0,-3,"41,0614","3,402823466385289e+38","3,9063"
2026 02 20 11:40:24:576,-3.9675,-6.78875,"0,272",10,0,0,-3,"41,0614","3,402823466385289e+38","3,9063"
2026 02 20 11:40:24:578,-3.9334,-6.78875,"0,272",10,0,0,-3,"41,0614","3,402823466385289e+38","3,9063"
2026 02 20 11:40:24:580,-3.9675,-6.78875,"0,272",10,0,0,-3,"41,0614","3,402823466385289e+38","27,3438"
2026 02 20 11:40:24:582,-3.9675,-6.78875,"0,272",10,0,0,-3,"41,0614","3,402823466385289e+38","19,5313"
2026 02 20 11:40:24:584,-3.9334,-6.87625,"0,272",10,0,0,-3,"41,0614","3,402823466385289e+38","7,8125"
2026 02 20 11:40:24:586,-3.9675,-6.87625,"0,272",10,0,0,-3,"41,0614","3,402823466385289e+38","-3,9062"
2026 02 20 11:40:24:588,-3.9675,-6.70125,"0,272",10,0,0,-3,"41,0614","3,402823466385289e+38","-7,8125"
2026 02 20 11:40:24:590,-3.9334,-6.78875,"0,272",10,0,0,-3,"41,0614","3,402823466385289e+38","-19,5312"
2026 02 20 11:40:24:592,-3.9675,-6.78875,"0,272",10,0,0,-3,"41,0614","3,402823466385289e+38","3,9063"
2026 02 20 11:40:24:594,-3.9334,-6.78875,"0,272",10,0,0,-3,"41,0614","3,402823466385289e+38","3,9063"
2026 02 20 11:40:24:596,-3.9675,-6.70125,"0,272",10,0,0,-3,"41,0614","3,402823466385289e+38","3,9063"
2026 02 20 11:40:24:598,-3.9985,-6.78875,"0,272",10,0,0,-3,"41,0614","3,402823466385289e+38","3,9063"
2026 02 20 11:40:24:600,-3.9675,-6.78875,"0,272",10,0,0,-3,"41,0614","3,402823466385289e+38","27,3438"
2026 02 20 11:40:24:602,-3.9675,-6.70125,"0,272",10,0,0,-3,"41,0614","3,402823466385289e+38","19,5313"
2026 02 20 11:40:24:604,-3.9675,-6.70125,"0,272",10,0,0,-3,"41,0614","3,402823466385289e+38","7,8125"
2026 02 20 11:40:24:606,-3.9675,-6.78875,"0,272",10,0,0,-3,"41,0614","3,402823466385289e+38","-3,9062"
2026 02 20 11:40:24:608,-3.9675,-6.78875,"0,272",10,0,0,-3,"41,0614","3,402823466385289e+38","-7,8125"
2026 02 20 11:40:24:610,-3.9675,-6.78875,"0,272",10,0,0,-3,"41,0614","3,402823466385289e+38","-19,5312"
2026 02 20 11:40:24:612,-3.9675,-6.78875,"0,272",10,0,0,-3,"41,0614","3,402823466385289e+38","3,9063"
2026 02 20 11:40:24:614,-3.9985,-6.78875,"0,272",10,0,0,-3,"41,0614","3,402823466385289e+38","3,9063"
2026 02 20 11:40:24:616,-3.9675,-6.78875,"0,272",10,0,0,-3,"41,0614","3,402823466385289e+38","3,9063"
2026 02 20 11:40:24:618,-3.9675,-6.78875,"0,272",10,0,0,-3,"41,0614","3,402823466385289e+38","3,9063"
2026 02 20 11:40:24:620,-3.9985,-6.87625,"0,272",10,0,0,-3,"41,0614","3,402823466385289e+38","27,3438"
2026 02 20 11:40:24:622,-3.9985,-6.78875,"0,272",10,0,0,-3,"41,0614","3,402823466385289e+38","19,5313"
2026 02 20 11:40:24:624,-3.9985,-6.87625,"0,272",10,0,0,-3,"41,0614","3,402823466385289e+38","7,8125"
2026 02 20 11:40:24:626,-3.9675,-6.70125,"0,272",10,0,0,-3,"41,0614","3,402823466385289e+38","-7,8125"
2026 02 20 11:40:24:628,-3.9985,-6.78875,"0,272",10,0,0,-3,"41,0614","3,402823466385289e+38","-7,8125"
2026 02 20 11:40:24:630,-3.9675,-6.78875,"0,272",10,0,0,-3,"41,0614","3,402823466385289e+38","-19,5312"
2026 02 20 11:40:24:632,-3.9675,-6.78875,"0,272",10,0,0,-3,"41,0614","3,402823466385289e+38","7,8125"
2026 02 20 11:40:24:634,-3.9985,-6.78875,"0,272",10,0,0,-3,"41,0614","3,402823466385289e+38","3,9063"
2026 02 20 11:40:24:636,-3.9675,-6.70125,"0,272",10,0,0,-3,"41,0614","3,402823466385289e+38","7,8125"
2026 02 20 11:40:24:638,-3.9675,-6.78875,"0,272",10,0,0,-3,"41,0614","3,402823466385289e+38","3,9063"
2026 02 20 11:40:24:640,-3.9334,-6.70125,"0,272",10,0,0,-3,"41,0614","3,402823466385289e+38","27,3438"
2026 02 20 11:40:24:642,-3.9675,-6.78875,"0,272",10,0,0,-3,"41,0614","3,402823466385289e+38","15,625"
2026 02 20 11:40:24:644,-3.9675,-6.78875,"0,272",10,0,0,-3,"41,0614","3,402823466385289e+38","7,8125"
2026 02 20 11:40:24:646,-3.9675,-6.78875,"0,272",10,0,0,-3,"41,0614","3,402823466385289e+38","-7,8125"
2026 02 20 11:40:24:648,-3.9334,-6.70125,"0,272",10,0,0,-3,"41,0614","3,402823466385289e+38","-7,8125"
2026 02 20 11:40:24:650,-3.9334,-6.70125,"0,272",10,0,0,-3,"41,0614","3,402823466385289e+38","-19,5312"
2026 02 20 11:40:24:652,-3.9675,-6.70125,"0,272",10,0,0,-3,"41,0614","3,402823466385289e+38","3,9063"
2026 02 20 11:40:24:654,-3.9675,-6.70125,"0,272",10,0,0,-3,"41,0614","3,402823466385289e+38","3,9063"
2026 02 20 11:40:24:656,-3.9675,-6.70125,"0,272",10,0,0,-3,"41,0614","3,402823466385289e+38","3,9063"
2026 02 20 11:40:24:658,-3.9675,-6.78875,"0,272",10,0,0,-3,"41,0614","3,402823466385289e+38","3,9063"
2026 02 20 11:40:24:660,-3.9675,-6.70125,"0,272",10,0,0,-3,"41,0614","3,402823466385289e+38","27,3438"
2026 02 20 11:40:24:662,-3.9675,-6.78875,"0,272",10,0,0,-3,"41,0614","3,402823466385289e+38","15,625"
2026 02 20 11:40:24:664,-3.9675,-6.78875,"0,272",10,0,0,-3,"41,0614","3,402823466385289e+38","7,8125"
2026 02 20 11:40:24:666,-3.9675,-6.70125,"0,272",10,0,0,-3,"41,0614","3,402823466385289e+38","-7,8125"
2026 02 20 11:40:24:668,-3.9985,-6.70125,"0,272",10,0,0,-3,"41,0614","3,402823466385289e+38","-7,8125"
2026 02 20 11:40:24:670,-3.9675,-6.78875,"0,272",10,0,0,-3,"41,0614","3,402823466385289e+38","-19,5312"
2026 02 20 11:40:24:672,-3.9675,-6.70125,"0,272",10,0,0,-3,"41,0614","3,402823466385289e+38","3,9063"
2026 02 20 11:40:24:674,-3.9675,-6.78875,"0,272",10,0,0,-3,"41,0614","3,402823466385289e+38","3,9063"
2026 02 20 11:40:24:676,-3.9675,-6.78875,"0,272",10,0,0,-3,"41,0614","3,402823466385289e+38","3,9063"
2026 02 20 11:40:24:678,-3.9334,-6.78875,"0,272",10,0,0,-3,"41,0614","3,402823466385289e+38","3,9063"
2026 02 20 11:40:24:680,-3.9675,-6.78875,"0,272",10,0,0,-3,"41,0614","3,402823466385289e+38","27,3438"
2026 02 20 11:40:24:682,-3.9334,-6.87625,"0,272",10,0,0,-3,"41,0614","3,402823466385289e+38","19,5313"
2026 02 20 11:40:24:684,-3.9985,-6.87625,"0,272",10,0,0,-3,"41,0614","3,402823466385289e+38","7,8125"
2026 02 20 11:40:24:686,-3.9675,-6.70125,"0,272",10,0,0,-3,"41,0614","3,402823466385289e+38","-7,8125"
2026 02 20 11:40:24:688,-3.9675,-6.78875,"0,272",10,0,0,-3,"41,0614","3,402823466385289e+38","-7,8125"
2026 02 20 11:40:24:690,-3.9675,-6.78875,"0,272",10,0,0,-3,"41,0614","3,402823466385289e+38","-19,5312"
2026 02 20 11:40:24:692,-3.9675,-6.78875,"0,272",10,0,0,-3,"41,0614","3,402823466385289e+38","3,9063"
2026 02 20 11:40:24:694,-3.9675,-6.70125,"0,272",10,0,0,-3,"41,0614","3,402823466385289e+38","3,9063"
2026 02 20 11:40:24:696,-3.9675,-6.78875,"0,272",10,0,0,-3,"41,0614","3,402823466385289e+38","7,8125"
2026 02 20 11:40:24:698,-3.9985,-6.70125,"0,272",10,0,0,-3,"41,0614","3,402823466385289e+38","3,9063"
2026 02 20 11:40:24:700,-3.9334,-6.78875,"0,272",10,0,0,-3,"41,0614","3,402823466385289e+38","27,3438"
2026 02 20 11:40:24:702,-3.9675,-6.78875,"0,272",10,0,0,-3,"41,0614","3,402823466385289e+38","15,625"
2026 02 20 11:40:24:704,-3.9675,-6.70125,"0,272",10,0,0,-3,"41,0614","3,402823466385289e+38","7,8125"
2026 02 20 11:40:24:706,-3.9334,-6.78875,"0,272",10,0,0,-3,"41,0614","3,402823466385289e+38","-7,8125"
2026 02 20 11:40:24:708,-3.9985,-6.78875,"0,272",10,0,0,-3,"41,0614","3,402823466385289e+38","-7,8125"
2026 02 20 11:40:24:710,-3.9675,-6.78875,"0,272",10,0,0,-3,"41,0614","3,402823466385289e+38","-23,4375"
2026 02 20 11:40:24:712,-3.9675,-6.70125,"0,272",10,0,0,-3,"41,0614","3,402823466385289e+38","3,9063"
2026 02 20 11:40:24:714,-3.9675,-6.78875,"0,272",10,0,0,-3,"41,0614","3,402823466385289e+38","3,9063"
2026 02 20 11:40:24:716,-3.9985,-6.78875,"0,272",10,0,0,-3,"41,0614","3,402823466385289e+38","7,8125"
2026 02 20 11:40:24:718,-3.9985,-6.78875,"0,272",10,0,0,-3,"41,0614","3,402823466385289e+38","3,9063"
2026 02 20 11:40:24:720,-3.9675,-6.78875,"0,272",10,0,0,-3,"41,0614","3,402823466385289e+38","27,3438"
2026 02 20 11:40:24:722,-3.9675,-6.87625,"0,272",10,0,0,-3,"41,0614","3,402823466385289e+38","15,625"
2026 02 20 11:40:24:724,-3.9675,-6.78875,"0,272",10,0,0,-3,"41,0614","3,402823466385289e+38","7,8125"
2026 02 20 11:40:24:726,-3.9675,-6.78875,"0,272",10,0,0,-3,"41,0614","3,402823466385289e+38","-7,8125"
2026 02 20 11:40:24:728,-3.9675,-6.78875,"0,272",10,0,0,-3,"41,0614","3,402823466385289e+38","-7,8125"
2026 02 20 11:40:24:730,-3.9985,-6.78875,"0,272",10,0,0,-3,"41,0614","3,402823466385289e+38","-19,5312"
2026 02 20 11:40:24:732,-3.9675,-6.78875,"0,272",10,0,0,-3,"41,0614","3,402823466385289e+38","3,9063"
2026 02 20 11:40:24:734,-3.9675,-6.78875,"0,272",10,0,0,-3,"41,0614","3,402823466385289e+38","7,8125"
2026 02 20 11:40:24:736,-3.9675,-6.78875,"0,272",10,0,0,-3,"41,0614","3,402823466385289e+38","7,8125"
2026 02 20 11:40:24:738,-3.9985,-6.78875,"0,272",10,0,0,-3,"41,0614","3,402823466385289e+38","3,9063"
2026 02 20 11:40:24:740,-3.9985,-6.70125,"0,272",10,0,0,-3,"41,0614","3,402823466385289e+38","27,3438"
2026 02 20 11:40:24:742,-3.9675,-6.78875,"0,272",10,0,0,-3,"41,0614","3,402823466385289e+38","19,5313"
2026 02 20 11:40:24:744,-3.9334,-6.70125,"0,272",10,0,0,-3,"41,0614","3,402823466385289e+38","7,8125"
2026 02 20 11:40:24:746,-3.9675,-6.70125,"0,272",10,0,0,-3,"41,0614","3,402823466385289e+38","-3,9062"
2026 02 20 11:40:24:748,-3.9675,-6.78875,"0,272",10,0,0,-3,"41,0614","3,402823466385289e+38","-7,8125"
2026 02 20 11:40:24:750,-3.9675,-6.70125,"0,272",10,0,0,-3,"41,0614","3,402823466385289e+38","-23,4375"
2026 02 20 11:40:24:752,-3.9675,-6.78875,"0,272",10,0,0,-3,"41,0614","3,402823466385289e+38","7,8125"
2026 02 20 11:40:24:754,-3.9675,-6.78875,"0,272",10,0,0,-3,"37,1094","3,402823466385289e+38","7,8125"
2026 02 20 11:40:24:756,-3.9675,-6.70125,"0,272",10,0,0,-3,"37,1094","3,402823466385289e+38","7,8125"
2026 02 20 11:40:24:758,-3.9675,-6.78875,"0,272",10,0,0,-3,"37,1094","3,402823466385289e+38","3,9063"
2026 02 20 11:40:24:760,-3.9675,-6.78875,"0,272",10,0,0,-3,"37,1094","3,402823466385289e+38","27,3438"
2026 02 20 11:40:24:762,-3.9675,-6.78875,"0,272",10,0,0,-3,"37,1094","3,402823466385289e+38","19,5313"
2026 02 20 11:40:24:764,-3.9675,-6.78875,"0,272",10,0,0,-3,"37,1094","3,402823466385289e+38","7,8125"
2026 02 20 11:40:24:766,-3.9675,-6.87625,"0,272",10,0,0,-3,"37,1094","3,402823466385289e+38","-7,8125"
2026 02 20 11:40:24:768,-3.9334,-6.78875,"0,272",10,0,0,-3,"37,1094","3,402823466385289e+38","-3,9062"
2026 02 20 11:40:24:770,-3.9675,-6.78875,"0,272",10,0,0,-3,"37,1094","3,402823466385289e+38","-19,5312"
2026 02 20 11:40:24:772,-3.9334,-6.78875,"0,272",10,0,0,-3,"37,1094","3,402823466385289e+38","7,8125"
2026 02 20 11:40:24:774,-3.9675,-6.78875,"0,272",10,0,0,-3,"37,1094","3,402823466385289e+38","7,8125"
2026 02 20 11:40:24:776,-3.9985,-6.78875,"0,272",10,0,0,-3,"37,1094","3,402823466385289e+38","7,8125"
2026 02 20 11:40:24:778,-3.9675,-6.78875,"0,272",10,0,0,-3,"37,1094","3,402823466385289e+38","7,8125"
2026 02 20 11:40:24:780,-3.9675,-6.78875,"0,272",10,0,0,-3,"37,1094","3,402823466385289e+38","27,3438"
2026 02 20 11:40:24:782,-3.9334,-6.70125,"0,272",10,0,0,-3,"37,1094","3,402823466385289e+38","19,5313"
2026 02 20 11:40:24:784,-3.9675,-6.70125,"0,272",10,0,0,-3,"37,1094","3,402823466385289e+38","11,7188"
2026 02 20 11:40:24:786,-3.9675,-6.78875,"0,272",10,0,0,-3,"37,1094","3,402823466385289e+38","-3,9062"
2026 02 20 11:40:24:788,-3.9985,-6.70125,"0,272",10,0,0,-3,"37,1094","3,402823466385289e+38","-3,9062"
2026 02 20 11:40:24:790,-3.9334,-6.70125,"0,272",10,0,0,-3,"37,1094","3,402823466385289e+38","-15,625"
2026 02 20 11:40:24:792,-3.9675,-6.78875,"0,272",10,0,0,-3,"37,1094","3,402823466385289e+38","7,8125"
2026 02 20 11:40:24:794,-3.9985,-6.78875,"0,272",10,0,0,-3,"37,1094","3,402823466385289e+38","3,9063"
2026 02 20 11:40:24:796,-3.9675,-6.70125,"0,272",10,0,0,-3,"37,1094","3,402823466385289e+38","3,9063"
2026 02 20 11:40:24:798,-3.9675,-6.78875,"0,272",10,0,0,-3,"37,1094","3,402823466385289e+38","3,9063"
2026 02 20 11:40:24:800,-3.9675,-6.78875,"0,272",10,0,0,-3,"37,1094","3,402823466385289e+38","27,3438"
2026 02 20 11:40:24:802,-3.9985,-6.70125,"0,272",10,0,0,-3,"37,1094","3,402823466385289e+38","19,5313"
2026 02 20 11:40:24:804,-3.9675,-6.70125,"0,272",10,0,0,-3,"37,1094","3,402823466385289e+38","7,8125"
2026 02 20 11:40:24:806,-3.9675,-6.78875,"0,272",10,0,0,-3,"37,1094","3,402823466385289e+38","-3,9062"
2026 02 20 11:40:24:808,-3.9675,-6.78875,"0,272",10,0,0,-3,"37,1094","3,402823466385289e+38","-7,8125"
2026 02 20 11:40:24:810,-3.9675,-6.78875,"0,272",10,0,0,-3,"37,1094","3,402823466385289e+38","-19,5312"
2026 02 20 11:40:24:812,-3.9985,-6.70125,"0,272",10,0,0,-3,"37,1094","3,402823466385289e+38","7,8125"
2026 02 20 11:40:24:814,-3.9675,-6.78875,"0,272",10,0,0,-3,"37,1094","3,402823466385289e+38","3,9063"
2026 02 20 11:40:24:816,-3.9675,-6.78875,"0,272",10,0,0,-3,"37,1094","3,402823466385289e+38","7,8125"
2026 02 20 11:40:24:818,-3.9675,-6.78875,"0,272",10,0,0,-3,"37,1094","3,402823466385289e+38","7,8125"
2026 02 20 11:40:24:820,-3.9675,-6.70125,"0,272",10,0,0,-3,"37,1094","3,402823466385289e+38","27,3438"
2026 02 20 11:40:24:822,-3.9675,-6.78875,"0,272",10,0,0,-3,"37,1094","3,402823466385289e+38","19,5313"
2026 02 20 11:40:24:824,-3.9675,-6.78875,"0,272",10,0,0,-3,"37,1094","3,402823466385289e+38","11,7188"
2026 02 20 11:40:24:826,-3.9334,-6.78875,"0,272",10,0,0,-3,"37,1094","3,402823466385289e+38","-7,8125"
2026 02 20 11:40:24:828,-3.9675,-6.78875,"0,272",10,0,0,-3,"37,1094","3,402823466385289e+38","-7,8125"
2026 02 20 11:40:24:830,-3.9675,-6.87625,"0,272",10,0,0,-3,"37,1094","3,402823466385289e+38","-15,625"
2026 02 20 11:40:24:832,-3.9334,-6.78875,"0,272",10,0,0,-3,"37,1094","3,402823466385289e+38","7,8125"
2026 02 20 11:40:24:834,-3.9675,-6.78875,"0,272",10,0,0,-3,"37,1094","3,402823466385289e+38","3,9063"
2026 02 20 11:40:24:836,-3.9675,-6.87625,"0,272",10,0,0,-3,"37,1094","3,402823466385289e+38","3,9063"
2026 02 20 11:40:24:838,-3.9675,-6.78875,"0,272",10,0,0,-3,"37,1094","3,402823466385289e+38","7,8125"
2026 02 20 11:40:24:840,-3.9334,-6.78875,"0,272",10,0,0,-3,"37,1094","3,402823466385289e+38","27,3438"
2026 02 20 11:40:24:842,-3.9985,-6.78875,"0,272",10,0,0,-3,"37,1094","3,402823466385289e+38","15,625"
2026 02 20 11:40:24:844,-3.9675,-6.70125,"0,272",10,0,0,-3,"37,1094","3,402823466385289e+38","7,8125"
2026 02 20 11:40:24:846,-3.9675,-6.78875,"0,272",10,0,0,-3,"37,1094","3,402823466385289e+38","-7,8125"
2026 02 20 11:40:24:848,-3.9675,-6.78875,"0,272",10,0,0,-3,"37,1094","3,402823466385289e+38","-7,8125"
2026 02 20 11:40:24:850,-3.9675,-6.78875,"0,272",10,0,0,-3,"37,1094","3,402823466385289e+38","-15,625"
2026 02 20 11:40:24:852,-3.9675,-6.78875,"0,272",10,0,0,-3,"37,1094","3,402823466385289e+38","3,9063"
2026 02 20 11:40:24:854,-3.9675,-6.78875,"0,272",10,0,0,-3,"37,1094","3,402823466385289e+38","3,9063"
2026 02 20 11:40:24:856,-3.9334,-6.78875,"0,272",10,0,0,-3,"37,1094","3,402823466385289e+38","3,9063"
2026 02 20 11:40:24:858,-3.9675,-6.78875,"0,272",10,0,0,-3,"37,1094","3,402823466385289e+38","7,8125"
2026 02 20 11:40:24:860,-3.9675,-6.78875,"0,272",10,0,0,-3,"37,1094","3,402823466385289e+38","27,3438"
2026 02 20 11:40:24:862,-3.9675,-6.70125,"0,272",10,0,0,-3,"37,1094","3,402823466385289e+38","15,625"
2026 02 20 11:40:24:864,-3.9985,-6.78875,"0,272",10,0,0,-3,"37,1094","3,402823466385289e+38","7,8125"
2026 02 20 11:40:24:866,-3.9675,-6.78875,"0,272",10,0,0,-3,"37,1094","3,402823466385289e+38","-3,9062"
2026 02 20 11:40:24:868,-3.9334,-6.70125,"0,272",10,0,0,-3,"37,1094","3,402823466385289e+38","-3,9062"
2026 02 20 11:40:24:870,-3.9675,-6.70125,"0,272",10,0,0,-3,"37,1094","3,402823466385289e+38","-15,625"
2026 02 20 11:40:24:872,-3.9675,-6.70125,"0,272",10,0,0,-3,"37,1094","3,402823466385289e+38","3,9063"
2026 02 20 11:40:24:874,-3.9675,-6.78875,"0,272",10,0,0,-3,"37,1094","3,402823466385289e+38","3,9063"
2026 02 20 11:40:24:876,-3.9675,-6.70125,"0,272",10,0,0,-3,"37,1094","3,402823466385289e+38","7,8125"
2026 02 20 11:40:24:878,-3.9675,-6.70125,"0,272",10,0,0,-3,"37,1094","3,402823466385289e+38","7,8125"
2026 02 20 11:40:24:880,-3.9675,-6.70125,"0,272",10,0,0,-3,"37,1094","3,402823466385289e+38","27,3438"
2026 02 20 11:40:24:882,-3.9675,-6.87625,"0,272",10,0,0,-3,"37,1094","3,402823466385289e+38","19,5313"
2026 02 20 11:40:24:884,-3.9675,-6.78875,"0,272",10,0,0,-3,"37,1094","3,402823466385289e+38","7,8125"
2026 02 20 11:40:24:886,-3.9334,-6.78875,"0,272",10,0,0,-3,"37,1094","3,402823466385289e+38","-3,9062"
2026 02 20 11:40:24:888,-3.9334,-6.70125,"0,272",10,0,0,-3,"37,1094","3,402823466385289e+38","-3,9062"
2026 02 20 11:40:24:890,-3.9675,-6.70125,"0,272",10,0,0,-3,"37,1094","3,402823466385289e+38","-15,625"
2026 02 20 11:40:24:892,-3.9985,-6.70125,"0,272",10,0,0,-3,"37,1094","3,402823466385289e+38","3,9063"
2026 02 20 11:40:24:894,-3.9675,-6.78875,"0,272",10,0,0,-3,"37,1094","3,402823466385289e+38","7,8125"
2026 02 20 11:40:24:896,-3.9675,-6.78875,"0,272",10,0,0,-3,"37,1094","3,402823466385289e+38","7,8125"
2026 02 20 11:40:24:898,-3.9675,-6.70125,"0,272",10,0,0,-3,"37,1094","3,402823466385289e+38","7,8125"
2026 02 20 11:40:24:900,-3.9675,-6.70125,"0,272",10,0,0,-3,"37,1094","3,402823466385289e+38","27,3438"
2026 02 20 11:40:24:902,-3.9675,-6.78875,"0,272",10,0,0,-3,"37,1094","3,402823466385289e+38","23,4375"
2026 02 20 11:40:24:904,-3.9985,-6.78875,"0,272",10,0,0,-3,"37,1094","3,402823466385289e+38","7,8125"
2026 02 20 11:40:24:906,-3.9675,-6.78875,"0,272",10,0,0,-3,"37,1094","3,402823466385289e+38","-7,8125"
2026 02 20 11:40:24:908,-3.9675,-6.70125,"0,272",10,0,0,-3,"37,1094","3,402823466385289e+38","-3,9062"
2026 02 20 11:40:24:910,-3.9675,-6.70125,"0,272",10,0,0,-3,"37,1094","3,402823466385289e+38","-15,625"
2026 02 20 11:40:24:912,-3.9675,-6.78875,"0,272",10,0,0,-3,"37,1094","3,402823466385289e+38","3,9063"
2026 02 20 11:40:24:914,-3.9675,-6.78875,"0,272",10,0,0,-3,"37,1094","3,402823466385289e+38","3,9063"
2026 02 20 11:40:24:916,-3.9675,-6.78875,"0,272",10,0,0,-3,"37,1094","3,402823466385289e+38","3,9063"
2026 02 20 11:40:24:918,-3.9675,-6.70125,"0,272",10,0,0,-3,"37,1094","3,402823466385289e+38","3,9063"
2026 02 20 11:40:24:920,-3.9334,-6.78875,"0,272",10,0,0,-3,"37,1094","3,402823466385289e+38","27,3438"
2026 02 20 11:40:24:922,-3.9985,-6.78875,"0,272",10,0,0,-3,"37,1094","3,402823466385289e+38","15,625"
2026 02 20 11:40:24:924,-3.9334,-6.78875,"0,272",10,0,0,-3,"37,1094","3,402823466385289e+38","7,8125"
2026 02 20 11:40:24:926,-3.9985,-6.78875,"0,272",10,0,0,-3,"37,1094","3,402823466385289e+38","-3,9062"
2026 02 20 11:40:24:928,-3.9675,-6.78875,"0,272",10,0,0,-3,"37,1094","3,402823466385289e+38","-7,8125"
2026 02 20 11:40:24:930,-3.9675,-6.78875,"0,272",10,0,0,-3,"37,1094","3,402823466385289e+38","-15,625"
2026 02 20 11:40:24:932,-3.9675,-6.87625,"0,272",10,0,0,-3,"37,1094","3,402823466385289e+38","7,8125"
2026 02 20 11:40:24:934,-3.9675,-6.78875,"0,272",10,0,0,-3,"37,1094","3,402823466385289e+38","3,9063"
2026 02 20 11:40:24:936,-3.9985,-6.78875,"0,272",10,0,0,-3,"37,1094","3,402823466385289e+38","3,9063"
2026 02 20 11:40:24:938,-3.9675,-6.78875,"0,272",10,0,0,-3,"37,1094","3,402823466385289e+38","3,9063"
2026 02 20 11:40:24:940,-3.9675,-6.78875,"0,272",10,0,0,-3,"37,1094","3,402823466385289e+38","27,3438"
2026 02 20 11:40:24:942,-3.9675,-6.70125,"0,272",10,0,0,-3,"37,1094","3,402823466385289e+38","15,625"
2026 02 20 11:40:24:944,-3.9675,-6.78875,"0,272",10,0,0,-3,"37,1094","3,402823466385289e+38","7,8125"
2026 02 20 11:40:24:946,-3.9985,-6.78875,"0,272",10,0,0,-3,"37,1094","3,402823466385289e+38","-3,9062"
2026 02 20 11:40:24:948,-3.9985,-6.78875,"0,272",10,0,0,-3,"37,1094","3,402823466385289e+38","-3,9062"
2026 02 20 11:40:24:950,-3.9675,-6.70125,"0,272",10,0,0,-3,"37,1094","3,402823466385289e+38","-11,7187"
2026 02 20 11:40:24:952,-3.9334,-6.70125,"0,272",10,0,0,-3,"37,1094","3,402823466385289e+38","7,8125"
2026 02 20 11:40:24:954,-3.9334,-6.70125,"0,272",10,0,0,-3,"37,1094","3,402823466385289e+38","7,8125"
2026 02 20 11:40:24:956,-3.9985,-6.78875,"0,272",10,0,0,-3,"37,1094","3,402823466385289e+38","3,9063"
2026 02 20 11:40:24:958,-3.9675,-6.70125,"0,272",10,0,0,-3,"37,1094","3,402823466385289e+38","3,9063"
2026 02 20 11:40:24:960,-3.9985,-6.70125,"0,272",10,0,0,-3,"37,1094","3,402823466385289e+38","27,3438"
2026 02 20 11:40:24:962,-3.9675,-6.78875,"0,272",10,0,0,-3,"37,1094","3,402823466385289e+38","19,5313"
2026 02 20 11:40:24:964,-3.9675,-6.70125,"0,272",10,0,0,-3,"37,1094","3,402823466385289e+38","7,8125"
2026 02 20 11:40:24:966,-3.9675,-6.78875,"0,272",10,0,0,-3,"37,1094","3,402823466385289e+38","-3,9062"
2026 02 20 11:40:24:968,-3.9675,-6.78875,"0,272",10,0,0,-3,"37,1094","3,402823466385289e+38","-7,8125"
2026 02 20 11:40:24:970,-3.9675,-6.78875,"0,272",10,0,0,-3,"37,1094","3,402823466385289e+38","-15,625"
2026 02 20 11:40:24:972,-3.9334,-6.70125,"0,272",10,0,0,-3,"37,1094","3,402823466385289e+38","3,9063"
2026 02 20 11:40:24:974,-3.9675,-6.78875,"0,272",10,0,0,-3,"37,1094","3,402823466385289e+38","3,9063"
2026 02 20 11:40:24:976,-3.9675,-6.78875,"0,272",10,0,0,-3,"37,1094","3,402823466385289e+38","3,9063"
2026 02 20 11:40:24:978,-3.9334,-6.87625,"0,272",10,0,0,-3,"37,1094","3,402823466385289e+38","7,8125"
2026 02 20 11:40:24:980,-3.9985,-6.78875,"0,272",10,0,0,-3,"37,1094","3,402823466385289e+38","27,3438"
2026 02 20 11:40:24:982,-3.9985,-6.87625,"0,272",10,0,0,-3,"37,1094","3,402823466385289e+38","19,5313"
2026 02 20 11:40:24:984,-3.9675,-6.70125,"0,272",10,0,0,-3,"37,1094","3,402823466385289e+38","7,8125"
2026 02 20 11:40:24:986,-3.9985,-6.78875,"0,272",10,0,0,-3,"37,1094","3,402823466385289e+38","-3,9062"
2026 02 20 11:40:24:988,-3.9675,-6.70125,"0,272",10,0,0,-3,"37,1094","3,402823466385289e+38","-3,9062"
2026 02 20 11:40:24:990,-3.9675,-6.70125,"0,272",10,0,0,-3,"37,1094","3,402823466385289e+38","-11,7187"
2026 02 20 11:40:24:992,-3.9675,-6.70125,"0,272",10,0,0,-3,"37,1094","3,402823466385289e+38","3,9063"
2026 02 20 11:40:24:994,-3.9675,-6.70125,"0,272",10,0,0,-3,"37,1094","3,402823466385289e+38","3,9063"
2026 02 20 11:40:24:996,-3.9985,-6.70125,"0,272",10,0,0,-3,"37,1094","3,402823466385289e+38","3,9063"
2026 02 20 11:40:24:998,-3.9675,-6.78875,"0,272",10,0,0,-3,"37,1094","3,402823466385289e+38","3,9063"
2026 02 20 11:40:25:000,-3.9675,-6.78875,"0,272",10,0,0,-3,"37,1094","3,402823466385289e+38","27,3438"
2026 02 20 11:40:25:002,-3.9675,-6.70125,"0,272",10,0,0,-3,"37,1094","3,402823466385289e+38","15,625"
2026 02 20 11:40:25:004,-3.9675,-6.78875,"0,272",10,0,0,-3,"37,1094","3,402823466385289e+38","7,8125"
2026 02 20 11:40:25:006,-3.9675,-6.70125,"0,272",10,0,0,-3,"37,1094","3,402823466385289e+38","-3,9062"
2026 02 20 11:40:25:008,-3.9675,-6.70125,"0,272",10,0,0,-3,"37,1094","3,402823466385289e+38","-3,9062"
2026 02 20 11:40:25:010,-3.9675,-6.78875,"0,272",10,0,0,-3,"37,1094","3,402823466385289e+38","-11,7187"
2026 02 20 11:40:25:012,-3.9675,-6.78875,"0,272",10,0,0,-3,"37,1094","3,402823466385289e+38","3,9063"
2026 02 20 11:40:25:014,-3.9675,-6.78875,"0,272",10,0,0,-3,"37,1094","3,402823466385289e+38","3,9063"
2026 02 20 11:40:25:016,-3.9675,-6.78875,"0,272",10,0,0,-3,"37,1094","3,402823466385289e+38","3,9063"
2026 02 20 11:40:25:018,-3.9334,-6.78875,"0,272",10,0,0,-3,"37,1094","3,402823466385289e+38","7,8125"
2026 02 20 11:40:25:020,-3.9675,-6.78875,"0,272",10,0,0,-3,"37,1094","3,402823466385289e+38","27,3438"
2026 02 20 11:40:25:022,-3.9675,-6.78875,"0,272",10,0,0,-3,"37,1094","3,402823466385289e+38","19,5313"
2026 02 20 11:40:25:024,-3.9675,-6.78875,"0,272",10,0,0,-3,"37,1094","3,402823466385289e+38","7,8125"
2026 02 20 11:40:25:026,-3.9675,-6.78875,"0,272",10,0,0,-3,"37,1094","3,402823466385289e+38","-3,9062"
2026 02 20 11:40:25:028,-3.9334,-6.78875,"0,272",10,0,0,-3,"37,1094","3,402823466385289e+38","-3,9062"
2026 02 20 11:40:25:030,-3.9675,-6.78875,"0,272",10,0,0,-3,"37,1094","3,402823466385289e+38","-11,7187"
2026 02 20 11:40:25:032,-3.9675,-6.78875,"0,272",10,0,0,-3,"37,1094","3,402823466385289e+38","7,8125"
2026 02 20 11:40:25:034,-3.9675,-6.70125,"0,272",10,0,0,-3,"37,1094","3,402823466385289e+38","3,9063"
2026 02 20 11:40:25:036,-3.9675,-6.78875,"0,272",10,0,0,-3,"37,1094","3,402823466385289e+38","7,8125"
2026 02 20 11:40:25:038,-3.9334,-6.70125,"0,272",10,0,0,-3,"37,1094","3,402823466385289e+38","3,9063"
2026 02 20 11:40:25:040,-3.9334,-6.78875,"0,272",10,0,0,-3,"37,1094","3,402823466385289e+38","27,3438"
2026 02 20 11:40:25:042,-3.9675,-6.78875,"0,272",10,0,0,-3,"37,1094","3,402823466385289e+38","23,4375"
2026 02 20 11:40:25:044,-3.9675,-6.78875,"0,272",10,0,0,-3,"37,1094","3,402823466385289e+38","11,7188"
2026 02 20 11:40:25:046,-3.9675,-6.70125,"0,272",10,0,0,-3,"37,1094","3,402823466385289e+38","-7,8125"
2026 02 20 11:40:25:048,-3.9675,-6.70125,"0,272",10,0,0,-3,"37,1094","3,402823466385289e+38","-3,9062"
2026 02 20 11:40:25:050,-3.9985,-6.78875,"0,272",10,0,0,-3,"37,1094","3,402823466385289e+38","-11,7187"
2026 02 20 11:40:25:052,-3.9334,-6.70125,"0,271",10,0,0,-3,"41,7786","3,402823466385289e+38","3,9063"
2026 02 20 11:40:25:054,-3.9334,-6.78875,"0,271",10,0,0,-3,"41,7786","3,402823466385289e+38","3,9063"
2026 02 20 11:40:25:056,-3.9675,-6.78875,"0,271",10,0,0,-3,"41,7786","3,402823466385289e+38","7,8125"
2026 02 20 11:40:25:058,-3.9985,-6.78875,"0,271",10,0,0,-3,"41,7786","3,402823466385289e+38","3,9063"
2026 02 20 11:40:25:060,-3.9675,-6.78875,"0,271",10,0,0,-3,"41,7786","3,402823466385289e+38","27,3438"
2026 02 20 11:40:25:062,-3.9675,-6.70125,"0,271",10,0,0,-3,"41,7786","3,402823466385289e+38","15,625"
2026 02 20 11:40:25:064,-3.9675,-6.70125,"0,271",10,0,0,-3,"41,7786","3,402823466385289e+38","7,8125"
2026 02 20 11:40:25:066,-3.9675,-6.70125,"0,271",10,0,0,-3,"41,7786","3,402823466385289e+38","-3,9062"
2026 02 20 11:40:25:068,-3.9675,-6.70125,"0,271",10,0,0,-3,"41,7786","3,402823466385289e+38","-3,9062"
2026 02 20 11:40:25:070,-3.9675,-6.70125,"0,271",10,0,0,-3,"41,7786","3,402823466385289e+38","-7,8125"
2026 02 20 11:40:25:072,-3.9334,-6.70125,"0,271",10,0,0,-3,"41,7786","3,402823466385289e+38","7,8125"
2026 02 20 11:40:25:074,-3.9985,-6.78875,"0,271",10,0,0,-3,"41,7786","3,402823466385289e+38","7,8125"
2026 02 20 11:40:25:076,-3.9985,-6.78875,"0,271",10,0,0,-3,"41,7786","3,402823466385289e+38","7,8125"
2026 02 20 11:40:25:078,-3.9985,-6.78875,"0,271",10,0,0,-3,"41,7786","3,402823466385289e+38","7,8125"
2026 02 20 11:40:25:080,-3.9334,-6.78875,"0,271",10,0,0,-3,"41,7786","3,402823466385289e+38","27,3438"
2026 02 20 11:40:25:082,-3.9675,-6.78875,"0,271",10,0,0,-3,"41,7786","3,402823466385289e+38","19,5313"
2026 02 20 11:40:25:084,-3.9985,-6.78875,"0,271",10,0,0,-3,"41,7786","3,402823466385289e+38","11,7188"
2026 02 20 11:40:25:086,-3.9334,-6.70125,"0,271",10,0,0,-3,"41,7786","3,402823466385289e+38","-3,9062"
2026 02 20 11:40:25:088,-3.9675,-6.78875,"0,271",10,0,0,-3,"41,7786","3,402823466385289e+38","-3,9062"
2026 02 20 11:40:25:090,-3.9675,-6.78875,"0,271",10,0,0,-3,"41,7786","3,402823466385289e+38","-7,8125"
2026 02 20 11:40:25:092,-3.9334,-6.70125,"0,271",10,0,0,-3,"41,7786","3,402823466385289e+38","7,8125"
2026 02 20 11:40:25:094,-3.9985,-6.70125,"0,271",10,0,0,-3,"41,7786","3,402823466385289e+38","7,8125"
2026 02 20 11:40:25:096,-3.9675,-6.78875,"0,271",10,0,0,-3,"41,7786","3,402823466385289e+38","3,9063"
2026 02 20 11:40:25:098,-3.9675,-6.70125,"0,271",10,0,0,-3,"41,7786","3,402823466385289e+38","3,9063"
2026 02 20 11:40:25:100,-3.9675,-6.78875,"0,271",10,0,0,-3,"41,7786","3,402823466385289e+38","27,3438"
2026 02 20 11:40:25:102,-3.9675,-6.70125,"0,271",10,0,0,-3,"41,7786","3,402823466385289e+38","19,5313"
2026 02 20 11:40:25:104,-3.9985,-6.78875,"0,271",10,0,0,-3,"41,7786","3,402823466385289e+38","7,8125"
2026 02 20 11:40:25:106,-3.9675,-6.70125,"0,271",10,0,0,-3,"41,7786","3,402823466385289e+38","-3,9062"
2026 02 20 11:40:25:108,-3.9675,-6.70125,"0,271",10,0,0,-3,"41,7786","3,402823466385289e+38","-3,9062"
2026 02 20 11:40:25:110,-3.9675,-6.78875,"0,271",10,0,0,-3,"41,7786","3,402823466385289e+38","-7,8125"
2026 02 20 11:40:25:112,-3.9675,-6.78875,"0,271",10,0,0,-3,"41,7786","3,402823466385289e+38","7,8125"
2026 02 20 11:40:25:114,-3.9675,-6.78875,"0,271",10,0,0,-3,"41,7786","3,402823466385289e+38","3,9063"
2026 02 20 11:40:25:116,-3.9675,-6.78875,"0,271",10,0,0,-3,"41,7786","3,402823466385289e+38","3,9063"
2026 02 20 11:40:25:118,-3.9675,-6.70125,"0,271",10,0,0,-3,"41,7786","3,402823466385289e+38","7,8125"
2026 02 20 11:40:25:120,-3.9675,-6.70125,"0,271",10,0,0,-3,"41,7786","3,402823466385289e+38","27,3438"
2026 02 20 11:40:25:122,-3.9675,-6.78875,"0,271",10,0,0,-3,"41,7786","3,402823466385289e+38","23,4375"
2026 02 20 11:40:25:124,-3.9675,-6.78875,"0,271",10,0,0,-3,"41,7786","3,402823466385289e+38","7,8125"
2026 02 20 11:40:25:126,-3.9675,-6.78875,"0,271",10,0,0,-3,"41,7786","3,402823466385289e+38","-3,9062"
2026 02 20 11:40:25:128,-3.9675,-6.70125,"0,271",10,0,0,-3,"41,7786","3,402823466385289e+38","-3,9062"
2026 02 20 11:40:25:130,-3.9675,-6.78875,"0,271",10,0,0,-3,"41,7786","3,402823466385289e+38","-7,8125"
2026 02 20 11:40:25:132,-3.9334,-6.70125,"0,271",10,0,0,-3,"41,7786","3,402823466385289e+38","3,9063"
2026 02 20 11:40:25:134,-3.9675,-6.78875,"0,271",10,0,0,-3,"41,7786","3,402823466385289e+38","3,9063"
2026 02 20 11:40:25:136,-3.9675,-6.70125,"0,271",10,0,0,-3,"41,7786","3,402823466385289e+38","7,8125"
2026 02 20 11:40:25:138,-3.9675,-6.70125,"0,271",10,0,0,-3,"41,7786","3,402823466385289e+38","3,9063"
2026 02 20 11:40:25:140,-3.9675,-6.70125,"0,271",10,0,0,-3,"41,7786","3,402823466385289e+38","23,4375"
2026 02 20 11:40:25:142,-3.9985,-6.78875,"0,271",10,0,0,-3,"41,7786","3,402823466385289e+38","15,625"
2026 02 20 11:40:25:144,-3.9675,-6.70125,"0,271",10,0,0,-3,"41,7786","3,402823466385289e+38","7,8125"
2026 02 20 11:40:25:146,-3.9675,-6.78875,"0,271",10,0,0,-3,"41,7786","3,402823466385289e+38","-7,8125"
2026 02 20 11:40:25:148,-3.9675,-6.78875,"0,271",10,0,0,-3,"41,7786","3,402823466385289e+38","-3,9062"
2026 02 20 11:40:25:150,-3.9675,-6.78875,"0,271",10,0,0,-3,"41,7786","3,402823466385289e+38","-7,8125"
2026 02 20 11:40:25:152,-3.9334,-6.70125,"0,271",10,0,0,-3,"41,7786","3,402823466385289e+38","3,9063"
2026 02 20 11:40:25:154,-3.9675,-6.78875,"0,271",10,0,0,-3,"41,7786","3,402823466385289e+38","3,9063"
2026 02 20 11:40:25:156,-3.9985,-6.78875,"0,271",10,0,0,-3,"41,7786","3,402823466385289e+38","7,8125"
2026 02 20 11:40:25:158,-3.9675,-6.78875,"0,271",10,0,0,-3,"41,7786","3,402823466385289e+38","7,8125"
2026 02 20 11:40:25:160,-3.9675,-6.70125,"0,271",10,0,0,-3,"41,7786","3,402823466385289e+38","27,3438"
2026 02 20 11:40:25:162,-3.9675,-6.78875,"0,271",10,0,0,-3,"41,7786","3,402823466385289e+38","19,5313"
2026 02 20 11:40:25:164,-3.9675,-6.70125,"0,271",10,0,0,-3,"41,7786","3,402823466385289e+38","7,8125"
2026 02 20 11:40:25:166,-3.9675,-6.78875,"0,271",10,0,0,-3,"41,7786","3,402823466385289e+38","-3,9062"
2026 02 20 11:40:25:168,-3.9675,-6.87625,"0,271",10,0,0,-3,"41,7786","3,402823466385289e+38","-3,9062"
2026 02 20 11:40:25:170,-3.9334,-6.78875,"0,271",10,0,0,-3,"41,7786","3,402823466385289e+38","-7,8125"
2026 02 20 11:40:25:172,-3.9675,-6.78875,"0,271",10,0,0,-3,"41,7786","3,402823466385289e+38","3,9063"
2026 02 20 11:40:25:174,-3.9675,-6.78875,"0,271",10,0,0,-3,"41,7786","3,402823466385289e+38","3,9063"
2026 02 20 11:40:25:176,-3.9675,-6.70125,"0,271",10,0,0,-3,"41,7786","3,402823466385289e+38","3,9063"
2026 02 20 11:40:25:178,-3.9675,-6.87625,"0,271",10,0,0,-3,"41,7786","3,402823466385289e+38","3,9063"
2026 02 20 11:40:25:180,-3.9675,-6.78875,"0,271",10,0,0,-3,"41,7786","3,402823466385289e+38","27,3438"
2026 02 20 11:40:25:182,-3.9675,-6.78875,"0,271",10,0,0,-3,"41,7786","3,402823466385289e+38","19,5313"
2026 02 20 11:40:25:184,-3.9675,-6.78875,"0,271",10,0,0,-3,"41,7786","3,402823466385289e+38","7,8125"
2026 02 20 11:40:25:186,-3.9675,-6.78875,"0,271",10,0,0,-3,"41,7786","3,402823466385289e+38","-7,8125"
2026 02 20 11:40:25:188,-3.9675,-6.78875,"0,271",10,0,0,-3,"41,7786","3,402823466385289e+38","-3,9062"
2026 02 20 11:40:25:190,-3.9334,-6.78875,"0,271",10,0,0,-3,"41,7786","3,402823466385289e+38","-7,8125"
2026 02 20 11:40:25:192,-3.9675,-6.70125,"0,271",10,0,0,-3,"41,7786","3,402823466385289e+38","3,9063"
2026 02 20 11:40:25:194,-3.9985,-6.78875,"0,271",10,0,0,-3,"41,7786","3,402823466385289e+38","3,9063"
2026 02 20 11:40:25:196,-3.9334,-6.78875,"0,271",10,0,0,-3,"41,7786","3,402823466385289e+38","7,8125"
2026 02 20 11:40:25:198,-3.9675,-6.78875,"0,271",10,0,0,-3,"41,7786","3,402823466385289e+38","3,9063"
2026 02 20 11:40:25:200,-3.9985,-6.70125,"0,271",10,0,0,-3,"41,7786","3,402823466385289e+38","27,3438"
2026 02 20 11:40:25:202,-3.9675,-6.78875,"0,271",10,0,0,-3,"41,7786","3,402823466385289e+38","19,5313"
2026 02 20 11:40:25:204,-3.9675,-6.78875,"0,271",10,0,0,-3,"41,7786","3,402823466385289e+38","7,8125"
2026 02 20 11:40:25:206,-3.9675,-6.70125,"0,271",10,0,0,-3,"41,7786","3,402823466385289e+38","-7,8125"
2026 02 20 11:40:25:208,-3.9675,-6.70125,"0,271",10,0,0,-3,"41,7786","3,402823466385289e+38","-3,9062"
2026 02 20 11:40:25:210,-3.9675,-6.78875,"0,271",10,0,0,-3,"41,7786","3,402823466385289e+38","-3,9062"
2026 02 20 11:40:25:212,-3.9334,-6.78875,"0,271",10,0,0,-3,"41,7786","3,402823466385289e+38","3,9063"
2026 02 20 11:40:25:214,-3.9985,-6.78875,"0,271",10,0,0,-3,"41,7786","3,402823466385289e+38","3,9063"
2026 02 20 11:40:25:216,-3.9675,-6.78875,"0,271",10,0,0,-3,"41,7786","3,402823466385289e+38","3,9063"
2026 02 20 11:40:25:218,-3.9985,-6.78875,"0,271",10,0,0,-3,"41,7786","3,402823466385289e+38","3,9063"
2026 02 20 11:40:25:220,-3.9985,-6.78875,"0,271",10,0,0,-3,"41,7786","3,402823466385289e+38","27,3438"
2026 02 20 11:40:25:222,-3.9334,-6.78875,"0,271",10,0,0,-3,"41,7786","3,402823466385289e+38","19,5313"
2026 02 20 11:40:25:224,-3.9675,-6.78875,"0,271",10,0,0,-3,"41,7786","3,402823466385289e+38","7,8125"
2026 02 20 11:40:25:226,-3.9675,-6.70125,"0,271",10,0,0,-3,"41,7786","3,402823466385289e+38","-7,8125"
2026 02 20 11:40:25:228,-3.9985,-6.78875,"0,271",10,0,0,-3,"41,7786","3,402823466385289e+38","-3,9062"
2026 02 20 11:40:25:230,-3.9675,-6.78875,"0,271",10,0,0,-3,"41,7786","3,402823466385289e+38","-3,9062"
2026 02 20 11:40:25:232,-3.9985,-6.78875,"0,271",10,0,0,-3,"41,7786","3,402823466385289e+38","7,8125"
2026 02 20 11:40:25:234,-3.9675,-6.78875,"0,271",10,0,0,-3,"41,7786","3,402823466385289e+38","3,9063"
2026 02 20 11:40:25:236,-3.9985,-6.78875,"0,271",10,0,0,-3,"41,7786","3,402823466385289e+38","3,9063"
2026 02 20 11:40:25:238,-3.9675,-6.70125,"0,271",10,0,0,-3,"41,7786","3,402823466385289e+38","3,9063"
2026 02 20 11:40:25:240,-3.9675,-6.78875,"0,271",10,0,0,-3,"41,7786","3,402823466385289e+38","27,3438"
2026 02 20 11:40:25:242,-3.9675,-6.78875,"0,271",10,0,0,-3,"41,7786","3,402823466385289e+38","19,5313"
2026 02 20 11:40:25:244,-3.9675,-6.78875,"0,271",10,0,0,-3,"41,7786","3,402823466385289e+38","7,8125"
2026 02 20 11:40:25:246,-3.9334,-6.78875,"0,271",10,0,0,-3,"41,7786","3,402823466385289e+38","-7,8125"
2026 02 20 11:40:25:248,-3.9985,-6.78875,"0,271",10,0,0,-3,"41,7786","3,402823466385289e+38","-3,9062"
2026 02 20 11:40:25:250,-3.9334,-6.70125,"0,271",10,0,0,-3,"41,7786","3,402823466385289e+38","-3,9062"
2026 02 20 11:40:25:252,-3.9675,-6.70125,"0,271",10,0,0,-3,"41,7786","3,402823466385289e+38","3,9063"
2026 02 20 11:40:25:254,-3.9675,-6.70125,"0,271",10,0,0,-3,"41,7786","3,402823466385289e+38","3,9063"
2026 02 20 11:40:25:256,-3.9675,-6.78875,"0,271",10,0,0,-3,"41,7786","3,402823466385289e+38","3,9063"
2026 02 20 11:40:25:258,-3.9675,-6.70125,"0,271",10,0,0,-3,"41,7786","3,402823466385289e+38","3,9063"
2026 02 20 11:40:25:260,-3.9675,-6.78875,"0,271",10,0,0,-3,"41,7786","3,402823466385289e+38","27,3438"
2026 02 20 11:40:25:262,-3.9675,-6.70125,"0,271",10,0,0,-3,"41,7786","3,402823466385289e+38","19,5313"
2026 02 20 11:40:25:264,-3.9334,-6.78875,"0,271",10,0,0,-3,"41,7786","3,402823466385289e+38","7,8125"
2026 02 20 11:40:25:266,-3.9675,-6.78875,"0,271",10,0,0,-3,"41,7786","3,402823466385289e+38","-11,7187"
2026 02 20 11:40:25:268,-3.9675,-6.78875,"0,271",10,0,0,-3,"41,7786","3,402823466385289e+38","-3,9062"
2026 02 20 11:40:25:270,-3.9985,-6.78875,"0,271",10,0,0,-3,"41,7786","3,402823466385289e+38","-3,9062"
2026 02 20 11:40:25:272,-3.9675,-6.78875,"0,271",10,0,0,-3,"41,7786","3,402823466385289e+38","3,9063"
2026 02 20 11:40:25:274,-3.9675,-6.78875,"0,271",10,0,0,-3,"41,7786","3,402823466385289e+38","3,9063"
2026 02 20 11:40:25:276,-3.9985,-6.78875,"0,271",10,0,0,-3,"41,7786","3,402823466385289e+38","3,9063"
2026 02 20 11:40:25:278,-3.9675,-6.70125,"0,271",10,0,0,-3,"41,7786","3,402823466385289e+38","3,9063"
2026 02 20 11:40:25:280,-3.9675,-6.78875,"0,271",10,0,0,-3,"41,7786","3,402823466385289e+38","27,3438"
2026 02 20 11:40:25:282,-3.9675,-6.78875,"0,271",10,0,0,-3,"41,7786","3,402823466385289e+38","19,5313"
2026 02 20 11:40:25:284,-3.9985,-6.78875,"0,271",10,0,0,-3,"41,7786","3,402823466385289e+38","7,8125"
2026 02 20 11:40:25:286,-3.9334,-6.78875,"0,271",10,0,0,-3,"41,7786","3,402823466385289e+38","-7,8125"
2026 02 20 11:40:25:288,-3.9675,-6.78875,"0,271",10,0,0,-3,"41,7786","3,402823466385289e+38","-3,9062"
2026 02 20 11:40:25:290,-3.9675,-6.78875,"0,271",10,0,0,-3,"41,7786","3,402823466385289e+38","-3,9062"
2026 02 20 11:40:25:292,-3.9334,-6.78875,"0,271",10,0,0,-3,"41,7786","3,402823466385289e+38","7,8125"
2026 02 20 11:40:25:294,-3.9675,-6.70125,"0,271",10,0,0,-3,"41,7786","3,402823466385289e+38","3,9063"
2026 02 20 11:40:25:296,-3.9334,-6.78875,"0,271",10,0,0,-3,"41,7786","3,402823466385289e+38","3,9063"
2026 02 20 11:40:25:298,-3.9675,-6.70125,"0,271",10,0,0,-3,"41,7786","3,402823466385289e+38","3,9063"
2026 02 20 11:40:25:300,-3.9675,-6.87625,"0,271",10,0,0,-3,"41,7786","3,402823466385289e+38","27,3438"
2026 02 20 11:40:25:302,-3.9675,-6.78875,"0,271",10,0,0,-3,"41,7786","3,402823466385289e+38","19,5313"
2026 02 20 11:40:25:304,-3.9675,-6.87625,"0,271",10,0,0,-3,"41,7786","3,402823466385289e+38","7,8125"
2026 02 20 11:40:25:306,-3.9675,-6.78875,"0,271",10,0,0,-3,"41,7786","3,402823466385289e+38","-7,8125"
2026 02 20 11:40:25:308,-3.9675,-6.78875,"0,271",10,0,0,-3,"41,7786","3,402823466385289e+38","-3,9062"
2026 02 20 11:40:25:310,-3.9334,-6.78875,"0,271",10,0,0,-3,"41,7786","3,402823466385289e+38","-3,9062"
2026 02 20 11:40:25:312,-3.9334,-6.78875,"0,271",10,0,0,-3,"41,7786","3,402823466385289e+38","3,9063"
2026 02 20 11:40:25:314,-3.9675,-6.70125,"0,271",10,0,0,-3,"41,7786","3,402823466385289e+38","3,9063"
2026 02 20 11:40:25:316,-3.9985,-6.70125,"0,271",10,0,0,-3,"41,7786","3,402823466385289e+38","7,8125"
2026 02 20 11:40:25:318,-3.9675,-6.70125,"0,271",10,0,0,-3,"41,7786","3,402823466385289e+38","7,8125"
2026 02 20 11:40:25:320,-3.9985,-6.78875,"0,271",10,0,0,-3,"41,7786","3,402823466385289e+38","27,3438"
2026 02 20 11:40:25:322,-3.9675,-6.70125,"0,271",10,0,0,-3,"41,7786","3,402823466385289e+38","19,5313"
2026 02 20 11:40:25:324,-3.9334,-6.78875,"0,271",10,0,0,-3,"41,7786","3,402823466385289e+38","7,8125"
2026 02 20 11:40:25:326,-3.9675,-6.70125,"0,271",10,0,0,-3,"41,7786","3,402823466385289e+38","-3,9062"
2026 02 20 11:40:25:328,-3.9675,-6.78875,"0,271",10,0,0,-3,"41,7786","3,402823466385289e+38",0
2026 02 20 11:40:25:330,-3.9334,-6.87625,"0,271",10,0,0,-3,"41,7786","3,402823466385289e+38","-3,9062"
2026 02 20 11:40:25:332,-3.9675,-6.78875,"0,271",10,0,0,-3,"41,7786","3,402823466385289e+38","7,8125"
2026 02 20 11:40:25:334,-3.9675,-6.78875,"0,271",10,0,0,-3,"41,7786","3,402823466385289e+38","7,8125"
2026 02 20 11:40:25:336,-3.9675,-6.70125,"0,271",10,0,0,-3,"41,7786","3,402823466385289e+38","7,8125"
2026 02 20 11:40:25:338,-3.9675,-6.78875,"0,271",10,0,0,-3,"41,7786","3,402823466385289e+38","7,8125"
2026 02 20 11:40:25:340,-3.9985,-6.78875,"0,271",10,0,0,-3,"41,7786","3,402823466385289e+38","27,3438"
2026 02 20 11:40:25:342,-3.9675,-6.70125,"0,271",10,0,0,-3,"41,7786","3,402823466385289e+38","23,4375"
2026 02 20 11:40:25:344,-3.9675,-6.78875,"0,271",10,0,0,-3,"41,7786","3,402823466385289e+38","7,8125"
2026 02 20 11:40:25:346,-3.9985,-6.70125,"0,271",10,0,0,-3,"41,7786","3,402823466385289e+38","-7,8125"
2026 02 20 11:40:25:348,-3.9675,-6.78875,"0,271",10,0,0,-3,"41,7786","3,402823466385289e+38",0
2026 02 20 11:40:25:350,-3.9675,-6.70125,"0,271",10,0,0,-3,"41,7786","3,402823466385289e+38",0
2026 02 20 11:40:25:352,-3.9675,-6.78875,"0,271",10,0,0,-3,"41,7786","3,402823466385289e+38","7,8125"
2026 02 20 11:40:25:354,-3.9985,-6.78875,"0,272",10,0,0,-3,"41,6718","3,402823466385289e+38","7,8125"
2026 02 20 11:40:25:356,-3.9334,-6.70125,"0,272",10,0,0,-3,"41,6718","3,402823466385289e+38","7,8125"
2026 02 20 11:40:25:358,-3.9675,-6.70125,"0,272",10,0,0,-3,"41,6718","3,402823466385289e+38","3,9063"
2026 02 20 11:40:25:360,-3.9334,-6.78875,"0,272",10,0,0,-3,"41,6718","3,402823466385289e+38","27,3438"
2026 02 20 11:40:25:362,-3.9334,-6.78875,"0,272",10,0,0,-3,"41,6718","3,402823466385289e+38","19,5313"
2026 02 20 11:40:25:364,-3.9675,-6.78875,"0,272",10,0,0,-3,"41,6718","3,402823466385289e+38","7,8125"
2026 02 20 11:40:25:366,-3.9334,-6.78875,"0,272",10,0,0,-3,"41,6718","3,402823466385289e+38","-7,8125"
2026 02 20 11:40:25:368,-3.9675,-6.78875,"0,272",10,0,0,-3,"41,6718","3,402823466385289e+38",0
2026 02 20 11:40:25:370,-3.9675,-6.78875,"0,272",10,0,0,-3,"41,6718","3,402823466385289e+38",0
2026 02 20 11:40:25:372,-3.9675,-6.78875,"0,272",10,0,0,-3,"41,6718","3,402823466385289e+38","7,8125"
2026 02 20 11:40:25:374,-3.9985,-6.78875,"0,272",10,0,0,-3,"41,6718","3,402823466385289e+38","7,8125"
2026 02 20 11:40:25:376,-3.9675,-6.78875,"0,272",10,0,0,-3,"41,6718","3,402823466385289e+38","7,8125"
2026 02 20 11:40:25:378,-3.9675,-6.78875,"0,272",10,0,0,-3,"41,6718","3,402823466385289e+38","3,9063"
2026 02 20 11:40:25:380,-3.9675,-6.87625,"0,272",10,0,0,-3,"41,6718","3,402823466385289e+38","27,3438"
2026 02 20 11:40:25:382,-3.9675,-6.78875,"0,272",10,0,0,-3,"41,6718","3,402823466385289e+38","19,5313"
2026 02 20 11:40:25:384,-3.9675,-6.78875,"0,272",10,0,0,-3,"41,6718","3,402823466385289e+38","7,8125"
2026 02 20 11:40:25:386,-3.9675,-6.87625,"0,272",10,0,0,-3,"41,6718","3,402823466385289e+38","-7,8125"
2026 02 20 11:40:25:388,-3.9675,-6.87625,"0,272",10,0,0,-3,"41,6718","3,402823466385289e+38",0
2026 02 20 11:40:25:390,-3.9675,-6.70125,"0,272",10,0,0,-3,"41,6718","3,402823466385289e+38",0
2026 02 20 11:40:25:392,-3.9675,-6.70125,"0,272",10,0,0,-3,"41,6718","3,402823466385289e+38","7,8125"
2026 02 20 11:40:25:394,-3.9675,-6.78875,"0,272",10,0,0,-3,"41,6718","3,402823466385289e+38","3,9063"
2026 02 20 11:40:25:396,-3.9675,-6.70125,"0,272",10,0,0,-3,"41,6718","3,402823466385289e+38","7,8125"
2026 02 20 11:40:25:398,-3.9675,-6.70125,"0,272",10,0,0,-3,"41,6718","3,402823466385289e+38","3,9063"
2026 02 20 11:40:25:400,-3.9675,-6.78875,"0,272",10,0,0,-3,"41,6718","3,402823466385289e+38","27,3438"
2026 02 20 11:40:25:402,-3.9675,-6.78875,"0,272",10,0,0,-3,"41,6718","3,402823466385289e+38","19,5313"
2026 02 20 11:40:25:404,-3.9334,-6.70125,"0,272",10,0,0,-3,"41,6718","3,402823466385289e+38","7,8125"
2026 02 20 11:40:25:406,-3.9675,-6.78875,"0,272",10,0,0,-3,"41,6718","3,402823466385289e+38","-7,8125"
2026 02 20 11:40:25:408,-3.9985,-6.78875,"0,272",10,0,0,-3,"41,6718","3,402823466385289e+38","-3,9062"
2026 02 20 11:40:25:410,-3.9675,-6.78875,"0,272",10,0,0,-3,"41,6718","3,402823466385289e+38","3,9063"
2026 02 20 11:40:25:412,-3.9675,-6.78875,"0,272",10,0,0,-3,"41,6718","3,402823466385289e+38","7,8125"
2026 02 20 11:40:25:414,-3.9675,-6.70125,"0,272",10,0,0,-3,"41,6718","3,402823466385289e+38","3,9063"
2026 02 20 11:40:25:416,-3.9675,-6.78875,"0,272",10,0,0,-3,"41,6718","3,402823466385289e+38","3,9063"
2026 02 20 11:40:25:418,-3.9675,-6.70125,"0,272",10,0,0,-3,"41,6718","3,402823466385289e+38","3,9063"
2026 02 20 11:40:25:420,-3.9675,-6.78875,"0,272",10,0,0,-3,"41,6718","3,402823466385289e+38","27,3438"
2026 02 20 11:40:25:422,-3.9675,-6.78875,"0,272",10,0,0,-3,"41,6718","3,402823466385289e+38","19,5313"
2026 02 20 11:40:25:424,-3.9675,-6.78875,"0,272",10,0,0,-3,"41,6718","3,402823466385289e+38","7,8125"
2026 02 20 11:40:25:426,-3.9675,-6.70125,"0,272",10,0,0,-3,"41,6718","3,402823466385289e+38","-7,8125"
2026 02 20 11:40:25:428,-3.9675,-6.78875,"0,272",10,0,0,-3,"41,6718","3,402823466385289e+38",0
2026 02 20 11:40:25:430,-3.9334,-6.87625,"0,272",10,0,0,-3,"41,6718","3,402823466385289e+38",0
2026 02 20 11:40:25:432,-3.9675,-6.70125,"0,272",10,0,0,-3,"41,6718","3,402823466385289e+38","3,9063"
2026 02 20 11:40:25:434,-3.9675,-6.78875,"0,272",10,0,0,-3,"41,6718","3,402823466385289e+38","3,9063"
2026 02 20 11:40:25:436,-3.9675,-6.87625,"0,272",10,0,0,-3,"41,6718","3,402823466385289e+38","3,9063"
2026 02 20 11:40:25:438,-3.9675,-6.78875,"0,272",10,0,0,-3,"41,6718","3,402823466385289e+38","3,9063"
2026 02 20 11:40:25:440,-3.9675,-6.78875,"0,272",10,0,0,-3,"41,6718","3,402823466385289e+38","27,3438"
2026 02 20 11:40:25:442,-3.9985,-6.78875,"0,272",10,0,0,-3,"41,6718","3,402823466385289e+38","19,5313"
2026 02 20 11:40:25:444,-3.9985,-6.78875,"0,272",10,0,0,-3,"41,6718","3,402823466385289e+38","7,8125"
2026 02 20 11:40:25:446,-3.9675,-6.78875,"0,272",10,0,0,-3,"41,6718","3,402823466385289e+38","-3,9062"
2026 02 20 11:40:25:448,-3.9334,-6.78875,"0,272",10,0,0,-3,"41,6718","3,402823466385289e+38",0
2026 02 20 11:40:25:450,-3.9675,-6.70125,"0,272",10,0,0,-3,"41,6718","3,402823466385289e+38","3,9063"
2026 02 20 11:40:25:452,-3.9985,-6.78875,"0,272",10,0,0,-3,"41,6718","3,402823466385289e+38","7,8125"
2026 02 20 11:40:25:454,-3.9334,-6.70125,"0,272",10,0,0,-3,"41,6718","3,402823466385289e+38","3,9063"
2026 02 20 11:40:25:456,-3.9675,-6.78875,"0,272",10,0,0,-3,"41,6718","3,402823466385289e+38","3,9063"
2026 02 20 11:40:25:458,-3.9675,-6.78875,"0,272",10,0,0,-3,"41,6718","3,402823466385289e+38","3,9063"
2026 02 20 11:40:25:460,-3.9675,-6.78875,"0,272",10,0,0,-3,"41,6718","3,402823466385289e+38","27,3438"
2026 02 20 11:40:25:462,-3.9675,-6.78875,"0,272",10,0,0,-3,"41,6718","3,402823466385289e+38","19,5313"
2026 02 20 11:40:25:464,-3.9675,-6.78875,"0,272",10,0,0,-3,"41,6718","3,402823466385289e+38","7,8125"
2026 02 20 11:40:25:466,-3.9985,-6.78875,"0,272",10,0,0,-3,"41,6718","3,402823466385289e+38","-3,9062"
2026 02 20 11:40:25:468,-3.9675,-6.78875,"0,272",10,0,0,-3,"41,6718","3,402823466385289e+38",0
2026 02 20 11:40:25:470,-3.9675,-6.70125,"0,272",10,0,0,-3,"41,6718","3,402823466385289e+38","3,9063"
2026 02 20 11:40:25:472,-3.9675,-6.78875,"0,272",10,0,0,-3,"41,6718","3,402823466385289e+38","3,9063"
2026 02 20 11:40:25:474,-3.9675,-6.78875,"0,272",10,0,0,-3,"41,6718","3,402823466385289e+38","3,9063"
2026 02 20 11:40:25:476,-3.9675,-6.78875,"0,272",10,0,0,-3,"41,6718","3,402823466385289e+38","3,9063"
2026 02 20 11:40:25:478,-3.9675,-6.70125,"0,272",10,0,0,-3,"41,6718","3,402823466385289e+38","3,9063"
2026 02 20 11:40:25:480,-3.9675,-6.78875,"0,272",10,0,0,-3,"41,6718","3,402823466385289e+38","27,3438"
2026 02 20 11:40:25:482,-3.9675,-6.78875,"0,272",10,0,0,-3,"41,6718","3,402823466385289e+38","23,4375"
2026 02 20 11:40:25:484,-3.9675,-6.78875,"0,272",10,0,0,-3,"41,6718","3,402823466385289e+38","3,9063"
2026 02 20 11:40:25:486,-3.9675,-6.78875,"0,272",10,0,0,-3,"41,6718","3,402823466385289e+38","-11,7187"
2026 02 20 11:40:25:488,-3.9675,-6.78875,"0,272",10,0,0,-3,"41,6718","3,402823466385289e+38","-3,9062"
2026 02 20 11:40:25:490,-3.9675,-6.78875,"0,272",10,0,0,-3,"41,6718","3,402823466385289e+38",0
2026 02 20 11:40:25:492,-3.9334,-6.78875,"0,272",10,0,0,-3,"41,6718","3,402823466385289e+38","3,9063"
2026 02 20 11:40:25:494,-3.9985,-6.78875,"0,272",10,0,0,-3,"41,6718","3,402823466385289e+38","19,5313"
2026 02 20 11:40:25:496,-3.9985,-6.78875,"0,272",10,0,0,-3,"41,6718","3,402823466385289e+38","11,7188"
2026 02 20 11:40:25:498,-3.9675,-6.78875,"0,272",10,0,0,-3,"41,6718","3,402823466385289e+38","3,9063"
2026 02 20 11:40:25:500,-3.9675,-6.70125,"0,272",10,0,0,-3,"41,6718","3,402823466385289e+38","23,4375"
2026 02 20 11:40:25:502,-3.9985,-6.70125,"0,272",10,0,0,-3,"41,6718","3,402823466385289e+38","15,625"
2026 02 20 11:40:25:504,-3.9675,-6.70125,"0,272",10,0,0,-3,"41,6718","3,402823466385289e+38","7,8125"
2026 02 20 11:40:25:506,-3.9675,-6.78875,"0,272",10,0,0,-3,"41,6718","3,402823466385289e+38","-7,8125"
2026 02 20 11:40:25:508,-3.9675,-6.78875,"0,272",10,0,0,-3,"41,6718","3,402823466385289e+38","-3,9062"
2026 02 20 11:40:25:510,-3.9334,-6.70125,"0,272",10,0,0,-3,"41,6718","3,402823466385289e+38",0
2026 02 20 11:40:25:512,-3.9675,-6.70125,"0,272",10,0,0,-3,"41,6718","3,402823466385289e+38","3,9063"
2026 02 20 11:40:25:514,-3.9675,-6.70125,"0,272",10,0,0,-3,"41,6718","3,402823466385289e+38","3,9063"
2026 02 20 11:40:25:516,-3.9675,-6.78875,"0,272",10,0,0,-3,"41,6718","3,402823466385289e+38","3,9063"
2026 02 20 11:40:25:518,-3.9334,-6.78875,"0,272",10,0,0,-3,"41,6718","3,402823466385289e+38","7,8125"
2026 02 20 11:40:25:520,-3.9675,-6.78875,"0,272",10,0,0,-3,"41,6718","3,402823466385289e+38","19,5313"
2026 02 20 11:40:25:522,-3.9675,-6.78875,"0,272",10,0,0,-3,"41,6718","3,402823466385289e+38","15,625"
2026 02 20 11:40:25:524,-3.9675,-6.78875,"0,272",10,0,0,-3,"41,6718","3,402823466385289e+38",0
2026 02 20 11:40:25:526,-3.9985,-6.78875,"0,272",10,0,0,-3,"41,6718","3,402823466385289e+38",0
2026 02 20 11:40:25:528,-3.9334,-6.70125,"0,272",10,0,0,-3,"41,6718","3,402823466385289e+38","3,9063"
2026 02 20 11:40:25:530,-3.9675,-6.78875,"0,272",10,0,0,-3,"41,6718","3,402823466385289e+38",0
2026 02 20 11:40:25:532,-3.9334,-6.70125,"0,272",10,0,0,-3,"41,6718","3,402823466385289e+38","3,9063"
2026 02 20 11:40:25:534,-3.9675,-6.78875,"0,272",10,0,0,-3,"41,6718","3,402823466385289e+38","3,9063"
2026 02 20 11:40:25:536,-3.9675,-6.78875,"0,272",10,0,0,-3,"41,6718","3,402823466385289e+38","3,9063"
2026 02 20 11:40:25:538,-3.9675,-6.70125,"0,272",10,0,0,-3,"41,6718","3,402823466385289e+38","3,9063"
2026 02 20 11:40:25:540,-3.9985,-6.87625,"0,272",10,0,0,-3,"41,6718","3,402823466385289e+38","27,3438"
2026 02 20 11:40:25:542,-3.9675,-6.70125,"0,272",10,0,0,-3,"41,6718","3,402823466385289e+38","19,5313"
2026 02 20 11:40:25:544,-3.9985,-6.78875,"0,272",10,0,0,-3,"41,6718","3,402823466385289e+38","7,8125"
2026 02 20 11:40:25:546,-3.9675,-6.70125,"0,272",10,0,0,-3,"41,6718","3,402823466385289e+38","-3,9062"
2026 02 20 11:40:25:548,-3.9334,-6.70125,"0,272",10,0,0,-3,"41,6718","3,402823466385289e+38","-3,9062"
2026 02 20 11:40:25:550,-3.9985,-6.78875,"0,272",10,0,0,-3,"41,6718","3,402823466385289e+38",0
2026 02 20 11:40:25:552,-3.9675,-6.78875,"0,272",10,0,0,-3,"41,6718","3,402823466385289e+38","7,8125"
2026 02 20 11:40:25:554,-3.9675,-6.78875,"0,272",10,0,0,-3,"41,6718","3,402823466385289e+38","3,9063"
2026 02 20 11:40:25:556,-3.9985,-6.78875,"0,272",10,0,0,-3,"41,6718","3,402823466385289e+38","3,9063"
2026 02 20 11:40:25:558,-3.9334,-6.70125,"0,272",10,0,0,-3,"41,6718","3,402823466385289e+38",0
2026 02 20 11:40:25:560,-3.9675,-6.78875,"0,272",10,0,0,-3,"41,6718","3,402823466385289e+38","19,5313"
2026 02 20 11:40:25:562,-3.9675,-6.78875,"0,272",10,0,0,-3,"41,6718","3,402823466385289e+38","23,4375"
2026 02 20 11:40:25:564,-3.9985,-6.78875,"0,272",10,0,0,-3,"41,6718","3,402823466385289e+38","19,5313"
2026 02 20 11:40:25:566,-3.9334,-6.78875,"0,272",10,0,0,-3,"41,6718","3,402823466385289e+38","-3,9062"
2026 02 20 11:40:25:568,-3.9334,-6.70125,"0,272",10,0,0,-3,"41,6718","3,402823466385289e+38","-3,9062"
2026 02 20 11:40:25:570,-3.9675,-6.78875,"0,272",10,0,0,-3,"41,6718","3,402823466385289e+38","3,9063"
2026 02 20 11:40:25:572,-3.9675,-6.70125,"0,272",10,0,0,-3,"41,6718","3,402823466385289e+38","3,9063"
2026 02 20 11:40:25:574,-3.9675,-6.78875,"0,272",10,0,0,-3,"41,6718","3,402823466385289e+38","3,9063"
2026 02 20 11:40:25:576,-3.9675,-6.78875,"0,272",10,0,0,-3,"41,6718","3,402823466385289e+38",0
2026 02 20 11:40:25:578,-3.9675,-6.78875,"0,272",10,0,0,-3,"41,6718","3,402823466385289e+38","11,7188"
2026 02 20 11:40:25:580,-3.9334,-6.70125,"0,272",10,0,0,-3,"41,6718","3,402823466385289e+38","31,25"
2026 02 20 11:40:25:582,-3.9334,-6.78875,"0,272",10,0,0,-3,"41,6718","3,402823466385289e+38","19,5313"
2026 02 20 11:40:25:584,-3.9985,-6.78875,"0,272",10,0,0,-3,"41,6718","3,402823466385289e+38","3,9063"
2026 02 20 11:40:25:586,-3.9675,-6.78875,"0,272",10,0,0,-3,"41,6718","3,402823466385289e+38","-15,625"
2026 02 20 11:40:25:588,-3.9985,-6.70125,"0,272",10,0,0,-3,"41,6718","3,402823466385289e+38","-11,7187"
2026 02 20 11:40:25:590,-3.9675,-6.70125,"0,272",10,0,0,-3,"41,6718","3,402823466385289e+38","7,8125"
2026 02 20 11:40:25:592,-3.9985,-6.78875,"0,272",10,0,0,-3,"41,6718","3,402823466385289e+38","15,625"
2026 02 20 11:40:25:594,-3.9675,-6.78875,"0,272",10,0,0,-3,"41,6718","3,402823466385289e+38","-3,9062"
2026 02 20 11:40:25:596,-3.9675,-6.70125,"0,272",10,0,0,-3,"41,6718","3,402823466385289e+38","3,9063"
2026 02 20 11:40:25:598,-3.9675,-6.78875,"0,272",10,0,0,-3,"41,6718","3,402823466385289e+38",0
2026 02 20 11:40:25:600,-3.9675,-6.78875,"0,272",10,0,0,-3,"41,6718","3,402823466385289e+38","15,625"
2026 02 20 11:40:25:602,-3.9675,-6.78875,"0,272",10,0,0,-3,"41,6718","3,402823466385289e+38","19,5313"
2026 02 20 11:40:25:604,-3.9675,-6.70125,"0,272",10,0,0,-3,"41,6718","3,402823466385289e+38",0
2026 02 20 11:40:25:606,-3.9675,-6.70125,"0,272",10,0,0,-3,"41,6718","3,402823466385289e+38","-11,7187"
2026 02 20 11:40:25:608,-3.9675,-6.78875,"0,272",10,0,0,-3,"41,6718","3,402823466385289e+38",0
2026 02 20 11:40:25:610,-3.9334,-6.87625,"0,272",10,0,0,-3,"41,6718","3,402823466385289e+38","-19,5312"
2026 02 20 11:40:25:612,-3.9334,-6.78875,"0,272",10,0,0,-3,"41,6718","3,402823466385289e+38","-3,9062"
2026 02 20 11:40:25:614,-3.9675,-6.78875,"0,272",10,0,0,-3,"41,6718","3,402823466385289e+38","3,9063"
2026 02 20 11:40:25:616,-3.9675,-6.78875,"0,272",10,0,0,-3,"41,6718","3,402823466385289e+38","7,8125"
2026 02 20 11:40:25:618,-3.9675,-6.78875,"0,272",10,0,0,-3,"41,6718","3,402823466385289e+38","-7,8125"
2026 02 20 11:40:25:620,-3.9675,-6.78875,"0,272",10,0,0,-3,"41,6718","3,402823466385289e+38","15,625"
2026 02 20 11:40:25:622,-3.9675,-6.78875,"0,272",10,0,0,-3,"41,6718","3,402823466385289e+38","31,25"
2026 02 20 11:40:25:624,-3.9675,-6.78875,"0,272",10,0,0,-3,"41,6718","3,402823466385289e+38","11,7188"
2026 02 20 11:40:25:626,-3.9985,-6.78875,"0,272",10,0,0,-3,"41,6718","3,402823466385289e+38","-7,8125"
2026 02 20 11:40:25:628,-3.9985,-6.78875,"0,272",10,0,0,-3,"41,6718","3,402823466385289e+38","11,7188"
2026 02 20 11:40:25:630,-3.9985,-6.78875,"0,272",10,0,0,-3,"41,6718","3,402823466385289e+38","15,625"
2026 02 20 11:40:25:632,-3.9675,-6.78875,"0,272",10,0,0,-3,"41,6718","3,402823466385289e+38","-7,8125"
2026 02 20 11:40:25:634,-3.9334,-6.78875,"0,272",10,0,0,-3,"41,6718","3,402823466385289e+38","7,8125"
2026 02 20 11:40:25:636,-3.9985,-6.70125,"0,272",10,0,0,-3,"41,6718","3,402823466385289e+38","11,7188"
2026 02 20 11:40:25:638,-3.9985,-6.78875,"0,272",10,0,0,-3,"41,6718","3,402823466385289e+38","3,9063"
2026 02 20 11:40:25:640,-3.9675,-6.78875,"0,272",10,0,0,-3,"41,6718","3,402823466385289e+38","19,5313"
2026 02 20 11:40:25:642,-3.9334,-6.78875,"0,272",10,0,0,-3,"41,6718","3,402823466385289e+38","7,8125"
2026 02 20 11:40:25:644,-3.9675,-6.78875,"0,272",10,0,0,-3,"41,6718","3,402823466385289e+38","3,9063"
2026 02 20 11:40:25:646,-3.9675,-6.78875,"0,272",10,0,0,-3,"41,6718","3,402823466385289e+38","11,7188"
2026 02 20 11:40:25:648,-3.9675,-6.70125,"0,272",10,0,0,-3,"41,6718","3,402823466385289e+38","3,9063"
2026 02 20 11:40:25:650,-3.9675,-6.78875,"0,272",10,0,0,-3,"41,6718","3,402823466385289e+38","-19,5312"
2026 02 20 11:40:25:652,-3.9675,-6.78875,"0,272",10,0,0,-3,"41,6718","3,402823466385289e+38","-3,9062"
2026 02 20 11:40:25:654,-3.9985,-6.70125,"0,271",11,0,0,-3,"38,1927","3,402823466385289e+38","-3,9062"
2026 02 20 11:40:25:656,-3.9675,-6.70125,"0,271",11,0,0,-3,"38,1927","3,402823466385289e+38",0
2026 02 20 11:40:25:658,-3.9675,-6.70125,"0,271",11,0,0,-3,"38,1927","3,402823466385289e+38","7,8125"
2026 02 20 11:40:25:660,-3.9675,-6.78875,"0,271",11,0,0,-3,"38,1927","3,402823466385289e+38","39,0625"
2026 02 20 11:40:25:662,-3.9985,-6.70125,"0,271",11,0,0,-3,"38,1927","3,402823466385289e+38","3,9063"
2026 02 20 11:40:25:664,-3.9675,-6.78875,"0,271",11,0,0,-3,"38,1927","3,402823466385289e+38",0
2026 02 20 11:40:25:666,-3.9985,-6.78875,"0,271",11,0,0,-3,"38,1927","3,402823466385289e+38","-19,5312"
2026 02 20 11:40:25:668,-3.9675,-6.78875,"0,271",11,0,0,-3,"38,1927","3,402823466385289e+38","-23,4375"
2026 02 20 11:40:25:670,-3.9675,-6.78875,"0,271",11,0,0,-3,"38,1927","3,402823466385289e+38","-7,8125"
2026 02 20 11:40:25:672,-3.9334,-6.70125,"0,271",11,0,0,-3,"38,1927","3,402823466385289e+38","7,8125"
2026 02 20 11:40:25:674,-3.9675,-6.70125,"0,271",11,0,0,-3,"38,1927","3,402823466385289e+38","-3,9062"
2026 02 20 11:40:25:676,-3.9334,-6.70125,"0,271",11,0,0,-3,"38,1927","3,402823466385289e+38","3,9063"
2026 02 20 11:40:25:678,-3.9985,-6.78875,"0,271",11,0,0,-3,"38,1927","3,402823466385289e+38","11,7188"
2026 02 20 11:40:25:680,-3.9334,-6.70125,"0,271",11,0,0,-3,"38,1927","3,402823466385289e+38","35,1563"
2026 02 20 11:40:25:682,-3.9675,-6.78875,"0,271",11,0,0,-3,"38,1927","3,402823466385289e+38","35,1563"
2026 02 20 11:40:25:684,-3.9675,-6.70125,"0,271",11,0,0,-3,"38,1927","3,402823466385289e+38","-11,7187"
2026 02 20 11:40:25:686,-3.9675,-6.70125,"0,271",11,0,0,-3,"38,1927","3,402823466385289e+38","-35,1562"
2026 02 20 11:40:25:688,-3.9675,-6.70125,"0,271",11,0,0,-3,"38,1927","3,402823466385289e+38","-11,7187"
2026 02 20 11:40:25:690,-3.9985,-6.78875,"0,271",11,0,0,-3,"38,1927","3,402823466385289e+38","15,625"
2026 02 20 11:40:25:692,-3.9675,-6.70125,"0,271",11,0,0,-3,"38,1927","3,402823466385289e+38","35,1563"
2026 02 20 11:40:25:694,-3.9675,-6.78875,"0,271",11,0,0,-3,"38,1927","3,402823466385289e+38","15,625"
2026 02 20 11:40:25:696,-3.9985,-6.78875,"0,271",11,0,0,-3,"38,1927","3,402823466385289e+38","7,8125"
2026 02 20 11:40:25:698,-3.9675,-6.70125,"0,271",11,0,0,-3,"38,1927","3,402823466385289e+38","-3,9062"
2026 02 20 11:40:25:700,-3.9334,-6.78875,"0,271",11,0,0,-3,"38,1927","3,402823466385289e+38","7,8125"
2026 02 20 11:40:25:702,-3.9675,-6.78875,"0,271",11,0,0,-3,"38,1927","3,402823466385289e+38","27,3438"
2026 02 20 11:40:25:704,-3.9985,-6.70125,"0,271",11,0,0,-3,"38,1927","3,402823466385289e+38","19,5313"
2026 02 20 11:40:25:706,-3.9675,-6.78875,"0,271",11,0,0,-3,"38,1927","3,402823466385289e+38","-19,5312"
2026 02 20 11:40:25:708,-3.9985,-6.70125,"0,271",11,0,0,-3,"38,1927","3,402823466385289e+38","3,9063"
2026 02 20 11:40:25:710,-3.9985,-6.78875,"0,271",11,0,0,-3,"38,1927","3,402823466385289e+38","7,8125"
2026 02 20 11:40:25:712,-3.9675,-6.78875,"0,271",11,0,0,-3,"38,1927","3,402823466385289e+38","7,8125"
2026 02 20 11:40:25:714,-3.9985,-6.78875,"0,271",11,0,0,-3,"38,1927","3,402823466385289e+38","7,8125"
2026 02 20 11:40:25:716,-3.9985,-6.78875,"0,271",11,0,0,-3,"38,1927","3,402823466385289e+38","15,625"
2026 02 20 11:40:25:718,-3.9675,-6.70125,"0,271",11,0,0,-3,"38,1927","3,402823466385289e+38","19,5313"
2026 02 20 11:40:25:720,-3.9675,-6.70125,"0,271",11,0,0,-3,"38,1927","3,402823466385289e+38","11,7188"
2026 02 20 11:40:25:722,-3.9334,-6.78875,"0,271",11,0,0,-3,"38,1927","3,402823466385289e+38","-23,4375"
2026 02 20 11:40:25:724,-3.9675,-6.78875,"0,271",11,0,0,-3,"38,1927","3,402823466385289e+38",0
2026 02 20 11:40:25:726,-3.9675,-6.78875,"0,271",11,0,0,-3,"38,1927","3,402823466385289e+38","-19,5312"
2026 02 20 11:40:25:728,-3.9675,-6.78875,"0,271",11,0,0,-3,"38,1927","3,402823466385289e+38","-3,9062"
2026 02 20 11:40:25:730,-3.9334,-6.78875,"0,271",11,0,0,-3,"38,1927","3,402823466385289e+38","15,625"
2026 02 20 11:40:25:732,-3.9675,-6.78875,"0,271",11,0,0,-3,"38,1927","3,402823466385289e+38","15,625"
2026 02 20 11:40:25:734,-3.9675,-6.70125,"0,271",11,0,0,-3,"38,1927","3,402823466385289e+38","15,625"
2026 02 20 11:40:25:736,-3.9675,-6.70125,"0,271",11,0,0,-3,"38,1927","3,402823466385289e+38",0
2026 02 20 11:40:25:738,-3.9675,-6.70125,"0,271",11,0,0,-3,"38,1927","3,402823466385289e+38","-31,25"
2026 02 20 11:40:25:740,-3.9985,-6.78875,"0,271",11,0,0,-3,"38,1927","3,402823466385289e+38","-7,8125"
2026 02 20 11:40:25:742,-3.9334,-6.70125,"0,271",11,0,0,-3,"38,1927","3,402823466385289e+38","42,9688"
2026 02 20 11:40:25:744,-3.9675,-6.78875,"0,271",11,0,0,-3,"38,1927","3,402823466385289e+38","62,5"
2026 02 20 11:40:25:746,-3.9675,-6.78875,"0,271",11,0,0,-3,"38,1927","3,402823466385289e+38","27,3438"
2026 02 20 11:40:25:748,-3.9675,-6.78875,"0,271",11,0,0,-3,"38,1927","3,402823466385289e+38","-31,25"
2026 02 20 11:40:25:750,-3.9675,-6.70125,"0,271",11,0,0,-3,"38,1927","3,402823466385289e+38","-39,0625"
2026 02 20 11:40:25:752,-3.9675,-6.78875,"0,271",11,0,0,-3,"38,1927","3,402823466385289e+38","-35,1562"
2026 02 20 11:40:25:754,-3.9675,-6.78875,"0,271",11,0,0,-3,"38,1927","3,402823466385289e+38","-31,25"
2026 02 20 11:40:25:756,-3.9675,-6.78875,"0,271",11,0,0,-3,"38,1927","3,402823466385289e+38","39,0625"
2026 02 20 11:40:25:758,-3.9334,-6.70125,"0,271",11,0,0,-3,"38,1927","3,402823466385289e+38","39,0625"
2026 02 20 11:40:25:760,-3.9985,-6.78875,"0,271",11,0,0,-3,"38,1927","3,402823466385289e+38","42,9688"
2026 02 20 11:40:25:762,-3.9675,-6.78875,"0,271",11,0,0,-3,"38,1927","3,402823466385289e+38","27,3438"
2026 02 20 11:40:25:764,-3.9985,-6.78875,"0,271",11,0,0,-3,"38,1927","3,402823466385289e+38","-11,7187"
2026 02 20 11:40:25:766,-3.9675,-6.70125,"0,271",11,0,0,-3,"38,1927","3,402823466385289e+38","-50,7812"
2026 02 20 11:40:25:768,-3.9675,-6.78875,"0,271",11,0,0,-3,"38,1927","3,402823466385289e+38","-15,625"
2026 02 20 11:40:25:770,-3.9985,-6.87625,"0,271",11,0,0,-3,"38,1927","3,402823466385289e+38","31,25"
2026 02 20 11:40:25:772,-3.9675,-6.78875,"0,271",11,0,0,-3,"38,1927","3,402823466385289e+38","31,25"
2026 02 20 11:40:25:774,-3.9985,-6.78875,"0,271",11,0,0,-3,"38,1927","3,402823466385289e+38","7,8125"
2026 02 20 11:40:25:776,-3.9675,-6.78875,"0,271",11,0,0,-3,"38,1927","3,402823466385289e+38","7,8125"
2026 02 20 11:40:25:778,-3.9675,-6.78875,"0,271",11,0,0,-3,"38,1927","3,402823466385289e+38","-19,5312"
2026 02 20 11:40:25:780,-3.9334,-6.78875,"0,271",11,0,0,-3,"38,1927","3,402823466385289e+38","3,9063"
2026 02 20 11:40:25:782,-3.9675,-6.70125,"0,271",11,0,0,-3,"38,1927","3,402823466385289e+38","19,5313"
2026 02 20 11:40:25:784,-3.9675,-6.70125,"0,271",11,0,0,-3,"38,1927","3,402823466385289e+38","15,625"
2026 02 20 11:40:25:786,-3.9675,-6.70125,"0,271",11,0,0,-3,"38,1927","3,402823466385289e+38","-19,5312"
2026 02 20 11:40:25:788,-3.9675,-6.70125,"0,271",11,0,0,-3,"38,1927","3,402823466385289e+38","11,7188"
2026 02 20 11:40:25:790,-3.9675,-6.78875,"0,271",11,0,0,-3,"38,1927","3,402823466385289e+38","-7,8125"
2026 02 20 11:40:25:792,-3.9985,-6.70125,"0,271",11,0,0,-3,"38,1927","3,402823466385289e+38",0
2026 02 20 11:40:25:794,-3.9675,-6.70125,"0,271",11,0,0,-3,"38,1927","3,402823466385289e+38","-3,9062"
2026 02 20 11:40:25:796,-3.9334,-6.78875,"0,271",11,0,0,-3,"38,1927","3,402823466385289e+38","42,9688"
2026 02 20 11:40:25:798,-3.9334,-6.70125,"0,271",11,0,0,-3,"38,1927","3,402823466385289e+38","58,5938"
2026 02 20 11:40:25:800,-3.9675,-6.78875,"0,271",11,0,0,-3,"38,1927","3,402823466385289e+38","46,875"
2026 02 20 11:40:25:802,-3.9334,-6.78875,"0,271",11,0,0,-3,"38,1927","3,402823466385289e+38","-11,7187"
2026 02 20 11:40:25:804,-3.9675,-6.78875,"0,271",11,0,0,-3,"38,1927","3,402823466385289e+38","-35,1562"
2026 02 20 11:40:25:806,-3.9675,-6.78875,"0,271",11,0,0,-3,"38,1927","3,402823466385289e+38","-62,5"
2026 02 20 11:40:25:808,-3.9675,-6.70125,"0,271",11,0,0,-3,"38,1927","3,402823466385289e+38","7,8125"
2026 02 20 11:40:25:810,-3.9675,-6.87625,"0,271",11,0,0,-3,"38,1927","3,402823466385289e+38","54,6875"
2026 02 20 11:40:25:812,-3.9985,-6.78875,"0,271",11,0,0,-3,"38,1927","3,402823466385289e+38","66,4063"
2026 02 20 11:40:25:814,-3.9675,-6.78875,"0,271",11,0,0,-3,"38,1927","3,402823466385289e+38","15,625"
2026 02 20 11:40:25:816,-3.9675,-6.70125,"0,271",11,0,0,-3,"38,1927","3,402823466385289e+38","-7,8125"
2026 02 20 11:40:25:818,-3.9985,-6.70125,"0,271",11,0,0,-3,"38,1927","3,402823466385289e+38","-70,3125"
2026 02 20 11:40:25:820,-3.9675,-6.78875,"0,271",11,0,0,-3,"38,1927","3,402823466385289e+38","-46,875"
2026 02 20 11:40:25:822,-3.9675,-6.78875,"0,271",11,0,0,-3,"38,1927","3,402823466385289e+38","42,9688"
2026 02 20 11:40:25:824,-3.9675,-6.78875,"0,271",11,0,0,-3,"38,1927","3,402823466385289e+38","78,125"
2026 02 20 11:40:25:826,-3.9675,-6.78875,"0,271",11,0,0,-3,"38,1927","3,402823466385289e+38","19,5313"
2026 02 20 11:40:25:828,-3.9675,-6.78875,"0,271",11,0,0,-3,"38,1927","3,402823466385289e+38","7,8125"
2026 02 20 11:40:25:830,-3.9675,-6.70125,"0,271",11,0,0,-3,"38,1927","3,402823466385289e+38","-23,4375"
2026 02 20 11:40:25:832,-3.9675,-6.78875,"0,271",11,0,0,-3,"38,1927","3,402823466385289e+38","-58,5937"
2026 02 20 11:40:25:834,-3.9675,-6.78875,"0,271",11,0,0,-3,"38,1927","3,402823466385289e+38","-58,5937"
2026 02 20 11:40:25:836,-3.9985,-6.61375,"0,271",11,0,0,-3,"38,1927","3,402823466385289e+38","15,625"
2026 02 20 11:40:25:838,-3.9675,-6.70125,"0,271",11,0,0,-3,"38,1927","3,402823466385289e+38","42,9688"
2026 02 20 11:40:25:840,-3.9675,-6.70125,"0,271",11,0,0,-3,"38,1927","3,402823466385289e+38","58,5938"
2026 02 20 11:40:25:842,-3.9675,-6.78875,"0,271",11,0,0,-3,"38,1927","3,402823466385289e+38","58,5938"
2026 02 20 11:40:25:844,-3.9675,-6.70125,"0,271",11,0,0,-3,"38,1927","3,402823466385289e+38","15,625"
2026 02 20 11:40:25:846,-3.9675,-6.70125,"0,271",11,0,0,-3,"38,1927","3,402823466385289e+38","-54,6875"
2026 02 20 11:40:25:848,-3.9675,-6.78875,"0,271",11,0,0,-3,"38,1927","3,402823466385289e+38","-46,875"
2026 02 20 11:40:25:850,-3.9334,-6.78875,"0,271",11,0,0,-3,"38,1927","3,402823466385289e+38","23,4375"
2026 02 20 11:40:25:852,-3.9675,-6.87625,"0,271",11,0,0,-3,"38,1927","3,402823466385289e+38","54,6875"
2026 02 20 11:40:25:854,-3.9675,-6.70125,"0,271",11,0,0,-3,"38,1927","3,402823466385289e+38","50,7813"
2026 02 20 11:40:25:856,-3.9675,-6.70125,"0,271",11,0,0,-3,"38,1927","3,402823466385289e+38","-3,9062"
2026 02 20 11:40:25:858,-3.9675,-6.78875,"0,271",11,0,0,-3,"38,1927","3,402823466385289e+38","-27,3437"
2026 02 20 11:40:25:860,-3.9334,-6.78875,"0,271",11,0,0,-3,"38,1927","3,402823466385289e+38","-19,5312"
2026 02 20 11:40:25:862,-3.9675,-6.70125,"0,271",11,0,0,-3,"38,1927","3,402823466385289e+38","35,1563"
2026 02 20 11:40:25:864,-3.9675,-6.78875,"0,271",11,0,0,-3,"38,1927","3,402823466385289e+38","39,0625"
2026 02 20 11:40:25:866,-3.9675,-6.87625,"0,271",11,0,0,-3,"38,1927","3,402823466385289e+38","19,5313"
2026 02 20 11:40:25:868,-3.9675,-6.78875,"0,271",11,0,0,-3,"38,1927","3,402823466385289e+38","-7,8125"
2026 02 20 11:40:25:870,-3.9985,-6.78875,"0,271",11,0,0,-3,"38,1927","3,402823466385289e+38","-15,625"
2026 02 20 11:40:25:872,-3.9675,-6.78875,"0,271",11,0,0,-3,"38,1927","3,402823466385289e+38","-31,25"
2026 02 20 11:40:25:874,-3.9334,-6.78875,"0,271",11,0,0,-3,"38,1927","3,402823466385289e+38","-27,3437"
2026 02 20 11:40:25:876,-3.9675,-6.87625,"0,271",11,0,0,-3,"38,1927","3,402823466385289e+38","50,7813"
2026 02 20 11:40:25:878,-3.9985,-6.78875,"0,271",11,0,0,-3,"38,1927","3,402823466385289e+38","97,6563"
2026 02 20 11:40:25:880,-3.9334,-6.70125,"0,271",11,0,0,-3,"38,1927","3,402823466385289e+38","50,7813"
2026 02 20 11:40:25:882,-3.9675,-6.70125,"0,271",11,0,0,-3,"38,1927","3,402823466385289e+38","-7,8125"
2026 02 20 11:40:25:884,-3.9675,-6.70125,"0,271",11,0,0,-3,"38,1927","3,402823466385289e+38","-54,6875"
2026 02 20 11:40:25:886,-3.9675,-6.70125,"0,271",11,0,0,-3,"38,1927","3,402823466385289e+38","-70,3125"
2026 02 20 11:40:25:888,-3.9675,-6.78875,"0,271",11,0,0,-3,"38,1927","3,402823466385289e+38","-15,625"
2026 02 20 11:40:25:890,-3.9675,-6.78875,"0,271",11,0,0,-3,"38,1927","3,402823466385289e+38","35,1563"
2026 02 20 11:40:25:892,-3.9675,-6.70125,"0,271",11,0,0,-3,"38,1927","3,402823466385289e+38","74,2188"
2026 02 20 11:40:25:894,-3.9675,-6.78875,"0,271",11,0,0,-3,"38,1927","3,402823466385289e+38","74,2188"
2026 02 20 11:40:25:896,-3.9675,-6.78875,"0,271",11,0,0,-3,"38,1927","3,402823466385289e+38","3,9063"
2026 02 20 11:40:25:898,-3.9675,-6.78875,"0,271",11,0,0,-3,"38,1927","3,402823466385289e+38","-23,4375"
2026 02 20 11:40:25:900,-3.9675,-6.70125,"0,271",11,0,0,-3,"38,1927","3,402823466385289e+38","-39,0625"
2026 02 20 11:40:25:902,-3.9675,-6.78875,"0,271",11,0,0,-3,"38,1927","3,402823466385289e+38","-23,4375"
2026 02 20 11:40:25:904,-3.9675,-6.70125,"0,271",11,0,0,-3,"38,1927","3,402823466385289e+38","54,6875"
2026 02 20 11:40:25:906,-3.9985,-6.70125,"0,271",11,0,0,-3,"38,1927","3,402823466385289e+38","66,4063"
2026 02 20 11:40:25:908,-3.9675,-6.78875,"0,271",11,0,0,-3,"38,1927","3,402823466385289e+38","39,0625"
2026 02 20 11:40:25:910,-3.9675,-6.78875,"0,271",11,0,0,-3,"38,1927","3,402823466385289e+38","-3,9062"
2026 02 20 11:40:25:912,-3.9675,-6.87625,"0,271",11,0,0,-3,"38,1927","3,402823466385289e+38","-42,9687"
2026 02 20 11:40:25:914,-3.9334,-6.78875,"0,271",11,0,0,-3,"38,1927","3,402823466385289e+38","-42,9687"
2026 02 20 11:40:25:916,-3.9675,-6.78875,"0,271",11,0,0,-3,"38,1927","3,402823466385289e+38","3,9063"
2026 02 20 11:40:25:918,-3.9675,-6.78875,"0,271",11,0,0,-3,"38,1927","3,402823466385289e+38","39,0625"
2026 02 20 11:40:25:920,-3.9675,-6.78875,"0,271",11,0,0,-3,"38,1927","3,402823466385289e+38","74,2188"
2026 02 20 11:40:25:922,-3.9675,-6.78875,"0,271",11,0,0,-3,"38,1927","3,402823466385289e+38","27,3438"
2026 02 20 11:40:25:924,-3.9985,-6.70125,"0,271",11,0,0,-3,"38,1927","3,402823466385289e+38",0
2026 02 20 11:40:25:926,-3.9985,-6.87625,"0,271",11,0,0,-3,"38,1927","3,402823466385289e+38","-11,7187"
2026 02 20 11:40:25:928,-3.9675,-6.78875,"0,271",11,0,0,-3,"38,1927","3,402823466385289e+38","-27,3437"
2026 02 20 11:40:25:930,-3.9334,-6.78875,"0,271",11,0,0,-3,"38,1927","3,402823466385289e+38","54,6875"
2026 02 20 11:40:25:932,-3.9675,-6.70125,"0,271",11,0,0,-3,"38,1927","3,402823466385289e+38","70,3125"
2026 02 20 11:40:25:934,-3.9675,-6.78875,"0,271",11,0,0,-3,"38,1927","3,402823466385289e+38","27,3438"
2026 02 20 11:40:25:936,-3.9675,-6.70125,"0,271",11,0,0,-3,"38,1927","3,402823466385289e+38","3,9063"
2026 02 20 11:40:25:938,-3.9985,-6.78875,"0,271",11,0,0,-3,"38,1927","3,402823466385289e+38","-19,5312"
2026 02 20 11:40:25:940,-3.9675,-6.70125,"0,271",11,0,0,-3,"38,1927","3,402823466385289e+38","-23,4375"
2026 02 20 11:40:25:942,-3.9675,-6.78875,"0,271",11,0,0,-3,"38,1927","3,402823466385289e+38","7,8125"
2026 02 20 11:40:25:944,-3.9334,-6.70125,"0,271",11,0,0,-3,"38,1927","3,402823466385289e+38","31,25"
2026 02 20 11:40:25:946,-3.9985,-6.78875,"0,271",11,0,0,-3,"38,1927","3,402823466385289e+38","39,0625"
2026 02 20 11:40:25:948,-3.9675,-6.70125,"0,271",11,0,0,-3,"38,1927","3,402823466385289e+38","31,25"
2026 02 20 11:40:25:950,-3.9675,-6.78875,"0,271",11,0,0,-3,"38,1927","3,402823466385289e+38","7,8125"
2026 02 20 11:40:25:952,-3.9334,-6.78875,"0,271",11,0,0,-3,"121,1243","3,402823466385289e+38","-11,7187"
2026 02 20 11:40:25:954,-3.9675,-6.78875,"0,271",11,0,0,-3,"121,1243","3,402823466385289e+38","-27,3437"
2026 02 20 11:40:25:956,-3.9675,-6.78875,"0,271",11,0,0,-3,"121,1243","3,402823466385289e+38","-3,9062"
2026 02 20 11:40:25:958,-3.9675,-6.78875,"0,271",11,0,0,-3,"121,1243","3,402823466385289e+38","85,9375"
2026 02 20 11:40:25:960,-3.9675,-6.78875,"0,271",11,0,0,-3,"121,1243","3,402823466385289e+38","62,5"
2026 02 20 11:40:25:962,-3.9675,-6.78875,"0,271",11,0,0,-3,"121,1243","3,402823466385289e+38","42,9688"
2026 02 20 11:40:25:964,-3.9675,-6.70125,"0,271",11,0,0,-3,"121,1243","3,402823466385289e+38","-7,8125"
2026 02 20 11:40:25:966,-3.9675,-6.70125,"0,271",11,0,0,-3,"121,1243","3,402823466385289e+38","-66,4062"
2026 02 20 11:40:25:968,-3.9675,-6.78875,"0,271",11,0,0,-3,"121,1243","3,402823466385289e+38","-42,9687"
2026 02 20 11:40:25:970,-3.9675,-6.78875,"0,271",11,0,0,-3,"121,1243","3,402823466385289e+38","31,25"
2026 02 20 11:40:25:972,-3.9334,-6.78875,"0,271",11,0,0,-3,"121,1243","3,402823466385289e+38","39,0625"
2026 02 20 11:40:25:974,-3.9675,-6.70125,"0,271",11,0,0,-3,"121,1243","3,402823466385289e+38","66,4063"
2026 02 20 11:40:25:976,-3.9675,-6.61375,"0,271",11,0,0,-3,"121,1243","3,402823466385289e+38","3,9063"
2026 02 20 11:40:25:978,-3.9675,-6.87625,"0,271",11,0,0,-3,"121,1243","3,402823466385289e+38","7,8125"
2026 02 20 11:40:25:980,-3.9675,-6.70125,"0,271",11,0,0,-3,"121,1243","3,402823466385289e+38","-11,7187"
2026 02 20 11:40:25:982,-3.9675,-6.70125,"0,271",11,0,0,-3,"121,1243","3,402823466385289e+38","-31,25"
2026 02 20 11:40:25:984,-3.9985,-6.70125,"0,271",11,0,0,-3,"121,1243","3,402823466385289e+38","35,1563"
2026 02 20 11:40:25:986,-3.9675,-6.70125,"0,271",11,0,0,-3,"121,1243","3,402823466385289e+38","58,5938"
2026 02 20 11:40:25:988,-3.9985,-6.78875,"0,271",11,0,0,-3,"121,1243","3,402823466385289e+38","50,7813"
2026 02 20 11:40:25:990,-3.9334,-6.70125,"0,271",11,0,0,-3,"121,1243","3,402823466385289e+38","42,9688"
2026 02 20 11:40:25:992,-3.9334,-6.70125,"0,271",11,0,0,-3,"121,1243","3,402823466385289e+38","-7,8125"
2026 02 20 11:40:25:994,-3.9675,-6.78875,"0,271",11,0,0,-3,"121,1243","3,402823466385289e+38","-19,5312"
2026 02 20 11:40:25:996,-3.9675,-6.70125,"0,271",11,0,0,-3,"121,1243","3,402823466385289e+38","-15,625"
2026 02 20 11:40:25:998,-3.9334,-6.78875,"0,271",11,0,0,-3,"121,1243","3,402823466385289e+38","3,9063"
2026 02 20 11:40:26:000,-3.9985,-6.70125,"0,271",11,0,0,-3,"121,1243","3,402823466385289e+38","46,875"
2026 02 20 11:40:26:002,-3.9675,-6.70125,"0,271",11,0,0,-3,"121,1243","3,402823466385289e+38","62,5"
2026 02 20 11:40:26:004,-3.9985,-6.78875,"0,271",11,0,0,-3,"121,1243","3,402823466385289e+38","50,7813"
2026 02 20 11:40:26:006,-3.9675,-6.78875,"0,271",11,0,0,-3,"121,1243","3,402823466385289e+38","11,7188"
2026 02 20 11:40:26:008,-3.9675,-6.87625,"0,271",11,0,0,-3,"121,1243","3,402823466385289e+38","-27,3437"
2026 02 20 11:40:26:010,-3.9675,-6.78875,"0,271",11,0,0,-3,"121,1243","3,402823466385289e+38","-7,8125"
2026 02 20 11:40:26:012,-3.9675,-6.70125,"0,271",11,0,0,-3,"121,1243","3,402823466385289e+38","39,0625"
2026 02 20 11:40:26:014,-3.9675,-6.78875,"0,271",11,0,0,-3,"121,1243","3,402823466385289e+38","-3,9062"
2026 02 20 11:40:26:016,-3.9675,-6.87625,"0,271",11,0,0,-3,"121,1243","3,402823466385289e+38","46,875"
2026 02 20 11:40:26:018,-3.9675,-6.78875,"0,271",11,0,0,-3,"121,1243","3,402823466385289e+38","31,25"
2026 02 20 11:40:26:020,-3.9675,-6.78875,"0,271",11,0,0,-3,"121,1243","3,402823466385289e+38","23,4375"
2026 02 20 11:40:26:022,-3.9675,-6.70125,"0,271",11,0,0,-3,"121,1243","3,402823466385289e+38","11,7188"
2026 02 20 11:40:26:024,-3.9675,-6.78875,"0,271",11,0,0,-3,"121,1243","3,402823466385289e+38","27,3438"
2026 02 20 11:40:26:026,-3.9675,-6.70125,"0,271",11,0,0,-3,"121,1243","3,402823466385289e+38","19,5313"
2026 02 20 11:40:26:028,-3.9675,-6.78875,"0,271",11,0,0,-3,"121,1243","3,402823466385289e+38","39,0625"
2026 02 20 11:40:26:030,-3.9985,-6.78875,"0,271",11,0,0,-3,"121,1243","3,402823466385289e+38","15,625"
2026 02 20 11:40:26:032,-3.9675,-6.78875,"0,271",11,0,0,-3,"121,1243","3,402823466385289e+38","11,7188"
2026 02 20 11:40:26:034,-3.9675,-6.78875,"0,271",11,0,0,-3,"121,1243","3,402823466385289e+38","-11,7187"
2026 02 20 11:40:26:036,-3.9675,-6.78875,"0,271",11,0,0,-3,"121,1243","3,402823466385289e+38","-31,25"
2026 02 20 11:40:26:038,-3.9675,-6.78875,"0,271",11,0,0,-3,"121,1243","3,402823466385289e+38","42,9688"
2026 02 20 11:40:26:040,-3.9675,-6.70125,"0,271",11,0,0,-3,"121,1243","3,402823466385289e+38","82,0313"
2026 02 20 11:40:26:042,-3.9334,-6.78875,"0,271",11,0,0,-3,"121,1243","3,402823466385289e+38","70,3125"
2026 02 20 11:40:26:044,-3.9675,-6.78875,"0,271",11,0,0,-3,"121,1243","3,402823466385289e+38","7,8125"
2026 02 20 11:40:26:046,-3.9675,-6.78875,"0,271",11,0,0,-3,"121,1243","3,402823466385289e+38","-39,0625"
2026 02 20 11:40:26:048,-3.9675,-6.70125,"0,271",11,0,0,-3,"121,1243","3,402823466385289e+38","-27,3437"
2026 02 20 11:40:26:050,-3.9675,-6.70125,"0,271",11,0,0,-3,"121,1243","3,402823466385289e+38","-19,5312"
2026 02 20 11:40:26:052,-3.9985,-6.78875,"0,271",11,0,0,-3,"121,1243","3,402823466385289e+38",0
2026 02 20 11:40:26:054,-3.9334,-6.78875,"0,271",11,0,0,-3,"121,1243","3,402823466385289e+38","54,6875"
2026 02 20 11:40:26:056,-3.9985,-6.70125,"0,271",11,0,0,-3,"121,1243","3,402823466385289e+38","54,6875"
2026 02 20 11:40:26:058,-3.9675,-6.78875,"0,271",11,0,0,-3,"121,1243","3,402823466385289e+38","50,7813"
2026 02 20 11:40:26:060,-3.9675,-6.78875,"0,271",11,0,0,-3,"121,1243","3,402823466385289e+38","46,875"
2026 02 20 11:40:26:062,-3.9675,-6.78875,"0,271",11,0,0,-3,"121,1243","3,402823466385289e+38","-15,625"
2026 02 20 11:40:26:064,-3.9675,-6.87625,"0,271",11,0,0,-3,"121,1243","3,402823466385289e+38","-11,7187"
2026 02 20 11:40:26:066,-3.9675,-6.78875,"0,271",11,0,0,-3,"121,1243","3,402823466385289e+38","15,625"
2026 02 20 11:40:26:068,-3.9675,-6.78875,"0,271",11,0,0,-3,"121,1243","3,402823466385289e+38","31,25"
2026 02 20 11:40:26:070,-3.9675,-6.78875,"0,271",11,0,0,-3,"121,1243","3,402823466385289e+38","35,1563"
2026 02 20 11:40:26:072,-3.9675,-6.78875,"0,271",11,0,0,-3,"121,1243","3,402823466385289e+38",0
2026 02 20 11:40:26:074,-3.9675,-6.78875,"0,271",11,0,0,-3,"121,1243","3,402823466385289e+38","-7,8125"
2026 02 20 11:40:26:076,-3.9334,-6.78875,"0,271",11,0,0,-3,"121,1243","3,402823466385289e+38","-15,625"
2026 02 20 11:40:26:078,-3.9675,-6.78875,"0,271",11,0,0,-3,"121,1243","3,402823466385289e+38","-23,4375"
2026 02 20 11:40:26:080,-3.9675,-6.70125,"0,271",11,0,0,-3,"121,1243","3,402823466385289e+38","54,6875"
2026 02 20 11:40:26:082,-3.9985,-6.70125,"0,271",11,0,0,-3,"121,1243","3,402823466385289e+38","62,5"
2026 02 20 11:40:26:084,-3.9675,-6.70125,"0,271",11,0,0,-3,"121,1243","3,402823466385289e+38","35,1563"
2026 02 20 11:40:26:086,-3.9675,-6.78875,"0,271",11,0,0,-3,"121,1243","3,402823466385289e+38","23,4375"
2026 02 20 11:40:26:088,-3.9985,-6.78875,"0,271",11,0,0,-3,"121,1243","3,402823466385289e+38","19,5313"
2026 02 20 11:40:26:090,-3.9675,-6.70125,"0,271",11,0,0,-3,"121,1243","3,402823466385289e+38","-23,4375"
2026 02 20 11:40:26:092,-3.9675,-6.70125,"0,271",11,0,0,-3,"121,1243","3,402823466385289e+38","27,3438"
2026 02 20 11:40:26:094,-3.9334,-6.70125,"0,271",11,0,0,-3,"121,1243","3,402823466385289e+38","50,7813"
2026 02 20 11:40:26:096,-3.9675,-6.70125,"0,271",11,0,0,-3,"121,1243","3,402823466385289e+38","31,25"
2026 02 20 11:40:26:098,-3.9334,-6.78875,"0,271",11,0,0,-3,"121,1243","3,402823466385289e+38","11,7188"
2026 02 20 11:40:26:100,-3.9675,-6.78875,"0,271",11,0,0,-3,"121,1243","3,402823466385289e+38","7,8125"
2026 02 20 11:40:26:102,-3.9675,-6.70125,"0,271",11,0,0,-3,"121,1243","3,402823466385289e+38","7,8125"
2026 02 20 11:40:26:104,-3.9675,-6.78875,"0,271",11,0,0,-3,"121,1243","3,402823466385289e+38","-7,8125"
2026 02 20 11:40:26:106,-3.9675,-6.70125,"0,271",11,0,0,-3,"121,1243","3,402823466385289e+38","11,7188"
2026 02 20 11:40:26:108,-3.9675,-6.78875,"0,271",11,0,0,-3,"121,1243","3,402823466385289e+38","39,0625"
2026 02 20 11:40:26:110,-3.9985,-6.70125,"0,271",11,0,0,-3,"121,1243","3,402823466385289e+38","27,3438"
2026 02 20 11:40:26:112,-3.9334,-6.87625,"0,271",11,0,0,-3,"121,1243","3,402823466385289e+38","23,4375"
2026 02 20 11:40:26:114,-3.9675,-6.78875,"0,271",11,0,0,-3,"121,1243","3,402823466385289e+38","-3,9062"
2026 02 20 11:40:26:116,-3.9334,-6.78875,"0,271",11,0,0,-3,"121,1243","3,402823466385289e+38","-15,625"
2026 02 20 11:40:26:118,-3.9675,-6.78875,"0,271",11,0,0,-3,"121,1243","3,402823466385289e+38","39,0625"
2026 02 20 11:40:26:120,-3.9675,-6.78875,"0,271",11,0,0,-3,"121,1243","3,402823466385289e+38","109,375"
2026 02 20 11:40:26:122,-3.9675,-6.78875,"0,271",11,0,0,-3,"121,1243","3,402823466385289e+38","66,4063"
2026 02 20 11:40:26:124,-3.9675,-6.78875,"0,271",11,0,0,-3,"121,1243","3,402823466385289e+38","46,875"
2026 02 20 11:40:26:126,-3.9675,-6.78875,"0,271",11,0,0,-3,"121,1243","3,402823466385289e+38","-7,8125"
2026 02 20 11:40:26:128,-3.9675,-6.70125,"0,271",11,0,0,-3,"121,1243","3,402823466385289e+38","-42,9687"
2026 02 20 11:40:26:130,-3.9675,-6.78875,"0,271",11,0,0,-3,"121,1243","3,402823466385289e+38","-39,0625"
2026 02 20 11:40:26:132,-3.9675,-6.70125,"0,271",11,0,0,-3,"121,1243","3,402823466385289e+38","-19,5312"
2026 02 20 11:40:26:134,-3.9675,-6.78875,"0,271",11,0,0,-3,"121,1243","3,402823466385289e+38","39,0625"
2026 02 20 11:40:26:136,-3.9334,-6.70125,"0,271",11,0,0,-3,"121,1243","3,402823466385289e+38","35,1563"
2026 02 20 11:40:26:138,-3.9675,-6.78875,"0,271",11,0,0,-3,"121,1243","3,402823466385289e+38","46,875"
2026 02 20 11:40:26:140,-3.9675,-6.70125,"0,271",11,0,0,-3,"121,1243","3,402823466385289e+38","78,125"
2026 02 20 11:40:26:142,-3.9985,-6.78875,"0,271",11,0,0,-3,"121,1243","3,402823466385289e+38","3,9063"
2026 02 20 11:40:26:144,-3.9334,-6.78875,"0,271",11,0,0,-3,"121,1243","3,402823466385289e+38","-66,4062"
2026 02 20 11:40:26:146,-3.9675,-6.78875,"0,271",11,0,0,-3,"121,1243","3,402823466385289e+38","7,8125"
2026 02 20 11:40:26:148,-3.9675,-6.78875,"0,271",11,0,0,-3,"121,1243","3,402823466385289e+38","31,25"
2026 02 20 11:40:26:150,-3.9334,-6.78875,"0,271",11,0,0,-3,"121,1243","3,402823466385289e+38","46,875"
2026 02 20 11:40:26:152,-3.9985,-6.78875,"0,271",11,0,0,-3,"121,1243","3,402823466385289e+38","42,9688"
2026 02 20 11:40:26:154,-3.9675,-6.78875,"0,271",11,0,0,-3,"121,1243","3,402823466385289e+38","19,5313"
2026 02 20 11:40:26:156,-3.9675,-6.78875,"0,271",11,0,0,-3,"121,1243","3,402823466385289e+38","-19,5312"
2026 02 20 11:40:26:158,-3.9675,-6.78875,"0,271",11,0,0,-3,"121,1243","3,402823466385289e+38","-11,7187"
2026 02 20 11:40:26:160,-3.9675,-6.78875,"0,271",11,0,0,-3,"121,1243","3,402823466385289e+38","23,4375"
2026 02 20 11:40:26:162,-3.9675,-6.78875,"0,271",11,0,0,-3,"121,1243","3,402823466385289e+38","35,1563"
2026 02 20 11:40:26:164,-3.9675,-6.78875,"0,271",11,0,0,-3,"121,1243","3,402823466385289e+38","11,7188"
2026 02 20 11:40:26:166,-3.9675,-6.70125,"0,271",11,0,0,-3,"121,1243","3,402823466385289e+38","62,5"
2026 02 20 11:40:26:168,-3.9675,-6.87625,"0,271",11,0,0,-3,"121,1243","3,402823466385289e+38","39,0625"
2026 02 20 11:40:26:170,-3.9675,-6.87625,"0,271",11,0,0,-3,"121,1243","3,402823466385289e+38","-7,8125"
2026 02 20 11:40:26:172,-3.9675,-6.78875,"0,271",11,0,0,-3,"121,1243","3,402823466385289e+38","31,25"
2026 02 20 11:40:26:174,-3.9675,-6.78875,"0,271",11,0,0,-3,"121,1243","3,402823466385289e+38","78,125"
2026 02 20 11:40:26:176,-3.9985,-6.78875,"0,271",11,0,0,-3,"121,1243","3,402823466385289e+38","-31,25"
2026 02 20 11:40:26:178,-3.9675,-6.70125,"0,271",11,0,0,-3,"121,1243","3,402823466385289e+38","19,5313"
2026 02 20 11:40:26:180,-3.9675,-6.78875,"0,271",11,0,0,-3,"121,1243","3,402823466385289e+38","58,5938"
2026 02 20 11:40:26:182,-3.9675,-6.78875,"0,271",11,0,0,-3,"121,1243","3,402823466385289e+38","46,875"
2026 02 20 11:40:26:184,-3.9675,-6.61375,"0,271",11,0,0,-3,"121,1243","3,402823466385289e+38","-23,4375"
2026 02 20 11:40:26:186,-3.9675,-6.78875,"0,271",11,0,0,-3,"121,1243","3,402823466385289e+38","31,25"
2026 02 20 11:40:26:188,-3.9675,-6.78875,"0,271",11,0,0,-3,"121,1243","3,402823466385289e+38",0
2026 02 20 11:40:26:190,-3.9675,-6.78875,"0,271",11,0,0,-3,"121,1243","3,402823466385289e+38","3,9063"
2026 02 20 11:40:26:192,-3.9675,-6.78875,"0,271",11,0,0,-3,"121,1243","3,402823466385289e+38","27,3438"
2026 02 20 11:40:26:194,-3.9985,-6.78875,"0,271",11,0,0,-3,"121,1243","3,402823466385289e+38","42,9688"
2026 02 20 11:40:26:196,-3.9675,-6.70125,"0,271",11,0,0,-3,"121,1243","3,402823466385289e+38","-31,25"
2026 02 20 11:40:26:198,-3.9985,-6.70125,"0,271",11,0,0,-3,"121,1243","3,402823466385289e+38","19,5313"
2026 02 20 11:40:26:200,-3.9985,-6.70125,"0,271",11,0,0,-3,"121,1243","3,402823466385289e+38","113,2813"
2026 02 20 11:40:26:202,-3.9675,-6.70125,"0,271",11,0,0,-3,"121,1243","3,402823466385289e+38","35,1563"
2026 02 20 11:40:26:204,-3.9985,-6.78875,"0,271",11,0,0,-3,"121,1243","3,402823466385289e+38","19,5313"
2026 02 20 11:40:26:206,-3.9675,-6.78875,"0,271",11,0,0,-3,"121,1243","3,402823466385289e+38","46,875"
2026 02 20 11:40:26:208,-3.9675,-6.78875,"0,271",11,0,0,-3,"121,1243","3,402823466385289e+38","-27,3437"
2026 02 20 11:40:26:210,-3.9675,-6.70125,"0,271",11,0,0,-3,"121,1243","3,402823466385289e+38","-27,3437"
2026 02 20 11:40:26:212,-3.9675,-6.78875,"0,271",11,0,0,-3,"121,1243","3,402823466385289e+38","-19,5312"
2026 02 20 11:40:26:214,-3.9675,-6.87625,"0,271",11,0,0,-3,"121,1243","3,402823466385289e+38","39,0625"
2026 02 20 11:40:26:216,-3.9675,-6.78875,"0,271",11,0,0,-3,"121,1243","3,402823466385289e+38","19,5313"
2026 02 20 11:40:26:218,-3.9675,-6.70125,"0,271",11,0,0,-3,"121,1243","3,402823466385289e+38","78,125"
2026 02 20 11:40:26:220,-3.9675,-6.78875,"0,271",11,0,0,-3,"121,1243","3,402823466385289e+38",125
2026 02 20 11:40:26:222,-3.9334,-6.78875,"0,271",11,0,0,-3,"121,1243","3,402823466385289e+38","50,7813"
2026 02 20 11:40:26:224,-3.9675,-6.70125,"0,271",11,0,0,-3,"121,1243","3,402823466385289e+38","-3,9062"
2026 02 20 11:40:26:226,-3.9985,-6.78875,"0,271",11,0,0,-3,"121,1243","3,402823466385289e+38","-3,9062"
2026 02 20 11:40:26:228,-3.9675,-6.70125,"0,271",11,0,0,-3,"121,1243","3,402823466385289e+38","11,7188"
2026 02 20 11:40:26:230,-3.9675,-6.78875,"0,271",11,0,0,-3,"121,1243","3,402823466385289e+38","19,5313"
2026 02 20 11:40:26:232,-3.9675,-6.78875,"0,271",11,0,0,-3,"121,1243","3,402823466385289e+38","50,7813"
2026 02 20 11:40:26:234,-3.9334,-6.70125,"0,271",11,0,0,-3,"121,1243","3,402823466385289e+38","50,7813"
2026 02 20 11:40:26:236,-3.9675,-6.70125,"0,271",11,0,0,-3,"121,1243","3,402823466385289e+38","-3,9062"
2026 02 20 11:40:26:238,-3.9675,-6.78875,"0,271",11,0,0,-3,"121,1243","3,402823466385289e+38","19,5313"
2026 02 20 11:40:26:240,-3.9675,-6.70125,"0,271",11,0,0,-3,"121,1243","3,402823466385289e+38","50,7813"
2026 02 20 11:40:26:242,-3.9675,-6.78875,"0,271",11,0,0,-3,"121,1243","3,402823466385289e+38","-15,625"
2026 02 20 11:40:26:244,-3.9675,-6.78875,"0,271",11,0,0,-3,"121,1243","3,402823466385289e+38","-3,9062"
2026 02 20 11:40:26:246,-3.9675,-6.70125,"0,271",11,0,0,-3,"121,1243","3,402823466385289e+38","35,1563"
2026 02 20 11:40:26:248,-3.9334,-6.70125,"0,271",11,0,0,-3,"121,1243","3,402823466385289e+38","35,1563"
2026 02 20 11:40:26:250,-3.9675,-6.78875,"0,271",11,0,0,-3,"121,1243","3,402823466385289e+38","39,0625"
2026 02 20 11:40:26:252,-3.9985,-6.70125,"0,291",22,0,"7,8125","847,5798","120,224","15,3887","50,7813"
2026 02 20 11:40:26:254,-3.9675,-6.70125,"0,291",22,0,"7,8125","847,5798","120,224","15,3887","85,9375"
2026 02 20 11:40:26:256,-3.9675,-6.78875,"0,291",22,0,"7,8125","847,5798","120,224","15,3887","11,7188"
2026 02 20 11:40:26:258,-3.9675,-6.78875,"0,291",22,0,"7,8125","847,5798","120,224","15,3887",0
2026 02 20 11:40:26:260,-3.9675,-6.78875,"0,291",22,0,"7,8125","847,5798","120,224","15,3887","35,1563"
2026 02 20 11:40:26:262,-3.9675,-6.78875,"0,291",22,0,"7,8125","847,5798","120,224","15,3887",0
2026 02 20 11:40:26:264,-3.9334,-6.78875,"0,291",22,0,"7,8125","847,5798","120,224","15,3887","-11,7187"
2026 02 20 11:40:26:266,-3.9675,-6.78875,"0,291",22,0,"7,8125","847,5798","120,224","15,3887","31,25"
2026 02 20 11:40:26:268,-3.9675,-6.78875,"0,291",22,0,"7,8125","847,5798","120,224","15,3887","27,3438"
2026 02 20 11:40:26:270,-3.9675,-6.78875,"0,291",22,0,"7,8125","847,5798","120,224","15,3887","27,3438"
2026 02 20 11:40:26:272,-3.9985,-6.78875,"0,291",22,0,"7,8125","847,5798","120,224","15,3887","70,3125"
2026 02 20 11:40:26:274,-3.9675,-6.70125,"0,291",22,0,"7,8125","847,5798","120,224","15,3887","42,9688"
2026 02 20 11:40:26:276,-3.9334,-6.78875,"0,291",22,0,"7,8125","847,5798","120,224","15,3887","-27,3437"
2026 02 20 11:40:26:278,-3.9675,-6.78875,"0,291",22,0,"7,8125","847,5798","120,224","15,3887","3,9063"
2026 02 20 11:40:26:280,-3.9675,-6.70125,"0,291",22,0,"7,8125","847,5798","120,224","15,3887","82,0313"
2026 02 20 11:40:26:282,-3.9675,-6.70125,"0,291",22,0,"7,8125","847,5798","120,224","15,3887","85,9375"
2026 02 20 11:40:26:284,-3.9675,-6.70125,"0,291",22,0,"7,8125","847,5798","120,224","15,3887","82,0313"
2026 02 20 11:40:26:286,-3.9675,-6.70125,"0,291",22,0,"7,8125","847,5798","120,224","15,3887","70,3125"
2026 02 20 11:40:26:288,-3.9334,-6.70125,"0,291",22,0,"7,8125","847,5798","120,224","15,3887","15,625"
2026 02 20 11:40:26:290,-3.9675,-6.78875,"0,291",22,0,"7,8125","847,5798","120,224","15,3887","-54,6875"
2026 02 20 11:40:26:292,-3.9675,-6.78875,"0,291",22,0,"7,8125","847,5798","120,224","15,3887","-27,3437"
2026 02 20 11:40:26:294,-3.9675,-6.78875,"0,291",22,0,"7,8125","847,5798","120,224","15,3887","35,1563"
2026 02 20 11:40:26:296,-3.9334,-6.70125,"0,291",22,0,"7,8125","847,5798","120,224","15,3887","-7,8125"
2026 02 20 11:40:26:298,-3.9334,-6.70125,"0,291",22,0,"7,8125","847,5798","120,224","15,3887","62,5"
2026 02 20 11:40:26:300,-3.9675,-6.78875,"0,291",22,0,"7,8125","847,5798","120,224","15,3887","105,4688"
2026 02 20 11:40:26:302,-3.9675,-6.70125,"0,291",22,0,"7,8125","847,5798","120,224","15,3887","62,5"
2026 02 20 11:40:26:304,-3.9675,-6.78875,"0,291",22,0,"7,8125","847,5798","120,224","15,3887","-15,625"
2026 02 20 11:40:26:306,-3.9675,-6.78875,"0,291",22,0,"7,8125","847,5798","120,224","15,3887","-31,25"
2026 02 20 11:40:26:308,-3.9334,-6.70125,"0,291",22,0,"7,8125","847,5798","120,224","15,3887","23,4375"
2026 02 20 11:40:26:310,-3.9675,-6.78875,"0,291",22,0,"7,8125","847,5798","120,224","15,3887","-11,7187"
2026 02 20 11:40:26:312,-3.9675,-6.78875,"0,291",22,0,"7,8125","847,5798","120,224","15,3887","62,5"
2026 02 20 11:40:26:314,-3.9675,-6.78875,"0,291",22,0,"7,8125","847,5798","120,224","15,3887","62,5"
2026 02 20 11:40:26:316,-3.9675,-6.78875,"0,291",22,0,"7,8125","847,5798","120,224","15,3887","46,875"
2026 02 20 11:40:26:318,-3.9675,-6.78875,"0,291",22,0,"7,8125","847,5798","120,224","15,3887",0
2026 02 20 11:40:26:320,-3.9675,-6.78875,"0,291",22,0,"7,8125","847,5798","120,224","15,3887","74,2188"
2026 02 20 11:40:26:322,-3.9675,-6.78875,"0,291",22,0,"7,8125","847,5798","120,224","15,3887","11,7188"
2026 02 20 11:40:26:324,-3.9675,-6.70125,"0,291",22,0,"7,8125","847,5798","120,224","15,3887","-11,7187"
2026 02 20 11:40:26:326,-3.9675,-6.78875,"0,291",22,0,"7,8125","847,5798","120,224","15,3887","46,875"
2026 02 20 11:40:26:328,-3.9985,-6.78875,"0,291",22,0,"7,8125","847,5798","120,224","15,3887","39,0625"
2026 02 20 11:40:26:330,-3.9675,-6.78875,"0,291",22,0,"7,8125","847,5798","120,224","15,3887","27,3438"
2026 02 20 11:40:26:332,-3.9985,-6.70125,"0,291",22,0,"7,8125","847,5798","120,224","15,3887","42,9688"
2026 02 20 11:40:26:334,-3.9985,-6.70125,"0,291",22,0,"7,8125","847,5798","120,224","15,3887","74,2188"
2026 02 20 11:40:26:336,-3.9334,-6.78875,"0,291",22,0,"7,8125","847,5798","120,224","15,3887","46,875"
2026 02 20 11:40:26:338,-3.9675,-6.78875,"0,291",22,0,"7,8125","847,5798","120,224","15,3887","11,7188"
2026 02 20 11:40:26:340,-3.9334,-6.78875,"0,291",22,0,"7,8125","847,5798","120,224","15,3887","78,125"
2026 02 20 11:40:26:342,-3.9334,-6.78875,"0,291",22,0,"7,8125","847,5798","120,224","15,3887","19,5313"
2026 02 20 11:40:26:344,-3.9675,-6.70125,"0,291",22,0,"7,8125","847,5798","120,224","15,3887","-11,7187"
2026 02 20 11:40:26:346,-3.9675,-6.78875,"0,291",22,0,"7,8125","847,5798","120,224","15,3887","11,7188"
2026 02 20 11:40:26:348,-3.9675,-6.78875,"0,291",22,0,"7,8125","847,5798","120,224","15,3887","82,0313"
2026 02 20 11:40:26:350,-3.9675,-6.70125,"0,291",22,0,"7,8125","847,5798","120,224","15,3887","3,9063"
2026 02 20 11:40:26:352,-3.9675,-6.78875,"0,291",22,0,"7,8125","847,5798","120,224","15,3887","62,5"
2026 02 20 11:40:26:354,-3.9334,-6.78875,"0,291",22,0,"7,8125","847,5798","120,224","15,3887","62,5"
2026 02 20 11:40:26:356,-3.9334,-6.78875,"0,291",22,0,"7,8125","847,5798","120,224","15,3887","-15,625"
2026 02 20 11:40:26:358,-3.9675,-6.78875,"0,291",22,0,"7,8125","847,5798","120,224","15,3887","-27,3437"
2026 02 20 11:40:26:360,-3.9675,-6.70125,"0,291",22,0,"7,8125","847,5798","120,224","15,3887","66,4063"
2026 02 20 11:40:26:362,-3.9675,-6.78875,"0,291",22,0,"7,8125","847,5798","120,224","15,3887","82,0313"
2026 02 20 11:40:26:364,-3.9334,-6.70125,"0,291",22,0,"7,8125","847,5798","120,224","15,3887","23,4375"
2026 02 20 11:40:26:366,-3.9675,-6.87625,"0,291",22,0,"7,8125","847,5798","120,224","15,3887","70,3125"
2026 02 20 11:40:26:368,-3.9675,-6.78875,"0,291",22,0,"7,8125","847,5798","120,224","15,3887","58,5938"
2026 02 20 11:40:26:370,-3.9675,-6.78875,"0,291",22,0,"7,8125","847,5798","120,224","15,3887","-39,0625"
2026 02 20 11:40:26:372,-3.9675,-6.78875,"0,291",22,0,"7,8125","847,5798","120,224","15,3887","-50,7812"
2026 02 20 11:40:26:374,-3.9675,-6.78875,"0,291",22,0,"7,8125","847,5798","120,224","15,3887","27,3438"
2026 02 20 11:40:26:376,-3.9675,-6.78875,"0,291",22,0,"7,8125","847,5798","120,224","15,3887","-15,625"
2026 02 20 11:40:26:378,-3.9675,-6.78875,"0,291",22,0,"7,8125","847,5798","120,224","15,3887","27,3438"
2026 02 20 11:40:26:380,-3.9334,-6.70125,"0,291",22,0,"7,8125","847,5798","120,224","15,3887","148,4375"
2026 02 20 11:40:26:382,-3.9675,-6.78875,"0,291",22,0,"7,8125","847,5798","120,224","15,3887","97,6563"
2026 02 20 11:40:26:384,-3.9675,-6.70125,"0,291",22,0,"7,8125","847,5798","120,224","15,3887","42,9688"
2026 02 20 11:40:26:386,-3.9675,-6.70125,"0,291",22,0,"7,8125","847,5798","120,224","15,3887","39,0625"
2026 02 20 11:40:26:388,-3.9985,-6.78875,"0,291",22,0,"7,8125","847,5798","120,224","15,3887","23,4375"
2026 02 20 11:40:26:390,-3.9675,-6.78875,"0,291",22,0,"7,8125","847,5798","120,224","15,3887","-11,7187"
2026 02 20 11:40:26:392,-3.9985,-6.70125,"0,291",22,0,"7,8125","847,5798","120,224","15,3887","27,3438"
2026 02 20 11:40:26:394,-3.9675,-6.70125,"0,291",22,0,"7,8125","847,5798","120,224","15,3887","78,125"
2026 02 20 11:40:26:396,-3.9675,-6.78875,"0,291",22,0,"7,8125","847,5798","120,224","15,3887","3,9063"
2026 02 20 11:40:26:398,-3.9675,-6.78875,"0,291",22,0,"7,8125","847,5798","120,224","15,3887","3,9063"
2026 02 20 11:40:26:400,-3.9334,-6.78875,"0,291",22,0,"7,8125","847,5798","120,224","15,3887","78,125"
2026 02 20 11:40:26:402,-3.9675,-6.70125,"0,291",22,0,"7,8125","847,5798","120,224","15,3887","39,0625"
2026 02 20 11:40:26:404,-3.9675,-6.78875,"0,291",22,0,"7,8125","847,5798","120,224","15,3887","-11,7187"
2026 02 20 11:40:26:406,-3.9675,-6.87625,"0,291",22,0,"7,8125","847,5798","120,224","15,3887","31,25"
2026 02 20 11:40:26:408,-3.9675,-6.70125,"0,291",22,0,"7,8125","847,5798","120,224","15,3887","42,9688"
2026 02 20 11:40:26:410,-3.9334,-6.78875,"0,291",22,0,"7,8125","847,5798","120,224","15,3887",0
2026 02 20 11:40:26:412,-3.9675,-6.78875,"0,291",22,0,"7,8125","847,5798","120,224","15,3887","54,6875"
2026 02 20 11:40:26:414,-3.9675,-6.78875,"0,291",22,0,"7,8125","847,5798","120,224","15,3887","109,375"
2026 02 20 11:40:26:416,-3.9985,-6.70125,"0,291",22,0,"7,8125","847,5798","120,224","15,3887","74,2188"
2026 02 20 11:40:26:418,-3.9675,-6.78875,"0,291",22,0,"7,8125","847,5798","120,224","15,3887","50,7813"
2026 02 20 11:40:26:420,-3.9334,-6.78875,"0,291",22,0,"7,8125","847,5798","120,224","15,3887","78,125"
2026 02 20 11:40:26:422,-3.9675,-6.70125,"0,291",22,0,"7,8125","847,5798","120,224","15,3887","-3,9062"
2026 02 20 11:40:26:424,-3.9985,-6.78875,"0,291",22,0,"7,8125","847,5798","120,224","15,3887","-46,875"
2026 02 20 11:40:26:426,-3.9334,-6.78875,"0,291",22,0,"7,8125","847,5798","120,224","15,3887","15,625"
2026 02 20 11:40:26:428,-3.9675,-6.78875,"0,291",22,0,"7,8125","847,5798","120,224","15,3887","42,9688"
2026 02 20 11:40:26:430,-3.9675,-6.70125,"0,291",22,0,"7,8125","847,5798","120,224","15,3887","-7,8125"
2026 02 20 11:40:26:432,-3.9675,-6.78875,"0,291",22,0,"7,8125","847,5798","120,224","15,3887","85,9375"
2026 02 20 11:40:26:434,-3.9675,-6.70125,"0,291",22,0,"7,8125","847,5798","120,224","15,3887","109,375"
2026 02 20 11:40:26:436,-3.9985,-6.70125,"0,291",22,0,"7,8125","847,5798","120,224","15,3887","15,625"
2026 02 20 11:40:26:438,-3.9675,-6.78875,"0,291",22,0,"7,8125","847,5798","120,224","15,3887",0
2026 02 20 11:40:26:440,-3.9675,-6.78875,"0,291",22,0,"7,8125","847,5798","120,224","15,3887","62,5"
2026 02 20 11:40:26:442,-3.9675,-6.70125,"0,291",22,0,"7,8125","847,5798","120,224","15,3887","58,5938"
2026 02 20 11:40:26:444,-3.9675,-6.70125,"0,291",22,0,"7,8125","847,5798","120,224","15,3887","35,1563"
2026 02 20 11:40:26:446,-3.9675,-6.78875,"0,291",22,0,"7,8125","847,5798","120,224","15,3887","70,3125"
2026 02 20 11:40:26:448,-3.9675,-6.78875,"0,291",22,0,"7,8125","847,5798","120,224","15,3887","132,8125"
2026 02 20 11:40:26:450,-3.9985,-6.78875,"0,291",22,0,"7,8125","847,5798","120,224","15,3887","39,0625"
2026 02 20 11:40:26:452,-3.9675,-6.78875,"0,291",22,0,"7,8125","847,5798","120,224","15,3887","15,625"
2026 02 20 11:40:26:454,-3.9675,-6.78875,"0,291",22,0,"7,8125","847,5798","120,224","15,3887","15,625"
2026 02 20 11:40:26:456,-3.9985,-6.78875,"0,291",22,0,"7,8125","847,5798","120,224","15,3887","-7,8125"
2026 02 20 11:40:26:458,-3.9675,-6.78875,"0,291",22,0,"7,8125","847,5798","120,224","15,3887","-46,875"
2026 02 20 11:40:26:460,-3.9334,-6.78875,"0,291",22,0,"7,8125","847,5798","120,224","15,3887","117,1875"
2026 02 20 11:40:26:462,-3.9675,-6.78875,"0,291",22,0,"7,8125","847,5798","120,224","15,3887","89,8438"
2026 02 20 11:40:26:464,-3.9675,-6.70125,"0,291",22,0,"7,8125","847,5798","120,224","15,3887","35,1563"
2026 02 20 11:40:26:466,-3.9675,-6.87625,"0,291",22,0,"7,8125","847,5798","120,224","15,3887","50,7813"
2026 02 20 11:40:26:468,-3.9675,-6.78875,"0,291",22,0,"7,8125","847,5798","120,224","15,3887","66,4063"
2026 02 20 11:40:26:470,-3.9675,-6.78875,"0,291",22,0,"7,8125","847,5798","120,224","15,3887","31,25"
2026 02 20 11:40:26:472,-3.9985,-6.70125,"0,291",22,0,"7,8125","847,5798","120,224","15,3887","3,9063"
2026 02 20 11:40:26:474,-3.9334,-6.78875,"0,291",22,0,"7,8125","847,5798","120,224","15,3887","54,6875"
2026 02 20 11:40:26:476,-3.9675,-6.70125,"0,291",22,0,"7,8125","847,5798","120,224","15,3887","50,7813"
2026 02 20 11:40:26:478,-3.9675,-6.78875,"0,291",22,0,"7,8125","847,5798","120,224","15,3887","31,25"
2026 02 20 11:40:26:480,-3.9675,-6.78875,"0,291",22,0,"7,8125","847,5798","120,224","15,3887","101,5625"
2026 02 20 11:40:26:482,-3.9675,-6.78875,"0,291",22,0,"7,8125","847,5798","120,224","15,3887","101,5625"
2026 02 20 11:40:26:484,-3.9985,-6.78875,"0,291",22,0,"7,8125","847,5798","120,224","15,3887","23,4375"
2026 02 20 11:40:26:486,-3.9675,-6.70125,"0,291",22,0,"7,8125","847,5798","120,224","15,3887",0
2026 02 20 11:40:26:488,-3.9675,-6.78875,"0,291",22,0,"7,8125","847,5798","120,224","15,3887","54,6875"
2026 02 20 11:40:26:490,-3.9675,-6.70125,"0,291",22,0,"7,8125","847,5798","120,224","15,3887","27,3438"
2026 02 20 11:40:26:492,-3.9985,-6.70125,"0,291",22,0,"7,8125","847,5798","120,224","15,3887","35,1563"
2026 02 20 11:40:26:494,-3.9675,-6.70125,"0,291",22,0,"7,8125","847,5798","120,224","15,3887","85,9375"
2026 02 20 11:40:26:496,-3.9675,-6.78875,"0,291",22,0,"7,8125","847,5798","120,224","15,3887","97,6563"
2026 02 20 11:40:26:498,-3.9985,-6.78875,"0,291",22,0,"7,8125","847,5798","120,224","15,3887","62,5"
2026 02 20 11:40:26:500,-3.9675,-6.78875,"0,291",22,0,"7,8125","847,5798","120,224","15,3887","70,3125"
2026 02 20 11:40:26:502,-3.9675,-6.78875,"0,291",22,0,"7,8125","847,5798","120,224","15,3887","62,5"
2026 02 20 11:40:26:504,-3.9334,-6.70125,"0,291",22,0,"7,8125","847,5798","120,224","15,3887","-3,9062"
2026 02 20 11:40:26:506,-3.9985,-6.78875,"0,291",22,0,"7,8125","847,5798","120,224","15,3887","-7,8125"
2026 02 20 11:40:26:508,-3.9675,-6.78875,"0,291",22,0,"7,8125","847,5798","120,224","15,3887","54,6875"
2026 02 20 11:40:26:510,-3.9334,-6.70125,"0,291",22,0,"7,8125","847,5798","120,224","15,3887","46,875"
2026 02 20 11:40:26:512,-3.9675,-6.78875,"0,291",22,0,"7,8125","847,5798","120,224","15,3887","50,7813"
2026 02 20 11:40:26:514,-3.9334,-6.87625,"0,291",22,0,"7,8125","847,5798","120,224","15,3887","97,6563"
2026 02 20 11:40:26:516,-3.9675,-6.78875,"0,291",22,0,"7,8125","847,5798","120,224","15,3887","113,2813"
2026 02 20 11:40:26:518,-3.9675,-6.78875,"0,291",22,0,"7,8125","847,5798","120,224","15,3887","3,9063"
2026 02 20 11:40:26:520,-3.9985,-6.78875,"0,291",22,0,"7,8125","847,5798","120,224","15,3887","42,9688"
2026 02 20 11:40:26:522,-3.9675,-6.78875,"0,291",22,0,"7,8125","847,5798","120,224","15,3887","70,3125"
2026 02 20 11:40:26:524,-3.9675,-6.78875,"0,291",22,0,"7,8125","847,5798","120,224","15,3887",0
2026 02 20 11:40:26:526,-3.9675,-6.78875,"0,291",22,0,"7,8125","847,5798","120,224","15,3887","11,7188"
2026 02 20 11:40:26:528,-3.9675,-6.70125,"0,291",22,0,"7,8125","847,5798","120,224","15,3887","78,125"
2026 02 20 11:40:26:530,-3.9675,-6.70125,"0,291",22,0,"7,8125","847,5798","120,224","15,3887","74,2188"
2026 02 20 11:40:26:532,-3.9675,-6.70125,"0,291",22,0,"7,8125","847,5798","120,224","15,3887","19,5313"
2026 02 20 11:40:26:534,-3.9675,-6.78875,"0,291",22,0,"7,8125","847,5798","120,224","15,3887","19,5313"
2026 02 20 11:40:26:536,-3.9675,-6.78875,"0,291",22,0,"7,8125","847,5798","120,224","15,3887","46,875"
2026 02 20 11:40:26:538,-3.9675,-6.70125,"0,291",22,0,"7,8125","847,5798","120,224","15,3887","-27,3437"
2026 02 20 11:40:26:540,-3.9675,-6.78875,"0,291",22,0,"7,8125","847,5798","120,224","15,3887","85,9375"
2026 02 20 11:40:26:542,-3.9675,-6.70125,"0,291",22,0,"7,8125","847,5798","120,224","15,3887","117,1875"
2026 02 20 11:40:26:544,-3.9334,-6.70125,"0,291",22,0,"7,8125","847,5798","120,224","15,3887","85,9375"
2026 02 20 11:40:26:546,-3.9334,-6.78875,"0,291",22,0,"7,8125","847,5798","120,224","15,3887","42,9688"
2026 02 20 11:40:26:548,-3.9675,-6.70125,"0,291",22,0,"7,8125","847,5798","120,224","15,3887","160,1563"
2026 02 20 11:40:26:550,-3.9675,-6.78875,"0,291",22,0,"7,8125","847,5798","120,224","15,3887","58,5938"
2026 02 20 11:40:26:552,-3.9985,-6.70125,"0,291",22,0,"7,8125","847,5798","120,224","15,3887","7,8125"
2026 02 20 11:40:26:554,-3.9675,-6.78875,"0,462",38,0,"12,9547","213,0066","141,9373","10,9564","54,6875"
2026 02 20 11:40:26:556,-3.9985,-6.78875,"0,462",38,0,"12,9547","213,0066","141,9373","10,9564","70,3125"
2026 02 20 11:40:26:558,-3.9675,-6.78875,"0,462",38,0,"12,9547","213,0066","141,9373","10,9564","-3,9062"
2026 02 20 11:40:26:560,-3.9675,-6.78875,"0,462",38,0,"12,9547","213,0066","141,9373","10,9564","74,2188"
2026 02 20 11:40:26:562,-3.9675,-6.78875,"0,462",38,0,"12,9547","213,0066","141,9373","10,9564","117,1875"
2026 02 20 11:40:26:564,-3.9675,-6.78875,"0,462",38,0,"12,9547","213,0066","141,9373","10,9564","74,2188"
2026 02 20 11:40:26:566,-3.9675,-6.78875,"0,462",38,0,"12,9547","213,0066","141,9373","10,9564","-19,5312"
2026 02 20 11:40:26:568,-3.9675,-6.70125,"0,462",38,0,"12,9547","213,0066","141,9373","10,9564","109,375"
2026 02 20 11:40:26:570,-3.9675,-6.78875,"0,462",38,0,"12,9547","213,0066","141,9373","10,9564","54,6875"
2026 02 20 11:40:26:572,-3.9675,-6.78875,"0,462",38,0,"12,9547","213,0066","141,9373","10,9564","-15,625"
2026 02 20 11:40:26:574,-3.9334,-6.78875,"0,462",38,0,"12,9547","213,0066","141,9373","10,9564","85,9375"
2026 02 20 11:40:26:576,-3.9675,-6.70125,"0,462",38,0,"12,9547","213,0066","141,9373","10,9564",125
2026 02 20 11:40:26:578,-3.9675,-6.78875,"0,462",38,0,"12,9547","213,0066","141,9373","10,9564","46,875"
2026 02 20 11:40:26:580,-3.9675,-6.70125,"0,462",38,0,"12,9547","213,0066","141,9373","10,9564","160,1563"
2026 02 20 11:40:26:582,-3.9675,-6.70125,"0,462",38,0,"12,9547","213,0066","141,9373","10,9564","121,0938"
2026 02 20 11:40:26:584,-3.9675,-6.78875,"0,462",38,0,"12,9547","213,0066","141,9373","10,9564","3,9063"
2026 02 20 11:40:26:586,-3.9985,-6.78875,"0,462",38,0,"12,9547","213,0066","141,9373","10,9564","-66,4062"
2026 02 20 11:40:26:588,-3.9675,-6.78875,"0,462",38,0,"12,9547","213,0066","141,9373","10,9564","42,9688"
2026 02 20 11:40:26:590,-3.9675,-6.70125,"0,462",38,0,"12,9547","213,0066","141,9373","10,9564","35,1563"
2026 02 20 11:40:26:592,-3.9675,-6.70125,"0,462",38,0,"12,9547","213,0066","141,9373","10,9564",0
2026 02 20 11:40:26:594,-3.9334,-6.78875,"0,462",38,0,"12,9547","213,0066","141,9373","10,9564","97,6563"
2026 02 20 11:40:26:596,-3.9985,-6.78875,"0,462",38,0,"12,9547","213,0066","141,9373","10,9564","210,9375"
2026 02 20 11:40:26:598,-3.9675,-6.70125,"0,462",38,0,"12,9547","213,0066","141,9373","10,9564","7,8125"
2026 02 20 11:40:26:600,-3.9675,-6.78875,"0,462",38,0,"12,9547","213,0066","141,9373","10,9564","82,0313"
2026 02 20 11:40:26:602,-3.9675,-6.78875,"0,462",38,0,"12,9547","213,0066","141,9373","10,9564","93,75"
2026 02 20 11:40:26:604,-3.9675,-6.78875,"0,462",38,0,"12,9547","213,0066","141,9373","10,9564","-7,8125"
2026 02 20 11:40:26:606,-3.9675,-6.78875,"0,462",38,0,"12,9547","213,0066","141,9373","10,9564","23,4375"
2026 02 20 11:40:26:608,-3.9675,-6.78875,"0,462",38,0,"12,9547","213,0066","141,9373","10,9564","128,9063"
2026 02 20 11:40:26:610,-3.9675,-6.70125,"0,462",38,0,"12,9547","213,0066","141,9373","10,9564","105,4688"
2026 02 20 11:40:26:612,-3.9985,-6.78875,"0,462",38,0,"12,9547","213,0066","141,9373","10,9564","82,0313"
2026 02 20 11:40:26:614,-3.9985,-6.78875,"0,462",38,0,"12,9547","213,0066","141,9373","10,9564","78,125"
2026 02 20 11:40:26:616,-3.9985,-6.70125,"0,462",38,0,"12,9547","213,0066","141,9373","10,9564","58,5938"
2026 02 20 11:40:26:618,-3.9985,-6.70125,"0,462",38,0,"12,9547","213,0066","141,9373","10,9564","-3,9062"
2026 02 20 11:40:26:620,-3.9334,-6.70125,"0,462",38,0,"12,9547","213,0066","141,9373","10,9564","35,1563"
2026 02 20 11:40:26:622,-3.9985,-6.70125,"0,462",38,0,"12,9547","213,0066","141,9373","10,9564","128,9063"
2026 02 20 11:40:26:624,-3.9675,-6.70125,"0,462",38,0,"12,9547","213,0066","141,9373","10,9564","46,875"
2026 02 20 11:40:26:626,-3.9675,-6.70125,"0,462",38,0,"12,9547","213,0066","141,9373","10,9564","-15,625"
2026 02 20 11:40:26:628,-3.9675,-6.70125,"0,462",38,0,"12,9547","213,0066","141,9373","10,9564","148,4375"
2026 02 20 11:40:26:630,-3.9675,-6.70125,"0,462",38,0,"12,9547","213,0066","141,9373","10,9564","89,8438"
2026 02 20 11:40:26:632,-3.9985,-6.70125,"0,462",38,0,"12,9547","213,0066","141,9373","10,9564","15,625"
2026 02 20 11:40:26:634,-3.9675,-6.70125,"0,462",38,0,"12,9547","213,0066","141,9373","10,9564","85,9375"
2026 02 20 11:40:26:636,-3.9675,-6.78875,"0,462",38,0,"12,9547","213,0066","141,9373","10,9564","58,5938"
2026 02 20 11:40:26:638,-3.9675,-6.70125,"0,462",38,0,"12,9547","213,0066","141,9373","10,9564","15,625"
2026 02 20 11:40:26:640,-3.9985,-6.78875,"0,462",38,0,"12,9547","213,0066","141,9373","10,9564","78,125"
2026 02 20 11:40:26:642,-3.9675,-6.78875,"0,462",38,0,"12,9547","213,0066","141,9373","10,9564","89,8438"
2026 02 20 11:40:26:644,-3.9675,-6.78875,"0,462",38,0,"12,9547","213,0066","141,9373","10,9564","58,5938"
2026 02 20 11:40:26:646,-3.9985,-6.78875,"0,462",38,0,"12,9547","213,0066","141,9373","10,9564","39,0625"
2026 02 20 11:40:26:648,-3.9675,-6.70125,"0,462",38,0,"12,9547","213,0066","141,9373","10,9564","85,9375"
2026 02 20 11:40:26:650,-3.9675,-6.78875,"0,462",38,0,"12,9547","213,0066","141,9373","10,9564","66,4063"
2026 02 20 11:40:26:652,-3.9675,-6.78875,"0,462",38,0,"12,9547","213,0066","141,9373","10,9564","27,3438"
2026 02 20 11:40:26:654,-3.9675,-6.70125,"0,462",38,0,"12,9547","213,0066","141,9373","10,9564","46,875"
2026 02 20 11:40:26:656,-3.9675,-6.70125,"0,462",38,0,"12,9547","213,0066","141,9373","10,9564","93,75"
2026 02 20 11:40:26:658,-3.9675,-6.78875,"0,462",38,0,"12,9547","213,0066","141,9373","10,9564","7,8125"
2026 02 20 11:40:26:660,-3.9675,-6.78875,"0,462",38,0,"12,9547","213,0066","141,9373","10,9564","128,9063"
2026 02 20 11:40:26:662,-3.9334,-6.70125,"0,462",38,0,"12,9547","213,0066","141,9373","10,9564","132,8125"
2026 02 20 11:40:26:664,-3.9675,-6.78875,"0,462",38,0,"12,9547","213,0066","141,9373","10,9564","35,1563"
2026 02 20 11:40:26:666,-3.9675,-6.78875,"0,462",38,0,"12,9547","213,0066","141,9373","10,9564","19,5313"
2026 02 20 11:40:26:668,-3.9675,-6.78875,"0,462",38,0,"12,9547","213,0066","141,9373","10,9564","39,0625"
2026 02 20 11:40:26:670,-3.9675,-6.70125,"0,462",38,0,"12,9547","213,0066","141,9373","10,9564","35,1563"
2026 02 20 11:40:26:672,-3.9675,-6.78875,"0,462",38,0,"12,9547","213,0066","141,9373","10,9564","54,6875"
2026 02 20 11:40:26:674,-3.9675,-6.70125,"0,462",38,0,"12,9547","213,0066","141,9373","10,9564","66,4063"
2026 02 20 11:40:26:676,-3.9675,-6.78875,"0,462",38,0,"12,9547","213,0066","141,9373","10,9564","97,6563"
2026 02 20 11:40:26:678,-3.9985,-6.70125,"0,462",38,0,"12,9547","213,0066","141,9373","10,9564","109,375"
2026 02 20 11:40:26:680,-3.9675,-6.70125,"0,462",38,0,"12,9547","213,0066","141,9373","10,9564","82,0313"
2026 02 20 11:40:26:682,-3.9675,-6.70125,"0,462",38,0,"12,9547","213,0066","141,9373","10,9564","113,2813"
2026 02 20 11:40:26:684,-3.9675,-6.78875,"0,462",38,0,"12,9547","213,0066","141,9373","10,9564","58,5938"
2026 02 20 11:40:26:686,-3.9675,-6.87625,"0,462",38,0,"12,9547","213,0066","141,9373","10,9564","15,625"
2026 02 20 11:40:26:688,-3.9985,-6.78875,"0,462",38,0,"12,9547","213,0066","141,9373","10,9564","93,75"
2026 02 20 11:40:26:690,-3.9675,-6.78875,"0,462",38,0,"12,9547","213,0066","141,9373","10,9564","27,3438"
2026 02 20 11:40:26:692,-3.9985,-6.78875,"0,462",38,0,"12,9547","213,0066","141,9373","10,9564","50,7813"
2026 02 20 11:40:26:694,-3.9985,-6.78875,"0,462",38,0,"12,9547","213,0066","141,9373","10,9564","97,6563"
2026 02 20 11:40:26:696,-3.9675,-6.70125,"0,462",38,0,"12,9547","213,0066","141,9373","10,9564","35,1563"
2026 02 20 11:40:26:698,-3.9675,-6.70125,"0,462",38,0,"12,9547","213,0066","141,9373","10,9564","46,875"
2026 02 20 11:40:26:700,-3.9675,-6.78875,"0,462",38,0,"12,9547","213,0066","141,9373","10,9564","58,5938"
2026 02 20 11:40:26:702,-3.9675,-6.78875,"0,462",38,0,"12,9547","213,0066","141,9373","10,9564","58,5938"
2026 02 20 11:40:26:704,-3.9334,-6.78875,"0,462",38,0,"12,9547","213,0066","141,9373","10,9564","117,1875"
2026 02 20 11:40:26:706,-3.9675,-6.78875,"0,462",38,0,"12,9547","213,0066","141,9373","10,9564","50,7813"
2026 02 20 11:40:26:708,-3.9675,-6.70125,"0,462",38,0,"12,9547","213,0066","141,9373","10,9564","121,0938"
2026 02 20 11:40:26:710,-3.9334,-6.78875,"0,462",38,0,"12,9547","213,0066","141,9373","10,9564","132,8125"
2026 02 20 11:40:26:712,-3.9675,-6.78875,"0,462",38,0,"12,9547","213,0066","141,9373","10,9564","58,5938"
2026 02 20 11:40:26:714,-3.9675,-6.78875,"0,462",38,0,"12,9547","213,0066","141,9373","10,9564","74,2188"
2026 02 20 11:40:26:716,-3.9675,-6.78875,"0,462",38,0,"12,9547","213,0066","141,9373","10,9564","74,2188"
2026 02 20 11:40:26:718,-3.9675,-6.70125,"0,462",38,0,"12,9547","213,0066","141,9373","10,9564","11,7188"
2026 02 20 11:40:26:720,-3.9675,-6.70125,"0,462",38,0,"12,9547","213,0066","141,9373","10,9564","70,3125"
2026 02 20 11:40:26:722,-3.9675,-6.70125,"0,462",38,0,"12,9547","213,0066","141,9373","10,9564","23,4375"
2026 02 20 11:40:26:724,-3.9675,-6.70125,"0,462",38,0,"12,9547","213,0066","141,9373","10,9564","62,5"
2026 02 20 11:40:26:726,-3.9334,-6.70125,"0,462",38,0,"12,9547","213,0066","141,9373","10,9564","50,7813"
2026 02 20 11:40:26:728,-3.9675,-6.70125,"0,462",38,0,"12,9547","213,0066","141,9373","10,9564","11,7188"
2026 02 20 11:40:26:730,-3.9675,-6.78875,"0,462",38,0,"12,9547","213,0066","141,9373","10,9564","89,8438"
2026 02 20 11:40:26:732,-3.9675,-6.70125,"0,462",38,0,"12,9547","213,0066","141,9373","10,9564","97,6563"
2026 02 20 11:40:26:734,-3.9675,-6.70125,"0,462",38,0,"12,9547","213,0066","141,9373","10,9564","62,5"
2026 02 20 11:40:26:736,-3.9675,-6.78875,"0,462",38,0,"12,9547","213,0066","141,9373","10,9564","132,8125"
2026 02 20 11:40:26:738,-3.9334,-6.78875,"0,462",38,0,"12,9547","213,0066","141,9373","10,9564","89,8438"
2026 02 20 11:40:26:740,-3.9675,-6.78875,"0,462",38,0,"12,9547","213,0066","141,9373","10,9564","144,5313"
2026 02 20 11:40:26:742,-3.9675,-6.87625,"0,462",38,0,"12,9547","213,0066","141,9373","10,9564","121,0938"
2026 02 20 11:40:26:744,-3.9334,-6.70125,"0,462",38,0,"12,9547","213,0066","141,9373","10,9564","58,5938"
2026 02 20 11:40:26:746,-3.9675,-6.78875,"0,462",38,0,"12,9547","213,0066","141,9373","10,9564","15,625"
2026 02 20 11:40:26:748,-3.9675,-6.70125,"0,462",38,0,"12,9547","213,0066","141,9373","10,9564","23,4375"
2026 02 20 11:40:26:750,-3.9675,-6.78875,"0,462",38,0,"12,9547","213,0066","141,9373","10,9564","66,4063"
2026 02 20 11:40:26:752,-3.9675,-6.70125,"0,462",38,0,"12,9547","213,0066","141,9373","10,9564","35,1563"
2026 02 20 11:40:26:754,-3.9675,-6.78875,"0,462",38,0,"12,9547","213,0066","141,9373","10,9564","27,3438"
2026 02 20 11:40:26:756,-3.9675,-6.70125,"0,462",38,0,"12,9547","213,0066","141,9373","10,9564","42,9688"
2026 02 20 11:40:26:758,-3.9675,-6.78875,"0,462",38,0,"12,9547","213,0066","141,9373","10,9564","144,5313"
2026 02 20 11:40:26:760,-3.9675,-6.78875,"0,462",38,0,"12,9547","213,0066","141,9373","10,9564","109,375"
2026 02 20 11:40:26:762,-3.9675,-6.70125,"0,462",38,0,"12,9547","213,0066","141,9373","10,9564","85,9375"
2026 02 20 11:40:26:764,-3.9675,-6.78875,"0,462",38,0,"12,9547","213,0066","141,9373","10,9564","121,0938"
2026 02 20 11:40:26:766,-3.9334,-6.78875,"0,462",38,0,"12,9547","213,0066","141,9373","10,9564","39,0625"
2026 02 20 11:40:26:768,-3.9675,-6.87625,"0,462",38,0,"12,9547","213,0066","141,9373","10,9564","97,6563"
2026 02 20 11:40:26:770,-3.9985,-6.78875,"0,462",38,0,"12,9547","213,0066","141,9373","10,9564","62,5"
2026 02 20 11:40:26:772,-3.9675,-6.70125,"0,462",38,0,"12,9547","213,0066","141,9373","10,9564","85,9375"
2026 02 20 11:40:26:774,-3.9985,-6.70125,"0,462",38,0,"12,9547","213,0066","141,9373","10,9564","62,5"
2026 02 20 11:40:26:776,-3.9334,-6.78875,"0,462",38,0,"12,9547","213,0066","141,9373","10,9564","70,3125"
2026 02 20 11:40:26:778,-3.9334,-6.70125,"0,462",38,0,"12,9547","213,0066","141,9373","10,9564","97,6563"
2026 02 20 11:40:26:780,-3.9334,-6.78875,"0,462",38,0,"12,9547","213,0066","141,9373","10,9564","70,3125"
2026 02 20 11:40:26:782,-3.9675,-6.70125,"0,462",38,0,"12,9547","213,0066","141,9373","10,9564","70,3125"
2026 02 20 11:40:26:784,-3.9675,-6.70125,"0,462",38,0,"12,9547","213,0066","141,9373","10,9564","89,8438"
2026 02 20 11:40:26:786,-3.9675,-6.78875,"0,462",38,0,"12,9547","213,0066","141,9373","10,9564","82,0313"
2026 02 20 11:40:26:788,-3.9334,-6.78875,"0,462",38,0,"12,9547","213,0066","141,9373","10,9564","54,6875"
2026 02 20 11:40:26:790,-3.9675,-6.78875,"0,462",38,0,"12,9547","213,0066","141,9373","10,9564","140,625"
2026 02 20 11:40:26:792,-3.9985,-6.78875,"0,462",38,0,"12,9547","213,0066","141,9373","10,9564","74,2188"
2026 02 20 11:40:26:794,-3.9675,-6.78875,"0,462",38,0,"12,9547","213,0066","141,9373","10,9564","82,0313"
2026 02 20 11:40:26:796,-3.9675,-6.78875,"0,462",38,0,"12,9547","213,0066","141,9373","10,9564","89,8438"
2026 02 20 11:40:26:798,-3.9675,-6.78875,"0,462",38,0,"12,9547","213,0066","141,9373","10,9564","97,6563"
2026 02 20 11:40:26:800,-3.9675,-6.70125,"0,462",38,0,"12,9547","213,0066","141,9373","10,9564","97,6563"
2026 02 20 11:40:26:802,-3.9675,-6.87625,"0,462",38,0,"12,9547","213,0066","141,9373","10,9564","93,75"
2026 02 20 11:40:26:804,-3.9675,-6.78875,"0,462",38,0,"12,9547","213,0066","141,9373","10,9564","58,5938"
2026 02 20 11:40:26:806,-3.9675,-6.78875,"0,462",38,0,"12,9547","213,0066","141,9373","10,9564","74,2188"
2026 02 20 11:40:26:808,-3.9675,-6.70125,"0,462",38,0,"12,9547","213,0066","141,9373","10,9564","50,7813"
2026 02 20 11:40:26:810,-3.9985,-6.78875,"0,462",38,0,"12,9547","213,0066","141,9373","10,9564","82,0313"
2026 02 20 11:40:26:812,-3.9675,-6.78875,"0,462",38,0,"12,9547","213,0066","141,9373","10,9564","113,2813"
2026 02 20 11:40:26:814,-3.9985,-6.78875,"0,462",38,0,"12,9547","213,0066","141,9373","10,9564","50,7813"
2026 02 20 11:40:26:816,-3.9675,-6.78875,"0,462",38,0,"12,9547","213,0066","141,9373","10,9564","128,9063"
2026 02 20 11:40:26:818,-3.9675,-6.78875,"0,462",38,0,"12,9547","213,0066","141,9373","10,9564","93,75"
2026 02 20 11:40:26:820,-3.9675,-6.70125,"0,462",38,0,"12,9547","213,0066","141,9373","10,9564","109,375"
2026 02 20 11:40:26:822,-3.9675,-6.78875,"0,462",38,0,"12,9547","213,0066","141,9373","10,9564","85,9375"
2026 02 20 11:40:26:824,-3.9675,-6.78875,"0,462",38,0,"12,9547","213,0066","141,9373","10,9564","82,0313"
2026 02 20 11:40:26:826,-3.9675,-6.78875,"0,462",38,0,"12,9547","213,0066","141,9373","10,9564","42,9688"
2026 02 20 11:40:26:828,-3.9985,-6.78875,"0,462",38,0,"12,9547","213,0066","141,9373","10,9564","70,3125"
2026 02 20 11:40:26:830,-3.9985,-6.78875,"0,462",38,0,"12,9547","213,0066","141,9373","10,9564","82,0313"
2026 02 20 11:40:26:832,-3.9334,-6.78875,"0,462",38,0,"12,9547","213,0066","141,9373","10,9564","74,2188"
2026 02 20 11:40:26:834,-3.9675,-6.78875,"0,462",38,0,"12,9547","213,0066","141,9373","10,9564","97,6563"
2026 02 20 11:40:26:836,-3.9675,-6.78875,"0,462",38,0,"12,9547","213,0066","141,9373","10,9564","82,0313"
2026 02 20 11:40:26:838,-3.9334,-6.78875,"0,462",38,0,"12,9547","213,0066","141,9373","10,9564","164,0625"
2026 02 20 11:40:26:840,-3.9334,-6.78875,"0,462",38,0,"12,9547","213,0066","141,9373","10,9564","113,2813"
2026 02 20 11:40:26:842,-3.9675,-6.78875,"0,462",38,0,"12,9547","213,0066","141,9373","10,9564","101,5625"
2026 02 20 11:40:26:844,-3.9675,-6.87625,"0,462",38,0,"12,9547","213,0066","141,9373","10,9564","121,0938"
2026 02 20 11:40:26:846,-3.9675,-6.78875,"0,462",38,0,"12,9547","213,0066","141,9373","10,9564","58,5938"
2026 02 20 11:40:26:848,-3.9675,-6.78875,"0,462",38,0,"12,9547","213,0066","141,9373","10,9564","89,8438"
2026 02 20 11:40:26:850,-3.9675,-6.78875,"0,462",38,0,"12,9547","213,0066","141,9373","10,9564","70,3125"
2026 02 20 11:40:26:852,-3.9334,-6.87625,"0,462",38,0,"12,9547","213,0066","141,9373","10,9564","89,8438"
2026 02 20 11:40:26:854,-3.9675,-6.78875,"0,7",38,1,"19,1345","72,84","142,3645","7,4402","74,2188"
2026 02 20 11:40:26:856,-3.9675,-6.70125,"0,7",38,1,"19,1345","72,84","142,3645","7,4402","70,3125"
2026 02 20 11:40:26:858,-3.9675,-6.78875,"0,7",38,1,"19,1345","72,84","142,3645","7,4402","42,9688"
2026 02 20 11:40:26:860,-3.9675,-6.78875,"0,7",38,1,"19,1345","72,84","142,3645","7,4402","78,125"
2026 02 20 11:40:26:862,-3.9675,-6.70125,"0,7",38,1,"19,1345","72,84","142,3645","7,4402","121,0938"
2026 02 20 11:40:26:864,-3.9985,-6.78875,"0,7",38,1,"19,1345","72,84","142,3645","7,4402","82,0313"
2026 02 20 11:40:26:866,-3.9675,-6.78875,"0,7",38,1,"19,1345","72,84","142,3645","7,4402","148,4375"
2026 02 20 11:40:26:868,-3.9334,-6.70125,"0,7",38,1,"19,1345","72,84","142,3645","7,4402","82,0313"
2026 02 20 11:40:26:870,-3.9675,-6.70125,"0,7",38,1,"19,1345","72,84","142,3645","7,4402","152,3438"
2026 02 20 11:40:26:872,-3.9675,-6.78875,"0,7",38,1,"19,1345","72,84","142,3645","7,4402",125
2026 02 20 11:40:26:874,-3.9334,-6.70125,"0,7",38,1,"19,1345","72,84","142,3645","7,4402","74,2188"
2026 02 20 11:40:26:876,-3.9675,-6.78875,"0,7",38,1,"19,1345","72,84","142,3645","7,4402","121,0938"
2026 02 20 11:40:26:878,-3.9985,-6.70125,"0,7",38,1,"19,1345","72,84","142,3645","7,4402","82,0313"
2026 02 20 11:40:26:880,-3.9985,-6.78875,"0,7",38,1,"19,1345","72,84","142,3645","7,4402",125
2026 02 20 11:40:26:882,-3.9675,-6.70125,"0,7",38,1,"19,1345","72,84","142,3645","7,4402","54,6875"
2026 02 20 11:40:26:884,-3.9675,-6.78875,"0,7",38,1,"19,1345","72,84","142,3645","7,4402","62,5"
2026 02 20 11:40:26:886,-3.9985,-6.78875,"0,7",38,1,"19,1345","72,84","142,3645","7,4402","39,0625"
2026 02 20 11:40:26:888,-3.9675,-6.70125,"0,7",38,1,"19,1345","72,84","142,3645","7,4402","82,0313"
2026 02 20 11:40:26:890,-3.9675,-6.78875,"0,7",38,1,"19,1345","72,84","142,3645","7,4402","105,4688"
2026 02 20 11:40:26:892,-3.9675,-6.70125,"0,7",38,1,"19,1345","72,84","142,3645","7,4402","109,375"
2026 02 20 11:40:26:894,-3.9334,-6.78875,"0,7",38,1,"19,1345","72,84","142,3645","7,4402","101,5625"
2026 02 20 11:40:26:896,-3.9675,-6.78875,"0,7",38,1,"19,1345","72,84","142,3645","7,4402","93,75"
2026 02 20 11:40:26:898,-3.9675,-6.78875,"0,7",38,1,"19,1345","72,84","142,3645","7,4402","128,9063"
2026 02 20 11:40:26:900,-3.9675,-6.70125,"0,7",38,1,"19,1345","72,84","142,3645","7,4402","148,4375"
2026 02 20 11:40:26:902,-3.9675,-6.70125,"0,7",38,1,"19,1345","72,84","142,3645","7,4402","164,0625"
2026 02 20 11:40:26:904,-3.9675,-6.78875,"0,7",38,1,"19,1345","72,84","142,3645","7,4402","97,6563"
2026 02 20 11:40:26:906,-3.9675,-6.70125,"0,7",38,1,"19,1345","72,84","142,3645","7,4402","70,3125"
2026 02 20 11:40:26:908,-3.9675,-6.78875,"0,7",38,1,"19,1345","72,84","142,3645","7,4402","82,0313"
2026 02 20 11:40:26:910,-3.9985,-6.78875,"0,7",38,1,"19,1345","72,84","142,3645","7,4402","58,5938"
2026 02 20 11:40:26:912,-3.9334,-6.70125,"0,7",38,1,"19,1345","72,84","142,3645","7,4402","50,7813"
2026 02 20 11:40:26:914,-3.9675,-6.78875,"0,7",38,1,"19,1345","72,84","142,3645","7,4402","70,3125"
2026 02 20 11:40:26:916,-3.9985,-6.78875,"0,7",38,1,"19,1345","72,84","142,3645","7,4402","50,7813"
2026 02 20 11:40:26:918,-3.9675,-6.70125,"0,7",38,1,"19,1345","72,84","142,3645","7,4402","117,1875"
2026 02 20 11:40:26:920,-3.9675,-6.78875,"0,7",38,1,"19,1345","72,84","142,3645","7,4402","121,0938"
2026 02 20 11:40:26:922,-3.9675,-6.78875,"0,7",38,1,"19,1345","72,84","142,3645","7,4402","109,375"
2026 02 20 11:40:26:924,-3.9675,-6.70125,"0,7",38,1,"19,1345","72,84","142,3645","7,4402","109,375"
2026 02 20 11:40:26:926,-3.9675,-6.78875,"0,7",38,1,"19,1345","72,84","142,3645","7,4402","66,4063"
2026 02 20 11:40:26:928,-3.9675,-6.70125,"0,7",38,1,"19,1345","72,84","142,3645","7,4402","117,1875"
2026 02 20 11:40:26:930,-3.9675,-6.70125,"0,7",38,1,"19,1345","72,84","142,3645","7,4402","140,625"
2026 02 20 11:40:26:932,-3.9675,-6.78875,"0,7",38,1,"19,1345","72,84","142,3645","7,4402","93,75"
2026 02 20 11:40:26:934,-3.9675,-6.78875,"0,7",38,1,"19,1345","72,84","142,3645","7,4402","117,1875"
2026 02 20 11:40:26:936,-3.9675,-6.70125,"0,7",38,1,"19,1345","72,84","142,3645","7,4402","101,5625"
2026 02 20 11:40:26:938,-3.9675,-6.70125,"0,7",38,1,"19,1345","72,84","142,3645","7,4402","46,875"
2026 02 20 11:40:26:940,-3.9675,-6.78875,"0,7",38,1,"19,1345","72,84","142,3645","7,4402","101,5625"
2026 02 20 11:40:26:942,-3.9675,-6.78875,"0,7",38,1,"19,1345","72,84","142,3645","7,4402","101,5625"
2026 02 20 11:40:26:944,-3.9675,-6.78875,"0,7",38,1,"19,1345","72,84","142,3645","7,4402","70,3125"
2026 02 20 11:40:26:946,-3.9675,-6.70125,"0,7",38,1,"19,1345","72,84","142,3645","7,4402","117,1875"
2026 02 20 11:40:26:948,-3.9675,-6.78875,"0,7",38,1,"19,1345","72,84","142,3645","7,4402","82,0313"
2026 02 20 11:40:26:950,-3.9675,-6.70125,"0,7",38,1,"19,1345","72,84","142,3645","7,4402","113,2813"
2026 02 20 11:40:26:952,-3.9675,-6.78875,"0,7",38,1,"19,1345","72,84","142,3645","7,4402","109,375"
2026 02 20 11:40:26:954,-3.9675,-6.70125,"0,7",38,1,"19,1345","72,84","142,3645","7,4402","97,6563"
2026 02 20 11:40:26:956,-3.9675,-6.78875,"0,7",38,1,"19,1345","72,84","142,3645","7,4402","74,2188"
2026 02 20 11:40:26:958,-3.9675,-6.78875,"0,7",38,1,"19,1345","72,84","142,3645","7,4402","82,0313"
2026 02 20 11:40:26:960,-3.9675,-6.78875,"0,7",38,1,"19,1345","72,84","142,3645","7,4402","93,75"
2026 02 20 11:40:26:962,-3.9675,-6.70125,"0,7",38,1,"19,1345","72,84","142,3645","7,4402","109,375"
2026 02 20 11:40:26:964,-3.9675,-6.70125,"0,7",38,1,"19,1345","72,84","142,3645","7,4402","78,125"
2026 02 20 11:40:26:966,-3.9675,-6.78875,"0,7",38,1,"19,1345","72,84","142,3645","7,4402","74,2188"
2026 02 20 11:40:26:968,-3.9334,-6.78875,"0,7",38,1,"19,1345","72,84","142,3645","7,4402","140,625"
2026 02 20 11:40:26:970,-3.9334,-6.78875,"0,7",38,1,"19,1345","72,84","142,3645","7,4402","85,9375"
2026 02 20 11:40:26:972,-3.9675,-6.78875,"0,7",38,1,"19,1345","72,84","142,3645","7,4402","62,5"
2026 02 20 11:40:26:974,-3.9985,-6.78875,"0,7",38,1,"19,1345","72,84","142,3645","7,4402","160,1563"
2026 02 20 11:40:26:976,-3.9985,-6.70125,"0,7",38,1,"19,1345","72,84","142,3645","7,4402","58,5938"
2026 02 20 11:40:26:978,-3.9675,-6.70125,"0,7",38,1,"19,1345","72,84","142,3645","7,4402","136,7188"
2026 02 20 11:40:26:980,-3.9334,-6.70125,"0,7",38,1,"19,1345","72,84","142,3645","7,4402","140,625"
2026 02 20 11:40:26:982,-3.9985,-6.70125,"0,7",38,1,"19,1345","72,84","142,3645","7,4402","66,4063"
2026 02 20 11:40:26:984,-3.9985,-6.70125,"0,7",38,1,"19,1345","72,84","142,3645","7,4402","97,6563"
2026 02 20 11:40:26:986,-3.9985,-6.78875,"0,7",38,1,"19,1345","72,84","142,3645","7,4402","62,5"
2026 02 20 11:40:26:988,-3.9675,-6.70125,"0,7",38,1,"19,1345","72,84","142,3645","7,4402","54,6875"
2026 02 20 11:40:26:990,-3.9675,-6.78875,"0,7",38,1,"19,1345","72,84","142,3645","7,4402","62,5"
2026 02 20 11:40:26:992,-3.9675,-6.78875,"0,7",38,1,"19,1345","72,84","142,3645","7,4402","85,9375"
2026 02 20 11:40:26:994,-3.9675,-6.78875,"0,7",38,1,"19,1345","72,84","142,3645","7,4402","89,8438"
2026 02 20 11:40:26:996,-3.9675,-6.78875,"0,7",38,1,"19,1345","72,84","142,3645","7,4402","117,1875"
2026 02 20 11:40:26:998,-3.9334,-6.61375,"0,7",38,1,"19,1345","72,84","142,3645","7,4402","117,1875"
2026 02 20 11:40:27:000,-3.9675,-6.78875,"0,7",38,1,"19,1345","72,84","142,3645","7,4402","175,7813"
2026 02 20 11:40:27:002,-3.9675,-6.78875,"0,7",38,1,"19,1345","72,84","142,3645","7,4402","148,4375"
2026 02 20 11:40:27:004,-3.9675,-6.70125,"0,7",38,1,"19,1345","72,84","142,3645","7,4402","85,9375"
2026 02 20 11:40:27:006,-3.9675,-6.78875,"0,7",38,1,"19,1345","72,84","142,3645","7,4402",125
2026 02 20 11:40:27:008,-3.9985,-6.70125,"0,7",38,1,"19,1345","72,84","142,3645","7,4402","85,9375"
2026 02 20 11:40:27:010,-3.9675,-6.78875,"0,7",38,1,"19,1345","72,84","142,3645","7,4402","89,8438"
2026 02 20 11:40:27:012,-3.9675,-6.78875,"0,7",38,1,"19,1345","72,84","142,3645","7,4402","113,2813"
2026 02 20 11:40:27:014,-3.9334,-6.70125,"0,7",38,1,"19,1345","72,84","142,3645","7,4402","66,4063"
2026 02 20 11:40:27:016,-3.9675,-6.70125,"0,7",38,1,"19,1345","72,84","142,3645","7,4402","66,4063"
2026 02 20 11:40:27:018,-3.9675,-6.70125,"0,7",38,1,"19,1345","72,84","142,3645","7,4402","82,0313"
2026 02 20 11:40:27:020,-3.9985,-6.78875,"0,7",38,1,"19,1345","72,84","142,3645","7,4402","97,6563"
2026 02 20 11:40:27:022,-3.9675,-6.78875,"0,7",38,1,"19,1345","72,84","142,3645","7,4402","93,75"
2026 02 20 11:40:27:024,-3.9675,-6.70125,"0,7",38,1,"19,1345","72,84","142,3645","7,4402","70,3125"
2026 02 20 11:40:27:026,-3.9675,-6.78875,"0,7",38,1,"19,1345","72,84","142,3645","7,4402","113,2813"
2026 02 20 11:40:27:028,-3.9675,-6.78875,"0,7",38,1,"19,1345","72,84","142,3645","7,4402","152,3438"
2026 02 20 11:40:27:030,-3.9334,-6.70125,"0,7",38,1,"19,1345","72,84","142,3645","7,4402","121,0938"
2026 02 20 11:40:27:032,-3.9675,-6.78875,"0,7",38,1,"19,1345","72,84","142,3645","7,4402","152,3438"
2026 02 20 11:40:27:034,-3.9985,-6.78875,"0,7",38,1,"19,1345","72,84","142,3645","7,4402","152,3438"
2026 02 20 11:40:27:036,-3.9675,-6.78875,"0,7",38,1,"19,1345","72,84","142,3645","7,4402","70,3125"
2026 02 20 11:40:27:038,-3.9675,-6.70125,"0,7",38,1,"19,1345","72,84","142,3645","7,4402","117,1875"
2026 02 20 11:40:27:040,-3.9675,-6.70125,"0,7",38,1,"19,1345","72,84","142,3645","7,4402","97,6563"
2026 02 20 11:40:27:042,-3.9675,-6.78875,"0,7",38,1,"19,1345","72,84","142,3645","7,4402","50,7813"
2026 02 20 11:40:27:044,-3.9675,-6.78875,"0,7",38,1,"19,1345","72,84","142,3645","7,4402","93,75"
2026 02 20 11:40:27:046,-3.9675,-6.78875,"0,7",38,1,"19,1345","72,84","142,3645","7,4402","66,4063"
2026 02 20 11:40:27:048,-3.9985,-6.78875,"0,7",38,1,"19,1345","72,84","142,3645","7,4402","85,9375"
2026 02 20 11:40:27:050,-3.9675,-6.70125,"0,7",38,1,"19,1345","72,84","142,3645","7,4402","101,5625"
2026 02 20 11:40:27:052,-3.9675,-6.70125,"0,7",38,1,"19,1345","72,84","142,3645","7,4402","89,8438"
2026 02 20 11:40:27:054,-3.9675,-6.78875,"0,7",38,1,"19,1345","72,84","142,3645","7,4402","156,25"
2026 02 20 11:40:27:056,-3.9675,-6.78875,"0,7",38,1,"19,1345","72,84","142,3645","7,4402","89,8438"
2026 02 20 11:40:27:058,-3.9675,-6.70125,"0,7",38,1,"19,1345","72,84","142,3645","7,4402","113,2813"
2026 02 20 11:40:27:060,-3.9675,-6.70125,"0,7",38,1,"19,1345","72,84","142,3645","7,4402","210,9375"
2026 02 20 11:40:27:062,-3.9675,-6.78875,"0,7",38,1,"19,1345","72,84","142,3645","7,4402","144,5313"
2026 02 20 11:40:27:064,-3.9675,-6.78875,"0,7",38,1,"19,1345","72,84","142,3645","7,4402","109,375"
2026 02 20 11:40:27:066,-3.9334,-6.78875,"0,7",38,1,"19,1345","72,84","142,3645","7,4402","148,4375"
2026 02 20 11:40:27:068,-3.9675,-6.78875,"0,7",38,1,"19,1345","72,84","142,3645","7,4402","70,3125"
2026 02 20 11:40:27:070,-3.9675,-6.70125,"0,7",38,1,"19,1345","72,84","142,3645","7,4402","50,7813"
2026 02 20 11:40:27:072,-3.9985,-6.70125,"0,7",38,1,"19,1345","72,84","142,3645","7,4402","113,2813"
2026 02 20 11:40:27:074,-3.9675,-6.70125,"0,7",38,1,"19,1345","72,84","142,3645","7,4402","62,5"
2026 02 20 11:40:27:076,-3.9675,-6.70125,"0,7",38,1,"19,1345","72,84","142,3645","7,4402","85,9375"
2026 02 20 11:40:27:078,-3.9675,-6.70125,"0,7",38,1,"19,1345","72,84","142,3645","7,4402","74,2188"
2026 02 20 11:40:27:080,-3.9334,-6.78875,"0,7",38,1,"19,1345","72,84","142,3645","7,4402","121,0938"
2026 02 20 11:40:27:082,-3.9675,-6.70125,"0,7",38,1,"19,1345","72,84","142,3645","7,4402","152,3438"
2026 02 20 11:40:27:084,-3.9675,-6.78875,"0,7",38,1,"19,1345","72,84","142,3645","7,4402","105,4688"
2026 02 20 11:40:27:086,-3.9334,-6.78875,"0,7",38,1,"19,1345","72,84","142,3645","7,4402","97,6563"
2026 02 20 11:40:27:088,-3.9334,-6.78875,"0,7",38,1,"19,1345","72,84","142,3645","7,4402","101,5625"
2026 02 20 11:40:27:090,-3.9675,-6.78875,"0,7",38,1,"19,1345","72,84","142,3645","7,4402","121,0938"
2026 02 20 11:40:27:092,-3.9675,-6.78875,"0,7",38,1,"19,1345","72,84","142,3645","7,4402","78,125"
2026 02 20 11:40:27:094,-3.9675,-6.70125,"0,7",38,1,"19,1345","72,84","142,3645","7,4402","97,6563"
2026 02 20 11:40:27:096,-3.9675,-6.78875,"0,7",38,1,"19,1345","72,84","142,3645","7,4402","140,625"
2026 02 20 11:40:27:098,-3.9675,-6.78875,"0,7",38,1,"19,1345","72,84","142,3645","7,4402","74,2188"
2026 02 20 11:40:27:100,-3.9675,-6.70125,"0,7",38,1,"19,1345","72,84","142,3645","7,4402","105,4688"
2026 02 20 11:40:27:102,-3.9675,-6.70125,"0,7",38,1,"19,1345","72,84","142,3645","7,4402","152,3438"
2026 02 20 11:40:27:104,-3.9675,-6.78875,"0,7",38,1,"19,1345","72,84","142,3645","7,4402","82,0313"
2026 02 20 11:40:27:106,-3.9334,-6.78875,"0,7",38,1,"19,1345","72,84","142,3645","7,4402",125
2026 02 20 11:40:27:108,-3.9675,-6.70125,"0,7",38,1,"19,1345","72,84","142,3645","7,4402","117,1875"
2026 02 20 11:40:27:110,-3.9675,-6.78875,"0,7",38,1,"19,1345","72,84","142,3645","7,4402",125
2026 02 20 11:40:27:112,-3.9675,-6.70125,"0,7",38,1,"19,1345","72,84","142,3645","7,4402","167,9688"
2026 02 20 11:40:27:114,-3.9675,-6.70125,"0,7",38,1,"19,1345","72,84","142,3645","7,4402","89,8438"
2026 02 20 11:40:27:116,-3.9985,-6.70125,"0,7",38,1,"19,1345","72,84","142,3645","7,4402","113,2813"
2026 02 20 11:40:27:118,-3.9675,-6.78875,"0,7",38,1,"19,1345","72,84","142,3645","7,4402","144,5313"
2026 02 20 11:40:27:120,-3.9675,-6.70125,"0,7",38,1,"19,1345","72,84","142,3645","7,4402","132,8125"
2026 02 20 11:40:27:122,-3.9334,-6.78875,"0,7",38,1,"19,1345","72,84","142,3645","7,4402","140,625"
2026 02 20 11:40:27:124,-3.9675,-6.70125,"0,7",38,1,"19,1345","72,84","142,3645","7,4402","113,2813"
2026 02 20 11:40:27:126,-3.9985,-6.78875,"0,7",38,1,"19,1345","72,84","142,3645","7,4402","105,4688"
2026 02 20 11:40:27:128,-3.9334,-6.78875,"0,7",38,1,"19,1345","72,84","142,3645","7,4402","101,5625"
2026 02 20 11:40:27:130,-3.9675,-6.78875,"0,7",38,1,"19,1345","72,84","142,3645","7,4402","85,9375"
2026 02 20 11:40:27:132,-3.9334,-6.70125,"0,7",38,1,"19,1345","72,84","142,3645","7,4402","117,1875"
2026 02 20 11:40:27:134,-3.9675,-6.87625,"0,7",38,1,"19,1345","72,84","142,3645","7,4402","93,75"
2026 02 20 11:40:27:136,-3.9675,-6.78875,"0,7",38,1,"19,1345","72,84","142,3645","7,4402","101,5625"
2026 02 20 11:40:27:138,-3.9334,-6.78875,"0,7",38,1,"19,1345","72,84","142,3645","7,4402","148,4375"
2026 02 20 11:40:27:140,-3.9675,-6.78875,"0,7",38,1,"19,1345","72,84","142,3645","7,4402","117,1875"
2026 02 20 11:40:27:142,-3.9675,-6.78875,"0,7",38,1,"19,1345","72,84","142,3645","7,4402","140,625"
2026 02 20 11:40:27:144,-3.9675,-6.78875,"0,7",38,1,"19,1345","72,84","142,3645","7,4402","113,2813"
2026 02 20 11:40:27:146,-3.9675,-6.87625,"0,7",38,1,"19,1345","72,84","142,3645","7,4402","97,6563"
2026 02 20 11:40:27:148,-3.9334,-6.78875,"0,7",38,1,"19,1345","72,84","142,3645","7,4402","152,3438"
2026 02 20 11:40:27:150,-3.9334,-6.78875,"0,7",38,1,"19,1345","72,84","142,3645","7,4402","121,0938"
2026 02 20 11:40:27:152,-3.9985,-6.87625,"0,7",38,1,"19,1345","72,84","142,3645","7,4402","136,7188"
2026 02 20 11:40:27:154,-3.9985,-6.70125,"0,827",44,1,"21,3928","57,5984","166,9006","7,8017","101,5625"
2026 02 20 11:40:27:156,-3.9675,-6.78875,"0,827",44,1,"21,3928","57,5984","166,9006","7,8017","117,1875"
2026 02 20 11:40:27:158,-3.9985,-6.87625,"0,827",44,1,"21,3928","57,5984","166,9006","7,8017","128,9063"
2026 02 20 11:40:27:160,-3.9675,-6.78875,"0,827",44,1,"21,3928","57,5984","166,9006","7,8017","109,375"
2026 02 20 11:40:27:162,-3.9675,-6.78875,"0,827",44,1,"21,3928","57,5984","166,9006","7,8017",125
2026 02 20 11:40:27:164,-3.9675,-6.78875,"0,827",44,1,"21,3928","57,5984","166,9006","7,8017","113,2813"
2026 02 20 11:40:27:166,-3.9675,-6.78875,"0,827",44,1,"21,3928","57,5984","166,9006","7,8017","132,8125"
2026 02 20 11:40:27:168,-3.9675,-6.78875,"0,827",44,1,"21,3928","57,5984","166,9006","7,8017","89,8438"
2026 02 20 11:40:27:170,-3.9985,-6.70125,"0,827",44,1,"21,3928","57,5984","166,9006","7,8017","128,9063"
2026 02 20 11:40:27:172,-3.9334,-6.70125,"0,827",44,1,"21,3928","57,5984","166,9006","7,8017","175,7813"
2026 02 20 11:40:27:174,-3.9675,-6.78875,"0,827",44,1,"21,3928","57,5984","166,9006","7,8017","164,0625"
2026 02 20 11:40:27:176,-3.9675,-6.70125,"0,827",44,1,"21,3928","57,5984","166,9006","7,8017","152,3438"
2026 02 20 11:40:27:178,-3.9675,-6.78875,"0,827",44,1,"21,3928","57,5984","166,9006","7,8017","164,0625"
2026 02 20 11:40:27:180,-3.9675,-6.87625,"0,827",44,1,"21,3928","57,5984","166,9006","7,8017","179,6875"
2026 02 20 11:40:27:182,-3.9675,-6.70125,"0,827",44,1,"21,3928","57,5984","166,9006","7,8017","152,3438"
2026 02 20 11:40:27:184,-3.9675,-6.78875,"0,827",44,1,"21,3928","57,5984","166,9006","7,8017","140,625"
2026 02 20 11:40:27:186,-3.9675,-6.78875,"0,827",44,1,"21,3928","57,5984","166,9006","7,8017","113,2813"
2026 02 20 11:40:27:188,-3.9675,-6.78875,"0,827",44,1,"21,3928","57,5984","166,9006","7,8017","101,5625"
2026 02 20 11:40:27:190,-3.9675,-6.78875,"0,827",44,1,"21,3928","57,5984","166,9006","7,8017","105,4688"
2026 02 20 11:40:27:192,-3.9675,-6.78875,"0,827",44,1,"21,3928","57,5984","166,9006","7,8017","140,625"
2026 02 20 11:40:27:194,-3.9334,-6.78875,"0,827",44,1,"21,3928","57,5984","166,9006","7,8017","156,25"
2026 02 20 11:40:27:196,-3.9675,-6.78875,"0,827",44,1,"21,3928","57,5984","166,9006","7,8017","144,5313"
2026 02 20 11:40:27:198,-3.9675,-6.70125,"0,827",44,1,"21,3928","57,5984","166,9006","7,8017","164,0625"
2026 02 20 11:40:27:200,-3.9675,-6.78875,"0,827",44,1,"21,3928","57,5984","166,9006","7,8017","226,5625"
2026 02 20 11:40:27:202,-3.9675,-6.78875,"0,827",44,1,"21,3928","57,5984","166,9006","7,8017","164,0625"
2026 02 20 11:40:27:204,-3.9675,-6.78875,"0,827",44,1,"21,3928","57,5984","166,9006","7,8017","164,0625"
2026 02 20 11:40:27:206,-3.9675,-6.78875,"0,827",44,1,"21,3928","57,5984","166,9006","7,8017","156,25"
2026 02 20 11:40:27:208,-3.9675,-6.78875,"0,827",44,1,"21,3928","57,5984","166,9006","7,8017","109,375"
2026 02 20 11:40:27:210,-3.9985,-6.70125,"0,827",44,1,"21,3928","57,5984","166,9006","7,8017","128,9063"
2026 02 20 11:40:27:212,-3.9675,-6.70125,"0,827",44,1,"21,3928","57,5984","166,9006","7,8017","121,0938"
2026 02 20 11:40:27:214,-3.9334,-6.78875,"0,827",44,1,"21,3928","57,5984","166,9006","7,8017","121,0938"
2026 02 20 11:40:27:216,-3.9675,-6.70125,"0,827",44,1,"21,3928","57,5984","166,9006","7,8017","109,375"
2026 02 20 11:40:27:218,-3.9334,-6.70125,"0,827",44,1,"21,3928","57,5984","166,9006","7,8017","117,1875"
2026 02 20 11:40:27:220,-3.9675,-6.78875,"0,827",44,1,"21,3928","57,5984","166,9006","7,8017","183,5938"
2026 02 20 11:40:27:222,-3.9985,-6.70125,"0,827",44,1,"21,3928","57,5984","166,9006","7,8017","156,25"
2026 02 20 11:40:27:224,-3.9675,-6.70125,"0,827",44,1,"21,3928","57,5984","166,9006","7,8017","152,3438"
2026 02 20 11:40:27:226,-3.9675,-6.78875,"0,827",44,1,"21,3928","57,5984","166,9006","7,8017","203,125"
2026 02 20 11:40:27:228,-3.9675,-6.78875,"0,827",44,1,"21,3928","57,5984","166,9006","7,8017","171,875"
2026 02 20 11:40:27:230,-3.9675,-6.78875,"0,827",44,1,"21,3928","57,5984","166,9006","7,8017","167,9688"
2026 02 20 11:40:27:232,-3.9675,-6.70125,"0,827",44,1,"21,3928","57,5984","166,9006","7,8017","195,3125"
2026 02 20 11:40:27:234,-3.9675,-6.78875,"0,827",44,1,"21,3928","57,5984","166,9006","7,8017","152,3438"
2026 02 20 11:40:27:236,-3.9334,-6.70125,"0,827",44,1,"21,3928","57,5984","166,9006","7,8017","121,0938"
2026 02 20 11:40:27:238,-3.9675,-6.70125,"0,827",44,1,"21,3928","57,5984","166,9006","7,8017",125
2026 02 20 11:40:27:240,-3.9675,-6.70125,"0,827",44,1,"21,3928","57,5984","166,9006","7,8017","144,5313"
2026 02 20 11:40:27:242,-3.9675,-6.78875,"0,827",44,1,"21,3928","57,5984","166,9006","7,8017","132,8125"
2026 02 20 11:40:27:244,-3.9985,-6.78875,"0,827",44,1,"21,3928","57,5984","166,9006","7,8017","101,5625"
2026 02 20 11:40:27:246,-3.9675,-6.78875,"0,827",44,1,"21,3928","57,5984","166,9006","7,8017","160,1563"
2026 02 20 11:40:27:248,-3.9675,-6.78875,"0,827",44,1,"21,3928","57,5984","166,9006","7,8017","191,4063"
2026 02 20 11:40:27:250,-3.9334,-6.78875,"0,827",44,1,"21,3928","57,5984","166,9006","7,8017","179,6875"
2026 02 20 11:40:27:252,-3.9675,-6.78875,"0,827",44,1,"21,3928","57,5984","166,9006","7,8017","218,75"
2026 02 20 11:40:27:254,-3.9675,-6.70125,"0,827",44,1,"21,3928","57,5984","166,9006","7,8017","230,4688"
2026 02 20 11:40:27:256,-3.9334,-6.78875,"0,827",44,1,"21,3928","57,5984","166,9006","7,8017","199,2188"
2026 02 20 11:40:27:258,-3.9675,-6.78875,"0,827",44,1,"21,3928","57,5984","166,9006","7,8017","183,5938"
2026 02 20 11:40:27:260,-3.9675,-6.78875,"0,827",44,1,"21,3928","57,5984","166,9006","7,8017","214,8438"
2026 02 20 11:40:27:262,-3.9675,-6.78875,"0,827",44,1,"21,3928","57,5984","166,9006","7,8017","144,5313"
2026 02 20 11:40:27:264,-3.9675,-6.70125,"0,827",44,1,"21,3928","57,5984","166,9006","7,8017","140,625"
2026 02 20 11:40:27:266,-3.9675,-6.70125,"0,827",44,1,"21,3928","57,5984","166,9006","7,8017","109,375"
2026 02 20 11:40:27:268,-3.9675,-6.78875,"0,827",44,1,"21,3928","57,5984","166,9006","7,8017","132,8125"
2026 02 20 11:40:27:270,-3.9675,-6.70125,"0,827",44,1,"21,3928","57,5984","166,9006","7,8017","160,1563"
2026 02 20 11:40:27:272,-3.9675,-6.78875,"0,827",44,1,"21,3928","57,5984","166,9006","7,8017","136,7188"
2026 02 20 11:40:27:274,-3.9675,-6.78875,"0,827",44,1,"21,3928","57,5984","166,9006","7,8017","238,2813"
2026 02 20 11:40:27:276,-3.9675,-6.70125,"0,827",44,1,"21,3928","57,5984","166,9006","7,8017","207,0313"
2026 02 20 11:40:27:278,-3.9675,-6.78875,"0,827",44,1,"21,3928","57,5984","166,9006","7,8017","199,2188"
2026 02 20 11:40:27:280,-3.9334,-6.78875,"0,827",44,1,"21,3928","57,5984","166,9006","7,8017","277,3438"
2026 02 20 11:40:27:282,-3.9675,-6.78875,"0,827",44,1,"21,3928","57,5984","166,9006","7,8017","230,4688"
2026 02 20 11:40:27:284,-3.9675,-6.70125,"0,827",44,1,"21,3928","57,5984","166,9006","7,8017","164,0625"
2026 02 20 11:40:27:286,-3.9675,-6.70125,"0,827",44,1,"21,3928","57,5984","166,9006","7,8017","199,2188"
2026 02 20 11:40:27:288,-3.9985,-6.78875,"0,827",44,1,"21,3928","57,5984","166,9006","7,8017","148,4375"
2026 02 20 11:40:27:290,-3.9985,-6.70125,"0,827",44,1,"21,3928","57,5984","166,9006","7,8017","128,9063"
2026 02 20 11:40:27:292,-3.9675,-6.78875,"0,827",44,1,"21,3928","57,5984","166,9006","7,8017","148,4375"
2026 02 20 11:40:27:294,-3.9985,-6.78875,"0,827",44,1,"21,3928","57,5984","166,9006","7,8017","136,7188"
2026 02 20 11:40:27:296,-3.9675,-6.78875,"0,827",44,1,"21,3928","57,5984","166,9006","7,8017","152,3438"
2026 02 20 11:40:27:298,-3.9675,-6.78875,"0,827",44,1,"21,3928","57,5984","166,9006","7,8017","152,3438"
2026 02 20 11:40:27:300,-3.9675,-6.78875,"0,827",44,1,"21,3928","57,5984","166,9006","7,8017","199,2188"
2026 02 20 11:40:27:302,-3.9675,-6.78875,"0,827",44,1,"21,3928","57,5984","166,9006","7,8017","234,375"
2026 02 20 11:40:27:304,-3.9675,-6.70125,"0,827",44,1,"21,3928","57,5984","166,9006","7,8017","210,9375"
2026 02 20 11:40:27:306,-3.9985,-6.78875,"0,827",44,1,"21,3928","57,5984","166,9006","7,8017","191,4063"
2026 02 20 11:40:27:308,-3.9985,-6.70125,"0,827",44,1,"21,3928","57,5984","166,9006","7,8017","257,8125"
2026 02 20 11:40:27:310,-3.9985,-6.78875,"0,827",44,1,"21,3928","57,5984","166,9006","7,8017","183,5938"
2026 02 20 11:40:27:312,-3.9985,-6.78875,"0,827",44,1,"21,3928","57,5984","166,9006","7,8017","191,4063"
2026 02 20 11:40:27:314,-3.9675,-6.78875,"0,827",44,1,"21,3928","57,5984","166,9006","7,8017","187,5"
2026 02 20 11:40:27:316,-3.9334,-6.78875,"0,827",44,1,"21,3928","57,5984","166,9006","7,8017","140,625"
2026 02 20 11:40:27:318,-3.9675,-6.78875,"0,827",44,1,"21,3928","57,5984","166,9006","7,8017","175,7813"
2026 02 20 11:40:27:320,-3.9985,-6.78875,"0,827",44,1,"21,3928","57,5984","166,9006","7,8017","171,875"
2026 02 20 11:40:27:322,-3.9675,-6.78875,"0,827",44,1,"21,3928","57,5984","166,9006","7,8017","183,5938"
2026 02 20 11:40:27:324,-3.9675,-6.70125,"0,827",44,1,"21,3928","57,5984","166,9006","7,8017","187,5"
2026 02 20 11:40:27:326,-3.9985,-6.78875,"0,827",44,1,"21,3928","57,5984","166,9006","7,8017","175,7813"
2026 02 20 11:40:27:328,-3.9675,-6.78875,"0,827",44,1,"21,3928","57,5984","166,9006","7,8017","234,375"
2026 02 20 11:40:27:330,-3.9334,-6.70125,"0,827",44,1,"21,3928","57,5984","166,9006","7,8017","230,4688"
2026 02 20 11:40:27:332,-3.9675,-6.70125,"0,827",44,1,"21,3928","57,5984","166,9006","7,8017","218,75"
2026 02 20 11:40:27:334,-3.9334,-6.70125,"0,827",44,1,"21,3928","57,5984","166,9006","7,8017","277,3438"
2026 02 20 11:40:27:336,-3.9675,-6.78875,"0,827",44,1,"21,3928","57,5984","166,9006","7,8017","257,8125"
2026 02 20 11:40:27:338,-3.9334,-6.78875,"0,827",44,1,"21,3928","57,5984","166,9006","7,8017","195,3125"
2026 02 20 11:40:27:340,-3.9675,-6.78875,"0,827",44,1,"21,3928","57,5984","166,9006","7,8017","222,6563"
2026 02 20 11:40:27:342,-3.9675,-6.78875,"0,827",44,1,"21,3928","57,5984","166,9006","7,8017","183,5938"
2026 02 20 11:40:27:344,-3.9675,-6.78875,"0,827",44,1,"21,3928","57,5984","166,9006","7,8017","160,1563"
2026 02 20 11:40:27:346,-3.9675,-6.78875,"0,827",44,1,"21,3928","57,5984","166,9006","7,8017","156,25"
2026 02 20 11:40:27:348,-3.9675,-6.78875,"0,827",44,1,"21,3928","57,5984","166,9006","7,8017","152,3438"
2026 02 20 11:40:27:350,-3.9675,-6.70125,"0,827",44,1,"21,3928","57,5984","166,9006","7,8017","191,4063"
2026 02 20 11:40:27:352,-3.9675,-6.78875,"0,827",44,1,"21,3928","57,5984","166,9006","7,8017","179,6875"
2026 02 20 11:40:27:354,-3.9985,-6.78875,"0,827",44,1,"21,3928","57,5984","166,9006","7,8017","222,6563"
2026 02 20 11:40:27:356,-3.9675,-6.78875,"0,827",44,1,"21,3928","57,5984","166,9006","7,8017","257,8125"
2026 02 20 11:40:27:358,-3.9985,-6.78875,"0,827",44,1,"21,3928","57,5984","166,9006","7,8017","199,2188"
2026 02 20 11:40:27:360,-3.9675,-6.70125,"0,827",44,1,"21,3928","57,5984","166,9006","7,8017","285,1563"
2026 02 20 11:40:27:362,-3.9985,-6.78875,"0,827",44,1,"21,3928","57,5984","166,9006","7,8017","281,25"
2026 02 20 11:40:27:364,-3.9675,-6.78875,"0,827",44,1,"21,3928","57,5984","166,9006","7,8017","195,3125"
2026 02 20 11:40:27:366,-3.9675,-6.78875,"0,827",44,1,"21,3928","57,5984","166,9006","7,8017","207,0313"
2026 02 20 11:40:27:368,-3.9675,-6.78875,"0,827",44,1,"21,3928","57,5984","166,9006","7,8017","214,8438"
2026 02 20 11:40:27:370,-3.9675,-6.70125,"0,827",44,1,"21,3928","57,5984","166,9006","7,8017","144,5313"
2026 02 20 11:40:27:372,-3.9334,-6.78875,"0,827",44,1,"21,3928","57,5984","166,9006","7,8017","175,7813"
2026 02 20 11:40:27:374,-3.9334,-6.70125,"0,827",44,1,"21,3928","57,5984","166,9006","7,8017","152,3438"
2026 02 20 11:40:27:376,-3.9675,-6.70125,"0,827",44,1,"21,3928","57,5984","166,9006","7,8017","183,5938"
2026 02 20 11:40:27:378,-3.9985,-6.78875,"0,827",44,1,"21,3928","57,5984","166,9006","7,8017","179,6875"
2026 02 20 11:40:27:380,-3.9334,-6.78875,"0,827",44,1,"21,3928","57,5984","166,9006","7,8017","203,125"
2026 02 20 11:40:27:382,-3.9985,-6.78875,"0,827",44,1,"21,3928","57,5984","166,9006","7,8017","308,5938"
2026 02 20 11:40:27:384,-3.9334,-6.78875,"0,827",44,1,"21,3928","57,5984","166,9006","7,8017","238,2813"
2026 02 20 11:40:27:386,-3.9675,-6.78875,"0,827",44,1,"21,3928","57,5984","166,9006","7,8017","203,125"
2026 02 20 11:40:27:388,-3.9675,-6.70125,"0,827",44,1,"21,3928","57,5984","166,9006","7,8017","285,1563"
2026 02 20 11:40:27:390,-3.9675,-6.78875,"0,827",44,1,"21,3928","57,5984","166,9006","7,8017",250
2026 02 20 11:40:27:392,-3.9675,-6.70125,"0,827",44,1,"21,3928","57,5984","166,9006","7,8017","214,8438"
2026 02 20 11:40:27:394,-3.9675,-6.78875,"0,827",44,1,"21,3928","57,5984","166,9006","7,8017","257,8125"
2026 02 20 11:40:27:396,-3.9675,-6.78875,"0,827",44,1,"21,3928","57,5984","166,9006","7,8017","222,6563"
2026 02 20 11:40:27:398,-3.9334,-6.78875,"0,827",44,1,"21,3928","57,5984","166,9006","7,8017","195,3125"
2026 02 20 11:40:27:400,-3.9675,-6.78875,"0,827",44,1,"21,3928","57,5984","166,9006","7,8017","207,0313"
2026 02 20 11:40:27:402,-3.9675,-6.70125,"0,827",44,1,"21,3928","57,5984","166,9006","7,8017","218,75"
2026 02 20 11:40:27:404,-3.9334,-6.78875,"0,827",44,1,"21,3928","57,5984","166,9006","7,8017","214,8438"
2026 02 20 11:40:27:406,-3.9675,-6.78875,"0,827",44,1,"21,3928","57,5984","166,9006","7,8017","187,5"
2026 02 20 11:40:27:408,-3.9675,-6.70125,"0,827",44,1,"21,3928","57,5984","166,9006","7,8017","238,2813"
2026 02 20 11:40:27:410,-3.9334,-6.78875,"0,827",44,1,"21,3928","57,5984","166,9006","7,8017","273,4375"
2026 02 20 11:40:27:412,-3.9675,-6.78875,"0,827",44,1,"21,3928","57,5984","166,9006","7,8017","230,4688"
2026 02 20 11:40:27:414,-3.9675,-6.78875,"0,827",44,1,"21,3928","57,5984","166,9006","7,8017","273,4375"
2026 02 20 11:40:27:416,-3.9334,-6.78875,"0,827",44,1,"21,3928","57,5984","166,9006","7,8017","312,5"
2026 02 20 11:40:27:418,-3.9675,-6.70125,"0,827",44,1,"21,3928","57,5984","166,9006","7,8017","230,4688"
2026 02 20 11:40:27:420,-3.9675,-6.70125,"0,827",44,1,"21,3928","57,5984","166,9006","7,8017","253,9063"
2026 02 20 11:40:27:422,-3.9675,-6.70125,"0,827",44,1,"21,3928","57,5984","166,9006","7,8017","214,8438"
2026 02 20 11:40:27:424,-3.9675,-6.70125,"0,827",44,1,"21,3928","57,5984","166,9006","7,8017","210,9375"
2026 02 20 11:40:27:426,-3.9675,-6.78875,"0,827",44,1,"21,3928","57,5984","166,9006","7,8017","179,6875"
2026 02 20 11:40:27:428,-3.9675,-6.70125,"0,827",44,1,"21,3928","57,5984","166,9006","7,8017","167,9688"
2026 02 20 11:40:27:430,-3.9334,-6.78875,"0,827",44,1,"21,3928","57,5984","166,9006","7,8017","234,375"
2026 02 20 11:40:27:432,-3.9675,-6.78875,"0,827",44,1,"21,3928","57,5984","166,9006","7,8017","207,0313"
2026 02 20 11:40:27:434,-3.9334,-6.78875,"0,827",44,1,"21,3928","57,5984","166,9006","7,8017","238,2813"
2026 02 20 11:40:27:436,-3.9675,-6.70125,"0,827",44,1,"21,3928","57,5984","166,9006","7,8017","281,25"
2026 02 20 11:40:27:438,-3.9675,-6.78875,"0,827",44,1,"21,3928","57,5984","166,9006","7,8017","242,1875"
2026 02 20 11:40:27:440,-3.9675,-6.78875,"0,827",44,1,"21,3928","57,5984","166,9006","7,8017","269,5313"
2026 02 20 11:40:27:442,-3.9675,-6.70125,"0,827",44,1,"21,3928","57,5984","166,9006","7,8017","328,125"
2026 02 20 11:40:27:444,-3.9675,-6.70125,"0,827",44,1,"21,3928","57,5984","166,9006","7,8017","269,5313"
2026 02 20 11:40:27:446,-3.9675,-6.78875,"0,827",44,1,"21,3928","57,5984","166,9006","7,8017","230,4688"
2026 02 20 11:40:27:448,-3.9675,-6.78875,"0,827",44,1,"21,3928","57,5984","166,9006","7,8017","246,0938"
2026 02 20 11:40:27:450,-3.9334,-6.78875,"0,827",44,1,"21,3928","57,5984","166,9006","7,8017","218,75"
2026 02 20 11:40:27:452,-3.9675,-6.78875,"0,827",44,1,"21,3928","57,5984","166,9006","7,8017","214,8438"
2026 02 20 11:40:27:454,-3.9675,-6.78875,"0,89",31,1,"19,9127","70,0666","198,8525","9,9862","191,4063"
2026 02 20 11:40:27:456,-3.9675,-6.78875,"0,89",31,1,"19,9127","70,0666","198,8525","9,9862","199,2188"
2026 02 20 11:40:27:458,-3.9675,-6.87625,"0,89",31,1,"19,9127","70,0666","198,8525","9,9862","238,2813"
2026 02 20 11:40:27:460,-3.9675,-6.78875,"0,89",31,1,"19,9127","70,0666","198,8525","9,9862","226,5625"
2026 02 20 11:40:27:462,-3.9675,-6.70125,"0,89",31,1,"19,9127","70,0666","198,8525","9,9862","273,4375"
2026 02 20 11:40:27:464,-3.9675,-6.70125,"0,89",31,1,"19,9127","70,0666","198,8525","9,9862","289,0625"
2026 02 20 11:40:27:466,-3.9985,-6.78875,"0,89",31,1,"19,9127","70,0666","198,8525","9,9862","222,6563"
2026 02 20 11:40:27:468,-3.9985,-6.78875,"0,89",31,1,"19,9127","70,0666","198,8525","9,9862","304,6875"
2026 02 20 11:40:27:470,-3.9334,-6.87625,"0,89",31,1,"19,9127","70,0666","198,8525","9,9862","312,5"
2026 02 20 11:40:27:472,-3.9985,-6.78875,"0,89",31,1,"19,9127","70,0666","198,8525","9,9862","273,4375"
2026 02 20 11:40:27:474,-3.9675,-6.70125,"0,89",31,1,"19,9127","70,0666","198,8525","9,9862","257,8125"
2026 02 20 11:40:27:476,-3.9675,-6.78875,"0,89",31,1,"19,9127","70,0666","198,8525","9,9862","253,9063"
2026 02 20 11:40:27:478,-3.9675,-6.78875,"0,89",31,1,"19,9127","70,0666","198,8525","9,9862","214,8438"
2026 02 20 11:40:27:480,-3.9985,-6.78875,"0,89",31,1,"19,9127","70,0666","198,8525","9,9862",250
2026 02 20 11:40:27:482,-3.9675,-6.78875,"0,89",31,1,"19,9127","70,0666","198,8525","9,9862","207,0313"
2026 02 20 11:40:27:484,-3.9675,-6.78875,"0,89",31,1,"19,9127","70,0666","198,8525","9,9862","214,8438"
2026 02 20 11:40:27:486,-3.9985,-6.78875,"0,89",31,1,"19,9127","70,0666","198,8525","9,9862","175,7813"
2026 02 20 11:40:27:488,-3.9675,-6.78875,"0,89",31,1,"19,9127","70,0666","198,8525","9,9862","207,0313"
2026 02 20 11:40:27:490,-3.9985,-6.78875,"0,89",31,1,"19,9127","70,0666","198,8525","9,9862","332,0313"
2026 02 20 11:40:27:492,-3.9675,-6.78875,"0,89",31,1,"19,9127","70,0666","198,8525","9,9862","304,6875"
2026 02 20 11:40:27:494,-3.9334,-6.78875,"0,89",31,1,"19,9127","70,0666","198,8525","9,9862","261,7188"
2026 02 20 11:40:27:496,-3.9675,-6.70125,"0,89",31,1,"19,9127","70,0666","198,8525","9,9862","351,5625"
2026 02 20 11:40:27:498,-3.9675,-6.70125,"0,89",31,1,"19,9127","70,0666","198,8525","9,9862","296,875"
2026 02 20 11:40:27:500,-3.9675,-6.78875,"0,89",31,1,"19,9127","70,0666","198,8525","9,9862","285,1563"
2026 02 20 11:40:27:502,-3.9675,-6.78875,"0,89",31,1,"19,9127","70,0666","198,8525","9,9862","246,0938"
2026 02 20 11:40:27:504,-3.9985,-6.78875,"0,89",31,1,"19,9127","70,0666","198,8525","9,9862","222,6563"
2026 02 20 11:40:27:506,-3.9675,-6.78875,"0,89",31,1,"19,9127","70,0666","198,8525","9,9862","214,8438"
2026 02 20 11:40:27:508,-3.9675,-6.78875,"0,89",31,1,"19,9127","70,0666","198,8525","9,9862","171,875"
2026 02 20 11:40:27:510,-3.9675,-6.70125,"0,89",31,1,"19,9127","70,0666","198,8525","9,9862","226,5625"
2026 02 20 11:40:27:512,-3.9675,-6.78875,"0,89",31,1,"19,9127","70,0666","198,8525","9,9862","261,7188"
2026 02 20 11:40:27:514,-3.9334,-6.78875,"0,89",31,1,"19,9127","70,0666","198,8525","9,9862","214,8438"
2026 02 20 11:40:27:516,-3.9334,-6.78875,"0,89",31,1,"19,9127","70,0666","198,8525","9,9862","285,1563"
2026 02 20 11:40:27:518,-3.9675,-6.87625,"0,89",31,1,"19,9127","70,0666","198,8525","9,9862","308,5938"
2026 02 20 11:40:27:520,-3.9675,-6.78875,"0,89",31,1,"19,9127","70,0666","198,8525","9,9862","316,4063"
2026 02 20 11:40:27:522,-3.9675,-6.70125,"0,89",31,1,"19,9127","70,0666","198,8525","9,9862","328,125"
2026 02 20 11:40:27:524,-3.9675,-6.78875,"0,89",31,1,"19,9127","70,0666","198,8525","9,9862","316,4063"
2026 02 20 11:40:27:526,-3.9334,-6.70125,"0,89",31,1,"19,9127","70,0666","198,8525","9,9862","253,9063"
2026 02 20 11:40:27:528,-3.9675,-6.78875,"0,89",31,1,"19,9127","70,0666","198,8525","9,9862","238,2813"
2026 02 20 11:40:27:530,-3.9675,-6.78875,"0,89",31,1,"19,9127","70,0666","198,8525","9,9862","230,4688"
2026 02 20 11:40:27:532,-3.9675,-6.78875,"0,89",31,1,"19,9127","70,0666","198,8525","9,9862","253,9063"
2026 02 20 11:40:27:534,-3.9334,-6.61375,"0,89",31,1,"19,9127","70,0666","198,8525","9,9862","242,1875"
2026 02 20 11:40:27:536,-3.9675,-6.78875,"0,89",31,1,"19,9127","70,0666","198,8525","9,9862","199,2188"
2026 02 20 11:40:27:538,-3.9675,-6.78875,"0,89",31,1,"19,9127","70,0666","198,8525","9,9862","269,5313"
2026 02 20 11:40:27:540,-3.9675,-6.78875,"0,89",31,1,"19,9127","70,0666","198,8525","9,9862","285,1563"
2026 02 20 11:40:27:542,-3.9675,-6.78875,"0,89",31,1,"19,9127","70,0666","198,8525","9,9862","265,625"
2026 02 20 11:40:27:544,-3.9675,-6.78875,"0,89",31,1,"19,9127","70,0666","198,8525","9,9862","308,5938"
2026 02 20 11:40:27:546,-3.9985,-6.70125,"0,89",31,1,"19,9127","70,0666","198,8525","9,9862","304,6875"
2026 02 20 11:40:27:548,-3.9985,-6.70125,"0,89",31,1,"19,9127","70,0666","198,8525","9,9862","292,9688"
2026 02 20 11:40:27:550,-3.9675,-6.78875,"0,89",31,1,"19,9127","70,0666","198,8525","9,9862","335,9375"
2026 02 20 11:40:27:552,-3.9675,-6.78875,"0,89",31,1,"19,9127","70,0666","198,8525","9,9862","308,5938"
2026 02 20 11:40:27:554,-3.9675,-6.78875,"0,89",31,1,"19,9127","70,0666","198,8525","9,9862","281,25"
2026 02 20 11:40:27:556,-3.9675,-6.78875,"0,89",31,1,"19,9127","70,0666","198,8525","9,9862","277,3438"
2026 02 20 11:40:27:558,-3.9675,-6.78875,"0,89",31,1,"19,9127","70,0666","198,8525","9,9862","257,8125"
2026 02 20 11:40:27:560,-3.9675,-6.78875,"0,89",31,1,"19,9127","70,0666","198,8525","9,9862","273,4375"
2026 02 20 11:40:27:562,-3.9675,-6.70125,"0,89",31,1,"19,9127","70,0666","198,8525","9,9862","234,375"
2026 02 20 11:40:27:564,-3.9675,-6.70125,"0,89",31,1,"19,9127","70,0666","198,8525","9,9862","261,7188"
2026 02 20 11:40:27:566,-3.9334,-6.70125,"0,89",31,1,"19,9127","70,0666","198,8525","9,9862","265,625"
2026 02 20 11:40:27:568,-3.9334,-6.78875,"0,89",31,1,"19,9127","70,0666","198,8525","9,9862","246,0938"
2026 02 20 11:40:27:570,-3.9675,-6.78875,"0,89",31,1,"19,9127","70,0666","198,8525","9,9862","320,3125"
2026 02 20 11:40:27:572,-3.9675,-6.78875,"0,89",31,1,"19,9127","70,0666","198,8525","9,9862","312,5"
2026 02 20 11:40:27:574,-3.9675,-6.78875,"0,89",31,1,"19,9127","70,0666","198,8525","9,9862","292,9688"
2026 02 20 11:40:27:576,-3.9334,-6.78875,"0,89",31,1,"19,9127","70,0666","198,8525","9,9862","308,5938"
2026 02 20 11:40:27:578,-3.9675,-6.78875,"0,89",31,1,"19,9127","70,0666","198,8525","9,9862","316,4063"
2026 02 20 11:40:27:580,-3.9334,-6.78875,"0,89",31,1,"19,9127","70,0666","198,8525","9,9862","312,5"
2026 02 20 11:40:27:582,-3.9675,-6.70125,"0,89",31,1,"19,9127","70,0666","198,8525","9,9862","265,625"
2026 02 20 11:40:27:584,-3.9675,-6.78875,"0,89",31,1,"19,9127","70,0666","198,8525","9,9862","246,0938"
2026 02 20 11:40:27:586,-3.9675,-6.78875,"0,89",31,1,"19,9127","70,0666","198,8525","9,9862","242,1875"
2026 02 20 11:40:27:588,-3.9675,-6.78875,"0,89",31,1,"19,9127","70,0666","198,8525","9,9862","238,2813"
2026 02 20 11:40:27:590,-3.9675,-6.78875,"0,89",31,1,"19,9127","70,0666","198,8525","9,9862","253,9063"
2026 02 20 11:40:27:592,-3.9675,-6.78875,"0,89",31,1,"19,9127","70,0666","198,8525","9,9862","277,3438"
2026 02 20 11:40:27:594,-3.9334,-6.78875,"0,89",31,1,"19,9127","70,0666","198,8525","9,9862","300,7813"
2026 02 20 11:40:27:596,-3.9675,-6.78875,"0,89",31,1,"19,9127","70,0666","198,8525","9,9862","300,7813"
2026 02 20 11:40:27:598,-3.9675,-6.78875,"0,89",31,1,"19,9127","70,0666","198,8525","9,9862","339,8438"
2026 02 20 11:40:27:600,-3.9675,-6.78875,"0,89",31,1,"19,9127","70,0666","198,8525","9,9862","347,6563"
2026 02 20 11:40:27:602,-3.9675,-6.78875,"0,89",31,1,"19,9127","70,0666","198,8525","9,9862","332,0313"
2026 02 20 11:40:27:604,-3.9675,-6.78875,"0,89",31,1,"19,9127","70,0666","198,8525","9,9862","328,125"
2026 02 20 11:40:27:606,-3.9675,-6.78875,"0,89",31,1,"19,9127","70,0666","198,8525","9,9862","296,875"
2026 02 20 11:40:27:608,-3.9675,-6.78875,"0,89",31,1,"19,9127","70,0666","198,8525","9,9862","269,5313"
2026 02 20 11:40:27:610,-3.9675,-6.78875,"0,89",31,1,"19,9127","70,0666","198,8525","9,9862","257,8125"
2026 02 20 11:40:27:612,-3.9675,-6.78875,"0,89",31,1,"19,9127","70,0666","198,8525","9,9862","261,7188"
2026 02 20 11:40:27:614,-3.9985,-6.70125,"0,89",31,1,"19,9127","70,0666","198,8525","9,9862","277,3438"
2026 02 20 11:40:27:616,-3.9675,-6.78875,"0,89",31,1,"19,9127","70,0666","198,8525","9,9862","257,8125"
2026 02 20 11:40:27:618,-3.9334,-6.70125,"0,89",31,1,"19,9127","70,0666","198,8525","9,9862","281,25"
2026 02 20 11:40:27:620,-3.9675,-6.78875,"0,89",31,1,"19,9127","70,0666","198,8525","9,9862","332,0313"
2026 02 20 11:40:27:622,-3.9985,-6.78875,"0,89",31,1,"19,9127","70,0666","198,8525","9,9862","312,5"
2026 02 20 11:40:27:624,-3.9675,-6.70125,"0,89",31,1,"19,9127","70,0666","198,8525","9,9862","324,2188"
2026 02 20 11:40:27:626,-3.9675,-6.70125,"0,89",31,1,"19,9127","70,0666","198,8525","9,9862","328,125"
2026 02 20 11:40:27:628,-3.9675,-6.78875,"0,89",31,1,"19,9127","70,0666","198,8525","9,9862","312,5"
2026 02 20 11:40:27:630,-3.9675,-6.78875,"0,89",31,1,"19,9127","70,0666","198,8525","9,9862","347,6563"
2026 02 20 11:40:27:632,-3.9675,-6.78875,"0,89",31,1,"19,9127","70,0666","198,8525","9,9862","343,75"
2026 02 20 11:40:27:634,-3.9675,-6.78875,"0,89",31,1,"19,9127","70,0666","198,8525","9,9862","312,5"
2026 02 20 11:40:27:636,-3.9675,-6.78875,"0,89",31,1,"19,9127","70,0666","198,8525","9,9862","300,7813"
2026 02 20 11:40:27:638,-3.9675,-6.78875,"0,89",31,1,"19,9127","70,0666","198,8525","9,9862","281,25"
2026 02 20 11:40:27:640,-3.9675,-6.78875,"0,89",31,1,"19,9127","70,0666","198,8525","9,9862","312,5"
2026 02 20 11:40:27:642,-3.9334,-6.87625,"0,89",31,1,"19,9127","70,0666","198,8525","9,9862","281,25"
2026 02 20 11:40:27:644,-3.9675,-6.70125,"0,89",31,1,"19,9127","70,0666","198,8525","9,9862","269,5313"
2026 02 20 11:40:27:646,-3.9985,-6.78875,"0,89",31,1,"19,9127","70,0666","198,8525","9,9862","292,9688"
2026 02 20 11:40:27:648,-3.9675,-6.78875,"0,89",31,1,"19,9127","70,0666","198,8525","9,9862","289,0625"
2026 02 20 11:40:27:650,-3.9675,-6.78875,"0,89",31,1,"19,9127","70,0666","198,8525","9,9862","320,3125"
2026 02 20 11:40:27:652,-3.9675,-6.78875,"0,89",31,1,"19,9127","70,0666","198,8525","9,9862","343,75"
2026 02 20 11:40:27:654,-3.9675,-6.70125,"0,89",31,1,"19,9127","70,0666","198,8525","9,9862","320,3125"
2026 02 20 11:40:27:656,-3.9985,-6.70125,"0,89",31,1,"19,9127","70,0666","198,8525","9,9862","316,4063"
2026 02 20 11:40:27:658,-3.9334,-6.70125,"0,89",31,1,"19,9127","70,0666","198,8525","9,9862","339,8438"
2026 02 20 11:40:27:660,-3.9675,-6.70125,"0,89",31,1,"19,9127","70,0666","198,8525","9,9862","367,1875"
2026 02 20 11:40:27:662,-3.9675,-6.70125,"0,89",31,1,"19,9127","70,0666","198,8525","9,9862","296,875"
2026 02 20 11:40:27:664,-3.9675,-6.70125,"0,89",31,1,"19,9127","70,0666","198,8525","9,9862","285,1563"
2026 02 20 11:40:27:666,-3.9334,-6.78875,"0,89",31,1,"19,9127","70,0666","198,8525","9,9862","269,5313"
2026 02 20 11:40:27:668,-3.9334,-6.70125,"0,89",31,1,"19,9127","70,0666","198,8525","9,9862","265,625"
2026 02 20 11:40:27:670,-3.9675,-6.70125,"0,89",31,1,"19,9127","70,0666","198,8525","9,9862","273,4375"
2026 02 20 11:40:27:672,-3.9675,-6.70125,"0,89",31,1,"19,9127","70,0666","198,8525","9,9862","289,0625"
2026 02 20 11:40:27:674,-3.9675,-6.78875,"0,89",31,1,"19,9127","70,0666","198,8525","9,9862","312,5"
2026 02 20 11:40:27:676,-3.9675,-6.78875,"0,89",31,1,"19,9127","70,0666","198,8525","9,9862","308,5938"
2026 02 20 11:40:27:678,-3.9675,-6.70125,"0,89",31,1,"19,9127","70,0666","198,8525","9,9862","347,6563"
2026 02 20 11:40:27:680,-3.9675,-6.78875,"0,89",31,1,"19,9127","70,0666","198,8525","9,9862","371,0938"
2026 02 20 11:40:27:682,-3.9675,-6.78875,"0,89",31,1,"19,9127","70,0666","198,8525","9,9862","339,8438"
2026 02 20 11:40:27:684,-3.9675,-6.78875,"0,89",31,1,"19,9127","70,0666","198,8525","9,9862","347,6563"
2026 02 20 11:40:27:686,-3.9675,-6.78875,"0,89",31,1,"19,9127","70,0666","198,8525","9,9862","335,9375"
2026 02 20 11:40:27:688,-3.9675,-6.78875,"0,89",31,1,"19,9127","70,0666","198,8525","9,9862","316,4063"
2026 02 20 11:40:27:690,-3.9675,-6.78875,"0,89",31,1,"19,9127","70,0666","198,8525","9,9862","265,625"
2026 02 20 11:40:27:692,-3.9675,-6.78875,"0,89",31,1,"19,9127","70,0666","198,8525","9,9862","312,5"
2026 02 20 11:40:27:694,-3.9334,-6.78875,"0,89",31,1,"19,9127","70,0666","198,8525","9,9862","308,5938"
2026 02 20 11:40:27:696,-3.9334,-6.70125,"0,89",31,1,"19,9127","70,0666","198,8525","9,9862","292,9688"
2026 02 20 11:40:27:698,-3.9675,-6.78875,"0,89",31,1,"19,9127","70,0666","198,8525","9,9862","292,9688"
2026 02 20 11:40:27:700,-3.9675,-6.78875,"0,89",31,1,"19,9127","70,0666","198,8525","9,9862","320,3125"
2026 02 20 11:40:27:702,-3.9675,-6.70125,"0,89",31,1,"19,9127","70,0666","198,8525","9,9862","339,8438"
2026 02 20 11:40:27:704,-3.9675,-6.78875,"0,89",31,1,"19,9127","70,0666","198,8525","9,9862","320,3125"
2026 02 20 11:40:27:706,-3.9675,-6.78875,"0,89",31,1,"19,9127","70,0666","198,8525","9,9862","347,6563"
2026 02 20 11:40:27:708,-3.9675,-6.78875,"0,89",31,1,"19,9127","70,0666","198,8525","9,9862","335,9375"
2026 02 20 11:40:27:710,-3.9675,-6.70125,"0,89",31,1,"19,9127","70,0666","198,8525","9,9862","316,4063"
2026 02 20 11:40:27:712,-3.9675,-6.70125,"0,89",31,1,"19,9127","70,0666","198,8525","9,9862","351,5625"
2026 02 20 11:40:27:714,-3.9675,-6.70125,"0,89",31,1,"19,9127","70,0666","198,8525","9,9862","355,4688"
2026 02 20 11:40:27:716,-3.9675,-6.78875,"0,89",31,1,"19,9127","70,0666","198,8525","9,9862","320,3125"
2026 02 20 11:40:27:718,-3.9985,-6.78875,"0,89",31,1,"19,9127","70,0666","198,8525","9,9862","292,9688"
2026 02 20 11:40:27:720,-3.9675,-6.78875,"0,89",31,1,"19,9127","70,0666","198,8525","9,9862","339,8438"
2026 02 20 11:40:27:722,-3.9675,-6.78875,"0,89",31,1,"19,9127","70,0666","198,8525","9,9862","339,8438"
2026 02 20 11:40:27:724,-3.9675,-6.78875,"0,89",31,1,"19,9127","70,0666","198,8525","9,9862","273,4375"
2026 02 20 11:40:27:726,-3.9985,-6.78875,"0,89",31,1,"19,9127","70,0666","198,8525","9,9862","285,1563"
2026 02 20 11:40:27:728,-3.9675,-6.78875,"0,89",31,1,"19,9127","70,0666","198,8525","9,9862","304,6875"
2026 02 20 11:40:27:730,-3.9675,-6.78875,"0,89",31,1,"19,9127","70,0666","198,8525","9,9862","328,125"
2026 02 20 11:40:27:732,-3.9675,-6.70125,"0,89",31,1,"19,9127","70,0666","198,8525","9,9862","343,75"
2026 02 20 11:40:27:734,-3.9675,-6.78875,"0,89",31,1,"19,9127","70,0666","198,8525","9,9862",375
2026 02 20 11:40:27:736,-3.9675,-6.70125,"0,89",31,1,"19,9127","70,0666","198,8525","9,9862","343,75"
2026 02 20 11:40:27:738,-3.9675,-6.78875,"0,89",31,1,"19,9127","70,0666","198,8525","9,9862","351,5625"
2026 02 20 11:40:27:740,-3.9675,-6.78875,"0,89",31,1,"19,9127","70,0666","198,8525","9,9862","429,6875"
2026 02 20 11:40:27:742,-3.9675,-6.70125,"0,89",31,1,"19,9127","70,0666","198,8525","9,9862","332,0313"
2026 02 20 11:40:27:744,-3.9675,-6.70125,"0,89",31,1,"19,9127","70,0666","198,8525","9,9862","292,9688"
2026 02 20 11:40:27:746,-3.9675,-6.70125,"0,89",31,1,"19,9127","70,0666","198,8525","9,9862","285,1563"
2026 02 20 11:40:27:748,-3.9985,-6.78875,"0,89",31,1,"19,9127","70,0666","198,8525","9,9862","316,4063"
2026 02 20 11:40:27:750,-3.9675,-6.78875,"0,89",31,1,"19,9127","70,0666","198,8525","9,9862","296,875"
2026 02 20 11:40:27:752,-3.9675,-6.70125,"0,89",31,1,"19,9127","70,0666","198,8525","9,9862","300,7813"
2026 02 20 11:40:27:754,-3.9675,-6.78875,"0,9",32,1,"43,6707","9,9867","207,9468","4,7617","367,1875"
2026 02 20 11:40:27:756,-3.9675,-6.87625,"0,9",32,1,"43,6707","9,9867","207,9468","4,7617","351,5625"
2026 02 20 11:40:27:758,-3.9675,-6.78875,"0,9",32,1,"43,6707","9,9867","207,9468","4,7617","355,4688"
2026 02 20 11:40:27:760,-3.9675,-6.78875,"0,9",32,1,"43,6707","9,9867","207,9468","4,7617","417,9688"
2026 02 20 11:40:27:762,-3.9675,-6.78875,"0,9",32,1,"43,6707","9,9867","207,9468","4,7617","398,4375"
2026 02 20 11:40:27:764,-3.9675,-6.70125,"0,9",32,1,"43,6707","9,9867","207,9468","4,7617","324,2188"
2026 02 20 11:40:27:766,-3.9675,-6.78875,"0,9",32,1,"43,6707","9,9867","207,9468","4,7617","382,8125"
2026 02 20 11:40:27:768,-3.9675,-6.70125,"0,9",32,1,"43,6707","9,9867","207,9468","4,7617","382,8125"
2026 02 20 11:40:27:770,-3.9675,-6.78875,"0,9",32,1,"43,6707","9,9867","207,9468","4,7617","316,4063"
2026 02 20 11:40:27:772,-3.9334,-6.78875,"0,9",32,1,"43,6707","9,9867","207,9468","4,7617","328,125"
2026 02 20 11:40:27:774,-3.9675,-6.78875,"0,9",32,1,"43,6707","9,9867","207,9468","4,7617","339,8438"
2026 02 20 11:40:27:776,-3.9675,-6.70125,"0,9",32,1,"43,6707","9,9867","207,9468","4,7617","335,9375"
2026 02 20 11:40:27:778,-3.9985,-6.78875,"0,9",32,1,"43,6707","9,9867","207,9468","4,7617","292,9688"
2026 02 20 11:40:27:780,-3.9334,-6.78875,"0,9",32,1,"43,6707","9,9867","207,9468","4,7617","359,375"
2026 02 20 11:40:27:782,-3.9675,-6.87625,"0,9",32,1,"43,6707","9,9867","207,9468","4,7617","382,8125"
2026 02 20 11:40:27:784,-3.9675,-6.78875,"0,9",32,1,"43,6707","9,9867","207,9468","4,7617","316,4063"
2026 02 20 11:40:27:786,-3.9675,-6.78875,"0,9",32,1,"43,6707","9,9867","207,9468","4,7617","355,4688"
2026 02 20 11:40:27:788,-3.9334,-6.78875,"0,9",32,1,"43,6707","9,9867","207,9468","4,7617","410,1563"
2026 02 20 11:40:27:790,-3.9985,-6.78875,"0,9",32,1,"43,6707","9,9867","207,9468","4,7617","359,375"
2026 02 20 11:40:27:792,-3.9675,-6.78875,"0,9",32,1,"43,6707","9,9867","207,9468","4,7617","378,9063"
2026 02 20 11:40:27:794,-3.9675,-6.87625,"0,9",32,1,"43,6707","9,9867","207,9468","4,7617","433,5938"
2026 02 20 11:40:27:796,-3.9675,-6.78875,"0,9",32,1,"43,6707","9,9867","207,9468","4,7617","386,7188"
2026 02 20 11:40:27:798,-3.9675,-6.70125,"0,9",32,1,"43,6707","9,9867","207,9468","4,7617","316,4063"
2026 02 20 11:40:27:800,-3.9334,-6.78875,"0,9",32,1,"43,6707","9,9867","207,9468","4,7617","363,2813"
2026 02 20 11:40:27:802,-3.9675,-6.78875,"0,9",32,1,"43,6707","9,9867","207,9468","4,7617","367,1875"
2026 02 20 11:40:27:804,-3.9675,-6.70125,"0,9",32,1,"43,6707","9,9867","207,9468","4,7617","292,9688"
2026 02 20 11:40:27:806,-3.9334,-6.78875,"0,9",32,1,"43,6707","9,9867","207,9468","4,7617","289,0625"
2026 02 20 11:40:27:808,-3.9675,-6.61375,"0,9",32,1,"43,6707","9,9867","207,9468","4,7617","351,5625"
2026 02 20 11:40:27:810,-3.9334,-6.70125,"0,9",32,1,"43,6707","9,9867","207,9468","4,7617","347,6563"
2026 02 20 11:40:27:812,-3.9675,-6.78875,"0,9",32,1,"43,6707","9,9867","207,9468","4,7617","312,5"
2026 02 20 11:40:27:814,-3.9334,-6.70125,"0,9",32,1,"43,6707","9,9867","207,9468","4,7617","417,9688"
2026 02 20 11:40:27:816,-3.9675,-6.78875,"0,9",32,1,"43,6707","9,9867","207,9468","4,7617","402,3438"
2026 02 20 11:40:27:818,-3.9675,-6.78875,"0,9",32,1,"43,6707","9,9867","207,9468","4,7617","347,6563"
2026 02 20 11:40:27:820,-3.9334,-6.70125,"0,9",32,1,"43,6707","9,9867","207,9468","4,7617","421,875"
2026 02 20 11:40:27:822,-3.9675,-6.78875,"0,9",32,1,"43,6707","9,9867","207,9468","4,7617","437,5"
2026 02 20 11:40:27:824,-3.9675,-6.78875,"0,9",32,1,"43,6707","9,9867","207,9468","4,7617","335,9375"
2026 02 20 11:40:27:826,-3.9334,-6.87625,"0,9",32,1,"43,6707","9,9867","207,9468","4,7617","296,875"
2026 02 20 11:40:27:828,-3.9675,-6.70125,"0,9",32,1,"43,6707","9,9867","207,9468","4,7617","347,6563"
2026 02 20 11:40:27:830,-3.9675,-6.78875,"0,9",32,1,"43,6707","9,9867","207,9468","4,7617","343,75"
2026 02 20 11:40:27:832,-3.9675,-6.78875,"0,9",32,1,"43,6707","9,9867","207,9468","4,7617","300,7813"
2026 02 20 11:40:27:834,-3.9675,-6.70125,"0,9",32,1,"43,6707","9,9867","207,9468","4,7617","359,375"
2026 02 20 11:40:27:836,-3.9334,-6.78875,"0,9",32,1,"43,6707","9,9867","207,9468","4,7617","390,625"
2026 02 20 11:40:27:838,-3.9334,-6.78875,"0,9",32,1,"43,6707","9,9867","207,9468","4,7617","339,8438"
2026 02 20 11:40:27:840,-3.9675,-6.70125,"0,9",32,1,"43,6707","9,9867","207,9468","4,7617","394,5313"
2026 02 20 11:40:27:842,-3.9675,-6.78875,"0,9",32,1,"43,6707","9,9867","207,9468","4,7617","457,0313"
2026 02 20 11:40:27:844,-3.9334,-6.78875,"0,9",32,1,"43,6707","9,9867","207,9468","4,7617","351,5625"
2026 02 20 11:40:27:846,-3.9675,-6.78875,"0,9",32,1,"43,6707","9,9867","207,9468","4,7617","351,5625"
2026 02 20 11:40:27:848,-3.9675,-6.70125,"0,9",32,1,"43,6707","9,9867","207,9468","4,7617","417,9688"
2026 02 20 11:40:27:850,-3.9675,-6.78875,"0,9",32,1,"43,6707","9,9867","207,9468","4,7617","371,0938"
2026 02 20 11:40:27:852,-3.9675,-6.87625,"0,9",32,1,"43,6707","9,9867","207,9468","4,7617","324,2188"
2026 02 20 11:40:27:854,-3.9675,-6.78875,"0,9",32,1,"43,6707","9,9867","207,9468","4,7617","332,0313"
2026 02 20 11:40:27:856,-3.9675,-6.78875,"0,9",32,1,"43,6707","9,9867","207,9468","4,7617","367,1875"
2026 02 20 11:40:27:858,-3.9334,-6.78875,"0,9",32,1,"43,6707","9,9867","207,9468","4,7617","328,125"
2026 02 20 11:40:27:860,-3.9675,-6.78875,"0,9",32,1,"43,6707","9,9867","207,9468","4,7617","339,8438"
2026 02 20 11:40:27:862,-3.9675,-6.78875,"0,9",32,1,"43,6707","9,9867","207,9468","4,7617","417,9688"
2026 02 20 11:40:27:864,-3.9675,-6.78875,"0,9",32,1,"43,6707","9,9867","207,9468","4,7617","343,75"
2026 02 20 11:40:27:866,-3.9675,-6.78875,"0,9",32,1,"43,6707","9,9867","207,9468","4,7617","335,9375"
2026 02 20 11:40:27:868,-3.9334,-6.78875,"0,9",32,1,"43,6707","9,9867","207,9468","4,7617","421,875"
2026 02 20 11:40:27:870,-3.9985,-6.70125,"0,9",32,1,"43,6707","9,9867","207,9468","4,7617","398,4375"
2026 02 20 11:40:27:872,-3.9675,-6.78875,"0,9",32,1,"43,6707","9,9867","207,9468","4,7617","332,0313"
2026 02 20 11:40:27:874,-3.9675,-6.70125,"0,9",32,1,"43,6707","9,9867","207,9468","4,7617","410,1563"
2026 02 20 11:40:27:876,-3.9675,-6.70125,"0,9",32,1,"43,6707","9,9867","207,9468","4,7617","429,6875"
2026 02 20 11:40:27:878,-3.9675,-6.78875,"0,9",32,1,"43,6707","9,9867","207,9468","4,7617","339,8438"
2026 02 20 11:40:27:880,-3.9334,-6.70125,"0,9",32,1,"43,6707","9,9867","207,9468","4,7617","335,9375"
2026 02 20 11:40:27:882,-3.9675,-6.78875,"0,9",32,1,"43,6707","9,9867","207,9468","4,7617",375
2026 02 20 11:40:27:884,-3.9675,-6.78875,"0,9",32,1,"43,6707","9,9867","207,9468","4,7617","351,5625"
2026 02 20 11:40:27:886,-3.9675,-6.78875,"0,9",32,1,"43,6707","9,9867","207,9468","4,7617","312,5"
2026 02 20 11:40:27:888,-3.9675,-6.78875,"0,9",32,1,"43,6707","9,9867","207,9468","4,7617","371,0938"
2026 02 20 11:40:27:890,-3.9675,-6.78875,"0,9",32,1,"43,6707","9,9867","207,9468","4,7617","425,7813"
2026 02 20 11:40:27:892,-3.9675,-6.78875,"0,9",32,1,"43,6707","9,9867","207,9468","4,7617","343,75"
2026 02 20 11:40:27:894,-3.9675,-6.78875,"0,9",32,1,"43,6707","9,9867","207,9468","4,7617","382,8125"
2026 02 20 11:40:27:896,-3.9334,-6.70125,"0,9",32,1,"43,6707","9,9867","207,9468","4,7617","476,5625"
2026 02 20 11:40:27:898,-3.9675,-6.70125,"0,9",32,1,"43,6707","9,9867","207,9468","4,7617","402,3438"
2026 02 20 11:40:27:900,-3.9675,-6.78875,"0,9",32,1,"43,6707","9,9867","207,9468","4,7617","355,4688"
2026 02 20 11:40:27:902,-3.9675,-6.78875,"0,9",32,1,"43,6707","9,9867","207,9468","4,7617","429,6875"
2026 02 20 11:40:27:904,-3.9675,-6.70125,"0,9",32,1,"43,6707","9,9867","207,9468","4,7617","382,8125"
2026 02 20 11:40:27:906,-3.9334,-6.70125,"0,9",32,1,"43,6707","9,9867","207,9468","4,7617","308,5938"
2026 02 20 11:40:27:908,-3.9675,-6.70125,"0,9",32,1,"43,6707","9,9867","207,9468","4,7617","316,4063"
2026 02 20 11:40:27:910,-3.9675,-6.70125,"0,9",32,1,"43,6707","9,9867","207,9468","4,7617","386,7188"
2026 02 20 11:40:27:912,-3.9985,-6.78875,"0,9",32,1,"43,6707","9,9867","207,9468","4,7617","359,375"
2026 02 20 11:40:27:914,-3.9675,-6.78875,"0,9",32,1,"43,6707","9,9867","207,9468","4,7617","367,1875"
2026 02 20 11:40:27:916,-3.9334,-6.70125,"0,9",32,1,"43,6707","9,9867","207,9468","4,7617","421,875"
2026 02 20 11:40:27:918,-3.9675,-6.61375,"0,9",32,1,"43,6707","9,9867","207,9468","4,7617","425,7813"
2026 02 20 11:40:27:920,-3.9675,-6.70125,"0,9",32,1,"43,6707","9,9867","207,9468","4,7617","359,375"
2026 02 20 11:40:27:922,-3.9675,-6.70125,"0,9",32,1,"43,6707","9,9867","207,9468","4,7617","414,0625"
2026 02 20 11:40:27:924,-3.9675,-6.78875,"0,9",32,1,"43,6707","9,9867","207,9468","4,7617","398,4375"
2026 02 20 11:40:27:926,-3.9675,-6.70125,"0,9",32,1,"43,6707","9,9867","207,9468","4,7617","347,6563"
2026 02 20 11:40:27:928,-3.9334,-6.70125,"0,9",32,1,"43,6707","9,9867","207,9468","4,7617","359,375"
2026 02 20 11:40:27:930,-3.9675,-6.70125,"0,9",32,1,"43,6707","9,9867","207,9468","4,7617","371,0938"
2026 02 20 11:40:27:932,-3.9675,-6.78875,"0,9",32,1,"43,6707","9,9867","207,9468","4,7617","363,2813"
2026 02 20 11:40:27:934,-3.9675,-6.78875,"0,9",32,1,"43,6707","9,9867","207,9468","4,7617","382,8125"
2026 02 20 11:40:27:936,-3.9334,-6.78875,"0,9",32,1,"43,6707","9,9867","207,9468","4,7617","382,8125"
2026 02 20 11:40:27:938,-3.9675,-6.78875,"0,9",32,1,"43,6707","9,9867","207,9468","4,7617","382,8125"
2026 02 20 11:40:27:940,-3.9334,-6.78875,"0,9",32,1,"43,6707","9,9867","207,9468","4,7617","402,3438"
2026 02 20 11:40:27:942,-3.9675,-6.78875,"0,9",32,1,"43,6707","9,9867","207,9468","4,7617","402,3438"
2026 02 20 11:40:27:944,-3.9675,-6.78875,"0,9",32,1,"43,6707","9,9867","207,9468","4,7617",375
2026 02 20 11:40:27:946,-3.9675,-6.78875,"0,9",32,1,"43,6707","9,9867","207,9468","4,7617","359,375"
2026 02 20 11:40:27:948,-3.9334,-6.78875,"0,9",32,1,"43,6707","9,9867","207,9468","4,7617",375
2026 02 20 11:40:27:950,-3.9985,-6.78875,"0,9",32,1,"43,6707","9,9867","207,9468","4,7617","394,5313"
2026 02 20 11:40:27:952,-3.9985,-6.78875,"0,9",32,1,"43,6707","9,9867","207,9468","4,7617","355,4688"
2026 02 20 11:40:27:954,-3.9675,-6.78875,"0,9",32,1,"43,6707","9,9867","207,9468","4,7617",375
2026 02 20 11:40:27:956,-3.9985,-6.78875,"0,9",32,1,"43,6707","9,9867","207,9468","4,7617","386,7188"
2026 02 20 11:40:27:958,-3.9985,-6.78875,"0,9",32,1,"43,6707","9,9867","207,9468","4,7617","398,4375"
2026 02 20 11:40:27:960,-3.9675,-6.78875,"0,9",32,1,"43,6707","9,9867","207,9468","4,7617","394,5313"
2026 02 20 11:40:27:962,-3.9675,-6.70125,"0,9",32,1,"43,6707","9,9867","207,9468","4,7617","382,8125"
2026 02 20 11:40:27:964,-3.9334,-6.78875,"0,9",32,1,"43,6707","9,9867","207,9468","4,7617","378,9063"
2026 02 20 11:40:27:966,-3.9675,-6.70125,"0,9",32,1,"43,6707","9,9867","207,9468","4,7617","367,1875"
2026 02 20 11:40:27:968,-3.9675,-6.70125,"0,9",32,1,"43,6707","9,9867","207,9468","4,7617","355,4688"
2026 02 20 11:40:27:970,-3.9675,-6.78875,"0,9",32,1,"43,6707","9,9867","207,9468","4,7617","390,625"
2026 02 20 11:40:27:972,-3.9675,-6.78875,"0,9",32,1,"43,6707","9,9867","207,9468","4,7617","382,8125"
2026 02 20 11:40:27:974,-3.9334,-6.78875,"0,9",32,1,"43,6707","9,9867","207,9468","4,7617",375
2026 02 20 11:40:27:976,-3.9675,-6.70125,"0,9",32,1,"43,6707","9,9867","207,9468","4,7617","378,9063"
2026 02 20 11:40:27:978,-3.9675,-6.78875,"0,9",32,1,"43,6707","9,9867","207,9468","4,7617","402,3438"
2026 02 20 11:40:27:980,-3.9675,-6.78875,"0,9",32,1,"43,6707","9,9867","207,9468","4,7617","398,4375"
2026 02 20 11:40:27:982,-3.9675,-6.78875,"0,9",32,1,"43,6707","9,9867","207,9468","4,7617","371,0938"
2026 02 20 11:40:27:984,-3.9675,-6.78875,"0,9",32,1,"43,6707","9,9867","207,9468","4,7617","390,625"
2026 02 20 11:40:27:986,-3.9675,-6.78875,"0,9",32,1,"43,6707","9,9867","207,9468","4,7617","359,375"
2026 02 20 11:40:27:988,-3.9675,-6.78875,"0,9",32,1,"43,6707","9,9867","207,9468","4,7617","335,9375"
2026 02 20 11:40:27:990,-3.9675,-6.78875,"0,9",32,1,"43,6707","9,9867","207,9468","4,7617","386,7188"
2026 02 20 11:40:27:992,-3.9675,-6.78875,"0,9",32,1,"43,6707","9,9867","207,9468","4,7617","371,0938"
2026 02 20 11:40:27:994,-3.9334,-6.78875,"0,9",32,1,"43,6707","9,9867","207,9468","4,7617","363,2813"
2026 02 20 11:40:27:996,-3.9334,-6.78875,"0,9",32,1,"43,6707","9,9867","207,9468","4,7617",375
2026 02 20 11:40:27:998,-3.9675,-6.70125,"0,9",32,1,"43,6707","9,9867","207,9468","4,7617","390,625"
2026 02 20 11:40:28:000,-3.9675,-6.78875,"0,9",32,1,"43,6707","9,9867","207,9468","4,7617","371,0938"
2026 02 20 11:40:28:002,-3.9675,-6.78875,"0,9",32,1,"43,6707","9,9867","207,9468","4,7617","355,4688"
2026 02 20 11:40:28:004,-3.9675,-6.78875,"0,9",32,1,"43,6707","9,9867","207,9468","4,7617","363,2813"
2026 02 20 11:40:28:006,-3.9985,-6.78875,"0,9",32,1,"43,6707","9,9867","207,9468","4,7617","351,5625"
2026 02 20 11:40:28:008,-3.9675,-6.87625,"0,9",32,1,"43,6707","9,9867","207,9468","4,7617","320,3125"
2026 02 20 11:40:28:010,-3.9675,-6.78875,"0,9",32,1,"43,6707","9,9867","207,9468","4,7617","371,0938"
2026 02 20 11:40:28:012,-3.9334,-6.78875,"0,9",32,1,"43,6707","9,9867","207,9468","4,7617","382,8125"
2026 02 20 11:40:28:014,-3.9675,-6.78875,"0,9",32,1,"43,6707","9,9867","207,9468","4,7617","359,375"
2026 02 20 11:40:28:016,-3.9334,-6.70125,"0,9",32,1,"43,6707","9,9867","207,9468","4,7617","359,375"
2026 02 20 11:40:28:018,-3.9985,-6.78875,"0,9",32,1,"43,6707","9,9867","207,9468","4,7617","378,9063"
2026 02 20 11:40:28:020,-3.9675,-6.70125,"0,9",32,1,"43,6707","9,9867","207,9468","4,7617","371,0938"
2026 02 20 11:40:28:022,-3.9675,-6.70125,"0,9",32,1,"43,6707","9,9867","207,9468","4,7617","347,6563"
2026 02 20 11:40:28:024,-3.9675,-6.70125,"0,9",32,1,"43,6707","9,9867","207,9468","4,7617","347,6563"
2026 02 20 11:40:28:026,-3.9675,-6.70125,"0,9",32,1,"43,6707","9,9867","207,9468","4,7617","335,9375"
2026 02 20 11:40:28:028,-3.9334,-6.78875,"0,9",32,1,"43,6707","9,9867","207,9468","4,7617","316,4063"
2026 02 20 11:40:28:030,-3.9334,-6.78875,"0,9",32,1,"43,6707","9,9867","207,9468","4,7617","351,5625"
2026 02 20 11:40:28:032,-3.9675,-6.78875,"0,9",32,1,"43,6707","9,9867","207,9468","4,7617","371,0938"
2026 02 20 11:40:28:034,-3.9675,-6.78875,"0,9",32,1,"43,6707","9,9867","207,9468","4,7617","351,5625"
2026 02 20 11:40:28:036,-3.9675,-6.78875,"0,9",32,1,"43,6707","9,9867","207,9468","4,7617","343,75"
2026 02 20 11:40:28:038,-3.9985,-6.78875,"0,9",32,1,"43,6707","9,9867","207,9468","4,7617",375
2026 02 20 11:40:28:040,-3.9675,-6.78875,"0,9",32,1,"43,6707","9,9867","207,9468","4,7617","371,0938"
2026 02 20 11:40:28:042,-3.9675,-6.78875,"0,9",32,1,"43,6707","9,9867","207,9468","4,7617","351,5625"
2026 02 20 11:40:28:044,-3.9675,-6.70125,"0,9",32,1,"43,6707","9,9867","207,9468","4,7617","339,8438"
2026 02 20 11:40:28:046,-3.9675,-6.70125,"0,9",32,1,"43,6707","9,9867","207,9468","4,7617","328,125"
2026 02 20 11:40:28:048,-3.9675,-6.78875,"0,9",32,1,"43,6707","9,9867","207,9468","4,7617","300,7813"
2026 02 20 11:40:28:050,-3.9985,-6.70125,"0,9",32,1,"43,6707","9,9867","207,9468","4,7617","328,125"
2026 02 20 11:40:28:052,-3.9675,-6.70125,"0,946",39,1,"56,5948","4,4842","215,3015","3,8043","347,6563"
2026 02 20 11:40:28:054,-3.9334,-6.78875,"0,946",39,1,"56,5948","4,4842","215,3015","3,8043","335,9375"
2026 02 20 11:40:28:056,-3.9675,-6.78875,"0,946",39,1,"56,5948","4,4842","215,3015","3,8043","332,0313"
2026 02 20 11:40:28:058,-3.9334,-6.70125,"0,946",39,1,"56,5948","4,4842","215,3015","3,8043","359,375"
2026 02 20 11:40:28:060,-3.9675,-6.78875,"0,946",39,1,"56,5948","4,4842","215,3015","3,8043","363,2813"
2026 02 20 11:40:28:062,-3.9985,-6.78875,"0,946",39,1,"56,5948","4,4842","215,3015","3,8043","343,75"
2026 02 20 11:40:28:064,-3.9675,-6.78875,"0,946",39,1,"56,5948","4,4842","215,3015","3,8043","324,2188"
2026 02 20 11:40:28:066,-3.9334,-6.78875,"0,946",39,1,"56,5948","4,4842","215,3015","3,8043","316,4063"
2026 02 20 11:40:28:068,-3.9675,-6.70125,"0,946",39,1,"56,5948","4,4842","215,3015","3,8043","304,6875"
2026 02 20 11:40:28:070,-3.9675,-6.78875,"0,946",39,1,"56,5948","4,4842","215,3015","3,8043","320,3125"
2026 02 20 11:40:28:072,-3.9985,-6.78875,"0,946",39,1,"56,5948","4,4842","215,3015","3,8043","332,0313"
2026 02 20 11:40:28:074,-3.9334,-6.78875,"0,946",39,1,"56,5948","4,4842","215,3015","3,8043","328,125"
2026 02 20 11:40:28:076,-3.9675,-6.78875,"0,946",39,1,"56,5948","4,4842","215,3015","3,8043","316,4063"
2026 02 20 11:40:28:078,-3.9675,-6.78875,"0,946",39,1,"56,5948","4,4842","215,3015","3,8043","339,8438"
2026 02 20 11:40:28:080,-3.9675,-6.78875,"0,946",39,1,"56,5948","4,4842","215,3015","3,8043","347,6563"
2026 02 20 11:40:28:082,-3.9675,-6.70125,"0,946",39,1,"56,5948","4,4842","215,3015","3,8043","328,125"
2026 02 20 11:40:28:084,-3.9985,-6.78875,"0,946",39,1,"56,5948","4,4842","215,3015","3,8043","304,6875"
2026 02 20 11:40:28:086,-3.9675,-6.78875,"0,946",39,1,"56,5948","4,4842","215,3015","3,8043","300,7813"
2026 02 20 11:40:28:088,-3.9334,-6.78875,"0,946",39,1,"56,5948","4,4842","215,3015","3,8043","292,9688"
2026 02 20 11:40:28:090,-3.9675,-6.78875,"0,946",39,1,"56,5948","4,4842","215,3015","3,8043","304,6875"
2026 02 20 11:40:28:092,-3.9675,-6.78875,"0,946",39,1,"56,5948","4,4842","215,3015","3,8043","312,5"
2026 02 20 11:40:28:094,-3.9334,-6.78875,"0,946",39,1,"56,5948","4,4842","215,3015","3,8043","316,4063"
2026 02 20 11:40:28:096,-3.9675,-6.70125,"0,946",39,1,"56,5948","4,4842","215,3015","3,8043","304,6875"
2026 02 20 11:40:28:098,-3.9675,-6.70125,"0,946",39,1,"56,5948","4,4842","215,3015","3,8043","320,3125"
2026 02 20 11:40:28:100,-3.9675,-6.78875,"0,946",39,1,"56,5948","4,4842","215,3015","3,8043","320,3125"
2026 02 20 11:40:28:102,-3.9985,-6.78875,"0,946",39,1,"56,5948","4,4842","215,3015","3,8043","308,5938"
2026 02 20 11:40:28:104,-3.9675,-6.78875,"0,946",39,1,"56,5948","4,4842","215,3015","3,8043","292,9688"
2026 02 20 11:40:28:106,-3.9675,-6.78875,"0,946",39,1,"56,5948","4,4842","215,3015","3,8043","281,25"
2026 02 20 11:40:28:108,-3.9675,-6.78875,"0,946",39,1,"56,5948","4,4842","215,3015","3,8043","277,3438"
2026 02 20 11:40:28:110,-3.9675,-6.78875,"0,946",39,1,"56,5948","4,4842","215,3015","3,8043","296,875"
2026 02 20 11:40:28:112,-3.9334,-6.78875,"0,946",39,1,"56,5948","4,4842","215,3015","3,8043","300,7813"
2026 02 20 11:40:28:114,-3.9334,-6.78875,"0,946",39,1,"56,5948","4,4842","215,3015","3,8043","300,7813"
2026 02 20 11:40:28:116,-3.9334,-6.70125,"0,946",39,1,"56,5948","4,4842","215,3015","3,8043","296,875"
2026 02 20 11:40:28:118,-3.9675,-6.70125,"0,946",39,1,"56,5948","4,4842","215,3015","3,8043","312,5"
2026 02 20 11:40:28:120,-3.9675,-6.70125,"0,946",39,1,"56,5948","4,4842","215,3015","3,8043","312,5"
2026 02 20 11:40:28:122,-3.9985,-6.70125,"0,946",39,1,"56,5948","4,4842","215,3015","3,8043","304,6875"
2026 02 20 11:40:28:124,-3.9675,-6.78875,"0,946",39,1,"56,5948","4,4842","215,3015","3,8043","285,1563"
2026 02 20 11:40:28:126,-3.9675,-6.70125,"0,946",39,1,"56,5948","4,4842","215,3015","3,8043","273,4375"
2026 02 20 11:40:28:128,-3.9675,-6.78875,"0,946",39,1,"56,5948","4,4842","215,3015","3,8043","265,625"
2026 02 20 11:40:28:130,-3.9334,-6.78875,"0,946",39,1,"56,5948","4,4842","215,3015","3,8043","289,0625"
2026 02 20 11:40:28:132,-3.9675,-6.70125,"0,946",39,1,"56,5948","4,4842","215,3015","3,8043","292,9688"
2026 02 20 11:40:28:134,-3.9675,-6.70125,"0,946",39,1,"56,5948","4,4842","215,3015","3,8043","289,0625"
2026 02 20 11:40:28:136,-3.9985,-6.78875,"0,946",39,1,"56,5948","4,4842","215,3015","3,8043","281,25"
2026 02 20 11:40:28:138,-3.9985,-6.78875,"0,946",39,1,"56,5948","4,4842","215,3015","3,8043","300,7813"
2026 02 20 11:40:28:140,-3.9675,-6.78875,"0,946",39,1,"56,5948","4,4842","215,3015","3,8043","300,7813"
2026 02 20 11:40:28:142,-3.9675,-6.78875,"0,946",39,1,"56,5948","4,4842","215,3015","3,8043","292,9688"
2026 02 20 11:40:28:144,-3.9675,-6.78875,"0,946",39,1,"56,5948","4,4842","215,3015","3,8043","269,5313"
2026 02 20 11:40:28:146,-3.9334,-6.70125,"0,946",39,1,"56,5948","4,4842","215,3015","3,8043","257,8125"
2026 02 20 11:40:28:148,-3.9675,-6.78875,"0,946",39,1,"56,5948","4,4842","215,3015","3,8043","257,8125"
2026 02 20 11:40:28:150,-3.9675,-6.78875,"0,946",39,1,"56,5948","4,4842","215,3015","3,8043","273,4375"
2026 02 20 11:40:28:152,-3.9675,-6.78875,"0,946",39,1,"56,5948","4,4842","215,3015","3,8043","281,25"
2026 02 20 11:40:28:154,-3.9334,-6.70125,"0,946",39,1,"56,5948","4,4842","215,3015","3,8043","277,3438"
2026 02 20 11:40:28:156,-3.9675,-6.70125,"0,946",39,1,"56,5948","4,4842","215,3015","3,8043","273,4375"
2026 02 20 11:40:28:158,-3.9675,-6.78875,"0,946",39,1,"56,5948","4,4842","215,3015","3,8043","289,0625"
2026 02 20 11:40:28:160,-3.9675,-6.70125,"0,946",39,1,"56,5948","4,4842","215,3015","3,8043","285,1563"
2026 02 20 11:40:28:162,-3.9675,-6.78875,"0,946",39,1,"56,5948","4,4842","215,3015","3,8043","273,4375"
2026 02 20 11:40:28:164,-3.9675,-6.70125,"0,946",39,1,"56,5948","4,4842","215,3015","3,8043",250
2026 02 20 11:40:28:166,-3.9675,-6.70125,"0,946",39,1,"56,5948","4,4842","215,3015","3,8043","242,1875"
2026 02 20 11:40:28:168,-3.9675,-6.70125,"0,946",39,1,"56,5948","4,4842","215,3015","3,8043","242,1875"
2026 02 20 11:40:28:170,-3.9334,-6.70125,"0,946",39,1,"56,5948","4,4842","215,3015","3,8043","261,7188"
2026 02 20 11:40:28:172,-3.9675,-6.78875,"0,946",39,1,"56,5948","4,4842","215,3015","3,8043","257,8125"
2026 02 20 11:40:28:174,-3.9985,-6.70125,"0,946",39,1,"56,5948","4,4842","215,3015","3,8043","261,7188"
2026 02 20 11:40:28:176,-3.9675,-6.78875,"0,946",39,1,"56,5948","4,4842","215,3015","3,8043","261,7188"
2026 02 20 11:40:28:178,-3.9675,-6.70125,"0,946",39,1,"56,5948","4,4842","215,3015","3,8043","277,3438"
2026 02 20 11:40:28:180,-3.9675,-6.78875,"0,946",39,1,"56,5948","4,4842","215,3015","3,8043","269,5313"
2026 02 20 11:40:28:182,-3.9985,-6.78875,"0,946",39,1,"56,5948","4,4842","215,3015","3,8043","261,7188"
2026 02 20 11:40:28:184,-3.9675,-6.78875,"0,946",39,1,"56,5948","4,4842","215,3015","3,8043","246,0938"
2026 02 20 11:40:28:186,-3.9675,-6.70125,"0,946",39,1,"56,5948","4,4842","215,3015","3,8043","230,4688"
2026 02 20 11:40:28:188,-3.9675,-6.78875,"0,946",39,1,"56,5948","4,4842","215,3015","3,8043","226,5625"
2026 02 20 11:40:28:190,-3.9985,-6.70125,"0,946",39,1,"56,5948","4,4842","215,3015","3,8043","253,9063"
2026 02 20 11:40:28:192,-3.9675,-6.78875,"0,946",39,1,"56,5948","4,4842","215,3015","3,8043","253,9063"
2026 02 20 11:40:28:194,-3.9675,-6.70125,"0,946",39,1,"56,5948","4,4842","215,3015","3,8043","253,9063"
2026 02 20 11:40:28:196,-3.9675,-6.87625,"0,946",39,1,"56,5948","4,4842","215,3015","3,8043","253,9063"
2026 02 20 11:40:28:198,-3.9675,-6.78875,"0,946",39,1,"56,5948","4,4842","215,3015","3,8043","265,625"
2026 02 20 11:40:28:200,-3.9675,-6.78875,"0,946",39,1,"56,5948","4,4842","215,3015","3,8043","265,625"
2026 02 20 11:40:28:202,-3.9675,-6.78875,"0,946",39,1,"56,5948","4,4842","215,3015","3,8043","253,9063"
2026 02 20 11:40:28:204,-3.9675,-6.78875,"0,946",39,1,"56,5948","4,4842","215,3015","3,8043","242,1875"
2026 02 20 11:40:28:206,-3.9675,-6.78875,"0,946",39,1,"56,5948","4,4842","215,3015","3,8043","222,6563"
2026 02 20 11:40:28:208,-3.9675,-6.78875,"0,946",39,1,"56,5948","4,4842","215,3015","3,8043","218,75"
2026 02 20 11:40:28:210,-3.9675,-6.70125,"0,946",39,1,"56,5948","4,4842","215,3015","3,8043","242,1875"
2026 02 20 11:40:28:212,-3.9675,-6.78875,"0,946",39,1,"56,5948","4,4842","215,3015","3,8043","242,1875"
2026 02 20 11:40:28:214,-3.9675,-6.78875,"0,946",39,1,"56,5948","4,4842","215,3015","3,8043","238,2813"
2026 02 20 11:40:28:216,-3.9675,-6.70125,"0,946",39,1,"56,5948","4,4842","215,3015","3,8043","238,2813"
2026 02 20 11:40:28:218,-3.9675,-6.78875,"0,946",39,1,"56,5948","4,4842","215,3015","3,8043","257,8125"
2026 02 20 11:40:28:220,-3.9675,-6.70125,"0,946",39,1,"56,5948","4,4842","215,3015","3,8043","253,9063"
2026 02 20 11:40:28:222,-3.9675,-6.78875,"0,946",39,1,"56,5948","4,4842","215,3015","3,8043","238,2813"
2026 02 20 11:40:28:224,-3.9675,-6.70125,"0,946",39,1,"56,5948","4,4842","215,3015","3,8043","226,5625"
2026 02 20 11:40:28:226,-3.9334,-6.78875,"0,946",39,1,"56,5948","4,4842","215,3015","3,8043","210,9375"
2026 02 20 11:40:28:228,-3.9334,-6.78875,"0,946",39,1,"56,5948","4,4842","215,3015","3,8043","203,125"
2026 02 20 11:40:28:230,-3.9675,-6.78875,"0,946",39,1,"56,5948","4,4842","215,3015","3,8043","226,5625"
2026 02 20 11:40:28:232,-3.9675,-6.78875,"0,946",39,1,"56,5948","4,4842","215,3015","3,8043","226,5625"
2026 02 20 11:40:28:234,-3.9334,-6.70125,"0,946",39,1,"56,5948","4,4842","215,3015","3,8043","226,5625"
2026 02 20 11:40:28:236,-3.9675,-6.78875,"0,946",39,1,"56,5948","4,4842","215,3015","3,8043","222,6563"
2026 02 20 11:40:28:238,-3.9675,-6.87625,"0,946",39,1,"56,5948","4,4842","215,3015","3,8043","242,1875"
2026 02 20 11:40:28:240,-3.9675,-6.78875,"0,946",39,1,"56,5948","4,4842","215,3015","3,8043","242,1875"
2026 02 20 11:40:28:242,-3.9675,-6.78875,"0,946",39,1,"56,5948","4,4842","215,3015","3,8043","226,5625"
2026 02 20 11:40:28:244,-3.9334,-6.70125,"0,946",39,1,"56,5948","4,4842","215,3015","3,8043","214,8438"
2026 02 20 11:40:28:246,-3.9675,-6.70125,"0,946",39,1,"56,5948","4,4842","215,3015","3,8043","203,125"
2026 02 20 11:40:28:248,-3.9675,-6.78875,"0,946",39,1,"56,5948","4,4842","215,3015","3,8043","195,3125"
2026 02 20 11:40:28:250,-3.9675,-6.78875,"0,946",39,1,"56,5948","4,4842","215,3015","3,8043","218,75"
2026 02 20 11:40:28:252,-3.9675,-6.78875,"0,946",39,1,"56,5948","4,4842","215,3015","3,8043","222,6563"
2026 02 20 11:40:28:254,-3.9675,-6.78875,"0,946",39,1,"56,5948","4,4842","215,3015","3,8043","222,6563"
2026 02 20 11:40:28:256,-3.9675,-6.78875,"0,946",39,1,"56,5948","4,4842","215,3015","3,8043","218,75"
2026 02 20 11:40:28:258,-3.9334,-6.78875,"0,946",39,1,"56,5948","4,4842","215,3015","3,8043","234,375"
2026 02 20 11:40:28:260,-3.9675,-6.78875,"0,946",39,1,"56,5948","4,4842","215,3015","3,8043","238,2813"
2026 02 20 11:40:28:262,-3.9675,-6.70125,"0,946",39,1,"56,5948","4,4842","215,3015","3,8043","222,6563"
2026 02 20 11:40:28:264,-3.9675,-6.78875,"0,946",39,1,"56,5948","4,4842","215,3015","3,8043","207,0313"
2026 02 20 11:40:28:266,-3.9675,-6.70125,"0,946",39,1,"56,5948","4,4842","215,3015","3,8043","199,2188"
2026 02 20 11:40:28:268,-3.9675,-6.70125,"0,946",39,1,"56,5948","4,4842","215,3015","3,8043","187,5"
2026 02 20 11:40:28:270,-3.9985,-6.78875,"0,946",39,1,"56,5948","4,4842","215,3015","3,8043","210,9375"
2026 02 20 11:40:28:272,-3.9675,-6.70125,"0,946",39,1,"56,5948","4,4842","215,3015","3,8043","214,8438"
2026 02 20 11:40:28:274,-3.9985,-6.78875,"0,946",39,1,"56,5948","4,4842","215,3015","3,8043","210,9375"
2026 02 20 11:40:28:276,-3.9675,-6.70125,"0,946",39,1,"56,5948","4,4842","215,3015","3,8043","207,0313"
2026 02 20 11:40:28:278,-3.9675,-6.78875,"0,946",39,1,"56,5948","4,4842","215,3015","3,8043","226,5625"
2026 02 20 11:40:28:280,-3.9675,-6.78875,"0,946",39,1,"56,5948","4,4842","215,3015","3,8043","222,6563"
2026 02 20 11:40:28:282,-3.9675,-6.78875,"0,946",39,1,"56,5948","4,4842","215,3015","3,8043","210,9375"
2026 02 20 11:40:28:284,-3.9675,-6.78875,"0,946",39,1,"56,5948","4,4842","215,3015","3,8043","191,4063"
2026 02 20 11:40:28:286,-3.9985,-6.87625,"0,946",39,1,"56,5948","4,4842","215,3015","3,8043","183,5938"
2026 02 20 11:40:28:288,-3.9675,-6.70125,"0,946",39,1,"56,5948","4,4842","215,3015","3,8043","175,7813"
2026 02 20 11:40:28:290,-3.9675,-6.70125,"0,946",39,1,"56,5948","4,4842","215,3015","3,8043","195,3125"
2026 02 20 11:40:28:292,-3.9675,-6.78875,"0,946",39,1,"56,5948","4,4842","215,3015","3,8043","199,2188"
2026 02 20 11:40:28:294,-3.9675,-6.78875,"0,946",39,1,"56,5948","4,4842","215,3015","3,8043","203,125"
2026 02 20 11:40:28:296,-3.9675,-6.78875,"0,946",39,1,"56,5948","4,4842","215,3015","3,8043","195,3125"
2026 02 20 11:40:28:298,-3.9675,-6.78875,"0,946",39,1,"56,5948","4,4842","215,3015","3,8043","218,75"
2026 02 20 11:40:28:300,-3.9334,-6.78875,"0,946",39,1,"56,5948","4,4842","215,3015","3,8043","214,8438"
2026 02 20 11:40:28:302,-3.9675,-6.78875,"0,946",39,1,"56,5948","4,4842","215,3015","3,8043","195,3125"
2026 02 20 11:40:28:304,-3.9985,-6.87625,"0,946",39,1,"56,5948","4,4842","215,3015","3,8043","187,5"
2026 02 20 11:40:28:306,-3.9675,-6.61375,"0,946",39,1,"56,5948","4,4842","215,3015","3,8043","171,875"
2026 02 20 11:40:28:308,-3.9675,-6.70125,"0,946",39,1,"56,5948","4,4842","215,3015","3,8043","160,1563"
2026 02 20 11:40:28:310,-3.9675,-6.78875,"0,946",39,1,"56,5948","4,4842","215,3015","3,8043","191,4063"
2026 02 20 11:40:28:312,-3.9675,-6.78875,"0,946",39,1,"56,5948","4,4842","215,3015","3,8043","191,4063"
2026 02 20 11:40:28:314,-3.9675,-6.78875,"0,946",39,1,"56,5948","4,4842","215,3015","3,8043","191,4063"
2026 02 20 11:40:28:316,-3.9985,-6.78875,"0,946",39,1,"56,5948","4,4842","215,3015","3,8043","187,5"
2026 02 20 11:40:28:318,-3.9675,-6.78875,"0,946",39,1,"56,5948","4,4842","215,3015","3,8043","207,0313"
2026 02 20 11:40:28:320,-3.9334,-6.78875,"0,946",39,1,"56,5948","4,4842","215,3015","3,8043","203,125"
2026 02 20 11:40:28:322,-3.9675,-6.70125,"0,946",39,1,"56,5948","4,4842","215,3015","3,8043","187,5"
2026 02 20 11:40:28:324,-3.9675,-6.70125,"0,946",39,1,"56,5948","4,4842","215,3015","3,8043","175,7813"
2026 02 20 11:40:28:326,-3.9675,-6.78875,"0,946",39,1,"56,5948","4,4842","215,3015","3,8043","164,0625"
2026 02 20 11:40:28:328,-3.9985,-6.78875,"0,946",39,1,"56,5948","4,4842","215,3015","3,8043","156,25"
2026 02 20 11:40:28:330,-3.9675,-6.78875,"0,946",39,1,"56,5948","4,4842","215,3015","3,8043","183,5938"
2026 02 20 11:40:28:332,-3.9985,-6.78875,"0,946",39,1,"56,5948","4,4842","215,3015","3,8043","183,5938"
2026 02 20 11:40:28:334,-3.9985,-6.78875,"0,946",39,1,"56,5948","4,4842","215,3015","3,8043","183,5938"
2026 02 20 11:40:28:336,-3.9985,-6.78875,"0,946",39,1,"56,5948","4,4842","215,3015","3,8043","183,5938"
2026 02 20 11:40:28:338,-3.9675,-6.78875,"0,946",39,1,"56,5948","4,4842","215,3015","3,8043","203,125"
2026 02 20 11:40:28:340,-3.9334,-6.78875,"0,946",39,1,"56,5948","4,4842","215,3015","3,8043","195,3125"
2026 02 20 11:40:28:342,-3.9334,-6.78875,"0,946",39,1,"56,5948","4,4842","215,3015","3,8043","183,5938"
2026 02 20 11:40:28:344,-3.9675,-6.78875,"0,946",39,1,"56,5948","4,4842","215,3015","3,8043","167,9688"
2026 02 20 11:40:28:346,-3.9675,-6.70125,"0,946",39,1,"56,5948","4,4842","215,3015","3,8043","156,25"
2026 02 20 11:40:28:348,-3.9675,-6.70125,"0,946",39,1,"56,5948","4,4842","215,3015","3,8043","148,4375"
2026 02 20 11:40:28:350,-3.9675,-6.78875,"0,946",39,1,"56,5948","4,4842","215,3015","3,8043","175,7813"
2026 02 20 11:40:28:352,-3.9675,-6.78875,"1,116",36,4,"32,6691","21,39","271,3013","8,3045","175,7813"
2026 02 20 11:40:28:354,-3.9675,-6.78875,"1,116",36,4,"32,6691","21,39","271,3013","8,3045","171,875"
2026 02 20 11:40:28:356,-3.9675,-6.70125,"1,116",36,4,"32,6691","21,39","271,3013","8,3045","175,7813"
2026 02 20 11:40:28:358,-3.9675,-6.70125,"1,116",36,4,"32,6691","21,39","271,3013","8,3045","191,4063"
2026 02 20 11:40:28:360,-3.9675,-6.70125,"1,116",36,4,"32,6691","21,39","271,3013","8,3045","187,5"
2026 02 20 11:40:28:362,-3.9675,-6.78875,"1,116",36,4,"32,6691","21,39","271,3013","8,3045","175,7813"
2026 02 20 11:40:28:364,-3.9675,-6.78875,"1,116",36,4,"32,6691","21,39","271,3013","8,3045","160,1563"
2026 02 20 11:40:28:366,-3.9675,-6.70125,"1,116",36,4,"32,6691","21,39","271,3013","8,3045","148,4375"
2026 02 20 11:40:28:368,-3.9675,-6.78875,"1,116",36,4,"32,6691","21,39","271,3013","8,3045","136,7188"
2026 02 20 11:40:28:370,-3.9985,-6.78875,"1,116",36,4,"32,6691","21,39","271,3013","8,3045","164,0625"
2026 02 20 11:40:28:372,-3.9675,-6.78875,"1,116",36,4,"32,6691","21,39","271,3013","8,3045","167,9688"
2026 02 20 11:40:28:374,-3.9675,-6.78875,"1,116",36,4,"32,6691","21,39","271,3013","8,3045","160,1563"
2026 02 20 11:40:28:376,-3.9675,-6.70125,"1,116",36,4,"32,6691","21,39","271,3013","8,3045","164,0625"
2026 02 20 11:40:28:378,-3.9675,-6.87625,"1,116",36,4,"32,6691","21,39","271,3013","8,3045","183,5938"
2026 02 20 11:40:28:380,-3.9675,-6.78875,"1,116",36,4,"32,6691","21,39","271,3013","8,3045","175,7813"
2026 02 20 11:40:28:382,-3.9675,-6.78875,"1,116",36,4,"32,6691","21,39","271,3013","8,3045","171,875"
2026 02 20 11:40:28:384,-3.9675,-6.78875,"1,116",36,4,"32,6691","21,39","271,3013","8,3045","148,4375"
2026 02 20 11:40:28:386,-3.9675,-6.78875,"1,116",36,4,"32,6691","21,39","271,3013","8,3045","132,8125"
2026 02 20 11:40:28:388,-3.9675,-6.78875,"1,116",36,4,"32,6691","21,39","271,3013","8,3045","132,8125"
2026 02 20 11:40:28:390,-3.9675,-6.78875,"1,116",36,4,"32,6691","21,39","271,3013","8,3045","156,25"
2026 02 20 11:40:28:392,-3.9675,-6.78875,"1,116",36,4,"32,6691","21,39","271,3013","8,3045","152,3438"
2026 02 20 11:40:28:394,-3.9675,-6.78875,"1,116",36,4,"32,6691","21,39","271,3013","8,3045","156,25"
2026 02 20 11:40:28:396,-3.9675,-6.78875,"1,116",36,4,"32,6691","21,39","271,3013","8,3045","156,25"
2026 02 20 11:40:28:398,-3.9675,-6.78875,"1,116",36,4,"32,6691","21,39","271,3013","8,3045","171,875"
2026 02 20 11:40:28:400,-3.9675,-6.78875,"1,116",36,4,"32,6691","21,39","271,3013","8,3045","164,0625"
2026 02 20 11:40:28:402,-3.9675,-6.70125,"1,116",36,4,"32,6691","21,39","271,3013","8,3045","160,1563"
2026 02 20 11:40:28:404,-3.9675,-6.78875,"1,116",36,4,"32,6691","21,39","271,3013","8,3045","140,625"
2026 02 20 11:40:28:406,-3.9675,-6.78875,"1,116",36,4,"32,6691","21,39","271,3013","8,3045","128,9063"
2026 02 20 11:40:28:408,-3.9675,-6.70125,"1,116",36,4,"32,6691","21,39","271,3013","8,3045","128,9063"
2026 02 20 11:40:28:410,-3.9985,-6.70125,"1,116",36,4,"32,6691","21,39","271,3013","8,3045","152,3438"
2026 02 20 11:40:28:412,-3.9675,-6.70125,"1,116",36,4,"32,6691","21,39","271,3013","8,3045","148,4375"
2026 02 20 11:40:28:414,-3.9985,-6.78875,"1,116",36,4,"32,6691","21,39","271,3013","8,3045","148,4375"
2026 02 20 11:40:28:416,-3.9675,-6.70125,"1,116",36,4,"32,6691","21,39","271,3013","8,3045","152,3438"
2026 02 20 11:40:28:418,-3.9675,-6.78875,"1,116",36,4,"32,6691","21,39","271,3013","8,3045","167,9688"
2026 02 20 11:40:28:420,-3.9675,-6.70125,"1,116",36,4,"32,6691","21,39","271,3013","8,3045","160,1563"
2026 02 20 11:40:28:422,-3.9675,-6.78875,"1,116",36,4,"32,6691","21,39","271,3013","8,3045","152,3438"
2026 02 20 11:40:28:424,-3.9675,-6.78875,"1,116",36,4,"32,6691","21,39","271,3013","8,3045","136,7188"
2026 02 20 11:40:28:426,-3.9675,-6.78875,"1,116",36,4,"32,6691","21,39","271,3013","8,3045","121,0938"
2026 02 20 11:40:28:428,-3.9675,-6.78875,"1,116",36,4,"32,6691","21,39","271,3013","8,3045","117,1875"
2026 02 20 11:40:28:430,-3.9675,-6.78875,"1,116",36,4,"32,6691","21,39","271,3013","8,3045","140,625"
2026 02 20 11:40:28:432,-3.9675,-6.70125,"1,116",36,4,"32,6691","21,39","271,3013","8,3045","140,625"
2026 02 20 11:40:28:434,-3.9675,-6.78875,"1,116",36,4,"32,6691","21,39","271,3013","8,3045","140,625"
2026 02 20 11:40:28:436,-3.9334,-6.78875,"1,116",36,4,"32,6691","21,39","271,3013","8,3045","140,625"
2026 02 20 11:40:28:438,-3.9675,-6.70125,"1,116",36,4,"32,6691","21,39","271,3013","8,3045","156,25"
2026 02 20 11:40:28:440,-3.9675,-6.78875,"1,116",36,4,"32,6691","21,39","271,3013","8,3045","152,3438"
2026 02 20 11:40:28:442,-3.9675,-6.78875,"1,116",36,4,"32,6691","21,39","271,3013","8,3045","144,5313"
2026 02 20 11:40:28:444,-3.9985,-6.78875,"1,116",36,4,"32,6691","21,39","271,3013","8,3045","128,9063"
2026 02 20 11:40:28:446,-3.9334,-6.70125,"1,116",36,4,"32,6691","21,39","271,3013","8,3045","113,2813"
2026 02 20 11:40:28:448,-3.9675,-6.87625,"1,116",36,4,"32,6691","21,39","271,3013","8,3045","109,375"
2026 02 20 11:40:28:450,-3.9675,-6.78875,"1,116",36,4,"32,6691","21,39","271,3013","8,3045","132,8125"
2026 02 20 11:40:28:452,-3.9985,-6.78875,"1,116",36,4,"32,6691","21,39","271,3013","8,3045","132,8125"
2026 02 20 11:40:28:454,-3.9675,-6.70125,"1,116",36,4,"32,6691","21,39","271,3013","8,3045","132,8125"
2026 02 20 11:40:28:456,-3.9675,-6.70125,"1,116",36,4,"32,6691","21,39","271,3013","8,3045","132,8125"
2026 02 20 11:40:28:458,-3.9675,-6.70125,"1,116",36,4,"32,6691","21,39","271,3013","8,3045","148,4375"
2026 02 20 11:40:28:460,-3.9675,-6.78875,"1,116",36,4,"32,6691","21,39","271,3013","8,3045","144,5313"
2026 02 20 11:40:28:462,-3.9675,-6.78875,"1,116",36,4,"32,6691","21,39","271,3013","8,3045","132,8125"
2026 02 20 11:40:28:464,-3.9675,-6.70125,"1,116",36,4,"32,6691","21,39","271,3013","8,3045","113,2813"
2026 02 20 11:40:28:466,-3.9675,-6.70125,"1,116",36,4,"32,6691","21,39","271,3013","8,3045","109,375"
2026 02 20 11:40:28:468,-3.9675,-6.78875,"1,116",36,4,"32,6691","21,39","271,3013","8,3045","101,5625"
2026 02 20 11:40:28:470,-3.9675,-6.78875,"1,116",36,4,"32,6691","21,39","271,3013","8,3045","128,9063"
2026 02 20 11:40:28:472,-3.9675,-6.70125,"1,116",36,4,"32,6691","21,39","271,3013","8,3045",125
2026 02 20 11:40:28:474,-3.9675,-6.70125,"1,116",36,4,"32,6691","21,39","271,3013","8,3045",125
2026 02 20 11:40:28:476,-3.9675,-6.78875,"1,116",36,4,"32,6691","21,39","271,3013","8,3045",125
2026 02 20 11:40:28:478,-3.9985,-6.78875,"1,116",36,4,"32,6691","21,39","271,3013","8,3045","144,5313"
2026 02 20 11:40:28:480,-3.9675,-6.78875,"1,116",36,4,"32,6691","21,39","271,3013","8,3045","136,7188"
2026 02 20 11:40:28:482,-3.9675,-6.78875,"1,116",36,4,"32,6691","21,39","271,3013","8,3045","128,9063"
2026 02 20 11:40:28:484,-3.9334,-6.87625,"1,116",36,4,"32,6691","21,39","271,3013","8,3045","113,2813"
2026 02 20 11:40:28:486,-3.9334,-6.78875,"1,116",36,4,"32,6691","21,39","271,3013","8,3045","101,5625"
2026 02 20 11:40:28:488,-3.9985,-6.78875,"1,116",36,4,"32,6691","21,39","271,3013","8,3045","97,6563"
2026 02 20 11:40:28:490,-3.9334,-6.78875,"1,116",36,4,"32,6691","21,39","271,3013","8,3045","121,0938"
2026 02 20 11:40:28:492,-3.9334,-6.61375,"1,116",36,4,"32,6691","21,39","271,3013","8,3045","121,0938"
2026 02 20 11:40:28:494,-3.9675,-6.78875,"1,116",36,4,"32,6691","21,39","271,3013","8,3045","121,0938"
2026 02 20 11:40:28:496,-3.9675,-6.78875,"1,116",36,4,"32,6691","21,39","271,3013","8,3045","121,0938"
2026 02 20 11:40:28:498,-3.9334,-6.61375,"1,116",36,4,"32,6691","21,39","271,3013","8,3045","140,625"
2026 02 20 11:40:28:500,-3.9675,-6.78875,"1,116",36,4,"32,6691","21,39","271,3013","8,3045","132,8125"
2026 02 20 11:40:28:502,-3.9985,-6.78875,"1,116",36,4,"32,6691","21,39","271,3013","8,3045",125
2026 02 20 11:40:28:504,-3.9675,-6.70125,"1,116",36,4,"32,6691","21,39","271,3013","8,3045","105,4688"
2026 02 20 11:40:28:506,-3.9985,-6.78875,"1,116",36,4,"32,6691","21,39","271,3013","8,3045","93,75"
2026 02 20 11:40:28:508,-3.9675,-6.70125,"1,116",36,4,"32,6691","21,39","271,3013","8,3045","89,8438"
2026 02 20 11:40:28:510,-3.9675,-6.78875,"1,116",36,4,"32,6691","21,39","271,3013","8,3045","109,375"
2026 02 20 11:40:28:512,-3.9675,-6.78875,"1,116",36,4,"32,6691","21,39","271,3013","8,3045","113,2813"
2026 02 20 11:40:28:514,-3.9675,-6.78875,"1,116",36,4,"32,6691","21,39","271,3013","8,3045","113,2813"
2026 02 20 11:40:28:516,-3.9675,-6.70125,"1,116",36,4,"32,6691","21,39","271,3013","8,3045","109,375"
2026 02 20 11:40:28:518,-3.9675,-6.78875,"1,116",36,4,"32,6691","21,39","271,3013","8,3045","132,8125"
2026 02 20 11:40:28:520,-3.9675,-6.87625,"1,116",36,4,"32,6691","21,39","271,3013","8,3045",125
2026 02 20 11:40:28:522,-3.9675,-6.70125,"1,116",36,4,"32,6691","21,39","271,3013","8,3045","113,2813"
2026 02 20 11:40:28:524,-3.9675,-6.70125,"1,116",36,4,"32,6691","21,39","271,3013","8,3045","97,6563"
2026 02 20 11:40:28:526,-3.9985,-6.78875,"1,116",36,4,"32,6691","21,39","271,3013","8,3045","89,8438"
2026 02 20 11:40:28:528,-3.9675,-6.78875,"1,116",36,4,"32,6691","21,39","271,3013","8,3045","82,0313"
2026 02 20 11:40:28:530,-3.9675,-6.78875,"1,116",36,4,"32,6691","21,39","271,3013","8,3045","105,4688"
2026 02 20 11:40:28:532,-3.9675,-6.78875,"1,116",36,4,"32,6691","21,39","271,3013","8,3045","109,375"
2026 02 20 11:40:28:534,-3.9675,-6.78875,"1,116",36,4,"32,6691","21,39","271,3013","8,3045","105,4688"
2026 02 20 11:40:28:536,-3.9675,-6.70125,"1,116",36,4,"32,6691","21,39","271,3013","8,3045","105,4688"
2026 02 20 11:40:28:538,-3.9675,-6.78875,"1,116",36,4,"32,6691","21,39","271,3013","8,3045",125
2026 02 20 11:40:28:540,-3.9675,-6.78875,"1,116",36,4,"32,6691","21,39","271,3013","8,3045","121,0938"
2026 02 20 11:40:28:542,-3.9675,-6.78875,"1,116",36,4,"32,6691","21,39","271,3013","8,3045","105,4688"
2026 02 20 11:40:28:544,-3.9334,-6.78875,"1,116",36,4,"32,6691","21,39","271,3013","8,3045","89,8438"
2026 02 20 11:40:28:546,-3.9334,-6.78875,"1,116",36,4,"32,6691","21,39","271,3013","8,3045","82,0313"
2026 02 20 11:40:28:548,-3.9675,-6.78875,"1,116",36,4,"32,6691","21,39","271,3013","8,3045","74,2188"
2026 02 20 11:40:28:550,-3.9675,-6.87625,"1,116",36,4,"32,6691","21,39","271,3013","8,3045","101,5625"
2026 02 20 11:40:28:552,-3.9675,-6.78875,"1,116",36,4,"32,6691","21,39","271,3013","8,3045","101,5625"
2026 02 20 11:40:28:554,-3.9675,-6.78875,"1,116",36,4,"32,6691","21,39","271,3013","8,3045","97,6563"
2026 02 20 11:40:28:556,-3.9675,-6.78875,"1,116",36,4,"32,6691","21,39","271,3013","8,3045","97,6563"
2026 02 20 11:40:28:558,-3.9675,-6.78875,"1,116",36,4,"32,6691","21,39","271,3013","8,3045","117,1875"
2026 02 20 11:40:28:560,-3.9675,-6.78875,"1,116",36,4,"32,6691","21,39","271,3013","8,3045","109,375"
2026 02 20 11:40:28:562,-3.9675,-6.70125,"1,116",36,4,"32,6691","21,39","271,3013","8,3045","101,5625"
2026 02 20 11:40:28:564,-3.9675,-6.78875,"1,116",36,4,"32,6691","21,39","271,3013","8,3045","85,9375"
2026 02 20 11:40:28:566,-3.9675,-6.78875,"1,116",36,4,"32,6691","21,39","271,3013","8,3045","74,2188"
2026 02 20 11:40:28:568,-3.9985,-6.70125,"1,116",36,4,"32,6691","21,39","271,3013","8,3045","70,3125"
2026 02 20 11:40:28:570,-3.9675,-6.70125,"1,116",36,4,"32,6691","21,39","271,3013","8,3045","93,75"
2026 02 20 11:40:28:572,-3.9675,-6.78875,"1,116",36,4,"32,6691","21,39","271,3013","8,3045","93,75"
2026 02 20 11:40:28:574,-3.9334,-6.78875,"1,116",36,4,"32,6691","21,39","271,3013","8,3045","89,8438"
2026 02 20 11:40:28:576,-3.9985,-6.70125,"1,116",36,4,"32,6691","21,39","271,3013","8,3045","93,75"
2026 02 20 11:40:28:578,-3.9675,-6.78875,"1,116",36,4,"32,6691","21,39","271,3013","8,3045","109,375"
2026 02 20 11:40:28:580,-3.9675,-6.78875,"1,116",36,4,"32,6691","21,39","271,3013","8,3045","105,4688"
2026 02 20 11:40:28:582,-3.9675,-6.78875,"1,116",36,4,"32,6691","21,39","271,3013","8,3045","93,75"
2026 02 20 11:40:28:584,-3.9675,-6.78875,"1,116",36,4,"32,6691","21,39","271,3013","8,3045","78,125"
2026 02 20 11:40:28:586,-3.9675,-6.78875,"1,116",36,4,"32,6691","21,39","271,3013","8,3045","66,4063"
2026 02 20 11:40:28:588,-3.9675,-6.70125,"1,116",36,4,"32,6691","21,39","271,3013","8,3045","62,5"
2026 02 20 11:40:28:590,-3.9675,-6.78875,"1,116",36,4,"32,6691","21,39","271,3013","8,3045","85,9375"
2026 02 20 11:40:28:592,-3.9985,-6.78875,"1,116",36,4,"32,6691","21,39","271,3013","8,3045","85,9375"
2026 02 20 11:40:28:594,-3.9985,-6.70125,"1,116",36,4,"32,6691","21,39","271,3013","8,3045","85,9375"
2026 02 20 11:40:28:596,-3.9675,-6.78875,"1,116",36,4,"32,6691","21,39","271,3013","8,3045","85,9375"
2026 02 20 11:40:28:598,-3.9675,-6.78875,"1,116",36,4,"32,6691","21,39","271,3013","8,3045","105,4688"
2026 02 20 11:40:28:600,-3.9675,-6.78875,"1,116",36,4,"32,6691","21,39","271,3013","8,3045","97,6563"
2026 02 20 11:40:28:602,-3.9334,-6.78875,"1,116",36,4,"32,6691","21,39","271,3013","8,3045","89,8438"
2026 02 20 11:40:28:604,-3.9675,-6.70125,"1,116",36,4,"32,6691","21,39","271,3013","8,3045","74,2188"
2026 02 20 11:40:28:606,-3.9675,-6.78875,"1,116",36,4,"32,6691","21,39","271,3013","8,3045","66,4063"
2026 02 20 11:40:28:608,-3.9675,-6.78875,"1,116",36,4,"32,6691","21,39","271,3013","8,3045","58,5938"
2026 02 20 11:40:28:610,-3.9334,-6.78875,"1,116",36,4,"32,6691","21,39","271,3013","8,3045","82,0313"
2026 02 20 11:40:28:612,-3.9675,-6.78875,"1,116",36,4,"32,6691","21,39","271,3013","8,3045","82,0313"
2026 02 20 11:40:28:614,-3.9675,-6.78875,"1,116",36,4,"32,6691","21,39","271,3013","8,3045","82,0313"
2026 02 20 11:40:28:616,-3.9334,-6.78875,"1,116",36,4,"32,6691","21,39","271,3013","8,3045","82,0313"
2026 02 20 11:40:28:618,-3.9675,-6.78875,"1,116",36,4,"32,6691","21,39","271,3013","8,3045","101,5625"
2026 02 20 11:40:28:620,-3.9334,-6.78875,"1,116",36,4,"32,6691","21,39","271,3013","8,3045","93,75"
2026 02 20 11:40:28:622,-3.9985,-6.78875,"1,116",36,4,"32,6691","21,39","271,3013","8,3045","82,0313"
2026 02 20 11:40:28:624,-3.9985,-6.78875,"1,116",36,4,"32,6691","21,39","271,3013","8,3045","66,4063"
2026 02 20 11:40:28:626,-3.9334,-6.70125,"1,116",36,4,"32,6691","21,39","271,3013","8,3045","58,5938"
2026 02 20 11:40:28:628,-3.9985,-6.78875,"1,116",36,4,"32,6691","21,39","271,3013","8,3045","54,6875"
2026 02 20 11:40:28:630,-3.9675,-6.78875,"1,116",36,4,"32,6691","21,39","271,3013","8,3045","74,2188"
2026 02 20 11:40:28:632,-3.9675,-6.78875,"1,116",36,4,"32,6691","21,39","271,3013","8,3045","78,125"
2026 02 20 11:40:28:634,-3.9334,-6.78875,"1,116",36,4,"32,6691","21,39","271,3013","8,3045","78,125"
2026 02 20 11:40:28:636,-3.9985,-6.78875,"1,116",36,4,"32,6691","21,39","271,3013","8,3045","74,2188"
2026 02 20 11:40:28:638,-3.9334,-6.78875,"1,116",36,4,"32,6691","21,39","271,3013","8,3045","97,6563"
2026 02 20 11:40:28:640,-3.9675,-6.78875,"1,116",36,4,"32,6691","21,39","271,3013","8,3045","89,8438"
2026 02 20 11:40:28:642,-3.9985,-6.70125,"1,116",36,4,"32,6691","21,39","271,3013","8,3045","78,125"
2026 02 20 11:40:28:644,-3.9675,-6.78875,"1,116",36,4,"32,6691","21,39","271,3013","8,3045","62,5"
2026 02 20 11:40:28:646,-3.9675,-6.70125,"1,116",36,4,"32,6691","21,39","271,3013","8,3045","58,5938"
2026 02 20 11:40:28:648,-3.9675,-6.78875,"1,116",36,4,"32,6691","21,39","271,3013","8,3045","39,0625"
2026 02 20 11:40:28:650,-3.9675,-6.78875,"1,116",36,4,"32,6691","21,39","271,3013","8,3045","70,3125"
2026 02 20 11:40:28:652,-3.9675,-6.70125,"1,116",36,4,"32,6691","21,39","271,3013","8,3045","70,3125"
2026 02 20 11:40:28:654,-3.9675,-6.70125,"1,087",15,4,"57,5409","3,8106","193,8782","3,3694","70,3125"
2026 02 20 11:40:28:656,-3.9675,-6.78875,"1,087",15,4,"57,5409","3,8106","193,8782","3,3694","70,3125"
2026 02 20 11:40:28:658,-3.9675,-6.78875,"1,087",15,4,"57,5409","3,8106","193,8782","3,3694","89,8438"
2026 02 20 11:40:28:660,-3.9985,-6.78875,"1,087",15,4,"57,5409","3,8106","193,8782","3,3694","85,9375"
2026 02 20 11:40:28:662,-3.9675,-6.78875,"1,087",15,4,"57,5409","3,8106","193,8782","3,3694","74,2188"
2026 02 20 11:40:28:664,-3.9675,-6.70125,"1,087",15,4,"57,5409","3,8106","193,8782","3,3694","58,5938"
2026 02 20 11:40:28:666,-3.9675,-6.78875,"1,087",15,4,"57,5409","3,8106","193,8782","3,3694","46,875"
2026 02 20 11:40:28:668,-3.9985,-6.78875,"1,087",15,4,"57,5409","3,8106","193,8782","3,3694","39,0625"
2026 02 20 11:40:28:670,-3.9675,-6.70125,"1,087",15,4,"57,5409","3,8106","193,8782","3,3694","66,4063"
2026 02 20 11:40:28:672,-3.9334,-6.78875,"1,087",15,4,"57,5409","3,8106","193,8782","3,3694","66,4063"
2026 02 20 11:40:28:674,-3.9675,-6.78875,"1,087",15,4,"57,5409","3,8106","193,8782","3,3694","66,4063"
2026 02 20 11:40:28:676,-3.9675,-6.78875,"1,087",15,4,"57,5409","3,8106","193,8782","3,3694","66,4063"
2026 02 20 11:40:28:678,-3.9675,-6.70125,"1,087",15,4,"57,5409","3,8106","193,8782","3,3694","85,9375"
2026 02 20 11:40:28:680,-3.9675,-6.70125,"1,087",15,4,"57,5409","3,8106","193,8782","3,3694","82,0313"
2026 02 20 11:40:28:682,-3.9675,-6.78875,"1,087",15,4,"57,5409","3,8106","193,8782","3,3694","70,3125"
2026 02 20 11:40:28:684,-3.9675,-6.70125,"1,087",15,4,"57,5409","3,8106","193,8782","3,3694","50,7813"
2026 02 20 11:40:28:686,-3.9675,-6.78875,"1,087",15,4,"57,5409","3,8106","193,8782","3,3694","46,875"
2026 02 20 11:40:28:688,-3.9675,-6.78875,"1,087",15,4,"57,5409","3,8106","193,8782","3,3694","39,0625"
2026 02 20 11:40:28:690,-3.9675,-6.70125,"1,087",15,4,"57,5409","3,8106","193,8782","3,3694","62,5"
2026 02 20 11:40:28:692,-3.9675,-6.87625,"1,087",15,4,"57,5409","3,8106","193,8782","3,3694","62,5"
2026 02 20 11:40:28:694,-3.9675,-6.78875,"1,087",15,4,"57,5409","3,8106","193,8782","3,3694","62,5"
2026 02 20 11:40:28:696,-3.9675,-6.78875,"1,087",15,4,"57,5409","3,8106","193,8782","3,3694","62,5"
2026 02 20 11:40:28:698,-3.9675,-6.78875,"1,087",15,4,"57,5409","3,8106","193,8782","3,3694","82,0313"
2026 02 20 11:40:28:700,-3.9675,-6.70125,"1,087",15,4,"57,5409","3,8106","193,8782","3,3694","70,3125"
2026 02 20 11:40:28:702,-3.9675,-6.70125,"1,087",15,4,"57,5409","3,8106","193,8782","3,3694","62,5"
2026 02 20 11:40:28:704,-3.9334,-6.70125,"1,087",15,4,"57,5409","3,8106","193,8782","3,3694","50,7813"
2026 02 20 11:40:28:706,-3.9985,-6.70125,"1,087",15,4,"57,5409","3,8106","193,8782","3,3694","39,0625"
2026 02 20 11:40:28:708,-3.9675,-6.78875,"1,087",15,4,"57,5409","3,8106","193,8782","3,3694","31,25"
2026 02 20 11:40:28:710,-3.9675,-6.78875,"1,087",15,4,"57,5409","3,8106","193,8782","3,3694","54,6875"
2026 02 20 11:40:28:712,-3.9334,-6.78875,"1,087",15,4,"57,5409","3,8106","193,8782","3,3694","54,6875"
2026 02 20 11:40:28:714,-3.9675,-6.70125,"1,087",15,4,"57,5409","3,8106","193,8782","3,3694","58,5938"
2026 02 20 11:40:28:716,-3.9675,-6.78875,"1,087",15,4,"57,5409","3,8106","193,8782","3,3694","58,5938"
2026 02 20 11:40:28:718,-3.9334,-6.78875,"1,087",15,4,"57,5409","3,8106","193,8782","3,3694","74,2188"
2026 02 20 11:40:28:720,-3.9675,-6.78875,"1,087",15,4,"57,5409","3,8106","193,8782","3,3694","70,3125"
2026 02 20 11:40:28:722,-3.9675,-6.78875,"1,087",15,4,"57,5409","3,8106","193,8782","3,3694","58,5938"
2026 02 20 11:40:28:724,-3.9675,-6.78875,"1,087",15,4,"57,5409","3,8106","193,8782","3,3694","42,9688"
2026 02 20 11:40:28:726,-3.9334,-6.78875,"1,087",15,4,"57,5409","3,8106","193,8782","3,3694","35,1563"
2026 02 20 11:40:28:728,-3.9675,-6.78875,"1,087",15,4,"57,5409","3,8106","193,8782","3,3694","23,4375"
2026 02 20 11:40:28:730,-3.9675,-6.78875,"1,087",15,4,"57,5409","3,8106","193,8782","3,3694","50,7813"
2026 02 20 11:40:28:732,-3.9334,-6.78875,"1,087",15,4,"57,5409","3,8106","193,8782","3,3694","50,7813"
2026 02 20 11:40:28:734,-3.9675,-6.78875,"1,087",15,4,"57,5409","3,8106","193,8782","3,3694","50,7813"
2026 02 20 11:40:28:736,-3.9675,-6.78875,"1,087",15,4,"57,5409","3,8106","193,8782","3,3694","50,7813"
2026 02 20 11:40:28:738,-3.9675,-6.78875,"1,087",15,4,"57,5409","3,8106","193,8782","3,3694","70,3125"
2026 02 20 11:40:28:740,-3.9675,-6.78875,"1,087",15,4,"57,5409","3,8106","193,8782","3,3694","62,5"
2026 02 20 11:40:28:742,-3.9334,-6.87625,"1,087",15,4,"57,5409","3,8106","193,8782","3,3694","54,6875"
2026 02 20 11:40:28:744,-3.9675,-6.70125,"1,087",15,4,"57,5409","3,8106","193,8782","3,3694","39,0625"
2026 02 20 11:40:28:746,-3.9675,-6.78875,"1,087",15,4,"57,5409","3,8106","193,8782","3,3694","31,25"
2026 02 20 11:40:28:748,-3.9675,-6.70125,"1,087",15,4,"57,5409","3,8106","193,8782","3,3694","23,4375"
2026 02 20 11:40:28:750,-3.9675,-6.78875,"1,087",15,4,"57,5409","3,8106","193,8782","3,3694","46,875"
2026 02 20 11:40:28:752,-3.9675,-6.70125,"1,087",15,4,"57,5409","3,8106","193,8782","3,3694","46,875"
2026 02 20 11:40:28:754,-3.9675,-6.70125,"1,087",15,4,"57,5409","3,8106","193,8782","3,3694","46,875"
2026 02 20 11:40:28:756,-3.9334,-6.78875,"1,087",15,4,"57,5409","3,8106","193,8782","3,3694","46,875"
2026 02 20 11:40:28:758,-3.9985,-6.70125,"1,087",15,4,"57,5409","3,8106","193,8782","3,3694","66,4063"
2026 02 20 11:40:28:760,-3.9675,-6.70125,"1,087",15,4,"57,5409","3,8106","193,8782","3,3694","58,5938"
2026 02 20 11:40:28:762,-3.9675,-6.70125,"1,087",15,4,"57,5409","3,8106","193,8782","3,3694","46,875"
2026 02 20 11:40:28:764,-3.9985,-6.70125,"1,087",15,4,"57,5409","3,8106","193,8782","3,3694","31,25"
2026 02 20 11:40:28:766,-3.9985,-6.78875,"1,087",15,4,"57,5409","3,8106","193,8782","3,3694","27,3438"
2026 02 20 11:40:28:768,-3.9985,-6.78875,"1,087",15,4,"57,5409","3,8106","193,8782","3,3694","19,5313"
2026 02 20 11:40:28:770,-3.9675,-6.78875,"1,087",15,4,"57,5409","3,8106","193,8782","3,3694","42,9688"
2026 02 20 11:40:28:772,-3.9675,-6.78875,"1,087",15,4,"57,5409","3,8106","193,8782","3,3694","42,9688"
2026 02 20 11:40:28:774,-3.9675,-6.87625,"1,087",15,4,"57,5409","3,8106","193,8782","3,3694","42,9688"
2026 02 20 11:40:28:776,-3.9675,-6.78875,"1,087",15,4,"57,5409","3,8106","193,8782","3,3694","42,9688"
2026 02 20 11:40:28:778,-3.9675,-6.78875,"1,087",15,4,"57,5409","3,8106","193,8782","3,3694","62,5"
2026 02 20 11:40:28:780,-3.9675,-6.78875,"1,087",15,4,"57,5409","3,8106","193,8782","3,3694","50,7813"
2026 02 20 11:40:28:782,-3.9334,-6.78875,"1,087",15,4,"57,5409","3,8106","193,8782","3,3694","42,9688"
2026 02 20 11:40:28:784,-3.9334,-6.78875,"1,087",15,4,"57,5409","3,8106","193,8782","3,3694","27,3438"
2026 02 20 11:40:28:786,-3.9675,-6.78875,"1,087",15,4,"57,5409","3,8106","193,8782","3,3694","23,4375"
2026 02 20 11:40:28:788,-3.9675,-6.78875,"1,087",15,4,"57,5409","3,8106","193,8782","3,3694","15,625"
2026 02 20 11:40:28:790,-3.9675,-6.78875,"1,087",15,4,"57,5409","3,8106","193,8782","3,3694","39,0625"
2026 02 20 11:40:28:792,-3.9675,-6.70125,"1,087",15,4,"57,5409","3,8106","193,8782","3,3694","39,0625"
2026 02 20 11:40:28:794,-3.9675,-6.70125,"1,087",15,4,"57,5409","3,8106","193,8782","3,3694","39,0625"
2026 02 20 11:40:28:796,-3.9334,-6.70125,"1,087",15,4,"57,5409","3,8106","193,8782","3,3694","39,0625"
2026 02 20 11:40:28:798,-3.9675,-6.78875,"1,087",15,4,"57,5409","3,8106","193,8782","3,3694","58,5938"
2026 02 20 11:40:28:800,-3.9675,-6.70125,"1,087",15,4,"57,5409","3,8106","193,8782","3,3694","50,7813"
2026 02 20 11:40:28:802,-3.9675,-6.78875,"1,087",15,4,"57,5409","3,8106","193,8782","3,3694","39,0625"
2026 02 20 11:40:28:804,-3.9985,-6.78875,"1,087",15,4,"57,5409","3,8106","193,8782","3,3694","27,3438"
2026 02 20 11:40:28:806,-3.9675,-6.78875,"1,087",15,4,"57,5409","3,8106","193,8782","3,3694","19,5313"
2026 02 20 11:40:28:808,-3.9675,-6.78875,"1,087",15,4,"57,5409","3,8106","193,8782","3,3694","7,8125"
2026 02 20 11:40:28:810,-3.9985,-6.78875,"1,087",15,4,"57,5409","3,8106","193,8782","3,3694","31,25"
2026 02 20 11:40:28:812,-3.9675,-6.70125,"1,087",15,4,"57,5409","3,8106","193,8782","3,3694","35,1563"
2026 02 20 11:40:28:814,-3.9675,-6.70125,"1,087",15,4,"57,5409","3,8106","193,8782","3,3694","31,25"
2026 02 20 11:40:28:816,-3.9675,-6.70125,"1,087",15,4,"57,5409","3,8106","193,8782","3,3694","35,1563"
2026 02 20 11:40:28:818,-3.9675,-6.70125,"1,087",15,4,"57,5409","3,8106","193,8782","3,3694","58,5938"
2026 02 20 11:40:28:820,-3.9675,-6.78875,"1,087",15,4,"57,5409","3,8106","193,8782","3,3694","46,875"
2026 02 20 11:40:28:822,-3.9675,-6.78875,"1,087",15,4,"57,5409","3,8106","193,8782","3,3694","35,1563"
2026 02 20 11:40:28:824,-3.9675,-6.78875,"1,087",15,4,"57,5409","3,8106","193,8782","3,3694","23,4375"
2026 02 20 11:40:28:826,-3.9985,-6.78875,"1,087",15,4,"57,5409","3,8106","193,8782","3,3694","15,625"
2026 02 20 11:40:28:828,-3.9675,-6.78875,"1,087",15,4,"57,5409","3,8106","193,8782","3,3694","3,9063"
2026 02 20 11:40:28:830,-3.9675,-6.70125,"1,087",15,4,"57,5409","3,8106","193,8782","3,3694","31,25"
2026 02 20 11:40:28:832,-3.9675,-6.78875,"1,087",15,4,"57,5409","3,8106","193,8782","3,3694","31,25"
2026 02 20 11:40:28:834,-3.9985,-6.78875,"1,087",15,4,"57,5409","3,8106","193,8782","3,3694","31,25"
2026 02 20 11:40:28:836,-3.9985,-6.87625,"1,087",15,4,"57,5409","3,8106","193,8782","3,3694","31,25"
2026 02 20 11:40:28:838,-3.9985,-6.78875,"1,087",15,4,"57,5409","3,8106","193,8782","3,3694","54,6875"
2026 02 20 11:40:28:840,-3.9675,-6.78875,"1,087",15,4,"57,5409","3,8106","193,8782","3,3694","42,9688"
2026 02 20 11:40:28:842,-3.9675,-6.87625,"1,087",15,4,"57,5409","3,8106","193,8782","3,3694","31,25"
2026 02 20 11:40:28:844,-3.9675,-6.78875,"1,087",15,4,"57,5409","3,8106","193,8782","3,3694","15,625"
2026 02 20 11:40:28:846,-3.9675,-6.70125,"1,087",15,4,"57,5409","3,8106","193,8782","3,3694","11,7188"
2026 02 20 11:40:28:848,-3.9675,-6.70125,"1,087",15,4,"57,5409","3,8106","193,8782","3,3694",0
2026 02 20 11:40:28:850,-3.9985,-6.70125,"1,087",15,4,"57,5409","3,8106","193,8782","3,3694","27,3438"
2026 02 20 11:40:28:852,-3.9675,-6.70125,"1,087",15,4,"57,5409","3,8106","193,8782","3,3694","27,3438"
2026 02 20 11:40:28:854,-3.9675,-6.70125,"1,087",15,4,"57,5409","3,8106","193,8782","3,3694","23,4375"
2026 02 20 11:40:28:856,-3.9985,-6.70125,"1,087",15,4,"57,5409","3,8106","193,8782","3,3694","27,3438"
2026 02 20 11:40:28:858,-3.9985,-6.70125,"1,087",15,4,"57,5409","3,8106","193,8782","3,3694","46,875"
2026 02 20 11:40:28:860,-3.9675,-6.70125,"1,087",15,4,"57,5409","3,8106","193,8782","3,3694","35,1563"
2026 02 20 11:40:28:862,-3.9675,-6.70125,"1,087",15,4,"57,5409","3,8106","193,8782","3,3694","27,3438"
2026 02 20 11:40:28:864,-3.9334,-6.78875,"1,087",15,4,"57,5409","3,8106","193,8782","3,3694","15,625"
2026 02 20 11:40:28:866,-3.9334,-6.78875,"1,087",15,4,"57,5409","3,8106","193,8782","3,3694","7,8125"
2026 02 20 11:40:28:868,-3.9985,-6.78875,"1,087",15,4,"57,5409","3,8106","193,8782","3,3694","-3,9062"
2026 02 20 11:40:28:870,-3.9675,-6.78875,"1,087",15,4,"57,5409","3,8106","193,8782","3,3694","23,4375"
2026 02 20 11:40:28:872,-3.9675,-6.78875,"1,087",15,4,"57,5409","3,8106","193,8782","3,3694","23,4375"
2026 02 20 11:40:28:874,-3.9334,-6.78875,"1,087",15,4,"57,5409","3,8106","193,8782","3,3694","19,5313"
2026 02 20 11:40:28:876,-3.9675,-6.70125,"1,087",15,4,"57,5409","3,8106","193,8782","3,3694","23,4375"
2026 02 20 11:40:28:878,-3.9675,-6.87625,"1,087",15,4,"57,5409","3,8106","193,8782","3,3694","46,875"
2026 02 20 11:40:28:880,-3.9334,-6.78875,"1,087",15,4,"57,5409","3,8106","193,8782","3,3694","35,1563"
2026 02 20 11:40:28:882,-3.9985,-6.78875,"1,087",15,4,"57,5409","3,8106","193,8782","3,3694","23,4375"
2026 02 20 11:40:28:884,-3.9675,-6.78875,"1,087",15,4,"57,5409","3,8106","193,8782","3,3694","11,7188"
2026 02 20 11:40:28:886,-3.9675,-6.78875,"1,087",15,4,"57,5409","3,8106","193,8782","3,3694","7,8125"
2026 02 20 11:40:28:888,-3.9675,-6.78875,"1,087",15,4,"57,5409","3,8106","193,8782","3,3694","-3,9062"
2026 02 20 11:40:28:890,-3.9675,-6.78875,"1,087",15,4,"57,5409","3,8106","193,8782","3,3694","19,5313"
2026 02 20 11:40:28:892,-3.9675,-6.78875,"1,087",15,4,"57,5409","3,8106","193,8782","3,3694","19,5313"
2026 02 20 11:40:28:894,-3.9675,-6.87625,"1,087",15,4,"57,5409","3,8106","193,8782","3,3694","19,5313"
2026 02 20 11:40:28:896,-3.9334,-6.78875,"1,087",15,4,"57,5409","3,8106","193,8782","3,3694","19,5313"
2026 02 20 11:40:28:898,-3.9675,-6.78875,"1,087",15,4,"57,5409","3,8106","193,8782","3,3694","42,9688"
2026 02 20 11:40:28:900,-3.9334,-6.78875,"1,087",15,4,"57,5409","3,8106","193,8782","3,3694","31,25"
2026 02 20 11:40:28:902,-3.9675,-6.78875,"1,087",15,4,"57,5409","3,8106","193,8782","3,3694","19,5313"
2026 02 20 11:40:28:904,-3.9675,-6.70125,"1,087",15,4,"57,5409","3,8106","193,8782","3,3694","7,8125"
2026 02 20 11:40:28:906,-3.9675,-6.78875,"1,087",15,4,"57,5409","3,8106","193,8782","3,3694",0
2026 02 20 11:40:28:908,-3.9675,-6.78875,"1,087",15,4,"57,5409","3,8106","193,8782","3,3694","-7,8125"
2026 02 20 11:40:28:910,-3.9675,-6.70125,"1,087",15,4,"57,5409","3,8106","193,8782","3,3694","15,625"
2026 02 20 11:40:28:912,-3.9675,-6.87625,"1,087",15,4,"57,5409","3,8106","193,8782","3,3694","15,625"
2026 02 20 11:40:28:914,-3.9675,-6.78875,"1,087",15,4,"57,5409","3,8106","193,8782","3,3694","15,625"
2026 02 20 11:40:28:916,-3.9675,-6.70125,"1,087",15,4,"57,5409","3,8106","193,8782","3,3694","15,625"
2026 02 20 11:40:28:918,-3.9675,-6.78875,"1,087",15,4,"57,5409","3,8106","193,8782","3,3694","39,0625"
2026 02 20 11:40:28:920,-3.9675,-6.78875,"1,087",15,4,"57,5409","3,8106","193,8782","3,3694","31,25"
2026 02 20 11:40:28:922,-3.9334,-6.78875,"1,087",15,4,"57,5409","3,8106","193,8782","3,3694","15,625"
2026 02 20 11:40:28:924,-3.9675,-6.78875,"1,087",15,4,"57,5409","3,8106","193,8782","3,3694","3,9063"
2026 02 20 11:40:28:926,-3.9675,-6.78875,"1,087",15,4,"57,5409","3,8106","193,8782","3,3694",0
2026 02 20 11:40:28:928,-3.9675,-6.70125,"1,087",15,4,"57,5409","3,8106","193,8782","3,3694","-7,8125"
2026 02 20 11:40:28:930,-3.9334,-6.78875,"1,087",15,4,"57,5409","3,8106","193,8782","3,3694","15,625"
2026 02 20 11:40:28:932,-3.9675,-6.78875,"1,087",15,4,"57,5409","3,8106","193,8782","3,3694","15,625"
2026 02 20 11:40:28:934,-3.9675,-6.78875,"1,087",15,4,"57,5409","3,8106","193,8782","3,3694","11,7188"
2026 02 20 11:40:28:936,-3.9675,-6.70125,"1,087",15,4,"57,5409","3,8106","193,8782","3,3694","11,7188"
2026 02 20 11:40:28:938,-3.9675,-6.70125,"1,087",15,4,"57,5409","3,8106","193,8782","3,3694","35,1563"
2026 02 20 11:40:28:940,-3.9675,-6.61375,"1,087",15,4,"57,5409","3,8106","193,8782","3,3694","23,4375"
2026 02 20 11:40:28:942,-3.9675,-6.87625,"1,087",15,4,"57,5409","3,8106","193,8782","3,3694","15,625"
2026 02 20 11:40:28:944,-3.9334,-6.78875,"1,087",15,4,"57,5409","3,8106","193,8782","3,3694",0
2026 02 20 11:40:28:946,-3.9675,-6.78875,"1,087",15,4,"57,5409","3,8106","193,8782","3,3694",0
2026 02 20 11:40:28:948,-3.9675,-6.78875,"1,087",15,4,"57,5409","3,8106","193,8782","3,3694","-11,7187"
2026 02 20 11:40:28:950,-3.9675,-6.78875,"1,087",15,4,"57,5409","3,8106","193,8782","3,3694","11,7188"
2026 02 20 11:40:28:952,-3.9675,-6.78875,"0,784",11,2,"60,1349","3,5832","210,7697","3,5049","11,7188"
2026 02 20 11:40:28:954,-3.9985,-6.78875,"0,784",11,2,"60,1349","3,5832","210,7697","3,5049","11,7188"
2026 02 20 11:40:28:956,-3.9675,-6.78875,"0,784",11,2,"60,1349","3,5832","210,7697","3,5049","7,8125"
2026 02 20 11:40:28:958,-3.9675,-6.78875,"0,784",11,2,"60,1349","3,5832","210,7697","3,5049","31,25"
2026 02 20 11:40:28:960,-3.9675,-6.78875,"0,784",11,2,"60,1349","3,5832","210,7697","3,5049","19,5313"
2026 02 20 11:40:28:962,-3.9675,-6.78875,"0,784",11,2,"60,1349","3,5832","210,7697","3,5049","11,7188"
2026 02 20 11:40:28:964,-3.9675,-6.78875,"0,784",11,2,"60,1349","3,5832","210,7697","3,5049",0
2026 02 20 11:40:28:966,-3.9675,-6.78875,"0,784",11,2,"60,1349","3,5832","210,7697","3,5049","-7,8125"
2026 02 20 11:40:28:968,-3.9985,-6.78875,"0,784",11,2,"60,1349","3,5832","210,7697","3,5049","-15,625"
2026 02 20 11:40:28:970,-3.9675,-6.78875,"0,784",11,2,"60,1349","3,5832","210,7697","3,5049","7,8125"
2026 02 20 11:40:28:972,-3.9675,-6.78875,"0,784",11,2,"60,1349","3,5832","210,7697","3,5049","7,8125"
2026 02 20 11:40:28:974,-3.9985,-6.78875,"0,784",11,2,"60,1349","3,5832","210,7697","3,5049","7,8125"
2026 02 20 11:40:28:976,-3.9675,-6.78875,"0,784",11,2,"60,1349","3,5832","210,7697","3,5049","7,8125"
2026 02 20 11:40:28:978,-3.9675,-6.70125,"0,784",11,2,"60,1349","3,5832","210,7697","3,5049","27,3438"
2026 02 20 11:40:28:980,-3.9675,-6.70125,"0,784",11,2,"60,1349","3,5832","210,7697","3,5049","19,5313"
2026 02 20 11:40:28:982,-3.9675,-6.78875,"0,784",11,2,"60,1349","3,5832","210,7697","3,5049","11,7188"
2026 02 20 11:40:28:984,-3.9675,-6.78875,"0,784",11,2,"60,1349","3,5832","210,7697","3,5049","-3,9062"
2026 02 20 11:40:28:986,-3.9985,-6.78875,"0,784",11,2,"60,1349","3,5832","210,7697","3,5049","-7,8125"
2026 02 20 11:40:28:988,-3.9675,-6.70125,"0,784",11,2,"60,1349","3,5832","210,7697","3,5049","-19,5312"
2026 02 20 11:40:28:990,-3.9675,-6.78875,"0,784",11,2,"60,1349","3,5832","210,7697","3,5049","3,9063"
2026 02 20 11:40:28:992,-3.9985,-6.78875,"0,784",11,2,"60,1349","3,5832","210,7697","3,5049","3,9063"
2026 02 20 11:40:28:994,-3.9675,-6.70125,"0,784",11,2,"60,1349","3,5832","210,7697","3,5049","3,9063"
2026 02 20 11:40:28:996,-3.9675,-6.78875,"0,784",11,2,"60,1349","3,5832","210,7697","3,5049","3,9063"
2026 02 20 11:40:28:998,-3.9675,-6.78875,"0,784",11,2,"60,1349","3,5832","210,7697","3,5049","23,4375"
2026 02 20 11:40:29:000,-3.9985,-6.78875,"0,784",11,2,"60,1349","3,5832","210,7697","3,5049","11,7188"
2026 02 20 11:40:29:002,-3.9675,-6.70125,"0,784",11,2,"60,1349","3,5832","210,7697","3,5049","3,9063"
2026 02 20 11:40:29:004,-3.9985,-6.78875,"0,784",11,2,"60,1349","3,5832","210,7697","3,5049","-7,8125"
2026 02 20 11:40:29:006,-3.9334,-6.70125,"0,784",11,2,"60,1349","3,5832","210,7697","3,5049","-15,625"
2026 02 20 11:40:29:008,-3.9985,-6.78875,"0,784",11,2,"60,1349","3,5832","210,7697","3,5049","-23,4375"
2026 02 20 11:40:29:010,-3.9985,-6.61375,"0,784",11,2,"60,1349","3,5832","210,7697","3,5049",0
2026 02 20 11:40:29:012,-3.9675,-6.70125,"0,784",11,2,"60,1349","3,5832","210,7697","3,5049",0
2026 02 20 11:40:29:014,-3.9675,-6.78875,"0,784",11,2,"60,1349","3,5832","210,7697","3,5049","3,9063"
2026 02 20 11:40:29:016,-3.9334,-6.78875,"0,784",11,2,"60,1349","3,5832","210,7697","3,5049","3,9063"
2026 02 20 11:40:29:018,-3.9334,-6.78875,"0,784",11,2,"60,1349","3,5832","210,7697","3,5049","19,5313"
2026 02 20 11:40:29:020,-3.9675,-6.78875,"0,784",11,2,"60,1349","3,5832","210,7697","3,5049","11,7188"
2026 02 20 11:40:29:022,-3.9675,-6.78875,"0,784",11,2,"60,1349","3,5832","210,7697","3,5049","3,9063"
2026 02 20 11:40:29:024,-3.9675,-6.78875,"0,784",11,2,"60,1349","3,5832","210,7697","3,5049","-11,7187"
2026 02 20 11:40:29:026,-3.9334,-6.70125,"0,784",11,2,"60,1349","3,5832","210,7697","3,5049","-15,625"
2026 02 20 11:40:29:028,-3.9675,-6.78875,"0,784",11,2,"60,1349","3,5832","210,7697","3,5049","-27,3437"
2026 02 20 11:40:29:030,-3.9675,-6.70125,"0,784",11,2,"60,1349","3,5832","210,7697","3,5049",0
2026 02 20 11:40:29:032,-3.9675,-6.78875,"0,784",11,2,"60,1349","3,5832","210,7697","3,5049","-3,9062"
2026 02 20 11:40:29:034,-3.9334,-6.70125,"0,784",11,2,"60,1349","3,5832","210,7697","3,5049","-3,9062"
2026 02 20 11:40:29:036,-3.9675,-6.78875,"0,784",11,2,"60,1349","3,5832","210,7697","3,5049",0
2026 02 20 11:40:29:038,-3.9334,-6.78875,"0,784",11,2,"60,1349","3,5832","210,7697","3,5049","19,5313"
2026 02 20 11:40:29:040,-3.9675,-6.70125,"0,784",11,2,"60,1349","3,5832","210,7697","3,5049","11,7188"
2026 02 20 11:40:29:042,-3.9675,-6.78875,"0,784",11,2,"60,1349","3,5832","210,7697","3,5049","3,9063"
2026 02 20 11:40:29:044,-3.9675,-6.78875,"0,784",11,2,"60,1349","3,5832","210,7697","3,5049","-15,625"
2026 02 20 11:40:29:046,-3.9675,-6.78875,"0,784",11,2,"60,1349","3,5832","210,7697","3,5049","-19,5312"
2026 02 20 11:40:29:048,-3.9675,-6.78875,"0,784",11,2,"60,1349","3,5832","210,7697","3,5049","-27,3437"
2026 02 20 11:40:29:050,-3.9334,-6.70125,"0,784",11,2,"60,1349","3,5832","210,7697","3,5049","-3,9062"
2026 02 20 11:40:29:052,-3.9675,-6.70125,"0,784",11,2,"60,1349","3,5832","210,7697","3,5049","-3,9062"
2026 02 20 11:40:29:054,-3.9675,-6.78875,"0,784",11,2,"60,1349","3,5832","210,7697","3,5049","-3,9062"
2026 02 20 11:40:29:056,-3.9985,-6.70125,"0,784",11,2,"60,1349","3,5832","210,7697","3,5049",0
2026 02 20 11:40:29:058,-3.9675,-6.78875,"0,784",11,2,"60,1349","3,5832","210,7697","3,5049","15,625"
2026 02 20 11:40:29:060,-3.9675,-6.70125,"0,784",11,2,"60,1349","3,5832","210,7697","3,5049","11,7188"
2026 02 20 11:40:29:062,-3.9985,-6.78875,"0,784",11,2,"60,1349","3,5832","210,7697","3,5049",0
2026 02 20 11:40:29:064,-3.9675,-6.70125,"0,784",11,2,"60,1349","3,5832","210,7697","3,5049","-19,5312"
2026 02 20 11:40:29:066,-3.9675,-6.70125,"0,784",11,2,"60,1349","3,5832","210,7697","3,5049","-19,5312"
2026 02 20 11:40:29:068,-3.9675,-6.78875,"0,784",11,2,"60,1349","3,5832","210,7697","3,5049","-31,25"
2026 02 20 11:40:29:070,-3.9675,-6.78875,"0,784",11,2,"60,1349","3,5832","210,7697","3,5049","-7,8125"
2026 02 20 11:40:29:072,-3.9334,-6.78875,"0,784",11,2,"60,1349","3,5832","210,7697","3,5049","-7,8125"
2026 02 20 11:40:29:074,-3.9675,-6.78875,"0,784",11,2,"60,1349","3,5832","210,7697","3,5049","-7,8125"
2026 02 20 11:40:29:076,-3.9985,-6.78875,"0,784",11,2,"60,1349","3,5832","210,7697","3,5049","-7,8125"
2026 02 20 11:40:29:078,-3.9675,-6.78875,"0,784",11,2,"60,1349","3,5832","210,7697","3,5049","7,8125"
2026 02 20 11:40:29:080,-3.9675,-6.78875,"0,784",11,2,"60,1349","3,5832","210,7697","3,5049","3,9063"
2026 02 20 11:40:29:082,-3.9675,-6.78875,"0,784",11,2,"60,1349","3,5832","210,7697","3,5049","-3,9062"
2026 02 20 11:40:29:084,-3.9334,-6.87625,"0,784",11,2,"60,1349","3,5832","210,7697","3,5049","-19,5312"
2026 02 20 11:40:29:086,-3.9675,-6.78875,"0,784",11,2,"60,1349","3,5832","210,7697","3,5049","-19,5312"
2026 02 20 11:40:29:088,-3.9675,-6.87625,"0,784",11,2,"60,1349","3,5832","210,7697","3,5049","-31,25"
2026 02 20 11:40:29:090,-3.9334,-6.78875,"0,784",11,2,"60,1349","3,5832","210,7697","3,5049","-7,8125"
2026 02 20 11:40:29:092,-3.9675,-6.78875,"0,784",11,2,"60,1349","3,5832","210,7697","3,5049","-7,8125"
2026 02 20 11:40:29:094,-3.9334,-6.78875,"0,784",11,2,"60,1349","3,5832","210,7697","3,5049","-7,8125"
2026 02 20 11:40:29:096,-3.9334,-6.78875,"0,784",11,2,"60,1349","3,5832","210,7697","3,5049","-7,8125"
2026 02 20 11:40:29:098,-3.9675,-6.78875,"0,784",11,2,"60,1349","3,5832","210,7697","3,5049","11,7188"
2026 02 20 11:40:29:100,-3.9985,-6.78875,"0,784",11,2,"60,1349","3,5832","210,7697","3,5049","3,9063"
2026 02 20 11:40:29:102,-3.9675,-6.87625,"0,784",11,2,"60,1349","3,5832","210,7697","3,5049","-7,8125"
2026 02 20 11:40:29:104,-3.9675,-6.78875,"0,784",11,2,"60,1349","3,5832","210,7697","3,5049","-19,5312"
2026 02 20 11:40:29:106,-3.9675,-6.78875,"0,784",11,2,"60,1349","3,5832","210,7697","3,5049","-23,4375"
2026 02 20 11:40:29:108,-3.9675,-6.70125,"0,784",11,2,"60,1349","3,5832","210,7697","3,5049","-31,25"
2026 02 20 11:40:29:110,-3.9675,-6.78875,"0,784",11,2,"60,1349","3,5832","210,7697","3,5049","-11,7187"
2026 02 20 11:40:29:112,-3.9675,-6.70125,"0,784",11,2,"60,1349","3,5832","210,7697","3,5049","-11,7187"
2026 02 20 11:40:29:114,-3.9985,-6.78875,"0,784",11,2,"60,1349","3,5832","210,7697","3,5049","-7,8125"
2026 02 20 11:40:29:116,-3.9985,-6.78875,"0,784",11,2,"60,1349","3,5832","210,7697","3,5049","-7,8125"
2026 02 20 11:40:29:118,-3.9675,-6.70125,"0,784",11,2,"60,1349","3,5832","210,7697","3,5049","7,8125"
2026 02 20 11:40:29:120,-3.9675,-6.78875,"0,784",11,2,"60,1349","3,5832","210,7697","3,5049","3,9063"
2026 02 20 11:40:29:122,-3.9985,-6.87625,"0,784",11,2,"60,1349","3,5832","210,7697","3,5049","-7,8125"
2026 02 20 11:40:29:124,-3.9985,-6.78875,"0,784",11,2,"60,1349","3,5832","210,7697","3,5049","-23,4375"
2026 02 20 11:40:29:126,-3.9675,-6.87625,"0,784",11,2,"60,1349","3,5832","210,7697","3,5049","-27,3437"
2026 02 20 11:40:29:128,-3.9675,-6.78875,"0,784",11,2,"60,1349","3,5832","210,7697","3,5049","-35,1562"
2026 02 20 11:40:29:130,-3.9675,-6.78875,"0,784",11,2,"60,1349","3,5832","210,7697","3,5049","-15,625"
2026 02 20 11:40:29:132,-3.9985,-6.78875,"0,784",11,2,"60,1349","3,5832","210,7697","3,5049","-15,625"
2026 02 20 11:40:29:134,-3.9985,-6.78875,"0,784",11,2,"60,1349","3,5832","210,7697","3,5049","-11,7187"
2026 02 20 11:40:29:136,-3.9675,-6.78875,"0,784",11,2,"60,1349","3,5832","210,7697","3,5049","-11,7187"
2026 02 20 11:40:29:138,-3.9985,-6.78875,"0,784",11,2,"60,1349","3,5832","210,7697","3,5049","3,9063"
2026 02 20 11:40:29:140,-3.9675,-6.70125,"0,784",11,2,"60,1349","3,5832","210,7697","3,5049","3,9063"
2026 02 20 11:40:29:142,-3.9675,-6.70125,"0,784",11,2,"60,1349","3,5832","210,7697","3,5049","-11,7187"
2026 02 20 11:40:29:144,-3.9675,-6.70125,"0,784",11,2,"60,1349","3,5832","210,7697","3,5049","-27,3437"
2026 02 20 11:40:29:146,-3.9675,-6.78875,"0,784",11,2,"60,1349","3,5832","210,7697","3,5049","-27,3437"
2026 02 20 11:40:29:148,-3.9675,-6.78875,"0,784",11,2,"60,1349","3,5832","210,7697","3,5049","-39,0625"
2026 02 20 11:40:29:150,-3.9675,-6.70125,"0,784",11,2,"60,1349","3,5832","210,7697","3,5049","-15,625"
2026 02 20 11:40:29:152,-3.9675,-6.70125,"0,784",11,2,"60,1349","3,5832","210,7697","3,5049","-15,625"
2026 02 20 11:40:29:154,-3.9675,-6.78875,"0,784",11,2,"60,1349","3,5832","210,7697","3,5049","-15,625"
2026 02 20 11:40:29:156,-3.9675,-6.78875,"0,784",11,2,"60,1349","3,5832","210,7697","3,5049","-15,625"
2026 02 20 11:40:29:158,-3.9675,-6.78875,"0,784",11,2,"60,1349","3,5832","210,7697","3,5049",0
2026 02 20 11:40:29:160,-3.9675,-6.78875,"0,784",11,2,"60,1349","3,5832","210,7697","3,5049","-3,9062"
2026 02 20 11:40:29:162,-3.9675,-6.70125,"0,784",11,2,"60,1349","3,5832","210,7697","3,5049","-15,625"
2026 02 20 11:40:29:164,-3.9985,-6.78875,"0,784",11,2,"60,1349","3,5832","210,7697","3,5049","-31,25"
2026 02 20 11:40:29:166,-3.9675,-6.78875,"0,784",11,2,"60,1349","3,5832","210,7697","3,5049","-31,25"
2026 02 20 11:40:29:168,-3.9675,-6.78875,"0,784",11,2,"60,1349","3,5832","210,7697","3,5049","-39,0625"
2026 02 20 11:40:29:170,-3.9675,-6.78875,"0,784",11,2,"60,1349","3,5832","210,7697","3,5049","-19,5312"
2026 02 20 11:40:29:172,-3.9675,-6.78875,"0,784",11,2,"60,1349","3,5832","210,7697","3,5049","-15,625"
2026 02 20 11:40:29:174,-3.9675,-6.78875,"0,784",11,2,"60,1349","3,5832","210,7697","3,5049","-15,625"
2026 02 20 11:40:29:176,-3.9675,-6.78875,"0,784",11,2,"60,1349","3,5832","210,7697","3,5049","-19,5312"
2026 02 20 11:40:29:178,-3.9985,-6.78875,"0,784",11,2,"60,1349","3,5832","210,7697","3,5049","3,9063"
2026 02 20 11:40:29:180,-3.9675,-6.78875,"0,784",11,2,"60,1349","3,5832","210,7697","3,5049","-3,9062"
2026 02 20 11:40:29:182,-3.9675,-6.78875,"0,784",11,2,"60,1349","3,5832","210,7697","3,5049","-15,625"
2026 02 20 11:40:29:184,-3.9985,-6.87625,"0,784",11,2,"60,1349","3,5832","210,7697","3,5049","-31,25"
2026 02 20 11:40:29:186,-3.9675,-6.78875,"0,784",11,2,"60,1349","3,5832","210,7697","3,5049","-31,25"
2026 02 20 11:40:29:188,-3.9675,-6.87625,"0,784",11,2,"60,1349","3,5832","210,7697","3,5049","-42,9687"
2026 02 20 11:40:29:190,-3.9675,-6.87625,"0,784",11,2,"60,1349","3,5832","210,7697","3,5049","-19,5312"
2026 02 20 11:40:29:192,-3.9675,-6.78875,"0,784",11,2,"60,1349","3,5832","210,7697","3,5049","-19,5312"
2026 02 20 11:40:29:194,-3.9675,-6.70125,"0,784",11,2,"60,1349","3,5832","210,7697","3,5049","-19,5312"
2026 02 20 11:40:29:196,-3.9675,-6.70125,"0,784",11,2,"60,1349","3,5832","210,7697","3,5049","-19,5312"
2026 02 20 11:40:29:198,-3.9675,-6.78875,"0,784",11,2,"60,1349","3,5832","210,7697","3,5049",0
2026 02 20 11:40:29:200,-3.9675,-6.78875,"0,784",11,2,"60,1349","3,5832","210,7697","3,5049","-7,8125"
2026 02 20 11:40:29:202,-3.9675,-6.70125,"0,784",11,2,"60,1349","3,5832","210,7697","3,5049","-19,5312"
2026 02 20 11:40:29:204,-3.9334,-6.70125,"0,784",11,2,"60,1349","3,5832","210,7697","3,5049","-31,25"
2026 02 20 11:40:29:206,-3.9334,-6.70125,"0,784",11,2,"60,1349","3,5832","210,7697","3,5049","-35,1562"
2026 02 20 11:40:29:208,-3.9675,-6.70125,"0,784",11,2,"60,1349","3,5832","210,7697","3,5049","-46,875"
2026 02 20 11:40:29:210,-3.9675,-6.70125,"0,784",11,2,"60,1349","3,5832","210,7697","3,5049","-23,4375"
2026 02 20 11:40:29:212,-3.9675,-6.78875,"0,784",11,2,"60,1349","3,5832","210,7697","3,5049","-23,4375"
2026 02 20 11:40:29:214,-3.9675,-6.78875,"0,784",11,2,"60,1349","3,5832","210,7697","3,5049","-23,4375"
2026 02 20 11:40:29:216,-3.9675,-6.78875,"0,784",11,2,"60,1349","3,5832","210,7697","3,5049","-23,4375"
2026 02 20 11:40:29:218,-3.9675,-6.78875,"0,784",11,2,"60,1349","3,5832","210,7697","3,5049","-3,9062"
2026 02 20 11:40:29:220,-3.9675,-6.78875,"0,784",11,2,"60,1349","3,5832","210,7697","3,5049","-7,8125"
2026 02 20 11:40:29:222,-3.9675,-6.78875,"0,784",11,2,"60,1349","3,5832","210,7697","3,5049","-19,5312"
2026 02 20 11:40:29:224,-3.9675,-6.87625,"0,784",11,2,"60,1349","3,5832","210,7697","3,5049","-35,1562"
2026 02 20 11:40:29:226,-3.9675,-6.78875,"0,784",11,2,"60,1349","3,5832","210,7697","3,5049","-35,1562"
2026 02 20 11:40:29:228,-3.9675,-6.78875,"0,784",11,2,"60,1349","3,5832","210,7697","3,5049","-42,9687"
2026 02 20 11:40:29:230,-3.9675,-6.78875,"0,784",11,2,"60,1349","3,5832","210,7697","3,5049","-23,4375"
2026 02 20 11:40:29:232,-3.9675,-6.78875,"0,784",11,2,"60,1349","3,5832","210,7697","3,5049","-23,4375"
2026 02 20 11:40:29:234,-3.9675,-6.78875,"0,784",11,2,"60,1349","3,5832","210,7697","3,5049","-23,4375"
2026 02 20 11:40:29:236,-3.9675,-6.78875,"0,784",11,2,"60,1349","3,5832","210,7697","3,5049","-27,3437"
2026 02 20 11:40:29:238,-3.9334,-6.78875,"0,784",11,2,"60,1349","3,5832","210,7697","3,5049","-3,9062"
2026 02 20 11:40:29:240,-3.9985,-6.78875,"0,784",11,2,"60,1349","3,5832","210,7697","3,5049","-11,7187"
2026 02 20 11:40:29:242,-3.9675,-6.78875,"0,784",11,2,"60,1349","3,5832","210,7697","3,5049","-23,4375"
2026 02 20 11:40:29:244,-3.9675,-6.78875,"0,784",11,2,"60,1349","3,5832","210,7697","3,5049","-35,1562"
2026 02 20 11:40:29:246,-3.9675,-6.87625,"0,784",11,2,"60,1349","3,5832","210,7697","3,5049","-35,1562"
2026 02 20 11:40:29:248,-3.9985,-6.78875,"0,784",11,2,"60,1349","3,5832","210,7697","3,5049","-46,875"
2026 02 20 11:40:29:250,-3.9675,-6.78875,"0,784",11,2,"60,1349","3,5832","210,7697","3,5049","-27,3437"
2026 02 20 11:40:29:252,-3.9675,-6.78875,"0,784",11,2,"60,1349","3,5832","210,7697","3,5049","-23,4375"
2026 02 20 11:40:29:254,-3.9675,-6.78875,"0,445",11,0,"19,9127","76,7346","134,7809","6,7686","-23,4375"
2026 02 20 11:40:29:256,-3.9675,-6.78875,"0,445",11,0,"19,9127","76,7346","134,7809","6,7686","-27,3437"
2026 02 20 11:40:29:258,-3.9675,-6.70125,"0,445",11,0,"19,9127","76,7346","134,7809","6,7686","-3,9062"
2026 02 20 11:40:29:260,-3.9675,-6.70125,"0,445",11,0,"19,9127","76,7346","134,7809","6,7686","-11,7187"
2026 02 20 11:40:29:262,-3.9675,-6.70125,"0,445",11,0,"19,9127","76,7346","134,7809","6,7686","-23,4375"
2026 02 20 11:40:29:264,-3.9675,-6.78875,"0,445",11,0,"19,9127","76,7346","134,7809","6,7686","-35,1562"
2026 02 20 11:40:29:266,-3.9675,-6.78875,"0,445",11,0,"19,9127","76,7346","134,7809","6,7686","-39,0625"
2026 02 20 11:40:29:268,-3.9334,-6.87625,"0,445",11,0,"19,9127","76,7346","134,7809","6,7686","-42,9687"
2026 02 20 11:40:29:270,-3.9675,-6.78875,"0,445",11,0,"19,9127","76,7346","134,7809","6,7686","-27,3437"
2026 02 20 11:40:29:272,-3.9675,-6.78875,"0,445",11,0,"19,9127","76,7346","134,7809","6,7686","-27,3437"
2026 02 20 11:40:29:274,-3.9334,-6.87625,"0,445",11,0,"19,9127","76,7346","134,7809","6,7686","-27,3437"
2026 02 20 11:40:29:276,-3.9334,-6.70125,"0,445",11,0,"19,9127","76,7346","134,7809","6,7686","-27,3437"
2026 02 20 11:40:29:278,-3.9675,-6.70125,"0,445",11,0,"19,9127","76,7346","134,7809","6,7686","-7,8125"
2026 02 20 11:40:29:280,-3.9675,-6.87625,"0,445",11,0,"19,9127","76,7346","134,7809","6,7686","-11,7187"
2026 02 20 11:40:29:282,-3.9675,-6.87625,"0,445",11,0,"19,9127","76,7346","134,7809","6,7686","-23,4375"
2026 02 20 11:40:29:284,-3.9334,-6.78875,"0,445",11,0,"19,9127","76,7346","134,7809","6,7686","-39,0625"
2026 02 20 11:40:29:286,-3.9675,-6.78875,"0,445",11,0,"19,9127","76,7346","134,7809","6,7686","-39,0625"
2026 02 20 11:40:29:288,-3.9675,-6.78875,"0,445",11,0,"19,9127","76,7346","134,7809","6,7686","-46,875"
2026 02 20 11:40:29:290,-3.9985,-6.78875,"0,445",11,0,"19,9127","76,7346","134,7809","6,7686","-31,25"
2026 02 20 11:40:29:292,-3.9985,-6.70125,"0,445",11,0,"19,9127","76,7346","134,7809","6,7686","-27,3437"
2026 02 20 11:40:29:294,-3.9675,-6.78875,"0,445",11,0,"19,9127","76,7346","134,7809","6,7686","-27,3437"
2026 02 20 11:40:29:296,-3.9675,-6.78875,"0,445",11,0,"19,9127","76,7346","134,7809","6,7686","-27,3437"
2026 02 20 11:40:29:298,-3.9675,-6.78875,"0,445",11,0,"19,9127","76,7346","134,7809","6,7686","-7,8125"
2026 02 20 11:40:29:300,-3.9675,-6.78875,"0,445",11,0,"19,9127","76,7346","134,7809","6,7686","-19,5312"
2026 02 20 11:40:29:302,-3.9675,-6.78875,"0,445",11,0,"19,9127","76,7346","134,7809","6,7686","-27,3437"
2026 02 20 11:40:29:304,-3.9675,-6.78875,"0,445",11,0,"19,9127","76,7346","134,7809","6,7686","-42,9687"
2026 02 20 11:40:29:306,-3.9334,-6.78875,"0,445",11,0,"19,9127","76,7346","134,7809","6,7686","-39,0625"
2026 02 20 11:40:29:308,-3.9675,-6.78875,"0,445",11,0,"19,9127","76,7346","134,7809","6,7686","-50,7812"
2026 02 20 11:40:29:310,-3.9985,-6.78875,"0,445",11,0,"19,9127","76,7346","134,7809","6,7686","-31,25"
2026 02 20 11:40:29:312,-3.9675,-6.78875,"0,445",11,0,"19,9127","76,7346","134,7809","6,7686","-31,25"
2026 02 20 11:40:29:314,-3.9985,-6.78875,"0,445",11,0,"19,9127","76,7346","134,7809","6,7686","-31,25"
2026 02 20 11:40:29:316,-3.9675,-6.70125,"0,445",11,0,"19,9127","76,7346","134,7809","6,7686","-31,25"
2026 02 20 11:40:29:318,-3.9675,-6.78875,"0,445",11,0,"19,9127","76,7346","134,7809","6,7686","-7,8125"
2026 02 20 11:40:29:320,-3.9675,-6.78875,"0,445",11,0,"19,9127","76,7346","134,7809","6,7686","-19,5312"
2026 02 20 11:40:29:322,-3.9675,-6.70125,"0,445",11,0,"19,9127","76,7346","134,7809","6,7686","-31,25"
2026 02 20 11:40:29:324,-3.9675,-6.87625,"0,445",11,0,"19,9127","76,7346","134,7809","6,7686","-42,9687"
2026 02 20 11:40:29:326,-3.9675,-6.78875,"0,445",11,0,"19,9127","76,7346","134,7809","6,7686","-42,9687"
2026 02 20 11:40:29:328,-3.9675,-6.78875,"0,445",11,0,"19,9127","76,7346","134,7809","6,7686","-50,7812"
2026 02 20 11:40:29:330,-3.9675,-6.70125,"0,445",11,0,"19,9127","76,7346","134,7809","6,7686","-35,1562"
2026 02 20 11:40:29:332,-3.9675,-6.78875,"0,445",11,0,"19,9127","76,7346","134,7809","6,7686","-31,25"
2026 02 20 11:40:29:334,-3.9675,-6.78875,"0,445",11,0,"19,9127","76,7346","134,7809","6,7686","-35,1562"
2026 02 20 11:40:29:336,-3.9675,-6.78875,"0,445",11,0,"19,9127","76,7346","134,7809","6,7686","-31,25"
2026 02 20 11:40:29:338,-3.9334,-6.78875,"0,445",11,0,"19,9127","76,7346","134,7809","6,7686","-7,8125"
2026 02 20 11:40:29:340,-3.9675,-6.78875,"0,445",11,0,"19,9127","76,7346","134,7809","6,7686","-19,5312"
2026 02 20 11:40:29:342,-3.9675,-6.78875,"0,445",11,0,"19,9127","76,7346","134,7809","6,7686","-31,25"
2026 02 20 11:40:29:344,-3.9675,-6.70125,"0,445",11,0,"19,9127","76,7346","134,7809","6,7686","-42,9687"
2026 02 20 11:40:29:346,-3.9675,-6.87625,"0,445",11,0,"19,9127","76,7346","134,7809","6,7686","-42,9687"
2026 02 20 11:40:29:348,-3.9675,-6.78875,"0,445",11,0,"19,9127","76,7346","134,7809","6,7686","-54,6875"
2026 02 20 11:40:29:350,-3.9675,-6.70125,"0,445",11,0,"19,9127","76,7346","134,7809","6,7686","-35,1562"
2026 02 20 11:40:29:352,-3.9675,-6.70125,"0,445",11,0,"19,9127","76,7346","134,7809","6,7686","-35,1562"
2026 02 20 11:40:29:354,-3.9675,-6.78875,"0,445",11,0,"19,9127","76,7346","134,7809","6,7686","-35,1562"
2026 02 20 11:40:29:356,-3.9675,-6.78875,"0,445",11,0,"19,9127","76,7346","134,7809","6,7686","-35,1562"
2026 02 20 11:40:29:358,-3.9985,-6.78875,"0,445",11,0,"19,9127","76,7346","134,7809","6,7686","-11,7187"
2026 02 20 11:40:29:360,-3.9675,-6.78875,"0,445",11,0,"19,9127","76,7346","134,7809","6,7686","-19,5312"
2026 02 20 11:40:29:362,-3.9675,-6.78875,"0,445",11,0,"19,9127","76,7346","134,7809","6,7686","-35,1562"
2026 02 20 11:40:29:364,-3.9985,-6.78875,"0,445",11,0,"19,9127","76,7346","134,7809","6,7686","-46,875"
2026 02 20 11:40:29:366,-3.9675,-6.78875,"0,445",11,0,"19,9127","76,7346","134,7809","6,7686","-46,875"
2026 02 20 11:40:29:368,-3.9675,-6.70125,"0,445",11,0,"19,9127","76,7346","134,7809","6,7686","-50,7812"
2026 02 20 11:40:29:370,-3.9675,-6.78875,"0,445",11,0,"19,9127","76,7346","134,7809","6,7686","-35,1562"
2026 02 20 11:40:29:372,-3.9675,-6.78875,"0,445",11,0,"19,9127","76,7346","134,7809","6,7686","-39,0625"
2026 02 20 11:40:29:374,-3.9675,-6.70125,"0,445",11,0,"19,9127","76,7346","134,7809","6,7686","-39,0625"
2026 02 20 11:40:29:376,-3.9675,-6.78875,"0,445",11,0,"19,9127","76,7346","134,7809","6,7686","-39,0625"
2026 02 20 11:40:29:378,-4.0295,-6.78875,"0,445",11,0,"19,9127","76,7346","134,7809","6,7686","-15,625"
2026 02 20 11:40:29:380,-3.9334,-6.78875,"0,445",11,0,"19,9127","76,7346","134,7809","6,7686","-27,3437"
2026 02 20 11:40:29:382,-3.9675,-6.78875,"0,445",11,0,"19,9127","76,7346","134,7809","6,7686","-35,1562"
2026 02 20 11:40:29:384,-3.9334,-6.78875,"0,445",11,0,"19,9127","76,7346","134,7809","6,7686","-46,875"
2026 02 20 11:40:29:386,-3.9334,-6.78875,"0,445",11,0,"19,9127","76,7346","134,7809","6,7686","-46,875"
2026 02 20 11:40:29:388,-3.9985,-6.78875,"0,445",11,0,"19,9127","76,7346","134,7809","6,7686","-50,7812"
2026 02 20 11:40:29:390,-3.9675,-6.78875,"0,445",11,0,"19,9127","76,7346","134,7809","6,7686","-35,1562"
2026 02 20 11:40:29:392,-3.9675,-6.78875,"0,445",11,0,"19,9127","76,7346","134,7809","6,7686","-35,1562"
2026 02 20 11:40:29:394,-3.9675,-6.70125,"0,445",11,0,"19,9127","76,7346","134,7809","6,7686","-35,1562"
2026 02 20 11:40:29:396,-3.9985,-6.78875,"0,445",11,0,"19,9127","76,7346","134,7809","6,7686","-35,1562"
2026 02 20 11:40:29:398,-3.9675,-6.78875,"0,445",11,0,"19,9127","76,7346","134,7809","6,7686","-19,5312"
2026 02 20 11:40:29:400,-3.9675,-6.87625,"0,445",11,0,"19,9127","76,7346","134,7809","6,7686","-23,4375"
2026 02 20 11:40:29:402,-3.9675,-6.70125,"0,445",11,0,"19,9127","76,7346","134,7809","6,7686","-35,1562"
2026 02 20 11:40:29:404,-3.9675,-6.70125,"0,445",11,0,"19,9127","76,7346","134,7809","6,7686","-46,875"
2026 02 20 11:40:29:406,-3.9675,-6.78875,"0,445",11,0,"19,9127","76,7346","134,7809","6,7686","-46,875"
2026 02 20 11:40:29:408,-3.9675,-6.78875,"0,445",11,0,"19,9127","76,7346","134,7809","6,7686","-54,6875"
2026 02 20 11:40:29:410,-3.9675,-6.78875,"0,445",11,0,"19,9127","76,7346","134,7809","6,7686","-39,0625"
2026 02 20 11:40:29:412,-3.9675,-6.78875,"0,445",11,0,"19,9127","76,7346","134,7809","6,7686","-39,0625"
2026 02 20 11:40:29:414,-3.9675,-6.70125,"0,445",11,0,"19,9127","76,7346","134,7809","6,7686","-39,0625"
2026 02 20 11:40:29:416,-3.9985,-6.78875,"0,445",11,0,"19,9127","76,7346","134,7809","6,7686","-35,1562"
2026 02 20 11:40:29:418,-3.9675,-6.87625,"0,445",11,0,"19,9127","76,7346","134,7809","6,7686","-19,5312"
2026 02 20 11:40:29:420,-3.9675,-6.70125,"0,445",11,0,"19,9127","76,7346","134,7809","6,7686","-23,4375"
2026 02 20 11:40:29:422,-3.9675,-6.70125,"0,445",11,0,"19,9127","76,7346","134,7809","6,7686","-35,1562"
2026 02 20 11:40:29:424,-3.9675,-6.78875,"0,445",11,0,"19,9127","76,7346","134,7809","6,7686","-46,875"
2026 02 20 11:40:29:426,-3.9334,-6.78875,"0,445",11,0,"19,9127","76,7346","134,7809","6,7686","-50,7812"
2026 02 20 11:40:29:428,-3.9675,-6.78875,"0,445",11,0,"19,9127","76,7346","134,7809","6,7686","-50,7812"
2026 02 20 11:40:29:430,-3.9675,-6.78875,"0,445",11,0,"19,9127","76,7346","134,7809","6,7686","-39,0625"
2026 02 20 11:40:29:432,-3.9675,-6.78875,"0,445",11,0,"19,9127","76,7346","134,7809","6,7686","-39,0625"
2026 02 20 11:40:29:434,-3.9675,-6.87625,"0,445",11,0,"19,9127","76,7346","134,7809","6,7686","-42,9687"
2026 02 20 11:40:29:436,-3.9675,-6.78875,"0,445",11,0,"19,9127","76,7346","134,7809","6,7686","-39,0625"
2026 02 20 11:40:29:438,-3.9985,-6.78875,"0,445",11,0,"19,9127","76,7346","134,7809","6,7686","-19,5312"
2026 02 20 11:40:29:440,-3.9675,-6.87625,"0,445",11,0,"19,9127","76,7346","134,7809","6,7686","-23,4375"
2026 02 20 11:40:29:442,-3.9675,-6.78875,"0,445",11,0,"19,9127","76,7346","134,7809","6,7686","-39,0625"
2026 02 20 11:40:29:444,-3.9675,-6.70125,"0,445",11,0,"19,9127","76,7346","134,7809","6,7686","-50,7812"
2026 02 20 11:40:29:446,-3.9334,-6.78875,"0,445",11,0,"19,9127","76,7346","134,7809","6,7686","-50,7812"
2026 02 20 11:40:29:448,-3.9675,-6.78875,"0,445",11,0,"19,9127","76,7346","134,7809","6,7686","-54,6875"
2026 02 20 11:40:29:450,-3.9334,-6.78875,"0,445",11,0,"19,9127","76,7346","134,7809","6,7686","-42,9687"
2026 02 20 11:40:29:452,-3.9675,-6.78875,"0,445",11,0,"19,9127","76,7346","134,7809","6,7686","-39,0625"
2026 02 20 11:40:29:454,-3.9334,-6.78875,"0,445",11,0,"19,9127","76,7346","134,7809","6,7686","-39,0625"
2026 02 20 11:40:29:456,-3.9675,-6.78875,"0,445",11,0,"19,9127","76,7346","134,7809","6,7686","-42,9687"
2026 02 20 11:40:29:458,-3.9334,-6.78875,"0,445",11,0,"19,9127","76,7346","134,7809","6,7686","-23,4375"
2026 02 20 11:40:29:460,-3.9334,-6.78875,"0,445",11,0,"19,9127","76,7346","134,7809","6,7686","-31,25"
2026 02 20 11:40:29:462,-3.9675,-6.70125,"0,445",11,0,"19,9127","76,7346","134,7809","6,7686","-39,0625"
2026 02 20 11:40:29:464,-3.9675,-6.78875,"0,445",11,0,"19,9127","76,7346","134,7809","6,7686","-54,6875"
2026 02 20 11:40:29:466,-3.9675,-6.70125,"0,445",11,0,"19,9127","76,7346","134,7809","6,7686","-50,7812"
2026 02 20 11:40:29:468,-3.9334,-6.78875,"0,445",11,0,"19,9127","76,7346","134,7809","6,7686","-54,6875"
2026 02 20 11:40:29:470,-3.9675,-6.78875,"0,445",11,0,"19,9127","76,7346","134,7809","6,7686","-42,9687"
2026 02 20 11:40:29:472,-3.9675,-6.78875,"0,445",11,0,"19,9127","76,7346","134,7809","6,7686","-42,9687"
2026 02 20 11:40:29:474,-3.9985,-6.78875,"0,445",11,0,"19,9127","76,7346","134,7809","6,7686","-39,0625"
2026 02 20 11:40:29:476,-3.9334,-6.78875,"0,445",11,0,"19,9127","76,7346","134,7809","6,7686","-42,9687"
2026 02 20 11:40:29:478,-3.9675,-6.78875,"0,445",11,0,"19,9127","76,7346","134,7809","6,7686","-23,4375"
2026 02 20 11:40:29:480,-3.9675,-6.78875,"0,445",11,0,"19,9127","76,7346","134,7809","6,7686","-27,3437"
2026 02 20 11:40:29:482,-3.9985,-6.78875,"0,445",11,0,"19,9127","76,7346","134,7809","6,7686","-39,0625"
2026 02 20 11:40:29:484,-3.9334,-6.78875,"0,445",11,0,"19,9127","76,7346","134,7809","6,7686","-54,6875"
2026 02 20 11:40:29:486,-3.9675,-6.78875,"0,445",11,0,"19,9127","76,7346","134,7809","6,7686","-54,6875"
2026 02 20 11:40:29:488,-3.9675,-6.78875,"0,445",11,0,"19,9127","76,7346","134,7809","6,7686","-54,6875"
2026 02 20 11:40:29:490,-3.9675,-6.78875,"0,445",11,0,"19,9127","76,7346","134,7809","6,7686","-46,875"
2026 02 20 11:40:29:492,-3.9675,-6.78875,"0,445",11,0,"19,9127","76,7346","134,7809","6,7686","-42,9687"
2026 02 20 11:40:29:494,-3.9675,-6.78875,"0,445",11,0,"19,9127","76,7346","134,7809","6,7686","-42,9687"
2026 02 20 11:40:29:496,-3.9675,-6.78875,"0,445",11,0,"19,9127","76,7346","134,7809","6,7686","-42,9687"
2026 02 20 11:40:29:498,-3.9675,-6.78875,"0,445",11,0,"19,9127","76,7346","134,7809","6,7686","-23,4375"
2026 02 20 11:40:29:500,-3.9675,-6.78875,"0,445",11,0,"19,9127","76,7346","134,7809","6,7686","-27,3437"
2026 02 20 11:40:29:502,-3.9675,-6.78875,"0,445",11,0,"19,9127","76,7346","134,7809","6,7686","-42,9687"
2026 02 20 11:40:29:504,-3.9675,-6.78875,"0,445",11,0,"19,9127","76,7346","134,7809","6,7686","-54,6875"
2026 02 20 11:40:29:506,-3.9334,-6.78875,"0,445",11,0,"19,9127","76,7346","134,7809","6,7686","-50,7812"
2026 02 20 11:40:29:508,-3.9675,-6.70125,"0,445",11,0,"19,9127","76,7346","134,7809","6,7686","-58,5937"
2026 02 20 11:40:29:510,-3.9675,-6.78875,"0,445",11,0,"19,9127","76,7346","134,7809","6,7686","-42,9687"
2026 02 20 11:40:29:512,-3.9985,-6.87625,"0,445",11,0,"19,9127","76,7346","134,7809","6,7686","-42,9687"
2026 02 20 11:40:29:514,-3.9675,-6.87625,"0,445",11,0,"19,9127","76,7346","134,7809","6,7686","-42,9687"
2026 02 20 11:40:29:516,-3.9675,-6.70125,"0,445",11,0,"19,9127","76,7346","134,7809","6,7686","-42,9687"
2026 02 20 11:40:29:518,-3.9675,-6.87625,"0,445",11,0,"19,9127","76,7346","134,7809","6,7686","-23,4375"
2026 02 20 11:40:29:520,-3.9675,-6.78875,"0,445",11,0,"19,9127","76,7346","134,7809","6,7686","-31,25"
2026 02 20 11:40:29:522,-3.9985,-6.70125,"0,445",11,0,"19,9127","76,7346","134,7809","6,7686","-42,9687"
2026 02 20 11:40:29:524,-3.9675,-6.78875,"0,445",11,0,"19,9127","76,7346","134,7809","6,7686","-54,6875"
2026 02 20 11:40:29:526,-3.9675,-6.78875,"0,445",11,0,"19,9127","76,7346","134,7809","6,7686","-50,7812"
2026 02 20 11:40:29:528,-3.9675,-6.78875,"0,445",11,0,"19,9127","76,7346","134,7809","6,7686","-54,6875"
2026 02 20 11:40:29:530,-3.9675,-6.78875,"0,445",11,0,"19,9127","76,7346","134,7809","6,7686","-42,9687"
2026 02 20 11:40:29:532,-3.9334,-6.78875,"0,445",11,0,"19,9127","76,7346","134,7809","6,7686","-46,875"
2026 02 20 11:40:29:534,-3.9985,-6.78875,"0,445",11,0,"19,9127","76,7346","134,7809","6,7686","-46,875"
2026 02 20 11:40:29:536,-3.9675,-6.78875,"0,445",11,0,"19,9127","76,7346","134,7809","6,7686","-42,9687"
2026 02 20 11:40:29:538,-3.9675,-6.87625,"0,445",11,0,"19,9127","76,7346","134,7809","6,7686","-27,3437"
2026 02 20 11:40:29:540,-3.9675,-6.78875,"0,445",11,0,"19,9127","76,7346","134,7809","6,7686","-35,1562"
2026 02 20 11:40:29:542,-3.9675,-6.70125,"0,445",11,0,"19,9127","76,7346","134,7809","6,7686","-42,9687"
2026 02 20 11:40:29:544,-3.9675,-6.70125,"0,445",11,0,"19,9127","76,7346","134,7809","6,7686","-54,6875"
2026 02 20 11:40:29:546,-3.9675,-6.70125,"0,445",11,0,"19,9127","76,7346","134,7809","6,7686","-54,6875"
2026 02 20 11:40:29:548,-3.9985,-6.78875,"0,445",11,0,"19,9127","76,7346","134,7809","6,7686","-54,6875"
2026 02 20 11:40:29:550,-3.9675,-6.70125,"0,445",11,0,"19,9127","76,7346","134,7809","6,7686","-46,875"
2026 02 20 11:40:29:552,-3.9675,-6.78875,"0,445",11,0,"19,9127","76,7346","134,7809","6,7686","-46,875"
2026 02 20 11:40:29:554,-3.9675,-6.78875,"0,2939",11,0,0,-3,"92,7887","3,402823466385289e+38","-42,9687"
2026 02 20 11:40:29:556,-3.9675,-6.78875,"0,2939",11,0,0,-3,"92,7887","3,402823466385289e+38","-46,875"
2026 02 20 11:40:29:558,-3.9675,-6.78875,"0,2939",11,0,0,-3,"92,7887","3,402823466385289e+38","-27,3437"
2026 02 20 11:40:29:560,-3.9675,-6.78875,"0,2939",11,0,0,-3,"92,7887","3,402823466385289e+38","-31,25"
2026 02 20 11:40:29:562,-3.9985,-6.78875,"0,2939",11,0,0,-3,"92,7887","3,402823466385289e+38","-42,9687"
2026 02 20 11:40:29:564,-3.9675,-6.70125,"0,2939",11,0,0,-3,"92,7887","3,402823466385289e+38","-58,5937"
2026 02 20 11:40:29:566,-3.9334,-6.70125,"0,2939",11,0,0,-3,"92,7887","3,402823466385289e+38","-54,6875"
2026 02 20 11:40:29:568,-3.9675,-6.78875,"0,2939",11,0,0,-3,"92,7887","3,402823466385289e+38","-54,6875"
2026 02 20 11:40:29:570,-3.9334,-6.78875,"0,2939",11,0,0,-3,"92,7887","3,402823466385289e+38","-46,875"
2026 02 20 11:40:29:572,-3.9675,-6.78875,"0,2939",11,0,0,-3,"92,7887","3,402823466385289e+38","-46,875"
2026 02 20 11:40:29:574,-3.9334,-6.78875,"0,2939",11,0,0,-3,"92,7887","3,402823466385289e+38","-46,875"
2026 02 20 11:40:29:576,-3.9675,-6.78875,"0,2939",11,0,0,-3,"92,7887","3,402823466385289e+38","-46,875"
2026 02 20 11:40:29:578,-3.9675,-6.78875,"0,2939",11,0,0,-3,"92,7887","3,402823466385289e+38","-27,3437"
2026 02 20 11:40:29:580,-3.9675,-6.78875,"0,2939",11,0,0,-3,"92,7887","3,402823466385289e+38","-27,3437"
2026 02 20 11:40:29:582,-3.9334,-6.78875,"0,2939",11,0,0,-3,"92,7887","3,402823466385289e+38","-46,875"
2026 02 20 11:40:29:584,-3.9675,-6.78875,"0,2939",11,0,0,-3,"92,7887","3,402823466385289e+38","-58,5937"
2026 02 20 11:40:29:586,-3.9675,-6.78875,"0,2939",11,0,0,-3,"92,7887","3,402823466385289e+38","-54,6875"
2026 02 20 11:40:29:588,-3.9985,-6.78875,"0,2939",11,0,0,-3,"92,7887","3,402823466385289e+38","-54,6875"
2026 02 20 11:40:29:590,-3.9675,-6.78875,"0,2939",11,0,0,-3,"92,7887","3,402823466385289e+38","-46,875"
2026 02 20 11:40:29:592,-3.9334,-6.78875,"0,2939",11,0,0,-3,"92,7887","3,402823466385289e+38","-46,875"
2026 02 20 11:40:29:594,-3.9675,-6.78875,"0,2939",11,0,0,-3,"92,7887","3,402823466385289e+38","-46,875"
2026 02 20 11:40:29:596,-3.9675,-6.78875,"0,2939",11,0,0,-3,"92,7887","3,402823466385289e+38","-46,875"
2026 02 20 11:40:29:598,-3.9675,-6.70125,"0,2939",11,0,0,-3,"92,7887","3,402823466385289e+38","-27,3437"
2026 02 20 11:40:29:600,-3.9985,-6.78875,"0,2939",11,0,0,-3,"92,7887","3,402823466385289e+38","-35,1562"
2026 02 20 11:40:29:602,-3.9985,-6.78875,"0,2939",11,0,0,-3,"92,7887","3,402823466385289e+38","-46,875"
2026 02 20 11:40:29:604,-3.9334,-6.78875,"0,2939",11,0,0,-3,"92,7887","3,402823466385289e+38","-58,5937"
2026 02 20 11:40:29:606,-3.9675,-6.78875,"0,2939",11,0,0,-3,"92,7887","3,402823466385289e+38","-54,6875"
2026 02 20 11:40:29:608,-3.9985,-6.78875,"0,2939",11,0,0,-3,"92,7887","3,402823466385289e+38","-58,5937"
2026 02 20 11:40:29:610,-3.9334,-6.70125,"0,2939",11,0,0,-3,"92,7887","3,402823466385289e+38","-46,875"
2026 02 20 11:40:29:612,-3.9675,-6.78875,"0,2939",11,0,0,-3,"92,7887","3,402823466385289e+38","-46,875"
2026 02 20 11:40:29:614,-3.9985,-6.78875,"0,2939",11,0,0,-3,"92,7887","3,402823466385289e+38","-50,7812"
2026 02 20 11:40:29:616,-3.9675,-6.78875,"0,2939",11,0,0,-3,"92,7887","3,402823466385289e+38","-50,7812"
2026 02 20 11:40:29:618,-3.9985,-6.78875,"0,2939",11,0,0,-3,"92,7887","3,402823466385289e+38","-27,3437"
2026 02 20 11:40:29:620,-3.9675,-6.78875,"0,2939",11,0,0,-3,"92,7887","3,402823466385289e+38","-35,1562"
2026 02 20 11:40:29:622,-3.9334,-6.78875,"0,2939",11,0,0,-3,"92,7887","3,402823466385289e+38","-46,875"
2026 02 20 11:40:29:624,-3.9675,-6.78875,"0,2939",11,0,0,-3,"92,7887","3,402823466385289e+38","-58,5937"
2026 02 20 11:40:29:626,-3.9675,-6.78875,"0,2939",11,0,0,-3,"92,7887","3,402823466385289e+38","-58,5937"
2026 02 20 11:40:29:628,-3.9334,-6.78875,"0,2939",11,0,0,-3,"92,7887","3,402823466385289e+38","-54,6875"
2026 02 20 11:40:29:630,-3.9675,-6.78875,"0,2939",11,0,0,-3,"92,7887","3,402823466385289e+38","-50,7812"
2026 02 20 11:40:29:632,-3.9675,-6.78875,"0,2939",11,0,0,-3,"92,7887","3,402823466385289e+38","-46,875"
2026 02 20 11:40:29:634,-3.9675,-6.78875,"0,2939",11,0,0,-3,"92,7887","3,402823466385289e+38","-50,7812"
2026 02 20 11:40:29:636,-3.9675,-6.78875,"0,2939",11,0,0,-3,"92,7887","3,402823466385289e+38","-50,7812"
2026 02 20 11:40:29:638,-3.9334,-6.78875,"0,2939",11,0,0,-3,"92,7887","3,402823466385289e+38","-31,25"
2026 02 20 11:40:29:640,-3.9334,-6.78875,"0,2939",11,0,0,-3,"92,7887","3,402823466385289e+38","-35,1562"
2026 02 20 11:40:29:642,-3.9675,-6.78875,"0,2939",11,0,0,-3,"92,7887","3,402823466385289e+38","-50,7812"
2026 02 20 11:40:29:644,-3.9985,-6.78875,"0,2939",11,0,0,-3,"92,7887","3,402823466385289e+38","-62,5"
2026 02 20 11:40:29:646,-3.9675,-6.87625,"0,2939",11,0,0,-3,"92,7887","3,402823466385289e+38","-58,5937"
2026 02 20 11:40:29:648,-3.9675,-6.78875,"0,2939",11,0,0,-3,"92,7887","3,402823466385289e+38","-58,5937"
2026 02 20 11:40:29:650,-3.9675,-6.78875,"0,2939",11,0,0,-3,"92,7887","3,402823466385289e+38","-50,7812"
2026 02 20 11:40:29:652,-3.9334,-6.78875,"0,2939",11,0,0,-3,"92,7887","3,402823466385289e+38","-50,7812"
2026 02 20 11:40:29:654,-3.9675,-6.70125,"0,2939",11,0,0,-3,"92,7887","3,402823466385289e+38","-50,7812"
2026 02 20 11:40:29:656,-3.9675,-6.70125,"0,2939",11,0,0,-3,"92,7887","3,402823466385289e+38","-50,7812"
2026 02 20 11:40:29:658,-3.9985,-6.70125,"0,2939",11,0,0,-3,"92,7887","3,402823466385289e+38","-27,3437"
2026 02 20 11:40:29:660,-3.9675,-6.78875,"0,2939",11,0,0,-3,"92,7887","3,402823466385289e+38","-31,25"
2026 02 20 11:40:29:662,-3.9675,-6.78875,"0,2939",11,0,0,-3,"92,7887","3,402823466385289e+38","-50,7812"
2026 02 20 11:40:29:664,-3.9675,-6.78875,"0,2939",11,0,0,-3,"92,7887","3,402823466385289e+38","-62,5"
2026 02 20 11:40:29:666,-3.9675,-6.70125,"0,2939",11,0,0,-3,"92,7887","3,402823466385289e+38","-54,6875"
2026 02 20 11:40:29:668,-3.9675,-6.78875,"0,2939",11,0,0,-3,"92,7887","3,402823466385289e+38","-58,5937"
2026 02 20 11:40:29:670,-3.9675,-6.78875,"0,2939",11,0,0,-3,"92,7887","3,402823466385289e+38","-50,7812"
2026 02 20 11:40:29:672,-3.9675,-6.87625,"0,2939",11,0,0,-3,"92,7887","3,402823466385289e+38","-46,875"
2026 02 20 11:40:29:674,-3.9675,-6.78875,"0,2939",11,0,0,-3,"92,7887","3,402823466385289e+38","-50,7812"
2026 02 20 11:40:29:676,-3.9334,-6.87625,"0,2939",11,0,0,-3,"92,7887","3,402823466385289e+38","-50,7812"
2026 02 20 11:40:29:678,-3.9675,-6.78875,"0,2939",11,0,0,-3,"92,7887","3,402823466385289e+38","-31,25"
2026 02 20 11:40:29:680,-3.9675,-6.78875,"0,2939",11,0,0,-3,"92,7887","3,402823466385289e+38","-35,1562"
2026 02 20 11:40:29:682,-3.9675,-6.78875,"0,2939",11,0,0,-3,"92,7887","3,402823466385289e+38","-54,6875"
2026 02 20 11:40:29:684,-3.9675,-6.78875,"0,2939",11,0,0,-3,"92,7887","3,402823466385289e+38","-62,5"
2026 02 20 11:40:29:686,-3.9985,-6.70125,"0,2939",11,0,0,-3,"92,7887","3,402823466385289e+38","-58,5937"
2026 02 20 11:40:29:688,-3.9985,-6.78875,"0,2939",11,0,0,-3,"92,7887","3,402823466385289e+38","-58,5937"
2026 02 20 11:40:29:690,-3.9675,-6.78875,"0,2939",11,0,0,-3,"92,7887","3,402823466385289e+38","-50,7812"
2026 02 20 11:40:29:692,-3.9675,-6.70125,"0,2939",11,0,0,-3,"92,7887","3,402823466385289e+38","-50,7812"
2026 02 20 11:40:29:694,-3.9675,-6.78875,"0,2939",11,0,0,-3,"92,7887","3,402823466385289e+38","-54,6875"
2026 02 20 11:40:29:696,-3.9985,-6.78875,"0,2939",11,0,0,-3,"92,7887","3,402823466385289e+38","-50,7812"
2026 02 20 11:40:29:698,-3.9675,-6.78875,"0,2939",11,0,0,-3,"92,7887","3,402823466385289e+38","-31,25"
2026 02 20 11:40:29:700,-3.9675,-6.70125,"0,2939",11,0,0,-3,"92,7887","3,402823466385289e+38","-39,0625"
2026 02 20 11:40:29:702,-3.9675,-6.70125,"0,2939",11,0,0,-3,"92,7887","3,402823466385289e+38","-54,6875"
2026 02 20 11:40:29:704,-3.9675,-6.70125,"0,2939",11,0,0,-3,"92,7887","3,402823466385289e+38","-62,5"
2026 02 20 11:40:29:706,-3.9675,-6.70125,"0,2939",11,0,0,-3,"92,7887","3,402823466385289e+38","-62,5"
2026 02 20 11:40:29:708,-3.9985,-6.78875,"0,2939",11,0,0,-3,"92,7887","3,402823466385289e+38","-58,5937"
2026 02 20 11:40:29:710,-3.9985,-6.78875,"0,2939",11,0,0,-3,"92,7887","3,402823466385289e+38","-54,6875"
2026 02 20 11:40:29:712,-3.9675,-6.70125,"0,2939",11,0,0,-3,"92,7887","3,402823466385289e+38","-54,6875"
2026 02 20 11:40:29:714,-3.9334,-6.78875,"0,2939",11,0,0,-3,"92,7887","3,402823466385289e+38","-54,6875"
2026 02 20 11:40:29:716,-3.9675,-6.78875,"0,2939",11,0,0,-3,"92,7887","3,402823466385289e+38","-54,6875"
2026 02 20 11:40:29:718,-3.9675,-6.78875,"0,2939",11,0,0,-3,"92,7887","3,402823466385289e+38","-31,25"
2026 02 20 11:40:29:720,-3.9675,-6.78875,"0,2939",11,0,0,-3,"92,7887","3,402823466385289e+38","-39,0625"
2026 02 20 11:40:29:722,-3.9985,-6.78875,"0,2939",11,0,0,-3,"92,7887","3,402823466385289e+38","-50,7812"
2026 02 20 11:40:29:724,-3.9675,-6.78875,"0,2939",11,0,0,-3,"92,7887","3,402823466385289e+38","-66,4062"
2026 02 20 11:40:29:726,-3.9675,-6.78875,"0,2939",11,0,0,-3,"92,7887","3,402823466385289e+38","-62,5"
2026 02 20 11:40:29:728,-3.9675,-6.78875,"0,2939",11,0,0,-3,"92,7887","3,402823466385289e+38","-58,5937"
