Timestamp,Distance of optic sensor 0 [mm],Distance of optic sensor 1 [mm],RMS velocity spectrum ISO 10816 X [mm/s],RMS acceleration X [mg],RMS acceleration envelope X [mg],RMS raw data with frequency brands X [mg],Kurtosis method X [[1]],Peak to peak X [mg],Crest factor X [[1]],Analog raw input X [mg]
2026 02 19 09:31:36:041,-3.9675,-6.78875,0,0,0,0,-3,0,1,0
2026 02 19 09:31:36:043,-3.9675,-6.78875,0,0,0,0,-3,0,1,0
2026 02 19 09:31:36:045,-3.9675,-6.78875,0,0,0,0,-3,0,1,0
2026 02 19 09:31:36:047,-3.9675,-6.70125,0,0,0,0,-3,0,1,0
2026 02 19 09:31:36:049,-3.9675,-6.78875,0,0,0,0,-3,0,1,0
2026 02 19 09:31:36:051,-3.9985,-6.78875,0,0,0,0,-3,0,1,0
2026 02 19 09:31:36:053,-3.9985,-6.87625,0,0,0,0,-3,0,1,0
2026 02 19 09:31:36:055,-3.9675,-6.78875,0,0,0,0,-3,0,1,0
2026 02 19 09:31:36:057,-3.9675,-6.78875,0,0,0,0,-3,0,1,0
2026 02 19 09:31:36:059,-3.9985,-6.78875,0,0,0,0,-3,0,1,0
2026 02 19 09:31:36:061,-3.9675,-6.78875,0,0,0,0,-3,0,1,0
2026 02 19 09:31:36:063,-3.9675,-6.87625,0,0,0,0,-3,0,1,0
2026 02 19 09:31:36:065,-3.9675,-6.87625,0,0,0,0,-3,0,1,0
2026 02 19 09:31:36:067,-3.9675,-6.78875,0,0,0,0,-3,0,1,0
2026 02 19 09:31:36:069,-3.9675,-6.78875,0,0,0,0,-3,0,1,0
2026 02 19 09:31:36:071,-3.9675,-6.78875,0,0,0,0,-3,0,1,0
2026 02 19 09:31:36:073,-3.9675,-6.78875,0,0,0,0,-3,0,1,0
2026 02 19 09:31:36:075,-3.9675,-6.78875,0,0,0,0,-3,0,1,0
2026 02 19 09:31:36:077,-3.9675,-6.78875,0,0,0,0,-3,0,1,0
2026 02 19 09:31:36:079,-3.9675,-6.87625,0,0,0,0,-3,0,1,0
2026 02 19 09:31:36:081,-3.9985,-6.78875,0,0,0,0,-3,0,1,0
2026 02 19 09:31:36:083,-3.9675,-6.78875,0,0,0,0,-3,0,1,0
2026 02 19 09:31:36:085,-3.9675,-6.78875,0,0,0,0,-3,0,1,0
2026 02 19 09:31:36:087,-3.9675,-6.70125,0,0,0,0,-3,0,1,0
2026 02 19 09:31:36:089,-3.9985,-6.78875,0,0,0,0,-3,0,1,0
2026 02 19 09:31:36:091,-3.9675,-6.70125,0,0,0,0,-3,0,1,0
2026 02 19 09:31:36:093,-3.9675,-6.87625,0,0,0,0,-3,0,1,0
2026 02 19 09:31:36:095,-3.9985,-6.70125,0,0,0,0,-3,0,1,0
2026 02 19 09:31:36:097,-3.9675,-6.78875,0,0,0,0,-3,0,1,0
2026 02 19 09:31:36:099,-3.9675,-6.78875,0,0,0,0,-3,0,1,0
2026 02 19 09:31:36:101,-3.9675,-6.78875,0,0,0,0,-3,0,1,0
2026 02 19 09:31:36:103,-3.9675,-6.78875,0,0,0,0,-3,0,1,0
2026 02 19 09:31:36:105,-3.9675,-6.78875,0,0,0,0,-3,0,1,0
2026 02 19 09:31:36:107,-3.9675,-6.78875,0,0,0,0,-3,0,1,0
2026 02 19 09:31:36:109,-3.9675,-6.87625,0,0,0,0,-3,0,1,0
2026 02 19 09:31:36:111,-3.9675,-6.87625,0,0,0,0,-3,0,1,0
2026 02 19 09:31:36:113,-3.9675,-6.87625,0,0,0,0,-3,0,1,0
2026 02 19 09:31:36:115,-3.9675,-6.78875,0,0,0,0,-3,0,1,0
2026 02 19 09:31:36:117,-3.9675,-6.78875,0,0,0,0,-3,0,1,0
2026 02 19 09:31:36:119,-3.9985,-6.78875,0,0,0,0,-3,0,1,0
2026 02 19 09:31:36:121,-3.9675,-6.78875,0,0,0,0,-3,0,1,0
2026 02 19 09:31:36:123,-3.9675,-6.78875,0,0,0,0,-3,0,1,0
2026 02 19 09:31:36:125,-3.9675,-6.78875,0,0,0,0,-3,0,1,0
2026 02 19 09:31:36:127,-3.9334,-6.87625,0,0,0,0,-3,0,1,0
2026 02 19 09:31:36:129,-3.9675,-6.78875,0,0,0,0,-3,0,1,0
2026 02 19 09:31:36:131,-3.9675,-6.78875,0,0,0,0,-3,0,1,0
2026 02 19 09:31:36:133,-3.9675,-6.78875,0,0,0,0,-3,0,1,0
2026 02 19 09:31:36:135,-3.9675,-6.78875,0,0,0,0,-3,0,1,0
2026 02 19 09:31:36:137,-3.9675,-6.78875,0,0,0,0,-3,0,1,0
2026 02 19 09:31:36:139,-3.9675,-6.78875,0,0,0,0,-3,0,1,0
2026 02 19 09:31:36:141,-3.9334,-6.78875,0,0,0,0,-3,0,1,0
2026 02 19 09:31:36:143,-3.9675,-6.70125,0,0,0,0,-3,0,1,0
2026 02 19 09:31:36:145,-3.9985,-6.78875,0,0,0,0,-3,0,1,0
2026 02 19 09:31:36:147,-3.9675,-6.78875,0,0,0,0,-3,0,1,0
2026 02 19 09:31:36:149,-3.9675,-6.70125,0,0,0,0,-3,0,1,0
2026 02 19 09:31:36:151,-3.9675,-6.78875,0,0,0,0,-3,0,1,0
2026 02 19 09:31:36:153,-3.9675,-6.78875,0,0,0,0,-3,0,1,0
2026 02 19 09:31:36:155,-3.9675,-6.78875,0,0,0,0,-3,0,1,0
2026 02 19 09:31:36:157,-3.9675,-6.87625,0,0,0,0,-3,0,1,0
2026 02 19 09:31:36:159,-3.9675,-6.78875,0,0,0,0,-3,0,1,0
2026 02 19 09:31:36:161,-3.9675,-6.78875,0,0,0,0,-3,0,1,0
2026 02 19 09:31:36:163,-3.9675,-6.78875,0,0,0,0,-3,0,1,0
2026 02 19 09:31:36:165,-3.9675,-6.87625,0,0,0,0,-3,0,1,0
2026 02 19 09:31:36:167,-3.9675,-6.70125,0,0,0,0,-3,0,1,0
2026 02 19 09:31:36:169,-3.9675,-6.87625,0,0,0,0,-3,0,1,0
2026 02 19 09:31:36:171,-3.9675,-6.78875,0,0,0,0,-3,0,1,0
2026 02 19 09:31:36:173,-3.9675,-6.78875,0,0,0,0,-3,0,1,0
2026 02 19 09:31:36:175,-3.9675,-6.78875,0,0,0,0,-3,0,1,0
2026 02 19 09:31:36:177,-3.9334,-6.78875,0,0,0,0,-3,0,1,0
2026 02 19 09:31:36:179,-3.9675,-6.78875,0,0,0,0,-3,0,1,0
2026 02 19 09:31:36:181,-3.9675,-6.78875,0,0,0,0,-3,0,1,0
2026 02 19 09:31:36:183,-3.9675,-6.78875,0,0,0,0,-3,0,1,0
2026 02 19 09:31:36:185,-3.9675,-6.78875,0,0,0,0,-3,0,1,0
2026 02 19 09:31:36:187,-3.9675,-6.78875,0,0,0,0,-3,0,1,0
2026 02 19 09:31:36:189,-3.9675,-6.70125,0,0,0,0,-3,0,1,0
2026 02 19 09:31:36:191,-3.9985,-6.78875,0,0,0,0,-3,0,1,0
2026 02 19 09:31:36:193,-3.9985,-6.87625,0,0,0,0,-3,0,1,0
2026 02 19 09:31:36:195,-3.9675,-6.78875,0,0,0,0,-3,0,1,0
2026 02 19 09:31:36:197,-3.9675,-6.78875,0,0,0,0,-3,0,1,0
2026 02 19 09:31:36:199,-3.9675,-6.70125,0,0,0,0,-3,0,1,0
2026 02 19 09:31:36:201,-3.9675,-6.78875,0,0,0,0,-3,0,1,0
2026 02 19 09:31:36:203,-3.9675,-6.78875,0,0,0,0,-3,0,1,0
2026 02 19 09:31:36:205,-3.9675,-6.78875,0,0,0,0,-3,0,1,0
2026 02 19 09:31:36:207,-3.9334,-6.78875,0,0,0,0,-3,0,1,0
2026 02 19 09:31:36:209,-3.9675,-6.70125,0,0,0,0,-3,0,1,0
2026 02 19 09:31:36:211,-3.9675,-6.78875,0,0,0,0,-3,0,1,0
2026 02 19 09:31:36:213,-3.9985,-6.78875,0,0,0,0,-3,0,1,0
2026 02 19 09:31:36:215,-3.9675,-6.78875,0,0,0,0,-3,0,1,0
2026 02 19 09:31:36:217,-3.9675,-6.78875,0,0,0,0,-3,0,1,0
2026 02 19 09:31:36:219,-3.9675,-6.78875,0,0,0,0,-3,0,1,0
2026 02 19 09:31:36:221,-3.9675,-6.78875,0,0,0,0,-3,0,1,0
2026 02 19 09:31:36:223,-3.9334,-6.78875,0,0,0,0,-3,0,1,0
2026 02 19 09:31:36:225,-3.9675,-6.78875,0,0,0,0,-3,0,1,0
2026 02 19 09:31:36:227,-3.9675,-6.78875,0,0,0,0,-3,0,1,0
2026 02 19 09:31:36:229,-3.9985,-6.78875,0,0,0,0,-3,0,1,0
2026 02 19 09:31:36:231,-3.9675,-6.87625,0,0,0,0,-3,0,1,0
2026 02 19 09:31:36:233,-3.9675,-6.78875,0,0,0,0,-3,0,1,0
2026 02 19 09:31:36:235,-3.9675,-6.78875,0,0,0,0,-3,0,1,0
2026 02 19 09:31:36:237,-3.9985,-6.70125,0,0,0,0,-3,0,1,0
2026 02 19 09:31:36:239,-3.9675,-6.78875,0,0,0,0,-3,0,1,0
2026 02 19 09:31:36:241,-3.9675,-6.78875,0,0,0,0,-3,0,1,0
2026 02 19 09:31:36:243,-3.9675,-6.78875,0,0,0,0,-3,0,1,0
2026 02 19 09:31:36:245,-3.9985,-6.78875,0,0,0,0,-3,0,1,0
2026 02 19 09:31:36:247,-3.9675,-6.78875,0,0,0,0,-3,0,1,0
2026 02 19 09:31:36:249,-3.9675,-6.78875,0,0,0,0,-3,0,1,0
2026 02 19 09:31:36:251,-3.9675,-6.78875,0,0,0,0,-3,0,1,0
2026 02 19 09:31:36:253,-3.9675,-6.78875,0,0,0,0,-3,0,1,0
2026 02 19 09:31:36:255,-3.9675,-6.87625,0,0,0,0,-3,0,1,0
2026 02 19 09:31:36:257,-3.9985,-6.78875,0,0,0,0,-3,0,1,0
2026 02 19 09:31:36:259,-3.9675,-6.78875,0,0,0,0,-3,0,1,0
2026 02 19 09:31:36:261,-3.9675,-6.78875,0,0,0,0,-3,0,1,0
2026 02 19 09:31:36:263,-3.9675,-6.78875,0,0,0,0,-3,0,1,0
2026 02 19 09:31:36:265,-3.9675,-6.78875,0,0,0,0,-3,0,1,0
2026 02 19 09:31:36:267,-3.9675,-6.70125,0,0,0,0,-3,0,1,0
2026 02 19 09:31:36:269,-3.9334,-6.78875,0,0,0,0,-3,0,1,0
2026 02 19 09:31:36:271,-3.9675,-6.78875,0,0,0,0,-3,0,1,0
2026 02 19 09:31:36:273,-3.9334,-6.78875,0,0,0,0,-3,0,1,0
2026 02 19 09:31:36:275,-3.9675,-6.70125,0,0,0,0,-3,0,1,0
2026 02 19 09:31:36:277,-3.9334,-6.87625,0,0,0,0,-3,0,1,0
2026 02 19 09:31:36:279,-3.9675,-6.78875,0,0,0,0,-3,0,1,0
2026 02 19 09:31:36:281,-3.9675,-6.87625,0,0,0,0,-3,0,1,0
2026 02 19 09:31:36:283,-3.9675,-6.78875,0,0,0,0,-3,0,1,0
2026 02 19 09:31:36:285,-3.9675,-6.78875,0,0,0,0,-3,0,1,0
2026 02 19 09:31:36:287,-3.9675,-6.70125,0,0,0,0,-3,0,1,0
2026 02 19 09:31:36:289,-3.9334,-6.78875,0,0,0,0,-3,0,1,0
2026 02 19 09:31:36:291,-3.9675,-6.78875,0,0,0,0,-3,0,1,0
2026 02 19 09:31:36:293,-3.9334,-6.78875,0,0,0,0,-3,0,1,0
2026 02 19 09:31:36:295,-3.9985,-6.78875,0,0,0,0,-3,0,1,0
2026 02 19 09:31:36:297,-3.9675,-6.78875,0,0,0,0,-3,0,1,0
2026 02 19 09:31:36:299,-3.9985,-6.78875,0,0,0,0,-3,0,1,0
2026 02 19 09:31:36:301,-3.9675,-6.78875,0,0,0,0,-3,0,1,0
2026 02 19 09:31:36:303,-3.9675,-6.78875,0,0,0,0,-3,0,1,0
2026 02 19 09:31:36:305,-3.9675,-6.78875,0,0,0,0,-3,0,1,0
2026 02 19 09:31:36:307,-3.9675,-6.78875,0,0,0,0,-3,0,1,0
2026 02 19 09:31:36:309,-3.9675,-6.78875,0,0,0,0,-3,0,1,0
2026 02 19 09:31:36:311,-3.9985,-6.78875,0,0,0,0,-3,0,1,0
2026 02 19 09:31:36:313,-3.9675,-6.78875,0,0,0,0,-3,0,1,0
2026 02 19 09:31:36:315,-3.9675,-6.87625,0,0,0,0,-3,0,1,0
2026 02 19 09:31:36:317,-3.9675,-6.78875,0,0,0,0,-3,0,1,0
2026 02 19 09:31:36:319,-3.9675,-6.78875,0,0,0,0,-3,0,1,0
2026 02 19 09:31:36:321,-3.9675,-6.78875,0,0,0,0,-3,0,1,0
2026 02 19 09:31:36:323,-3.9675,-6.78875,0,0,0,0,-3,0,1,0
2026 02 19 09:31:36:325,-3.9675,-6.78875,0,0,0,0,-3,0,1,0
2026 02 19 09:31:36:327,-3.9334,-6.70125,0,0,0,0,-3,0,1,0
2026 02 19 09:31:36:329,-3.9675,-6.70125,0,0,0,0,-3,0,1,0
2026 02 19 09:31:36:331,-3.9675,-6.78875,0,0,0,0,-3,0,1,0
2026 02 19 09:31:36:333,-3.9985,-6.78875,0,0,0,0,-3,0,1,0
2026 02 19 09:31:36:335,-3.9675,-6.78875,0,0,0,0,-3,0,1,0
2026 02 19 09:31:36:337,-3.9334,-6.78875,0,0,0,0,-3,0,1,0
2026 02 19 09:31:36:339,-3.9675,-6.78875,0,0,0,0,-3,0,1,0
2026 02 19 09:31:36:341,-3.9675,-6.87625,0,0,0,0,-3,0,1,0
2026 02 19 09:31:36:343,-3.9334,-6.78875,0,0,0,0,-3,0,1,0
2026 02 19 09:31:36:345,-3.9675,-6.78875,0,0,0,0,-3,0,1,0
2026 02 19 09:31:36:347,-3.9985,-6.78875,0,0,0,0,-3,0,1,0
2026 02 19 09:31:36:349,-3.9675,-6.78875,0,0,0,0,-3,0,1,0
2026 02 19 09:31:36:351,-3.9675,-6.87625,0,0,0,0,-3,0,1,0
2026 02 19 09:31:36:353,-3.9675,-6.78875,0,0,0,0,-3,0,1,0
2026 02 19 09:31:36:355,-3.9334,-6.87625,0,0,0,0,-3,0,1,0
2026 02 19 09:31:36:357,-3.9675,-6.78875,0,0,0,0,-3,0,1,0
2026 02 19 09:31:36:359,-3.9985,-6.78875,0,0,0,0,-3,0,1,0
2026 02 19 09:31:36:361,-3.9675,-6.78875,0,0,0,0,-3,0,1,0
2026 02 19 09:31:36:363,-3.9675,-6.87625,0,0,0,0,-3,0,1,0
2026 02 19 09:31:36:365,-3.9675,-6.87625,0,0,0,0,-3,0,1,0
2026 02 19 09:31:36:367,-3.9985,-6.78875,0,0,0,0,-3,0,1,0
2026 02 19 09:31:36:369,-3.9334,-6.78875,0,0,0,0,-3,0,1,0
2026 02 19 09:31:36:371,-3.9985,-6.87625,0,0,0,0,-3,0,1,0
2026 02 19 09:31:36:373,-3.9985,-6.78875,0,0,0,0,-3,0,1,0
2026 02 19 09:31:36:375,-3.9675,-6.78875,0,0,0,0,-3,0,1,0
2026 02 19 09:31:36:377,-3.9675,-6.78875,0,0,0,0,-3,0,1,0
2026 02 19 09:31:36:379,-3.9675,-6.78875,0,0,0,0,-3,0,1,0
2026 02 19 09:31:36:381,-3.9675,-6.78875,0,0,0,0,-3,0,1,0
2026 02 19 09:31:36:383,-3.9675,-6.78875,0,0,0,0,-3,0,1,0
2026 02 19 09:31:36:385,-3.9675,-6.78875,0,0,0,0,-3,0,1,0
2026 02 19 09:31:36:387,-3.9675,-6.78875,0,0,0,0,-3,0,1,0
2026 02 19 09:31:36:389,-3.9675,-6.78875,0,0,0,0,-3,0,1,0
2026 02 19 09:31:36:391,-3.9675,-6.87625,0,0,0,0,-3,0,1,0
2026 02 19 09:31:36:393,-3.9675,-6.87625,0,0,0,0,-3,0,1,0
2026 02 19 09:31:36:395,-3.9675,-6.78875,0,0,0,0,-3,0,1,0
2026 02 19 09:31:36:397,-3.9675,-6.78875,0,0,0,0,-3,0,1,0
2026 02 19 09:31:36:399,-3.9675,-6.70125,0,0,0,0,-3,0,1,0
2026 02 19 09:31:36:401,-3.9675,-6.87625,0,0,0,0,-3,0,1,0
2026 02 19 09:31:36:403,-3.9675,-6.78875,0,0,0,0,-3,0,1,0
2026 02 19 09:31:36:405,-3.9675,-6.70125,0,0,0,0,-3,0,1,0
2026 02 19 09:31:36:407,-3.9675,-6.78875,0,0,0,0,-3,0,1,0
2026 02 19 09:31:36:409,-3.9675,-6.78875,0,0,0,0,-3,0,1,0
2026 02 19 09:31:36:411,-3.9675,-6.78875,0,0,0,0,-3,0,1,0
2026 02 19 09:31:36:413,-3.9334,-6.87625,0,0,0,0,-3,0,1,0
2026 02 19 09:31:36:415,-3.9675,-6.78875,0,0,0,0,-3,0,1,0
2026 02 19 09:31:36:417,-3.9675,-6.78875,0,0,0,0,-3,0,1,0
2026 02 19 09:31:36:419,-3.9985,-6.78875,0,0,0,0,-3,0,1,0
2026 02 19 09:31:36:421,-3.9675,-6.78875,0,0,0,0,-3,0,1,0
2026 02 19 09:31:36:423,-3.9675,-6.70125,0,0,0,0,-3,0,1,0
2026 02 19 09:31:36:425,-3.9334,-6.70125,0,0,0,0,-3,0,1,0
2026 02 19 09:31:36:427,-3.9985,-6.70125,0,0,0,0,-3,0,1,0
2026 02 19 09:31:36:429,-3.9334,-6.78875,0,0,0,0,-3,0,1,0
2026 02 19 09:31:36:431,-3.9675,-6.78875,0,0,0,0,-3,0,1,0
2026 02 19 09:31:36:433,-3.9675,-6.78875,0,0,0,0,-3,0,1,0
2026 02 19 09:31:36:435,-3.9985,-6.78875,0,0,0,0,-3,0,1,0
2026 02 19 09:31:36:437,-3.9675,-6.78875,0,0,0,0,-3,0,1,0
2026 02 19 09:31:36:439,-3.9334,-6.78875,0,0,0,0,-3,0,1,0
2026 02 19 09:31:36:441,-3.9675,-6.87625,0,0,0,0,-3,0,1,0
2026 02 19 09:31:36:443,-3.9675,-6.87625,0,0,0,0,-3,0,1,0
2026 02 19 09:31:36:445,-3.9675,-6.87625,0,0,0,0,-3,0,1,0
2026 02 19 09:31:36:447,-3.9334,-6.87625,0,0,0,0,-3,0,1,0
2026 02 19 09:31:36:449,-3.9675,-6.78875,0,0,0,0,-3,0,1,0
2026 02 19 09:31:36:451,-3.9675,-6.78875,0,0,0,0,-3,0,1,0
2026 02 19 09:31:36:453,-3.9675,-6.78875,0,0,0,0,-3,0,1,0
2026 02 19 09:31:36:455,-3.9675,-6.78875,0,0,0,0,-3,0,1,0
2026 02 19 09:31:36:457,-3.9675,-6.78875,0,0,0,0,-3,0,1,0
2026 02 19 09:31:36:459,-3.9675,-6.87625,0,0,0,0,-3,0,1,0
2026 02 19 09:31:36:461,-3.9985,-6.87625,0,0,0,0,-3,0,1,0
2026 02 19 09:31:36:463,-3.9675,-6.87625,0,0,0,0,-3,0,1,0
2026 02 19 09:31:36:465,-3.9675,-6.78875,0,0,0,0,-3,0,1,0
2026 02 19 09:31:36:467,-3.9985,-6.78875,0,0,0,0,-3,0,1,0
2026 02 19 09:31:36:469,-3.9675,-6.87625,0,0,0,0,-3,0,1,0
2026 02 19 09:31:36:471,-3.9675,-6.78875,0,0,0,0,-3,0,1,0
2026 02 19 09:31:36:473,-3.9675,-6.78875,0,0,0,0,-3,0,1,0
2026 02 19 09:31:36:475,-3.9675,-6.78875,0,0,0,0,-3,0,1,0
2026 02 19 09:31:36:477,-3.9675,-6.78875,0,0,0,0,-3,0,1,0
2026 02 19 09:31:36:479,-3.9675,-6.78875,0,0,0,0,-3,0,1,0
2026 02 19 09:31:36:481,-3.9985,-6.78875,0,0,0,0,-3,0,1,0
2026 02 19 09:31:36:483,-3.9334,-6.70125,0,0,0,0,-3,0,1,0
2026 02 19 09:31:36:485,-3.9675,-6.78875,0,0,0,0,-3,0,1,0
2026 02 19 09:31:36:487,-3.9675,-6.78875,0,0,0,0,-3,0,1,0
2026 02 19 09:31:36:489,-3.9675,-6.87625,0,0,0,0,-3,0,1,0
2026 02 19 09:31:36:491,-3.9985,-6.78875,0,0,0,0,-3,0,1,0
2026 02 19 09:31:36:493,-3.9675,-6.78875,0,0,0,0,-3,0,1,0
2026 02 19 09:31:36:495,-3.9675,-6.78875,0,0,0,0,-3,0,1,0
2026 02 19 09:31:36:497,-3.9675,-6.87625,0,0,0,0,-3,0,1,0
2026 02 19 09:31:36:499,-3.9675,-6.78875,0,0,0,0,-3,0,1,0
2026 02 19 09:31:36:501,-3.9675,-6.70125,0,0,0,0,-3,0,1,0
2026 02 19 09:31:36:503,-3.9985,-6.87625,0,0,0,0,-3,0,1,0
2026 02 19 09:31:36:505,-3.9675,-6.78875,0,0,0,0,-3,0,1,0
2026 02 19 09:31:36:507,-3.9675,-6.78875,0,0,0,0,-3,0,1,0
2026 02 19 09:31:36:509,-3.9675,-6.78875,0,0,0,0,-3,0,1,0
2026 02 19 09:31:36:511,-3.9675,-6.78875,0,0,0,0,-3,0,1,0
2026 02 19 09:31:36:513,-3.9675,-6.78875,0,0,0,0,-3,0,1,0
2026 02 19 09:31:36:515,-3.9675,-6.87625,0,0,0,0,-3,0,1,0
2026 02 19 09:31:36:517,-3.9675,-6.78875,0,0,0,0,-3,0,1,0
2026 02 19 09:31:36:519,-3.9675,-6.78875,0,0,0,0,-3,0,1,0
2026 02 19 09:31:36:521,-3.9675,-6.78875,0,0,0,0,-3,0,1,0
2026 02 19 09:31:36:523,-3.9675,-6.70125,0,0,0,0,-3,0,1,0
2026 02 19 09:31:36:525,-3.9334,-6.78875,0,0,0,0,-3,0,1,0
2026 02 19 09:31:36:527,-3.9675,-6.78875,0,0,0,0,-3,0,1,0
2026 02 19 09:31:36:529,-3.9675,-6.70125,0,0,0,0,-3,0,1,0
2026 02 19 09:31:36:531,-3.9675,-6.78875,0,0,0,0,-3,0,1,0
2026 02 19 09:31:36:533,-3.9675,-6.78875,0,0,0,0,-3,0,1,0
2026 02 19 09:31:36:535,-3.9675,-6.78875,0,0,0,0,-3,0,1,0
2026 02 19 09:31:36:537,-3.9675,-6.70125,0,0,0,0,-3,0,1,0
2026 02 19 09:31:36:539,-3.9675,-6.87625,0,0,0,0,-3,0,1,0
2026 02 19 09:31:36:541,-3.9334,-6.78875,0,0,0,0,-3,0,1,0
2026 02 19 09:31:36:543,-3.9675,-6.78875,0,0,0,0,-3,0,1,0
2026 02 19 09:31:36:545,-3.9675,-6.78875,0,0,0,0,-3,0,1,0
2026 02 19 09:31:36:547,-3.9985,-6.78875,0,0,0,0,-3,0,1,0
2026 02 19 09:31:36:549,-3.9675,-6.78875,0,0,0,0,-3,0,1,0
2026 02 19 09:31:36:551,-3.9675,-6.78875,0,0,0,0,-3,0,1,0
2026 02 19 09:31:36:553,-3.9985,-6.78875,0,0,0,0,-3,0,1,0
2026 02 19 09:31:36:555,-3.9985,-6.78875,0,0,0,0,-3,0,1,0
2026 02 19 09:31:36:557,-3.9675,-6.87625,0,0,0,0,-3,0,1,0
2026 02 19 09:31:36:559,-3.9985,-6.87625,0,0,0,0,-3,0,1,0
2026 02 19 09:31:36:561,-3.9675,-6.78875,0,0,0,0,-3,0,1,0
2026 02 19 09:31:36:563,-3.9334,-6.78875,0,0,0,0,-3,0,1,0
2026 02 19 09:31:36:565,-3.9675,-6.87625,0,0,0,0,-3,0,1,0
2026 02 19 09:31:36:567,-3.9675,-6.78875,0,0,0,0,-3,0,1,0
2026 02 19 09:31:36:569,-3.9334,-6.78875,0,0,0,0,-3,0,1,0
2026 02 19 09:31:36:571,-3.9675,-6.78875,0,0,0,0,-3,0,1,0
2026 02 19 09:31:36:573,-3.9675,-6.70125,0,0,0,0,-3,0,1,0
2026 02 19 09:31:36:575,-3.9675,-6.70125,0,0,0,0,-3,0,1,0
2026 02 19 09:31:36:577,-3.9675,-6.78875,0,0,0,0,-3,0,1,0
2026 02 19 09:31:36:579,-3.9675,-6.70125,0,0,0,0,-3,0,1,0
2026 02 19 09:31:36:581,-3.9675,-6.78875,0,0,0,0,-3,0,1,0
2026 02 19 09:31:36:583,-3.9675,-6.78875,0,0,0,0,-3,0,1,0
2026 02 19 09:31:36:585,-3.9334,-6.78875,0,0,0,0,-3,0,1,0
2026 02 19 09:31:36:587,-3.9985,-6.78875,0,0,0,0,-3,0,1,0
2026 02 19 09:31:36:589,-3.9675,-6.78875,0,0,0,0,-3,0,1,0
2026 02 19 09:31:36:591,-3.9985,-6.70125,0,0,0,0,-3,0,1,0
2026 02 19 09:31:36:593,-3.9675,-6.78875,0,0,0,0,-3,0,1,0
2026 02 19 09:31:36:595,-3.9675,-6.87625,0,0,0,0,-3,0,1,0
2026 02 19 09:31:36:597,-3.9675,-6.78875,0,0,0,0,-3,0,1,0
2026 02 19 09:31:36:599,-3.9675,-6.87625,0,0,0,0,-3,0,1,0
2026 02 19 09:31:36:601,-3.9334,-6.70125,0,0,0,0,-3,0,1,0
2026 02 19 09:31:36:603,-3.9675,-6.78875,0,0,0,0,-3,0,1,0
2026 02 19 09:31:36:605,-3.9675,-6.78875,0,0,0,0,-3,0,1,0
2026 02 19 09:31:36:607,-3.9675,-6.78875,0,0,0,0,-3,0,1,0
2026 02 19 09:31:36:609,-3.9675,-6.78875,0,0,0,0,-3,0,1,0
2026 02 19 09:31:36:611,-3.9985,-6.78875,0,0,0,0,-3,0,1,0
2026 02 19 09:31:36:613,-3.9675,-6.78875,0,0,0,0,-3,0,1,0
2026 02 19 09:31:36:615,-3.9675,-6.78875,0,0,0,0,-3,0,1,0
2026 02 19 09:31:36:617,-3.9675,-6.78875,0,0,0,0,-3,0,1,0
2026 02 19 09:31:36:619,-3.9675,-6.78875,0,0,0,0,-3,0,1,0
2026 02 19 09:31:36:621,-3.9985,-6.70125,0,0,0,0,-3,0,1,0
2026 02 19 09:31:36:623,-3.9675,-6.78875,0,0,0,0,-3,0,1,0
2026 02 19 09:31:36:625,-3.9675,-6.78875,0,0,0,0,-3,0,1,0
2026 02 19 09:31:36:627,-3.9985,-6.87625,0,0,0,0,-3,0,1,0
2026 02 19 09:31:36:629,-3.9334,-6.78875,0,0,0,0,-3,0,1,0
2026 02 19 09:31:36:631,-3.9675,-6.78875,0,0,0,0,-3,0,1,0
2026 02 19 09:31:36:633,-3.9985,-6.70125,0,0,0,0,-3,0,1,0
2026 02 19 09:31:36:635,-3.9334,-6.78875,0,0,0,0,-3,0,1,0
2026 02 19 09:31:36:637,-3.9675,-6.78875,0,0,0,0,-3,0,1,0
2026 02 19 09:31:36:639,-3.9675,-6.70125,0,0,0,0,-3,0,1,0
2026 02 19 09:31:36:641,-3.9675,-6.78875,0,0,0,0,-3,0,1,0
2026 02 19 09:31:36:643,-3.9675,-6.87625,0,0,0,0,-3,0,1,0
2026 02 19 09:31:36:645,-3.9675,-6.78875,0,0,0,0,-3,0,1,0
2026 02 19 09:31:36:647,-3.9675,-6.78875,0,0,0,0,-3,0,1,0
2026 02 19 09:31:36:649,-3.9675,-6.78875,0,0,0,0,-3,0,1,0
2026 02 19 09:31:36:651,-3.9675,-6.87625,0,0,0,0,-3,0,1,0
2026 02 19 09:31:36:653,-3.9675,-6.78875,0,0,0,0,-3,0,1,0
2026 02 19 09:31:36:655,-3.9675,-6.78875,0,0,0,0,-3,0,1,0
2026 02 19 09:31:36:657,-3.9334,-6.87625,0,0,0,0,-3,0,1,0
2026 02 19 09:31:36:659,-3.9675,-6.78875,0,0,0,0,-3,0,1,0
2026 02 19 09:31:36:661,-3.9675,-6.87625,0,0,0,0,-3,0,1,0
2026 02 19 09:31:36:663,-3.9675,-6.78875,0,0,0,0,-3,0,1,0
2026 02 19 09:31:36:665,-3.9985,-6.78875,0,0,0,0,-3,0,1,0
2026 02 19 09:31:36:667,-3.9985,-6.87625,0,0,0,0,-3,0,1,0
2026 02 19 09:31:36:669,-3.9675,-6.78875,0,0,0,0,-3,0,1,0
2026 02 19 09:31:36:671,-3.9334,-6.78875,0,0,0,0,-3,0,1,0
2026 02 19 09:31:36:673,-3.9985,-6.78875,0,0,0,0,-3,0,1,0
2026 02 19 09:31:36:675,-3.9985,-6.78875,0,0,0,0,-3,0,1,0
2026 02 19 09:31:36:677,-3.9675,-6.78875,0,0,0,0,-3,0,1,0
2026 02 19 09:31:36:679,-3.9675,-6.87625,0,0,0,0,-3,0,1,0
2026 02 19 09:31:36:681,-3.9985,-6.78875,0,0,0,0,-3,0,1,0
2026 02 19 09:31:36:683,-3.9675,-6.78875,0,0,0,0,-3,0,1,0
2026 02 19 09:31:36:685,-3.9675,-6.78875,0,0,0,0,-3,0,1,0
2026 02 19 09:31:36:687,-3.9334,-6.87625,0,0,0,0,-3,0,1,0
2026 02 19 09:31:36:689,-3.9675,-6.78875,0,0,0,0,-3,0,1,0
2026 02 19 09:31:36:691,-3.9985,-6.87625,0,0,0,0,-3,0,1,0
2026 02 19 09:31:36:693,-3.9675,-6.78875,0,0,0,0,-3,0,1,0
2026 02 19 09:31:36:695,-3.9675,-6.78875,0,0,0,0,-3,0,1,0
2026 02 19 09:31:36:697,-3.9334,-6.78875,0,0,0,0,-3,0,1,0
2026 02 19 09:31:36:699,-3.9334,-6.78875,0,0,0,0,-3,0,1,0
2026 02 19 09:31:36:701,-3.9334,-6.87625,0,0,0,0,-3,0,1,0
2026 02 19 09:31:36:703,-3.9675,-6.78875,0,0,0,0,-3,0,1,0
2026 02 19 09:31:36:705,-3.9675,-6.78875,0,0,0,0,-3,0,1,0
2026 02 19 09:31:36:707,-3.9675,-6.78875,0,0,0,0,-3,0,1,0
2026 02 19 09:31:36:709,-3.9985,-6.78875,0,0,0,0,-3,0,1,0
2026 02 19 09:31:36:711,-3.9675,-6.87625,0,0,0,0,-3,0,1,0
2026 02 19 09:31:36:713,-3.9985,-6.78875,0,0,0,0,-3,0,1,0
2026 02 19 09:31:36:715,-3.9334,-6.78875,0,0,0,0,-3,0,1,0
2026 02 19 09:31:36:717,-3.9675,-6.78875,0,0,0,0,-3,0,1,0
2026 02 19 09:31:36:719,-3.9985,-6.70125,0,0,0,0,-3,0,1,0
2026 02 19 09:31:36:721,-3.9985,-6.87625,0,0,0,0,-3,0,1,0
2026 02 19 09:31:36:723,-3.9675,-6.70125,0,0,0,0,-3,0,1,0
2026 02 19 09:31:36:725,-3.9675,-6.87625,0,0,0,0,-3,0,1,0
2026 02 19 09:31:36:727,-3.9675,-6.78875,0,0,0,0,-3,0,1,0
2026 02 19 09:31:36:729,-3.9985,-6.78875,0,0,0,0,-3,0,1,0
2026 02 19 09:31:36:731,-3.9675,-6.78875,0,0,0,0,-3,0,1,0
2026 02 19 09:31:36:733,-3.9985,-6.78875,0,0,0,0,-3,0,1,0
2026 02 19 09:31:36:735,-3.9675,-6.78875,0,0,0,0,-3,0,1,0
2026 02 19 09:31:36:737,-3.9675,-6.78875,0,0,0,0,-3,0,1,0
2026 02 19 09:31:36:739,-3.9675,-6.70125,0,0,0,0,-3,0,1,0
2026 02 19 09:31:36:741,-3.9985,-6.78875,0,0,0,0,-3,0,1,0
2026 02 19 09:31:36:743,-3.9675,-6.78875,0,0,0,0,-3,0,1,0
2026 02 19 09:31:36:745,-3.9675,-6.78875,0,0,0,0,-3,0,1,0
2026 02 19 09:31:36:747,-3.9675,-6.78875,0,0,0,0,-3,0,1,0
2026 02 19 09:31:36:749,-3.9985,-6.78875,0,0,0,0,-3,0,1,0
2026 02 19 09:31:36:751,-3.9334,-6.78875,0,0,0,0,-3,0,1,0
2026 02 19 09:31:36:753,-3.9675,-6.87625,0,0,0,0,-3,0,1,0
2026 02 19 09:31:36:755,-3.9675,-6.78875,0,0,0,0,-3,0,1,0
2026 02 19 09:31:36:757,-3.9675,-6.78875,0,0,0,0,-3,0,1,0
2026 02 19 09:31:36:759,-3.9675,-6.87625,0,0,0,0,-3,0,1,0
2026 02 19 09:31:36:761,-3.9675,-6.78875,0,0,0,0,-3,0,1,0
2026 02 19 09:31:36:763,-3.9675,-6.78875,0,0,0,0,-3,0,1,0
2026 02 19 09:31:36:765,-3.9675,-6.78875,0,0,0,0,-3,0,1,0
2026 02 19 09:31:36:767,-3.9675,-6.78875,0,0,0,0,-3,0,1,0
2026 02 19 09:31:36:769,-3.9675,-6.70125,0,0,0,0,-3,0,1,0
2026 02 19 09:31:36:771,-3.9334,-6.70125,0,0,0,0,-3,0,1,0
2026 02 19 09:31:36:773,-3.9675,-6.70125,0,0,0,0,-3,0,1,0
2026 02 19 09:31:36:775,-3.9675,-6.78875,0,0,0,0,-3,0,1,0
2026 02 19 09:31:36:777,-3.9675,-6.70125,0,0,0,0,-3,0,1,0
2026 02 19 09:31:36:779,-3.9334,-6.78875,0,0,0,0,-3,0,1,0
2026 02 19 09:31:36:781,-3.9675,-6.78875,0,0,0,0,-3,0,1,0
2026 02 19 09:31:36:783,-3.9675,-6.70125,0,0,0,0,-3,0,1,0
2026 02 19 09:31:36:785,-3.9675,-6.78875,0,0,0,0,-3,0,1,0
2026 02 19 09:31:36:787,-3.9675,-6.78875,0,0,0,0,-3,0,1,0
2026 02 19 09:31:36:789,-3.9675,-6.78875,0,0,0,0,-3,0,1,0
2026 02 19 09:31:36:791,-3.9334,-6.78875,0,0,0,0,-3,0,1,0
2026 02 19 09:31:36:793,-3.9675,-6.87625,0,0,0,0,-3,0,1,0
2026 02 19 09:31:36:795,-3.9675,-6.78875,0,0,0,0,-3,0,1,0
2026 02 19 09:31:36:797,-3.9675,-6.78875,0,0,0,0,-3,0,1,0
2026 02 19 09:31:36:799,-3.9985,-6.78875,0,0,0,0,-3,0,1,0
2026 02 19 09:31:36:801,-3.9675,-6.78875,0,0,0,0,-3,0,1,0
2026 02 19 09:31:36:803,-3.9334,-6.87625,0,0,0,0,-3,0,1,0
2026 02 19 09:31:36:805,-3.9675,-6.78875,0,0,0,0,-3,0,1,0
2026 02 19 09:31:36:807,-3.9675,-6.78875,0,0,0,0,-3,0,1,0
2026 02 19 09:31:36:809,-3.9675,-6.87625,0,0,0,0,-3,0,1,0
2026 02 19 09:31:36:811,-3.9675,-6.78875,0,0,0,0,-3,0,1,0
2026 02 19 09:31:36:813,-3.9334,-6.78875,0,0,0,0,-3,0,1,0
2026 02 19 09:31:36:815,-3.9675,-6.78875,0,0,0,0,-3,0,1,0
2026 02 19 09:31:36:817,-3.9675,-6.78875,0,0,0,0,-3,0,1,0
2026 02 19 09:31:36:819,-3.9675,-6.78875,0,0,0,0,-3,0,1,0
2026 02 19 09:31:36:821,-3.9675,-6.70125,0,0,0,0,-3,0,1,0
2026 02 19 09:31:36:823,-3.9675,-6.78875,0,0,0,0,-3,0,1,0
2026 02 19 09:31:36:825,-3.9675,-6.70125,0,0,0,0,-3,0,1,0
2026 02 19 09:31:36:827,-3.9675,-6.78875,0,0,0,0,-3,0,1,0
2026 02 19 09:31:36:829,-3.9675,-6.78875,0,0,0,0,-3,0,1,0
2026 02 19 09:31:36:831,-3.9675,-6.78875,0,0,0,0,-3,0,1,0
2026 02 19 09:31:36:833,-3.9675,-6.70125,0,0,0,0,-3,0,1,0
2026 02 19 09:31:36:835,-3.9675,-6.78875,0,0,0,0,-3,0,1,0
2026 02 19 09:31:36:837,-3.9675,-6.87625,0,0,0,0,-3,0,1,0
2026 02 19 09:31:36:839,-3.9675,-6.78875,0,0,0,0,-3,0,1,0
2026 02 19 09:31:36:841,-3.9675,-6.78875,0,0,0,0,-3,0,1,0
2026 02 19 09:31:36:843,-3.9675,-6.87625,0,0,0,0,-3,0,1,0
2026 02 19 09:31:36:845,-3.9675,-6.78875,0,0,0,0,-3,0,1,0
2026 02 19 09:31:36:847,-3.9675,-6.78875,0,0,0,0,-3,0,1,0
2026 02 19 09:31:36:849,-3.9675,-6.70125,0,0,0,0,-3,0,1,0
2026 02 19 09:31:36:851,-3.9675,-6.78875,0,0,0,0,-3,0,1,0
2026 02 19 09:31:36:853,-3.9675,-6.78875,0,0,0,0,-3,0,1,0
2026 02 19 09:31:36:855,-3.9985,-6.78875,0,0,0,0,-3,0,1,0
2026 02 19 09:31:36:857,-3.9985,-6.78875,0,0,0,0,-3,0,1,0
2026 02 19 09:31:36:859,-3.9985,-6.78875,0,0,0,0,-3,0,1,0
2026 02 19 09:31:36:861,-3.9675,-6.78875,0,0,0,0,-3,0,1,0
2026 02 19 09:31:36:863,-3.9675,-6.78875,0,0,0,0,-3,0,1,0
2026 02 19 09:31:36:865,-3.9675,-6.78875,0,0,0,0,-3,0,1,0
2026 02 19 09:31:36:867,-3.9985,-6.78875,0,0,0,0,-3,0,1,0
2026 02 19 09:31:36:869,-3.9675,-6.78875,0,0,0,0,-3,0,1,0
2026 02 19 09:31:36:871,-3.9675,-6.78875,0,0,0,0,-3,0,1,0
2026 02 19 09:31:36:873,-3.9334,-6.78875,0,0,0,0,-3,0,1,0
2026 02 19 09:31:36:875,-3.9334,-6.78875,0,0,0,0,-3,0,1,0
2026 02 19 09:31:36:877,-3.9675,-6.78875,0,0,0,0,-3,0,1,0
2026 02 19 09:31:36:879,-3.9675,-6.78875,0,0,0,0,-3,0,1,0
2026 02 19 09:31:36:881,-3.9675,-6.70125,0,0,0,0,-3,0,1,0
2026 02 19 09:31:36:883,-3.9985,-6.87625,0,0,0,0,-3,0,1,0
2026 02 19 09:31:36:885,-3.9985,-6.78875,0,0,0,0,-3,0,1,0
2026 02 19 09:31:36:887,-3.9334,-6.87625,0,0,0,0,-3,0,1,0
2026 02 19 09:31:36:889,-3.9675,-6.78875,0,0,0,0,-3,0,1,0
2026 02 19 09:31:36:891,-3.9675,-6.87625,0,0,0,0,-3,0,1,0
2026 02 19 09:31:36:893,-3.9675,-6.78875,0,0,0,0,-3,0,1,0
2026 02 19 09:31:36:895,-3.9675,-6.87625,0,0,0,0,-3,0,1,0
2026 02 19 09:31:36:897,-3.9334,-6.87625,0,0,0,0,-3,0,1,0
2026 02 19 09:31:36:899,-3.9675,-6.78875,0,0,0,0,-3,0,1,0
2026 02 19 09:31:36:901,-3.9985,-6.9725,0,0,0,0,-3,0,1,0
2026 02 19 09:31:36:903,-3.9675,-6.87625,0,0,0,0,-3,0,1,0
2026 02 19 09:31:36:905,-3.9985,-6.78875,0,0,0,0,-3,0,1,0
2026 02 19 09:31:36:907,-3.9675,-6.78875,0,0,0,0,-3,0,1,0
2026 02 19 09:31:36:909,-3.9334,-6.87625,0,0,0,0,-3,0,1,0
2026 02 19 09:31:36:911,-3.9675,-6.87625,0,0,0,0,-3,0,1,0
2026 02 19 09:31:36:913,-3.9675,-6.87625,0,0,0,0,-3,0,1,0
2026 02 19 09:31:36:915,-3.9675,-6.87625,0,0,0,0,-3,0,1,0
2026 02 19 09:31:36:917,-3.9675,-6.78875,0,0,0,0,-3,0,1,0
2026 02 19 09:31:36:919,-3.9675,-6.78875,0,0,0,0,-3,0,1,0
2026 02 19 09:31:36:921,-3.9675,-6.78875,0,0,0,0,-3,0,1,0
2026 02 19 09:31:36:923,-3.9675,-6.78875,0,0,0,0,-3,0,1,0
2026 02 19 09:31:36:925,-3.9675,-6.78875,0,0,0,0,-3,0,1,0
2026 02 19 09:31:36:927,-3.9675,-6.78875,0,0,0,0,-3,0,1,0
2026 02 19 09:31:36:929,-3.9985,-6.78875,0,0,0,0,-3,0,1,0
2026 02 19 09:31:36:931,-3.9675,-6.78875,0,0,0,0,-3,0,1,0
2026 02 19 09:31:36:933,-3.9675,-6.78875,0,0,0,0,-3,0,1,0
2026 02 19 09:31:36:935,-3.9675,-6.78875,0,0,0,0,-3,0,1,0
2026 02 19 09:31:36:937,-3.9334,-6.78875,0,0,0,0,-3,0,1,0
2026 02 19 09:31:36:939,-3.9675,-6.78875,0,0,0,0,-3,0,1,0
2026 02 19 09:31:36:941,-3.9675,-6.78875,0,0,0,0,-3,0,1,0
2026 02 19 09:31:36:943,-3.9675,-6.87625,0,0,0,0,-3,0,1,0
2026 02 19 09:31:36:945,-3.9334,-6.78875,0,0,0,0,-3,0,1,0
2026 02 19 09:31:36:947,-3.9675,-6.87625,0,0,0,0,-3,0,1,0
2026 02 19 09:31:36:949,-3.9675,-6.87625,0,0,0,0,-3,0,1,0
2026 02 19 09:31:36:951,-3.9675,-6.78875,0,0,0,0,-3,0,1,0
2026 02 19 09:31:36:953,-3.9334,-6.78875,0,0,0,0,-3,0,1,0
2026 02 19 09:31:36:955,-3.9675,-6.78875,0,0,0,0,-3,0,1,0
2026 02 19 09:31:36:957,-3.9675,-6.78875,0,0,0,0,-3,0,1,0
2026 02 19 09:31:36:959,-3.9675,-6.87625,0,0,0,0,-3,0,1,0
2026 02 19 09:31:36:961,-3.9675,-6.78875,0,0,0,0,-3,0,1,0
2026 02 19 09:31:36:963,-3.9675,-6.87625,0,0,0,0,-3,0,1,0
2026 02 19 09:31:36:965,-3.9985,-6.78875,0,0,0,0,-3,0,1,0
2026 02 19 09:31:36:967,-3.9675,-6.78875,0,0,0,0,-3,0,1,0
2026 02 19 09:31:36:969,-3.9334,-6.87625,0,0,0,0,-3,0,1,0
2026 02 19 09:31:36:971,-3.9985,-6.78875,0,0,0,0,-3,0,1,0
2026 02 19 09:31:36:973,-3.9675,-6.78875,0,0,0,0,-3,0,1,0
2026 02 19 09:31:36:975,-3.9675,-6.70125,0,0,0,0,-3,0,1,0
2026 02 19 09:31:36:977,-3.9675,-6.78875,0,0,0,0,-3,0,1,0
2026 02 19 09:31:36:979,-3.9985,-6.78875,0,0,0,0,-3,0,1,0
2026 02 19 09:31:36:981,-3.9675,-6.78875,0,0,0,0,-3,0,1,0
2026 02 19 09:31:36:983,-3.9985,-6.70125,0,0,0,0,-3,0,1,0
2026 02 19 09:31:36:985,-3.9675,-6.78875,0,0,0,0,-3,0,1,0
2026 02 19 09:31:36:987,-3.9675,-6.87625,0,0,0,0,-3,0,1,0
2026 02 19 09:31:36:989,-3.9675,-6.78875,0,0,0,0,-3,0,1,0
2026 02 19 09:31:36:991,-3.9334,-6.70125,0,0,0,0,-3,0,1,0
2026 02 19 09:31:36:993,-3.9985,-6.78875,0,0,0,0,-3,0,1,0
2026 02 19 09:31:36:995,-3.9334,-6.78875,0,0,0,0,-3,0,1,0
2026 02 19 09:31:36:997,-3.9675,-6.87625,0,0,0,0,-3,0,1,0
2026 02 19 09:31:36:999,-3.9675,-6.78875,0,0,0,0,-3,0,1,0
2026 02 19 09:31:37:001,-3.9675,-6.78875,0,0,0,0,-3,0,1,0
2026 02 19 09:31:37:003,-3.9675,-6.78875,0,0,0,0,-3,0,1,0
2026 02 19 09:31:37:005,-3.9675,-6.78875,0,0,0,0,-3,0,1,0
2026 02 19 09:31:37:007,-3.9675,-6.78875,0,0,0,0,-3,0,1,0
2026 02 19 09:31:37:009,-3.9334,-6.78875,0,0,0,0,-3,0,1,0
2026 02 19 09:31:37:011,-3.9675,-6.78875,0,0,0,0,-3,0,1,0
2026 02 19 09:31:37:013,-3.9675,-6.78875,0,0,0,0,-3,0,1,0
2026 02 19 09:31:37:015,-3.9675,-6.87625,0,0,0,0,-3,0,1,0
2026 02 19 09:31:37:017,-3.9985,-6.78875,0,0,0,0,-3,0,1,0
2026 02 19 09:31:37:019,-3.9675,-6.70125,0,0,0,0,-3,0,1,0
2026 02 19 09:31:37:021,-3.9675,-6.78875,0,0,0,0,-3,0,1,0
2026 02 19 09:31:37:023,-3.9675,-6.78875,0,0,0,0,-3,0,1,0
2026 02 19 09:31:37:025,-3.9985,-6.78875,0,0,0,0,-3,0,1,0
2026 02 19 09:31:37:027,-3.9675,-6.78875,0,0,0,0,-3,0,1,0
2026 02 19 09:31:37:029,-3.9675,-6.78875,0,0,0,0,-3,0,1,0
2026 02 19 09:31:37:031,-3.9675,-6.78875,0,0,0,0,-3,0,1,0
2026 02 19 09:31:37:033,-3.9675,-6.78875,0,0,0,0,-3,0,1,0
2026 02 19 09:31:37:035,-3.9675,-6.70125,0,0,0,0,-3,0,1,0
2026 02 19 09:31:37:037,-3.9675,-6.78875,0,0,0,0,-3,0,1,0
2026 02 19 09:31:37:039,-3.9675,-6.78875,0,0,0,0,-3,0,1,0
2026 02 19 09:31:37:041,-3.9675,-6.78875,0,0,0,0,-3,0,1,0
2026 02 19 09:31:37:043,-3.9675,-6.78875,0,0,0,0,-3,0,1,0
2026 02 19 09:31:37:045,-3.9675,-6.78875,0,0,0,0,-3,0,1,0
2026 02 19 09:31:37:047,-3.9675,-6.78875,0,0,0,0,-3,0,1,0
2026 02 19 09:31:37:049,-3.9985,-6.78875,0,0,0,0,-3,0,1,0
2026 02 19 09:31:37:051,-3.9334,-6.87625,0,0,0,0,-3,0,1,0
2026 02 19 09:31:37:053,-3.9675,-6.78875,0,0,0,0,-3,0,1,0
2026 02 19 09:31:37:055,-3.9985,-6.78875,0,0,0,0,-3,0,1,0
2026 02 19 09:31:37:057,-3.9675,-6.87625,0,0,0,0,-3,0,1,0
2026 02 19 09:31:37:059,-3.9334,-6.78875,0,0,0,0,-3,0,1,0
2026 02 19 09:31:37:061,-3.9675,-6.78875,0,0,0,0,-3,0,1,0
2026 02 19 09:31:37:063,-3.9334,-6.78875,0,0,0,0,-3,0,1,0
2026 02 19 09:31:37:065,-3.9675,-6.87625,0,0,0,0,-3,0,1,0
2026 02 19 09:31:37:067,-3.9675,-6.87625,0,0,0,0,-3,0,1,0
2026 02 19 09:31:37:069,-3.9675,-6.70125,0,0,0,0,-3,0,1,0
2026 02 19 09:31:37:071,-3.9675,-6.78875,0,0,0,0,-3,0,1,0
2026 02 19 09:31:37:073,-3.9675,-6.78875,0,0,0,0,-3,0,1,0
2026 02 19 09:31:37:075,-3.9675,-6.78875,0,0,0,0,-3,0,1,0
2026 02 19 09:31:37:077,-3.9675,-6.78875,0,0,0,0,-3,0,1,0
2026 02 19 09:31:37:079,-3.9985,-6.78875,0,0,0,0,-3,0,1,0
2026 02 19 09:31:37:081,-3.9675,-6.78875,0,0,0,0,-3,0,1,0
2026 02 19 09:31:37:083,-3.9675,-6.78875,0,0,0,0,-3,0,1,0
2026 02 19 09:31:37:085,-3.9675,-6.78875,0,0,0,0,-3,0,1,0
2026 02 19 09:31:37:087,-3.9675,-6.78875,0,0,0,0,-3,0,1,0
2026 02 19 09:31:37:089,-3.9334,-6.87625,0,0,0,0,-3,0,1,0
2026 02 19 09:31:37:091,-3.9675,-6.87625,0,0,0,0,-3,0,1,0
2026 02 19 09:31:37:093,-3.9675,-6.70125,0,0,0,0,-3,0,1,0
2026 02 19 09:31:37:095,-3.9334,-6.87625,0,0,0,0,-3,0,1,0
2026 02 19 09:31:37:097,-3.9675,-6.87625,0,0,0,0,-3,0,1,0
2026 02 19 09:31:37:099,-3.9985,-6.87625,0,0,0,0,-3,0,1,0
2026 02 19 09:31:37:101,-3.9675,-6.87625,0,0,0,0,-3,0,1,0
2026 02 19 09:31:37:103,-3.9985,-6.87625,0,0,0,0,-3,0,1,0
2026 02 19 09:31:37:105,-3.9675,-6.87625,0,0,0,0,-3,0,1,0
2026 02 19 09:31:37:107,-3.9675,-6.78875,0,0,0,0,-3,0,1,0
2026 02 19 09:31:37:109,-3.9675,-6.78875,0,0,0,0,-3,0,1,0
2026 02 19 09:31:37:111,-3.9675,-6.87625,0,0,0,0,-3,0,1,0
2026 02 19 09:31:37:113,-3.9675,-6.78875,0,0,0,0,-3,0,1,0
2026 02 19 09:31:37:115,-3.9675,-6.87625,0,0,0,0,-3,0,1,0
2026 02 19 09:31:37:117,-3.9675,-6.78875,0,0,0,0,-3,0,1,0
2026 02 19 09:31:37:119,-3.9675,-6.78875,0,0,0,0,-3,0,1,0
2026 02 19 09:31:37:121,-3.9985,-6.78875,0,0,0,0,-3,0,1,0
2026 02 19 09:31:37:123,-3.9675,-6.78875,0,0,0,0,-3,0,1,0
2026 02 19 09:31:37:125,-3.9334,-6.78875,0,0,0,0,-3,0,1,0
2026 02 19 09:31:37:127,-3.9675,-6.70125,0,0,0,0,-3,0,1,0
2026 02 19 09:31:37:129,-3.9985,-6.78875,0,0,0,0,-3,0,1,0
2026 02 19 09:31:37:131,-3.9675,-6.78875,0,0,0,0,-3,0,1,0
2026 02 19 09:31:37:133,-3.9675,-6.78875,0,0,0,0,-3,0,1,0
2026 02 19 09:31:37:135,-3.9334,-6.70125,0,0,0,0,-3,0,1,0
2026 02 19 09:31:37:137,-3.9334,-6.78875,0,0,0,0,-3,0,1,0
2026 02 19 09:31:37:139,-3.9675,-6.78875,0,0,0,0,-3,0,1,0
2026 02 19 09:31:37:141,-3.9334,-6.78875,0,0,0,0,-3,0,1,0
2026 02 19 09:31:37:143,-3.9675,-6.78875,0,0,0,0,-3,0,1,0
2026 02 19 09:31:37:145,-3.9675,-6.87625,0,0,0,0,-3,0,1,0
2026 02 19 09:31:37:147,-3.9675,-6.87625,0,0,0,0,-3,0,1,0
2026 02 19 09:31:37:149,-3.9675,-6.78875,0,0,0,0,-3,0,1,0
2026 02 19 09:31:37:151,-3.9675,-6.87625,0,0,0,0,-3,0,1,0
2026 02 19 09:31:37:153,-3.9675,-6.78875,0,0,0,0,-3,0,1,0
2026 02 19 09:31:37:155,-3.9675,-6.78875,0,0,0,0,-3,0,1,0
2026 02 19 09:31:37:157,-3.9675,-6.78875,0,0,0,0,-3,0,1,0
2026 02 19 09:31:37:159,-3.9675,-6.78875,0,0,0,0,-3,0,1,0
2026 02 19 09:31:37:161,-3.9675,-6.78875,0,0,0,0,-3,0,1,0
2026 02 19 09:31:37:163,-3.9675,-6.87625,0,0,0,0,-3,0,1,0
2026 02 19 09:31:37:165,-3.9675,-6.78875,0,0,0,0,-3,0,1,0
2026 02 19 09:31:37:167,-3.9675,-6.78875,0,0,0,0,-3,0,1,0
2026 02 19 09:31:37:169,-3.9334,-6.78875,0,0,0,0,-3,0,1,0
2026 02 19 09:31:37:171,-3.9334,-6.78875,0,0,0,0,-3,0,1,0
2026 02 19 09:31:37:173,-3.9334,-6.78875,0,0,0,0,-3,0,1,0
2026 02 19 09:31:37:175,-3.9985,-6.78875,0,0,0,0,-3,0,1,0
2026 02 19 09:31:37:177,-3.9675,-6.78875,0,0,0,0,-3,0,1,0
2026 02 19 09:31:37:179,-3.9334,-6.78875,0,0,0,0,-3,0,1,0
2026 02 19 09:31:37:181,-3.9675,-6.78875,0,0,0,0,-3,0,1,0
2026 02 19 09:31:37:183,-3.9675,-6.70125,0,0,0,0,-3,0,1,0
2026 02 19 09:31:37:185,-3.9675,-6.78875,0,0,0,0,-3,0,1,0
2026 02 19 09:31:37:187,-3.9675,-6.87625,0,0,0,0,-3,0,1,0
2026 02 19 09:31:37:189,-3.9675,-6.78875,0,0,0,0,-3,0,1,0
2026 02 19 09:31:37:191,-3.9334,-6.78875,0,0,0,0,-3,0,1,0
2026 02 19 09:31:37:193,-3.9675,-6.87625,0,0,0,0,-3,0,1,0
2026 02 19 09:31:37:195,-3.9675,-6.78875,0,0,0,0,-3,0,1,0
2026 02 19 09:31:37:197,-3.9334,-6.78875,0,0,0,0,-3,0,1,0
2026 02 19 09:31:37:199,-3.9675,-6.87625,0,0,0,0,-3,0,1,0
2026 02 19 09:31:37:201,-3.9675,-6.87625,0,0,0,0,-3,0,1,0
2026 02 19 09:31:37:203,-3.9675,-6.78875,0,0,0,0,-3,0,1,0
2026 02 19 09:31:37:205,-3.9675,-6.78875,0,0,0,0,-3,0,1,0
2026 02 19 09:31:37:207,-3.9675,-6.78875,0,0,0,0,-3,0,1,0
2026 02 19 09:31:37:209,-3.9675,-6.87625,0,0,0,0,-3,0,1,0
2026 02 19 09:31:37:211,-3.9675,-6.78875,0,0,0,0,-3,0,1,0
2026 02 19 09:31:37:213,-3.9675,-6.78875,0,0,0,0,-3,0,1,0
2026 02 19 09:31:37:215,-3.9985,-6.78875,0,0,0,0,-3,0,1,0
2026 02 19 09:31:37:217,-3.9675,-6.78875,0,0,0,0,-3,0,1,0
2026 02 19 09:31:37:219,-3.9985,-6.87625,0,0,0,0,-3,0,1,0
2026 02 19 09:31:37:221,-3.9675,-6.78875,0,0,0,0,-3,0,1,0
2026 02 19 09:31:37:223,-3.9675,-6.78875,0,0,0,0,-3,0,1,0
2026 02 19 09:31:37:225,-3.9334,-6.78875,0,0,0,0,-3,0,1,0
2026 02 19 09:31:37:227,-3.9675,-6.78875,0,0,0,0,-3,0,1,0
2026 02 19 09:31:37:229,-3.9675,-6.78875,0,0,0,0,-3,0,1,0
2026 02 19 09:31:37:231,-3.9675,-6.70125,0,0,0,0,-3,0,1,0
2026 02 19 09:31:37:233,-3.9985,-6.78875,0,0,0,0,-3,0,1,0
2026 02 19 09:31:37:235,-3.9675,-6.87625,0,0,0,0,-3,0,1,0
2026 02 19 09:31:37:237,-3.9675,-6.78875,0,0,0,0,-3,0,1,0
2026 02 19 09:31:37:239,-3.9334,-6.78875,0,0,0,0,-3,0,1,0
2026 02 19 09:31:37:241,-3.9334,-6.87625,0,0,0,0,-3,0,1,0
2026 02 19 09:31:37:243,-3.9334,-6.78875,0,0,0,0,-3,0,1,0
2026 02 19 09:31:37:245,-3.9675,-6.87625,0,0,0,0,-3,0,1,0
2026 02 19 09:31:37:247,-3.9675,-6.78875,0,0,0,0,-3,0,1,0
2026 02 19 09:31:37:249,-3.9985,-6.78875,0,0,0,0,-3,0,1,0
2026 02 19 09:31:37:251,-3.9675,-6.78875,0,0,0,0,-3,0,1,0
2026 02 19 09:31:37:253,-3.9675,-6.70125,0,0,0,0,-3,0,1,0
2026 02 19 09:31:37:255,-3.9675,-6.78875,0,0,0,0,-3,0,1,0
2026 02 19 09:31:37:257,-3.9675,-6.78875,0,0,0,0,-3,0,1,0
2026 02 19 09:31:37:259,-3.9675,-6.78875,0,0,0,0,-3,0,1,0
2026 02 19 09:31:37:261,-3.9334,-6.87625,0,0,0,0,-3,0,1,0
2026 02 19 09:31:37:263,-3.9675,-6.78875,0,0,0,0,-3,0,1,0
2026 02 19 09:31:37:265,-3.9334,-6.78875,0,0,0,0,-3,0,1,0
2026 02 19 09:31:37:267,-3.9334,-6.70125,0,0,0,0,-3,0,1,0
2026 02 19 09:31:37:269,-3.9675,-6.78875,0,0,0,0,-3,0,1,0
2026 02 19 09:31:37:271,-3.9985,-6.78875,0,0,0,0,-3,0,1,0
2026 02 19 09:31:37:273,-3.9675,-6.78875,0,0,0,0,-3,0,1,0
2026 02 19 09:31:37:275,-3.9985,-6.87625,0,0,0,0,-3,0,1,0
2026 02 19 09:31:37:277,-3.9675,-6.78875,0,0,0,0,-3,0,1,0
2026 02 19 09:31:37:279,-3.9675,-6.78875,0,0,0,0,-3,0,1,0
2026 02 19 09:31:37:281,-3.9675,-6.87625,0,0,0,0,-3,0,1,0
2026 02 19 09:31:37:283,-3.9985,-6.78875,0,0,0,0,-3,0,1,0
2026 02 19 09:31:37:285,-3.9675,-6.70125,0,0,0,0,-3,0,1,0
2026 02 19 09:31:37:287,-3.9985,-6.78875,0,0,0,0,-3,0,1,0
2026 02 19 09:31:37:289,-3.9675,-6.9725,0,0,0,0,-3,0,1,0
2026 02 19 09:31:37:291,-3.9675,-6.78875,0,0,0,0,-3,0,1,0
2026 02 19 09:31:37:293,-3.9675,-6.78875,0,0,0,0,-3,0,1,0
2026 02 19 09:31:37:295,-3.9985,-6.78875,0,0,0,0,-3,0,1,0
2026 02 19 09:31:37:297,-3.9334,-6.87625,0,0,0,0,-3,0,1,0
2026 02 19 09:31:37:299,-3.9675,-6.87625,0,0,0,0,-3,0,1,0
2026 02 19 09:31:37:301,-3.9675,-6.78875,0,0,0,0,-3,0,1,0
2026 02 19 09:31:37:303,-3.9675,-6.78875,0,0,0,0,-3,0,1,0
2026 02 19 09:31:37:305,-3.9985,-6.78875,0,0,0,0,-3,0,1,0
2026 02 19 09:31:37:307,-3.9675,-6.78875,0,0,0,0,-3,0,1,0
2026 02 19 09:31:37:309,-3.9675,-6.87625,0,0,0,0,-3,0,1,0
2026 02 19 09:31:37:311,-3.9675,-6.78875,0,0,0,0,-3,0,1,0
2026 02 19 09:31:37:313,-3.9675,-6.87625,0,0,0,0,-3,0,1,0
2026 02 19 09:31:37:315,-3.9985,-6.78875,0,0,0,0,-3,0,1,0
2026 02 19 09:31:37:317,-3.9675,-6.78875,0,0,0,0,-3,0,1,0
2026 02 19 09:31:37:319,-3.9675,-6.78875,0,0,0,0,-3,0,1,0
2026 02 19 09:31:37:321,-3.9675,-6.78875,0,0,0,0,-3,0,1,0
2026 02 19 09:31:37:323,-3.9985,-6.87625,0,0,0,0,-3,0,1,0
2026 02 19 09:31:37:325,-3.9675,-6.70125,0,0,0,0,-3,0,1,0
2026 02 19 09:31:37:327,-3.9675,-6.78875,0,0,0,0,-3,0,1,0
2026 02 19 09:31:37:329,-3.9985,-6.78875,0,0,0,0,-3,0,1,0
2026 02 19 09:31:37:331,-3.9985,-6.78875,0,0,0,0,-3,0,1,0
2026 02 19 09:31:37:333,-3.9675,-6.78875,0,0,0,0,-3,0,1,0
2026 02 19 09:31:37:335,-3.9675,-6.87625,0,0,0,0,-3,0,1,0
2026 02 19 09:31:37:337,-3.9985,-6.87625,0,0,0,0,-3,0,1,0
2026 02 19 09:31:37:339,-3.9675,-6.78875,0,0,0,0,-3,0,1,0
2026 02 19 09:31:37:341,-3.9334,-6.87625,0,0,0,0,-3,0,1,0
2026 02 19 09:31:37:343,-3.9675,-6.70125,0,0,0,0,-3,0,1,0
2026 02 19 09:31:37:345,-3.9675,-6.87625,0,0,0,0,-3,0,1,0
2026 02 19 09:31:37:347,-3.9675,-6.87625,0,0,0,0,-3,0,1,0
2026 02 19 09:31:37:349,-3.9675,-6.78875,0,0,0,0,-3,0,1,0
2026 02 19 09:31:37:351,-3.9675,-6.70125,0,0,0,0,-3,0,1,0
2026 02 19 09:31:37:353,-3.9675,-6.78875,0,0,0,0,-3,0,1,0
2026 02 19 09:31:37:355,-3.9675,-6.78875,0,0,0,0,-3,0,1,0
2026 02 19 09:31:37:357,-3.9985,-6.78875,0,0,0,0,-3,0,1,0
2026 02 19 09:31:37:359,-3.9675,-6.87625,0,0,0,0,-3,0,1,0
2026 02 19 09:31:37:361,-3.9675,-6.87625,0,0,0,0,-3,0,1,0
2026 02 19 09:31:37:363,-3.9675,-6.78875,0,0,0,0,-3,0,1,0
2026 02 19 09:31:37:365,-3.9985,-6.78875,0,0,0,0,-3,0,1,0
2026 02 19 09:31:37:367,-3.9334,-6.87625,0,0,0,0,-3,0,1,0
2026 02 19 09:31:37:369,-3.9675,-6.78875,0,0,0,0,-3,0,1,0
2026 02 19 09:31:37:371,-3.9985,-6.78875,0,0,0,0,-3,0,1,0
2026 02 19 09:31:37:373,-3.9985,-6.87625,0,0,0,0,-3,0,1,0
2026 02 19 09:31:37:375,-3.9334,-6.78875,0,0,0,0,-3,0,1,0
2026 02 19 09:31:37:377,-3.9675,-6.78875,0,0,0,0,-3,0,1,0
2026 02 19 09:31:37:379,-3.9675,-6.78875,0,0,0,0,-3,0,1,0
2026 02 19 09:31:37:381,-3.9675,-6.78875,0,0,0,0,-3,0,1,0
2026 02 19 09:31:37:383,-3.9985,-6.78875,0,0,0,0,-3,0,1,0
2026 02 19 09:31:37:385,-3.9675,-6.78875,0,0,0,0,-3,0,1,0
2026 02 19 09:31:37:387,-3.9675,-6.78875,0,0,0,0,-3,0,1,0
2026 02 19 09:31:37:389,-3.9334,-6.78875,0,0,0,0,-3,0,1,0
2026 02 19 09:31:37:391,-3.9675,-6.87625,0,0,0,0,-3,0,1,0
2026 02 19 09:31:37:393,-3.9675,-6.78875,0,0,0,0,-3,0,1,0
2026 02 19 09:31:37:395,-3.9675,-6.78875,0,0,0,0,-3,0,1,0
2026 02 19 09:31:37:397,-3.9675,-6.78875,0,0,0,0,-3,0,1,0
2026 02 19 09:31:37:399,-3.9675,-6.87625,0,0,0,0,-3,0,1,0
2026 02 19 09:31:37:401,-3.9675,-6.87625,0,0,0,0,-3,0,1,0
2026 02 19 09:31:37:403,-3.9675,-6.87625,0,0,0,0,-3,0,1,0
2026 02 19 09:31:37:405,-3.9334,-6.87625,0,0,0,0,-3,0,1,0
2026 02 19 09:31:37:407,-3.9675,-6.87625,0,0,0,0,-3,0,1,0
2026 02 19 09:31:37:409,-3.9675,-6.78875,0,0,0,0,-3,0,1,0
2026 02 19 09:31:37:411,-3.9675,-6.78875,0,0,0,0,-3,0,1,0
2026 02 19 09:31:37:413,-3.9985,-6.78875,0,0,0,0,-3,0,1,0
2026 02 19 09:31:37:415,-3.9334,-6.87625,0,0,0,0,-3,0,1,0
2026 02 19 09:31:37:417,-3.9675,-6.78875,0,0,0,0,-3,0,1,0
2026 02 19 09:31:37:419,-3.9675,-6.78875,0,0,0,0,-3,0,1,0
2026 02 19 09:31:37:421,-3.9675,-6.78875,0,0,0,0,-3,0,1,0
2026 02 19 09:31:37:423,-3.9675,-6.78875,0,0,0,0,-3,0,1,0
2026 02 19 09:31:37:425,-3.9675,-6.78875,0,0,0,0,-3,0,1,0
2026 02 19 09:31:37:427,-3.9675,-6.78875,0,0,0,0,-3,0,1,0
2026 02 19 09:31:37:429,-3.9675,-6.78875,0,0,0,0,-3,0,1,0
2026 02 19 09:31:37:431,-3.9334,-6.70125,0,0,0,0,-3,0,1,0
2026 02 19 09:31:37:433,-3.9675,-6.78875,0,0,0,0,-3,0,1,0
2026 02 19 09:31:37:435,-3.9675,-6.70125,0,0,0,0,-3,0,1,0
2026 02 19 09:31:37:437,-3.9334,-6.70125,0,0,0,0,-3,0,1,0
2026 02 19 09:31:37:439,-3.9675,-6.78875,0,0,0,0,-3,0,1,0
2026 02 19 09:31:37:441,-3.9675,-6.78875,0,0,0,0,-3,0,1,0
2026 02 19 09:31:37:443,-3.9675,-6.78875,0,0,0,0,-3,0,1,0
2026 02 19 09:31:37:445,-3.9675,-6.78875,0,0,0,0,-3,0,1,0
2026 02 19 09:31:37:447,-3.9675,-6.87625,0,0,0,0,-3,0,1,0
2026 02 19 09:31:37:449,-3.9985,-6.87625,0,0,0,0,-3,0,1,0
2026 02 19 09:31:37:451,-3.9675,-6.87625,0,0,0,0,-3,0,1,0
2026 02 19 09:31:37:453,-3.9675,-6.78875,0,0,0,0,-3,0,1,0
2026 02 19 09:31:37:455,-3.9985,-6.78875,0,0,0,0,-3,0,1,0
2026 02 19 09:31:37:457,-3.9675,-6.78875,0,0,0,0,-3,0,1,0
2026 02 19 09:31:37:459,-3.9675,-6.78875,0,0,0,0,-3,0,1,0
2026 02 19 09:31:37:461,-3.9675,-6.78875,0,0,0,0,-3,0,1,0
2026 02 19 09:31:37:463,-3.9675,-6.78875,0,0,0,0,-3,0,1,0
2026 02 19 09:31:37:465,-3.9985,-6.87625,0,0,0,0,-3,0,1,0
2026 02 19 09:31:37:467,-3.9675,-6.78875,0,0,0,0,-3,0,1,0
2026 02 19 09:31:37:469,-3.9675,-6.78875,0,0,0,0,-3,0,1,0
2026 02 19 09:31:37:471,-3.9985,-6.70125,0,0,0,0,-3,0,1,0
2026 02 19 09:31:37:473,-3.9985,-6.78875,0,0,0,0,-3,0,1,0
2026 02 19 09:31:37:475,-3.9675,-6.78875,0,0,0,0,-3,0,1,0
2026 02 19 09:31:37:477,-3.9985,-6.78875,0,0,0,0,-3,0,1,0
2026 02 19 09:31:37:479,-3.9334,-6.78875,0,0,0,0,-3,0,1,0
2026 02 19 09:31:37:481,-3.9675,-6.87625,0,0,0,0,-3,0,1,0
2026 02 19 09:31:37:483,-3.9334,-6.87625,0,0,0,0,-3,0,1,0
2026 02 19 09:31:37:485,-3.9675,-6.87625,0,0,0,0,-3,0,1,0
2026 02 19 09:31:37:487,-3.9675,-6.87625,0,0,0,0,-3,0,1,0
2026 02 19 09:31:37:489,-3.9985,-6.87625,0,0,0,0,-3,0,1,0
2026 02 19 09:31:37:491,-3.9675,-6.78875,0,0,0,0,-3,0,1,0
2026 02 19 09:31:37:493,-3.9985,-6.78875,0,0,0,0,-3,0,1,0
2026 02 19 09:31:37:495,-3.9675,-6.87625,0,0,0,0,-3,0,1,0
2026 02 19 09:31:37:497,-3.9985,-6.87625,0,0,0,0,-3,0,1,0
2026 02 19 09:31:37:499,-3.9675,-6.87625,0,0,0,0,-3,0,1,0
2026 02 19 09:31:37:501,-3.9675,-6.78875,0,0,0,0,-3,0,1,0
2026 02 19 09:31:37:503,-3.9334,-6.87625,0,0,0,0,-3,0,1,0
2026 02 19 09:31:37:505,-3.9985,-6.87625,0,0,0,0,-3,0,1,0
2026 02 19 09:31:37:507,-3.9675,-6.87625,0,0,0,0,-3,0,1,0
2026 02 19 09:31:37:509,-3.9675,-6.78875,0,0,0,0,-3,0,1,0
2026 02 19 09:31:37:511,-3.9675,-6.78875,0,0,0,0,-3,0,1,0
2026 02 19 09:31:37:513,-3.9985,-6.87625,0,0,0,0,-3,0,1,0
2026 02 19 09:31:37:515,-3.9675,-6.78875,0,0,0,0,-3,0,1,0
2026 02 19 09:31:37:517,-3.9675,-6.78875,0,0,0,0,-3,0,1,0
2026 02 19 09:31:37:519,-3.9985,-6.78875,0,0,0,0,-3,0,1,0
2026 02 19 09:31:37:521,-3.9675,-6.78875,0,0,0,0,-3,0,1,0
2026 02 19 09:31:37:523,-3.9675,-6.78875,0,0,0,0,-3,0,1,0
2026 02 19 09:31:37:525,-3.9675,-6.78875,0,0,0,0,-3,0,1,0
2026 02 19 09:31:37:527,-3.9334,-6.78875,0,0,0,0,-3,0,1,0
2026 02 19 09:31:37:529,-3.9985,-6.70125,0,0,0,0,-3,0,1,0
2026 02 19 09:31:37:531,-3.9985,-6.87625,0,0,0,0,-3,0,1,0
2026 02 19 09:31:37:533,-3.9675,-6.70125,0,0,0,0,-3,0,1,0
2026 02 19 09:31:37:535,-3.9675,-6.87625,0,0,0,0,-3,0,1,0
2026 02 19 09:31:37:537,-3.9675,-6.87625,0,0,0,0,-3,0,1,0
2026 02 19 09:31:37:539,-3.9675,-6.87625,0,0,0,0,-3,0,1,0
2026 02 19 09:31:37:541,-3.9985,-6.78875,0,0,0,0,-3,0,1,0
2026 02 19 09:31:37:543,-3.9985,-6.78875,0,0,0,0,-3,0,1,0
2026 02 19 09:31:37:545,-3.9334,-6.70125,0,0,0,0,-3,0,1,0
2026 02 19 09:31:37:547,-3.9675,-6.78875,0,0,0,0,-3,0,1,0
2026 02 19 09:31:37:549,-3.9675,-6.78875,0,0,0,0,-3,0,1,0
2026 02 19 09:31:37:551,-3.9675,-6.78875,0,0,0,0,-3,0,1,0
2026 02 19 09:31:37:553,-3.9985,-6.78875,0,0,0,0,-3,0,1,0
2026 02 19 09:31:37:555,-3.9675,-6.78875,0,0,0,0,-3,0,1,0
2026 02 19 09:31:37:557,-3.9675,-6.78875,0,0,0,0,-3,0,1,0
2026 02 19 09:31:37:559,-3.9675,-6.78875,0,0,0,0,-3,0,1,0
2026 02 19 09:31:37:561,-3.9334,-6.78875,0,0,0,0,-3,0,1,0
2026 02 19 09:31:37:563,-3.9675,-6.78875,0,0,0,0,-3,0,1,0
2026 02 19 09:31:37:565,-3.9985,-6.78875,0,0,0,0,-3,0,1,0
2026 02 19 09:31:37:567,-3.9985,-6.78875,0,0,0,0,-3,0,1,0
2026 02 19 09:31:37:569,-3.9985,-6.78875,0,0,0,0,-3,0,1,0
2026 02 19 09:31:37:571,-3.9675,-6.70125,0,0,0,0,-3,0,1,0
2026 02 19 09:31:37:573,-3.9675,-6.87625,0,0,0,0,-3,0,1,0
2026 02 19 09:31:37:575,-3.9675,-6.78875,0,0,0,0,-3,0,1,0
2026 02 19 09:31:37:577,-3.9675,-6.78875,0,0,0,0,-3,0,1,0
2026 02 19 09:31:37:579,-3.9675,-6.78875,0,0,0,0,-3,0,1,0
2026 02 19 09:31:37:581,-3.9985,-6.78875,0,0,0,0,-3,0,1,0
2026 02 19 09:31:37:583,-3.9985,-6.87625,0,0,0,0,-3,0,1,0
2026 02 19 09:31:37:585,-3.9675,-6.70125,0,0,0,0,-3,0,1,0
2026 02 19 09:31:37:587,-3.9334,-6.78875,0,0,0,0,-3,0,1,0
2026 02 19 09:31:37:589,-3.9334,-6.87625,0,0,0,0,-3,0,1,0
2026 02 19 09:31:37:591,-3.9675,-6.87625,0,0,0,0,-3,0,1,0
2026 02 19 09:31:37:593,-3.9675,-6.70125,0,0,0,0,-3,0,1,0
2026 02 19 09:31:37:595,-3.9985,-6.78875,0,0,0,0,-3,0,1,0
2026 02 19 09:31:37:597,-3.9675,-6.78875,0,0,0,0,-3,0,1,0
2026 02 19 09:31:37:599,-3.9334,-6.87625,0,0,0,0,-3,0,1,0
2026 02 19 09:31:37:601,-3.9675,-6.78875,0,0,0,0,-3,0,1,0
2026 02 19 09:31:37:603,-3.9675,-6.87625,0,0,0,0,-3,0,1,0
2026 02 19 09:31:37:605,-3.9675,-6.87625,0,0,0,0,-3,0,1,0
2026 02 19 09:31:37:607,-3.9675,-6.78875,0,0,0,0,-3,0,1,0
2026 02 19 09:31:37:609,-3.9675,-6.78875,0,0,0,0,-3,0,1,0
2026 02 19 09:31:37:611,-3.9675,-6.78875,0,0,0,0,-3,0,1,0
2026 02 19 09:31:37:613,-3.9675,-6.87625,0,0,0,0,-3,0,1,0
2026 02 19 09:31:37:615,-3.9675,-6.78875,0,0,0,0,-3,0,1,0
2026 02 19 09:31:37:617,-3.9675,-6.70125,0,0,0,0,-3,0,1,0
2026 02 19 09:31:37:619,-3.9675,-6.78875,0,0,0,0,-3,0,1,0
2026 02 19 09:31:37:621,-3.9985,-6.78875,0,0,0,0,-3,0,1,0
2026 02 19 09:31:37:623,-3.9675,-6.78875,0,0,0,0,-3,0,1,0
2026 02 19 09:31:37:625,-3.9675,-6.78875,0,0,0,0,-3,0,1,0
2026 02 19 09:31:37:627,-3.9675,-6.78875,0,0,0,0,-3,0,1,0
2026 02 19 09:31:37:629,-3.9675,-6.78875,0,0,0,0,-3,0,1,0
2026 02 19 09:31:37:631,-3.9675,-6.78875,0,0,0,0,-3,0,1,0
2026 02 19 09:31:37:633,-3.9985,-6.78875,0,0,0,0,-3,0,1,0
2026 02 19 09:31:37:635,-3.9985,-6.87625,0,0,0,0,-3,0,1,0
2026 02 19 09:31:37:637,-3.9675,-6.87625,0,0,0,0,-3,0,1,0
2026 02 19 09:31:37:639,-3.9675,-6.78875,0,0,0,0,-3,0,1,0
2026 02 19 09:31:37:641,-3.9675,-6.87625,0,0,0,0,-3,0,1,0
2026 02 19 09:31:37:643,-3.9675,-6.78875,0,0,0,0,-3,0,1,0
2026 02 19 09:31:37:645,-3.9985,-6.87625,0,0,0,0,-3,0,1,0
2026 02 19 09:31:37:647,-3.9675,-6.78875,0,0,0,0,-3,0,1,0
2026 02 19 09:31:37:649,-3.9675,-6.78875,0,0,0,0,-3,0,1,0
2026 02 19 09:31:37:651,-3.9334,-6.78875,0,0,0,0,-3,0,1,0
2026 02 19 09:31:37:653,-3.9675,-6.78875,0,0,0,0,-3,0,1,0
2026 02 19 09:31:37:655,-3.9675,-6.78875,0,0,0,0,-3,0,1,0
2026 02 19 09:31:37:657,-3.9985,-6.70125,0,0,0,0,-3,0,1,0
2026 02 19 09:31:37:659,-3.9675,-6.78875,0,0,0,0,-3,0,1,0
2026 02 19 09:31:37:661,-3.9675,-6.78875,0,0,0,0,-3,0,1,0
2026 02 19 09:31:37:663,-3.9675,-6.87625,0,0,0,0,-3,0,1,0
2026 02 19 09:31:37:665,-3.9334,-6.78875,0,0,0,0,-3,0,1,0
2026 02 19 09:31:37:667,-3.9675,-6.78875,0,0,0,0,-3,0,1,0
2026 02 19 09:31:37:669,-3.9675,-6.70125,0,0,0,0,-3,0,1,0
2026 02 19 09:31:37:671,-3.9675,-6.78875,0,0,0,0,-3,0,1,0
2026 02 19 09:31:37:673,-3.9675,-6.78875,0,0,0,0,-3,0,1,0
2026 02 19 09:31:37:675,-3.9675,-6.78875,0,0,0,0,-3,0,1,0
2026 02 19 09:31:37:677,-3.9675,-6.78875,0,0,0,0,-3,0,1,0
2026 02 19 09:31:37:679,-3.9675,-6.78875,0,0,0,0,-3,0,1,0
2026 02 19 09:31:37:681,-3.9675,-6.78875,0,0,0,0,-3,0,1,0
2026 02 19 09:31:37:683,-3.9334,-6.78875,0,0,0,0,-3,0,1,0
2026 02 19 09:31:37:685,-3.9675,-6.78875,0,0,0,0,-3,0,1,0
2026 02 19 09:31:37:687,-3.9985,-6.78875,0,0,0,0,-3,0,1,0
2026 02 19 09:31:37:689,-3.9675,-6.78875,0,0,0,0,-3,0,1,0
2026 02 19 09:31:37:691,-3.9675,-6.78875,0,0,0,0,-3,0,1,0
2026 02 19 09:31:37:693,-3.9334,-6.78875,0,0,0,0,-3,0,1,0
2026 02 19 09:31:37:695,-3.9675,-6.78875,0,0,0,0,-3,0,1,0
2026 02 19 09:31:37:697,-3.9675,-6.78875,0,0,0,0,-3,0,1,0
2026 02 19 09:31:37:699,-3.9675,-6.78875,0,0,0,0,-3,0,1,0
2026 02 19 09:31:37:701,-3.9675,-6.87625,0,0,0,0,-3,0,1,0
2026 02 19 09:31:37:703,-3.9675,-6.78875,0,0,0,0,-3,0,1,0
2026 02 19 09:31:37:705,-3.9985,-6.78875,0,0,0,0,-3,0,1,0
2026 02 19 09:31:37:707,-3.9985,-6.87625,0,0,0,0,-3,0,1,0
2026 02 19 09:31:37:709,-3.9675,-6.78875,0,0,0,0,-3,0,1,0
2026 02 19 09:31:37:711,-3.9675,-6.78875,0,0,0,0,-3,0,1,0
2026 02 19 09:31:37:713,-3.9334,-6.87625,0,0,0,0,-3,0,1,0
2026 02 19 09:31:37:715,-3.9675,-6.78875,0,0,0,0,-3,0,1,0
2026 02 19 09:31:37:717,-3.9675,-6.78875,0,0,0,0,-3,0,1,0
2026 02 19 09:31:37:719,-3.9675,-6.87625,0,0,0,0,-3,0,1,0
2026 02 19 09:31:37:721,-3.9675,-6.87625,0,0,0,0,-3,0,1,0
2026 02 19 09:31:37:723,-3.9334,-6.78875,0,0,0,0,-3,0,1,0
2026 02 19 09:31:37:725,-3.9985,-6.87625,0,0,0,0,-3,0,1,0
2026 02 19 09:31:37:727,-3.9675,-6.78875,0,0,0,0,-3,0,1,0
2026 02 19 09:31:37:729,-3.9675,-6.70125,0,0,0,0,-3,0,1,0
2026 02 19 09:31:37:731,-3.9675,-6.78875,0,0,0,0,-3,0,1,0
2026 02 19 09:31:37:733,-3.9675,-6.78875,0,0,0,0,-3,0,1,0
2026 02 19 09:31:37:735,-3.9675,-6.78875,0,0,0,0,-3,0,1,0
2026 02 19 09:31:37:737,-3.9675,-6.78875,0,0,0,0,-3,0,1,0
2026 02 19 09:31:37:739,-3.9334,-6.78875,0,0,0,0,-3,0,1,0
2026 02 19 09:31:37:741,-3.9985,-6.78875,0,0,0,0,-3,0,1,0
2026 02 19 09:31:37:743,-3.9334,-6.78875,0,0,0,0,-3,0,1,0
2026 02 19 09:31:37:745,-3.9675,-6.78875,0,0,0,0,-3,0,1,0
2026 02 19 09:31:37:747,-3.9675,-6.78875,0,0,0,0,-3,0,1,0
2026 02 19 09:31:37:749,-3.9675,-6.87625,0,0,0,0,-3,0,1,0
2026 02 19 09:31:37:751,-3.9334,-6.87625,0,0,0,0,-3,0,1,0
2026 02 19 09:31:37:753,-3.9675,-6.70125,0,0,0,0,-3,0,1,0
2026 02 19 09:31:37:755,-3.9675,-6.78875,0,0,0,0,-3,0,1,0
2026 02 19 09:31:37:757,-3.9675,-6.78875,0,0,0,0,-3,0,1,0
2026 02 19 09:31:37:759,-3.9985,-6.70125,0,0,0,0,-3,0,1,0
2026 02 19 09:31:37:761,-3.9675,-6.78875,0,0,0,0,-3,0,1,0
2026 02 19 09:31:37:763,-3.9675,-6.78875,0,0,0,0,-3,0,1,0
2026 02 19 09:31:37:765,-3.9675,-6.78875,0,0,0,0,-3,0,1,0
2026 02 19 09:31:37:767,-3.9985,-6.78875,0,0,0,0,-3,0,1,0
2026 02 19 09:31:37:769,-3.9675,-6.78875,0,0,0,0,-3,0,1,0
2026 02 19 09:31:37:771,-3.9675,-6.70125,0,0,0,0,-3,0,1,0
2026 02 19 09:31:37:773,-3.9675,-6.78875,0,0,0,0,-3,0,1,0
2026 02 19 09:31:37:775,-3.9675,-6.70125,0,0,0,0,-3,0,1,0
2026 02 19 09:31:37:777,-3.9334,-6.78875,0,0,0,0,-3,0,1,0
2026 02 19 09:31:37:779,-3.9675,-6.78875,0,0,0,0,-3,0,1,0
2026 02 19 09:31:37:781,-3.9675,-6.78875,0,0,0,0,-3,0,1,0
2026 02 19 09:31:37:783,-3.9675,-6.78875,0,0,0,0,-3,0,1,0
2026 02 19 09:31:37:785,-3.9985,-6.87625,0,0,0,0,-3,0,1,0
2026 02 19 09:31:37:787,-3.9675,-6.78875,0,0,0,0,-3,0,1,0
2026 02 19 09:31:37:789,-3.9334,-6.78875,0,0,0,0,-3,0,1,0
2026 02 19 09:31:37:791,-3.9675,-6.78875,0,0,0,0,-3,0,1,0
2026 02 19 09:31:37:793,-3.9675,-6.78875,0,0,0,0,-3,0,1,0
2026 02 19 09:31:37:795,-3.9334,-6.78875,0,0,0,0,-3,0,1,0
2026 02 19 09:31:37:797,-3.9985,-6.78875,0,0,0,0,-3,0,1,0
2026 02 19 09:31:37:799,-3.9675,-6.78875,0,0,0,0,-3,0,1,0
2026 02 19 09:31:37:801,-3.9675,-6.78875,0,0,0,0,-3,0,1,0
2026 02 19 09:31:37:803,-3.9675,-6.78875,0,0,0,0,-3,0,1,0
2026 02 19 09:31:37:805,-3.9985,-6.78875,0,0,0,0,-3,0,1,0
2026 02 19 09:31:37:807,-3.9334,-6.78875,0,0,0,0,-3,0,1,0
2026 02 19 09:31:37:809,-3.9675,-6.70125,0,0,0,0,-3,0,1,0
2026 02 19 09:31:37:811,-3.9985,-6.78875,0,0,0,0,-3,0,1,0
2026 02 19 09:31:37:813,-3.9675,-6.78875,0,0,0,0,-3,0,1,0
2026 02 19 09:31:37:815,-3.9675,-6.78875,0,0,0,0,-3,0,1,0
2026 02 19 09:31:37:817,-3.9675,-6.78875,0,0,0,0,-3,0,1,0
2026 02 19 09:31:37:819,-3.9985,-6.78875,0,0,0,0,-3,0,1,0
2026 02 19 09:31:37:821,-3.9675,-6.87625,0,0,0,0,-3,0,1,0
2026 02 19 09:31:37:823,-3.9675,-6.70125,0,0,0,0,-3,0,1,0
2026 02 19 09:31:37:825,-3.9334,-6.78875,0,0,0,0,-3,0,1,0
2026 02 19 09:31:37:827,-3.9675,-6.78875,0,0,0,0,-3,0,1,0
2026 02 19 09:31:37:829,-3.9675,-6.78875,0,0,0,0,-3,0,1,0
2026 02 19 09:31:37:831,-3.9675,-6.78875,0,0,0,0,-3,0,1,0
2026 02 19 09:31:37:833,-3.9675,-6.78875,0,0,0,0,-3,0,1,0
2026 02 19 09:31:37:835,-3.9675,-6.78875,0,0,0,0,-3,0,1,0
2026 02 19 09:31:37:837,-3.9675,-6.78875,0,0,0,0,-3,0,1,0
2026 02 19 09:31:37:839,-3.9675,-6.87625,0,0,0,0,-3,0,1,0
2026 02 19 09:31:37:841,-3.9334,-6.70125,0,0,0,0,-3,0,1,0
2026 02 19 09:31:37:843,-3.9675,-6.70125,0,0,0,0,-3,0,1,0
2026 02 19 09:31:37:845,-3.9675,-6.78875,0,0,0,0,-3,0,1,0
2026 02 19 09:31:37:847,-3.9675,-6.78875,0,0,0,0,-3,0,1,0
2026 02 19 09:31:37:849,-3.9334,-6.87625,0,0,0,0,-3,0,1,0
2026 02 19 09:31:37:851,-3.9675,-6.78875,0,0,0,0,-3,0,1,0
2026 02 19 09:31:37:853,-3.9675,-6.78875,0,0,0,0,-3,0,1,0
2026 02 19 09:31:37:855,-3.9675,-6.78875,0,0,0,0,-3,0,1,0
2026 02 19 09:31:37:857,-3.9675,-6.78875,0,0,0,0,-3,0,1,0
2026 02 19 09:31:37:859,-3.9985,-6.78875,0,0,0,0,-3,0,1,0
2026 02 19 09:31:37:861,-3.9675,-6.78875,0,0,0,0,-3,0,1,0
2026 02 19 09:31:37:863,-3.9334,-6.78875,0,0,0,0,-3,0,1,0
2026 02 19 09:31:37:865,-3.9675,-6.70125,0,0,0,0,-3,0,1,0
2026 02 19 09:31:37:867,-3.9675,-6.87625,0,0,0,0,-3,0,1,0
2026 02 19 09:31:37:869,-3.9334,-6.78875,0,0,0,0,-3,0,1,0
2026 02 19 09:31:37:871,-3.9675,-6.70125,0,0,0,0,-3,0,1,0
2026 02 19 09:31:37:873,-3.9334,-6.87625,0,0,0,0,-3,0,1,0
2026 02 19 09:31:37:875,-3.9985,-6.78875,0,0,0,0,-3,0,1,0
2026 02 19 09:31:37:877,-3.9675,-6.70125,0,0,0,0,-3,0,1,0
2026 02 19 09:31:37:879,-3.9985,-6.78875,0,0,0,0,-3,0,1,0
2026 02 19 09:31:37:881,-3.9334,-6.78875,0,0,0,0,-3,0,1,0
2026 02 19 09:31:37:883,-3.9675,-6.87625,0,0,0,0,-3,0,1,0
2026 02 19 09:31:37:885,-3.9675,-6.78875,0,0,0,0,-3,0,1,0
2026 02 19 09:31:37:887,-3.9675,-6.78875,0,0,0,0,-3,0,1,0
2026 02 19 09:31:37:889,-3.9985,-6.78875,0,0,0,0,-3,0,1,0
2026 02 19 09:31:37:891,-3.9675,-6.78875,0,0,0,0,-3,0,1,0
2026 02 19 09:31:37:893,-3.9675,-6.78875,0,0,0,0,-3,0,1,0
2026 02 19 09:31:37:895,-3.9675,-6.78875,0,0,0,0,-3,0,1,0
2026 02 19 09:31:37:897,-3.9675,-6.78875,0,0,0,0,-3,0,1,0
2026 02 19 09:31:37:899,-3.9675,-6.78875,0,0,0,0,-3,0,1,0
2026 02 19 09:31:37:901,-3.9675,-6.87625,0,0,0,0,-3,0,1,0
2026 02 19 09:31:37:903,-3.9985,-6.87625,0,0,0,0,-3,0,1,0
2026 02 19 09:31:37:905,-3.9985,-6.78875,0,0,0,0,-3,0,1,0
2026 02 19 09:31:37:907,-3.9675,-6.78875,0,0,0,0,-3,0,1,0
2026 02 19 09:31:37:909,-3.9675,-6.70125,0,0,0,0,-3,0,1,0
2026 02 19 09:31:37:911,-3.9675,-6.78875,0,0,0,0,-3,0,1,0
2026 02 19 09:31:37:913,-3.9675,-6.78875,0,0,0,0,-3,0,1,0
2026 02 19 09:31:37:915,-3.9675,-6.78875,0,0,0,0,-3,0,1,0
2026 02 19 09:31:37:917,-3.9675,-6.87625,0,0,0,0,-3,0,1,0
2026 02 19 09:31:37:919,-3.9675,-6.78875,0,0,0,0,-3,0,1,0
2026 02 19 09:31:37:921,-3.9675,-6.70125,0,0,0,0,-3,0,1,0
2026 02 19 09:31:37:923,-3.9675,-6.78875,0,0,0,0,-3,0,1,0
2026 02 19 09:31:37:925,-3.9675,-6.78875,0,0,0,0,-3,0,1,0
2026 02 19 09:31:37:927,-3.9675,-6.78875,0,0,0,0,-3,0,1,0
2026 02 19 09:31:37:929,-3.9985,-6.78875,0,0,0,0,-3,0,1,0
2026 02 19 09:31:37:931,-3.9675,-6.78875,0,0,0,0,-3,0,1,0
2026 02 19 09:31:37:933,-3.9675,-6.78875,0,0,0,0,-3,0,1,0
2026 02 19 09:31:37:935,-3.9675,-6.87625,0,0,0,0,-3,0,1,0
2026 02 19 09:31:37:937,-3.9675,-6.78875,0,0,0,0,-3,0,1,0
2026 02 19 09:31:37:939,-3.9675,-6.78875,0,0,0,0,-3,0,1,0
2026 02 19 09:31:37:941,-3.9675,-6.70125,0,0,0,0,-3,0,1,0
2026 02 19 09:31:37:943,-3.9675,-6.78875,0,0,0,0,-3,0,1,0
2026 02 19 09:31:37:945,-3.9985,-6.78875,0,0,0,0,-3,0,1,0
2026 02 19 09:31:37:947,-3.9675,-6.87625,0,0,0,0,-3,0,1,0
2026 02 19 09:31:37:949,-3.9675,-6.87625,0,0,0,0,-3,0,1,0
2026 02 19 09:31:37:951,-3.9985,-6.78875,0,0,0,0,-3,0,1,0
2026 02 19 09:31:37:953,-3.9675,-6.78875,0,0,0,0,-3,0,1,0
2026 02 19 09:31:37:955,-3.9024,-6.78875,0,0,0,0,-3,0,1,0
2026 02 19 09:31:37:957,-3.9334,-6.78875,0,0,0,0,-3,0,1,0
2026 02 19 09:31:37:959,-3.9675,-6.78875,0,0,0,0,-3,0,1,0
2026 02 19 09:31:37:961,-3.9675,-6.78875,0,0,0,0,-3,0,1,0
2026 02 19 09:31:37:963,-3.9675,-6.87625,0,0,0,0,-3,0,1,0
2026 02 19 09:31:37:965,-3.9675,-6.78875,0,0,0,0,-3,0,1,0
2026 02 19 09:31:37:967,-3.9675,-6.78875,0,0,0,0,-3,0,1,0
2026 02 19 09:31:37:969,-3.9675,-6.87625,0,0,0,0,-3,0,1,0
2026 02 19 09:31:37:971,-3.9675,-6.70125,0,0,0,0,-3,0,1,0
2026 02 19 09:31:37:973,-3.9675,-6.78875,0,0,0,0,-3,0,1,0
2026 02 19 09:31:37:975,-3.9675,-6.78875,0,0,0,0,-3,0,1,0
2026 02 19 09:31:37:977,-3.9675,-6.78875,0,0,0,0,-3,0,1,0
2026 02 19 09:31:37:979,-3.9675,-6.78875,0,0,0,0,-3,0,1,0
2026 02 19 09:31:37:981,-3.9675,-6.70125,0,0,0,0,-3,0,1,0
2026 02 19 09:31:37:983,-3.9675,-6.70125,0,0,0,0,-3,0,1,0
2026 02 19 09:31:37:985,-3.9675,-6.78875,0,0,0,0,-3,0,1,0
2026 02 19 09:31:37:987,-3.9675,-6.78875,0,0,0,0,-3,0,1,0
2026 02 19 09:31:37:989,-3.9675,-6.78875,0,0,0,0,-3,0,1,0
2026 02 19 09:31:37:991,-3.9675,-6.78875,0,0,0,0,-3,0,1,0
2026 02 19 09:31:37:993,-3.9985,-6.78875,0,0,0,0,-3,0,1,0
2026 02 19 09:31:37:995,-3.9985,-6.87625,0,0,0,0,-3,0,1,0
2026 02 19 09:31:37:997,-3.9985,-6.78875,0,0,0,0,-3,0,1,0
2026 02 19 09:31:37:999,-3.9675,-6.78875,0,0,0,0,-3,0,1,0
2026 02 19 09:31:38:001,-3.9985,-6.87625,0,0,0,0,-3,0,1,0
2026 02 19 09:31:38:003,-3.9675,-6.78875,0,0,0,0,-3,0,1,0
2026 02 19 09:31:38:005,-3.9675,-6.78875,0,0,0,0,-3,0,1,0
2026 02 19 09:31:38:007,-3.9985,-6.78875,0,0,0,0,-3,0,1,0
2026 02 19 09:31:38:009,-3.9675,-6.87625,0,0,0,0,-3,0,1,0
2026 02 19 09:31:38:011,-3.9675,-6.78875,0,0,0,0,-3,0,1,0
2026 02 19 09:31:38:013,-3.9675,-6.87625,0,0,0,0,-3,0,1,0
2026 02 19 09:31:38:015,-3.9334,-6.78875,0,0,0,0,-3,0,1,0
2026 02 19 09:31:38:017,-3.9675,-6.78875,0,0,0,0,-3,0,1,0
2026 02 19 09:31:38:019,-3.9985,-6.78875,0,0,0,0,-3,0,1,0
2026 02 19 09:31:38:021,-3.9675,-6.70125,0,0,0,0,-3,0,1,0
2026 02 19 09:31:38:023,-3.9675,-6.78875,0,0,0,0,-3,0,1,0
2026 02 19 09:31:38:025,-3.9985,-6.78875,0,0,0,0,-3,0,1,0
2026 02 19 09:31:38:027,-3.9675,-6.78875,0,0,0,0,-3,0,1,0
2026 02 19 09:31:38:029,-3.9334,-6.78875,0,0,0,0,-3,0,1,0
2026 02 19 09:31:38:031,-3.9334,-6.78875,0,0,0,0,-3,0,1,0
2026 02 19 09:31:38:033,-3.9675,-6.78875,0,0,0,0,-3,0,1,0
2026 02 19 09:31:38:035,-3.9675,-6.70125,0,0,0,0,-3,0,1,0
2026 02 19 09:31:38:037,-3.9675,-6.87625,0,0,0,0,-3,0,1,0
2026 02 19 09:31:38:039,-3.9675,-6.78875,0,0,0,0,-3,0,1,0
2026 02 19 09:31:38:041,-3.9675,-6.87625,0,0,0,0,-3,0,1,0
2026 02 19 09:31:38:043,-3.9675,-6.87625,0,0,0,0,-3,0,1,0
2026 02 19 09:31:38:045,-3.9675,-6.78875,0,0,0,0,-3,0,1,0
2026 02 19 09:31:38:047,-3.9985,-6.78875,0,0,0,0,-3,0,1,0
2026 02 19 09:31:38:049,-3.9675,-6.78875,0,0,0,0,-3,0,1,0
2026 02 19 09:31:38:051,-3.9675,-6.70125,0,0,0,0,-3,0,1,0
2026 02 19 09:31:38:053,-3.9675,-6.78875,0,0,0,0,-3,0,1,0
2026 02 19 09:31:38:055,-3.9985,-6.78875,0,0,0,0,-3,0,1,0
2026 02 19 09:31:38:057,-3.9675,-6.78875,0,0,0,0,-3,0,1,0
2026 02 19 09:31:38:059,-3.9675,-6.78875,0,0,0,0,-3,0,1,0
2026 02 19 09:31:38:061,-3.9675,-6.78875,0,0,0,0,-3,0,1,0
2026 02 19 09:31:38:063,-3.9985,-6.78875,0,0,0,0,-3,0,1,0
2026 02 19 09:31:38:065,-3.9985,-6.78875,0,0,0,0,-3,0,1,0
2026 02 19 09:31:38:067,-3.9985,-6.78875,0,0,0,0,-3,0,1,0
2026 02 19 09:31:38:069,-3.9675,-6.87625,0,0,0,0,-3,0,1,0
2026 02 19 09:31:38:071,-3.9675,-6.78875,0,0,0,0,-3,0,1,0
2026 02 19 09:31:38:073,-3.9675,-6.78875,0,0,0,0,-3,0,1,0
2026 02 19 09:31:38:075,-3.9675,-6.78875,0,0,0,0,-3,0,1,0
2026 02 19 09:31:38:077,-3.9334,-6.87625,0,0,0,0,-3,0,1,0
2026 02 19 09:31:38:079,-3.9675,-6.78875,0,0,0,0,-3,0,1,0
2026 02 19 09:31:38:081,-3.9675,-6.78875,0,0,0,0,-3,0,1,0
2026 02 19 09:31:38:083,-3.9334,-6.78875,0,0,0,0,-3,0,1,0
2026 02 19 09:31:38:085,-3.9675,-6.70125,0,0,0,0,-3,0,1,0
2026 02 19 09:31:38:087,-3.9675,-6.78875,0,0,0,0,-3,0,1,0
2026 02 19 09:31:38:089,-3.9675,-6.78875,0,0,0,0,-3,0,1,0
2026 02 19 09:31:38:091,-3.9675,-6.78875,0,0,0,0,-3,0,1,0
2026 02 19 09:31:38:093,-3.9675,-6.78875,0,0,0,0,-3,0,1,0
2026 02 19 09:31:38:095,-3.9675,-6.87625,0,0,0,0,-3,0,1,0
2026 02 19 09:31:38:097,-3.9675,-6.78875,0,0,0,0,-3,0,1,0
2026 02 19 09:31:38:099,-3.9675,-6.70125,0,0,0,0,-3,0,1,0
2026 02 19 09:31:38:101,-3.9675,-6.78875,0,0,0,0,-3,0,1,0
2026 02 19 09:31:38:103,-3.9675,-6.78875,0,0,0,0,-3,0,1,0
2026 02 19 09:31:38:105,-3.9675,-6.87625,0,0,0,0,-3,0,1,0
2026 02 19 09:31:38:107,-3.9675,-6.78875,0,0,0,0,-3,0,1,0
2026 02 19 09:31:38:109,-3.9675,-6.78875,0,0,0,0,-3,0,1,0
2026 02 19 09:31:38:111,-3.9334,-6.78875,0,0,0,0,-3,0,1,0
2026 02 19 09:31:38:113,-3.9675,-6.70125,0,0,0,0,-3,0,1,0
2026 02 19 09:31:38:115,-3.9675,-6.70125,0,0,0,0,-3,0,1,0
2026 02 19 09:31:38:117,-3.9675,-6.87625,0,0,0,0,-3,0,1,0
2026 02 19 09:31:38:119,-3.9675,-6.78875,0,0,0,0,-3,0,1,0
2026 02 19 09:31:38:121,-3.9985,-6.70125,0,0,0,0,-3,0,1,0
2026 02 19 09:31:38:123,-3.9675,-6.78875,0,0,0,0,-3,0,1,0
2026 02 19 09:31:38:125,-3.9985,-6.70125,0,0,0,0,-3,0,1,0
2026 02 19 09:31:38:127,-3.9675,-6.70125,0,0,0,0,-3,0,1,0
2026 02 19 09:31:38:129,-3.9675,-6.70125,0,0,0,0,-3,0,1,0
2026 02 19 09:31:38:131,-3.9985,-6.78875,0,0,0,0,-3,0,1,0
2026 02 19 09:31:38:133,-3.9675,-6.78875,0,0,0,0,-3,0,1,0
2026 02 19 09:31:38:135,-3.9675,-6.78875,0,0,0,0,-3,0,1,0
2026 02 19 09:31:38:137,-3.9675,-6.78875,0,0,0,0,-3,0,1,0
2026 02 19 09:31:38:139,-3.9675,-6.78875,0,0,0,0,-3,0,1,0
2026 02 19 09:31:38:141,-3.9675,-6.78875,0,0,0,0,-3,0,1,0
2026 02 19 09:31:38:143,-3.9675,-6.78875,0,0,0,0,-3,0,1,0
2026 02 19 09:31:38:145,-3.9675,-6.9725,0,0,0,0,-3,0,1,0
2026 02 19 09:31:38:147,-3.9675,-6.78875,0,0,0,0,-3,0,1,0
2026 02 19 09:31:38:149,-3.9675,-6.78875,0,0,0,0,-3,0,1,0
2026 02 19 09:31:38:151,-3.9675,-6.87625,0,0,0,0,-3,0,1,0
2026 02 19 09:31:38:153,-3.9675,-6.87625,0,0,0,0,-3,0,1,0
2026 02 19 09:31:38:155,-3.9675,-6.78875,0,0,0,0,-3,0,1,0
2026 02 19 09:31:38:157,-3.9675,-6.78875,0,0,0,0,-3,0,1,0
2026 02 19 09:31:38:159,-3.9675,-6.78875,0,0,0,0,-3,0,1,0
2026 02 19 09:31:38:161,-3.9985,-6.78875,0,0,0,0,-3,0,1,0
2026 02 19 09:31:38:163,-3.9985,-6.70125,0,0,0,0,-3,0,1,0
2026 02 19 09:31:38:165,-3.9675,-6.78875,0,0,0,0,-3,0,1,0
2026 02 19 09:31:38:167,-3.9334,-6.78875,0,0,0,0,-3,0,1,0
2026 02 19 09:31:38:169,-3.9675,-6.78875,0,0,0,0,-3,0,1,0
2026 02 19 09:31:38:171,-3.9675,-6.78875,0,0,0,0,-3,0,1,0
2026 02 19 09:31:38:173,-3.9675,-6.78875,0,0,0,0,-3,0,1,0
2026 02 19 09:31:38:175,-3.9675,-6.78875,0,0,0,0,-3,0,1,0
2026 02 19 09:31:38:177,-3.9675,-6.78875,0,0,0,0,-3,0,1,0
2026 02 19 09:31:38:179,-3.9334,-6.78875,0,0,0,0,-3,0,1,0
2026 02 19 09:31:38:181,-3.9985,-6.78875,0,0,0,0,-3,0,1,0
2026 02 19 09:31:38:183,-3.9675,-6.78875,0,0,0,0,-3,0,1,0
2026 02 19 09:31:38:185,-3.9985,-6.78875,0,0,0,0,-3,0,1,0
2026 02 19 09:31:38:187,-3.9675,-6.78875,0,0,0,0,-3,0,1,0
2026 02 19 09:31:38:189,-3.9334,-6.78875,0,0,0,0,-3,0,1,0
2026 02 19 09:31:38:191,-3.9675,-6.78875,0,0,0,0,-3,0,1,0
2026 02 19 09:31:38:193,-3.9675,-6.87625,0,0,0,0,-3,0,1,0
2026 02 19 09:31:38:195,-3.9675,-6.87625,0,0,0,0,-3,0,1,0
2026 02 19 09:31:38:197,-3.9675,-6.78875,0,0,0,0,-3,0,1,0
2026 02 19 09:31:38:199,-3.9675,-6.78875,0,0,0,0,-3,0,1,0
2026 02 19 09:31:38:201,-3.9334,-6.78875,0,0,0,0,-3,0,1,0
2026 02 19 09:31:38:203,-3.9675,-6.78875,0,0,0,0,-3,0,1,0
2026 02 19 09:31:38:205,-3.9675,-6.78875,0,0,0,0,-3,0,1,0
2026 02 19 09:31:38:207,-3.9675,-6.78875,0,0,0,0,-3,0,1,0
2026 02 19 09:31:38:209,-3.9675,-6.70125,0,0,0,0,-3,0,1,0
2026 02 19 09:31:38:211,-3.9675,-6.78875,0,0,0,0,-3,0,1,0
2026 02 19 09:31:38:213,-3.9675,-6.78875,0,0,0,0,-3,0,1,0
2026 02 19 09:31:38:215,-3.9675,-6.78875,0,0,0,0,-3,0,1,0
2026 02 19 09:31:38:217,-3.9985,-6.78875,0,0,0,0,-3,0,1,0
2026 02 19 09:31:38:219,-3.9675,-6.78875,0,0,0,0,-3,0,1,0
2026 02 19 09:31:38:221,-3.9675,-6.70125,0,0,0,0,-3,0,1,0
2026 02 19 09:31:38:223,-3.9334,-6.78875,0,0,0,0,-3,0,1,0
2026 02 19 09:31:38:225,-3.9985,-6.78875,0,0,0,0,-3,0,1,0
2026 02 19 09:31:38:227,-3.9985,-6.78875,0,0,0,0,-3,0,1,0
2026 02 19 09:31:38:229,-3.9985,-6.70125,0,0,0,0,-3,0,1,"-23,4375"
2026 02 19 09:31:38:231,-3.9334,-6.87625,0,0,0,0,-3,0,1,"-3,9062"
2026 02 19 09:31:38:233,-3.9675,-6.87625,0,0,0,0,-3,0,1,0
2026 02 19 09:31:38:235,-3.9675,-6.78875,0,0,0,0,-3,0,1,0
2026 02 19 09:31:38:237,-3.9334,-6.78875,0,0,0,0,-3,0,1,"-3,9062"
2026 02 19 09:31:38:239,-3.9675,-6.78875,0,0,0,0,-3,0,1,"15,625"
2026 02 19 09:31:38:241,-3.9985,-6.78875,0,0,0,0,-3,0,1,"7,8125"
2026 02 19 09:31:38:243,-3.9985,-6.78875,0,0,0,0,-3,0,1,"3,9063"
2026 02 19 09:31:38:245,-3.9675,-6.78875,0,0,0,0,-3,0,1,"-11,7187"
2026 02 19 09:31:38:247,-3.9675,-6.78875,0,0,0,0,-3,0,1,"-19,5312"
2026 02 19 09:31:38:249,-3.9675,-6.78875,0,0,0,0,-3,0,1,"-27,3437"
2026 02 19 09:31:38:251,-3.9985,-6.70125,0,0,0,0,-3,0,1,"-3,9062"
2026 02 19 09:31:38:253,-3.9675,-6.78875,0,0,0,0,-3,0,1,"-3,9062"
2026 02 19 09:31:38:255,-3.9675,-6.78875,0,0,0,0,-3,0,1,"-3,9062"
2026 02 19 09:31:38:257,-3.9334,-6.78875,0,0,0,0,-3,0,1,"-3,9062"
2026 02 19 09:31:38:259,-3.9985,-6.70125,0,0,0,0,-3,0,1,"11,7188"
2026 02 19 09:31:38:261,-3.9675,-6.70125,0,0,0,0,-3,0,1,"7,8125"
2026 02 19 09:31:38:263,-3.9675,-6.78875,0,0,0,0,-3,0,1,"3,9063"
2026 02 19 09:31:38:265,-3.9675,-6.70125,0,0,0,0,-3,0,1,"-7,8125"
2026 02 19 09:31:38:267,-3.9675,-6.78875,0,0,0,0,-3,0,1,"-23,4375"
2026 02 19 09:31:38:269,-3.9675,-6.78875,0,0,0,0,-3,0,1,"-31,25"
2026 02 19 09:31:38:271,-3.9675,-6.78875,0,0,0,0,-3,0,1,"-3,9062"
2026 02 19 09:31:38:273,-3.9985,-6.78875,0,0,0,0,-3,0,1,"-3,9062"
2026 02 19 09:31:38:275,-3.9675,-6.78875,0,0,0,0,-3,0,1,"-3,9062"
2026 02 19 09:31:38:277,-3.9675,-6.78875,0,0,0,0,-3,0,1,0
2026 02 19 09:31:38:279,-3.9675,-6.70125,0,0,0,0,-3,0,1,"15,625"
2026 02 19 09:31:38:281,-3.9675,-6.87625,0,0,0,0,-3,0,1,"7,8125"
2026 02 19 09:31:38:283,-3.9675,-6.78875,0,0,0,0,-3,0,1,0
2026 02 19 09:31:38:285,-3.9675,-6.78875,0,0,0,0,-3,0,1,"-11,7187"
2026 02 19 09:31:38:287,-3.9675,-6.70125,0,0,0,0,-3,0,1,"-23,4375"
2026 02 19 09:31:38:289,-3.9675,-6.78875,0,0,0,0,-3,0,1,"-23,4375"
2026 02 19 09:31:38:291,-3.9675,-6.78875,0,0,0,0,-3,0,1,"-3,9062"
2026 02 19 09:31:38:293,-3.9675,-6.78875,0,0,0,0,-3,0,1,"-3,9062"
2026 02 19 09:31:38:295,-3.9675,-6.78875,0,0,0,0,-3,0,1,0
2026 02 19 09:31:38:297,-3.9675,-6.78875,0,0,0,0,-3,0,1,0
2026 02 19 09:31:38:299,-3.9985,-6.87625,0,0,0,0,-3,0,1,"11,7188"
2026 02 19 09:31:38:301,-3.9675,-6.78875,0,0,0,0,-3,0,1,"7,8125"
2026 02 19 09:31:38:303,-3.9675,-6.87625,0,0,0,0,-3,0,1,"3,9063"
2026 02 19 09:31:38:305,-3.9985,-6.87625,0,0,0,0,-3,0,1,"-7,8125"
2026 02 19 09:31:38:307,-3.9675,-6.87625,0,0,0,0,-3,0,1,"-27,3437"
2026 02 19 09:31:38:309,-3.9675,-6.78875,0,0,0,0,-3,0,1,"-23,4375"
2026 02 19 09:31:38:311,-3.9675,-6.87625,0,0,0,0,-3,0,1,"-3,9062"
2026 02 19 09:31:38:313,-3.9675,-6.78875,0,0,0,0,-3,0,1,"-3,9062"
2026 02 19 09:31:38:315,-3.9675,-6.87625,0,0,0,0,-3,0,1,0
2026 02 19 09:31:38:317,-3.9985,-6.70125,0,0,0,0,-3,0,1,0
2026 02 19 09:31:38:319,-3.9334,-6.78875,0,0,0,0,-3,0,1,"15,625"
2026 02 19 09:31:38:321,-3.9675,-6.78875,0,0,0,0,-3,0,1,"11,7188"
2026 02 19 09:31:38:323,-3.9675,-6.78875,0,0,0,0,-3,0,1,"3,9063"
2026 02 19 09:31:38:325,-3.9334,-6.78875,0,0,0,0,-3,0,1,"-7,8125"
2026 02 19 09:31:38:327,-3.9675,-6.87625,0,0,0,0,-3,0,1,"-23,4375"
2026 02 19 09:31:38:329,-3.9675,-6.70125,0,0,0,0,-3,0,1,"-23,4375"
2026 02 19 09:31:38:331,-3.9675,-6.78875,0,0,0,0,-3,0,1,"-3,9062"
2026 02 19 09:31:38:333,-3.9334,-6.78875,0,0,0,0,-3,0,1,"-3,9062"
2026 02 19 09:31:38:335,-3.9675,-6.78875,0,0,0,0,-3,0,1,"-3,9062"
2026 02 19 09:31:38:337,-3.9675,-6.78875,0,0,0,0,-3,0,1,0
2026 02 19 09:31:38:339,-3.9675,-6.70125,0,0,0,0,-3,0,1,"7,8125"
2026 02 19 09:31:38:341,-3.9675,-6.78875,0,0,0,0,-3,0,1,"7,8125"
2026 02 19 09:31:38:343,-3.9675,-6.78875,0,0,0,0,-3,0,1,"3,9063"
2026 02 19 09:31:38:345,-3.9675,-6.78875,0,0,0,0,-3,0,1,"-11,7187"
2026 02 19 09:31:38:347,-3.9334,-6.87625,0,0,0,0,-3,0,1,"-23,4375"
2026 02 19 09:31:38:349,-3.9675,-6.70125,0,0,0,0,-3,0,1,"-23,4375"
2026 02 19 09:31:38:351,-3.9675,-6.78875,0,0,0,0,-3,0,1,"-3,9062"
2026 02 19 09:31:38:353,-3.9675,-6.78875,0,0,0,0,-3,0,1,"-3,9062"
2026 02 19 09:31:38:355,-3.9675,-6.78875,0,0,0,0,-3,0,1,"-3,9062"
2026 02 19 09:31:38:357,-3.9675,-6.87625,0,0,0,0,-3,0,1,"-3,9062"
2026 02 19 09:31:38:359,-3.9985,-6.87625,0,0,0,0,-3,0,1,"15,625"
2026 02 19 09:31:38:361,-3.9675,-6.78875,0,0,0,0,-3,0,1,"7,8125"
2026 02 19 09:31:38:363,-3.9675,-6.78875,0,0,0,0,-3,0,1,0
2026 02 19 09:31:38:365,-3.9675,-6.78875,0,0,0,0,-3,0,1,"-7,8125"
2026 02 19 09:31:38:367,-3.9675,-6.78875,0,0,0,0,-3,0,1,"-27,3437"
2026 02 19 09:31:38:369,-3.9985,-6.78875,0,0,0,0,-3,0,1,"-27,3437"
2026 02 19 09:31:38:371,-3.9985,-6.78875,0,0,0,0,-3,0,1,"-3,9062"
2026 02 19 09:31:38:373,-3.9675,-6.70125,0,0,0,0,-3,0,1,"-3,9062"
2026 02 19 09:31:38:375,-3.9675,-6.70125,0,0,0,0,-3,0,1,0
2026 02 19 09:31:38:377,-3.9675,-6.78875,0,0,0,0,-3,0,1,"-3,9062"
2026 02 19 09:31:38:379,-3.9334,-6.78875,0,0,0,0,-3,0,1,"7,8125"
2026 02 19 09:31:38:381,-3.9675,-6.78875,0,0,0,0,-3,0,1,"7,8125"
2026 02 19 09:31:38:383,-3.9675,-6.87625,0,0,0,0,-3,0,1,"3,9063"
2026 02 19 09:31:38:385,-3.9675,-6.87625,0,0,0,0,-3,0,1,"-11,7187"
2026 02 19 09:31:38:387,-3.9675,-6.87625,0,0,0,0,-3,0,1,"-23,4375"
2026 02 19 09:31:38:389,-3.9675,-6.78875,0,0,0,0,-3,0,1,"-23,4375"
2026 02 19 09:31:38:391,-3.9675,-6.78875,0,0,0,0,-3,0,1,0
2026 02 19 09:31:38:393,-3.9675,-6.78875,0,0,0,0,-3,0,1,0
2026 02 19 09:31:38:395,-3.9675,-6.78875,0,0,0,0,-3,0,1,"-7,8125"
2026 02 19 09:31:38:397,-3.9334,-6.78875,0,0,0,0,-3,0,1,"-3,9062"
2026 02 19 09:31:38:399,-3.9675,-6.87625,0,0,0,0,-3,0,1,"11,7188"
2026 02 19 09:31:38:401,-3.9675,-6.78875,0,0,0,0,-3,0,1,"11,7188"
2026 02 19 09:31:38:403,-3.9675,-6.87625,0,0,0,0,-3,0,1,0
2026 02 19 09:31:38:405,-3.9675,-6.78875,0,0,0,0,-3,0,1,"-11,7187"
2026 02 19 09:31:38:407,-3.9675,-6.78875,0,0,0,0,-3,0,1,"-27,3437"
2026 02 19 09:31:38:409,-3.9675,-6.78875,0,0,0,0,-3,0,1,"-27,3437"
2026 02 19 09:31:38:411,-3.9675,-6.78875,0,0,0,0,-3,0,1,0
2026 02 19 09:31:38:413,-3.9675,-6.87625,0,0,0,0,-3,0,1,"-3,9062"
2026 02 19 09:31:38:415,-3.9985,-6.78875,0,0,0,0,-3,0,1,"-3,9062"
2026 02 19 09:31:38:417,-3.9675,-6.87625,0,0,0,0,-3,0,1,0
2026 02 19 09:31:38:419,-3.9675,-6.78875,0,0,0,0,-3,0,1,"11,7188"
2026 02 19 09:31:38:421,-3.9675,-6.87625,0,0,0,0,-3,0,1,"3,9063"
2026 02 19 09:31:38:423,-3.9675,-6.78875,0,0,0,0,-3,0,1,"3,9063"
2026 02 19 09:31:38:425,-3.9985,-6.78875,0,0,0,0,-3,0,1,"-11,7187"
2026 02 19 09:31:38:427,-3.9334,-6.78875,0,0,0,0,-3,0,1,"-23,4375"
2026 02 19 09:31:38:429,-3.9334,-6.78875,0,0,0,0,-3,0,1,"-27,3437"
2026 02 19 09:31:38:431,-3.9675,-6.87625,0,0,0,0,-3,0,1,0
2026 02 19 09:31:38:433,-3.9675,-6.78875,0,0,0,0,-3,0,1,"-3,9062"
2026 02 19 09:31:38:435,-3.9985,-6.87625,0,0,0,0,-3,0,1,"-3,9062"
2026 02 19 09:31:38:437,-3.9985,-6.87625,0,0,0,0,-3,0,1,"-3,9062"
2026 02 19 09:31:38:439,-3.9675,-6.87625,0,0,0,0,-3,0,1,"11,7188"
2026 02 19 09:31:38:441,-3.9675,-6.78875,0,0,0,0,-3,0,1,"7,8125"
2026 02 19 09:31:38:443,-3.9675,-6.78875,0,0,0,0,-3,0,1,"3,9063"
2026 02 19 09:31:38:445,-3.9675,-6.78875,0,0,0,0,-3,0,1,"-11,7187"
2026 02 19 09:31:38:447,-3.9675,-6.78875,0,0,0,0,-3,0,1,"-27,3437"
2026 02 19 09:31:38:449,-3.9675,-6.78875,0,0,0,0,-3,0,1,"-23,4375"
2026 02 19 09:31:38:451,-3.9675,-6.78875,0,0,0,0,-3,0,1,"-3,9062"
2026 02 19 09:31:38:453,-3.9675,-6.78875,0,0,0,0,-3,0,1,"-3,9062"
2026 02 19 09:31:38:455,-3.9675,-6.70125,0,0,0,0,-3,0,1,"-3,9062"
2026 02 19 09:31:38:457,-3.9985,-6.78875,0,0,0,0,-3,0,1,"-3,9062"
2026 02 19 09:31:38:459,-3.9334,-6.87625,0,0,0,0,-3,0,1,"11,7188"
2026 02 19 09:31:38:461,-3.9675,-6.78875,0,0,0,0,-3,0,1,"3,9063"
2026 02 19 09:31:38:463,-3.9675,-6.70125,0,0,0,0,-3,0,1,"3,9063"
2026 02 19 09:31:38:465,-3.9985,-6.78875,0,0,0,0,-3,0,1,"-11,7187"
2026 02 19 09:31:38:467,-3.9675,-6.87625,0,0,0,0,-3,0,1,"-23,4375"
2026 02 19 09:31:38:469,-3.9985,-6.70125,0,0,0,0,-3,0,1,"-31,25"
2026 02 19 09:31:38:471,-3.9675,-6.78875,0,0,0,0,-3,0,1,"-3,9062"
2026 02 19 09:31:38:473,-3.9985,-6.78875,0,0,0,0,-3,0,1,"-3,9062"
2026 02 19 09:31:38:475,-3.9675,-6.78875,0,0,0,0,-3,0,1,"-3,9062"
2026 02 19 09:31:38:477,-3.9675,-6.78875,0,0,0,0,-3,0,1,0
2026 02 19 09:31:38:479,-3.9675,-6.78875,0,0,0,0,-3,0,1,"11,7188"
2026 02 19 09:31:38:481,-3.9675,-6.78875,0,0,0,0,-3,0,1,"7,8125"
2026 02 19 09:31:38:483,-3.9675,-6.78875,0,0,0,0,-3,0,1,"3,9063"
2026 02 19 09:31:38:485,-3.9675,-6.78875,0,0,0,0,-3,0,1,"-11,7187"
2026 02 19 09:31:38:487,-3.9675,-6.87625,0,0,0,0,-3,0,1,"-27,3437"
2026 02 19 09:31:38:489,-3.9675,-6.87625,0,0,0,0,-3,0,1,"-23,4375"
2026 02 19 09:31:38:491,-3.9675,-6.70125,"0,281",10,0,0,-3,"54,4281","3,402823466385289e+38",0
2026 02 19 09:31:38:493,-3.9675,-6.87625,"0,281",10,0,0,-3,"54,4281","3,402823466385289e+38","-3,9062"
2026 02 19 09:31:38:495,-3.9675,-6.78875,"0,281",10,0,0,-3,"54,4281","3,402823466385289e+38",0
2026 02 19 09:31:38:497,-3.9675,-6.78875,"0,281",10,0,0,-3,"54,4281","3,402823466385289e+38","-3,9062"
2026 02 19 09:31:38:499,-3.9675,-6.78875,"0,281",10,0,0,-3,"54,4281","3,402823466385289e+38","11,7188"
2026 02 19 09:31:38:501,-3.9985,-6.87625,"0,281",10,0,0,-3,"54,4281","3,402823466385289e+38","3,9063"
2026 02 19 09:31:38:503,-3.9675,-6.78875,"0,281",10,0,0,-3,"54,4281","3,402823466385289e+38","3,9063"
2026 02 19 09:31:38:505,-3.9675,-6.87625,"0,281",10,0,0,-3,"54,4281","3,402823466385289e+38","-11,7187"
2026 02 19 09:31:38:507,-3.9334,-6.70125,"0,281",10,0,0,-3,"54,4281","3,402823466385289e+38","-19,5312"
2026 02 19 09:31:38:509,-3.9675,-6.78875,"0,281",10,0,0,-3,"54,4281","3,402823466385289e+38","-23,4375"
2026 02 19 09:31:38:511,-3.9675,-6.78875,"0,281",10,0,0,-3,"54,4281","3,402823466385289e+38",0
2026 02 19 09:31:38:513,-3.9675,-6.87625,"0,281",10,0,0,-3,"54,4281","3,402823466385289e+38","-3,9062"
2026 02 19 09:31:38:515,-3.9334,-6.78875,"0,281",10,0,0,-3,"54,4281","3,402823466385289e+38",0
2026 02 19 09:31:38:517,-3.9675,-6.78875,"0,281",10,0,0,-3,"54,4281","3,402823466385289e+38","-3,9062"
2026 02 19 09:31:38:519,-3.9675,-6.87625,"0,281",10,0,0,-3,"54,4281","3,402823466385289e+38","11,7188"
2026 02 19 09:31:38:521,-3.9675,-6.70125,"0,281",10,0,0,-3,"54,4281","3,402823466385289e+38","7,8125"
2026 02 19 09:31:38:523,-3.9675,-6.78875,"0,281",10,0,0,-3,"54,4281","3,402823466385289e+38","7,8125"
2026 02 19 09:31:38:525,-3.9675,-6.78875,"0,281",10,0,0,-3,"54,4281","3,402823466385289e+38","-15,625"
2026 02 19 09:31:38:527,-3.9675,-6.87625,"0,281",10,0,0,-3,"54,4281","3,402823466385289e+38","-27,3437"
2026 02 19 09:31:38:529,-3.9985,-6.78875,"0,281",10,0,0,-3,"54,4281","3,402823466385289e+38","-23,4375"
2026 02 19 09:31:38:531,-3.9675,-6.78875,"0,281",10,0,0,-3,"54,4281","3,402823466385289e+38","-3,9062"
2026 02 19 09:31:38:533,-3.9675,-6.70125,"0,281",10,0,0,-3,"54,4281","3,402823466385289e+38",0
2026 02 19 09:31:38:535,-3.9675,-6.78875,"0,281",10,0,0,-3,"54,4281","3,402823466385289e+38",0
2026 02 19 09:31:38:537,-3.9675,-6.87625,"0,281",10,0,0,-3,"54,4281","3,402823466385289e+38","-3,9062"
2026 02 19 09:31:38:539,-3.9675,-6.78875,"0,281",10,0,0,-3,"54,4281","3,402823466385289e+38","11,7188"
2026 02 19 09:31:38:541,-3.9334,-6.78875,"0,281",10,0,0,-3,"54,4281","3,402823466385289e+38","3,9063"
2026 02 19 09:31:38:543,-3.9675,-6.78875,"0,281",10,0,0,-3,"54,4281","3,402823466385289e+38","3,9063"
2026 02 19 09:31:38:545,-3.9675,-6.87625,"0,281",10,0,0,-3,"54,4281","3,402823466385289e+38","-11,7187"
2026 02 19 09:31:38:547,-3.9985,-6.78875,"0,281",10,0,0,-3,"54,4281","3,402823466385289e+38","-27,3437"
2026 02 19 09:31:38:549,-3.9675,-6.70125,"0,281",10,0,0,-3,"54,4281","3,402823466385289e+38","-27,3437"
2026 02 19 09:31:38:551,-3.9675,-6.78875,"0,281",10,0,0,-3,"54,4281","3,402823466385289e+38","-3,9062"
2026 02 19 09:31:38:553,-3.9675,-6.78875,"0,281",10,0,0,-3,"54,4281","3,402823466385289e+38","-3,9062"
2026 02 19 09:31:38:555,-3.9675,-6.78875,"0,281",10,0,0,-3,"54,4281","3,402823466385289e+38",0
2026 02 19 09:31:38:557,-3.9985,-6.78875,"0,281",10,0,0,-3,"54,4281","3,402823466385289e+38","-3,9062"
2026 02 19 09:31:38:559,-3.9675,-6.70125,"0,281",10,0,0,-3,"54,4281","3,402823466385289e+38","11,7188"
2026 02 19 09:31:38:561,-3.9024,-6.78875,"0,281",10,0,0,-3,"54,4281","3,402823466385289e+38","3,9063"
2026 02 19 09:31:38:563,-3.9675,-6.78875,"0,281",10,0,0,-3,"54,4281","3,402823466385289e+38","3,9063"
2026 02 19 09:31:38:565,-3.9675,-6.78875,"0,281",10,0,0,-3,"54,4281","3,402823466385289e+38","-15,625"
2026 02 19 09:31:38:567,-3.9675,-6.78875,"0,281",10,0,0,-3,"54,4281","3,402823466385289e+38","-31,25"
2026 02 19 09:31:38:569,-3.9334,-6.78875,"0,281",10,0,0,-3,"54,4281","3,402823466385289e+38","-31,25"
2026 02 19 09:31:38:571,-3.9675,-6.70125,"0,281",10,0,0,-3,"54,4281","3,402823466385289e+38","-7,8125"
2026 02 19 09:31:38:573,-3.9675,-6.78875,"0,281",10,0,0,-3,"54,4281","3,402823466385289e+38","-3,9062"
2026 02 19 09:31:38:575,-3.9985,-6.70125,"0,281",10,0,0,-3,"54,4281","3,402823466385289e+38","-3,9062"
2026 02 19 09:31:38:577,-3.9675,-6.78875,"0,281",10,0,0,-3,"54,4281","3,402823466385289e+38","-3,9062"
2026 02 19 09:31:38:579,-3.9675,-6.70125,"0,281",10,0,0,-3,"54,4281","3,402823466385289e+38","11,7188"
2026 02 19 09:31:38:581,-3.9334,-6.87625,"0,281",10,0,0,-3,"54,4281","3,402823466385289e+38","7,8125"
2026 02 19 09:31:38:583,-3.9675,-6.78875,"0,281",10,0,0,-3,"54,4281","3,402823466385289e+38","3,9063"
2026 02 19 09:31:38:585,-3.9334,-6.78875,"0,281",10,0,0,-3,"54,4281","3,402823466385289e+38","-11,7187"
2026 02 19 09:31:38:587,-3.9985,-6.78875,"0,281",10,0,0,-3,"54,4281","3,402823466385289e+38","-23,4375"
2026 02 19 09:31:38:589,-3.9675,-6.78875,"0,281",10,0,0,-3,"54,4281","3,402823466385289e+38","-31,25"
2026 02 19 09:31:38:591,-3.9675,-6.78875,"0,281",10,0,0,-3,"54,4281","3,402823466385289e+38",0
2026 02 19 09:31:38:593,-3.9985,-6.78875,"0,281",10,0,0,-3,"54,4281","3,402823466385289e+38","-3,9062"
2026 02 19 09:31:38:595,-3.9675,-6.78875,"0,281",10,0,0,-3,"54,4281","3,402823466385289e+38",0
2026 02 19 09:31:38:597,-3.9675,-6.87625,"0,281",10,0,0,-3,"54,4281","3,402823466385289e+38",0
2026 02 19 09:31:38:599,-3.9675,-6.78875,"0,281",10,0,0,-3,"54,4281","3,402823466385289e+38","7,8125"
2026 02 19 09:31:38:601,-3.9675,-6.78875,"0,281",10,0,0,-3,"54,4281","3,402823466385289e+38","7,8125"
2026 02 19 09:31:38:603,-3.9675,-6.78875,"0,281",10,0,0,-3,"54,4281","3,402823466385289e+38",0
2026 02 19 09:31:38:605,-3.9675,-6.78875,"0,281",10,0,0,-3,"54,4281","3,402823466385289e+38","-15,625"
2026 02 19 09:31:38:607,-3.9675,-6.78875,"0,281",10,0,0,-3,"54,4281","3,402823466385289e+38","-27,3437"
2026 02 19 09:31:38:609,-3.9675,-6.78875,"0,281",10,0,0,-3,"54,4281","3,402823466385289e+38","-27,3437"
2026 02 19 09:31:38:611,-3.9675,-6.78875,"0,281",10,0,0,-3,"54,4281","3,402823466385289e+38","-3,9062"
2026 02 19 09:31:38:613,-3.9675,-6.78875,"0,281",10,0,0,-3,"54,4281","3,402823466385289e+38","-3,9062"
2026 02 19 09:31:38:615,-3.9985,-6.87625,"0,281",10,0,0,-3,"54,4281","3,402823466385289e+38","-3,9062"
2026 02 19 09:31:38:617,-3.9675,-6.78875,"0,281",10,0,0,-3,"54,4281","3,402823466385289e+38","-3,9062"
2026 02 19 09:31:38:619,-3.9675,-6.87625,"0,281",10,0,0,-3,"54,4281","3,402823466385289e+38","11,7188"
2026 02 19 09:31:38:621,-3.9675,-6.78875,"0,281",10,0,0,-3,"54,4281","3,402823466385289e+38","3,9063"
2026 02 19 09:31:38:623,-3.9675,-6.78875,"0,281",10,0,0,-3,"54,4281","3,402823466385289e+38","3,9063"
2026 02 19 09:31:38:625,-3.9675,-6.78875,"0,281",10,0,0,-3,"54,4281","3,402823466385289e+38","-15,625"
2026 02 19 09:31:38:627,-3.9334,-6.78875,"0,281",10,0,0,-3,"54,4281","3,402823466385289e+38","-23,4375"
2026 02 19 09:31:38:629,-3.9675,-6.78875,"0,281",10,0,0,-3,"54,4281","3,402823466385289e+38","-35,1562"
2026 02 19 09:31:38:631,-3.9675,-6.78875,"0,281",10,0,0,-3,"54,4281","3,402823466385289e+38",0
2026 02 19 09:31:38:633,-3.9675,-6.78875,"0,281",10,0,0,-3,"54,4281","3,402823466385289e+38","-7,8125"
2026 02 19 09:31:38:635,-3.9334,-6.78875,"0,281",10,0,0,-3,"54,4281","3,402823466385289e+38","-3,9062"
2026 02 19 09:31:38:637,-3.9334,-6.78875,"0,281",10,0,0,-3,"54,4281","3,402823466385289e+38","-7,8125"
2026 02 19 09:31:38:639,-3.9675,-6.78875,"0,281",10,0,0,-3,"54,4281","3,402823466385289e+38","11,7188"
2026 02 19 09:31:38:641,-3.9675,-6.78875,"0,281",10,0,0,-3,"54,4281","3,402823466385289e+38","7,8125"
2026 02 19 09:31:38:643,-3.9675,-6.70125,"0,281",10,0,0,-3,"54,4281","3,402823466385289e+38","3,9063"
2026 02 19 09:31:38:645,-3.9675,-6.78875,"0,281",10,0,0,-3,"54,4281","3,402823466385289e+38","-15,625"
2026 02 19 09:31:38:647,-3.9675,-6.78875,"0,281",10,0,0,-3,"54,4281","3,402823466385289e+38","-27,3437"
2026 02 19 09:31:38:649,-3.9675,-6.78875,"0,281",10,0,0,-3,"54,4281","3,402823466385289e+38","-27,3437"
2026 02 19 09:31:38:651,-3.9985,-6.78875,"0,281",10,0,0,-3,"54,4281","3,402823466385289e+38","-3,9062"
2026 02 19 09:31:38:653,-3.9675,-6.70125,"0,281",10,0,0,-3,"54,4281","3,402823466385289e+38","-3,9062"
2026 02 19 09:31:38:655,-3.9675,-6.78875,"0,281",10,0,0,-3,"54,4281","3,402823466385289e+38","-3,9062"
2026 02 19 09:31:38:657,-3.9985,-6.70125,"0,281",10,0,0,-3,"54,4281","3,402823466385289e+38","-3,9062"
2026 02 19 09:31:38:659,-3.9675,-6.87625,"0,281",10,0,0,-3,"54,4281","3,402823466385289e+38","11,7188"
2026 02 19 09:31:38:661,-3.9675,-6.78875,"0,281",10,0,0,-3,"54,4281","3,402823466385289e+38","7,8125"
2026 02 19 09:31:38:663,-3.9675,-6.78875,"0,281",10,0,0,-3,"54,4281","3,402823466385289e+38","3,9063"
2026 02 19 09:31:38:665,-3.9675,-6.78875,"0,281",10,0,0,-3,"54,4281","3,402823466385289e+38","-11,7187"
2026 02 19 09:31:38:667,-3.9334,-6.78875,"0,281",10,0,0,-3,"54,4281","3,402823466385289e+38","-23,4375"
2026 02 19 09:31:38:669,-3.9985,-6.78875,"0,281",10,0,0,-3,"54,4281","3,402823466385289e+38","-31,25"
2026 02 19 09:31:38:671,-3.9334,-6.78875,"0,281",10,0,0,-3,"54,4281","3,402823466385289e+38","-3,9062"
2026 02 19 09:31:38:673,-3.9675,-6.78875,"0,281",10,0,0,-3,"54,4281","3,402823466385289e+38","-3,9062"
2026 02 19 09:31:38:675,-3.9985,-6.78875,"0,281",10,0,0,-3,"54,4281","3,402823466385289e+38","-3,9062"
2026 02 19 09:31:38:677,-3.9675,-6.78875,"0,281",10,0,0,-3,"54,4281","3,402823466385289e+38","-3,9062"
2026 02 19 09:31:38:679,-3.9675,-6.87625,"0,281",10,0,0,-3,"54,4281","3,402823466385289e+38","7,8125"
2026 02 19 09:31:38:681,-3.9675,-6.78875,"0,281",10,0,0,-3,"54,4281","3,402823466385289e+38","3,9063"
2026 02 19 09:31:38:683,-3.9675,-6.87625,"0,281",10,0,0,-3,"54,4281","3,402823466385289e+38",0
2026 02 19 09:31:38:685,-3.9675,-6.78875,"0,281",10,0,0,-3,"54,4281","3,402823466385289e+38","-19,5312"
2026 02 19 09:31:38:687,-3.9985,-6.78875,"0,281",10,0,0,-3,"54,4281","3,402823466385289e+38","-31,25"
2026 02 19 09:31:38:689,-3.9675,-6.78875,"0,281",10,0,0,-3,"54,4281","3,402823466385289e+38","-31,25"
2026 02 19 09:31:38:691,-3.9675,-6.78875,"0,281",10,0,0,-3,"54,4281","3,402823466385289e+38","-3,9062"
2026 02 19 09:31:38:693,-3.9334,-6.87625,"0,281",10,0,0,-3,"54,4281","3,402823466385289e+38","-3,9062"
2026 02 19 09:31:38:695,-3.9675,-6.78875,"0,281",10,0,0,-3,"54,4281","3,402823466385289e+38","-3,9062"
2026 02 19 09:31:38:697,-3.9675,-6.78875,"0,281",10,0,0,-3,"54,4281","3,402823466385289e+38",0
2026 02 19 09:31:38:699,-3.9334,-6.78875,"0,281",10,0,0,-3,"54,4281","3,402823466385289e+38","11,7188"
2026 02 19 09:31:38:701,-3.9675,-6.78875,"0,281",10,0,0,-3,"54,4281","3,402823466385289e+38","7,8125"
2026 02 19 09:31:38:703,-3.9985,-6.87625,"0,281",10,0,0,-3,"54,4281","3,402823466385289e+38","7,8125"
2026 02 19 09:31:38:705,-3.9675,-6.70125,"0,281",10,0,0,-3,"54,4281","3,402823466385289e+38","-15,625"
2026 02 19 09:31:38:707,-3.9675,-6.78875,"0,281",10,0,0,-3,"54,4281","3,402823466385289e+38","-19,5312"
2026 02 19 09:31:38:709,-3.9675,-6.78875,"0,281",10,0,0,-3,"54,4281","3,402823466385289e+38","-31,25"
2026 02 19 09:31:38:711,-3.9985,-6.78875,"0,281",10,0,0,-3,"54,4281","3,402823466385289e+38","-3,9062"
2026 02 19 09:31:38:713,-3.9675,-6.78875,"0,281",10,0,0,-3,"54,4281","3,402823466385289e+38","-7,8125"
2026 02 19 09:31:38:715,-3.9675,-6.78875,"0,281",10,0,0,-3,"54,4281","3,402823466385289e+38","-3,9062"
2026 02 19 09:31:38:717,-3.9675,-6.78875,"0,281",10,0,0,-3,"54,4281","3,402823466385289e+38","-7,8125"
2026 02 19 09:31:38:719,-3.9675,-6.78875,"0,281",10,0,0,-3,"54,4281","3,402823466385289e+38","7,8125"
2026 02 19 09:31:38:721,-3.9675,-6.78875,"0,281",10,0,0,-3,"54,4281","3,402823466385289e+38",0
2026 02 19 09:31:38:723,-3.9675,-6.78875,"0,281",10,0,0,-3,"54,4281","3,402823466385289e+38","3,9063"
2026 02 19 09:31:38:725,-3.9675,-6.78875,"0,281",10,0,0,-3,"54,4281","3,402823466385289e+38","-15,625"
2026 02 19 09:31:38:727,-3.9675,-6.78875,"0,281",10,0,0,-3,"54,4281","3,402823466385289e+38","-27,3437"
2026 02 19 09:31:38:729,-3.9675,-6.78875,"0,281",10,0,0,-3,"54,4281","3,402823466385289e+38","-27,3437"
2026 02 19 09:31:38:731,-3.9985,-6.78875,"0,281",10,0,0,-3,"54,4281","3,402823466385289e+38","-3,9062"
2026 02 19 09:31:38:733,-3.9675,-6.87625,"0,281",10,0,0,-3,"54,4281","3,402823466385289e+38","-3,9062"
2026 02 19 09:31:38:735,-3.9675,-6.78875,"0,281",10,0,0,-3,"54,4281","3,402823466385289e+38","-7,8125"
2026 02 19 09:31:38:737,-3.9985,-6.78875,"0,281",10,0,0,-3,"54,4281","3,402823466385289e+38","-3,9062"
2026 02 19 09:31:38:739,-3.9675,-6.78875,"0,281",10,0,0,-3,"54,4281","3,402823466385289e+38","7,8125"
2026 02 19 09:31:38:741,-3.9675,-6.87625,"0,281",10,0,0,-3,"54,4281","3,402823466385289e+38","7,8125"
2026 02 19 09:31:38:743,-3.9675,-6.87625,"0,281",10,0,0,-3,"54,4281","3,402823466385289e+38","3,9063"
2026 02 19 09:31:38:745,-3.9675,-6.70125,"0,281",10,0,0,-3,"54,4281","3,402823466385289e+38","-11,7187"
2026 02 19 09:31:38:747,-3.9675,-6.70125,"0,281",10,0,0,-3,"54,4281","3,402823466385289e+38","-19,5312"
2026 02 19 09:31:38:749,-3.9675,-6.78875,"0,281",10,0,0,-3,"54,4281","3,402823466385289e+38","-31,25"
2026 02 19 09:31:38:751,-3.9675,-6.78875,"0,281",10,0,0,-3,"54,4281","3,402823466385289e+38","-3,9062"
2026 02 19 09:31:38:753,-3.9675,-6.78875,"0,281",10,0,0,-3,"54,4281","3,402823466385289e+38","-3,9062"
2026 02 19 09:31:38:755,-3.9675,-6.87625,"0,281",10,0,0,-3,"54,4281","3,402823466385289e+38","-3,9062"
2026 02 19 09:31:38:757,-3.9675,-6.78875,"0,281",10,0,0,-3,"54,4281","3,402823466385289e+38","-3,9062"
2026 02 19 09:31:38:759,-3.9675,-6.78875,"0,281",10,0,0,-3,"54,4281","3,402823466385289e+38","7,8125"
2026 02 19 09:31:38:761,-3.9675,-6.70125,"0,281",10,0,0,-3,"54,4281","3,402823466385289e+38","3,9063"
2026 02 19 09:31:38:763,-3.9675,-6.78875,"0,281",10,0,0,-3,"54,4281","3,402823466385289e+38","3,9063"
2026 02 19 09:31:38:765,-3.9675,-6.78875,"0,281",10,0,0,-3,"54,4281","3,402823466385289e+38","-15,625"
2026 02 19 09:31:38:767,-3.9675,-6.78875,"0,281",10,0,0,-3,"54,4281","3,402823466385289e+38","-27,3437"
2026 02 19 09:31:38:769,-3.9675,-6.78875,"0,281",10,0,0,-3,"54,4281","3,402823466385289e+38","-35,1562"
2026 02 19 09:31:38:771,-3.9675,-6.78875,"0,281",10,0,0,-3,"54,4281","3,402823466385289e+38","-3,9062"
2026 02 19 09:31:38:773,-3.9985,-6.78875,"0,281",10,0,0,-3,"54,4281","3,402823466385289e+38","-3,9062"
2026 02 19 09:31:38:775,-3.9334,-6.87625,"0,281",10,0,0,-3,"54,4281","3,402823466385289e+38","-3,9062"
2026 02 19 09:31:38:777,-3.9985,-6.78875,"0,281",10,0,0,-3,"54,4281","3,402823466385289e+38",0
2026 02 19 09:31:38:779,-3.9675,-6.78875,"0,281",10,0,0,-3,"54,4281","3,402823466385289e+38","11,7188"
2026 02 19 09:31:38:781,-3.9334,-6.87625,"0,281",10,0,0,-3,"54,4281","3,402823466385289e+38","7,8125"
2026 02 19 09:31:38:783,-3.9675,-6.87625,"0,281",10,0,0,-3,"54,4281","3,402823466385289e+38","7,8125"
2026 02 19 09:31:38:785,-3.9675,-6.78875,"0,281",10,0,0,-3,"54,4281","3,402823466385289e+38","-15,625"
2026 02 19 09:31:38:787,-3.9985,-6.78875,"0,281",10,0,0,-3,"54,4281","3,402823466385289e+38","-19,5312"
2026 02 19 09:31:38:789,-3.9675,-6.87625,"0,281",10,0,0,-3,"54,4281","3,402823466385289e+38","-31,25"
2026 02 19 09:31:38:791,-3.9675,-6.70125,"0,281",10,0,0,-3,"54,4281","3,402823466385289e+38","-3,9062"
2026 02 19 09:31:38:793,-3.9675,-6.87625,"0,281",10,0,0,-3,"54,4281","3,402823466385289e+38","-3,9062"
2026 02 19 09:31:38:795,-3.9334,-6.78875,"0,281",10,0,0,-3,"54,4281","3,402823466385289e+38","-3,9062"
2026 02 19 09:31:38:797,-3.9675,-6.70125,"0,281",10,0,0,-3,"54,4281","3,402823466385289e+38","-7,8125"
2026 02 19 09:31:38:799,-3.9675,-6.87625,"0,281",10,0,0,-3,"54,4281","3,402823466385289e+38","11,7188"
2026 02 19 09:31:38:801,-3.9675,-6.78875,"0,281",10,0,0,-3,"54,4281","3,402823466385289e+38","3,9063"
2026 02 19 09:31:38:803,-3.9675,-6.78875,"0,281",10,0,0,-3,"54,4281","3,402823466385289e+38","3,9063"
2026 02 19 09:31:38:805,-3.9675,-6.87625,"0,281",10,0,0,-3,"54,4281","3,402823466385289e+38","-15,625"
2026 02 19 09:31:38:807,-3.9675,-6.87625,"0,281",10,0,0,-3,"54,4281","3,402823466385289e+38","-23,4375"
2026 02 19 09:31:38:809,-3.9675,-6.78875,"0,281",10,0,0,-3,"54,4281","3,402823466385289e+38","-27,3437"
2026 02 19 09:31:38:811,-3.9675,-6.70125,"0,281",10,0,0,-3,"54,4281","3,402823466385289e+38","-3,9062"
2026 02 19 09:31:38:813,-3.9675,-6.78875,"0,281",10,0,0,-3,"54,4281","3,402823466385289e+38","-3,9062"
2026 02 19 09:31:38:815,-3.9985,-6.78875,"0,281",10,0,0,-3,"54,4281","3,402823466385289e+38","-3,9062"
2026 02 19 09:31:38:817,-3.9675,-6.78875,"0,281",10,0,0,-3,"54,4281","3,402823466385289e+38","-3,9062"
2026 02 19 09:31:38:819,-3.9334,-6.78875,"0,281",10,0,0,-3,"54,4281","3,402823466385289e+38","11,7188"
2026 02 19 09:31:38:821,-3.9985,-6.70125,"0,281",10,0,0,-3,"54,4281","3,402823466385289e+38","7,8125"
2026 02 19 09:31:38:823,-3.9675,-6.78875,"0,281",10,0,0,-3,"54,4281","3,402823466385289e+38","7,8125"
2026 02 19 09:31:38:825,-3.9334,-6.78875,"0,281",10,0,0,-3,"54,4281","3,402823466385289e+38","-11,7187"
2026 02 19 09:31:38:827,-3.9675,-6.78875,"0,281",10,0,0,-3,"54,4281","3,402823466385289e+38","-19,5312"
2026 02 19 09:31:38:829,-3.9675,-6.87625,"0,281",10,0,0,-3,"54,4281","3,402823466385289e+38","-31,25"
2026 02 19 09:31:38:831,-3.9675,-6.78875,"0,281",10,0,0,-3,"54,4281","3,402823466385289e+38",0
2026 02 19 09:31:38:833,-3.9985,-6.87625,"0,281",10,0,0,-3,"54,4281","3,402823466385289e+38","-3,9062"
2026 02 19 09:31:38:835,-3.9675,-6.78875,"0,281",10,0,0,-3,"54,4281","3,402823466385289e+38",0
2026 02 19 09:31:38:837,-3.9675,-6.78875,"0,281",10,0,0,-3,"54,4281","3,402823466385289e+38","-3,9062"
2026 02 19 09:31:38:839,-3.9675,-6.78875,"0,281",10,0,0,-3,"54,4281","3,402823466385289e+38","11,7188"
2026 02 19 09:31:38:841,-3.9675,-6.87625,"0,281",10,0,0,-3,"54,4281","3,402823466385289e+38","7,8125"
2026 02 19 09:31:38:843,-3.9985,-6.78875,"0,281",10,0,0,-3,"54,4281","3,402823466385289e+38",0
2026 02 19 09:31:38:845,-3.9985,-6.87625,"0,281",10,0,0,-3,"54,4281","3,402823466385289e+38","-15,625"
2026 02 19 09:31:38:847,-3.9675,-6.78875,"0,281",10,0,0,-3,"54,4281","3,402823466385289e+38","-27,3437"
2026 02 19 09:31:38:849,-3.9675,-6.87625,"0,281",10,0,0,-3,"54,4281","3,402823466385289e+38","-31,25"
2026 02 19 09:31:38:851,-3.9675,-6.87625,"0,281",10,0,0,-3,"54,4281","3,402823466385289e+38","-3,9062"
2026 02 19 09:31:38:853,-3.9675,-6.87625,"0,281",10,0,0,-3,"54,4281","3,402823466385289e+38","-3,9062"
2026 02 19 09:31:38:855,-3.9334,-6.78875,"0,281",10,0,0,-3,"54,4281","3,402823466385289e+38","-3,9062"
2026 02 19 09:31:38:857,-3.9985,-6.78875,"0,281",10,0,0,-3,"54,4281","3,402823466385289e+38",0
2026 02 19 09:31:38:859,-3.9675,-6.78875,"0,281",10,0,0,-3,"54,4281","3,402823466385289e+38","11,7188"
2026 02 19 09:31:38:861,-3.9985,-6.78875,"0,281",10,0,0,-3,"54,4281","3,402823466385289e+38","7,8125"
2026 02 19 09:31:38:863,-3.9675,-6.78875,"0,281",10,0,0,-3,"54,4281","3,402823466385289e+38","7,8125"
2026 02 19 09:31:38:865,-3.9334,-6.78875,"0,281",10,0,0,-3,"54,4281","3,402823466385289e+38","-15,625"
2026 02 19 09:31:38:867,-3.9675,-6.78875,"0,281",10,0,0,-3,"54,4281","3,402823466385289e+38","-19,5312"
2026 02 19 09:31:38:869,-3.9334,-6.78875,"0,281",10,0,0,-3,"54,4281","3,402823466385289e+38","-31,25"
2026 02 19 09:31:38:871,-3.9675,-6.87625,"0,281",10,0,0,-3,"54,4281","3,402823466385289e+38","-3,9062"
2026 02 19 09:31:38:873,-3.9675,-6.70125,"0,281",10,0,0,-3,"54,4281","3,402823466385289e+38","-3,9062"
2026 02 19 09:31:38:875,-3.9675,-6.78875,"0,281",10,0,0,-3,"54,4281","3,402823466385289e+38","-3,9062"
2026 02 19 09:31:38:877,-3.9985,-6.78875,"0,281",10,0,0,-3,"54,4281","3,402823466385289e+38","-7,8125"
2026 02 19 09:31:38:879,-3.9675,-6.87625,"0,281",10,0,0,-3,"54,4281","3,402823466385289e+38","7,8125"
2026 02 19 09:31:38:881,-3.9675,-6.78875,"0,281",10,0,0,-3,"54,4281","3,402823466385289e+38","7,8125"
2026 02 19 09:31:38:883,-3.9985,-6.78875,"0,281",10,0,0,-3,"54,4281","3,402823466385289e+38",0
2026 02 19 09:31:38:885,-3.9985,-6.78875,"0,281",10,0,0,-3,"54,4281","3,402823466385289e+38","-15,625"
2026 02 19 09:31:38:887,-3.9675,-6.78875,"0,281",10,0,0,-3,"54,4281","3,402823466385289e+38","-23,4375"
2026 02 19 09:31:38:889,-3.9675,-6.78875,"0,281",10,0,0,-3,"54,4281","3,402823466385289e+38","-31,25"
2026 02 19 09:31:38:891,-3.9675,-6.87625,"0,281",10,0,0,-3,"54,4281","3,402823466385289e+38","-3,9062"
2026 02 19 09:31:38:893,-3.9675,-6.78875,"0,281",10,0,0,-3,"54,4281","3,402823466385289e+38","-3,9062"
2026 02 19 09:31:38:895,-3.9675,-6.78875,"0,281",10,0,0,-3,"54,4281","3,402823466385289e+38",0
2026 02 19 09:31:38:897,-3.9675,-6.78875,"0,281",10,0,0,-3,"54,4281","3,402823466385289e+38","-3,9062"
2026 02 19 09:31:38:899,-3.9675,-6.87625,"0,281",10,0,0,-3,"54,4281","3,402823466385289e+38","7,8125"
2026 02 19 09:31:38:901,-3.9675,-6.87625,"0,281",10,0,0,-3,"54,4281","3,402823466385289e+38","7,8125"
2026 02 19 09:31:38:903,-3.9985,-6.87625,"0,281",10,0,0,-3,"54,4281","3,402823466385289e+38","7,8125"
2026 02 19 09:31:38:905,-3.9675,-6.78875,"0,281",10,0,0,-3,"54,4281","3,402823466385289e+38","-15,625"
2026 02 19 09:31:38:907,-3.9675,-6.78875,"0,281",10,0,0,-3,"54,4281","3,402823466385289e+38","-19,5312"
2026 02 19 09:31:38:909,-3.9675,-6.70125,"0,281",10,0,0,-3,"54,4281","3,402823466385289e+38","-35,1562"
2026 02 19 09:31:38:911,-3.9334,-6.78875,"0,281",10,0,0,-3,"54,4281","3,402823466385289e+38","-3,9062"
2026 02 19 09:31:38:913,-3.9985,-6.78875,"0,281",10,0,0,-3,"54,4281","3,402823466385289e+38","-3,9062"
2026 02 19 09:31:38:915,-3.9675,-6.78875,"0,281",10,0,0,-3,"54,4281","3,402823466385289e+38",0
2026 02 19 09:31:38:917,-3.9675,-6.78875,"0,281",10,0,0,-3,"54,4281","3,402823466385289e+38","-3,9062"
2026 02 19 09:31:38:919,-3.9675,-6.70125,"0,281",10,0,0,-3,"54,4281","3,402823466385289e+38","11,7188"
2026 02 19 09:31:38:921,-3.9334,-6.78875,"0,281",10,0,0,-3,"54,4281","3,402823466385289e+38","3,9063"
2026 02 19 09:31:38:923,-3.9675,-6.87625,"0,281",10,0,0,-3,"54,4281","3,402823466385289e+38","3,9063"
2026 02 19 09:31:38:925,-3.9675,-6.78875,"0,281",10,0,0,-3,"54,4281","3,402823466385289e+38","-15,625"
2026 02 19 09:31:38:927,-3.9675,-6.87625,"0,281",10,0,0,-3,"54,4281","3,402823466385289e+38","-27,3437"
2026 02 19 09:31:38:929,-3.9675,-6.78875,"0,281",10,0,0,-3,"54,4281","3,402823466385289e+38","-35,1562"
2026 02 19 09:31:38:931,-3.9334,-6.87625,"0,281",10,0,0,-3,"54,4281","3,402823466385289e+38",0
2026 02 19 09:31:38:933,-3.9675,-6.78875,"0,281",10,0,0,-3,"54,4281","3,402823466385289e+38","-3,9062"
2026 02 19 09:31:38:935,-3.9675,-6.87625,"0,281",10,0,0,-3,"54,4281","3,402823466385289e+38","-3,9062"
2026 02 19 09:31:38:937,-3.9675,-6.78875,"0,281",10,0,0,-3,"54,4281","3,402823466385289e+38","-3,9062"
2026 02 19 09:31:38:939,-3.9675,-6.78875,"0,281",10,0,0,-3,"54,4281","3,402823466385289e+38","7,8125"
2026 02 19 09:31:38:941,-3.9675,-6.87625,"0,281",10,0,0,-3,"54,4281","3,402823466385289e+38","7,8125"
2026 02 19 09:31:38:943,-3.9985,-6.87625,"0,281",10,0,0,-3,"54,4281","3,402823466385289e+38","7,8125"
2026 02 19 09:31:38:945,-3.9675,-6.78875,"0,281",10,0,0,-3,"54,4281","3,402823466385289e+38","-19,5312"
2026 02 19 09:31:38:947,-3.9334,-6.78875,"0,281",10,0,0,-3,"54,4281","3,402823466385289e+38","-23,4375"
2026 02 19 09:31:38:949,-3.9675,-6.78875,"0,281",10,0,0,-3,"54,4281","3,402823466385289e+38","-27,3437"
2026 02 19 09:31:38:951,-3.9675,-6.78875,"0,281",10,0,0,-3,"54,4281","3,402823466385289e+38","-3,9062"
2026 02 19 09:31:38:953,-3.9334,-6.87625,"0,281",10,0,0,-3,"54,4281","3,402823466385289e+38","-3,9062"
2026 02 19 09:31:38:955,-3.9334,-6.78875,"0,281",10,0,0,-3,"54,4281","3,402823466385289e+38","-3,9062"
2026 02 19 09:31:38:957,-3.9985,-6.78875,"0,281",10,0,0,-3,"54,4281","3,402823466385289e+38","-3,9062"
2026 02 19 09:31:38:959,-3.9675,-6.78875,"0,281",10,0,0,-3,"54,4281","3,402823466385289e+38","7,8125"
2026 02 19 09:31:38:961,-3.9675,-6.70125,"0,281",10,0,0,-3,"54,4281","3,402823466385289e+38","7,8125"
2026 02 19 09:31:38:963,-3.9985,-6.78875,"0,281",10,0,0,-3,"54,4281","3,402823466385289e+38","3,9063"
2026 02 19 09:31:38:965,-3.9675,-6.78875,"0,281",10,0,0,-3,"54,4281","3,402823466385289e+38","-15,625"
2026 02 19 09:31:38:967,-3.9675,-6.78875,"0,281",10,0,0,-3,"54,4281","3,402823466385289e+38","-27,3437"
2026 02 19 09:31:38:969,-3.9985,-6.78875,"0,281",10,0,0,-3,"54,4281","3,402823466385289e+38","-31,25"
2026 02 19 09:31:38:971,-3.9675,-6.78875,"0,281",10,0,0,-3,"54,4281","3,402823466385289e+38","-3,9062"
2026 02 19 09:31:38:973,-3.9675,-6.87625,"0,281",10,0,0,-3,"54,4281","3,402823466385289e+38","-3,9062"
2026 02 19 09:31:38:975,-3.9675,-6.87625,"0,281",10,0,0,-3,"54,4281","3,402823466385289e+38","-3,9062"
2026 02 19 09:31:38:977,-3.9675,-6.78875,"0,281",10,0,0,-3,"54,4281","3,402823466385289e+38",0
2026 02 19 09:31:38:979,-3.9675,-6.87625,"0,281",10,0,0,-3,"54,4281","3,402823466385289e+38","7,8125"
2026 02 19 09:31:38:981,-3.9675,-6.87625,"0,281",10,0,0,-3,"54,4281","3,402823466385289e+38","7,8125"
2026 02 19 09:31:38:983,-3.9334,-6.78875,"0,281",10,0,0,-3,"54,4281","3,402823466385289e+38","7,8125"
2026 02 19 09:31:38:985,-3.9675,-6.78875,"0,281",10,0,0,-3,"54,4281","3,402823466385289e+38","-15,625"
2026 02 19 09:31:38:987,-3.9675,-6.70125,"0,281",10,0,0,-3,"54,4281","3,402823466385289e+38","-19,5312"
2026 02 19 09:31:38:989,-3.9675,-6.87625,"0,281",10,0,0,-3,"54,4281","3,402823466385289e+38","-31,25"
2026 02 19 09:31:38:991,-3.9675,-6.78875,"0,281",10,0,0,-3,"54,4281","3,402823466385289e+38","-3,9062"
2026 02 19 09:31:38:993,-3.9334,-6.78875,"0,281",10,0,0,-3,"54,4281","3,402823466385289e+38","-3,9062"
2026 02 19 09:31:38:995,-3.9985,-6.87625,"0,281",10,0,0,-3,"54,4281","3,402823466385289e+38","-3,9062"
2026 02 19 09:31:38:997,-3.9334,-6.70125,"0,281",10,0,0,-3,"54,4281","3,402823466385289e+38","-3,9062"
2026 02 19 09:31:38:999,-3.9675,-6.87625,"0,281",10,0,0,-3,"54,4281","3,402823466385289e+38","11,7188"
2026 02 19 09:31:39:001,-3.9985,-6.78875,"0,281",10,0,0,-3,"54,4281","3,402823466385289e+38","7,8125"
2026 02 19 09:31:39:003,-3.9675,-6.87625,"0,281",10,0,0,-3,"54,4281","3,402823466385289e+38","7,8125"
2026 02 19 09:31:39:005,-3.9675,-6.78875,"0,281",10,0,0,-3,"54,4281","3,402823466385289e+38","-15,625"
2026 02 19 09:31:39:007,-3.9675,-6.87625,"0,281",10,0,0,-3,"54,4281","3,402823466385289e+38","-27,3437"
2026 02 19 09:31:39:009,-3.9675,-6.87625,"0,281",10,0,0,-3,"54,4281","3,402823466385289e+38","-31,25"
2026 02 19 09:31:39:011,-3.9675,-6.78875,"0,281",10,0,0,-3,"54,4281","3,402823466385289e+38",0
2026 02 19 09:31:39:013,-3.9675,-6.87625,"0,281",10,0,0,-3,"54,4281","3,402823466385289e+38","-3,9062"
2026 02 19 09:31:39:015,-3.9675,-6.78875,"0,281",10,0,0,-3,"54,4281","3,402823466385289e+38","-3,9062"
2026 02 19 09:31:39:017,-3.9675,-6.78875,"0,281",10,0,0,-3,"54,4281","3,402823466385289e+38","-3,9062"
2026 02 19 09:31:39:019,-3.9334,-6.78875,"0,281",10,0,0,-3,"54,4281","3,402823466385289e+38","7,8125"
2026 02 19 09:31:39:021,-3.9675,-6.70125,"0,281",10,0,0,-3,"54,4281","3,402823466385289e+38","7,8125"
2026 02 19 09:31:39:023,-3.9675,-6.78875,"0,281",10,0,0,-3,"54,4281","3,402823466385289e+38","7,8125"
2026 02 19 09:31:39:025,-3.9675,-6.87625,"0,281",10,0,0,-3,"54,4281","3,402823466385289e+38","-19,5312"
2026 02 19 09:31:39:027,-3.9675,-6.78875,"0,281",10,0,0,-3,"54,4281","3,402823466385289e+38","-23,4375"
2026 02 19 09:31:39:029,-3.9675,-6.87625,"0,281",10,0,0,-3,"54,4281","3,402823466385289e+38","-31,25"
2026 02 19 09:31:39:031,-3.9675,-6.87625,"0,281",10,0,0,-3,"54,4281","3,402823466385289e+38","-3,9062"
2026 02 19 09:31:39:033,-3.9675,-6.78875,"0,281",10,0,0,-3,"54,4281","3,402823466385289e+38","-3,9062"
2026 02 19 09:31:39:035,-3.9675,-6.87625,"0,281",10,0,0,-3,"54,4281","3,402823466385289e+38",0
2026 02 19 09:31:39:037,-3.9675,-6.78875,"0,281",10,0,0,-3,"54,4281","3,402823466385289e+38",0
2026 02 19 09:31:39:039,-3.9675,-6.78875,"0,281",10,0,0,-3,"54,4281","3,402823466385289e+38","7,8125"
2026 02 19 09:31:39:041,-3.9334,-6.87625,"0,281",10,0,0,-3,"54,4281","3,402823466385289e+38","7,8125"
2026 02 19 09:31:39:043,-3.9675,-6.78875,"0,281",10,0,0,-3,"54,4281","3,402823466385289e+38","3,9063"
2026 02 19 09:31:39:045,-3.9675,-6.87625,"0,281",10,0,0,-3,"54,4281","3,402823466385289e+38","-15,625"
2026 02 19 09:31:39:047,-3.9675,-6.78875,"0,281",10,0,0,-3,"54,4281","3,402823466385289e+38","-23,4375"
2026 02 19 09:31:39:049,-3.9675,-6.78875,"0,281",10,0,0,-3,"54,4281","3,402823466385289e+38","-31,25"
2026 02 19 09:31:39:051,-3.9675,-6.70125,"0,281",10,0,0,-3,"54,4281","3,402823466385289e+38","-3,9062"
2026 02 19 09:31:39:053,-3.9675,-6.78875,"0,281",10,0,0,-3,"54,4281","3,402823466385289e+38","-3,9062"
2026 02 19 09:31:39:055,-3.9334,-6.78875,"0,281",10,0,0,-3,"54,4281","3,402823466385289e+38",0
2026 02 19 09:31:39:057,-3.9985,-6.78875,"0,281",10,0,0,-3,"54,4281","3,402823466385289e+38","-3,9062"
2026 02 19 09:31:39:059,-3.9675,-6.78875,"0,281",10,0,0,-3,"54,4281","3,402823466385289e+38","7,8125"
2026 02 19 09:31:39:061,-3.9334,-6.70125,"0,281",10,0,0,-3,"54,4281","3,402823466385289e+38","7,8125"
2026 02 19 09:31:39:063,-3.9675,-6.78875,"0,281",10,0,0,-3,"54,4281","3,402823466385289e+38","11,7188"
2026 02 19 09:31:39:065,-3.9675,-6.70125,"0,281",10,0,0,-3,"54,4281","3,402823466385289e+38","-19,5312"
2026 02 19 09:31:39:067,-3.9334,-6.78875,"0,281",10,0,0,-3,"54,4281","3,402823466385289e+38","-19,5312"
2026 02 19 09:31:39:069,-3.9675,-6.78875,"0,281",10,0,0,-3,"54,4281","3,402823466385289e+38","-27,3437"
2026 02 19 09:31:39:071,-3.9675,-6.87625,"0,281",10,0,0,-3,"54,4281","3,402823466385289e+38","-3,9062"
2026 02 19 09:31:39:073,-3.9675,-6.78875,"0,281",10,0,0,-3,"54,4281","3,402823466385289e+38","-3,9062"
2026 02 19 09:31:39:075,-3.9334,-6.78875,"0,281",10,0,0,-3,"54,4281","3,402823466385289e+38",0
2026 02 19 09:31:39:077,-3.9675,-6.78875,"0,281",10,0,0,-3,"54,4281","3,402823466385289e+38",0
2026 02 19 09:31:39:079,-3.9985,-6.87625,"0,281",10,0,0,-3,"54,4281","3,402823466385289e+38","7,8125"
2026 02 19 09:31:39:081,-3.9985,-6.87625,"0,281",10,0,0,-3,"54,4281","3,402823466385289e+38","11,7188"
2026 02 19 09:31:39:083,-3.9675,-6.78875,"0,281",10,0,0,-3,"54,4281","3,402823466385289e+38","7,8125"
2026 02 19 09:31:39:085,-3.9675,-6.87625,"0,281",10,0,0,-3,"54,4281","3,402823466385289e+38","-11,7187"
2026 02 19 09:31:39:087,-3.9985,-6.78875,"0,281",10,0,0,-3,"54,4281","3,402823466385289e+38","-23,4375"
2026 02 19 09:31:39:089,-3.9675,-6.78875,"0,281",10,0,0,-3,"54,4281","3,402823466385289e+38","-27,3437"
2026 02 19 09:31:39:091,-3.9985,-6.78875,"0,281",10,0,0,-3,"51,0559","3,402823466385289e+38","-3,9062"
2026 02 19 09:31:39:093,-3.9675,-6.87625,"0,281",10,0,0,-3,"51,0559","3,402823466385289e+38","-3,9062"
2026 02 19 09:31:39:095,-3.9675,-6.87625,"0,281",10,0,0,-3,"51,0559","3,402823466385289e+38",0
2026 02 19 09:31:39:097,-3.9334,-6.78875,"0,281",10,0,0,-3,"51,0559","3,402823466385289e+38","-3,9062"
2026 02 19 09:31:39:099,-3.9675,-6.78875,"0,281",10,0,0,-3,"51,0559","3,402823466385289e+38","11,7188"
2026 02 19 09:31:39:101,-3.9675,-6.87625,"0,281",10,0,0,-3,"51,0559","3,402823466385289e+38","11,7188"
2026 02 19 09:31:39:103,-3.9675,-6.78875,"0,281",10,0,0,-3,"51,0559","3,402823466385289e+38","7,8125"
2026 02 19 09:31:39:105,-3.9334,-6.78875,"0,281",10,0,0,-3,"51,0559","3,402823466385289e+38","-11,7187"
2026 02 19 09:31:39:107,-3.9675,-6.87625,"0,281",10,0,0,-3,"51,0559","3,402823466385289e+38","-23,4375"
2026 02 19 09:31:39:109,-3.9675,-6.78875,"0,281",10,0,0,-3,"51,0559","3,402823466385289e+38","-31,25"
2026 02 19 09:31:39:111,-3.9334,-6.87625,"0,281",10,0,0,-3,"51,0559","3,402823466385289e+38","-3,9062"
2026 02 19 09:31:39:113,-3.9675,-6.78875,"0,281",10,0,0,-3,"51,0559","3,402823466385289e+38","-3,9062"
2026 02 19 09:31:39:115,-3.9675,-6.78875,"0,281",10,0,0,-3,"51,0559","3,402823466385289e+38",0
2026 02 19 09:31:39:117,-3.9675,-6.70125,"0,281",10,0,0,-3,"51,0559","3,402823466385289e+38",0
2026 02 19 09:31:39:119,-3.9675,-6.78875,"0,281",10,0,0,-3,"51,0559","3,402823466385289e+38","7,8125"
2026 02 19 09:31:39:121,-3.9675,-6.87625,"0,281",10,0,0,-3,"51,0559","3,402823466385289e+38","11,7188"
2026 02 19 09:31:39:123,-3.9675,-6.78875,"0,281",10,0,0,-3,"51,0559","3,402823466385289e+38","7,8125"
2026 02 19 09:31:39:125,-3.9675,-6.78875,"0,281",10,0,0,-3,"51,0559","3,402823466385289e+38","-15,625"
2026 02 19 09:31:39:127,-3.9675,-6.78875,"0,281",10,0,0,-3,"51,0559","3,402823466385289e+38","-23,4375"
2026 02 19 09:31:39:129,-3.9675,-6.78875,"0,281",10,0,0,-3,"51,0559","3,402823466385289e+38","-31,25"
2026 02 19 09:31:39:131,-3.9675,-6.78875,"0,281",10,0,0,-3,"51,0559","3,402823466385289e+38",0
2026 02 19 09:31:39:133,-3.9675,-6.87625,"0,281",10,0,0,-3,"51,0559","3,402823466385289e+38",0
2026 02 19 09:31:39:135,-3.9675,-6.78875,"0,281",10,0,0,-3,"51,0559","3,402823466385289e+38","-3,9062"
2026 02 19 09:31:39:137,-3.9675,-6.78875,"0,281",10,0,0,-3,"51,0559","3,402823466385289e+38","-3,9062"
2026 02 19 09:31:39:139,-3.9675,-6.87625,"0,281",10,0,0,-3,"51,0559","3,402823466385289e+38","7,8125"
2026 02 19 09:31:39:141,-3.9675,-6.70125,"0,281",10,0,0,-3,"51,0559","3,402823466385289e+38","7,8125"
2026 02 19 09:31:39:143,-3.9675,-6.78875,"0,281",10,0,0,-3,"51,0559","3,402823466385289e+38","7,8125"
2026 02 19 09:31:39:145,-3.9675,-6.78875,"0,281",10,0,0,-3,"51,0559","3,402823466385289e+38","-11,7187"
2026 02 19 09:31:39:147,-3.9675,-6.78875,"0,281",10,0,0,-3,"51,0559","3,402823466385289e+38","-23,4375"
2026 02 19 09:31:39:149,-3.9334,-6.78875,"0,281",10,0,0,-3,"51,0559","3,402823466385289e+38","-27,3437"
2026 02 19 09:31:39:151,-3.9675,-6.78875,"0,281",10,0,0,-3,"51,0559","3,402823466385289e+38","-3,9062"
2026 02 19 09:31:39:153,-3.9675,-6.78875,"0,281",10,0,0,-3,"51,0559","3,402823466385289e+38","-3,9062"
2026 02 19 09:31:39:155,-3.9675,-6.78875,"0,281",10,0,0,-3,"51,0559","3,402823466385289e+38",0
2026 02 19 09:31:39:157,-3.9985,-6.78875,"0,281",10,0,0,-3,"51,0559","3,402823466385289e+38","-3,9062"
2026 02 19 09:31:39:159,-3.9675,-6.70125,"0,281",10,0,0,-3,"51,0559","3,402823466385289e+38","7,8125"
2026 02 19 09:31:39:161,-3.9334,-6.70125,"0,281",10,0,0,-3,"51,0559","3,402823466385289e+38","7,8125"
2026 02 19 09:31:39:163,-3.9675,-6.78875,"0,281",10,0,0,-3,"51,0559","3,402823466385289e+38","7,8125"
2026 02 19 09:31:39:165,-3.9675,-6.87625,"0,281",10,0,0,-3,"51,0559","3,402823466385289e+38","-15,625"
2026 02 19 09:31:39:167,-3.9675,-6.78875,"0,281",10,0,0,-3,"51,0559","3,402823466385289e+38","-23,4375"
2026 02 19 09:31:39:169,-3.9675,-6.78875,"0,281",10,0,0,-3,"51,0559","3,402823466385289e+38","-31,25"
2026 02 19 09:31:39:171,-3.9985,-6.78875,"0,281",10,0,0,-3,"51,0559","3,402823466385289e+38",0
2026 02 19 09:31:39:173,-3.9675,-6.78875,"0,281",10,0,0,-3,"51,0559","3,402823466385289e+38","-3,9062"
2026 02 19 09:31:39:175,-3.9985,-6.78875,"0,281",10,0,0,-3,"51,0559","3,402823466385289e+38","-3,9062"
2026 02 19 09:31:39:177,-3.9675,-6.87625,"0,281",10,0,0,-3,"51,0559","3,402823466385289e+38","-3,9062"
2026 02 19 09:31:39:179,-3.9675,-6.78875,"0,281",10,0,0,-3,"51,0559","3,402823466385289e+38","7,8125"
2026 02 19 09:31:39:181,-3.9985,-6.87625,"0,281",10,0,0,-3,"51,0559","3,402823466385289e+38","11,7188"
2026 02 19 09:31:39:183,-3.9334,-6.78875,"0,281",10,0,0,-3,"51,0559","3,402823466385289e+38","7,8125"
2026 02 19 09:31:39:185,-3.9675,-6.78875,"0,281",10,0,0,-3,"51,0559","3,402823466385289e+38","-11,7187"
2026 02 19 09:31:39:187,-3.9675,-6.78875,"0,281",10,0,0,-3,"51,0559","3,402823466385289e+38","-23,4375"
2026 02 19 09:31:39:189,-3.9675,-6.78875,"0,281",10,0,0,-3,"51,0559","3,402823466385289e+38","-35,1562"
2026 02 19 09:31:39:191,-3.9985,-6.78875,"0,281",10,0,0,-3,"51,0559","3,402823466385289e+38",0
2026 02 19 09:31:39:193,-3.9675,-6.78875,"0,281",10,0,0,-3,"51,0559","3,402823466385289e+38","-3,9062"
2026 02 19 09:31:39:195,-3.9675,-6.87625,"0,281",10,0,0,-3,"51,0559","3,402823466385289e+38","-3,9062"
2026 02 19 09:31:39:197,-3.9675,-6.78875,"0,281",10,0,0,-3,"51,0559","3,402823466385289e+38","-3,9062"
2026 02 19 09:31:39:199,-3.9675,-6.78875,"0,281",10,0,0,-3,"51,0559","3,402823466385289e+38","7,8125"
2026 02 19 09:31:39:201,-3.9675,-6.78875,"0,281",10,0,0,-3,"51,0559","3,402823466385289e+38","7,8125"
2026 02 19 09:31:39:203,-3.9675,-6.78875,"0,281",10,0,0,-3,"51,0559","3,402823466385289e+38","7,8125"
2026 02 19 09:31:39:205,-4.0295,-6.78875,"0,281",10,0,0,-3,"51,0559","3,402823466385289e+38","-11,7187"
2026 02 19 09:31:39:207,-3.9675,-6.78875,"0,281",10,0,0,-3,"51,0559","3,402823466385289e+38","-23,4375"
2026 02 19 09:31:39:209,-3.9675,-6.78875,"0,281",10,0,0,-3,"51,0559","3,402823466385289e+38","-31,25"
2026 02 19 09:31:39:211,-3.9675,-6.78875,"0,281",10,0,0,-3,"51,0559","3,402823466385289e+38",0
2026 02 19 09:31:39:213,-3.9675,-6.78875,"0,281",10,0,0,-3,"51,0559","3,402823466385289e+38","-3,9062"
2026 02 19 09:31:39:215,-3.9675,-6.78875,"0,281",10,0,0,-3,"51,0559","3,402823466385289e+38","-3,9062"
2026 02 19 09:31:39:217,-3.9675,-6.78875,"0,281",10,0,0,-3,"51,0559","3,402823466385289e+38","-3,9062"
2026 02 19 09:31:39:219,-3.9334,-6.70125,"0,281",10,0,0,-3,"51,0559","3,402823466385289e+38","3,9063"
2026 02 19 09:31:39:221,-3.9675,-6.78875,"0,281",10,0,0,-3,"51,0559","3,402823466385289e+38","11,7188"
2026 02 19 09:31:39:223,-3.9675,-6.70125,"0,281",10,0,0,-3,"51,0559","3,402823466385289e+38","7,8125"
2026 02 19 09:31:39:225,-3.9985,-6.78875,"0,281",10,0,0,-3,"51,0559","3,402823466385289e+38","-11,7187"
2026 02 19 09:31:39:227,-3.9985,-6.78875,"0,281",10,0,0,-3,"51,0559","3,402823466385289e+38","-23,4375"
2026 02 19 09:31:39:229,-3.9675,-6.78875,"0,281",10,0,0,-3,"51,0559","3,402823466385289e+38","-27,3437"
2026 02 19 09:31:39:231,-3.9334,-6.78875,"0,281",10,0,0,-3,"51,0559","3,402823466385289e+38","-3,9062"
2026 02 19 09:31:39:233,-3.9675,-6.78875,"0,281",10,0,0,-3,"51,0559","3,402823466385289e+38","-3,9062"
2026 02 19 09:31:39:235,-3.9675,-6.78875,"0,281",10,0,0,-3,"51,0559","3,402823466385289e+38",0
2026 02 19 09:31:39:237,-3.9675,-6.78875,"0,281",10,0,0,-3,"51,0559","3,402823466385289e+38","-3,9062"
2026 02 19 09:31:39:239,-3.9675,-6.78875,"0,281",10,0,0,-3,"51,0559","3,402823466385289e+38","3,9063"
2026 02 19 09:31:39:241,-3.9334,-6.78875,"0,281",10,0,0,-3,"51,0559","3,402823466385289e+38","11,7188"
2026 02 19 09:31:39:243,-3.9675,-6.78875,"0,281",10,0,0,-3,"51,0559","3,402823466385289e+38","7,8125"
2026 02 19 09:31:39:245,-3.9985,-6.87625,"0,281",10,0,0,-3,"51,0559","3,402823466385289e+38","-11,7187"
2026 02 19 09:31:39:247,-3.9675,-6.78875,"0,281",10,0,0,-3,"51,0559","3,402823466385289e+38","-23,4375"
2026 02 19 09:31:39:249,-3.9675,-6.78875,"0,281",10,0,0,-3,"51,0559","3,402823466385289e+38","-27,3437"
2026 02 19 09:31:39:251,-3.9675,-6.78875,"0,281",10,0,0,-3,"51,0559","3,402823466385289e+38",0
2026 02 19 09:31:39:253,-3.9675,-6.70125,"0,281",10,0,0,-3,"51,0559","3,402823466385289e+38","-3,9062"
2026 02 19 09:31:39:255,-3.9675,-6.78875,"0,281",10,0,0,-3,"51,0559","3,402823466385289e+38","-3,9062"
2026 02 19 09:31:39:257,-3.9334,-6.78875,"0,281",10,0,0,-3,"51,0559","3,402823466385289e+38","-3,9062"
2026 02 19 09:31:39:259,-3.9675,-6.78875,"0,281",10,0,0,-3,"51,0559","3,402823466385289e+38","3,9063"
2026 02 19 09:31:39:261,-3.9985,-6.78875,"0,281",10,0,0,-3,"51,0559","3,402823466385289e+38","15,625"
2026 02 19 09:31:39:263,-3.9675,-6.87625,"0,281",10,0,0,-3,"51,0559","3,402823466385289e+38","7,8125"
2026 02 19 09:31:39:265,-3.9985,-6.87625,"0,281",10,0,0,-3,"51,0559","3,402823466385289e+38","-11,7187"
2026 02 19 09:31:39:267,-3.9675,-6.78875,"0,281",10,0,0,-3,"51,0559","3,402823466385289e+38","-27,3437"
2026 02 19 09:31:39:269,-3.9675,-6.78875,"0,281",10,0,0,-3,"51,0559","3,402823466385289e+38","-27,3437"
2026 02 19 09:31:39:271,-3.9985,-6.70125,"0,281",10,0,0,-3,"51,0559","3,402823466385289e+38","-3,9062"
2026 02 19 09:31:39:273,-3.9675,-6.78875,"0,281",10,0,0,-3,"51,0559","3,402823466385289e+38","-3,9062"
2026 02 19 09:31:39:275,-3.9675,-6.78875,"0,281",10,0,0,-3,"51,0559","3,402823466385289e+38","-3,9062"
2026 02 19 09:31:39:277,-3.9675,-6.78875,"0,281",10,0,0,-3,"51,0559","3,402823466385289e+38","-3,9062"
2026 02 19 09:31:39:279,-3.9675,-6.78875,"0,281",10,0,0,-3,"51,0559","3,402823466385289e+38","3,9063"
2026 02 19 09:31:39:281,-3.9675,-6.70125,"0,281",10,0,0,-3,"51,0559","3,402823466385289e+38","11,7188"
2026 02 19 09:31:39:283,-3.9675,-6.78875,"0,281",10,0,0,-3,"51,0559","3,402823466385289e+38","7,8125"
2026 02 19 09:31:39:285,-3.9675,-6.87625,"0,281",10,0,0,-3,"51,0559","3,402823466385289e+38","-11,7187"
2026 02 19 09:31:39:287,-3.9675,-6.87625,"0,281",10,0,0,-3,"51,0559","3,402823466385289e+38","-23,4375"
2026 02 19 09:31:39:289,-3.9675,-6.70125,"0,281",10,0,0,-3,"51,0559","3,402823466385289e+38","-27,3437"
2026 02 19 09:31:39:291,-3.9675,-6.78875,"0,281",10,0,0,-3,"51,0559","3,402823466385289e+38","-3,9062"
2026 02 19 09:31:39:293,-3.9675,-6.78875,"0,281",10,0,0,-3,"51,0559","3,402823466385289e+38","-3,9062"
2026 02 19 09:31:39:295,-3.9675,-6.87625,"0,281",10,0,0,-3,"51,0559","3,402823466385289e+38","-3,9062"
2026 02 19 09:31:39:297,-3.9675,-6.78875,"0,281",10,0,0,-3,"51,0559","3,402823466385289e+38","-3,9062"
2026 02 19 09:31:39:299,-3.9985,-6.87625,"0,281",10,0,0,-3,"51,0559","3,402823466385289e+38","3,9063"
2026 02 19 09:31:39:301,-3.9675,-6.87625,"0,281",10,0,0,-3,"51,0559","3,402823466385289e+38","15,625"
2026 02 19 09:31:39:303,-3.9675,-6.78875,"0,281",10,0,0,-3,"51,0559","3,402823466385289e+38","7,8125"
2026 02 19 09:31:39:305,-3.9675,-6.70125,"0,281",10,0,0,-3,"51,0559","3,402823466385289e+38","-7,8125"
2026 02 19 09:31:39:307,-3.9334,-6.78875,"0,281",10,0,0,-3,"51,0559","3,402823466385289e+38","-27,3437"
2026 02 19 09:31:39:309,-3.9675,-6.87625,"0,281",10,0,0,-3,"51,0559","3,402823466385289e+38","-31,25"
2026 02 19 09:31:39:311,-3.9675,-6.78875,"0,281",10,0,0,-3,"51,0559","3,402823466385289e+38",0
2026 02 19 09:31:39:313,-3.9675,-6.78875,"0,281",10,0,0,-3,"51,0559","3,402823466385289e+38","-3,9062"
2026 02 19 09:31:39:315,-3.9675,-6.78875,"0,281",10,0,0,-3,"51,0559","3,402823466385289e+38","-3,9062"
2026 02 19 09:31:39:317,-3.9334,-6.78875,"0,281",10,0,0,-3,"51,0559","3,402823466385289e+38","-3,9062"
2026 02 19 09:31:39:319,-3.9675,-6.87625,"0,281",10,0,0,-3,"51,0559","3,402823466385289e+38","3,9063"
2026 02 19 09:31:39:321,-3.9985,-6.78875,"0,281",10,0,0,-3,"51,0559","3,402823466385289e+38","11,7188"
2026 02 19 09:31:39:323,-3.9675,-6.78875,"0,281",10,0,0,-3,"51,0559","3,402823466385289e+38","3,9063"
2026 02 19 09:31:39:325,-3.9675,-6.78875,"0,281",10,0,0,-3,"51,0559","3,402823466385289e+38","-7,8125"
2026 02 19 09:31:39:327,-3.9675,-6.78875,"0,281",10,0,0,-3,"51,0559","3,402823466385289e+38","-23,4375"
2026 02 19 09:31:39:329,-3.9675,-6.78875,"0,281",10,0,0,-3,"51,0559","3,402823466385289e+38","-31,25"
2026 02 19 09:31:39:331,-3.9675,-6.87625,"0,281",10,0,0,-3,"51,0559","3,402823466385289e+38",0
2026 02 19 09:31:39:333,-3.9985,-6.78875,"0,281",10,0,0,-3,"51,0559","3,402823466385289e+38","-3,9062"
2026 02 19 09:31:39:335,-3.9675,-6.78875,"0,281",10,0,0,-3,"51,0559","3,402823466385289e+38",0
2026 02 19 09:31:39:337,-3.9675,-6.78875,"0,281",10,0,0,-3,"51,0559","3,402823466385289e+38","-3,9062"
2026 02 19 09:31:39:339,-3.9675,-6.78875,"0,281",10,0,0,-3,"51,0559","3,402823466385289e+38",0
2026 02 19 09:31:39:341,-3.9675,-6.87625,"0,281",10,0,0,-3,"51,0559","3,402823466385289e+38","19,5313"
2026 02 19 09:31:39:343,-3.9675,-6.78875,"0,281",10,0,0,-3,"51,0559","3,402823466385289e+38","7,8125"
2026 02 19 09:31:39:345,-3.9675,-6.78875,"0,281",10,0,0,-3,"51,0559","3,402823466385289e+38","-7,8125"
2026 02 19 09:31:39:347,-3.9675,-6.78875,"0,281",10,0,0,-3,"51,0559","3,402823466385289e+38","-31,25"
2026 02 19 09:31:39:349,-3.9334,-6.78875,"0,281",10,0,0,-3,"51,0559","3,402823466385289e+38","-27,3437"
2026 02 19 09:31:39:351,-3.9985,-6.78875,"0,281",10,0,0,-3,"51,0559","3,402823466385289e+38",0
2026 02 19 09:31:39:353,-3.9675,-6.78875,"0,281",10,0,0,-3,"51,0559","3,402823466385289e+38","-3,9062"
2026 02 19 09:31:39:355,-3.9985,-6.78875,"0,281",10,0,0,-3,"51,0559","3,402823466385289e+38","-3,9062"
2026 02 19 09:31:39:357,-3.9334,-6.78875,"0,281",10,0,0,-3,"51,0559","3,402823466385289e+38","-3,9062"
2026 02 19 09:31:39:359,-3.9675,-6.78875,"0,281",10,0,0,-3,"51,0559","3,402823466385289e+38","3,9063"
2026 02 19 09:31:39:361,-3.9334,-6.78875,"0,281",10,0,0,-3,"51,0559","3,402823466385289e+38","11,7188"
2026 02 19 09:31:39:363,-3.9985,-6.78875,"0,281",10,0,0,-3,"51,0559","3,402823466385289e+38","3,9063"
2026 02 19 09:31:39:365,-3.9675,-6.87625,"0,281",10,0,0,-3,"51,0559","3,402823466385289e+38","-11,7187"
2026 02 19 09:31:39:367,-3.9675,-6.78875,"0,281",10,0,0,-3,"51,0559","3,402823466385289e+38","-23,4375"
2026 02 19 09:31:39:369,-3.9675,-6.78875,"0,281",10,0,0,-3,"51,0559","3,402823466385289e+38","-11,7187"
2026 02 19 09:31:39:371,-3.9675,-6.78875,"0,281",10,0,0,-3,"51,0559","3,402823466385289e+38","-3,9062"
2026 02 19 09:31:39:373,-3.9985,-6.78875,"0,281",10,0,0,-3,"51,0559","3,402823466385289e+38",0
2026 02 19 09:31:39:375,-3.9675,-6.87625,"0,281",10,0,0,-3,"51,0559","3,402823466385289e+38","-3,9062"
2026 02 19 09:31:39:377,-3.9675,-6.87625,"0,281",10,0,0,-3,"51,0559","3,402823466385289e+38","-3,9062"
2026 02 19 09:31:39:379,-3.9675,-6.87625,"0,281",10,0,0,-3,"51,0559","3,402823466385289e+38","3,9063"
2026 02 19 09:31:39:381,-3.9985,-6.78875,"0,281",10,0,0,-3,"51,0559","3,402823466385289e+38","19,5313"
2026 02 19 09:31:39:383,-3.9675,-6.78875,"0,281",10,0,0,-3,"51,0559","3,402823466385289e+38","7,8125"
2026 02 19 09:31:39:385,-3.9675,-6.78875,"0,281",10,0,0,-3,"51,0559","3,402823466385289e+38","-7,8125"
2026 02 19 09:31:39:387,-3.9675,-6.78875,"0,281",10,0,0,-3,"51,0559","3,402823466385289e+38","-27,3437"
2026 02 19 09:31:39:389,-3.9985,-6.78875,"0,28",10,0,0,-3,"52,5055","3,402823466385289e+38","-27,3437"
2026 02 19 09:31:39:391,-3.9675,-6.78875,"0,28",10,0,0,-3,"52,5055","3,402823466385289e+38",0
2026 02 19 09:31:39:393,-3.9985,-6.78875,"0,28",10,0,0,-3,"52,5055","3,402823466385289e+38","-3,9062"
2026 02 19 09:31:39:395,-3.9334,-6.78875,"0,28",10,0,0,-3,"52,5055","3,402823466385289e+38","-3,9062"
2026 02 19 09:31:39:397,-3.9675,-6.78875,"0,28",10,0,0,-3,"52,5055","3,402823466385289e+38","-3,9062"
2026 02 19 09:31:39:399,-3.9675,-6.78875,"0,28",10,0,0,-3,"52,5055","3,402823466385289e+38",0
2026 02 19 09:31:39:401,-3.9675,-6.78875,"0,28",10,0,0,-3,"52,5055","3,402823466385289e+38","11,7188"
2026 02 19 09:31:39:403,-3.9675,-6.78875,"0,28",10,0,0,-3,"52,5055","3,402823466385289e+38","7,8125"
2026 02 19 09:31:39:405,-3.9675,-6.78875,"0,28",10,0,0,-3,"52,5055","3,402823466385289e+38","-11,7187"
2026 02 19 09:31:39:407,-3.9675,-6.78875,"0,28",10,0,0,-3,"52,5055","3,402823466385289e+38","-19,5312"
2026 02 19 09:31:39:409,-3.9334,-6.78875,"0,28",10,0,0,-3,"52,5055","3,402823466385289e+38","-27,3437"
2026 02 19 09:31:39:411,-3.9675,-6.78875,"0,28",10,0,0,-3,"52,5055","3,402823466385289e+38","-3,9062"
2026 02 19 09:31:39:413,-3.9334,-6.70125,"0,28",10,0,0,-3,"52,5055","3,402823466385289e+38",0
2026 02 19 09:31:39:415,-3.9675,-6.78875,"0,28",10,0,0,-3,"52,5055","3,402823466385289e+38","-3,9062"
2026 02 19 09:31:39:417,-3.9675,-6.87625,"0,28",10,0,0,-3,"52,5055","3,402823466385289e+38",0
2026 02 19 09:31:39:419,-3.9985,-6.78875,"0,28",10,0,0,-3,"52,5055","3,402823466385289e+38","-3,9062"
2026 02 19 09:31:39:421,-3.9675,-6.78875,"0,28",10,0,0,-3,"52,5055","3,402823466385289e+38","19,5313"
2026 02 19 09:31:39:423,-3.9985,-6.78875,"0,28",10,0,0,-3,"52,5055","3,402823466385289e+38","3,9063"
2026 02 19 09:31:39:425,-3.9675,-6.78875,"0,28",10,0,0,-3,"52,5055","3,402823466385289e+38","-11,7187"
2026 02 19 09:31:39:427,-3.9334,-6.78875,"0,28",10,0,0,-3,"52,5055","3,402823466385289e+38","-27,3437"
2026 02 19 09:31:39:429,-3.9675,-6.78875,"0,28",10,0,0,-3,"52,5055","3,402823466385289e+38","-27,3437"
2026 02 19 09:31:39:431,-3.9675,-6.87625,"0,28",10,0,0,-3,"52,5055","3,402823466385289e+38",0
2026 02 19 09:31:39:433,-3.9675,-6.78875,"0,28",10,0,0,-3,"52,5055","3,402823466385289e+38",0
2026 02 19 09:31:39:435,-3.9334,-6.78875,"0,28",10,0,0,-3,"52,5055","3,402823466385289e+38","-3,9062"
2026 02 19 09:31:39:437,-3.9675,-6.78875,"0,28",10,0,0,-3,"52,5055","3,402823466385289e+38","-3,9062"
2026 02 19 09:31:39:439,-3.9675,-6.78875,"0,28",10,0,0,-3,"52,5055","3,402823466385289e+38",0
2026 02 19 09:31:39:441,-3.9675,-6.78875,"0,28",10,0,0,-3,"52,5055","3,402823466385289e+38","15,625"
2026 02 19 09:31:39:443,-3.9985,-6.70125,"0,28",10,0,0,-3,"52,5055","3,402823466385289e+38","7,8125"
2026 02 19 09:31:39:445,-3.9675,-6.70125,"0,28",10,0,0,-3,"52,5055","3,402823466385289e+38","-11,7187"
2026 02 19 09:31:39:447,-3.9675,-6.78875,"0,28",10,0,0,-3,"52,5055","3,402823466385289e+38","-19,5312"
2026 02 19 09:31:39:449,-3.9675,-6.87625,"0,28",10,0,0,-3,"52,5055","3,402823466385289e+38","-27,3437"
2026 02 19 09:31:39:451,-3.9675,-6.78875,"0,28",10,0,0,-3,"52,5055","3,402823466385289e+38",0
2026 02 19 09:31:39:453,-3.9675,-6.78875,"0,28",10,0,0,-3,"52,5055","3,402823466385289e+38","-3,9062"
2026 02 19 09:31:39:455,-3.9675,-6.70125,"0,28",10,0,0,-3,"52,5055","3,402823466385289e+38","-3,9062"
2026 02 19 09:31:39:457,-3.9675,-6.78875,"0,28",10,0,0,-3,"52,5055","3,402823466385289e+38",0
2026 02 19 09:31:39:459,-3.9985,-6.78875,"0,28",10,0,0,-3,"52,5055","3,402823466385289e+38","-3,9062"
2026 02 19 09:31:39:461,-3.9675,-6.78875,"0,28",10,0,0,-3,"52,5055","3,402823466385289e+38","15,625"
2026 02 19 09:31:39:463,-3.9675,-6.78875,"0,28",10,0,0,-3,"52,5055","3,402823466385289e+38","3,9063"
2026 02 19 09:31:39:465,-3.9675,-6.78875,"0,28",10,0,0,-3,"52,5055","3,402823466385289e+38","-15,625"
2026 02 19 09:31:39:467,-3.9675,-6.78875,"0,28",10,0,0,-3,"52,5055","3,402823466385289e+38","-27,3437"
2026 02 19 09:31:39:469,-3.9675,-6.78875,"0,28",10,0,0,-3,"52,5055","3,402823466385289e+38","-23,4375"
2026 02 19 09:31:39:471,-3.9675,-6.78875,"0,28",10,0,0,-3,"52,5055","3,402823466385289e+38","-3,9062"
2026 02 19 09:31:39:473,-3.9675,-6.78875,"0,28",10,0,0,-3,"52,5055","3,402823466385289e+38","-3,9062"
2026 02 19 09:31:39:475,-3.9675,-6.78875,"0,28",10,0,0,-3,"52,5055","3,402823466385289e+38",0
2026 02 19 09:31:39:477,-3.9675,-6.78875,"0,28",10,0,0,-3,"52,5055","3,402823466385289e+38",0
2026 02 19 09:31:39:479,-3.9985,-6.78875,"0,28",10,0,0,-3,"52,5055","3,402823466385289e+38",0
2026 02 19 09:31:39:481,-3.9675,-6.78875,"0,28",10,0,0,-3,"52,5055","3,402823466385289e+38","15,625"
2026 02 19 09:31:39:483,-3.9675,-6.78875,"0,28",10,0,0,-3,"52,5055","3,402823466385289e+38","3,9063"
2026 02 19 09:31:39:485,-3.9675,-6.87625,"0,28",10,0,0,-3,"52,5055","3,402823466385289e+38","-7,8125"
2026 02 19 09:31:39:487,-3.9675,-6.78875,"0,28",10,0,0,-3,"52,5055","3,402823466385289e+38","-19,5312"
2026 02 19 09:31:39:489,-3.9675,-6.9725,"0,28",10,0,0,-3,"52,5055","3,402823466385289e+38","-23,4375"
2026 02 19 09:31:39:491,-3.9675,-6.78875,"0,28",10,0,0,-3,"52,5055","3,402823466385289e+38",0
2026 02 19 09:31:39:493,-3.9675,-6.78875,"0,28",10,0,0,-3,"52,5055","3,402823466385289e+38","-3,9062"
2026 02 19 09:31:39:495,-3.9675,-6.87625,"0,28",10,0,0,-3,"52,5055","3,402823466385289e+38",0
2026 02 19 09:31:39:497,-3.9675,-6.78875,"0,28",10,0,0,-3,"52,5055","3,402823466385289e+38","-3,9062"
2026 02 19 09:31:39:499,-3.9675,-6.78875,"0,28",10,0,0,-3,"52,5055","3,402823466385289e+38",0
2026 02 19 09:31:39:501,-3.9985,-6.78875,"0,28",10,0,0,-3,"52,5055","3,402823466385289e+38","19,5313"
2026 02 19 09:31:39:503,-3.9675,-6.70125,"0,28",10,0,0,-3,"52,5055","3,402823466385289e+38","3,9063"
2026 02 19 09:31:39:505,-3.9675,-6.78875,"0,28",10,0,0,-3,"52,5055","3,402823466385289e+38","-15,625"
2026 02 19 09:31:39:507,-3.9985,-6.78875,"0,28",10,0,0,-3,"52,5055","3,402823466385289e+38","-23,4375"
2026 02 19 09:31:39:509,-3.9675,-6.78875,"0,28",10,0,0,-3,"52,5055","3,402823466385289e+38","-27,3437"
2026 02 19 09:31:39:511,-3.9675,-6.78875,"0,28",10,0,0,-3,"52,5055","3,402823466385289e+38","-3,9062"
2026 02 19 09:31:39:513,-3.9675,-6.87625,"0,28",10,0,0,-3,"52,5055","3,402823466385289e+38","-3,9062"
2026 02 19 09:31:39:515,-3.9334,-6.87625,"0,28",10,0,0,-3,"52,5055","3,402823466385289e+38",0
2026 02 19 09:31:39:517,-3.9985,-6.87625,"0,28",10,0,0,-3,"52,5055","3,402823466385289e+38","-3,9062"
2026 02 19 09:31:39:519,-3.9675,-6.87625,"0,28",10,0,0,-3,"52,5055","3,402823466385289e+38","-3,9062"
2026 02 19 09:31:39:521,-3.9985,-6.87625,"0,28",10,0,0,-3,"52,5055","3,402823466385289e+38","15,625"
2026 02 19 09:31:39:523,-3.9675,-6.78875,"0,28",10,0,0,-3,"52,5055","3,402823466385289e+38","7,8125"
2026 02 19 09:31:39:525,-3.9675,-6.78875,"0,28",10,0,0,-3,"52,5055","3,402823466385289e+38","-11,7187"
2026 02 19 09:31:39:527,-3.9334,-6.78875,"0,28",10,0,0,-3,"52,5055","3,402823466385289e+38","-19,5312"
2026 02 19 09:31:39:529,-3.9675,-6.78875,"0,28",10,0,0,-3,"52,5055","3,402823466385289e+38","-7,8125"
2026 02 19 09:31:39:531,-3.9675,-6.87625,"0,28",10,0,0,-3,"52,5055","3,402823466385289e+38","-3,9062"
2026 02 19 09:31:39:533,-3.9675,-6.87625,"0,28",10,0,0,-3,"52,5055","3,402823466385289e+38","-3,9062"
2026 02 19 09:31:39:535,-3.9334,-6.78875,"0,28",10,0,0,-3,"52,5055","3,402823466385289e+38","-3,9062"
2026 02 19 09:31:39:537,-3.9675,-6.78875,"0,28",10,0,0,-3,"52,5055","3,402823466385289e+38","-3,9062"
2026 02 19 09:31:39:539,-3.9675,-6.87625,"0,28",10,0,0,-3,"52,5055","3,402823466385289e+38",0
2026 02 19 09:31:39:541,-3.9334,-6.78875,"0,28",10,0,0,-3,"52,5055","3,402823466385289e+38","15,625"
2026 02 19 09:31:39:543,-3.9675,-6.78875,"0,28",10,0,0,-3,"52,5055","3,402823466385289e+38","3,9063"
2026 02 19 09:31:39:545,-3.9675,-6.70125,"0,28",10,0,0,-3,"52,5055","3,402823466385289e+38","-11,7187"
2026 02 19 09:31:39:547,-3.9675,-6.78875,"0,28",10,0,0,-3,"52,5055","3,402823466385289e+38","-27,3437"
2026 02 19 09:31:39:549,-3.9675,-6.78875,"0,28",10,0,0,-3,"52,5055","3,402823466385289e+38","-23,4375"
2026 02 19 09:31:39:551,-3.9334,-6.78875,"0,28",10,0,0,-3,"52,5055","3,402823466385289e+38","-3,9062"
2026 02 19 09:31:39:553,-3.9675,-6.70125,"0,28",10,0,0,-3,"52,5055","3,402823466385289e+38","-3,9062"
2026 02 19 09:31:39:555,-3.9985,-6.78875,"0,28",10,0,0,-3,"52,5055","3,402823466385289e+38","-3,9062"
2026 02 19 09:31:39:557,-3.9675,-6.78875,"0,28",10,0,0,-3,"52,5055","3,402823466385289e+38","-3,9062"
2026 02 19 09:31:39:559,-3.9675,-6.78875,"0,28",10,0,0,-3,"52,5055","3,402823466385289e+38",0
2026 02 19 09:31:39:561,-3.9675,-6.70125,"0,28",10,0,0,-3,"52,5055","3,402823466385289e+38","19,5313"
2026 02 19 09:31:39:563,-3.9675,-6.78875,"0,28",10,0,0,-3,"52,5055","3,402823466385289e+38","3,9063"
2026 02 19 09:31:39:565,-3.9675,-6.78875,"0,28",10,0,0,-3,"52,5055","3,402823466385289e+38","-7,8125"
2026 02 19 09:31:39:567,-3.9675,-6.78875,"0,28",10,0,0,-3,"52,5055","3,402823466385289e+38","-23,4375"
2026 02 19 09:31:39:569,-3.9675,-6.87625,"0,28",10,0,0,-3,"52,5055","3,402823466385289e+38","-19,5312"
2026 02 19 09:31:39:571,-3.9675,-6.78875,"0,28",10,0,0,-3,"52,5055","3,402823466385289e+38","-3,9062"
2026 02 19 09:31:39:573,-3.9675,-6.78875,"0,28",10,0,0,-3,"52,5055","3,402823466385289e+38","-3,9062"
2026 02 19 09:31:39:575,-3.9985,-6.87625,"0,28",10,0,0,-3,"52,5055","3,402823466385289e+38",0
2026 02 19 09:31:39:577,-3.9675,-6.78875,"0,28",10,0,0,-3,"52,5055","3,402823466385289e+38","-3,9062"
2026 02 19 09:31:39:579,-3.9675,-6.78875,"0,28",10,0,0,-3,"52,5055","3,402823466385289e+38",0
2026 02 19 09:31:39:581,-3.9985,-6.78875,"0,28",10,0,0,-3,"52,5055","3,402823466385289e+38","15,625"
2026 02 19 09:31:39:583,-3.9675,-6.78875,"0,28",10,0,0,-3,"52,5055","3,402823466385289e+38","3,9063"
2026 02 19 09:31:39:585,-3.9675,-6.70125,"0,28",10,0,0,-3,"52,5055","3,402823466385289e+38","-11,7187"
2026 02 19 09:31:39:587,-3.9675,-6.78875,"0,28",10,0,0,-3,"52,5055","3,402823466385289e+38","-23,4375"
2026 02 19 09:31:39:589,-3.9675,-6.78875,"0,28",10,0,0,-3,"52,5055","3,402823466385289e+38","-19,5312"
2026 02 19 09:31:39:591,-3.9675,-6.78875,"0,28",10,0,0,-3,"52,5055","3,402823466385289e+38",0
2026 02 19 09:31:39:593,-3.9675,-6.78875,"0,28",10,0,0,-3,"52,5055","3,402823466385289e+38",0
2026 02 19 09:31:39:595,-3.9675,-6.78875,"0,28",10,0,0,-3,"52,5055","3,402823466385289e+38","-3,9062"
2026 02 19 09:31:39:597,-3.9675,-6.70125,"0,28",10,0,0,-3,"52,5055","3,402823466385289e+38","-3,9062"
2026 02 19 09:31:39:599,-3.9675,-6.78875,"0,28",10,0,0,-3,"52,5055","3,402823466385289e+38",0
2026 02 19 09:31:39:601,-3.9675,-6.78875,"0,28",10,0,0,-3,"52,5055","3,402823466385289e+38","19,5313"
2026 02 19 09:31:39:603,-3.9334,-6.78875,"0,28",10,0,0,-3,"52,5055","3,402823466385289e+38","3,9063"
2026 02 19 09:31:39:605,-3.9675,-6.78875,"0,28",10,0,0,-3,"52,5055","3,402823466385289e+38","-7,8125"
2026 02 19 09:31:39:607,-3.9675,-6.78875,"0,28",10,0,0,-3,"52,5055","3,402823466385289e+38","-23,4375"
2026 02 19 09:31:39:609,-3.9675,-6.78875,"0,28",10,0,0,-3,"52,5055","3,402823466385289e+38","-7,8125"
2026 02 19 09:31:39:611,-3.9675,-6.87625,"0,28",10,0,0,-3,"52,5055","3,402823466385289e+38","-3,9062"
2026 02 19 09:31:39:613,-3.9334,-6.78875,"0,28",10,0,0,-3,"52,5055","3,402823466385289e+38","-3,9062"
2026 02 19 09:31:39:615,-3.9675,-6.70125,"0,28",10,0,0,-3,"52,5055","3,402823466385289e+38","-3,9062"
2026 02 19 09:31:39:617,-3.9675,-6.78875,"0,28",10,0,0,-3,"52,5055","3,402823466385289e+38",0
2026 02 19 09:31:39:619,-3.9675,-6.78875,"0,28",10,0,0,-3,"52,5055","3,402823466385289e+38","-3,9062"
2026 02 19 09:31:39:621,-3.9675,-6.78875,"0,28",10,0,0,-3,"52,5055","3,402823466385289e+38","15,625"
2026 02 19 09:31:39:623,-3.9985,-6.78875,"0,28",10,0,0,-3,"52,5055","3,402823466385289e+38","3,9063"
2026 02 19 09:31:39:625,-3.9985,-6.87625,"0,28",10,0,0,-3,"52,5055","3,402823466385289e+38","-7,8125"
2026 02 19 09:31:39:627,-3.9675,-6.78875,"0,28",10,0,0,-3,"52,5055","3,402823466385289e+38","-27,3437"
2026 02 19 09:31:39:629,-3.9985,-6.87625,"0,28",10,0,0,-3,"52,5055","3,402823466385289e+38","-19,5312"
2026 02 19 09:31:39:631,-3.9675,-6.87625,"0,28",10,0,0,-3,"52,5055","3,402823466385289e+38","-3,9062"
2026 02 19 09:31:39:633,-3.9675,-6.87625,"0,28",10,0,0,-3,"52,5055","3,402823466385289e+38","-3,9062"
2026 02 19 09:31:39:635,-3.9675,-6.78875,"0,28",10,0,0,-3,"52,5055","3,402823466385289e+38","-3,9062"
2026 02 19 09:31:39:637,-3.9675,-6.78875,"0,28",10,0,0,-3,"52,5055","3,402823466385289e+38","-3,9062"
2026 02 19 09:31:39:639,-3.9675,-6.78875,"0,28",10,0,0,-3,"52,5055","3,402823466385289e+38",0
2026 02 19 09:31:39:641,-3.9334,-6.78875,"0,28",10,0,0,-3,"52,5055","3,402823466385289e+38","15,625"
2026 02 19 09:31:39:643,-3.9675,-6.78875,"0,28",10,0,0,-3,"52,5055","3,402823466385289e+38","3,9063"
2026 02 19 09:31:39:645,-3.9985,-6.78875,"0,28",10,0,0,-3,"52,5055","3,402823466385289e+38","-7,8125"
2026 02 19 09:31:39:647,-3.9675,-6.78875,"0,28",10,0,0,-3,"52,5055","3,402823466385289e+38","-23,4375"
2026 02 19 09:31:39:649,-3.9675,-6.78875,"0,28",10,0,0,-3,"52,5055","3,402823466385289e+38","-15,625"
2026 02 19 09:31:39:651,-3.9334,-6.78875,"0,28",10,0,0,-3,"52,5055","3,402823466385289e+38",0
2026 02 19 09:31:39:653,-3.9675,-6.78875,"0,28",10,0,0,-3,"52,5055","3,402823466385289e+38","-3,9062"
2026 02 19 09:31:39:655,-3.9675,-6.78875,"0,28",10,0,0,-3,"52,5055","3,402823466385289e+38","-3,9062"
2026 02 19 09:31:39:657,-3.9675,-6.78875,"0,28",10,0,0,-3,"52,5055","3,402823466385289e+38",0
2026 02 19 09:31:39:659,-3.9675,-6.78875,"0,28",10,0,0,-3,"52,5055","3,402823466385289e+38",0
2026 02 19 09:31:39:661,-3.9675,-6.87625,"0,28",10,0,0,-3,"52,5055","3,402823466385289e+38","15,625"
2026 02 19 09:31:39:663,-3.9334,-6.78875,"0,28",10,0,0,-3,"52,5055","3,402823466385289e+38","3,9063"
2026 02 19 09:31:39:665,-3.9334,-6.87625,"0,28",10,0,0,-3,"52,5055","3,402823466385289e+38","-7,8125"
2026 02 19 09:31:39:667,-3.9334,-6.78875,"0,28",10,0,0,-3,"52,5055","3,402823466385289e+38","-23,4375"
2026 02 19 09:31:39:669,-3.9675,-6.78875,"0,28",10,0,0,-3,"52,5055","3,402823466385289e+38","-11,7187"
2026 02 19 09:31:39:671,-3.9334,-6.78875,"0,28",10,0,0,-3,"52,5055","3,402823466385289e+38","-3,9062"
2026 02 19 09:31:39:673,-3.9675,-6.78875,"0,28",10,0,0,-3,"52,5055","3,402823466385289e+38","-3,9062"
2026 02 19 09:31:39:675,-3.9985,-6.78875,"0,28",10,0,0,-3,"52,5055","3,402823466385289e+38","-3,9062"
2026 02 19 09:31:39:677,-3.9675,-6.87625,"0,28",10,0,0,-3,"52,5055","3,402823466385289e+38","-3,9062"
2026 02 19 09:31:39:679,-3.9675,-6.78875,"0,28",10,0,0,-3,"52,5055","3,402823466385289e+38",0
2026 02 19 09:31:39:681,-3.9334,-6.87625,"0,28",10,0,0,-3,"52,5055","3,402823466385289e+38","23,4375"
2026 02 19 09:31:39:683,-3.9675,-6.78875,"0,28",10,0,0,-3,"52,5055","3,402823466385289e+38","3,9063"
2026 02 19 09:31:39:685,-3.9675,-6.78875,"0,28",10,0,0,-3,"52,5055","3,402823466385289e+38","-7,8125"
2026 02 19 09:31:39:687,-3.9675,-6.87625,"0,28",10,0,0,-3,"52,5055","3,402823466385289e+38","-23,4375"
2026 02 19 09:31:39:689,-3.9334,-6.78875,"0,28",10,0,0,-3,"52,5055","3,402823466385289e+38","-11,7187"
2026 02 19 09:31:39:691,-3.9675,-6.78875,"0,28",10,0,0,-3,"52,3529","3,402823466385289e+38",0
2026 02 19 09:31:39:693,-3.9985,-6.78875,"0,28",10,0,0,-3,"52,3529","3,402823466385289e+38","-3,9062"
2026 02 19 09:31:39:695,-3.9675,-6.78875,"0,28",10,0,0,-3,"52,3529","3,402823466385289e+38",0
2026 02 19 09:31:39:697,-3.9675,-6.78875,"0,28",10,0,0,-3,"52,3529","3,402823466385289e+38",0
2026 02 19 09:31:39:699,-3.9334,-6.78875,"0,28",10,0,0,-3,"52,3529","3,402823466385289e+38",0
2026 02 19 09:31:39:701,-3.9985,-6.78875,"0,28",10,0,0,-3,"52,3529","3,402823466385289e+38","19,5313"
2026 02 19 09:31:39:703,-3.9675,-6.78875,"0,28",10,0,0,-3,"52,3529","3,402823466385289e+38","3,9063"
2026 02 19 09:31:39:705,-3.9675,-6.78875,"0,28",10,0,0,-3,"52,3529","3,402823466385289e+38","-3,9062"
2026 02 19 09:31:39:707,-3.9675,-6.78875,"0,28",10,0,0,-3,"52,3529","3,402823466385289e+38","-23,4375"
2026 02 19 09:31:39:709,-3.9985,-6.78875,"0,28",10,0,0,-3,"52,3529","3,402823466385289e+38","-19,5312"
2026 02 19 09:31:39:711,-3.9675,-6.78875,"0,28",10,0,0,-3,"52,3529","3,402823466385289e+38",0
2026 02 19 09:31:39:713,-3.9334,-6.87625,"0,28",10,0,0,-3,"52,3529","3,402823466385289e+38","-3,9062"
2026 02 19 09:31:39:715,-3.9675,-6.78875,"0,28",10,0,0,-3,"52,3529","3,402823466385289e+38","-3,9062"
2026 02 19 09:31:39:717,-3.9675,-6.87625,"0,28",10,0,0,-3,"52,3529","3,402823466385289e+38","-3,9062"
2026 02 19 09:31:39:719,-3.9675,-6.78875,"0,28",10,0,0,-3,"52,3529","3,402823466385289e+38",0
2026 02 19 09:31:39:721,-3.9675,-6.78875,"0,28",10,0,0,-3,"52,3529","3,402823466385289e+38","23,4375"
2026 02 19 09:31:39:723,-3.9675,-6.78875,"0,28",10,0,0,-3,"52,3529","3,402823466385289e+38","3,9063"
2026 02 19 09:31:39:725,-3.9675,-6.78875,"0,28",10,0,0,-3,"52,3529","3,402823466385289e+38","-3,9062"
2026 02 19 09:31:39:727,-3.9675,-6.78875,"0,28",10,0,0,-3,"52,3529","3,402823466385289e+38","-19,5312"
2026 02 19 09:31:39:729,-3.9675,-6.78875,"0,28",10,0,0,-3,"52,3529","3,402823466385289e+38","-11,7187"
2026 02 19 09:31:39:731,-3.9675,-6.78875,"0,28",10,0,0,-3,"52,3529","3,402823466385289e+38",0
2026 02 19 09:31:39:733,-3.9675,-6.78875,"0,28",10,0,0,-3,"52,3529","3,402823466385289e+38","-3,9062"
2026 02 19 09:31:39:735,-3.9675,-6.78875,"0,28",10,0,0,-3,"52,3529","3,402823466385289e+38",0
2026 02 19 09:31:39:737,-3.9675,-6.87625,"0,28",10,0,0,-3,"52,3529","3,402823466385289e+38",0
2026 02 19 09:31:39:739,-3.9675,-6.78875,"0,28",10,0,0,-3,"52,3529","3,402823466385289e+38",0
2026 02 19 09:31:39:741,-3.9675,-6.70125,"0,28",10,0,0,-3,"52,3529","3,402823466385289e+38","19,5313"
2026 02 19 09:31:39:743,-3.9675,-6.78875,"0,28",10,0,0,-3,"52,3529","3,402823466385289e+38","3,9063"
2026 02 19 09:31:39:745,-3.9675,-6.78875,"0,28",10,0,0,-3,"52,3529","3,402823466385289e+38","-7,8125"
2026 02 19 09:31:39:747,-3.9675,-6.87625,"0,28",10,0,0,-3,"52,3529","3,402823466385289e+38","-23,4375"
2026 02 19 09:31:39:749,-3.9675,-6.87625,"0,28",10,0,0,-3,"52,3529","3,402823466385289e+38","-15,625"
2026 02 19 09:31:39:751,-3.9675,-6.78875,"0,28",10,0,0,-3,"52,3529","3,402823466385289e+38","-3,9062"
2026 02 19 09:31:39:753,-3.9675,-6.78875,"0,28",10,0,0,-3,"52,3529","3,402823466385289e+38","-3,9062"
2026 02 19 09:31:39:755,-3.9985,-6.78875,"0,28",10,0,0,-3,"52,3529","3,402823466385289e+38","-3,9062"
2026 02 19 09:31:39:757,-3.9675,-6.87625,"0,28",10,0,0,-3,"52,3529","3,402823466385289e+38","-3,9062"
2026 02 19 09:31:39:759,-3.9675,-6.78875,"0,28",10,0,0,-3,"52,3529","3,402823466385289e+38","-3,9062"
2026 02 19 09:31:39:761,-3.9985,-6.78875,"0,28",10,0,0,-3,"52,3529","3,402823466385289e+38","27,3438"
2026 02 19 09:31:39:763,-3.9675,-6.78875,"0,28",10,0,0,-3,"52,3529","3,402823466385289e+38","3,9063"
2026 02 19 09:31:39:765,-3.9675,-6.87625,"0,28",10,0,0,-3,"52,3529","3,402823466385289e+38","-7,8125"
2026 02 19 09:31:39:767,-3.9675,-6.78875,"0,28",10,0,0,-3,"52,3529","3,402823466385289e+38","-23,4375"
2026 02 19 09:31:39:769,-3.9675,-6.78875,"0,28",10,0,0,-3,"52,3529","3,402823466385289e+38","-7,8125"
2026 02 19 09:31:39:771,-3.9675,-6.78875,"0,28",10,0,0,-3,"52,3529","3,402823466385289e+38","-3,9062"
2026 02 19 09:31:39:773,-3.9334,-6.78875,"0,28",10,0,0,-3,"52,3529","3,402823466385289e+38","-3,9062"
2026 02 19 09:31:39:775,-3.9675,-6.78875,"0,28",10,0,0,-3,"52,3529","3,402823466385289e+38",0
2026 02 19 09:31:39:777,-3.9675,-6.87625,"0,28",10,0,0,-3,"52,3529","3,402823466385289e+38","-3,9062"
2026 02 19 09:31:39:779,-3.9675,-6.87625,"0,28",10,0,0,-3,"52,3529","3,402823466385289e+38",0
2026 02 19 09:31:39:781,-3.9675,-6.78875,"0,28",10,0,0,-3,"52,3529","3,402823466385289e+38","23,4375"
2026 02 19 09:31:39:783,-3.9675,-6.78875,"0,28",10,0,0,-3,"52,3529","3,402823466385289e+38","7,8125"
2026 02 19 09:31:39:785,-3.9334,-6.78875,"0,28",10,0,0,-3,"52,3529","3,402823466385289e+38","-7,8125"
2026 02 19 09:31:39:787,-3.9675,-6.78875,"0,28",10,0,0,-3,"52,3529","3,402823466385289e+38","-23,4375"
2026 02 19 09:31:39:789,-3.9675,-6.87625,"0,28",10,0,0,-3,"52,3529","3,402823466385289e+38","-19,5312"
2026 02 19 09:31:39:791,-3.9675,-6.78875,"0,28",10,0,0,-3,"52,3529","3,402823466385289e+38",0
2026 02 19 09:31:39:793,-3.9334,-6.78875,"0,28",10,0,0,-3,"52,3529","3,402823466385289e+38","-3,9062"
2026 02 19 09:31:39:795,-3.9334,-6.78875,"0,28",10,0,0,-3,"52,3529","3,402823466385289e+38","-3,9062"
2026 02 19 09:31:39:797,-3.9675,-6.78875,"0,28",10,0,0,-3,"52,3529","3,402823466385289e+38","-3,9062"
2026 02 19 09:31:39:799,-3.9985,-6.78875,"0,28",10,0,0,-3,"52,3529","3,402823466385289e+38",0
2026 02 19 09:31:39:801,-3.9675,-6.78875,"0,28",10,0,0,-3,"52,3529","3,402823466385289e+38","23,4375"
2026 02 19 09:31:39:803,-3.9675,-6.78875,"0,28",10,0,0,-3,"52,3529","3,402823466385289e+38",0
2026 02 19 09:31:39:805,-3.9675,-6.70125,"0,28",10,0,0,-3,"52,3529","3,402823466385289e+38","-7,8125"
2026 02 19 09:31:39:807,-3.9675,-6.78875,"0,28",10,0,0,-3,"52,3529","3,402823466385289e+38","-23,4375"
2026 02 19 09:31:39:809,-3.9675,-6.87625,"0,28",10,0,0,-3,"52,3529","3,402823466385289e+38","-15,625"
2026 02 19 09:31:39:811,-3.9675,-6.87625,"0,28",10,0,0,-3,"52,3529","3,402823466385289e+38","-3,9062"
2026 02 19 09:31:39:813,-3.9675,-6.70125,"0,28",10,0,0,-3,"52,3529","3,402823466385289e+38","-3,9062"
2026 02 19 09:31:39:815,-3.9675,-6.78875,"0,28",10,0,0,-3,"52,3529","3,402823466385289e+38","-3,9062"
2026 02 19 09:31:39:817,-3.9675,-6.78875,"0,28",10,0,0,-3,"52,3529","3,402823466385289e+38","-3,9062"
2026 02 19 09:31:39:819,-3.9675,-6.78875,"0,28",10,0,0,-3,"52,3529","3,402823466385289e+38","-3,9062"
2026 02 19 09:31:39:821,-3.9675,-6.78875,"0,28",10,0,0,-3,"52,3529","3,402823466385289e+38","23,4375"
2026 02 19 09:31:39:823,-3.9675,-6.78875,"0,28",10,0,0,-3,"52,3529","3,402823466385289e+38","7,8125"
2026 02 19 09:31:39:825,-3.9334,-6.78875,"0,28",10,0,0,-3,"52,3529","3,402823466385289e+38","-3,9062"
2026 02 19 09:31:39:827,-3.9675,-6.78875,"0,28",10,0,0,-3,"52,3529","3,402823466385289e+38","-19,5312"
2026 02 19 09:31:39:829,-3.9675,-6.87625,"0,28",10,0,0,-3,"52,3529","3,402823466385289e+38","-19,5312"
2026 02 19 09:31:39:831,-3.9675,-6.78875,"0,28",10,0,0,-3,"52,3529","3,402823466385289e+38",0
2026 02 19 09:31:39:833,-3.9675,-6.78875,"0,28",10,0,0,-3,"52,3529","3,402823466385289e+38","-3,9062"
2026 02 19 09:31:39:835,-3.9675,-6.78875,"0,28",10,0,0,-3,"52,3529","3,402823466385289e+38",0
2026 02 19 09:31:39:837,-3.9675,-6.87625,"0,28",10,0,0,-3,"52,3529","3,402823466385289e+38",0
2026 02 19 09:31:39:839,-3.9675,-6.78875,"0,28",10,0,0,-3,"52,3529","3,402823466385289e+38","-3,9062"
2026 02 19 09:31:39:841,-3.9675,-6.78875,"0,28",10,0,0,-3,"52,3529","3,402823466385289e+38","27,3438"
2026 02 19 09:31:39:843,-3.9985,-6.70125,"0,28",10,0,0,-3,"52,3529","3,402823466385289e+38","3,9063"
2026 02 19 09:31:39:845,-3.9334,-6.78875,"0,28",10,0,0,-3,"52,3529","3,402823466385289e+38","-3,9062"
2026 02 19 09:31:39:847,-3.9675,-6.78875,"0,28",10,0,0,-3,"52,3529","3,402823466385289e+38","-27,3437"
2026 02 19 09:31:39:849,-3.9675,-6.78875,"0,28",10,0,0,-3,"52,3529","3,402823466385289e+38","-15,625"
2026 02 19 09:31:39:851,-3.9675,-6.78875,"0,28",10,0,0,-3,"52,3529","3,402823466385289e+38","-3,9062"
2026 02 19 09:31:39:853,-3.9675,-6.78875,"0,28",10,0,0,-3,"52,3529","3,402823466385289e+38","-3,9062"
2026 02 19 09:31:39:855,-3.9675,-6.78875,"0,28",10,0,0,-3,"52,3529","3,402823466385289e+38","-3,9062"
2026 02 19 09:31:39:857,-3.9675,-6.70125,"0,28",10,0,0,-3,"52,3529","3,402823466385289e+38","-3,9062"
2026 02 19 09:31:39:859,-3.9675,-6.78875,"0,28",10,0,0,-3,"52,3529","3,402823466385289e+38","-7,8125"
2026 02 19 09:31:39:861,-3.9675,-6.78875,"0,28",10,0,0,-3,"52,3529","3,402823466385289e+38","23,4375"
2026 02 19 09:31:39:863,-3.9675,-6.78875,"0,28",10,0,0,-3,"52,3529","3,402823466385289e+38","7,8125"
2026 02 19 09:31:39:865,-3.9985,-6.78875,"0,28",10,0,0,-3,"52,3529","3,402823466385289e+38","-3,9062"
2026 02 19 09:31:39:867,-3.9675,-6.78875,"0,28",10,0,0,-3,"52,3529","3,402823466385289e+38","-23,4375"
2026 02 19 09:31:39:869,-3.9675,-6.78875,"0,28",10,0,0,-3,"52,3529","3,402823466385289e+38","-15,625"
2026 02 19 09:31:39:871,-3.9675,-6.78875,"0,28",10,0,0,-3,"52,3529","3,402823466385289e+38",0
2026 02 19 09:31:39:873,-3.9675,-6.87625,"0,28",10,0,0,-3,"52,3529","3,402823466385289e+38",0
2026 02 19 09:31:39:875,-3.9985,-6.78875,"0,28",10,0,0,-3,"52,3529","3,402823466385289e+38",0
2026 02 19 09:31:39:877,-3.9675,-6.78875,"0,28",10,0,0,-3,"52,3529","3,402823466385289e+38","-3,9062"
2026 02 19 09:31:39:879,-3.9675,-6.78875,"0,28",10,0,0,-3,"52,3529","3,402823466385289e+38","-3,9062"
2026 02 19 09:31:39:881,-3.9334,-6.78875,"0,28",10,0,0,-3,"52,3529","3,402823466385289e+38","27,3438"
2026 02 19 09:31:39:883,-3.9675,-6.78875,"0,28",10,0,0,-3,"52,3529","3,402823466385289e+38",0
2026 02 19 09:31:39:885,-3.9675,-6.87625,"0,28",10,0,0,-3,"52,3529","3,402823466385289e+38","-3,9062"
2026 02 19 09:31:39:887,-3.9675,-6.78875,"0,28",10,0,0,-3,"52,3529","3,402823466385289e+38","-19,5312"
2026 02 19 09:31:39:889,-3.9675,-6.78875,"0,28",10,0,0,-3,"52,3529","3,402823466385289e+38","-15,625"
2026 02 19 09:31:39:891,-3.9675,-6.78875,"0,28",10,0,0,-3,"52,3529","3,402823466385289e+38","-3,9062"
2026 02 19 09:31:39:893,-3.9675,-6.78875,"0,28",10,0,0,-3,"52,3529","3,402823466385289e+38","-3,9062"
2026 02 19 09:31:39:895,-3.9675,-6.78875,"0,28",10,0,0,-3,"52,3529","3,402823466385289e+38","-3,9062"
2026 02 19 09:31:39:897,-3.9985,-6.70125,"0,28",10,0,0,-3,"52,3529","3,402823466385289e+38","-3,9062"
2026 02 19 09:31:39:899,-3.9675,-6.70125,"0,28",10,0,0,-3,"52,3529","3,402823466385289e+38","-3,9062"
2026 02 19 09:31:39:901,-3.9334,-6.78875,"0,28",10,0,0,-3,"52,3529","3,402823466385289e+38","27,3438"
2026 02 19 09:31:39:903,-3.9675,-6.78875,"0,28",10,0,0,-3,"52,3529","3,402823466385289e+38","7,8125"
2026 02 19 09:31:39:905,-3.9334,-6.78875,"0,28",10,0,0,-3,"52,3529","3,402823466385289e+38","-3,9062"
2026 02 19 09:31:39:907,-3.9675,-6.78875,"0,28",10,0,0,-3,"52,3529","3,402823466385289e+38","-19,5312"
2026 02 19 09:31:39:909,-3.9675,-6.70125,"0,28",10,0,0,-3,"52,3529","3,402823466385289e+38","-19,5312"
2026 02 19 09:31:39:911,-3.9675,-6.87625,"0,28",10,0,0,-3,"52,3529","3,402823466385289e+38","-3,9062"
2026 02 19 09:31:39:913,-3.9675,-6.87625,"0,28",10,0,0,-3,"52,3529","3,402823466385289e+38","-3,9062"
2026 02 19 09:31:39:915,-3.9985,-6.78875,"0,28",10,0,0,-3,"52,3529","3,402823466385289e+38",0
2026 02 19 09:31:39:917,-3.9675,-6.78875,"0,28",10,0,0,-3,"52,3529","3,402823466385289e+38",0
2026 02 19 09:31:39:919,-3.9334,-6.70125,"0,28",10,0,0,-3,"52,3529","3,402823466385289e+38","-3,9062"
2026 02 19 09:31:39:921,-3.9675,-6.78875,"0,28",10,0,0,-3,"52,3529","3,402823466385289e+38","35,1563"
2026 02 19 09:31:39:923,-3.9985,-6.87625,"0,28",10,0,0,-3,"52,3529","3,402823466385289e+38","3,9063"
2026 02 19 09:31:39:925,-3.9985,-6.78875,"0,28",10,0,0,-3,"52,3529","3,402823466385289e+38","-3,9062"
2026 02 19 09:31:39:927,-3.9675,-6.78875,"0,28",10,0,0,-3,"52,3529","3,402823466385289e+38","-19,5312"
2026 02 19 09:31:39:929,-3.9334,-6.78875,"0,28",10,0,0,-3,"52,3529","3,402823466385289e+38","-15,625"
2026 02 19 09:31:39:931,-3.9985,-6.78875,"0,28",10,0,0,-3,"52,3529","3,402823466385289e+38",0
2026 02 19 09:31:39:933,-3.9675,-6.78875,"0,28",10,0,0,-3,"52,3529","3,402823466385289e+38","-3,9062"
2026 02 19 09:31:39:935,-3.9675,-6.78875,"0,28",10,0,0,-3,"52,3529","3,402823466385289e+38","-3,9062"
2026 02 19 09:31:39:937,-3.9334,-6.87625,"0,28",10,0,0,-3,"52,3529","3,402823466385289e+38","-3,9062"
2026 02 19 09:31:39:939,-3.9675,-6.78875,"0,28",10,0,0,-3,"52,3529","3,402823466385289e+38","-3,9062"
2026 02 19 09:31:39:941,-3.9985,-6.78875,"0,28",10,0,0,-3,"52,3529","3,402823466385289e+38","31,25"
2026 02 19 09:31:39:943,-3.9675,-6.78875,"0,28",10,0,0,-3,"52,3529","3,402823466385289e+38","7,8125"
2026 02 19 09:31:39:945,-3.9985,-6.78875,"0,28",10,0,0,-3,"52,3529","3,402823466385289e+38","-7,8125"
2026 02 19 09:31:39:947,-3.9675,-6.78875,"0,28",10,0,0,-3,"52,3529","3,402823466385289e+38","-23,4375"
2026 02 19 09:31:39:949,-3.9985,-6.78875,"0,28",10,0,0,-3,"52,3529","3,402823466385289e+38","-15,625"
2026 02 19 09:31:39:951,-3.9675,-6.78875,"0,28",10,0,0,-3,"52,3529","3,402823466385289e+38","-3,9062"
2026 02 19 09:31:39:953,-3.9675,-6.70125,"0,28",10,0,0,-3,"52,3529","3,402823466385289e+38","-3,9062"
2026 02 19 09:31:39:955,-3.9675,-6.78875,"0,28",10,0,0,-3,"52,3529","3,402823466385289e+38","-3,9062"
2026 02 19 09:31:39:957,-3.9675,-6.78875,"0,28",10,0,0,-3,"52,3529","3,402823466385289e+38","-3,9062"
2026 02 19 09:31:39:959,-3.9985,-6.87625,"0,28",10,0,0,-3,"52,3529","3,402823466385289e+38","-3,9062"
2026 02 19 09:31:39:961,-3.9985,-6.87625,"0,28",10,0,0,-3,"52,3529","3,402823466385289e+38","31,25"
2026 02 19 09:31:39:963,-3.9334,-6.87625,"0,28",10,0,0,-3,"52,3529","3,402823466385289e+38","3,9063"
2026 02 19 09:31:39:965,-3.9675,-6.70125,"0,28",10,0,0,-3,"52,3529","3,402823466385289e+38","-3,9062"
2026 02 19 09:31:39:967,-3.9675,-6.78875,"0,28",10,0,0,-3,"52,3529","3,402823466385289e+38","-19,5312"
2026 02 19 09:31:39:969,-3.9334,-6.78875,"0,28",10,0,0,-3,"52,3529","3,402823466385289e+38","-7,8125"
2026 02 19 09:31:39:971,-3.9334,-6.87625,"0,28",10,0,0,-3,"52,3529","3,402823466385289e+38","-3,9062"
2026 02 19 09:31:39:973,-3.9675,-6.78875,"0,28",10,0,0,-3,"52,3529","3,402823466385289e+38","-3,9062"
2026 02 19 09:31:39:975,-3.9985,-6.78875,"0,28",10,0,0,-3,"52,3529","3,402823466385289e+38",0
2026 02 19 09:31:39:977,-3.9675,-6.78875,"0,28",10,0,0,-3,"52,3529","3,402823466385289e+38",0
2026 02 19 09:31:39:979,-3.9675,-6.78875,"0,28",10,0,0,-3,"52,3529","3,402823466385289e+38",0
2026 02 19 09:31:39:981,-3.9675,-6.78875,"0,28",10,0,0,-3,"52,3529","3,402823466385289e+38","31,25"
2026 02 19 09:31:39:983,-3.9675,-6.78875,"0,28",10,0,0,-3,"52,3529","3,402823466385289e+38","7,8125"
2026 02 19 09:31:39:985,-3.9985,-6.87625,"0,28",10,0,0,-3,"52,3529","3,402823466385289e+38","-3,9062"
2026 02 19 09:31:39:987,-3.9675,-6.70125,"0,28",10,0,0,-3,"52,3529","3,402823466385289e+38","-19,5312"
2026 02 19 09:31:39:989,-3.9985,-6.70125,"0,281",10,0,0,-3,"50,7355","3,402823466385289e+38","-15,625"
2026 02 19 09:31:39:991,-3.9985,-6.70125,"0,281",10,0,0,-3,"50,7355","3,402823466385289e+38",0
2026 02 19 09:31:39:993,-3.9675,-6.78875,"0,281",10,0,0,-3,"50,7355","3,402823466385289e+38",0
2026 02 19 09:31:39:995,-3.9675,-6.78875,"0,281",10,0,0,-3,"50,7355","3,402823466385289e+38","-3,9062"
2026 02 19 09:31:39:997,-3.9985,-6.78875,"0,281",10,0,0,-3,"50,7355","3,402823466385289e+38","-3,9062"
2026 02 19 09:31:39:999,-3.9675,-6.78875,"0,281",10,0,0,-3,"50,7355","3,402823466385289e+38",0
2026 02 19 09:31:40:001,-3.9675,-6.87625,"0,281",10,0,0,-3,"50,7355","3,402823466385289e+38","31,25"
2026 02 19 09:31:40:003,-3.9675,-6.78875,"0,281",10,0,0,-3,"50,7355","3,402823466385289e+38",0
2026 02 19 09:31:40:005,-3.9675,-6.70125,"0,281",10,0,0,-3,"50,7355","3,402823466385289e+38",0
2026 02 19 09:31:40:007,-3.9334,-6.78875,"0,281",10,0,0,-3,"50,7355","3,402823466385289e+38","-23,4375"
2026 02 19 09:31:40:009,-3.9675,-6.70125,"0,281",10,0,0,-3,"50,7355","3,402823466385289e+38","-7,8125"
2026 02 19 09:31:40:011,-3.9985,-6.78875,"0,281",10,0,0,-3,"50,7355","3,402823466385289e+38","-3,9062"
2026 02 19 09:31:40:013,-3.9985,-6.78875,"0,281",10,0,0,-3,"50,7355","3,402823466385289e+38","-3,9062"
2026 02 19 09:31:40:015,-3.9334,-6.70125,"0,281",10,0,0,-3,"50,7355","3,402823466385289e+38",0
2026 02 19 09:31:40:017,-3.9675,-6.87625,"0,281",10,0,0,-3,"50,7355","3,402823466385289e+38",0
2026 02 19 09:31:40:019,-3.9675,-6.87625,"0,281",10,0,0,-3,"50,7355","3,402823466385289e+38",0
2026 02 19 09:31:40:021,-3.9675,-6.78875,"0,281",10,0,0,-3,"50,7355","3,402823466385289e+38","31,25"
2026 02 19 09:31:40:023,-3.9675,-6.78875,"0,281",10,0,0,-3,"50,7355","3,402823466385289e+38","7,8125"
2026 02 19 09:31:40:025,-3.9675,-6.78875,"0,281",10,0,0,-3,"50,7355","3,402823466385289e+38","-3,9062"
2026 02 19 09:31:40:027,-3.9334,-6.78875,"0,281",10,0,0,-3,"50,7355","3,402823466385289e+38","-19,5312"
2026 02 19 09:31:40:029,-3.9675,-6.87625,"0,281",10,0,0,-3,"50,7355","3,402823466385289e+38","-11,7187"
2026 02 19 09:31:40:031,-3.9675,-6.78875,"0,281",10,0,0,-3,"50,7355","3,402823466385289e+38","-3,9062"
2026 02 19 09:31:40:033,-3.9334,-6.78875,"0,281",10,0,0,-3,"50,7355","3,402823466385289e+38",0
2026 02 19 09:31:40:035,-3.9675,-6.78875,"0,281",10,0,0,-3,"50,7355","3,402823466385289e+38",0
2026 02 19 09:31:40:037,-3.9675,-6.78875,"0,281",10,0,0,-3,"50,7355","3,402823466385289e+38",0
2026 02 19 09:31:40:039,-3.9334,-6.70125,"0,281",10,0,0,-3,"50,7355","3,402823466385289e+38","-3,9062"
2026 02 19 09:31:40:041,-3.9985,-6.78875,"0,281",10,0,0,-3,"50,7355","3,402823466385289e+38","31,25"
2026 02 19 09:31:40:043,-3.9675,-6.78875,"0,281",10,0,0,-3,"50,7355","3,402823466385289e+38","3,9063"
2026 02 19 09:31:40:045,-3.9985,-6.70125,"0,281",10,0,0,-3,"50,7355","3,402823466385289e+38","-3,9062"
2026 02 19 09:31:40:047,-3.9985,-6.70125,"0,281",10,0,0,-3,"50,7355","3,402823466385289e+38","-19,5312"
2026 02 19 09:31:40:049,-3.9675,-6.70125,"0,281",10,0,0,-3,"50,7355","3,402823466385289e+38","-15,625"
2026 02 19 09:31:40:051,-3.9334,-6.78875,"0,281",10,0,0,-3,"50,7355","3,402823466385289e+38","-3,9062"
2026 02 19 09:31:40:053,-3.9675,-6.78875,"0,281",10,0,0,-3,"50,7355","3,402823466385289e+38",0
2026 02 19 09:31:40:055,-3.9985,-6.87625,"0,281",10,0,0,-3,"50,7355","3,402823466385289e+38",0
2026 02 19 09:31:40:057,-3.9985,-6.87625,"0,281",10,0,0,-3,"50,7355","3,402823466385289e+38",0
2026 02 19 09:31:40:059,-3.9675,-6.78875,"0,281",10,0,0,-3,"50,7355","3,402823466385289e+38",0
2026 02 19 09:31:40:061,-3.9675,-6.78875,"0,281",10,0,0,-3,"50,7355","3,402823466385289e+38","31,25"
2026 02 19 09:31:40:063,-3.9675,-6.70125,"0,281",10,0,0,-3,"50,7355","3,402823466385289e+38","7,8125"
2026 02 19 09:31:40:065,-3.9675,-6.78875,"0,281",10,0,0,-3,"50,7355","3,402823466385289e+38",0
2026 02 19 09:31:40:067,-3.9334,-6.78875,"0,281",10,0,0,-3,"50,7355","3,402823466385289e+38","-15,625"
2026 02 19 09:31:40:069,-3.9334,-6.70125,"0,281",10,0,0,-3,"50,7355","3,402823466385289e+38","-19,5312"
2026 02 19 09:31:40:071,-3.9675,-6.87625,"0,281",10,0,0,-3,"50,7355","3,402823466385289e+38",0
2026 02 19 09:31:40:073,-3.9985,-6.70125,"0,281",10,0,0,-3,"50,7355","3,402823466385289e+38","-3,9062"
2026 02 19 09:31:40:075,-3.9675,-6.78875,"0,281",10,0,0,-3,"50,7355","3,402823466385289e+38","-3,9062"
2026 02 19 09:31:40:077,-3.9985,-6.78875,"0,281",10,0,0,-3,"50,7355","3,402823466385289e+38",0
2026 02 19 09:31:40:079,-3.9985,-6.78875,"0,281",10,0,0,-3,"50,7355","3,402823466385289e+38",0
2026 02 19 09:31:40:081,-3.9985,-6.78875,"0,281",10,0,0,-3,"50,7355","3,402823466385289e+38","39,0625"
2026 02 19 09:31:40:083,-3.9675,-6.78875,"0,281",10,0,0,-3,"50,7355","3,402823466385289e+38","3,9063"
2026 02 19 09:31:40:085,-3.9675,-6.78875,"0,281",10,0,0,-3,"50,7355","3,402823466385289e+38","-3,9062"
2026 02 19 09:31:40:087,-3.9985,-6.78875,"0,281",10,0,0,-3,"50,7355","3,402823466385289e+38","-23,4375"
2026 02 19 09:31:40:089,-3.9675,-6.87625,"0,281",10,0,0,-3,"50,7355","3,402823466385289e+38","-15,625"
2026 02 19 09:31:40:091,-3.9675,-6.78875,"0,281",10,0,0,-3,"50,7355","3,402823466385289e+38",0
2026 02 19 09:31:40:093,-3.9334,-6.78875,"0,281",10,0,0,-3,"50,7355","3,402823466385289e+38","-3,9062"
2026 02 19 09:31:40:095,-3.9334,-6.78875,"0,281",10,0,0,-3,"50,7355","3,402823466385289e+38",0
2026 02 19 09:31:40:097,-3.9675,-6.78875,"0,281",10,0,0,-3,"50,7355","3,402823466385289e+38","-3,9062"
2026 02 19 09:31:40:099,-3.9334,-6.78875,"0,281",10,0,0,-3,"50,7355","3,402823466385289e+38","-3,9062"
2026 02 19 09:31:40:101,-3.9334,-6.78875,"0,281",10,0,0,-3,"50,7355","3,402823466385289e+38","31,25"
2026 02 19 09:31:40:103,-3.9675,-6.78875,"0,281",10,0,0,-3,"50,7355","3,402823466385289e+38","7,8125"
2026 02 19 09:31:40:105,-3.9985,-6.70125,"0,281",10,0,0,-3,"50,7355","3,402823466385289e+38","-3,9062"
2026 02 19 09:31:40:107,-3.9675,-6.87625,"0,281",10,0,0,-3,"50,7355","3,402823466385289e+38","-19,5312"
2026 02 19 09:31:40:109,-3.9675,-6.87625,"0,281",10,0,0,-3,"50,7355","3,402823466385289e+38","-15,625"
2026 02 19 09:31:40:111,-3.9675,-6.78875,"0,281",10,0,0,-3,"50,7355","3,402823466385289e+38","-3,9062"
2026 02 19 09:31:40:113,-3.9675,-6.87625,"0,281",10,0,0,-3,"50,7355","3,402823466385289e+38","-3,9062"
2026 02 19 09:31:40:115,-3.9675,-6.78875,"0,281",10,0,0,-3,"50,7355","3,402823466385289e+38",0
2026 02 19 09:31:40:117,-3.9985,-6.78875,"0,281",10,0,0,-3,"50,7355","3,402823466385289e+38",0
2026 02 19 09:31:40:119,-3.9675,-6.78875,"0,281",10,0,0,-3,"50,7355","3,402823466385289e+38","-3,9062"
2026 02 19 09:31:40:121,-3.9675,-6.78875,"0,281",10,0,0,-3,"50,7355","3,402823466385289e+38","35,1563"
2026 02 19 09:31:40:123,-3.9675,-6.78875,"0,281",10,0,0,-3,"50,7355","3,402823466385289e+38","3,9063"
2026 02 19 09:31:40:125,-3.9675,-6.78875,"0,281",10,0,0,-3,"50,7355","3,402823466385289e+38","-3,9062"
2026 02 19 09:31:40:127,-3.9675,-6.78875,"0,281",10,0,0,-3,"50,7355","3,402823466385289e+38","-27,3437"
2026 02 19 09:31:40:129,-3.9675,-6.87625,"0,281",10,0,0,-3,"50,7355","3,402823466385289e+38","-7,8125"
2026 02 19 09:31:40:131,-3.9675,-6.87625,"0,281",10,0,0,-3,"50,7355","3,402823466385289e+38",0
2026 02 19 09:31:40:133,-3.9675,-6.78875,"0,281",10,0,0,-3,"50,7355","3,402823466385289e+38","-3,9062"
2026 02 19 09:31:40:135,-3.9675,-6.78875,"0,281",10,0,0,-3,"50,7355","3,402823466385289e+38",0
2026 02 19 09:31:40:137,-3.9675,-6.78875,"0,281",10,0,0,-3,"50,7355","3,402823466385289e+38","-3,9062"
2026 02 19 09:31:40:139,-3.9675,-6.78875,"0,281",10,0,0,-3,"50,7355","3,402823466385289e+38",0
2026 02 19 09:31:40:141,-3.9675,-6.70125,"0,281",10,0,0,-3,"50,7355","3,402823466385289e+38","31,25"
2026 02 19 09:31:40:143,-3.9675,-6.78875,"0,281",10,0,0,-3,"50,7355","3,402823466385289e+38","3,9063"
2026 02 19 09:31:40:145,-3.9675,-6.78875,"0,281",10,0,0,-3,"50,7355","3,402823466385289e+38","-3,9062"
2026 02 19 09:31:40:147,-3.9985,-6.78875,"0,281",10,0,0,-3,"50,7355","3,402823466385289e+38","-19,5312"
2026 02 19 09:31:40:149,-3.9675,-6.78875,"0,281",10,0,0,-3,"50,7355","3,402823466385289e+38","-15,625"
2026 02 19 09:31:40:151,-3.9675,-6.78875,"0,281",10,0,0,-3,"50,7355","3,402823466385289e+38","-3,9062"
2026 02 19 09:31:40:153,-3.9675,-6.78875,"0,281",10,0,0,-3,"50,7355","3,402823466385289e+38","-3,9062"
2026 02 19 09:31:40:155,-3.9675,-6.78875,"0,281",10,0,0,-3,"50,7355","3,402823466385289e+38","-3,9062"
2026 02 19 09:31:40:157,-3.9675,-6.78875,"0,281",10,0,0,-3,"50,7355","3,402823466385289e+38","-3,9062"
2026 02 19 09:31:40:159,-3.9675,-6.78875,"0,281",10,0,0,-3,"50,7355","3,402823466385289e+38","-3,9062"
2026 02 19 09:31:40:161,-3.9675,-6.78875,"0,281",10,0,0,-3,"50,7355","3,402823466385289e+38","35,1563"
2026 02 19 09:31:40:163,-3.9675,-6.87625,"0,281",10,0,0,-3,"50,7355","3,402823466385289e+38","3,9063"
2026 02 19 09:31:40:165,-3.9985,-6.78875,"0,281",10,0,0,-3,"50,7355","3,402823466385289e+38","-3,9062"
2026 02 19 09:31:40:167,-3.9675,-6.78875,"0,281",10,0,0,-3,"50,7355","3,402823466385289e+38","-23,4375"
2026 02 19 09:31:40:169,-3.9675,-6.78875,"0,281",10,0,0,-3,"50,7355","3,402823466385289e+38","-7,8125"
2026 02 19 09:31:40:171,-3.9675,-6.87625,"0,281",10,0,0,-3,"50,7355","3,402823466385289e+38","-3,9062"
2026 02 19 09:31:40:173,-3.9675,-6.78875,"0,281",10,0,0,-3,"50,7355","3,402823466385289e+38","-3,9062"
2026 02 19 09:31:40:175,-3.9675,-6.78875,"0,281",10,0,0,-3,"50,7355","3,402823466385289e+38","-3,9062"
2026 02 19 09:31:40:177,-3.9675,-6.78875,"0,281",10,0,0,-3,"50,7355","3,402823466385289e+38",0
2026 02 19 09:31:40:179,-3.9675,-6.87625,"0,281",10,0,0,-3,"50,7355","3,402823466385289e+38","-3,9062"
2026 02 19 09:31:40:181,-3.9675,-6.87625,"0,281",10,0,0,-3,"50,7355","3,402823466385289e+38","31,25"
2026 02 19 09:31:40:183,-3.9675,-6.78875,"0,281",10,0,0,-3,"50,7355","3,402823466385289e+38","7,8125"
2026 02 19 09:31:40:185,-3.9675,-6.78875,"0,281",10,0,0,-3,"50,7355","3,402823466385289e+38","-3,9062"
2026 02 19 09:31:40:187,-3.9675,-6.78875,"0,281",10,0,0,-3,"50,7355","3,402823466385289e+38","-23,4375"
2026 02 19 09:31:40:189,-3.9675,-6.78875,"0,281",10,0,0,-3,"50,7355","3,402823466385289e+38","-15,625"
2026 02 19 09:31:40:191,-3.9985,-6.78875,"0,281",10,0,0,-3,"50,7355","3,402823466385289e+38","-3,9062"
2026 02 19 09:31:40:193,-3.9675,-6.78875,"0,281",10,0,0,-3,"50,7355","3,402823466385289e+38","-3,9062"
2026 02 19 09:31:40:195,-3.9985,-6.87625,"0,281",10,0,0,-3,"50,7355","3,402823466385289e+38","-3,9062"
2026 02 19 09:31:40:197,-3.9675,-6.78875,"0,281",10,0,0,-3,"50,7355","3,402823466385289e+38","-3,9062"
2026 02 19 09:31:40:199,-3.9985,-6.78875,"0,281",10,0,0,-3,"50,7355","3,402823466385289e+38","-3,9062"
2026 02 19 09:31:40:201,-3.9334,-6.78875,"0,281",10,0,0,-3,"50,7355","3,402823466385289e+38","35,1563"
2026 02 19 09:31:40:203,-3.9985,-6.78875,"0,281",10,0,0,-3,"50,7355","3,402823466385289e+38","7,8125"
2026 02 19 09:31:40:205,-3.9675,-6.78875,"0,281",10,0,0,-3,"50,7355","3,402823466385289e+38","-3,9062"
2026 02 19 09:31:40:207,-3.9675,-6.78875,"0,281",10,0,0,-3,"50,7355","3,402823466385289e+38","-23,4375"
2026 02 19 09:31:40:209,-3.9985,-6.78875,"0,281",10,0,0,-3,"50,7355","3,402823466385289e+38","-11,7187"
2026 02 19 09:31:40:211,-3.9675,-6.78875,"0,281",10,0,0,-3,"50,7355","3,402823466385289e+38",0
2026 02 19 09:31:40:213,-3.9334,-6.78875,"0,281",10,0,0,-3,"50,7355","3,402823466385289e+38","-3,9062"
2026 02 19 09:31:40:215,-3.9675,-6.78875,"0,281",10,0,0,-3,"50,7355","3,402823466385289e+38","-3,9062"
2026 02 19 09:31:40:217,-3.9675,-6.78875,"0,281",10,0,0,-3,"50,7355","3,402823466385289e+38",0
2026 02 19 09:31:40:219,-3.9675,-6.78875,"0,281",10,0,0,-3,"50,7355","3,402823466385289e+38","-3,9062"
2026 02 19 09:31:40:221,-3.9675,-6.70125,"0,281",10,0,0,-3,"50,7355","3,402823466385289e+38","35,1563"
2026 02 19 09:31:40:223,-3.9675,-6.78875,"0,281",10,0,0,-3,"50,7355","3,402823466385289e+38","7,8125"
2026 02 19 09:31:40:225,-3.9675,-6.87625,"0,281",10,0,0,-3,"50,7355","3,402823466385289e+38","-3,9062"
2026 02 19 09:31:40:227,-3.9675,-6.87625,"0,281",10,0,0,-3,"50,7355","3,402823466385289e+38","-15,625"
2026 02 19 09:31:40:229,-3.9985,-6.78875,"0,281",10,0,0,-3,"50,7355","3,402823466385289e+38","-7,8125"
2026 02 19 09:31:40:231,-3.9675,-6.87625,"0,281",10,0,0,-3,"50,7355","3,402823466385289e+38","-3,9062"
2026 02 19 09:31:40:233,-3.9675,-6.78875,"0,281",10,0,0,-3,"50,7355","3,402823466385289e+38","-3,9062"
2026 02 19 09:31:40:235,-3.9675,-6.78875,"0,281",10,0,0,-3,"50,7355","3,402823466385289e+38",0
2026 02 19 09:31:40:237,-3.9334,-6.78875,"0,281",10,0,0,-3,"50,7355","3,402823466385289e+38","-3,9062"
2026 02 19 09:31:40:239,-3.9334,-6.87625,"0,281",10,0,0,-3,"50,7355","3,402823466385289e+38","-3,9062"
2026 02 19 09:31:40:241,-3.9675,-6.87625,"0,281",10,0,0,-3,"50,7355","3,402823466385289e+38","35,1563"
2026 02 19 09:31:40:243,-3.9675,-6.78875,"0,281",10,0,0,-3,"50,7355","3,402823466385289e+38","7,8125"
2026 02 19 09:31:40:245,-3.9675,-6.78875,"0,281",10,0,0,-3,"50,7355","3,402823466385289e+38","-7,8125"
2026 02 19 09:31:40:247,-3.9675,-6.78875,"0,281",10,0,0,-3,"50,7355","3,402823466385289e+38","-23,4375"
2026 02 19 09:31:40:249,-3.9675,-6.78875,"0,281",10,0,0,-3,"50,7355","3,402823466385289e+38","-7,8125"
2026 02 19 09:31:40:251,-3.9675,-6.78875,"0,281",10,0,0,-3,"50,7355","3,402823466385289e+38",0
2026 02 19 09:31:40:253,-3.9675,-6.87625,"0,281",10,0,0,-3,"50,7355","3,402823466385289e+38",0
2026 02 19 09:31:40:255,-3.9334,-6.78875,"0,281",10,0,0,-3,"50,7355","3,402823466385289e+38","-3,9062"
2026 02 19 09:31:40:257,-3.9985,-6.78875,"0,281",10,0,0,-3,"50,7355","3,402823466385289e+38",0
2026 02 19 09:31:40:259,-3.9675,-6.78875,"0,281",10,0,0,-3,"50,7355","3,402823466385289e+38","-3,9062"
2026 02 19 09:31:40:261,-3.9675,-6.87625,"0,281",10,0,0,-3,"50,7355","3,402823466385289e+38","35,1563"
2026 02 19 09:31:40:263,-3.9675,-6.78875,"0,281",10,0,0,-3,"50,7355","3,402823466385289e+38","7,8125"
2026 02 19 09:31:40:265,-3.9675,-6.70125,"0,281",10,0,0,-3,"50,7355","3,402823466385289e+38","-3,9062"
2026 02 19 09:31:40:267,-3.9985,-6.78875,"0,281",10,0,0,-3,"50,7355","3,402823466385289e+38","-15,625"
2026 02 19 09:31:40:269,-3.9334,-6.78875,"0,281",10,0,0,-3,"50,7355","3,402823466385289e+38","-7,8125"
2026 02 19 09:31:40:271,-3.9675,-6.78875,"0,281",10,0,0,-3,"50,7355","3,402823466385289e+38","-3,9062"
2026 02 19 09:31:40:273,-3.9675,-6.78875,"0,281",10,0,0,-3,"50,7355","3,402823466385289e+38","-3,9062"
2026 02 19 09:31:40:275,-3.9675,-6.78875,"0,281",10,0,0,-3,"50,7355","3,402823466385289e+38",0
2026 02 19 09:31:40:277,-3.9675,-6.78875,"0,281",10,0,0,-3,"50,7355","3,402823466385289e+38",0
2026 02 19 09:31:40:279,-3.9675,-6.87625,"0,281",10,0,0,-3,"50,7355","3,402823466385289e+38","-3,9062"
2026 02 19 09:31:40:281,-3.9334,-6.78875,"0,281",10,0,0,-3,"50,7355","3,402823466385289e+38","31,25"
2026 02 19 09:31:40:283,-3.9675,-6.78875,"0,281",10,0,0,-3,"50,7355","3,402823466385289e+38","7,8125"
2026 02 19 09:31:40:285,-3.9985,-6.78875,"0,281",10,0,0,-3,"50,7355","3,402823466385289e+38","-7,8125"
2026 02 19 09:31:40:287,-3.9985,-6.78875,"0,281",10,0,0,-3,"50,7355","3,402823466385289e+38","-19,5312"
2026 02 19 09:31:40:289,-3.9675,-6.78875,"0,281",10,0,0,-3,"50,0946","3,402823466385289e+38","-11,7187"
2026 02 19 09:31:40:291,-3.9985,-6.78875,"0,281",10,0,0,-3,"50,0946","3,402823466385289e+38",0
2026 02 19 09:31:40:293,-3.9675,-6.78875,"0,281",10,0,0,-3,"50,0946","3,402823466385289e+38","-3,9062"
2026 02 19 09:31:40:295,-3.9675,-6.87625,"0,281",10,0,0,-3,"50,0946","3,402823466385289e+38","-3,9062"
2026 02 19 09:31:40:297,-3.9334,-6.78875,"0,281",10,0,0,-3,"50,0946","3,402823466385289e+38","-3,9062"
2026 02 19 09:31:40:299,-3.9675,-6.78875,"0,281",10,0,0,-3,"50,0946","3,402823466385289e+38",0
2026 02 19 09:31:40:301,-3.9675,-6.78875,"0,281",10,0,0,-3,"50,0946","3,402823466385289e+38","31,25"
2026 02 19 09:31:40:303,-3.9334,-6.78875,"0,281",10,0,0,-3,"50,0946","3,402823466385289e+38","7,8125"
2026 02 19 09:31:40:305,-3.9675,-6.78875,"0,281",10,0,0,-3,"50,0946","3,402823466385289e+38","-3,9062"
2026 02 19 09:31:40:307,-3.9675,-6.78875,"0,281",10,0,0,-3,"50,0946","3,402823466385289e+38","-19,5312"
2026 02 19 09:31:40:309,-3.9675,-6.78875,"0,281",10,0,0,-3,"50,0946","3,402823466385289e+38","-3,9062"
2026 02 19 09:31:40:311,-3.9675,-6.87625,"0,281",10,0,0,-3,"50,0946","3,402823466385289e+38",0
2026 02 19 09:31:40:313,-3.9675,-6.78875,"0,281",10,0,0,-3,"50,0946","3,402823466385289e+38",0
2026 02 19 09:31:40:315,-3.9675,-6.78875,"0,281",10,0,0,-3,"50,0946","3,402823466385289e+38",0
2026 02 19 09:31:40:317,-3.9675,-6.78875,"0,281",10,0,0,-3,"50,0946","3,402823466385289e+38","-3,9062"
2026 02 19 09:31:40:319,-3.9675,-6.78875,"0,281",10,0,0,-3,"50,0946","3,402823466385289e+38","-3,9062"
2026 02 19 09:31:40:321,-3.9675,-6.78875,"0,281",10,0,0,-3,"50,0946","3,402823466385289e+38","31,25"
2026 02 19 09:31:40:323,-3.9985,-6.78875,"0,281",10,0,0,-3,"50,0946","3,402823466385289e+38","7,8125"
2026 02 19 09:31:40:325,-3.9675,-6.78875,"0,281",10,0,0,-3,"50,0946","3,402823466385289e+38","-7,8125"
2026 02 19 09:31:40:327,-3.9675,-6.78875,"0,281",10,0,0,-3,"50,0946","3,402823466385289e+38","-19,5312"
2026 02 19 09:31:40:329,-3.9334,-6.87625,"0,281",10,0,0,-3,"50,0946","3,402823466385289e+38","-7,8125"
2026 02 19 09:31:40:331,-3.9675,-6.87625,"0,281",10,0,0,-3,"50,0946","3,402823466385289e+38","-3,9062"
2026 02 19 09:31:40:333,-3.9985,-6.78875,"0,281",10,0,0,-3,"50,0946","3,402823466385289e+38","-3,9062"
2026 02 19 09:31:40:335,-3.9985,-6.78875,"0,281",10,0,0,-3,"50,0946","3,402823466385289e+38","-3,9062"
2026 02 19 09:31:40:337,-3.9675,-6.78875,"0,281",10,0,0,-3,"50,0946","3,402823466385289e+38","-3,9062"
2026 02 19 09:31:40:339,-3.9675,-6.78875,"0,281",10,0,0,-3,"50,0946","3,402823466385289e+38","-3,9062"
2026 02 19 09:31:40:341,-3.9675,-6.78875,"0,281",10,0,0,-3,"50,0946","3,402823466385289e+38","35,1563"
2026 02 19 09:31:40:343,-3.9675,-6.70125,"0,281",10,0,0,-3,"50,0946","3,402823466385289e+38","3,9063"
2026 02 19 09:31:40:345,-3.9675,-6.61375,"0,281",10,0,0,-3,"50,0946","3,402823466385289e+38","-3,9062"
2026 02 19 09:31:40:347,-3.9675,-6.78875,"0,281",10,0,0,-3,"50,0946","3,402823466385289e+38","-19,5312"
2026 02 19 09:31:40:349,-3.9675,-6.78875,"0,281",10,0,0,-3,"50,0946","3,402823466385289e+38","-15,625"
2026 02 19 09:31:40:351,-3.9675,-6.78875,"0,281",10,0,0,-3,"50,0946","3,402823466385289e+38",0
2026 02 19 09:31:40:353,-3.9985,-6.78875,"0,281",10,0,0,-3,"50,0946","3,402823466385289e+38","-3,9062"
2026 02 19 09:31:40:355,-3.9675,-6.78875,"0,281",10,0,0,-3,"50,0946","3,402823466385289e+38",0
2026 02 19 09:31:40:357,-3.9334,-6.78875,"0,281",10,0,0,-3,"50,0946","3,402823466385289e+38","-3,9062"
2026 02 19 09:31:40:359,-3.9675,-6.78875,"0,281",10,0,0,-3,"50,0946","3,402823466385289e+38",0
2026 02 19 09:31:40:361,-3.9675,-6.70125,"0,281",10,0,0,-3,"50,0946","3,402823466385289e+38","27,3438"
2026 02 19 09:31:40:363,-3.9675,-6.87625,"0,281",10,0,0,-3,"50,0946","3,402823466385289e+38","7,8125"
2026 02 19 09:31:40:365,-3.9675,-6.78875,"0,281",10,0,0,-3,"50,0946","3,402823466385289e+38","-7,8125"
2026 02 19 09:31:40:367,-3.9675,-6.78875,"0,281",10,0,0,-3,"50,0946","3,402823466385289e+38","-19,5312"
2026 02 19 09:31:40:369,-3.9675,-6.78875,"0,281",10,0,0,-3,"50,0946","3,402823466385289e+38","-3,9062"
2026 02 19 09:31:40:371,-3.9985,-6.78875,"0,281",10,0,0,-3,"50,0946","3,402823466385289e+38",0
2026 02 19 09:31:40:373,-3.9985,-6.78875,"0,281",10,0,0,-3,"50,0946","3,402823466385289e+38","-3,9062"
2026 02 19 09:31:40:375,-3.9675,-6.78875,"0,281",10,0,0,-3,"50,0946","3,402823466385289e+38",0
2026 02 19 09:31:40:377,-3.9675,-6.87625,"0,281",10,0,0,-3,"50,0946","3,402823466385289e+38","-3,9062"
2026 02 19 09:31:40:379,-3.9675,-6.87625,"0,281",10,0,0,-3,"50,0946","3,402823466385289e+38",0
2026 02 19 09:31:40:381,-3.9985,-6.78875,"0,281",10,0,0,-3,"50,0946","3,402823466385289e+38","31,25"
2026 02 19 09:31:40:383,-3.9675,-6.87625,"0,281",10,0,0,-3,"50,0946","3,402823466385289e+38","7,8125"
2026 02 19 09:31:40:385,-3.9675,-6.78875,"0,281",10,0,0,-3,"50,0946","3,402823466385289e+38","-3,9062"
2026 02 19 09:31:40:387,-3.9675,-6.87625,"0,281",10,0,0,-3,"50,0946","3,402823466385289e+38","-15,625"
2026 02 19 09:31:40:389,-3.9985,-6.78875,"0,281",10,0,0,-3,"50,0946","3,402823466385289e+38","-11,7187"
2026 02 19 09:31:40:391,-3.9675,-6.78875,"0,281",10,0,0,-3,"50,0946","3,402823466385289e+38",0
2026 02 19 09:31:40:393,-3.9675,-6.78875,"0,281",10,0,0,-3,"50,0946","3,402823466385289e+38",0
2026 02 19 09:31:40:395,-3.9675,-6.78875,"0,281",10,0,0,-3,"50,0946","3,402823466385289e+38","-3,9062"
2026 02 19 09:31:40:397,-3.9675,-6.87625,"0,281",10,0,0,-3,"50,0946","3,402823466385289e+38","-3,9062"
2026 02 19 09:31:40:399,-3.9675,-6.78875,"0,281",10,0,0,-3,"50,0946","3,402823466385289e+38",0
2026 02 19 09:31:40:401,-3.9675,-6.78875,"0,281",10,0,0,-3,"50,0946","3,402823466385289e+38","23,4375"
2026 02 19 09:31:40:403,-3.9675,-6.70125,"0,281",10,0,0,-3,"50,0946","3,402823466385289e+38","3,9063"
2026 02 19 09:31:40:405,-3.9675,-6.78875,"0,281",10,0,0,-3,"50,0946","3,402823466385289e+38","-3,9062"
2026 02 19 09:31:40:407,-3.9675,-6.78875,"0,281",10,0,0,-3,"50,0946","3,402823466385289e+38","-19,5312"
2026 02 19 09:31:40:409,-3.9675,-6.78875,"0,281",10,0,0,-3,"50,0946","3,402823466385289e+38","-11,7187"
2026 02 19 09:31:40:411,-3.9985,-6.78875,"0,281",10,0,0,-3,"50,0946","3,402823466385289e+38",0
2026 02 19 09:31:40:413,-3.9985,-6.78875,"0,281",10,0,0,-3,"50,0946","3,402823466385289e+38",0
2026 02 19 09:31:40:415,-3.9675,-6.78875,"0,281",10,0,0,-3,"50,0946","3,402823466385289e+38",0
2026 02 19 09:31:40:417,-3.9334,-6.78875,"0,281",10,0,0,-3,"50,0946","3,402823466385289e+38","-3,9062"
2026 02 19 09:31:40:419,-3.9675,-6.87625,"0,281",10,0,0,-3,"50,0946","3,402823466385289e+38",0
2026 02 19 09:31:40:421,-3.9675,-6.78875,"0,281",10,0,0,-3,"50,0946","3,402823466385289e+38","31,25"
2026 02 19 09:31:40:423,-3.9985,-6.78875,"0,281",10,0,0,-3,"50,0946","3,402823466385289e+38","7,8125"
2026 02 19 09:31:40:425,-3.9334,-6.87625,"0,281",10,0,0,-3,"50,0946","3,402823466385289e+38","-3,9062"
2026 02 19 09:31:40:427,-3.9675,-6.87625,"0,281",10,0,0,-3,"50,0946","3,402823466385289e+38","-19,5312"
2026 02 19 09:31:40:429,-3.9985,-6.87625,"0,281",10,0,0,-3,"50,0946","3,402823466385289e+38","-7,8125"
2026 02 19 09:31:40:431,-3.9675,-6.78875,"0,281",10,0,0,-3,"50,0946","3,402823466385289e+38",0
2026 02 19 09:31:40:433,-3.9985,-6.78875,"0,281",10,0,0,-3,"50,0946","3,402823466385289e+38","-3,9062"
2026 02 19 09:31:40:435,-3.9675,-6.78875,"0,281",10,0,0,-3,"50,0946","3,402823466385289e+38",0
2026 02 19 09:31:40:437,-3.9675,-6.78875,"0,281",10,0,0,-3,"50,0946","3,402823466385289e+38","-3,9062"
2026 02 19 09:31:40:439,-3.9675,-6.78875,"0,281",10,0,0,-3,"50,0946","3,402823466385289e+38",0
2026 02 19 09:31:40:441,-3.9675,-6.78875,"0,281",10,0,0,-3,"50,0946","3,402823466385289e+38","23,4375"
2026 02 19 09:31:40:443,-3.9675,-6.78875,"0,281",10,0,0,-3,"50,0946","3,402823466385289e+38","3,9063"
2026 02 19 09:31:40:445,-3.9675,-6.78875,"0,281",10,0,0,-3,"50,0946","3,402823466385289e+38","-7,8125"
2026 02 19 09:31:40:447,-3.9675,-6.78875,"0,281",10,0,0,-3,"50,0946","3,402823466385289e+38","-19,5312"
2026 02 19 09:31:40:449,-3.9675,-6.78875,"0,281",10,0,0,-3,"50,0946","3,402823466385289e+38","-7,8125"
2026 02 19 09:31:40:451,-3.9675,-6.78875,"0,281",10,0,0,-3,"50,0946","3,402823466385289e+38","-3,9062"
2026 02 19 09:31:40:453,-3.9675,-6.78875,"0,281",10,0,0,-3,"50,0946","3,402823466385289e+38",0
2026 02 19 09:31:40:455,-3.9675,-6.78875,"0,281",10,0,0,-3,"50,0946","3,402823466385289e+38",0
2026 02 19 09:31:40:457,-3.9675,-6.78875,"0,281",10,0,0,-3,"50,0946","3,402823466385289e+38","-3,9062"
2026 02 19 09:31:40:459,-3.9675,-6.78875,"0,281",10,0,0,-3,"50,0946","3,402823466385289e+38","-3,9062"
2026 02 19 09:31:40:461,-3.9675,-6.78875,"0,281",10,0,0,-3,"50,0946","3,402823466385289e+38","31,25"
2026 02 19 09:31:40:463,-3.9985,-6.78875,"0,281",10,0,0,-3,"50,0946","3,402823466385289e+38","3,9063"
2026 02 19 09:31:40:465,-3.9675,-6.78875,"0,281",10,0,0,-3,"50,0946","3,402823466385289e+38","-3,9062"
2026 02 19 09:31:40:467,-3.9675,-6.78875,"0,281",10,0,0,-3,"50,0946","3,402823466385289e+38","-19,5312"
2026 02 19 09:31:40:469,-3.9675,-6.78875,"0,281",10,0,0,-3,"50,0946","3,402823466385289e+38","-7,8125"
2026 02 19 09:31:40:471,-3.9675,-6.87625,"0,281",10,0,0,-3,"50,0946","3,402823466385289e+38",0
2026 02 19 09:31:40:473,-3.9675,-6.78875,"0,281",10,0,0,-3,"50,0946","3,402823466385289e+38","-3,9062"
2026 02 19 09:31:40:475,-3.9985,-6.78875,"0,281",10,0,0,-3,"50,0946","3,402823466385289e+38",0
2026 02 19 09:31:40:477,-3.9675,-6.70125,"0,281",10,0,0,-3,"50,0946","3,402823466385289e+38","-3,9062"
2026 02 19 09:31:40:479,-3.9675,-6.78875,"0,281",10,0,0,-3,"50,0946","3,402823466385289e+38","-3,9062"
2026 02 19 09:31:40:481,-3.9675,-6.78875,"0,281",10,0,0,-3,"50,0946","3,402823466385289e+38","19,5313"
2026 02 19 09:31:40:483,-3.9334,-6.78875,"0,281",10,0,0,-3,"50,0946","3,402823466385289e+38","7,8125"
2026 02 19 09:31:40:485,-3.9675,-6.87625,"0,281",10,0,0,-3,"50,0946","3,402823466385289e+38","-7,8125"
2026 02 19 09:31:40:487,-3.9985,-6.87625,"0,281",10,0,0,-3,"50,0946","3,402823466385289e+38","-19,5312"
2026 02 19 09:31:40:489,-3.9675,-6.78875,"0,281",10,0,0,-3,"50,0946","3,402823466385289e+38","-7,8125"
2026 02 19 09:31:40:491,-3.9675,-6.78875,"0,281",10,0,0,-3,"50,0946","3,402823466385289e+38","-3,9062"
2026 02 19 09:31:40:493,-3.9675,-6.78875,"0,281",10,0,0,-3,"50,0946","3,402823466385289e+38","-3,9062"
2026 02 19 09:31:40:495,-3.9675,-6.78875,"0,281",10,0,0,-3,"50,0946","3,402823466385289e+38","-3,9062"
2026 02 19 09:31:40:497,-3.9675,-6.78875,"0,281",10,0,0,-3,"50,0946","3,402823466385289e+38","-3,9062"
2026 02 19 09:31:40:499,-3.9675,-6.78875,"0,281",10,0,0,-3,"50,0946","3,402823466385289e+38",0
2026 02 19 09:31:40:501,-3.9985,-6.78875,"0,281",10,0,0,-3,"50,0946","3,402823466385289e+38","27,3438"
2026 02 19 09:31:40:503,-3.9675,-6.78875,"0,281",10,0,0,-3,"50,0946","3,402823466385289e+38","3,9063"
2026 02 19 09:31:40:505,-3.9675,-6.78875,"0,281",10,0,0,-3,"50,0946","3,402823466385289e+38","-3,9062"
2026 02 19 09:31:40:507,-3.9334,-6.87625,"0,281",10,0,0,-3,"50,0946","3,402823466385289e+38","-19,5312"
2026 02 19 09:31:40:509,-3.9675,-6.78875,"0,281",10,0,0,-3,"50,0946","3,402823466385289e+38","-7,8125"
2026 02 19 09:31:40:511,-3.9334,-6.87625,"0,281",10,0,0,-3,"50,0946","3,402823466385289e+38","-3,9062"
2026 02 19 09:31:40:513,-3.9675,-6.78875,"0,281",10,0,0,-3,"50,0946","3,402823466385289e+38","-3,9062"
2026 02 19 09:31:40:515,-3.9334,-6.87625,"0,281",10,0,0,-3,"50,0946","3,402823466385289e+38",0
2026 02 19 09:31:40:517,-3.9675,-6.78875,"0,281",10,0,0,-3,"50,0946","3,402823466385289e+38","-3,9062"
2026 02 19 09:31:40:519,-3.9334,-6.78875,"0,281",10,0,0,-3,"50,0946","3,402823466385289e+38",0
2026 02 19 09:31:40:521,-3.9675,-6.78875,"0,281",10,0,0,-3,"50,0946","3,402823466385289e+38","23,4375"
2026 02 19 09:31:40:523,-3.9675,-6.78875,"0,281",10,0,0,-3,"50,0946","3,402823466385289e+38","7,8125"
2026 02 19 09:31:40:525,-3.9675,-6.78875,"0,281",10,0,0,-3,"50,0946","3,402823466385289e+38","-7,8125"
2026 02 19 09:31:40:527,-3.9675,-6.78875,"0,281",10,0,0,-3,"50,0946","3,402823466385289e+38","-19,5312"
2026 02 19 09:31:40:529,-3.9675,-6.78875,"0,281",10,0,0,-3,"50,0946","3,402823466385289e+38","-7,8125"
2026 02 19 09:31:40:531,-3.9334,-6.78875,"0,281",10,0,0,-3,"50,0946","3,402823466385289e+38",0
2026 02 19 09:31:40:533,-3.9675,-6.78875,"0,281",10,0,0,-3,"50,0946","3,402823466385289e+38","-3,9062"
2026 02 19 09:31:40:535,-3.9675,-6.70125,"0,281",10,0,0,-3,"50,0946","3,402823466385289e+38","-3,9062"
2026 02 19 09:31:40:537,-3.9675,-6.87625,"0,281",10,0,0,-3,"50,0946","3,402823466385289e+38","-3,9062"
2026 02 19 09:31:40:539,-3.9675,-6.78875,"0,281",10,0,0,-3,"50,0946","3,402823466385289e+38","-3,9062"
2026 02 19 09:31:40:541,-3.9675,-6.78875,"0,281",10,0,0,-3,"50,0946","3,402823466385289e+38","27,3438"
2026 02 19 09:31:40:543,-3.9985,-6.70125,"0,281",10,0,0,-3,"50,0946","3,402823466385289e+38","3,9063"
2026 02 19 09:31:40:545,-3.9675,-6.78875,"0,281",10,0,0,-3,"50,0946","3,402823466385289e+38","-3,9062"
2026 02 19 09:31:40:547,-3.9985,-6.87625,"0,281",10,0,0,-3,"50,0946","3,402823466385289e+38","-15,625"
2026 02 19 09:31:40:549,-3.9675,-6.87625,"0,281",10,0,0,-3,"50,0946","3,402823466385289e+38","-7,8125"
2026 02 19 09:31:40:551,-3.9675,-6.78875,"0,281",10,0,0,-3,"50,0946","3,402823466385289e+38","-3,9062"
2026 02 19 09:31:40:553,-3.9675,-6.78875,"0,281",10,0,0,-3,"50,0946","3,402823466385289e+38","-3,9062"
2026 02 19 09:31:40:555,-3.9675,-6.70125,"0,281",10,0,0,-3,"50,0946","3,402823466385289e+38",0
2026 02 19 09:31:40:557,-3.9675,-6.78875,"0,281",10,0,0,-3,"50,0946","3,402823466385289e+38",0
2026 02 19 09:31:40:559,-3.9675,-6.87625,"0,281",10,0,0,-3,"50,0946","3,402823466385289e+38",0
2026 02 19 09:31:40:561,-3.9985,-6.87625,"0,281",10,0,0,-3,"50,0946","3,402823466385289e+38","23,4375"
2026 02 19 09:31:40:563,-3.9985,-6.87625,"0,281",10,0,0,-3,"50,0946","3,402823466385289e+38","7,8125"
2026 02 19 09:31:40:565,-3.9985,-6.87625,"0,281",10,0,0,-3,"50,0946","3,402823466385289e+38","-3,9062"
2026 02 19 09:31:40:567,-3.9675,-6.78875,"0,281",10,0,0,-3,"50,0946","3,402823466385289e+38","-19,5312"
2026 02 19 09:31:40:569,-3.9675,-6.87625,"0,281",10,0,0,-3,"50,0946","3,402823466385289e+38","-7,8125"
2026 02 19 09:31:40:571,-3.9675,-6.78875,"0,281",10,0,0,-3,"50,0946","3,402823466385289e+38",0
2026 02 19 09:31:40:573,-3.9985,-6.78875,"0,281",10,0,0,-3,"50,0946","3,402823466385289e+38","-3,9062"
2026 02 19 09:31:40:575,-3.9675,-6.78875,"0,281",10,0,0,-3,"50,0946","3,402823466385289e+38",0
2026 02 19 09:31:40:577,-3.9675,-6.87625,"0,281",10,0,0,-3,"50,0946","3,402823466385289e+38","-3,9062"
2026 02 19 09:31:40:579,-3.9675,-6.78875,"0,281",10,0,0,-3,"50,0946","3,402823466385289e+38",0
2026 02 19 09:31:40:581,-3.9334,-6.78875,"0,281",10,0,0,-3,"50,0946","3,402823466385289e+38","27,3438"
2026 02 19 09:31:40:583,-3.9334,-6.78875,"0,281",10,0,0,-3,"50,0946","3,402823466385289e+38","7,8125"
2026 02 19 09:31:40:585,-3.9985,-6.87625,"0,281",10,0,0,-3,"50,0946","3,402823466385289e+38","-3,9062"
2026 02 19 09:31:40:587,-3.9675,-6.70125,"0,281",10,0,0,-3,"50,0946","3,402823466385289e+38","-19,5312"
2026 02 19 09:31:40:589,-3.9675,-6.78875,"0,281",10,0,0,-3,"50,0946","3,402823466385289e+38","-3,9062"
2026 02 19 09:31:40:591,-3.9675,-6.78875,"0,28",10,0,0,-3,"52,8107","3,402823466385289e+38",0
2026 02 19 09:31:40:593,-3.9675,-6.78875,"0,28",10,0,0,-3,"52,8107","3,402823466385289e+38",0
2026 02 19 09:31:40:595,-3.9334,-6.78875,"0,28",10,0,0,-3,"52,8107","3,402823466385289e+38",0
2026 02 19 09:31:40:597,-3.9675,-6.70125,"0,28",10,0,0,-3,"52,8107","3,402823466385289e+38","-3,9062"
2026 02 19 09:31:40:599,-3.9675,-6.78875,"0,28",10,0,0,-3,"52,8107","3,402823466385289e+38",0
2026 02 19 09:31:40:601,-3.9675,-6.70125,"0,28",10,0,0,-3,"52,8107","3,402823466385289e+38","19,5313"
2026 02 19 09:31:40:603,-3.9675,-6.78875,"0,28",10,0,0,-3,"52,8107","3,402823466385289e+38","7,8125"
2026 02 19 09:31:40:605,-3.9985,-6.87625,"0,28",10,0,0,-3,"52,8107","3,402823466385289e+38",0
2026 02 19 09:31:40:607,-3.9675,-6.87625,"0,28",10,0,0,-3,"52,8107","3,402823466385289e+38","-19,5312"
2026 02 19 09:31:40:609,-3.9675,-6.78875,"0,28",10,0,0,-3,"52,8107","3,402823466385289e+38","-3,9062"
2026 02 19 09:31:40:611,-3.9675,-6.78875,"0,28",10,0,0,-3,"52,8107","3,402823466385289e+38","-3,9062"
2026 02 19 09:31:40:613,-3.9675,-6.78875,"0,28",10,0,0,-3,"52,8107","3,402823466385289e+38",0
2026 02 19 09:31:40:615,-3.9675,-6.87625,"0,28",10,0,0,-3,"52,8107","3,402823466385289e+38",0
2026 02 19 09:31:40:617,-3.9675,-6.78875,"0,28",10,0,0,-3,"52,8107","3,402823466385289e+38",0
2026 02 19 09:31:40:619,-3.9675,-6.78875,"0,28",10,0,0,-3,"52,8107","3,402823466385289e+38","-3,9062"
2026 02 19 09:31:40:621,-3.9675,-6.78875,"0,28",10,0,0,-3,"52,8107","3,402823466385289e+38","27,3438"
2026 02 19 09:31:40:623,-3.9675,-6.87625,"0,28",10,0,0,-3,"52,8107","3,402823466385289e+38","7,8125"
2026 02 19 09:31:40:625,-3.9675,-6.87625,"0,28",10,0,0,-3,"52,8107","3,402823466385289e+38","-3,9062"
2026 02 19 09:31:40:627,-3.9985,-6.78875,"0,28",10,0,0,-3,"52,8107","3,402823466385289e+38","-19,5312"
2026 02 19 09:31:40:629,-3.9675,-6.78875,"0,28",10,0,0,-3,"52,8107","3,402823466385289e+38","-7,8125"
2026 02 19 09:31:40:631,-3.9334,-6.78875,"0,28",10,0,0,-3,"52,8107","3,402823466385289e+38","-3,9062"
2026 02 19 09:31:40:633,-3.9675,-6.70125,"0,28",10,0,0,-3,"52,8107","3,402823466385289e+38","-3,9062"
2026 02 19 09:31:40:635,-3.9675,-6.78875,"0,28",10,0,0,-3,"52,8107","3,402823466385289e+38",0
2026 02 19 09:31:40:637,-3.9985,-6.78875,"0,28",10,0,0,-3,"52,8107","3,402823466385289e+38","-3,9062"
2026 02 19 09:31:40:639,-3.9675,-6.78875,"0,28",10,0,0,-3,"52,8107","3,402823466385289e+38",0
2026 02 19 09:31:40:641,-3.9675,-6.78875,"0,28",10,0,0,-3,"52,8107","3,402823466385289e+38","19,5313"
2026 02 19 09:31:40:643,-3.9675,-6.70125,"0,28",10,0,0,-3,"52,8107","3,402823466385289e+38","7,8125"
2026 02 19 09:31:40:645,-3.9675,-6.78875,"0,28",10,0,0,-3,"52,8107","3,402823466385289e+38","-3,9062"
2026 02 19 09:31:40:647,-3.9675,-6.78875,"0,28",10,0,0,-3,"52,8107","3,402823466385289e+38","-19,5312"
2026 02 19 09:31:40:649,-3.9675,-6.78875,"0,28",10,0,0,-3,"52,8107","3,402823466385289e+38","-11,7187"
2026 02 19 09:31:40:651,-3.9675,-6.78875,"0,28",10,0,0,-3,"52,8107","3,402823466385289e+38","-3,9062"
2026 02 19 09:31:40:653,-3.9675,-6.78875,"0,28",10,0,0,-3,"52,8107","3,402823466385289e+38",0
2026 02 19 09:31:40:655,-3.9675,-6.78875,"0,28",10,0,0,-3,"52,8107","3,402823466385289e+38","-3,9062"
2026 02 19 09:31:40:657,-3.9675,-6.78875,"0,28",10,0,0,-3,"52,8107","3,402823466385289e+38",0
2026 02 19 09:31:40:659,-3.9675,-6.78875,"0,28",10,0,0,-3,"52,8107","3,402823466385289e+38",0
2026 02 19 09:31:40:661,-3.9675,-6.78875,"0,28",10,0,0,-3,"52,8107","3,402823466385289e+38","23,4375"
2026 02 19 09:31:40:663,-3.9334,-6.78875,"0,28",10,0,0,-3,"52,8107","3,402823466385289e+38","7,8125"
2026 02 19 09:31:40:665,-3.9675,-6.78875,"0,28",10,0,0,-3,"52,8107","3,402823466385289e+38","-3,9062"
2026 02 19 09:31:40:667,-3.9675,-6.78875,"0,28",10,0,0,-3,"52,8107","3,402823466385289e+38","-19,5312"
2026 02 19 09:31:40:669,-3.9675,-6.78875,"0,28",10,0,0,-3,"52,8107","3,402823466385289e+38","-7,8125"
2026 02 19 09:31:40:671,-3.9334,-6.87625,"0,28",10,0,0,-3,"52,8107","3,402823466385289e+38",0
2026 02 19 09:31:40:673,-3.9334,-6.78875,"0,28",10,0,0,-3,"52,8107","3,402823466385289e+38","-3,9062"
2026 02 19 09:31:40:675,-3.9675,-6.87625,"0,28",10,0,0,-3,"52,8107","3,402823466385289e+38",0
2026 02 19 09:31:40:677,-3.9675,-6.78875,"0,28",10,0,0,-3,"52,8107","3,402823466385289e+38","-3,9062"
2026 02 19 09:31:40:679,-3.9675,-6.78875,"0,28",10,0,0,-3,"52,8107","3,402823466385289e+38",0
2026 02 19 09:31:40:681,-3.9675,-6.70125,"0,28",10,0,0,-3,"52,8107","3,402823466385289e+38","19,5313"
2026 02 19 09:31:40:683,-3.9985,-6.70125,"0,28",10,0,0,-3,"52,8107","3,402823466385289e+38","7,8125"
2026 02 19 09:31:40:685,-3.9675,-6.78875,"0,28",10,0,0,-3,"52,8107","3,402823466385289e+38","-3,9062"
2026 02 19 09:31:40:687,-3.9985,-6.78875,"0,28",10,0,0,-3,"52,8107","3,402823466385289e+38","-15,625"
2026 02 19 09:31:40:689,-3.9334,-6.78875,"0,28",10,0,0,-3,"52,8107","3,402823466385289e+38","-7,8125"
2026 02 19 09:31:40:691,-3.9675,-6.70125,"0,28",10,0,0,-3,"52,8107","3,402823466385289e+38","-3,9062"
2026 02 19 09:31:40:693,-3.9675,-6.78875,"0,28",10,0,0,-3,"52,8107","3,402823466385289e+38","-3,9062"
2026 02 19 09:31:40:695,-3.9985,-6.78875,"0,28",10,0,0,-3,"52,8107","3,402823466385289e+38","-3,9062"
2026 02 19 09:31:40:697,-3.9675,-6.78875,"0,28",10,0,0,-3,"52,8107","3,402823466385289e+38","-3,9062"
2026 02 19 09:31:40:699,-3.9675,-6.87625,"0,28",10,0,0,-3,"52,8107","3,402823466385289e+38",0
2026 02 19 09:31:40:701,-3.9675,-6.78875,"0,28",10,0,0,-3,"52,8107","3,402823466385289e+38","19,5313"
2026 02 19 09:31:40:703,-3.9675,-6.87625,"0,28",10,0,0,-3,"52,8107","3,402823466385289e+38","7,8125"
2026 02 19 09:31:40:705,-3.9675,-6.78875,"0,28",10,0,0,-3,"52,8107","3,402823466385289e+38","-3,9062"
2026 02 19 09:31:40:707,-3.9334,-6.78875,"0,28",10,0,0,-3,"52,8107","3,402823466385289e+38","-19,5312"
2026 02 19 09:31:40:709,-3.9334,-6.78875,"0,28",10,0,0,-3,"52,8107","3,402823466385289e+38","-7,8125"
2026 02 19 09:31:40:711,-3.9675,-6.78875,"0,28",10,0,0,-3,"52,8107","3,402823466385289e+38",0
2026 02 19 09:31:40:713,-3.9675,-6.78875,"0,28",10,0,0,-3,"52,8107","3,402823466385289e+38",0
2026 02 19 09:31:40:715,-3.9675,-6.87625,"0,28",10,0,0,-3,"52,8107","3,402823466385289e+38",0
2026 02 19 09:31:40:717,-3.9675,-6.78875,"0,28",10,0,0,-3,"52,8107","3,402823466385289e+38",0
2026 02 19 09:31:40:719,-3.9675,-6.78875,"0,28",10,0,0,-3,"52,8107","3,402823466385289e+38",0
2026 02 19 09:31:40:721,-3.9675,-6.78875,"0,28",10,0,0,-3,"52,8107","3,402823466385289e+38","23,4375"
2026 02 19 09:31:40:723,-3.9675,-6.78875,"0,28",10,0,0,-3,"52,8107","3,402823466385289e+38","7,8125"
2026 02 19 09:31:40:725,-3.9334,-6.78875,"0,28",10,0,0,-3,"52,8107","3,402823466385289e+38","-7,8125"
2026 02 19 09:31:40:727,-3.9675,-6.70125,"0,28",10,0,0,-3,"52,8107","3,402823466385289e+38","-19,5312"
2026 02 19 09:31:40:729,-3.9675,-6.78875,"0,28",10,0,0,-3,"52,8107","3,402823466385289e+38","-3,9062"
2026 02 19 09:31:40:731,-3.9675,-6.70125,"0,28",10,0,0,-3,"52,8107","3,402823466385289e+38","-3,9062"
2026 02 19 09:31:40:733,-3.9675,-6.78875,"0,28",10,0,0,-3,"52,8107","3,402823466385289e+38","-3,9062"
2026 02 19 09:31:40:735,-3.9675,-6.78875,"0,28",10,0,0,-3,"52,8107","3,402823466385289e+38",0
2026 02 19 09:31:40:737,-3.9675,-6.87625,"0,28",10,0,0,-3,"52,8107","3,402823466385289e+38",0
2026 02 19 09:31:40:739,-3.9675,-6.78875,"0,28",10,0,0,-3,"52,8107","3,402823466385289e+38","-3,9062"
2026 02 19 09:31:40:741,-3.9675,-6.78875,"0,28",10,0,0,-3,"52,8107","3,402823466385289e+38","23,4375"
2026 02 19 09:31:40:743,-3.9985,-6.87625,"0,28",10,0,0,-3,"52,8107","3,402823466385289e+38","7,8125"
2026 02 19 09:31:40:745,-3.9675,-6.70125,"0,28",10,0,0,-3,"52,8107","3,402823466385289e+38","-3,9062"
2026 02 19 09:31:40:747,-3.9675,-6.78875,"0,28",10,0,0,-3,"52,8107","3,402823466385289e+38","-19,5312"
2026 02 19 09:31:40:749,-3.9985,-6.70125,"0,28",10,0,0,-3,"52,8107","3,402823466385289e+38","-3,9062"
2026 02 19 09:31:40:751,-3.9675,-6.78875,"0,28",10,0,0,-3,"52,8107","3,402823466385289e+38","-3,9062"
2026 02 19 09:31:40:753,-3.9675,-6.78875,"0,28",10,0,0,-3,"52,8107","3,402823466385289e+38","-3,9062"
2026 02 19 09:31:40:755,-3.9675,-6.78875,"0,28",10,0,0,-3,"52,8107","3,402823466385289e+38",0
2026 02 19 09:31:40:757,-3.9675,-6.78875,"0,28",10,0,0,-3,"52,8107","3,402823466385289e+38",0
2026 02 19 09:31:40:759,-3.9675,-6.87625,"0,28",10,0,0,-3,"52,8107","3,402823466385289e+38","-3,9062"
2026 02 19 09:31:40:761,-3.9675,-6.78875,"0,28",10,0,0,-3,"52,8107","3,402823466385289e+38","23,4375"
2026 02 19 09:31:40:763,-3.9675,-6.78875,"0,28",10,0,0,-3,"52,8107","3,402823466385289e+38","11,7188"
2026 02 19 09:31:40:765,-3.9334,-6.78875,"0,28",10,0,0,-3,"52,8107","3,402823466385289e+38","-3,9062"
2026 02 19 09:31:40:767,-3.9675,-6.87625,"0,28",10,0,0,-3,"52,8107","3,402823466385289e+38","-19,5312"
2026 02 19 09:31:40:769,-3.9985,-6.78875,"0,28",10,0,0,-3,"52,8107","3,402823466385289e+38","-7,8125"
2026 02 19 09:31:40:771,-3.9675,-6.87625,"0,28",10,0,0,-3,"52,8107","3,402823466385289e+38","-3,9062"
2026 02 19 09:31:40:773,-3.9675,-6.78875,"0,28",10,0,0,-3,"52,8107","3,402823466385289e+38","-3,9062"
2026 02 19 09:31:40:775,-3.9675,-6.78875,"0,28",10,0,0,-3,"52,8107","3,402823466385289e+38","-3,9062"
2026 02 19 09:31:40:777,-3.9675,-6.78875,"0,28",10,0,0,-3,"52,8107","3,402823466385289e+38","-3,9062"
2026 02 19 09:31:40:779,-3.9675,-6.78875,"0,28",10,0,0,-3,"52,8107","3,402823466385289e+38","-3,9062"
2026 02 19 09:31:40:781,-3.9675,-6.78875,"0,28",10,0,0,-3,"52,8107","3,402823466385289e+38","23,4375"
2026 02 19 09:31:40:783,-3.9675,-6.78875,"0,28",10,0,0,-3,"52,8107","3,402823466385289e+38","11,7188"
2026 02 19 09:31:40:785,-3.9675,-6.78875,"0,28",10,0,0,-3,"52,8107","3,402823466385289e+38","-3,9062"
2026 02 19 09:31:40:787,-3.9675,-6.87625,"0,28",10,0,0,-3,"52,8107","3,402823466385289e+38","-15,625"
2026 02 19 09:31:40:789,-3.9985,-6.78875,"0,28",10,0,0,-3,"52,8107","3,402823466385289e+38","-15,625"
2026 02 19 09:31:40:791,-3.9675,-6.70125,"0,28",10,0,0,-3,"52,8107","3,402823466385289e+38",0
2026 02 19 09:31:40:793,-3.9675,-6.78875,"0,28",10,0,0,-3,"52,8107","3,402823466385289e+38","-3,9062"
2026 02 19 09:31:40:795,-3.9675,-6.70125,"0,28",10,0,0,-3,"52,8107","3,402823466385289e+38",0
2026 02 19 09:31:40:797,-3.9675,-6.78875,"0,28",10,0,0,-3,"52,8107","3,402823466385289e+38","-3,9062"
2026 02 19 09:31:40:799,-3.9334,-6.78875,"0,28",10,0,0,-3,"52,8107","3,402823466385289e+38","-3,9062"
2026 02 19 09:31:40:801,-3.9675,-6.78875,"0,28",10,0,0,-3,"52,8107","3,402823466385289e+38","19,5313"
2026 02 19 09:31:40:803,-3.9985,-6.78875,"0,28",10,0,0,-3,"52,8107","3,402823466385289e+38","11,7188"
2026 02 19 09:31:40:805,-3.9675,-6.78875,"0,28",10,0,0,-3,"52,8107","3,402823466385289e+38","-3,9062"
2026 02 19 09:31:40:807,-3.9675,-6.78875,"0,28",10,0,0,-3,"52,8107","3,402823466385289e+38","-19,5312"
2026 02 19 09:31:40:809,-3.9675,-6.78875,"0,28",10,0,0,-3,"52,8107","3,402823466385289e+38","-7,8125"
2026 02 19 09:31:40:811,-3.9675,-6.78875,"0,28",10,0,0,-3,"52,8107","3,402823466385289e+38","-3,9062"
2026 02 19 09:31:40:813,-3.9985,-6.78875,"0,28",10,0,0,-3,"52,8107","3,402823466385289e+38","-3,9062"
2026 02 19 09:31:40:815,-3.9675,-6.87625,"0,28",10,0,0,-3,"52,8107","3,402823466385289e+38","-3,9062"
2026 02 19 09:31:40:817,-3.9675,-6.87625,"0,28",10,0,0,-3,"52,8107","3,402823466385289e+38","-3,9062"
2026 02 19 09:31:40:819,-3.9675,-6.87625,"0,28",10,0,0,-3,"52,8107","3,402823466385289e+38",0
2026 02 19 09:31:40:821,-3.9675,-6.87625,"0,28",10,0,0,-3,"52,8107","3,402823466385289e+38","19,5313"
2026 02 19 09:31:40:823,-3.9675,-6.78875,"0,28",10,0,0,-3,"52,8107","3,402823466385289e+38","11,7188"
2026 02 19 09:31:40:825,-3.9675,-6.78875,"0,28",10,0,0,-3,"52,8107","3,402823466385289e+38","-3,9062"
2026 02 19 09:31:40:827,-3.9675,-6.87625,"0,28",10,0,0,-3,"52,8107","3,402823466385289e+38","-15,625"
2026 02 19 09:31:40:829,-3.9675,-6.78875,"0,28",10,0,0,-3,"52,8107","3,402823466385289e+38","-7,8125"
2026 02 19 09:31:40:831,-3.9675,-6.78875,"0,28",10,0,0,-3,"52,8107","3,402823466385289e+38","-3,9062"
2026 02 19 09:31:40:833,-3.9675,-6.78875,"0,28",10,0,0,-3,"52,8107","3,402823466385289e+38",0
2026 02 19 09:31:40:835,-3.9675,-6.70125,"0,28",10,0,0,-3,"52,8107","3,402823466385289e+38","-3,9062"
2026 02 19 09:31:40:837,-3.9675,-6.87625,"0,28",10,0,0,-3,"52,8107","3,402823466385289e+38",0
2026 02 19 09:31:40:839,-3.9334,-6.78875,"0,28",10,0,0,-3,"52,8107","3,402823466385289e+38",0
2026 02 19 09:31:40:841,-3.9675,-6.78875,"0,28",10,0,0,-3,"52,8107","3,402823466385289e+38","19,5313"
2026 02 19 09:31:40:843,-3.9675,-6.78875,"0,28",10,0,0,-3,"52,8107","3,402823466385289e+38","11,7188"
2026 02 19 09:31:40:845,-3.9675,-6.87625,"0,28",10,0,0,-3,"52,8107","3,402823466385289e+38","-3,9062"
2026 02 19 09:31:40:847,-3.9334,-6.78875,"0,28",10,0,0,-3,"52,8107","3,402823466385289e+38","-15,625"
2026 02 19 09:31:40:849,-3.9334,-6.78875,"0,28",10,0,0,-3,"52,8107","3,402823466385289e+38","-7,8125"
2026 02 19 09:31:40:851,-3.9675,-6.78875,"0,28",10,0,0,-3,"52,8107","3,402823466385289e+38",0
2026 02 19 09:31:40:853,-3.9675,-6.87625,"0,28",10,0,0,-3,"52,8107","3,402823466385289e+38",0
2026 02 19 09:31:40:855,-3.9675,-6.78875,"0,28",10,0,0,-3,"52,8107","3,402823466385289e+38",0
2026 02 19 09:31:40:857,-3.9675,-6.87625,"0,28",10,0,0,-3,"52,8107","3,402823466385289e+38",0
2026 02 19 09:31:40:859,-3.9675,-6.78875,"0,28",10,0,0,-3,"52,8107","3,402823466385289e+38","-3,9062"
2026 02 19 09:31:40:861,-3.9675,-6.78875,"0,28",10,0,0,-3,"52,8107","3,402823466385289e+38","19,5313"
2026 02 19 09:31:40:863,-3.9675,-6.87625,"0,28",10,0,0,-3,"52,8107","3,402823466385289e+38","15,625"
2026 02 19 09:31:40:865,-3.9675,-6.78875,"0,28",10,0,0,-3,"52,8107","3,402823466385289e+38","-3,9062"
2026 02 19 09:31:40:867,-3.9985,-6.87625,"0,28",10,0,0,-3,"52,8107","3,402823466385289e+38","-15,625"
2026 02 19 09:31:40:869,-3.9675,-6.78875,"0,28",10,0,0,-3,"52,8107","3,402823466385289e+38","-7,8125"
2026 02 19 09:31:40:871,-3.9985,-6.87625,"0,28",10,0,0,-3,"52,8107","3,402823466385289e+38","-3,9062"
2026 02 19 09:31:40:873,-3.9675,-6.87625,"0,28",10,0,0,-3,"52,8107","3,402823466385289e+38",0
2026 02 19 09:31:40:875,-3.9334,-6.78875,"0,28",10,0,0,-3,"52,8107","3,402823466385289e+38",0
2026 02 19 09:31:40:877,-3.9675,-6.87625,"0,28",10,0,0,-3,"52,8107","3,402823466385289e+38","-3,9062"
2026 02 19 09:31:40:879,-3.9675,-6.78875,"0,28",10,0,0,-3,"52,8107","3,402823466385289e+38",0
2026 02 19 09:31:40:881,-3.9675,-6.78875,"0,28",10,0,0,-3,"52,8107","3,402823466385289e+38","19,5313"
2026 02 19 09:31:40:883,-3.9675,-6.78875,"0,28",10,0,0,-3,"52,8107","3,402823466385289e+38","15,625"
2026 02 19 09:31:40:885,-3.9675,-6.87625,"0,28",10,0,0,-3,"52,8107","3,402823466385289e+38",0
2026 02 19 09:31:40:887,-3.9675,-6.87625,"0,28",10,0,0,-3,"52,8107","3,402823466385289e+38","-15,625"
2026 02 19 09:31:40:889,-3.9675,-6.70125,"0,28",10,0,0,-3,"52,8107","3,402823466385289e+38","-7,8125"
2026 02 19 09:31:40:891,-3.9675,-6.78875,"0,281",10,0,0,-3,"52,6123","3,402823466385289e+38",0
2026 02 19 09:31:40:893,-3.9334,-6.78875,"0,281",10,0,0,-3,"52,6123","3,402823466385289e+38",0
2026 02 19 09:31:40:895,-3.9675,-6.78875,"0,281",10,0,0,-3,"52,6123","3,402823466385289e+38",0
2026 02 19 09:31:40:897,-3.9675,-6.78875,"0,281",10,0,0,-3,"52,6123","3,402823466385289e+38",0
2026 02 19 09:31:40:899,-3.9675,-6.78875,"0,281",10,0,0,-3,"52,6123","3,402823466385289e+38",0
2026 02 19 09:31:40:901,-3.9675,-6.78875,"0,281",10,0,0,-3,"52,6123","3,402823466385289e+38","19,5313"
2026 02 19 09:31:40:903,-3.9675,-6.78875,"0,281",10,0,0,-3,"52,6123","3,402823466385289e+38","15,625"
2026 02 19 09:31:40:905,-3.9334,-6.87625,"0,281",10,0,0,-3,"52,6123","3,402823466385289e+38","-3,9062"
2026 02 19 09:31:40:907,-3.9675,-6.78875,"0,281",10,0,0,-3,"52,6123","3,402823466385289e+38","-11,7187"
2026 02 19 09:31:40:909,-3.9675,-6.78875,"0,281",10,0,0,-3,"52,6123","3,402823466385289e+38","-7,8125"
2026 02 19 09:31:40:911,-3.9985,-6.78875,"0,281",10,0,0,-3,"52,6123","3,402823466385289e+38",0
2026 02 19 09:31:40:913,-3.9675,-6.78875,"0,281",10,0,0,-3,"52,6123","3,402823466385289e+38",0
2026 02 19 09:31:40:915,-3.9675,-6.78875,"0,281",10,0,0,-3,"52,6123","3,402823466385289e+38",0
2026 02 19 09:31:40:917,-3.9675,-6.78875,"0,281",10,0,0,-3,"52,6123","3,402823466385289e+38",0
2026 02 19 09:31:40:919,-3.9675,-6.87625,"0,281",10,0,0,-3,"52,6123","3,402823466385289e+38",0
2026 02 19 09:31:40:921,-3.9675,-6.87625,"0,281",10,0,0,-3,"52,6123","3,402823466385289e+38","19,5313"
2026 02 19 09:31:40:923,-3.9675,-6.78875,"0,281",10,0,0,-3,"52,6123","3,402823466385289e+38","11,7188"
2026 02 19 09:31:40:925,-3.9985,-6.78875,"0,281",10,0,0,-3,"52,6123","3,402823466385289e+38","-3,9062"
2026 02 19 09:31:40:927,-3.9675,-6.87625,"0,281",10,0,0,-3,"52,6123","3,402823466385289e+38","-19,5312"
2026 02 19 09:31:40:929,-3.9675,-6.78875,"0,281",10,0,0,-3,"52,6123","3,402823466385289e+38","-3,9062"
2026 02 19 09:31:40:931,-3.9675,-6.78875,"0,281",10,0,0,-3,"52,6123","3,402823466385289e+38","-3,9062"
2026 02 19 09:31:40:933,-3.9675,-6.78875,"0,281",10,0,0,-3,"52,6123","3,402823466385289e+38","-3,9062"
2026 02 19 09:31:40:935,-3.9675,-6.78875,"0,281",10,0,0,-3,"52,6123","3,402823466385289e+38","-3,9062"
2026 02 19 09:31:40:937,-3.9675,-6.87625,"0,281",10,0,0,-3,"52,6123","3,402823466385289e+38",0
2026 02 19 09:31:40:939,-3.9675,-6.78875,"0,281",10,0,0,-3,"52,6123","3,402823466385289e+38",0
2026 02 19 09:31:40:941,-3.9675,-6.78875,"0,281",10,0,0,-3,"52,6123","3,402823466385289e+38","15,625"
2026 02 19 09:31:40:943,-3.9985,-6.70125,"0,281",10,0,0,-3,"52,6123","3,402823466385289e+38","19,5313"
2026 02 19 09:31:40:945,-3.9675,-6.78875,"0,281",10,0,0,-3,"52,6123","3,402823466385289e+38","-3,9062"
2026 02 19 09:31:40:947,-3.9675,-6.78875,"0,281",10,0,0,-3,"52,6123","3,402823466385289e+38","-11,7187"
2026 02 19 09:31:40:949,-3.9334,-6.78875,"0,281",10,0,0,-3,"52,6123","3,402823466385289e+38","-7,8125"
2026 02 19 09:31:40:951,-3.9985,-6.78875,"0,281",10,0,0,-3,"52,6123","3,402823466385289e+38","-3,9062"
2026 02 19 09:31:40:953,-3.9675,-6.78875,"0,281",10,0,0,-3,"52,6123","3,402823466385289e+38",0
2026 02 19 09:31:40:955,-3.9334,-6.78875,"0,281",10,0,0,-3,"52,6123","3,402823466385289e+38",0
2026 02 19 09:31:40:957,-3.9675,-6.87625,"0,281",10,0,0,-3,"52,6123","3,402823466385289e+38",0
2026 02 19 09:31:40:959,-3.9675,-6.78875,"0,281",10,0,0,-3,"52,6123","3,402823466385289e+38","-3,9062"
2026 02 19 09:31:40:961,-3.9675,-6.78875,"0,281",10,0,0,-3,"52,6123","3,402823466385289e+38","19,5313"
2026 02 19 09:31:40:963,-3.9675,-6.78875,"0,281",10,0,0,-3,"52,6123","3,402823466385289e+38","15,625"
2026 02 19 09:31:40:965,-3.9675,-6.78875,"0,281",10,0,0,-3,"52,6123","3,402823466385289e+38",0
2026 02 19 09:31:40:967,-3.9675,-6.70125,"0,281",10,0,0,-3,"52,6123","3,402823466385289e+38","-15,625"
2026 02 19 09:31:40:969,-3.9675,-6.78875,"0,281",10,0,0,-3,"52,6123","3,402823466385289e+38","-7,8125"
2026 02 19 09:31:40:971,-3.9675,-6.87625,"0,281",10,0,0,-3,"52,6123","3,402823466385289e+38",0
2026 02 19 09:31:40:973,-3.9675,-6.78875,"0,281",10,0,0,-3,"52,6123","3,402823466385289e+38","-3,9062"
2026 02 19 09:31:40:975,-3.9675,-6.87625,"0,281",10,0,0,-3,"52,6123","3,402823466385289e+38","-3,9062"
2026 02 19 09:31:40:977,-3.9985,-6.78875,"0,281",10,0,0,-3,"52,6123","3,402823466385289e+38","-3,9062"
2026 02 19 09:31:40:979,-3.9334,-6.70125,"0,281",10,0,0,-3,"52,6123","3,402823466385289e+38",0
2026 02 19 09:31:40:981,-3.9985,-6.78875,"0,281",10,0,0,-3,"52,6123","3,402823466385289e+38","15,625"
2026 02 19 09:31:40:983,-3.9675,-6.78875,"0,281",10,0,0,-3,"52,6123","3,402823466385289e+38","15,625"
2026 02 19 09:31:40:985,-3.9985,-6.78875,"0,281",10,0,0,-3,"52,6123","3,402823466385289e+38","-3,9062"
2026 02 19 09:31:40:987,-3.9675,-6.78875,"0,281",10,0,0,-3,"52,6123","3,402823466385289e+38","-19,5312"
2026 02 19 09:31:40:989,-3.9675,-6.78875,"0,281",10,0,0,-3,"52,6123","3,402823466385289e+38","-7,8125"
2026 02 19 09:31:40:991,-3.9985,-6.78875,"0,281",10,0,0,-3,"52,6123","3,402823466385289e+38",0
2026 02 19 09:31:40:993,-3.9334,-6.78875,"0,281",10,0,0,-3,"52,6123","3,402823466385289e+38",0
2026 02 19 09:31:40:995,-3.9675,-6.78875,"0,281",10,0,0,-3,"52,6123","3,402823466385289e+38",0
2026 02 19 09:31:40:997,-3.9334,-6.70125,"0,281",10,0,0,-3,"52,6123","3,402823466385289e+38","-3,9062"
2026 02 19 09:31:40:999,-3.9675,-6.78875,"0,281",10,0,0,-3,"52,6123","3,402823466385289e+38","-3,9062"
2026 02 19 09:31:41:001,-3.9675,-6.70125,"0,281",10,0,0,-3,"52,6123","3,402823466385289e+38","19,5313"
2026 02 19 09:31:41:003,-3.9675,-6.78875,"0,281",10,0,0,-3,"52,6123","3,402823466385289e+38","15,625"
2026 02 19 09:31:41:005,-3.9675,-6.78875,"0,281",10,0,0,-3,"52,6123","3,402823466385289e+38","-3,9062"
2026 02 19 09:31:41:007,-3.9675,-6.87625,"0,281",10,0,0,-3,"52,6123","3,402823466385289e+38","-15,625"
2026 02 19 09:31:41:009,-3.9334,-6.78875,"0,281",10,0,0,-3,"52,6123","3,402823466385289e+38","-7,8125"
2026 02 19 09:31:41:011,-3.9675,-6.78875,"0,281",10,0,0,-3,"52,6123","3,402823466385289e+38",0
2026 02 19 09:31:41:013,-3.9675,-6.78875,"0,281",10,0,0,-3,"52,6123","3,402823466385289e+38","-3,9062"
2026 02 19 09:31:41:015,-3.9985,-6.87625,"0,281",10,0,0,-3,"52,6123","3,402823466385289e+38","-3,9062"
2026 02 19 09:31:41:017,-3.9985,-6.87625,"0,281",10,0,0,-3,"52,6123","3,402823466385289e+38","-3,9062"
2026 02 19 09:31:41:019,-3.9675,-6.78875,"0,281",10,0,0,-3,"52,6123","3,402823466385289e+38",0
2026 02 19 09:31:41:021,-3.9675,-6.78875,"0,281",10,0,0,-3,"52,6123","3,402823466385289e+38","19,5313"
2026 02 19 09:31:41:023,-3.9334,-6.78875,"0,281",10,0,0,-3,"52,6123","3,402823466385289e+38","15,625"
2026 02 19 09:31:41:025,-3.9675,-6.87625,"0,281",10,0,0,-3,"52,6123","3,402823466385289e+38","-3,9062"
2026 02 19 09:31:41:027,-3.9675,-6.87625,"0,281",10,0,0,-3,"52,6123","3,402823466385289e+38","-19,5312"
2026 02 19 09:31:41:029,-3.9985,-6.87625,"0,281",10,0,0,-3,"52,6123","3,402823466385289e+38","-7,8125"
2026 02 19 09:31:41:031,-3.9675,-6.78875,"0,281",10,0,0,-3,"52,6123","3,402823466385289e+38",0
2026 02 19 09:31:41:033,-3.9675,-6.78875,"0,281",10,0,0,-3,"52,6123","3,402823466385289e+38","-3,9062"
2026 02 19 09:31:41:035,-3.9675,-6.78875,"0,281",10,0,0,-3,"52,6123","3,402823466385289e+38","-3,9062"
2026 02 19 09:31:41:037,-3.9675,-6.70125,"0,281",10,0,0,-3,"52,6123","3,402823466385289e+38",0
2026 02 19 09:31:41:039,-3.9675,-6.78875,"0,281",10,0,0,-3,"52,6123","3,402823466385289e+38",0
2026 02 19 09:31:41:041,-3.9985,-6.70125,"0,281",10,0,0,-3,"52,6123","3,402823466385289e+38","19,5313"
2026 02 19 09:31:41:043,-3.9675,-6.78875,"0,281",10,0,0,-3,"52,6123","3,402823466385289e+38","11,7188"
2026 02 19 09:31:41:045,-3.9675,-6.78875,"0,281",10,0,0,-3,"52,6123","3,402823466385289e+38","-3,9062"
2026 02 19 09:31:41:047,-3.9675,-6.78875,"0,281",10,0,0,-3,"52,6123","3,402823466385289e+38","-19,5312"
2026 02 19 09:31:41:049,-3.9334,-6.87625,"0,281",10,0,0,-3,"52,6123","3,402823466385289e+38","-3,9062"
2026 02 19 09:31:41:051,-3.9675,-6.78875,"0,281",10,0,0,-3,"52,6123","3,402823466385289e+38","-3,9062"
2026 02 19 09:31:41:053,-3.9675,-6.87625,"0,281",10,0,0,-3,"52,6123","3,402823466385289e+38","-3,9062"
2026 02 19 09:31:41:055,-3.9675,-6.87625,"0,281",10,0,0,-3,"52,6123","3,402823466385289e+38",0
2026 02 19 09:31:41:057,-3.9675,-6.87625,"0,281",10,0,0,-3,"52,6123","3,402823466385289e+38","-3,9062"
2026 02 19 09:31:41:059,-3.9675,-6.78875,"0,281",10,0,0,-3,"52,6123","3,402823466385289e+38","-3,9062"
2026 02 19 09:31:41:061,-3.9675,-6.87625,"0,281",10,0,0,-3,"52,6123","3,402823466385289e+38","15,625"
2026 02 19 09:31:41:063,-3.9675,-6.78875,"0,281",10,0,0,-3,"52,6123","3,402823466385289e+38","15,625"
2026 02 19 09:31:41:065,-3.9334,-6.78875,"0,281",10,0,0,-3,"52,6123","3,402823466385289e+38","-3,9062"
2026 02 19 09:31:41:067,-3.9675,-6.78875,"0,281",10,0,0,-3,"52,6123","3,402823466385289e+38","-23,4375"
2026 02 19 09:31:41:069,-3.9675,-6.70125,"0,281",10,0,0,-3,"52,6123","3,402823466385289e+38","-7,8125"
2026 02 19 09:31:41:071,-3.9675,-6.78875,"0,281",10,0,0,-3,"52,6123","3,402823466385289e+38",0
2026 02 19 09:31:41:073,-3.9985,-6.87625,"0,281",10,0,0,-3,"52,6123","3,402823466385289e+38","-3,9062"
2026 02 19 09:31:41:075,-3.9675,-6.78875,"0,281",10,0,0,-3,"52,6123","3,402823466385289e+38",0
2026 02 19 09:31:41:077,-3.9675,-6.78875,"0,281",10,0,0,-3,"52,6123","3,402823466385289e+38","-3,9062"
2026 02 19 09:31:41:079,-3.9985,-6.78875,"0,281",10,0,0,-3,"52,6123","3,402823466385289e+38",0
2026 02 19 09:31:41:081,-3.9334,-6.78875,"0,281",10,0,0,-3,"52,6123","3,402823466385289e+38","15,625"
2026 02 19 09:31:41:083,-3.9334,-6.78875,"0,281",10,0,0,-3,"52,6123","3,402823466385289e+38","11,7188"
2026 02 19 09:31:41:085,-3.9675,-6.87625,"0,281",10,0,0,-3,"52,6123","3,402823466385289e+38","-3,9062"
2026 02 19 09:31:41:087,-3.9985,-6.78875,"0,281",10,0,0,-3,"52,6123","3,402823466385289e+38","-19,5312"
2026 02 19 09:31:41:089,-3.9675,-6.70125,"0,281",10,0,0,-3,"52,6123","3,402823466385289e+38","-7,8125"
2026 02 19 09:31:41:091,-3.9675,-6.70125,"0,281",10,0,0,-3,"52,6123","3,402823466385289e+38",0
2026 02 19 09:31:41:093,-3.9675,-6.78875,"0,281",10,0,0,-3,"52,6123","3,402823466385289e+38","-3,9062"
2026 02 19 09:31:41:095,-3.9675,-6.78875,"0,281",10,0,0,-3,"52,6123","3,402823466385289e+38","-3,9062"
2026 02 19 09:31:41:097,-3.9985,-6.78875,"0,281",10,0,0,-3,"52,6123","3,402823466385289e+38",0
2026 02 19 09:31:41:099,-3.9675,-6.78875,"0,281",10,0,0,-3,"52,6123","3,402823466385289e+38","-3,9062"
2026 02 19 09:31:41:101,-3.9985,-6.78875,"0,281",10,0,0,-3,"52,6123","3,402823466385289e+38","15,625"
2026 02 19 09:31:41:103,-3.9675,-6.78875,"0,281",10,0,0,-3,"52,6123","3,402823466385289e+38","15,625"
2026 02 19 09:31:41:105,-3.9985,-6.87625,"0,281",10,0,0,-3,"52,6123","3,402823466385289e+38","-7,8125"
2026 02 19 09:31:41:107,-3.9985,-6.78875,"0,281",10,0,0,-3,"52,6123","3,402823466385289e+38","-19,5312"
2026 02 19 09:31:41:109,-3.9675,-6.78875,"0,281",10,0,0,-3,"52,6123","3,402823466385289e+38","-7,8125"
2026 02 19 09:31:41:111,-3.9675,-6.78875,"0,281",10,0,0,-3,"52,6123","3,402823466385289e+38",0
2026 02 19 09:31:41:113,-3.9675,-6.78875,"0,281",10,0,0,-3,"52,6123","3,402823466385289e+38",0
2026 02 19 09:31:41:115,-3.9675,-6.78875,"0,281",10,0,0,-3,"52,6123","3,402823466385289e+38",0
2026 02 19 09:31:41:117,-3.9675,-6.78875,"0,281",10,0,0,-3,"52,6123","3,402823466385289e+38","-3,9062"
2026 02 19 09:31:41:119,-3.9334,-6.78875,"0,281",10,0,0,-3,"52,6123","3,402823466385289e+38",0
2026 02 19 09:31:41:121,-3.9675,-6.78875,"0,281",10,0,0,-3,"52,6123","3,402823466385289e+38","15,625"
2026 02 19 09:31:41:123,-3.9675,-6.78875,"0,281",10,0,0,-3,"52,6123","3,402823466385289e+38","15,625"
2026 02 19 09:31:41:125,-3.9675,-6.78875,"0,281",10,0,0,-3,"52,6123","3,402823466385289e+38",0
2026 02 19 09:31:41:127,-3.9334,-6.70125,"0,281",10,0,0,-3,"52,6123","3,402823466385289e+38","-19,5312"
2026 02 19 09:31:41:129,-3.9334,-6.78875,"0,281",10,0,0,-3,"52,6123","3,402823466385289e+38","-7,8125"
2026 02 19 09:31:41:131,-3.9675,-6.78875,"0,281",10,0,0,-3,"52,6123","3,402823466385289e+38",0
2026 02 19 09:31:41:133,-3.9675,-6.78875,"0,281",10,0,0,-3,"52,6123","3,402823466385289e+38",0
2026 02 19 09:31:41:135,-3.9985,-6.78875,"0,281",10,0,0,-3,"52,6123","3,402823466385289e+38","-3,9062"
2026 02 19 09:31:41:137,-3.9675,-6.78875,"0,281",10,0,0,-3,"52,6123","3,402823466385289e+38","-3,9062"
2026 02 19 09:31:41:139,-3.9675,-6.78875,"0,281",10,0,0,-3,"52,6123","3,402823466385289e+38","-3,9062"
2026 02 19 09:31:41:141,-3.9675,-6.87625,"0,281",10,0,0,-3,"52,6123","3,402823466385289e+38","11,7188"
2026 02 19 09:31:41:143,-3.9675,-6.78875,"0,281",10,0,0,-3,"52,6123","3,402823466385289e+38","19,5313"
2026 02 19 09:31:41:145,-3.9675,-6.78875,"0,281",10,0,0,-3,"52,6123","3,402823466385289e+38",0
2026 02 19 09:31:41:147,-3.9675,-6.78875,"0,281",10,0,0,-3,"52,6123","3,402823466385289e+38","-15,625"
2026 02 19 09:31:41:149,-3.9675,-6.87625,"0,281",10,0,0,-3,"52,6123","3,402823466385289e+38","-7,8125"
2026 02 19 09:31:41:151,-3.9675,-6.78875,"0,281",10,0,0,-3,"52,6123","3,402823466385289e+38","-3,9062"
2026 02 19 09:31:41:153,-3.9675,-6.78875,"0,281",10,0,0,-3,"52,6123","3,402823466385289e+38",0
2026 02 19 09:31:41:155,-3.9675,-6.78875,"0,281",10,0,0,-3,"52,6123","3,402823466385289e+38","-3,9062"
2026 02 19 09:31:41:157,-3.9334,-6.70125,"0,281",10,0,0,-3,"52,6123","3,402823466385289e+38",0
2026 02 19 09:31:41:159,-3.9675,-6.78875,"0,281",10,0,0,-3,"52,6123","3,402823466385289e+38",0
2026 02 19 09:31:41:161,-3.9675,-6.78875,"0,281",10,0,0,-3,"52,6123","3,402823466385289e+38","15,625"
2026 02 19 09:31:41:163,-3.9334,-6.70125,"0,281",10,0,0,-3,"52,6123","3,402823466385289e+38","15,625"
2026 02 19 09:31:41:165,-3.9675,-6.78875,"0,281",10,0,0,-3,"52,6123","3,402823466385289e+38",0
2026 02 19 09:31:41:167,-3.9675,-6.78875,"0,281",10,0,0,-3,"52,6123","3,402823466385289e+38","-19,5312"
2026 02 19 09:31:41:169,-3.9985,-6.87625,"0,281",10,0,0,-3,"52,6123","3,402823466385289e+38","-7,8125"
2026 02 19 09:31:41:171,-3.9675,-6.78875,"0,281",10,0,0,-3,"52,6123","3,402823466385289e+38",0
2026 02 19 09:31:41:173,-3.9675,-6.78875,"0,281",10,0,0,-3,"52,6123","3,402823466385289e+38",0
2026 02 19 09:31:41:175,-3.9334,-6.78875,"0,281",10,0,0,-3,"52,6123","3,402823466385289e+38",0
2026 02 19 09:31:41:177,-3.9985,-6.78875,"0,281",10,0,0,-3,"52,6123","3,402823466385289e+38",0
2026 02 19 09:31:41:179,-3.9334,-6.78875,"0,281",10,0,0,-3,"52,6123","3,402823466385289e+38",0
2026 02 19 09:31:41:181,-3.9675,-6.78875,"0,281",10,0,0,-3,"52,6123","3,402823466385289e+38","11,7188"
2026 02 19 09:31:41:183,-3.9675,-6.78875,"0,281",10,0,0,-3,"52,6123","3,402823466385289e+38","15,625"
2026 02 19 09:31:41:185,-3.9334,-6.78875,"0,281",10,0,0,-3,"52,6123","3,402823466385289e+38","-3,9062"
2026 02 19 09:31:41:187,-3.9675,-6.78875,"0,281",10,0,0,-3,"52,6123","3,402823466385289e+38","-19,5312"
2026 02 19 09:31:41:189,-3.9675,-6.78875,"0,281",10,0,0,-3,"52,6123","3,402823466385289e+38","-7,8125"
2026 02 19 09:31:41:191,-3.9675,-6.78875,"0,281",10,0,0,-3,"50,766","3,402823466385289e+38",0
2026 02 19 09:31:41:193,-3.9675,-6.78875,"0,281",10,0,0,-3,"50,766","3,402823466385289e+38",0
2026 02 19 09:31:41:195,-3.9675,-6.78875,"0,281",10,0,0,-3,"50,766","3,402823466385289e+38",0
2026 02 19 09:31:41:197,-3.9675,-6.78875,"0,281",10,0,0,-3,"50,766","3,402823466385289e+38",0
2026 02 19 09:31:41:199,-3.9675,-6.87625,"0,281",10,0,0,-3,"50,766","3,402823466385289e+38",0
2026 02 19 09:31:41:201,-3.9334,-6.70125,"0,281",10,0,0,-3,"50,766","3,402823466385289e+38","15,625"
2026 02 19 09:31:41:203,-3.9675,-6.70125,"0,281",10,0,0,-3,"50,766","3,402823466385289e+38","15,625"
2026 02 19 09:31:41:205,-3.9985,-6.87625,"0,281",10,0,0,-3,"50,766","3,402823466385289e+38",0
2026 02 19 09:31:41:207,-3.9675,-6.78875,"0,281",10,0,0,-3,"50,766","3,402823466385289e+38","-19,5312"
2026 02 19 09:31:41:209,-3.9675,-6.78875,"0,281",10,0,0,-3,"50,766","3,402823466385289e+38","-7,8125"
2026 02 19 09:31:41:211,-3.9985,-6.70125,"0,281",10,0,0,-3,"50,766","3,402823466385289e+38",0
2026 02 19 09:31:41:213,-3.9675,-6.78875,"0,281",10,0,0,-3,"50,766","3,402823466385289e+38","-3,9062"
2026 02 19 09:31:41:215,-3.9675,-6.78875,"0,281",10,0,0,-3,"50,766","3,402823466385289e+38",0
2026 02 19 09:31:41:217,-3.9675,-6.87625,"0,281",10,0,0,-3,"50,766","3,402823466385289e+38",0
2026 02 19 09:31:41:219,-3.9675,-6.78875,"0,281",10,0,0,-3,"50,766","3,402823466385289e+38",0
2026 02 19 09:31:41:221,-3.9675,-6.78875,"0,281",10,0,0,-3,"50,766","3,402823466385289e+38","15,625"
2026 02 19 09:31:41:223,-3.9675,-6.87625,"0,281",10,0,0,-3,"50,766","3,402823466385289e+38","19,5313"
2026 02 19 09:31:41:225,-3.9985,-6.70125,"0,281",10,0,0,-3,"50,766","3,402823466385289e+38",0
2026 02 19 09:31:41:227,-3.9985,-6.78875,"0,281",10,0,0,-3,"50,766","3,402823466385289e+38","-15,625"
2026 02 19 09:31:41:229,-3.9985,-6.78875,"0,281",10,0,0,-3,"50,766","3,402823466385289e+38","-7,8125"
2026 02 19 09:31:41:231,-3.9675,-6.78875,"0,281",10,0,0,-3,"50,766","3,402823466385289e+38",0
2026 02 19 09:31:41:233,-3.9675,-6.70125,"0,281",10,0,0,-3,"50,766","3,402823466385289e+38","-3,9062"
2026 02 19 09:31:41:235,-3.9334,-6.78875,"0,281",10,0,0,-3,"50,766","3,402823466385289e+38",0
2026 02 19 09:31:41:237,-3.9675,-6.78875,"0,281",10,0,0,-3,"50,766","3,402823466385289e+38","-3,9062"
2026 02 19 09:31:41:239,-3.9675,-6.78875,"0,281",10,0,0,-3,"50,766","3,402823466385289e+38","-3,9062"
2026 02 19 09:31:41:241,-3.9334,-6.70125,"0,281",10,0,0,-3,"50,766","3,402823466385289e+38","15,625"
2026 02 19 09:31:41:243,-3.9675,-6.70125,"0,281",10,0,0,-3,"50,766","3,402823466385289e+38","15,625"
2026 02 19 09:31:41:245,-3.9675,-6.78875,"0,281",10,0,0,-3,"50,766","3,402823466385289e+38","-3,9062"
2026 02 19 09:31:41:247,-3.9334,-6.78875,"0,281",10,0,0,-3,"50,766","3,402823466385289e+38","-15,625"
2026 02 19 09:31:41:249,-3.9675,-6.78875,"0,281",10,0,0,-3,"50,766","3,402823466385289e+38","-7,8125"
2026 02 19 09:31:41:251,-3.9675,-6.78875,"0,281",10,0,0,-3,"50,766","3,402823466385289e+38","-3,9062"
2026 02 19 09:31:41:253,-3.9334,-6.9725,"0,281",10,0,0,-3,"50,766","3,402823466385289e+38",0
2026 02 19 09:31:41:255,-3.9985,-6.87625,"0,281",10,0,0,-3,"50,766","3,402823466385289e+38",0
2026 02 19 09:31:41:257,-3.9675,-6.78875,"0,281",10,0,0,-3,"50,766","3,402823466385289e+38",0
2026 02 19 09:31:41:259,-3.9985,-6.78875,"0,281",10,0,0,-3,"50,766","3,402823466385289e+38",0
2026 02 19 09:31:41:261,-3.9675,-6.78875,"0,281",10,0,0,-3,"50,766","3,402823466385289e+38","15,625"
2026 02 19 09:31:41:263,-3.9675,-6.78875,"0,281",10,0,0,-3,"50,766","3,402823466385289e+38","19,5313"
2026 02 19 09:31:41:265,-3.9334,-6.78875,"0,281",10,0,0,-3,"50,766","3,402823466385289e+38",0
2026 02 19 09:31:41:267,-3.9675,-6.78875,"0,281",10,0,0,-3,"50,766","3,402823466385289e+38","-15,625"
2026 02 19 09:31:41:269,-3.9675,-6.78875,"0,281",10,0,0,-3,"50,766","3,402823466385289e+38","-7,8125"
2026 02 19 09:31:41:271,-3.9334,-6.78875,"0,281",10,0,0,-3,"50,766","3,402823466385289e+38","-3,9062"
2026 02 19 09:31:41:273,-3.9675,-6.78875,"0,281",10,0,0,-3,"50,766","3,402823466385289e+38","-3,9062"
2026 02 19 09:31:41:275,-3.9675,-6.78875,"0,281",10,0,0,-3,"50,766","3,402823466385289e+38",0
2026 02 19 09:31:41:277,-3.9985,-6.78875,"0,281",10,0,0,-3,"50,766","3,402823466385289e+38",0
2026 02 19 09:31:41:279,-3.9675,-6.70125,"0,281",10,0,0,-3,"50,766","3,402823466385289e+38","-3,9062"
2026 02 19 09:31:41:281,-3.9985,-6.78875,"0,281",10,0,0,-3,"50,766","3,402823466385289e+38","15,625"
2026 02 19 09:31:41:283,-3.9675,-6.78875,"0,281",10,0,0,-3,"50,766","3,402823466385289e+38","15,625"
2026 02 19 09:31:41:285,-3.9985,-6.78875,"0,281",10,0,0,-3,"50,766","3,402823466385289e+38",0
2026 02 19 09:31:41:287,-3.9985,-6.78875,"0,281",10,0,0,-3,"50,766","3,402823466385289e+38","-19,5312"
2026 02 19 09:31:41:289,-3.9675,-6.78875,"0,281",10,0,0,-3,"50,766","3,402823466385289e+38","-3,9062"
2026 02 19 09:31:41:291,-3.9334,-6.78875,"0,281",10,0,0,-3,"50,766","3,402823466385289e+38",0
2026 02 19 09:31:41:293,-3.9675,-6.78875,"0,281",10,0,0,-3,"50,766","3,402823466385289e+38",0
2026 02 19 09:31:41:295,-3.9675,-6.78875,"0,281",10,0,0,-3,"50,766","3,402823466385289e+38",0
2026 02 19 09:31:41:297,-3.9675,-6.78875,"0,281",10,0,0,-3,"50,766","3,402823466385289e+38",0
2026 02 19 09:31:41:299,-3.9985,-6.87625,"0,281",10,0,0,-3,"50,766","3,402823466385289e+38",0
2026 02 19 09:31:41:301,-3.9675,-6.78875,"0,281",10,0,0,-3,"50,766","3,402823466385289e+38","15,625"
2026 02 19 09:31:41:303,-3.9985,-6.78875,"0,281",10,0,0,-3,"50,766","3,402823466385289e+38","19,5313"
2026 02 19 09:31:41:305,-3.9675,-6.78875,"0,281",10,0,0,-3,"50,766","3,402823466385289e+38",0
2026 02 19 09:31:41:307,-3.9675,-6.78875,"0,281",10,0,0,-3,"50,766","3,402823466385289e+38","-15,625"
2026 02 19 09:31:41:309,-3.9675,-6.87625,"0,281",10,0,0,-3,"50,766","3,402823466385289e+38","-7,8125"
2026 02 19 09:31:41:311,-3.9675,-6.78875,"0,281",10,0,0,-3,"50,766","3,402823466385289e+38",0
2026 02 19 09:31:41:313,-3.9675,-6.78875,"0,281",10,0,0,-3,"50,766","3,402823466385289e+38","-3,9062"
2026 02 19 09:31:41:315,-3.9675,-6.78875,"0,281",10,0,0,-3,"50,766","3,402823466385289e+38","-3,9062"
2026 02 19 09:31:41:317,-3.9675,-6.78875,"0,281",10,0,0,-3,"50,766","3,402823466385289e+38","-3,9062"
2026 02 19 09:31:41:319,-3.9675,-6.78875,"0,281",10,0,0,-3,"50,766","3,402823466385289e+38",0
2026 02 19 09:31:41:321,-3.9675,-6.78875,"0,281",10,0,0,-3,"50,766","3,402823466385289e+38","15,625"
2026 02 19 09:31:41:323,-3.9334,-6.78875,"0,281",10,0,0,-3,"50,766","3,402823466385289e+38","19,5313"
2026 02 19 09:31:41:325,-3.9675,-6.78875,"0,281",10,0,0,-3,"50,766","3,402823466385289e+38",0
2026 02 19 09:31:41:327,-3.9675,-6.70125,"0,281",10,0,0,-3,"50,766","3,402823466385289e+38","-19,5312"
2026 02 19 09:31:41:329,-3.9675,-6.78875,"0,281",10,0,0,-3,"50,766","3,402823466385289e+38","-7,8125"
2026 02 19 09:31:41:331,-3.9675,-6.70125,"0,281",10,0,0,-3,"50,766","3,402823466385289e+38",0
2026 02 19 09:31:41:333,-3.9675,-6.78875,"0,281",10,0,0,-3,"50,766","3,402823466385289e+38",0
2026 02 19 09:31:41:335,-3.9675,-6.78875,"0,281",10,0,0,-3,"50,766","3,402823466385289e+38","-3,9062"
2026 02 19 09:31:41:337,-3.9675,-6.87625,"0,281",10,0,0,-3,"50,766","3,402823466385289e+38","-3,9062"
2026 02 19 09:31:41:339,-3.9675,-6.78875,"0,281",10,0,0,-3,"50,766","3,402823466385289e+38",0
2026 02 19 09:31:41:341,-3.9334,-6.78875,"0,281",10,0,0,-3,"50,766","3,402823466385289e+38","11,7188"
2026 02 19 09:31:41:343,-3.9675,-6.78875,"0,281",10,0,0,-3,"50,766","3,402823466385289e+38","15,625"
2026 02 19 09:31:41:345,-3.9675,-6.87625,"0,281",10,0,0,-3,"50,766","3,402823466385289e+38",0
2026 02 19 09:31:41:347,-3.9675,-6.78875,"0,281",10,0,0,-3,"50,766","3,402823466385289e+38","-15,625"
2026 02 19 09:31:41:349,-3.9675,-6.78875,"0,281",10,0,0,-3,"50,766","3,402823466385289e+38","-7,8125"
2026 02 19 09:31:41:351,-3.9675,-6.78875,"0,281",10,0,0,-3,"50,766","3,402823466385289e+38","-3,9062"
2026 02 19 09:31:41:353,-3.9675,-6.78875,"0,281",10,0,0,-3,"50,766","3,402823466385289e+38","-3,9062"
2026 02 19 09:31:41:355,-3.9985,-6.87625,"0,281",10,0,0,-3,"50,766","3,402823466385289e+38","-3,9062"
2026 02 19 09:31:41:357,-3.9675,-6.78875,"0,281",10,0,0,-3,"50,766","3,402823466385289e+38","-3,9062"
2026 02 19 09:31:41:359,-3.9675,-6.87625,"0,281",10,0,0,-3,"50,766","3,402823466385289e+38","-3,9062"
2026 02 19 09:31:41:361,-3.9675,-6.78875,"0,281",10,0,0,-3,"50,766","3,402823466385289e+38","11,7188"
2026 02 19 09:31:41:363,-3.9675,-6.87625,"0,281",10,0,0,-3,"50,766","3,402823466385289e+38","19,5313"
2026 02 19 09:31:41:365,-3.9675,-6.78875,"0,281",10,0,0,-3,"50,766","3,402823466385289e+38",0
2026 02 19 09:31:41:367,-3.9675,-6.78875,"0,281",10,0,0,-3,"50,766","3,402823466385289e+38","-15,625"
2026 02 19 09:31:41:369,-3.9334,-6.78875,"0,281",10,0,0,-3,"50,766","3,402823466385289e+38","-7,8125"
2026 02 19 09:31:41:371,-3.9675,-6.78875,"0,281",10,0,0,-3,"50,766","3,402823466385289e+38","-3,9062"
2026 02 19 09:31:41:373,-3.9675,-6.78875,"0,281",10,0,0,-3,"50,766","3,402823466385289e+38",0
2026 02 19 09:31:41:375,-3.9675,-6.78875,"0,281",10,0,0,-3,"50,766","3,402823466385289e+38",0
2026 02 19 09:31:41:377,-3.9334,-6.78875,"0,281",10,0,0,-3,"50,766","3,402823466385289e+38","-3,9062"
2026 02 19 09:31:41:379,-3.9675,-6.78875,"0,281",10,0,0,-3,"50,766","3,402823466385289e+38","3,9063"
2026 02 19 09:31:41:381,-3.9675,-6.70125,"0,281",10,0,0,-3,"50,766","3,402823466385289e+38","15,625"
2026 02 19 09:31:41:383,-3.9334,-6.87625,"0,281",10,0,0,-3,"50,766","3,402823466385289e+38","19,5313"
2026 02 19 09:31:41:385,-3.9675,-6.78875,"0,281",10,0,0,-3,"50,766","3,402823466385289e+38",0
2026 02 19 09:31:41:387,-3.9334,-6.78875,"0,281",10,0,0,-3,"50,766","3,402823466385289e+38","-15,625"
2026 02 19 09:31:41:389,-3.9675,-6.78875,"0,281",10,0,0,-3,"50,766","3,402823466385289e+38","-7,8125"
2026 02 19 09:31:41:391,-3.9675,-6.87625,"0,281",10,0,0,-3,"50,766","3,402823466385289e+38","-3,9062"
2026 02 19 09:31:41:393,-3.9985,-6.78875,"0,281",10,0,0,-3,"50,766","3,402823466385289e+38","-3,9062"
2026 02 19 09:31:41:395,-3.9675,-6.78875,"0,281",10,0,0,-3,"50,766","3,402823466385289e+38",0
2026 02 19 09:31:41:397,-3.9334,-6.78875,"0,281",10,0,0,-3,"50,766","3,402823466385289e+38",0
2026 02 19 09:31:41:399,-3.9675,-6.87625,"0,281",10,0,0,-3,"50,766","3,402823466385289e+38","-3,9062"
2026 02 19 09:31:41:401,-3.9675,-6.78875,"0,281",10,0,0,-3,"50,766","3,402823466385289e+38","15,625"
2026 02 19 09:31:41:403,-3.9985,-6.70125,"0,281",10,0,0,-3,"50,766","3,402823466385289e+38","15,625"
2026 02 19 09:31:41:405,-3.9985,-6.87625,"0,281",10,0,0,-3,"50,766","3,402823466385289e+38","-3,9062"
2026 02 19 09:31:41:407,-3.9675,-6.78875,"0,281",10,0,0,-3,"50,766","3,402823466385289e+38","-15,625"
2026 02 19 09:31:41:409,-3.9675,-6.87625,"0,281",10,0,0,-3,"50,766","3,402823466385289e+38","-7,8125"
2026 02 19 09:31:41:411,-3.9675,-6.78875,"0,281",10,0,0,-3,"50,766","3,402823466385289e+38",0
2026 02 19 09:31:41:413,-3.9675,-6.70125,"0,281",10,0,0,-3,"50,766","3,402823466385289e+38","-3,9062"
2026 02 19 09:31:41:415,-3.9985,-6.78875,"0,281",10,0,0,-3,"50,766","3,402823466385289e+38","-3,9062"
2026 02 19 09:31:41:417,-3.9675,-6.87625,"0,281",10,0,0,-3,"50,766","3,402823466385289e+38","-3,9062"
2026 02 19 09:31:41:419,-3.9675,-6.78875,"0,281",10,0,0,-3,"50,766","3,402823466385289e+38",0
2026 02 19 09:31:41:421,-3.9675,-6.78875,"0,281",10,0,0,-3,"50,766","3,402823466385289e+38","15,625"
2026 02 19 09:31:41:423,-3.9675,-6.78875,"0,281",10,0,0,-3,"50,766","3,402823466385289e+38","23,4375"
2026 02 19 09:31:41:425,-3.9675,-6.78875,"0,281",10,0,0,-3,"50,766","3,402823466385289e+38","-3,9062"
2026 02 19 09:31:41:427,-3.9334,-6.70125,"0,281",10,0,0,-3,"50,766","3,402823466385289e+38","-15,625"
2026 02 19 09:31:41:429,-3.9675,-6.87625,"0,281",10,0,0,-3,"50,766","3,402823466385289e+38","-3,9062"
2026 02 19 09:31:41:431,-3.9985,-6.78875,"0,281",10,0,0,-3,"50,766","3,402823466385289e+38",0
2026 02 19 09:31:41:433,-3.9334,-6.78875,"0,281",10,0,0,-3,"50,766","3,402823466385289e+38","-3,9062"
2026 02 19 09:31:41:435,-3.9985,-6.87625,"0,281",10,0,0,-3,"50,766","3,402823466385289e+38",0
2026 02 19 09:31:41:437,-3.9985,-6.78875,"0,281",10,0,0,-3,"50,766","3,402823466385289e+38","-3,9062"
2026 02 19 09:31:41:439,-3.9675,-6.78875,"0,281",10,0,0,-3,"50,766","3,402823466385289e+38",0
2026 02 19 09:31:41:441,-3.9675,-6.78875,"0,281",10,0,0,-3,"50,766","3,402823466385289e+38","15,625"
2026 02 19 09:31:41:443,-3.9675,-6.78875,"0,281",10,0,0,-3,"50,766","3,402823466385289e+38","23,4375"
2026 02 19 09:31:41:445,-3.9675,-6.87625,"0,281",10,0,0,-3,"50,766","3,402823466385289e+38","-3,9062"
2026 02 19 09:31:41:447,-3.9675,-6.78875,"0,281",10,0,0,-3,"50,766","3,402823466385289e+38","-15,625"
2026 02 19 09:31:41:449,-3.9675,-6.87625,"0,281",10,0,0,-3,"50,766","3,402823466385289e+38","-7,8125"
2026 02 19 09:31:41:451,-3.9985,-6.78875,"0,281",10,0,0,-3,"50,766","3,402823466385289e+38","-3,9062"
2026 02 19 09:31:41:453,-3.9675,-6.78875,"0,281",10,0,0,-3,"50,766","3,402823466385289e+38",0
2026 02 19 09:31:41:455,-3.9675,-6.87625,"0,281",10,0,0,-3,"50,766","3,402823466385289e+38",0
2026 02 19 09:31:41:457,-3.9334,-6.78875,"0,281",10,0,0,-3,"50,766","3,402823466385289e+38",0
2026 02 19 09:31:41:459,-3.9675,-6.78875,"0,281",10,0,0,-3,"50,766","3,402823466385289e+38",0
2026 02 19 09:31:41:461,-3.9675,-6.78875,"0,281",10,0,0,-3,"50,766","3,402823466385289e+38","15,625"
2026 02 19 09:31:41:463,-3.9675,-6.87625,"0,281",10,0,0,-3,"50,766","3,402823466385289e+38","23,4375"
2026 02 19 09:31:41:465,-3.9334,-6.78875,"0,281",10,0,0,-3,"50,766","3,402823466385289e+38","-3,9062"
2026 02 19 09:31:41:467,-3.9675,-6.87625,"0,281",10,0,0,-3,"50,766","3,402823466385289e+38","-15,625"
2026 02 19 09:31:41:469,-3.9675,-6.70125,"0,281",10,0,0,-3,"50,766","3,402823466385289e+38","-7,8125"
2026 02 19 09:31:41:471,-3.9675,-6.87625,"0,281",10,0,0,-3,"50,766","3,402823466385289e+38",0
2026 02 19 09:31:41:473,-3.9675,-6.78875,"0,281",10,0,0,-3,"50,766","3,402823466385289e+38",0
2026 02 19 09:31:41:475,-3.9675,-6.78875,"0,281",10,0,0,-3,"50,766","3,402823466385289e+38",0
2026 02 19 09:31:41:477,-3.9985,-6.78875,"0,281",10,0,0,-3,"50,766","3,402823466385289e+38","-3,9062"
2026 02 19 09:31:41:479,-3.9334,-6.78875,"0,281",10,0,0,-3,"50,766","3,402823466385289e+38",0
2026 02 19 09:31:41:481,-3.9675,-6.78875,"0,281",10,0,0,-3,"50,766","3,402823466385289e+38","15,625"
2026 02 19 09:31:41:483,-3.9675,-6.70125,"0,281",10,0,0,-3,"50,766","3,402823466385289e+38","19,5313"
2026 02 19 09:31:41:485,-3.9675,-6.70125,"0,281",10,0,0,-3,"50,766","3,402823466385289e+38",0
2026 02 19 09:31:41:487,-3.9675,-6.78875,"0,281",10,0,0,-3,"50,766","3,402823466385289e+38","-19,5312"
2026 02 19 09:31:41:489,-3.9675,-6.78875,"0,281",10,0,0,-3,"53,009","3,402823466385289e+38","-7,8125"
2026 02 19 09:31:41:491,-3.9334,-6.87625,"0,281",10,0,0,-3,"53,009","3,402823466385289e+38",0
2026 02 19 09:31:41:493,-3.9675,-6.78875,"0,281",10,0,0,-3,"53,009","3,402823466385289e+38",0
2026 02 19 09:31:41:495,-3.9675,-6.78875,"0,281",10,0,0,-3,"53,009","3,402823466385289e+38",0
2026 02 19 09:31:41:497,-3.9675,-6.87625,"0,281",10,0,0,-3,"53,009","3,402823466385289e+38","-3,9062"
2026 02 19 09:31:41:499,-3.9675,-6.78875,"0,281",10,0,0,-3,"53,009","3,402823466385289e+38",0
2026 02 19 09:31:41:501,-3.9334,-6.78875,"0,281",10,0,0,-3,"53,009","3,402823466385289e+38","15,625"
2026 02 19 09:31:41:503,-3.9675,-6.78875,"0,281",10,0,0,-3,"53,009","3,402823466385289e+38","23,4375"
2026 02 19 09:31:41:505,-3.9675,-6.87625,"0,281",10,0,0,-3,"53,009","3,402823466385289e+38",0
2026 02 19 09:31:41:507,-3.9675,-6.78875,"0,281",10,0,0,-3,"53,009","3,402823466385289e+38","-15,625"
2026 02 19 09:31:41:509,-3.9985,-6.78875,"0,281",10,0,0,-3,"53,009","3,402823466385289e+38","-7,8125"
2026 02 19 09:31:41:511,-3.9675,-6.87625,"0,281",10,0,0,-3,"53,009","3,402823466385289e+38",0
2026 02 19 09:31:41:513,-3.9675,-6.78875,"0,281",10,0,0,-3,"53,009","3,402823466385289e+38",0
2026 02 19 09:31:41:515,-3.9675,-6.87625,"0,281",10,0,0,-3,"53,009","3,402823466385289e+38",0
2026 02 19 09:31:41:517,-3.9985,-6.78875,"0,281",10,0,0,-3,"53,009","3,402823466385289e+38",0
2026 02 19 09:31:41:519,-3.9675,-6.78875,"0,281",10,0,0,-3,"53,009","3,402823466385289e+38",0
2026 02 19 09:31:41:521,-3.9675,-6.87625,"0,281",10,0,0,-3,"53,009","3,402823466385289e+38","15,625"
2026 02 19 09:31:41:523,-3.9675,-6.70125,"0,281",10,0,0,-3,"53,009","3,402823466385289e+38","19,5313"
2026 02 19 09:31:41:525,-3.9675,-6.78875,"0,281",10,0,0,-3,"53,009","3,402823466385289e+38","-3,9062"
2026 02 19 09:31:41:527,-3.9985,-6.78875,"0,281",10,0,0,-3,"53,009","3,402823466385289e+38","-15,625"
2026 02 19 09:31:41:529,-3.9985,-6.78875,"0,281",10,0,0,-3,"53,009","3,402823466385289e+38","-7,8125"
2026 02 19 09:31:41:531,-3.9675,-6.70125,"0,281",10,0,0,-3,"53,009","3,402823466385289e+38",0
2026 02 19 09:31:41:533,-3.9675,-6.78875,"0,281",10,0,0,-3,"53,009","3,402823466385289e+38",0
2026 02 19 09:31:41:535,-3.9675,-6.78875,"0,281",10,0,0,-3,"53,009","3,402823466385289e+38",0
2026 02 19 09:31:41:537,-3.9675,-6.70125,"0,281",10,0,0,-3,"53,009","3,402823466385289e+38",0
2026 02 19 09:31:41:539,-3.9675,-6.78875,"0,281",10,0,0,-3,"53,009","3,402823466385289e+38",0
2026 02 19 09:31:41:541,-3.9675,-6.87625,"0,281",10,0,0,-3,"53,009","3,402823466385289e+38","15,625"
2026 02 19 09:31:41:543,-3.9675,-6.78875,"0,281",10,0,0,-3,"53,009","3,402823466385289e+38","19,5313"
2026 02 19 09:31:41:545,-3.9675,-6.78875,"0,281",10,0,0,-3,"53,009","3,402823466385289e+38",0
2026 02 19 09:31:41:547,-3.9675,-6.78875,"0,281",10,0,0,-3,"53,009","3,402823466385289e+38","-15,625"
2026 02 19 09:31:41:549,-3.9675,-6.78875,"0,281",10,0,0,-3,"53,009","3,402823466385289e+38","-7,8125"
2026 02 19 09:31:41:551,-3.9675,-6.87625,"0,281",10,0,0,-3,"53,009","3,402823466385289e+38","-3,9062"
2026 02 19 09:31:41:553,-3.9675,-6.78875,"0,281",10,0,0,-3,"53,009","3,402823466385289e+38",0
2026 02 19 09:31:41:555,-3.9675,-6.87625,"0,281",10,0,0,-3,"53,009","3,402823466385289e+38","3,9063"
2026 02 19 09:31:41:557,-3.9985,-6.78875,"0,281",10,0,0,-3,"53,009","3,402823466385289e+38",0
2026 02 19 09:31:41:559,-3.9675,-6.78875,"0,281",10,0,0,-3,"53,009","3,402823466385289e+38",0
2026 02 19 09:31:41:561,-3.9334,-6.87625,"0,281",10,0,0,-3,"53,009","3,402823466385289e+38","15,625"
2026 02 19 09:31:41:563,-3.9675,-6.78875,"0,281",10,0,0,-3,"53,009","3,402823466385289e+38","23,4375"
2026 02 19 09:31:41:565,-3.9675,-6.87625,"0,281",10,0,0,-3,"53,009","3,402823466385289e+38",0
2026 02 19 09:31:41:567,-3.9675,-6.87625,"0,281",10,0,0,-3,"53,009","3,402823466385289e+38","-15,625"
2026 02 19 09:31:41:569,-3.9675,-6.78875,"0,281",10,0,0,-3,"53,009","3,402823466385289e+38","-7,8125"
2026 02 19 09:31:41:571,-3.9334,-6.78875,"0,281",10,0,0,-3,"53,009","3,402823466385289e+38",0
2026 02 19 09:31:41:573,-3.9334,-6.70125,"0,281",10,0,0,-3,"53,009","3,402823466385289e+38","-3,9062"
2026 02 19 09:31:41:575,-3.9675,-6.70125,"0,281",10,0,0,-3,"53,009","3,402823466385289e+38","-3,9062"
2026 02 19 09:31:41:577,-3.9985,-6.78875,"0,281",10,0,0,-3,"53,009","3,402823466385289e+38",0
2026 02 19 09:31:41:579,-3.9675,-6.78875,"0,281",10,0,0,-3,"53,009","3,402823466385289e+38",0
2026 02 19 09:31:41:581,-3.9334,-6.78875,"0,281",10,0,0,-3,"53,009","3,402823466385289e+38","15,625"
2026 02 19 09:31:41:583,-3.9675,-6.78875,"0,281",10,0,0,-3,"53,009","3,402823466385289e+38","23,4375"
2026 02 19 09:31:41:585,-3.9675,-6.87625,"0,281",10,0,0,-3,"53,009","3,402823466385289e+38","-3,9062"
2026 02 19 09:31:41:587,-3.9675,-6.87625,"0,281",10,0,0,-3,"53,009","3,402823466385289e+38","-15,625"
2026 02 19 09:31:41:589,-3.9675,-6.78875,"0,281",10,0,0,-3,"53,009","3,402823466385289e+38","-11,7187"
2026 02 19 09:31:41:591,-3.9675,-6.78875,"0,281",10,0,0,-3,"53,009","3,402823466385289e+38",0
2026 02 19 09:31:41:593,-3.9675,-6.78875,"0,281",10,0,0,-3,"53,009","3,402823466385289e+38","-3,9062"
2026 02 19 09:31:41:595,-3.9675,-6.87625,"0,281",10,0,0,-3,"53,009","3,402823466385289e+38",0
2026 02 19 09:31:41:597,-3.9675,-6.78875,"0,281",10,0,0,-3,"53,009","3,402823466385289e+38",0
2026 02 19 09:31:41:599,-3.9675,-6.78875,"0,281",10,0,0,-3,"53,009","3,402823466385289e+38",0
2026 02 19 09:31:41:601,-3.9675,-6.78875,"0,281",10,0,0,-3,"53,009","3,402823466385289e+38","19,5313"
2026 02 19 09:31:41:603,-3.9675,-6.87625,"0,281",10,0,0,-3,"53,009","3,402823466385289e+38","19,5313"
2026 02 19 09:31:41:605,-3.9675,-6.87625,"0,281",10,0,0,-3,"53,009","3,402823466385289e+38",0
2026 02 19 09:31:41:607,-3.9334,-6.87625,"0,281",10,0,0,-3,"53,009","3,402823466385289e+38","-15,625"
2026 02 19 09:31:41:609,-3.9675,-6.78875,"0,281",10,0,0,-3,"53,009","3,402823466385289e+38","-11,7187"
2026 02 19 09:31:41:611,-3.9675,-6.70125,"0,281",10,0,0,-3,"53,009","3,402823466385289e+38",0
2026 02 19 09:31:41:613,-3.9675,-6.87625,"0,281",10,0,0,-3,"53,009","3,402823466385289e+38",0
2026 02 19 09:31:41:615,-3.9675,-6.87625,"0,281",10,0,0,-3,"53,009","3,402823466385289e+38",0
2026 02 19 09:31:41:617,-3.9675,-6.78875,"0,281",10,0,0,-3,"53,009","3,402823466385289e+38",0
2026 02 19 09:31:41:619,-3.9675,-6.78875,"0,281",10,0,0,-3,"53,009","3,402823466385289e+38",0
2026 02 19 09:31:41:621,-3.9675,-6.70125,"0,281",10,0,0,-3,"53,009","3,402823466385289e+38","15,625"
2026 02 19 09:31:41:623,-3.9675,-6.78875,"0,281",10,0,0,-3,"53,009","3,402823466385289e+38","19,5313"
2026 02 19 09:31:41:625,-3.9675,-6.78875,"0,281",10,0,0,-3,"53,009","3,402823466385289e+38",0
2026 02 19 09:31:41:627,-3.9675,-6.78875,"0,281",10,0,0,-3,"53,009","3,402823466385289e+38","-15,625"
2026 02 19 09:31:41:629,-3.9985,-6.78875,"0,281",10,0,0,-3,"53,009","3,402823466385289e+38","-7,8125"
2026 02 19 09:31:41:631,-3.9675,-6.78875,"0,281",10,0,0,-3,"53,009","3,402823466385289e+38",0
2026 02 19 09:31:41:633,-3.9334,-6.70125,"0,281",10,0,0,-3,"53,009","3,402823466385289e+38","-3,9062"
2026 02 19 09:31:41:635,-3.9675,-6.78875,"0,281",10,0,0,-3,"53,009","3,402823466385289e+38","-3,9062"
2026 02 19 09:31:41:637,-3.9675,-6.78875,"0,281",10,0,0,-3,"53,009","3,402823466385289e+38",0
2026 02 19 09:31:41:639,-3.9675,-6.78875,"0,281",10,0,0,-3,"53,009","3,402823466385289e+38","-3,9062"
2026 02 19 09:31:41:641,-3.9675,-6.70125,"0,281",10,0,0,-3,"53,009","3,402823466385289e+38","15,625"
2026 02 19 09:31:41:643,-3.9675,-6.70125,"0,281",10,0,0,-3,"53,009","3,402823466385289e+38","23,4375"
2026 02 19 09:31:41:645,-3.9675,-6.78875,"0,281",10,0,0,-3,"53,009","3,402823466385289e+38",0
2026 02 19 09:31:41:647,-3.9675,-6.78875,"0,281",10,0,0,-3,"53,009","3,402823466385289e+38","-15,625"
2026 02 19 09:31:41:649,-3.9675,-6.70125,"0,281",10,0,0,-3,"53,009","3,402823466385289e+38","-7,8125"
2026 02 19 09:31:41:651,-3.9675,-6.78875,"0,281",10,0,0,-3,"53,009","3,402823466385289e+38",0
2026 02 19 09:31:41:653,-3.9985,-6.87625,"0,281",10,0,0,-3,"53,009","3,402823466385289e+38",0
2026 02 19 09:31:41:655,-3.9675,-6.78875,"0,281",10,0,0,-3,"53,009","3,402823466385289e+38",0
2026 02 19 09:31:41:657,-3.9675,-6.78875,"0,281",10,0,0,-3,"53,009","3,402823466385289e+38","-3,9062"
2026 02 19 09:31:41:659,-3.9675,-6.87625,"0,281",10,0,0,-3,"53,009","3,402823466385289e+38",0
2026 02 19 09:31:41:661,-3.9675,-6.87625,"0,281",10,0,0,-3,"53,009","3,402823466385289e+38","19,5313"
2026 02 19 09:31:41:663,-3.9985,-6.78875,"0,281",10,0,0,-3,"53,009","3,402823466385289e+38","19,5313"
2026 02 19 09:31:41:665,-3.9334,-6.87625,"0,281",10,0,0,-3,"53,009","3,402823466385289e+38",0
2026 02 19 09:31:41:667,-3.9675,-6.78875,"0,281",10,0,0,-3,"53,009","3,402823466385289e+38","-15,625"
2026 02 19 09:31:41:669,-3.9675,-6.70125,"0,281",10,0,0,-3,"53,009","3,402823466385289e+38","-7,8125"
2026 02 19 09:31:41:671,-3.9675,-6.78875,"0,281",10,0,0,-3,"53,009","3,402823466385289e+38",0
2026 02 19 09:31:41:673,-3.9675,-6.78875,"0,281",10,0,0,-3,"53,009","3,402823466385289e+38",0
2026 02 19 09:31:41:675,-3.9334,-6.78875,"0,281",10,0,0,-3,"53,009","3,402823466385289e+38",0
2026 02 19 09:31:41:677,-3.9675,-6.78875,"0,281",10,0,0,-3,"53,009","3,402823466385289e+38","-3,9062"
2026 02 19 09:31:41:679,-3.9675,-6.78875,"0,281",10,0,0,-3,"53,009","3,402823466385289e+38",0
2026 02 19 09:31:41:681,-3.9675,-6.78875,"0,281",10,0,0,-3,"53,009","3,402823466385289e+38","15,625"
2026 02 19 09:31:41:683,-3.9985,-6.78875,"0,281",10,0,0,-3,"53,009","3,402823466385289e+38","23,4375"
2026 02 19 09:31:41:685,-3.9675,-6.78875,"0,281",10,0,0,-3,"53,009","3,402823466385289e+38","-3,9062"
2026 02 19 09:31:41:687,-3.9675,-6.78875,"0,281",10,0,0,-3,"53,009","3,402823466385289e+38","-11,7187"
2026 02 19 09:31:41:689,-3.9675,-6.78875,"0,281",10,0,0,-3,"53,009","3,402823466385289e+38","-7,8125"
2026 02 19 09:31:41:691,-3.9675,-6.78875,"0,281",10,0,0,-3,"53,009","3,402823466385289e+38",0
2026 02 19 09:31:41:693,-3.9675,-6.78875,"0,281",10,0,0,-3,"53,009","3,402823466385289e+38",0
2026 02 19 09:31:41:695,-3.9675,-6.78875,"0,281",10,0,0,-3,"53,009","3,402823466385289e+38",0
2026 02 19 09:31:41:697,-3.9985,-6.78875,"0,281",10,0,0,-3,"53,009","3,402823466385289e+38",0
2026 02 19 09:31:41:699,-3.9675,-6.78875,"0,281",10,0,0,-3,"53,009","3,402823466385289e+38",0
2026 02 19 09:31:41:701,-3.9675,-6.78875,"0,281",10,0,0,-3,"53,009","3,402823466385289e+38","19,5313"
2026 02 19 09:31:41:703,-3.9675,-6.70125,"0,281",10,0,0,-3,"53,009","3,402823466385289e+38","19,5313"
2026 02 19 09:31:41:705,-3.9675,-6.78875,"0,281",10,0,0,-3,"53,009","3,402823466385289e+38",0
2026 02 19 09:31:41:707,-3.9675,-6.78875,"0,281",10,0,0,-3,"53,009","3,402823466385289e+38","-11,7187"
2026 02 19 09:31:41:709,-3.9675,-6.78875,"0,281",10,0,0,-3,"53,009","3,402823466385289e+38","-7,8125"
2026 02 19 09:31:41:711,-3.9675,-6.78875,"0,281",10,0,0,-3,"53,009","3,402823466385289e+38",0
2026 02 19 09:31:41:713,-3.9675,-6.87625,"0,281",10,0,0,-3,"53,009","3,402823466385289e+38",0
2026 02 19 09:31:41:715,-3.9675,-6.78875,"0,281",10,0,0,-3,"53,009","3,402823466385289e+38",0
2026 02 19 09:31:41:717,-3.9985,-6.78875,"0,281",10,0,0,-3,"53,009","3,402823466385289e+38","-3,9062"
2026 02 19 09:31:41:719,-3.9675,-6.78875,"0,281",10,0,0,-3,"53,009","3,402823466385289e+38",0
2026 02 19 09:31:41:721,-3.9675,-6.87625,"0,281",10,0,0,-3,"53,009","3,402823466385289e+38","15,625"
2026 02 19 09:31:41:723,-3.9675,-6.78875,"0,281",10,0,0,-3,"53,009","3,402823466385289e+38","19,5313"
2026 02 19 09:31:41:725,-3.9675,-6.78875,"0,281",10,0,0,-3,"53,009","3,402823466385289e+38",0
2026 02 19 09:31:41:727,-3.9985,-6.78875,"0,281",10,0,0,-3,"53,009","3,402823466385289e+38","-11,7187"
2026 02 19 09:31:41:729,-3.9675,-6.78875,"0,281",10,0,0,-3,"53,009","3,402823466385289e+38","-11,7187"
2026 02 19 09:31:41:731,-3.9675,-6.78875,"0,281",10,0,0,-3,"53,009","3,402823466385289e+38","-3,9062"
2026 02 19 09:31:41:733,-3.9675,-6.70125,"0,281",10,0,0,-3,"53,009","3,402823466385289e+38","-3,9062"
2026 02 19 09:31:41:735,-3.9675,-6.78875,"0,281",10,0,0,-3,"53,009","3,402823466385289e+38","-3,9062"
2026 02 19 09:31:41:737,-3.9334,-6.78875,"0,281",10,0,0,-3,"53,009","3,402823466385289e+38","-3,9062"
2026 02 19 09:31:41:739,-3.9675,-6.87625,"0,281",10,0,0,-3,"53,009","3,402823466385289e+38",0
2026 02 19 09:31:41:741,-3.9675,-6.78875,"0,281",10,0,0,-3,"53,009","3,402823466385289e+38","19,5313"
2026 02 19 09:31:41:743,-3.9334,-6.78875,"0,281",10,0,0,-3,"53,009","3,402823466385289e+38","19,5313"
2026 02 19 09:31:41:745,-3.9675,-6.78875,"0,281",10,0,0,-3,"53,009","3,402823466385289e+38",0
2026 02 19 09:31:41:747,-3.9675,-6.78875,"0,281",10,0,0,-3,"53,009","3,402823466385289e+38","-11,7187"
2026 02 19 09:31:41:749,-3.9675,-6.78875,"0,281",10,0,0,-3,"53,009","3,402823466385289e+38","-7,8125"
2026 02 19 09:31:41:751,-3.9675,-6.78875,"0,281",10,0,0,-3,"53,009","3,402823466385289e+38","-3,9062"
2026 02 19 09:31:41:753,-3.9675,-6.78875,"0,281",10,0,0,-3,"53,009","3,402823466385289e+38",0
2026 02 19 09:31:41:755,-3.9675,-6.78875,"0,281",10,0,0,-3,"53,009","3,402823466385289e+38","-3,9062"
2026 02 19 09:31:41:757,-3.9985,-6.78875,"0,281",10,0,0,-3,"53,009","3,402823466385289e+38",0
2026 02 19 09:31:41:759,-3.9675,-6.78875,"0,281",10,0,0,-3,"53,009","3,402823466385289e+38","-3,9062"
2026 02 19 09:31:41:761,-3.9675,-6.78875,"0,281",10,0,0,-3,"53,009","3,402823466385289e+38","19,5313"
2026 02 19 09:31:41:763,-3.9675,-6.78875,"0,281",10,0,0,-3,"53,009","3,402823466385289e+38","23,4375"
2026 02 19 09:31:41:765,-3.9985,-6.78875,"0,281",10,0,0,-3,"53,009","3,402823466385289e+38",0
2026 02 19 09:31:41:767,-3.9024,-6.70125,"0,281",10,0,0,-3,"53,009","3,402823466385289e+38","-11,7187"
2026 02 19 09:31:41:769,-3.9985,-6.87625,"0,281",10,0,0,-3,"53,009","3,402823466385289e+38","-7,8125"
2026 02 19 09:31:41:771,-3.9675,-6.78875,"0,281",10,0,0,-3,"53,009","3,402823466385289e+38",0
2026 02 19 09:31:41:773,-3.9675,-6.78875,"0,281",10,0,0,-3,"53,009","3,402823466385289e+38",0
2026 02 19 09:31:41:775,-3.9985,-6.78875,"0,281",10,0,0,-3,"53,009","3,402823466385289e+38",0
2026 02 19 09:31:41:777,-3.9675,-6.70125,"0,281",10,0,0,-3,"53,009","3,402823466385289e+38","-3,9062"
2026 02 19 09:31:41:779,-3.9985,-6.87625,"0,281",10,0,0,-3,"53,009","3,402823466385289e+38",0
2026 02 19 09:31:41:781,-3.9675,-6.87625,"0,281",10,0,0,-3,"53,009","3,402823466385289e+38","19,5313"
2026 02 19 09:31:41:783,-3.9675,-6.78875,"0,281",10,0,0,-3,"53,009","3,402823466385289e+38","19,5313"
2026 02 19 09:31:41:785,-3.9675,-6.87625,"0,281",10,0,0,-3,"53,009","3,402823466385289e+38",0
2026 02 19 09:31:41:787,-3.9334,-6.78875,"0,281",10,0,0,-3,"53,009","3,402823466385289e+38","-7,8125"
2026 02 19 09:31:41:789,-3.9675,-6.78875,"0,281",10,0,0,-3,"53,009","3,402823466385289e+38","-7,8125"
2026 02 19 09:31:41:791,-3.9334,-6.87625,"0,281",10,0,0,-3,"52,8412","3,402823466385289e+38",0
2026 02 19 09:31:41:793,-3.9675,-6.78875,"0,281",10,0,0,-3,"52,8412","3,402823466385289e+38",0
2026 02 19 09:31:41:795,-3.9675,-6.78875,"0,281",10,0,0,-3,"52,8412","3,402823466385289e+38",0
2026 02 19 09:31:41:797,-3.9675,-6.78875,"0,281",10,0,0,-3,"52,8412","3,402823466385289e+38",0
2026 02 19 09:31:41:799,-3.9675,-6.78875,"0,281",10,0,0,-3,"52,8412","3,402823466385289e+38",0
2026 02 19 09:31:41:801,-3.9675,-6.78875,"0,281",10,0,0,-3,"52,8412","3,402823466385289e+38","19,5313"
2026 02 19 09:31:41:803,-3.9985,-6.78875,"0,281",10,0,0,-3,"52,8412","3,402823466385289e+38","23,4375"
2026 02 19 09:31:41:805,-3.9675,-6.78875,"0,281",10,0,0,-3,"52,8412","3,402823466385289e+38",0
2026 02 19 09:31:41:807,-3.9675,-6.78875,"0,281",10,0,0,-3,"52,8412","3,402823466385289e+38","-11,7187"
2026 02 19 09:31:41:809,-3.9675,-6.87625,"0,281",10,0,0,-3,"52,8412","3,402823466385289e+38","-7,8125"
2026 02 19 09:31:41:811,-3.9675,-6.78875,"0,281",10,0,0,-3,"52,8412","3,402823466385289e+38",0
2026 02 19 09:31:41:813,-3.9675,-6.78875,"0,281",10,0,0,-3,"52,8412","3,402823466385289e+38","-3,9062"
2026 02 19 09:31:41:815,-3.9675,-6.70125,"0,281",10,0,0,-3,"52,8412","3,402823466385289e+38",0
2026 02 19 09:31:41:817,-3.9675,-6.78875,"0,281",10,0,0,-3,"52,8412","3,402823466385289e+38",0
2026 02 19 09:31:41:819,-3.9675,-6.78875,"0,281",10,0,0,-3,"52,8412","3,402823466385289e+38",0
2026 02 19 09:31:41:821,-3.9985,-6.78875,"0,281",10,0,0,-3,"52,8412","3,402823466385289e+38","19,5313"
2026 02 19 09:31:41:823,-3.9675,-6.70125,"0,281",10,0,0,-3,"52,8412","3,402823466385289e+38","19,5313"
2026 02 19 09:31:41:825,-3.9334,-6.78875,"0,281",10,0,0,-3,"52,8412","3,402823466385289e+38","3,9063"
2026 02 19 09:31:41:827,-3.9985,-6.78875,"0,281",10,0,0,-3,"52,8412","3,402823466385289e+38","-11,7187"
2026 02 19 09:31:41:829,-3.9675,-6.78875,"0,281",10,0,0,-3,"52,8412","3,402823466385289e+38","-7,8125"
2026 02 19 09:31:41:831,-3.9985,-6.78875,"0,281",10,0,0,-3,"52,8412","3,402823466385289e+38","-3,9062"
2026 02 19 09:31:41:833,-3.9675,-6.78875,"0,281",10,0,0,-3,"52,8412","3,402823466385289e+38",0
2026 02 19 09:31:41:835,-3.9675,-6.78875,"0,281",10,0,0,-3,"52,8412","3,402823466385289e+38",0
2026 02 19 09:31:41:837,-3.9334,-6.70125,"0,281",10,0,0,-3,"52,8412","3,402823466385289e+38","-3,9062"
2026 02 19 09:31:41:839,-3.9675,-6.78875,"0,281",10,0,0,-3,"52,8412","3,402823466385289e+38",0
2026 02 19 09:31:41:841,-3.9675,-6.78875,"0,281",10,0,0,-3,"52,8412","3,402823466385289e+38","19,5313"
2026 02 19 09:31:41:843,-3.9675,-6.78875,"0,281",10,0,0,-3,"52,8412","3,402823466385289e+38","19,5313"
2026 02 19 09:31:41:845,-3.9675,-6.78875,"0,281",10,0,0,-3,"52,8412","3,402823466385289e+38",0
2026 02 19 09:31:41:847,-3.9334,-6.78875,"0,281",10,0,0,-3,"52,8412","3,402823466385289e+38","-11,7187"
2026 02 19 09:31:41:849,-3.9675,-6.78875,"0,281",10,0,0,-3,"52,8412","3,402823466385289e+38","-7,8125"
2026 02 19 09:31:41:851,-3.9334,-6.78875,"0,281",10,0,0,-3,"52,8412","3,402823466385289e+38",0
2026 02 19 09:31:41:853,-3.9334,-6.87625,"0,281",10,0,0,-3,"52,8412","3,402823466385289e+38","-3,9062"
2026 02 19 09:31:41:855,-3.9675,-6.87625,"0,281",10,0,0,-3,"52,8412","3,402823466385289e+38",0
2026 02 19 09:31:41:857,-3.9675,-6.87625,"0,281",10,0,0,-3,"52,8412","3,402823466385289e+38","-3,9062"
2026 02 19 09:31:41:859,-3.9675,-6.87625,"0,281",10,0,0,-3,"52,8412","3,402823466385289e+38","3,9063"
2026 02 19 09:31:41:861,-3.9985,-6.78875,"0,281",10,0,0,-3,"52,8412","3,402823466385289e+38","19,5313"
2026 02 19 09:31:41:863,-3.9985,-6.87625,"0,281",10,0,0,-3,"52,8412","3,402823466385289e+38","19,5313"
2026 02 19 09:31:41:865,-3.9675,-6.87625,"0,281",10,0,0,-3,"52,8412","3,402823466385289e+38",0
2026 02 19 09:31:41:867,-3.9334,-6.78875,"0,281",10,0,0,-3,"52,8412","3,402823466385289e+38","-11,7187"
2026 02 19 09:31:41:869,-3.9675,-6.78875,"0,281",10,0,0,-3,"52,8412","3,402823466385289e+38","-7,8125"
2026 02 19 09:31:41:871,-3.9675,-6.70125,"0,281",10,0,0,-3,"52,8412","3,402823466385289e+38",0
2026 02 19 09:31:41:873,-3.9675,-6.78875,"0,281",10,0,0,-3,"52,8412","3,402823466385289e+38","-3,9062"
2026 02 19 09:31:41:875,-3.9675,-6.87625,"0,281",10,0,0,-3,"52,8412","3,402823466385289e+38",0
2026 02 19 09:31:41:877,-3.9334,-6.78875,"0,281",10,0,0,-3,"52,8412","3,402823466385289e+38",0
2026 02 19 09:31:41:879,-3.9675,-6.87625,"0,281",10,0,0,-3,"52,8412","3,402823466385289e+38",0
2026 02 19 09:31:41:881,-3.9334,-6.78875,"0,281",10,0,0,-3,"52,8412","3,402823466385289e+38","19,5313"
2026 02 19 09:31:41:883,-3.9675,-6.78875,"0,281",10,0,0,-3,"52,8412","3,402823466385289e+38","19,5313"
2026 02 19 09:31:41:885,-3.9675,-6.78875,"0,281",10,0,0,-3,"52,8412","3,402823466385289e+38",0
2026 02 19 09:31:41:887,-3.9675,-6.78875,"0,281",10,0,0,-3,"52,8412","3,402823466385289e+38","-15,625"
2026 02 19 09:31:41:889,-3.9675,-6.78875,"0,281",10,0,0,-3,"52,8412","3,402823466385289e+38","-11,7187"
2026 02 19 09:31:41:891,-3.9675,-6.78875,"0,281",10,0,0,-3,"52,8412","3,402823466385289e+38",0
2026 02 19 09:31:41:893,-3.9675,-6.78875,"0,281",10,0,0,-3,"52,8412","3,402823466385289e+38","-3,9062"
2026 02 19 09:31:41:895,-3.9675,-6.78875,"0,281",10,0,0,-3,"52,8412","3,402823466385289e+38",0
2026 02 19 09:31:41:897,-3.9675,-6.78875,"0,281",10,0,0,-3,"52,8412","3,402823466385289e+38",0
2026 02 19 09:31:41:899,-3.9675,-6.87625,"0,281",10,0,0,-3,"52,8412","3,402823466385289e+38",0
2026 02 19 09:31:41:901,-3.9675,-6.78875,"0,281",10,0,0,-3,"52,8412","3,402823466385289e+38","19,5313"
2026 02 19 09:31:41:903,-3.9334,-6.78875,"0,281",10,0,0,-3,"52,8412","3,402823466385289e+38","15,625"
2026 02 19 09:31:41:905,-3.9675,-6.70125,"0,281",10,0,0,-3,"52,8412","3,402823466385289e+38",0
2026 02 19 09:31:41:907,-3.9675,-6.78875,"0,281",10,0,0,-3,"52,8412","3,402823466385289e+38","-11,7187"
2026 02 19 09:31:41:909,-3.9985,-6.87625,"0,281",10,0,0,-3,"52,8412","3,402823466385289e+38","-7,8125"
2026 02 19 09:31:41:911,-3.9334,-6.87625,"0,281",10,0,0,-3,"52,8412","3,402823466385289e+38",0
2026 02 19 09:31:41:913,-3.9675,-6.87625,"0,281",10,0,0,-3,"52,8412","3,402823466385289e+38","-3,9062"
2026 02 19 09:31:41:915,-3.9675,-6.78875,"0,281",10,0,0,-3,"52,8412","3,402823466385289e+38",0
2026 02 19 09:31:41:917,-3.9675,-6.78875,"0,281",10,0,0,-3,"52,8412","3,402823466385289e+38",0
2026 02 19 09:31:41:919,-3.9675,-6.87625,"0,281",10,0,0,-3,"52,8412","3,402823466385289e+38",0
2026 02 19 09:31:41:921,-3.9675,-6.70125,"0,281",10,0,0,-3,"52,8412","3,402823466385289e+38","19,5313"
2026 02 19 09:31:41:923,-3.9675,-6.78875,"0,281",10,0,0,-3,"52,8412","3,402823466385289e+38","19,5313"
2026 02 19 09:31:41:925,-3.9675,-6.78875,"0,281",10,0,0,-3,"52,8412","3,402823466385289e+38",0
2026 02 19 09:31:41:927,-3.9675,-6.78875,"0,281",10,0,0,-3,"52,8412","3,402823466385289e+38","-15,625"
2026 02 19 09:31:41:929,-3.9675,-6.78875,"0,281",10,0,0,-3,"52,8412","3,402823466385289e+38","-7,8125"
2026 02 19 09:31:41:931,-3.9334,-6.78875,"0,281",10,0,0,-3,"52,8412","3,402823466385289e+38","-3,9062"
2026 02 19 09:31:41:933,-3.9334,-6.78875,"0,281",10,0,0,-3,"52,8412","3,402823466385289e+38",0
2026 02 19 09:31:41:935,-3.9675,-6.87625,"0,281",10,0,0,-3,"52,8412","3,402823466385289e+38","-3,9062"
2026 02 19 09:31:41:937,-3.9675,-6.78875,"0,281",10,0,0,-3,"52,8412","3,402823466385289e+38","-3,9062"
2026 02 19 09:31:41:939,-3.9675,-6.78875,"0,281",10,0,0,-3,"52,8412","3,402823466385289e+38",0
2026 02 19 09:31:41:941,-3.9675,-6.78875,"0,281",10,0,0,-3,"52,8412","3,402823466385289e+38","19,5313"
2026 02 19 09:31:41:943,-3.9675,-6.87625,"0,281",10,0,0,-3,"52,8412","3,402823466385289e+38","19,5313"
2026 02 19 09:31:41:945,-3.9675,-6.87625,"0,281",10,0,0,-3,"52,8412","3,402823466385289e+38",0
2026 02 19 09:31:41:947,-3.9985,-6.78875,"0,281",10,0,0,-3,"52,8412","3,402823466385289e+38","-11,7187"
2026 02 19 09:31:41:949,-3.9675,-6.70125,"0,281",10,0,0,-3,"52,8412","3,402823466385289e+38","-7,8125"
2026 02 19 09:31:41:951,-3.9675,-6.78875,"0,281",10,0,0,-3,"52,8412","3,402823466385289e+38",0
2026 02 19 09:31:41:953,-3.9675,-6.78875,"0,281",10,0,0,-3,"52,8412","3,402823466385289e+38","-3,9062"
2026 02 19 09:31:41:955,-3.9675,-6.78875,"0,281",10,0,0,-3,"52,8412","3,402823466385289e+38",0
2026 02 19 09:31:41:957,-3.9675,-6.78875,"0,281",10,0,0,-3,"52,8412","3,402823466385289e+38","-3,9062"
2026 02 19 09:31:41:959,-3.9675,-6.78875,"0,281",10,0,0,-3,"52,8412","3,402823466385289e+38",0
2026 02 19 09:31:41:961,-3.9334,-6.78875,"0,281",10,0,0,-3,"52,8412","3,402823466385289e+38","23,4375"
2026 02 19 09:31:41:963,-3.9675,-6.78875,"0,281",10,0,0,-3,"52,8412","3,402823466385289e+38","19,5313"
2026 02 19 09:31:41:965,-3.9334,-6.78875,"0,281",10,0,0,-3,"52,8412","3,402823466385289e+38","-3,9062"
2026 02 19 09:31:41:967,-3.9675,-6.78875,"0,281",10,0,0,-3,"52,8412","3,402823466385289e+38","-7,8125"
2026 02 19 09:31:41:969,-3.9334,-6.78875,"0,281",10,0,0,-3,"52,8412","3,402823466385289e+38","-7,8125"
2026 02 19 09:31:41:971,-3.9675,-6.70125,"0,281",10,0,0,-3,"52,8412","3,402823466385289e+38",0
2026 02 19 09:31:41:973,-3.9334,-6.78875,"0,281",10,0,0,-3,"52,8412","3,402823466385289e+38","-3,9062"
2026 02 19 09:31:41:975,-3.9675,-6.87625,"0,281",10,0,0,-3,"52,8412","3,402823466385289e+38",0
2026 02 19 09:31:41:977,-3.9675,-6.87625,"0,281",10,0,0,-3,"52,8412","3,402823466385289e+38","-3,9062"
2026 02 19 09:31:41:979,-3.9675,-6.78875,"0,281",10,0,0,-3,"52,8412","3,402823466385289e+38",0
2026 02 19 09:31:41:981,-3.9675,-6.78875,"0,281",10,0,0,-3,"52,8412","3,402823466385289e+38","15,625"
2026 02 19 09:31:41:983,-3.9985,-6.78875,"0,281",10,0,0,-3,"52,8412","3,402823466385289e+38","15,625"
2026 02 19 09:31:41:985,-3.9985,-6.78875,"0,281",10,0,0,-3,"52,8412","3,402823466385289e+38","-3,9062"
2026 02 19 09:31:41:987,-3.9985,-6.87625,"0,281",10,0,0,-3,"52,8412","3,402823466385289e+38","-7,8125"
2026 02 19 09:31:41:989,-3.9334,-6.78875,"0,281",10,0,0,-3,"52,8412","3,402823466385289e+38","-7,8125"
2026 02 19 09:31:41:991,-3.9675,-6.78875,"0,281",10,0,0,-3,"52,8412","3,402823466385289e+38","-3,9062"
2026 02 19 09:31:41:993,-3.9675,-6.70125,"0,281",10,0,0,-3,"52,8412","3,402823466385289e+38",0
2026 02 19 09:31:41:995,-3.9334,-6.78875,"0,281",10,0,0,-3,"52,8412","3,402823466385289e+38","-3,9062"
2026 02 19 09:31:41:997,-3.9675,-6.87625,"0,281",10,0,0,-3,"52,8412","3,402823466385289e+38",0
2026 02 19 09:31:41:999,-3.9675,-6.78875,"0,281",10,0,0,-3,"52,8412","3,402823466385289e+38","-3,9062"
2026 02 19 09:31:42:001,-3.9675,-6.78875,"0,281",10,0,0,-3,"52,8412","3,402823466385289e+38","19,5313"
2026 02 19 09:31:42:003,-3.9675,-6.78875,"0,281",10,0,0,-3,"52,8412","3,402823466385289e+38","15,625"
2026 02 19 09:31:42:005,-3.9675,-6.87625,"0,281",10,0,0,-3,"52,8412","3,402823466385289e+38",0
2026 02 19 09:31:42:007,-3.9675,-6.78875,"0,281",10,0,0,-3,"52,8412","3,402823466385289e+38","-7,8125"
2026 02 19 09:31:42:009,-3.9985,-6.78875,"0,281",10,0,0,-3,"52,8412","3,402823466385289e+38","-11,7187"
2026 02 19 09:31:42:011,-3.9675,-6.87625,"0,281",10,0,0,-3,"52,8412","3,402823466385289e+38","-3,9062"
2026 02 19 09:31:42:013,-3.9334,-6.78875,"0,281",10,0,0,-3,"52,8412","3,402823466385289e+38",0
2026 02 19 09:31:42:015,-3.9675,-6.78875,"0,281",10,0,0,-3,"52,8412","3,402823466385289e+38","-3,9062"
2026 02 19 09:31:42:017,-3.9675,-6.87625,"0,281",10,0,0,-3,"52,8412","3,402823466385289e+38",0
2026 02 19 09:31:42:019,-3.9675,-6.78875,"0,281",10,0,0,-3,"52,8412","3,402823466385289e+38","-3,9062"
2026 02 19 09:31:42:021,-3.9675,-6.78875,"0,281",10,0,0,-3,"52,8412","3,402823466385289e+38","19,5313"
2026 02 19 09:31:42:023,-3.9985,-6.78875,"0,281",10,0,0,-3,"52,8412","3,402823466385289e+38","11,7188"
2026 02 19 09:31:42:025,-3.9675,-6.78875,"0,281",10,0,0,-3,"52,8412","3,402823466385289e+38",0
2026 02 19 09:31:42:027,-3.9675,-6.78875,"0,281",10,0,0,-3,"52,8412","3,402823466385289e+38","-7,8125"
2026 02 19 09:31:42:029,-3.9675,-6.70125,"0,281",10,0,0,-3,"52,8412","3,402823466385289e+38","-7,8125"
2026 02 19 09:31:42:031,-3.9675,-6.78875,"0,281",10,0,0,-3,"52,8412","3,402823466385289e+38","-3,9062"
2026 02 19 09:31:42:033,-3.9675,-6.87625,"0,281",10,0,0,-3,"52,8412","3,402823466385289e+38","-3,9062"
2026 02 19 09:31:42:035,-3.9675,-6.70125,"0,281",10,0,0,-3,"52,8412","3,402823466385289e+38",0
2026 02 19 09:31:42:037,-3.9675,-6.78875,"0,281",10,0,0,-3,"52,8412","3,402823466385289e+38","-3,9062"
2026 02 19 09:31:42:039,-3.9675,-6.78875,"0,281",10,0,0,-3,"52,8412","3,402823466385289e+38","-3,9062"
2026 02 19 09:31:42:041,-3.9985,-6.78875,"0,281",10,0,0,-3,"52,8412","3,402823466385289e+38","19,5313"
2026 02 19 09:31:42:043,-3.9985,-6.78875,"0,281",10,0,0,-3,"52,8412","3,402823466385289e+38","15,625"
2026 02 19 09:31:42:045,-3.9675,-6.78875,"0,281",10,0,0,-3,"52,8412","3,402823466385289e+38",0
2026 02 19 09:31:42:047,-3.9675,-6.78875,"0,281",10,0,0,-3,"52,8412","3,402823466385289e+38","-7,8125"
2026 02 19 09:31:42:049,-3.9675,-6.78875,"0,281",10,0,0,-3,"52,8412","3,402823466385289e+38","-7,8125"
2026 02 19 09:31:42:051,-3.9675,-6.87625,"0,281",10,0,0,-3,"52,8412","3,402823466385289e+38","-3,9062"
2026 02 19 09:31:42:053,-3.9675,-6.87625,"0,281",10,0,0,-3,"52,8412","3,402823466385289e+38",0
2026 02 19 09:31:42:055,-3.9675,-6.87625,"0,281",10,0,0,-3,"52,8412","3,402823466385289e+38",0
2026 02 19 09:31:42:057,-3.9675,-6.87625,"0,281",10,0,0,-3,"52,8412","3,402823466385289e+38",0
2026 02 19 09:31:42:059,-3.9675,-6.78875,"0,281",10,0,0,-3,"52,8412","3,402823466385289e+38",0
2026 02 19 09:31:42:061,-3.9675,-6.78875,"0,281",10,0,0,-3,"52,8412","3,402823466385289e+38","19,5313"
2026 02 19 09:31:42:063,-3.9675,-6.78875,"0,281",10,0,0,-3,"52,8412","3,402823466385289e+38","15,625"
2026 02 19 09:31:42:065,-3.9675,-6.87625,"0,281",10,0,0,-3,"52,8412","3,402823466385289e+38","3,9063"
2026 02 19 09:31:42:067,-3.9675,-6.87625,"0,281",10,0,0,-3,"52,8412","3,402823466385289e+38","-3,9062"
2026 02 19 09:31:42:069,-3.9675,-6.78875,"0,281",10,0,0,-3,"52,8412","3,402823466385289e+38","-7,8125"
2026 02 19 09:31:42:071,-3.9675,-6.78875,"0,281",10,0,0,-3,"52,8412","3,402823466385289e+38","-3,9062"
2026 02 19 09:31:42:073,-3.9675,-6.78875,"0,281",10,0,0,-3,"52,8412","3,402823466385289e+38",0
2026 02 19 09:31:42:075,-3.9675,-6.78875,"0,281",10,0,0,-3,"52,8412","3,402823466385289e+38",0
2026 02 19 09:31:42:077,-3.9675,-6.78875,"0,281",10,0,0,-3,"52,8412","3,402823466385289e+38",0
2026 02 19 09:31:42:079,-3.9675,-6.78875,"0,281",10,0,0,-3,"52,8412","3,402823466385289e+38",0
2026 02 19 09:31:42:081,-3.9675,-6.78875,"0,281",10,0,0,-3,"52,8412","3,402823466385289e+38","23,4375"
2026 02 19 09:31:42:083,-3.9675,-6.78875,"0,281",10,0,0,-3,"52,8412","3,402823466385289e+38","11,7188"
2026 02 19 09:31:42:085,-3.9675,-6.78875,"0,281",10,0,0,-3,"52,8412","3,402823466385289e+38",0
2026 02 19 09:31:42:087,-3.9675,-6.70125,"0,281",10,0,0,-3,"52,8412","3,402823466385289e+38","-11,7187"
2026 02 19 09:31:42:089,-3.9675,-6.87625,"0,281",10,0,0,-3,"49,469","3,402823466385289e+38","-11,7187"
2026 02 19 09:31:42:091,-3.9334,-6.78875,"0,281",10,0,0,-3,"49,469","3,402823466385289e+38","-3,9062"
2026 02 19 09:31:42:093,-3.9675,-6.87625,"0,281",10,0,0,-3,"49,469","3,402823466385289e+38",0
2026 02 19 09:31:42:095,-3.9334,-6.78875,"0,281",10,0,0,-3,"49,469","3,402823466385289e+38",0
2026 02 19 09:31:42:097,-3.9675,-6.78875,"0,281",10,0,0,-3,"49,469","3,402823466385289e+38","-3,9062"
2026 02 19 09:31:42:099,-3.9675,-6.78875,"0,281",10,0,0,-3,"49,469","3,402823466385289e+38",0
2026 02 19 09:31:42:101,-3.9985,-6.78875,"0,281",10,0,0,-3,"49,469","3,402823466385289e+38","19,5313"
2026 02 19 09:31:42:103,-3.9675,-6.78875,"0,281",10,0,0,-3,"49,469","3,402823466385289e+38","11,7188"
2026 02 19 09:31:42:105,-3.9675,-6.87625,"0,281",10,0,0,-3,"49,469","3,402823466385289e+38","3,9063"
2026 02 19 09:31:42:107,-3.9334,-6.78875,"0,281",10,0,0,-3,"49,469","3,402823466385289e+38","-7,8125"
2026 02 19 09:31:42:109,-3.9675,-6.87625,"0,281",10,0,0,-3,"49,469","3,402823466385289e+38","-7,8125"
2026 02 19 09:31:42:111,-3.9675,-6.78875,"0,281",10,0,0,-3,"49,469","3,402823466385289e+38","-3,9062"
2026 02 19 09:31:42:113,-3.9985,-6.87625,"0,281",10,0,0,-3,"49,469","3,402823466385289e+38",0
2026 02 19 09:31:42:115,-3.9334,-6.78875,"0,281",10,0,0,-3,"49,469","3,402823466385289e+38",0
2026 02 19 09:31:42:117,-3.9675,-6.78875,"0,281",10,0,0,-3,"49,469","3,402823466385289e+38",0
2026 02 19 09:31:42:119,-3.9675,-6.78875,"0,281",10,0,0,-3,"49,469","3,402823466385289e+38",0
2026 02 19 09:31:42:121,-3.9985,-6.78875,"0,281",10,0,0,-3,"49,469","3,402823466385289e+38","19,5313"
2026 02 19 09:31:42:123,-3.9675,-6.78875,"0,281",10,0,0,-3,"49,469","3,402823466385289e+38","15,625"
2026 02 19 09:31:42:125,-3.9985,-6.70125,"0,281",10,0,0,-3,"49,469","3,402823466385289e+38",0
2026 02 19 09:31:42:127,-3.9675,-6.78875,"0,281",10,0,0,-3,"49,469","3,402823466385289e+38","-7,8125"
2026 02 19 09:31:42:129,-3.9675,-6.78875,"0,281",10,0,0,-3,"49,469","3,402823466385289e+38","-11,7187"
2026 02 19 09:31:42:131,-3.9675,-6.78875,"0,281",10,0,0,-3,"49,469","3,402823466385289e+38","-3,9062"
2026 02 19 09:31:42:133,-3.9334,-6.87625,"0,281",10,0,0,-3,"49,469","3,402823466385289e+38","-3,9062"
2026 02 19 09:31:42:135,-3.9675,-6.78875,"0,281",10,0,0,-3,"49,469","3,402823466385289e+38","-3,9062"
2026 02 19 09:31:42:137,-3.9675,-6.78875,"0,281",10,0,0,-3,"49,469","3,402823466385289e+38",0
2026 02 19 09:31:42:139,-3.9675,-6.87625,"0,281",10,0,0,-3,"49,469","3,402823466385289e+38",0
2026 02 19 09:31:42:141,-3.9675,-6.87625,"0,281",10,0,0,-3,"49,469","3,402823466385289e+38","19,5313"
2026 02 19 09:31:42:143,-3.9675,-6.87625,"0,281",10,0,0,-3,"49,469","3,402823466385289e+38","15,625"
2026 02 19 09:31:42:145,-3.9675,-6.87625,"0,281",10,0,0,-3,"49,469","3,402823466385289e+38","3,9063"
2026 02 19 09:31:42:147,-3.9675,-6.78875,"0,281",10,0,0,-3,"49,469","3,402823466385289e+38","-3,9062"
2026 02 19 09:31:42:149,-3.9675,-6.78875,"0,281",10,0,0,-3,"49,469","3,402823466385289e+38","-11,7187"
2026 02 19 09:31:42:151,-3.9675,-6.78875,"0,281",10,0,0,-3,"49,469","3,402823466385289e+38","-3,9062"
2026 02 19 09:31:42:153,-3.9334,-6.70125,"0,281",10,0,0,-3,"49,469","3,402823466385289e+38",0
2026 02 19 09:31:42:155,-3.9675,-6.87625,"0,281",10,0,0,-3,"49,469","3,402823466385289e+38",0
2026 02 19 09:31:42:157,-3.9675,-6.78875,"0,281",10,0,0,-3,"49,469","3,402823466385289e+38",0
2026 02 19 09:31:42:159,-3.9675,-6.78875,"0,281",10,0,0,-3,"49,469","3,402823466385289e+38",0
2026 02 19 09:31:42:161,-3.9675,-6.70125,"0,281",10,0,0,-3,"49,469","3,402823466385289e+38","23,4375"
2026 02 19 09:31:42:163,-3.9675,-6.87625,"0,281",10,0,0,-3,"49,469","3,402823466385289e+38","11,7188"
2026 02 19 09:31:42:165,-3.9334,-6.78875,"0,281",10,0,0,-3,"49,469","3,402823466385289e+38","-3,9062"
2026 02 19 09:31:42:167,-3.9675,-6.70125,"0,281",10,0,0,-3,"49,469","3,402823466385289e+38","-7,8125"
2026 02 19 09:31:42:169,-3.9985,-6.78875,"0,281",10,0,0,-3,"49,469","3,402823466385289e+38","-11,7187"
2026 02 19 09:31:42:171,-3.9675,-6.78875,"0,281",10,0,0,-3,"49,469","3,402823466385289e+38","-7,8125"
2026 02 19 09:31:42:173,-3.9675,-6.78875,"0,281",10,0,0,-3,"49,469","3,402823466385289e+38",0
2026 02 19 09:31:42:175,-3.9985,-6.78875,"0,281",10,0,0,-3,"49,469","3,402823466385289e+38","-7,8125"
2026 02 19 09:31:42:177,-3.9985,-6.70125,"0,281",10,0,0,-3,"49,469","3,402823466385289e+38",0
2026 02 19 09:31:42:179,-3.9675,-6.70125,"0,281",10,0,0,-3,"49,469","3,402823466385289e+38","-3,9062"
2026 02 19 09:31:42:181,-3.9675,-6.78875,"0,281",10,0,0,-3,"49,469","3,402823466385289e+38","19,5313"
2026 02 19 09:31:42:183,-3.9985,-6.78875,"0,281",10,0,0,-3,"49,469","3,402823466385289e+38","11,7188"
2026 02 19 09:31:42:185,-3.9675,-6.78875,"0,281",10,0,0,-3,"49,469","3,402823466385289e+38",0
2026 02 19 09:31:42:187,-3.9675,-6.78875,"0,281",10,0,0,-3,"49,469","3,402823466385289e+38","-7,8125"
2026 02 19 09:31:42:189,-3.9334,-6.78875,"0,281",10,0,0,-3,"49,469","3,402823466385289e+38","-7,8125"
2026 02 19 09:31:42:191,-3.9675,-6.87625,"0,281",10,0,0,-3,"49,469","3,402823466385289e+38","-3,9062"
2026 02 19 09:31:42:193,-3.9675,-6.78875,"0,281",10,0,0,-3,"49,469","3,402823466385289e+38",0
2026 02 19 09:31:42:195,-3.9985,-6.87625,"0,281",10,0,0,-3,"49,469","3,402823466385289e+38",0
2026 02 19 09:31:42:197,-3.9985,-6.78875,"0,281",10,0,0,-3,"49,469","3,402823466385289e+38",0
2026 02 19 09:31:42:199,-3.9675,-6.78875,"0,281",10,0,0,-3,"49,469","3,402823466385289e+38",0
2026 02 19 09:31:42:201,-3.9675,-6.78875,"0,281",10,0,0,-3,"49,469","3,402823466385289e+38","19,5313"
2026 02 19 09:31:42:203,-3.9675,-6.78875,"0,281",10,0,0,-3,"49,469","3,402823466385289e+38","11,7188"
2026 02 19 09:31:42:205,-3.9675,-6.78875,"0,281",10,0,0,-3,"49,469","3,402823466385289e+38",0
2026 02 19 09:31:42:207,-3.9675,-6.78875,"0,281",10,0,0,-3,"49,469","3,402823466385289e+38","-7,8125"
2026 02 19 09:31:42:209,-3.9334,-6.78875,"0,281",10,0,0,-3,"49,469","3,402823466385289e+38","-7,8125"
2026 02 19 09:31:42:211,-3.9675,-6.87625,"0,281",10,0,0,-3,"49,469","3,402823466385289e+38","-3,9062"
2026 02 19 09:31:42:213,-3.9675,-6.78875,"0,281",10,0,0,-3,"49,469","3,402823466385289e+38","-3,9062"
2026 02 19 09:31:42:215,-3.9675,-6.87625,"0,281",10,0,0,-3,"49,469","3,402823466385289e+38",0
2026 02 19 09:31:42:217,-3.9334,-6.78875,"0,281",10,0,0,-3,"49,469","3,402823466385289e+38","-3,9062"
2026 02 19 09:31:42:219,-3.9675,-6.78875,"0,281",10,0,0,-3,"49,469","3,402823466385289e+38",0
2026 02 19 09:31:42:221,-3.9675,-6.78875,"0,281",10,0,0,-3,"49,469","3,402823466385289e+38","19,5313"
2026 02 19 09:31:42:223,-3.9675,-6.78875,"0,281",10,0,0,-3,"49,469","3,402823466385289e+38","11,7188"
2026 02 19 09:31:42:225,-3.9675,-6.70125,"0,281",10,0,0,-3,"49,469","3,402823466385289e+38",0
2026 02 19 09:31:42:227,-3.9985,-6.78875,"0,281",10,0,0,-3,"49,469","3,402823466385289e+38","-7,8125"
2026 02 19 09:31:42:229,-3.9675,-6.78875,"0,281",10,0,0,-3,"49,469","3,402823466385289e+38","-11,7187"
2026 02 19 09:31:42:231,-3.9675,-6.78875,"0,281",10,0,0,-3,"49,469","3,402823466385289e+38","-7,8125"
2026 02 19 09:31:42:233,-3.9985,-6.78875,"0,281",10,0,0,-3,"49,469","3,402823466385289e+38",0
2026 02 19 09:31:42:235,-3.9675,-6.78875,"0,281",10,0,0,-3,"49,469","3,402823466385289e+38",0
2026 02 19 09:31:42:237,-3.9675,-6.70125,"0,281",10,0,0,-3,"49,469","3,402823466385289e+38",0
2026 02 19 09:31:42:239,-3.9334,-6.78875,"0,281",10,0,0,-3,"49,469","3,402823466385289e+38","-3,9062"
2026 02 19 09:31:42:241,-3.9675,-6.78875,"0,281",10,0,0,-3,"49,469","3,402823466385289e+38","19,5313"
2026 02 19 09:31:42:243,-3.9675,-6.78875,"0,281",10,0,0,-3,"49,469","3,402823466385289e+38","11,7188"
2026 02 19 09:31:42:245,-3.9334,-6.78875,"0,281",10,0,0,-3,"49,469","3,402823466385289e+38",0
2026 02 19 09:31:42:247,-3.9675,-6.87625,"0,281",10,0,0,-3,"49,469","3,402823466385289e+38","-7,8125"
2026 02 19 09:31:42:249,-3.9985,-6.87625,"0,281",10,0,0,-3,"49,469","3,402823466385289e+38","-11,7187"
2026 02 19 09:31:42:251,-3.9675,-6.78875,"0,281",10,0,0,-3,"49,469","3,402823466385289e+38","-3,9062"
2026 02 19 09:31:42:253,-3.9985,-6.78875,"0,281",10,0,0,-3,"49,469","3,402823466385289e+38","-3,9062"
2026 02 19 09:31:42:255,-3.9675,-6.87625,"0,281",10,0,0,-3,"49,469","3,402823466385289e+38",0
2026 02 19 09:31:42:257,-3.9675,-6.78875,"0,281",10,0,0,-3,"49,469","3,402823466385289e+38","-3,9062"
2026 02 19 09:31:42:259,-3.9675,-6.78875,"0,281",10,0,0,-3,"49,469","3,402823466385289e+38","-3,9062"
2026 02 19 09:31:42:261,-3.9675,-6.70125,"0,281",10,0,0,-3,"49,469","3,402823466385289e+38","19,5313"
2026 02 19 09:31:42:263,-3.9675,-6.78875,"0,281",10,0,0,-3,"49,469","3,402823466385289e+38","11,7188"
2026 02 19 09:31:42:265,-3.9985,-6.78875,"0,281",10,0,0,-3,"49,469","3,402823466385289e+38","3,9063"
2026 02 19 09:31:42:267,-3.9675,-6.78875,"0,281",10,0,0,-3,"49,469","3,402823466385289e+38","-7,8125"
2026 02 19 09:31:42:269,-3.9675,-6.87625,"0,281",10,0,0,-3,"49,469","3,402823466385289e+38","-7,8125"
2026 02 19 09:31:42:271,-3.9675,-6.78875,"0,281",10,0,0,-3,"49,469","3,402823466385289e+38","-7,8125"
2026 02 19 09:31:42:273,-3.9675,-6.70125,"0,281",10,0,0,-3,"49,469","3,402823466385289e+38",0
2026 02 19 09:31:42:275,-3.9675,-6.87625,"0,281",10,0,0,-3,"49,469","3,402823466385289e+38","-3,9062"
2026 02 19 09:31:42:277,-3.9675,-6.78875,"0,281",10,0,0,-3,"49,469","3,402823466385289e+38","-3,9062"
2026 02 19 09:31:42:279,-3.9675,-6.78875,"0,281",10,0,0,-3,"49,469","3,402823466385289e+38",0
2026 02 19 09:31:42:281,-3.9675,-6.78875,"0,281",10,0,0,-3,"49,469","3,402823466385289e+38","19,5313"
2026 02 19 09:31:42:283,-3.9675,-6.78875,"0,281",10,0,0,-3,"49,469","3,402823466385289e+38","7,8125"
2026 02 19 09:31:42:285,-3.9675,-6.70125,"0,281",10,0,0,-3,"49,469","3,402823466385289e+38",0
2026 02 19 09:31:42:287,-3.9675,-6.78875,"0,281",10,0,0,-3,"49,469","3,402823466385289e+38","-7,8125"
2026 02 19 09:31:42:289,-3.9675,-6.78875,"0,281",10,0,0,-3,"49,469","3,402823466385289e+38","-7,8125"
2026 02 19 09:31:42:291,-3.9675,-6.78875,"0,281",10,0,0,-3,"49,469","3,402823466385289e+38","-7,8125"
2026 02 19 09:31:42:293,-3.9985,-6.78875,"0,281",10,0,0,-3,"49,469","3,402823466385289e+38","-3,9062"
2026 02 19 09:31:42:295,-3.9675,-6.87625,"0,281",10,0,0,-3,"49,469","3,402823466385289e+38",0
2026 02 19 09:31:42:297,-3.9675,-6.78875,"0,281",10,0,0,-3,"49,469","3,402823466385289e+38",0
2026 02 19 09:31:42:299,-3.9675,-6.78875,"0,281",10,0,0,-3,"49,469","3,402823466385289e+38",0
2026 02 19 09:31:42:301,-3.9675,-6.87625,"0,281",10,0,0,-3,"49,469","3,402823466385289e+38","19,5313"
2026 02 19 09:31:42:303,-3.9675,-6.70125,"0,281",10,0,0,-3,"49,469","3,402823466385289e+38","11,7188"
2026 02 19 09:31:42:305,-3.9675,-6.87625,"0,281",10,0,0,-3,"49,469","3,402823466385289e+38","3,9063"
2026 02 19 09:31:42:307,-3.9675,-6.78875,"0,281",10,0,0,-3,"49,469","3,402823466385289e+38","-7,8125"
2026 02 19 09:31:42:309,-3.9675,-6.78875,"0,281",10,0,0,-3,"49,469","3,402823466385289e+38","-7,8125"
2026 02 19 09:31:42:311,-3.9675,-6.78875,"0,281",10,0,0,-3,"49,469","3,402823466385289e+38","-7,8125"
2026 02 19 09:31:42:313,-3.9675,-6.87625,"0,281",10,0,0,-3,"49,469","3,402823466385289e+38",0
2026 02 19 09:31:42:315,-3.9675,-6.78875,"0,281",10,0,0,-3,"49,469","3,402823466385289e+38",0
2026 02 19 09:31:42:317,-3.9985,-6.78875,"0,281",10,0,0,-3,"49,469","3,402823466385289e+38",0
2026 02 19 09:31:42:319,-3.9675,-6.78875,"0,281",10,0,0,-3,"49,469","3,402823466385289e+38",0
2026 02 19 09:31:42:321,-3.9334,-6.78875,"0,281",10,0,0,-3,"49,469","3,402823466385289e+38","19,5313"
2026 02 19 09:31:42:323,-3.9675,-6.78875,"0,281",10,0,0,-3,"49,469","3,402823466385289e+38","11,7188"
2026 02 19 09:31:42:325,-3.9985,-6.78875,"0,281",10,0,0,-3,"49,469","3,402823466385289e+38",0
2026 02 19 09:31:42:327,-3.9675,-6.78875,"0,281",10,0,0,-3,"49,469","3,402823466385289e+38","-7,8125"
2026 02 19 09:31:42:329,-3.9985,-6.70125,"0,281",10,0,0,-3,"49,469","3,402823466385289e+38","-11,7187"
2026 02 19 09:31:42:331,-3.9675,-6.70125,"0,281",10,0,0,-3,"49,469","3,402823466385289e+38","-11,7187"
2026 02 19 09:31:42:333,-3.9675,-6.78875,"0,281",10,0,0,-3,"49,469","3,402823466385289e+38",0
2026 02 19 09:31:42:335,-3.9334,-6.70125,"0,281",10,0,0,-3,"49,469","3,402823466385289e+38",0
2026 02 19 09:31:42:337,-3.9675,-6.78875,"0,281",10,0,0,-3,"49,469","3,402823466385289e+38",0
2026 02 19 09:31:42:339,-3.9675,-6.78875,"0,281",10,0,0,-3,"49,469","3,402823466385289e+38",0
2026 02 19 09:31:42:341,-3.9985,-6.87625,"0,281",10,0,0,-3,"49,469","3,402823466385289e+38","19,5313"
2026 02 19 09:31:42:343,-3.9675,-6.78875,"0,281",10,0,0,-3,"49,469","3,402823466385289e+38","11,7188"
2026 02 19 09:31:42:345,-3.9334,-6.78875,"0,281",10,0,0,-3,"49,469","3,402823466385289e+38","3,9063"
2026 02 19 09:31:42:347,-3.9675,-6.78875,"0,281",10,0,0,-3,"49,469","3,402823466385289e+38","-7,8125"
2026 02 19 09:31:42:349,-3.9985,-6.78875,"0,281",10,0,0,-3,"49,469","3,402823466385289e+38","-7,8125"
2026 02 19 09:31:42:351,-3.9675,-6.78875,"0,281",10,0,0,-3,"49,469","3,402823466385289e+38","-7,8125"
2026 02 19 09:31:42:353,-3.9985,-6.78875,"0,281",10,0,0,-3,"49,469","3,402823466385289e+38",0
2026 02 19 09:31:42:355,-3.9675,-6.78875,"0,281",10,0,0,-3,"49,469","3,402823466385289e+38",0
2026 02 19 09:31:42:357,-3.9675,-6.78875,"0,281",10,0,0,-3,"49,469","3,402823466385289e+38",0
2026 02 19 09:31:42:359,-3.9675,-6.78875,"0,281",10,0,0,-3,"49,469","3,402823466385289e+38",0
2026 02 19 09:31:42:361,-3.9675,-6.78875,"0,281",10,0,0,-3,"49,469","3,402823466385289e+38","23,4375"
2026 02 19 09:31:42:363,-3.9675,-6.70125,"0,281",10,0,0,-3,"49,469","3,402823466385289e+38","11,7188"
2026 02 19 09:31:42:365,-3.9675,-6.87625,"0,281",10,0,0,-3,"49,469","3,402823466385289e+38",0
2026 02 19 09:31:42:367,-3.9675,-6.78875,"0,281",10,0,0,-3,"49,469","3,402823466385289e+38","-7,8125"
2026 02 19 09:31:42:369,-3.9675,-6.78875,"0,281",10,0,0,-3,"49,469","3,402823466385289e+38","-11,7187"
2026 02 19 09:31:42:371,-3.9675,-6.78875,"0,281",10,0,0,-3,"49,469","3,402823466385289e+38","-15,625"
2026 02 19 09:31:42:373,-3.9985,-6.70125,"0,281",10,0,0,-3,"49,469","3,402823466385289e+38",0
2026 02 19 09:31:42:375,-3.9675,-6.78875,"0,281",10,0,0,-3,"49,469","3,402823466385289e+38",0
2026 02 19 09:31:42:377,-3.9675,-6.78875,"0,281",10,0,0,-3,"49,469","3,402823466385289e+38","-3,9062"
2026 02 19 09:31:42:379,-3.9675,-6.78875,"0,281",10,0,0,-3,"49,469","3,402823466385289e+38",0
2026 02 19 09:31:42:381,-3.9675,-6.78875,"0,281",10,0,0,-3,"49,469","3,402823466385289e+38","23,4375"
2026 02 19 09:31:42:383,-3.9675,-6.78875,"0,281",10,0,0,-3,"49,469","3,402823466385289e+38","11,7188"
2026 02 19 09:31:42:385,-3.9675,-6.78875,"0,281",10,0,0,-3,"49,469","3,402823466385289e+38","3,9063"
2026 02 19 09:31:42:387,-3.9675,-6.87625,"0,281",10,0,0,-3,"49,469","3,402823466385289e+38","-7,8125"
2026 02 19 09:31:42:389,-3.9985,-6.78875,"0,281",10,0,0,-3,"49,469","3,402823466385289e+38","-7,8125"
2026 02 19 09:31:42:391,-3.9334,-6.87625,"0,281",11,0,0,-3,"51,0864","3,402823466385289e+38","-11,7187"
2026 02 19 09:31:42:393,-3.9675,-6.78875,"0,281",11,0,0,-3,"51,0864","3,402823466385289e+38",0
2026 02 19 09:31:42:395,-3.9675,-6.78875,"0,281",11,0,0,-3,"51,0864","3,402823466385289e+38",0
2026 02 19 09:31:42:397,-3.9675,-6.78875,"0,281",11,0,0,-3,"51,0864","3,402823466385289e+38",0
2026 02 19 09:31:42:399,-3.9334,-6.78875,"0,281",11,0,0,-3,"51,0864","3,402823466385289e+38","3,9063"
2026 02 19 09:31:42:401,-3.9675,-6.78875,"0,281",11,0,0,-3,"51,0864","3,402823466385289e+38","19,5313"
2026 02 19 09:31:42:403,-3.9675,-6.87625,"0,281",11,0,0,-3,"51,0864","3,402823466385289e+38","11,7188"
2026 02 19 09:31:42:405,-3.9675,-6.78875,"0,281",11,0,0,-3,"51,0864","3,402823466385289e+38","3,9063"
2026 02 19 09:31:42:407,-3.9675,-6.87625,"0,281",11,0,0,-3,"51,0864","3,402823466385289e+38","-7,8125"
2026 02 19 09:31:42:409,-3.9675,-6.87625,"0,281",11,0,0,-3,"51,0864","3,402823466385289e+38","-7,8125"
2026 02 19 09:31:42:411,-3.9675,-6.87625,"0,281",11,0,0,-3,"51,0864","3,402823466385289e+38","-15,625"
2026 02 19 09:31:42:413,-3.9985,-6.78875,"0,281",11,0,0,-3,"51,0864","3,402823466385289e+38",0
2026 02 19 09:31:42:415,-3.9675,-6.78875,"0,281",11,0,0,-3,"51,0864","3,402823466385289e+38",0
2026 02 19 09:31:42:417,-3.9985,-6.78875,"0,281",11,0,0,-3,"51,0864","3,402823466385289e+38",0
2026 02 19 09:31:42:419,-3.9675,-6.78875,"0,281",11,0,0,-3,"51,0864","3,402823466385289e+38",0
2026 02 19 09:31:42:421,-3.9675,-6.78875,"0,281",11,0,0,-3,"51,0864","3,402823466385289e+38","23,4375"
2026 02 19 09:31:42:423,-3.9985,-6.78875,"0,281",11,0,0,-3,"51,0864","3,402823466385289e+38","11,7188"
2026 02 19 09:31:42:425,-3.9675,-6.78875,"0,281",11,0,0,-3,"51,0864","3,402823466385289e+38","3,9063"
2026 02 19 09:31:42:427,-3.9985,-6.78875,"0,281",11,0,0,-3,"51,0864","3,402823466385289e+38","-7,8125"
2026 02 19 09:31:42:429,-3.9675,-6.78875,"0,281",11,0,0,-3,"51,0864","3,402823466385289e+38","-11,7187"
2026 02 19 09:31:42:431,-3.9985,-6.78875,"0,281",11,0,0,-3,"51,0864","3,402823466385289e+38","-11,7187"
2026 02 19 09:31:42:433,-3.9334,-6.78875,"0,281",11,0,0,-3,"51,0864","3,402823466385289e+38",0
2026 02 19 09:31:42:435,-3.9675,-6.78875,"0,281",11,0,0,-3,"51,0864","3,402823466385289e+38",0
2026 02 19 09:31:42:437,-3.9985,-6.87625,"0,281",11,0,0,-3,"51,0864","3,402823466385289e+38",0
2026 02 19 09:31:42:439,-3.9985,-6.78875,"0,281",11,0,0,-3,"51,0864","3,402823466385289e+38",0
2026 02 19 09:31:42:441,-3.9675,-6.87625,"0,281",11,0,0,-3,"51,0864","3,402823466385289e+38","23,4375"
2026 02 19 09:31:42:443,-3.9675,-6.70125,"0,281",11,0,0,-3,"51,0864","3,402823466385289e+38","11,7188"
2026 02 19 09:31:42:445,-3.9675,-6.78875,"0,281",11,0,0,-3,"51,0864","3,402823466385289e+38","3,9063"
2026 02 19 09:31:42:447,-3.9334,-6.78875,"0,281",11,0,0,-3,"51,0864","3,402823466385289e+38","-11,7187"
2026 02 19 09:31:42:449,-3.9675,-6.78875,"0,281",11,0,0,-3,"51,0864","3,402823466385289e+38","-11,7187"
2026 02 19 09:31:42:451,-3.9675,-6.78875,"0,281",11,0,0,-3,"51,0864","3,402823466385289e+38","-11,7187"
2026 02 19 09:31:42:453,-3.9675,-6.87625,"0,281",11,0,0,-3,"51,0864","3,402823466385289e+38",0
2026 02 19 09:31:42:455,-3.9675,-6.78875,"0,281",11,0,0,-3,"51,0864","3,402823466385289e+38",0
2026 02 19 09:31:42:457,-3.9675,-6.87625,"0,281",11,0,0,-3,"51,0864","3,402823466385289e+38",0
2026 02 19 09:31:42:459,-3.9675,-6.78875,"0,281",11,0,0,-3,"51,0864","3,402823466385289e+38",0
2026 02 19 09:31:42:461,-3.9334,-6.70125,"0,281",11,0,0,-3,"51,0864","3,402823466385289e+38","23,4375"
2026 02 19 09:31:42:463,-3.9675,-6.70125,"0,281",11,0,0,-3,"51,0864","3,402823466385289e+38","11,7188"
2026 02 19 09:31:42:465,-3.9985,-6.78875,"0,281",11,0,0,-3,"51,0864","3,402823466385289e+38","3,9063"
2026 02 19 09:31:42:467,-3.9334,-6.70125,"0,281",11,0,0,-3,"51,0864","3,402823466385289e+38","-11,7187"
2026 02 19 09:31:42:469,-3.9675,-6.78875,"0,281",11,0,0,-3,"51,0864","3,402823466385289e+38","-11,7187"
2026 02 19 09:31:42:471,-3.9675,-6.78875,"0,281",11,0,0,-3,"51,0864","3,402823466385289e+38","-11,7187"
2026 02 19 09:31:42:473,-3.9334,-6.78875,"0,281",11,0,0,-3,"51,0864","3,402823466385289e+38",0
2026 02 19 09:31:42:475,-3.9985,-6.70125,"0,281",11,0,0,-3,"51,0864","3,402823466385289e+38",0
2026 02 19 09:31:42:477,-3.9985,-6.78875,"0,281",11,0,0,-3,"51,0864","3,402823466385289e+38","-3,9062"
2026 02 19 09:31:42:479,-3.9675,-6.78875,"0,281",11,0,0,-3,"51,0864","3,402823466385289e+38",0
2026 02 19 09:31:42:481,-3.9334,-6.78875,"0,281",11,0,0,-3,"51,0864","3,402823466385289e+38","23,4375"
2026 02 19 09:31:42:483,-3.9985,-6.78875,"0,281",11,0,0,-3,"51,0864","3,402823466385289e+38",0
2026 02 19 09:31:42:485,-3.9675,-6.78875,"0,281",11,0,0,-3,"51,0864","3,402823466385289e+38",0
2026 02 19 09:31:42:487,-3.9985,-6.70125,"0,281",11,0,0,-3,"51,0864","3,402823466385289e+38","-7,8125"
2026 02 19 09:31:42:489,-3.9675,-6.78875,"0,281",11,0,0,-3,"51,0864","3,402823466385289e+38","-11,7187"
2026 02 19 09:31:42:491,-3.9675,-6.78875,"0,281",11,0,0,-3,"51,0864","3,402823466385289e+38","-15,625"
2026 02 19 09:31:42:493,-3.9334,-6.87625,"0,281",11,0,0,-3,"51,0864","3,402823466385289e+38","-3,9062"
2026 02 19 09:31:42:495,-3.9675,-6.87625,"0,281",11,0,0,-3,"51,0864","3,402823466385289e+38",0
2026 02 19 09:31:42:497,-3.9675,-6.78875,"0,281",11,0,0,-3,"51,0864","3,402823466385289e+38","-3,9062"
2026 02 19 09:31:42:499,-3.9675,-6.78875,"0,281",11,0,0,-3,"51,0864","3,402823466385289e+38",0
2026 02 19 09:31:42:501,-3.9675,-6.78875,"0,281",11,0,0,-3,"51,0864","3,402823466385289e+38","19,5313"
2026 02 19 09:31:42:503,-3.9985,-6.78875,"0,281",11,0,0,-3,"51,0864","3,402823466385289e+38","11,7188"
2026 02 19 09:31:42:505,-3.9675,-6.87625,"0,281",11,0,0,-3,"51,0864","3,402823466385289e+38",0
2026 02 19 09:31:42:507,-3.9985,-6.87625,"0,281",11,0,0,-3,"51,0864","3,402823466385289e+38","-7,8125"
2026 02 19 09:31:42:509,-3.9334,-6.78875,"0,281",11,0,0,-3,"51,0864","3,402823466385289e+38","-11,7187"
2026 02 19 09:31:42:511,-3.9675,-6.70125,"0,281",11,0,0,-3,"51,0864","3,402823466385289e+38","-15,625"
2026 02 19 09:31:42:513,-3.9675,-6.78875,"0,281",11,0,0,-3,"51,0864","3,402823466385289e+38","-3,9062"
2026 02 19 09:31:42:515,-3.9675,-6.78875,"0,281",11,0,0,-3,"51,0864","3,402823466385289e+38",0
2026 02 19 09:31:42:517,-3.9675,-6.78875,"0,281",11,0,0,-3,"51,0864","3,402823466385289e+38",0
2026 02 19 09:31:42:519,-3.9675,-6.87625,"0,281",11,0,0,-3,"51,0864","3,402823466385289e+38",0
2026 02 19 09:31:42:521,-3.9675,-6.78875,"0,281",11,0,0,-3,"51,0864","3,402823466385289e+38","23,4375"
2026 02 19 09:31:42:523,-3.9334,-6.78875,"0,281",11,0,0,-3,"51,0864","3,402823466385289e+38","11,7188"
2026 02 19 09:31:42:525,-3.9985,-6.70125,"0,281",11,0,0,-3,"51,0864","3,402823466385289e+38","3,9063"
2026 02 19 09:31:42:527,-3.9675,-6.87625,"0,281",11,0,0,-3,"51,0864","3,402823466385289e+38","-7,8125"
2026 02 19 09:31:42:529,-3.9675,-6.78875,"0,281",11,0,0,-3,"51,0864","3,402823466385289e+38","-11,7187"
2026 02 19 09:31:42:531,-3.9675,-6.78875,"0,281",11,0,0,-3,"51,0864","3,402823466385289e+38","-19,5312"
2026 02 19 09:31:42:533,-3.9675,-6.78875,"0,281",11,0,0,-3,"51,0864","3,402823466385289e+38",0
2026 02 19 09:31:42:535,-3.9675,-6.78875,"0,281",11,0,0,-3,"51,0864","3,402823466385289e+38",0
2026 02 19 09:31:42:537,-3.9675,-6.78875,"0,281",11,0,0,-3,"51,0864","3,402823466385289e+38",0
2026 02 19 09:31:42:539,-3.9675,-6.78875,"0,281",11,0,0,-3,"51,0864","3,402823466385289e+38",0
2026 02 19 09:31:42:541,-3.9675,-6.87625,"0,281",11,0,0,-3,"51,0864","3,402823466385289e+38","23,4375"
2026 02 19 09:31:42:543,-3.9985,-6.78875,"0,281",11,0,0,-3,"51,0864","3,402823466385289e+38","11,7188"
2026 02 19 09:31:42:545,-3.9985,-6.78875,"0,281",11,0,0,-3,"51,0864","3,402823466385289e+38","3,9063"
2026 02 19 09:31:42:547,-3.9675,-6.87625,"0,281",11,0,0,-3,"51,0864","3,402823466385289e+38","-7,8125"
2026 02 19 09:31:42:549,-3.9675,-6.87625,"0,281",11,0,0,-3,"51,0864","3,402823466385289e+38","-11,7187"
2026 02 19 09:31:42:551,-3.9985,-6.87625,"0,281",11,0,0,-3,"51,0864","3,402823466385289e+38","-15,625"
2026 02 19 09:31:42:553,-3.9675,-6.78875,"0,281",11,0,0,-3,"51,0864","3,402823466385289e+38",0
2026 02 19 09:31:42:555,-3.9675,-6.78875,"0,281",11,0,0,-3,"51,0864","3,402823466385289e+38","-3,9062"
2026 02 19 09:31:42:557,-3.9675,-6.78875,"0,281",11,0,0,-3,"51,0864","3,402823466385289e+38",0
2026 02 19 09:31:42:559,-3.9675,-6.87625,"0,281",11,0,0,-3,"51,0864","3,402823466385289e+38",0
2026 02 19 09:31:42:561,-3.9675,-6.78875,"0,281",11,0,0,-3,"51,0864","3,402823466385289e+38","23,4375"
2026 02 19 09:31:42:563,-3.9675,-6.87625,"0,281",11,0,0,-3,"51,0864","3,402823466385289e+38","11,7188"
2026 02 19 09:31:42:565,-3.9675,-6.78875,"0,281",11,0,0,-3,"51,0864","3,402823466385289e+38",0
2026 02 19 09:31:42:567,-3.9675,-6.78875,"0,281",11,0,0,-3,"51,0864","3,402823466385289e+38","-11,7187"
2026 02 19 09:31:42:569,-3.9675,-6.78875,"0,281",11,0,0,-3,"51,0864","3,402823466385289e+38","-11,7187"
2026 02 19 09:31:42:571,-3.9985,-6.87625,"0,281",11,0,0,-3,"51,0864","3,402823466385289e+38","-19,5312"
2026 02 19 09:31:42:573,-3.9675,-6.78875,"0,281",11,0,0,-3,"51,0864","3,402823466385289e+38","-3,9062"
2026 02 19 09:31:42:575,-3.9334,-6.78875,"0,281",11,0,0,-3,"51,0864","3,402823466385289e+38",0
2026 02 19 09:31:42:577,-3.9675,-6.87625,"0,281",11,0,0,-3,"51,0864","3,402823466385289e+38",0
2026 02 19 09:31:42:579,-3.9675,-6.70125,"0,281",11,0,0,-3,"51,0864","3,402823466385289e+38",0
2026 02 19 09:31:42:581,-3.9675,-6.78875,"0,281",11,0,0,-3,"51,0864","3,402823466385289e+38","23,4375"
2026 02 19 09:31:42:583,-3.9675,-6.78875,"0,281",11,0,0,-3,"51,0864","3,402823466385289e+38","11,7188"
2026 02 19 09:31:42:585,-3.9675,-6.78875,"0,281",11,0,0,-3,"51,0864","3,402823466385289e+38","3,9063"
2026 02 19 09:31:42:587,-3.9675,-6.78875,"0,281",11,0,0,-3,"51,0864","3,402823466385289e+38","-11,7187"
2026 02 19 09:31:42:589,-3.9675,-6.78875,"0,281",11,0,0,-3,"51,0864","3,402823466385289e+38","-11,7187"
2026 02 19 09:31:42:591,-3.9675,-6.78875,"0,281",11,0,0,-3,"51,0864","3,402823466385289e+38","-15,625"
2026 02 19 09:31:42:593,-3.9985,-6.78875,"0,281",11,0,0,-3,"51,0864","3,402823466385289e+38",0
2026 02 19 09:31:42:595,-3.9675,-6.78875,"0,281",11,0,0,-3,"51,0864","3,402823466385289e+38",0
2026 02 19 09:31:42:597,-3.9675,-6.78875,"0,281",11,0,0,-3,"51,0864","3,402823466385289e+38","-3,9062"
2026 02 19 09:31:42:599,-3.9675,-6.87625,"0,281",11,0,0,-3,"51,0864","3,402823466385289e+38","3,9063"
2026 02 19 09:31:42:601,-3.9675,-6.78875,"0,281",11,0,0,-3,"51,0864","3,402823466385289e+38","23,4375"
2026 02 19 09:31:42:603,-3.9675,-6.87625,"0,281",11,0,0,-3,"51,0864","3,402823466385289e+38","11,7188"
2026 02 19 09:31:42:605,-3.9675,-6.78875,"0,281",11,0,0,-3,"51,0864","3,402823466385289e+38",0
2026 02 19 09:31:42:607,-3.9675,-6.78875,"0,281",11,0,0,-3,"51,0864","3,402823466385289e+38","-11,7187"
2026 02 19 09:31:42:609,-3.9675,-6.87625,"0,281",11,0,0,-3,"51,0864","3,402823466385289e+38","-11,7187"
2026 02 19 09:31:42:611,-3.9675,-6.78875,"0,281",11,0,0,-3,"51,0864","3,402823466385289e+38","-19,5312"
2026 02 19 09:31:42:613,-3.9675,-6.78875,"0,281",11,0,0,-3,"51,0864","3,402823466385289e+38","-3,9062"
2026 02 19 09:31:42:615,-3.9675,-6.78875,"0,281",11,0,0,-3,"51,0864","3,402823466385289e+38","-3,9062"
2026 02 19 09:31:42:617,-3.9334,-6.78875,"0,281",11,0,0,-3,"51,0864","3,402823466385289e+38",0
2026 02 19 09:31:42:619,-3.9675,-6.87625,"0,281",11,0,0,-3,"51,0864","3,402823466385289e+38",0
2026 02 19 09:31:42:621,-3.9675,-6.78875,"0,281",11,0,0,-3,"51,0864","3,402823466385289e+38","27,3438"
2026 02 19 09:31:42:623,-3.9675,-6.70125,"0,281",11,0,0,-3,"51,0864","3,402823466385289e+38","11,7188"
2026 02 19 09:31:42:625,-3.9675,-6.78875,"0,281",11,0,0,-3,"51,0864","3,402823466385289e+38","3,9063"
2026 02 19 09:31:42:627,-3.9675,-6.70125,"0,281",11,0,0,-3,"51,0864","3,402823466385289e+38","-11,7187"
2026 02 19 09:31:42:629,-3.9675,-6.70125,"0,281",11,0,0,-3,"51,0864","3,402823466385289e+38","-11,7187"
2026 02 19 09:31:42:631,-3.9985,-6.87625,"0,281",11,0,0,-3,"51,0864","3,402823466385289e+38","-19,5312"
2026 02 19 09:31:42:633,-3.9675,-6.87625,"0,281",11,0,0,-3,"51,0864","3,402823466385289e+38",0
2026 02 19 09:31:42:635,-3.9334,-6.78875,"0,281",11,0,0,-3,"51,0864","3,402823466385289e+38",0
2026 02 19 09:31:42:637,-3.9675,-6.78875,"0,281",11,0,0,-3,"51,0864","3,402823466385289e+38",0
2026 02 19 09:31:42:639,-3.9675,-6.78875,"0,281",11,0,0,-3,"51,0864","3,402823466385289e+38",0
2026 02 19 09:31:42:641,-3.9675,-6.78875,"0,281",11,0,0,-3,"51,0864","3,402823466385289e+38","23,4375"
2026 02 19 09:31:42:643,-3.9675,-6.87625,"0,281",11,0,0,-3,"51,0864","3,402823466385289e+38","15,625"
2026 02 19 09:31:42:645,-3.9675,-6.87625,"0,281",11,0,0,-3,"51,0864","3,402823466385289e+38",0
2026 02 19 09:31:42:647,-3.9334,-6.87625,"0,281",11,0,0,-3,"51,0864","3,402823466385289e+38","-11,7187"
2026 02 19 09:31:42:649,-3.9675,-6.87625,"0,281",11,0,0,-3,"51,0864","3,402823466385289e+38","-11,7187"
2026 02 19 09:31:42:651,-3.9675,-6.78875,"0,281",11,0,0,-3,"51,0864","3,402823466385289e+38","-19,5312"
2026 02 19 09:31:42:653,-3.9675,-6.78875,"0,281",11,0,0,-3,"51,0864","3,402823466385289e+38",0
2026 02 19 09:31:42:655,-3.9675,-6.78875,"0,281",11,0,0,-3,"51,0864","3,402823466385289e+38",0
2026 02 19 09:31:42:657,-3.9675,-6.70125,"0,281",11,0,0,-3,"51,0864","3,402823466385289e+38",0
2026 02 19 09:31:42:659,-3.9985,-6.78875,"0,281",11,0,0,-3,"51,0864","3,402823466385289e+38",0
2026 02 19 09:31:42:661,-3.9675,-6.78875,"0,281",11,0,0,-3,"51,0864","3,402823466385289e+38","27,3438"
2026 02 19 09:31:42:663,-3.9675,-6.78875,"0,281",11,0,0,-3,"51,0864","3,402823466385289e+38","15,625"
2026 02 19 09:31:42:665,-3.9675,-6.78875,"0,281",11,0,0,-3,"51,0864","3,402823466385289e+38",0
2026 02 19 09:31:42:667,-3.9675,-6.87625,"0,281",11,0,0,-3,"51,0864","3,402823466385289e+38","-11,7187"
2026 02 19 09:31:42:669,-3.9334,-6.78875,"0,281",11,0,0,-3,"51,0864","3,402823466385289e+38","-11,7187"
2026 02 19 09:31:42:671,-3.9985,-6.78875,"0,281",11,0,0,-3,"51,0864","3,402823466385289e+38","-23,4375"
2026 02 19 09:31:42:673,-3.9675,-6.78875,"0,281",11,0,0,-3,"51,0864","3,402823466385289e+38",0
2026 02 19 09:31:42:675,-3.9675,-6.70125,"0,281",11,0,0,-3,"51,0864","3,402823466385289e+38","-3,9062"
2026 02 19 09:31:42:677,-3.9675,-6.78875,"0,281",11,0,0,-3,"51,0864","3,402823466385289e+38",0
2026 02 19 09:31:42:679,-3.9675,-6.78875,"0,281",11,0,0,-3,"51,0864","3,402823466385289e+38",0
2026 02 19 09:31:42:681,-3.9675,-6.70125,"0,281",11,0,0,-3,"51,0864","3,402823466385289e+38","27,3438"
2026 02 19 09:31:42:683,-3.9985,-6.78875,"0,281",11,0,0,-3,"51,0864","3,402823466385289e+38","11,7188"
2026 02 19 09:31:42:685,-3.9985,-6.78875,"0,281",11,0,0,-3,"51,0864","3,402823466385289e+38",0
2026 02 19 09:31:42:687,-3.9675,-6.87625,"0,281",11,0,0,-3,"51,0864","3,402823466385289e+38","-11,7187"
2026 02 19 09:31:42:689,-3.9675,-6.78875,"0,281",11,0,0,-3,"50,8728","3,402823466385289e+38","-11,7187"
2026 02 19 09:31:42:691,-3.9675,-6.78875,"0,281",11,0,0,-3,"50,8728","3,402823466385289e+38","-19,5312"
2026 02 19 09:31:42:693,-3.9675,-6.87625,"0,281",11,0,0,-3,"50,8728","3,402823466385289e+38",0
2026 02 19 09:31:42:695,-3.9675,-6.78875,"0,281",11,0,0,-3,"50,8728","3,402823466385289e+38",0
2026 02 19 09:31:42:697,-3.9675,-6.78875,"0,281",11,0,0,-3,"50,8728","3,402823466385289e+38","3,9063"
2026 02 19 09:31:42:699,-3.9675,-6.78875,"0,281",11,0,0,-3,"50,8728","3,402823466385289e+38",0
2026 02 19 09:31:42:701,-3.9675,-6.78875,"0,281",11,0,0,-3,"50,8728","3,402823466385289e+38","27,3438"
2026 02 19 09:31:42:703,-3.9334,-6.78875,"0,281",11,0,0,-3,"50,8728","3,402823466385289e+38","11,7188"
2026 02 19 09:31:42:705,-3.9675,-6.87625,"0,281",11,0,0,-3,"50,8728","3,402823466385289e+38","3,9063"
2026 02 19 09:31:42:707,-3.9675,-6.78875,"0,281",11,0,0,-3,"50,8728","3,402823466385289e+38","-11,7187"
2026 02 19 09:31:42:709,-3.9675,-6.87625,"0,281",11,0,0,-3,"50,8728","3,402823466385289e+38","-11,7187"
2026 02 19 09:31:42:711,-3.9675,-6.78875,"0,281",11,0,0,-3,"50,8728","3,402823466385289e+38","-19,5312"
2026 02 19 09:31:42:713,-3.9985,-6.78875,"0,281",11,0,0,-3,"50,8728","3,402823466385289e+38",0
2026 02 19 09:31:42:715,-3.9985,-6.78875,"0,281",11,0,0,-3,"50,8728","3,402823466385289e+38",0
2026 02 19 09:31:42:717,-3.9675,-6.78875,"0,281",11,0,0,-3,"50,8728","3,402823466385289e+38",0
2026 02 19 09:31:42:719,-3.9985,-6.78875,"0,281",11,0,0,-3,"50,8728","3,402823466385289e+38",0
2026 02 19 09:31:42:721,-3.9675,-6.78875,"0,281",11,0,0,-3,"50,8728","3,402823466385289e+38","23,4375"
2026 02 19 09:31:42:723,-3.9985,-6.78875,"0,281",11,0,0,-3,"50,8728","3,402823466385289e+38","11,7188"
2026 02 19 09:31:42:725,-3.9985,-6.78875,"0,281",11,0,0,-3,"50,8728","3,402823466385289e+38",0
2026 02 19 09:31:42:727,-3.9675,-6.87625,"0,281",11,0,0,-3,"50,8728","3,402823466385289e+38","-11,7187"
2026 02 19 09:31:42:729,-3.9675,-6.78875,"0,281",11,0,0,-3,"50,8728","3,402823466385289e+38","-11,7187"
2026 02 19 09:31:42:731,-3.9334,-6.78875,"0,281",11,0,0,-3,"50,8728","3,402823466385289e+38","-23,4375"
2026 02 19 09:31:42:733,-3.9334,-6.87625,"0,281",11,0,0,-3,"50,8728","3,402823466385289e+38",0
2026 02 19 09:31:42:735,-3.9675,-6.87625,"0,281",11,0,0,-3,"50,8728","3,402823466385289e+38",0
2026 02 19 09:31:42:737,-3.9985,-6.78875,"0,281",11,0,0,-3,"50,8728","3,402823466385289e+38",0
2026 02 19 09:31:42:739,-3.9675,-6.87625,"0,281",11,0,0,-3,"50,8728","3,402823466385289e+38",0
2026 02 19 09:31:42:741,-3.9675,-6.78875,"0,281",11,0,0,-3,"50,8728","3,402823466385289e+38","27,3438"
2026 02 19 09:31:42:743,-3.9675,-6.78875,"0,281",11,0,0,-3,"50,8728","3,402823466385289e+38","11,7188"
2026 02 19 09:31:42:745,-3.9675,-6.87625,"0,281",11,0,0,-3,"50,8728","3,402823466385289e+38","3,9063"
2026 02 19 09:31:42:747,-3.9675,-6.87625,"0,281",11,0,0,-3,"50,8728","3,402823466385289e+38","-11,7187"
2026 02 19 09:31:42:749,-3.9675,-6.87625,"0,281",11,0,0,-3,"50,8728","3,402823466385289e+38","-11,7187"
2026 02 19 09:31:42:751,-3.9334,-6.87625,"0,281",11,0,0,-3,"50,8728","3,402823466385289e+38","-19,5312"
2026 02 19 09:31:42:753,-3.9675,-6.87625,"0,281",11,0,0,-3,"50,8728","3,402823466385289e+38","-3,9062"
2026 02 19 09:31:42:755,-3.9675,-6.78875,"0,281",11,0,0,-3,"50,8728","3,402823466385289e+38",0
2026 02 19 09:31:42:757,-3.9334,-6.78875,"0,281",11,0,0,-3,"50,8728","3,402823466385289e+38","-3,9062"
2026 02 19 09:31:42:759,-3.9334,-6.78875,"0,281",11,0,0,-3,"50,8728","3,402823466385289e+38",0
2026 02 19 09:31:42:761,-3.9675,-6.78875,"0,281",11,0,0,-3,"50,8728","3,402823466385289e+38","23,4375"
2026 02 19 09:31:42:763,-3.9675,-6.78875,"0,281",11,0,0,-3,"50,8728","3,402823466385289e+38","11,7188"
2026 02 19 09:31:42:765,-3.9675,-6.78875,"0,281",11,0,0,-3,"50,8728","3,402823466385289e+38",0
2026 02 19 09:31:42:767,-3.9675,-6.87625,"0,281",11,0,0,-3,"50,8728","3,402823466385289e+38","-11,7187"
2026 02 19 09:31:42:769,-3.9675,-6.78875,"0,281",11,0,0,-3,"50,8728","3,402823466385289e+38","-15,625"
2026 02 19 09:31:42:771,-3.9675,-6.78875,"0,281",11,0,0,-3,"50,8728","3,402823466385289e+38","-19,5312"
2026 02 19 09:31:42:773,-3.9675,-6.70125,"0,281",11,0,0,-3,"50,8728","3,402823466385289e+38",0
2026 02 19 09:31:42:775,-3.9675,-6.78875,"0,281",11,0,0,-3,"50,8728","3,402823466385289e+38",0
2026 02 19 09:31:42:777,-3.9675,-6.70125,"0,281",11,0,0,-3,"50,8728","3,402823466385289e+38","-3,9062"
2026 02 19 09:31:42:779,-3.9675,-6.87625,"0,281",11,0,0,-3,"50,8728","3,402823466385289e+38",0
2026 02 19 09:31:42:781,-3.9675,-6.78875,"0,281",11,0,0,-3,"50,8728","3,402823466385289e+38","27,3438"
2026 02 19 09:31:42:783,-3.9675,-6.78875,"0,281",11,0,0,-3,"50,8728","3,402823466385289e+38","15,625"
2026 02 19 09:31:42:785,-3.9985,-6.78875,"0,281",11,0,0,-3,"50,8728","3,402823466385289e+38",0
2026 02 19 09:31:42:787,-3.9675,-6.78875,"0,281",11,0,0,-3,"50,8728","3,402823466385289e+38","-11,7187"
2026 02 19 09:31:42:789,-3.9985,-6.87625,"0,281",11,0,0,-3,"50,8728","3,402823466385289e+38","-11,7187"
2026 02 19 09:31:42:791,-3.9675,-6.87625,"0,281",11,0,0,-3,"50,8728","3,402823466385289e+38","-19,5312"
2026 02 19 09:31:42:793,-3.9675,-6.78875,"0,281",11,0,0,-3,"50,8728","3,402823466385289e+38","-3,9062"
2026 02 19 09:31:42:795,-3.9334,-6.78875,"0,281",11,0,0,-3,"50,8728","3,402823466385289e+38",0
2026 02 19 09:31:42:797,-3.9675,-6.78875,"0,281",11,0,0,-3,"50,8728","3,402823466385289e+38","-3,9062"
2026 02 19 09:31:42:799,-3.9675,-6.78875,"0,281",11,0,0,-3,"50,8728","3,402823466385289e+38",0
2026 02 19 09:31:42:801,-3.9985,-6.78875,"0,281",11,0,0,-3,"50,8728","3,402823466385289e+38","23,4375"
2026 02 19 09:31:42:803,-3.9675,-6.78875,"0,281",11,0,0,-3,"50,8728","3,402823466385289e+38","11,7188"
2026 02 19 09:31:42:805,-3.9675,-6.78875,"0,281",11,0,0,-3,"50,8728","3,402823466385289e+38",0
2026 02 19 09:31:42:807,-3.9675,-6.87625,"0,281",11,0,0,-3,"50,8728","3,402823466385289e+38","-11,7187"
2026 02 19 09:31:42:809,-3.9985,-6.87625,"0,281",11,0,0,-3,"50,8728","3,402823466385289e+38","-15,625"
2026 02 19 09:31:42:811,-3.9985,-6.78875,"0,281",11,0,0,-3,"50,8728","3,402823466385289e+38","-23,4375"
2026 02 19 09:31:42:813,-3.9675,-6.78875,"0,281",11,0,0,-3,"50,8728","3,402823466385289e+38","-3,9062"
2026 02 19 09:31:42:815,-3.9675,-6.78875,"0,281",11,0,0,-3,"50,8728","3,402823466385289e+38","3,9063"
2026 02 19 09:31:42:817,-3.9334,-6.78875,"0,281",11,0,0,-3,"50,8728","3,402823466385289e+38","-3,9062"
2026 02 19 09:31:42:819,-3.9985,-6.78875,"0,281",11,0,0,-3,"50,8728","3,402823466385289e+38","3,9063"
2026 02 19 09:31:42:821,-3.9675,-6.78875,"0,281",11,0,0,-3,"50,8728","3,402823466385289e+38","23,4375"
2026 02 19 09:31:42:823,-3.9334,-6.87625,"0,281",11,0,0,-3,"50,8728","3,402823466385289e+38","15,625"
2026 02 19 09:31:42:825,-3.9675,-6.87625,"0,281",11,0,0,-3,"50,8728","3,402823466385289e+38",0
2026 02 19 09:31:42:827,-3.9675,-6.78875,"0,281",11,0,0,-3,"50,8728","3,402823466385289e+38","-7,8125"
2026 02 19 09:31:42:829,-3.9985,-6.78875,"0,281",11,0,0,-3,"50,8728","3,402823466385289e+38","-11,7187"
2026 02 19 09:31:42:831,-3.9985,-6.78875,"0,281",11,0,0,-3,"50,8728","3,402823466385289e+38","-27,3437"
2026 02 19 09:31:42:833,-3.9675,-6.87625,"0,281",11,0,0,-3,"50,8728","3,402823466385289e+38",0
2026 02 19 09:31:42:835,-3.9334,-6.78875,"0,281",11,0,0,-3,"50,8728","3,402823466385289e+38",0
2026 02 19 09:31:42:837,-3.9675,-6.78875,"0,281",11,0,0,-3,"50,8728","3,402823466385289e+38","-3,9062"
2026 02 19 09:31:42:839,-3.9675,-6.78875,"0,281",11,0,0,-3,"50,8728","3,402823466385289e+38",0
2026 02 19 09:31:42:841,-3.9334,-6.78875,"0,281",11,0,0,-3,"50,8728","3,402823466385289e+38","27,3438"
2026 02 19 09:31:42:843,-3.9675,-6.78875,"0,281",11,0,0,-3,"50,8728","3,402823466385289e+38","11,7188"
2026 02 19 09:31:42:845,-3.9675,-6.78875,"0,281",11,0,0,-3,"50,8728","3,402823466385289e+38",0
2026 02 19 09:31:42:847,-3.9985,-6.87625,"0,281",11,0,0,-3,"50,8728","3,402823466385289e+38","-15,625"
2026 02 19 09:31:42:849,-3.9675,-6.78875,"0,281",11,0,0,-3,"50,8728","3,402823466385289e+38","-15,625"
2026 02 19 09:31:42:851,-3.9985,-6.78875,"0,281",11,0,0,-3,"50,8728","3,402823466385289e+38","-23,4375"
2026 02 19 09:31:42:853,-3.9985,-6.87625,"0,281",11,0,0,-3,"50,8728","3,402823466385289e+38","-3,9062"
2026 02 19 09:31:42:855,-3.9675,-6.78875,"0,281",11,0,0,-3,"50,8728","3,402823466385289e+38",0
2026 02 19 09:31:42:857,-3.9334,-6.87625,"0,281",11,0,0,-3,"50,8728","3,402823466385289e+38",0
2026 02 19 09:31:42:859,-3.9675,-6.78875,"0,281",11,0,0,-3,"50,8728","3,402823466385289e+38",0
2026 02 19 09:31:42:861,-3.9675,-6.87625,"0,281",11,0,0,-3,"50,8728","3,402823466385289e+38","23,4375"
2026 02 19 09:31:42:863,-3.9675,-6.78875,"0,281",11,0,0,-3,"50,8728","3,402823466385289e+38","11,7188"
2026 02 19 09:31:42:865,-3.9985,-6.78875,"0,281",11,0,0,-3,"50,8728","3,402823466385289e+38",0
2026 02 19 09:31:42:867,-3.9675,-6.78875,"0,281",11,0,0,-3,"50,8728","3,402823466385289e+38","-11,7187"
2026 02 19 09:31:42:869,-3.9675,-6.78875,"0,281",11,0,0,-3,"50,8728","3,402823466385289e+38","-15,625"
2026 02 19 09:31:42:871,-3.9675,-6.87625,"0,281",11,0,0,-3,"50,8728","3,402823466385289e+38","-23,4375"
2026 02 19 09:31:42:873,-3.9675,-6.87625,"0,281",11,0,0,-3,"50,8728","3,402823466385289e+38",0
2026 02 19 09:31:42:875,-3.9675,-6.78875,"0,281",11,0,0,-3,"50,8728","3,402823466385289e+38",0
2026 02 19 09:31:42:877,-3.9675,-6.87625,"0,281",11,0,0,-3,"50,8728","3,402823466385289e+38",0
2026 02 19 09:31:42:879,-3.9675,-6.87625,"0,281",11,0,0,-3,"50,8728","3,402823466385289e+38",0
2026 02 19 09:31:42:881,-3.9675,-6.78875,"0,281",11,0,0,-3,"50,8728","3,402823466385289e+38","27,3438"
2026 02 19 09:31:42:883,-3.9675,-6.87625,"0,281",11,0,0,-3,"50,8728","3,402823466385289e+38","11,7188"
2026 02 19 09:31:42:885,-3.9675,-6.78875,"0,281",11,0,0,-3,"50,8728","3,402823466385289e+38","3,9063"
2026 02 19 09:31:42:887,-3.9675,-6.78875,"0,281",11,0,0,-3,"50,8728","3,402823466385289e+38","-11,7187"
2026 02 19 09:31:42:889,-3.9985,-6.78875,"0,281",11,0,0,-3,"50,8728","3,402823466385289e+38","-11,7187"
2026 02 19 09:31:42:891,-3.9675,-6.78875,"0,281",11,0,0,-3,"50,8728","3,402823466385289e+38","-27,3437"
2026 02 19 09:31:42:893,-3.9675,-6.78875,"0,281",11,0,0,-3,"50,8728","3,402823466385289e+38","-3,9062"
2026 02 19 09:31:42:895,-3.9675,-6.87625,"0,281",11,0,0,-3,"50,8728","3,402823466385289e+38",0
2026 02 19 09:31:42:897,-3.9675,-6.78875,"0,281",11,0,0,-3,"50,8728","3,402823466385289e+38","-3,9062"
2026 02 19 09:31:42:899,-3.9985,-6.87625,"0,281",11,0,0,-3,"50,8728","3,402823466385289e+38",0
2026 02 19 09:31:42:901,-3.9675,-6.78875,"0,281",11,0,0,-3,"50,8728","3,402823466385289e+38","27,3438"
2026 02 19 09:31:42:903,-3.9675,-6.78875,"0,281",11,0,0,-3,"50,8728","3,402823466385289e+38","11,7188"
2026 02 19 09:31:42:905,-3.9675,-6.78875,"0,281",11,0,0,-3,"50,8728","3,402823466385289e+38","3,9063"
2026 02 19 09:31:42:907,-3.9675,-6.78875,"0,281",11,0,0,-3,"50,8728","3,402823466385289e+38","-11,7187"
2026 02 19 09:31:42:909,-3.9675,-6.78875,"0,281",11,0,0,-3,"50,8728","3,402823466385289e+38","-11,7187"
2026 02 19 09:31:42:911,-3.9675,-6.78875,"0,281",11,0,0,-3,"50,8728","3,402823466385289e+38","-27,3437"
2026 02 19 09:31:42:913,-3.9334,-6.78875,"0,281",11,0,0,-3,"50,8728","3,402823466385289e+38",0
2026 02 19 09:31:42:915,-3.9675,-6.78875,"0,281",11,0,0,-3,"50,8728","3,402823466385289e+38",0
2026 02 19 09:31:42:917,-3.9675,-6.78875,"0,281",11,0,0,-3,"50,8728","3,402823466385289e+38","-3,9062"
2026 02 19 09:31:42:919,-3.9675,-6.78875,"0,281",11,0,0,-3,"50,8728","3,402823466385289e+38",0
2026 02 19 09:31:42:921,-3.9675,-6.78875,"0,281",11,0,0,-3,"50,8728","3,402823466385289e+38","27,3438"
2026 02 19 09:31:42:923,-3.9675,-6.78875,"0,281",11,0,0,-3,"50,8728","3,402823466385289e+38","11,7188"
2026 02 19 09:31:42:925,-3.9675,-6.78875,"0,281",11,0,0,-3,"50,8728","3,402823466385289e+38",0
2026 02 19 09:31:42:927,-3.9675,-6.78875,"0,281",11,0,0,-3,"50,8728","3,402823466385289e+38","-11,7187"
2026 02 19 09:31:42:929,-3.9675,-6.78875,"0,281",11,0,0,-3,"50,8728","3,402823466385289e+38","-11,7187"
2026 02 19 09:31:42:931,-3.9334,-6.78875,"0,281",11,0,0,-3,"50,8728","3,402823466385289e+38","-23,4375"
2026 02 19 09:31:42:933,-3.9985,-6.78875,"0,281",11,0,0,-3,"50,8728","3,402823466385289e+38","-3,9062"
2026 02 19 09:31:42:935,-3.9675,-6.78875,"0,281",11,0,0,-3,"50,8728","3,402823466385289e+38",0
2026 02 19 09:31:42:937,-3.9675,-6.87625,"0,281",11,0,0,-3,"50,8728","3,402823466385289e+38",0
2026 02 19 09:31:42:939,-3.9675,-6.78875,"0,281",11,0,0,-3,"50,8728","3,402823466385289e+38",0
2026 02 19 09:31:42:941,-3.9334,-6.87625,"0,281",11,0,0,-3,"50,8728","3,402823466385289e+38","23,4375"
2026 02 19 09:31:42:943,-3.9675,-6.78875,"0,281",11,0,0,-3,"50,8728","3,402823466385289e+38","15,625"
2026 02 19 09:31:42:945,-3.9675,-6.78875,"0,281",11,0,0,-3,"50,8728","3,402823466385289e+38",0
2026 02 19 09:31:42:947,-3.9675,-6.78875,"0,281",11,0,0,-3,"50,8728","3,402823466385289e+38","-7,8125"
2026 02 19 09:31:42:949,-3.9985,-6.87625,"0,281",11,0,0,-3,"50,8728","3,402823466385289e+38","-15,625"
2026 02 19 09:31:42:951,-3.9675,-6.78875,"0,281",11,0,0,-3,"50,8728","3,402823466385289e+38","-27,3437"
2026 02 19 09:31:42:953,-3.9675,-6.87625,"0,281",11,0,0,-3,"50,8728","3,402823466385289e+38",0
2026 02 19 09:31:42:955,-3.9675,-6.87625,"0,281",11,0,0,-3,"50,8728","3,402823466385289e+38",0
2026 02 19 09:31:42:957,-3.9675,-6.78875,"0,281",11,0,0,-3,"50,8728","3,402823466385289e+38",0
2026 02 19 09:31:42:959,-3.9675,-6.78875,"0,281",11,0,0,-3,"50,8728","3,402823466385289e+38",0
2026 02 19 09:31:42:961,-3.9675,-6.70125,"0,281",11,0,0,-3,"50,8728","3,402823466385289e+38","27,3438"
2026 02 19 09:31:42:963,-3.9675,-6.78875,"0,281",11,0,0,-3,"50,8728","3,402823466385289e+38","11,7188"
2026 02 19 09:31:42:965,-3.9675,-6.70125,"0,281",11,0,0,-3,"50,8728","3,402823466385289e+38",0
2026 02 19 09:31:42:967,-3.9675,-6.78875,"0,281",11,0,0,-3,"50,8728","3,402823466385289e+38","-15,625"
2026 02 19 09:31:42:969,-3.9675,-6.87625,"0,281",11,0,0,-3,"50,8728","3,402823466385289e+38","-11,7187"
2026 02 19 09:31:42:971,-3.9675,-6.70125,"0,281",11,0,0,-3,"50,8728","3,402823466385289e+38","-27,3437"
2026 02 19 09:31:42:973,-3.9675,-6.78875,"0,281",11,0,0,-3,"50,8728","3,402823466385289e+38",0
2026 02 19 09:31:42:975,-3.9985,-6.78875,"0,281",11,0,0,-3,"50,8728","3,402823466385289e+38",0
2026 02 19 09:31:42:977,-3.9675,-6.78875,"0,281",11,0,0,-3,"50,8728","3,402823466385289e+38",0
2026 02 19 09:31:42:979,-3.9675,-6.78875,"0,281",11,0,0,-3,"50,8728","3,402823466385289e+38",0
2026 02 19 09:31:42:981,-3.9675,-6.70125,"0,281",11,0,0,-3,"50,8728","3,402823466385289e+38","27,3438"
2026 02 19 09:31:42:983,-3.9675,-6.87625,"0,281",11,0,0,-3,"50,8728","3,402823466385289e+38","15,625"
2026 02 19 09:31:42:985,-3.9675,-6.78875,"0,281",11,0,0,-3,"50,8728","3,402823466385289e+38","3,9063"
2026 02 19 09:31:42:987,-3.9675,-6.87625,"0,281",11,0,0,-3,"50,8728","3,402823466385289e+38","-11,7187"
2026 02 19 09:31:42:989,-3.9985,-6.78875,"0,281",11,0,0,-3,"50,8728","3,402823466385289e+38","-11,7187"
2026 02 19 09:31:42:991,-3.9675,-6.87625,"0,281",11,0,0,-3,"51,0864","3,402823466385289e+38","-27,3437"
2026 02 19 09:31:42:993,-3.9334,-6.87625,"0,281",11,0,0,-3,"51,0864","3,402823466385289e+38",0
2026 02 19 09:31:42:995,-3.9675,-6.87625,"0,281",11,0,0,-3,"51,0864","3,402823466385289e+38",0
2026 02 19 09:31:42:997,-3.9675,-6.87625,"0,281",11,0,0,-3,"51,0864","3,402823466385289e+38",0
2026 02 19 09:31:42:999,-3.9675,-6.78875,"0,281",11,0,0,-3,"51,0864","3,402823466385289e+38",0
2026 02 19 09:31:43:001,-3.9334,-6.78875,"0,281",11,0,0,-3,"51,0864","3,402823466385289e+38","27,3438"
2026 02 19 09:31:43:003,-3.9985,-6.87625,"0,281",11,0,0,-3,"51,0864","3,402823466385289e+38","11,7188"
2026 02 19 09:31:43:005,-3.9675,-6.87625,"0,281",11,0,0,-3,"51,0864","3,402823466385289e+38","3,9063"
2026 02 19 09:31:43:007,-3.9675,-6.87625,"0,281",11,0,0,-3,"51,0864","3,402823466385289e+38","-11,7187"
2026 02 19 09:31:43:009,-3.9675,-6.78875,"0,281",11,0,0,-3,"51,0864","3,402823466385289e+38","-15,625"
2026 02 19 09:31:43:011,-3.9675,-6.78875,"0,281",11,0,0,-3,"51,0864","3,402823466385289e+38","-23,4375"
2026 02 19 09:31:43:013,-3.9675,-6.70125,"0,281",11,0,0,-3,"51,0864","3,402823466385289e+38","-3,9062"
2026 02 19 09:31:43:015,-3.9675,-6.78875,"0,281",11,0,0,-3,"51,0864","3,402823466385289e+38",0
2026 02 19 09:31:43:017,-3.9985,-6.87625,"0,281",11,0,0,-3,"51,0864","3,402823466385289e+38",0
2026 02 19 09:31:43:019,-3.9675,-6.78875,"0,281",11,0,0,-3,"51,0864","3,402823466385289e+38","3,9063"
2026 02 19 09:31:43:021,-3.9675,-6.78875,"0,281",11,0,0,-3,"51,0864","3,402823466385289e+38","27,3438"
2026 02 19 09:31:43:023,-3.9675,-6.78875,"0,281",11,0,0,-3,"51,0864","3,402823466385289e+38","15,625"
2026 02 19 09:31:43:025,-3.9675,-6.87625,"0,281",11,0,0,-3,"51,0864","3,402823466385289e+38",0
2026 02 19 09:31:43:027,-3.9334,-6.87625,"0,281",11,0,0,-3,"51,0864","3,402823466385289e+38","-7,8125"
2026 02 19 09:31:43:029,-3.9675,-6.78875,"0,281",11,0,0,-3,"51,0864","3,402823466385289e+38","-15,625"
2026 02 19 09:31:43:031,-3.9985,-6.87625,"0,281",11,0,0,-3,"51,0864","3,402823466385289e+38","-27,3437"
2026 02 19 09:31:43:033,-3.9675,-6.78875,"0,281",11,0,0,-3,"51,0864","3,402823466385289e+38",0
2026 02 19 09:31:43:035,-3.9675,-6.87625,"0,281",11,0,0,-3,"51,0864","3,402823466385289e+38","3,9063"
2026 02 19 09:31:43:037,-3.9675,-6.78875,"0,281",11,0,0,-3,"51,0864","3,402823466385289e+38","-3,9062"
2026 02 19 09:31:43:039,-3.9675,-6.78875,"0,281",11,0,0,-3,"51,0864","3,402823466385289e+38",0
2026 02 19 09:31:43:041,-3.9675,-6.78875,"0,281",11,0,0,-3,"51,0864","3,402823466385289e+38","27,3438"
2026 02 19 09:31:43:043,-3.9675,-6.78875,"0,281",11,0,0,-3,"51,0864","3,402823466385289e+38","11,7188"
2026 02 19 09:31:43:045,-3.9985,-6.70125,"0,281",11,0,0,-3,"51,0864","3,402823466385289e+38",0
2026 02 19 09:31:43:047,-3.9985,-6.87625,"0,281",11,0,0,-3,"51,0864","3,402823466385289e+38","-11,7187"
2026 02 19 09:31:43:049,-3.9675,-6.78875,"0,281",11,0,0,-3,"51,0864","3,402823466385289e+38","-15,625"
2026 02 19 09:31:43:051,-3.9334,-6.78875,"0,281",11,0,0,-3,"51,0864","3,402823466385289e+38","-27,3437"
2026 02 19 09:31:43:053,-3.9675,-6.78875,"0,281",11,0,0,-3,"51,0864","3,402823466385289e+38",0
2026 02 19 09:31:43:055,-3.9675,-6.78875,"0,281",11,0,0,-3,"51,0864","3,402823466385289e+38","-3,9062"
2026 02 19 09:31:43:057,-3.9675,-6.87625,"0,281",11,0,0,-3,"51,0864","3,402823466385289e+38",0
2026 02 19 09:31:43:059,-3.9334,-6.78875,"0,281",11,0,0,-3,"51,0864","3,402823466385289e+38",0
2026 02 19 09:31:43:061,-3.9675,-6.87625,"0,281",11,0,0,-3,"51,0864","3,402823466385289e+38","27,3438"
2026 02 19 09:31:43:063,-3.9675,-6.78875,"0,281",11,0,0,-3,"51,0864","3,402823466385289e+38","19,5313"
2026 02 19 09:31:43:065,-3.9334,-6.87625,"0,281",11,0,0,-3,"51,0864","3,402823466385289e+38",0
2026 02 19 09:31:43:067,-3.9675,-6.78875,"0,281",11,0,0,-3,"51,0864","3,402823466385289e+38","-11,7187"
2026 02 19 09:31:43:069,-3.9675,-6.78875,"0,281",11,0,0,-3,"51,0864","3,402823466385289e+38","-11,7187"
2026 02 19 09:31:43:071,-3.9675,-6.78875,"0,281",11,0,0,-3,"51,0864","3,402823466385289e+38","-27,3437"
2026 02 19 09:31:43:073,-3.9675,-6.78875,"0,281",11,0,0,-3,"51,0864","3,402823466385289e+38",0
2026 02 19 09:31:43:075,-3.9675,-6.78875,"0,281",11,0,0,-3,"51,0864","3,402823466385289e+38",0
2026 02 19 09:31:43:077,-3.9675,-6.70125,"0,281",11,0,0,-3,"51,0864","3,402823466385289e+38",0
2026 02 19 09:31:43:079,-3.9675,-6.78875,"0,281",11,0,0,-3,"51,0864","3,402823466385289e+38",0
2026 02 19 09:31:43:081,-3.9675,-6.87625,"0,281",11,0,0,-3,"51,0864","3,402823466385289e+38","23,4375"
2026 02 19 09:31:43:083,-3.9675,-6.78875,"0,281",11,0,0,-3,"51,0864","3,402823466385289e+38","11,7188"
2026 02 19 09:31:43:085,-3.9675,-6.78875,"0,281",11,0,0,-3,"51,0864","3,402823466385289e+38",0
2026 02 19 09:31:43:087,-3.9675,-6.78875,"0,281",11,0,0,-3,"51,0864","3,402823466385289e+38","-11,7187"
2026 02 19 09:31:43:089,-3.9675,-6.78875,"0,281",11,0,0,-3,"51,0864","3,402823466385289e+38","-15,625"
2026 02 19 09:31:43:091,-3.9675,-6.78875,"0,281",11,0,0,-3,"51,0864","3,402823466385289e+38","-27,3437"
2026 02 19 09:31:43:093,-3.9675,-6.78875,"0,281",11,0,0,-3,"51,0864","3,402823466385289e+38",0
2026 02 19 09:31:43:095,-3.9675,-6.87625,"0,281",11,0,0,-3,"51,0864","3,402823466385289e+38",0
2026 02 19 09:31:43:097,-3.9675,-6.78875,"0,281",11,0,0,-3,"51,0864","3,402823466385289e+38",0
2026 02 19 09:31:43:099,-3.9675,-6.78875,"0,281",11,0,0,-3,"51,0864","3,402823466385289e+38",0
2026 02 19 09:31:43:101,-3.9675,-6.78875,"0,281",11,0,0,-3,"51,0864","3,402823466385289e+38","23,4375"
2026 02 19 09:31:43:103,-3.9985,-6.78875,"0,281",11,0,0,-3,"51,0864","3,402823466385289e+38","15,625"
2026 02 19 09:31:43:105,-3.9985,-6.78875,"0,281",11,0,0,-3,"51,0864","3,402823466385289e+38","-3,9062"
2026 02 19 09:31:43:107,-3.9675,-6.78875,"0,281",11,0,0,-3,"51,0864","3,402823466385289e+38","-7,8125"
2026 02 19 09:31:43:109,-3.9675,-6.78875,"0,281",11,0,0,-3,"51,0864","3,402823466385289e+38","-15,625"
2026 02 19 09:31:43:111,-3.9334,-6.70125,"0,281",11,0,0,-3,"51,0864","3,402823466385289e+38","-27,3437"
2026 02 19 09:31:43:113,-3.9675,-6.78875,"0,281",11,0,0,-3,"51,0864","3,402823466385289e+38",0
2026 02 19 09:31:43:115,-3.9985,-6.78875,"0,281",11,0,0,-3,"51,0864","3,402823466385289e+38",0
2026 02 19 09:31:43:117,-3.9675,-6.78875,"0,281",11,0,0,-3,"51,0864","3,402823466385289e+38",0
2026 02 19 09:31:43:119,-3.9985,-6.78875,"0,281",11,0,0,-3,"51,0864","3,402823466385289e+38",0
2026 02 19 09:31:43:121,-3.9675,-6.87625,"0,281",11,0,0,-3,"51,0864","3,402823466385289e+38","23,4375"
2026 02 19 09:31:43:123,-3.9334,-6.78875,"0,281",11,0,0,-3,"51,0864","3,402823466385289e+38","15,625"
2026 02 19 09:31:43:125,-3.9675,-6.78875,"0,281",11,0,0,-3,"51,0864","3,402823466385289e+38","-3,9062"
2026 02 19 09:31:43:127,-3.9985,-6.78875,"0,281",11,0,0,-3,"51,0864","3,402823466385289e+38","-11,7187"
2026 02 19 09:31:43:129,-3.9675,-6.78875,"0,281",11,0,0,-3,"51,0864","3,402823466385289e+38","-15,625"
2026 02 19 09:31:43:131,-3.9675,-6.78875,"0,281",11,0,0,-3,"51,0864","3,402823466385289e+38","-27,3437"
2026 02 19 09:31:43:133,-3.9675,-6.78875,"0,281",11,0,0,-3,"51,0864","3,402823466385289e+38","-3,9062"
2026 02 19 09:31:43:135,-3.9675,-6.70125,"0,281",11,0,0,-3,"51,0864","3,402823466385289e+38",0
2026 02 19 09:31:43:137,-3.9675,-6.87625,"0,281",11,0,0,-3,"51,0864","3,402823466385289e+38",0
2026 02 19 09:31:43:139,-3.9675,-6.78875,"0,281",11,0,0,-3,"51,0864","3,402823466385289e+38",0
2026 02 19 09:31:43:141,-3.9675,-6.78875,"0,281",11,0,0,-3,"51,0864","3,402823466385289e+38","23,4375"
2026 02 19 09:31:43:143,-3.9675,-6.87625,"0,281",11,0,0,-3,"51,0864","3,402823466385289e+38","15,625"
2026 02 19 09:31:43:145,-3.9675,-6.78875,"0,281",11,0,0,-3,"51,0864","3,402823466385289e+38",0
2026 02 19 09:31:43:147,-3.9675,-6.78875,"0,281",11,0,0,-3,"51,0864","3,402823466385289e+38","-11,7187"
2026 02 19 09:31:43:149,-3.9675,-6.87625,"0,281",11,0,0,-3,"51,0864","3,402823466385289e+38","-15,625"
2026 02 19 09:31:43:151,-3.9675,-6.78875,"0,281",11,0,0,-3,"51,0864","3,402823466385289e+38","-23,4375"
2026 02 19 09:31:43:153,-3.9675,-6.78875,"0,281",11,0,0,-3,"51,0864","3,402823466385289e+38","-3,9062"
2026 02 19 09:31:43:155,-3.9675,-6.78875,"0,281",11,0,0,-3,"51,0864","3,402823466385289e+38",0
2026 02 19 09:31:43:157,-3.9675,-6.87625,"0,281",11,0,0,-3,"51,0864","3,402823466385289e+38",0
2026 02 19 09:31:43:159,-3.9675,-6.78875,"0,281",11,0,0,-3,"51,0864","3,402823466385289e+38",0
2026 02 19 09:31:43:161,-3.9675,-6.78875,"0,281",11,0,0,-3,"51,0864","3,402823466385289e+38","23,4375"
2026 02 19 09:31:43:163,-3.9675,-6.70125,"0,281",11,0,0,-3,"51,0864","3,402823466385289e+38","11,7188"
2026 02 19 09:31:43:165,-3.9675,-6.78875,"0,281",11,0,0,-3,"51,0864","3,402823466385289e+38",0
2026 02 19 09:31:43:167,-3.9675,-6.78875,"0,281",11,0,0,-3,"51,0864","3,402823466385289e+38","-11,7187"
2026 02 19 09:31:43:169,-3.9985,-6.70125,"0,281",11,0,0,-3,"51,0864","3,402823466385289e+38","-15,625"
2026 02 19 09:31:43:171,-3.9675,-6.78875,"0,281",11,0,0,-3,"51,0864","3,402823466385289e+38","-27,3437"
2026 02 19 09:31:43:173,-3.9675,-6.78875,"0,281",11,0,0,-3,"51,0864","3,402823466385289e+38",0
2026 02 19 09:31:43:175,-3.9675,-6.78875,"0,281",11,0,0,-3,"51,0864","3,402823466385289e+38",0
2026 02 19 09:31:43:177,-3.9675,-6.78875,"0,281",11,0,0,-3,"51,0864","3,402823466385289e+38","-3,9062"
2026 02 19 09:31:43:179,-3.9334,-6.78875,"0,281",11,0,0,-3,"51,0864","3,402823466385289e+38",0
2026 02 19 09:31:43:181,-3.9675,-6.78875,"0,281",11,0,0,-3,"51,0864","3,402823466385289e+38","23,4375"
2026 02 19 09:31:43:183,-3.9675,-6.78875,"0,281",11,0,0,-3,"51,0864","3,402823466385289e+38","15,625"
2026 02 19 09:31:43:185,-3.9675,-6.78875,"0,281",11,0,0,-3,"51,0864","3,402823466385289e+38",0
2026 02 19 09:31:43:187,-3.9675,-6.70125,"0,281",11,0,0,-3,"51,0864","3,402823466385289e+38","-7,8125"
2026 02 19 09:31:43:189,-3.9675,-6.78875,"0,281",11,0,0,-3,"51,0864","3,402823466385289e+38","-15,625"
2026 02 19 09:31:43:191,-3.9675,-6.78875,"0,281",11,0,0,-3,"51,0864","3,402823466385289e+38","-27,3437"
2026 02 19 09:31:43:193,-3.9675,-6.70125,"0,281",11,0,0,-3,"51,0864","3,402823466385289e+38",0
2026 02 19 09:31:43:195,-3.9675,-6.78875,"0,281",11,0,0,-3,"51,0864","3,402823466385289e+38",0
2026 02 19 09:31:43:197,-3.9675,-6.87625,"0,281",11,0,0,-3,"51,0864","3,402823466385289e+38",0
2026 02 19 09:31:43:199,-3.9675,-6.87625,"0,281",11,0,0,-3,"51,0864","3,402823466385289e+38",0
2026 02 19 09:31:43:201,-3.9675,-6.78875,"0,281",11,0,0,-3,"51,0864","3,402823466385289e+38","27,3438"
2026 02 19 09:31:43:203,-3.9675,-6.87625,"0,281",11,0,0,-3,"51,0864","3,402823466385289e+38","11,7188"
2026 02 19 09:31:43:205,-3.9675,-6.78875,"0,281",11,0,0,-3,"51,0864","3,402823466385289e+38",0
2026 02 19 09:31:43:207,-3.9675,-6.78875,"0,281",11,0,0,-3,"51,0864","3,402823466385289e+38","-11,7187"
2026 02 19 09:31:43:209,-3.9985,-6.78875,"0,281",11,0,0,-3,"51,0864","3,402823466385289e+38","-19,5312"
2026 02 19 09:31:43:211,-3.9675,-6.78875,"0,281",11,0,0,-3,"51,0864","3,402823466385289e+38","-27,3437"
2026 02 19 09:31:43:213,-3.9675,-6.78875,"0,281",11,0,0,-3,"51,0864","3,402823466385289e+38",0
2026 02 19 09:31:43:215,-3.9675,-6.78875,"0,281",11,0,0,-3,"51,0864","3,402823466385289e+38",0
2026 02 19 09:31:43:217,-3.9985,-6.78875,"0,281",11,0,0,-3,"51,0864","3,402823466385289e+38","-3,9062"
2026 02 19 09:31:43:219,-3.9675,-6.70125,"0,281",11,0,0,-3,"51,0864","3,402823466385289e+38",0
2026 02 19 09:31:43:221,-3.9675,-6.78875,"0,281",11,0,0,-3,"51,0864","3,402823466385289e+38","23,4375"
2026 02 19 09:31:43:223,-3.9334,-6.70125,"0,281",11,0,0,-3,"51,0864","3,402823466385289e+38","19,5313"
2026 02 19 09:31:43:225,-3.9675,-6.87625,"0,281",11,0,0,-3,"51,0864","3,402823466385289e+38",0
2026 02 19 09:31:43:227,-3.9675,-6.78875,"0,281",11,0,0,-3,"51,0864","3,402823466385289e+38","-7,8125"
2026 02 19 09:31:43:229,-3.9675,-6.78875,"0,281",11,0,0,-3,"51,0864","3,402823466385289e+38","-15,625"
2026 02 19 09:31:43:231,-3.9675,-6.78875,"0,281",11,0,0,-3,"51,0864","3,402823466385289e+38","-27,3437"
2026 02 19 09:31:43:233,-3.9675,-6.87625,"0,281",11,0,0,-3,"51,0864","3,402823466385289e+38",0
2026 02 19 09:31:43:235,-3.9675,-6.78875,"0,281",11,0,0,-3,"51,0864","3,402823466385289e+38",0
2026 02 19 09:31:43:237,-3.9675,-6.78875,"0,281",11,0,0,-3,"51,0864","3,402823466385289e+38","-3,9062"
2026 02 19 09:31:43:239,-3.9675,-6.78875,"0,281",11,0,0,-3,"51,0864","3,402823466385289e+38",0
2026 02 19 09:31:43:241,-3.9675,-6.78875,"0,281",11,0,0,-3,"51,0864","3,402823466385289e+38","23,4375"
2026 02 19 09:31:43:243,-3.9675,-6.87625,"0,281",11,0,0,-3,"51,0864","3,402823466385289e+38","11,7188"
2026 02 19 09:31:43:245,-3.9675,-6.78875,"0,281",11,0,0,-3,"51,0864","3,402823466385289e+38","3,9063"
2026 02 19 09:31:43:247,-3.9675,-6.70125,"0,281",11,0,0,-3,"51,0864","3,402823466385289e+38","-11,7187"
2026 02 19 09:31:43:249,-3.9985,-6.87625,"0,281",11,0,0,-3,"51,0864","3,402823466385289e+38","-15,625"
2026 02 19 09:31:43:251,-3.9675,-6.78875,"0,281",11,0,0,-3,"51,0864","3,402823466385289e+38","-23,4375"
2026 02 19 09:31:43:253,-3.9675,-6.78875,"0,281",11,0,0,-3,"51,0864","3,402823466385289e+38",0
2026 02 19 09:31:43:255,-3.9985,-6.78875,"0,281",11,0,0,-3,"51,0864","3,402823466385289e+38",0
2026 02 19 09:31:43:257,-3.9675,-6.78875,"0,281",11,0,0,-3,"51,0864","3,402823466385289e+38",0
2026 02 19 09:31:43:259,-3.9675,-6.78875,"0,281",11,0,0,-3,"51,0864","3,402823466385289e+38",0
2026 02 19 09:31:43:261,-3.9675,-6.78875,"0,281",11,0,0,-3,"51,0864","3,402823466385289e+38","27,3438"
2026 02 19 09:31:43:263,-3.9675,-6.78875,"0,281",11,0,0,-3,"51,0864","3,402823466385289e+38","15,625"
2026 02 19 09:31:43:265,-3.9675,-6.87625,"0,281",11,0,0,-3,"51,0864","3,402823466385289e+38",0
2026 02 19 09:31:43:267,-3.9675,-6.87625,"0,281",11,0,0,-3,"51,0864","3,402823466385289e+38","-7,8125"
2026 02 19 09:31:43:269,-3.9985,-6.78875,"0,281",11,0,0,-3,"51,0864","3,402823466385289e+38","-15,625"
2026 02 19 09:31:43:271,-3.9675,-6.78875,"0,281",11,0,0,-3,"51,0864","3,402823466385289e+38","-31,25"
2026 02 19 09:31:43:273,-3.9985,-6.78875,"0,281",11,0,0,-3,"51,0864","3,402823466385289e+38","-3,9062"
2026 02 19 09:31:43:275,-3.9675,-6.78875,"0,281",11,0,0,-3,"51,0864","3,402823466385289e+38",0
2026 02 19 09:31:43:277,-3.9675,-6.78875,"0,281",11,0,0,-3,"51,0864","3,402823466385289e+38","3,9063"
2026 02 19 09:31:43:279,-3.9985,-6.78875,"0,281",11,0,0,-3,"51,0864","3,402823466385289e+38","3,9063"
2026 02 19 09:31:43:281,-3.9675,-6.78875,"0,281",11,0,0,-3,"51,0864","3,402823466385289e+38","27,3438"
2026 02 19 09:31:43:283,-3.9985,-6.78875,"0,281",11,0,0,-3,"51,0864","3,402823466385289e+38","11,7188"
2026 02 19 09:31:43:285,-3.9334,-6.78875,"0,281",11,0,0,-3,"51,0864","3,402823466385289e+38",0
2026 02 19 09:31:43:287,-3.9985,-6.78875,"0,281",11,0,0,-3,"51,0864","3,402823466385289e+38","-7,8125"
2026 02 19 09:31:43:289,-3.9675,-6.87625,"0,281",11,0,0,-3,"51,0864","3,402823466385289e+38","-19,5312"
2026 02 19 09:31:43:291,-3.9675,-6.87625,"0,281",11,0,0,-3,"51,1932","3,402823466385289e+38","-27,3437"
2026 02 19 09:31:43:293,-3.9334,-6.78875,"0,281",11,0,0,-3,"51,1932","3,402823466385289e+38",0
2026 02 19 09:31:43:295,-3.9334,-6.70125,"0,281",11,0,0,-3,"51,1932","3,402823466385289e+38",0
2026 02 19 09:31:43:297,-3.9675,-6.87625,"0,281",11,0,0,-3,"51,1932","3,402823466385289e+38","3,9063"
2026 02 19 09:31:43:299,-3.9675,-6.70125,"0,281",11,0,0,-3,"51,1932","3,402823466385289e+38",0
2026 02 19 09:31:43:301,-3.9985,-6.78875,"0,281",11,0,0,-3,"51,1932","3,402823466385289e+38","23,4375"
2026 02 19 09:31:43:303,-3.9675,-6.87625,"0,281",11,0,0,-3,"51,1932","3,402823466385289e+38","19,5313"
2026 02 19 09:31:43:305,-3.9985,-6.78875,"0,281",11,0,0,-3,"51,1932","3,402823466385289e+38",0
2026 02 19 09:31:43:307,-3.9675,-6.78875,"0,281",11,0,0,-3,"51,1932","3,402823466385289e+38","-3,9062"
2026 02 19 09:31:43:309,-3.9675,-6.78875,"0,281",11,0,0,-3,"51,1932","3,402823466385289e+38","-15,625"
2026 02 19 09:31:43:311,-3.9675,-6.78875,"0,281",11,0,0,-3,"51,1932","3,402823466385289e+38","-27,3437"
2026 02 19 09:31:43:313,-3.9675,-6.87625,"0,281",11,0,0,-3,"51,1932","3,402823466385289e+38",0
2026 02 19 09:31:43:315,-3.9985,-6.78875,"0,281",11,0,0,-3,"51,1932","3,402823466385289e+38",0
2026 02 19 09:31:43:317,-3.9675,-6.78875,"0,281",11,0,0,-3,"51,1932","3,402823466385289e+38","-3,9062"
2026 02 19 09:31:43:319,-3.9675,-6.78875,"0,281",11,0,0,-3,"51,1932","3,402823466385289e+38","3,9063"
2026 02 19 09:31:43:321,-3.9985,-6.87625,"0,281",11,0,0,-3,"51,1932","3,402823466385289e+38","23,4375"
2026 02 19 09:31:43:323,-3.9985,-6.70125,"0,281",11,0,0,-3,"51,1932","3,402823466385289e+38","11,7188"
2026 02 19 09:31:43:325,-3.9675,-6.78875,"0,281",11,0,0,-3,"51,1932","3,402823466385289e+38",0
2026 02 19 09:31:43:327,-3.9985,-6.78875,"0,281",11,0,0,-3,"51,1932","3,402823466385289e+38","-11,7187"
2026 02 19 09:31:43:329,-3.9675,-6.78875,"0,281",11,0,0,-3,"51,1932","3,402823466385289e+38","-15,625"
2026 02 19 09:31:43:331,-3.9675,-6.78875,"0,281",11,0,0,-3,"51,1932","3,402823466385289e+38","-27,3437"
2026 02 19 09:31:43:333,-3.9675,-6.78875,"0,281",11,0,0,-3,"51,1932","3,402823466385289e+38",0
2026 02 19 09:31:43:335,-3.9675,-6.78875,"0,281",11,0,0,-3,"51,1932","3,402823466385289e+38",0
2026 02 19 09:31:43:337,-3.9675,-6.78875,"0,281",11,0,0,-3,"51,1932","3,402823466385289e+38",0
2026 02 19 09:31:43:339,-3.9675,-6.78875,"0,281",11,0,0,-3,"51,1932","3,402823466385289e+38",0
2026 02 19 09:31:43:341,-3.9985,-6.87625,"0,281",11,0,0,-3,"51,1932","3,402823466385289e+38","27,3438"
2026 02 19 09:31:43:343,-3.9675,-6.78875,"0,281",11,0,0,-3,"51,1932","3,402823466385289e+38","15,625"
2026 02 19 09:31:43:345,-3.9675,-6.78875,"0,281",11,0,0,-3,"51,1932","3,402823466385289e+38",0
2026 02 19 09:31:43:347,-3.9675,-6.78875,"0,281",11,0,0,-3,"51,1932","3,402823466385289e+38","-3,9062"
2026 02 19 09:31:43:349,-3.9675,-6.87625,"0,281",11,0,0,-3,"51,1932","3,402823466385289e+38","-19,5312"
2026 02 19 09:31:43:351,-3.9334,-6.87625,"0,281",11,0,0,-3,"51,1932","3,402823466385289e+38","-27,3437"
2026 02 19 09:31:43:353,-3.9675,-6.87625,"0,281",11,0,0,-3,"51,1932","3,402823466385289e+38",0
2026 02 19 09:31:43:355,-3.9675,-6.78875,"0,281",11,0,0,-3,"51,1932","3,402823466385289e+38",0
2026 02 19 09:31:43:357,-3.9675,-6.78875,"0,281",11,0,0,-3,"51,1932","3,402823466385289e+38",0
2026 02 19 09:31:43:359,-3.9675,-6.78875,"0,281",11,0,0,-3,"51,1932","3,402823466385289e+38",0
2026 02 19 09:31:43:361,-3.9985,-6.78875,"0,281",11,0,0,-3,"51,1932","3,402823466385289e+38","23,4375"
2026 02 19 09:31:43:363,-3.9334,-6.70125,"0,281",11,0,0,-3,"51,1932","3,402823466385289e+38","11,7188"
2026 02 19 09:31:43:365,-3.9675,-6.78875,"0,281",11,0,0,-3,"51,1932","3,402823466385289e+38",0
2026 02 19 09:31:43:367,-3.9985,-6.78875,"0,281",11,0,0,-3,"51,1932","3,402823466385289e+38","-11,7187"
2026 02 19 09:31:43:369,-3.9334,-6.78875,"0,281",11,0,0,-3,"51,1932","3,402823466385289e+38","-19,5312"
2026 02 19 09:31:43:371,-3.9675,-6.78875,"0,281",11,0,0,-3,"51,1932","3,402823466385289e+38","-23,4375"
2026 02 19 09:31:43:373,-3.9334,-6.78875,"0,281",11,0,0,-3,"51,1932","3,402823466385289e+38","-3,9062"
2026 02 19 09:31:43:375,-3.9334,-6.78875,"0,281",11,0,0,-3,"51,1932","3,402823466385289e+38",0
2026 02 19 09:31:43:377,-3.9985,-6.78875,"0,281",11,0,0,-3,"51,1932","3,402823466385289e+38",0
2026 02 19 09:31:43:379,-3.9334,-6.78875,"0,281",11,0,0,-3,"51,1932","3,402823466385289e+38",0
2026 02 19 09:31:43:381,-3.9985,-6.87625,"0,281",11,0,0,-3,"51,1932","3,402823466385289e+38","23,4375"
2026 02 19 09:31:43:383,-3.9675,-6.78875,"0,281",11,0,0,-3,"51,1932","3,402823466385289e+38","15,625"
2026 02 19 09:31:43:385,-3.9675,-6.78875,"0,281",11,0,0,-3,"51,1932","3,402823466385289e+38",0
2026 02 19 09:31:43:387,-3.9985,-6.78875,"0,281",11,0,0,-3,"51,1932","3,402823466385289e+38","-7,8125"
2026 02 19 09:31:43:389,-3.9675,-6.70125,"0,281",11,0,0,-3,"51,1932","3,402823466385289e+38","-19,5312"
2026 02 19 09:31:43:391,-3.9675,-6.78875,"0,281",11,0,0,-3,"51,1932","3,402823466385289e+38","-27,3437"
2026 02 19 09:31:43:393,-3.9675,-6.78875,"0,281",11,0,0,-3,"51,1932","3,402823466385289e+38",0
2026 02 19 09:31:43:395,-3.9985,-6.78875,"0,281",11,0,0,-3,"51,1932","3,402823466385289e+38",0
2026 02 19 09:31:43:397,-3.9985,-6.78875,"0,281",11,0,0,-3,"51,1932","3,402823466385289e+38",0
2026 02 19 09:31:43:399,-3.9675,-6.78875,"0,281",11,0,0,-3,"51,1932","3,402823466385289e+38",0
2026 02 19 09:31:43:401,-3.9675,-6.78875,"0,281",11,0,0,-3,"51,1932","3,402823466385289e+38","23,4375"
2026 02 19 09:31:43:403,-3.9675,-6.78875,"0,281",11,0,0,-3,"51,1932","3,402823466385289e+38","15,625"
2026 02 19 09:31:43:405,-3.9985,-6.78875,"0,281",11,0,0,-3,"51,1932","3,402823466385289e+38",0
2026 02 19 09:31:43:407,-3.9675,-6.87625,"0,281",11,0,0,-3,"51,1932","3,402823466385289e+38","-7,8125"
2026 02 19 09:31:43:409,-3.9675,-6.78875,"0,281",11,0,0,-3,"51,1932","3,402823466385289e+38","-19,5312"
2026 02 19 09:31:43:411,-3.9675,-6.78875,"0,281",11,0,0,-3,"51,1932","3,402823466385289e+38","-27,3437"
2026 02 19 09:31:43:413,-3.9675,-6.78875,"0,281",11,0,0,-3,"51,1932","3,402823466385289e+38",0
2026 02 19 09:31:43:415,-3.9675,-6.87625,"0,281",11,0,0,-3,"51,1932","3,402823466385289e+38",0
2026 02 19 09:31:43:417,-3.9675,-6.78875,"0,281",11,0,0,-3,"51,1932","3,402823466385289e+38","-3,9062"
2026 02 19 09:31:43:419,-3.9675,-6.87625,"0,281",11,0,0,-3,"51,1932","3,402823466385289e+38",0
2026 02 19 09:31:43:421,-3.9985,-6.87625,"0,281",11,0,0,-3,"51,1932","3,402823466385289e+38","19,5313"
2026 02 19 09:31:43:423,-3.9675,-6.78875,"0,281",11,0,0,-3,"51,1932","3,402823466385289e+38","15,625"
2026 02 19 09:31:43:425,-3.9985,-6.78875,"0,281",11,0,0,-3,"51,1932","3,402823466385289e+38",0
2026 02 19 09:31:43:427,-3.9675,-6.78875,"0,281",11,0,0,-3,"51,1932","3,402823466385289e+38","-7,8125"
2026 02 19 09:31:43:429,-3.9675,-6.78875,"0,281",11,0,0,-3,"51,1932","3,402823466385289e+38","-19,5312"
2026 02 19 09:31:43:431,-3.9675,-6.87625,"0,281",11,0,0,-3,"51,1932","3,402823466385289e+38","-27,3437"
2026 02 19 09:31:43:433,-3.9675,-6.78875,"0,281",11,0,0,-3,"51,1932","3,402823466385289e+38",0
2026 02 19 09:31:43:435,-3.9334,-6.78875,"0,281",11,0,0,-3,"51,1932","3,402823466385289e+38","-3,9062"
2026 02 19 09:31:43:437,-3.9675,-6.78875,"0,281",11,0,0,-3,"51,1932","3,402823466385289e+38",0
2026 02 19 09:31:43:439,-3.9675,-6.78875,"0,281",11,0,0,-3,"51,1932","3,402823466385289e+38",0
2026 02 19 09:31:43:441,-3.9675,-6.78875,"0,281",11,0,0,-3,"51,1932","3,402823466385289e+38","23,4375"
2026 02 19 09:31:43:443,-3.9675,-6.78875,"0,281",11,0,0,-3,"51,1932","3,402823466385289e+38","15,625"
2026 02 19 09:31:43:445,-3.9985,-6.78875,"0,281",11,0,0,-3,"51,1932","3,402823466385289e+38",0
2026 02 19 09:31:43:447,-3.9675,-6.78875,"0,281",11,0,0,-3,"51,1932","3,402823466385289e+38","-7,8125"
2026 02 19 09:31:43:449,-3.9675,-6.78875,"0,281",11,0,0,-3,"51,1932","3,402823466385289e+38","-15,625"
2026 02 19 09:31:43:451,-3.9675,-6.78875,"0,281",11,0,0,-3,"51,1932","3,402823466385289e+38","-27,3437"
2026 02 19 09:31:43:453,-3.9675,-6.87625,"0,281",11,0,0,-3,"51,1932","3,402823466385289e+38",0
2026 02 19 09:31:43:455,-3.9675,-6.78875,"0,281",11,0,0,-3,"51,1932","3,402823466385289e+38",0
2026 02 19 09:31:43:457,-3.9334,-6.87625,"0,281",11,0,0,-3,"51,1932","3,402823466385289e+38","-3,9062"
2026 02 19 09:31:43:459,-3.9675,-6.87625,"0,281",11,0,0,-3,"51,1932","3,402823466385289e+38",0
2026 02 19 09:31:43:461,-3.9675,-6.78875,"0,281",11,0,0,-3,"51,1932","3,402823466385289e+38","23,4375"
2026 02 19 09:31:43:463,-3.9675,-6.78875,"0,281",11,0,0,-3,"51,1932","3,402823466385289e+38","19,5313"
2026 02 19 09:31:43:465,-3.9675,-6.87625,"0,281",11,0,0,-3,"51,1932","3,402823466385289e+38",0
2026 02 19 09:31:43:467,-3.9675,-6.78875,"0,281",11,0,0,-3,"51,1932","3,402823466385289e+38","-11,7187"
2026 02 19 09:31:43:469,-3.9675,-6.87625,"0,281",11,0,0,-3,"51,1932","3,402823466385289e+38","-15,625"
2026 02 19 09:31:43:471,-3.9675,-6.78875,"0,281",11,0,0,-3,"51,1932","3,402823466385289e+38","-27,3437"
2026 02 19 09:31:43:473,-3.9334,-6.70125,"0,281",11,0,0,-3,"51,1932","3,402823466385289e+38","-3,9062"
2026 02 19 09:31:43:475,-3.9675,-6.78875,"0,281",11,0,0,-3,"51,1932","3,402823466385289e+38",0
2026 02 19 09:31:43:477,-3.9334,-6.78875,"0,281",11,0,0,-3,"51,1932","3,402823466385289e+38",0
2026 02 19 09:31:43:479,-3.9334,-6.78875,"0,281",11,0,0,-3,"51,1932","3,402823466385289e+38",0
2026 02 19 09:31:43:481,-3.9675,-6.87625,"0,281",11,0,0,-3,"51,1932","3,402823466385289e+38","23,4375"
2026 02 19 09:31:43:483,-3.9675,-6.87625,"0,281",11,0,0,-3,"51,1932","3,402823466385289e+38","11,7188"
2026 02 19 09:31:43:485,-3.9675,-6.78875,"0,281",11,0,0,-3,"51,1932","3,402823466385289e+38","3,9063"
2026 02 19 09:31:43:487,-3.9675,-6.87625,"0,281",11,0,0,-3,"51,1932","3,402823466385289e+38","-7,8125"
2026 02 19 09:31:43:489,-3.9675,-6.78875,"0,281",11,0,0,-3,"51,1932","3,402823466385289e+38","-19,5312"
2026 02 19 09:31:43:491,-3.9675,-6.78875,"0,281",11,0,0,-3,"51,1932","3,402823466385289e+38","-27,3437"
2026 02 19 09:31:43:493,-3.9675,-6.87625,"0,281",11,0,0,-3,"51,1932","3,402823466385289e+38",0
2026 02 19 09:31:43:495,-3.9985,-6.87625,"0,281",11,0,0,-3,"51,1932","3,402823466385289e+38",0
2026 02 19 09:31:43:497,-3.9675,-6.87625,"0,281",11,0,0,-3,"51,1932","3,402823466385289e+38","-3,9062"
2026 02 19 09:31:43:499,-3.9334,-6.87625,"0,281",11,0,0,-3,"51,1932","3,402823466385289e+38",0
2026 02 19 09:31:43:501,-3.9675,-6.87625,"0,281",11,0,0,-3,"51,1932","3,402823466385289e+38","19,5313"
2026 02 19 09:31:43:503,-3.9675,-6.87625,"0,281",11,0,0,-3,"51,1932","3,402823466385289e+38","19,5313"
2026 02 19 09:31:43:505,-3.9675,-6.78875,"0,281",11,0,0,-3,"51,1932","3,402823466385289e+38",0
2026 02 19 09:31:43:507,-3.9675,-6.70125,"0,281",11,0,0,-3,"51,1932","3,402823466385289e+38","-7,8125"
2026 02 19 09:31:43:509,-3.9675,-6.87625,"0,281",11,0,0,-3,"51,1932","3,402823466385289e+38","-19,5312"
2026 02 19 09:31:43:511,-3.9675,-6.78875,"0,281",11,0,0,-3,"51,1932","3,402823466385289e+38","-23,4375"
2026 02 19 09:31:43:513,-3.9675,-6.87625,"0,281",11,0,0,-3,"51,1932","3,402823466385289e+38",0
2026 02 19 09:31:43:515,-3.9675,-6.87625,"0,281",11,0,0,-3,"51,1932","3,402823466385289e+38",0
2026 02 19 09:31:43:517,-3.9985,-6.87625,"0,281",11,0,0,-3,"51,1932","3,402823466385289e+38","-3,9062"
2026 02 19 09:31:43:519,-3.9985,-6.78875,"0,281",11,0,0,-3,"51,1932","3,402823466385289e+38",0
2026 02 19 09:31:43:521,-3.9675,-6.78875,"0,281",11,0,0,-3,"51,1932","3,402823466385289e+38","19,5313"
2026 02 19 09:31:43:523,-3.9675,-6.78875,"0,281",11,0,0,-3,"51,1932","3,402823466385289e+38","11,7188"
2026 02 19 09:31:43:525,-3.9985,-6.78875,"0,281",11,0,0,-3,"51,1932","3,402823466385289e+38",0
2026 02 19 09:31:43:527,-3.9675,-6.78875,"0,281",11,0,0,-3,"51,1932","3,402823466385289e+38","-7,8125"
2026 02 19 09:31:43:529,-3.9985,-6.78875,"0,281",11,0,0,-3,"51,1932","3,402823466385289e+38","-19,5312"
2026 02 19 09:31:43:531,-3.9675,-6.87625,"0,281",11,0,0,-3,"51,1932","3,402823466385289e+38","-27,3437"
2026 02 19 09:31:43:533,-3.9675,-6.78875,"0,281",11,0,0,-3,"51,1932","3,402823466385289e+38",0
2026 02 19 09:31:43:535,-3.9334,-6.78875,"0,281",11,0,0,-3,"51,1932","3,402823466385289e+38",0
2026 02 19 09:31:43:537,-3.9985,-6.87625,"0,281",11,0,0,-3,"51,1932","3,402823466385289e+38",0
2026 02 19 09:31:43:539,-3.9675,-6.87625,"0,281",11,0,0,-3,"51,1932","3,402823466385289e+38",0
2026 02 19 09:31:43:541,-3.9675,-6.78875,"0,281",11,0,0,-3,"51,1932","3,402823466385289e+38","23,4375"
2026 02 19 09:31:43:543,-3.9675,-6.87625,"0,281",11,0,0,-3,"51,1932","3,402823466385289e+38","15,625"
2026 02 19 09:31:43:545,-3.9675,-6.87625,"0,281",11,0,0,-3,"51,1932","3,402823466385289e+38",0
2026 02 19 09:31:43:547,-3.9675,-6.78875,"0,281",11,0,0,-3,"51,1932","3,402823466385289e+38","-7,8125"
2026 02 19 09:31:43:549,-3.9675,-6.78875,"0,281",11,0,0,-3,"51,1932","3,402823466385289e+38","-15,625"
2026 02 19 09:31:43:551,-3.9675,-6.78875,"0,281",11,0,0,-3,"51,1932","3,402823466385289e+38","-23,4375"
2026 02 19 09:31:43:553,-3.9675,-6.78875,"0,281",11,0,0,-3,"51,1932","3,402823466385289e+38",0
2026 02 19 09:31:43:555,-3.9675,-6.78875,"0,281",11,0,0,-3,"51,1932","3,402823466385289e+38",0
2026 02 19 09:31:43:557,-3.9675,-6.87625,"0,281",11,0,0,-3,"51,1932","3,402823466385289e+38",0
2026 02 19 09:31:43:559,-3.9985,-6.78875,"0,281",11,0,0,-3,"51,1932","3,402823466385289e+38","3,9063"
2026 02 19 09:31:43:561,-3.9675,-6.78875,"0,281",11,0,0,-3,"51,1932","3,402823466385289e+38","23,4375"
2026 02 19 09:31:43:563,-3.9675,-6.78875,"0,281",11,0,0,-3,"51,1932","3,402823466385289e+38","15,625"
2026 02 19 09:31:43:565,-3.9675,-6.78875,"0,281",11,0,0,-3,"51,1932","3,402823466385289e+38","3,9063"
2026 02 19 09:31:43:567,-3.9334,-6.78875,"0,281",11,0,0,-3,"51,1932","3,402823466385289e+38","-7,8125"
2026 02 19 09:31:43:569,-3.9334,-6.78875,"0,281",11,0,0,-3,"51,1932","3,402823466385289e+38","-19,5312"
2026 02 19 09:31:43:571,-3.9985,-6.78875,"0,281",11,0,0,-3,"51,1932","3,402823466385289e+38","-31,25"
2026 02 19 09:31:43:573,-3.9675,-6.78875,"0,281",11,0,0,-3,"51,1932","3,402823466385289e+38",0
2026 02 19 09:31:43:575,-3.9675,-6.87625,"0,281",11,0,0,-3,"51,1932","3,402823466385289e+38","3,9063"
2026 02 19 09:31:43:577,-3.9985,-6.87625,"0,281",11,0,0,-3,"51,1932","3,402823466385289e+38",0
2026 02 19 09:31:43:579,-3.9985,-6.78875,"0,281",11,0,0,-3,"51,1932","3,402823466385289e+38",0
2026 02 19 09:31:43:581,-3.9985,-6.87625,"0,281",11,0,0,-3,"51,1932","3,402823466385289e+38","23,4375"
2026 02 19 09:31:43:583,-3.9675,-6.78875,"0,281",11,0,0,-3,"51,1932","3,402823466385289e+38","15,625"
2026 02 19 09:31:43:585,-3.9675,-6.70125,"0,281",11,0,0,-3,"51,1932","3,402823466385289e+38",0
2026 02 19 09:31:43:587,-3.9334,-6.87625,"0,281",11,0,0,-3,"51,1932","3,402823466385289e+38","-3,9062"
2026 02 19 09:31:43:589,-3.9675,-6.78875,"0,281",11,0,0,-3,"51,1932","3,402823466385289e+38","-19,5312"
2026 02 19 09:31:43:591,-3.9675,-6.87625,"0,28",11,0,0,-3,"49,6521","3,402823466385289e+38","-23,4375"
2026 02 19 09:31:43:593,-3.9675,-6.87625,"0,28",11,0,0,-3,"49,6521","3,402823466385289e+38",0
2026 02 19 09:31:43:595,-3.9675,-6.87625,"0,28",11,0,0,-3,"49,6521","3,402823466385289e+38",0
2026 02 19 09:31:43:597,-3.9334,-6.9725,"0,28",11,0,0,-3,"49,6521","3,402823466385289e+38","-3,9062"
2026 02 19 09:31:43:599,-3.9334,-6.78875,"0,28",11,0,0,-3,"49,6521","3,402823466385289e+38","3,9063"
2026 02 19 09:31:43:601,-3.9675,-6.78875,"0,28",11,0,0,-3,"49,6521","3,402823466385289e+38","19,5313"
2026 02 19 09:31:43:603,-3.9675,-6.78875,"0,28",11,0,0,-3,"49,6521","3,402823466385289e+38","11,7188"
2026 02 19 09:31:43:605,-3.9675,-6.78875,"0,28",11,0,0,-3,"49,6521","3,402823466385289e+38",0
2026 02 19 09:31:43:607,-3.9675,-6.87625,"0,28",11,0,0,-3,"49,6521","3,402823466385289e+38","-3,9062"
2026 02 19 09:31:43:609,-3.9334,-6.87625,"0,28",11,0,0,-3,"49,6521","3,402823466385289e+38","-19,5312"
2026 02 19 09:31:43:611,-3.9985,-6.70125,"0,28",11,0,0,-3,"49,6521","3,402823466385289e+38","-27,3437"
2026 02 19 09:31:43:613,-3.9675,-6.78875,"0,28",11,0,0,-3,"49,6521","3,402823466385289e+38",0
2026 02 19 09:31:43:615,-3.9675,-6.78875,"0,28",11,0,0,-3,"49,6521","3,402823466385289e+38","3,9063"
2026 02 19 09:31:43:617,-3.9675,-6.78875,"0,28",11,0,0,-3,"49,6521","3,402823466385289e+38",0
2026 02 19 09:31:43:619,-3.9675,-6.78875,"0,28",11,0,0,-3,"49,6521","3,402823466385289e+38","3,9063"
2026 02 19 09:31:43:621,-3.9675,-6.78875,"0,28",11,0,0,-3,"49,6521","3,402823466385289e+38","19,5313"
2026 02 19 09:31:43:623,-3.9675,-6.78875,"0,28",11,0,0,-3,"49,6521","3,402823466385289e+38","15,625"
2026 02 19 09:31:43:625,-3.9675,-6.78875,"0,28",11,0,0,-3,"49,6521","3,402823466385289e+38","3,9063"
2026 02 19 09:31:43:627,-3.9675,-6.78875,"0,28",11,0,0,-3,"49,6521","3,402823466385289e+38","-7,8125"
2026 02 19 09:31:43:629,-3.9675,-6.78875,"0,28",11,0,0,-3,"49,6521","3,402823466385289e+38","-19,5312"
2026 02 19 09:31:43:631,-3.9675,-6.70125,"0,28",11,0,0,-3,"49,6521","3,402823466385289e+38","-27,3437"
2026 02 19 09:31:43:633,-3.9675,-6.70125,"0,28",11,0,0,-3,"49,6521","3,402823466385289e+38",0
2026 02 19 09:31:43:635,-3.9985,-6.78875,"0,28",11,0,0,-3,"49,6521","3,402823466385289e+38",0
2026 02 19 09:31:43:637,-3.9675,-6.78875,"0,28",11,0,0,-3,"49,6521","3,402823466385289e+38",0
2026 02 19 09:31:43:639,-3.9675,-6.78875,"0,28",11,0,0,-3,"49,6521","3,402823466385289e+38",0
2026 02 19 09:31:43:641,-3.9675,-6.78875,"0,28",11,0,0,-3,"49,6521","3,402823466385289e+38","19,5313"
2026 02 19 09:31:43:643,-3.9334,-6.78875,"0,28",11,0,0,-3,"49,6521","3,402823466385289e+38","11,7188"
2026 02 19 09:31:43:645,-3.9675,-6.78875,"0,28",11,0,0,-3,"49,6521","3,402823466385289e+38","3,9063"
2026 02 19 09:31:43:647,-3.9675,-6.70125,"0,28",11,0,0,-3,"49,6521","3,402823466385289e+38","-7,8125"
2026 02 19 09:31:43:649,-3.9675,-6.70125,"0,28",11,0,0,-3,"49,6521","3,402823466385289e+38","-19,5312"
2026 02 19 09:31:43:651,-3.9675,-6.78875,"0,28",11,0,0,-3,"49,6521","3,402823466385289e+38","-27,3437"
2026 02 19 09:31:43:653,-3.9675,-6.78875,"0,28",11,0,0,-3,"49,6521","3,402823466385289e+38",0
2026 02 19 09:31:43:655,-3.9675,-6.78875,"0,28",11,0,0,-3,"49,6521","3,402823466385289e+38",0
2026 02 19 09:31:43:657,-3.9675,-6.78875,"0,28",11,0,0,-3,"49,6521","3,402823466385289e+38",0
2026 02 19 09:31:43:659,-3.9675,-6.70125,"0,28",11,0,0,-3,"49,6521","3,402823466385289e+38",0
2026 02 19 09:31:43:661,-3.9675,-6.78875,"0,28",11,0,0,-3,"49,6521","3,402823466385289e+38","19,5313"
2026 02 19 09:31:43:663,-3.9985,-6.78875,"0,28",11,0,0,-3,"49,6521","3,402823466385289e+38","15,625"
2026 02 19 09:31:43:665,-3.9334,-6.78875,"0,28",11,0,0,-3,"49,6521","3,402823466385289e+38",0
2026 02 19 09:31:43:667,-3.9334,-6.78875,"0,28",11,0,0,-3,"49,6521","3,402823466385289e+38","-11,7187"
2026 02 19 09:31:43:669,-3.9675,-6.78875,"0,28",11,0,0,-3,"49,6521","3,402823466385289e+38","-19,5312"
2026 02 19 09:31:43:671,-3.9985,-6.78875,"0,28",11,0,0,-3,"49,6521","3,402823466385289e+38","-23,4375"
2026 02 19 09:31:43:673,-3.9675,-6.78875,"0,28",11,0,0,-3,"49,6521","3,402823466385289e+38",0
2026 02 19 09:31:43:675,-3.9985,-6.87625,"0,28",11,0,0,-3,"49,6521","3,402823466385289e+38",0
2026 02 19 09:31:43:677,-3.9675,-6.78875,"0,28",11,0,0,-3,"49,6521","3,402823466385289e+38",0
2026 02 19 09:31:43:679,-3.9334,-6.78875,"0,28",11,0,0,-3,"49,6521","3,402823466385289e+38",0
2026 02 19 09:31:43:681,-3.9675,-6.87625,"0,28",11,0,0,-3,"49,6521","3,402823466385289e+38","19,5313"
2026 02 19 09:31:43:683,-3.9985,-6.78875,"0,28",11,0,0,-3,"49,6521","3,402823466385289e+38","11,7188"
2026 02 19 09:31:43:685,-3.9675,-6.78875,"0,28",11,0,0,-3,"49,6521","3,402823466385289e+38","3,9063"
2026 02 19 09:31:43:687,-3.9334,-6.78875,"0,28",11,0,0,-3,"49,6521","3,402823466385289e+38","-7,8125"
2026 02 19 09:31:43:689,-3.9675,-6.70125,"0,28",11,0,0,-3,"49,6521","3,402823466385289e+38","-23,4375"
2026 02 19 09:31:43:691,-3.9675,-6.87625,"0,28",11,0,0,-3,"49,6521","3,402823466385289e+38","-27,3437"
2026 02 19 09:31:43:693,-3.9675,-6.70125,"0,28",11,0,0,-3,"49,6521","3,402823466385289e+38",0
2026 02 19 09:31:43:695,-3.9985,-6.78875,"0,28",11,0,0,-3,"49,6521","3,402823466385289e+38",0
2026 02 19 09:31:43:697,-3.9985,-6.78875,"0,28",11,0,0,-3,"49,6521","3,402823466385289e+38",0
2026 02 19 09:31:43:699,-3.9675,-6.70125,"0,28",11,0,0,-3,"49,6521","3,402823466385289e+38","-3,9062"
2026 02 19 09:31:43:701,-3.9675,-6.78875,"0,28",11,0,0,-3,"49,6521","3,402823466385289e+38","19,5313"
2026 02 19 09:31:43:703,-3.9675,-6.78875,"0,28",11,0,0,-3,"49,6521","3,402823466385289e+38","11,7188"
2026 02 19 09:31:43:705,-3.9675,-6.78875,"0,28",11,0,0,-3,"49,6521","3,402823466385289e+38",0
2026 02 19 09:31:43:707,-3.9675,-6.78875,"0,28",11,0,0,-3,"49,6521","3,402823466385289e+38","-7,8125"
2026 02 19 09:31:43:709,-3.9675,-6.78875,"0,28",11,0,0,-3,"49,6521","3,402823466385289e+38","-19,5312"
2026 02 19 09:31:43:711,-3.9675,-6.70125,"0,28",11,0,0,-3,"49,6521","3,402823466385289e+38","-23,4375"
2026 02 19 09:31:43:713,-3.9985,-6.78875,"0,28",11,0,0,-3,"49,6521","3,402823466385289e+38","-3,9062"
2026 02 19 09:31:43:715,-3.9334,-6.78875,"0,28",11,0,0,-3,"49,6521","3,402823466385289e+38",0
2026 02 19 09:31:43:717,-3.9985,-6.78875,"0,28",11,0,0,-3,"49,6521","3,402823466385289e+38","-3,9062"
2026 02 19 09:31:43:719,-3.9675,-6.78875,"0,28",11,0,0,-3,"49,6521","3,402823466385289e+38",0
2026 02 19 09:31:43:721,-3.9675,-6.78875,"0,28",11,0,0,-3,"49,6521","3,402823466385289e+38","15,625"
2026 02 19 09:31:43:723,-3.9675,-6.78875,"0,28",11,0,0,-3,"49,6521","3,402823466385289e+38","11,7188"
2026 02 19 09:31:43:725,-3.9675,-6.87625,"0,28",11,0,0,-3,"49,6521","3,402823466385289e+38","3,9063"
2026 02 19 09:31:43:727,-3.9675,-6.78875,"0,28",11,0,0,-3,"49,6521","3,402823466385289e+38","-3,9062"
2026 02 19 09:31:43:729,-3.9675,-6.87625,"0,28",11,0,0,-3,"49,6521","3,402823466385289e+38","-19,5312"
2026 02 19 09:31:43:731,-3.9675,-6.87625,"0,28",11,0,0,-3,"49,6521","3,402823466385289e+38","-27,3437"
2026 02 19 09:31:43:733,-3.9334,-6.78875,"0,28",11,0,0,-3,"49,6521","3,402823466385289e+38",0
2026 02 19 09:31:43:735,-3.9985,-6.78875,"0,28",11,0,0,-3,"49,6521","3,402823466385289e+38",0
2026 02 19 09:31:43:737,-3.9675,-6.87625,"0,28",11,0,0,-3,"49,6521","3,402823466385289e+38",0
2026 02 19 09:31:43:739,-3.9675,-6.78875,"0,28",11,0,0,-3,"49,6521","3,402823466385289e+38",0
2026 02 19 09:31:43:741,-3.9675,-6.78875,"0,28",11,0,0,-3,"49,6521","3,402823466385289e+38","15,625"
2026 02 19 09:31:43:743,-3.9675,-6.78875,"0,28",11,0,0,-3,"49,6521","3,402823466385289e+38","11,7188"
2026 02 19 09:31:43:745,-3.9675,-6.78875,"0,28",11,0,0,-3,"49,6521","3,402823466385289e+38",0
2026 02 19 09:31:43:747,-3.9985,-6.70125,"0,28",11,0,0,-3,"49,6521","3,402823466385289e+38","-11,7187"
2026 02 19 09:31:43:749,-3.9334,-6.78875,"0,28",11,0,0,-3,"49,6521","3,402823466385289e+38","-19,5312"
2026 02 19 09:31:43:751,-3.9334,-6.78875,"0,28",11,0,0,-3,"49,6521","3,402823466385289e+38","-27,3437"
2026 02 19 09:31:43:753,-3.9675,-6.87625,"0,28",11,0,0,-3,"49,6521","3,402823466385289e+38",0
2026 02 19 09:31:43:755,-3.9675,-6.70125,"0,28",11,0,0,-3,"49,6521","3,402823466385289e+38",0
2026 02 19 09:31:43:757,-3.9675,-6.78875,"0,28",11,0,0,-3,"49,6521","3,402823466385289e+38",0
2026 02 19 09:31:43:759,-3.9675,-6.78875,"0,28",11,0,0,-3,"49,6521","3,402823466385289e+38","3,9063"
2026 02 19 09:31:43:761,-3.9675,-6.78875,"0,28",11,0,0,-3,"49,6521","3,402823466385289e+38","15,625"
2026 02 19 09:31:43:763,-3.9675,-6.70125,"0,28",11,0,0,-3,"49,6521","3,402823466385289e+38","11,7188"
2026 02 19 09:31:43:765,-3.9675,-6.78875,"0,28",11,0,0,-3,"49,6521","3,402823466385289e+38","3,9063"
2026 02 19 09:31:43:767,-3.9675,-6.87625,"0,28",11,0,0,-3,"49,6521","3,402823466385289e+38","-7,8125"
2026 02 19 09:31:43:769,-3.9675,-6.87625,"0,28",11,0,0,-3,"49,6521","3,402823466385289e+38","-19,5312"
2026 02 19 09:31:43:771,-3.9675,-6.78875,"0,28",11,0,0,-3,"49,6521","3,402823466385289e+38","-27,3437"
2026 02 19 09:31:43:773,-3.9675,-6.78875,"0,28",11,0,0,-3,"49,6521","3,402823466385289e+38",0
2026 02 19 09:31:43:775,-3.9334,-6.87625,"0,28",11,0,0,-3,"49,6521","3,402823466385289e+38",0
2026 02 19 09:31:43:777,-3.9334,-6.78875,"0,28",11,0,0,-3,"49,6521","3,402823466385289e+38",0
2026 02 19 09:31:43:779,-3.9334,-6.78875,"0,28",11,0,0,-3,"49,6521","3,402823466385289e+38",0
2026 02 19 09:31:43:781,-3.9675,-6.78875,"0,28",11,0,0,-3,"49,6521","3,402823466385289e+38","15,625"
2026 02 19 09:31:43:783,-3.9334,-6.78875,"0,28",11,0,0,-3,"49,6521","3,402823466385289e+38","11,7188"
2026 02 19 09:31:43:785,-3.9675,-6.70125,"0,28",11,0,0,-3,"49,6521","3,402823466385289e+38",0
2026 02 19 09:31:43:787,-3.9675,-6.78875,"0,28",11,0,0,-3,"49,6521","3,402823466385289e+38","-11,7187"
2026 02 19 09:31:43:789,-3.9985,-6.87625,"0,28",11,0,0,-3,"49,6521","3,402823466385289e+38","-23,4375"
2026 02 19 09:31:43:791,-3.9985,-6.78875,"0,28",11,0,0,-3,"49,6521","3,402823466385289e+38","-23,4375"
2026 02 19 09:31:43:793,-3.9675,-6.78875,"0,28",11,0,0,-3,"49,6521","3,402823466385289e+38","-3,9062"
2026 02 19 09:31:43:795,-3.9334,-6.78875,"0,28",11,0,0,-3,"49,6521","3,402823466385289e+38",0
2026 02 19 09:31:43:797,-3.9985,-6.78875,"0,28",11,0,0,-3,"49,6521","3,402823466385289e+38",0
2026 02 19 09:31:43:799,-3.9675,-6.78875,"0,28",11,0,0,-3,"49,6521","3,402823466385289e+38",0
2026 02 19 09:31:43:801,-3.9985,-6.70125,"0,28",11,0,0,-3,"49,6521","3,402823466385289e+38","15,625"
2026 02 19 09:31:43:803,-3.9675,-6.78875,"0,28",11,0,0,-3,"49,6521","3,402823466385289e+38","11,7188"
2026 02 19 09:31:43:805,-3.9675,-6.78875,"0,28",11,0,0,-3,"49,6521","3,402823466385289e+38","3,9063"
2026 02 19 09:31:43:807,-3.9675,-6.78875,"0,28",11,0,0,-3,"49,6521","3,402823466385289e+38","-3,9062"
2026 02 19 09:31:43:809,-3.9334,-6.78875,"0,28",11,0,0,-3,"49,6521","3,402823466385289e+38","-19,5312"
2026 02 19 09:31:43:811,-3.9985,-6.70125,"0,28",11,0,0,-3,"49,6521","3,402823466385289e+38","-23,4375"
2026 02 19 09:31:43:813,-3.9675,-6.78875,"0,28",11,0,0,-3,"49,6521","3,402823466385289e+38",0
2026 02 19 09:31:43:815,-3.9985,-6.78875,"0,28",11,0,0,-3,"49,6521","3,402823466385289e+38",0
2026 02 19 09:31:43:817,-3.9985,-6.78875,"0,28",11,0,0,-3,"49,6521","3,402823466385289e+38",0
2026 02 19 09:31:43:819,-3.9334,-6.78875,"0,28",11,0,0,-3,"49,6521","3,402823466385289e+38",0
2026 02 19 09:31:43:821,-3.9985,-6.78875,"0,28",11,0,0,-3,"49,6521","3,402823466385289e+38","15,625"
2026 02 19 09:31:43:823,-3.9334,-6.87625,"0,28",11,0,0,-3,"49,6521","3,402823466385289e+38","11,7188"
2026 02 19 09:31:43:825,-3.9675,-6.78875,"0,28",11,0,0,-3,"49,6521","3,402823466385289e+38",0
2026 02 19 09:31:43:827,-3.9985,-6.78875,"0,28",11,0,0,-3,"49,6521","3,402823466385289e+38","-11,7187"
2026 02 19 09:31:43:829,-3.9675,-6.78875,"0,28",11,0,0,-3,"49,6521","3,402823466385289e+38","-19,5312"
2026 02 19 09:31:43:831,-3.9334,-6.87625,"0,28",11,0,0,-3,"49,6521","3,402823466385289e+38","-23,4375"
2026 02 19 09:31:43:833,-3.9675,-6.78875,"0,28",11,0,0,-3,"49,6521","3,402823466385289e+38",0
2026 02 19 09:31:43:835,-3.9675,-6.78875,"0,28",11,0,0,-3,"49,6521","3,402823466385289e+38",0
2026 02 19 09:31:43:837,-3.9675,-6.78875,"0,28",11,0,0,-3,"49,6521","3,402823466385289e+38",0
2026 02 19 09:31:43:839,-3.9675,-6.78875,"0,28",11,0,0,-3,"49,6521","3,402823466385289e+38",0
2026 02 19 09:31:43:841,-3.9334,-6.78875,"0,28",11,0,0,-3,"49,6521","3,402823466385289e+38","15,625"
2026 02 19 09:31:43:843,-3.9675,-6.78875,"0,28",11,0,0,-3,"49,6521","3,402823466385289e+38","11,7188"
2026 02 19 09:31:43:845,-3.9985,-6.87625,"0,28",11,0,0,-3,"49,6521","3,402823466385289e+38","3,9063"
2026 02 19 09:31:43:847,-3.9675,-6.9725,"0,28",11,0,0,-3,"49,6521","3,402823466385289e+38","-7,8125"
2026 02 19 09:31:43:849,-3.9675,-6.78875,"0,28",11,0,0,-3,"49,6521","3,402823466385289e+38","-23,4375"
2026 02 19 09:31:43:851,-3.9675,-6.78875,"0,28",11,0,0,-3,"49,6521","3,402823466385289e+38","-23,4375"
2026 02 19 09:31:43:853,-3.9675,-6.87625,"0,28",11,0,0,-3,"49,6521","3,402823466385289e+38",0
2026 02 19 09:31:43:855,-3.9985,-6.78875,"0,28",11,0,0,-3,"49,6521","3,402823466385289e+38",0
2026 02 19 09:31:43:857,-3.9675,-6.78875,"0,28",11,0,0,-3,"49,6521","3,402823466385289e+38",0
2026 02 19 09:31:43:859,-3.9334,-6.78875,"0,28",11,0,0,-3,"49,6521","3,402823466385289e+38","3,9063"
2026 02 19 09:31:43:861,-3.9675,-6.87625,"0,28",11,0,0,-3,"49,6521","3,402823466385289e+38","15,625"
2026 02 19 09:31:43:863,-3.9675,-6.78875,"0,28",11,0,0,-3,"49,6521","3,402823466385289e+38","11,7188"
2026 02 19 09:31:43:865,-3.9675,-6.78875,"0,28",11,0,0,-3,"49,6521","3,402823466385289e+38",0
2026 02 19 09:31:43:867,-3.9985,-6.78875,"0,28",11,0,0,-3,"49,6521","3,402823466385289e+38","-11,7187"
2026 02 19 09:31:43:869,-3.9675,-6.87625,"0,28",11,0,0,-3,"49,6521","3,402823466385289e+38","-19,5312"
2026 02 19 09:31:43:871,-3.9675,-6.78875,"0,28",11,0,0,-3,"49,6521","3,402823466385289e+38","-19,5312"
2026 02 19 09:31:43:873,-3.9675,-6.78875,"0,28",11,0,0,-3,"49,6521","3,402823466385289e+38",0
2026 02 19 09:31:43:875,-3.9334,-6.87625,"0,28",11,0,0,-3,"49,6521","3,402823466385289e+38",0
2026 02 19 09:31:43:877,-3.9675,-6.87625,"0,28",11,0,0,-3,"49,6521","3,402823466385289e+38",0
2026 02 19 09:31:43:879,-3.9334,-6.87625,"0,28",11,0,0,-3,"49,6521","3,402823466385289e+38",0
2026 02 19 09:31:43:881,-3.9334,-6.87625,"0,28",11,0,0,-3,"49,6521","3,402823466385289e+38","15,625"
2026 02 19 09:31:43:883,-3.9675,-6.78875,"0,28",11,0,0,-3,"49,6521","3,402823466385289e+38","11,7188"
2026 02 19 09:31:43:885,-3.9675,-6.78875,"0,28",11,0,0,-3,"49,6521","3,402823466385289e+38","3,9063"
2026 02 19 09:31:43:887,-3.9675,-6.87625,"0,28",11,0,0,-3,"49,6521","3,402823466385289e+38","-7,8125"
2026 02 19 09:31:43:889,-3.9675,-6.87625,"0,28",11,0,0,-3,"52,3529","3,402823466385289e+38","-19,5312"
2026 02 19 09:31:43:891,-3.9675,-6.78875,"0,28",11,0,0,-3,"52,3529","3,402823466385289e+38","-19,5312"
2026 02 19 09:31:43:893,-3.9675,-6.78875,"0,28",11,0,0,-3,"52,3529","3,402823466385289e+38",0
2026 02 19 09:31:43:895,-3.9675,-6.78875,"0,28",11,0,0,-3,"52,3529","3,402823466385289e+38",0
2026 02 19 09:31:43:897,-3.9334,-6.78875,"0,28",11,0,0,-3,"52,3529","3,402823466385289e+38",0
2026 02 19 09:31:43:899,-3.9334,-6.78875,"0,28",11,0,0,-3,"52,3529","3,402823466385289e+38",0
2026 02 19 09:31:43:901,-3.9334,-6.70125,"0,28",11,0,0,-3,"52,3529","3,402823466385289e+38","15,625"
2026 02 19 09:31:43:903,-3.9675,-6.87625,"0,28",11,0,0,-3,"52,3529","3,402823466385289e+38","7,8125"
2026 02 19 09:31:43:905,-3.9334,-6.78875,"0,28",11,0,0,-3,"52,3529","3,402823466385289e+38",0
2026 02 19 09:31:43:907,-3.9675,-6.70125,"0,28",11,0,0,-3,"52,3529","3,402823466385289e+38","-11,7187"
2026 02 19 09:31:43:909,-3.9334,-6.78875,"0,28",11,0,0,-3,"52,3529","3,402823466385289e+38","-23,4375"
2026 02 19 09:31:43:911,-3.9675,-6.78875,"0,28",11,0,0,-3,"52,3529","3,402823466385289e+38","-19,5312"
2026 02 19 09:31:43:913,-3.9675,-6.87625,"0,28",11,0,0,-3,"52,3529","3,402823466385289e+38",0
2026 02 19 09:31:43:915,-3.9675,-6.70125,"0,28",11,0,0,-3,"52,3529","3,402823466385289e+38",0
2026 02 19 09:31:43:917,-3.9675,-6.78875,"0,28",11,0,0,-3,"52,3529","3,402823466385289e+38",0
2026 02 19 09:31:43:919,-3.9675,-6.78875,"0,28",11,0,0,-3,"52,3529","3,402823466385289e+38",0
2026 02 19 09:31:43:921,-3.9675,-6.70125,"0,28",11,0,0,-3,"52,3529","3,402823466385289e+38","11,7188"
2026 02 19 09:31:43:923,-3.9985,-6.78875,"0,28",11,0,0,-3,"52,3529","3,402823466385289e+38","11,7188"
2026 02 19 09:31:43:925,-3.9675,-6.70125,"0,28",11,0,0,-3,"52,3529","3,402823466385289e+38","3,9063"
2026 02 19 09:31:43:927,-3.9675,-6.78875,"0,28",11,0,0,-3,"52,3529","3,402823466385289e+38","-7,8125"
2026 02 19 09:31:43:929,-3.9675,-6.78875,"0,28",11,0,0,-3,"52,3529","3,402823466385289e+38","-23,4375"
2026 02 19 09:31:43:931,-3.9675,-6.78875,"0,28",11,0,0,-3,"52,3529","3,402823466385289e+38","-23,4375"
2026 02 19 09:31:43:933,-3.9675,-6.78875,"0,28",11,0,0,-3,"52,3529","3,402823466385289e+38","-3,9062"
2026 02 19 09:31:43:935,-3.9675,-6.78875,"0,28",11,0,0,-3,"52,3529","3,402823466385289e+38",0
2026 02 19 09:31:43:937,-3.9675,-6.78875,"0,28",11,0,0,-3,"52,3529","3,402823466385289e+38",0
2026 02 19 09:31:43:939,-3.9675,-6.78875,"0,28",11,0,0,-3,"52,3529","3,402823466385289e+38",0
2026 02 19 09:31:43:941,-3.9675,-6.78875,"0,28",11,0,0,-3,"52,3529","3,402823466385289e+38","15,625"
2026 02 19 09:31:43:943,-3.9675,-6.78875,"0,28",11,0,0,-3,"52,3529","3,402823466385289e+38","7,8125"
2026 02 19 09:31:43:945,-3.9675,-6.78875,"0,28",11,0,0,-3,"52,3529","3,402823466385289e+38",0
2026 02 19 09:31:43:947,-3.9985,-6.78875,"0,28",11,0,0,-3,"52,3529","3,402823466385289e+38","-11,7187"
2026 02 19 09:31:43:949,-3.9985,-6.78875,"0,28",11,0,0,-3,"52,3529","3,402823466385289e+38","-23,4375"
2026 02 19 09:31:43:951,-3.9675,-6.78875,"0,28",11,0,0,-3,"52,3529","3,402823466385289e+38","-23,4375"
2026 02 19 09:31:43:953,-3.9334,-6.78875,"0,28",11,0,0,-3,"52,3529","3,402823466385289e+38","-3,9062"
2026 02 19 09:31:43:955,-3.9675,-6.78875,"0,28",11,0,0,-3,"52,3529","3,402823466385289e+38",0
2026 02 19 09:31:43:957,-3.9675,-6.87625,"0,28",11,0,0,-3,"52,3529","3,402823466385289e+38",0
2026 02 19 09:31:43:959,-3.9675,-6.87625,"0,28",11,0,0,-3,"52,3529","3,402823466385289e+38",0
2026 02 19 09:31:43:961,-3.9675,-6.78875,"0,28",11,0,0,-3,"52,3529","3,402823466385289e+38","11,7188"
2026 02 19 09:31:43:963,-3.9675,-6.78875,"0,28",11,0,0,-3,"52,3529","3,402823466385289e+38","7,8125"
2026 02 19 09:31:43:965,-3.9675,-6.78875,"0,28",11,0,0,-3,"52,3529","3,402823466385289e+38","3,9063"
2026 02 19 09:31:43:967,-3.9334,-6.87625,"0,28",11,0,0,-3,"52,3529","3,402823466385289e+38","-7,8125"
2026 02 19 09:31:43:969,-3.9675,-6.78875,"0,28",11,0,0,-3,"52,3529","3,402823466385289e+38","-23,4375"
2026 02 19 09:31:43:971,-3.9675,-6.78875,"0,28",11,0,0,-3,"52,3529","3,402823466385289e+38","-23,4375"
2026 02 19 09:31:43:973,-3.9334,-6.78875,"0,28",11,0,0,-3,"52,3529","3,402823466385289e+38",0
2026 02 19 09:31:43:975,-3.9675,-6.78875,"0,28",11,0,0,-3,"52,3529","3,402823466385289e+38",0
2026 02 19 09:31:43:977,-3.9985,-6.78875,"0,28",11,0,0,-3,"52,3529","3,402823466385289e+38","-3,9062"
2026 02 19 09:31:43:979,-3.9675,-6.78875,"0,28",11,0,0,-3,"52,3529","3,402823466385289e+38",0
2026 02 19 09:31:43:981,-3.9985,-6.78875,"0,28",11,0,0,-3,"52,3529","3,402823466385289e+38","15,625"
2026 02 19 09:31:43:983,-3.9675,-6.87625,"0,28",11,0,0,-3,"52,3529","3,402823466385289e+38","7,8125"
2026 02 19 09:31:43:985,-3.9675,-6.78875,"0,28",11,0,0,-3,"52,3529","3,402823466385289e+38","3,9063"
2026 02 19 09:31:43:987,-3.9675,-6.78875,"0,28",11,0,0,-3,"52,3529","3,402823466385289e+38","-15,625"
2026 02 19 09:31:43:989,-3.9675,-6.70125,"0,28",11,0,0,-3,"52,3529","3,402823466385289e+38","-23,4375"
2026 02 19 09:31:43:991,-3.9675,-6.78875,"0,28",11,0,0,-3,"52,3529","3,402823466385289e+38","-23,4375"
2026 02 19 09:31:43:993,-3.9675,-6.78875,"0,28",11,0,0,-3,"52,3529","3,402823466385289e+38",0
2026 02 19 09:31:43:995,-3.9334,-6.78875,"0,28",11,0,0,-3,"52,3529","3,402823466385289e+38",0
2026 02 19 09:31:43:997,-3.9675,-6.70125,"0,28",11,0,0,-3,"52,3529","3,402823466385289e+38","-3,9062"
2026 02 19 09:31:43:999,-3.9675,-6.70125,"0,28",11,0,0,-3,"52,3529","3,402823466385289e+38",0
2026 02 19 09:31:44:001,-3.9675,-6.78875,"0,28",11,0,0,-3,"52,3529","3,402823466385289e+38","11,7188"
2026 02 19 09:31:44:003,-3.9675,-6.78875,"0,28",11,0,0,-3,"52,3529","3,402823466385289e+38","7,8125"
2026 02 19 09:31:44:005,-3.9985,-6.87625,"0,28",11,0,0,-3,"52,3529","3,402823466385289e+38","3,9063"
2026 02 19 09:31:44:007,-3.9675,-6.78875,"0,28",11,0,0,-3,"52,3529","3,402823466385289e+38","-7,8125"
2026 02 19 09:31:44:009,-3.9985,-6.78875,"0,28",11,0,0,-3,"52,3529","3,402823466385289e+38","-19,5312"
2026 02 19 09:31:44:011,-3.9675,-6.78875,"0,28",11,0,0,-3,"52,3529","3,402823466385289e+38","-23,4375"
2026 02 19 09:31:44:013,-3.9334,-6.78875,"0,28",11,0,0,-3,"52,3529","3,402823466385289e+38","-3,9062"
2026 02 19 09:31:44:015,-3.9675,-6.78875,"0,28",11,0,0,-3,"52,3529","3,402823466385289e+38",0
2026 02 19 09:31:44:017,-3.9675,-6.78875,"0,28",11,0,0,-3,"52,3529","3,402823466385289e+38","-3,9062"
2026 02 19 09:31:44:019,-3.9675,-6.87625,"0,28",11,0,0,-3,"52,3529","3,402823466385289e+38",0
2026 02 19 09:31:44:021,-3.9675,-6.78875,"0,28",11,0,0,-3,"52,3529","3,402823466385289e+38","11,7188"
2026 02 19 09:31:44:023,-3.9675,-6.87625,"0,28",11,0,0,-3,"52,3529","3,402823466385289e+38","7,8125"
2026 02 19 09:31:44:025,-3.9675,-6.78875,"0,28",11,0,0,-3,"52,3529","3,402823466385289e+38",0
2026 02 19 09:31:44:027,-3.9985,-6.78875,"0,28",11,0,0,-3,"52,3529","3,402823466385289e+38","-15,625"
2026 02 19 09:31:44:029,-3.9675,-6.87625,"0,28",11,0,0,-3,"52,3529","3,402823466385289e+38","-19,5312"
2026 02 19 09:31:44:031,-3.9985,-6.87625,"0,28",11,0,0,-3,"52,3529","3,402823466385289e+38","-27,3437"
2026 02 19 09:31:44:033,-3.9675,-6.78875,"0,28",11,0,0,-3,"52,3529","3,402823466385289e+38","-3,9062"
2026 02 19 09:31:44:035,-3.9675,-6.78875,"0,28",11,0,0,-3,"52,3529","3,402823466385289e+38","-3,9062"
2026 02 19 09:31:44:037,-3.9675,-6.78875,"0,28",11,0,0,-3,"52,3529","3,402823466385289e+38",0
2026 02 19 09:31:44:039,-3.9675,-6.87625,"0,28",11,0,0,-3,"52,3529","3,402823466385289e+38",0
2026 02 19 09:31:44:041,-3.9675,-6.78875,"0,28",11,0,0,-3,"52,3529","3,402823466385289e+38","11,7188"
2026 02 19 09:31:44:043,-3.9334,-6.78875,"0,28",11,0,0,-3,"52,3529","3,402823466385289e+38","11,7188"
2026 02 19 09:31:44:045,-3.9985,-6.70125,"0,28",11,0,0,-3,"52,3529","3,402823466385289e+38","7,8125"
2026 02 19 09:31:44:047,-3.9985,-6.78875,"0,28",11,0,0,-3,"52,3529","3,402823466385289e+38","-7,8125"
2026 02 19 09:31:44:049,-3.9675,-6.87625,"0,28",11,0,0,-3,"52,3529","3,402823466385289e+38","-15,625"
2026 02 19 09:31:44:051,-3.9334,-6.78875,"0,28",11,0,0,-3,"52,3529","3,402823466385289e+38","-23,4375"
2026 02 19 09:31:44:053,-3.9675,-6.87625,"0,28",11,0,0,-3,"52,3529","3,402823466385289e+38",0
2026 02 19 09:31:44:055,-3.9675,-6.78875,"0,28",11,0,0,-3,"52,3529","3,402823466385289e+38",0
2026 02 19 09:31:44:057,-3.9675,-6.78875,"0,28",11,0,0,-3,"52,3529","3,402823466385289e+38",0
2026 02 19 09:31:44:059,-3.9985,-6.78875,"0,28",11,0,0,-3,"52,3529","3,402823466385289e+38","-3,9062"
2026 02 19 09:31:44:061,-3.9985,-6.78875,"0,28",11,0,0,-3,"52,3529","3,402823466385289e+38","11,7188"
2026 02 19 09:31:44:063,-3.9675,-6.78875,"0,28",11,0,0,-3,"52,3529","3,402823466385289e+38","3,9063"
2026 02 19 09:31:44:065,-3.9675,-6.78875,"0,28",11,0,0,-3,"52,3529","3,402823466385289e+38",0
2026 02 19 09:31:44:067,-3.9985,-6.78875,"0,28",11,0,0,-3,"52,3529","3,402823466385289e+38","-15,625"
2026 02 19 09:31:44:069,-3.9675,-6.78875,"0,28",11,0,0,-3,"52,3529","3,402823466385289e+38","-23,4375"
2026 02 19 09:31:44:071,-3.9985,-6.87625,"0,28",11,0,0,-3,"52,3529","3,402823466385289e+38","-19,5312"
2026 02 19 09:31:44:073,-3.9675,-6.78875,"0,28",11,0,0,-3,"52,3529","3,402823466385289e+38","-3,9062"
2026 02 19 09:31:44:075,-3.9985,-6.78875,"0,28",11,0,0,-3,"52,3529","3,402823466385289e+38","-3,9062"
2026 02 19 09:31:44:077,-3.9675,-6.78875,"0,28",11,0,0,-3,"52,3529","3,402823466385289e+38",0
2026 02 19 09:31:44:079,-3.9675,-6.87625,"0,28",11,0,0,-3,"52,3529","3,402823466385289e+38",0
2026 02 19 09:31:44:081,-3.9334,-6.87625,"0,28",11,0,0,-3,"52,3529","3,402823466385289e+38","15,625"
2026 02 19 09:31:44:083,-3.9334,-6.78875,"0,28",11,0,0,-3,"52,3529","3,402823466385289e+38","7,8125"
2026 02 19 09:31:44:085,-3.9675,-6.87625,"0,28",11,0,0,-3,"52,3529","3,402823466385289e+38","7,8125"
2026 02 19 09:31:44:087,-3.9675,-6.87625,"0,28",11,0,0,-3,"52,3529","3,402823466385289e+38","-7,8125"
2026 02 19 09:31:44:089,-3.9675,-6.78875,"0,28",11,0,0,-3,"52,3529","3,402823466385289e+38","-19,5312"
2026 02 19 09:31:44:091,-3.9675,-6.78875,"0,28",11,0,0,-3,"52,3529","3,402823466385289e+38","-23,4375"
2026 02 19 09:31:44:093,-3.9675,-6.78875,"0,28",11,0,0,-3,"52,3529","3,402823466385289e+38",0
2026 02 19 09:31:44:095,-3.9675,-6.78875,"0,28",11,0,0,-3,"52,3529","3,402823466385289e+38",0
2026 02 19 09:31:44:097,-3.9675,-6.78875,"0,28",11,0,0,-3,"52,3529","3,402823466385289e+38",0
2026 02 19 09:31:44:099,-3.9675,-6.70125,"0,28",11,0,0,-3,"52,3529","3,402823466385289e+38",0
2026 02 19 09:31:44:101,-3.9675,-6.78875,"0,28",11,0,0,-3,"52,3529","3,402823466385289e+38","11,7188"
2026 02 19 09:31:44:103,-3.9985,-6.70125,"0,28",11,0,0,-3,"52,3529","3,402823466385289e+38","7,8125"
2026 02 19 09:31:44:105,-3.9334,-6.78875,"0,28",11,0,0,-3,"52,3529","3,402823466385289e+38",0
2026 02 19 09:31:44:107,-3.9675,-6.78875,"0,28",11,0,0,-3,"52,3529","3,402823466385289e+38","-15,625"
2026 02 19 09:31:44:109,-3.9675,-6.78875,"0,28",11,0,0,-3,"52,3529","3,402823466385289e+38","-23,4375"
2026 02 19 09:31:44:111,-3.9334,-6.78875,"0,28",11,0,0,-3,"52,3529","3,402823466385289e+38","-19,5312"
2026 02 19 09:31:44:113,-3.9675,-6.78875,"0,28",11,0,0,-3,"52,3529","3,402823466385289e+38",0
2026 02 19 09:31:44:115,-3.9675,-6.78875,"0,28",11,0,0,-3,"52,3529","3,402823466385289e+38",0
2026 02 19 09:31:44:117,-3.9985,-6.78875,"0,28",11,0,0,-3,"52,3529","3,402823466385289e+38",0
2026 02 19 09:31:44:119,-3.9985,-6.87625,"0,28",11,0,0,-3,"52,3529","3,402823466385289e+38",0
2026 02 19 09:31:44:121,-3.9675,-6.78875,"0,28",11,0,0,-3,"52,3529","3,402823466385289e+38","15,625"
2026 02 19 09:31:44:123,-3.9675,-6.78875,"0,28",11,0,0,-3,"52,3529","3,402823466385289e+38","7,8125"
2026 02 19 09:31:44:125,-3.9334,-6.78875,"0,28",11,0,0,-3,"52,3529","3,402823466385289e+38","3,9063"
2026 02 19 09:31:44:127,-3.9675,-6.78875,"0,28",11,0,0,-3,"52,3529","3,402823466385289e+38","-7,8125"
2026 02 19 09:31:44:129,-3.9985,-6.78875,"0,28",11,0,0,-3,"52,3529","3,402823466385289e+38","-19,5312"
2026 02 19 09:31:44:131,-3.9675,-6.78875,"0,28",11,0,0,-3,"52,3529","3,402823466385289e+38","-23,4375"
2026 02 19 09:31:44:133,-3.9675,-6.78875,"0,28",11,0,0,-3,"52,3529","3,402823466385289e+38","-3,9062"
2026 02 19 09:31:44:135,-3.9675,-6.78875,"0,28",11,0,0,-3,"52,3529","3,402823466385289e+38",0
2026 02 19 09:31:44:137,-3.9675,-6.87625,"0,28",11,0,0,-3,"52,3529","3,402823466385289e+38",0
2026 02 19 09:31:44:139,-3.9675,-6.78875,"0,28",11,0,0,-3,"52,3529","3,402823466385289e+38",0
2026 02 19 09:31:44:141,-3.9675,-6.78875,"0,28",11,0,0,-3,"52,3529","3,402823466385289e+38","11,7188"
2026 02 19 09:31:44:143,-3.9985,-6.87625,"0,28",11,0,0,-3,"52,3529","3,402823466385289e+38","7,8125"
2026 02 19 09:31:44:145,-3.9675,-6.78875,"0,28",11,0,0,-3,"52,3529","3,402823466385289e+38","3,9063"
2026 02 19 09:31:44:147,-3.9675,-6.78875,"0,28",11,0,0,-3,"52,3529","3,402823466385289e+38","-11,7187"
2026 02 19 09:31:44:149,-3.9675,-6.78875,"0,28",11,0,0,-3,"52,3529","3,402823466385289e+38","-23,4375"
2026 02 19 09:31:44:151,-3.9334,-6.78875,"0,28",11,0,0,-3,"52,3529","3,402823466385289e+38","-23,4375"
2026 02 19 09:31:44:153,-3.9675,-6.78875,"0,28",11,0,0,-3,"52,3529","3,402823466385289e+38",0
2026 02 19 09:31:44:155,-3.9675,-6.78875,"0,28",11,0,0,-3,"52,3529","3,402823466385289e+38",0
2026 02 19 09:31:44:157,-3.9985,-6.87625,"0,28",11,0,0,-3,"52,3529","3,402823466385289e+38","-3,9062"
2026 02 19 09:31:44:159,-3.9675,-6.78875,"0,28",11,0,0,-3,"52,3529","3,402823466385289e+38",0
2026 02 19 09:31:44:161,-3.9675,-6.87625,"0,28",11,0,0,-3,"52,3529","3,402823466385289e+38","11,7188"
2026 02 19 09:31:44:163,-3.9675,-6.78875,"0,28",11,0,0,-3,"52,3529","3,402823466385289e+38","7,8125"
2026 02 19 09:31:44:165,-3.9675,-6.78875,"0,28",11,0,0,-3,"52,3529","3,402823466385289e+38","7,8125"
2026 02 19 09:31:44:167,-3.9675,-6.78875,"0,28",11,0,0,-3,"52,3529","3,402823466385289e+38","-7,8125"
2026 02 19 09:31:44:169,-3.9675,-6.70125,"0,28",11,0,0,-3,"52,3529","3,402823466385289e+38","-15,625"
2026 02 19 09:31:44:171,-3.9675,-6.78875,"0,28",11,0,0,-3,"52,3529","3,402823466385289e+38","-23,4375"
2026 02 19 09:31:44:173,-3.9675,-6.70125,"0,28",11,0,0,-3,"52,3529","3,402823466385289e+38",0
2026 02 19 09:31:44:175,-3.9675,-6.78875,"0,28",11,0,0,-3,"52,3529","3,402823466385289e+38",0
2026 02 19 09:31:44:177,-3.9675,-6.87625,"0,28",11,0,0,-3,"52,3529","3,402823466385289e+38","-3,9062"
2026 02 19 09:31:44:179,-3.9675,-6.78875,"0,28",11,0,0,-3,"52,3529","3,402823466385289e+38",0
2026 02 19 09:31:44:181,-3.9675,-6.78875,"0,28",11,0,0,-3,"52,3529","3,402823466385289e+38","11,7188"
2026 02 19 09:31:44:183,-3.9675,-6.78875,"0,28",11,0,0,-3,"52,3529","3,402823466385289e+38","7,8125"
2026 02 19 09:31:44:185,-3.9985,-6.87625,"0,28",11,0,0,-3,"52,3529","3,402823466385289e+38","3,9063"
2026 02 19 09:31:44:187,-3.9675,-6.78875,"0,28",11,0,0,-3,"52,3529","3,402823466385289e+38","-11,7187"
2026 02 19 09:31:44:189,-3.9675,-6.78875,"0,28",11,0,0,-3,"52,3529","3,402823466385289e+38","-19,5312"
2026 02 19 09:31:44:191,-3.9675,-6.78875,"0,28",11,0,0,-3,"52,3529","3,402823466385289e+38","-19,5312"
2026 02 19 09:31:44:193,-3.9675,-6.70125,"0,28",11,0,0,-3,"52,3529","3,402823466385289e+38",0
2026 02 19 09:31:44:195,-3.9675,-6.78875,"0,28",11,0,0,-3,"52,3529","3,402823466385289e+38",0
2026 02 19 09:31:44:197,-3.9334,-6.78875,"0,28",11,0,0,-3,"52,3529","3,402823466385289e+38",0
2026 02 19 09:31:44:199,-3.9675,-6.70125,"0,28",11,0,0,-3,"52,3529","3,402823466385289e+38",0
2026 02 19 09:31:44:201,-3.9675,-6.78875,"0,28",11,0,0,-3,"52,3529","3,402823466385289e+38","11,7188"
2026 02 19 09:31:44:203,-3.9675,-6.78875,"0,28",11,0,0,-3,"52,3529","3,402823466385289e+38","11,7188"
2026 02 19 09:31:44:205,-3.9675,-6.87625,"0,28",11,0,0,-3,"52,3529","3,402823466385289e+38","7,8125"
2026 02 19 09:31:44:207,-3.9334,-6.78875,"0,28",11,0,0,-3,"52,3529","3,402823466385289e+38","-7,8125"
2026 02 19 09:31:44:209,-3.9675,-6.70125,"0,28",11,0,0,-3,"52,3529","3,402823466385289e+38","-15,625"
2026 02 19 09:31:44:211,-3.9675,-6.78875,"0,28",11,0,0,-3,"52,3529","3,402823466385289e+38","-23,4375"
2026 02 19 09:31:44:213,-3.9985,-6.78875,"0,28",11,0,0,-3,"52,3529","3,402823466385289e+38",0
2026 02 19 09:31:44:215,-3.9675,-6.87625,"0,28",11,0,0,-3,"52,3529","3,402823466385289e+38",0
2026 02 19 09:31:44:217,-3.9675,-6.87625,"0,28",11,0,0,-3,"52,3529","3,402823466385289e+38",0
2026 02 19 09:31:44:219,-3.9675,-6.78875,"0,28",11,0,0,-3,"52,3529","3,402823466385289e+38",0
2026 02 19 09:31:44:221,-3.9334,-6.78875,"0,28",11,0,0,-3,"52,3529","3,402823466385289e+38","15,625"
2026 02 19 09:31:44:223,-3.9675,-6.87625,"0,28",11,0,0,-3,"52,3529","3,402823466385289e+38","3,9063"
2026 02 19 09:31:44:225,-3.9675,-6.78875,"0,28",11,0,0,-3,"52,3529","3,402823466385289e+38","3,9063"
2026 02 19 09:31:44:227,-3.9675,-6.87625,"0,28",11,0,0,-3,"52,3529","3,402823466385289e+38","-11,7187"
2026 02 19 09:31:44:229,-3.9675,-6.78875,"0,28",11,0,0,-3,"52,3529","3,402823466385289e+38","-19,5312"
2026 02 19 09:31:44:231,-3.9675,-6.78875,"0,28",11,0,0,-3,"52,3529","3,402823466385289e+38","-23,4375"
2026 02 19 09:31:44:233,-3.9985,-6.78875,"0,28",11,0,0,-3,"52,3529","3,402823466385289e+38",0
2026 02 19 09:31:44:235,-3.9675,-6.87625,"0,28",11,0,0,-3,"52,3529","3,402823466385289e+38",0
2026 02 19 09:31:44:237,-3.9675,-6.87625,"0,28",11,0,0,-3,"52,3529","3,402823466385289e+38",0
2026 02 19 09:31:44:239,-3.9985,-6.78875,"0,28",11,0,0,-3,"52,3529","3,402823466385289e+38",0
2026 02 19 09:31:44:241,-3.9675,-6.78875,"0,28",11,0,0,-3,"52,3529","3,402823466385289e+38","11,7188"
2026 02 19 09:31:44:243,-3.9675,-6.78875,"0,28",11,0,0,-3,"52,3529","3,402823466385289e+38","7,8125"
2026 02 19 09:31:44:245,-3.9675,-6.87625,"0,28",11,0,0,-3,"52,3529","3,402823466385289e+38","7,8125"
2026 02 19 09:31:44:247,-3.9675,-6.78875,"0,28",11,0,0,-3,"52,3529","3,402823466385289e+38","-7,8125"
2026 02 19 09:31:44:249,-3.9985,-6.70125,"0,28",11,0,0,-3,"52,3529","3,402823466385289e+38","-19,5312"
2026 02 19 09:31:44:251,-3.9675,-6.78875,"0,28",11,0,0,-3,"52,3529","3,402823466385289e+38","-27,3437"
2026 02 19 09:31:44:253,-3.9675,-6.78875,"0,28",11,0,0,-3,"52,3529","3,402823466385289e+38",0
2026 02 19 09:31:44:255,-3.9675,-6.78875,"0,28",11,0,0,-3,"52,3529","3,402823466385289e+38",0
2026 02 19 09:31:44:257,-3.9985,-6.87625,"0,28",11,0,0,-3,"52,3529","3,402823466385289e+38",0
2026 02 19 09:31:44:259,-3.9675,-6.87625,"0,28",11,0,0,-3,"52,3529","3,402823466385289e+38",0
2026 02 19 09:31:44:261,-3.9675,-6.87625,"0,28",11,0,0,-3,"52,3529","3,402823466385289e+38","11,7188"
2026 02 19 09:31:44:263,-3.9675,-6.78875,"0,28",11,0,0,-3,"52,3529","3,402823466385289e+38","7,8125"
2026 02 19 09:31:44:265,-3.9675,-6.87625,"0,28",11,0,0,-3,"52,3529","3,402823466385289e+38","3,9063"
2026 02 19 09:31:44:267,-3.9675,-6.78875,"0,28",11,0,0,-3,"52,3529","3,402823466385289e+38","-15,625"
2026 02 19 09:31:44:269,-3.9675,-6.78875,"0,28",11,0,0,-3,"52,3529","3,402823466385289e+38","-19,5312"
2026 02 19 09:31:44:271,-3.9675,-6.78875,"0,28",11,0,0,-3,"52,3529","3,402823466385289e+38","-23,4375"
2026 02 19 09:31:44:273,-3.9675,-6.78875,"0,28",11,0,0,-3,"52,3529","3,402823466385289e+38",0
2026 02 19 09:31:44:275,-3.9675,-6.87625,"0,28",11,0,0,-3,"52,3529","3,402823466385289e+38","-3,9062"
2026 02 19 09:31:44:277,-3.9675,-6.78875,"0,28",11,0,0,-3,"52,3529","3,402823466385289e+38",0
2026 02 19 09:31:44:279,-3.9675,-6.78875,"0,28",11,0,0,-3,"52,3529","3,402823466385289e+38",0
2026 02 19 09:31:44:281,-3.9675,-6.78875,"0,28",11,0,0,-3,"52,3529","3,402823466385289e+38","11,7188"
2026 02 19 09:31:44:283,-3.9675,-6.87625,"0,28",11,0,0,-3,"52,3529","3,402823466385289e+38","7,8125"
2026 02 19 09:31:44:285,-3.9675,-6.78875,"0,28",11,0,0,-3,"52,3529","3,402823466385289e+38","7,8125"
2026 02 19 09:31:44:287,-3.9675,-6.78875,"0,28",11,0,0,-3,"52,3529","3,402823466385289e+38","-11,7187"
2026 02 19 09:31:44:289,-3.9985,-6.78875,"0,28",11,0,0,-3,"52,3529","3,402823466385289e+38","-19,5312"
2026 02 19 09:31:44:291,-3.9985,-6.78875,"0,28",11,0,0,-3,"52,3529","3,402823466385289e+38","-31,25"
2026 02 19 09:31:44:293,-3.9985,-6.78875,"0,28",11,0,0,-3,"52,3529","3,402823466385289e+38",0
2026 02 19 09:31:44:295,-3.9675,-6.87625,"0,28",11,0,0,-3,"52,3529","3,402823466385289e+38",0
2026 02 19 09:31:44:297,-3.9675,-6.78875,"0,28",11,0,0,-3,"52,3529","3,402823466385289e+38","-3,9062"
2026 02 19 09:31:44:299,-3.9675,-6.78875,"0,28",11,0,0,-3,"52,3529","3,402823466385289e+38",0
2026 02 19 09:31:44:301,-3.9675,-6.78875,"0,28",11,0,0,-3,"52,3529","3,402823466385289e+38","11,7188"
2026 02 19 09:31:44:303,-3.9985,-6.78875,"0,28",11,0,0,-3,"52,3529","3,402823466385289e+38","7,8125"
2026 02 19 09:31:44:305,-3.9675,-6.70125,"0,28",11,0,0,-3,"52,3529","3,402823466385289e+38",0
2026 02 19 09:31:44:307,-3.9675,-6.87625,"0,28",11,0,0,-3,"52,3529","3,402823466385289e+38","-11,7187"
2026 02 19 09:31:44:309,-3.9675,-6.78875,"0,28",11,0,0,-3,"52,3529","3,402823466385289e+38","-23,4375"
2026 02 19 09:31:44:311,-3.9675,-6.87625,"0,28",11,0,0,-3,"52,3529","3,402823466385289e+38","-23,4375"
2026 02 19 09:31:44:313,-3.9675,-6.78875,"0,28",11,0,0,-3,"52,3529","3,402823466385289e+38","-3,9062"
2026 02 19 09:31:44:315,-3.9334,-6.87625,"0,28",11,0,0,-3,"52,3529","3,402823466385289e+38",0
2026 02 19 09:31:44:317,-3.9675,-6.87625,"0,28",11,0,0,-3,"52,3529","3,402823466385289e+38",0
2026 02 19 09:31:44:319,-3.9334,-6.87625,"0,28",11,0,0,-3,"52,3529","3,402823466385289e+38",0
2026 02 19 09:31:44:321,-3.9675,-6.78875,"0,28",11,0,0,-3,"52,3529","3,402823466385289e+38","11,7188"
2026 02 19 09:31:44:323,-3.9675,-6.87625,"0,28",11,0,0,-3,"52,3529","3,402823466385289e+38","7,8125"
2026 02 19 09:31:44:325,-3.9675,-6.78875,"0,28",11,0,0,-3,"52,3529","3,402823466385289e+38","7,8125"
2026 02 19 09:31:44:327,-3.9675,-6.87625,"0,28",11,0,0,-3,"52,3529","3,402823466385289e+38","-11,7187"
2026 02 19 09:31:44:329,-3.9675,-6.78875,"0,28",11,0,0,-3,"52,3529","3,402823466385289e+38","-15,625"
2026 02 19 09:31:44:331,-3.9675,-6.78875,"0,28",11,0,0,-3,"52,3529","3,402823466385289e+38","-31,25"
2026 02 19 09:31:44:333,-3.9675,-6.78875,"0,28",11,0,0,-3,"52,3529","3,402823466385289e+38",0
2026 02 19 09:31:44:335,-3.9675,-6.87625,"0,28",11,0,0,-3,"52,3529","3,402823466385289e+38",0
2026 02 19 09:31:44:337,-3.9334,-6.78875,"0,28",11,0,0,-3,"52,3529","3,402823466385289e+38",0
2026 02 19 09:31:44:339,-3.9334,-6.78875,"0,28",11,0,0,-3,"52,3529","3,402823466385289e+38",0
2026 02 19 09:31:44:341,-3.9675,-6.78875,"0,28",11,0,0,-3,"52,3529","3,402823466385289e+38","11,7188"
2026 02 19 09:31:44:343,-3.9985,-6.78875,"0,28",11,0,0,-3,"52,3529","3,402823466385289e+38","3,9063"
2026 02 19 09:31:44:345,-3.9675,-6.78875,"0,28",11,0,0,-3,"52,3529","3,402823466385289e+38","3,9063"
2026 02 19 09:31:44:347,-3.9334,-6.78875,"0,28",11,0,0,-3,"52,3529","3,402823466385289e+38","-15,625"
2026 02 19 09:31:44:349,-3.9675,-6.78875,"0,28",11,0,0,-3,"52,3529","3,402823466385289e+38","-19,5312"
2026 02 19 09:31:44:351,-3.9675,-6.78875,"0,28",11,0,0,-3,"52,3529","3,402823466385289e+38","-23,4375"
2026 02 19 09:31:44:353,-3.9675,-6.78875,"0,28",11,0,0,-3,"52,3529","3,402823466385289e+38",0
2026 02 19 09:31:44:355,-3.9675,-6.87625,"0,28",11,0,0,-3,"52,3529","3,402823466385289e+38",0
2026 02 19 09:31:44:357,-3.9675,-6.70125,"0,28",11,0,0,-3,"52,3529","3,402823466385289e+38","-3,9062"
2026 02 19 09:31:44:359,-3.9675,-6.78875,"0,28",11,0,0,-3,"52,3529","3,402823466385289e+38",0
2026 02 19 09:31:44:361,-3.9675,-6.78875,"0,28",11,0,0,-3,"52,3529","3,402823466385289e+38","11,7188"
2026 02 19 09:31:44:363,-3.9675,-6.78875,"0,28",11,0,0,-3,"52,3529","3,402823466385289e+38","7,8125"
2026 02 19 09:31:44:365,-3.9675,-6.87625,"0,28",11,0,0,-3,"52,3529","3,402823466385289e+38","7,8125"
2026 02 19 09:31:44:367,-3.9675,-6.78875,"0,28",11,0,0,-3,"52,3529","3,402823466385289e+38","-7,8125"
2026 02 19 09:31:44:369,-3.9675,-6.78875,"0,28",11,0,0,-3,"52,3529","3,402823466385289e+38","-15,625"
2026 02 19 09:31:44:371,-3.9675,-6.78875,"0,28",11,0,0,-3,"52,3529","3,402823466385289e+38","-31,25"
2026 02 19 09:31:44:373,-3.9675,-6.78875,"0,28",11,0,0,-3,"52,3529","3,402823466385289e+38",0
2026 02 19 09:31:44:375,-3.9675,-6.78875,"0,28",11,0,0,-3,"52,3529","3,402823466385289e+38",0
2026 02 19 09:31:44:377,-3.9334,-6.78875,"0,28",11,0,0,-3,"52,3529","3,402823466385289e+38",0
2026 02 19 09:31:44:379,-3.9985,-6.78875,"0,28",11,0,0,-3,"52,3529","3,402823466385289e+38","-3,9062"
2026 02 19 09:31:44:381,-3.9675,-6.87625,"0,28",11,0,0,-3,"52,3529","3,402823466385289e+38","15,625"
2026 02 19 09:31:44:383,-3.9675,-6.78875,"0,28",11,0,0,-3,"52,3529","3,402823466385289e+38","7,8125"
2026 02 19 09:31:44:385,-3.9334,-6.78875,"0,28",11,0,0,-3,"52,3529","3,402823466385289e+38",0
2026 02 19 09:31:44:387,-3.9334,-6.78875,"0,28",11,0,0,-3,"52,3529","3,402823466385289e+38","-15,625"
2026 02 19 09:31:44:389,-3.9675,-6.78875,"0,28",11,0,0,-3,"52,3529","3,402823466385289e+38","-23,4375"
2026 02 19 09:31:44:391,-3.9675,-6.78875,"0,28",11,0,0,-3,"52,3529","3,402823466385289e+38","-23,4375"
2026 02 19 09:31:44:393,-3.9675,-6.78875,"0,28",11,0,0,-3,"52,3529","3,402823466385289e+38",0
2026 02 19 09:31:44:395,-3.9985,-6.78875,"0,28",11,0,0,-3,"52,3529","3,402823466385289e+38","-3,9062"
2026 02 19 09:31:44:397,-3.9675,-6.78875,"0,28",11,0,0,-3,"52,3529","3,402823466385289e+38",0
2026 02 19 09:31:44:399,-3.9675,-6.78875,"0,28",11,0,0,-3,"52,3529","3,402823466385289e+38",0
2026 02 19 09:31:44:401,-3.9675,-6.78875,"0,28",11,0,0,-3,"52,3529","3,402823466385289e+38","11,7188"
2026 02 19 09:31:44:403,-3.9675,-6.78875,"0,28",11,0,0,-3,"52,3529","3,402823466385289e+38","11,7188"
2026 02 19 09:31:44:405,-3.9334,-6.78875,"0,28",11,0,0,-3,"52,3529","3,402823466385289e+38","3,9063"
2026 02 19 09:31:44:407,-3.9675,-6.70125,"0,28",11,0,0,-3,"52,3529","3,402823466385289e+38","-11,7187"
2026 02 19 09:31:44:409,-3.9675,-6.78875,"0,28",11,0,0,-3,"52,3529","3,402823466385289e+38","-19,5312"
2026 02 19 09:31:44:411,-3.9675,-6.87625,"0,28",11,0,0,-3,"52,3529","3,402823466385289e+38","-27,3437"
2026 02 19 09:31:44:413,-3.9675,-6.78875,"0,28",11,0,0,-3,"52,3529","3,402823466385289e+38",0
2026 02 19 09:31:44:415,-3.9985,-6.87625,"0,28",11,0,0,-3,"52,3529","3,402823466385289e+38",0
2026 02 19 09:31:44:417,-3.9675,-6.78875,"0,28",11,0,0,-3,"52,3529","3,402823466385289e+38","-3,9062"
2026 02 19 09:31:44:419,-3.9675,-6.78875,"0,28",11,0,0,-3,"52,3529","3,402823466385289e+38",0
2026 02 19 09:31:44:421,-3.9334,-6.87625,"0,28",11,0,0,-3,"52,3529","3,402823466385289e+38","11,7188"
2026 02 19 09:31:44:423,-3.9675,-6.78875,"0,28",11,0,0,-3,"52,3529","3,402823466385289e+38","7,8125"
2026 02 19 09:31:44:425,-3.9985,-6.78875,"0,28",11,0,0,-3,"52,3529","3,402823466385289e+38","3,9063"
2026 02 19 09:31:44:427,-3.9675,-6.87625,"0,28",11,0,0,-3,"52,3529","3,402823466385289e+38","-11,7187"
2026 02 19 09:31:44:429,-3.9985,-6.78875,"0,28",11,0,0,-3,"52,3529","3,402823466385289e+38","-23,4375"
2026 02 19 09:31:44:431,-3.9334,-6.87625,"0,28",11,0,0,-3,"52,3529","3,402823466385289e+38","-23,4375"
2026 02 19 09:31:44:433,-3.9675,-6.78875,"0,28",11,0,0,-3,"52,3529","3,402823466385289e+38","-3,9062"
2026 02 19 09:31:44:435,-3.9675,-6.78875,"0,28",11,0,0,-3,"52,3529","3,402823466385289e+38","-3,9062"
2026 02 19 09:31:44:437,-3.9985,-6.78875,"0,28",11,0,0,-3,"52,3529","3,402823466385289e+38","-3,9062"
2026 02 19 09:31:44:439,-3.9675,-6.78875,"0,28",11,0,0,-3,"52,3529","3,402823466385289e+38","-3,9062"
2026 02 19 09:31:44:441,-3.9675,-6.87625,"0,28",11,0,0,-3,"52,3529","3,402823466385289e+38","11,7188"
2026 02 19 09:31:44:443,-3.9675,-6.70125,"0,28",11,0,0,-3,"52,3529","3,402823466385289e+38","7,8125"
2026 02 19 09:31:44:445,-3.9675,-6.78875,"0,28",11,0,0,-3,"52,3529","3,402823466385289e+38","11,7188"
2026 02 19 09:31:44:447,-3.9675,-6.78875,"0,28",11,0,0,-3,"52,3529","3,402823466385289e+38","-11,7187"
2026 02 19 09:31:44:449,-3.9675,-6.78875,"0,28",11,0,0,-3,"52,3529","3,402823466385289e+38","-15,625"
2026 02 19 09:31:44:451,-3.9985,-6.70125,"0,28",11,0,0,-3,"52,3529","3,402823466385289e+38","-31,25"
2026 02 19 09:31:44:453,-3.9985,-6.70125,"0,28",11,0,0,-3,"52,3529","3,402823466385289e+38",0
2026 02 19 09:31:44:455,-3.9334,-6.78875,"0,28",11,0,0,-3,"52,3529","3,402823466385289e+38",0
2026 02 19 09:31:44:457,-3.9675,-6.78875,"0,28",11,0,0,-3,"52,3529","3,402823466385289e+38",0
2026 02 19 09:31:44:459,-3.9675,-6.78875,"0,28",11,0,0,-3,"52,3529","3,402823466385289e+38",0
2026 02 19 09:31:44:461,-3.9675,-6.78875,"0,28",11,0,0,-3,"52,3529","3,402823466385289e+38","11,7188"
2026 02 19 09:31:44:463,-3.9675,-6.87625,"0,28",11,0,0,-3,"52,3529","3,402823466385289e+38","7,8125"
2026 02 19 09:31:44:465,-3.9675,-6.78875,"0,28",11,0,0,-3,"52,3529","3,402823466385289e+38","3,9063"
2026 02 19 09:31:44:467,-3.9675,-6.78875,"0,28",11,0,0,-3,"52,3529","3,402823466385289e+38","-11,7187"
2026 02 19 09:31:44:469,-3.9675,-6.87625,"0,28",11,0,0,-3,"52,3529","3,402823466385289e+38","-23,4375"
2026 02 19 09:31:44:471,-3.9675,-6.78875,"0,28",11,0,0,-3,"52,3529","3,402823466385289e+38","-27,3437"
2026 02 19 09:31:44:473,-3.9675,-6.78875,"0,28",11,0,0,-3,"52,3529","3,402823466385289e+38",0
2026 02 19 09:31:44:475,-3.9985,-6.70125,"0,28",11,0,0,-3,"52,3529","3,402823466385289e+38",0
2026 02 19 09:31:44:477,-3.9675,-6.78875,"0,28",11,0,0,-3,"52,3529","3,402823466385289e+38",0
2026 02 19 09:31:44:479,-3.9675,-6.87625,"0,28",11,0,0,-3,"52,3529","3,402823466385289e+38",0
2026 02 19 09:31:44:481,-3.9675,-6.78875,"0,28",11,0,0,-3,"52,3529","3,402823466385289e+38","11,7188"
2026 02 19 09:31:44:483,-3.9675,-6.78875,"0,28",11,0,0,-3,"52,3529","3,402823466385289e+38","11,7188"
2026 02 19 09:31:44:485,-3.9675,-6.78875,"0,28",11,0,0,-3,"52,3529","3,402823466385289e+38","7,8125"
2026 02 19 09:31:44:487,-3.9985,-6.87625,"0,28",11,0,0,-3,"52,3529","3,402823466385289e+38","-15,625"
2026 02 19 09:31:44:489,-3.9675,-6.78875,"0,28",11,0,0,-3,"52,3529","3,402823466385289e+38","-15,625"
2026 02 19 09:31:44:491,-3.9675,-6.87625,"0,28",11,0,0,-3,"49,1791","3,402823466385289e+38","-27,3437"
2026 02 19 09:31:44:493,-3.9675,-6.78875,"0,28",11,0,0,-3,"49,1791","3,402823466385289e+38",0
2026 02 19 09:31:44:495,-3.9675,-6.78875,"0,28",11,0,0,-3,"49,1791","3,402823466385289e+38",0
2026 02 19 09:31:44:497,-3.9675,-6.78875,"0,28",11,0,0,-3,"49,1791","3,402823466385289e+38",0
2026 02 19 09:31:44:499,-3.9675,-6.87625,"0,28",11,0,0,-3,"49,1791","3,402823466385289e+38",0
2026 02 19 09:31:44:501,-3.9675,-6.78875,"0,28",11,0,0,-3,"49,1791","3,402823466385289e+38","11,7188"
2026 02 19 09:31:44:503,-3.9675,-6.78875,"0,28",11,0,0,-3,"49,1791","3,402823466385289e+38","11,7188"
2026 02 19 09:31:44:505,-3.9675,-6.70125,"0,28",11,0,0,-3,"49,1791","3,402823466385289e+38","3,9063"
2026 02 19 09:31:44:507,-3.9675,-6.87625,"0,28",11,0,0,-3,"49,1791","3,402823466385289e+38","-15,625"
2026 02 19 09:31:44:509,-3.9675,-6.70125,"0,28",11,0,0,-3,"49,1791","3,402823466385289e+38","-23,4375"
2026 02 19 09:31:44:511,-3.9675,-6.78875,"0,28",11,0,0,-3,"49,1791","3,402823466385289e+38","-27,3437"
2026 02 19 09:31:44:513,-3.9675,-6.78875,"0,28",11,0,0,-3,"49,1791","3,402823466385289e+38",0
2026 02 19 09:31:44:515,-3.9675,-6.78875,"0,28",11,0,0,-3,"49,1791","3,402823466385289e+38",0
2026 02 19 09:31:44:517,-3.9675,-6.78875,"0,28",11,0,0,-3,"49,1791","3,402823466385289e+38",0
2026 02 19 09:31:44:519,-3.9675,-6.78875,"0,28",11,0,0,-3,"49,1791","3,402823466385289e+38",0
2026 02 19 09:31:44:521,-3.9675,-6.78875,"0,28",11,0,0,-3,"49,1791","3,402823466385289e+38","15,625"
2026 02 19 09:31:44:523,-3.9675,-6.78875,"0,28",11,0,0,-3,"49,1791","3,402823466385289e+38","11,7188"
2026 02 19 09:31:44:525,-3.9675,-6.78875,"0,28",11,0,0,-3,"49,1791","3,402823466385289e+38","11,7188"
2026 02 19 09:31:44:527,-3.9675,-6.87625,"0,28",11,0,0,-3,"49,1791","3,402823466385289e+38","-11,7187"
2026 02 19 09:31:44:529,-3.9985,-6.78875,"0,28",11,0,0,-3,"49,1791","3,402823466385289e+38","-15,625"
2026 02 19 09:31:44:531,-3.9675,-6.78875,"0,28",11,0,0,-3,"49,1791","3,402823466385289e+38","-35,1562"
2026 02 19 09:31:44:533,-3.9675,-6.78875,"0,28",11,0,0,-3,"49,1791","3,402823466385289e+38",0
2026 02 19 09:31:44:535,-3.9985,-6.87625,"0,28",11,0,0,-3,"49,1791","3,402823466385289e+38",0
2026 02 19 09:31:44:537,-3.9985,-6.78875,"0,28",11,0,0,-3,"49,1791","3,402823466385289e+38","-3,9062"
2026 02 19 09:31:44:539,-3.9675,-6.78875,"0,28",11,0,0,-3,"49,1791","3,402823466385289e+38",0
2026 02 19 09:31:44:541,-3.9675,-6.70125,"0,28",11,0,0,-3,"49,1791","3,402823466385289e+38","11,7188"
2026 02 19 09:31:44:543,-3.9675,-6.87625,"0,28",11,0,0,-3,"49,1791","3,402823466385289e+38","11,7188"
2026 02 19 09:31:44:545,-3.9985,-6.78875,"0,28",11,0,0,-3,"49,1791","3,402823466385289e+38","3,9063"
2026 02 19 09:31:44:547,-3.9675,-6.78875,"0,28",11,0,0,-3,"49,1791","3,402823466385289e+38","-11,7187"
2026 02 19 09:31:44:549,-3.9675,-6.70125,"0,28",11,0,0,-3,"49,1791","3,402823466385289e+38","-23,4375"
2026 02 19 09:31:44:551,-3.9675,-6.78875,"0,28",11,0,0,-3,"49,1791","3,402823466385289e+38","-27,3437"
2026 02 19 09:31:44:553,-3.9675,-6.78875,"0,28",11,0,0,-3,"49,1791","3,402823466385289e+38",0
2026 02 19 09:31:44:555,-3.9675,-6.78875,"0,28",11,0,0,-3,"49,1791","3,402823466385289e+38",0
2026 02 19 09:31:44:557,-3.9675,-6.87625,"0,28",11,0,0,-3,"49,1791","3,402823466385289e+38","-3,9062"
2026 02 19 09:31:44:559,-3.9675,-6.78875,"0,28",11,0,0,-3,"49,1791","3,402823466385289e+38",0
2026 02 19 09:31:44:561,-3.9675,-6.87625,"0,28",11,0,0,-3,"49,1791","3,402823466385289e+38","11,7188"
2026 02 19 09:31:44:563,-3.9675,-6.78875,"0,28",11,0,0,-3,"49,1791","3,402823466385289e+38","11,7188"
2026 02 19 09:31:44:565,-3.9675,-6.78875,"0,28",11,0,0,-3,"49,1791","3,402823466385289e+38","7,8125"
2026 02 19 09:31:44:567,-3.9675,-6.78875,"0,28",11,0,0,-3,"49,1791","3,402823466385289e+38","-11,7187"
2026 02 19 09:31:44:569,-3.9675,-6.87625,"0,28",11,0,0,-3,"49,1791","3,402823466385289e+38","-15,625"
2026 02 19 09:31:44:571,-3.9334,-6.78875,"0,28",11,0,0,-3,"49,1791","3,402823466385289e+38","-31,25"
2026 02 19 09:31:44:573,-3.9675,-6.87625,"0,28",11,0,0,-3,"49,1791","3,402823466385289e+38",0
2026 02 19 09:31:44:575,-4.0295,-6.78875,"0,28",11,0,0,-3,"49,1791","3,402823466385289e+38",0
2026 02 19 09:31:44:577,-3.9675,-6.78875,"0,28",11,0,0,-3,"49,1791","3,402823466385289e+38",0
2026 02 19 09:31:44:579,-3.9675,-6.78875,"0,28",11,0,0,-3,"49,1791","3,402823466385289e+38",0
2026 02 19 09:31:44:581,-3.9675,-6.78875,"0,28",11,0,0,-3,"49,1791","3,402823466385289e+38","11,7188"
2026 02 19 09:31:44:583,-3.9675,-6.78875,"0,28",11,0,0,-3,"49,1791","3,402823466385289e+38","7,8125"
2026 02 19 09:31:44:585,-3.9675,-6.78875,"0,28",11,0,0,-3,"49,1791","3,402823466385289e+38","3,9063"
2026 02 19 09:31:44:587,-3.9675,-6.87625,"0,28",11,0,0,-3,"49,1791","3,402823466385289e+38","-11,7187"
2026 02 19 09:31:44:589,-3.9675,-6.78875,"0,28",11,0,0,-3,"49,1791","3,402823466385289e+38","-27,3437"
2026 02 19 09:31:44:591,-3.9675,-6.78875,"0,28",11,0,0,-3,"49,1791","3,402823466385289e+38","-27,3437"
2026 02 19 09:31:44:593,-3.9675,-6.70125,"0,28",11,0,0,-3,"49,1791","3,402823466385289e+38","-3,9062"
2026 02 19 09:31:44:595,-3.9675,-6.78875,"0,28",11,0,0,-3,"49,1791","3,402823466385289e+38",0
2026 02 19 09:31:44:597,-3.9675,-6.78875,"0,28",11,0,0,-3,"49,1791","3,402823466385289e+38",0
2026 02 19 09:31:44:599,-3.9985,-6.78875,"0,28",11,0,0,-3,"49,1791","3,402823466385289e+38",0
2026 02 19 09:31:44:601,-3.9675,-6.78875,"0,28",11,0,0,-3,"49,1791","3,402823466385289e+38","11,7188"
2026 02 19 09:31:44:603,-3.9334,-6.87625,"0,28",11,0,0,-3,"49,1791","3,402823466385289e+38","7,8125"
2026 02 19 09:31:44:605,-3.9675,-6.78875,"0,28",11,0,0,-3,"49,1791","3,402823466385289e+38","7,8125"
2026 02 19 09:31:44:607,-3.9985,-6.78875,"0,28",11,0,0,-3,"49,1791","3,402823466385289e+38","-11,7187"
2026 02 19 09:31:44:609,-3.9675,-6.78875,"0,28",11,0,0,-3,"49,1791","3,402823466385289e+38","-15,625"
2026 02 19 09:31:44:611,-3.9675,-6.78875,"0,28",11,0,0,-3,"49,1791","3,402823466385289e+38","-31,25"
2026 02 19 09:31:44:613,-3.9675,-6.87625,"0,28",11,0,0,-3,"49,1791","3,402823466385289e+38",0
2026 02 19 09:31:44:615,-3.9675,-6.78875,"0,28",11,0,0,-3,"49,1791","3,402823466385289e+38","-3,9062"
2026 02 19 09:31:44:617,-3.9675,-6.78875,"0,28",11,0,0,-3,"49,1791","3,402823466385289e+38","-3,9062"
2026 02 19 09:31:44:619,-3.9675,-6.87625,"0,28",11,0,0,-3,"49,1791","3,402823466385289e+38",0
2026 02 19 09:31:44:621,-3.9675,-6.78875,"0,28",11,0,0,-3,"49,1791","3,402823466385289e+38","7,8125"
2026 02 19 09:31:44:623,-3.9675,-6.87625,"0,28",11,0,0,-3,"49,1791","3,402823466385289e+38","11,7188"
2026 02 19 09:31:44:625,-3.9675,-6.87625,"0,28",11,0,0,-3,"49,1791","3,402823466385289e+38","3,9063"
2026 02 19 09:31:44:627,-3.9675,-6.78875,"0,28",11,0,0,-3,"49,1791","3,402823466385289e+38","-11,7187"
2026 02 19 09:31:44:629,-3.9675,-6.78875,"0,28",11,0,0,-3,"49,1791","3,402823466385289e+38","-23,4375"
2026 02 19 09:31:44:631,-3.9985,-6.78875,"0,28",11,0,0,-3,"49,1791","3,402823466385289e+38","-23,4375"
2026 02 19 09:31:44:633,-3.9675,-6.70125,"0,28",11,0,0,-3,"49,1791","3,402823466385289e+38",0
2026 02 19 09:31:44:635,-3.9675,-6.78875,"0,28",11,0,0,-3,"49,1791","3,402823466385289e+38",0
2026 02 19 09:31:44:637,-3.9675,-6.87625,"0,28",11,0,0,-3,"49,1791","3,402823466385289e+38",0
2026 02 19 09:31:44:639,-3.9675,-6.78875,"0,28",11,0,0,-3,"49,1791","3,402823466385289e+38","-3,9062"
2026 02 19 09:31:44:641,-3.9985,-6.78875,"0,28",11,0,0,-3,"49,1791","3,402823466385289e+38","11,7188"
2026 02 19 09:31:44:643,-3.9675,-6.78875,"0,28",11,0,0,-3,"49,1791","3,402823466385289e+38","11,7188"
2026 02 19 09:31:44:645,-3.9675,-6.78875,"0,28",11,0,0,-3,"49,1791","3,402823466385289e+38","7,8125"
2026 02 19 09:31:44:647,-3.9985,-6.78875,"0,28",11,0,0,-3,"49,1791","3,402823466385289e+38","-11,7187"
2026 02 19 09:31:44:649,-3.9675,-6.78875,"0,28",11,0,0,-3,"49,1791","3,402823466385289e+38","-15,625"
2026 02 19 09:31:44:651,-3.9675,-6.78875,"0,28",11,0,0,-3,"49,1791","3,402823466385289e+38","-27,3437"
2026 02 19 09:31:44:653,-3.9675,-6.78875,"0,28",11,0,0,-3,"49,1791","3,402823466385289e+38",0
2026 02 19 09:31:44:655,-3.9985,-6.87625,"0,28",11,0,0,-3,"49,1791","3,402823466385289e+38","-3,9062"
2026 02 19 09:31:44:657,-3.9334,-6.70125,"0,28",11,0,0,-3,"49,1791","3,402823466385289e+38",0
2026 02 19 09:31:44:659,-3.9985,-6.78875,"0,28",11,0,0,-3,"49,1791","3,402823466385289e+38",0
2026 02 19 09:31:44:661,-3.9675,-6.87625,"0,28",11,0,0,-3,"49,1791","3,402823466385289e+38","11,7188"
2026 02 19 09:31:44:663,-3.9985,-6.78875,"0,28",11,0,0,-3,"49,1791","3,402823466385289e+38","11,7188"
2026 02 19 09:31:44:665,-3.9675,-6.78875,"0,28",11,0,0,-3,"49,1791","3,402823466385289e+38","7,8125"
2026 02 19 09:31:44:667,-3.9675,-6.87625,"0,28",11,0,0,-3,"49,1791","3,402823466385289e+38","-15,625"
2026 02 19 09:31:44:669,-3.9675,-6.78875,"0,28",11,0,0,-3,"49,1791","3,402823466385289e+38","-23,4375"
2026 02 19 09:31:44:671,-3.9675,-6.78875,"0,28",11,0,0,-3,"49,1791","3,402823466385289e+38","-27,3437"
2026 02 19 09:31:44:673,-3.9675,-6.78875,"0,28",11,0,0,-3,"49,1791","3,402823466385289e+38",0
2026 02 19 09:31:44:675,-3.9675,-6.87625,"0,28",11,0,0,-3,"49,1791","3,402823466385289e+38",0
2026 02 19 09:31:44:677,-3.9675,-6.78875,"0,28",11,0,0,-3,"49,1791","3,402823466385289e+38",0
2026 02 19 09:31:44:679,-3.9334,-6.78875,"0,28",11,0,0,-3,"49,1791","3,402823466385289e+38",0
2026 02 19 09:31:44:681,-3.9675,-6.78875,"0,28",11,0,0,-3,"49,1791","3,402823466385289e+38","11,7188"
2026 02 19 09:31:44:683,-3.9675,-6.78875,"0,28",11,0,0,-3,"49,1791","3,402823466385289e+38","15,625"
2026 02 19 09:31:44:685,-3.9985,-6.78875,"0,28",11,0,0,-3,"49,1791","3,402823466385289e+38","7,8125"
2026 02 19 09:31:44:687,-3.9675,-6.87625,"0,28",11,0,0,-3,"49,1791","3,402823466385289e+38","-15,625"
2026 02 19 09:31:44:689,-3.9985,-6.78875,"0,28",11,0,0,-3,"49,1791","3,402823466385289e+38","-15,625"
2026 02 19 09:31:44:691,-3.9675,-6.78875,"0,28",11,0,0,-3,"49,1791","3,402823466385289e+38","-27,3437"
2026 02 19 09:31:44:693,-3.9675,-6.87625,"0,28",11,0,0,-3,"49,1791","3,402823466385289e+38","-3,9062"
2026 02 19 09:31:44:695,-3.9675,-6.87625,"0,28",11,0,0,-3,"49,1791","3,402823466385289e+38",0
2026 02 19 09:31:44:697,-3.9675,-6.78875,"0,28",11,0,0,-3,"49,1791","3,402823466385289e+38",0
2026 02 19 09:31:44:699,-3.9675,-6.78875,"0,28",11,0,0,-3,"49,1791","3,402823466385289e+38",0
2026 02 19 09:31:44:701,-3.9675,-6.78875,"0,28",11,0,0,-3,"49,1791","3,402823466385289e+38","11,7188"
2026 02 19 09:31:44:703,-3.9675,-6.78875,"0,28",11,0,0,-3,"49,1791","3,402823466385289e+38","11,7188"
2026 02 19 09:31:44:705,-3.9985,-6.78875,"0,28",11,0,0,-3,"49,1791","3,402823466385289e+38","7,8125"
2026 02 19 09:31:44:707,-3.9675,-6.78875,"0,28",11,0,0,-3,"49,1791","3,402823466385289e+38","-11,7187"
2026 02 19 09:31:44:709,-3.9334,-6.78875,"0,28",11,0,0,-3,"49,1791","3,402823466385289e+38","-31,25"
2026 02 19 09:31:44:711,-3.9675,-6.87625,"0,28",11,0,0,-3,"49,1791","3,402823466385289e+38","-27,3437"
2026 02 19 09:31:44:713,-3.9675,-6.78875,"0,28",11,0,0,-3,"49,1791","3,402823466385289e+38","-3,9062"
2026 02 19 09:31:44:715,-3.9334,-6.87625,"0,28",11,0,0,-3,"49,1791","3,402823466385289e+38","-3,9062"
2026 02 19 09:31:44:717,-3.9675,-6.87625,"0,28",11,0,0,-3,"49,1791","3,402823466385289e+38","-3,9062"
2026 02 19 09:31:44:719,-3.9985,-6.78875,"0,28",11,0,0,-3,"49,1791","3,402823466385289e+38",0
2026 02 19 09:31:44:721,-3.9675,-6.78875,"0,28",11,0,0,-3,"49,1791","3,402823466385289e+38","11,7188"
2026 02 19 09:31:44:723,-3.9675,-6.78875,"0,28",11,0,0,-3,"49,1791","3,402823466385289e+38","11,7188"
2026 02 19 09:31:44:725,-3.9675,-6.87625,"0,28",11,0,0,-3,"49,1791","3,402823466385289e+38","7,8125"
2026 02 19 09:31:44:727,-3.9675,-6.78875,"0,28",11,0,0,-3,"49,1791","3,402823466385289e+38","-15,625"
2026 02 19 09:31:44:729,-3.9675,-6.70125,"0,28",11,0,0,-3,"49,1791","3,402823466385289e+38","-19,5312"
2026 02 19 09:31:44:731,-3.9985,-6.87625,"0,28",11,0,0,-3,"49,1791","3,402823466385289e+38","-27,3437"
2026 02 19 09:31:44:733,-3.9985,-6.70125,"0,28",11,0,0,-3,"49,1791","3,402823466385289e+38",0
2026 02 19 09:31:44:735,-3.9675,-6.78875,"0,28",11,0,0,-3,"49,1791","3,402823466385289e+38",0
2026 02 19 09:31:44:737,-3.9675,-6.87625,"0,28",11,0,0,-3,"49,1791","3,402823466385289e+38",0
2026 02 19 09:31:44:739,-3.9675,-6.87625,"0,28",11,0,0,-3,"49,1791","3,402823466385289e+38",0
2026 02 19 09:31:44:741,-3.9675,-6.78875,"0,28",11,0,0,-3,"49,1791","3,402823466385289e+38","11,7188"
2026 02 19 09:31:44:743,-3.9334,-6.78875,"0,28",11,0,0,-3,"49,1791","3,402823466385289e+38","11,7188"
2026 02 19 09:31:44:745,-3.9675,-6.78875,"0,28",11,0,0,-3,"49,1791","3,402823466385289e+38","7,8125"
2026 02 19 09:31:44:747,-3.9675,-6.78875,"0,28",11,0,0,-3,"49,1791","3,402823466385289e+38","-11,7187"
2026 02 19 09:31:44:749,-3.9985,-6.78875,"0,28",11,0,0,-3,"49,1791","3,402823466385289e+38","-27,3437"
2026 02 19 09:31:44:751,-3.9334,-6.87625,"0,28",11,0,0,-3,"49,1791","3,402823466385289e+38","-23,4375"
2026 02 19 09:31:44:753,-3.9675,-6.78875,"0,28",11,0,0,-3,"49,1791","3,402823466385289e+38","-3,9062"
2026 02 19 09:31:44:755,-3.9985,-6.78875,"0,28",11,0,0,-3,"49,1791","3,402823466385289e+38",0
2026 02 19 09:31:44:757,-3.9985,-6.78875,"0,28",11,0,0,-3,"49,1791","3,402823466385289e+38",0
2026 02 19 09:31:44:759,-3.9675,-6.78875,"0,28",11,0,0,-3,"49,1791","3,402823466385289e+38",0
2026 02 19 09:31:44:761,-3.9675,-6.78875,"0,28",11,0,0,-3,"49,1791","3,402823466385289e+38","7,8125"
2026 02 19 09:31:44:763,-3.9675,-6.70125,"0,28",11,0,0,-3,"49,1791","3,402823466385289e+38","11,7188"
2026 02 19 09:31:44:765,-3.9334,-6.70125,"0,28",11,0,0,-3,"49,1791","3,402823466385289e+38","7,8125"
2026 02 19 09:31:44:767,-3.9675,-6.78875,"0,28",11,0,0,-3,"49,1791","3,402823466385289e+38","-15,625"
2026 02 19 09:31:44:769,-3.9985,-6.87625,"0,28",11,0,0,-3,"49,1791","3,402823466385289e+38","-19,5312"
2026 02 19 09:31:44:771,-3.9675,-6.78875,"0,28",11,0,0,-3,"49,1791","3,402823466385289e+38","-23,4375"
2026 02 19 09:31:44:773,-4.0295,-6.87625,"0,28",11,0,0,-3,"49,1791","3,402823466385289e+38",0
2026 02 19 09:31:44:775,-3.9985,-6.78875,"0,28",11,0,0,-3,"49,1791","3,402823466385289e+38",0
2026 02 19 09:31:44:777,-3.9675,-6.78875,"0,28",11,0,0,-3,"49,1791","3,402823466385289e+38",0
2026 02 19 09:31:44:779,-3.9675,-6.78875,"0,28",11,0,0,-3,"49,1791","3,402823466385289e+38","3,9063"
2026 02 19 09:31:44:781,-3.9675,-6.78875,"0,28",11,0,0,-3,"49,1791","3,402823466385289e+38","11,7188"
2026 02 19 09:31:44:783,-3.9985,-6.78875,"0,28",11,0,0,-3,"49,1791","3,402823466385289e+38","11,7188"
2026 02 19 09:31:44:785,-3.9985,-6.78875,"0,28",11,0,0,-3,"49,1791","3,402823466385289e+38","7,8125"
2026 02 19 09:31:44:787,-3.9985,-6.78875,"0,28",11,0,0,-3,"49,1791","3,402823466385289e+38","-11,7187"
2026 02 19 09:31:44:789,-3.9985,-6.78875,"0,28",11,0,0,-3,"49,1791","3,402823466385289e+38","-27,3437"
2026 02 19 09:31:44:791,-3.9334,-6.78875,"0,28",11,0,0,-3,"48,9044","3,402823466385289e+38","-31,25"
2026 02 19 09:31:44:793,-3.9334,-6.78875,"0,28",11,0,0,-3,"48,9044","3,402823466385289e+38","-3,9062"
2026 02 19 09:31:44:795,-3.9675,-6.78875,"0,28",11,0,0,-3,"48,9044","3,402823466385289e+38",0
2026 02 19 09:31:44:797,-3.9675,-6.78875,"0,28",11,0,0,-3,"48,9044","3,402823466385289e+38","3,9063"
2026 02 19 09:31:44:799,-3.9985,-6.70125,"0,28",11,0,0,-3,"48,9044","3,402823466385289e+38",0
2026 02 19 09:31:44:801,-3.9675,-6.78875,"0,28",11,0,0,-3,"48,9044","3,402823466385289e+38","7,8125"
2026 02 19 09:31:44:803,-3.9675,-6.78875,"0,28",11,0,0,-3,"48,9044","3,402823466385289e+38","15,625"
2026 02 19 09:31:44:805,-3.9334,-6.78875,"0,28",11,0,0,-3,"48,9044","3,402823466385289e+38","11,7188"
2026 02 19 09:31:44:807,-3.9675,-6.78875,"0,28",11,0,0,-3,"48,9044","3,402823466385289e+38","-11,7187"
2026 02 19 09:31:44:809,-3.9675,-6.70125,"0,28",11,0,0,-3,"48,9044","3,402823466385289e+38","-19,5312"
2026 02 19 09:31:44:811,-3.9675,-6.78875,"0,28",11,0,0,-3,"48,9044","3,402823466385289e+38","-23,4375"
2026 02 19 09:31:44:813,-3.9675,-6.87625,"0,28",11,0,0,-3,"48,9044","3,402823466385289e+38",0
2026 02 19 09:31:44:815,-3.9675,-6.78875,"0,28",11,0,0,-3,"48,9044","3,402823466385289e+38",0
2026 02 19 09:31:44:817,-3.9675,-6.78875,"0,28",11,0,0,-3,"48,9044","3,402823466385289e+38",0
2026 02 19 09:31:44:819,-3.9675,-6.78875,"0,28",11,0,0,-3,"48,9044","3,402823466385289e+38",0
2026 02 19 09:31:44:821,-3.9675,-6.78875,"0,28",11,0,0,-3,"48,9044","3,402823466385289e+38","11,7188"
2026 02 19 09:31:44:823,-3.9675,-6.78875,"0,28",11,0,0,-3,"48,9044","3,402823466385289e+38","11,7188"
2026 02 19 09:31:44:825,-3.9675,-6.87625,"0,28",11,0,0,-3,"48,9044","3,402823466385289e+38","7,8125"
2026 02 19 09:31:44:827,-3.9334,-6.78875,"0,28",11,0,0,-3,"48,9044","3,402823466385289e+38","-11,7187"
2026 02 19 09:31:44:829,-3.9334,-6.78875,"0,28",11,0,0,-3,"48,9044","3,402823466385289e+38","-23,4375"
2026 02 19 09:31:44:831,-3.9334,-6.78875,"0,28",11,0,0,-3,"48,9044","3,402823466385289e+38","-27,3437"
2026 02 19 09:31:44:833,-3.9985,-6.78875,"0,28",11,0,0,-3,"48,9044","3,402823466385289e+38",0
2026 02 19 09:31:44:835,-3.9675,-6.78875,"0,28",11,0,0,-3,"48,9044","3,402823466385289e+38",0
2026 02 19 09:31:44:837,-3.9985,-6.70125,"0,28",11,0,0,-3,"48,9044","3,402823466385289e+38","-3,9062"
2026 02 19 09:31:44:839,-3.9675,-6.70125,"0,28",11,0,0,-3,"48,9044","3,402823466385289e+38",0
2026 02 19 09:31:44:841,-3.9675,-6.78875,"0,28",11,0,0,-3,"48,9044","3,402823466385289e+38","11,7188"
2026 02 19 09:31:44:843,-3.9675,-6.78875,"0,28",11,0,0,-3,"48,9044","3,402823466385289e+38","15,625"
2026 02 19 09:31:44:845,-3.9675,-6.78875,"0,28",11,0,0,-3,"48,9044","3,402823466385289e+38","7,8125"
2026 02 19 09:31:44:847,-3.9985,-6.78875,"0,28",11,0,0,-3,"48,9044","3,402823466385289e+38","-11,7187"
2026 02 19 09:31:44:849,-3.9675,-6.78875,"0,28",11,0,0,-3,"48,9044","3,402823466385289e+38","-19,5312"
2026 02 19 09:31:44:851,-3.9675,-6.87625,"0,28",11,0,0,-3,"48,9044","3,402823466385289e+38","-27,3437"
2026 02 19 09:31:44:853,-3.9334,-6.78875,"0,28",11,0,0,-3,"48,9044","3,402823466385289e+38","-3,9062"
2026 02 19 09:31:44:855,-3.9675,-6.78875,"0,28",11,0,0,-3,"48,9044","3,402823466385289e+38",0
2026 02 19 09:31:44:857,-3.9675,-6.87625,"0,28",11,0,0,-3,"48,9044","3,402823466385289e+38","-3,9062"
2026 02 19 09:31:44:859,-3.9985,-6.78875,"0,28",11,0,0,-3,"48,9044","3,402823466385289e+38",0
2026 02 19 09:31:44:861,-3.9675,-6.78875,"0,28",11,0,0,-3,"48,9044","3,402823466385289e+38","7,8125"
2026 02 19 09:31:44:863,-3.9675,-6.87625,"0,28",11,0,0,-3,"48,9044","3,402823466385289e+38","11,7188"
2026 02 19 09:31:44:865,-3.9334,-6.87625,"0,28",11,0,0,-3,"48,9044","3,402823466385289e+38","7,8125"
2026 02 19 09:31:44:867,-3.9675,-6.78875,"0,28",11,0,0,-3,"48,9044","3,402823466385289e+38","-11,7187"
2026 02 19 09:31:44:869,-3.9675,-6.78875,"0,28",11,0,0,-3,"48,9044","3,402823466385289e+38","-23,4375"
2026 02 19 09:31:44:871,-3.9675,-6.87625,"0,28",11,0,0,-3,"48,9044","3,402823466385289e+38","-27,3437"
2026 02 19 09:31:44:873,-3.9985,-6.87625,"0,28",11,0,0,-3,"48,9044","3,402823466385289e+38",0
2026 02 19 09:31:44:875,-3.9675,-6.87625,"0,28",11,0,0,-3,"48,9044","3,402823466385289e+38",0
2026 02 19 09:31:44:877,-3.9675,-6.70125,"0,28",11,0,0,-3,"48,9044","3,402823466385289e+38",0
2026 02 19 09:31:44:879,-3.9675,-6.70125,"0,28",11,0,0,-3,"48,9044","3,402823466385289e+38","-3,9062"
2026 02 19 09:31:44:881,-3.9675,-6.70125,"0,28",11,0,0,-3,"48,9044","3,402823466385289e+38","11,7188"
2026 02 19 09:31:44:883,-3.9985,-6.78875,"0,28",11,0,0,-3,"48,9044","3,402823466385289e+38","15,625"
2026 02 19 09:31:44:885,-3.9985,-6.78875,"0,28",11,0,0,-3,"48,9044","3,402823466385289e+38","7,8125"
2026 02 19 09:31:44:887,-3.9675,-6.78875,"0,28",11,0,0,-3,"48,9044","3,402823466385289e+38","-11,7187"
2026 02 19 09:31:44:889,-3.9334,-6.87625,"0,28",11,0,0,-3,"48,9044","3,402823466385289e+38","-19,5312"
2026 02 19 09:31:44:891,-3.9675,-6.78875,"0,28",11,0,0,-3,"48,9044","3,402823466385289e+38","-27,3437"
2026 02 19 09:31:44:893,-3.9675,-6.70125,"0,28",11,0,0,-3,"48,9044","3,402823466385289e+38",0
2026 02 19 09:31:44:895,-3.9675,-6.70125,"0,28",11,0,0,-3,"48,9044","3,402823466385289e+38",0
2026 02 19 09:31:44:897,-3.9675,-6.78875,"0,28",11,0,0,-3,"48,9044","3,402823466385289e+38",0
2026 02 19 09:31:44:899,-3.9675,-6.78875,"0,28",11,0,0,-3,"48,9044","3,402823466385289e+38",0
2026 02 19 09:31:44:901,-3.9675,-6.78875,"0,28",11,0,0,-3,"48,9044","3,402823466385289e+38","7,8125"
2026 02 19 09:31:44:903,-3.9675,-6.70125,"0,28",11,0,0,-3,"48,9044","3,402823466385289e+38","15,625"
2026 02 19 09:31:44:905,-3.9985,-6.78875,"0,28",11,0,0,-3,"48,9044","3,402823466385289e+38","11,7188"
2026 02 19 09:31:44:907,-3.9675,-6.78875,"0,28",11,0,0,-3,"48,9044","3,402823466385289e+38","-11,7187"
2026 02 19 09:31:44:909,-3.9334,-6.78875,"0,28",11,0,0,-3,"48,9044","3,402823466385289e+38","-23,4375"
2026 02 19 09:31:44:911,-3.9985,-6.78875,"0,28",11,0,0,-3,"48,9044","3,402823466385289e+38","-23,4375"
2026 02 19 09:31:44:913,-3.9675,-6.87625,"0,28",11,0,0,-3,"48,9044","3,402823466385289e+38",0
2026 02 19 09:31:44:915,-3.9675,-6.78875,"0,28",11,0,0,-3,"48,9044","3,402823466385289e+38",0
2026 02 19 09:31:44:917,-3.9675,-6.78875,"0,28",11,0,0,-3,"48,9044","3,402823466385289e+38",0
2026 02 19 09:31:44:919,-3.9675,-6.78875,"0,28",11,0,0,-3,"48,9044","3,402823466385289e+38",0
2026 02 19 09:31:44:921,-3.9675,-6.87625,"0,28",11,0,0,-3,"48,9044","3,402823466385289e+38","7,8125"
2026 02 19 09:31:44:923,-3.9334,-6.87625,"0,28",11,0,0,-3,"48,9044","3,402823466385289e+38","15,625"
2026 02 19 09:31:44:925,-3.9334,-6.78875,"0,28",11,0,0,-3,"48,9044","3,402823466385289e+38","7,8125"
2026 02 19 09:31:44:927,-3.9675,-6.78875,"0,28",11,0,0,-3,"48,9044","3,402823466385289e+38","-7,8125"
2026 02 19 09:31:44:929,-3.9985,-6.78875,"0,28",11,0,0,-3,"48,9044","3,402823466385289e+38","-19,5312"
2026 02 19 09:31:44:931,-3.9334,-6.70125,"0,28",11,0,0,-3,"48,9044","3,402823466385289e+38","-27,3437"
2026 02 19 09:31:44:933,-3.9675,-6.87625,"0,28",11,0,0,-3,"48,9044","3,402823466385289e+38",0
2026 02 19 09:31:44:935,-3.9985,-6.87625,"0,28",11,0,0,-3,"48,9044","3,402823466385289e+38",0
2026 02 19 09:31:44:937,-3.9675,-6.78875,"0,28",11,0,0,-3,"48,9044","3,402823466385289e+38","-3,9062"
2026 02 19 09:31:44:939,-3.9675,-6.78875,"0,28",11,0,0,-3,"48,9044","3,402823466385289e+38",0
2026 02 19 09:31:44:941,-3.9675,-6.78875,"0,28",11,0,0,-3,"48,9044","3,402823466385289e+38","7,8125"
2026 02 19 09:31:44:943,-3.9675,-6.78875,"0,28",11,0,0,-3,"48,9044","3,402823466385289e+38","15,625"
2026 02 19 09:31:44:945,-3.9675,-6.78875,"0,28",11,0,0,-3,"48,9044","3,402823466385289e+38","3,9063"
2026 02 19 09:31:44:947,-3.9675,-6.78875,"0,28",11,0,0,-3,"48,9044","3,402823466385289e+38","-11,7187"
2026 02 19 09:31:44:949,-3.9675,-6.78875,"0,28",11,0,0,-3,"48,9044","3,402823466385289e+38","-27,3437"
2026 02 19 09:31:44:951,-3.9675,-6.78875,"0,28",11,0,0,-3,"48,9044","3,402823466385289e+38","-27,3437"
2026 02 19 09:31:44:953,-3.9675,-6.78875,"0,28",11,0,0,-3,"48,9044","3,402823466385289e+38","-3,9062"
2026 02 19 09:31:44:955,-3.9675,-6.87625,"0,28",11,0,0,-3,"48,9044","3,402823466385289e+38","-3,9062"
2026 02 19 09:31:44:957,-3.9675,-6.78875,"0,28",11,0,0,-3,"48,9044","3,402823466385289e+38",0
2026 02 19 09:31:44:959,-3.9985,-6.87625,"0,28",11,0,0,-3,"48,9044","3,402823466385289e+38",0
2026 02 19 09:31:44:961,-3.9675,-6.78875,"0,28",11,0,0,-3,"48,9044","3,402823466385289e+38","7,8125"
2026 02 19 09:31:44:963,-3.9675,-6.78875,"0,28",11,0,0,-3,"48,9044","3,402823466385289e+38","19,5313"
2026 02 19 09:31:44:965,-3.9675,-6.78875,"0,28",11,0,0,-3,"48,9044","3,402823466385289e+38","7,8125"
2026 02 19 09:31:44:967,-3.9675,-6.78875,"0,28",11,0,0,-3,"48,9044","3,402823466385289e+38","-3,9062"
2026 02 19 09:31:44:969,-3.9675,-6.78875,"0,28",11,0,0,-3,"48,9044","3,402823466385289e+38","-23,4375"
2026 02 19 09:31:44:971,-3.9675,-6.78875,"0,28",11,0,0,-3,"48,9044","3,402823466385289e+38","-27,3437"
2026 02 19 09:31:44:973,-3.9024,-6.87625,"0,28",11,0,0,-3,"48,9044","3,402823466385289e+38",0
2026 02 19 09:31:44:975,-3.9675,-6.78875,"0,28",11,0,0,-3,"48,9044","3,402823466385289e+38",0
2026 02 19 09:31:44:977,-3.9675,-6.78875,"0,28",11,0,0,-3,"48,9044","3,402823466385289e+38","3,9063"
2026 02 19 09:31:44:979,-3.9675,-6.87625,"0,28",11,0,0,-3,"48,9044","3,402823466385289e+38","-3,9062"
2026 02 19 09:31:44:981,-3.9675,-6.78875,"0,28",11,0,0,-3,"48,9044","3,402823466385289e+38","7,8125"
2026 02 19 09:31:44:983,-3.9675,-6.78875,"0,28",11,0,0,-3,"48,9044","3,402823466385289e+38","15,625"
2026 02 19 09:31:44:985,-3.9675,-6.78875,"0,28",11,0,0,-3,"48,9044","3,402823466385289e+38","11,7188"
2026 02 19 09:31:44:987,-3.9675,-6.70125,"0,28",11,0,0,-3,"48,9044","3,402823466385289e+38","-11,7187"
2026 02 19 09:31:44:989,-3.9675,-6.87625,"0,28",11,0,0,-3,"48,9044","3,402823466385289e+38","-23,4375"
2026 02 19 09:31:44:991,-3.9675,-6.78875,"0,28",11,0,0,-3,"48,9044","3,402823466385289e+38","-23,4375"
2026 02 19 09:31:44:993,-3.9675,-6.78875,"0,28",11,0,0,-3,"48,9044","3,402823466385289e+38",0
2026 02 19 09:31:44:995,-3.9675,-6.78875,"0,28",11,0,0,-3,"48,9044","3,402823466385289e+38","-3,9062"
2026 02 19 09:31:44:997,-3.9675,-6.78875,"0,28",11,0,0,-3,"48,9044","3,402823466385289e+38","-3,9062"
2026 02 19 09:31:44:999,-3.9675,-6.78875,"0,28",11,0,0,-3,"48,9044","3,402823466385289e+38",0
2026 02 19 09:31:45:001,-3.9675,-6.78875,"0,28",11,0,0,-3,"48,9044","3,402823466385289e+38","3,9063"
2026 02 19 09:31:45:003,-3.9675,-6.78875,"0,28",11,0,0,-3,"48,9044","3,402823466385289e+38","19,5313"
2026 02 19 09:31:45:005,-3.9675,-6.78875,"0,28",11,0,0,-3,"48,9044","3,402823466385289e+38","7,8125"
2026 02 19 09:31:45:007,-3.9675,-6.87625,"0,28",11,0,0,-3,"48,9044","3,402823466385289e+38","-3,9062"
2026 02 19 09:31:45:009,-3.9675,-6.78875,"0,28",11,0,0,-3,"48,9044","3,402823466385289e+38","-23,4375"
2026 02 19 09:31:45:011,-3.9985,-6.78875,"0,28",11,0,0,-3,"48,9044","3,402823466385289e+38","-27,3437"
2026 02 19 09:31:45:013,-3.9675,-6.78875,"0,28",11,0,0,-3,"48,9044","3,402823466385289e+38",0
2026 02 19 09:31:45:015,-3.9675,-6.78875,"0,28",11,0,0,-3,"48,9044","3,402823466385289e+38",0
2026 02 19 09:31:45:017,-3.9985,-6.78875,"0,28",11,0,0,-3,"48,9044","3,402823466385289e+38",0
2026 02 19 09:31:45:019,-3.9985,-6.78875,"0,28",11,0,0,-3,"48,9044","3,402823466385289e+38",0
2026 02 19 09:31:45:021,-3.9985,-6.78875,"0,28",11,0,0,-3,"48,9044","3,402823466385289e+38","7,8125"
2026 02 19 09:31:45:023,-3.9675,-6.78875,"0,28",11,0,0,-3,"48,9044","3,402823466385289e+38","15,625"
2026 02 19 09:31:45:025,-3.9334,-6.78875,"0,28",11,0,0,-3,"48,9044","3,402823466385289e+38","7,8125"
2026 02 19 09:31:45:027,-3.9675,-6.78875,"0,28",11,0,0,-3,"48,9044","3,402823466385289e+38","-7,8125"
2026 02 19 09:31:45:029,-3.9334,-6.78875,"0,28",11,0,0,-3,"48,9044","3,402823466385289e+38","-23,4375"
2026 02 19 09:31:45:031,-3.9985,-6.78875,"0,28",11,0,0,-3,"48,9044","3,402823466385289e+38","-23,4375"
2026 02 19 09:31:45:033,-3.9675,-6.78875,"0,28",11,0,0,-3,"48,9044","3,402823466385289e+38",0
2026 02 19 09:31:45:035,-3.9675,-6.78875,"0,28",11,0,0,-3,"48,9044","3,402823466385289e+38",0
2026 02 19 09:31:45:037,-3.9675,-6.87625,"0,28",11,0,0,-3,"48,9044","3,402823466385289e+38",0
2026 02 19 09:31:45:039,-3.9675,-6.70125,"0,28",11,0,0,-3,"48,9044","3,402823466385289e+38",0
2026 02 19 09:31:45:041,-3.9675,-6.78875,"0,28",11,0,0,-3,"48,9044","3,402823466385289e+38","7,8125"
2026 02 19 09:31:45:043,-3.9675,-6.87625,"0,28",11,0,0,-3,"48,9044","3,402823466385289e+38","19,5313"
2026 02 19 09:31:45:045,-3.9675,-6.78875,"0,28",11,0,0,-3,"48,9044","3,402823466385289e+38","11,7188"
2026 02 19 09:31:45:047,-3.9675,-6.78875,"0,28",11,0,0,-3,"48,9044","3,402823466385289e+38","-3,9062"
2026 02 19 09:31:45:049,-3.9675,-6.78875,"0,28",11,0,0,-3,"48,9044","3,402823466385289e+38","-27,3437"
2026 02 19 09:31:45:051,-3.9675,-6.78875,"0,28",11,0,0,-3,"48,9044","3,402823466385289e+38","-23,4375"
2026 02 19 09:31:45:053,-3.9334,-6.78875,"0,28",11,0,0,-3,"48,9044","3,402823466385289e+38",0
2026 02 19 09:31:45:055,-3.9675,-6.78875,"0,28",11,0,0,-3,"48,9044","3,402823466385289e+38",0
2026 02 19 09:31:45:057,-3.9985,-6.87625,"0,28",11,0,0,-3,"48,9044","3,402823466385289e+38",0
2026 02 19 09:31:45:059,-3.9675,-6.70125,"0,28",11,0,0,-3,"48,9044","3,402823466385289e+38",0
2026 02 19 09:31:45:061,-3.9334,-6.78875,"0,28",11,0,0,-3,"48,9044","3,402823466385289e+38","7,8125"
2026 02 19 09:31:45:063,-3.9985,-6.87625,"0,28",11,0,0,-3,"48,9044","3,402823466385289e+38","15,625"
2026 02 19 09:31:45:065,-3.9675,-6.78875,"0,28",11,0,0,-3,"48,9044","3,402823466385289e+38","11,7188"
2026 02 19 09:31:45:067,-3.9675,-6.78875,"0,28",11,0,0,-3,"48,9044","3,402823466385289e+38","-7,8125"
2026 02 19 09:31:45:069,-3.9675,-6.87625,"0,28",11,0,0,-3,"48,9044","3,402823466385289e+38","-23,4375"
2026 02 19 09:31:45:071,-3.9675,-6.87625,"0,28",11,0,0,-3,"48,9044","3,402823466385289e+38","-11,7187"
2026 02 19 09:31:45:073,-3.9675,-6.87625,"0,28",11,0,0,-3,"48,9044","3,402823466385289e+38",0
2026 02 19 09:31:45:075,-3.9675,-6.87625,"0,28",11,0,0,-3,"48,9044","3,402823466385289e+38",0
2026 02 19 09:31:45:077,-3.9675,-6.78875,"0,28",11,0,0,-3,"48,9044","3,402823466385289e+38",0
2026 02 19 09:31:45:079,-3.9675,-6.87625,"0,28",11,0,0,-3,"48,9044","3,402823466385289e+38",0
2026 02 19 09:31:45:081,-3.9675,-6.78875,"0,28",11,0,0,-3,"48,9044","3,402823466385289e+38","3,9063"
2026 02 19 09:31:45:083,-3.9675,-6.78875,"0,28",11,0,0,-3,"48,9044","3,402823466385289e+38","19,5313"
2026 02 19 09:31:45:085,-3.9985,-6.87625,"0,28",11,0,0,-3,"48,9044","3,402823466385289e+38","11,7188"
2026 02 19 09:31:45:087,-3.9985,-6.78875,"0,28",11,0,0,-3,"48,9044","3,402823466385289e+38","-3,9062"
2026 02 19 09:31:45:089,-3.9985,-6.78875,"0,28",11,0,0,-3,"48,9044","3,402823466385289e+38","-27,3437"
2026 02 19 09:31:45:091,-3.9675,-6.78875,"0,28",11,0,0,-3,"48,8586","3,402823466385289e+38","-23,4375"
2026 02 19 09:31:45:093,-3.9985,-6.78875,"0,28",11,0,0,-3,"48,8586","3,402823466385289e+38",0
2026 02 19 09:31:45:095,-3.9675,-6.78875,"0,28",11,0,0,-3,"48,8586","3,402823466385289e+38",0
2026 02 19 09:31:45:097,-3.9675,-6.78875,"0,28",11,0,0,-3,"48,8586","3,402823466385289e+38",0
2026 02 19 09:31:45:099,-3.9985,-6.78875,"0,28",11,0,0,-3,"48,8586","3,402823466385289e+38",0
2026 02 19 09:31:45:101,-3.9675,-6.87625,"0,28",11,0,0,-3,"48,8586","3,402823466385289e+38","7,8125"
2026 02 19 09:31:45:103,-3.9675,-6.78875,"0,28",11,0,0,-3,"48,8586","3,402823466385289e+38","19,5313"
2026 02 19 09:31:45:105,-3.9675,-6.78875,"0,28",11,0,0,-3,"48,8586","3,402823466385289e+38","11,7188"
2026 02 19 09:31:45:107,-3.9675,-6.78875,"0,28",11,0,0,-3,"48,8586","3,402823466385289e+38","-3,9062"
2026 02 19 09:31:45:109,-3.9675,-6.87625,"0,28",11,0,0,-3,"48,8586","3,402823466385289e+38","-23,4375"
2026 02 19 09:31:45:111,-3.9675,-6.78875,"0,28",11,0,0,-3,"48,8586","3,402823466385289e+38","-23,4375"
2026 02 19 09:31:45:113,-3.9675,-6.78875,"0,28",11,0,0,-3,"48,8586","3,402823466385289e+38",0
2026 02 19 09:31:45:115,-3.9334,-6.87625,"0,28",11,0,0,-3,"48,8586","3,402823466385289e+38",0
2026 02 19 09:31:45:117,-3.9985,-6.87625,"0,28",11,0,0,-3,"48,8586","3,402823466385289e+38",0
2026 02 19 09:31:45:119,-3.9675,-6.78875,"0,28",11,0,0,-3,"48,8586","3,402823466385289e+38","3,9063"
2026 02 19 09:31:45:121,-3.9675,-6.78875,"0,28",11,0,0,-3,"48,8586","3,402823466385289e+38","3,9063"
2026 02 19 09:31:45:123,-3.9675,-6.87625,"0,28",11,0,0,-3,"48,8586","3,402823466385289e+38","23,4375"
2026 02 19 09:31:45:125,-3.9675,-6.78875,"0,28",11,0,0,-3,"48,8586","3,402823466385289e+38","7,8125"
2026 02 19 09:31:45:127,-3.9675,-6.87625,"0,28",11,0,0,-3,"48,8586","3,402823466385289e+38","-3,9062"
2026 02 19 09:31:45:129,-3.9985,-6.78875,"0,28",11,0,0,-3,"48,8586","3,402823466385289e+38","-27,3437"
2026 02 19 09:31:45:131,-3.9675,-6.78875,"0,28",11,0,0,-3,"48,8586","3,402823466385289e+38","-23,4375"
2026 02 19 09:31:45:133,-3.9675,-6.70125,"0,28",11,0,0,-3,"48,8586","3,402823466385289e+38",0
2026 02 19 09:31:45:135,-3.9334,-6.78875,"0,28",11,0,0,-3,"48,8586","3,402823466385289e+38","3,9063"
2026 02 19 09:31:45:137,-3.9985,-6.78875,"0,28",11,0,0,-3,"48,8586","3,402823466385289e+38",0
2026 02 19 09:31:45:139,-3.9675,-6.78875,"0,28",11,0,0,-3,"48,8586","3,402823466385289e+38",0
2026 02 19 09:31:45:141,-3.9675,-6.87625,"0,28",11,0,0,-3,"48,8586","3,402823466385289e+38","3,9063"
2026 02 19 09:31:45:143,-3.9985,-6.87625,"0,28",11,0,0,-3,"48,8586","3,402823466385289e+38","19,5313"
2026 02 19 09:31:45:145,-3.9675,-6.78875,"0,28",11,0,0,-3,"48,8586","3,402823466385289e+38","11,7188"
2026 02 19 09:31:45:147,-3.9675,-6.87625,"0,28",11,0,0,-3,"48,8586","3,402823466385289e+38","-7,8125"
2026 02 19 09:31:45:149,-3.9675,-6.87625,"0,28",11,0,0,-3,"48,8586","3,402823466385289e+38","-19,5312"
2026 02 19 09:31:45:151,-3.9675,-6.78875,"0,28",11,0,0,-3,"48,8586","3,402823466385289e+38","-23,4375"
2026 02 19 09:31:45:153,-3.9675,-6.87625,"0,28",11,0,0,-3,"48,8586","3,402823466385289e+38",0
2026 02 19 09:31:45:155,-3.9675,-6.78875,"0,28",11,0,0,-3,"48,8586","3,402823466385289e+38",0
2026 02 19 09:31:45:157,-3.9675,-6.78875,"0,28",11,0,0,-3,"48,8586","3,402823466385289e+38",0
2026 02 19 09:31:45:159,-3.9675,-6.78875,"0,28",11,0,0,-3,"48,8586","3,402823466385289e+38",0
2026 02 19 09:31:45:161,-3.9334,-6.78875,"0,28",11,0,0,-3,"48,8586","3,402823466385289e+38",0
2026 02 19 09:31:45:163,-3.9675,-6.78875,"0,28",11,0,0,-3,"48,8586","3,402823466385289e+38","19,5313"
2026 02 19 09:31:45:165,-3.9675,-6.87625,"0,28",11,0,0,-3,"48,8586","3,402823466385289e+38","11,7188"
2026 02 19 09:31:45:167,-3.9675,-6.78875,"0,28",11,0,0,-3,"48,8586","3,402823466385289e+38","-3,9062"
2026 02 19 09:31:45:169,-3.9675,-6.78875,"0,28",11,0,0,-3,"48,8586","3,402823466385289e+38","-23,4375"
2026 02 19 09:31:45:171,-3.9675,-6.78875,"0,28",11,0,0,-3,"48,8586","3,402823466385289e+38","-19,5312"
2026 02 19 09:31:45:173,-3.9675,-6.78875,"0,28",11,0,0,-3,"48,8586","3,402823466385289e+38",0
2026 02 19 09:31:45:175,-3.9675,-6.70125,"0,28",11,0,0,-3,"48,8586","3,402823466385289e+38",0
2026 02 19 09:31:45:177,-3.9675,-6.78875,"0,28",11,0,0,-3,"48,8586","3,402823466385289e+38",0
2026 02 19 09:31:45:179,-3.9675,-6.78875,"0,28",11,0,0,-3,"48,8586","3,402823466385289e+38",0
2026 02 19 09:31:45:181,-3.9675,-6.78875,"0,28",11,0,0,-3,"48,8586","3,402823466385289e+38","3,9063"
2026 02 19 09:31:45:183,-3.9675,-6.78875,"0,28",11,0,0,-3,"48,8586","3,402823466385289e+38","15,625"
2026 02 19 09:31:45:185,-3.9675,-6.78875,"0,28",11,0,0,-3,"48,8586","3,402823466385289e+38","7,8125"
2026 02 19 09:31:45:187,-3.9675,-6.78875,"0,28",11,0,0,-3,"48,8586","3,402823466385289e+38","-3,9062"
2026 02 19 09:31:45:189,-3.9675,-6.70125,"0,28",11,0,0,-3,"48,8586","3,402823466385289e+38","-23,4375"
2026 02 19 09:31:45:191,-3.9675,-6.78875,"0,28",11,0,0,-3,"48,8586","3,402823466385289e+38","-23,4375"
2026 02 19 09:31:45:193,-3.9675,-6.78875,"0,28",11,0,0,-3,"48,8586","3,402823466385289e+38","-3,9062"
2026 02 19 09:31:45:195,-3.9675,-6.70125,"0,28",11,0,0,-3,"48,8586","3,402823466385289e+38",0
2026 02 19 09:31:45:197,-3.9334,-6.78875,"0,28",11,0,0,-3,"48,8586","3,402823466385289e+38",0
2026 02 19 09:31:45:199,-3.9675,-6.78875,"0,28",11,0,0,-3,"48,8586","3,402823466385289e+38",0
2026 02 19 09:31:45:201,-3.9675,-6.78875,"0,28",11,0,0,-3,"48,8586","3,402823466385289e+38","3,9063"
2026 02 19 09:31:45:203,-3.9675,-6.87625,"0,28",11,0,0,-3,"48,8586","3,402823466385289e+38","19,5313"
2026 02 19 09:31:45:205,-3.9675,-6.78875,"0,28",11,0,0,-3,"48,8586","3,402823466385289e+38","7,8125"
2026 02 19 09:31:45:207,-3.9675,-6.78875,"0,28",11,0,0,-3,"48,8586","3,402823466385289e+38","-7,8125"
2026 02 19 09:31:45:209,-3.9675,-6.78875,"0,28",11,0,0,-3,"48,8586","3,402823466385289e+38","-27,3437"
2026 02 19 09:31:45:211,-3.9675,-6.87625,"0,28",11,0,0,-3,"48,8586","3,402823466385289e+38","-23,4375"
2026 02 19 09:31:45:213,-3.9985,-6.87625,"0,28",11,0,0,-3,"48,8586","3,402823466385289e+38",0
2026 02 19 09:31:45:215,-3.9675,-6.87625,"0,28",11,0,0,-3,"48,8586","3,402823466385289e+38",0
2026 02 19 09:31:45:217,-3.9675,-6.78875,"0,28",11,0,0,-3,"48,8586","3,402823466385289e+38",0
2026 02 19 09:31:45:219,-3.9985,-6.78875,"0,28",11,0,0,-3,"48,8586","3,402823466385289e+38",0
2026 02 19 09:31:45:221,-3.9675,-6.87625,"0,28",11,0,0,-3,"48,8586","3,402823466385289e+38",0
2026 02 19 09:31:45:223,-3.9675,-6.78875,"0,28",11,0,0,-3,"48,8586","3,402823466385289e+38","15,625"
2026 02 19 09:31:45:225,-3.9675,-6.70125,"0,28",11,0,0,-3,"48,8586","3,402823466385289e+38","11,7188"
2026 02 19 09:31:45:227,-3.9675,-6.78875,"0,28",11,0,0,-3,"48,8586","3,402823466385289e+38","-3,9062"
2026 02 19 09:31:45:229,-3.9675,-6.78875,"0,28",11,0,0,-3,"48,8586","3,402823466385289e+38","-23,4375"
2026 02 19 09:31:45:231,-3.9334,-6.78875,"0,28",11,0,0,-3,"48,8586","3,402823466385289e+38","-15,625"
2026 02 19 09:31:45:233,-3.9334,-6.70125,"0,28",11,0,0,-3,"48,8586","3,402823466385289e+38",0
2026 02 19 09:31:45:235,-3.9675,-6.78875,"0,28",11,0,0,-3,"48,8586","3,402823466385289e+38","-3,9062"
2026 02 19 09:31:45:237,-3.9675,-6.87625,"0,28",11,0,0,-3,"48,8586","3,402823466385289e+38",0
2026 02 19 09:31:45:239,-3.9334,-6.87625,"0,28",11,0,0,-3,"48,8586","3,402823466385289e+38",0
2026 02 19 09:31:45:241,-3.9334,-6.78875,"0,28",11,0,0,-3,"48,8586","3,402823466385289e+38","3,9063"
2026 02 19 09:31:45:243,-3.9334,-6.78875,"0,28",11,0,0,-3,"48,8586","3,402823466385289e+38","19,5313"
2026 02 19 09:31:45:245,-3.9985,-6.78875,"0,28",11,0,0,-3,"48,8586","3,402823466385289e+38","7,8125"
2026 02 19 09:31:45:247,-3.9985,-6.78875,"0,28",11,0,0,-3,"48,8586","3,402823466385289e+38","-7,8125"
2026 02 19 09:31:45:249,-3.9675,-6.70125,"0,28",11,0,0,-3,"48,8586","3,402823466385289e+38","-31,25"
2026 02 19 09:31:45:251,-3.9985,-6.87625,"0,28",11,0,0,-3,"48,8586","3,402823466385289e+38","-23,4375"
2026 02 19 09:31:45:253,-3.9675,-6.78875,"0,28",11,0,0,-3,"48,8586","3,402823466385289e+38",0
2026 02 19 09:31:45:255,-3.9675,-6.87625,"0,28",11,0,0,-3,"48,8586","3,402823466385289e+38",0
2026 02 19 09:31:45:257,-3.9334,-6.78875,"0,28",11,0,0,-3,"48,8586","3,402823466385289e+38",0
2026 02 19 09:31:45:259,-3.9675,-6.9725,"0,28",11,0,0,-3,"48,8586","3,402823466385289e+38",0
2026 02 19 09:31:45:261,-3.9675,-6.78875,"0,28",11,0,0,-3,"48,8586","3,402823466385289e+38",0
2026 02 19 09:31:45:263,-3.9675,-6.78875,"0,28",11,0,0,-3,"48,8586","3,402823466385289e+38","15,625"
2026 02 19 09:31:45:265,-3.9675,-6.78875,"0,28",11,0,0,-3,"48,8586","3,402823466385289e+38","7,8125"
2026 02 19 09:31:45:267,-3.9675,-6.87625,"0,28",11,0,0,-3,"48,8586","3,402823466385289e+38","-3,9062"
2026 02 19 09:31:45:269,-3.9985,-6.78875,"0,28",11,0,0,-3,"48,8586","3,402823466385289e+38","-23,4375"
2026 02 19 09:31:45:271,-3.9675,-6.87625,"0,28",11,0,0,-3,"48,8586","3,402823466385289e+38","-19,5312"
2026 02 19 09:31:45:273,-3.9985,-6.78875,"0,28",11,0,0,-3,"48,8586","3,402823466385289e+38",0
2026 02 19 09:31:45:275,-3.9675,-6.87625,"0,28",11,0,0,-3,"48,8586","3,402823466385289e+38",0
2026 02 19 09:31:45:277,-3.9675,-6.87625,"0,28",11,0,0,-3,"48,8586","3,402823466385289e+38","-3,9062"
2026 02 19 09:31:45:279,-3.9985,-6.78875,"0,28",11,0,0,-3,"48,8586","3,402823466385289e+38",0
2026 02 19 09:31:45:281,-3.9675,-6.78875,"0,28",11,0,0,-3,"48,8586","3,402823466385289e+38","-3,9062"
2026 02 19 09:31:45:283,-3.9985,-6.70125,"0,28",11,0,0,-3,"48,8586","3,402823466385289e+38","19,5313"
2026 02 19 09:31:45:285,-3.9675,-6.78875,"0,28",11,0,0,-3,"48,8586","3,402823466385289e+38","7,8125"
2026 02 19 09:31:45:287,-3.9985,-6.78875,"0,28",11,0,0,-3,"48,8586","3,402823466385289e+38","-11,7187"
2026 02 19 09:31:45:289,-3.9675,-6.87625,"0,28",11,0,0,-3,"48,8586","3,402823466385289e+38","-27,3437"
2026 02 19 09:31:45:291,-3.9675,-6.78875,"0,28",11,0,0,-3,"48,8586","3,402823466385289e+38","-19,5312"
2026 02 19 09:31:45:293,-3.9334,-6.78875,"0,28",11,0,0,-3,"48,8586","3,402823466385289e+38",0
2026 02 19 09:31:45:295,-3.9334,-6.87625,"0,28",11,0,0,-3,"48,8586","3,402823466385289e+38",0
2026 02 19 09:31:45:297,-3.9675,-6.78875,"0,28",11,0,0,-3,"48,8586","3,402823466385289e+38",0
2026 02 19 09:31:45:299,-3.9985,-6.78875,"0,28",11,0,0,-3,"48,8586","3,402823466385289e+38",0
2026 02 19 09:31:45:301,-3.9675,-6.78875,"0,28",11,0,0,-3,"48,8586","3,402823466385289e+38","3,9063"
2026 02 19 09:31:45:303,-3.9675,-6.78875,"0,28",11,0,0,-3,"48,8586","3,402823466385289e+38","19,5313"
2026 02 19 09:31:45:305,-3.9675,-6.78875,"0,28",11,0,0,-3,"48,8586","3,402823466385289e+38","11,7188"
2026 02 19 09:31:45:307,-3.9675,-6.87625,"0,28",11,0,0,-3,"48,8586","3,402823466385289e+38","-3,9062"
2026 02 19 09:31:45:309,-3.9675,-6.78875,"0,28",11,0,0,-3,"48,8586","3,402823466385289e+38","-23,4375"
2026 02 19 09:31:45:311,-3.9675,-6.78875,"0,28",11,0,0,-3,"48,8586","3,402823466385289e+38","-11,7187"
2026 02 19 09:31:45:313,-3.9334,-6.78875,"0,28",11,0,0,-3,"48,8586","3,402823466385289e+38",0
2026 02 19 09:31:45:315,-3.9675,-6.87625,"0,28",11,0,0,-3,"48,8586","3,402823466385289e+38",0
2026 02 19 09:31:45:317,-3.9675,-6.87625,"0,28",11,0,0,-3,"48,8586","3,402823466385289e+38",0
2026 02 19 09:31:45:319,-3.9675,-6.78875,"0,28",11,0,0,-3,"48,8586","3,402823466385289e+38","3,9063"
2026 02 19 09:31:45:321,-3.9985,-6.78875,"0,28",11,0,0,-3,"48,8586","3,402823466385289e+38",0
2026 02 19 09:31:45:323,-3.9675,-6.70125,"0,28",11,0,0,-3,"48,8586","3,402823466385289e+38","15,625"
2026 02 19 09:31:45:325,-3.9675,-6.78875,"0,28",11,0,0,-3,"48,8586","3,402823466385289e+38","7,8125"
2026 02 19 09:31:45:327,-3.9334,-6.78875,"0,28",11,0,0,-3,"48,8586","3,402823466385289e+38","-7,8125"
2026 02 19 09:31:45:329,-3.9675,-6.70125,"0,28",11,0,0,-3,"48,8586","3,402823466385289e+38","-27,3437"
2026 02 19 09:31:45:331,-3.9675,-6.78875,"0,28",11,0,0,-3,"48,8586","3,402823466385289e+38","-15,625"
2026 02 19 09:31:45:333,-3.9675,-6.78875,"0,28",11,0,0,-3,"48,8586","3,402823466385289e+38",0
2026 02 19 09:31:45:335,-3.9675,-6.78875,"0,28",11,0,0,-3,"48,8586","3,402823466385289e+38",0
2026 02 19 09:31:45:337,-3.9675,-6.78875,"0,28",11,0,0,-3,"48,8586","3,402823466385289e+38",0
2026 02 19 09:31:45:339,-3.9985,-6.78875,"0,28",11,0,0,-3,"48,8586","3,402823466385289e+38",0
2026 02 19 09:31:45:341,-3.9675,-6.78875,"0,28",11,0,0,-3,"48,8586","3,402823466385289e+38","-3,9062"
2026 02 19 09:31:45:343,-3.9985,-6.87625,"0,28",11,0,0,-3,"48,8586","3,402823466385289e+38","19,5313"
2026 02 19 09:31:45:345,-3.9675,-6.78875,"0,28",11,0,0,-3,"48,8586","3,402823466385289e+38","7,8125"
2026 02 19 09:31:45:347,-3.9675,-6.78875,"0,28",11,0,0,-3,"48,8586","3,402823466385289e+38","-3,9062"
2026 02 19 09:31:45:349,-3.9985,-6.78875,"0,28",11,0,0,-3,"48,8586","3,402823466385289e+38","-19,5312"
2026 02 19 09:31:45:351,-3.9675,-6.78875,"0,28",11,0,0,-3,"48,8586","3,402823466385289e+38","-15,625"
2026 02 19 09:31:45:353,-3.9985,-6.78875,"0,28",11,0,0,-3,"48,8586","3,402823466385289e+38","-3,9062"
2026 02 19 09:31:45:355,-3.9334,-6.78875,"0,28",11,0,0,-3,"48,8586","3,402823466385289e+38","3,9063"
2026 02 19 09:31:45:357,-3.9675,-6.87625,"0,28",11,0,0,-3,"48,8586","3,402823466385289e+38",0
2026 02 19 09:31:45:359,-3.9334,-6.78875,"0,28",11,0,0,-3,"48,8586","3,402823466385289e+38",0
2026 02 19 09:31:45:361,-3.9675,-6.78875,"0,28",11,0,0,-3,"48,8586","3,402823466385289e+38",0
2026 02 19 09:31:45:363,-3.9985,-6.87625,"0,28",11,0,0,-3,"48,8586","3,402823466385289e+38","19,5313"
2026 02 19 09:31:45:365,-3.9675,-6.78875,"0,28",11,0,0,-3,"48,8586","3,402823466385289e+38","11,7188"
2026 02 19 09:31:45:367,-3.9675,-6.87625,"0,28",11,0,0,-3,"48,8586","3,402823466385289e+38","-7,8125"
2026 02 19 09:31:45:369,-3.9675,-6.78875,"0,28",11,0,0,-3,"48,8586","3,402823466385289e+38","-27,3437"
2026 02 19 09:31:45:371,-3.9675,-6.78875,"0,28",11,0,0,-3,"48,8586","3,402823466385289e+38","-15,625"
2026 02 19 09:31:45:373,-3.9334,-6.78875,"0,28",11,0,0,-3,"48,8586","3,402823466385289e+38","-3,9062"
2026 02 19 09:31:45:375,-3.9675,-6.78875,"0,28",11,0,0,-3,"48,8586","3,402823466385289e+38",0
2026 02 19 09:31:45:377,-3.9675,-6.78875,"0,28",11,0,0,-3,"48,8586","3,402823466385289e+38",0
2026 02 19 09:31:45:379,-3.9675,-6.87625,"0,28",11,0,0,-3,"48,8586","3,402823466385289e+38",0
2026 02 19 09:31:45:381,-3.9675,-6.78875,"0,28",11,0,0,-3,"48,8586","3,402823466385289e+38",0
2026 02 19 09:31:45:383,-3.9985,-6.78875,"0,28",11,0,0,-3,"48,8586","3,402823466385289e+38","23,4375"
2026 02 19 09:31:45:385,-3.9675,-6.78875,"0,28",11,0,0,-3,"48,8586","3,402823466385289e+38","7,8125"
2026 02 19 09:31:45:387,-3.9675,-6.78875,"0,28",11,0,0,-3,"48,8586","3,402823466385289e+38","-3,9062"
2026 02 19 09:31:45:389,-3.9675,-6.70125,"0,28",11,0,0,-3,"49,7284","3,402823466385289e+38","-23,4375"
2026 02 19 09:31:45:391,-3.9675,-6.70125,"0,28",11,0,0,-3,"49,7284","3,402823466385289e+38","-3,9062"
2026 02 19 09:31:45:393,-3.9675,-6.78875,"0,28",11,0,0,-3,"49,7284","3,402823466385289e+38",0
2026 02 19 09:31:45:395,-3.9675,-6.78875,"0,28",11,0,0,-3,"49,7284","3,402823466385289e+38","3,9063"
2026 02 19 09:31:45:397,-3.9675,-6.78875,"0,28",11,0,0,-3,"49,7284","3,402823466385289e+38",0
2026 02 19 09:31:45:399,-3.9985,-6.78875,"0,28",11,0,0,-3,"49,7284","3,402823466385289e+38",0
2026 02 19 09:31:45:401,-3.9675,-6.78875,"0,28",11,0,0,-3,"49,7284","3,402823466385289e+38",0
2026 02 19 09:31:45:403,-3.9675,-6.78875,"0,28",11,0,0,-3,"49,7284","3,402823466385289e+38","23,4375"
2026 02 19 09:31:45:405,-3.9985,-6.70125,"0,28",11,0,0,-3,"49,7284","3,402823466385289e+38","11,7188"
2026 02 19 09:31:45:407,-3.9675,-6.78875,"0,28",11,0,0,-3,"49,7284","3,402823466385289e+38","-7,8125"
2026 02 19 09:31:45:409,-3.9675,-6.78875,"0,28",11,0,0,-3,"49,7284","3,402823466385289e+38","-23,4375"
2026 02 19 09:31:45:411,-3.9675,-6.78875,"0,28",11,0,0,-3,"49,7284","3,402823466385289e+38","-15,625"
2026 02 19 09:31:45:413,-3.9675,-6.78875,"0,28",11,0,0,-3,"49,7284","3,402823466385289e+38",0
2026 02 19 09:31:45:415,-3.9675,-6.87625,"0,28",11,0,0,-3,"49,7284","3,402823466385289e+38",0
2026 02 19 09:31:45:417,-3.9334,-6.78875,"0,28",11,0,0,-3,"49,7284","3,402823466385289e+38",0
2026 02 19 09:31:45:419,-3.9985,-6.78875,"0,28",11,0,0,-3,"49,7284","3,402823466385289e+38","3,9063"
2026 02 19 09:31:45:421,-3.9675,-6.78875,"0,28",11,0,0,-3,"49,7284","3,402823466385289e+38",0
2026 02 19 09:31:45:423,-3.9675,-6.87625,"0,28",11,0,0,-3,"49,7284","3,402823466385289e+38","23,4375"
2026 02 19 09:31:45:425,-3.9675,-6.87625,"0,28",11,0,0,-3,"49,7284","3,402823466385289e+38","11,7188"
2026 02 19 09:31:45:427,-3.9675,-6.78875,"0,28",11,0,0,-3,"49,7284","3,402823466385289e+38","-3,9062"
2026 02 19 09:31:45:429,-3.9675,-6.78875,"0,28",11,0,0,-3,"49,7284","3,402823466385289e+38","-19,5312"
2026 02 19 09:31:45:431,-3.9675,-6.78875,"0,28",11,0,0,-3,"49,7284","3,402823466385289e+38","-3,9062"
2026 02 19 09:31:45:433,-3.9675,-6.78875,"0,28",11,0,0,-3,"49,7284","3,402823466385289e+38",0
2026 02 19 09:31:45:435,-3.9675,-6.78875,"0,28",11,0,0,-3,"49,7284","3,402823466385289e+38",0
2026 02 19 09:31:45:437,-3.9985,-6.78875,"0,28",11,0,0,-3,"49,7284","3,402823466385289e+38",0
2026 02 19 09:31:45:439,-3.9334,-6.78875,"0,28",11,0,0,-3,"49,7284","3,402823466385289e+38",0
2026 02 19 09:31:45:441,-3.9985,-6.78875,"0,28",11,0,0,-3,"49,7284","3,402823466385289e+38","-3,9062"
2026 02 19 09:31:45:443,-3.9675,-6.70125,"0,28",11,0,0,-3,"49,7284","3,402823466385289e+38","23,4375"
2026 02 19 09:31:45:445,-3.9675,-6.87625,"0,28",11,0,0,-3,"49,7284","3,402823466385289e+38","7,8125"
2026 02 19 09:31:45:447,-3.9675,-6.78875,"0,28",11,0,0,-3,"49,7284","3,402823466385289e+38","-3,9062"
2026 02 19 09:31:45:449,-3.9675,-6.78875,"0,28",11,0,0,-3,"49,7284","3,402823466385289e+38","-23,4375"
2026 02 19 09:31:45:451,-3.9675,-6.78875,"0,28",11,0,0,-3,"49,7284","3,402823466385289e+38","-15,625"
2026 02 19 09:31:45:453,-3.9675,-6.87625,"0,28",11,0,0,-3,"49,7284","3,402823466385289e+38",0
2026 02 19 09:31:45:455,-3.9675,-6.87625,"0,28",11,0,0,-3,"49,7284","3,402823466385289e+38",0
2026 02 19 09:31:45:457,-3.9985,-6.78875,"0,28",11,0,0,-3,"49,7284","3,402823466385289e+38","-3,9062"
2026 02 19 09:31:45:459,-3.9985,-6.78875,"0,28",11,0,0,-3,"49,7284","3,402823466385289e+38","3,9063"
2026 02 19 09:31:45:461,-3.9675,-6.87625,"0,28",11,0,0,-3,"49,7284","3,402823466385289e+38",0
2026 02 19 09:31:45:463,-3.9985,-6.78875,"0,28",11,0,0,-3,"49,7284","3,402823466385289e+38","23,4375"
2026 02 19 09:31:45:465,-3.9675,-6.70125,"0,28",11,0,0,-3,"49,7284","3,402823466385289e+38","11,7188"
2026 02 19 09:31:45:467,-3.9675,-6.87625,"0,28",11,0,0,-3,"49,7284","3,402823466385289e+38",0
2026 02 19 09:31:45:469,-3.9675,-6.87625,"0,28",11,0,0,-3,"49,7284","3,402823466385289e+38","-23,4375"
2026 02 19 09:31:45:471,-3.9675,-6.78875,"0,28",11,0,0,-3,"49,7284","3,402823466385289e+38","-15,625"
2026 02 19 09:31:45:473,-3.9334,-6.78875,"0,28",11,0,0,-3,"49,7284","3,402823466385289e+38",0
2026 02 19 09:31:45:475,-3.9675,-6.78875,"0,28",11,0,0,-3,"49,7284","3,402823466385289e+38",0
2026 02 19 09:31:45:477,-3.9675,-6.70125,"0,28",11,0,0,-3,"49,7284","3,402823466385289e+38",0
2026 02 19 09:31:45:479,-3.9334,-6.70125,"0,28",11,0,0,-3,"49,7284","3,402823466385289e+38",0
2026 02 19 09:31:45:481,-3.9675,-6.78875,"0,28",11,0,0,-3,"49,7284","3,402823466385289e+38",0
2026 02 19 09:31:45:483,-3.9675,-6.87625,"0,28",11,0,0,-3,"49,7284","3,402823466385289e+38","19,5313"
2026 02 19 09:31:45:485,-3.9675,-6.78875,"0,28",11,0,0,-3,"49,7284","3,402823466385289e+38","7,8125"
2026 02 19 09:31:45:487,-3.9334,-6.78875,"0,28",11,0,0,-3,"49,7284","3,402823466385289e+38","-7,8125"
2026 02 19 09:31:45:489,-3.9985,-6.78875,"0,28",11,0,0,-3,"49,7284","3,402823466385289e+38","-23,4375"
2026 02 19 09:31:45:491,-3.9675,-6.78875,"0,28",11,0,0,-3,"49,7284","3,402823466385289e+38","-11,7187"
2026 02 19 09:31:45:493,-3.9334,-6.78875,"0,28",11,0,0,-3,"49,7284","3,402823466385289e+38","-3,9062"
2026 02 19 09:31:45:495,-3.9675,-6.78875,"0,28",11,0,0,-3,"49,7284","3,402823466385289e+38",0
2026 02 19 09:31:45:497,-3.9675,-6.78875,"0,28",11,0,0,-3,"49,7284","3,402823466385289e+38",0
2026 02 19 09:31:45:499,-3.9675,-6.70125,"0,28",11,0,0,-3,"49,7284","3,402823466385289e+38","3,9063"
2026 02 19 09:31:45:501,-3.9675,-6.78875,"0,28",11,0,0,-3,"49,7284","3,402823466385289e+38",0
2026 02 19 09:31:45:503,-3.9985,-6.78875,"0,28",11,0,0,-3,"49,7284","3,402823466385289e+38","23,4375"
2026 02 19 09:31:45:505,-3.9675,-6.70125,"0,28",11,0,0,-3,"49,7284","3,402823466385289e+38","7,8125"
2026 02 19 09:31:45:507,-3.9675,-6.87625,"0,28",11,0,0,-3,"49,7284","3,402823466385289e+38",0
2026 02 19 09:31:45:509,-3.9985,-6.87625,"0,28",11,0,0,-3,"49,7284","3,402823466385289e+38","-27,3437"
2026 02 19 09:31:45:511,-3.9985,-6.87625,"0,28",11,0,0,-3,"49,7284","3,402823466385289e+38","-15,625"
2026 02 19 09:31:45:513,-3.9985,-6.78875,"0,28",11,0,0,-3,"49,7284","3,402823466385289e+38",0
2026 02 19 09:31:45:515,-3.9675,-6.78875,"0,28",11,0,0,-3,"49,7284","3,402823466385289e+38",0
2026 02 19 09:31:45:517,-3.9675,-6.78875,"0,28",11,0,0,-3,"49,7284","3,402823466385289e+38",0
2026 02 19 09:31:45:519,-3.9334,-6.87625,"0,28",11,0,0,-3,"49,7284","3,402823466385289e+38","3,9063"
2026 02 19 09:31:45:521,-3.9675,-6.78875,"0,28",11,0,0,-3,"49,7284","3,402823466385289e+38",0
2026 02 19 09:31:45:523,-3.9334,-6.87625,"0,28",11,0,0,-3,"49,7284","3,402823466385289e+38","19,5313"
2026 02 19 09:31:45:525,-3.9334,-6.78875,"0,28",11,0,0,-3,"49,7284","3,402823466385289e+38","7,8125"
2026 02 19 09:31:45:527,-3.9675,-6.70125,"0,28",11,0,0,-3,"49,7284","3,402823466385289e+38","-3,9062"
2026 02 19 09:31:45:529,-3.9675,-6.78875,"0,28",11,0,0,-3,"49,7284","3,402823466385289e+38","-27,3437"
2026 02 19 09:31:45:531,-3.9675,-6.70125,"0,28",11,0,0,-3,"49,7284","3,402823466385289e+38",0
2026 02 19 09:31:45:533,-3.9675,-6.87625,"0,28",11,0,0,-3,"49,7284","3,402823466385289e+38","-3,9062"
2026 02 19 09:31:45:535,-3.9985,-6.78875,"0,28",11,0,0,-3,"49,7284","3,402823466385289e+38",0
2026 02 19 09:31:45:537,-3.9675,-6.87625,"0,28",11,0,0,-3,"49,7284","3,402823466385289e+38",0
2026 02 19 09:31:45:539,-3.9675,-6.78875,"0,28",11,0,0,-3,"49,7284","3,402823466385289e+38","3,9063"
2026 02 19 09:31:45:541,-3.9675,-6.78875,"0,28",11,0,0,-3,"49,7284","3,402823466385289e+38","-3,9062"
2026 02 19 09:31:45:543,-3.9675,-6.78875,"0,28",11,0,0,-3,"49,7284","3,402823466385289e+38","27,3438"
2026 02 19 09:31:45:545,-3.9334,-6.87625,"0,28",11,0,0,-3,"49,7284","3,402823466385289e+38","7,8125"
2026 02 19 09:31:45:547,-3.9985,-6.78875,"0,28",11,0,0,-3,"49,7284","3,402823466385289e+38",0
2026 02 19 09:31:45:549,-3.9675,-6.87625,"0,28",11,0,0,-3,"49,7284","3,402823466385289e+38","-27,3437"
2026 02 19 09:31:45:551,-3.9334,-6.87625,"0,28",11,0,0,-3,"49,7284","3,402823466385289e+38","-15,625"
2026 02 19 09:31:45:553,-3.9334,-6.78875,"0,28",11,0,0,-3,"49,7284","3,402823466385289e+38",0
2026 02 19 09:31:45:555,-3.9675,-6.78875,"0,28",11,0,0,-3,"49,7284","3,402823466385289e+38",0
2026 02 19 09:31:45:557,-3.9675,-6.87625,"0,28",11,0,0,-3,"49,7284","3,402823466385289e+38",0
2026 02 19 09:31:45:559,-3.9985,-6.78875,"0,28",11,0,0,-3,"49,7284","3,402823466385289e+38","3,9063"
2026 02 19 09:31:45:561,-3.9334,-6.87625,"0,28",11,0,0,-3,"49,7284","3,402823466385289e+38",0
2026 02 19 09:31:45:563,-3.9334,-6.78875,"0,28",11,0,0,-3,"49,7284","3,402823466385289e+38","23,4375"
2026 02 19 09:31:45:565,-3.9675,-6.70125,"0,28",11,0,0,-3,"49,7284","3,402823466385289e+38","11,7188"
2026 02 19 09:31:45:567,-3.9675,-6.87625,"0,28",11,0,0,-3,"49,7284","3,402823466385289e+38","-3,9062"
2026 02 19 09:31:45:569,-3.9985,-6.78875,"0,28",11,0,0,-3,"49,7284","3,402823466385289e+38","-23,4375"
2026 02 19 09:31:45:571,-3.9675,-6.87625,"0,28",11,0,0,-3,"49,7284","3,402823466385289e+38","-11,7187"
2026 02 19 09:31:45:573,-3.9675,-6.78875,"0,28",11,0,0,-3,"49,7284","3,402823466385289e+38","-3,9062"
2026 02 19 09:31:45:575,-3.9675,-6.78875,"0,28",11,0,0,-3,"49,7284","3,402823466385289e+38",0
2026 02 19 09:31:45:577,-3.9675,-6.78875,"0,28",11,0,0,-3,"49,7284","3,402823466385289e+38",0
2026 02 19 09:31:45:579,-3.9675,-6.78875,"0,28",11,0,0,-3,"49,7284","3,402823466385289e+38","-3,9062"
2026 02 19 09:31:45:581,-3.9675,-6.78875,"0,28",11,0,0,-3,"49,7284","3,402823466385289e+38","-3,9062"
2026 02 19 09:31:45:583,-3.9334,-6.87625,"0,28",11,0,0,-3,"49,7284","3,402823466385289e+38","31,25"
2026 02 19 09:31:45:585,-3.9985,-6.78875,"0,28",11,0,0,-3,"49,7284","3,402823466385289e+38","7,8125"
2026 02 19 09:31:45:587,-3.9675,-6.70125,"0,28",11,0,0,-3,"49,7284","3,402823466385289e+38","-3,9062"
2026 02 19 09:31:45:589,-3.9675,-6.78875,"0,28",11,0,0,-3,"49,7284","3,402823466385289e+38","-23,4375"
2026 02 19 09:31:45:591,-3.9985,-6.78875,"0,28",11,0,0,-3,"49,7284","3,402823466385289e+38","-15,625"
2026 02 19 09:31:45:593,-3.9675,-6.87625,"0,28",11,0,0,-3,"49,7284","3,402823466385289e+38",0
2026 02 19 09:31:45:595,-3.9675,-6.78875,"0,28",11,0,0,-3,"49,7284","3,402823466385289e+38",0
2026 02 19 09:31:45:597,-3.9334,-6.87625,"0,28",11,0,0,-3,"49,7284","3,402823466385289e+38","-3,9062"
2026 02 19 09:31:45:599,-3.9675,-6.78875,"0,28",11,0,0,-3,"49,7284","3,402823466385289e+38",0
2026 02 19 09:31:45:601,-3.9334,-6.87625,"0,28",11,0,0,-3,"49,7284","3,402823466385289e+38",0
2026 02 19 09:31:45:603,-3.9675,-6.87625,"0,28",11,0,0,-3,"49,7284","3,402823466385289e+38","23,4375"
2026 02 19 09:31:45:605,-3.9985,-6.87625,"0,28",11,0,0,-3,"49,7284","3,402823466385289e+38","11,7188"
2026 02 19 09:31:45:607,-3.9675,-6.87625,"0,28",11,0,0,-3,"49,7284","3,402823466385289e+38","-3,9062"
2026 02 19 09:31:45:609,-3.9675,-6.78875,"0,28",11,0,0,-3,"49,7284","3,402823466385289e+38","-23,4375"
2026 02 19 09:31:45:611,-3.9675,-6.87625,"0,28",11,0,0,-3,"49,7284","3,402823466385289e+38","-7,8125"
2026 02 19 09:31:45:613,-3.9985,-6.78875,"0,28",11,0,0,-3,"49,7284","3,402823466385289e+38",0
2026 02 19 09:31:45:615,-3.9675,-6.78875,"0,28",11,0,0,-3,"49,7284","3,402823466385289e+38","3,9063"
2026 02 19 09:31:45:617,-3.9675,-6.78875,"0,28",11,0,0,-3,"49,7284","3,402823466385289e+38",0
2026 02 19 09:31:45:619,-3.9985,-6.78875,"0,28",11,0,0,-3,"49,7284","3,402823466385289e+38",0
2026 02 19 09:31:45:621,-3.9675,-6.78875,"0,28",11,0,0,-3,"49,7284","3,402823466385289e+38","-3,9062"
2026 02 19 09:31:45:623,-3.9675,-6.78875,"0,28",11,0,0,-3,"49,7284","3,402823466385289e+38","31,25"
2026 02 19 09:31:45:625,-3.9675,-6.78875,"0,28",11,0,0,-3,"49,7284","3,402823466385289e+38","11,7188"
2026 02 19 09:31:45:627,-3.9334,-6.87625,"0,28",11,0,0,-3,"49,7284","3,402823466385289e+38",0
2026 02 19 09:31:45:629,-3.9675,-6.78875,"0,28",11,0,0,-3,"49,7284","3,402823466385289e+38","-23,4375"
2026 02 19 09:31:45:631,-3.9985,-6.70125,"0,28",11,0,0,-3,"49,7284","3,402823466385289e+38","-11,7187"
2026 02 19 09:31:45:633,-3.9675,-6.78875,"0,28",11,0,0,-3,"49,7284","3,402823466385289e+38",0
2026 02 19 09:31:45:635,-3.9675,-6.78875,"0,28",11,0,0,-3,"49,7284","3,402823466385289e+38","3,9063"
2026 02 19 09:31:45:637,-3.9985,-6.78875,"0,28",11,0,0,-3,"49,7284","3,402823466385289e+38",0
2026 02 19 09:31:45:639,-3.9675,-6.78875,"0,28",11,0,0,-3,"49,7284","3,402823466385289e+38",0
2026 02 19 09:31:45:641,-3.9675,-6.78875,"0,28",11,0,0,-3,"49,7284","3,402823466385289e+38",0
2026 02 19 09:31:45:643,-3.9675,-6.78875,"0,28",11,0,0,-3,"49,7284","3,402823466385289e+38","27,3438"
2026 02 19 09:31:45:645,-3.9675,-6.78875,"0,28",11,0,0,-3,"49,7284","3,402823466385289e+38","7,8125"
2026 02 19 09:31:45:647,-3.9985,-6.87625,"0,28",11,0,0,-3,"49,7284","3,402823466385289e+38","-3,9062"
2026 02 19 09:31:45:649,-3.9675,-6.78875,"0,28",11,0,0,-3,"49,7284","3,402823466385289e+38","-23,4375"
2026 02 19 09:31:45:651,-3.9334,-6.78875,"0,28",11,0,0,-3,"49,7284","3,402823466385289e+38","-11,7187"
2026 02 19 09:31:45:653,-3.9675,-6.78875,"0,28",11,0,0,-3,"49,7284","3,402823466385289e+38","3,9063"
2026 02 19 09:31:45:655,-3.9675,-6.87625,"0,28",11,0,0,-3,"49,7284","3,402823466385289e+38",0
2026 02 19 09:31:45:657,-3.9334,-6.78875,"0,28",11,0,0,-3,"49,7284","3,402823466385289e+38",0
2026 02 19 09:31:45:659,-3.9675,-6.87625,"0,28",11,0,0,-3,"49,7284","3,402823466385289e+38",0
2026 02 19 09:31:45:661,-3.9985,-6.78875,"0,28",11,0,0,-3,"49,7284","3,402823466385289e+38","3,9063"
2026 02 19 09:31:45:663,-3.9675,-6.87625,"0,28",11,0,0,-3,"49,7284","3,402823466385289e+38","31,25"
2026 02 19 09:31:45:665,-3.9675,-6.78875,"0,28",11,0,0,-3,"49,7284","3,402823466385289e+38","11,7188"
2026 02 19 09:31:45:667,-3.9675,-6.78875,"0,28",11,0,0,-3,"49,7284","3,402823466385289e+38","-3,9062"
2026 02 19 09:31:45:669,-3.9334,-6.78875,"0,28",11,0,0,-3,"49,7284","3,402823466385289e+38","-19,5312"
2026 02 19 09:31:45:671,-3.9675,-6.78875,"0,28",11,0,0,-3,"49,7284","3,402823466385289e+38","-3,9062"
2026 02 19 09:31:45:673,-3.9675,-6.87625,"0,28",11,0,0,-3,"49,7284","3,402823466385289e+38",0
2026 02 19 09:31:45:675,-3.9675,-6.87625,"0,28",11,0,0,-3,"49,7284","3,402823466385289e+38",0
2026 02 19 09:31:45:677,-3.9334,-6.78875,"0,28",11,0,0,-3,"49,7284","3,402823466385289e+38",0
2026 02 19 09:31:45:679,-3.9675,-6.78875,"0,28",11,0,0,-3,"49,7284","3,402823466385289e+38","3,9063"
2026 02 19 09:31:45:681,-3.9675,-6.78875,"0,28",11,0,0,-3,"49,7284","3,402823466385289e+38",0
2026 02 19 09:31:45:683,-3.9985,-6.87625,"0,28",11,0,0,-3,"49,7284","3,402823466385289e+38","27,3438"
2026 02 19 09:31:45:685,-3.9334,-6.78875,"0,28",11,0,0,-3,"49,7284","3,402823466385289e+38","11,7188"
2026 02 19 09:31:45:687,-3.9334,-6.78875,"0,28",11,0,0,-3,"49,7284","3,402823466385289e+38",0
2026 02 19 09:31:45:689,-3.9675,-6.70125,"0,28",11,0,0,-3,"49,7284","3,402823466385289e+38","-23,4375"
2026 02 19 09:31:45:691,-3.9675,-6.78875,"0,28",11,0,0,-3,"50,7507","3,402823466385289e+38","-7,8125"
2026 02 19 09:31:45:693,-3.9985,-6.78875,"0,28",11,0,0,-3,"50,7507","3,402823466385289e+38",0
2026 02 19 09:31:45:695,-3.9675,-6.87625,"0,28",11,0,0,-3,"50,7507","3,402823466385289e+38",0
2026 02 19 09:31:45:697,-3.9675,-6.70125,"0,28",11,0,0,-3,"50,7507","3,402823466385289e+38",0
2026 02 19 09:31:45:699,-3.9675,-6.87625,"0,28",11,0,0,-3,"50,7507","3,402823466385289e+38","3,9063"
2026 02 19 09:31:45:701,-3.9675,-6.87625,"0,28",11,0,0,-3,"50,7507","3,402823466385289e+38",0
2026 02 19 09:31:45:703,-3.9675,-6.87625,"0,28",11,0,0,-3,"50,7507","3,402823466385289e+38","31,25"
2026 02 19 09:31:45:705,-3.9675,-6.87625,"0,28",11,0,0,-3,"50,7507","3,402823466385289e+38","11,7188"
2026 02 19 09:31:45:707,-3.9675,-6.78875,"0,28",11,0,0,-3,"50,7507","3,402823466385289e+38",0
2026 02 19 09:31:45:709,-3.9675,-6.78875,"0,28",11,0,0,-3,"50,7507","3,402823466385289e+38","-19,5312"
2026 02 19 09:31:45:711,-3.9985,-6.78875,"0,28",11,0,0,-3,"50,7507","3,402823466385289e+38","-7,8125"
2026 02 19 09:31:45:713,-3.9675,-6.78875,"0,28",11,0,0,-3,"50,7507","3,402823466385289e+38",0
2026 02 19 09:31:45:715,-3.9675,-6.78875,"0,28",11,0,0,-3,"50,7507","3,402823466385289e+38",0
2026 02 19 09:31:45:717,-3.9675,-6.78875,"0,28",11,0,0,-3,"50,7507","3,402823466385289e+38",0
2026 02 19 09:31:45:719,-3.9675,-6.78875,"0,28",11,0,0,-3,"50,7507","3,402823466385289e+38","3,9063"
2026 02 19 09:31:45:721,-3.9675,-6.78875,"0,28",11,0,0,-3,"50,7507","3,402823466385289e+38",0
2026 02 19 09:31:45:723,-3.9334,-6.78875,"0,28",11,0,0,-3,"50,7507","3,402823466385289e+38","27,3438"
2026 02 19 09:31:45:725,-3.9675,-6.78875,"0,28",11,0,0,-3,"50,7507","3,402823466385289e+38","11,7188"
2026 02 19 09:31:45:727,-3.9675,-6.78875,"0,28",11,0,0,-3,"50,7507","3,402823466385289e+38","-3,9062"
2026 02 19 09:31:45:729,-3.9985,-6.78875,"0,28",11,0,0,-3,"50,7507","3,402823466385289e+38","-23,4375"
2026 02 19 09:31:45:731,-3.9675,-6.78875,"0,28",11,0,0,-3,"50,7507","3,402823466385289e+38","-7,8125"
2026 02 19 09:31:45:733,-3.9675,-6.70125,"0,28",11,0,0,-3,"50,7507","3,402823466385289e+38",0
2026 02 19 09:31:45:735,-3.9985,-6.78875,"0,28",11,0,0,-3,"50,7507","3,402823466385289e+38","3,9063"
2026 02 19 09:31:45:737,-3.9675,-6.78875,"0,28",11,0,0,-3,"50,7507","3,402823466385289e+38",0
2026 02 19 09:31:45:739,-3.9985,-6.87625,"0,28",11,0,0,-3,"50,7507","3,402823466385289e+38",0
2026 02 19 09:31:45:741,-3.9675,-6.78875,"0,28",11,0,0,-3,"50,7507","3,402823466385289e+38","3,9063"
2026 02 19 09:31:45:743,-3.9985,-6.78875,"0,28",11,0,0,-3,"50,7507","3,402823466385289e+38","31,25"
2026 02 19 09:31:45:745,-3.9675,-6.87625,"0,28",11,0,0,-3,"50,7507","3,402823466385289e+38","7,8125"
2026 02 19 09:31:45:747,-3.9334,-6.87625,"0,28",11,0,0,-3,"50,7507","3,402823466385289e+38",0
2026 02 19 09:31:45:749,-3.9675,-6.87625,"0,28",11,0,0,-3,"50,7507","3,402823466385289e+38","-23,4375"
2026 02 19 09:31:45:751,-3.9675,-6.78875,"0,28",11,0,0,-3,"50,7507","3,402823466385289e+38","-11,7187"
2026 02 19 09:31:45:753,-3.9985,-6.78875,"0,28",11,0,0,-3,"50,7507","3,402823466385289e+38",0
2026 02 19 09:31:45:755,-3.9675,-6.87625,"0,28",11,0,0,-3,"50,7507","3,402823466385289e+38",0
2026 02 19 09:31:45:757,-3.9334,-6.78875,"0,28",11,0,0,-3,"50,7507","3,402823466385289e+38",0
2026 02 19 09:31:45:759,-3.9675,-6.78875,"0,28",11,0,0,-3,"50,7507","3,402823466385289e+38",0
2026 02 19 09:31:45:761,-3.9675,-6.78875,"0,28",11,0,0,-3,"50,7507","3,402823466385289e+38",0
2026 02 19 09:31:45:763,-3.9675,-6.70125,"0,28",11,0,0,-3,"50,7507","3,402823466385289e+38","27,3438"
2026 02 19 09:31:45:765,-3.9675,-6.78875,"0,28",11,0,0,-3,"50,7507","3,402823466385289e+38","7,8125"
2026 02 19 09:31:45:767,-3.9675,-6.78875,"0,28",11,0,0,-3,"50,7507","3,402823466385289e+38","-7,8125"
2026 02 19 09:31:45:769,-3.9985,-6.87625,"0,28",11,0,0,-3,"50,7507","3,402823466385289e+38","-23,4375"
2026 02 19 09:31:45:771,-3.9675,-6.78875,"0,28",11,0,0,-3,"50,7507","3,402823466385289e+38","-7,8125"
2026 02 19 09:31:45:773,-3.9985,-6.78875,"0,28",11,0,0,-3,"50,7507","3,402823466385289e+38",0
2026 02 19 09:31:45:775,-3.9675,-6.87625,"0,28",11,0,0,-3,"50,7507","3,402823466385289e+38",0
2026 02 19 09:31:45:777,-3.9675,-6.78875,"0,28",11,0,0,-3,"50,7507","3,402823466385289e+38",0
2026 02 19 09:31:45:779,-3.9675,-6.78875,"0,28",11,0,0,-3,"50,7507","3,402823466385289e+38",0
2026 02 19 09:31:45:781,-3.9985,-6.87625,"0,28",11,0,0,-3,"50,7507","3,402823466385289e+38",0
2026 02 19 09:31:45:783,-3.9675,-6.70125,"0,28",11,0,0,-3,"50,7507","3,402823466385289e+38","31,25"
2026 02 19 09:31:45:785,-3.9334,-6.78875,"0,28",11,0,0,-3,"50,7507","3,402823466385289e+38","7,8125"
2026 02 19 09:31:45:787,-3.9675,-6.70125,"0,28",11,0,0,-3,"50,7507","3,402823466385289e+38",0
2026 02 19 09:31:45:789,-3.9985,-6.78875,"0,28",11,0,0,-3,"50,7507","3,402823466385289e+38","-23,4375"
2026 02 19 09:31:45:791,-3.9334,-6.87625,"0,28",11,0,0,-3,"50,7507","3,402823466385289e+38","-3,9062"
2026 02 19 09:31:45:793,-3.9675,-6.78875,"0,28",11,0,0,-3,"50,7507","3,402823466385289e+38",0
2026 02 19 09:31:45:795,-3.9985,-6.78875,"0,28",11,0,0,-3,"50,7507","3,402823466385289e+38",0
2026 02 19 09:31:45:797,-3.9675,-6.87625,"0,28",11,0,0,-3,"50,7507","3,402823466385289e+38","3,9063"
2026 02 19 09:31:45:799,-3.9675,-6.87625,"0,28",11,0,0,-3,"50,7507","3,402823466385289e+38",0
2026 02 19 09:31:45:801,-3.9675,-6.78875,"0,28",11,0,0,-3,"50,7507","3,402823466385289e+38",0
2026 02 19 09:31:45:803,-3.9675,-6.87625,"0,28",11,0,0,-3,"50,7507","3,402823466385289e+38","31,25"
2026 02 19 09:31:45:805,-3.9675,-6.78875,"0,28",11,0,0,-3,"50,7507","3,402823466385289e+38","11,7188"
2026 02 19 09:31:45:807,-3.9675,-6.87625,"0,28",11,0,0,-3,"50,7507","3,402823466385289e+38","-3,9062"
2026 02 19 09:31:45:809,-3.9675,-6.78875,"0,28",11,0,0,-3,"50,7507","3,402823466385289e+38","-23,4375"
2026 02 19 09:31:45:811,-3.9675,-6.78875,"0,28",11,0,0,-3,"50,7507","3,402823466385289e+38","-7,8125"
2026 02 19 09:31:45:813,-3.9985,-6.78875,"0,28",11,0,0,-3,"50,7507","3,402823466385289e+38",0
2026 02 19 09:31:45:815,-3.9675,-6.78875,"0,28",11,0,0,-3,"50,7507","3,402823466385289e+38",0
2026 02 19 09:31:45:817,-3.9675,-6.78875,"0,28",11,0,0,-3,"50,7507","3,402823466385289e+38",0
2026 02 19 09:31:45:819,-3.9675,-6.78875,"0,28",11,0,0,-3,"50,7507","3,402823466385289e+38",0
2026 02 19 09:31:45:821,-3.9675,-6.87625,"0,28",11,0,0,-3,"50,7507","3,402823466385289e+38",0
2026 02 19 09:31:45:823,-3.9675,-6.78875,"0,28",11,0,0,-3,"50,7507","3,402823466385289e+38","31,25"
2026 02 19 09:31:45:825,-3.9675,-6.78875,"0,28",11,0,0,-3,"50,7507","3,402823466385289e+38","7,8125"
2026 02 19 09:31:45:827,-3.9334,-6.78875,"0,28",11,0,0,-3,"50,7507","3,402823466385289e+38",0
2026 02 19 09:31:45:829,-3.9675,-6.78875,"0,28",11,0,0,-3,"50,7507","3,402823466385289e+38","-23,4375"
2026 02 19 09:31:45:831,-3.9675,-6.87625,"0,28",11,0,0,-3,"50,7507","3,402823466385289e+38","-3,9062"
2026 02 19 09:31:45:833,-3.9675,-6.78875,"0,28",11,0,0,-3,"50,7507","3,402823466385289e+38",0
2026 02 19 09:31:45:835,-3.9675,-6.87625,"0,28",11,0,0,-3,"50,7507","3,402823466385289e+38",0
2026 02 19 09:31:45:837,-3.9675,-6.78875,"0,28",11,0,0,-3,"50,7507","3,402823466385289e+38",0
2026 02 19 09:31:45:839,-3.9675,-6.87625,"0,28",11,0,0,-3,"50,7507","3,402823466385289e+38",0
2026 02 19 09:31:45:841,-3.9985,-6.87625,"0,28",11,0,0,-3,"50,7507","3,402823466385289e+38",0
2026 02 19 09:31:45:843,-3.9675,-6.87625,"0,28",11,0,0,-3,"50,7507","3,402823466385289e+38","27,3438"
2026 02 19 09:31:45:845,-3.9334,-6.87625,"0,28",11,0,0,-3,"50,7507","3,402823466385289e+38","7,8125"
2026 02 19 09:31:45:847,-3.9675,-6.78875,"0,28",11,0,0,-3,"50,7507","3,402823466385289e+38",0
2026 02 19 09:31:45:849,-3.9675,-6.87625,"0,28",11,0,0,-3,"50,7507","3,402823466385289e+38","-23,4375"
2026 02 19 09:31:45:851,-3.9675,-6.87625,"0,28",11,0,0,-3,"50,7507","3,402823466385289e+38","-11,7187"
2026 02 19 09:31:45:853,-3.9334,-6.87625,"0,28",11,0,0,-3,"50,7507","3,402823466385289e+38",0
2026 02 19 09:31:45:855,-3.9675,-6.78875,"0,28",11,0,0,-3,"50,7507","3,402823466385289e+38",0
2026 02 19 09:31:45:857,-3.9675,-6.87625,"0,28",11,0,0,-3,"50,7507","3,402823466385289e+38",0
2026 02 19 09:31:45:859,-3.9675,-6.78875,"0,28",11,0,0,-3,"50,7507","3,402823466385289e+38",0
2026 02 19 09:31:45:861,-3.9675,-6.78875,"0,28",11,0,0,-3,"50,7507","3,402823466385289e+38",0
2026 02 19 09:31:45:863,-3.9675,-6.78875,"0,28",11,0,0,-3,"50,7507","3,402823466385289e+38","35,1563"
2026 02 19 09:31:45:865,-3.9675,-6.78875,"0,28",11,0,0,-3,"50,7507","3,402823466385289e+38","7,8125"
2026 02 19 09:31:45:867,-3.9675,-6.87625,"0,28",11,0,0,-3,"50,7507","3,402823466385289e+38",0
2026 02 19 09:31:45:869,-3.9334,-6.78875,"0,28",11,0,0,-3,"50,7507","3,402823466385289e+38","-23,4375"
2026 02 19 09:31:45:871,-3.9675,-6.78875,"0,28",11,0,0,-3,"50,7507","3,402823466385289e+38","-7,8125"
2026 02 19 09:31:45:873,-3.9675,-6.70125,"0,28",11,0,0,-3,"50,7507","3,402823466385289e+38","-3,9062"
2026 02 19 09:31:45:875,-3.9675,-6.78875,"0,28",11,0,0,-3,"50,7507","3,402823466385289e+38","3,9063"
2026 02 19 09:31:45:877,-3.9985,-6.78875,"0,28",11,0,0,-3,"50,7507","3,402823466385289e+38",0
2026 02 19 09:31:45:879,-3.9985,-6.78875,"0,28",11,0,0,-3,"50,7507","3,402823466385289e+38",0
2026 02 19 09:31:45:881,-3.9675,-6.87625,"0,28",11,0,0,-3,"50,7507","3,402823466385289e+38",0
2026 02 19 09:31:45:883,-3.9985,-6.78875,"0,28",11,0,0,-3,"50,7507","3,402823466385289e+38","31,25"
2026 02 19 09:31:45:885,-3.9675,-6.78875,"0,28",11,0,0,-3,"50,7507","3,402823466385289e+38","11,7188"
2026 02 19 09:31:45:887,-3.9675,-6.78875,"0,28",11,0,0,-3,"50,7507","3,402823466385289e+38",0
2026 02 19 09:31:45:889,-3.9675,-6.87625,"0,28",11,0,0,-3,"50,7507","3,402823466385289e+38","-23,4375"
2026 02 19 09:31:45:891,-3.9675,-6.87625,"0,28",11,0,0,-3,"50,7507","3,402823466385289e+38","-7,8125"
2026 02 19 09:31:45:893,-3.9334,-6.78875,"0,28",11,0,0,-3,"50,7507","3,402823466385289e+38",0
2026 02 19 09:31:45:895,-3.9675,-6.87625,"0,28",11,0,0,-3,"50,7507","3,402823466385289e+38","3,9063"
2026 02 19 09:31:45:897,-3.9985,-6.78875,"0,28",11,0,0,-3,"50,7507","3,402823466385289e+38",0
2026 02 19 09:31:45:899,-3.9675,-6.78875,"0,28",11,0,0,-3,"50,7507","3,402823466385289e+38",0
2026 02 19 09:31:45:901,-3.9675,-6.78875,"0,28",11,0,0,-3,"50,7507","3,402823466385289e+38",0
2026 02 19 09:31:45:903,-3.9675,-6.87625,"0,28",11,0,0,-3,"50,7507","3,402823466385289e+38","31,25"
2026 02 19 09:31:45:905,-3.9675,-6.78875,"0,28",11,0,0,-3,"50,7507","3,402823466385289e+38","7,8125"
2026 02 19 09:31:45:907,-3.9675,-6.78875,"0,28",11,0,0,-3,"50,7507","3,402823466385289e+38","-3,9062"
2026 02 19 09:31:45:909,-3.9675,-6.78875,"0,28",11,0,0,-3,"50,7507","3,402823466385289e+38","-15,625"
2026 02 19 09:31:45:911,-3.9675,-6.78875,"0,28",11,0,0,-3,"50,7507","3,402823466385289e+38","-3,9062"
2026 02 19 09:31:45:913,-3.9675,-6.78875,"0,28",11,0,0,-3,"50,7507","3,402823466385289e+38",0
2026 02 19 09:31:45:915,-3.9675,-6.78875,"0,28",11,0,0,-3,"50,7507","3,402823466385289e+38","3,9063"
2026 02 19 09:31:45:917,-3.9675,-6.78875,"0,28",11,0,0,-3,"50,7507","3,402823466385289e+38",0
2026 02 19 09:31:45:919,-3.9334,-6.78875,"0,28",11,0,0,-3,"50,7507","3,402823466385289e+38",0
2026 02 19 09:31:45:921,-3.9675,-6.87625,"0,28",11,0,0,-3,"50,7507","3,402823466385289e+38",0
2026 02 19 09:31:45:923,-3.9675,-6.78875,"0,28",11,0,0,-3,"50,7507","3,402823466385289e+38","27,3438"
2026 02 19 09:31:45:925,-3.9675,-6.70125,"0,28",11,0,0,-3,"50,7507","3,402823466385289e+38","11,7188"
2026 02 19 09:31:45:927,-3.9675,-6.78875,"0,28",11,0,0,-3,"50,7507","3,402823466385289e+38",0
2026 02 19 09:31:45:929,-3.9675,-6.78875,"0,28",11,0,0,-3,"50,7507","3,402823466385289e+38","-19,5312"
2026 02 19 09:31:45:931,-3.9675,-6.78875,"0,28",11,0,0,-3,"50,7507","3,402823466385289e+38","-11,7187"
2026 02 19 09:31:45:933,-3.9675,-6.87625,"0,28",11,0,0,-3,"50,7507","3,402823466385289e+38",0
2026 02 19 09:31:45:935,-3.9675,-6.87625,"0,28",11,0,0,-3,"50,7507","3,402823466385289e+38",0
2026 02 19 09:31:45:937,-3.9675,-6.78875,"0,28",11,0,0,-3,"50,7507","3,402823466385289e+38",0
2026 02 19 09:31:45:939,-3.9675,-6.87625,"0,28",11,0,0,-3,"50,7507","3,402823466385289e+38",0
2026 02 19 09:31:45:941,-3.9675,-6.87625,"0,28",11,0,0,-3,"50,7507","3,402823466385289e+38",0
2026 02 19 09:31:45:943,-3.9675,-6.87625,"0,28",11,0,0,-3,"50,7507","3,402823466385289e+38","35,1563"
2026 02 19 09:31:45:945,-3.9985,-6.87625,"0,28",11,0,0,-3,"50,7507","3,402823466385289e+38","11,7188"
2026 02 19 09:31:45:947,-3.9675,-6.87625,"0,28",11,0,0,-3,"50,7507","3,402823466385289e+38",0
2026 02 19 09:31:45:949,-3.9675,-6.87625,"0,28",11,0,0,-3,"50,7507","3,402823466385289e+38","-15,625"
2026 02 19 09:31:45:951,-3.9675,-6.87625,"0,28",11,0,0,-3,"50,7507","3,402823466385289e+38","-3,9062"
2026 02 19 09:31:45:953,-3.9985,-6.70125,"0,28",11,0,0,-3,"50,7507","3,402823466385289e+38",0
2026 02 19 09:31:45:955,-3.9675,-6.87625,"0,28",11,0,0,-3,"50,7507","3,402823466385289e+38","3,9063"
2026 02 19 09:31:45:957,-3.9675,-6.78875,"0,28",11,0,0,-3,"50,7507","3,402823466385289e+38",0
2026 02 19 09:31:45:959,-3.9675,-6.87625,"0,28",11,0,0,-3,"50,7507","3,402823466385289e+38","3,9063"
2026 02 19 09:31:45:961,-3.9675,-6.78875,"0,28",11,0,0,-3,"50,7507","3,402823466385289e+38",0
2026 02 19 09:31:45:963,-3.9675,-6.78875,"0,28",11,0,0,-3,"50,7507","3,402823466385289e+38","31,25"
2026 02 19 09:31:45:965,-3.9675,-6.87625,"0,28",11,0,0,-3,"50,7507","3,402823466385289e+38","11,7188"
2026 02 19 09:31:45:967,-3.9985,-6.78875,"0,28",11,0,0,-3,"50,7507","3,402823466385289e+38","-3,9062"
2026 02 19 09:31:45:969,-3.9675,-6.78875,"0,28",11,0,0,-3,"50,7507","3,402823466385289e+38","-15,625"
2026 02 19 09:31:45:971,-3.9675,-6.78875,"0,28",11,0,0,-3,"50,7507","3,402823466385289e+38","-3,9062"
2026 02 19 09:31:45:973,-3.9675,-6.87625,"0,28",11,0,0,-3,"50,7507","3,402823466385289e+38",0
2026 02 19 09:31:45:975,-3.9675,-6.78875,"0,28",11,0,0,-3,"50,7507","3,402823466385289e+38",0
2026 02 19 09:31:45:977,-3.9334,-6.78875,"0,28",11,0,0,-3,"50,7507","3,402823466385289e+38",0
2026 02 19 09:31:45:979,-3.9675,-6.78875,"0,28",11,0,0,-3,"50,7507","3,402823466385289e+38",0
2026 02 19 09:31:45:981,-3.9985,-6.78875,"0,28",11,0,0,-3,"50,7507","3,402823466385289e+38","-3,9062"
2026 02 19 09:31:45:983,-3.9675,-6.78875,"0,28",11,0,0,-3,"50,7507","3,402823466385289e+38","35,1563"
2026 02 19 09:31:45:985,-3.9985,-6.78875,"0,28",11,0,0,-3,"50,7507","3,402823466385289e+38","7,8125"
2026 02 19 09:31:45:987,-3.9675,-6.78875,"0,28",11,0,0,-3,"50,7507","3,402823466385289e+38",0
2026 02 19 09:31:45:989,-3.9675,-6.78875,"0,28",11,0,0,-3,"51,1017","3,402823466385289e+38","-19,5312"
2026 02 19 09:31:45:991,-3.9675,-6.70125,"0,28",11,0,0,-3,"51,1017","3,402823466385289e+38","-3,9062"
2026 02 19 09:31:45:993,-3.9985,-6.78875,"0,28",11,0,0,-3,"51,1017","3,402823466385289e+38","-3,9062"
2026 02 19 09:31:45:995,-3.9675,-6.78875,"0,28",11,0,0,-3,"51,1017","3,402823466385289e+38",0
2026 02 19 09:31:45:997,-3.9334,-6.78875,"0,28",11,0,0,-3,"51,1017","3,402823466385289e+38","3,9063"
2026 02 19 09:31:45:999,-3.9675,-6.87625,"0,28",11,0,0,-3,"51,1017","3,402823466385289e+38","3,9063"
2026 02 19 09:31:46:001,-3.9675,-6.87625,"0,28",11,0,0,-3,"51,1017","3,402823466385289e+38",0
2026 02 19 09:31:46:003,-3.9675,-6.87625,"0,28",11,0,0,-3,"51,1017","3,402823466385289e+38","31,25"
2026 02 19 09:31:46:005,-3.9675,-6.78875,"0,28",11,0,0,-3,"51,1017","3,402823466385289e+38","11,7188"
2026 02 19 09:31:46:007,-3.9675,-6.87625,"0,28",11,0,0,-3,"51,1017","3,402823466385289e+38",0
2026 02 19 09:31:46:009,-3.9675,-6.87625,"0,28",11,0,0,-3,"51,1017","3,402823466385289e+38","-19,5312"
2026 02 19 09:31:46:011,-3.9675,-6.78875,"0,28",11,0,0,-3,"51,1017","3,402823466385289e+38","-3,9062"
2026 02 19 09:31:46:013,-3.9675,-6.70125,"0,28",11,0,0,-3,"51,1017","3,402823466385289e+38",0
2026 02 19 09:31:46:015,-3.9675,-6.70125,"0,28",11,0,0,-3,"51,1017","3,402823466385289e+38",0
2026 02 19 09:31:46:017,-3.9985,-6.78875,"0,28",11,0,0,-3,"51,1017","3,402823466385289e+38","3,9063"
2026 02 19 09:31:46:019,-3.9675,-6.78875,"0,28",11,0,0,-3,"51,1017","3,402823466385289e+38",0
2026 02 19 09:31:46:021,-3.9675,-6.78875,"0,28",11,0,0,-3,"51,1017","3,402823466385289e+38",0
2026 02 19 09:31:46:023,-3.9675,-6.78875,"0,28",11,0,0,-3,"51,1017","3,402823466385289e+38","39,0625"
2026 02 19 09:31:46:025,-3.9334,-6.87625,"0,28",11,0,0,-3,"51,1017","3,402823466385289e+38","7,8125"
2026 02 19 09:31:46:027,-3.9675,-6.78875,"0,28",11,0,0,-3,"51,1017","3,402823466385289e+38",0
2026 02 19 09:31:46:029,-3.9675,-6.78875,"0,28",11,0,0,-3,"51,1017","3,402823466385289e+38","-15,625"
2026 02 19 09:31:46:031,-3.9675,-6.78875,"0,28",11,0,0,-3,"51,1017","3,402823466385289e+38","-3,9062"
2026 02 19 09:31:46:033,-3.9675,-6.78875,"0,28",11,0,0,-3,"51,1017","3,402823466385289e+38","3,9063"
2026 02 19 09:31:46:035,-3.9675,-6.87625,"0,28",11,0,0,-3,"51,1017","3,402823466385289e+38",0
2026 02 19 09:31:46:037,-3.9985,-6.78875,"0,28",11,0,0,-3,"51,1017","3,402823466385289e+38",0
2026 02 19 09:31:46:039,-3.9675,-6.78875,"0,28",11,0,0,-3,"51,1017","3,402823466385289e+38","3,9063"
